VIN,Total_Energy_kWh,Energy_per_Vehicle_kWh
MA1AB100000000001,12.88,12.88
MA1AB100000000002,2.58,2.58
MA1AB100000000003,28.12,28.12
MA1AB100000000004,7.28,7.28
MA1AB100000000005,23.4,23.4
MA1AB100000000006,4.86,4.86
MA1AB100000000007,11.28,11.28
MA1AB100000000008,20.88,20.88
MA1AB100000000009,24.02,24.02
MA1AB100000000010,22.02,22.02
MA1AB100000000011,13.6,13.6
MA1AB100000000012,27.54,27.54
MA1AB100000000013,8.120000000000001,8.120000000000001
MA1AB100000000014,24.759999999999998,24.759999999999998
MA1AB100000000015,26.0,26.0
MA1AB100000000016,31.82,31.82
MA1AB100000000017,23.18,23.18
MA1AB100000000018,0.0,0.0
MA1AB100000000019,3.8,3.8
MA1AB100000000020,0.0,0.0
MA1AB100000000021,24.32,24.32
MA1AB100000000022,6.9,6.9
MA1AB100000000023,24.02,24.02
MA1AB100000000024,38.96,38.96
MA1AB100000000025,19.84,19.84
MA1AB100000000026,43.54,43.54
MA1AB100000000027,74.02,74.02
MA1AB100000000028,30.759999999999998,30.759999999999998
MA1AB100000000029,5.92,5.92
MA1AB100000000030,14.84,14.84
MA1AB100000000031,14.46,14.46
MA1AB100000000032,0.0,0.0
MA1AB100000000033,12.18,12.18
MA1AB100000000034,15.64,15.64
MA1AB100000000035,15.86,15.86
MA1AB100000000036,0.0,0.0
MA1AB100000000037,58.86,58.86
MA1AB100000000038,35.519999999999996,35.519999999999996
MA1AB100000000039,19.12,19.12
MA1AB100000000040,26.92,26.92
MA1AB100000000041,6.52,6.52
MA1AB100000000042,0.0,0.0
MA1AB100000000043,2.32,2.32
MA1AB100000000044,10.8,10.8
MA1AB100000000045,36.64,36.64
MA1AB100000000046,28.82,28.82
MA1AB100000000047,24.54,24.54
MA1AB100000000048,27.0,27.0
MA1AB100000000049,29.44,29.44
MA1AB100000000050,0.0,0.0
MA1AB100000000051,3.02,3.02
MA1AB100000000052,9.879999999999999,9.879999999999999
MA1AB100000000053,2.99,2.99
MA1AB100000000054,0.0,0.0
MA1AB100000000055,3.76,3.76
MA1AB100000000056,5.82,5.82
MA1AB100000000057,0.0,0.0
MA1AB100000000058,5.06,5.06
MA1AB100000000059,2.2,2.2
MA1AB100000000060,11.81,11.81
MA1AB100000000061,0.0,0.0
MA1AB100000000062,9.43,9.43
MA1AB100000000063,11.33,11.33
MA1AB100000000064,6.95,6.95
MA1AB100000000065,7.5,7.5
MA1AB100000000066,13.04,13.04
MA1AB100000000067,0.0,0.0
MA1AB100000000068,5.73,5.73
MA1AB100000000069,6.51,6.51
MA1AB100000000070,6.74,6.74
MA1AB100000000071,0.0,0.0
MA1AB100000000072,4.58,4.58
MA1AB100000000073,6.49,6.49
MA1AB100000000074,6.63,6.63
MA1AB100000000075,15.280000000000001,15.280000000000001
MA1AB100000000076,0.68,0.68
MA1AB100000000077,5.56,5.56
MA1AB100000000078,11.22,11.22
MA1AB100000000079,0.0,0.0
MA1AB100000000080,7.68,7.68
MA1AB100000000081,14.280000000000001,14.280000000000001
MA1AB100000000082,13.18,13.18
MA1AB100000000083,7.78,7.78
MA1AB100000000084,1.29,1.29
MA1AB100000000085,6.55,6.55
MA1AB100000000086,22.759999999999998,22.759999999999998
MA1AB100000000087,9.31,9.31
MA1AB100000000088,5.41,5.41
MA1AB100000000089,0.0,0.0
MA1AB100000000090,2.24,2.24
MA1AB100000000091,3.52,3.52
MA1AB100000000092,6.48,6.48
MA1AB100000000093,14.95,14.95
MA1AB100000000094,19.11,19.11
MA1AB100000000095,3.4,3.4
MA1AB100000000096,2.13,2.13
MA1AB100000000097,21.01,21.01
MA1AB100000000098,10.07,10.07
MA1AB100000000099,6.1000000000000005,6.1000000000000005
MA1AB100000000100,0.0,0.0
MA1AB100000000101,11.149999999999999,11.149999999999999
MA1AB100000000102,14.68,14.68
MA1AB100000000103,15.6,15.6
MA1AB100000000104,1.54,1.54
MA1AB100000000105,0.0,0.0
MA1AB100000000106,2.99,2.99
MA1AB100000000107,22.88,22.88
MA1AB100000000108,4.2700000000000005,4.2700000000000005
MA1AB100000000109,0.0,0.0
MA1AB100000000110,5.7,5.7
MA1AB100000000111,0.0,0.0
MA1AB100000000112,20.54,20.54
MA1AB100000000113,8.629999999999999,8.629999999999999
MA1AB100000000114,16.27,16.27
MA1AB100000000115,10.49,10.49
MA1AB100000000116,4.13,4.13
MA1AB100000000117,2.05,2.05
MA1AB100000000118,1.42,1.42
MA1AB100000000119,0.0,0.0
MA1AB100000000120,3.3,3.3
MA1AB100000000121,8.89,8.89
MA1AB100000000122,9.98,9.98
MA1AB100000000123,9.61,9.61
MA1AB100000000124,19.85,19.85
MA1AB100000000125,3.49,3.49
MA1AB100000000126,4.58,4.58
MA1AB100000000127,7.02,7.02
MA1AB100000000128,21.61,21.61
MA1AB100000000129,5.91,5.91
MA1AB100000000130,8.530000000000001,8.530000000000001
MA1AB100000000131,0.63,0.63
MA1AB100000000132,2.44,2.44
MA1AB100000000133,23.55,23.55
MA1AB100000000134,7.65,7.65
MA1AB100000000135,9.91,9.91
MA1AB100000000136,5.62,5.62
MA1AB100000000137,8.290000000000001,8.290000000000001
MA1AB100000000138,1.56,1.56
MA1AB100000000139,11.379999999999999,11.379999999999999
MA1AB100000000140,9.129999999999999,9.129999999999999
MA1AB100000000141,0.0,0.0
MA1AB100000000142,0.0,0.0
MA1AB100000000143,4.81,4.81
MA1AB100000000144,6.32,6.32
MA1AB100000000145,4.73,4.73
MA1AB100000000146,10.68,10.68
MA1AB100000000147,9.96,9.96
MA1AB100000000148,13.07,13.07
MA1AB100000000149,6.2,6.2
MA1AB100000000150,2.28,2.28
MA1AB100000000151,13.82,13.82
MA1AB100000000152,8.51,8.51
MA1AB100000000153,15.259999999999998,15.259999999999998
MA1AB100000000154,13.81,13.81
MA1AB100000000155,0.0,0.0
MA1AB100000000156,15.17,15.17
MA1AB100000000157,0.0,0.0
MA1AB100000000158,22.92,22.92
MA1AB100000000159,30.349999999999998,30.349999999999998
MA1AB100000000160,0.0,0.0
MA1AB100000000161,6.12,6.12
MA1AB100000000162,0.0,0.0
MA1AB100000000163,13.41,13.41
MA1AB100000000164,10.5,10.5
MA1AB100000000165,7.819999999999999,7.819999999999999
MA1AB100000000166,20.490000000000002,20.490000000000002
MA1AB100000000167,6.89,6.89
MA1AB100000000168,0.59,0.59
MA1AB100000000169,4.06,4.06
MA1AB100000000170,6.04,6.04
MA1AB100000000171,11.41,11.41
MA1AB100000000172,5.23,5.23
MA1AB100000000173,1.97,1.97
MA1AB100000000174,3.41,3.41
MA1AB100000000175,14.559999999999999,14.559999999999999
MA1AB100000000176,6.569999999999999,6.569999999999999
MA1AB100000000177,11.969999999999999,11.969999999999999
MA1AB100000000178,1.41,1.41
MA1AB100000000179,0.0,0.0
MA1AB100000000180,10.11,10.11
MA1AB100000000181,9.059999999999999,9.059999999999999
MA1AB100000000182,12.21,12.21
MA1AB100000000183,5.93,5.93
MA1AB100000000184,0.0,0.0
MA1AB100000000185,7.0200000000000005,7.0200000000000005
MA1AB100000000186,12.57,12.57
MA1AB100000000187,2.69,2.69
MA1AB100000000188,4.03,4.03
MA1AB100000000189,9.16,9.16
MA1AB100000000190,9.07,9.07
MA1AB100000000191,1.55,1.55
MA1AB100000000192,14.39,14.39
MA1AB100000000193,13.35,13.35
MA1AB100000000194,7.98,7.98
MA1AB100000000195,11.03,11.03
MA1AB100000000196,10.3,10.3
MA1AB100000000197,17.3,17.3
MA1AB100000000198,15.01,15.01
MA1AB100000000199,7.46,7.46
MA1AB100000000200,11.48,11.48
MA1AB100000000201,21.7,21.7
MA1AB100000000202,11.9,11.9
MA1AB100000000203,2.2,2.2
MA1AB100000000204,11.11,11.11
MA1AB100000000205,15.34,15.34
MA1AB100000000206,0.66,0.66
MA1AB100000000207,7.31,7.31
MA1AB100000000208,18.39,18.39
MA1AB100000000209,1.93,1.93
MA1AB100000000210,5.24,5.24
MA1AB100000000211,16.32,16.32
MA1AB100000000212,7.98,7.98
MA1AB100000000213,0.76,0.76
MA1AB100000000214,12.45,12.45
MA1AB100000000215,10.57,10.57
MA1AB100000000216,7.66,7.66
MA1AB100000000217,0.0,0.0
MA1AB100000000218,16.48,16.48
MA1AB100000000219,15.25,15.25
MA1AB100000000220,0.0,0.0
MA1AB100000000221,14.0,14.0
MA1AB100000000222,6.68,6.68
MA1AB100000000223,21.04,21.04
MA1AB100000000224,2.36,2.36
MA1AB100000000225,13.67,13.67
MA1AB100000000226,0.0,0.0
MA1AB100000000227,0.0,0.0
MA1AB100000000228,11.91,11.91
MA1AB100000000229,0.0,0.0
MA1AB100000000230,10.53,10.53
MA1AB100000000231,6.56,6.56
MA1AB100000000232,16.37,16.37
MA1AB100000000233,12.95,12.95
MA1AB100000000234,0.0,0.0
MA1AB100000000235,5.14,5.14
MA1AB100000000236,8.629999999999999,8.629999999999999
MA1AB100000000237,0.0,0.0
MA1AB100000000238,0.0,0.0
MA1AB100000000239,10.620000000000001,10.620000000000001
MA1AB100000000240,7.81,7.81
MA1AB100000000241,1.94,1.94
MA1AB100000000242,9.27,9.27
MA1AB100000000243,5.0,5.0
MA1AB100000000244,21.95,21.95
MA1AB100000000245,2.77,2.77
MA1AB100000000246,15.17,15.17
MA1AB100000000247,13.62,13.62
MA1AB100000000248,9.08,9.08
MA1AB100000000249,0.0,0.0
MA1AB100000000250,5.96,5.96
MA1AB100000000251,13.4,13.4
MA1AB100000000252,7.75,7.75
MA1AB100000000253,3.87,3.87
MA1AB100000000254,8.290000000000001,8.290000000000001
MA1AB100000000255,10.870000000000001,10.870000000000001
MA1AB100000000256,12.83,12.83
MA1AB100000000257,0.0,0.0
MA1AB100000000258,6.33,6.33
MA1AB100000000259,5.76,5.76
MA1AB100000000260,26.04,26.04
MA1AB100000000261,7.91,7.91
MA1AB100000000262,11.440000000000001,11.440000000000001
MA1AB100000000263,4.859999999999999,4.859999999999999
MA1AB100000000264,2.8,2.8
MA1AB100000000265,7.97,7.97
MA1AB100000000266,17.25,17.25
MA1AB100000000267,4.07,4.07
MA1AB100000000268,4.03,4.03
MA1AB100000000269,1.2,1.2
MA1AB100000000270,2.92,2.92
MA1AB100000000271,5.5,5.5
MA1AB100000000272,0.0,0.0
MA1AB100000000273,13.71,13.71
MA1AB100000000274,19.52,19.52
MA1AB100000000275,3.46,3.46
MA1AB100000000276,2.28,2.28
MA1AB100000000277,4.359999999999999,4.359999999999999
MA1AB100000000278,18.939999999999998,18.939999999999998
MA1AB100000000279,0.0,0.0
MA1AB100000000280,13.0,13.0
MA1AB100000000281,1.15,1.15
MA1AB100000000282,13.43,13.43
MA1AB100000000283,8.68,8.68
MA1AB100000000284,9.23,9.23
MA1AB100000000285,9.62,9.62
MA1AB100000000286,3.79,3.79
MA1AB100000000287,17.310000000000002,17.310000000000002
MA1AB100000000288,4.49,4.49
MA1AB100000000289,11.280000000000001,11.280000000000001
MA1AB100000000290,4.9,4.9
MA1AB100000000291,0.0,0.0
MA1AB100000000292,1.67,1.67
MA1AB100000000293,11.530000000000001,11.530000000000001
MA1AB100000000294,4.14,4.14
MA1AB100000000295,7.66,7.66
MA1AB100000000296,9.74,9.74
MA1AB100000000297,14.98,14.98
MA1AB100000000298,7.51,7.51
MA1AB100000000299,11.33,11.33
MA1AB100000000300,7.04,7.04
MA1AB100000000301,1.84,1.84
MA1AB100000000302,8.32,8.32
MA1AB100000000303,0.66,0.66
MA1AB100000000304,11.620000000000001,11.620000000000001
MA1AB100000000305,7.130000000000001,7.130000000000001
MA1AB100000000306,5.37,5.37
MA1AB100000000307,9.42,9.42
MA1AB100000000308,29.009999999999998,29.009999999999998
MA1AB100000000309,11.280000000000001,11.280000000000001
MA1AB100000000310,25.71,25.71
MA1AB100000000311,3.95,3.95
MA1AB100000000312,6.93,6.93
MA1AB100000000313,1.93,1.93
MA1AB100000000314,8.79,8.79
MA1AB100000000315,7.36,7.36
MA1AB100000000316,0.0,0.0
MA1AB100000000317,16.84,16.84
MA1AB100000000318,9.76,9.76
MA1AB100000000319,1.48,1.48
MA1AB100000000320,7.89,7.89
MA1AB100000000321,10.55,10.55
MA1AB100000000322,10.06,10.06
MA1AB100000000323,5.13,5.13
MA1AB100000000324,13.02,13.02
MA1AB100000000325,7.75,7.75
MA1AB100000000326,0.0,0.0
MA1AB100000000327,12.14,12.14
MA1AB100000000328,5.78,5.78
MA1AB100000000329,13.09,13.09
MA1AB100000000330,4.0,4.0
MA1AB100000000331,2.91,2.91
MA1AB100000000332,14.36,14.36
MA1AB100000000334,0.0,0.0
MA1AB100000000335,3.16,3.16
MA1AB100000000336,7.2,7.2
MA1AB100000000337,4.14,4.14
MA1AB100000000338,17.28,17.28
MA1AB100000000339,0.0,0.0
MA1AB100000000340,22.48,22.48
MA1AB100000000341,3.56,3.56
MA1AB100000000342,14.51,14.51
MA1AB100000000343,10.03,10.03
MA1AB100000000344,9.67,9.67
MA1AB100000000345,6.23,6.23
MA1AB100000000346,4.71,4.71
MA1AB100000000347,0.0,0.0
MA1AB100000000348,11.620000000000001,11.620000000000001
MA1AB100000000349,10.33,10.33
MA1AB100000000350,19.130000000000003,19.130000000000003
MA1AB100000000351,0.0,0.0
MA1AB100000000352,6.63,6.63
MA1AB100000000353,10.5,10.5
MA1AB100000000354,11.14,11.14
MA1AB100000000355,13.379999999999999,13.379999999999999
MA1AB100000000356,13.459999999999999,13.459999999999999
MA1AB100000000357,4.85,4.85
MA1AB100000000358,27.94,27.94
MA1AB100000000359,14.65,14.65
MA1AB100000000360,6.65,6.65
MA1AB100000000361,1.31,1.31
MA1AB100000000362,13.02,13.02
MA1AB100000000363,17.72,17.72
MA1AB100000000364,4.23,4.23
MA1AB100000000365,8.350000000000001,8.350000000000001
MA1AB100000000366,17.33,17.33
MA1AB100000000367,8.23,8.23
MA1AB100000000368,2.75,2.75
MA1AB100000000369,14.64,14.64
MA1AB100000000370,18.35,18.35
MA1AB100000000371,0.94,0.94
MA1AB100000000372,14.28,14.28
MA1AB100000000373,0.0,0.0
MA1AB100000000374,1.02,1.02
MA1AB100000000375,16.16,16.16
MA1AB100000000376,6.109999999999999,6.109999999999999
MA1AB100000000377,0.0,0.0
MA1AB100000000378,4.46,4.46
MA1AB100000000379,23.04,23.04
MA1AB100000000380,11.82,11.82
MA1AB100000000381,7.52,7.52
MA1AB100000000382,6.61,6.61
MA1AB100000000383,3.24,3.24
MA1AB100000000384,4.86,4.86
MA1AB100000000385,0.0,0.0
MA1AB100000000386,6.99,6.99
MA1AB100000000387,15.540000000000001,15.540000000000001
MA1AB100000000388,12.62,12.62
MA1AB100000000389,9.54,9.54
MA1AB100000000390,7.58,7.58
MA1AB100000000391,0.0,0.0
MA1AB100000000392,15.96,15.96
MA1AB100000000393,11.77,11.77
MA1AB100000000394,0.0,0.0
MA1AB100000000395,11.58,11.58
MA1AB100000000396,7.0600000000000005,7.0600000000000005
MA1AB100000000397,0.0,0.0
MA1AB100000000398,4.76,4.76
MA1AB100000000399,19.0,19.0
MA1AB100000000400,15.85,15.85
MA1AB100000000401,6.58,6.58
MA1AB100000000402,0.92,0.92
MA1AB100000000403,7.51,7.51
MA1AB100000000404,6.95,6.95
MA1AB100000000405,10.45,10.45
MA1AB100000000406,5.42,5.42
MA1AB100000000407,20.57,20.57
MA1AB100000000408,7.41,7.41
MA1AB100000000409,3.37,3.37
MA1AB100000000410,0.0,0.0
MA1AB100000000411,10.21,10.21
MA1AB100000000412,7.11,7.11
MA1AB100000000413,11.09,11.09
MA1AB100000000414,0.0,0.0
MA1AB100000000415,14.55,14.55
MA1AB100000000416,0.0,0.0
MA1AB100000000417,8.0,8.0
MA1AB100000000418,6.41,6.41
MA1AB100000000419,17.990000000000002,17.990000000000002
MA1AB100000000420,7.66,7.66
MA1AB100000000421,17.82,17.82
MA1AB100000000422,10.75,10.75
MA1AB100000000423,0.84,0.84
MA1AB100000000424,0.0,0.0
MA1AB100000000425,9.99,9.99
MA1AB100000000426,26.64,26.64
MA1AB100000000427,2.42,2.42
MA1AB100000000428,8.02,8.02
MA1AB100000000429,9.99,9.99
MA1AB100000000430,17.29,17.29
MA1AB100000000431,18.35,18.35
MA1AB100000000432,0.0,0.0
MA1AB100000000433,0.0,0.0
MA1AB100000000434,3.1,3.1
MA1AB100000000435,8.14,8.14
MA1AB100000000436,2.76,2.76
MA1AB100000000437,20.28,20.28
MA1AB100000000438,7.300000000000001,7.300000000000001
MA1AB100000000439,12.469999999999999,12.469999999999999
MA1AB100000000440,7.84,7.84
MA1AB100000000441,9.82,9.82
MA1AB100000000442,3.69,3.69
MA1AB100000000443,0.93,0.93
MA1AB100000000444,22.560000000000002,22.560000000000002
MA1AB100000000445,8.1,8.1
MA1AB100000000446,4.95,4.95
MA1AB100000000447,8.75,8.75
MA1AB100000000448,12.67,12.67
MA1AB100000000449,12.870000000000001,12.870000000000001
MA1AB100000000450,11.08,11.08
MA1AB100000000451,14.629999999999999,14.629999999999999
MA1AB100000000452,8.629999999999999,8.629999999999999
MA1AB100000000453,0.0,0.0
MA1AB100000000454,10.01,10.01
MA1AB100000000455,17.62,17.62
MA1AB100000000456,4.3,4.3
MA1AB100000000457,10.39,10.39
MA1AB100000000458,5.98,5.98
MA1AB100000000459,18.7,18.7
MA1AB100000000460,17.54,17.54
MA1AB100000000461,19.82,19.82
MA1AB100000000462,3.25,3.25
MA1AB100000000463,1.35,1.35
MA1AB100000000464,13.93,13.93
MA1AB100000000465,0.0,0.0
MA1AB100000000466,12.58,12.58
MA1AB100000000467,5.69,5.69
MA1AB100000000468,3.77,3.77
MA1AB100000000469,0.0,0.0
MA1AB100000000470,4.24,4.24
MA1AB100000000471,3.82,3.82
MA1AB100000000472,30.759999999999998,30.759999999999998
MA1AB100000000473,15.75,15.75
MA1AB100000000474,14.23,14.23
MA1AB100000000475,5.98,5.98
MA1AB100000000476,13.88,13.88
MA1AB100000000477,0.0,0.0
MA1AB100000000478,0.0,0.0
MA1AB100000000479,17.58,17.58
MA1AB100000000480,3.93,3.93
MA1AB100000000481,7.47,7.47
MA1AB100000000482,0.89,0.89
MA1AB100000000483,0.0,0.0
MA1AB100000000484,13.5,13.5
MA1AB100000000485,3.62,3.62
MA1AB100000000486,9.29,9.29
MA1AB100000000487,20.5,20.5
MA1AB100000000488,16.31,16.31
MA1AB100000000489,6.54,6.54
MA1AB100000000490,16.1,16.1
MA1AB100000000491,5.13,5.13
MA1AB100000000492,8.71,8.71
MA1AB100000000493,9.5,9.5
MA1AB100000000494,10.67,10.67
MA1AB100000000495,0.0,0.0
MA1AB100000000496,0.0,0.0
MA1AB100000000497,8.03,8.03
MA1AB100000000498,12.17,12.17
MA1AB100000000499,14.89,14.89
MA1AB100000000500,0.0,0.0
MA1AB100000000501,15.09,15.09
MA1AB100000000502,11.85,11.85
MA1AB100000000503,9.49,9.49
MA1AB100000000504,16.49,16.49
MA1AB100000000505,9.82,9.82
MA1AB100000000506,0.0,0.0
MA1AB100000000507,8.02,8.02
MA1AB100000000508,11.63,11.63
MA1AB100000000509,35.04,35.04
MA1AB100000000510,2.66,2.66
MA1AB100000000511,6.52,6.52
MA1AB100000000512,5.36,5.36
MA1AB100000000513,29.91,29.91
MA1AB100000000514,5.84,5.84
MA1AB100000000515,2.08,2.08
MA1AB100000000516,7.4,7.4
MA1AB100000000517,8.26,8.26
MA1AB100000000518,0.0,0.0
MA1AB100000000519,21.66,21.66
MA1AB100000000520,7.0,7.0
MA1AB100000000521,2.58,2.58
MA1AB100000000522,11.780000000000001,11.780000000000001
MA1AB100000000523,24.93,24.93
MA1AB100000000524,12.32,12.32
MA1AB100000000525,8.21,8.21
MA1AB100000000526,4.67,4.67
MA1AB100000000527,10.66,10.66
MA1AB100000000528,8.96,8.96
MA1AB100000000529,5.64,5.64
MA1AB100000000530,0.0,0.0
MA1AB100000000531,4.84,4.84
MA1AB100000000532,6.609999999999999,6.609999999999999
MA1AB100000000533,16.29,16.29
MA1AB100000000534,9.71,9.71
MA1AB100000000535,6.0,6.0
MA1AB100000000536,9.87,9.87
MA1AB100000000537,10.49,10.49
MA1AB100000000538,0.0,0.0
MA1AB100000000539,3.94,3.94
MA1AB100000000540,21.38,21.38
MA1AB100000000541,14.61,14.61
MA1AB100000000542,5.88,5.88
MA1AB100000000543,0.72,0.72
MA1AB100000000544,0.0,0.0
MA1AB100000000545,6.59,6.59
MA1AB100000000546,6.46,6.46
MA1AB100000000547,3.73,3.73
MA1AB100000000548,10.93,10.93
MA1AB100000000549,8.440000000000001,8.440000000000001
MA1AB100000000550,16.9,16.9
MA1AB100000000551,19.88,19.88
MA1AB100000000552,4.71,4.71
MA1AB100000000553,5.08,5.08
MA1AB100000000554,12.17,12.17
MA1AB100000000555,2.46,2.46
MA1AB100000000556,2.74,2.74
MA1AB100000000557,4.08,4.08
MA1AB100000000558,4.23,4.23
MA1AB100000000559,4.61,4.61
MA1AB100000000560,2.73,2.73
MA1AB100000000561,7.76,7.76
MA1AB100000000562,9.350000000000001,9.350000000000001
MA1AB100000000563,10.23,10.23
MA1AB100000000564,18.48,18.48
MA1AB100000000565,17.28,17.28
MA1AB100000000566,9.18,9.18
MA1AB100000000567,8.870000000000001,8.870000000000001
MA1AB100000000568,7.1899999999999995,7.1899999999999995
MA1AB100000000569,13.41,13.41
MA1AB100000000570,11.76,11.76
MA1AB100000000571,8.47,8.47
MA1AB100000000572,25.05,25.05
MA1AB100000000573,3.47,3.47
MA1AB100000000574,1.84,1.84
MA1AB100000000575,4.16,4.16
MA1AB100000000576,18.37,18.37
MA1AB100000000577,13.66,13.66
MA1AB100000000578,14.14,14.14
MA1AB100000000579,8.55,8.55
MA1AB100000000580,5.23,5.23
MA1AB100000000581,0.0,0.0
MA1AB100000000582,7.1,7.1
MA1AB100000000583,19.509999999999998,19.509999999999998
MA1AB100000000584,6.73,6.73
MA1AB100000000585,4.63,4.63
MA1AB100000000586,11.59,11.59
MA1AB100000000587,0.0,0.0
MA1AB100000000588,3.68,3.68
MA1AB100000000589,9.71,9.71
MA1AB100000000590,20.76,20.76
MA1AB100000000591,18.04,18.04
MA1AB100000000592,13.68,13.68
MA1AB100000000593,0.0,0.0
MA1AB100000000594,2.36,2.36
MA1AB100000000595,14.489999999999998,14.489999999999998
MA1AB100000000596,4.56,4.56
MA1AB100000000597,13.66,13.66
MA1AB100000000598,18.7,18.7
MA1AB100000000599,4.17,4.17
MA1AB100000000600,9.82,9.82
MA1AB100000000601,3.73,3.73
MA1AB100000000602,21.15,21.15
MA1AB100000000603,2.8600000000000003,2.8600000000000003
MA1AB100000000604,12.41,12.41
MA1AB100000000605,0.0,0.0
MA1AB100000000606,2.3,2.3
MA1AB100000000607,5.279999999999999,5.279999999999999
MA1AB100000000608,0.0,0.0
MA1AB100000000609,0.91,0.91
MA1AB100000000610,6.26,6.26
MA1AB100000000611,4.300000000000001,4.300000000000001
MA1AB100000000612,6.1,6.1
MA1AB100000000613,0.0,0.0
MA1AB100000000614,3.38,3.38
MA1AB100000000615,12.309999999999999,12.309999999999999
MA1AB100000000616,2.08,2.08
MA1AB100000000617,13.92,13.92
MA1AB100000000618,10.8,10.8
MA1AB100000000619,4.17,4.17
MA1AB100000000620,8.780000000000001,8.780000000000001
MA1AB100000000621,9.21,9.21
MA1AB100000000622,5.109999999999999,5.109999999999999
MA1AB100000000623,6.92,6.92
MA1AB100000000624,6.92,6.92
MA1AB100000000625,3.7,3.7
MA1AB100000000626,2.86,2.86
MA1AB100000000627,6.84,6.84
MA1AB100000000628,7.71,7.71
MA1AB100000000629,12.05,12.05
MA1AB100000000630,0.0,0.0
MA1AB100000000631,7.89,7.89
MA1AB100000000632,9.72,9.72
MA1AB100000000633,7.17,7.17
MA1AB100000000634,12.26,12.26
MA1AB100000000635,11.93,11.93
MA1AB100000000636,6.42,6.42
MA1AB100000000637,11.01,11.01
MA1AB100000000638,9.98,9.98
MA1AB100000000639,15.97,15.97
MA1AB100000000640,7.77,7.77
MA1AB100000000641,11.55,11.55
MA1AB100000000642,4.64,4.64
MA1AB100000000643,0.0,0.0
MA1AB100000000644,0.0,0.0
MA1AB100000000645,0.0,0.0
MA1AB100000000646,8.73,8.73
MA1AB100000000647,8.690000000000001,8.690000000000001
MA1AB100000000648,1.66,1.66
MA1AB100000000649,12.14,12.14
MA1AB100000000650,1.61,1.61
MA1AB100000000651,0.0,0.0
MA1AB100000000652,6.72,6.72
MA1AB100000000653,5.06,5.06
MA1AB100000000654,9.16,9.16
MA1AB100000000655,8.34,8.34
MA1AB100000000656,3.23,3.23
MA1AB100000000657,6.7,6.7
MA1AB100000000658,12.48,12.48
MA1AB100000000659,3.88,3.88
MA1AB100000000660,3.79,3.79
MA1AB100000000661,9.57,9.57
MA1AB100000000662,17.65,17.65
MA1AB100000000663,0.0,0.0
MA1AB100000000664,19.27,19.27
MA1AB100000000665,12.52,12.52
MA1AB100000000667,12.14,12.14
MA1AB100000000668,4.29,4.29
MA1AB100000000669,13.129999999999999,13.129999999999999
MA1AB100000000670,24.259999999999998,24.259999999999998
MA1AB100000000671,7.88,7.88
MA1AB100000000672,0.0,0.0
MA1AB100000000673,2.94,2.94
MA1AB100000000674,1.78,1.78
MA1AB100000000675,10.46,10.46
MA1AB100000000676,5.51,5.51
MA1AB100000000677,1.56,1.56
MA1AB100000000678,10.91,10.91
MA1AB100000000679,9.66,9.66
MA1AB100000000680,5.97,5.97
MA1AB100000000681,17.04,17.04
MA1AB100000000682,15.24,15.24
MA1AB100000000683,9.71,9.71
MA1AB100000000684,7.04,7.04
MA1AB100000000685,0.0,0.0
MA1AB100000000686,17.99,17.99
MA1AB100000000687,13.219999999999999,13.219999999999999
MA1AB100000000688,0.0,0.0
MA1AB100000000689,3.83,3.83
MA1AB100000000690,6.51,6.51
MA1AB100000000691,0.0,0.0
MA1AB100000000692,19.82,19.82
MA1AB100000000693,2.83,2.83
MA1AB100000000694,23.97,23.97
MA1AB100000000695,11.54,11.54
MA1AB100000000696,17.1,17.1
MA1AB100000000697,11.32,11.32
MA1AB100000000698,13.18,13.18
MA1AB100000000699,8.71,8.71
MA1AB100000000700,12.440000000000001,12.440000000000001
MA1AB100000000701,17.81,17.81
MA1AB100000000702,15.02,15.02
MA1AB100000000703,9.05,9.05
MA1AB100000000704,6.58,6.58
MA1AB100000000705,8.620000000000001,8.620000000000001
MA1AB100000000706,8.8,8.8
MA1AB100000000707,1.77,1.77
MA1AB100000000708,7.36,7.36
MA1AB100000000709,29.53,29.53
MA1AB100000000710,13.259999999999998,13.259999999999998
MA1AB100000000711,12.290000000000001,12.290000000000001
MA1AB100000000712,10.99,10.99
MA1AB100000000713,7.199999999999999,7.199999999999999
MA1AB100000000714,10.129999999999999,10.129999999999999
MA1AB100000000715,10.49,10.49
MA1AB100000000716,0.0,0.0
MA1AB100000000717,17.8,17.8
MA1AB100000000718,10.48,10.48
MA1AB100000000719,22.39,22.39
MA1AB100000000720,3.09,3.09
MA1AB100000000721,0.0,0.0
MA1AB100000000722,21.56,21.56
MA1AB100000000723,2.52,2.52
MA1AB100000000724,9.620000000000001,9.620000000000001
MA1AB100000000725,7.680000000000001,7.680000000000001
MA1AB100000000726,12.870000000000001,12.870000000000001
MA1AB100000000727,21.59,21.59
MA1AB100000000728,7.19,7.19
MA1AB100000000729,10.7,10.7
MA1AB100000000730,0.0,0.0
MA1AB100000000731,4.55,4.55
MA1AB100000000732,20.44,20.44
MA1AB100000000733,10.29,10.29
MA1AB100000000734,19.259999999999998,19.259999999999998
MA1AB100000000735,5.94,5.94
MA1AB100000000736,8.07,8.07
MA1AB100000000737,6.57,6.57
MA1AB100000000738,12.969999999999999,12.969999999999999
MA1AB100000000739,2.15,2.15
MA1AB100000000740,0.0,0.0
MA1AB100000000741,5.81,5.81
MA1AB100000000742,12.51,12.51
MA1AB100000000743,4.390000000000001,4.390000000000001
MA1AB100000000744,10.92,10.92
MA1AB100000000745,0.0,0.0
MA1AB100000000746,21.23,21.23
MA1AB100000000747,15.95,15.95
MA1AB100000000748,5.75,5.75
MA1AB100000000749,1.65,1.65
MA1AB100000000750,15.09,15.09
MA1AB100000000751,0.0,0.0
MA1AB100000000752,14.61,14.61
MA1AB100000000753,5.74,5.74
MA1AB100000000754,7.87,7.87
MA1AB100000000755,6.13,6.13
MA1AB100000000756,15.73,15.73
MA1AB100000000757,5.77,5.77
MA1AB100000000758,1.77,1.77
MA1AB100000000759,0.0,0.0
MA1AB100000000760,12.98,12.98
MA1AB100000000761,11.399999999999999,11.399999999999999
MA1AB100000000762,0.0,0.0
MA1AB100000000763,0.0,0.0
MA1AB100000000764,0.0,0.0
MA1AB100000000765,6.44,6.44
MA1AB100000000766,4.4,4.4
MA1AB100000000767,6.33,6.33
MA1AB100000000768,9.7,9.7
MA1AB100000000769,0.81,0.81
MA1AB100000000770,8.51,8.51
MA1AB100000000771,2.18,2.18
MA1AB100000000772,0.0,0.0
MA1AB100000000773,6.92,6.92
MA1AB100000000774,12.36,12.36
MA1AB100000000775,22.03,22.03
MA1AB100000000776,0.0,0.0
MA1AB100000000777,7.63,7.63
MA1AB100000000778,2.9400000000000004,2.9400000000000004
MA1AB100000000779,13.13,13.13
MA1AB100000000780,6.57,6.57
MA1AB100000000781,0.0,0.0
MA1AB100000000782,4.36,4.36
MA1AB100000000783,10.92,10.92
MA1AB100000000784,6.13,6.13
MA1AB100000000785,4.06,4.06
MA1AB100000000786,22.669999999999998,22.669999999999998
MA1AB100000000787,9.29,9.29
MA1AB100000000788,4.46,4.46
MA1AB100000000789,8.399999999999999,8.399999999999999
MA1AB100000000790,2.09,2.09
MA1AB100000000791,10.02,10.02
MA1AB100000000792,1.19,1.19
MA1AB100000000793,2.24,2.24
MA1AB100000000794,0.78,0.78
MA1AB100000000795,2.17,2.17
MA1AB100000000796,0.0,0.0
MA1AB100000000797,6.57,6.57
MA1AB100000000798,0.0,0.0
MA1AB100000000799,3.14,3.14
MA1AB100000000800,2.51,2.51
MA1AB100000000801,11.3,11.3
MA1AB100000000802,13.91,13.91
MA1AB100000000803,4.720000000000001,4.720000000000001
MA1AB100000000804,4.05,4.05
MA1AB100000000805,12.39,12.39
MA1AB100000000806,33.6,33.6
MA1AB100000000807,15.0,15.0
MA1AB100000000808,0.69,0.69
MA1AB100000000809,26.03,26.03
MA1AB100000000810,0.0,0.0
MA1AB100000000811,10.84,10.84
MA1AB100000000812,8.290000000000001,8.290000000000001
MA1AB100000000813,0.0,0.0
MA1AB100000000814,11.52,11.52
MA1AB100000000815,2.61,2.61
MA1AB100000000816,17.490000000000002,17.490000000000002
MA1AB100000000817,3.6,3.6
MA1AB100000000818,13.850000000000001,13.850000000000001
MA1AB100000000819,5.35,5.35
MA1AB100000000820,10.31,10.31
MA1AB100000000821,1.88,1.88
MA1AB100000000822,8.32,8.32
MA1AB100000000823,19.25,19.25
MA1AB100000000824,0.0,0.0
MA1AB100000000825,0.95,0.95
MA1AB100000000826,10.76,10.76
MA1AB100000000827,1.27,1.27
MA1AB100000000828,7.529999999999999,7.529999999999999
MA1AB100000000829,18.02,18.02
MA1AB100000000830,6.42,6.42
MA1AB100000000831,6.75,6.75
MA1AB100000000832,8.09,8.09
MA1AB100000000833,3.42,3.42
MA1AB100000000834,6.7299999999999995,6.7299999999999995
MA1AB100000000835,4.28,4.28
MA1AB100000000836,13.350000000000001,13.350000000000001
MA1AB100000000837,14.33,14.33
MA1AB100000000838,0.0,0.0
MA1AB100000000839,5.82,5.82
MA1AB100000000840,1.74,1.74
MA1AB100000000841,6.21,6.21
MA1AB100000000842,13.94,13.94
MA1AB100000000843,14.16,14.16
MA1AB100000000844,7.08,7.08
MA1AB100000000845,9.61,9.61
MA1AB100000000846,0.0,0.0
MA1AB100000000847,7.95,7.95
MA1AB100000000848,0.0,0.0
MA1AB100000000849,0.0,0.0
MA1AB100000000850,6.89,6.89
MA1AB100000000851,0.0,0.0
MA1AB100000000852,5.48,5.48
MA1AB100000000853,2.86,2.86
MA1AB100000000854,15.41,15.41
MA1AB100000000855,7.38,7.38
MA1AB100000000856,32.77,32.77
MA1AB100000000857,3.3,3.3
MA1AB100000000858,16.43,16.43
MA1AB100000000859,12.04,12.04
MA1AB100000000860,15.95,15.95
MA1AB100000000861,19.31,19.31
MA1AB100000000862,5.27,5.27
MA1AB100000000863,10.39,10.39
MA1AB100000000864,7.800000000000001,7.800000000000001
MA1AB100000000865,7.98,7.98
MA1AB100000000866,8.68,8.68
MA1AB100000000867,10.61,10.61
MA1AB100000000868,24.439999999999998,24.439999999999998
MA1AB100000000869,1.88,1.88
MA1AB100000000870,5.47,5.47
MA1AB100000000871,5.09,5.09
MA1AB100000000872,13.06,13.06
MA1AB100000000873,9.43,9.43
MA1AB100000000874,19.77,19.77
MA1AB100000000875,6.92,6.92
MA1AB100000000876,7.540000000000001,7.540000000000001
MA1AB100000000877,9.58,9.58
MA1AB100000000878,0.0,0.0
MA1AB100000000879,11.05,11.05
MA1AB100000000880,2.83,2.83
MA1AB100000000881,12.32,12.32
MA1AB100000000882,10.190000000000001,10.190000000000001
MA1AB100000000883,17.85,17.85
MA1AB100000000884,5.470000000000001,5.470000000000001
MA1AB100000000885,10.14,10.14
MA1AB100000000886,7.32,7.32
MA1AB100000000887,3.28,3.28
MA1AB100000000888,11.67,11.67
MA1AB100000000889,14.0,14.0
MA1AB100000000890,0.0,0.0
MA1AB100000000891,0.0,0.0
MA1AB100000000892,9.87,9.87
MA1AB100000000893,9.290000000000001,9.290000000000001
MA1AB100000000894,1.0,1.0
MA1AB100000000895,19.5,19.5
MA1AB100000000896,3.6799999999999997,3.6799999999999997
MA1AB100000000897,11.84,11.84
MA1AB100000000898,16.62,16.62
MA1AB100000000899,7.37,7.37
MA1AB100000000900,15.760000000000002,15.760000000000002
MA1AB100000000901,0.0,0.0
MA1AB100000000902,31.04,31.04
MA1AB100000000903,8.17,8.17
MA1AB100000000904,14.48,14.48
MA1AB100000000905,8.68,8.68
MA1AB100000000906,9.15,9.15
MA1AB100000000907,15.44,15.44
MA1AB100000000908,18.310000000000002,18.310000000000002
MA1AB100000000909,10.43,10.43
MA1AB100000000910,14.39,14.39
MA1AB100000000911,0.0,0.0
MA1AB100000000912,10.91,10.91
MA1AB100000000913,4.93,4.93
MA1AB100000000914,7.36,7.36
MA1AB100000000915,23.66,23.66
MA1AB100000000916,11.32,11.32
MA1AB100000000917,7.79,7.79
MA1AB100000000918,5.51,5.51
MA1AB100000000919,0.0,0.0
MA1AB100000000920,9.83,9.83
MA1AB100000000921,6.46,6.46
MA1AB100000000922,4.71,4.71
MA1AB100000000923,13.12,13.12
MA1AB100000000924,2.06,2.06
MA1AB100000000925,0.0,0.0
MA1AB100000000926,13.31,13.31
MA1AB100000000927,0.0,0.0
MA1AB100000000928,15.73,15.73
MA1AB100000000929,6.8,6.8
MA1AB100000000930,3.23,3.23
MA1AB100000000931,7.55,7.55
MA1AB100000000932,5.55,5.55
MA1AB100000000933,9.7,9.7
MA1AB100000000934,15.86,15.86
MA1AB100000000935,5.14,5.14
MA1AB100000000936,13.64,13.64
MA1AB100000000937,10.9,10.9
MA1AB100000000938,6.789999999999999,6.789999999999999
MA1AB100000000939,5.550000000000001,5.550000000000001
MA1AB100000000940,18.76,18.76
MA1AB100000000941,5.49,5.49
MA1AB100000000942,15.5,15.5
MA1AB100000000943,7.470000000000001,7.470000000000001
MA1AB100000000944,8.48,8.48
MA1AB100000000945,9.26,9.26
MA1AB100000000946,17.490000000000002,17.490000000000002
MA1AB100000000947,8.940000000000001,8.940000000000001
MA1AB100000000948,9.0,9.0
MA1AB100000000949,5.54,5.54
MA1AB100000000950,25.14,25.14
MA1AB100000000951,1.07,1.07
MA1AB100000000952,0.0,0.0
MA1AB100000000953,11.21,11.21
MA1AB100000000954,0.0,0.0
MA1AB100000000955,17.6,17.6
MA1AB100000000956,14.92,14.92
MA1AB100000000957,0.0,0.0
MA1AB100000000958,0.0,0.0
MA1AB100000000959,6.64,6.64
MA1AB100000000960,8.12,8.12
MA1AB100000000961,9.86,9.86
MA1AB100000000962,19.32,19.32
MA1AB100000000963,7.55,7.55
MA1AB100000000964,0.0,0.0
MA1AB100000000965,6.1499999999999995,6.1499999999999995
MA1AB100000000966,10.09,10.09
MA1AB100000000967,5.96,5.96
MA1AB100000000968,14.56,14.56
MA1AB100000000969,20.12,20.12
MA1AB100000000970,17.89,17.89
MA1AB100000000971,6.1899999999999995,6.1899999999999995
MA1AB100000000972,13.079999999999998,13.079999999999998
MA1AB100000000973,10.9,10.9
MA1AB100000000974,8.42,8.42
MA1AB100000000975,25.37,25.37
MA1AB100000000976,6.640000000000001,6.640000000000001
MA1AB100000000977,16.58,16.58
MA1AB100000000978,15.84,15.84
MA1AB100000000979,5.57,5.57
MA1AB100000000980,9.82,9.82
MA1AB100000000981,19.17,19.17
MA1AB100000000982,2.34,2.34
MA1AB100000000983,12.11,12.11
MA1AB100000000984,13.27,13.27
MA1AB100000000985,12.22,12.22
MA1AB100000000986,0.0,0.0
MA1AB100000000987,18.869999999999997,18.869999999999997
MA1AB100000000988,2.0,2.0
MA1AB100000000989,13.92,13.92
MA1AB100000000990,3.98,3.98
MA1AB100000000991,24.55,24.55
MA1AB100000000992,7.96,7.96
MA1AB100000000993,0.75,0.75
MA1AB100000000994,7.970000000000001,7.970000000000001
MA1AB100000000995,9.52,9.52
MA1AB100000000996,4.85,4.85
MA1AB100000000997,19.82,19.82
MA1AB100000000998,2.04,2.04
MA1AB100000001000,4.58,4.58
MA1AB100000001001,6.63,6.63
MA1AB100000001002,5.48,5.48
MA1AB100000001003,9.629999999999999,9.629999999999999
MA1AB100000001004,3.52,3.52
MA1AB100000001005,6.369999999999999,6.369999999999999
MA1AB100000001006,9.77,9.77
MA1AB100000001007,16.41,16.41
MA1AB100000001008,17.490000000000002,17.490000000000002
MA1AB100000001009,7.28,7.28
MA1AB100000001010,7.93,7.93
MA1AB100000001011,15.91,15.91
MA1AB100000001012,14.649999999999999,14.649999999999999
MA1AB100000001013,0.0,0.0
MA1AB100000001014,0.0,0.0
MA1AB100000001015,9.12,9.12
MA1AB100000001016,1.39,1.39
MA1AB100000001017,8.83,8.83
MA1AB100000001018,1.71,1.71
MA1AB100000001019,2.6,2.6
MA1AB100000001020,3.73,3.73
MA1AB100000001021,10.6,10.6
MA1AB100000001022,7.64,7.64
MA1AB100000001023,15.35,15.35
MA1AB100000001024,7.38,7.38
MA1AB100000001025,0.0,0.0
MA1AB100000001026,6.48,6.48
MA1AB100000001027,0.88,0.88
MA1AB100000001028,4.0200000000000005,4.0200000000000005
MA1AB100000001029,22.07,22.07
MA1AB100000001030,8.4,8.4
MA1AB100000001031,7.13,7.13
MA1AB100000001032,9.5,9.5
MA1AB100000001033,8.93,8.93
MA1AB100000001034,3.16,3.16
MA1AB100000001035,0.0,0.0
MA1AB100000001036,25.1,25.1
MA1AB100000001037,0.0,0.0
MA1AB100000001038,12.88,12.88
MA1AB100000001039,0.0,0.0
MA1AB100000001040,7.05,7.05
MA1AB100000001041,2.38,2.38
MA1AB100000001042,10.0,10.0
MA1AB100000001043,2.61,2.61
MA1AB100000001044,3.9099999999999997,3.9099999999999997
MA1AB100000001045,10.46,10.46
MA1AB100000001046,2.8099999999999996,2.8099999999999996
MA1AB100000001047,15.99,15.99
MA1AB100000001048,11.100000000000001,11.100000000000001
MA1AB100000001049,19.259999999999998,19.259999999999998
MA1AB100000001050,11.370000000000001,11.370000000000001
MA1AB100000001051,2.09,2.09
MA1AB100000001052,0.0,0.0
MA1AB100000001053,1.49,1.49
MA1AB100000001054,10.84,10.84
MA1AB100000001055,0.0,0.0
MA1AB100000001056,7.77,7.77
MA1AB100000001057,7.96,7.96
MA1AB100000001058,0.0,0.0
MA1AB100000001059,4.54,4.54
MA1AB100000001060,4.86,4.86
MA1AB100000001061,7.06,7.06
MA1AB100000001062,17.740000000000002,17.740000000000002
MA1AB100000001063,0.0,0.0
MA1AB100000001064,13.95,13.95
MA1AB100000001065,0.9,0.9
MA1AB100000001066,6.33,6.33
MA1AB100000001067,8.58,8.58
MA1AB100000001068,5.35,5.35
MA1AB100000001069,8.14,8.14
MA1AB100000001070,4.47,4.47
MA1AB100000001071,0.7,0.7
MA1AB100000001072,5.33,5.33
MA1AB100000001073,23.54,23.54
MA1AB100000001074,0.0,0.0
MA1AB100000001075,0.0,0.0
MA1AB100000001076,0.0,0.0
MA1AB100000001077,13.28,13.28
MA1AB100000001078,0.0,0.0
MA1AB100000001079,12.14,12.14
MA1AB100000001080,6.63,6.63
MA1AB100000001081,10.49,10.49
MA1AB100000001082,15.77,15.77
MA1AB100000001083,5.79,5.79
MA1AB100000001084,6.56,6.56
MA1AB100000001085,12.17,12.17
MA1AB100000001086,19.72,19.72
MA1AB100000001087,0.0,0.0
MA1AB100000001088,2.96,2.96
MA1AB100000001089,0.0,0.0
MA1AB100000001090,6.89,6.89
MA1AB100000001091,0.0,0.0
MA1AB100000001092,9.54,9.54
MA1AB100000001093,14.73,14.73
MA1AB100000001094,9.31,9.31
MA1AB100000001095,9.41,9.41
MA1AB100000001096,5.0600000000000005,5.0600000000000005
MA1AB100000001097,10.95,10.95
MA1AB100000001098,12.17,12.17
MA1AB100000001099,4.0,4.0
MA1AB100000001100,0.0,0.0
MA1AB100000001101,0.0,0.0
MA1AB100000001102,9.09,9.09
MA1AB100000001103,26.87,26.87
MA1AB100000001104,5.53,5.53
MA1AB100000001105,1.93,1.93
MA1AB100000001106,9.280000000000001,9.280000000000001
MA1AB100000001107,0.0,0.0
MA1AB100000001108,9.559999999999999,9.559999999999999
MA1AB100000001109,24.68,24.68
MA1AB100000001110,12.67,12.67
MA1AB100000001111,16.58,16.58
MA1AB100000001112,19.48,19.48
MA1AB100000001113,4.63,4.63
MA1AB100000001114,12.48,12.48
MA1AB100000001115,4.46,4.46
MA1AB100000001116,5.25,5.25
MA1AB100000001117,5.73,5.73
MA1AB100000001118,13.47,13.47
MA1AB100000001119,23.29,23.29
MA1AB100000001120,0.0,0.0
MA1AB100000001121,19.21,19.21
MA1AB100000001122,6.33,6.33
MA1AB100000001123,13.45,13.45
MA1AB100000001124,5.55,5.55
MA1AB100000001125,15.1,15.1
MA1AB100000001126,17.83,17.83
MA1AB100000001127,27.259999999999998,27.259999999999998
MA1AB100000001128,6.26,6.26
MA1AB100000001129,0.0,0.0
MA1AB100000001130,5.74,5.74
MA1AB100000001131,17.57,17.57
MA1AB100000001132,0.0,0.0
MA1AB100000001133,7.65,7.65
MA1AB100000001134,6.68,6.68
MA1AB100000001135,12.13,12.13
MA1AB100000001136,17.3,17.3
MA1AB100000001137,13.34,13.34
MA1AB100000001138,17.3,17.3
MA1AB100000001139,4.6,4.6
MA1AB100000001140,6.13,6.13
MA1AB100000001141,0.0,0.0
MA1AB100000001142,12.27,12.27
MA1AB100000001143,16.08,16.08
MA1AB100000001144,10.600000000000001,10.600000000000001
MA1AB100000001145,3.23,3.23
MA1AB100000001146,1.08,1.08
MA1AB100000001147,7.08,7.08
MA1AB100000001148,13.04,13.04
MA1AB100000001149,10.73,10.73
MA1AB100000001150,5.07,5.07
MA1AB100000001151,7.6899999999999995,7.6899999999999995
MA1AB100000001152,21.77,21.77
MA1AB100000001153,17.52,17.52
MA1AB100000001154,0.0,0.0
MA1AB100000001155,16.43,16.43
MA1AB100000001156,21.62,21.62
MA1AB100000001157,21.81,21.81
MA1AB100000001158,5.21,5.21
MA1AB100000001159,17.12,17.12
MA1AB100000001160,0.0,0.0
MA1AB100000001161,1.41,1.41
MA1AB100000001162,13.48,13.48
MA1AB100000001163,1.23,1.23
MA1AB100000001164,0.0,0.0
MA1AB100000001165,6.62,6.62
MA1AB100000001166,3.18,3.18
MA1AB100000001167,10.89,10.89
MA1AB100000001168,3.25,3.25
MA1AB100000001169,12.379999999999999,12.379999999999999
MA1AB100000001170,18.93,18.93
MA1AB100000001171,7.78,7.78
MA1AB100000001172,6.8,6.8
MA1AB100000001173,13.370000000000001,13.370000000000001
MA1AB100000001174,2.79,2.79
MA1AB100000001175,11.04,11.04
MA1AB100000001176,17.54,17.54
MA1AB100000001177,2.14,2.14
MA1AB100000001178,2.7,2.7
MA1AB100000001179,9.21,9.21
MA1AB100000001180,6.27,6.27
MA1AB100000001181,4.1899999999999995,4.1899999999999995
MA1AB100000001182,0.56,0.56
MA1AB100000001183,7.92,7.92
MA1AB100000001184,21.3,21.3
MA1AB100000001185,4.61,4.61
MA1AB100000001186,3.84,3.84
MA1AB100000001187,7.28,7.28
MA1AB100000001188,7.03,7.03
MA1AB100000001189,12.25,12.25
MA1AB100000001190,1.31,1.31
MA1AB100000001191,10.05,10.05
MA1AB100000001192,7.779999999999999,7.779999999999999
MA1AB100000001193,12.31,12.31
MA1AB100000001194,13.74,13.74
MA1AB100000001195,7.470000000000001,7.470000000000001
MA1AB100000001196,5.88,5.88
MA1AB100000001197,3.93,3.93
MA1AB100000001198,7.44,7.44
MA1AB100000001199,5.46,5.46
MA1AB100000001200,21.47,21.47
MA1AB100000001201,5.48,5.48
MA1AB100000001202,19.85,19.85
MA1AB100000001203,7.95,7.95
MA1AB100000001204,15.57,15.57
MA1AB100000001205,0.84,0.84
MA1AB100000001206,9.879999999999999,9.879999999999999
MA1AB100000001207,4.88,4.88
MA1AB100000001208,11.59,11.59
MA1AB100000001209,10.68,10.68
MA1AB100000001210,0.0,0.0
MA1AB100000001211,4.48,4.48
MA1AB100000001212,5.26,5.26
MA1AB100000001213,0.0,0.0
MA1AB100000001214,0.0,0.0
MA1AB100000001215,19.93,19.93
MA1AB100000001216,3.0599999999999996,3.0599999999999996
MA1AB100000001217,3.99,3.99
MA1AB100000001218,8.24,8.24
MA1AB100000001219,21.11,21.11
MA1AB100000001220,7.29,7.29
MA1AB100000001221,0.0,0.0
MA1AB100000001222,10.07,10.07
MA1AB100000001223,1.7,1.7
MA1AB100000001224,18.119999999999997,18.119999999999997
MA1AB100000001225,12.129999999999999,12.129999999999999
MA1AB100000001226,27.03,27.03
MA1AB100000001227,3.82,3.82
MA1AB100000001228,0.0,0.0
MA1AB100000001229,0.87,0.87
MA1AB100000001230,13.31,13.31
MA1AB100000001231,10.93,10.93
MA1AB100000001232,10.39,10.39
MA1AB100000001233,22.94,22.94
MA1AB100000001234,5.72,5.72
MA1AB100000001235,2.94,2.94
MA1AB100000001236,24.240000000000002,24.240000000000002
MA1AB100000001237,12.9,12.9
MA1AB100000001238,21.95,21.95
MA1AB100000001239,9.79,9.79
MA1AB100000001240,3.16,3.16
MA1AB100000001241,13.71,13.71
MA1AB100000001242,5.62,5.62
MA1AB100000001243,5.75,5.75
MA1AB100000001244,22.08,22.08
MA1AB100000001245,6.39,6.39
MA1AB100000001246,18.38,18.38
MA1AB100000001247,2.27,2.27
MA1AB100000001248,16.39,16.39
MA1AB100000001249,8.51,8.51
MA1AB100000001250,7.99,7.99
MA1AB100000001251,10.61,10.61
MA1AB100000001252,9.68,9.68
MA1AB100000001253,13.43,13.43
MA1AB100000001254,0.0,0.0
MA1AB100000001255,31.689999999999998,31.689999999999998
MA1AB100000001256,8.31,8.31
MA1AB100000001257,0.0,0.0
MA1AB100000001258,18.25,18.25
MA1AB100000001259,19.25,19.25
MA1AB100000001260,0.0,0.0
MA1AB100000001261,11.879999999999999,11.879999999999999
MA1AB100000001262,10.57,10.57
MA1AB100000001263,14.02,14.02
MA1AB100000001264,1.76,1.76
MA1AB100000001265,12.8,12.8
MA1AB100000001266,4.68,4.68
MA1AB100000001267,4.48,4.48
MA1AB100000001268,8.7,8.7
MA1AB100000001269,2.13,2.13
MA1AB100000001270,4.27,4.27
MA1AB100000001271,12.07,12.07
MA1AB100000001272,14.32,14.32
MA1AB100000001273,7.17,7.17
MA1AB100000001274,13.19,13.19
MA1AB100000001275,10.489999999999998,10.489999999999998
MA1AB100000001276,6.73,6.73
MA1AB100000001277,7.73,7.73
MA1AB100000001278,22.009999999999998,22.009999999999998
MA1AB100000001279,1.14,1.14
MA1AB100000001280,12.49,12.49
MA1AB100000001281,21.75,21.75
MA1AB100000001282,0.0,0.0
MA1AB100000001283,5.21,5.21
MA1AB100000001284,0.0,0.0
MA1AB100000001285,7.44,7.44
MA1AB100000001286,21.63,21.63
MA1AB100000001287,0.0,0.0
MA1AB100000001288,2.85,2.85
MA1AB100000001289,15.370000000000001,15.370000000000001
MA1AB100000001290,7.13,7.13
MA1AB100000001291,14.52,14.52
MA1AB100000001292,6.58,6.58
MA1AB100000001293,0.0,0.0
MA1AB100000001294,4.84,4.84
MA1AB100000001295,9.41,9.41
MA1AB100000001296,0.0,0.0
MA1AB100000001297,30.48,30.48
MA1AB100000001298,5.79,5.79
MA1AB100000001299,0.0,0.0
MA1AB100000001300,11.91,11.91
MA1AB100000001301,12.43,12.43
MA1AB100000001302,14.48,14.48
MA1AB100000001303,0.0,0.0
MA1AB100000001304,13.120000000000001,13.120000000000001
MA1AB100000001305,6.7299999999999995,6.7299999999999995
MA1AB100000001306,11.24,11.24
MA1AB100000001307,10.24,10.24
MA1AB100000001308,15.059999999999999,15.059999999999999
MA1AB100000001309,15.280000000000001,15.280000000000001
MA1AB100000001310,2.7,2.7
MA1AB100000001311,8.57,8.57
MA1AB100000001312,15.5,15.5
MA1AB100000001313,4.91,4.91
MA1AB100000001314,11.14,11.14
MA1AB100000001315,10.72,10.72
MA1AB100000001316,4.54,4.54
MA1AB100000001317,12.83,12.83
MA1AB100000001318,13.9,13.9
MA1AB100000001319,8.809999999999999,8.809999999999999
MA1AB100000001320,7.01,7.01
MA1AB100000001321,18.939999999999998,18.939999999999998
MA1AB100000001322,8.44,8.44
MA1AB100000001323,8.98,8.98
MA1AB100000001324,6.33,6.33
MA1AB100000001325,13.29,13.29
MA1AB100000001326,14.09,14.09
MA1AB100000001327,19.68,19.68
MA1AB100000001328,29.29,29.29
MA1AB100000001329,10.600000000000001,10.600000000000001
MA1AB100000001330,12.06,12.06
MA1AB100000001331,5.109999999999999,5.109999999999999
MA1AB100000001333,11.67,11.67
MA1AB100000001334,0.0,0.0
MA1AB100000001335,6.82,6.82
MA1AB100000001336,11.61,11.61
MA1AB100000001337,2.07,2.07
MA1AB100000001338,27.57,27.57
MA1AB100000001339,14.620000000000001,14.620000000000001
MA1AB100000001340,13.39,13.39
MA1AB100000001341,0.0,0.0
MA1AB100000001342,12.15,12.15
MA1AB100000001343,0.0,0.0
MA1AB100000001344,0.0,0.0
MA1AB100000001345,5.41,5.41
MA1AB100000001346,9.4,9.4
MA1AB100000001347,9.44,9.44
MA1AB100000001348,2.3,2.3
MA1AB100000001349,17.17,17.17
MA1AB100000001350,8.41,8.41
MA1AB100000001351,1.67,1.67
MA1AB100000001352,12.99,12.99
MA1AB100000001353,12.96,12.96
MA1AB100000001354,3.87,3.87
MA1AB100000001355,14.3,14.3
MA1AB100000001356,12.209999999999999,12.209999999999999
MA1AB100000001357,0.0,0.0
MA1AB100000001358,16.17,16.17
MA1AB100000001359,17.79,17.79
MA1AB100000001360,31.02,31.02
MA1AB100000001361,7.71,7.71
MA1AB100000001362,14.31,14.31
MA1AB100000001363,9.040000000000001,9.040000000000001
MA1AB100000001364,7.04,7.04
MA1AB100000001365,0.5,0.5
MA1AB100000001366,14.059999999999999,14.059999999999999
MA1AB100000001367,10.85,10.85
MA1AB100000001368,17.46,17.46
MA1AB100000001369,24.47,24.47
MA1AB100000001370,7.38,7.38
MA1AB100000001371,0.0,0.0
MA1AB100000001372,17.04,17.04
MA1AB100000001373,13.25,13.25
MA1AB100000001374,15.09,15.09
MA1AB100000001375,0.0,0.0
MA1AB100000001376,8.83,8.83
MA1AB100000001377,23.75,23.75
MA1AB100000001378,11.64,11.64
MA1AB100000001379,12.85,12.85
MA1AB100000001380,9.19,9.19
MA1AB100000001381,8.45,8.45
MA1AB100000001382,3.52,3.52
MA1AB100000001383,6.29,6.29
MA1AB100000001384,7.89,7.89
MA1AB100000001385,12.99,12.99
MA1AB100000001386,13.27,13.27
MA1AB100000001387,12.870000000000001,12.870000000000001
MA1AB100000001388,11.05,11.05
MA1AB100000001389,17.23,17.23
MA1AB100000001390,10.399999999999999,10.399999999999999
MA1AB100000001391,2.43,2.43
MA1AB100000001392,0.0,0.0
MA1AB100000001393,2.45,2.45
MA1AB100000001394,1.49,1.49
MA1AB100000001395,8.33,8.33
MA1AB100000001396,1.5,1.5
MA1AB100000001397,5.46,5.46
MA1AB100000001398,21.96,21.96
MA1AB100000001399,11.690000000000001,11.690000000000001
MA1AB100000001400,1.81,1.81
MA1AB100000001401,4.5200000000000005,4.5200000000000005
MA1AB100000001402,8.0,8.0
MA1AB100000001403,21.45,21.45
MA1AB100000001404,4.22,4.22
MA1AB100000001405,8.9,8.9
MA1AB100000001406,10.77,10.77
MA1AB100000001407,0.0,0.0
MA1AB100000001408,3.17,3.17
MA1AB100000001409,2.44,2.44
MA1AB100000001410,1.57,1.57
MA1AB100000001411,3.87,3.87
MA1AB100000001412,0.52,0.52
MA1AB100000001413,10.27,10.27
MA1AB100000001414,4.77,4.77
MA1AB100000001415,6.59,6.59
MA1AB100000001416,9.22,9.22
MA1AB100000001417,3.97,3.97
MA1AB100000001418,0.0,0.0
MA1AB100000001419,9.14,9.14
MA1AB100000001420,8.94,8.94
MA1AB100000001421,15.24,15.24
MA1AB100000001422,1.69,1.69
MA1AB100000001423,6.2,6.2
MA1AB100000001424,20.29,20.29
MA1AB100000001425,3.7,3.7
MA1AB100000001426,4.06,4.06
MA1AB100000001427,10.16,10.16
MA1AB100000001428,9.82,9.82
MA1AB100000001429,5.15,5.15
MA1AB100000001430,6.57,6.57
MA1AB100000001431,6.8,6.8
MA1AB100000001432,13.04,13.04
MA1AB100000001433,8.690000000000001,8.690000000000001
MA1AB100000001434,0.0,0.0
MA1AB100000001435,1.96,1.96
MA1AB100000001436,15.4,15.4
MA1AB100000001437,9.620000000000001,9.620000000000001
MA1AB100000001438,9.96,9.96
MA1AB100000001439,19.15,19.15
MA1AB100000001440,7.54,7.54
MA1AB100000001441,4.3100000000000005,4.3100000000000005
MA1AB100000001442,20.759999999999998,20.759999999999998
MA1AB100000001443,5.67,5.67
MA1AB100000001444,5.25,5.25
MA1AB100000001445,15.969999999999999,15.969999999999999
MA1AB100000001446,4.96,4.96
MA1AB100000001447,7.12,7.12
MA1AB100000001448,8.4,8.4
MA1AB100000001449,0.84,0.84
MA1AB100000001450,5.51,5.51
MA1AB100000001451,6.4,6.4
MA1AB100000001452,6.79,6.79
MA1AB100000001453,9.370000000000001,9.370000000000001
MA1AB100000001454,0.0,0.0
MA1AB100000001455,3.61,3.61
MA1AB100000001456,0.0,0.0
MA1AB100000001457,7.26,7.26
MA1AB100000001458,9.83,9.83
MA1AB100000001459,11.4,11.4
MA1AB100000001460,0.0,0.0
MA1AB100000001461,10.09,10.09
MA1AB100000001462,4.3100000000000005,4.3100000000000005
MA1AB100000001463,12.17,12.17
MA1AB100000001464,0.0,0.0
MA1AB100000001465,8.26,8.26
MA1AB100000001466,7.41,7.41
MA1AB100000001467,1.06,1.06
MA1AB100000001468,40.81,40.81
MA1AB100000001469,7.22,7.22
MA1AB100000001470,6.61,6.61
MA1AB100000001471,12.649999999999999,12.649999999999999
MA1AB100000001472,13.7,13.7
MA1AB100000001473,17.61,17.61
MA1AB100000001474,9.03,9.03
MA1AB100000001475,11.830000000000002,11.830000000000002
MA1AB100000001476,17.87,17.87
MA1AB100000001477,8.73,8.73
MA1AB100000001478,17.33,17.33
MA1AB100000001479,5.37,5.37
MA1AB100000001480,5.84,5.84
MA1AB100000001481,13.24,13.24
MA1AB100000001482,14.77,14.77
MA1AB100000001483,18.439999999999998,18.439999999999998
MA1AB100000001484,10.870000000000001,10.870000000000001
MA1AB100000001485,5.8,5.8
MA1AB100000001486,0.0,0.0
MA1AB100000001487,10.2,10.2
MA1AB100000001488,7.51,7.51
MA1AB100000001489,12.57,12.57
MA1AB100000001490,9.18,9.18
MA1AB100000001491,0.0,0.0
MA1AB100000001492,0.0,0.0
MA1AB100000001493,6.75,6.75
MA1AB100000001494,7.63,7.63
MA1AB100000001495,4.46,4.46
MA1AB100000001496,0.0,0.0
MA1AB100000001497,7.74,7.74
MA1AB100000001498,2.72,2.72
MA1AB100000001499,5.37,5.37
MA1AB100000001500,13.73,13.73
MA1AB100000001501,7.16,7.16
MA1AB100000001502,0.0,0.0
MA1AB100000001503,0.0,0.0
MA1AB100000001504,10.96,10.96
MA1AB100000001505,12.1,12.1
MA1AB100000001506,21.35,21.35
MA1AB100000001507,6.87,6.87
MA1AB100000001508,3.13,3.13
MA1AB100000001509,8.74,8.74
MA1AB100000001510,5.54,5.54
MA1AB100000001511,13.65,13.65
MA1AB100000001512,7.93,7.93
MA1AB100000001513,4.470000000000001,4.470000000000001
MA1AB100000001514,3.8,3.8
MA1AB100000001515,8.27,8.27
MA1AB100000001516,8.71,8.71
MA1AB100000001517,7.11,7.11
MA1AB100000001518,10.25,10.25
MA1AB100000001519,8.28,8.28
MA1AB100000001520,11.74,11.74
MA1AB100000001521,17.939999999999998,17.939999999999998
MA1AB100000001522,11.7,11.7
MA1AB100000001523,20.43,20.43
MA1AB100000001524,8.34,8.34
MA1AB100000001525,0.0,0.0
MA1AB100000001526,14.14,14.14
MA1AB100000001527,6.57,6.57
MA1AB100000001528,2.13,2.13
MA1AB100000001529,8.69,8.69
MA1AB100000001530,5.9,5.9
MA1AB100000001531,6.28,6.28
MA1AB100000001532,15.030000000000001,15.030000000000001
MA1AB100000001533,0.0,0.0
MA1AB100000001534,4.2,4.2
MA1AB100000001535,26.35,26.35
MA1AB100000001536,0.0,0.0
MA1AB100000001537,20.64,20.64
MA1AB100000001538,21.48,21.48
MA1AB100000001539,4.96,4.96
MA1AB100000001540,13.71,13.71
MA1AB100000001541,3.88,3.88
MA1AB100000001542,2.11,2.11
MA1AB100000001543,15.43,15.43
MA1AB100000001544,7.96,7.96
MA1AB100000001545,10.57,10.57
MA1AB100000001546,9.530000000000001,9.530000000000001
MA1AB100000001547,2.42,2.42
MA1AB100000001548,0.58,0.58
MA1AB100000001549,8.86,8.86
MA1AB100000001550,13.23,13.23
MA1AB100000001551,6.79,6.79
MA1AB100000001552,11.44,11.44
MA1AB100000001553,27.42,27.42
MA1AB100000001554,0.64,0.64
MA1AB100000001555,17.56,17.56
MA1AB100000001556,3.62,3.62
MA1AB100000001557,7.68,7.68
MA1AB100000001558,7.1899999999999995,7.1899999999999995
MA1AB100000001559,14.18,14.18
MA1AB100000001560,1.16,1.16
MA1AB100000001561,6.38,6.38
MA1AB100000001562,9.76,9.76
MA1AB100000001563,12.93,12.93
MA1AB100000001564,0.0,0.0
MA1AB100000001565,7.07,7.07
MA1AB100000001566,5.32,5.32
MA1AB100000001567,17.75,17.75
MA1AB100000001568,0.0,0.0
MA1AB100000001569,11.79,11.79
MA1AB100000001570,6.94,6.94
MA1AB100000001571,11.12,11.12
MA1AB100000001572,12.41,12.41
MA1AB100000001573,2.18,2.18
MA1AB100000001574,6.71,6.71
MA1AB100000001575,8.16,8.16
MA1AB100000001576,7.65,7.65
MA1AB100000001577,13.149999999999999,13.149999999999999
MA1AB100000001578,14.149999999999999,14.149999999999999
MA1AB100000001579,13.46,13.46
MA1AB100000001580,1.28,1.28
MA1AB100000001581,0.0,0.0
MA1AB100000001582,10.850000000000001,10.850000000000001
MA1AB100000001583,4.85,4.85
MA1AB100000001584,26.32,26.32
MA1AB100000001585,2.86,2.86
MA1AB100000001586,7.2,7.2
MA1AB100000001587,14.75,14.75
MA1AB100000001588,6.67,6.67
MA1AB100000001589,11.98,11.98
MA1AB100000001590,10.19,10.19
MA1AB100000001591,16.16,16.16
MA1AB100000001592,5.5,5.5
MA1AB100000001593,31.57,31.57
MA1AB100000001594,6.22,6.22
MA1AB100000001595,1.58,1.58
MA1AB100000001596,0.0,0.0
MA1AB100000001597,0.0,0.0
MA1AB100000001598,1.22,1.22
MA1AB100000001599,10.98,10.98
MA1AB100000001600,14.389999999999999,14.389999999999999
MA1AB100000001601,0.68,0.68
MA1AB100000001602,6.09,6.09
MA1AB100000001603,2.2,2.2
MA1AB100000001604,6.8,6.8
MA1AB100000001605,2.24,2.24
MA1AB100000001606,0.0,0.0
MA1AB100000001607,10.54,10.54
MA1AB100000001608,1.85,1.85
MA1AB100000001609,3.37,3.37
MA1AB100000001610,3.21,3.21
MA1AB100000001611,7.8,7.8
MA1AB100000001612,6.97,6.97
MA1AB100000001613,14.23,14.23
MA1AB100000001614,11.84,11.84
MA1AB100000001615,6.5,6.5
MA1AB100000001616,2.07,2.07
MA1AB100000001617,23.05,23.05
MA1AB100000001618,8.71,8.71
MA1AB100000001619,2.77,2.77
MA1AB100000001620,2.81,2.81
MA1AB100000001621,0.0,0.0
MA1AB100000001622,10.370000000000001,10.370000000000001
MA1AB100000001623,24.59,24.59
MA1AB100000001624,4.86,4.86
MA1AB100000001625,12.9,12.9
MA1AB100000001626,7.35,7.35
MA1AB100000001627,0.0,0.0
MA1AB100000001628,3.8,3.8
MA1AB100000001629,13.879999999999999,13.879999999999999
MA1AB100000001630,1.4,1.4
MA1AB100000001631,0.0,0.0
MA1AB100000001632,8.75,8.75
MA1AB100000001633,17.32,17.32
MA1AB100000001634,0.0,0.0
MA1AB100000001635,3.5199999999999996,3.5199999999999996
MA1AB100000001636,11.72,11.72
MA1AB100000001637,0.0,0.0
MA1AB100000001638,3.21,3.21
MA1AB100000001639,18.34,18.34
MA1AB100000001640,4.4,4.4
MA1AB100000001641,23.58,23.58
MA1AB100000001642,17.86,17.86
MA1AB100000001643,10.8,10.8
MA1AB100000001644,9.89,9.89
MA1AB100000001645,0.0,0.0
MA1AB100000001646,11.719999999999999,11.719999999999999
MA1AB100000001647,9.030000000000001,9.030000000000001
MA1AB100000001648,0.0,0.0
MA1AB100000001649,7.289999999999999,7.289999999999999
MA1AB100000001650,0.0,0.0
MA1AB100000001651,8.33,8.33
MA1AB100000001652,6.55,6.55
MA1AB100000001653,16.009999999999998,16.009999999999998
MA1AB100000001654,11.83,11.83
MA1AB100000001655,11.030000000000001,11.030000000000001
MA1AB100000001656,8.74,8.74
MA1AB100000001657,0.99,0.99
MA1AB100000001658,22.939999999999998,22.939999999999998
MA1AB100000001659,13.75,13.75
MA1AB100000001660,4.9,4.9
MA1AB100000001661,20.14,20.14
MA1AB100000001662,5.19,5.19
MA1AB100000001663,9.8,9.8
MA1AB100000001664,0.0,0.0
MA1AB100000001666,0.0,0.0
MA1AB100000001667,8.47,8.47
MA1AB100000001668,5.63,5.63
MA1AB100000001669,16.87,16.87
MA1AB100000001670,8.969999999999999,8.969999999999999
MA1AB100000001671,18.45,18.45
MA1AB100000001672,11.09,11.09
MA1AB100000001673,0.0,0.0
MA1AB100000001674,3.7,3.7
MA1AB100000001675,6.95,6.95
MA1AB100000001676,6.18,6.18
MA1AB100000001677,10.5,10.5
MA1AB100000001678,5.69,5.69
MA1AB100000001679,12.45,12.45
MA1AB100000001680,7.98,7.98
MA1AB100000001681,13.33,13.33
MA1AB100000001682,3.69,3.69
MA1AB100000001683,3.48,3.48
MA1AB100000001684,3.82,3.82
MA1AB100000001685,0.92,0.92
MA1AB100000001686,4.18,4.18
MA1AB100000001687,4.65,4.65
MA1AB100000001688,6.81,6.81
MA1AB100000001689,15.51,15.51
MA1AB100000001690,13.99,13.99
MA1AB100000001691,4.46,4.46
MA1AB100000001692,21.95,21.95
MA1AB100000001693,2.48,2.48
MA1AB100000001694,15.68,15.68
MA1AB100000001695,5.14,5.14
MA1AB100000001696,12.059999999999999,12.059999999999999
MA1AB100000001697,0.0,0.0
MA1AB100000001698,6.51,6.51
MA1AB100000001699,21.19,21.19
MA1AB100000001700,5.53,5.53
MA1AB100000001701,0.0,0.0
MA1AB100000001702,16.9,16.9
MA1AB100000001703,3.61,3.61
MA1AB100000001704,6.53,6.53
MA1AB100000001705,10.76,10.76
MA1AB100000001706,11.15,11.15
MA1AB100000001707,2.75,2.75
MA1AB100000001708,10.09,10.09
MA1AB100000001709,0.0,0.0
MA1AB100000001710,4.42,4.42
MA1AB100000001711,26.3,26.3
MA1AB100000001712,19.509999999999998,19.509999999999998
MA1AB100000001713,6.98,6.98
MA1AB100000001714,32.67,32.67
MA1AB100000001715,13.87,13.87
MA1AB100000001716,15.89,15.89
MA1AB100000001717,6.33,6.33
MA1AB100000001718,7.92,7.92
MA1AB100000001719,18.509999999999998,18.509999999999998
MA1AB100000001720,5.46,5.46
MA1AB100000001721,7.95,7.95
MA1AB100000001722,14.53,14.53
MA1AB100000001723,4.18,4.18
MA1AB100000001724,0.0,0.0
MA1AB100000001725,4.98,4.98
MA1AB100000001726,3.58,3.58
MA1AB100000001727,5.07,5.07
MA1AB100000001728,9.600000000000001,9.600000000000001
MA1AB100000001729,0.0,0.0
MA1AB100000001730,1.36,1.36
MA1AB100000001731,4.31,4.31
MA1AB100000001732,22.87,22.87
MA1AB100000001733,5.64,5.64
MA1AB100000001734,12.48,12.48
MA1AB100000001735,5.38,5.38
MA1AB100000001736,12.83,12.83
MA1AB100000001737,0.0,0.0
MA1AB100000001738,10.82,10.82
MA1AB100000001739,3.99,3.99
MA1AB100000001740,1.87,1.87
MA1AB100000001741,3.37,3.37
MA1AB100000001742,17.97,17.97
MA1AB100000001743,9.52,9.52
MA1AB100000001744,12.620000000000001,12.620000000000001
MA1AB100000001745,10.54,10.54
MA1AB100000001746,10.45,10.45
MA1AB100000001747,11.22,11.22
MA1AB100000001748,8.75,8.75
MA1AB100000001749,13.43,13.43
MA1AB100000001750,21.25,21.25
MA1AB100000001751,5.88,5.88
MA1AB100000001752,4.9,4.9
MA1AB100000001753,1.02,1.02
MA1AB100000001754,8.01,8.01
MA1AB100000001755,2.31,2.31
MA1AB100000001756,0.0,0.0
MA1AB100000001757,8.42,8.42
MA1AB100000001758,7.0600000000000005,7.0600000000000005
MA1AB100000001759,15.4,15.4
MA1AB100000001760,0.0,0.0
MA1AB100000001761,0.0,0.0
MA1AB100000001762,15.870000000000001,15.870000000000001
MA1AB100000001763,11.05,11.05
MA1AB100000001764,6.08,6.08
MA1AB100000001765,11.01,11.01
MA1AB100000001766,8.5,8.5
MA1AB100000001767,0.0,0.0
MA1AB100000001768,20.27,20.27
MA1AB100000001769,7.73,7.73
MA1AB100000001770,0.0,0.0
MA1AB100000001771,12.69,12.69
MA1AB100000001772,4.34,4.34
MA1AB100000001773,2.99,2.99
MA1AB100000001774,0.0,0.0
MA1AB100000001775,9.13,9.13
MA1AB100000001776,11.39,11.39
MA1AB100000001777,16.4,16.4
MA1AB100000001778,0.0,0.0
MA1AB100000001779,0.74,0.74
MA1AB100000001780,9.57,9.57
MA1AB100000001781,6.550000000000001,6.550000000000001
MA1AB100000001782,4.0,4.0
MA1AB100000001783,3.78,3.78
MA1AB100000001784,0.0,0.0
MA1AB100000001785,3.92,3.92
MA1AB100000001786,9.84,9.84
MA1AB100000001787,9.059999999999999,9.059999999999999
MA1AB100000001788,7.98,7.98
MA1AB100000001789,12.34,12.34
MA1AB100000001790,0.0,0.0
MA1AB100000001791,19.84,19.84
MA1AB100000001792,28.34,28.34
MA1AB100000001793,2.67,2.67
MA1AB100000001794,1.28,1.28
MA1AB100000001795,2.42,2.42
MA1AB100000001796,12.1,12.1
MA1AB100000001797,14.079999999999998,14.079999999999998
MA1AB100000001798,0.0,0.0
MA1AB100000001799,11.01,11.01
MA1AB100000001800,10.3,10.3
MA1AB100000001801,6.95,6.95
MA1AB100000001802,7.27,7.27
MA1AB100000001803,2.71,2.71
MA1AB100000001804,18.69,18.69
MA1AB100000001805,15.76,15.76
MA1AB100000001806,11.010000000000002,11.010000000000002
MA1AB100000001807,7.58,7.58
MA1AB100000001808,10.45,10.45
MA1AB100000001809,12.45,12.45
MA1AB100000001810,0.0,0.0
MA1AB100000001811,0.0,0.0
MA1AB100000001812,8.67,8.67
MA1AB100000001813,2.46,2.46
MA1AB100000001814,16.68,16.68
MA1AB100000001815,12.23,12.23
MA1AB100000001816,20.13,20.13
MA1AB100000001817,7.680000000000001,7.680000000000001
MA1AB100000001818,5.68,5.68
MA1AB100000001819,23.34,23.34
MA1AB100000001820,15.59,15.59
MA1AB100000001821,8.280000000000001,8.280000000000001
MA1AB100000001822,13.46,13.46
MA1AB100000001823,2.38,2.38
MA1AB100000001824,15.64,15.64
MA1AB100000001825,14.71,14.71
MA1AB100000001826,14.94,14.94
MA1AB100000001827,2.13,2.13
MA1AB100000001828,0.0,0.0
MA1AB100000001829,9.940000000000001,9.940000000000001
MA1AB100000001830,6.49,6.49
MA1AB100000001831,3.09,3.09
MA1AB100000001832,3.91,3.91
MA1AB100000001833,6.92,6.92
MA1AB100000001834,3.14,3.14
MA1AB100000001835,9.649999999999999,9.649999999999999
MA1AB100000001836,9.19,9.19
MA1AB100000001837,14.75,14.75
MA1AB100000001838,0.0,0.0
MA1AB100000001839,3.18,3.18
MA1AB100000001840,17.9,17.9
MA1AB100000001841,4.4,4.4
MA1AB100000001842,0.0,0.0
MA1AB100000001843,10.370000000000001,10.370000000000001
MA1AB100000001844,0.0,0.0
MA1AB100000001845,0.0,0.0
MA1AB100000001846,8.780000000000001,8.780000000000001
MA1AB100000001847,7.3500000000000005,7.3500000000000005
MA1AB100000001848,9.48,9.48
MA1AB100000001849,6.11,6.11
MA1AB100000001850,17.14,17.14
MA1AB100000001851,8.95,8.95
MA1AB100000001852,12.629999999999999,12.629999999999999
MA1AB100000001853,10.7,10.7
MA1AB100000001854,7.3500000000000005,7.3500000000000005
MA1AB100000001855,4.64,4.64
MA1AB100000001856,3.47,3.47
MA1AB100000001857,14.280000000000001,14.280000000000001
MA1AB100000001858,9.56,9.56
MA1AB100000001859,11.44,11.44
MA1AB100000001860,2.02,2.02
MA1AB100000001861,10.14,10.14
MA1AB100000001862,2.2,2.2
MA1AB100000001863,5.619999999999999,5.619999999999999
MA1AB100000001864,7.0,7.0
MA1AB100000001865,18.37,18.37
MA1AB100000001866,3.06,3.06
MA1AB100000001867,1.35,1.35
MA1AB100000001868,8.0,8.0
MA1AB100000001869,13.469999999999999,13.469999999999999
MA1AB100000001870,6.52,6.52
MA1AB100000001871,0.0,0.0
MA1AB100000001872,10.79,10.79
MA1AB100000001873,9.27,9.27
MA1AB100000001874,9.27,9.27
MA1AB100000001875,0.0,0.0
MA1AB100000001876,2.55,2.55
MA1AB100000001877,12.28,12.28
MA1AB100000001878,0.0,0.0
MA1AB100000001879,5.18,5.18
MA1AB100000001880,3.44,3.44
MA1AB100000001881,7.64,7.64
MA1AB100000001882,11.66,11.66
MA1AB100000001883,3.32,3.32
MA1AB100000001884,0.84,0.84
MA1AB100000001885,5.07,5.07
MA1AB100000001886,12.07,12.07
MA1AB100000001887,7.46,7.46
MA1AB100000001888,7.0200000000000005,7.0200000000000005
MA1AB100000001889,5.52,5.52
MA1AB100000001890,3.2199999999999998,3.2199999999999998
MA1AB100000001891,2.2,2.2
MA1AB100000001892,5.58,5.58
MA1AB100000001893,3.6399999999999997,3.6399999999999997
MA1AB100000001894,1.91,1.91
MA1AB100000001895,18.02,18.02
MA1AB100000001896,8.19,8.19
MA1AB100000001897,6.109999999999999,6.109999999999999
MA1AB100000001898,0.0,0.0
MA1AB100000001899,1.02,1.02
MA1AB100000001900,7.529999999999999,7.529999999999999
MA1AB100000001901,14.010000000000002,14.010000000000002
MA1AB100000001902,7.17,7.17
MA1AB100000001903,3.52,3.52
MA1AB100000001904,4.32,4.32
MA1AB100000001905,9.63,9.63
MA1AB100000001906,15.55,15.55
MA1AB100000001907,13.09,13.09
MA1AB100000001908,0.73,0.73
MA1AB100000001909,2.6,2.6
MA1AB100000001910,6.74,6.74
MA1AB100000001911,10.440000000000001,10.440000000000001
MA1AB100000001912,0.0,0.0
MA1AB100000001913,1.72,1.72
MA1AB100000001914,14.02,14.02
MA1AB100000001915,1.15,1.15
MA1AB100000001916,12.739999999999998,12.739999999999998
MA1AB100000001917,5.77,5.77
MA1AB100000001918,15.18,15.18
MA1AB100000001919,3.18,3.18
MA1AB100000001920,9.66,9.66
MA1AB100000001921,13.03,13.03
MA1AB100000001922,0.0,0.0
MA1AB100000001923,15.23,15.23
MA1AB100000001924,7.25,7.25
MA1AB100000001925,2.84,2.84
MA1AB100000001926,1.15,1.15
MA1AB100000001927,8.96,8.96
MA1AB100000001928,6.51,6.51
MA1AB100000001929,12.920000000000002,12.920000000000002
MA1AB100000001930,38.64,38.64
MA1AB100000001931,9.68,9.68
MA1AB100000001932,0.0,0.0
MA1AB100000001933,0.0,0.0
MA1AB100000001934,10.05,10.05
MA1AB100000001935,1.8,1.8
MA1AB100000001936,6.37,6.37
MA1AB100000001937,6.08,6.08
MA1AB100000001938,9.23,9.23
MA1AB100000001939,8.88,8.88
MA1AB100000001940,0.0,0.0
MA1AB100000001941,4.78,4.78
MA1AB100000001942,4.33,4.33
MA1AB100000001943,3.59,3.59
MA1AB100000001944,8.17,8.17
MA1AB100000001945,10.67,10.67
MA1AB100000001946,5.55,5.55
MA1AB100000001947,19.27,19.27
MA1AB100000001948,3.91,3.91
MA1AB100000001949,2.84,2.84
MA1AB100000001950,0.0,0.0
MA1AB100000001951,6.379999999999999,6.379999999999999
MA1AB100000001952,6.6,6.6
MA1AB100000001953,7.7,7.7
MA1AB100000001954,10.81,10.81
MA1AB100000001955,7.82,7.82
MA1AB100000001956,0.0,0.0
MA1AB100000001957,1.94,1.94
MA1AB100000001958,6.9,6.9
MA1AB100000001959,2.59,2.59
MA1AB100000001960,6.44,6.44
MA1AB100000001961,2.84,2.84
MA1AB100000001962,5.03,5.03
MA1AB100000001963,16.15,16.15
MA1AB100000001964,9.09,9.09
MA1AB100000001965,4.91,4.91
MA1AB100000001966,13.57,13.57
MA1AB100000001967,2.74,2.74
MA1AB100000001968,6.97,6.97
MA1AB100000001969,16.61,16.61
MA1AB100000001970,5.75,5.75
MA1AB100000001971,4.54,4.54
MA1AB100000001972,11.16,11.16
MA1AB100000001973,6.89,6.89
MA1AB100000001974,2.65,2.65
MA1AB100000001975,1.36,1.36
MA1AB100000001976,10.190000000000001,10.190000000000001
MA1AB100000001977,0.0,0.0
MA1AB100000001978,14.49,14.49
MA1AB100000001979,9.09,9.09
MA1AB100000001980,0.0,0.0
MA1AB100000001981,5.15,5.15
MA1AB100000001982,0.0,0.0
MA1AB100000001983,1.2,1.2
MA1AB100000001984,0.0,0.0
MA1AB100000001985,0.0,0.0
MA1AB100000001986,12.75,12.75
MA1AB100000001987,0.97,0.97
MA1AB100000001988,10.58,10.58
MA1AB100000001989,3.39,3.39
MA1AB100000001990,6.33,6.33
MA1AB100000001991,18.4,18.4
MA1AB100000001992,8.0,8.0
MA1AB100000001993,0.0,0.0
MA1AB100000001994,9.200000000000001,9.200000000000001
MA1AB100000001995,19.97,19.97
MA1AB100000001996,3.61,3.61
MA1AB100000001997,7.22,7.22
MA1AB100000001999,8.84,8.84
MA1AB100000002000,7.73,7.73
MA1AB100000002001,12.73,12.73
MA1AB100000002002,5.51,5.51
MA1AB100000002003,10.9,10.9
MA1AB100000002004,4.59,4.59
MA1AB100000002005,4.83,4.83
MA1AB100000002006,13.71,13.71
MA1AB100000002007,6.83,6.83
MA1AB100000002008,0.6,0.6
MA1AB100000002009,3.57,3.57
MA1AB100000002010,0.0,0.0
MA1AB100000002011,15.190000000000001,15.190000000000001
MA1AB100000002012,4.35,4.35
MA1AB100000002013,31.46,31.46
MA1AB100000002014,8.91,8.91
MA1AB100000002015,7.569999999999999,7.569999999999999
MA1AB100000002016,14.73,14.73
MA1AB100000002017,2.41,2.41
MA1AB100000002018,7.46,7.46
MA1AB100000002019,11.95,11.95
MA1AB100000002020,16.78,16.78
MA1AB100000002021,2.41,2.41
MA1AB100000002022,7.88,7.88
MA1AB100000002023,3.0,3.0
MA1AB100000002024,2.82,2.82
MA1AB100000002025,9.709999999999999,9.709999999999999
MA1AB100000002026,0.0,0.0
MA1AB100000002027,5.470000000000001,5.470000000000001
MA1AB100000002028,6.91,6.91
MA1AB100000002029,0.0,0.0
MA1AB100000002030,6.53,6.53
MA1AB100000002031,0.0,0.0
MA1AB100000002032,6.87,6.87
MA1AB100000002033,5.989999999999999,5.989999999999999
MA1AB100000002034,19.18,19.18
MA1AB100000002035,11.22,11.22
MA1AB100000002036,11.28,11.28
MA1AB100000002037,3.11,3.11
MA1AB100000002038,11.59,11.59
MA1AB100000002039,11.51,11.51
MA1AB100000002040,0.81,0.81
MA1AB100000002041,21.72,21.72
MA1AB100000002042,9.47,9.47
MA1AB100000002043,11.55,11.55
MA1AB100000002044,8.08,8.08
MA1AB100000002045,1.76,1.76
MA1AB100000002046,29.380000000000003,29.380000000000003
MA1AB100000002047,1.52,1.52
MA1AB100000002048,2.19,2.19
MA1AB100000002049,0.0,0.0
MA1AB100000002050,1.8399999999999999,1.8399999999999999
MA1AB100000002051,8.190000000000001,8.190000000000001
MA1AB100000002052,13.05,13.05
MA1AB100000002053,0.0,0.0
MA1AB100000002054,0.0,0.0
MA1AB100000002055,9.690000000000001,9.690000000000001
MA1AB100000002056,3.52,3.52
MA1AB100000002057,10.740000000000002,10.740000000000002
MA1AB100000002058,3.42,3.42
MA1AB100000002059,8.35,8.35
MA1AB100000002060,6.96,6.96
MA1AB100000002061,12.84,12.84
MA1AB100000002062,6.54,6.54
MA1AB100000002063,4.53,4.53
MA1AB100000002064,12.23,12.23
MA1AB100000002065,2.43,2.43
MA1AB100000002066,0.77,0.77
MA1AB100000002067,0.0,0.0
MA1AB100000002068,7.43,7.43
MA1AB100000002069,8.85,8.85
MA1AB100000002070,7.210000000000001,7.210000000000001
MA1AB100000002071,20.759999999999998,20.759999999999998
MA1AB100000002072,12.15,12.15
MA1AB100000002073,0.0,0.0
MA1AB100000002074,13.11,13.11
MA1AB100000002075,0.0,0.0
MA1AB100000002076,6.99,6.99
MA1AB100000002077,0.75,0.75
MA1AB100000002078,3.28,3.28
MA1AB100000002079,1.65,1.65
MA1AB100000002080,20.07,20.07
MA1AB100000002081,2.39,2.39
MA1AB100000002082,10.84,10.84
MA1AB100000002083,3.79,3.79
MA1AB100000002084,11.620000000000001,11.620000000000001
MA1AB100000002085,6.86,6.86
MA1AB100000002086,5.85,5.85
MA1AB100000002087,0.0,0.0
MA1AB100000002088,7.45,7.45
MA1AB100000002089,3.42,3.42
MA1AB100000002090,1.94,1.94
MA1AB100000002091,16.47,16.47
MA1AB100000002092,0.0,0.0
MA1AB100000002093,14.780000000000001,14.780000000000001
MA1AB100000002094,3.99,3.99
MA1AB100000002095,12.940000000000001,12.940000000000001
MA1AB100000002096,20.58,20.58
MA1AB100000002097,4.73,4.73
MA1AB100000002098,1.86,1.86
MA1AB100000002099,10.16,10.16
MA1AB100000002100,12.17,12.17
MA1AB100000002101,5.87,5.87
MA1AB100000002102,11.18,11.18
MA1AB100000002103,22.81,22.81
MA1AB100000002104,7.46,7.46
MA1AB100000002105,0.0,0.0
MA1AB100000002106,0.0,0.0
MA1AB100000002107,5.68,5.68
MA1AB100000002108,11.54,11.54
MA1AB100000002109,7.63,7.63
MA1AB100000002110,0.0,0.0
MA1AB100000002111,9.86,9.86
MA1AB100000002112,13.16,13.16
MA1AB100000002113,12.51,12.51
MA1AB100000002114,0.0,0.0
MA1AB100000002115,0.0,0.0
MA1AB100000002116,12.45,12.45
MA1AB100000002117,8.07,8.07
MA1AB100000002118,10.77,10.77
MA1AB100000002119,5.15,5.15
MA1AB100000002120,0.0,0.0
MA1AB100000002121,0.0,0.0
MA1AB100000002122,13.45,13.45
MA1AB100000002123,11.370000000000001,11.370000000000001
MA1AB100000002124,13.62,13.62
MA1AB100000002125,0.0,0.0
MA1AB100000002126,1.98,1.98
MA1AB100000002127,4.94,4.94
MA1AB100000002128,0.67,0.67
MA1AB100000002129,2.88,2.88
MA1AB100000002130,13.64,13.64
MA1AB100000002131,12.66,12.66
MA1AB100000002132,2.46,2.46
MA1AB100000002133,0.0,0.0
MA1AB100000002134,1.29,1.29
MA1AB100000002135,0.0,0.0
MA1AB100000002136,22.97,22.97
MA1AB100000002137,11.01,11.01
MA1AB100000002138,20.61,20.61
MA1AB100000002139,6.3100000000000005,6.3100000000000005
MA1AB100000002140,7.56,7.56
MA1AB100000002141,24.240000000000002,24.240000000000002
MA1AB100000002142,7.67,7.67
MA1AB100000002143,0.9,0.9
MA1AB100000002144,9.54,9.54
MA1AB100000002145,2.46,2.46
MA1AB100000002146,7.36,7.36
MA1AB100000002147,10.57,10.57
MA1AB100000002148,10.6,10.6
MA1AB100000002149,12.7,12.7
MA1AB100000002150,12.469999999999999,12.469999999999999
MA1AB100000002151,13.15,13.15
MA1AB100000002152,0.0,0.0
MA1AB100000002153,6.52,6.52
MA1AB100000002154,27.77,27.77
MA1AB100000002155,12.399999999999999,12.399999999999999
MA1AB100000002156,23.78,23.78
MA1AB100000002157,12.32,12.32
MA1AB100000002158,4.79,4.79
MA1AB100000002159,13.379999999999999,13.379999999999999
MA1AB100000002160,8.540000000000001,8.540000000000001
MA1AB100000002161,5.51,5.51
MA1AB100000002162,22.02,22.02
MA1AB100000002163,4.76,4.76
MA1AB100000002164,11.399999999999999,11.399999999999999
MA1AB100000002165,6.01,6.01
MA1AB100000002166,6.289999999999999,6.289999999999999
MA1AB100000002167,4.720000000000001,4.720000000000001
MA1AB100000002168,0.0,0.0
MA1AB100000002169,0.0,0.0
MA1AB100000002170,0.0,0.0
MA1AB100000002171,14.43,14.43
MA1AB100000002172,10.48,10.48
MA1AB100000002173,7.92,7.92
MA1AB100000002174,4.4,4.4
MA1AB100000002175,10.350000000000001,10.350000000000001
MA1AB100000002176,9.96,9.96
MA1AB100000002177,3.41,3.41
MA1AB100000002178,11.030000000000001,11.030000000000001
MA1AB100000002179,18.19,18.19
MA1AB100000002180,17.39,17.39
MA1AB100000002181,6.35,6.35
MA1AB100000002182,11.22,11.22
MA1AB100000002183,7.93,7.93
MA1AB100000002184,7.05,7.05
MA1AB100000002185,15.76,15.76
MA1AB100000002186,9.16,9.16
MA1AB100000002187,6.609999999999999,6.609999999999999
MA1AB100000002188,9.620000000000001,9.620000000000001
MA1AB100000002189,1.47,1.47
MA1AB100000002190,0.89,0.89
MA1AB100000002191,0.0,0.0
MA1AB100000002192,2.18,2.18
MA1AB100000002193,4.51,4.51
MA1AB100000002194,9.95,9.95
MA1AB100000002195,12.45,12.45
MA1AB100000002196,8.219999999999999,8.219999999999999
MA1AB100000002197,2.0,2.0
MA1AB100000002198,1.49,1.49
MA1AB100000002199,0.0,0.0
MA1AB100000002200,4.06,4.06
MA1AB100000002201,7.65,7.65
MA1AB100000002202,1.4500000000000002,1.4500000000000002
MA1AB100000002203,3.09,3.09
MA1AB100000002204,12.01,12.01
MA1AB100000002205,0.0,0.0
MA1AB100000002206,12.219999999999999,12.219999999999999
MA1AB100000002207,16.99,16.99
MA1AB100000002208,3.62,3.62
MA1AB100000002209,10.5,10.5
MA1AB100000002210,15.23,15.23
MA1AB100000002211,12.15,12.15
MA1AB100000002212,5.44,5.44
MA1AB100000002213,14.49,14.49
MA1AB100000002214,2.5700000000000003,2.5700000000000003
MA1AB100000002215,0.0,0.0
MA1AB100000002216,7.61,7.61
MA1AB100000002217,0.0,0.0
MA1AB100000002218,13.85,13.85
MA1AB100000002219,19.9,19.9
MA1AB100000002220,0.0,0.0
MA1AB100000002221,9.42,9.42
MA1AB100000002222,14.61,14.61
MA1AB100000002223,0.0,0.0
MA1AB100000002224,3.73,3.73
MA1AB100000002225,6.44,6.44
MA1AB100000002226,0.0,0.0
MA1AB100000002227,10.09,10.09
MA1AB100000002228,9.709999999999999,9.709999999999999
MA1AB100000002229,0.53,0.53
MA1AB100000002230,4.67,4.67
MA1AB100000002231,0.91,0.91
MA1AB100000002232,6.67,6.67
MA1AB100000002233,10.55,10.55
MA1AB100000002234,3.5,3.5
MA1AB100000002235,9.19,9.19
MA1AB100000002236,18.83,18.83
MA1AB100000002237,5.43,5.43
MA1AB100000002238,0.0,0.0
MA1AB100000002239,25.67,25.67
MA1AB100000002240,13.25,13.25
MA1AB100000002241,2.83,2.83
MA1AB100000002242,1.47,1.47
MA1AB100000002243,0.0,0.0
MA1AB100000002244,2.13,2.13
MA1AB100000002245,8.29,8.29
MA1AB100000002246,0.0,0.0
MA1AB100000002247,9.28,9.28
MA1AB100000002248,3.48,3.48
MA1AB100000002249,21.67,21.67
MA1AB100000002250,0.0,0.0
MA1AB100000002251,3.71,3.71
MA1AB100000002252,0.0,0.0
MA1AB100000002253,4.87,4.87
MA1AB100000002254,21.27,21.27
MA1AB100000002255,0.0,0.0
MA1AB100000002256,3.85,3.85
MA1AB100000002257,3.77,3.77
MA1AB100000002258,11.64,11.64
MA1AB100000002259,0.0,0.0
MA1AB100000002260,6.1,6.1
MA1AB100000002261,6.04,6.04
MA1AB100000002262,9.95,9.95
MA1AB100000002263,7.1899999999999995,7.1899999999999995
MA1AB100000002264,7.1,7.1
MA1AB100000002265,6.92,6.92
MA1AB100000002266,1.06,1.06
MA1AB100000002267,0.0,0.0
MA1AB100000002268,0.51,0.51
MA1AB100000002269,12.95,12.95
MA1AB100000002270,22.810000000000002,22.810000000000002
MA1AB100000002271,2.11,2.11
MA1AB100000002272,7.41,7.41
MA1AB100000002273,31.13,31.13
MA1AB100000002274,8.33,8.33
MA1AB100000002275,0.97,0.97
MA1AB100000002276,11.879999999999999,11.879999999999999
MA1AB100000002277,8.81,8.81
MA1AB100000002278,2.79,2.79
MA1AB100000002279,0.0,0.0
MA1AB100000002280,27.12,27.12
MA1AB100000002281,10.67,10.67
MA1AB100000002282,5.76,5.76
MA1AB100000002283,1.31,1.31
MA1AB100000002284,0.0,0.0
MA1AB100000002285,5.85,5.85
MA1AB100000002286,11.52,11.52
MA1AB100000002287,5.5600000000000005,5.5600000000000005
MA1AB100000002288,17.79,17.79
MA1AB100000002289,12.31,12.31
MA1AB100000002290,15.92,15.92
MA1AB100000002291,21.37,21.37
MA1AB100000002292,16.02,16.02
MA1AB100000002293,19.68,19.68
MA1AB100000002294,0.0,0.0
MA1AB100000002295,0.0,0.0
MA1AB100000002296,8.51,8.51
MA1AB100000002297,6.45,6.45
MA1AB100000002298,0.0,0.0
MA1AB100000002299,2.29,2.29
MA1AB100000002300,18.36,18.36
MA1AB100000002301,0.0,0.0
MA1AB100000002302,2.64,2.64
MA1AB100000002303,17.53,17.53
MA1AB100000002304,0.0,0.0
MA1AB100000002305,5.71,5.71
MA1AB100000002306,0.0,0.0
MA1AB100000002307,10.99,10.99
MA1AB100000002308,13.09,13.09
MA1AB100000002309,7.27,7.27
MA1AB100000002310,11.68,11.68
MA1AB100000002311,7.47,7.47
MA1AB100000002312,0.0,0.0
MA1AB100000002313,4.85,4.85
MA1AB100000002314,6.68,6.68
MA1AB100000002315,11.18,11.18
MA1AB100000002316,10.53,10.53
MA1AB100000002317,14.19,14.19
MA1AB100000002318,0.0,0.0
MA1AB100000002319,12.719999999999999,12.719999999999999
MA1AB100000002320,15.16,15.16
MA1AB100000002321,9.780000000000001,9.780000000000001
MA1AB100000002322,3.97,3.97
MA1AB100000002323,8.87,8.87
MA1AB100000002324,8.15,8.15
MA1AB100000002325,11.24,11.24
MA1AB100000002326,16.38,16.38
MA1AB100000002327,0.0,0.0
MA1AB100000002328,4.59,4.59
MA1AB100000002329,8.0,8.0
MA1AB100000002330,8.25,8.25
MA1AB100000002332,15.15,15.15
MA1AB100000002333,8.4,8.4
MA1AB100000002334,2.7,2.7
MA1AB100000002335,4.32,4.32
MA1AB100000002336,2.42,2.42
MA1AB100000002337,11.620000000000001,11.620000000000001
MA1AB100000002338,9.89,9.89
MA1AB100000002339,9.44,9.44
MA1AB100000002340,2.29,2.29
MA1AB100000002341,17.799999999999997,17.799999999999997
MA1AB100000002342,13.780000000000001,13.780000000000001
MA1AB100000002343,3.44,3.44
MA1AB100000002344,4.86,4.86
MA1AB100000002345,7.2700000000000005,7.2700000000000005
MA1AB100000002346,24.990000000000002,24.990000000000002
MA1AB100000002347,5.18,5.18
MA1AB100000002348,5.31,5.31
MA1AB100000002349,15.600000000000001,15.600000000000001
MA1AB100000002350,3.8600000000000003,3.8600000000000003
MA1AB100000002351,5.78,5.78
MA1AB100000002352,6.2,6.2
MA1AB100000002353,9.9,9.9
MA1AB100000002354,1.31,1.31
MA1AB100000002355,7.32,7.32
MA1AB100000002356,5.08,5.08
MA1AB100000002357,1.01,1.01
MA1AB100000002358,0.0,0.0
MA1AB100000002359,6.58,6.58
MA1AB100000002360,11.92,11.92
MA1AB100000002361,1.21,1.21
MA1AB100000002362,19.75,19.75
MA1AB100000002363,8.129999999999999,8.129999999999999
MA1AB100000002364,0.0,0.0
MA1AB100000002365,10.469999999999999,10.469999999999999
MA1AB100000002366,0.0,0.0
MA1AB100000002367,13.3,13.3
MA1AB100000002368,9.78,9.78
MA1AB100000002369,0.0,0.0
MA1AB100000002370,12.27,12.27
MA1AB100000002371,22.18,22.18
MA1AB100000002372,6.359999999999999,6.359999999999999
MA1AB100000002373,20.29,20.29
MA1AB100000002374,10.870000000000001,10.870000000000001
MA1AB100000002375,7.16,7.16
MA1AB100000002376,9.719999999999999,9.719999999999999
MA1AB100000002377,17.89,17.89
MA1AB100000002378,4.89,4.89
MA1AB100000002379,6.33,6.33
MA1AB100000002380,0.0,0.0
MA1AB100000002381,11.25,11.25
MA1AB100000002382,0.0,0.0
MA1AB100000002383,12.34,12.34
MA1AB100000002384,13.92,13.92
MA1AB100000002385,10.379999999999999,10.379999999999999
MA1AB100000002386,2.8,2.8
MA1AB100000002387,18.91,18.91
MA1AB100000002388,6.13,6.13
MA1AB100000002389,19.22,19.22
MA1AB100000002390,4.18,4.18
MA1AB100000002391,1.89,1.89
MA1AB100000002392,17.03,17.03
MA1AB100000002393,3.2,3.2
MA1AB100000002394,10.51,10.51
MA1AB100000002395,22.02,22.02
MA1AB100000002396,13.81,13.81
MA1AB100000002397,8.059999999999999,8.059999999999999
MA1AB100000002398,6.31,6.31
MA1AB100000002399,1.17,1.17
MA1AB100000002400,0.0,0.0
MA1AB100000002401,2.13,2.13
MA1AB100000002402,7.140000000000001,7.140000000000001
MA1AB100000002403,2.93,2.93
MA1AB100000002404,10.2,10.2
MA1AB100000002405,0.0,0.0
MA1AB100000002406,0.0,0.0
MA1AB100000002407,0.0,0.0
MA1AB100000002408,2.27,2.27
MA1AB100000002409,14.45,14.45
MA1AB100000002410,2.74,2.74
MA1AB100000002411,0.0,0.0
MA1AB100000002412,1.5,1.5
MA1AB100000002413,7.45,7.45
MA1AB100000002414,16.12,16.12
MA1AB100000002415,8.629999999999999,8.629999999999999
MA1AB100000002416,26.990000000000002,26.990000000000002
MA1AB100000002417,23.41,23.41
MA1AB100000002418,7.18,7.18
MA1AB100000002419,3.55,3.55
MA1AB100000002420,16.36,16.36
MA1AB100000002421,19.52,19.52
MA1AB100000002422,21.04,21.04
MA1AB100000002423,0.0,0.0
MA1AB100000002424,4.03,4.03
MA1AB100000002425,19.96,19.96
MA1AB100000002426,7.61,7.61
MA1AB100000002427,6.56,6.56
MA1AB100000002428,9.37,9.37
MA1AB100000002429,19.64,19.64
MA1AB100000002430,4.74,4.74
MA1AB100000002431,11.41,11.41
MA1AB100000002432,7.55,7.55
MA1AB100000002433,1.42,1.42
MA1AB100000002434,10.059999999999999,10.059999999999999
MA1AB100000002435,6.17,6.17
MA1AB100000002436,8.969999999999999,8.969999999999999
MA1AB100000002437,8.41,8.41
MA1AB100000002438,7.69,7.69
MA1AB100000002439,0.0,0.0
MA1AB100000002440,6.77,6.77
MA1AB100000002441,4.07,4.07
MA1AB100000002442,5.58,5.58
MA1AB100000002443,3.07,3.07
MA1AB100000002444,6.19,6.19
MA1AB100000002445,10.91,10.91
MA1AB100000002446,15.32,15.32
MA1AB100000002447,6.9,6.9
MA1AB100000002448,24.61,24.61
MA1AB100000002449,11.36,11.36
MA1AB100000002450,2.19,2.19
MA1AB100000002451,9.44,9.44
MA1AB100000002452,17.7,17.7
MA1AB100000002453,8.31,8.31
MA1AB100000002454,6.17,6.17
MA1AB100000002455,13.68,13.68
MA1AB100000002456,0.68,0.68
MA1AB100000002457,0.0,0.0
MA1AB100000002458,11.7,11.7
MA1AB100000002459,1.88,1.88
MA1AB100000002460,1.9,1.9
MA1AB100000002461,15.45,15.45
MA1AB100000002462,10.75,10.75
MA1AB100000002463,18.92,18.92
MA1AB100000002464,0.73,0.73
MA1AB100000002465,16.38,16.38
MA1AB100000002466,3.2300000000000004,3.2300000000000004
MA1AB100000002467,0.0,0.0
MA1AB100000002468,0.69,0.69
MA1AB100000002469,5.55,5.55
MA1AB100000002470,8.6,8.6
MA1AB100000002471,0.0,0.0
MA1AB100000002472,10.1,10.1
MA1AB100000002473,2.29,2.29
MA1AB100000002474,10.6,10.6
MA1AB100000002475,4.96,4.96
MA1AB100000002476,10.010000000000002,10.010000000000002
MA1AB100000002477,6.41,6.41
MA1AB100000002478,7.92,7.92
MA1AB100000002479,12.11,12.11
MA1AB100000002480,5.95,5.95
MA1AB100000002481,1.1,1.1
MA1AB100000002482,13.27,13.27
MA1AB100000002483,6.78,6.78
MA1AB100000002484,13.420000000000002,13.420000000000002
MA1AB100000002485,4.5,4.5
MA1AB100000002486,0.0,0.0
MA1AB100000002487,16.81,16.81
MA1AB100000002488,11.84,11.84
MA1AB100000002489,12.54,12.54
MA1AB100000002490,0.0,0.0
MA1AB100000002491,0.0,0.0
MA1AB100000002492,10.39,10.39
MA1AB100000002493,21.439999999999998,21.439999999999998
MA1AB100000002494,0.0,0.0
MA1AB100000002495,10.31,10.31
MA1AB100000002496,18.16,18.16
MA1AB100000002497,8.26,8.26
MA1AB100000002498,16.85,16.85
MA1AB100000002499,13.709999999999999,13.709999999999999
MA1AB100000002500,18.8,18.8
MA1AB100000002501,7.62,7.62
MA1AB100000002502,0.0,0.0
MA1AB100000002503,6.31,6.31
MA1AB100000002504,4.29,4.29
MA1AB100000002505,20.81,20.81
MA1AB100000002506,9.93,9.93
MA1AB100000002507,3.19,3.19
MA1AB100000002508,4.13,4.13
MA1AB100000002509,19.82,19.82
MA1AB100000002510,0.0,0.0
MA1AB100000002511,7.17,7.17
MA1AB100000002512,1.94,1.94
MA1AB100000002513,5.7,5.7
MA1AB100000002514,15.02,15.02
MA1AB100000002515,0.0,0.0
MA1AB100000002516,19.48,19.48
MA1AB100000002517,25.83,25.83
MA1AB100000002518,0.0,0.0
MA1AB100000002519,0.0,0.0
MA1AB100000002520,12.1,12.1
MA1AB100000002521,8.440000000000001,8.440000000000001
MA1AB100000002522,7.2,7.2
MA1AB100000002523,10.73,10.73
MA1AB100000002524,0.0,0.0
MA1AB100000002525,9.3,9.3
MA1AB100000002526,9.65,9.65
MA1AB100000002527,0.0,0.0
MA1AB100000002528,16.77,16.77
MA1AB100000002529,13.33,13.33
MA1AB100000002530,2.25,2.25
MA1AB100000002531,0.0,0.0
MA1AB100000002532,0.0,0.0
MA1AB100000002533,30.59,30.59
MA1AB100000002534,8.28,8.28
MA1AB100000002535,6.24,6.24
MA1AB100000002536,9.53,9.53
MA1AB100000002537,10.27,10.27
MA1AB100000002538,7.41,7.41
MA1AB100000002539,8.67,8.67
MA1AB100000002540,13.739999999999998,13.739999999999998
MA1AB100000002541,1.34,1.34
MA1AB100000002542,0.0,0.0
MA1AB100000002543,11.91,11.91
MA1AB100000002544,8.07,8.07
MA1AB100000002545,7.18,7.18
MA1AB100000002546,0.0,0.0
MA1AB100000002547,4.43,4.43
MA1AB100000002548,10.25,10.25
MA1AB100000002549,3.65,3.65
MA1AB100000002550,7.99,7.99
MA1AB100000002551,10.95,10.95
MA1AB100000002552,2.79,2.79
MA1AB100000002553,14.75,14.75
MA1AB100000002554,3.88,3.88
MA1AB100000002555,7.86,7.86
MA1AB100000002556,7.01,7.01
MA1AB100000002557,8.85,8.85
MA1AB100000002558,5.14,5.14
MA1AB100000002559,14.41,14.41
MA1AB100000002560,9.559999999999999,9.559999999999999
MA1AB100000002561,11.059999999999999,11.059999999999999
MA1AB100000002562,5.97,5.97
MA1AB100000002563,22.19,22.19
MA1AB100000002564,3.81,3.81
MA1AB100000002565,12.950000000000001,12.950000000000001
MA1AB100000002566,6.09,6.09
MA1AB100000002567,14.48,14.48
MA1AB100000002568,6.6899999999999995,6.6899999999999995
MA1AB100000002569,2.47,2.47
MA1AB100000002570,4.94,4.94
MA1AB100000002571,10.09,10.09
MA1AB100000002572,0.0,0.0
MA1AB100000002573,28.810000000000002,28.810000000000002
MA1AB100000002574,1.64,1.64
MA1AB100000002575,10.33,10.33
MA1AB100000002576,9.11,9.11
MA1AB100000002577,17.17,17.17
MA1AB100000002578,6.130000000000001,6.130000000000001
MA1AB100000002579,17.16,17.16
MA1AB100000002580,1.14,1.14
MA1AB100000002581,9.83,9.83
MA1AB100000002582,10.64,10.64
MA1AB100000002583,10.57,10.57
MA1AB100000002584,0.0,0.0
MA1AB100000002585,7.62,7.62
MA1AB100000002586,22.97,22.97
MA1AB100000002587,0.0,0.0
MA1AB100000002588,7.47,7.47
MA1AB100000002589,24.55,24.55
MA1AB100000002590,0.0,0.0
MA1AB100000002591,5.83,5.83
MA1AB100000002592,14.64,14.64
MA1AB100000002593,5.74,5.74
MA1AB100000002594,12.100000000000001,12.100000000000001
MA1AB100000002595,6.33,6.33
MA1AB100000002596,6.94,6.94
MA1AB100000002597,10.33,10.33
MA1AB100000002598,7.21,7.21
MA1AB100000002599,0.0,0.0
MA1AB100000002600,1.6400000000000001,1.6400000000000001
MA1AB100000002601,14.219999999999999,14.219999999999999
MA1AB100000002602,0.0,0.0
MA1AB100000002603,15.290000000000001,15.290000000000001
MA1AB100000002604,16.759999999999998,16.759999999999998
MA1AB100000002605,0.0,0.0
MA1AB100000002606,3.45,3.45
MA1AB100000002607,2.11,2.11
MA1AB100000002608,3.02,3.02
MA1AB100000002609,1.1,1.1
MA1AB100000002610,14.370000000000001,14.370000000000001
MA1AB100000002611,0.0,0.0
MA1AB100000002612,6.23,6.23
MA1AB100000002613,5.57,5.57
MA1AB100000002614,12.94,12.94
MA1AB100000002615,6.55,6.55
MA1AB100000002616,1.16,1.16
MA1AB100000002617,5.97,5.97
MA1AB100000002618,8.57,8.57
MA1AB100000002619,10.98,10.98
MA1AB100000002620,4.73,4.73
MA1AB100000002621,44.34,44.34
MA1AB100000002622,0.0,0.0
MA1AB100000002623,5.45,5.45
MA1AB100000002624,18.060000000000002,18.060000000000002
MA1AB100000002625,4.85,4.85
MA1AB100000002626,0.0,0.0
MA1AB100000002627,5.12,5.12
MA1AB100000002628,0.0,0.0
MA1AB100000002629,16.82,16.82
MA1AB100000002630,5.7,5.7
MA1AB100000002631,0.0,0.0
MA1AB100000002632,0.88,0.88
MA1AB100000002633,15.67,15.67
MA1AB100000002634,24.330000000000002,24.330000000000002
MA1AB100000002635,2.08,2.08
MA1AB100000002636,11.51,11.51
MA1AB100000002637,18.32,18.32
MA1AB100000002638,11.620000000000001,11.620000000000001
MA1AB100000002639,14.23,14.23
MA1AB100000002640,2.13,2.13
MA1AB100000002641,6.3,6.3
MA1AB100000002642,12.04,12.04
MA1AB100000002643,12.24,12.24
MA1AB100000002644,8.76,8.76
MA1AB100000002645,5.9799999999999995,5.9799999999999995
MA1AB100000002646,0.0,0.0
MA1AB100000002647,7.67,7.67
MA1AB100000002648,18.08,18.08
MA1AB100000002649,17.65,17.65
MA1AB100000002650,25.47,25.47
MA1AB100000002651,0.0,0.0
MA1AB100000002652,19.57,19.57
MA1AB100000002653,0.0,0.0
MA1AB100000002654,6.539999999999999,6.539999999999999
MA1AB100000002655,13.72,13.72
MA1AB100000002656,6.14,6.14
MA1AB100000002657,3.5,3.5
MA1AB100000002658,6.9,6.9
MA1AB100000002659,15.32,15.32
MA1AB100000002660,0.0,0.0
MA1AB100000002661,19.89,19.89
MA1AB100000002662,0.0,0.0
MA1AB100000002663,7.0,7.0
MA1AB100000002665,4.51,4.51
MA1AB100000002666,0.0,0.0
MA1AB100000002667,19.2,19.2
MA1AB100000002668,11.030000000000001,11.030000000000001
MA1AB100000002669,10.74,10.74
MA1AB100000002670,0.0,0.0
MA1AB100000002671,6.63,6.63
MA1AB100000002672,8.56,8.56
MA1AB100000002673,0.0,0.0
MA1AB100000002674,12.5,12.5
MA1AB100000002675,0.0,0.0
MA1AB100000002676,9.08,9.08
MA1AB100000002677,13.11,13.11
MA1AB100000002678,15.96,15.96
MA1AB100000002679,12.440000000000001,12.440000000000001
MA1AB100000002680,17.14,17.14
MA1AB100000002681,10.58,10.58
MA1AB100000002682,0.0,0.0
MA1AB100000002683,5.63,5.63
MA1AB100000002684,0.0,0.0
MA1AB100000002685,3.01,3.01
MA1AB100000002686,19.77,19.77
MA1AB100000002687,17.2,17.2
MA1AB100000002688,4.9,4.9
MA1AB100000002689,10.18,10.18
MA1AB100000002690,0.0,0.0
MA1AB100000002691,11.26,11.26
MA1AB100000002692,5.47,5.47
MA1AB100000002693,17.06,17.06
MA1AB100000002694,2.78,2.78
MA1AB100000002695,7.02,7.02
MA1AB100000002696,2.19,2.19
MA1AB100000002697,24.3,24.3
MA1AB100000002698,0.0,0.0
MA1AB100000002699,0.59,0.59
MA1AB100000002700,10.29,10.29
MA1AB100000002701,5.0600000000000005,5.0600000000000005
MA1AB100000002702,16.91,16.91
MA1AB100000002703,14.46,14.46
MA1AB100000002704,9.07,9.07
MA1AB100000002705,9.55,9.55
MA1AB100000002706,11.120000000000001,11.120000000000001
MA1AB100000002707,6.5,6.5
MA1AB100000002708,15.79,15.79
MA1AB100000002709,25.0,25.0
MA1AB100000002710,16.93,16.93
MA1AB100000002711,0.0,0.0
MA1AB100000002712,14.21,14.21
MA1AB100000002713,0.0,0.0
MA1AB100000002714,21.759999999999998,21.759999999999998
MA1AB100000002715,9.68,9.68
MA1AB100000002716,10.379999999999999,10.379999999999999
MA1AB100000002717,12.51,12.51
MA1AB100000002718,1.49,1.49
MA1AB100000002719,8.84,8.84
MA1AB100000002720,17.6,17.6
MA1AB100000002721,5.04,5.04
MA1AB100000002722,5.73,5.73
MA1AB100000002723,0.0,0.0
MA1AB100000002724,17.27,17.27
MA1AB100000002725,6.06,6.06
MA1AB100000002726,9.95,9.95
MA1AB100000002727,0.83,0.83
MA1AB100000002728,7.21,7.21
MA1AB100000002729,5.96,5.96
MA1AB100000002730,10.99,10.99
MA1AB100000002731,5.43,5.43
MA1AB100000002732,5.67,5.67
MA1AB100000002733,0.0,0.0
MA1AB100000002734,6.88,6.88
MA1AB100000002735,32.96,32.96
MA1AB100000002736,13.59,13.59
MA1AB100000002737,19.79,19.79
MA1AB100000002738,0.0,0.0
MA1AB100000002739,0.0,0.0
MA1AB100000002740,10.7,10.7
MA1AB100000002741,14.98,14.98
MA1AB100000002742,10.6,10.6
MA1AB100000002743,2.45,2.45
MA1AB100000002744,11.21,11.21
MA1AB100000002745,15.0,15.0
MA1AB100000002746,5.42,5.42
MA1AB100000002747,7.119999999999999,7.119999999999999
MA1AB100000002748,9.28,9.28
MA1AB100000002749,0.0,0.0
MA1AB100000002750,1.49,1.49
MA1AB100000002751,11.98,11.98
MA1AB100000002752,12.62,12.62
MA1AB100000002753,9.11,9.11
MA1AB100000002754,0.0,0.0
MA1AB100000002755,13.32,13.32
MA1AB100000002756,1.42,1.42
MA1AB100000002757,8.51,8.51
MA1AB100000002758,26.28,26.28
MA1AB100000002759,28.65,28.65
MA1AB100000002760,8.98,8.98
MA1AB100000002761,21.14,21.14
MA1AB100000002762,6.56,6.56
MA1AB100000002763,12.370000000000001,12.370000000000001
MA1AB100000002764,22.07,22.07
MA1AB100000002765,0.55,0.55
MA1AB100000002766,6.6,6.6
MA1AB100000002767,13.010000000000002,13.010000000000002
MA1AB100000002768,2.32,2.32
MA1AB100000002769,1.71,1.71
MA1AB100000002770,12.469999999999999,12.469999999999999
MA1AB100000002771,3.86,3.86
MA1AB100000002772,7.45,7.45
MA1AB100000002773,3.99,3.99
MA1AB100000002774,5.52,5.52
MA1AB100000002775,6.87,6.87
MA1AB100000002776,11.47,11.47
MA1AB100000002777,5.69,5.69
MA1AB100000002778,6.86,6.86
MA1AB100000002779,1.16,1.16
MA1AB100000002780,6.41,6.41
MA1AB100000002781,4.69,4.69
MA1AB100000002782,7.17,7.17
MA1AB100000002783,17.83,17.83
MA1AB100000002784,7.28,7.28
MA1AB100000002785,9.3,9.3
MA1AB100000002786,18.52,18.52
MA1AB100000002787,7.3100000000000005,7.3100000000000005
MA1AB100000002788,0.0,0.0
MA1AB100000002789,9.38,9.38
MA1AB100000002790,5.04,5.04
MA1AB100000002791,20.29,20.29
MA1AB100000002792,6.08,6.08
MA1AB100000002793,7.72,7.72
MA1AB100000002794,0.0,0.0
MA1AB100000002795,7.109999999999999,7.109999999999999
MA1AB100000002796,2.36,2.36
MA1AB100000002797,4.94,4.94
MA1AB100000002798,8.1,8.1
MA1AB100000002799,13.86,13.86
MA1AB100000002800,0.89,0.89
MA1AB100000002801,0.0,0.0
MA1AB100000002802,17.43,17.43
MA1AB100000002803,1.68,1.68
MA1AB100000002804,6.449999999999999,6.449999999999999
MA1AB100000002805,1.52,1.52
MA1AB100000002806,17.21,17.21
MA1AB100000002807,13.45,13.45
MA1AB100000002808,7.51,7.51
MA1AB100000002809,16.89,16.89
MA1AB100000002810,6.96,6.96
MA1AB100000002811,17.490000000000002,17.490000000000002
MA1AB100000002812,12.62,12.62
MA1AB100000002813,3.6500000000000004,3.6500000000000004
MA1AB100000002814,2.8499999999999996,2.8499999999999996
MA1AB100000002815,2.92,2.92
MA1AB100000002816,10.530000000000001,10.530000000000001
MA1AB100000002817,2.93,2.93
MA1AB100000002818,20.23,20.23
MA1AB100000002819,13.54,13.54
MA1AB100000002820,0.0,0.0
MA1AB100000002821,0.0,0.0
MA1AB100000002822,6.88,6.88
MA1AB100000002823,16.84,16.84
MA1AB100000002824,20.73,20.73
MA1AB100000002825,9.19,9.19
MA1AB100000002826,13.75,13.75
MA1AB100000002827,7.42,7.42
MA1AB100000002828,2.17,2.17
MA1AB100000002829,5.36,5.36
MA1AB100000002830,0.0,0.0
MA1AB100000002831,10.469999999999999,10.469999999999999
MA1AB100000002832,0.0,0.0
MA1AB100000002833,5.77,5.77
MA1AB100000002834,13.18,13.18
MA1AB100000002835,11.530000000000001,11.530000000000001
MA1AB100000002836,17.28,17.28
MA1AB100000002837,6.88,6.88
MA1AB100000002838,7.48,7.48
MA1AB100000002839,17.62,17.62
MA1AB100000002840,2.73,2.73
MA1AB100000002841,0.76,0.76
MA1AB100000002842,15.97,15.97
MA1AB100000002843,6.13,6.13
MA1AB100000002844,5.93,5.93
MA1AB100000002845,12.360000000000001,12.360000000000001
MA1AB100000002846,2.82,2.82
MA1AB100000002847,6.9399999999999995,6.9399999999999995
MA1AB100000002848,8.39,8.39
MA1AB100000002849,7.51,7.51
MA1AB100000002850,5.28,5.28
MA1AB100000002851,8.8,8.8
MA1AB100000002852,10.469999999999999,10.469999999999999
MA1AB100000002853,10.4,10.4
MA1AB100000002854,0.85,0.85
MA1AB100000002855,0.0,0.0
MA1AB100000002856,8.75,8.75
MA1AB100000002857,4.51,4.51
MA1AB100000002858,1.22,1.22
MA1AB100000002859,4.86,4.86
MA1AB100000002860,25.439999999999998,25.439999999999998
MA1AB100000002861,14.64,14.64
MA1AB100000002862,18.27,18.27
MA1AB100000002863,28.8,28.8
MA1AB100000002864,21.21,21.21
MA1AB100000002865,7.87,7.87
MA1AB100000002866,7.8999999999999995,7.8999999999999995
MA1AB100000002867,3.32,3.32
MA1AB100000002868,2.14,2.14
MA1AB100000002869,3.79,3.79
MA1AB100000002870,0.0,0.0
MA1AB100000002871,3.55,3.55
MA1AB100000002872,16.759999999999998,16.759999999999998
MA1AB100000002873,2.65,2.65
MA1AB100000002874,8.84,8.84
MA1AB100000002875,7.54,7.54
MA1AB100000002876,6.55,6.55
MA1AB100000002877,14.65,14.65
MA1AB100000002878,4.96,4.96
MA1AB100000002879,6.37,6.37
MA1AB100000002880,4.32,4.32
MA1AB100000002881,14.92,14.92
MA1AB100000002882,0.0,0.0
MA1AB100000002883,13.66,13.66
MA1AB100000002884,0.0,0.0
MA1AB100000002885,0.0,0.0
MA1AB100000002886,4.1,4.1
MA1AB100000002887,11.21,11.21
MA1AB100000002888,1.41,1.41
MA1AB100000002889,5.27,5.27
MA1AB100000002890,6.48,6.48
MA1AB100000002891,11.51,11.51
MA1AB100000002892,0.0,0.0
MA1AB100000002893,0.0,0.0
MA1AB100000002894,6.3,6.3
MA1AB100000002895,10.809999999999999,10.809999999999999
MA1AB100000002896,26.55,26.55
MA1AB100000002897,6.24,6.24
MA1AB100000002898,5.66,5.66
MA1AB100000002899,9.370000000000001,9.370000000000001
MA1AB100000002900,6.27,6.27
MA1AB100000002901,11.760000000000002,11.760000000000002
MA1AB100000002902,10.36,10.36
MA1AB100000002903,6.18,6.18
MA1AB100000002904,0.0,0.0
MA1AB100000002905,7.859999999999999,7.859999999999999
MA1AB100000002906,5.63,5.63
MA1AB100000002907,10.06,10.06
MA1AB100000002908,11.92,11.92
MA1AB100000002909,28.05,28.05
MA1AB100000002910,0.0,0.0
MA1AB100000002911,7.8500000000000005,7.8500000000000005
MA1AB100000002912,17.13,17.13
MA1AB100000002913,11.370000000000001,11.370000000000001
MA1AB100000002914,3.51,3.51
MA1AB100000002915,0.0,0.0
MA1AB100000002916,14.54,14.54
MA1AB100000002917,11.879999999999999,11.879999999999999
MA1AB100000002918,3.57,3.57
MA1AB100000002919,13.940000000000001,13.940000000000001
MA1AB100000002920,8.98,8.98
MA1AB100000002921,6.6,6.6
MA1AB100000002922,13.68,13.68
MA1AB100000002923,0.0,0.0
MA1AB100000002924,0.0,0.0
MA1AB100000002925,5.28,5.28
MA1AB100000002926,7.6,7.6
MA1AB100000002927,12.82,12.82
MA1AB100000002928,7.96,7.96
MA1AB100000002929,22.83,22.83
MA1AB100000002930,7.68,7.68
MA1AB100000002931,13.21,13.21
MA1AB100000002932,6.48,6.48
MA1AB100000002933,7.2,7.2
MA1AB100000002934,11.69,11.69
MA1AB100000002935,6.96,6.96
MA1AB100000002936,6.48,6.48
MA1AB100000002937,2.7,2.7
MA1AB100000002938,13.28,13.28
MA1AB100000002939,0.0,0.0
MA1AB100000002940,7.57,7.57
MA1AB100000002941,10.33,10.33
MA1AB100000002942,20.64,20.64
MA1AB100000002943,0.0,0.0
MA1AB100000002944,17.71,17.71
MA1AB100000002945,4.83,4.83
MA1AB100000002946,13.41,13.41
MA1AB100000002947,19.03,19.03
MA1AB100000002948,7.73,7.73
MA1AB100000002949,5.14,5.14
MA1AB100000002950,9.399999999999999,9.399999999999999
MA1AB100000002951,0.0,0.0
MA1AB100000002952,23.1,23.1
MA1AB100000002953,6.61,6.61
MA1AB100000002954,20.72,20.72
MA1AB100000002955,0.0,0.0
MA1AB100000002956,0.0,0.0
MA1AB100000002957,11.5,11.5
MA1AB100000002958,9.49,9.49
MA1AB100000002959,1.39,1.39
MA1AB100000002960,0.0,0.0
MA1AB100000002961,24.27,24.27
MA1AB100000002962,8.2,8.2
MA1AB100000002963,0.0,0.0
MA1AB100000002964,2.29,2.29
MA1AB100000002965,0.0,0.0
MA1AB100000002966,6.73,6.73
MA1AB100000002967,3.5,3.5
MA1AB100000002968,3.75,3.75
MA1AB100000002969,6.14,6.14
MA1AB100000002970,8.63,8.63
MA1AB100000002971,3.49,3.49
MA1AB100000002972,3.25,3.25
MA1AB100000002973,8.76,8.76
MA1AB100000002974,0.0,0.0
MA1AB100000002975,0.0,0.0
MA1AB100000002976,19.15,19.15
MA1AB100000002977,4.86,4.86
MA1AB100000002978,7.88,7.88
MA1AB100000002979,17.52,17.52
MA1AB100000002980,7.42,7.42
MA1AB100000002981,0.0,0.0
MA1AB100000002982,14.419999999999998,14.419999999999998
MA1AB100000002983,14.27,14.27
MA1AB100000002984,7.37,7.37
MA1AB100000002985,0.0,0.0
MA1AB100000002986,13.14,13.14
MA1AB100000002987,1.97,1.97
MA1AB100000002988,11.98,11.98
MA1AB100000002989,5.04,5.04
MA1AB100000002990,6.29,6.29
MA1AB100000002991,0.0,0.0
MA1AB100000002992,13.290000000000001,13.290000000000001
MA1AB100000002993,6.18,6.18
MA1AB100000002994,17.33,17.33
MA1AB100000002995,0.0,0.0
MA1AB100000002996,3.95,3.95
MA1AB100000002998,0.0,0.0
MA1AB100000002999,12.43,12.43
MA1AB100000003000,11.84,11.84
MA1AB100000003001,4.72,4.72
MA1AB100000003002,0.0,0.0
MA1AB100000003003,2.23,2.23
MA1AB100000003004,15.42,15.42
MA1AB100000003005,10.31,10.31
MA1AB100000003006,16.96,16.96
MA1AB100000003007,11.49,11.49
MA1AB100000003008,1.33,1.33
MA1AB100000003009,26.66,26.66
MA1AB100000003010,12.09,12.09
MA1AB100000003011,5.49,5.49
MA1AB100000003012,2.49,2.49
MA1AB100000003013,20.009999999999998,20.009999999999998
MA1AB100000003014,7.62,7.62
MA1AB100000003015,7.26,7.26
MA1AB100000003016,11.91,11.91
MA1AB100000003017,7.65,7.65
MA1AB100000003018,9.66,9.66
MA1AB100000003019,4.34,4.34
MA1AB100000003020,7.36,7.36
MA1AB100000003021,7.75,7.75
MA1AB100000003022,0.53,0.53
MA1AB100000003023,17.259999999999998,17.259999999999998
MA1AB100000003024,0.0,0.0
MA1AB100000003025,2.2600000000000002,2.2600000000000002
MA1AB100000003026,0.0,0.0
MA1AB100000003027,4.82,4.82
MA1AB100000003028,5.1,5.1
MA1AB100000003029,8.14,8.14
MA1AB100000003030,0.0,0.0
MA1AB100000003031,9.75,9.75
MA1AB100000003032,0.87,0.87
MA1AB100000003033,19.3,19.3
MA1AB100000003034,4.83,4.83
MA1AB100000003035,5.92,5.92
MA1AB100000003036,0.0,0.0
MA1AB100000003037,2.45,2.45
MA1AB100000003038,0.0,0.0
MA1AB100000003039,13.29,13.29
MA1AB100000003040,0.0,0.0
MA1AB100000003041,19.75,19.75
MA1AB100000003042,14.25,14.25
MA1AB100000003043,0.0,0.0
MA1AB100000003044,5.95,5.95
MA1AB100000003045,2.06,2.06
MA1AB100000003046,12.780000000000001,12.780000000000001
MA1AB100000003047,16.169999999999998,16.169999999999998
MA1AB100000003048,1.07,1.07
MA1AB100000003049,32.14,32.14
MA1AB100000003050,6.130000000000001,6.130000000000001
MA1AB100000003051,18.08,18.08
MA1AB100000003052,0.0,0.0
MA1AB100000003053,22.1,22.1
MA1AB100000003054,8.879999999999999,8.879999999999999
MA1AB100000003055,13.71,13.71
MA1AB100000003056,4.95,4.95
MA1AB100000003057,2.71,2.71
MA1AB100000003058,0.0,0.0
MA1AB100000003059,8.5,8.5
MA1AB100000003060,7.409999999999999,7.409999999999999
MA1AB100000003061,4.89,4.89
MA1AB100000003062,4.0,4.0
MA1AB100000003063,12.030000000000001,12.030000000000001
MA1AB100000003064,8.46,8.46
MA1AB100000003065,14.120000000000001,14.120000000000001
MA1AB100000003066,14.809999999999999,14.809999999999999
MA1AB100000003067,0.0,0.0
MA1AB100000003068,11.23,11.23
MA1AB100000003069,13.54,13.54
MA1AB100000003070,5.53,5.53
MA1AB100000003071,0.0,0.0
MA1AB100000003072,0.0,0.0
MA1AB100000003073,6.609999999999999,6.609999999999999
MA1AB100000003074,0.0,0.0
MA1AB100000003075,3.77,3.77
MA1AB100000003076,1.11,1.11
MA1AB100000003077,30.310000000000002,30.310000000000002
MA1AB100000003078,0.86,0.86
MA1AB100000003079,1.13,1.13
MA1AB100000003080,0.0,0.0
MA1AB100000003081,6.63,6.63
MA1AB100000003082,0.0,0.0
MA1AB100000003083,1.7,1.7
MA1AB100000003084,13.81,13.81
MA1AB100000003085,1.29,1.29
MA1AB100000003086,4.11,4.11
MA1AB100000003087,1.5,1.5
MA1AB100000003088,7.12,7.12
MA1AB100000003089,9.14,9.14
MA1AB100000003090,7.3100000000000005,7.3100000000000005
MA1AB100000003091,22.169999999999998,22.169999999999998
MA1AB100000003092,11.120000000000001,11.120000000000001
MA1AB100000003093,2.66,2.66
MA1AB100000003094,3.47,3.47
MA1AB100000003095,9.129999999999999,9.129999999999999
MA1AB100000003096,12.149999999999999,12.149999999999999
MA1AB100000003097,13.15,13.15
MA1AB100000003098,7.05,7.05
MA1AB100000003099,7.74,7.74
MA1AB100000003100,3.04,3.04
MA1AB100000003101,11.780000000000001,11.780000000000001
MA1AB100000003102,10.69,10.69
MA1AB100000003103,5.59,5.59
MA1AB100000003104,4.31,4.31
MA1AB100000003105,15.09,15.09
MA1AB100000003106,4.62,4.62
MA1AB100000003107,1.83,1.83
MA1AB100000003108,10.0,10.0
MA1AB100000003109,0.98,0.98
MA1AB100000003110,0.0,0.0
MA1AB100000003111,16.7,16.7
MA1AB100000003112,0.0,0.0
MA1AB100000003113,0.0,0.0
MA1AB100000003114,0.0,0.0
MA1AB100000003115,9.73,9.73
MA1AB100000003116,0.0,0.0
MA1AB100000003117,15.45,15.45
MA1AB100000003118,33.36,33.36
MA1AB100000003119,18.8,18.8
MA1AB100000003120,0.0,0.0
MA1AB100000003121,27.62,27.62
MA1AB100000003122,8.65,8.65
MA1AB100000003123,0.0,0.0
MA1AB100000003124,4.05,4.05
MA1AB100000003125,8.51,8.51
MA1AB100000003126,0.0,0.0
MA1AB100000003127,4.62,4.62
MA1AB100000003128,10.03,10.03
MA1AB100000003129,26.509999999999998,26.509999999999998
MA1AB100000003130,10.39,10.39
MA1AB100000003131,6.140000000000001,6.140000000000001
MA1AB100000003132,16.6,16.6
MA1AB100000003133,0.0,0.0
MA1AB100000003134,6.8,6.8
MA1AB100000003135,0.0,0.0
MA1AB100000003136,0.0,0.0
MA1AB100000003137,7.39,7.39
MA1AB100000003138,5.42,5.42
MA1AB100000003139,11.77,11.77
MA1AB100000003140,0.0,0.0
MA1AB100000003141,6.59,6.59
MA1AB100000003142,16.46,16.46
MA1AB100000003143,10.850000000000001,10.850000000000001
MA1AB100000003144,7.43,7.43
MA1AB100000003145,24.44,24.44
MA1AB100000003146,0.0,0.0
MA1AB100000003147,8.68,8.68
MA1AB100000003148,16.52,16.52
MA1AB100000003149,5.05,5.05
MA1AB100000003150,13.7,13.7
MA1AB100000003151,1.33,1.33
MA1AB100000003152,10.82,10.82
MA1AB100000003153,11.17,11.17
MA1AB100000003154,11.85,11.85
MA1AB100000003155,9.940000000000001,9.940000000000001
MA1AB100000003156,0.0,0.0
MA1AB100000003157,20.97,20.97
MA1AB100000003158,0.0,0.0
MA1AB100000003159,13.24,13.24
MA1AB100000003160,17.07,17.07
MA1AB100000003161,14.69,14.69
MA1AB100000003162,23.95,23.95
MA1AB100000003163,2.8,2.8
MA1AB100000003164,1.6,1.6
MA1AB100000003165,4.12,4.12
MA1AB100000003166,5.01,5.01
MA1AB100000003167,9.68,9.68
MA1AB100000003168,0.0,0.0
MA1AB100000003169,8.73,8.73
MA1AB100000003170,13.809999999999999,13.809999999999999
MA1AB100000003171,0.0,0.0
MA1AB100000003172,0.0,0.0
MA1AB100000003173,16.57,16.57
MA1AB100000003174,6.33,6.33
MA1AB100000003175,0.0,0.0
MA1AB100000003176,6.84,6.84
MA1AB100000003177,10.0,10.0
MA1AB100000003178,9.51,9.51
MA1AB100000003179,2.51,2.51
MA1AB100000003180,7.31,7.31
MA1AB100000003181,12.05,12.05
MA1AB100000003182,0.0,0.0
MA1AB100000003183,0.0,0.0
MA1AB100000003184,2.06,2.06
MA1AB100000003185,9.23,9.23
MA1AB100000003186,4.92,4.92
MA1AB100000003187,13.43,13.43
MA1AB100000003188,17.6,17.6
MA1AB100000003189,8.08,8.08
MA1AB100000003190,5.6,5.6
MA1AB100000003191,15.6,15.6
MA1AB100000003192,7.97,7.97
MA1AB100000003193,8.64,8.64
MA1AB100000003194,0.0,0.0
MA1AB100000003195,16.91,16.91
MA1AB100000003196,4.65,4.65
MA1AB100000003197,14.42,14.42
MA1AB100000003198,0.0,0.0
MA1AB100000003199,9.09,9.09
MA1AB100000003200,15.370000000000001,15.370000000000001
MA1AB100000003201,13.739999999999998,13.739999999999998
MA1AB100000003202,17.34,17.34
MA1AB100000003203,3.33,3.33
MA1AB100000003204,24.05,24.05
MA1AB100000003205,19.9,19.9
MA1AB100000003206,13.120000000000001,13.120000000000001
MA1AB100000003207,1.9900000000000002,1.9900000000000002
MA1AB100000003208,9.85,9.85
MA1AB100000003209,3.77,3.77
MA1AB100000003210,0.67,0.67
MA1AB100000003211,4.37,4.37
MA1AB100000003212,13.700000000000001,13.700000000000001
MA1AB100000003213,8.49,8.49
MA1AB100000003214,4.69,4.69
MA1AB100000003215,8.38,8.38
MA1AB100000003216,2.75,2.75
MA1AB100000003217,4.85,4.85
MA1AB100000003218,23.31,23.31
MA1AB100000003219,0.0,0.0
MA1AB100000003220,9.6,9.6
MA1AB100000003221,6.92,6.92
MA1AB100000003222,26.16,26.16
MA1AB100000003223,6.3,6.3
MA1AB100000003224,7.109999999999999,7.109999999999999
MA1AB100000003225,7.51,7.51
MA1AB100000003226,13.190000000000001,13.190000000000001
MA1AB100000003227,5.789999999999999,5.789999999999999
MA1AB100000003228,3.73,3.73
MA1AB100000003229,3.1,3.1
MA1AB100000003230,5.47,5.47
MA1AB100000003231,8.78,8.78
MA1AB100000003232,0.99,0.99
MA1AB100000003233,11.23,11.23
MA1AB100000003234,5.33,5.33
MA1AB100000003235,10.11,10.11
MA1AB100000003236,5.41,5.41
MA1AB100000003237,14.760000000000002,14.760000000000002
MA1AB100000003238,12.149999999999999,12.149999999999999
MA1AB100000003239,12.56,12.56
MA1AB100000003240,12.35,12.35
MA1AB100000003241,7.73,7.73
MA1AB100000003242,9.35,9.35
MA1AB100000003243,7.46,7.46
MA1AB100000003244,23.12,23.12
MA1AB100000003245,13.91,13.91
MA1AB100000003246,7.18,7.18
MA1AB100000003247,11.5,11.5
MA1AB100000003248,17.28,17.28
MA1AB100000003249,8.33,8.33
MA1AB100000003250,14.81,14.81
MA1AB100000003251,13.799999999999999,13.799999999999999
MA1AB100000003252,0.0,0.0
MA1AB100000003253,3.82,3.82
MA1AB100000003254,18.59,18.59
MA1AB100000003255,20.14,20.14
MA1AB100000003256,14.399999999999999,14.399999999999999
MA1AB100000003257,7.42,7.42
MA1AB100000003258,4.72,4.72
MA1AB100000003259,3.85,3.85
MA1AB100000003260,8.67,8.67
MA1AB100000003261,0.0,0.0
MA1AB100000003262,0.0,0.0
MA1AB100000003263,12.6,12.6
MA1AB100000003264,14.350000000000001,14.350000000000001
MA1AB100000003265,1.42,1.42
MA1AB100000003266,6.58,6.58
MA1AB100000003267,16.13,16.13
MA1AB100000003268,7.720000000000001,7.720000000000001
MA1AB100000003269,7.5200000000000005,7.5200000000000005
MA1AB100000003270,0.0,0.0
MA1AB100000003271,0.0,0.0
MA1AB100000003272,0.0,0.0
MA1AB100000003273,9.79,9.79
MA1AB100000003274,10.99,10.99
MA1AB100000003275,25.79,25.79
MA1AB100000003276,0.0,0.0
MA1AB100000003277,2.37,2.37
MA1AB100000003278,17.03,17.03
MA1AB100000003279,7.91,7.91
MA1AB100000003280,4.07,4.07
MA1AB100000003281,13.74,13.74
MA1AB100000003282,12.19,12.19
MA1AB100000003283,10.58,10.58
MA1AB100000003284,7.21,7.21
MA1AB100000003285,1.88,1.88
MA1AB100000003286,34.46,34.46
MA1AB100000003287,4.91,4.91
MA1AB100000003288,0.0,0.0
MA1AB100000003289,8.33,8.33
MA1AB100000003290,8.19,8.19
MA1AB100000003291,4.79,4.79
MA1AB100000003292,3.7,3.7
MA1AB100000003293,1.32,1.32
MA1AB100000003294,6.95,6.95
MA1AB100000003295,20.12,20.12
MA1AB100000003296,13.5,13.5
MA1AB100000003297,7.06,7.06
MA1AB100000003298,11.5,11.5
MA1AB100000003299,1.6,1.6
MA1AB100000003300,0.0,0.0
MA1AB100000003301,14.120000000000001,14.120000000000001
MA1AB100000003302,10.379999999999999,10.379999999999999
MA1AB100000003303,9.67,9.67
MA1AB100000003304,0.7,0.7
MA1AB100000003305,13.17,13.17
MA1AB100000003306,0.0,0.0
MA1AB100000003307,13.309999999999999,13.309999999999999
MA1AB100000003308,3.21,3.21
MA1AB100000003309,4.48,4.48
MA1AB100000003310,23.09,23.09
MA1AB100000003311,1.01,1.01
MA1AB100000003312,13.37,13.37
MA1AB100000003313,7.98,7.98
MA1AB100000003314,6.2,6.2
MA1AB100000003315,7.42,7.42
MA1AB100000003316,6.36,6.36
MA1AB100000003317,17.68,17.68
MA1AB100000003318,3.15,3.15
MA1AB100000003319,8.31,8.31
MA1AB100000003320,0.0,0.0
MA1AB100000003321,12.6,12.6
MA1AB100000003322,5.37,5.37
MA1AB100000003323,11.43,11.43
MA1AB100000003324,14.82,14.82
MA1AB100000003325,7.31,7.31
MA1AB100000003326,10.350000000000001,10.350000000000001
MA1AB100000003327,22.38,22.38
MA1AB100000003328,0.0,0.0
MA1AB100000003329,7.93,7.93
MA1AB100000003331,5.42,5.42
MA1AB100000003332,0.0,0.0
MA1AB100000003333,2.76,2.76
MA1AB100000003334,5.99,5.99
MA1AB100000003335,8.61,8.61
MA1AB100000003336,6.55,6.55
MA1AB100000003337,10.459999999999999,10.459999999999999
MA1AB100000003338,8.9,8.9
MA1AB100000003339,0.0,0.0
MA1AB100000003340,13.75,13.75
MA1AB100000003341,12.719999999999999,12.719999999999999
MA1AB100000003342,8.79,8.79
MA1AB100000003343,3.7,3.7
MA1AB100000003344,2.78,2.78
MA1AB100000003345,20.43,20.43
MA1AB100000003346,18.48,18.48
MA1AB100000003347,2.94,2.94
MA1AB100000003348,1.38,1.38
MA1AB100000003349,0.91,0.91
MA1AB100000003350,3.4699999999999998,3.4699999999999998
MA1AB100000003351,0.0,0.0
MA1AB100000003352,0.0,0.0
MA1AB100000003353,0.52,0.52
MA1AB100000003354,16.560000000000002,16.560000000000002
MA1AB100000003355,6.6,6.6
MA1AB100000003356,6.85,6.85
MA1AB100000003357,19.47,19.47
MA1AB100000003358,13.420000000000002,13.420000000000002
MA1AB100000003359,6.25,6.25
MA1AB100000003360,12.36,12.36
MA1AB100000003361,14.0,14.0
MA1AB100000003362,6.720000000000001,6.720000000000001
MA1AB100000003363,0.0,0.0
MA1AB100000003364,10.719999999999999,10.719999999999999
MA1AB100000003365,21.689999999999998,21.689999999999998
MA1AB100000003366,0.0,0.0
MA1AB100000003367,2.17,2.17
MA1AB100000003368,2.31,2.31
MA1AB100000003369,7.59,7.59
MA1AB100000003370,20.43,20.43
MA1AB100000003371,7.61,7.61
MA1AB100000003372,3.0700000000000003,3.0700000000000003
MA1AB100000003373,15.04,15.04
MA1AB100000003374,2.44,2.44
MA1AB100000003375,12.969999999999999,12.969999999999999
MA1AB100000003376,9.36,9.36
MA1AB100000003377,0.0,0.0
MA1AB100000003378,4.23,4.23
MA1AB100000003379,18.07,18.07
MA1AB100000003380,0.0,0.0
MA1AB100000003381,19.97,19.97
MA1AB100000003382,9.97,9.97
MA1AB100000003383,4.47,4.47
MA1AB100000003384,4.24,4.24
MA1AB100000003385,3.95,3.95
MA1AB100000003386,0.59,0.59
MA1AB100000003387,13.21,13.21
MA1AB100000003388,0.0,0.0
MA1AB100000003389,12.65,12.65
MA1AB100000003390,0.0,0.0
MA1AB100000003391,6.53,6.53
MA1AB100000003392,1.43,1.43
MA1AB100000003393,15.16,15.16
MA1AB100000003394,0.0,0.0
MA1AB100000003395,13.4,13.4
MA1AB100000003396,2.7,2.7
MA1AB100000003397,8.450000000000001,8.450000000000001
MA1AB100000003398,1.39,1.39
MA1AB100000003399,2.98,2.98
MA1AB100000003400,7.99,7.99
MA1AB100000003401,3.7,3.7
MA1AB100000003402,0.0,0.0
MA1AB100000003403,15.52,15.52
MA1AB100000003404,0.0,0.0
MA1AB100000003405,5.84,5.84
MA1AB100000003406,7.459999999999999,7.459999999999999
MA1AB100000003407,11.989999999999998,11.989999999999998
MA1AB100000003408,5.83,5.83
MA1AB100000003409,8.98,8.98
MA1AB100000003410,5.18,5.18
MA1AB100000003411,8.969999999999999,8.969999999999999
MA1AB100000003412,0.0,0.0
MA1AB100000003413,12.19,12.19
MA1AB100000003414,2.32,2.32
MA1AB100000003415,26.41,26.41
MA1AB100000003416,8.89,8.89
MA1AB100000003417,2.11,2.11
MA1AB100000003418,13.91,13.91
MA1AB100000003419,7.0,7.0
MA1AB100000003420,11.58,11.58
MA1AB100000003421,18.259999999999998,18.259999999999998
MA1AB100000003422,7.08,7.08
MA1AB100000003423,13.469999999999999,13.469999999999999
MA1AB100000003424,27.27,27.27
MA1AB100000003425,23.1,23.1
MA1AB100000003426,0.66,0.66
MA1AB100000003427,0.0,0.0
MA1AB100000003428,1.09,1.09
MA1AB100000003429,4.54,4.54
MA1AB100000003430,4.85,4.85
MA1AB100000003431,6.26,6.26
MA1AB100000003432,12.21,12.21
MA1AB100000003433,0.0,0.0
MA1AB100000003434,0.0,0.0
MA1AB100000003435,10.42,10.42
MA1AB100000003436,5.24,5.24
MA1AB100000003437,0.0,0.0
MA1AB100000003438,9.16,9.16
MA1AB100000003439,4.93,4.93
MA1AB100000003440,15.35,15.35
MA1AB100000003441,12.8,12.8
MA1AB100000003442,5.6000000000000005,5.6000000000000005
MA1AB100000003443,5.9,5.9
MA1AB100000003444,7.16,7.16
MA1AB100000003445,15.36,15.36
MA1AB100000003446,7.130000000000001,7.130000000000001
MA1AB100000003447,9.09,9.09
MA1AB100000003448,4.9799999999999995,4.9799999999999995
MA1AB100000003449,9.79,9.79
MA1AB100000003450,0.0,0.0
MA1AB100000003451,17.47,17.47
MA1AB100000003452,3.94,3.94
MA1AB100000003453,9.77,9.77
MA1AB100000003454,10.81,10.81
MA1AB100000003455,15.86,15.86
MA1AB100000003456,0.0,0.0
MA1AB100000003457,0.0,0.0
MA1AB100000003458,14.870000000000001,14.870000000000001
MA1AB100000003459,3.18,3.18
MA1AB100000003460,9.290000000000001,9.290000000000001
MA1AB100000003461,7.11,7.11
MA1AB100000003462,10.27,10.27
MA1AB100000003463,0.0,0.0
MA1AB100000003464,2.84,2.84
MA1AB100000003465,10.41,10.41
MA1AB100000003466,10.01,10.01
MA1AB100000003467,11.75,11.75
MA1AB100000003468,8.28,8.28
MA1AB100000003469,0.0,0.0
MA1AB100000003470,22.16,22.16
MA1AB100000003471,5.39,5.39
MA1AB100000003472,7.09,7.09
MA1AB100000003473,3.81,3.81
MA1AB100000003474,19.65,19.65
MA1AB100000003475,9.66,9.66
MA1AB100000003476,6.2,6.2
MA1AB100000003477,0.0,0.0
MA1AB100000003478,17.6,17.6
MA1AB100000003479,3.23,3.23
MA1AB100000003480,4.14,4.14
MA1AB100000003481,2.08,2.08
MA1AB100000003482,5.45,5.45
MA1AB100000003483,8.96,8.96
MA1AB100000003484,5.46,5.46
MA1AB100000003485,5.94,5.94
MA1AB100000003486,12.41,12.41
MA1AB100000003487,5.470000000000001,5.470000000000001
MA1AB100000003488,32.82,32.82
MA1AB100000003489,36.91,36.91
MA1AB100000003490,7.94,7.94
MA1AB100000003491,4.14,4.14
MA1AB100000003492,6.87,6.87
MA1AB100000003493,10.62,10.62
MA1AB100000003494,4.42,4.42
MA1AB100000003495,18.08,18.08
MA1AB100000003496,3.32,3.32
MA1AB100000003497,0.0,0.0
MA1AB100000003498,9.870000000000001,9.870000000000001
MA1AB100000003499,0.99,0.99
MA1AB100000003500,0.0,0.0
MA1AB100000003501,25.87,25.87
MA1AB100000003502,0.0,0.0
MA1AB100000003503,10.48,10.48
MA1AB100000003504,9.33,9.33
MA1AB100000003505,11.15,11.15
MA1AB100000003506,0.0,0.0
MA1AB100000003507,11.69,11.69
MA1AB100000003508,11.08,11.08
MA1AB100000003509,17.17,17.17
MA1AB100000003510,0.0,0.0
MA1AB100000003511,7.369999999999999,7.369999999999999
MA1AB100000003512,2.96,2.96
MA1AB100000003513,16.7,16.7
MA1AB100000003514,4.45,4.45
MA1AB100000003515,0.0,0.0
MA1AB100000003516,6.18,6.18
MA1AB100000003517,7.42,7.42
MA1AB100000003518,20.68,20.68
MA1AB100000003519,4.41,4.41
MA1AB100000003520,4.67,4.67
MA1AB100000003521,5.61,5.61
MA1AB100000003522,2.03,2.03
MA1AB100000003523,6.88,6.88
MA1AB100000003524,10.059999999999999,10.059999999999999
MA1AB100000003525,12.77,12.77
MA1AB100000003526,21.22,21.22
MA1AB100000003527,0.0,0.0
MA1AB100000003528,10.29,10.29
MA1AB100000003529,0.0,0.0
MA1AB100000003530,1.74,1.74
MA1AB100000003531,0.0,0.0
MA1AB100000003532,6.109999999999999,6.109999999999999
MA1AB100000003533,17.27,17.27
MA1AB100000003534,6.03,6.03
MA1AB100000003535,25.55,25.55
MA1AB100000003536,23.87,23.87
MA1AB100000003537,18.22,18.22
MA1AB100000003538,5.75,5.75
MA1AB100000003539,1.1,1.1
MA1AB100000003540,5.33,5.33
MA1AB100000003541,0.0,0.0
MA1AB100000003542,6.63,6.63
MA1AB100000003543,9.42,9.42
MA1AB100000003544,0.0,0.0
MA1AB100000003545,7.35,7.35
MA1AB100000003546,12.259999999999998,12.259999999999998
MA1AB100000003547,7.39,7.39
MA1AB100000003548,13.74,13.74
MA1AB100000003549,18.56,18.56
MA1AB100000003550,4.77,4.77
MA1AB100000003551,11.91,11.91
MA1AB100000003552,16.61,16.61
MA1AB100000003553,0.0,0.0
MA1AB100000003554,0.0,0.0
MA1AB100000003555,5.83,5.83
MA1AB100000003556,0.0,0.0
MA1AB100000003557,6.09,6.09
MA1AB100000003558,8.4,8.4
MA1AB100000003559,6.54,6.54
MA1AB100000003560,3.48,3.48
MA1AB100000003561,13.59,13.59
MA1AB100000003562,4.8,4.8
MA1AB100000003563,6.97,6.97
MA1AB100000003564,28.73,28.73
MA1AB100000003565,16.56,16.56
MA1AB100000003566,2.46,2.46
MA1AB100000003567,12.0,12.0
MA1AB100000003568,0.0,0.0
MA1AB100000003569,8.26,8.26
MA1AB100000003570,24.84,24.84
MA1AB100000003571,10.01,10.01
MA1AB100000003572,5.43,5.43
MA1AB100000003573,1.95,1.95
MA1AB100000003574,20.9,20.9
MA1AB100000003575,12.64,12.64
MA1AB100000003576,7.720000000000001,7.720000000000001
MA1AB100000003577,17.85,17.85
MA1AB100000003578,2.5599999999999996,2.5599999999999996
MA1AB100000003579,11.32,11.32
MA1AB100000003580,4.15,4.15
MA1AB100000003581,11.82,11.82
MA1AB100000003582,7.31,7.31
MA1AB100000003583,17.44,17.44
MA1AB100000003584,35.38,35.38
MA1AB100000003585,8.23,8.23
MA1AB100000003586,13.1,13.1
MA1AB100000003587,8.35,8.35
MA1AB100000003588,9.05,9.05
MA1AB100000003589,9.530000000000001,9.530000000000001
MA1AB100000003590,7.92,7.92
MA1AB100000003591,3.18,3.18
MA1AB100000003592,7.77,7.77
MA1AB100000003593,7.03,7.03
MA1AB100000003594,0.0,0.0
MA1AB100000003595,9.86,9.86
MA1AB100000003596,12.620000000000001,12.620000000000001
MA1AB100000003597,7.37,7.37
MA1AB100000003598,10.36,10.36
MA1AB100000003599,8.879999999999999,8.879999999999999
MA1AB100000003600,0.64,0.64
MA1AB100000003601,7.34,7.34
MA1AB100000003602,4.99,4.99
MA1AB100000003603,6.41,6.41
MA1AB100000003604,9.780000000000001,9.780000000000001
MA1AB100000003605,4.04,4.04
MA1AB100000003606,6.0600000000000005,6.0600000000000005
MA1AB100000003607,6.550000000000001,6.550000000000001
MA1AB100000003608,10.040000000000001,10.040000000000001
MA1AB100000003609,7.84,7.84
MA1AB100000003610,10.48,10.48
MA1AB100000003611,13.39,13.39
MA1AB100000003612,10.5,10.5
MA1AB100000003613,17.04,17.04
MA1AB100000003614,5.04,5.04
MA1AB100000003615,9.219999999999999,9.219999999999999
MA1AB100000003616,14.399999999999999,14.399999999999999
MA1AB100000003617,10.19,10.19
MA1AB100000003618,7.4,7.4
MA1AB100000003619,13.45,13.45
MA1AB100000003620,21.650000000000002,21.650000000000002
MA1AB100000003621,12.41,12.41
MA1AB100000003622,11.66,11.66
MA1AB100000003623,13.9,13.9
MA1AB100000003624,4.989999999999999,4.989999999999999
MA1AB100000003625,13.440000000000001,13.440000000000001
MA1AB100000003626,3.65,3.65
MA1AB100000003627,15.91,15.91
MA1AB100000003628,1.61,1.61
MA1AB100000003629,7.74,7.74
MA1AB100000003630,16.08,16.08
MA1AB100000003631,31.18,31.18
MA1AB100000003632,0.0,0.0
MA1AB100000003633,3.24,3.24
MA1AB100000003634,15.079999999999998,15.079999999999998
MA1AB100000003635,1.75,1.75
MA1AB100000003636,0.0,0.0
MA1AB100000003637,7.98,7.98
MA1AB100000003638,1.66,1.66
MA1AB100000003639,11.07,11.07
MA1AB100000003640,8.370000000000001,8.370000000000001
MA1AB100000003641,7.53,7.53
MA1AB100000003642,5.95,5.95
MA1AB100000003643,9.48,9.48
MA1AB100000003644,10.72,10.72
MA1AB100000003645,7.1899999999999995,7.1899999999999995
MA1AB100000003646,7.07,7.07
MA1AB100000003647,16.6,16.6
MA1AB100000003648,7.92,7.92
MA1AB100000003649,8.98,8.98
MA1AB100000003650,0.0,0.0
MA1AB100000003651,3.26,3.26
MA1AB100000003652,1.03,1.03
MA1AB100000003653,14.98,14.98
MA1AB100000003654,0.0,0.0
MA1AB100000003655,0.0,0.0
MA1AB100000003656,21.869999999999997,21.869999999999997
MA1AB100000003657,8.83,8.83
MA1AB100000003658,21.1,21.1
MA1AB100000003659,20.04,20.04
MA1AB100000003660,7.42,7.42
MA1AB100000003661,12.65,12.65
MA1AB100000003662,3.09,3.09
MA1AB100000003664,13.54,13.54
MA1AB100000003665,3.12,3.12
MA1AB100000003666,0.0,0.0
MA1AB100000003667,0.0,0.0
MA1AB100000003668,5.3100000000000005,5.3100000000000005
MA1AB100000003669,1.88,1.88
MA1AB100000003670,14.66,14.66
MA1AB100000003671,8.98,8.98
MA1AB100000003672,4.55,4.55
MA1AB100000003673,0.0,0.0
MA1AB100000003674,15.04,15.04
MA1AB100000003675,11.36,11.36
MA1AB100000003676,14.39,14.39
MA1AB100000003677,26.56,26.56
MA1AB100000003678,10.45,10.45
MA1AB100000003679,13.35,13.35
MA1AB100000003680,17.6,17.6
MA1AB100000003681,1.1,1.1
MA1AB100000003682,10.24,10.24
MA1AB100000003683,0.96,0.96
MA1AB100000003684,5.43,5.43
MA1AB100000003685,7.75,7.75
MA1AB100000003686,5.06,5.06
MA1AB100000003687,0.0,0.0
MA1AB100000003688,14.0,14.0
MA1AB100000003689,7.63,7.63
MA1AB100000003690,5.23,5.23
MA1AB100000003691,2.54,2.54
MA1AB100000003692,6.65,6.65
MA1AB100000003693,13.239999999999998,13.239999999999998
MA1AB100000003694,0.0,0.0
MA1AB100000003695,7.35,7.35
MA1AB100000003696,14.5,14.5
MA1AB100000003697,8.75,8.75
MA1AB100000003698,0.0,0.0
MA1AB100000003699,3.97,3.97
MA1AB100000003700,2.83,2.83
MA1AB100000003701,4.33,4.33
MA1AB100000003702,14.3,14.3
MA1AB100000003703,14.48,14.48
MA1AB100000003704,29.62,29.62
MA1AB100000003705,0.0,0.0
MA1AB100000003706,3.51,3.51
MA1AB100000003707,13.39,13.39
MA1AB100000003708,16.21,16.21
MA1AB100000003709,7.28,7.28
MA1AB100000003710,10.45,10.45
MA1AB100000003711,5.07,5.07
MA1AB100000003712,4.38,4.38
MA1AB100000003713,9.58,9.58
MA1AB100000003714,15.399999999999999,15.399999999999999
MA1AB100000003715,1.94,1.94
MA1AB100000003716,10.96,10.96
MA1AB100000003717,2.24,2.24
MA1AB100000003718,6.01,6.01
MA1AB100000003719,11.57,11.57
MA1AB100000003720,5.82,5.82
MA1AB100000003721,13.89,13.89
MA1AB100000003722,11.93,11.93
MA1AB100000003723,20.02,20.02
MA1AB100000003724,6.15,6.15
MA1AB100000003725,14.82,14.82
MA1AB100000003726,11.59,11.59
MA1AB100000003727,20.59,20.59
MA1AB100000003728,10.22,10.22
MA1AB100000003729,0.0,0.0
MA1AB100000003730,10.41,10.41
MA1AB100000003731,1.96,1.96
MA1AB100000003732,16.77,16.77
MA1AB100000003733,0.0,0.0
MA1AB100000003734,4.8,4.8
MA1AB100000003735,8.04,8.04
MA1AB100000003736,1.97,1.97
MA1AB100000003737,0.0,0.0
MA1AB100000003738,0.0,0.0
MA1AB100000003739,10.620000000000001,10.620000000000001
MA1AB100000003740,0.8,0.8
MA1AB100000003741,16.77,16.77
MA1AB100000003742,11.49,11.49
MA1AB100000003743,11.42,11.42
MA1AB100000003744,12.889999999999999,12.889999999999999
MA1AB100000003745,4.1,4.1
MA1AB100000003746,0.0,0.0
MA1AB100000003747,16.11,16.11
MA1AB100000003748,11.879999999999999,11.879999999999999
MA1AB100000003749,9.62,9.62
MA1AB100000003750,14.99,14.99
MA1AB100000003751,9.86,9.86
MA1AB100000003752,0.0,0.0
MA1AB100000003753,5.57,5.57
MA1AB100000003754,26.84,26.84
MA1AB100000003755,9.9,9.9
MA1AB100000003756,7.66,7.66
MA1AB100000003757,7.6,7.6
MA1AB100000003758,27.11,27.11
MA1AB100000003759,8.14,8.14
MA1AB100000003760,6.699999999999999,6.699999999999999
MA1AB100000003761,21.02,21.02
MA1AB100000003762,2.2,2.2
MA1AB100000003763,13.35,13.35
MA1AB100000003764,4.29,4.29
MA1AB100000003765,8.28,8.28
MA1AB100000003766,0.0,0.0
MA1AB100000003767,0.0,0.0
MA1AB100000003768,0.76,0.76
MA1AB100000003769,10.97,10.97
MA1AB100000003770,7.64,7.64
MA1AB100000003771,10.49,10.49
MA1AB100000003772,2.58,2.58
MA1AB100000003773,14.16,14.16
MA1AB100000003774,0.0,0.0
MA1AB100000003775,4.68,4.68
MA1AB100000003776,2.46,2.46
MA1AB100000003777,6.64,6.64
MA1AB100000003778,19.5,19.5
MA1AB100000003779,0.0,0.0
MA1AB100000003780,8.76,8.76
MA1AB100000003781,13.01,13.01
MA1AB100000003782,0.0,0.0
MA1AB100000003783,14.91,14.91
MA1AB100000003784,7.16,7.16
MA1AB100000003785,11.280000000000001,11.280000000000001
MA1AB100000003786,14.38,14.38
MA1AB100000003787,12.68,12.68
MA1AB100000003788,1.43,1.43
MA1AB100000003789,11.49,11.49
MA1AB100000003790,0.62,0.62
MA1AB100000003791,0.0,0.0
MA1AB100000003792,0.0,0.0
MA1AB100000003793,7.38,7.38
MA1AB100000003794,3.14,3.14
MA1AB100000003795,0.51,0.51
MA1AB100000003796,4.79,4.79
MA1AB100000003797,15.75,15.75
MA1AB100000003798,5.4399999999999995,5.4399999999999995
MA1AB100000003799,0.0,0.0
MA1AB100000003800,3.76,3.76
MA1AB100000003801,18.65,18.65
MA1AB100000003802,13.16,13.16
MA1AB100000003803,8.6,8.6
MA1AB100000003804,6.83,6.83
MA1AB100000003805,8.93,8.93
MA1AB100000003806,4.25,4.25
MA1AB100000003807,4.26,4.26
MA1AB100000003808,6.57,6.57
MA1AB100000003809,10.12,10.12
MA1AB100000003810,16.78,16.78
MA1AB100000003811,1.4100000000000001,1.4100000000000001
MA1AB100000003812,11.48,11.48
MA1AB100000003813,3.24,3.24
MA1AB100000003814,17.41,17.41
MA1AB100000003815,0.0,0.0
MA1AB100000003816,1.5699999999999998,1.5699999999999998
MA1AB100000003817,12.46,12.46
MA1AB100000003818,6.85,6.85
MA1AB100000003819,2.99,2.99
MA1AB100000003820,3.94,3.94
MA1AB100000003821,7.21,7.21
MA1AB100000003822,14.17,14.17
MA1AB100000003823,12.629999999999999,12.629999999999999
MA1AB100000003824,5.67,5.67
MA1AB100000003825,11.69,11.69
MA1AB100000003826,15.25,15.25
MA1AB100000003827,19.03,19.03
MA1AB100000003828,12.379999999999999,12.379999999999999
MA1AB100000003829,1.01,1.01
MA1AB100000003830,4.8100000000000005,4.8100000000000005
MA1AB100000003831,5.550000000000001,5.550000000000001
MA1AB100000003832,39.06,39.06
MA1AB100000003833,0.0,0.0
MA1AB100000003834,0.0,0.0
MA1AB100000003835,7.43,7.43
MA1AB100000003836,1.69,1.69
MA1AB100000003837,19.479999999999997,19.479999999999997
MA1AB100000003838,10.51,10.51
MA1AB100000003839,13.96,13.96
MA1AB100000003840,7.57,7.57
MA1AB100000003841,2.74,2.74
MA1AB100000003842,16.3,16.3
MA1AB100000003843,16.67,16.67
MA1AB100000003844,7.59,7.59
MA1AB100000003845,11.030000000000001,11.030000000000001
MA1AB100000003846,0.0,0.0
MA1AB100000003847,0.84,0.84
MA1AB100000003848,11.09,11.09
MA1AB100000003849,3.81,3.81
MA1AB100000003850,3.3400000000000003,3.3400000000000003
MA1AB100000003851,6.94,6.94
MA1AB100000003852,15.540000000000001,15.540000000000001
MA1AB100000003853,2.83,2.83
MA1AB100000003854,4.3,4.3
MA1AB100000003855,4.39,4.39
MA1AB100000003856,0.0,0.0
MA1AB100000003857,16.82,16.82
MA1AB100000003858,7.52,7.52
MA1AB100000003859,18.26,18.26
MA1AB100000003860,0.0,0.0
MA1AB100000003861,6.11,6.11
MA1AB100000003862,7.82,7.82
MA1AB100000003863,13.06,13.06
MA1AB100000003864,12.32,12.32
MA1AB100000003865,21.09,21.09
MA1AB100000003866,0.0,0.0
MA1AB100000003867,9.21,9.21
MA1AB100000003868,7.38,7.38
MA1AB100000003869,7.35,7.35
MA1AB100000003870,5.44,5.44
MA1AB100000003871,32.519999999999996,32.519999999999996
MA1AB100000003872,3.73,3.73
MA1AB100000003873,0.0,0.0
MA1AB100000003874,12.09,12.09
MA1AB100000003875,5.09,5.09
MA1AB100000003876,2.6,2.6
MA1AB100000003877,13.58,13.58
MA1AB100000003878,2.3,2.3
MA1AB100000003879,7.18,7.18
MA1AB100000003880,1.37,1.37
MA1AB100000003881,6.15,6.15
MA1AB100000003882,0.0,0.0
MA1AB100000003883,23.15,23.15
MA1AB100000003884,5.31,5.31
MA1AB100000003885,9.49,9.49
MA1AB100000003886,35.65,35.65
MA1AB100000003887,1.39,1.39
MA1AB100000003888,0.0,0.0
MA1AB100000003889,16.86,16.86
MA1AB100000003890,17.59,17.59
MA1AB100000003891,3.88,3.88
MA1AB100000003892,12.34,12.34
MA1AB100000003893,5.85,5.85
MA1AB100000003894,14.74,14.74
MA1AB100000003895,19.48,19.48
MA1AB100000003896,21.61,21.61
MA1AB100000003897,4.01,4.01
MA1AB100000003898,24.08,24.08
MA1AB100000003899,0.0,0.0
MA1AB100000003900,7.51,7.51
MA1AB100000003901,21.28,21.28
MA1AB100000003902,11.14,11.14
MA1AB100000003903,11.780000000000001,11.780000000000001
MA1AB100000003904,7.0,7.0
MA1AB100000003905,0.0,0.0
MA1AB100000003906,8.07,8.07
MA1AB100000003907,7.09,7.09
MA1AB100000003908,16.7,16.7
MA1AB100000003909,18.72,18.72
MA1AB100000003910,6.83,6.83
MA1AB100000003911,7.37,7.37
MA1AB100000003912,7.3,7.3
MA1AB100000003913,4.67,4.67
MA1AB100000003914,16.82,16.82
MA1AB100000003915,4.109999999999999,4.109999999999999
MA1AB100000003916,4.54,4.54
MA1AB100000003917,7.21,7.21
MA1AB100000003918,7.6899999999999995,7.6899999999999995
MA1AB100000003919,0.0,0.0
MA1AB100000003920,0.0,0.0
MA1AB100000003921,21.91,21.91
MA1AB100000003922,5.82,5.82
MA1AB100000003923,6.92,6.92
MA1AB100000003924,8.92,8.92
MA1AB100000003925,9.940000000000001,9.940000000000001
MA1AB100000003926,12.97,12.97
MA1AB100000003927,6.15,6.15
MA1AB100000003928,11.36,11.36
MA1AB100000003929,3.08,3.08
MA1AB100000003930,7.279999999999999,7.279999999999999
MA1AB100000003931,20.39,20.39
MA1AB100000003932,3.3099999999999996,3.3099999999999996
MA1AB100000003933,6.42,6.42
MA1AB100000003934,6.25,6.25
MA1AB100000003935,2.94,2.94
MA1AB100000003936,5.82,5.82
MA1AB100000003937,13.36,13.36
MA1AB100000003938,2.98,2.98
MA1AB100000003939,5.04,5.04
MA1AB100000003940,12.17,12.17
MA1AB100000003941,16.74,16.74
MA1AB100000003942,3.4800000000000004,3.4800000000000004
MA1AB100000003943,17.06,17.06
MA1AB100000003944,4.32,4.32
MA1AB100000003945,17.0,17.0
MA1AB100000003946,6.71,6.71
MA1AB100000003947,17.91,17.91
MA1AB100000003948,7.58,7.58
MA1AB100000003949,10.68,10.68
MA1AB100000003950,3.7,3.7
MA1AB100000003951,18.34,18.34
MA1AB100000003952,3.39,3.39
MA1AB100000003953,9.8,9.8
MA1AB100000003954,11.799999999999999,11.799999999999999
MA1AB100000003955,3.09,3.09
MA1AB100000003956,37.16,37.16
MA1AB100000003957,0.0,0.0
MA1AB100000003958,4.71,4.71
MA1AB100000003959,0.0,0.0
MA1AB100000003960,11.27,11.27
MA1AB100000003961,6.53,6.53
MA1AB100000003962,11.27,11.27
MA1AB100000003963,8.73,8.73
MA1AB100000003964,9.07,9.07
MA1AB100000003965,0.81,0.81
MA1AB100000003966,0.0,0.0
MA1AB100000003967,14.23,14.23
MA1AB100000003968,4.64,4.64
MA1AB100000003969,0.0,0.0
MA1AB100000003970,5.78,5.78
MA1AB100000003971,3.96,3.96
MA1AB100000003972,0.0,0.0
MA1AB100000003973,13.8,13.8
MA1AB100000003974,8.51,8.51
MA1AB100000003975,6.5600000000000005,6.5600000000000005
MA1AB100000003976,8.09,8.09
MA1AB100000003977,8.290000000000001,8.290000000000001
MA1AB100000003978,14.64,14.64
MA1AB100000003979,39.49,39.49
MA1AB100000003980,6.57,6.57
MA1AB100000003981,10.54,10.54
MA1AB100000003982,4.96,4.96
MA1AB100000003983,11.620000000000001,11.620000000000001
MA1AB100000003984,7.32,7.32
MA1AB100000003985,29.62,29.62
MA1AB100000003986,0.0,0.0
MA1AB100000003987,1.47,1.47
MA1AB100000003988,2.86,2.86
MA1AB100000003989,5.4,5.4
MA1AB100000003990,8.09,8.09
MA1AB100000003991,8.46,8.46
MA1AB100000003992,9.13,9.13
MA1AB100000003993,15.879999999999999,15.879999999999999
MA1AB100000003994,0.75,0.75
MA1AB100000003995,1.96,1.96
MA1AB100000003997,6.43,6.43
MA1AB100000003998,6.2299999999999995,6.2299999999999995
MA1AB100000003999,14.06,14.06
MA1AB100000004000,8.98,8.98
MA1AB100000004001,0.75,0.75
MA1AB100000004002,14.04,14.04
MA1AB100000004003,5.45,5.45
MA1AB100000004004,2.51,2.51
MA1AB100000004005,9.79,9.79
MA1AB100000004006,12.200000000000001,12.200000000000001
MA1AB100000004007,9.16,9.16
MA1AB100000004008,15.53,15.53
MA1AB100000004009,0.0,0.0
MA1AB100000004010,2.65,2.65
MA1AB100000004011,11.190000000000001,11.190000000000001
MA1AB100000004012,1.73,1.73
MA1AB100000004013,9.89,9.89
MA1AB100000004014,17.09,17.09
MA1AB100000004015,2.22,2.22
MA1AB100000004016,0.0,0.0
MA1AB100000004017,18.77,18.77
MA1AB100000004018,3.42,3.42
MA1AB100000004019,0.0,0.0
MA1AB100000004020,12.72,12.72
MA1AB100000004021,9.66,9.66
MA1AB100000004022,7.23,7.23
MA1AB100000004023,8.870000000000001,8.870000000000001
MA1AB100000004024,7.8,7.8
MA1AB100000004025,8.83,8.83
MA1AB100000004026,11.32,11.32
MA1AB100000004027,24.26,24.26
MA1AB100000004028,17.56,17.56
MA1AB100000004029,8.11,8.11
MA1AB100000004030,9.73,9.73
MA1AB100000004031,6.739999999999999,6.739999999999999
MA1AB100000004032,5.49,5.49
MA1AB100000004033,6.95,6.95
MA1AB100000004034,0.0,0.0
MA1AB100000004035,14.88,14.88
MA1AB100000004036,0.76,0.76
MA1AB100000004037,16.91,16.91
MA1AB100000004038,4.98,4.98
MA1AB100000004039,7.03,7.03
MA1AB100000004040,12.98,12.98
MA1AB100000004041,0.0,0.0
MA1AB100000004042,26.23,26.23
MA1AB100000004043,19.75,19.75
MA1AB100000004044,27.36,27.36
MA1AB100000004045,0.78,0.78
MA1AB100000004046,11.120000000000001,11.120000000000001
MA1AB100000004047,6.8,6.8
MA1AB100000004048,6.18,6.18
MA1AB100000004049,6.66,6.66
MA1AB100000004050,0.0,0.0
MA1AB100000004051,3.69,3.69
MA1AB100000004052,6.89,6.89
MA1AB100000004053,1.12,1.12
MA1AB100000004054,0.0,0.0
MA1AB100000004055,12.280000000000001,12.280000000000001
MA1AB100000004056,7.76,7.76
MA1AB100000004057,27.12,27.12
MA1AB100000004058,6.88,6.88
MA1AB100000004059,5.05,5.05
MA1AB100000004060,14.75,14.75
MA1AB100000004061,0.0,0.0
MA1AB100000004062,29.04,29.04
MA1AB100000004063,19.4,19.4
MA1AB100000004064,32.53,32.53
MA1AB100000004065,9.71,9.71
MA1AB100000004066,0.0,0.0
MA1AB100000004067,2.48,2.48
MA1AB100000004068,9.54,9.54
MA1AB100000004069,6.16,6.16
MA1AB100000004070,0.0,0.0
MA1AB100000004071,5.82,5.82
MA1AB100000004072,20.490000000000002,20.490000000000002
MA1AB100000004073,3.96,3.96
MA1AB100000004074,0.0,0.0
MA1AB100000004075,7.14,7.14
MA1AB100000004076,23.689999999999998,23.689999999999998
MA1AB100000004077,3.73,3.73
MA1AB100000004078,25.11,25.11
MA1AB100000004079,5.96,5.96
MA1AB100000004080,17.650000000000002,17.650000000000002
MA1AB100000004081,13.05,13.05
MA1AB100000004082,0.0,0.0
MA1AB100000004083,5.15,5.15
MA1AB100000004084,3.27,3.27
MA1AB100000004085,26.39,26.39
MA1AB100000004086,5.02,5.02
MA1AB100000004087,5.73,5.73
MA1AB100000004088,0.0,0.0
MA1AB100000004089,14.58,14.58
MA1AB100000004090,0.0,0.0
MA1AB100000004091,0.0,0.0
MA1AB100000004092,0.0,0.0
MA1AB100000004093,0.0,0.0
MA1AB100000004094,11.19,11.19
MA1AB100000004095,22.75,22.75
MA1AB100000004096,9.44,9.44
MA1AB100000004097,7.33,7.33
MA1AB100000004098,0.0,0.0
MA1AB100000004099,3.18,3.18
MA1AB100000004100,21.05,21.05
MA1AB100000004101,6.82,6.82
MA1AB100000004102,0.0,0.0
MA1AB100000004103,4.61,4.61
MA1AB100000004104,7.720000000000001,7.720000000000001
MA1AB100000004105,2.51,2.51
MA1AB100000004106,10.34,10.34
MA1AB100000004107,0.0,0.0
MA1AB100000004108,13.600000000000001,13.600000000000001
MA1AB100000004109,33.75,33.75
MA1AB100000004110,0.0,0.0
MA1AB100000004111,0.0,0.0
MA1AB100000004112,12.27,12.27
MA1AB100000004113,8.08,8.08
MA1AB100000004114,16.18,16.18
MA1AB100000004115,15.05,15.05
MA1AB100000004116,0.0,0.0
MA1AB100000004117,16.07,16.07
MA1AB100000004118,7.2,7.2
MA1AB100000004119,5.25,5.25
MA1AB100000004120,1.94,1.94
MA1AB100000004121,13.17,13.17
MA1AB100000004122,6.6499999999999995,6.6499999999999995
MA1AB100000004123,3.07,3.07
MA1AB100000004124,13.9,13.9
MA1AB100000004125,1.14,1.14
MA1AB100000004126,18.82,18.82
MA1AB100000004127,10.34,10.34
MA1AB100000004128,13.73,13.73
MA1AB100000004129,4.67,4.67
MA1AB100000004130,2.34,2.34
MA1AB100000004131,0.0,0.0
MA1AB100000004132,35.63,35.63
MA1AB100000004133,0.0,0.0
MA1AB100000004134,0.0,0.0
MA1AB100000004135,22.28,22.28
MA1AB100000004136,18.85,18.85
MA1AB100000004137,7.42,7.42
MA1AB100000004138,9.65,9.65
MA1AB100000004139,11.98,11.98
MA1AB100000004140,8.9,8.9
MA1AB100000004141,8.9,8.9
MA1AB100000004142,17.490000000000002,17.490000000000002
MA1AB100000004143,12.379999999999999,12.379999999999999
MA1AB100000004144,7.03,7.03
MA1AB100000004145,18.240000000000002,18.240000000000002
MA1AB100000004146,10.33,10.33
MA1AB100000004147,15.24,15.24
MA1AB100000004148,0.0,0.0
MA1AB100000004149,12.49,12.49
MA1AB100000004150,11.89,11.89
MA1AB100000004151,0.0,0.0
MA1AB100000004152,22.5,22.5
MA1AB100000004153,0.0,0.0
MA1AB100000004154,0.0,0.0
MA1AB100000004155,4.43,4.43
MA1AB100000004156,6.68,6.68
MA1AB100000004157,13.85,13.85
MA1AB100000004158,26.13,26.13
MA1AB100000004159,19.96,19.96
MA1AB100000004160,14.22,14.22
MA1AB100000004161,0.0,0.0
MA1AB100000004162,4.14,4.14
MA1AB100000004163,12.440000000000001,12.440000000000001
MA1AB100000004164,0.0,0.0
MA1AB100000004165,2.05,2.05
MA1AB100000004166,15.149999999999999,15.149999999999999
MA1AB100000004167,13.92,13.92
MA1AB100000004168,10.84,10.84
MA1AB100000004169,15.120000000000001,15.120000000000001
MA1AB100000004170,25.29,25.29
MA1AB100000004171,2.11,2.11
MA1AB100000004172,10.59,10.59
MA1AB100000004173,15.07,15.07
MA1AB100000004174,0.0,0.0
MA1AB100000004175,11.7,11.7
MA1AB100000004176,4.83,4.83
MA1AB100000004177,1.35,1.35
MA1AB100000004178,12.68,12.68
MA1AB100000004179,0.0,0.0
MA1AB100000004180,6.13,6.13
MA1AB100000004181,5.83,5.83
MA1AB100000004182,2.04,2.04
MA1AB100000004183,5.44,5.44
MA1AB100000004184,3.76,3.76
MA1AB100000004185,15.32,15.32
MA1AB100000004186,7.51,7.51
MA1AB100000004187,1.34,1.34
MA1AB100000004188,6.09,6.09
MA1AB100000004189,3.62,3.62
MA1AB100000004190,7.199999999999999,7.199999999999999
MA1AB100000004191,18.95,18.95
MA1AB100000004192,3.85,3.85
MA1AB100000004193,0.0,0.0
MA1AB100000004194,9.53,9.53
MA1AB100000004195,11.34,11.34
MA1AB100000004196,17.85,17.85
MA1AB100000004197,0.0,0.0
MA1AB100000004198,13.14,13.14
MA1AB100000004199,0.0,0.0
MA1AB100000004200,0.0,0.0
MA1AB100000004201,12.280000000000001,12.280000000000001
MA1AB100000004202,19.75,19.75
MA1AB100000004203,3.94,3.94
MA1AB100000004204,3.04,3.04
MA1AB100000004205,29.470000000000002,29.470000000000002
MA1AB100000004206,4.58,4.58
MA1AB100000004207,5.59,5.59
MA1AB100000004208,3.24,3.24
MA1AB100000004209,2.56,2.56
MA1AB100000004210,3.65,3.65
MA1AB100000004211,0.0,0.0
MA1AB100000004212,2.05,2.05
MA1AB100000004213,4.609999999999999,4.609999999999999
MA1AB100000004214,0.0,0.0
MA1AB100000004215,16.73,16.73
MA1AB100000004216,0.0,0.0
MA1AB100000004217,4.15,4.15
MA1AB100000004218,19.65,19.65
MA1AB100000004219,20.17,20.17
MA1AB100000004220,11.65,11.65
MA1AB100000004221,0.0,0.0
MA1AB100000004222,5.41,5.41
MA1AB100000004223,13.63,13.63
MA1AB100000004224,13.44,13.44
MA1AB100000004225,6.26,6.26
MA1AB100000004226,8.3,8.3
MA1AB100000004227,0.0,0.0
MA1AB100000004228,4.6,4.6
MA1AB100000004229,12.59,12.59
MA1AB100000004230,0.0,0.0
MA1AB100000004231,0.0,0.0
MA1AB100000004232,10.879999999999999,10.879999999999999
MA1AB100000004233,4.62,4.62
MA1AB100000004234,2.54,2.54
MA1AB100000004235,10.73,10.73
MA1AB100000004236,0.0,0.0
MA1AB100000004237,3.13,3.13
MA1AB100000004238,0.0,0.0
MA1AB100000004239,26.73,26.73
MA1AB100000004240,6.23,6.23
MA1AB100000004241,1.22,1.22
MA1AB100000004242,2.28,2.28
MA1AB100000004243,3.78,3.78
MA1AB100000004244,4.65,4.65
MA1AB100000004245,13.32,13.32
MA1AB100000004246,15.149999999999999,15.149999999999999
MA1AB100000004247,5.31,5.31
MA1AB100000004248,7.3,7.3
MA1AB100000004249,10.0,10.0
MA1AB100000004250,2.16,2.16
MA1AB100000004251,18.36,18.36
MA1AB100000004252,6.14,6.14
MA1AB100000004253,4.04,4.04
MA1AB100000004254,7.5,7.5
MA1AB100000004255,15.030000000000001,15.030000000000001
MA1AB100000004256,6.54,6.54
MA1AB100000004257,7.57,7.57
MA1AB100000004258,5.01,5.01
MA1AB100000004259,3.15,3.15
MA1AB100000004260,32.01,32.01
MA1AB100000004261,4.58,4.58
MA1AB100000004262,5.39,5.39
MA1AB100000004263,3.56,3.56
MA1AB100000004264,0.0,0.0
MA1AB100000004265,4.35,4.35
MA1AB100000004266,20.16,20.16
MA1AB100000004267,8.48,8.48
MA1AB100000004268,3.82,3.82
MA1AB100000004269,5.22,5.22
MA1AB100000004270,4.49,4.49
MA1AB100000004271,0.0,0.0
MA1AB100000004272,12.08,12.08
MA1AB100000004273,5.25,5.25
MA1AB100000004274,5.29,5.29
MA1AB100000004275,12.309999999999999,12.309999999999999
MA1AB100000004276,11.73,11.73
MA1AB100000004277,0.0,0.0
MA1AB100000004278,0.0,0.0
MA1AB100000004279,7.859999999999999,7.859999999999999
MA1AB100000004280,8.8,8.8
MA1AB100000004281,8.7,8.7
MA1AB100000004282,13.17,13.17
MA1AB100000004283,2.37,2.37
MA1AB100000004284,11.93,11.93
MA1AB100000004285,10.76,10.76
MA1AB100000004286,3.76,3.76
MA1AB100000004287,3.37,3.37
MA1AB100000004288,8.48,8.48
MA1AB100000004289,13.48,13.48
MA1AB100000004290,1.59,1.59
MA1AB100000004291,1.74,1.74
MA1AB100000004292,25.15,25.15
MA1AB100000004293,10.21,10.21
MA1AB100000004294,2.25,2.25
MA1AB100000004295,16.84,16.84
MA1AB100000004296,13.940000000000001,13.940000000000001
MA1AB100000004297,10.13,10.13
MA1AB100000004298,16.0,16.0
MA1AB100000004299,2.49,2.49
MA1AB100000004300,11.49,11.49
MA1AB100000004301,8.950000000000001,8.950000000000001
MA1AB100000004302,19.580000000000002,19.580000000000002
MA1AB100000004303,1.08,1.08
MA1AB100000004304,1.97,1.97
MA1AB100000004305,5.71,5.71
MA1AB100000004306,0.0,0.0
MA1AB100000004307,7.41,7.41
MA1AB100000004308,10.82,10.82
MA1AB100000004309,18.990000000000002,18.990000000000002
MA1AB100000004310,8.83,8.83
MA1AB100000004311,14.48,14.48
MA1AB100000004312,0.0,0.0
MA1AB100000004313,0.92,0.92
MA1AB100000004314,1.02,1.02
MA1AB100000004315,15.92,15.92
MA1AB100000004316,5.659999999999999,5.659999999999999
MA1AB100000004317,3.5700000000000003,3.5700000000000003
MA1AB100000004318,4.62,4.62
MA1AB100000004319,2.04,2.04
MA1AB100000004320,9.58,9.58
MA1AB100000004321,3.88,3.88
MA1AB100000004322,9.42,9.42
MA1AB100000004323,6.52,6.52
MA1AB100000004324,13.34,13.34
MA1AB100000004325,6.55,6.55
MA1AB100000004326,21.29,21.29
MA1AB100000004327,4.7,4.7
MA1AB100000004328,13.920000000000002,13.920000000000002
MA1AB100000004330,8.74,8.74
MA1AB100000004331,7.54,7.54
MA1AB100000004332,11.28,11.28
MA1AB100000004333,5.95,5.95
MA1AB100000004334,13.919999999999998,13.919999999999998
MA1AB100000004335,10.53,10.53
MA1AB100000004336,12.719999999999999,12.719999999999999
MA1AB100000004337,5.33,5.33
MA1AB100000004338,7.17,7.17
MA1AB100000004339,0.0,0.0
MA1AB100000004340,0.0,0.0
MA1AB100000004341,11.64,11.64
MA1AB100000004342,13.379999999999999,13.379999999999999
MA1AB100000004343,3.14,3.14
MA1AB100000004344,6.72,6.72
MA1AB100000004345,0.0,0.0
MA1AB100000004346,14.440000000000001,14.440000000000001
MA1AB100000004347,4.86,4.86
MA1AB100000004348,21.939999999999998,21.939999999999998
MA1AB100000004349,1.72,1.72
MA1AB100000004350,11.74,11.74
MA1AB100000004351,0.0,0.0
MA1AB100000004352,20.27,20.27
MA1AB100000004353,2.05,2.05
MA1AB100000004354,24.89,24.89
MA1AB100000004355,8.92,8.92
MA1AB100000004356,8.45,8.45
MA1AB100000004357,7.0200000000000005,7.0200000000000005
MA1AB100000004358,3.4,3.4
MA1AB100000004359,0.0,0.0
MA1AB100000004360,14.23,14.23
MA1AB100000004361,1.89,1.89
MA1AB100000004362,11.02,11.02
MA1AB100000004363,3.2199999999999998,3.2199999999999998
MA1AB100000004364,0.0,0.0
MA1AB100000004365,10.27,10.27
MA1AB100000004366,6.51,6.51
MA1AB100000004367,3.86,3.86
MA1AB100000004368,7.5200000000000005,7.5200000000000005
MA1AB100000004369,0.55,0.55
MA1AB100000004370,6.67,6.67
MA1AB100000004371,15.209999999999999,15.209999999999999
MA1AB100000004372,5.58,5.58
MA1AB100000004373,11.94,11.94
MA1AB100000004374,6.69,6.69
MA1AB100000004375,4.1,4.1
MA1AB100000004376,12.45,12.45
MA1AB100000004377,11.47,11.47
MA1AB100000004378,6.41,6.41
MA1AB100000004379,20.83,20.83
MA1AB100000004380,16.6,16.6
MA1AB100000004381,16.6,16.6
MA1AB100000004382,6.45,6.45
MA1AB100000004383,2.88,2.88
MA1AB100000004384,8.77,8.77
MA1AB100000004385,2.25,2.25
MA1AB100000004386,3.76,3.76
MA1AB100000004387,2.12,2.12
MA1AB100000004388,4.46,4.46
MA1AB100000004389,4.88,4.88
MA1AB100000004390,3.21,3.21
MA1AB100000004391,4.38,4.38
MA1AB100000004392,3.18,3.18
MA1AB100000004393,26.15,26.15
MA1AB100000004394,2.61,2.61
MA1AB100000004395,13.969999999999999,13.969999999999999
MA1AB100000004396,12.629999999999999,12.629999999999999
MA1AB100000004397,1.9699999999999998,1.9699999999999998
MA1AB100000004398,9.22,9.22
MA1AB100000004399,11.36,11.36
MA1AB100000004400,6.73,6.73
MA1AB100000004401,0.86,0.86
MA1AB100000004402,8.93,8.93
MA1AB100000004403,12.530000000000001,12.530000000000001
MA1AB100000004404,14.26,14.26
MA1AB100000004405,12.58,12.58
MA1AB100000004406,20.11,20.11
MA1AB100000004407,2.5,2.5
MA1AB100000004408,6.79,6.79
MA1AB100000004409,1.9,1.9
MA1AB100000004410,15.91,15.91
MA1AB100000004411,0.0,0.0
MA1AB100000004412,20.08,20.08
MA1AB100000004413,5.36,5.36
MA1AB100000004414,16.88,16.88
MA1AB100000004415,12.43,12.43
MA1AB100000004416,1.49,1.49
MA1AB100000004417,2.96,2.96
MA1AB100000004418,13.45,13.45
MA1AB100000004419,10.87,10.87
MA1AB100000004420,10.02,10.02
MA1AB100000004421,11.69,11.69
MA1AB100000004422,11.65,11.65
MA1AB100000004423,26.0,26.0
MA1AB100000004424,0.0,0.0
MA1AB100000004425,31.61,31.61
MA1AB100000004426,10.11,10.11
MA1AB100000004427,7.6899999999999995,7.6899999999999995
MA1AB100000004428,15.749999999999998,15.749999999999998
MA1AB100000004429,2.34,2.34
MA1AB100000004430,8.6,8.6
MA1AB100000004431,19.96,19.96
MA1AB100000004432,10.42,10.42
MA1AB100000004433,7.3,7.3
MA1AB100000004434,21.31,21.31
MA1AB100000004435,12.81,12.81
MA1AB100000004436,7.38,7.38
MA1AB100000004437,6.67,6.67
MA1AB100000004438,0.0,0.0
MA1AB100000004439,12.34,12.34
MA1AB100000004440,0.0,0.0
MA1AB100000004441,1.75,1.75
MA1AB100000004442,6.180000000000001,6.180000000000001
MA1AB100000004443,11.03,11.03
MA1AB100000004444,7.63,7.63
MA1AB100000004445,7.39,7.39
MA1AB100000004446,1.94,1.94
MA1AB100000004447,3.31,3.31
MA1AB100000004448,3.64,3.64
MA1AB100000004449,7.5,7.5
MA1AB100000004450,2.57,2.57
MA1AB100000004451,1.12,1.12
MA1AB100000004452,12.71,12.71
MA1AB100000004453,16.68,16.68
MA1AB100000004454,13.55,13.55
MA1AB100000004455,12.93,12.93
MA1AB100000004456,1.21,1.21
MA1AB100000004457,14.48,14.48
MA1AB100000004458,19.03,19.03
MA1AB100000004459,6.46,6.46
MA1AB100000004460,5.83,5.83
MA1AB100000004461,16.89,16.89
MA1AB100000004462,25.04,25.04
MA1AB100000004463,5.85,5.85
MA1AB100000004464,10.8,10.8
MA1AB100000004465,7.29,7.29
MA1AB100000004466,8.63,8.63
MA1AB100000004467,7.3100000000000005,7.3100000000000005
MA1AB100000004468,8.07,8.07
MA1AB100000004469,5.52,5.52
MA1AB100000004470,14.780000000000001,14.780000000000001
MA1AB100000004471,16.14,16.14
MA1AB100000004472,3.25,3.25
MA1AB100000004473,4.88,4.88
MA1AB100000004474,9.15,9.15
MA1AB100000004475,11.41,11.41
MA1AB100000004476,1.28,1.28
MA1AB100000004477,10.27,10.27
MA1AB100000004478,7.9,7.9
MA1AB100000004479,7.0600000000000005,7.0600000000000005
MA1AB100000004480,6.9,6.9
MA1AB100000004481,14.14,14.14
MA1AB100000004482,16.53,16.53
MA1AB100000004483,14.45,14.45
MA1AB100000004484,10.45,10.45
MA1AB100000004485,4.26,4.26
MA1AB100000004486,19.23,19.23
MA1AB100000004487,10.09,10.09
MA1AB100000004488,9.75,9.75
MA1AB100000004489,4.81,4.81
MA1AB100000004490,7.84,7.84
MA1AB100000004491,0.91,0.91
MA1AB100000004492,10.22,10.22
MA1AB100000004493,0.0,0.0
MA1AB100000004494,12.280000000000001,12.280000000000001
MA1AB100000004495,1.35,1.35
MA1AB100000004496,0.0,0.0
MA1AB100000004497,0.0,0.0
MA1AB100000004498,6.68,6.68
MA1AB100000004499,2.1799999999999997,2.1799999999999997
MA1AB100000004500,4.32,4.32
MA1AB100000004501,12.55,12.55
MA1AB100000004502,10.02,10.02
MA1AB100000004503,17.46,17.46
MA1AB100000004504,7.539999999999999,7.539999999999999
MA1AB100000004505,0.0,0.0
MA1AB100000004506,5.4,5.4
MA1AB100000004507,13.53,13.53
MA1AB100000004508,1.18,1.18
MA1AB100000004509,6.6,6.6
MA1AB100000004510,5.09,5.09
MA1AB100000004511,21.37,21.37
MA1AB100000004512,12.7,12.7
MA1AB100000004513,0.0,0.0
MA1AB100000004514,10.25,10.25
MA1AB100000004515,3.25,3.25
MA1AB100000004516,17.380000000000003,17.380000000000003
MA1AB100000004517,1.97,1.97
MA1AB100000004518,2.37,2.37
MA1AB100000004519,9.21,9.21
MA1AB100000004520,0.0,0.0
MA1AB100000004521,14.4,14.4
MA1AB100000004522,4.359999999999999,4.359999999999999
MA1AB100000004523,7.0,7.0
MA1AB100000004524,5.29,5.29
MA1AB100000004525,8.39,8.39
MA1AB100000004526,7.11,7.11
MA1AB100000004527,34.35,34.35
MA1AB100000004528,0.89,0.89
MA1AB100000004529,16.9,16.9
MA1AB100000004530,14.47,14.47
MA1AB100000004531,27.7,27.7
MA1AB100000004532,15.36,15.36
MA1AB100000004533,7.74,7.74
MA1AB100000004534,0.79,0.79
MA1AB100000004535,2.93,2.93
MA1AB100000004536,11.100000000000001,11.100000000000001
MA1AB100000004537,10.66,10.66
MA1AB100000004538,21.34,21.34
MA1AB100000004539,4.38,4.38
MA1AB100000004540,7.72,7.72
MA1AB100000004541,7.38,7.38
MA1AB100000004542,7.26,7.26
MA1AB100000004543,3.35,3.35
MA1AB100000004544,10.1,10.1
MA1AB100000004545,15.95,15.95
MA1AB100000004546,7.22,7.22
MA1AB100000004547,13.72,13.72
MA1AB100000004548,6.66,6.66
MA1AB100000004549,4.68,4.68
MA1AB100000004550,17.46,17.46
MA1AB100000004551,18.14,18.14
MA1AB100000004552,8.379999999999999,8.379999999999999
MA1AB100000004553,5.15,5.15
MA1AB100000004554,12.4,12.4
MA1AB100000004555,6.96,6.96
MA1AB100000004556,0.0,0.0
MA1AB100000004557,10.41,10.41
MA1AB100000004558,9.469999999999999,9.469999999999999
MA1AB100000004559,17.69,17.69
MA1AB100000004560,1.09,1.09
MA1AB100000004561,10.4,10.4
MA1AB100000004562,9.91,9.91
MA1AB100000004563,6.46,6.46
MA1AB100000004564,0.0,0.0
MA1AB100000004565,0.0,0.0
MA1AB100000004566,7.05,7.05
MA1AB100000004567,12.16,12.16
MA1AB100000004568,23.18,23.18
MA1AB100000004569,9.59,9.59
MA1AB100000004570,2.45,2.45
MA1AB100000004571,8.940000000000001,8.940000000000001
MA1AB100000004572,19.27,19.27
MA1AB100000004573,3.64,3.64
MA1AB100000004574,4.75,4.75
MA1AB100000004575,3.85,3.85
MA1AB100000004576,18.080000000000002,18.080000000000002
MA1AB100000004577,23.1,23.1
MA1AB100000004578,0.0,0.0
MA1AB100000004579,7.85,7.85
MA1AB100000004580,7.97,7.97
MA1AB100000004581,12.91,12.91
MA1AB100000004582,14.09,14.09
MA1AB100000004583,3.25,3.25
MA1AB100000004584,2.28,2.28
MA1AB100000004585,0.0,0.0
MA1AB100000004586,23.130000000000003,23.130000000000003
MA1AB100000004587,14.58,14.58
MA1AB100000004588,16.56,16.56
MA1AB100000004589,20.7,20.7
MA1AB100000004590,6.83,6.83
MA1AB100000004591,7.22,7.22
MA1AB100000004592,10.120000000000001,10.120000000000001
MA1AB100000004593,0.0,0.0
MA1AB100000004594,20.07,20.07
MA1AB100000004595,4.85,4.85
MA1AB100000004596,3.67,3.67
MA1AB100000004597,9.77,9.77
MA1AB100000004598,5.75,5.75
MA1AB100000004599,12.940000000000001,12.940000000000001
MA1AB100000004600,4.71,4.71
MA1AB100000004601,10.969999999999999,10.969999999999999
MA1AB100000004602,12.75,12.75
MA1AB100000004603,8.4,8.4
MA1AB100000004604,14.26,14.26
MA1AB100000004605,13.86,13.86
MA1AB100000004606,0.0,0.0
MA1AB100000004607,13.43,13.43
MA1AB100000004608,3.41,3.41
MA1AB100000004609,0.0,0.0
MA1AB100000004610,0.0,0.0
MA1AB100000004611,1.81,1.81
MA1AB100000004612,8.85,8.85
MA1AB100000004613,5.16,5.16
MA1AB100000004614,1.94,1.94
MA1AB100000004615,30.740000000000002,30.740000000000002
MA1AB100000004616,0.0,0.0
MA1AB100000004617,5.42,5.42
MA1AB100000004618,7.93,7.93
MA1AB100000004619,18.54,18.54
MA1AB100000004620,4.42,4.42
MA1AB100000004621,5.55,5.55
MA1AB100000004622,9.93,9.93
MA1AB100000004623,0.0,0.0
MA1AB100000004624,5.64,5.64
MA1AB100000004625,7.97,7.97
MA1AB100000004626,21.2,21.2
MA1AB100000004627,0.0,0.0
MA1AB100000004628,12.57,12.57
MA1AB100000004629,10.19,10.19
MA1AB100000004630,1.47,1.47
MA1AB100000004631,10.18,10.18
MA1AB100000004632,2.27,2.27
MA1AB100000004633,9.51,9.51
MA1AB100000004634,10.41,10.41
MA1AB100000004635,9.35,9.35
MA1AB100000004636,16.36,16.36
MA1AB100000004637,9.93,9.93
MA1AB100000004638,12.33,12.33
MA1AB100000004639,1.08,1.08
MA1AB100000004640,11.7,11.7
MA1AB100000004641,6.35,6.35
MA1AB100000004642,4.7299999999999995,4.7299999999999995
MA1AB100000004643,6.31,6.31
MA1AB100000004644,13.27,13.27
MA1AB100000004645,4.86,4.86
MA1AB100000004646,9.66,9.66
MA1AB100000004647,25.6,25.6
MA1AB100000004648,24.349999999999998,24.349999999999998
MA1AB100000004649,18.54,18.54
MA1AB100000004650,9.52,9.52
MA1AB100000004651,4.49,4.49
MA1AB100000004652,10.350000000000001,10.350000000000001
MA1AB100000004653,10.469999999999999,10.469999999999999
MA1AB100000004654,11.25,11.25
MA1AB100000004655,7.31,7.31
MA1AB100000004656,16.439999999999998,16.439999999999998
MA1AB100000004657,14.15,14.15
MA1AB100000004658,6.87,6.87
MA1AB100000004659,10.7,10.7
MA1AB100000004660,11.86,11.86
MA1AB100000004661,11.85,11.85
MA1AB100000004663,12.1,12.1
MA1AB100000004664,12.67,12.67
MA1AB100000004665,0.0,0.0
MA1AB100000004666,6.63,6.63
MA1AB100000004667,14.57,14.57
MA1AB100000004668,13.940000000000001,13.940000000000001
MA1AB100000004669,12.24,12.24
MA1AB100000004670,11.48,11.48
MA1AB100000004671,0.0,0.0
MA1AB100000004672,11.07,11.07
MA1AB100000004673,23.27,23.27
MA1AB100000004674,5.75,5.75
MA1AB100000004675,1.13,1.13
MA1AB100000004676,7.7700000000000005,7.7700000000000005
MA1AB100000004677,17.48,17.48
MA1AB100000004678,5.73,5.73
MA1AB100000004679,0.0,0.0
MA1AB100000004680,11.28,11.28
MA1AB100000004681,7.27,7.27
MA1AB100000004682,24.41,24.41
MA1AB100000004683,12.83,12.83
MA1AB100000004684,17.2,17.2
MA1AB100000004685,14.26,14.26
MA1AB100000004686,17.98,17.98
MA1AB100000004687,6.95,6.95
MA1AB100000004688,7.07,7.07
MA1AB100000004689,17.75,17.75
MA1AB100000004690,10.72,10.72
MA1AB100000004691,8.46,8.46
MA1AB100000004692,0.0,0.0
MA1AB100000004693,8.809999999999999,8.809999999999999
MA1AB100000004694,5.67,5.67
MA1AB100000004695,1.65,1.65
MA1AB100000004696,6.35,6.35
MA1AB100000004697,6.78,6.78
MA1AB100000004698,4.07,4.07
MA1AB100000004699,8.05,8.05
MA1AB100000004700,0.0,0.0
MA1AB100000004701,11.440000000000001,11.440000000000001
MA1AB100000004702,4.61,4.61
MA1AB100000004703,14.35,14.35
MA1AB100000004704,3.2,3.2
MA1AB100000004705,7.619999999999999,7.619999999999999
MA1AB100000004706,10.45,10.45
MA1AB100000004707,18.2,18.2
MA1AB100000004708,22.29,22.29
MA1AB100000004709,13.379999999999999,13.379999999999999
MA1AB100000004710,8.280000000000001,8.280000000000001
MA1AB100000004711,2.84,2.84
MA1AB100000004712,5.17,5.17
MA1AB100000004713,10.89,10.89
MA1AB100000004714,7.41,7.41
MA1AB100000004715,8.22,8.22
MA1AB100000004716,3.12,3.12
MA1AB100000004717,12.17,12.17
MA1AB100000004718,4.57,4.57
MA1AB100000004719,5.59,5.59
MA1AB100000004720,13.5,13.5
MA1AB100000004721,13.42,13.42
MA1AB100000004722,7.76,7.76
MA1AB100000004723,13.8,13.8
MA1AB100000004724,3.35,3.35
MA1AB100000004725,22.87,22.87
MA1AB100000004726,7.61,7.61
MA1AB100000004727,7.49,7.49
MA1AB100000004728,7.37,7.37
MA1AB100000004729,1.75,1.75
MA1AB100000004730,9.11,9.11
MA1AB100000004731,22.03,22.03
MA1AB100000004732,7.68,7.68
MA1AB100000004733,12.19,12.19
MA1AB100000004734,4.92,4.92
MA1AB100000004735,2.36,2.36
MA1AB100000004736,16.98,16.98
MA1AB100000004737,10.790000000000001,10.790000000000001
MA1AB100000004738,0.0,0.0
MA1AB100000004739,5.13,5.13
MA1AB100000004740,0.0,0.0
MA1AB100000004741,0.0,0.0
MA1AB100000004742,7.5,7.5
MA1AB100000004743,0.0,0.0
MA1AB100000004744,6.37,6.37
MA1AB100000004745,13.79,13.79
MA1AB100000004746,16.92,16.92
MA1AB100000004747,3.0300000000000002,3.0300000000000002
MA1AB100000004748,0.0,0.0
MA1AB100000004749,13.27,13.27
MA1AB100000004750,0.66,0.66
MA1AB100000004751,7.6,7.6
MA1AB100000004752,5.42,5.42
MA1AB100000004753,3.05,3.05
MA1AB100000004754,9.08,9.08
MA1AB100000004755,0.0,0.0
MA1AB100000004756,12.72,12.72
MA1AB100000004757,22.94,22.94
MA1AB100000004758,10.55,10.55
MA1AB100000004759,6.59,6.59
MA1AB100000004760,3.35,3.35
MA1AB100000004761,12.78,12.78
MA1AB100000004762,5.29,5.29
MA1AB100000004763,7.06,7.06
MA1AB100000004764,25.689999999999998,25.689999999999998
MA1AB100000004765,1.0,1.0
MA1AB100000004766,0.0,0.0
MA1AB100000004767,9.75,9.75
MA1AB100000004768,9.47,9.47
MA1AB100000004769,16.740000000000002,16.740000000000002
MA1AB100000004770,1.97,1.97
MA1AB100000004771,8.959999999999999,8.959999999999999
MA1AB100000004772,12.38,12.38
MA1AB100000004773,5.62,5.62
MA1AB100000004774,11.02,11.02
MA1AB100000004775,12.45,12.45
MA1AB100000004776,8.14,8.14
MA1AB100000004777,6.22,6.22
MA1AB100000004778,7.15,7.15
MA1AB100000004779,24.28,24.28
MA1AB100000004780,6.87,6.87
MA1AB100000004781,0.0,0.0
MA1AB100000004782,9.399999999999999,9.399999999999999
MA1AB100000004783,2.92,2.92
MA1AB100000004784,3.96,3.96
MA1AB100000004785,10.049999999999999,10.049999999999999
MA1AB100000004786,13.059999999999999,13.059999999999999
MA1AB100000004787,8.87,8.87
MA1AB100000004788,0.0,0.0
MA1AB100000004789,15.74,15.74
MA1AB100000004790,9.32,9.32
MA1AB100000004791,0.0,0.0
MA1AB100000004792,1.56,1.56
MA1AB100000004793,8.379999999999999,8.379999999999999
MA1AB100000004794,4.08,4.08
MA1AB100000004795,6.81,6.81
MA1AB100000004796,0.0,0.0
MA1AB100000004797,0.0,0.0
MA1AB100000004798,5.66,5.66
MA1AB100000004799,1.22,1.22
MA1AB100000004800,13.68,13.68
MA1AB100000004801,0.0,0.0
MA1AB100000004802,1.41,1.41
MA1AB100000004803,18.97,18.97
MA1AB100000004804,3.96,3.96
MA1AB100000004805,10.61,10.61
MA1AB100000004806,5.96,5.96
MA1AB100000004807,13.47,13.47
MA1AB100000004808,6.39,6.39
MA1AB100000004809,17.0,17.0
MA1AB100000004810,7.3,7.3
MA1AB100000004811,9.0,9.0
MA1AB100000004812,11.14,11.14
MA1AB100000004813,16.88,16.88
MA1AB100000004814,7.12,7.12
MA1AB100000004815,2.55,2.55
MA1AB100000004816,17.03,17.03
MA1AB100000004817,2.67,2.67
MA1AB100000004818,4.97,4.97
MA1AB100000004819,3.12,3.12
MA1AB100000004820,26.02,26.02
MA1AB100000004821,6.54,6.54
MA1AB100000004822,0.53,0.53
MA1AB100000004823,7.08,7.08
MA1AB100000004824,8.65,8.65
MA1AB100000004825,0.0,0.0
MA1AB100000004826,19.36,19.36
MA1AB100000004827,4.68,4.68
MA1AB100000004828,15.98,15.98
MA1AB100000004829,7.89,7.89
MA1AB100000004830,7.61,7.61
MA1AB100000004831,6.42,6.42
MA1AB100000004832,0.0,0.0
MA1AB100000004833,11.690000000000001,11.690000000000001
MA1AB100000004834,4.93,4.93
MA1AB100000004835,25.09,25.09
MA1AB100000004836,10.59,10.59
MA1AB100000004837,6.18,6.18
MA1AB100000004838,16.21,16.21
MA1AB100000004839,7.970000000000001,7.970000000000001
MA1AB100000004840,5.21,5.21
MA1AB100000004841,0.0,0.0
MA1AB100000004842,3.77,3.77
MA1AB100000004843,2.72,2.72
MA1AB100000004844,8.08,8.08
MA1AB100000004845,3.54,3.54
MA1AB100000004846,3.92,3.92
MA1AB100000004847,5.62,5.62
MA1AB100000004848,1.22,1.22
MA1AB100000004849,12.3,12.3
MA1AB100000004850,11.75,11.75
MA1AB100000004851,1.36,1.36
MA1AB100000004852,1.8,1.8
MA1AB100000004853,3.66,3.66
MA1AB100000004854,2.71,2.71
MA1AB100000004855,1.82,1.82
MA1AB100000004856,11.440000000000001,11.440000000000001
MA1AB100000004857,12.4,12.4
MA1AB100000004858,2.98,2.98
MA1AB100000004859,0.0,0.0
MA1AB100000004860,6.92,6.92
MA1AB100000004861,0.73,0.73
MA1AB100000004862,3.37,3.37
MA1AB100000004863,19.02,19.02
MA1AB100000004864,18.259999999999998,18.259999999999998
MA1AB100000004865,22.05,22.05
MA1AB100000004866,15.04,15.04
MA1AB100000004867,3.76,3.76
MA1AB100000004868,7.26,7.26
MA1AB100000004869,4.61,4.61
MA1AB100000004870,17.59,17.59
MA1AB100000004871,8.209999999999999,8.209999999999999
MA1AB100000004872,6.83,6.83
MA1AB100000004873,14.94,14.94
MA1AB100000004874,6.15,6.15
MA1AB100000004875,24.36,24.36
MA1AB100000004876,0.0,0.0
MA1AB100000004877,18.48,18.48
MA1AB100000004878,12.42,12.42
MA1AB100000004879,3.29,3.29
MA1AB100000004880,8.44,8.44
MA1AB100000004881,8.69,8.69
MA1AB100000004882,20.95,20.95
MA1AB100000004883,11.09,11.09
MA1AB100000004884,9.129999999999999,9.129999999999999
MA1AB100000004885,6.23,6.23
MA1AB100000004886,9.84,9.84
MA1AB100000004887,7.66,7.66
MA1AB100000004888,1.37,1.37
MA1AB100000004889,16.0,16.0
MA1AB100000004890,6.67,6.67
MA1AB100000004891,21.77,21.77
MA1AB100000004892,13.28,13.28
MA1AB100000004893,7.7,7.7
MA1AB100000004894,1.23,1.23
MA1AB100000004895,17.2,17.2
MA1AB100000004896,17.58,17.58
MA1AB100000004897,6.45,6.45
MA1AB100000004898,12.120000000000001,12.120000000000001
MA1AB100000004899,14.52,14.52
MA1AB100000004900,4.03,4.03
MA1AB100000004901,14.719999999999999,14.719999999999999
MA1AB100000004902,3.95,3.95
MA1AB100000004903,5.58,5.58
MA1AB100000004904,13.65,13.65
MA1AB100000004905,2.36,2.36
MA1AB100000004906,0.0,0.0
MA1AB100000004907,0.0,0.0
MA1AB100000004908,7.88,7.88
MA1AB100000004909,9.36,9.36
MA1AB100000004910,9.629999999999999,9.629999999999999
MA1AB100000004911,5.37,5.37
MA1AB100000004912,11.71,11.71
MA1AB100000004913,14.29,14.29
MA1AB100000004914,7.8,7.8
MA1AB100000004915,18.21,18.21
MA1AB100000004916,0.0,0.0
MA1AB100000004917,16.740000000000002,16.740000000000002
MA1AB100000004918,5.27,5.27
MA1AB100000004919,0.0,0.0
MA1AB100000004920,11.219999999999999,11.219999999999999
MA1AB100000004921,11.09,11.09
MA1AB100000004922,0.0,0.0
MA1AB100000004923,10.75,10.75
MA1AB100000004924,11.49,11.49
MA1AB100000004925,0.0,0.0
MA1AB100000004926,0.0,0.0
MA1AB100000004927,10.74,10.74
MA1AB100000004928,0.0,0.0
MA1AB100000004929,8.1,8.1
MA1AB100000004930,3.37,3.37
MA1AB100000004931,7.05,7.05
MA1AB100000004932,0.0,0.0
MA1AB100000004933,2.7,2.7
MA1AB100000004934,10.61,10.61
MA1AB100000004935,16.15,16.15
MA1AB100000004936,13.66,13.66
MA1AB100000004937,2.11,2.11
MA1AB100000004938,3.67,3.67
MA1AB100000004939,0.0,0.0
MA1AB100000004940,9.6,9.6
MA1AB100000004941,0.57,0.57
MA1AB100000004942,13.54,13.54
MA1AB100000004943,4.3,4.3
MA1AB100000004944,0.0,0.0
MA1AB100000004945,14.08,14.08
MA1AB100000004946,5.54,5.54
MA1AB100000004947,4.66,4.66
MA1AB100000004948,7.03,7.03
MA1AB100000004949,0.0,0.0
MA1AB100000004950,6.14,6.14
MA1AB100000004951,6.78,6.78
MA1AB100000004952,4.71,4.71
MA1AB100000004953,0.56,0.56
MA1AB100000004954,1.71,1.71
MA1AB100000004955,0.86,0.86
MA1AB100000004956,9.96,9.96
MA1AB100000004957,0.0,0.0
MA1AB100000004958,5.4399999999999995,5.4399999999999995
MA1AB100000004959,0.0,0.0
MA1AB100000004960,8.12,8.12
MA1AB100000004961,15.02,15.02
MA1AB100000004962,14.2,14.2
MA1AB100000004963,11.09,11.09
MA1AB100000004964,7.18,7.18
MA1AB100000004965,4.32,4.32
MA1AB100000004966,8.0,8.0
MA1AB100000004967,6.35,6.35
MA1AB100000004968,15.030000000000001,15.030000000000001
MA1AB100000004969,1.59,1.59
MA1AB100000004970,5.08,5.08
MA1AB100000004971,2.7600000000000002,2.7600000000000002
MA1AB100000004972,5.1,5.1
MA1AB100000004973,4.75,4.75
MA1AB100000004974,27.259999999999998,27.259999999999998
MA1AB100000004975,9.600000000000001,9.600000000000001
MA1AB100000004976,27.740000000000002,27.740000000000002
MA1AB100000004977,0.0,0.0
MA1AB100000004978,8.77,8.77
MA1AB100000004979,0.0,0.0
MA1AB100000004980,20.14,20.14
MA1AB100000004981,6.529999999999999,6.529999999999999
MA1AB100000004982,2.24,2.24
MA1AB100000004983,11.17,11.17
MA1AB100000004984,28.4,28.4
MA1AB100000004985,0.0,0.0
MA1AB100000004986,3.83,3.83
MA1AB100000004987,18.73,18.73
MA1AB100000004988,15.72,15.72
MA1AB100000004989,5.58,5.58
MA1AB100000004990,6.880000000000001,6.880000000000001
MA1AB100000004991,12.67,12.67
MA1AB100000004992,7.5600000000000005,7.5600000000000005
MA1AB100000004993,1.61,1.61
MA1AB100000004994,7.28,7.28
MA1AB100000004996,14.32,14.32
MA1AB100000004997,1.79,1.79
MA1AB100000004998,1.83,1.83
MA1AB100000004999,0.0,0.0
XX1 2 3 4,159.22,159.22
