Event_ID,VIN,Work_Order,Model,Line,Station,Timestamp,Part_Number,Supplier_Code,Operator_ID,Tool_ID,Shift,Tool_Name,Tool_Type,Plant,Calibration_Date,Next_Due_Date,Status,Accuracy_%,Manufacturer,Serial_Number
M7000,XX1 2 3 4,WO10000,Hatch Z,GA-1,STN-01,2026/03/01 06:70, eng-1001 ,,EMP240,TL-032,B,Tool_32,Press Tool,Plant-A,2026-03-27,2026-06-25,Maintenance,97.67,Bosch,SN100031
M7001,MA1AB100000000001,WO10001,Sedan X,GA-1, stn-05 ,2026-03-01 06:01,ENG-1379,SUP-140,EMP144,TL-076,,Tool_76,Welding Gun,Plant-C,2026-02-22,2026-05-23,Maintenance,98.13,Ingersoll Rand,SN100075
M7002,MA1AB100000000002,WO10002,Sedan X,GA-1,STN-01,2026-03-01 06:02,ENG-1111,SUP-060,EMP358,TL-078,A,Tool_78,Press Tool,Plant-A,2026-03-26,2026-06-24,Maintenance,99.88,Bosch,SN100077
M7003,MA1AB100000000003,WO10003,Hatch Z,GA-2, stn-05 ,2026-03-01 06:03,ENG-1332,SUP-180,EMP379,TL-054,B,Tool_54,Press Tool,Plant-C,2026-01-18,2026-04-18,Active,99.35,Ingersoll Rand,SN100053
M7004,MA1AB100000000004,WO10004,SUV Pro,PAINT-1,Stn-03,2026-03-01 06:05,ENG-1445,SUP-002,EMP181,TL-090,,Tool_90,Nut Runner,Plant-C,2026-05-12,2026-08-10,Out of Service,97.28,Stanley,SN100089
M7005,MA1AB100000000005,WO10005,SUV Pro,PAINT-1,STN-02,2026-03-01 06:06,ENG-1110,SUP-196,EMP272,TL-014,A,Tool_14,Nut Runner,Plant-A,2026-02-27,2026-05-28,Maintenance,99.68,Stanley,SN100013
M7006,MA1AB100000000006,WO10006,SUV Pro,GA-1,STN-03,2026-03-01 06:07,ENG-1433,SUP-089,EMP235,TL-006,,Tool_6,Nut Runner,Plant-B,2026-01-25,2026-04-25,Maintenance,98.24,Ingersoll Rand,SN100005
M7007,MA1AB100000000007,WO10007,Hatch Z,GA-1,STN-04,2026-03-01 06:08,ENG-1040,SUP-142,EMP250,TL-081,C,Tool_81,Nut Runner,Plant-A,2026-06-21,2026-09-19,Maintenance,97.61,Atlas Copco,SN100080
M7008,MA1AB100000000008,WO10008,Hatch Z,GA-2, stn-05 ,2026-03-01 06:10,ENG-1035,SUP-012,EMP216,TL-099,C,Tool_99,Welding Gun,Plant-B,2026-05-20,2026-08-18,Active,97.05,Atlas Copco,SN100098
M7009,MA1AB100000000009,WO10009,Sedan X,GA-2,Stn-03,2026-03-01 06:11,ENG-1051,SUP-098,EMP242,TL-059,C,Tool_59,Robot Arm,Plant-B,2026-04-15,2026-07-14,Active,95.72,Stanley,SN100058
M7010,MA1AB100000000010,WO10010,Sedan X,PAINT-1,STN-03,2026-03-01 06:12,ENG-1107,SUP-172,EMP236,TL-090,A,Tool_90,Nut Runner,Plant-C,2026-05-12,2026-08-10,Out of Service,97.28,Stanley,SN100089
M7011,MA1AB100000000011,WO10011,Hatch Z,GA-2,STN-05,2026-03-01 06:13,ENG-1373,SUP-063,EMP183,TL-060,,Tool_60,Welding Gun,Plant-B,2026-02-09,2026-05-10,Active,95.55,Atlas Copco,SN100059
M7012,MA1AB100000000012,WO10012,SUV Pro,GA-2, stn-05 ,2026-03-01 06:15,ENG-1166,SUP-197,EMP128,TL-030,A,Tool_30,Nut Runner,Plant-A,2026-02-18,2026-05-19,Out of Service,97.07,Ingersoll Rand,SN100029
M7013,MA1AB100000000013,WO10013,SUV Pro,TRIM-1,STN-03,2026-03-01 06:16,ENG-1033,SUP-055,EMP390,TL-092,C,Tool_92,Nut Runner,Plant-C,2026-06-25,2026-09-23,Active,97.7,Bosch,SN100091
M7014,MA1AB100000000014,WO10014,Sedan X,TRIM-1,STN-04,2026-03-01 06:17,ENG-1452,SUP-165,EMP334,TL-019,C,Tool_19,Torque Wrench,Plant-B,2026-05-30,2026-08-28,Active,96.08,Atlas Copco,SN100018
M7015,MA1AB100000000015,WO10015,Sedan X,GA-2, stn-05 ,2026-03-01 06:18,ENG-1287,SUP-138,EMP234,TL-096,,Tool_96,Nut Runner,Plant-A,2026-04-26,2026-07-25,Active,95.35,Stanley,SN100095
M7016,MA1AB100000000016,WO10016,Hatch Z,TRIM-1,STN-03,2026-03-01 06:20,ENG-1112,SUP-036,EMP360,TL-064,A,Tool_64,Press Tool,Plant-A,2026-02-03,2026-05-04,Active,98.09,Atlas Copco,SN100063
M7017,MA1AB100000000017,WO10017,Sedan X,GA-1,STN-02,2026-03-01 06:21,ENG-1321,SUP-041,EMP316,TL-077,A,Tool_77,Welding Gun,Plant-C,2026-04-12,2026-07-11,Active,98.71,Stanley,SN100076
M7018,MA1AB100000000018,WO10018,SUV Pro,TRIM-1,STN-05,2026-03-01 06:22,ENG-1239,SUP-136,EMP228,TL-071,A,Tool_71,Welding Gun,Plant-B,2026-04-11,2026-07-10,Active,98.12,Atlas Copco,SN100070
M7019,MA1AB100000000019,WO10019,Hatch Z,GA-1, stn-05 ,2026-03-01 06:23,ENG-1453,SUP-138,EMP236,TL-099,C,Tool_99,Welding Gun,Plant-B,2026-05-20,2026-08-18,Active,97.05,Atlas Copco,SN100098
M7020,MA1AB100000000020,WO10020,Sedan X,PAINT-1,STN-04,2026-03-01 06:25,ENG-1080,SUP-117,EMP101,TL-093,C,Tool_93,Nut Runner,Plant-A,2026-03-03,2026-06-01,Out of Service,98.43,Ingersoll Rand,SN100092
M7021,MA1AB100000000021,WO10021,Hatch Z,GA-2,STN-05,2026-03-01 06:26,ENG-1467,SUP-028,EMP252,TL-082,B,Tool_82,Nut Runner,Plant-B,2026-03-18,2026-06-16,Active,95.75,Atlas Copco,SN100081
M7022,MA1AB100000000022,WO10022,Sedan X,PAINT-1,Stn-03,2026-03-01 06:27,ENG-1082,SUP-139,EMP371,TL-001,C,Tool_1,Welding Gun,Plant-A,2026-05-21,2026-08-19,Maintenance,98.97,Bosch,SN100000
M7023,MA1AB100000000023,WO10023,SUV Pro,GA-1,STN-01,2026-03-01 06:28,ENG-1475,SUP-093,EMP257,TL-031,A,Tool_31,Nut Runner,Plant-A,2026-01-31,2026-05-01,Active,97.01,Atlas Copco,SN100030
M7024,MA1AB100000000024,WO10024,Sedan X,GA-1,STN-01,2026-03-01 06:30,ENG-1374,SUP-125,EMP135,TL-098,B,Tool_98,Press Tool,Plant-A,2026-06-01,2026-08-30,Active,98.11,Stanley,SN100097
M7025,MA1AB100000000025,WO10025,Sedan X,TRIM-1,STN-05,2026-03-01 06:31,ENG-1084,SUP-068,EMP370,TL-078,,Tool_78,Press Tool,Plant-A,2026-03-26,2026-06-24,Maintenance,99.88,Bosch,SN100077
M7026,MA1AB100000000026,WO10026,Sedan X,GA-2, stn-05 ,2026-03-01 06:32,ENG-1159,SUP-103,EMP291,TL-057,,Tool_57,Welding Gun,Plant-A,2026-05-01,2026-07-30,Active,98.96,Bosch,SN100056
M7027,MA1AB100000000027,WO10027,Sedan X,GA-2,STN-02,2026-03-01 06:33,ENG-1032,SUP-087,EMP110,TL-076,B,Tool_76,Welding Gun,Plant-C,2026-02-22,2026-05-23,Maintenance,98.13,Ingersoll Rand,SN100075
M7028,MA1AB100000000028,WO10028,Hatch Z,GA-2,STN-01,2026-03-01 06:35,ENG-1036,SUP-182,EMP130,TL-030,A,Tool_30,Nut Runner,Plant-A,2026-02-18,2026-05-19,Out of Service,97.07,Ingersoll Rand,SN100029
M7029,MA1AB100000000029,WO10029,Sedan X,PAINT-1,STN-01,2026-03-01 06:36,ENG-1263,SUP-061,EMP242,TL-086,,Tool_86,Press Tool,Plant-B,2026-03-20,2026-06-18,Active,96.21,Bosch,SN100085
M7030,MA1AB100000000030,WO10030,Sedan X,GA-2, stn-05 ,2026-03-01 06:37,ENG-1478,SUP-147,EMP395,TL-061,B,Tool_61,Nut Runner,Plant-C,2026-06-29,2026-09-27,Active,99.71,Ingersoll Rand,SN100060
M7031,MA1AB100000000031,WO10031,SUV Pro,TRIM-1,STN-02,2026-03-01 06:38,ENG-1048,SUP-025,EMP320,TL-046,,Tool_46,Torque Wrench,Plant-C,2026-01-19,2026-04-19,Active,95.51,Ingersoll Rand,SN100045
M7032,MA1AB100000000032,WO10032,SUV Pro,TRIM-1,Stn-03,2026-03-01 06:40,ENG-1373,SUP-014,EMP150,TL-008,,Tool_8,Welding Gun,Plant-A,2026-06-05,2026-09-03,Maintenance,95.49,Ingersoll Rand,SN100007
M7033,MA1AB100000000033,WO10033,Hatch Z,PAINT-1,Stn-03,2026-03-01 06:41,ENG-1441,SUP-028,EMP227,TL-025,B,Tool_25,Nut Runner,Plant-C,2026-02-19,2026-05-20,Out of Service,98.88,Atlas Copco,SN100024
M7034,MA1AB100000000034,WO10034,Hatch Z,TRIM-1,STN-02,2026-03-01 06:42,ENG-1216,SUP-047,EMP242,TL-060,B,Tool_60,Welding Gun,Plant-B,2026-02-09,2026-05-10,Active,95.55,Atlas Copco,SN100059
M7035,MA1AB100000000035,WO10035,Sedan X,TRIM-1,Stn-03,2026-03-01 06:43,ENG-1441,SUP-141,EMP150,TL-007,A,Tool_7,Nut Runner,Plant-B,2026-06-11,2026-09-09,Out of Service,95.88,Stanley,SN100006
M7036,MA1AB100000000036,WO10036,Sedan X,GA-2,STN-02,2026-03-01 06:45,ENG-1208,SUP-125,EMP346,TL-028,,Tool_28,Press Tool,Plant-C,2026-01-25,2026-04-25,Out of Service,97.87,Ingersoll Rand,SN100027
M7037,MA1AB100000000037,WO10037,Sedan X,GA-2,STN-04,2026-03-01 06:46,ENG-1001,SUP-100,EMP235,TL-999,,Unknown Tool,Unknown Type,,,,,,,
M7038,MA1AB100000000038,WO10038,SUV Pro,TRIM-1, stn-05 ,2026-03-01 06:47,ENG-1490,SUP-188,EMP384,TL-085,,Tool_85,Nut Runner,Plant-A,2026-01-29,2026-04-29,Out of Service,98.68,Stanley,SN100084
M7039,MA1AB100000000039,WO10039,Sedan X,GA-2,STN-03,2026-03-01 06:48,ENG-1111,SUP-015,EMP396,TL-095,A,Tool_95,Nut Runner,Plant-A,2026-06-25,2026-09-23,Active,99.37,Bosch,SN100094
M7040,MA1AB100000000040,WO10040,Hatch Z,PAINT-1,STN-01,2026-03-01 06:50,ENG-1025,SUP-150,EMP344,TL-065,B,Tool_65,Torque Wrench,Plant-C,2026-01-31,2026-05-01,Maintenance,97.24,Bosch,SN100064
M7041,MA1AB100000000041,WO10041,Sedan X,GA-1,Stn-03,2026-03-01 06:51,ENG-1095,SUP-018,EMP134,TL-087,B,Tool_87,Robot Arm,Plant-B,2026-02-09,2026-05-10,Maintenance,99.98,Stanley,SN100086
M7042,MA1AB100000000042,WO10042,SUV Pro,GA-1,STN-05,2026-03-01 06:52,ENG-1126,SUP-149,EMP120,TL-080,A,Tool_80,Robot Arm,Plant-B,2026-03-23,2026-06-21,Maintenance,97.79,Atlas Copco,SN100079
M7043,MA1AB100000000043,WO10043,SUV Pro,PAINT-1,STN-03,2026-03-01 06:53,ENG-1104,SUP-172,EMP260,TL-031,C,Tool_31,Nut Runner,Plant-A,2026-01-31,2026-05-01,Active,97.01,Atlas Copco,SN100030
M7044,MA1AB100000000044,WO10044,SUV Pro,GA-2, stn-05 ,2026-03-01 06:55,ENG-1330,SUP-077,EMP334,TL-041,A,Tool_41,Robot Arm,Plant-A,2026-02-27,2026-05-28,Maintenance,97.13,Atlas Copco,SN100040
M7045,MA1AB100000000045,WO10045,Sedan X,TRIM-1,STN-05,2026-03-01 06:56,ENG-1288,SUP-026,EMP137,TL-069,B,Tool_69,Torque Wrench,Plant-B,2026-01-29,2026-04-29,Active,98.16,Bosch,SN100068
M7046,MA1AB100000000046,WO10046,Hatch Z,PAINT-1,STN-02,2026-03-01 06:57,ENG-1477,SUP-090,EMP135,TL-032,C,Tool_32,Press Tool,Plant-A,2026-03-27,2026-06-25,Maintenance,97.67,Bosch,SN100031
M7047,MA1AB100000000047,WO10047,SUV Pro,GA-2,STN-04,2026-03-01 06:58,ENG-1426,SUP-140,EMP254,TL-079,A,Tool_79,Press Tool,Plant-C,2026-04-14,2026-07-13,Active,96.15,Ingersoll Rand,SN100078
M7048,MA1AB100000000048,WO10048,Hatch Z,PAINT-1, stn-05 ,2026-03-01 07:00,ENG-1053,SUP-035,EMP235,TL-015,A,Tool_15,Robot Arm,Plant-C,2026-05-26,2026-08-24,Out of Service,97.88,Atlas Copco,SN100014
M7049,MA1AB100000000049,WO10049,Hatch Z,GA-2,STN-03,2026-03-01 07:01,ENG-1144,SUP-155,EMP207,TL-092,C,Tool_92,Nut Runner,Plant-C,2026-06-25,2026-09-23,Active,97.7,Bosch,SN100091
M7050,MA1AB100000000050,WO10050,Sedan X,PAINT-1,STN-05,2026-03-01 07:02,ENG-1250,SUP-065,EMP126,TL-012,,Tool_12,Press Tool,Plant-B,2026-05-30,2026-08-28,Out of Service,98.02,Bosch,SN100011
M7051,MA1AB100000000051,WO10051,SUV Pro,GA-1,STN-01,2026-03-01 07:03,ENG-1170,SUP-198,EMP166,TL-082,C,Tool_82,Nut Runner,Plant-B,2026-03-18,2026-06-16,Active,95.75,Atlas Copco,SN100081
M7052,MA1AB100000000052,WO10052,Sedan X,TRIM-1,STN-05,2026-03-01 07:05,ENG-1361,SUP-110,EMP387,TL-002,A,Tool_2,Nut Runner,Plant-A,2026-04-22,2026-07-21,Active,97.47,Bosch,SN100001
M7053,MA1AB100000000053,WO10053,Sedan X,GA-2,STN-05,2026-03-01 07:06,ENG-1018,SUP-095,EMP398,TL-071,B,Tool_71,Welding Gun,Plant-B,2026-04-11,2026-07-10,Active,98.12,Atlas Copco,SN100070
M7054,MA1AB100000000054,WO10054,SUV Pro,GA-2,STN-01,2026-03-01 07:07,ENG-1157,SUP-094,EMP120,TL-046,B,Tool_46,Torque Wrench,Plant-C,2026-01-19,2026-04-19,Active,95.51,Ingersoll Rand,SN100045
M7055,MA1AB100000000055,WO10055,Hatch Z,GA-2, stn-05 ,2026-03-01 07:08,ENG-1052,SUP-091,EMP386,TL-053,B,Tool_53,Nut Runner,Plant-A,2026-02-27,2026-05-28,Out of Service,96.41,Stanley,SN100052
M7056,MA1AB100000000056,WO10056,Sedan X,GA-2,Stn-03,2026-03-01 07:10,ENG-1415,SUP-046,EMP311,TL-004,B,Tool_4,Press Tool,Plant-A,2026-01-19,2026-04-19,Active,97.49,Bosch,SN100003
M7057,MA1AB100000000057,WO10057,Hatch Z,PAINT-1,Stn-03,2026-03-01 07:11,ENG-1476,SUP-106,EMP227,TL-035,B,Tool_35,Torque Wrench,Plant-A,2026-04-06,2026-07-05,Active,95.1,Atlas Copco,SN100034
M7058,MA1AB100000000058,WO10058,Hatch Z,GA-1,STN-04,2026-03-01 07:12,ENG-1446,SUP-010,EMP340,TL-029,B,Tool_29,Press Tool,Plant-C,2026-04-30,2026-07-29,Maintenance,98.95,Stanley,SN100028
M7059,MA1AB100000000059,WO10059,SUV Pro,PAINT-1,STN-03,2026-03-01 07:13,ENG-1420,SUP-059,EMP214,TL-004,B,Tool_4,Press Tool,Plant-A,2026-01-19,2026-04-19,Active,97.49,Bosch,SN100003
M7060,MA1AB100000000060,WO10060,SUV Pro,PAINT-1,STN-03,2026-03-01 07:15,ENG-1442,SUP-018,EMP242,TL-045,,Tool_45,Welding Gun,Plant-C,2026-03-10,2026-06-08,Active,98.94,Stanley,SN100044
M7061,MA1AB100000000061,WO10061,Hatch Z,PAINT-1,STN-01,2026-03-01 07:16,ENG-1059,SUP-067,EMP191,TL-075,C,Tool_75,Press Tool,Plant-C,2026-04-22,2026-07-21,Active,99.86,Ingersoll Rand,SN100074
M7062,MA1AB100000000062,WO10062,Sedan X,GA-1,STN-05,2026-03-01 07:17,ENG-1222,SUP-089,EMP260,TL-056,A,Tool_56,Torque Wrench,Plant-C,2026-04-06,2026-07-05,Active,97.45,Atlas Copco,SN100055
M7063,MA1AB100000000063,WO10063,SUV Pro,GA-2,STN-03,2026-03-01 07:18,ENG-1022,SUP-182,EMP323,TL-001,B,Tool_1,Welding Gun,Plant-A,2026-05-21,2026-08-19,Maintenance,98.97,Bosch,SN100000
M7064,MA1AB100000000064,WO10064,SUV Pro,TRIM-1,STN-01,2026-03-01 07:20,ENG-1485,SUP-171,EMP269,TL-080,C,Tool_80,Robot Arm,Plant-B,2026-03-23,2026-06-21,Maintenance,97.79,Atlas Copco,SN100079
M7065,MA1AB100000000065,WO10065,Hatch Z,GA-1, stn-05 ,2026-03-01 07:21,ENG-1460,SUP-077,EMP359,TL-040,,Tool_40,Welding Gun,Plant-A,2026-04-02,2026-07-01,Active,98.84,Atlas Copco,SN100039
M7066,MA1AB100000000066,WO10066,SUV Pro,TRIM-1, stn-05 ,2026-03-01 07:22,ENG-1151,SUP-142,EMP165,TL-025,,Tool_25,Nut Runner,Plant-C,2026-02-19,2026-05-20,Out of Service,98.88,Atlas Copco,SN100024
M7067,MA1AB100000000067,WO10067,Hatch Z,TRIM-1, stn-05 ,2026-03-01 07:23,ENG-1383,SUP-045,EMP391,TL-039,,Tool_39,Nut Runner,Plant-C,2026-02-15,2026-05-16,Maintenance,97.07,Ingersoll Rand,SN100038
M7068,MA1AB100000000068,WO10068,Hatch Z,GA-1,STN-03,2026-03-01 07:25,ENG-1146,SUP-054,EMP320,TL-999,C,Unknown Tool,Unknown Type,,,,,,,
M7069,MA1AB100000000069,WO10069,SUV Pro,TRIM-1,STN-04,2026-03-01 07:26,ENG-1345,SUP-055,EMP361,TL-061,B,Tool_61,Nut Runner,Plant-C,2026-06-29,2026-09-27,Active,99.71,Ingersoll Rand,SN100060
M7070,MA1AB100000000070,WO10070,Hatch Z,GA-1,STN-03,2026-03-01 07:27,ENG-1263,SUP-170,EMP271,TL-012,B,Tool_12,Press Tool,Plant-B,2026-05-30,2026-08-28,Out of Service,98.02,Bosch,SN100011
M7071,MA1AB100000000071,WO10071,Hatch Z,PAINT-1,STN-02,2026-03-01 07:28,ENG-1412,SUP-051,EMP175,TL-004,A,Tool_4,Press Tool,Plant-A,2026-01-19,2026-04-19,Active,97.49,Bosch,SN100003
M7072,MA1AB100000000072,WO10072,Sedan X,TRIM-1,STN-05,2026-03-01 07:30,ENG-1435,SUP-197,EMP137,TL-059,,Tool_59,Robot Arm,Plant-B,2026-04-15,2026-07-14,Active,95.72,Stanley,SN100058
M7073,MA1AB100000000073,WO10073,Hatch Z,GA-2, stn-05 ,2026-03-01 07:31,ENG-1356,SUP-099,EMP353,TL-052,B,Tool_52,Torque Wrench,Plant-A,2026-04-12,2026-07-11,Out of Service,99.68,Ingersoll Rand,SN100051
M7074,MA1AB100000000074,WO10074,Sedan X,GA-1,Stn-03,2026-03-01 07:32,ENG-1440,SUP-198,EMP154,TL-100,,Tool_100,Welding Gun,Plant-A,2026-04-25,2026-07-24,Maintenance,97.13,Ingersoll Rand,SN100099
M7075,MA1AB100000000075,WO10075,Sedan X,GA-2,Stn-03,2026-03-01 07:33,ENG-1490,SUP-179,EMP365,TL-060,A,Tool_60,Welding Gun,Plant-B,2026-02-09,2026-05-10,Active,95.55,Atlas Copco,SN100059
M7076,MA1AB100000000076,WO10076,Hatch Z,GA-2,Stn-03,2026-03-01 07:35,ENG-1062,SUP-117,EMP168,TL-060,C,Tool_60,Welding Gun,Plant-B,2026-02-09,2026-05-10,Active,95.55,Atlas Copco,SN100059
M7077,MA1AB100000000077,WO10077,SUV Pro,TRIM-1,Stn-03,2026-03-01 07:36,ENG-1464,SUP-141,EMP328,TL-021,,Tool_21,Press Tool,Plant-C,2026-01-09,2026-04-09,Out of Service,95.18,Atlas Copco,SN100020
M7078,MA1AB100000000078,WO10078,SUV Pro,PAINT-1,Stn-03,2026-03-01 07:37,ENG-1126,SUP-164,EMP241,TL-099,,Tool_99,Welding Gun,Plant-B,2026-05-20,2026-08-18,Active,97.05,Atlas Copco,SN100098
M7079,MA1AB100000000079,WO10079,Hatch Z,GA-2,STN-03,2026-03-01 07:38,ENG-1225,SUP-020,EMP246,TL-031,C,Tool_31,Nut Runner,Plant-A,2026-01-31,2026-05-01,Active,97.01,Atlas Copco,SN100030
M7080,MA1AB100000000080,WO10080,SUV Pro,PAINT-1,STN-05,2026-03-01 07:40,ENG-1041,SUP-036,EMP177,TL-030,,Tool_30,Nut Runner,Plant-A,2026-02-18,2026-05-19,Out of Service,97.07,Ingersoll Rand,SN100029
M7081,MA1AB100000000081,WO10081,Hatch Z,GA-2, stn-05 ,2026-03-01 07:41,ENG-1109,SUP-017,EMP312,TL-053,C,Tool_53,Nut Runner,Plant-A,2026-02-27,2026-05-28,Out of Service,96.41,Stanley,SN100052
M7082,MA1AB100000000082,WO10082,Hatch Z,TRIM-1,STN-04,2026-03-01 07:42,ENG-1031,SUP-053,EMP315,TL-050,A,Tool_50,Welding Gun,Plant-C,2026-04-30,2026-07-29,Maintenance,98.51,Ingersoll Rand,SN100049
M7083,MA1AB100000000083,WO10083,Hatch Z,TRIM-1,STN-04,2026-03-01 07:43,ENG-1003,SUP-091,EMP252,TL-097,,Tool_97,Nut Runner,Plant-A,2026-04-22,2026-07-21,Active,99.35,Ingersoll Rand,SN100096
M7084,MA1AB100000000084,WO10084,SUV Pro,GA-2,STN-04,2026-03-01 07:45,ENG-1112,SUP-070,EMP323,TL-063,A,Tool_63,Welding Gun,Plant-B,2026-03-03,2026-06-01,Active,99.78,Ingersoll Rand,SN100062
M7085,MA1AB100000000085,WO10085,SUV Pro,PAINT-1, stn-05 ,2026-03-01 07:46,ENG-1347,SUP-104,EMP184,TL-060,B,Tool_60,Welding Gun,Plant-B,2026-02-09,2026-05-10,Active,95.55,Atlas Copco,SN100059
M7086,MA1AB100000000086,WO10086,Hatch Z,GA-1,STN-04,2026-03-01 07:47,ENG-1303,SUP-145,EMP113,TL-011,,Tool_11,Welding Gun,Plant-B,2026-01-03,2026-04-03,Out of Service,99.43,Atlas Copco,SN100010
M7087,MA1AB100000000087,WO10087,Sedan X,TRIM-1,STN-02,2026-03-01 07:48,ENG-1025,SUP-067,EMP294,TL-042,B,Tool_42,Welding Gun,Plant-C,2026-03-03,2026-06-01,Out of Service,97.14,Ingersoll Rand,SN100041
M7088,MA1AB100000000088,WO10088,SUV Pro,PAINT-1,STN-03,2026-03-01 07:50,ENG-1389,SUP-098,EMP242,TL-097,,Tool_97,Nut Runner,Plant-A,2026-04-22,2026-07-21,Active,99.35,Ingersoll Rand,SN100096
M7089,MA1AB100000000089,WO10089,SUV Pro,GA-1,STN-04,2026-03-01 07:51,ENG-1009,SUP-192,EMP376,TL-007,C,Tool_7,Nut Runner,Plant-B,2026-06-11,2026-09-09,Out of Service,95.88,Stanley,SN100006
M7090,MA1AB100000000090,WO10090,Sedan X,GA-1,Stn-03,2026-03-01 07:52,ENG-1490,SUP-167,EMP120,TL-097,A,Tool_97,Nut Runner,Plant-A,2026-04-22,2026-07-21,Active,99.35,Ingersoll Rand,SN100096
M7091,MA1AB100000000091,WO10091,Sedan X,GA-2,Stn-03,2026-03-01 07:53,ENG-1010,SUP-160,EMP178,TL-031,B,Tool_31,Nut Runner,Plant-A,2026-01-31,2026-05-01,Active,97.01,Atlas Copco,SN100030
M7092,MA1AB100000000092,WO10092,SUV Pro,GA-1,STN-05,2026-03-01 07:55,ENG-1485,SUP-056,EMP338,TL-090,C,Tool_90,Nut Runner,Plant-C,2026-05-12,2026-08-10,Out of Service,97.28,Stanley,SN100089
M7093,MA1AB100000000093,WO10093,SUV Pro,GA-2,STN-05,2026-03-01 07:56,ENG-1310,SUP-192,EMP158,TL-100,B,Tool_100,Welding Gun,Plant-A,2026-04-25,2026-07-24,Maintenance,97.13,Ingersoll Rand,SN100099
M7094,MA1AB100000000094,WO10094,SUV Pro,GA-1,STN-05,2026-03-01 07:57,ENG-1013,SUP-080,EMP394,TL-087,,Tool_87,Robot Arm,Plant-B,2026-02-09,2026-05-10,Maintenance,99.98,Stanley,SN100086
M7095,MA1AB100000000095,WO10095,SUV Pro,GA-2,STN-01,2026-03-01 07:58,ENG-1303,SUP-177,EMP224,TL-014,C,Tool_14,Nut Runner,Plant-A,2026-02-27,2026-05-28,Maintenance,99.68,Stanley,SN100013
M7096,MA1AB100000000096,WO10096,Hatch Z,GA-1,Stn-03,2026-03-01 08:00,ENG-1289,SUP-011,EMP277,TL-069,,Tool_69,Torque Wrench,Plant-B,2026-01-29,2026-04-29,Active,98.16,Bosch,SN100068
M7097,MA1AB100000000097,WO10097,Hatch Z,PAINT-1,STN-01,2026-03-01 08:01,ENG-1259,SUP-166,EMP274,TL-002,,Tool_2,Nut Runner,Plant-A,2026-04-22,2026-07-21,Active,97.47,Bosch,SN100001
M7098,MA1AB100000000098,WO10098,SUV Pro,GA-1,STN-04,2026-03-01 08:02,ENG-1491,SUP-093,EMP335,TL-091,B,Tool_91,Nut Runner,Plant-B,2026-03-20,2026-06-18,Active,95.45,Atlas Copco,SN100090
M7099,MA1AB100000000099,WO10099,SUV Pro,GA-2, stn-05 ,2026-03-01 08:03,ENG-1267,SUP-167,EMP238,TL-079,,Tool_79,Press Tool,Plant-C,2026-04-14,2026-07-13,Active,96.15,Ingersoll Rand,SN100078
M7100,MA1AB100000000100,WO10100,SUV Pro,TRIM-1,Stn-03,2026-03-01 08:05,ENG-1374,SUP-152,EMP237,TL-042,B,Tool_42,Welding Gun,Plant-C,2026-03-03,2026-06-01,Out of Service,97.14,Ingersoll Rand,SN100041
M7101,MA1AB100000000101,WO10101,Sedan X,PAINT-1,STN-04,2026-03-01 08:06,ENG-1124,SUP-193,EMP337,TL-073,,Tool_73,Welding Gun,Plant-C,2026-03-17,2026-06-15,Active,96.96,Ingersoll Rand,SN100072
M7102,MA1AB100000000102,WO10102,SUV Pro,GA-1,STN-04,2026-03-01 08:07,ENG-1435,SUP-084,EMP193,TL-063,B,Tool_63,Welding Gun,Plant-B,2026-03-03,2026-06-01,Active,99.78,Ingersoll Rand,SN100062
M7103,MA1AB100000000103,WO10103,SUV Pro,PAINT-1,STN-03,2026-03-01 08:08,ENG-1143,SUP-153,EMP241,TL-072,A,Tool_72,Robot Arm,Plant-C,2026-05-05,2026-08-03,Maintenance,99.87,Atlas Copco,SN100071
M7104,MA1AB100000000104,WO10104,Hatch Z,GA-2,STN-01,2026-03-01 08:10,ENG-1123,SUP-185,EMP308,TL-063,B,Tool_63,Welding Gun,Plant-B,2026-03-03,2026-06-01,Active,99.78,Ingersoll Rand,SN100062
M7105,MA1AB100000000105,WO10105,Hatch Z,TRIM-1, stn-05 ,2026-03-01 08:11,ENG-1364,SUP-126,EMP329,TL-003,A,Tool_3,Robot Arm,Plant-C,2026-02-25,2026-05-26,Active,97.36,Atlas Copco,SN100002
M7106,MA1AB100000000106,WO10106,SUV Pro,GA-2,STN-04,2026-03-01 08:12,ENG-1354,SUP-063,EMP256,TL-085,C,Tool_85,Nut Runner,Plant-A,2026-01-29,2026-04-29,Out of Service,98.68,Stanley,SN100084
M7107,MA1AB100000000107,WO10107,SUV Pro,PAINT-1,STN-04,2026-03-01 08:13,ENG-1381,SUP-141,EMP269,TL-046,,Tool_46,Torque Wrench,Plant-C,2026-01-19,2026-04-19,Active,95.51,Ingersoll Rand,SN100045
M7108,MA1AB100000000108,WO10108,SUV Pro,PAINT-1,STN-03,2026-03-01 08:15,ENG-1118,SUP-031,EMP198,TL-041,A,Tool_41,Robot Arm,Plant-A,2026-02-27,2026-05-28,Maintenance,97.13,Atlas Copco,SN100040
M7109,MA1AB100000000109,WO10109,Hatch Z,GA-2,STN-02,2026-03-01 08:16,ENG-1110,SUP-190,EMP347,TL-036,C,Tool_36,Nut Runner,Plant-B,2026-02-08,2026-05-09,Active,95.2,Stanley,SN100035
M7110,MA1AB100000000110,WO10110,Sedan X,GA-2,STN-03,2026-03-01 08:17,ENG-1116,SUP-093,EMP191,TL-039,A,Tool_39,Nut Runner,Plant-C,2026-02-15,2026-05-16,Maintenance,97.07,Ingersoll Rand,SN100038
M7111,MA1AB100000000111,WO10111,Hatch Z,GA-2,STN-03,2026-03-01 08:18,ENG-1023,SUP-014,EMP383,TL-038,B,Tool_38,Welding Gun,Plant-B,2026-04-18,2026-07-17,Active,97.87,Ingersoll Rand,SN100037
M7112,MA1AB100000000112,WO10112,Hatch Z,TRIM-1,STN-01,2026-03-01 08:20,ENG-1446,SUP-004,EMP393,TL-037,,Tool_37,Torque Wrench,Plant-A,2026-02-12,2026-05-13,Maintenance,95.39,Bosch,SN100036
M7113,MA1AB100000000113,WO10113,SUV Pro,TRIM-1,STN-03,2026-03-01 08:21,ENG-1094,SUP-014,EMP229,TL-062,A,Tool_62,Robot Arm,Plant-A,2026-04-28,2026-07-27,Out of Service,95.44,Bosch,SN100061
M7114,MA1AB100000000114,WO10114,Sedan X,TRIM-1,STN-04,2026-03-01 08:22,ENG-1037,SUP-148,EMP127,TL-020,B,Tool_20,Robot Arm,Plant-C,2026-06-24,2026-09-22,Active,99.27,Ingersoll Rand,SN100019
M7115,MA1AB100000000115,WO10115,Hatch Z,PAINT-1,STN-01,2026-03-01 08:23,ENG-1127,SUP-031,EMP385,TL-098,,Tool_98,Press Tool,Plant-A,2026-06-01,2026-08-30,Active,98.11,Stanley,SN100097
M7116,MA1AB100000000116,WO10116,Hatch Z,GA-2,Stn-03,2026-03-01 08:25,ENG-1267,SUP-098,EMP330,TL-057,C,Tool_57,Welding Gun,Plant-A,2026-05-01,2026-07-30,Active,98.96,Bosch,SN100056
M7117,MA1AB100000000117,WO10117,Hatch Z,TRIM-1,STN-03,2026-03-01 08:26,ENG-1291,SUP-159,EMP130,TL-079,A,Tool_79,Press Tool,Plant-C,2026-04-14,2026-07-13,Active,96.15,Ingersoll Rand,SN100078
M7118,MA1AB100000000118,WO10118,Sedan X,GA-2,STN-03,2026-03-01 08:27,ENG-1338,SUP-021,EMP180,TL-031,B,Tool_31,Nut Runner,Plant-A,2026-01-31,2026-05-01,Active,97.01,Atlas Copco,SN100030
M7119,MA1AB100000000119,WO10119,Hatch Z,GA-1,STN-02,2026-03-01 08:28,ENG-1001,SUP-105,EMP330,TL-089,,Tool_89,Welding Gun,Plant-B,2026-06-20,2026-09-18,Out of Service,97.46,Stanley,SN100088
M7120,MA1AB100000000120,WO10120,SUV Pro,GA-1,STN-02,2026-03-01 08:30,ENG-1147,SUP-181,EMP244,TL-090,,Tool_90,Nut Runner,Plant-C,2026-05-12,2026-08-10,Out of Service,97.28,Stanley,SN100089
M7121,MA1AB100000000121,WO10121,Sedan X,GA-2,STN-03,2026-03-01 08:31,ENG-1403,SUP-161,EMP201,TL-055,A,Tool_55,Nut Runner,Plant-A,2026-01-22,2026-04-22,Out of Service,95.5,Atlas Copco,SN100054
M7122,MA1AB100000000122,WO10122,Hatch Z,GA-2, stn-05 ,2026-03-01 08:32,ENG-1076,SUP-069,EMP172,TL-010,A,Tool_10,Welding Gun,Plant-B,2026-02-07,2026-05-08,Maintenance,98.91,Atlas Copco,SN100009
M7123,MA1AB100000000123,WO10123,Sedan X,PAINT-1,STN-05,2026-03-01 08:33,ENG-1383,SUP-146,EMP247,TL-057,A,Tool_57,Welding Gun,Plant-A,2026-05-01,2026-07-30,Active,98.96,Bosch,SN100056
M7124,MA1AB100000000124,WO10124,SUV Pro,PAINT-1, stn-05 ,2026-03-01 08:35,ENG-1206,SUP-070,EMP356,TL-070,,Tool_70,Robot Arm,Plant-C,2026-04-23,2026-07-22,Maintenance,98.03,Bosch,SN100069
M7125,MA1AB100000000125,WO10125,SUV Pro,GA-1,STN-05,2026-03-01 08:36,ENG-1020,SUP-111,EMP265,TL-078,C,Tool_78,Press Tool,Plant-A,2026-03-26,2026-06-24,Maintenance,99.88,Bosch,SN100077
M7126,MA1AB100000000126,WO10126,Sedan X,GA-1,STN-02,2026-03-01 08:37,ENG-1492,SUP-173,EMP394,TL-076,A,Tool_76,Welding Gun,Plant-C,2026-02-22,2026-05-23,Maintenance,98.13,Ingersoll Rand,SN100075
M7127,MA1AB100000000127,WO10127,Hatch Z,PAINT-1,STN-05,2026-03-01 08:38,ENG-1020,SUP-196,EMP189,TL-061,,Tool_61,Nut Runner,Plant-C,2026-06-29,2026-09-27,Active,99.71,Ingersoll Rand,SN100060
M7128,MA1AB100000000128,WO10128,SUV Pro,GA-2,STN-05,2026-03-01 08:40,ENG-1223,SUP-163,EMP351,TL-012,,Tool_12,Press Tool,Plant-B,2026-05-30,2026-08-28,Out of Service,98.02,Bosch,SN100011
M7129,MA1AB100000000129,WO10129,SUV Pro,TRIM-1,STN-03,2026-03-01 08:41,ENG-1164,SUP-172,EMP153,TL-021,C,Tool_21,Press Tool,Plant-C,2026-01-09,2026-04-09,Out of Service,95.18,Atlas Copco,SN100020
M7130,MA1AB100000000130,WO10130,SUV Pro,TRIM-1,STN-03,2026-03-01 08:42,ENG-1339,SUP-103,EMP381,TL-005,,Tool_5,Torque Wrench,Plant-C,2026-02-02,2026-05-03,Maintenance,99.68,Ingersoll Rand,SN100004
M7131,MA1AB100000000131,WO10131,Sedan X,PAINT-1,STN-03,2026-03-01 08:43,ENG-1165,SUP-030,EMP306,TL-066,A,Tool_66,Nut Runner,Plant-A,2026-01-13,2026-04-13,Maintenance,98.63,Stanley,SN100065
M7132,MA1AB100000000132,WO10132,Hatch Z,TRIM-1,STN-04,2026-03-01 08:45,ENG-1027,SUP-049,EMP365,TL-047,,Tool_47,Robot Arm,Plant-A,2026-04-17,2026-07-16,Active,99.69,Ingersoll Rand,SN100046
M7133,MA1AB100000000133,WO10133,Hatch Z,TRIM-1,Stn-03,2026-03-01 08:46,ENG-1026,SUP-053,EMP236,TL-071,B,Tool_71,Welding Gun,Plant-B,2026-04-11,2026-07-10,Active,98.12,Atlas Copco,SN100070
M7134,MA1AB100000000134,WO10134,SUV Pro,TRIM-1, stn-05 ,2026-03-01 08:47,ENG-1248,SUP-032,EMP114,TL-081,B,Tool_81,Nut Runner,Plant-A,2026-06-21,2026-09-19,Maintenance,97.61,Atlas Copco,SN100080
M7135,MA1AB100000000135,WO10135,Hatch Z,GA-2,STN-03,2026-03-01 08:48,ENG-1282,SUP-004,EMP382,TL-053,A,Tool_53,Nut Runner,Plant-A,2026-02-27,2026-05-28,Out of Service,96.41,Stanley,SN100052
M7136,MA1AB100000000136,WO10136,Sedan X,GA-1,STN-04,2026-03-01 08:50,ENG-1484,SUP-031,EMP178,TL-064,C,Tool_64,Press Tool,Plant-A,2026-02-03,2026-05-04,Active,98.09,Atlas Copco,SN100063
M7137,MA1AB100000000137,WO10137,Hatch Z,PAINT-1,STN-04,2026-03-01 08:51,ENG-1427,SUP-124,EMP341,TL-032,,Tool_32,Press Tool,Plant-A,2026-03-27,2026-06-25,Maintenance,97.67,Bosch,SN100031
M7138,MA1AB100000000138,WO10138,Hatch Z,GA-2,STN-04,2026-03-01 08:52,ENG-1097,SUP-154,EMP360,TL-096,B,Tool_96,Nut Runner,Plant-A,2026-04-26,2026-07-25,Active,95.35,Stanley,SN100095
M7139,MA1AB100000000139,WO10139,Sedan X,PAINT-1,Stn-03,2026-03-01 08:53,ENG-1404,SUP-107,EMP274,TL-999,C,Unknown Tool,Unknown Type,,,,,,,
M7140,MA1AB100000000140,WO10140,Sedan X,PAINT-1, stn-05 ,2026-03-01 08:55,ENG-1152,SUP-151,EMP396,TL-085,,Tool_85,Nut Runner,Plant-A,2026-01-29,2026-04-29,Out of Service,98.68,Stanley,SN100084
M7141,MA1AB100000000141,WO10141,Sedan X,TRIM-1,STN-05,2026-03-01 08:56,ENG-1247,SUP-089,EMP270,TL-071,,Tool_71,Welding Gun,Plant-B,2026-04-11,2026-07-10,Active,98.12,Atlas Copco,SN100070
M7142,MA1AB100000000142,WO10142,SUV Pro,PAINT-1,Stn-03,2026-03-01 08:57,ENG-1096,SUP-179,EMP222,TL-074,,Tool_74,Robot Arm,Plant-B,2026-01-04,2026-04-04,Active,97.63,Stanley,SN100073
M7143,MA1AB100000000143,WO10143,Sedan X,TRIM-1,STN-01,2026-03-01 08:58,ENG-1162,SUP-191,EMP342,TL-091,,Tool_91,Nut Runner,Plant-B,2026-03-20,2026-06-18,Active,95.45,Atlas Copco,SN100090
M7144,MA1AB100000000144,WO10144,SUV Pro,GA-2,STN-04,2026-03-01 09:00,ENG-1493,SUP-010,EMP164,TL-065,C,Tool_65,Torque Wrench,Plant-C,2026-01-31,2026-05-01,Maintenance,97.24,Bosch,SN100064
M7145,MA1AB100000000145,WO10145,Sedan X,TRIM-1,STN-01,2026-03-01 09:01, eng-1001 ,SUP-135,EMP333,TL-002,B,Tool_2,Nut Runner,Plant-A,2026-04-22,2026-07-21,Active,97.47,Bosch,SN100001
M7146,MA1AB100000000146,WO10146,SUV Pro,GA-2,STN-01,2026-03-01 09:02,ENG-1240,SUP-068,EMP273,TL-080,,Tool_80,Robot Arm,Plant-B,2026-03-23,2026-06-21,Maintenance,97.79,Atlas Copco,SN100079
M7147,MA1AB100000000147,WO10147,Hatch Z,GA-1,Stn-03,2026-03-01 09:03,ENG-1168,SUP-173,EMP373,TL-049,C,Tool_49,Press Tool,Plant-A,2026-01-18,2026-04-18,Active,97.7,Atlas Copco,SN100048
M7148,MA1AB100000000148,WO10148,Hatch Z,TRIM-1,Stn-03,2026-03-01 09:05,ENG-1277,SUP-010,EMP135,TL-031,C,Tool_31,Nut Runner,Plant-A,2026-01-31,2026-05-01,Active,97.01,Atlas Copco,SN100030
M7149,MA1AB100000000149,WO10149,Sedan X,GA-1,STN-04,2026-03-01 09:06,ENG-1050,SUP-195,EMP151,TL-057,B,Tool_57,Welding Gun,Plant-A,2026-05-01,2026-07-30,Active,98.96,Bosch,SN100056
M7150,MA1AB100000000150,WO10150,Hatch Z,PAINT-1,STN-01,2026-03-01 09:07,ENG-1023,SUP-084,EMP128,TL-038,C,Tool_38,Welding Gun,Plant-B,2026-04-18,2026-07-17,Active,97.87,Ingersoll Rand,SN100037
M7151,MA1AB100000000151,WO10151,SUV Pro,TRIM-1,STN-02,2026-03-01 09:08,ENG-1125,SUP-136,EMP310,TL-073,B,Tool_73,Welding Gun,Plant-C,2026-03-17,2026-06-15,Active,96.96,Ingersoll Rand,SN100072
M7152,MA1AB100000000152,WO10152,Sedan X,GA-2,STN-01,2026-03-01 09:10,ENG-1312,SUP-098,EMP223,TL-064,B,Tool_64,Press Tool,Plant-A,2026-02-03,2026-05-04,Active,98.09,Atlas Copco,SN100063
M7153,MA1AB100000000153,WO10153,Sedan X,TRIM-1, stn-05 ,2026-03-01 09:11,ENG-1130,SUP-118,EMP230,TL-086,A,Tool_86,Press Tool,Plant-B,2026-03-20,2026-06-18,Active,96.21,Bosch,SN100085
M7154,MA1AB100000000154,WO10154,SUV Pro,PAINT-1, stn-05 ,2026-03-01 09:12,ENG-1279,SUP-041,EMP137,TL-057,C,Tool_57,Welding Gun,Plant-A,2026-05-01,2026-07-30,Active,98.96,Bosch,SN100056
M7155,MA1AB100000000155,WO10155,Hatch Z,PAINT-1, stn-05 ,2026-03-01 09:13,ENG-1492,SUP-109,EMP228,TL-059,C,Tool_59,Robot Arm,Plant-B,2026-04-15,2026-07-14,Active,95.72,Stanley,SN100058
M7156,MA1AB100000000156,WO10156,Sedan X,TRIM-1,Stn-03,2026-03-01 09:15,ENG-1247,SUP-028,EMP221,TL-049,C,Tool_49,Press Tool,Plant-A,2026-01-18,2026-04-18,Active,97.7,Atlas Copco,SN100048
M7157,MA1AB100000000157,WO10157,Hatch Z,PAINT-1, stn-05 ,2026-03-01 09:16,ENG-1151,SUP-006,EMP302,TL-036,A,Tool_36,Nut Runner,Plant-B,2026-02-08,2026-05-09,Active,95.2,Stanley,SN100035
M7158,MA1AB100000000158,WO10158,Hatch Z,GA-1,STN-05,2026-03-01 09:17,ENG-1381,SUP-128,EMP246,TL-100,B,Tool_100,Welding Gun,Plant-A,2026-04-25,2026-07-24,Maintenance,97.13,Ingersoll Rand,SN100099
M7159,MA1AB100000000159,WO10159,Hatch Z,PAINT-1,STN-02,2026-03-01 09:18,ENG-1325,SUP-049,EMP228,TL-087,B,Tool_87,Robot Arm,Plant-B,2026-02-09,2026-05-10,Maintenance,99.98,Stanley,SN100086
M7160,MA1AB100000000160,WO10160,Hatch Z,GA-1, stn-05 ,2026-03-01 09:20,ENG-1330,SUP-011,EMP258,TL-999,,Unknown Tool,Unknown Type,,,,,,,
M7161,MA1AB100000000161,WO10161,Sedan X,PAINT-1, stn-05 ,2026-03-01 09:21,ENG-1067,SUP-024,EMP251,TL-042,,Tool_42,Welding Gun,Plant-C,2026-03-03,2026-06-01,Out of Service,97.14,Ingersoll Rand,SN100041
M7162,MA1AB100000000162,WO10162,Sedan X,GA-2,STN-02,2026-03-01 09:22,ENG-1402,SUP-139,EMP287,TL-068,C,Tool_68,Press Tool,Plant-A,2026-04-15,2026-07-14,Active,97.42,Bosch,SN100067
M7163,MA1AB100000000163,WO10163,Sedan X,PAINT-1,Stn-03,2026-03-01 09:23,ENG-1483,SUP-124,EMP251,TL-096,C,Tool_96,Nut Runner,Plant-A,2026-04-26,2026-07-25,Active,95.35,Stanley,SN100095
M7164,MA1AB100000000164,WO10164,Sedan X,TRIM-1,STN-01,2026-03-01 09:25,ENG-1072,SUP-194,EMP215,TL-087,,Tool_87,Robot Arm,Plant-B,2026-02-09,2026-05-10,Maintenance,99.98,Stanley,SN100086
M7165,MA1AB100000000165,WO10165,Hatch Z,PAINT-1,STN-01,2026-03-01 09:26,ENG-1404,SUP-102,EMP107,TL-034,A,Tool_34,Torque Wrench,Plant-A,2026-06-25,2026-09-23,Out of Service,99.85,Stanley,SN100033
M7166,MA1AB100000000166,WO10166,SUV Pro,PAINT-1, stn-05 ,2026-03-01 09:27,ENG-1383,SUP-173,EMP234,TL-075,,Tool_75,Press Tool,Plant-C,2026-04-22,2026-07-21,Active,99.86,Ingersoll Rand,SN100074
M7167,MA1AB100000000167,WO10167,Hatch Z,PAINT-1,STN-01,2026-03-01 09:28,ENG-1345,SUP-060,EMP341,TL-004,C,Tool_4,Press Tool,Plant-A,2026-01-19,2026-04-19,Active,97.49,Bosch,SN100003
M7168,MA1AB100000000168,WO10168,Hatch Z,GA-2, stn-05 ,2026-03-01 09:30,ENG-1032,SUP-163,EMP337,TL-090,C,Tool_90,Nut Runner,Plant-C,2026-05-12,2026-08-10,Out of Service,97.28,Stanley,SN100089
M7169,MA1AB100000000169,WO10169,Hatch Z,TRIM-1,STN-01,2026-03-01 09:31,ENG-1071,SUP-012,EMP119,TL-039,,Tool_39,Nut Runner,Plant-C,2026-02-15,2026-05-16,Maintenance,97.07,Ingersoll Rand,SN100038
M7170,MA1AB100000000170,WO10170,Sedan X,GA-1,STN-02,2026-03-01 09:32,ENG-1454,SUP-138,EMP169,TL-050,,Tool_50,Welding Gun,Plant-C,2026-04-30,2026-07-29,Maintenance,98.51,Ingersoll Rand,SN100049
M7171,MA1AB100000000171,WO10171,SUV Pro,TRIM-1,STN-05,2026-03-01 09:33,ENG-1380,SUP-187,EMP179,TL-054,A,Tool_54,Press Tool,Plant-C,2026-01-18,2026-04-18,Active,99.35,Ingersoll Rand,SN100053
M7172,MA1AB100000000172,WO10172,SUV Pro,TRIM-1,STN-03,2026-03-01 09:35,ENG-1016,SUP-177,EMP289,TL-028,,Tool_28,Press Tool,Plant-C,2026-01-25,2026-04-25,Out of Service,97.87,Ingersoll Rand,SN100027
M7173,MA1AB100000000173,WO10173,SUV Pro,GA-2,Stn-03,2026/03/01 09:36,ENG-1185,SUP-026,EMP288,TL-070,C,Tool_70,Robot Arm,Plant-C,2026-04-23,2026-07-22,Maintenance,98.03,Bosch,SN100069
M7174,MA1AB100000000174,WO10174,Sedan X,TRIM-1,STN-03,2026-03-01 09:37,ENG-1097,SUP-032,EMP332,TL-012,B,Tool_12,Press Tool,Plant-B,2026-05-30,2026-08-28,Out of Service,98.02,Bosch,SN100011
M7175,MA1AB100000000175,WO10175,Hatch Z,GA-1,STN-01,2026-03-01 09:38,ENG-1402,SUP-086,EMP224,TL-017,B,Tool_17,Torque Wrench,Plant-C,2026-01-08,2026-04-08,Maintenance,96.84,Atlas Copco,SN100016
M7176,MA1AB100000000176,WO10176,Sedan X,GA-2,STN-05,2026-03-01 09:40,ENG-1110,SUP-060,EMP268,TL-100,B,Tool_100,Welding Gun,Plant-A,2026-04-25,2026-07-24,Maintenance,97.13,Ingersoll Rand,SN100099
M7177,MA1AB100000000177,WO10177,Hatch Z,GA-1,STN-03,2026-03-01 09:41,ENG-1439,SUP-038,EMP166,TL-070,C,Tool_70,Robot Arm,Plant-C,2026-04-23,2026-07-22,Maintenance,98.03,Bosch,SN100069
M7178,MA1AB100000000178,WO10178,Sedan X,GA-1, stn-05 ,2026-03-01 09:42,ENG-1443,SUP-007,EMP167,TL-002,C,Tool_2,Nut Runner,Plant-A,2026-04-22,2026-07-21,Active,97.47,Bosch,SN100001
M7179,MA1AB100000000179,WO10179,Sedan X,PAINT-1,STN-01,2026-03-01 09:43,ENG-1089,SUP-068,EMP126,TL-017,,Tool_17,Torque Wrench,Plant-C,2026-01-08,2026-04-08,Maintenance,96.84,Atlas Copco,SN100016
M7180,MA1AB100000000180,WO10180,Hatch Z,GA-1, stn-05 ,2026-03-01 09:45,ENG-1032,SUP-122,EMP329,TL-100,C,Tool_100,Welding Gun,Plant-A,2026-04-25,2026-07-24,Maintenance,97.13,Ingersoll Rand,SN100099
M7181,MA1AB100000000181,WO10181,Hatch Z,GA-1,STN-04,2026-03-01 09:46,ENG-1257,SUP-057,EMP122,TL-094,C,Tool_94,Press Tool,Plant-C,2026-05-10,2026-08-08,Maintenance,98.64,Stanley,SN100093
M7182,MA1AB100000000182,WO10182,SUV Pro,GA-1,STN-01,2026-03-01 09:47,ENG-1245,SUP-103,EMP318,TL-088,A,Tool_88,Welding Gun,Plant-B,2026-04-25,2026-07-24,Active,95.24,Stanley,SN100087
M7183,MA1AB100000000183,WO10183,SUV Pro,TRIM-1,STN-01,2026-03-01 09:48,ENG-1460,SUP-021,EMP264,TL-078,B,Tool_78,Press Tool,Plant-A,2026-03-26,2026-06-24,Maintenance,99.88,Bosch,SN100077
M7184,MA1AB100000000184,WO10184,Sedan X,GA-2,STN-03,2026-03-01 09:50,ENG-1319,SUP-163,EMP399,TL-071,C,Tool_71,Welding Gun,Plant-B,2026-04-11,2026-07-10,Active,98.12,Atlas Copco,SN100070
M7185,MA1AB100000000185,WO10185,SUV Pro,PAINT-1,STN-04,2026-03-01 09:51,ENG-1258,SUP-155,EMP320,TL-013,A,Tool_13,Nut Runner,Plant-B,2026-04-05,2026-07-04,Active,99.14,Bosch,SN100012
M7186,MA1AB100000000186,WO10186,Hatch Z,GA-2,STN-04,2026-03-01 09:52,ENG-1231,SUP-059,EMP311,TL-044,,Tool_44,Press Tool,Plant-C,2026-01-16,2026-04-16,Maintenance,99.03,Bosch,SN100043
M7187,MA1AB100000000187,WO10187,SUV Pro,TRIM-1, stn-05 ,2026-03-01 09:53,ENG-1048,SUP-081,EMP318,TL-041,C,Tool_41,Robot Arm,Plant-A,2026-02-27,2026-05-28,Maintenance,97.13,Atlas Copco,SN100040
M7188,MA1AB100000000188,WO10188,SUV Pro,GA-2, stn-05 ,2026-03-01 09:55,ENG-1472,SUP-122,EMP134,TL-012,A,Tool_12,Press Tool,Plant-B,2026-05-30,2026-08-28,Out of Service,98.02,Bosch,SN100011
M7189,MA1AB100000000189,WO10189,Sedan X,TRIM-1,STN-01,2026-03-01 09:56,ENG-1381,SUP-190,EMP290,TL-017,A,Tool_17,Torque Wrench,Plant-C,2026-01-08,2026-04-08,Maintenance,96.84,Atlas Copco,SN100016
M7190,MA1AB100000000190,WO10190,Hatch Z,PAINT-1, stn-05 ,2026-03-01 09:57,ENG-1062,SUP-106,EMP281,TL-086,,Tool_86,Press Tool,Plant-B,2026-03-20,2026-06-18,Active,96.21,Bosch,SN100085
M7191,MA1AB100000000191,WO10191,Hatch Z,GA-1,STN-03,2026-03-01 09:58,ENG-1307,SUP-080,EMP280,TL-014,B,Tool_14,Nut Runner,Plant-A,2026-02-27,2026-05-28,Maintenance,99.68,Stanley,SN100013
M7192,MA1AB100000000192,WO10192,Sedan X,TRIM-1,STN-02,2026-03-01 10:00,ENG-1433,SUP-028,EMP279,TL-072,C,Tool_72,Robot Arm,Plant-C,2026-05-05,2026-08-03,Maintenance,99.87,Atlas Copco,SN100071
M7193,MA1AB100000000193,WO10193,Sedan X,PAINT-1,STN-05,2026-03-01 10:01,ENG-1115,SUP-110,EMP387,TL-099,A,Tool_99,Welding Gun,Plant-B,2026-05-20,2026-08-18,Active,97.05,Atlas Copco,SN100098
M7194,MA1AB100000000194,WO10194,Hatch Z,PAINT-1,STN-01,2026-03-01 10:02,ENG-1092,SUP-070,EMP258,TL-044,C,Tool_44,Press Tool,Plant-C,2026-01-16,2026-04-16,Maintenance,99.03,Bosch,SN100043
M7195,MA1AB100000000195,WO10195,Sedan X,GA-2,Stn-03,2026-03-01 10:03,ENG-1073,SUP-145,EMP305,TL-009,B,Tool_9,Press Tool,Plant-C,2026-05-31,2026-08-29,Active,98.89,Bosch,SN100008
M7196,MA1AB100000000196,WO10196,Hatch Z,GA-1,STN-01,2026-03-01 10:05,ENG-1382,SUP-136,EMP210,TL-049,,Tool_49,Press Tool,Plant-A,2026-01-18,2026-04-18,Active,97.7,Atlas Copco,SN100048
M7197,MA1AB100000000197,WO10197,SUV Pro,PAINT-1,STN-02,2026-03-01 10:06,ENG-1189,SUP-080,EMP266,TL-100,A,Tool_100,Welding Gun,Plant-A,2026-04-25,2026-07-24,Maintenance,97.13,Ingersoll Rand,SN100099
M7198,MA1AB100000000198,WO10198,Sedan X,GA-2,STN-02,2026-03-01 10:07,ENG-1386,SUP-159,EMP125,TL-087,A,Tool_87,Robot Arm,Plant-B,2026-02-09,2026-05-10,Maintenance,99.98,Stanley,SN100086
M7199,MA1AB100000000199,WO10199,SUV Pro,TRIM-1, stn-05 ,2026-03-01 10:08,ENG-1217,SUP-125,EMP326,TL-054,C,Tool_54,Press Tool,Plant-C,2026-01-18,2026-04-18,Active,99.35,Ingersoll Rand,SN100053
M7200,MA1AB100000000200,WO10200,Sedan X,GA-1,STN-03,2026-03-01 10:10,ENG-1220,SUP-029,EMP245,TL-087,,Tool_87,Robot Arm,Plant-B,2026-02-09,2026-05-10,Maintenance,99.98,Stanley,SN100086
M7201,MA1AB100000000201,WO10201,Hatch Z,PAINT-1,STN-01,2026-03-01 10:11,ENG-1112,SUP-102,EMP128,TL-001,B,Tool_1,Welding Gun,Plant-A,2026-05-21,2026-08-19,Maintenance,98.97,Bosch,SN100000
M7202,MA1AB100000000202,WO10202,SUV Pro,GA-2,Stn-03,2026-03-01 10:12,ENG-1070,SUP-196,EMP230,TL-038,C,Tool_38,Welding Gun,Plant-B,2026-04-18,2026-07-17,Active,97.87,Ingersoll Rand,SN100037
M7203,MA1AB100000000203,WO10203,Sedan X,GA-1,STN-04,2026-03-01 10:13,ENG-1382,SUP-111,EMP189,TL-017,,Tool_17,Torque Wrench,Plant-C,2026-01-08,2026-04-08,Maintenance,96.84,Atlas Copco,SN100016
M7204,MA1AB100000000204,WO10204,Hatch Z,GA-2,STN-05,2026-03-01 10:15,ENG-1286,SUP-172,EMP281,TL-010,,Tool_10,Welding Gun,Plant-B,2026-02-07,2026-05-08,Maintenance,98.91,Atlas Copco,SN100009
M7205,MA1AB100000000205,WO10205,Hatch Z,GA-1,STN-04,2026-03-01 10:16,ENG-1009,SUP-118,EMP139,TL-041,,Tool_41,Robot Arm,Plant-A,2026-02-27,2026-05-28,Maintenance,97.13,Atlas Copco,SN100040
M7206,MA1AB100000000206,WO10206,Hatch Z,TRIM-1, stn-05 ,2026-03-01 10:17,ENG-1327,SUP-107,EMP248,TL-015,,Tool_15,Robot Arm,Plant-C,2026-05-26,2026-08-24,Out of Service,97.88,Atlas Copco,SN100014
M7207,MA1AB100000000207,WO10207,Sedan X,PAINT-1,STN-02,2026-03-01 10:18,ENG-1410,SUP-159,EMP335,TL-089,C,Tool_89,Welding Gun,Plant-B,2026-06-20,2026-09-18,Out of Service,97.46,Stanley,SN100088
M7208,MA1AB100000000208,WO10208,Sedan X,TRIM-1,Stn-03,2026-03-01 10:20,ENG-1054,SUP-063,EMP323,TL-076,,Tool_76,Welding Gun,Plant-C,2026-02-22,2026-05-23,Maintenance,98.13,Ingersoll Rand,SN100075
M7209,MA1AB100000000209,WO10209,Hatch Z,GA-1,STN-04,2026-03-01 10:21,ENG-1445,SUP-080,EMP273,TL-029,C,Tool_29,Press Tool,Plant-C,2026-04-30,2026-07-29,Maintenance,98.95,Stanley,SN100028
M7210,MA1AB100000000210,WO10210,Sedan X,GA-1,STN-05,2026-03-01 10:22,ENG-1324,SUP-030,EMP371,TL-066,B,Tool_66,Nut Runner,Plant-A,2026-01-13,2026-04-13,Maintenance,98.63,Stanley,SN100065
M7211,MA1AB100000000211,WO10211,SUV Pro,PAINT-1, stn-05 ,2026-03-01 10:70,ENG-1490,SUP-166,EMP175,TL-031,A,Tool_31,Nut Runner,Plant-A,2026-01-31,2026-05-01,Active,97.01,Atlas Copco,SN100030
M7212,MA1AB100000000212,WO10212,Sedan X,PAINT-1,STN-02,2026-03-01 10:25,ENG-1088,SUP-155,EMP178,TL-098,A,Tool_98,Press Tool,Plant-A,2026-06-01,2026-08-30,Active,98.11,Stanley,SN100097
M7213,MA1AB100000000213,WO10213,Sedan X,TRIM-1,STN-04,2026-03-01 10:26,ENG-1386,SUP-145,EMP396,TL-058,C,Tool_58,Robot Arm,Plant-C,2026-04-28,2026-07-27,Active,96.6,Stanley,SN100057
M7214,MA1AB100000000214,WO10214,Hatch Z,PAINT-1,STN-02,2026-03-01 10:27,ENG-1225,SUP-018,EMP340,TL-057,C,Tool_57,Welding Gun,Plant-A,2026-05-01,2026-07-30,Active,98.96,Bosch,SN100056
M7215,MA1AB100000000215,WO10215,SUV Pro,GA-1,STN-03,2026-03-01 10:28,ENG-1259,SUP-019,EMP258,TL-060,,Tool_60,Welding Gun,Plant-B,2026-02-09,2026-05-10,Active,95.55,Atlas Copco,SN100059
M7216,MA1AB100000000216,WO10216,Sedan X,GA-1,STN-03,2026-03-01 10:30,ENG-1425,SUP-074,EMP139,TL-083,A,Tool_83,Nut Runner,Plant-A,2026-01-22,2026-04-22,Out of Service,98.35,Bosch,SN100082
M7217,MA1AB100000000217,WO10217,Hatch Z,TRIM-1,STN-04,2026-03-01 10:31,ENG-1297,SUP-142,EMP121,TL-058,B,Tool_58,Robot Arm,Plant-C,2026-04-28,2026-07-27,Active,96.6,Stanley,SN100057
M7218,MA1AB100000000218,WO10218,SUV Pro,TRIM-1,STN-05,2026-03-01 10:32,ENG-1077,SUP-016,EMP330,TL-014,C,Tool_14,Nut Runner,Plant-A,2026-02-27,2026-05-28,Maintenance,99.68,Stanley,SN100013
M7219,MA1AB100000000219,WO10219,Hatch Z,GA-1,STN-05,2026-03-01 10:33,ENG-1330,SUP-045,EMP120,TL-032,,Tool_32,Press Tool,Plant-A,2026-03-27,2026-06-25,Maintenance,97.67,Bosch,SN100031
M7220,MA1AB100000000220,WO10220,SUV Pro,GA-2,STN-03,2026-03-01 10:35,ENG-1190,SUP-073,EMP298,TL-053,C,Tool_53,Nut Runner,Plant-A,2026-02-27,2026-05-28,Out of Service,96.41,Stanley,SN100052
M7221,MA1AB100000000221,WO10221,Hatch Z,GA-1,Stn-03,2026-03-01 10:36,ENG-1323,SUP-166,EMP271,TL-009,C,Tool_9,Press Tool,Plant-C,2026-05-31,2026-08-29,Active,98.89,Bosch,SN100008
M7222,MA1AB100000000222,WO10222,Sedan X,TRIM-1,STN-03,2026-03-01 10:37,ENG-1129,,EMP176,TL-043,A,Tool_43,Torque Wrench,Plant-B,2026-04-28,2026-07-27,Active,96.51,Ingersoll Rand,SN100042
M7223,MA1AB100000000223,WO10223,Hatch Z,GA-2,STN-03,2026-03-01 10:38,ENG-1158,SUP-168,EMP300,TL-017,A,Tool_17,Torque Wrench,Plant-C,2026-01-08,2026-04-08,Maintenance,96.84,Atlas Copco,SN100016
M7224,MA1AB100000000224,WO10224,SUV Pro,TRIM-1, stn-05 ,2026-03-01 10:40,ENG-1405,SUP-085,EMP165,TL-086,A,Tool_86,Press Tool,Plant-B,2026-03-20,2026-06-18,Active,96.21,Bosch,SN100085
M7225,MA1AB100000000225,WO10225,Hatch Z,TRIM-1,STN-05,2026-03-01 10:41,ENG-1185,SUP-005,EMP285,TL-040,B,Tool_40,Welding Gun,Plant-A,2026-04-02,2026-07-01,Active,98.84,Atlas Copco,SN100039
M7226,MA1AB100000000226,WO10226,Sedan X,PAINT-1,Stn-03,2026-03-01 10:42,ENG-1248,SUP-050,EMP215,TL-018,B,Tool_18,Robot Arm,Plant-B,2026-06-15,2026-09-13,Out of Service,95.48,Stanley,SN100017
M7227,MA1AB100000000227,WO10227,Sedan X,PAINT-1,Stn-03,2026-03-01 10:43,ENG-1403,SUP-026,EMP359,TL-099,A,Tool_99,Welding Gun,Plant-B,2026-05-20,2026-08-18,Active,97.05,Atlas Copco,SN100098
M7228,MA1AB100000000228,WO10228,Hatch Z,PAINT-1,Stn-03,2026-03-01 10:45,ENG-1316,SUP-034,EMP292,TL-020,B,Tool_20,Robot Arm,Plant-C,2026-06-24,2026-09-22,Active,99.27,Ingersoll Rand,SN100019
M7229,MA1AB100000000229,WO10229,Sedan X,GA-2, stn-05 ,2026-03-01 10:46,ENG-1224,SUP-012,EMP310,TL-047,B,Tool_47,Robot Arm,Plant-A,2026-04-17,2026-07-16,Active,99.69,Ingersoll Rand,SN100046
M7230,MA1AB100000000230,WO10230,SUV Pro,PAINT-1,Stn-03,2026-03-01 10:47,ENG-1383,SUP-115,EMP219,TL-069,B,Tool_69,Torque Wrench,Plant-B,2026-01-29,2026-04-29,Active,98.16,Bosch,SN100068
M7231,MA1AB100000000231,WO10231,SUV Pro,TRIM-1,Stn-03,2026-03-01 10:48,ENG-1099,SUP-095,EMP392,TL-057,,Tool_57,Welding Gun,Plant-A,2026-05-01,2026-07-30,Active,98.96,Bosch,SN100056
M7232,MA1AB100000000232,WO10232,SUV Pro,TRIM-1,STN-05,2026-03-01 10:50,ENG-1270,SUP-108,EMP182,TL-026,B,Tool_26,Robot Arm,Plant-A,2026-05-25,2026-08-23,Out of Service,99.11,Atlas Copco,SN100025
M7233,MA1AB100000000233,WO10233,SUV Pro,GA-1, stn-05 ,2026-03-01 10:51,ENG-1246,SUP-096,EMP383,TL-014,A,Tool_14,Nut Runner,Plant-A,2026-02-27,2026-05-28,Maintenance,99.68,Stanley,SN100013
M7234,MA1AB100000000234,WO10234,SUV Pro,GA-1,Stn-03,2026-03-01 10:52,ENG-1082,SUP-070,EMP330,TL-066,B,Tool_66,Nut Runner,Plant-A,2026-01-13,2026-04-13,Maintenance,98.63,Stanley,SN100065
M7235,MA1AB100000000235,WO10235,SUV Pro,GA-1,STN-02,2026-03-01 10:53,ENG-1418,SUP-116,EMP278,TL-004,,Tool_4,Press Tool,Plant-A,2026-01-19,2026-04-19,Active,97.49,Bosch,SN100003
M7236,MA1AB100000000236,WO10236,Sedan X,TRIM-1,STN-05,2026-03-01 10:55,ENG-1191,SUP-061,EMP297,TL-011,C,Tool_11,Welding Gun,Plant-B,2026-01-03,2026-04-03,Out of Service,99.43,Atlas Copco,SN100010
M7237,MA1AB100000000237,WO10237,Sedan X,GA-1,STN-03,2026-03-01 10:56,ENG-1476,SUP-026,EMP271,TL-019,B,Tool_19,Torque Wrench,Plant-B,2026-05-30,2026-08-28,Active,96.08,Atlas Copco,SN100018
M7238,MA1AB100000000238,WO10238,Sedan X,PAINT-1,Stn-03,2026-03-01 10:57,ENG-1241,SUP-179,EMP171,TL-098,,Tool_98,Press Tool,Plant-A,2026-06-01,2026-08-30,Active,98.11,Stanley,SN100097
M7239,MA1AB100000000239,WO10239,SUV Pro,GA-1,STN-01,2026-03-01 10:58,ENG-1009,SUP-066,EMP210,TL-020,,Tool_20,Robot Arm,Plant-C,2026-06-24,2026-09-22,Active,99.27,Ingersoll Rand,SN100019
M7240,MA1AB100000000240,WO10240,Sedan X,PAINT-1,STN-02,2026-03-01 11:00,ENG-1154,SUP-032,EMP124,TL-031,,Tool_31,Nut Runner,Plant-A,2026-01-31,2026-05-01,Active,97.01,Atlas Copco,SN100030
M7241,MA1AB100000000241,WO10241,Hatch Z,TRIM-1,STN-01,2026-03-01 11:01,ENG-1056,SUP-128,EMP374,TL-003,B,Tool_3,Robot Arm,Plant-C,2026-02-25,2026-05-26,Active,97.36,Atlas Copco,SN100002
M7242,MA1AB100000000242,WO10242,Hatch Z,GA-2,STN-03,2026-03-01 11:02,ENG-1219,SUP-001,EMP280,TL-031,,Tool_31,Nut Runner,Plant-A,2026-01-31,2026-05-01,Active,97.01,Atlas Copco,SN100030
M7243,MA1AB100000000243,WO10243,Sedan X,GA-1,STN-05,2026-03-01 11:03,ENG-1499,SUP-093,EMP134,TL-068,A,Tool_68,Press Tool,Plant-A,2026-04-15,2026-07-14,Active,97.42,Bosch,SN100067
M7244,MA1AB100000000244,WO10244,SUV Pro,TRIM-1,STN-01,2026-03-01 11:05,ENG-1325,SUP-100,EMP291,TL-033,A,Tool_33,Welding Gun,Plant-C,2026-02-25,2026-05-26,Active,97.63,Bosch,SN100032
M7245,MA1AB100000000245,WO10245,SUV Pro,GA-1,STN-03,2026-03-01 11:06,ENG-1123,SUP-188,EMP153,TL-099,C,Tool_99,Welding Gun,Plant-B,2026-05-20,2026-08-18,Active,97.05,Atlas Copco,SN100098
M7246,MA1AB100000000246,WO10246,Sedan X,GA-1,STN-03,2026-03-01 11:07,ENG-1279,SUP-087,EMP189,TL-100,,Tool_100,Welding Gun,Plant-A,2026-04-25,2026-07-24,Maintenance,97.13,Ingersoll Rand,SN100099
M7247,MA1AB100000000247,WO10247,Hatch Z,TRIM-1, stn-05 ,2026-03-01 11:08,ENG-1093,SUP-035,EMP132,TL-092,,Tool_92,Nut Runner,Plant-C,2026-06-25,2026-09-23,Active,97.7,Bosch,SN100091
M7248,MA1AB100000000248,WO10248,Sedan X,PAINT-1,STN-02,2026-03-01 11:10,ENG-1022,SUP-052,EMP121,TL-041,C,Tool_41,Robot Arm,Plant-A,2026-02-27,2026-05-28,Maintenance,97.13,Atlas Copco,SN100040
M7249,MA1AB100000000249,WO10249,Hatch Z,TRIM-1,Stn-03,2026-03-01 11:11,ENG-1278,SUP-122,EMP229,TL-005,B,Tool_5,Torque Wrench,Plant-C,2026-02-02,2026-05-03,Maintenance,99.68,Ingersoll Rand,SN100004
M7250,MA1AB100000000250,WO10250,SUV Pro,PAINT-1,Stn-03,2026-03-01 11:12,ENG-1399,SUP-013,EMP269,TL-035,A,Tool_35,Torque Wrench,Plant-A,2026-04-06,2026-07-05,Active,95.1,Atlas Copco,SN100034
M7251,MA1AB100000000251,WO10251,SUV Pro,TRIM-1,STN-04,2026-03-01 11:13,ENG-1380,SUP-113,EMP297,TL-044,B,Tool_44,Press Tool,Plant-C,2026-01-16,2026-04-16,Maintenance,99.03,Bosch,SN100043
M7252,MA1AB100000000252,WO10252,SUV Pro,TRIM-1,STN-03,2026-03-01 11:15,ENG-1473,SUP-133,EMP236,TL-011,,Tool_11,Welding Gun,Plant-B,2026-01-03,2026-04-03,Out of Service,99.43,Atlas Copco,SN100010
M7253,MA1AB100000000253,WO10253,Sedan X,TRIM-1,STN-05,2026-03-01 11:16,ENG-1421,SUP-047,EMP379,TL-038,C,Tool_38,Welding Gun,Plant-B,2026-04-18,2026-07-17,Active,97.87,Ingersoll Rand,SN100037
M7254,MA1AB100000000254,WO10254,Sedan X,GA-1,STN-03,2026-03-01 11:17,ENG-1338,SUP-076,EMP256,TL-058,,Tool_58,Robot Arm,Plant-C,2026-04-28,2026-07-27,Active,96.6,Stanley,SN100057
M7255,MA1AB100000000255,WO10255,Sedan X,TRIM-1,STN-03,2026-03-01 11:18,ENG-1228,SUP-011,EMP280,TL-079,,Tool_79,Press Tool,Plant-C,2026-04-14,2026-07-13,Active,96.15,Ingersoll Rand,SN100078
M7256,MA1AB100000000256,WO10256,SUV Pro,GA-1,STN-01,2026-03-01 11:20,ENG-1343,SUP-164,EMP307,TL-047,B,Tool_47,Robot Arm,Plant-A,2026-04-17,2026-07-16,Active,99.69,Ingersoll Rand,SN100046
M7257,MA1AB100000000257,WO10257,Sedan X,GA-2,Stn-03,2026-03-01 11:21,ENG-1311,SUP-174,EMP324,TL-005,B,Tool_5,Torque Wrench,Plant-C,2026-02-02,2026-05-03,Maintenance,99.68,Ingersoll Rand,SN100004
M7258,MA1AB100000000258,WO10258,Sedan X,GA-2,Stn-03,2026-03-01 11:22,ENG-1330,SUP-094,EMP285,TL-050,A,Tool_50,Welding Gun,Plant-C,2026-04-30,2026-07-29,Maintenance,98.51,Ingersoll Rand,SN100049
M7259,MA1AB100000000259,WO10259,Hatch Z,GA-2, stn-05 ,2026-03-01 11:23,ENG-1230,SUP-095,EMP290,TL-057,A,Tool_57,Welding Gun,Plant-A,2026-05-01,2026-07-30,Active,98.96,Bosch,SN100056
M7260,MA1AB100000000260,WO10260,Hatch Z,GA-2,STN-05,2026-03-01 11:25,ENG-1187,SUP-102,EMP260,TL-084,C,Tool_84,Torque Wrench,Plant-C,2026-02-03,2026-05-04,Out of Service,97.78,Ingersoll Rand,SN100083
M7261,MA1AB100000000261,WO10261,Sedan X,GA-1,STN-01,2026-03-01 11:26,ENG-1376,SUP-048,EMP355,TL-067,,Tool_67,Torque Wrench,Plant-A,2026-02-10,2026-05-11,Active,95.24,Bosch,SN100066
M7262,MA1AB100000000262,WO10262,Hatch Z,GA-1,STN-03,2026-03-01 11:27,ENG-1396,SUP-067,EMP328,TL-028,C,Tool_28,Press Tool,Plant-C,2026-01-25,2026-04-25,Out of Service,97.87,Ingersoll Rand,SN100027
M7263,MA1AB100000000263,WO10263,Hatch Z,TRIM-1,STN-02,2026-03-01 11:28,ENG-1062,SUP-035,EMP137,TL-058,B,Tool_58,Robot Arm,Plant-C,2026-04-28,2026-07-27,Active,96.6,Stanley,SN100057
M7264,MA1AB100000000264,WO10264,Hatch Z,TRIM-1,STN-01,2026-03-01 11:30,ENG-1414,SUP-175,EMP263,TL-086,C,Tool_86,Press Tool,Plant-B,2026-03-20,2026-06-18,Active,96.21,Bosch,SN100085
M7265,MA1AB100000000265,WO10265,Hatch Z,GA-1,STN-05,2026-03-01 11:31,ENG-1277,SUP-075,EMP253,TL-021,B,Tool_21,Press Tool,Plant-C,2026-01-09,2026-04-09,Out of Service,95.18,Atlas Copco,SN100020
M7266,MA1AB100000000266,WO10266,SUV Pro,GA-2,STN-01,2026-03-01 11:32,ENG-1102,SUP-036,EMP221,TL-064,A,Tool_64,Press Tool,Plant-A,2026-02-03,2026-05-04,Active,98.09,Atlas Copco,SN100063
M7267,MA1AB100000000267,WO10267,SUV Pro,PAINT-1,STN-04,2026-03-01 11:33,ENG-1411,SUP-142,EMP166,TL-079,A,Tool_79,Press Tool,Plant-C,2026-04-14,2026-07-13,Active,96.15,Ingersoll Rand,SN100078
M7268,MA1AB100000000268,WO10268,Sedan X,PAINT-1,STN-04,2026-03-01 11:35,ENG-1367,SUP-185,EMP345,TL-068,,Tool_68,Press Tool,Plant-A,2026-04-15,2026-07-14,Active,97.42,Bosch,SN100067
M7269,MA1AB100000000269,WO10269,SUV Pro,GA-1,STN-02,2026-03-01 11:36,ENG-1497,SUP-082,EMP137,TL-058,,Tool_58,Robot Arm,Plant-C,2026-04-28,2026-07-27,Active,96.6,Stanley,SN100057
M7270,MA1AB100000000270,WO10270,Hatch Z,PAINT-1,STN-02,2026-03-01 11:37,ENG-1449,SUP-200,EMP382,TL-082,B,Tool_82,Nut Runner,Plant-B,2026-03-18,2026-06-16,Active,95.75,Atlas Copco,SN100081
M7271,MA1AB100000000271,WO10271,Sedan X,TRIM-1,STN-05,2026-03-01 11:38,ENG-1466,SUP-015,EMP163,TL-067,B,Tool_67,Torque Wrench,Plant-A,2026-02-10,2026-05-11,Active,95.24,Bosch,SN100066
M7272,MA1AB100000000272,WO10272,SUV Pro,GA-2,STN-02,2026-03-01 11:40,ENG-1165,SUP-182,EMP215,TL-045,C,Tool_45,Welding Gun,Plant-C,2026-03-10,2026-06-08,Active,98.94,Stanley,SN100044
M7273,MA1AB100000000273,WO10273,Sedan X,PAINT-1,STN-02,2026-03-01 11:41,ENG-1325,SUP-142,EMP240,TL-017,C,Tool_17,Torque Wrench,Plant-C,2026-01-08,2026-04-08,Maintenance,96.84,Atlas Copco,SN100016
M7274,MA1AB100000000274,WO10274,Hatch Z,GA-1,STN-05,2026-03-01 11:42,ENG-1328,SUP-044,EMP397,TL-020,B,Tool_20,Robot Arm,Plant-C,2026-06-24,2026-09-22,Active,99.27,Ingersoll Rand,SN100019
M7275,MA1AB100000000275,WO10275,Hatch Z,PAINT-1,Stn-03,2026-03-01 11:43,ENG-1473,SUP-145,EMP121,TL-004,A,Tool_4,Press Tool,Plant-A,2026-01-19,2026-04-19,Active,97.49,Bosch,SN100003
M7276,MA1AB100000000276,WO10276,Sedan X,PAINT-1, stn-05 ,2026-03-01 11:45,ENG-1107,SUP-197,EMP392,TL-054,A,Tool_54,Press Tool,Plant-C,2026-01-18,2026-04-18,Active,99.35,Ingersoll Rand,SN100053
M7277,MA1AB100000000277,WO10277,SUV Pro,PAINT-1, stn-05 ,2026-03-01 11:46,ENG-1489,SUP-078,EMP347,TL-032,,Tool_32,Press Tool,Plant-A,2026-03-27,2026-06-25,Maintenance,97.67,Bosch,SN100031
M7278,MA1AB100000000278,WO10278,SUV Pro,TRIM-1,STN-01,2026-03-01 11:47,ENG-1352,SUP-016,EMP180,TL-057,,Tool_57,Welding Gun,Plant-A,2026-05-01,2026-07-30,Active,98.96,Bosch,SN100056
M7279,MA1AB100000000279,WO10279,SUV Pro,TRIM-1,STN-02,2026-03-01 11:48,ENG-1174,SUP-156,EMP173,TL-041,C,Tool_41,Robot Arm,Plant-A,2026-02-27,2026-05-28,Maintenance,97.13,Atlas Copco,SN100040
M7280,MA1AB100000000280,WO10280,Hatch Z,PAINT-1,STN-04,2026-03-01 11:50,ENG-1066,SUP-195,EMP289,TL-066,A,Tool_66,Nut Runner,Plant-A,2026-01-13,2026-04-13,Maintenance,98.63,Stanley,SN100065
M7281,MA1AB100000000281,WO10281,SUV Pro,GA-2,STN-04,2026-03-01 11:51,ENG-1062,SUP-069,EMP330,TL-032,B,Tool_32,Press Tool,Plant-A,2026-03-27,2026-06-25,Maintenance,97.67,Bosch,SN100031
M7282,MA1AB100000000282,WO10282,Sedan X,GA-1,STN-03,2026-03-01 11:52,ENG-1484,SUP-099,EMP314,TL-032,B,Tool_32,Press Tool,Plant-A,2026-03-27,2026-06-25,Maintenance,97.67,Bosch,SN100031
M7283,MA1AB100000000283,WO10283,SUV Pro,PAINT-1,STN-02,2026-03-01 11:53,ENG-1390,SUP-041,EMP355,TL-066,,Tool_66,Nut Runner,Plant-A,2026-01-13,2026-04-13,Maintenance,98.63,Stanley,SN100065
M7284,MA1AB100000000284,WO10284,SUV Pro,PAINT-1,STN-04,2026-03-01 11:55,ENG-1011,SUP-024,EMP301,TL-065,,Tool_65,Torque Wrench,Plant-C,2026-01-31,2026-05-01,Maintenance,97.24,Bosch,SN100064
M7285,MA1AB100000000285,WO10285,Sedan X,GA-2,STN-05,2026-03-01 11:56,ENG-1180,SUP-013,EMP125,TL-037,,Tool_37,Torque Wrench,Plant-A,2026-02-12,2026-05-13,Maintenance,95.39,Bosch,SN100036
M7286,MA1AB100000000286,WO10286,Hatch Z,TRIM-1,STN-03,2026-03-01 11:57,ENG-1274,SUP-003,EMP155,TL-056,B,Tool_56,Torque Wrench,Plant-C,2026-04-06,2026-07-05,Active,97.45,Atlas Copco,SN100055
M7287,MA1AB100000000287,WO10287,SUV Pro,PAINT-1,Stn-03,2026-03-01 11:58,ENG-1206,SUP-094,EMP123,TL-052,A,Tool_52,Torque Wrench,Plant-A,2026-04-12,2026-07-11,Out of Service,99.68,Ingersoll Rand,SN100051
M7288,MA1AB100000000288,WO10288,Hatch Z,GA-2,STN-03,2026-03-01 12:00,ENG-1283,SUP-074,EMP137,TL-050,,Tool_50,Welding Gun,Plant-C,2026-04-30,2026-07-29,Maintenance,98.51,Ingersoll Rand,SN100049
M7289,MA1AB100000000289,WO10289,Hatch Z,PAINT-1,Stn-03,2026-03-01 12:01,ENG-1319,SUP-175,EMP160,TL-017,A,Tool_17,Torque Wrench,Plant-C,2026-01-08,2026-04-08,Maintenance,96.84,Atlas Copco,SN100016
M7290,MA1AB100000000290,WO10290,SUV Pro,PAINT-1,Stn-03,2026-03-01 12:02, eng-1001 ,SUP-087,EMP385,TL-047,B,Tool_47,Robot Arm,Plant-A,2026-04-17,2026-07-16,Active,99.69,Ingersoll Rand,SN100046
M7291,MA1AB100000000291,WO10291,Sedan X,TRIM-1,STN-05,2026-03-01 12:03,ENG-1020,SUP-012,EMP119,TL-018,C,Tool_18,Robot Arm,Plant-B,2026-06-15,2026-09-13,Out of Service,95.48,Stanley,SN100017
M7292,MA1AB100000000292,WO10292,SUV Pro,TRIM-1,STN-02,2026-03-01 12:05,ENG-1310,SUP-132,EMP171,TL-042,C,Tool_42,Welding Gun,Plant-C,2026-03-03,2026-06-01,Out of Service,97.14,Ingersoll Rand,SN100041
M7293,MA1AB100000000293,WO10293,Sedan X,TRIM-1,STN-05,2026-03-01 12:06,ENG-1378,SUP-077,EMP272,TL-065,,Tool_65,Torque Wrench,Plant-C,2026-01-31,2026-05-01,Maintenance,97.24,Bosch,SN100064
M7294,MA1AB100000000294,WO10294,Hatch Z,PAINT-1,STN-04,2026-03-01 12:07,ENG-1417,SUP-005,EMP288,TL-043,A,Tool_43,Torque Wrench,Plant-B,2026-04-28,2026-07-27,Active,96.51,Ingersoll Rand,SN100042
M7295,MA1AB100000000295,WO10295,SUV Pro,PAINT-1,Stn-03,2026-03-01 12:08,ENG-1460,SUP-186,EMP113,TL-077,,Tool_77,Welding Gun,Plant-C,2026-04-12,2026-07-11,Active,98.71,Stanley,SN100076
M7296,MA1AB100000000296,WO10296,SUV Pro,GA-2, stn-05 ,2026-03-01 12:10,ENG-1026,SUP-150,EMP345,TL-022,,Tool_22,Press Tool,Plant-C,2026-03-22,2026-06-20,Out of Service,95.43,Bosch,SN100021
M7297,MA1AB100000000297,WO10297,Sedan X,GA-2,STN-01,2026-03-01 12:11,ENG-1293,SUP-180,EMP156,TL-025,A,Tool_25,Nut Runner,Plant-C,2026-02-19,2026-05-20,Out of Service,98.88,Atlas Copco,SN100024
M7298,MA1AB100000000298,WO10298,SUV Pro,PAINT-1,STN-04,2026-03-01 12:12,ENG-1077,SUP-106,EMP204,TL-053,,Tool_53,Nut Runner,Plant-A,2026-02-27,2026-05-28,Out of Service,96.41,Stanley,SN100052
M7299,MA1AB100000000299,WO10299,Hatch Z,GA-1, stn-05 ,2026-03-01 12:13,ENG-1070,SUP-133,EMP206,TL-072,C,Tool_72,Robot Arm,Plant-C,2026-05-05,2026-08-03,Maintenance,99.87,Atlas Copco,SN100071
M7300,MA1AB100000000300,WO10300,Hatch Z,TRIM-1,STN-05,2026-03-01 12:15,ENG-1192,SUP-081,EMP188,TL-059,C,Tool_59,Robot Arm,Plant-B,2026-04-15,2026-07-14,Active,95.72,Stanley,SN100058
M7301,MA1AB100000000301,WO10301,Hatch Z,PAINT-1, stn-05 ,2026-03-01 12:16,ENG-1395,SUP-185,EMP235,TL-079,,Tool_79,Press Tool,Plant-C,2026-04-14,2026-07-13,Active,96.15,Ingersoll Rand,SN100078
M7302,MA1AB100000000302,WO10302,Sedan X,GA-2,STN-03,2026-03-01 12:17,ENG-1285,SUP-077,EMP215,TL-039,C,Tool_39,Nut Runner,Plant-C,2026-02-15,2026-05-16,Maintenance,97.07,Ingersoll Rand,SN100038
M7303,MA1AB100000000303,WO10303,Hatch Z,GA-2, stn-05 ,2026-03-01 12:18,ENG-1360,SUP-126,EMP262,TL-062,C,Tool_62,Robot Arm,Plant-A,2026-04-28,2026-07-27,Out of Service,95.44,Bosch,SN100061
M7304,MA1AB100000000304,WO10304,Hatch Z,PAINT-1,STN-03,2026-03-01 12:20,ENG-1062,SUP-147,EMP378,TL-049,,Tool_49,Press Tool,Plant-A,2026-01-18,2026-04-18,Active,97.7,Atlas Copco,SN100048
M7305,MA1AB100000000305,WO10305,SUV Pro,GA-2,STN-03,2026-03-01 12:21,ENG-1021,SUP-074,EMP140,TL-045,,Tool_45,Welding Gun,Plant-C,2026-03-10,2026-06-08,Active,98.94,Stanley,SN100044
M7306,MA1AB100000000306,WO10306,Hatch Z,PAINT-1, stn-05 ,2026-03-01 12:22,ENG-1245,SUP-055,EMP203,TL-069,C,Tool_69,Torque Wrench,Plant-B,2026-01-29,2026-04-29,Active,98.16,Bosch,SN100068
M7307,MA1AB100000000307,WO10307,Hatch Z,PAINT-1,STN-02,2026-03-01 12:23,ENG-1055,SUP-158,EMP222,TL-032,A,Tool_32,Press Tool,Plant-A,2026-03-27,2026-06-25,Maintenance,97.67,Bosch,SN100031
M7308,MA1AB100000000308,WO10308,Hatch Z,GA-2, stn-05 ,2026-03-01 12:25,ENG-1119,SUP-014,EMP151,TL-053,C,Tool_53,Nut Runner,Plant-A,2026-02-27,2026-05-28,Out of Service,96.41,Stanley,SN100052
M7309,MA1AB100000000309,WO10309,Hatch Z,TRIM-1,STN-01,2026-03-01 12:26,ENG-1348,SUP-198,EMP170,TL-001,B,Tool_1,Welding Gun,Plant-A,2026-05-21,2026-08-19,Maintenance,98.97,Bosch,SN100000
M7310,MA1AB100000000310,WO10310,SUV Pro,TRIM-1,STN-04,2026-03-01 12:27,ENG-1333,SUP-052,EMP247,TL-042,C,Tool_42,Welding Gun,Plant-C,2026-03-03,2026-06-01,Out of Service,97.14,Ingersoll Rand,SN100041
M7311,MA1AB100000000311,WO10311,Hatch Z,GA-1,Stn-03,2026-03-01 12:28,ENG-1045,SUP-167,EMP393,TL-030,A,Tool_30,Nut Runner,Plant-A,2026-02-18,2026-05-19,Out of Service,97.07,Ingersoll Rand,SN100029
M7312,MA1AB100000000312,WO10312,Sedan X,TRIM-1,Stn-03,2026-03-01 12:30,ENG-1090,SUP-010,EMP303,TL-999,,Unknown Tool,Unknown Type,,,,,,,
M7313,MA1AB100000000313,WO10313,Sedan X,PAINT-1,STN-01,2026-03-01 12:31,ENG-1004,SUP-077,EMP390,TL-078,A,Tool_78,Press Tool,Plant-A,2026-03-26,2026-06-24,Maintenance,99.88,Bosch,SN100077
M7314,MA1AB100000000314,WO10314,SUV Pro,PAINT-1,STN-04,2026-03-01 12:32,ENG-1328,SUP-140,EMP368,TL-064,B,Tool_64,Press Tool,Plant-A,2026-02-03,2026-05-04,Active,98.09,Atlas Copco,SN100063
M7315,MA1AB100000000315,WO10315,Hatch Z,TRIM-1,STN-03,2026-03-01 12:33,ENG-1098,SUP-029,EMP269,TL-021,,Tool_21,Press Tool,Plant-C,2026-01-09,2026-04-09,Out of Service,95.18,Atlas Copco,SN100020
M7316,MA1AB100000000316,WO10316,Hatch Z,PAINT-1, stn-05 ,2026-03-01 12:35,ENG-1095,SUP-004,EMP272,TL-038,B,Tool_38,Welding Gun,Plant-B,2026-04-18,2026-07-17,Active,97.87,Ingersoll Rand,SN100037
M7317,MA1AB100000000317,WO10317,Sedan X,TRIM-1,Stn-03,2026-03-01 12:36,ENG-1218,SUP-132,EMP267,TL-012,,Tool_12,Press Tool,Plant-B,2026-05-30,2026-08-28,Out of Service,98.02,Bosch,SN100011
M7318,MA1AB100000000318,WO10318,Hatch Z,GA-1,STN-02,2026-03-01 12:37,ENG-1071,SUP-123,EMP265,TL-032,A,Tool_32,Press Tool,Plant-A,2026-03-27,2026-06-25,Maintenance,97.67,Bosch,SN100031
M7319,MA1AB100000000319,WO10319,SUV Pro,TRIM-1,STN-02,2026-03-01 12:38,ENG-1228,SUP-193,EMP236,TL-043,C,Tool_43,Torque Wrench,Plant-B,2026-04-28,2026-07-27,Active,96.51,Ingersoll Rand,SN100042
M7320,MA1AB100000000320,WO10320,Hatch Z,GA-1,STN-03,2026-03-01 12:40,ENG-1334,SUP-093,EMP220,TL-008,A,Tool_8,Welding Gun,Plant-A,2026-06-05,2026-09-03,Maintenance,95.49,Ingersoll Rand,SN100007
M7321,MA1AB100000000321,WO10321,SUV Pro,PAINT-1,STN-02,2026-03-01 12:41,ENG-1207,SUP-176,EMP357,TL-091,C,Tool_91,Nut Runner,Plant-B,2026-03-20,2026-06-18,Active,95.45,Atlas Copco,SN100090
M7322,MA1AB100000000322,WO10322,Hatch Z,GA-1, stn-05 ,2026-03-01 12:42,ENG-1469,SUP-076,EMP288,TL-079,B,Tool_79,Press Tool,Plant-C,2026-04-14,2026-07-13,Active,96.15,Ingersoll Rand,SN100078
M7323,MA1AB100000000323,WO10323,Sedan X,GA-2,STN-04,2026-03-01 12:43,ENG-1078,SUP-117,EMP291,TL-054,,Tool_54,Press Tool,Plant-C,2026-01-18,2026-04-18,Active,99.35,Ingersoll Rand,SN100053
M7324,MA1AB100000000324,WO10324,Hatch Z,GA-2,Stn-03,2026-03-01 12:45,ENG-1126,SUP-175,EMP141,TL-068,,Tool_68,Press Tool,Plant-A,2026-04-15,2026-07-14,Active,97.42,Bosch,SN100067
M7325,MA1AB100000000325,WO10325,Hatch Z,PAINT-1,STN-01,2026-03-01 12:46,ENG-1469,SUP-145,EMP157,TL-008,B,Tool_8,Welding Gun,Plant-A,2026-06-05,2026-09-03,Maintenance,95.49,Ingersoll Rand,SN100007
M7326,MA1AB100000000326,WO10326,Hatch Z,GA-2,STN-02,2026-03-01 12:47,ENG-1167,SUP-134,EMP326,TL-015,B,Tool_15,Robot Arm,Plant-C,2026-05-26,2026-08-24,Out of Service,97.88,Atlas Copco,SN100014
M7327,MA1AB100000000327,WO10327,Hatch Z,TRIM-1,STN-01,2026-03-01 12:48,ENG-1460,SUP-131,EMP328,TL-008,,Tool_8,Welding Gun,Plant-A,2026-06-05,2026-09-03,Maintenance,95.49,Ingersoll Rand,SN100007
M7328,MA1AB100000000328,WO10328,Sedan X,TRIM-1,STN-04,2026-03-01 12:50,ENG-1288,SUP-015,EMP386,TL-060,C,Tool_60,Welding Gun,Plant-B,2026-02-09,2026-05-10,Active,95.55,Atlas Copco,SN100059
M7329,MA1AB100000000329,WO10329,Hatch Z,GA-1,STN-04,2026-03-01 12:51,ENG-1130,SUP-001,EMP211,TL-075,A,Tool_75,Press Tool,Plant-C,2026-04-22,2026-07-21,Active,99.86,Ingersoll Rand,SN100074
M7330,MA1AB100000000330,WO10330,Sedan X,TRIM-1,STN-03,2026-03-01 12:52,ENG-1358,SUP-017,EMP377,TL-008,A,Tool_8,Welding Gun,Plant-A,2026-06-05,2026-09-03,Maintenance,95.49,Ingersoll Rand,SN100007
M7331,MA1AB100000000331,WO10331,SUV Pro,GA-1,STN-03,2026-03-01 12:53,ENG-1209,SUP-047,EMP169,TL-099,,Tool_99,Welding Gun,Plant-B,2026-05-20,2026-08-18,Active,97.05,Atlas Copco,SN100098
M7332,MA1AB100000000332,WO10332,SUV Pro,TRIM-1,STN-04,2026-03-01 12:55,ENG-1445,SUP-097,EMP292,TL-011,B,Tool_11,Welding Gun,Plant-B,2026-01-03,2026-04-03,Out of Service,99.43,Atlas Copco,SN100010
M7333,XX1 2 3 4,WO10333,Hatch Z,PAINT-1,STN-01,2026-03-01 12:56,ENG-1091,SUP-138,EMP301,TL-068,B,Tool_68,Press Tool,Plant-A,2026-04-15,2026-07-14,Active,97.42,Bosch,SN100067
M7334,MA1AB100000000334,WO10334,Hatch Z,GA-2,Stn-03,2026-03-01 12:57,ENG-1001,SUP-194,EMP111,TL-039,,Tool_39,Nut Runner,Plant-C,2026-02-15,2026-05-16,Maintenance,97.07,Ingersoll Rand,SN100038
M7335,MA1AB100000000335,WO10335,Hatch Z,TRIM-1,STN-05,2026-03-01 12:58,ENG-1194,SUP-059,EMP226,TL-059,C,Tool_59,Robot Arm,Plant-B,2026-04-15,2026-07-14,Active,95.72,Stanley,SN100058
M7336,MA1AB100000000336,WO10336,Sedan X,PAINT-1,STN-02,2026-03-01 13:00,ENG-1479,SUP-186,EMP157,TL-005,,Tool_5,Torque Wrench,Plant-C,2026-02-02,2026-05-03,Maintenance,99.68,Ingersoll Rand,SN100004
M7337,MA1AB100000000337,WO10337,Hatch Z,GA-1,STN-02,2026-03-01 13:01,ENG-1105,SUP-018,EMP151,TL-077,A,Tool_77,Welding Gun,Plant-C,2026-04-12,2026-07-11,Active,98.71,Stanley,SN100076
M7338,MA1AB100000000338,WO10338,SUV Pro,GA-1,STN-02,2026-03-01 13:02,ENG-1379,SUP-012,EMP305,TL-057,B,Tool_57,Welding Gun,Plant-A,2026-05-01,2026-07-30,Active,98.96,Bosch,SN100056
M7339,MA1AB100000000339,WO10339,Hatch Z,GA-2,Stn-03,2026-03-01 13:03,ENG-1442,SUP-199,EMP128,TL-018,C,Tool_18,Robot Arm,Plant-B,2026-06-15,2026-09-13,Out of Service,95.48,Stanley,SN100017
M7340,MA1AB100000000340,WO10340,Sedan X,PAINT-1,STN-05,2026-03-01 13:05,ENG-1306,SUP-198,EMP264,TL-031,C,Tool_31,Nut Runner,Plant-A,2026-01-31,2026-05-01,Active,97.01,Atlas Copco,SN100030
M7341,MA1AB100000000341,WO10341,Sedan X,GA-2,STN-04,2026-03-01 13:06,ENG-1153,SUP-071,EMP131,TL-072,B,Tool_72,Robot Arm,Plant-C,2026-05-05,2026-08-03,Maintenance,99.87,Atlas Copco,SN100071
M7342,MA1AB100000000342,WO10342,Hatch Z,TRIM-1,STN-05,2026-03-01 13:07,ENG-1253,SUP-013,EMP276,TL-083,,Tool_83,Nut Runner,Plant-A,2026-01-22,2026-04-22,Out of Service,98.35,Bosch,SN100082
M7343,MA1AB100000000343,WO10343,Hatch Z,PAINT-1, stn-05 ,2026-03-01 13:08,ENG-1213,SUP-105,EMP176,TL-039,,Tool_39,Nut Runner,Plant-C,2026-02-15,2026-05-16,Maintenance,97.07,Ingersoll Rand,SN100038
M7344,MA1AB100000000344,WO10344,Sedan X,TRIM-1,STN-02,2026-03-01 13:10,ENG-1434,SUP-058,EMP253,TL-091,B,Tool_91,Nut Runner,Plant-B,2026-03-20,2026-06-18,Active,95.45,Atlas Copco,SN100090
M7345,MA1AB100000000345,WO10345,SUV Pro,GA-1,STN-05,2026-03-01 13:11,ENG-1211,SUP-107,EMP385,TL-068,B,Tool_68,Press Tool,Plant-A,2026-04-15,2026-07-14,Active,97.42,Bosch,SN100067
M7346,MA1AB100000000346,WO10346,SUV Pro,GA-2,STN-03,2026/03/01 13:12,ENG-1104,SUP-085,EMP140,TL-058,C,Tool_58,Robot Arm,Plant-C,2026-04-28,2026-07-27,Active,96.6,Stanley,SN100057
M7347,MA1AB100000000347,WO10347,Sedan X,GA-2,STN-01,2026-03-01 13:13,ENG-1137,SUP-097,EMP120,TL-010,B,Tool_10,Welding Gun,Plant-B,2026-02-07,2026-05-08,Maintenance,98.91,Atlas Copco,SN100009
M7348,MA1AB100000000348,WO10348,Hatch Z,GA-2,STN-04,2026-03-01 13:15,ENG-1106,SUP-086,EMP255,TL-002,B,Tool_2,Nut Runner,Plant-A,2026-04-22,2026-07-21,Active,97.47,Bosch,SN100001
M7349,MA1AB100000000349,WO10349,Sedan X,GA-1, stn-05 ,2026-03-01 13:16,ENG-1386,SUP-123,EMP224,TL-090,B,Tool_90,Nut Runner,Plant-C,2026-05-12,2026-08-10,Out of Service,97.28,Stanley,SN100089
M7350,MA1AB100000000350,WO10350,SUV Pro,GA-2,STN-05,2026-03-01 13:17,ENG-1164,SUP-199,EMP244,TL-049,,Tool_49,Press Tool,Plant-A,2026-01-18,2026-04-18,Active,97.7,Atlas Copco,SN100048
M7351,MA1AB100000000351,WO10351,Hatch Z,PAINT-1,STN-03,2026-03-01 13:18,ENG-1133,SUP-093,EMP362,TL-064,,Tool_64,Press Tool,Plant-A,2026-02-03,2026-05-04,Active,98.09,Atlas Copco,SN100063
M7352,MA1AB100000000352,WO10352,Sedan X,TRIM-1,Stn-03,2026-03-01 13:20,ENG-1429,SUP-082,EMP204,TL-048,C,Tool_48,Nut Runner,Plant-B,2026-04-17,2026-07-16,Active,96.56,Stanley,SN100047
M7353,MA1AB100000000353,WO10353,SUV Pro,GA-1,STN-05,2026-03-01 13:21,ENG-1442,SUP-057,EMP174,TL-003,C,Tool_3,Robot Arm,Plant-C,2026-02-25,2026-05-26,Active,97.36,Atlas Copco,SN100002
M7354,MA1AB100000000354,WO10354,Hatch Z,TRIM-1,STN-03,2026-03-01 13:22,ENG-1078,SUP-051,EMP268,TL-030,,Tool_30,Nut Runner,Plant-A,2026-02-18,2026-05-19,Out of Service,97.07,Ingersoll Rand,SN100029
M7355,MA1AB100000000355,WO10355,Hatch Z,GA-2,STN-04,2026-03-01 13:23,ENG-1281,SUP-168,EMP272,TL-033,,Tool_33,Welding Gun,Plant-C,2026-02-25,2026-05-26,Active,97.63,Bosch,SN100032
M7356,MA1AB100000000356,WO10356,Hatch Z,TRIM-1,STN-04,2026-03-01 13:25,ENG-1086,SUP-188,EMP280,TL-022,B,Tool_22,Press Tool,Plant-C,2026-03-22,2026-06-20,Out of Service,95.43,Bosch,SN100021
M7357,MA1AB100000000357,WO10357,Hatch Z,TRIM-1,STN-02,2026-03-01 13:26,ENG-1469,SUP-139,EMP130,TL-068,A,Tool_68,Press Tool,Plant-A,2026-04-15,2026-07-14,Active,97.42,Bosch,SN100067
M7358,MA1AB100000000358,WO10358,Sedan X,GA-1,Stn-03,2026-03-01 13:27,ENG-1003,SUP-106,EMP170,TL-081,B,Tool_81,Nut Runner,Plant-A,2026-06-21,2026-09-19,Maintenance,97.61,Atlas Copco,SN100080
M7359,MA1AB100000000359,WO10359,Sedan X,GA-2,STN-01,2026-03-01 13:28,ENG-1111,SUP-130,EMP333,TL-048,A,Tool_48,Nut Runner,Plant-B,2026-04-17,2026-07-16,Active,96.56,Stanley,SN100047
M7360,MA1AB100000000360,WO10360,Hatch Z,TRIM-1, stn-05 ,2026-03-01 13:30,ENG-1249,SUP-005,EMP103,TL-069,,Tool_69,Torque Wrench,Plant-B,2026-01-29,2026-04-29,Active,98.16,Bosch,SN100068
M7361,MA1AB100000000361,WO10361,Sedan X,GA-1,STN-05,2026-03-01 13:31,ENG-1369,SUP-071,EMP374,TL-037,A,Tool_37,Torque Wrench,Plant-A,2026-02-12,2026-05-13,Maintenance,95.39,Bosch,SN100036
M7362,MA1AB100000000362,WO10362,Hatch Z,TRIM-1,Stn-03,2026-03-01 13:32,ENG-1481,SUP-046,EMP154,TL-013,B,Tool_13,Nut Runner,Plant-B,2026-04-05,2026-07-04,Active,99.14,Bosch,SN100012
M7363,MA1AB100000000363,WO10363,Sedan X,GA-2,STN-05,2026-03-01 13:33,ENG-1269,SUP-065,EMP281,TL-035,,Tool_35,Torque Wrench,Plant-A,2026-04-06,2026-07-05,Active,95.1,Atlas Copco,SN100034
M7364,MA1AB100000000364,WO10364,Sedan X,PAINT-1,STN-04,2026-03-01 13:35,ENG-1235,SUP-145,EMP224,TL-090,B,Tool_90,Nut Runner,Plant-C,2026-05-12,2026-08-10,Out of Service,97.28,Stanley,SN100089
M7365,MA1AB100000000365,WO10365,SUV Pro,GA-1, stn-05 ,2026-03-01 13:36,ENG-1439,SUP-167,EMP116,TL-012,,Tool_12,Press Tool,Plant-B,2026-05-30,2026-08-28,Out of Service,98.02,Bosch,SN100011
M7366,MA1AB100000000366,WO10366,SUV Pro,TRIM-1,STN-05,2026-03-01 13:37,ENG-1243,SUP-015,EMP104,TL-090,B,Tool_90,Nut Runner,Plant-C,2026-05-12,2026-08-10,Out of Service,97.28,Stanley,SN100089
M7367,MA1AB100000000367,WO10367,Sedan X,TRIM-1,Stn-03,2026-03-01 13:38,ENG-1222,SUP-166,EMP269,TL-073,A,Tool_73,Welding Gun,Plant-C,2026-03-17,2026-06-15,Active,96.96,Ingersoll Rand,SN100072
M7368,MA1AB100000000368,WO10368,Hatch Z,GA-1,STN-02,2026-03-01 13:40,ENG-1108,SUP-178,EMP390,TL-061,C,Tool_61,Nut Runner,Plant-C,2026-06-29,2026-09-27,Active,99.71,Ingersoll Rand,SN100060
M7369,MA1AB100000000369,WO10369,Sedan X,GA-1, stn-05 ,2026-03-01 13:41,ENG-1473,SUP-072,EMP378,TL-073,A,Tool_73,Welding Gun,Plant-C,2026-03-17,2026-06-15,Active,96.96,Ingersoll Rand,SN100072
M7370,MA1AB100000000370,WO10370,Sedan X,PAINT-1,STN-01,2026-03-01 13:42,ENG-1492,SUP-054,EMP173,TL-097,,Tool_97,Nut Runner,Plant-A,2026-04-22,2026-07-21,Active,99.35,Ingersoll Rand,SN100096
M7371,MA1AB100000000371,WO10371,Sedan X,PAINT-1,STN-02,2026-03-01 13:43,ENG-1288,SUP-062,EMP390,TL-050,C,Tool_50,Welding Gun,Plant-C,2026-04-30,2026-07-29,Maintenance,98.51,Ingersoll Rand,SN100049
M7372,MA1AB100000000372,WO10372,SUV Pro,GA-2,Stn-03,2026-03-01 13:45,ENG-1352,SUP-186,EMP140,TL-065,C,Tool_65,Torque Wrench,Plant-C,2026-01-31,2026-05-01,Maintenance,97.24,Bosch,SN100064
M7373,MA1AB100000000373,WO10373,Sedan X,GA-1,STN-04,2026-03-01 13:46,ENG-1118,SUP-020,EMP274,TL-078,,Tool_78,Press Tool,Plant-A,2026-03-26,2026-06-24,Maintenance,99.88,Bosch,SN100077
M7374,MA1AB100000000374,WO10374,SUV Pro,GA-1, stn-05 ,2026-03-01 13:47,ENG-1139,SUP-116,EMP351,TL-030,C,Tool_30,Nut Runner,Plant-A,2026-02-18,2026-05-19,Out of Service,97.07,Ingersoll Rand,SN100029
M7375,MA1AB100000000375,WO10375,Hatch Z,TRIM-1,STN-04,2026-03-01 13:48,ENG-1095,SUP-175,EMP399,TL-085,,Tool_85,Nut Runner,Plant-A,2026-01-29,2026-04-29,Out of Service,98.68,Stanley,SN100084
M7376,MA1AB100000000376,WO10376,Sedan X,PAINT-1,Stn-03,2026-03-01 13:50,ENG-1126,SUP-183,EMP137,TL-011,C,Tool_11,Welding Gun,Plant-B,2026-01-03,2026-04-03,Out of Service,99.43,Atlas Copco,SN100010
M7377,MA1AB100000000377,WO10377,Sedan X,TRIM-1, stn-05 ,2026-03-01 13:51,ENG-1401,SUP-163,EMP178,TL-095,,Tool_95,Nut Runner,Plant-A,2026-06-25,2026-09-23,Active,99.37,Bosch,SN100094
M7378,MA1AB100000000378,WO10378,SUV Pro,PAINT-1,STN-01,2026-03-01 13:52,ENG-1046,SUP-002,EMP257,TL-057,C,Tool_57,Welding Gun,Plant-A,2026-05-01,2026-07-30,Active,98.96,Bosch,SN100056
M7379,MA1AB100000000379,WO10379,SUV Pro,GA-1,STN-02,2026-03-01 13:53,ENG-1044,SUP-048,EMP320,TL-058,,Tool_58,Robot Arm,Plant-C,2026-04-28,2026-07-27,Active,96.6,Stanley,SN100057
M7380,MA1AB100000000380,WO10380,Sedan X,GA-1,STN-01,2026-03-01 13:55,ENG-1181,SUP-142,EMP147,TL-077,C,Tool_77,Welding Gun,Plant-C,2026-04-12,2026-07-11,Active,98.71,Stanley,SN100076
M7381,MA1AB100000000381,WO10381,SUV Pro,GA-1,STN-03,2026-03-01 13:56,ENG-1211,SUP-100,EMP143,TL-093,B,Tool_93,Nut Runner,Plant-A,2026-03-03,2026-06-01,Out of Service,98.43,Ingersoll Rand,SN100092
M7382,MA1AB100000000382,WO10382,Hatch Z,GA-2, stn-05 ,2026-03-01 13:57,ENG-1194,SUP-044,EMP171,TL-035,C,Tool_35,Torque Wrench,Plant-A,2026-04-06,2026-07-05,Active,95.1,Atlas Copco,SN100034
M7383,MA1AB100000000383,WO10383,SUV Pro,TRIM-1,STN-02,2026-03-01 13:58,ENG-1032,SUP-043,EMP322,TL-036,,Tool_36,Nut Runner,Plant-B,2026-02-08,2026-05-09,Active,95.2,Stanley,SN100035
M7384,MA1AB100000000384,WO10384,SUV Pro,TRIM-1,Stn-03,2026-03-01 14:00,ENG-1039,SUP-093,EMP228,TL-032,,Tool_32,Press Tool,Plant-A,2026-03-27,2026-06-25,Maintenance,97.67,Bosch,SN100031
M7385,MA1AB100000000385,WO10385,Hatch Z,GA-2,STN-04,2026-03-01 14:01,ENG-1054,SUP-035,EMP255,TL-001,,Tool_1,Welding Gun,Plant-A,2026-05-21,2026-08-19,Maintenance,98.97,Bosch,SN100000
M7386,MA1AB100000000386,WO10386,SUV Pro,TRIM-1,Stn-03,2026-03-01 14:02,ENG-1441,SUP-085,EMP325,TL-043,,Tool_43,Torque Wrench,Plant-B,2026-04-28,2026-07-27,Active,96.51,Ingersoll Rand,SN100042
M7387,MA1AB100000000387,WO10387,Hatch Z,GA-2,STN-03,2026-03-01 14:03,ENG-1164,SUP-155,EMP202,TL-062,C,Tool_62,Robot Arm,Plant-A,2026-04-28,2026-07-27,Out of Service,95.44,Bosch,SN100061
M7388,MA1AB100000000388,WO10388,Sedan X,TRIM-1,STN-03,2026-03-01 14:05,ENG-1149,SUP-189,EMP351,TL-074,B,Tool_74,Robot Arm,Plant-B,2026-01-04,2026-04-04,Active,97.63,Stanley,SN100073
M7389,MA1AB100000000389,WO10389,SUV Pro,TRIM-1,STN-03,2026-03-01 14:06,ENG-1418,SUP-101,EMP286,TL-015,B,Tool_15,Robot Arm,Plant-C,2026-05-26,2026-08-24,Out of Service,97.88,Atlas Copco,SN100014
M7390,MA1AB100000000390,WO10390,Hatch Z,GA-2, stn-05 ,2026-03-01 14:07,ENG-1393,SUP-141,EMP113,TL-094,,Tool_94,Press Tool,Plant-C,2026-05-10,2026-08-08,Maintenance,98.64,Stanley,SN100093
M7391,MA1AB100000000391,WO10391,Hatch Z,GA-2,STN-04,2026-03-01 14:08,ENG-1408,SUP-075,EMP135,TL-053,,Tool_53,Nut Runner,Plant-A,2026-02-27,2026-05-28,Out of Service,96.41,Stanley,SN100052
M7392,MA1AB100000000392,WO10392,Sedan X,PAINT-1,STN-02,2026-03-01 14:10,ENG-1129,SUP-169,EMP178,TL-092,,Tool_92,Nut Runner,Plant-C,2026-06-25,2026-09-23,Active,97.7,Bosch,SN100091
M7393,MA1AB100000000393,WO10393,SUV Pro,GA-1,STN-04,2026-03-01 14:11,ENG-1306,SUP-123,EMP398,TL-052,,Tool_52,Torque Wrench,Plant-A,2026-04-12,2026-07-11,Out of Service,99.68,Ingersoll Rand,SN100051
M7394,MA1AB100000000394,WO10394,Hatch Z,GA-1,Stn-03,2026-03-01 14:12,ENG-1495,SUP-093,EMP374,TL-077,A,Tool_77,Welding Gun,Plant-C,2026-04-12,2026-07-11,Active,98.71,Stanley,SN100076
M7395,MA1AB100000000395,WO10395,Sedan X,GA-2, stn-05 ,2026-03-01 14:13,ENG-1340,SUP-091,EMP185,TL-083,A,Tool_83,Nut Runner,Plant-A,2026-01-22,2026-04-22,Out of Service,98.35,Bosch,SN100082
M7396,MA1AB100000000396,WO10396,Hatch Z,TRIM-1,Stn-03,2026-03-01 14:15,ENG-1169,SUP-111,EMP154,TL-002,A,Tool_2,Nut Runner,Plant-A,2026-04-22,2026-07-21,Active,97.47,Bosch,SN100001
M7397,MA1AB100000000397,WO10397,SUV Pro,GA-2,STN-05,2026-03-01 14:16,ENG-1382,SUP-133,EMP385,TL-075,B,Tool_75,Press Tool,Plant-C,2026-04-22,2026-07-21,Active,99.86,Ingersoll Rand,SN100074
M7398,MA1AB100000000398,WO10398,SUV Pro,PAINT-1,STN-04,2026-03-01 14:17,ENG-1237,SUP-198,EMP356,TL-020,C,Tool_20,Robot Arm,Plant-C,2026-06-24,2026-09-22,Active,99.27,Ingersoll Rand,SN100019
M7399,MA1AB100000000399,WO10399,Sedan X,TRIM-1,STN-01,2026-03-01 14:18,ENG-1151,SUP-107,EMP143,TL-015,B,Tool_15,Robot Arm,Plant-C,2026-05-26,2026-08-24,Out of Service,97.88,Atlas Copco,SN100014
M7400,MA1AB100000000400,WO10400,SUV Pro,PAINT-1,STN-03,2026-03-01 14:20,ENG-1233,SUP-053,EMP366,TL-062,C,Tool_62,Robot Arm,Plant-A,2026-04-28,2026-07-27,Out of Service,95.44,Bosch,SN100061
M7401,MA1AB100000000401,WO10401,SUV Pro,GA-1,STN-04,2026-03-01 14:21,ENG-1369,SUP-179,EMP331,TL-041,A,Tool_41,Robot Arm,Plant-A,2026-02-27,2026-05-28,Maintenance,97.13,Atlas Copco,SN100040
M7402,MA1AB100000000402,WO10402,SUV Pro,GA-1,Stn-03,2026-03-01 14:22,ENG-1363,SUP-030,EMP111,TL-044,A,Tool_44,Press Tool,Plant-C,2026-01-16,2026-04-16,Maintenance,99.03,Bosch,SN100043
M7403,MA1AB100000000403,WO10403,Hatch Z,GA-2, stn-05 ,2026-03-01 14:23,ENG-1124,SUP-133,EMP189,TL-071,B,Tool_71,Welding Gun,Plant-B,2026-04-11,2026-07-10,Active,98.12,Atlas Copco,SN100070
M7404,MA1AB100000000404,WO10404,SUV Pro,TRIM-1,STN-04,2026-03-01 14:25,ENG-1118,SUP-104,EMP194,TL-024,,Tool_24,Robot Arm,Plant-A,2026-02-23,2026-05-24,Active,96.19,Ingersoll Rand,SN100023
M7405,MA1AB100000000405,WO10405,SUV Pro,GA-1, stn-05 ,2026-03-01 14:26,ENG-1314,SUP-051,EMP330,TL-076,,Tool_76,Welding Gun,Plant-C,2026-02-22,2026-05-23,Maintenance,98.13,Ingersoll Rand,SN100075
M7406,MA1AB100000000406,WO10406,SUV Pro,GA-1, stn-05 ,2026-03-01 14:27,ENG-1109,SUP-053,EMP242,TL-097,A,Tool_97,Nut Runner,Plant-A,2026-04-22,2026-07-21,Active,99.35,Ingersoll Rand,SN100096
M7407,MA1AB100000000407,WO10407,Hatch Z,GA-1,Stn-03,2026-03-01 14:28,ENG-1446,SUP-138,EMP195,TL-047,C,Tool_47,Robot Arm,Plant-A,2026-04-17,2026-07-16,Active,99.69,Ingersoll Rand,SN100046
M7408,MA1AB100000000408,WO10408,Sedan X,TRIM-1,STN-01,2026-03-01 14:30,ENG-1134,SUP-172,EMP350,TL-068,C,Tool_68,Press Tool,Plant-A,2026-04-15,2026-07-14,Active,97.42,Bosch,SN100067
M7409,MA1AB100000000409,WO10409,Hatch Z,TRIM-1,STN-05,2026-03-01 14:31,ENG-1200,SUP-151,EMP158,TL-045,C,Tool_45,Welding Gun,Plant-C,2026-03-10,2026-06-08,Active,98.94,Stanley,SN100044
M7410,MA1AB100000000410,WO10410,SUV Pro,GA-2,Stn-03,2026-03-01 14:32,ENG-1344,SUP-181,EMP252,TL-079,A,Tool_79,Press Tool,Plant-C,2026-04-14,2026-07-13,Active,96.15,Ingersoll Rand,SN100078
M7411,MA1AB100000000411,WO10411,Hatch Z,GA-2,STN-03,2026-03-01 14:33,ENG-1060,SUP-062,EMP256,TL-015,B,Tool_15,Robot Arm,Plant-C,2026-05-26,2026-08-24,Out of Service,97.88,Atlas Copco,SN100014
M7412,MA1AB100000000412,WO10412,SUV Pro,GA-2,STN-05,2026-03-01 14:35,ENG-1198,SUP-108,EMP170,TL-074,,Tool_74,Robot Arm,Plant-B,2026-01-04,2026-04-04,Active,97.63,Stanley,SN100073
M7413,MA1AB100000000413,WO10413,SUV Pro,GA-2,STN-04,2026-03-01 14:36,ENG-1325,SUP-138,EMP188,TL-072,B,Tool_72,Robot Arm,Plant-C,2026-05-05,2026-08-03,Maintenance,99.87,Atlas Copco,SN100071
M7414,MA1AB100000000414,WO10414,SUV Pro,PAINT-1,STN-02,2026-03-01 14:37,ENG-1095,SUP-081,EMP330,TL-080,A,Tool_80,Robot Arm,Plant-B,2026-03-23,2026-06-21,Maintenance,97.79,Atlas Copco,SN100079
M7415,MA1AB100000000415,WO10415,SUV Pro,GA-1,STN-04,2026-03-01 14:38,ENG-1069,SUP-050,EMP296,TL-072,,Tool_72,Robot Arm,Plant-C,2026-05-05,2026-08-03,Maintenance,99.87,Atlas Copco,SN100071
M7416,MA1AB100000000416,WO10416,SUV Pro,TRIM-1,STN-04,2026-03-01 14:40,ENG-1363,SUP-114,EMP350,TL-022,A,Tool_22,Press Tool,Plant-C,2026-03-22,2026-06-20,Out of Service,95.43,Bosch,SN100021
M7417,MA1AB100000000417,WO10417,Hatch Z,GA-1,Stn-03,2026-03-01 14:41,ENG-1389,SUP-057,EMP249,TL-005,C,Tool_5,Torque Wrench,Plant-C,2026-02-02,2026-05-03,Maintenance,99.68,Ingersoll Rand,SN100004
M7418,MA1AB100000000418,WO10418,Sedan X,PAINT-1,STN-02,2026-03-01 14:42,ENG-1399,SUP-118,EMP389,TL-096,,Tool_96,Nut Runner,Plant-A,2026-04-26,2026-07-25,Active,95.35,Stanley,SN100095
M7419,MA1AB100000000419,WO10419,Hatch Z,GA-1,STN-05,2026-03-01 14:43,ENG-1058,SUP-069,EMP378,TL-047,A,Tool_47,Robot Arm,Plant-A,2026-04-17,2026-07-16,Active,99.69,Ingersoll Rand,SN100046
M7420,MA1AB100000000420,WO10420,Hatch Z,TRIM-1,STN-05,2026-03-01 14:45,ENG-1111,SUP-109,EMP152,TL-095,B,Tool_95,Nut Runner,Plant-A,2026-06-25,2026-09-23,Active,99.37,Bosch,SN100094
M7421,MA1AB100000000421,WO10421,SUV Pro,GA-1,STN-04,2026-03-01 14:46,ENG-1134,SUP-090,EMP144,TL-057,A,Tool_57,Welding Gun,Plant-A,2026-05-01,2026-07-30,Active,98.96,Bosch,SN100056
M7422,MA1AB100000000422,WO10422,Sedan X,GA-2,Stn-03,2026-03-01 14:70,ENG-1377,SUP-151,EMP279,TL-091,,Tool_91,Nut Runner,Plant-B,2026-03-20,2026-06-18,Active,95.45,Atlas Copco,SN100090
M7423,MA1AB100000000423,WO10423,Sedan X,GA-2,Stn-03,2026-03-01 14:48,ENG-1105,SUP-053,EMP130,TL-073,C,Tool_73,Welding Gun,Plant-C,2026-03-17,2026-06-15,Active,96.96,Ingersoll Rand,SN100072
M7424,MA1AB100000000424,WO10424,Hatch Z,PAINT-1,STN-05,2026-03-01 14:50,ENG-1275,SUP-044,EMP265,TL-091,C,Tool_91,Nut Runner,Plant-B,2026-03-20,2026-06-18,Active,95.45,Atlas Copco,SN100090
M7425,MA1AB100000000425,WO10425,SUV Pro,PAINT-1,Stn-03,2026-03-01 14:51,ENG-1263,SUP-174,EMP148,TL-018,,Tool_18,Robot Arm,Plant-B,2026-06-15,2026-09-13,Out of Service,95.48,Stanley,SN100017
M7426,MA1AB100000000426,WO10426,Sedan X,PAINT-1,Stn-03,2026-03-01 14:52,ENG-1335,SUP-033,EMP167,TL-032,B,Tool_32,Press Tool,Plant-A,2026-03-27,2026-06-25,Maintenance,97.67,Bosch,SN100031
M7427,MA1AB100000000427,WO10427,Hatch Z,PAINT-1,Stn-03,2026-03-01 14:53,ENG-1126,SUP-195,EMP301,TL-063,B,Tool_63,Welding Gun,Plant-B,2026-03-03,2026-06-01,Active,99.78,Ingersoll Rand,SN100062
M7428,MA1AB100000000428,WO10428,Hatch Z,PAINT-1, stn-05 ,2026-03-01 14:55,ENG-1212,SUP-097,EMP331,TL-010,A,Tool_10,Welding Gun,Plant-B,2026-02-07,2026-05-08,Maintenance,98.91,Atlas Copco,SN100009
M7429,MA1AB100000000429,WO10429,SUV Pro,PAINT-1, stn-05 ,2026-03-01 14:56,ENG-1479,SUP-095,EMP332,TL-063,C,Tool_63,Welding Gun,Plant-B,2026-03-03,2026-06-01,Active,99.78,Ingersoll Rand,SN100062
M7430,MA1AB100000000430,WO10430,Hatch Z,GA-1,Stn-03,2026-03-01 14:57,ENG-1396,SUP-188,EMP147,TL-094,,Tool_94,Press Tool,Plant-C,2026-05-10,2026-08-08,Maintenance,98.64,Stanley,SN100093
M7431,MA1AB100000000431,WO10431,Hatch Z,PAINT-1,Stn-03,2026-03-01 14:58,ENG-1032,SUP-137,EMP303,TL-028,,Tool_28,Press Tool,Plant-C,2026-01-25,2026-04-25,Out of Service,97.87,Ingersoll Rand,SN100027
M7432,MA1AB100000000432,WO10432,Sedan X,TRIM-1,STN-03,2026-03-01 15:00,ENG-1165,SUP-073,EMP272,TL-071,B,Tool_71,Welding Gun,Plant-B,2026-04-11,2026-07-10,Active,98.12,Atlas Copco,SN100070
M7433,MA1AB100000000433,WO10433,Hatch Z,TRIM-1,Stn-03,2026-03-01 15:01,ENG-1175,SUP-175,EMP124,TL-006,A,Tool_6,Nut Runner,Plant-B,2026-01-25,2026-04-25,Maintenance,98.24,Ingersoll Rand,SN100005
M7434,MA1AB100000000434,WO10434,Hatch Z,TRIM-1,STN-01,2026-03-01 15:02,ENG-1063,SUP-041,EMP325,TL-059,A,Tool_59,Robot Arm,Plant-B,2026-04-15,2026-07-14,Active,95.72,Stanley,SN100058
M7435,MA1AB100000000435,WO10435,SUV Pro,GA-2, stn-05 ,2026-03-01 15:03, eng-1001 ,SUP-034,EMP254,TL-021,C,Tool_21,Press Tool,Plant-C,2026-01-09,2026-04-09,Out of Service,95.18,Atlas Copco,SN100020
M7436,MA1AB100000000436,WO10436,Sedan X,PAINT-1,STN-03,2026-03-01 15:05,ENG-1042,SUP-096,EMP184,TL-007,,Tool_7,Nut Runner,Plant-B,2026-06-11,2026-09-09,Out of Service,95.88,Stanley,SN100006
M7437,MA1AB100000000437,WO10437,Hatch Z,PAINT-1, stn-05 ,2026-03-01 15:06,ENG-1358,SUP-194,EMP219,TL-055,A,Tool_55,Nut Runner,Plant-A,2026-01-22,2026-04-22,Out of Service,95.5,Atlas Copco,SN100054
M7438,MA1AB100000000438,WO10438,Hatch Z,GA-1,STN-01,2026-03-01 15:07,ENG-1109,SUP-123,EMP139,TL-017,B,Tool_17,Torque Wrench,Plant-C,2026-01-08,2026-04-08,Maintenance,96.84,Atlas Copco,SN100016
M7439,MA1AB100000000439,WO10439,Hatch Z,TRIM-1,STN-01,2026-03-01 15:08,ENG-1004,SUP-179,EMP275,TL-016,,Tool_16,Robot Arm,Plant-B,2026-04-27,2026-07-26,Active,98.18,Atlas Copco,SN100015
M7440,MA1AB100000000440,WO10440,Hatch Z,GA-2,STN-04,2026-03-01 15:10,ENG-1036,SUP-059,EMP296,TL-012,A,Tool_12,Press Tool,Plant-B,2026-05-30,2026-08-28,Out of Service,98.02,Bosch,SN100011
M7441,MA1AB100000000441,WO10441,Sedan X,PAINT-1,STN-03,2026-03-01 15:11,ENG-1451,SUP-077,EMP170,TL-049,B,Tool_49,Press Tool,Plant-A,2026-01-18,2026-04-18,Active,97.7,Atlas Copco,SN100048
M7442,MA1AB100000000442,WO10442,Hatch Z,GA-2,STN-01,2026-03-01 15:12,ENG-1271,SUP-145,EMP104,TL-079,B,Tool_79,Press Tool,Plant-C,2026-04-14,2026-07-13,Active,96.15,Ingersoll Rand,SN100078
M7443,MA1AB100000000443,WO10443,SUV Pro,PAINT-1, stn-05 ,2026-03-01 15:13,ENG-1109,SUP-161,EMP177,TL-053,,Tool_53,Nut Runner,Plant-A,2026-02-27,2026-05-28,Out of Service,96.41,Stanley,SN100052
M7444,MA1AB100000000444,WO10444,Sedan X,GA-1,STN-01,2026-03-01 15:15,ENG-1071,,EMP163,TL-076,,Tool_76,Welding Gun,Plant-C,2026-02-22,2026-05-23,Maintenance,98.13,Ingersoll Rand,SN100075
M7445,MA1AB100000000445,WO10445,SUV Pro,TRIM-1,STN-03,2026-03-01 15:16,ENG-1405,SUP-036,EMP226,TL-036,A,Tool_36,Nut Runner,Plant-B,2026-02-08,2026-05-09,Active,95.2,Stanley,SN100035
M7446,MA1AB100000000446,WO10446,Sedan X,PAINT-1,Stn-03,2026-03-01 15:17,ENG-1481,SUP-177,EMP113,TL-085,C,Tool_85,Nut Runner,Plant-A,2026-01-29,2026-04-29,Out of Service,98.68,Stanley,SN100084
M7447,MA1AB100000000447,WO10447,Sedan X,GA-2, stn-05 ,2026-03-01 15:18,ENG-1200,SUP-076,EMP127,TL-999,B,Unknown Tool,Unknown Type,,,,,,,
M7448,MA1AB100000000448,WO10448,SUV Pro,TRIM-1,STN-01,2026-03-01 15:20,ENG-1123,SUP-128,EMP136,TL-068,A,Tool_68,Press Tool,Plant-A,2026-04-15,2026-07-14,Active,97.42,Bosch,SN100067
M7449,MA1AB100000000449,WO10449,SUV Pro,PAINT-1,STN-02,2026-03-01 15:21,ENG-1198,SUP-146,EMP315,TL-047,B,Tool_47,Robot Arm,Plant-A,2026-04-17,2026-07-16,Active,99.69,Ingersoll Rand,SN100046
M7450,MA1AB100000000450,WO10450,SUV Pro,GA-1,STN-01,2026-03-01 15:22,ENG-1300,SUP-018,EMP107,TL-034,B,Tool_34,Torque Wrench,Plant-A,2026-06-25,2026-09-23,Out of Service,99.85,Stanley,SN100033
M7451,MA1AB100000000451,WO10451,Sedan X,GA-1,Stn-03,2026-03-01 15:23,ENG-1203,SUP-130,EMP246,TL-081,,Tool_81,Nut Runner,Plant-A,2026-06-21,2026-09-19,Maintenance,97.61,Atlas Copco,SN100080
M7452,MA1AB100000000452,WO10452,SUV Pro,TRIM-1,STN-01,2026-03-01 15:25,ENG-1327,SUP-138,EMP375,TL-079,B,Tool_79,Press Tool,Plant-C,2026-04-14,2026-07-13,Active,96.15,Ingersoll Rand,SN100078
M7453,MA1AB100000000453,WO10453,SUV Pro,GA-1,STN-03,2026-03-01 15:26,ENG-1040,SUP-131,EMP204,TL-020,C,Tool_20,Robot Arm,Plant-C,2026-06-24,2026-09-22,Active,99.27,Ingersoll Rand,SN100019
M7454,MA1AB100000000454,WO10454,SUV Pro,GA-1,STN-03,2026-03-01 15:27,ENG-1357,SUP-112,EMP222,TL-008,B,Tool_8,Welding Gun,Plant-A,2026-06-05,2026-09-03,Maintenance,95.49,Ingersoll Rand,SN100007
M7455,MA1AB100000000455,WO10455,Sedan X,TRIM-1,STN-01,2026-03-01 15:28,ENG-1232,SUP-157,EMP128,TL-040,B,Tool_40,Welding Gun,Plant-A,2026-04-02,2026-07-01,Active,98.84,Atlas Copco,SN100039
M7456,MA1AB100000000456,WO10456,Sedan X,GA-1, stn-05 ,2026-03-01 15:30,ENG-1070,SUP-180,EMP105,TL-021,,Tool_21,Press Tool,Plant-C,2026-01-09,2026-04-09,Out of Service,95.18,Atlas Copco,SN100020
M7457,MA1AB100000000457,WO10457,SUV Pro,PAINT-1,STN-02,2026-03-01 15:31,ENG-1190,SUP-033,EMP237,TL-094,A,Tool_94,Press Tool,Plant-C,2026-05-10,2026-08-08,Maintenance,98.64,Stanley,SN100093
M7458,MA1AB100000000458,WO10458,Sedan X,PAINT-1,Stn-03,2026-03-01 15:32,ENG-1219,SUP-070,EMP368,TL-009,C,Tool_9,Press Tool,Plant-C,2026-05-31,2026-08-29,Active,98.89,Bosch,SN100008
M7459,MA1AB100000000459,WO10459,Hatch Z,GA-1,STN-04,2026-03-01 15:33,ENG-1233,SUP-131,EMP284,TL-008,,Tool_8,Welding Gun,Plant-A,2026-06-05,2026-09-03,Maintenance,95.49,Ingersoll Rand,SN100007
M7460,MA1AB100000000460,WO10460,Hatch Z,GA-2,STN-03,2026-03-01 15:35,ENG-1080,SUP-066,EMP152,TL-074,A,Tool_74,Robot Arm,Plant-B,2026-01-04,2026-04-04,Active,97.63,Stanley,SN100073
M7461,MA1AB100000000461,WO10461,Sedan X,GA-1,STN-01,2026-03-01 15:36,ENG-1439,SUP-004,EMP225,TL-006,,Tool_6,Nut Runner,Plant-B,2026-01-25,2026-04-25,Maintenance,98.24,Ingersoll Rand,SN100005
M7462,MA1AB100000000462,WO10462,SUV Pro,TRIM-1,STN-02,2026-03-01 15:37,ENG-1091,SUP-010,EMP383,TL-092,,Tool_92,Nut Runner,Plant-C,2026-06-25,2026-09-23,Active,97.7,Bosch,SN100091
M7463,MA1AB100000000463,WO10463,Sedan X,PAINT-1,STN-02,2026-03-01 15:38,ENG-1213,SUP-185,EMP263,TL-035,A,Tool_35,Torque Wrench,Plant-A,2026-04-06,2026-07-05,Active,95.1,Atlas Copco,SN100034
M7464,MA1AB100000000464,WO10464,Hatch Z,PAINT-1,STN-01,2026-03-01 15:40,ENG-1257,SUP-173,EMP126,TL-023,B,Tool_23,Welding Gun,Plant-A,2026-04-29,2026-07-28,Active,95.35,Bosch,SN100022
M7465,MA1AB100000000465,WO10465,Hatch Z,GA-1,STN-04,2026-03-01 15:41,ENG-1035,SUP-120,EMP244,TL-100,C,Tool_100,Welding Gun,Plant-A,2026-04-25,2026-07-24,Maintenance,97.13,Ingersoll Rand,SN100099
M7466,MA1AB100000000466,WO10466,SUV Pro,GA-1,STN-05,2026-03-01 15:42,ENG-1233,SUP-003,EMP288,TL-026,C,Tool_26,Robot Arm,Plant-A,2026-05-25,2026-08-23,Out of Service,99.11,Atlas Copco,SN100025
M7467,MA1AB100000000467,WO10467,Hatch Z,PAINT-1, stn-05 ,2026-03-01 15:43,ENG-1318,SUP-063,EMP337,TL-048,,Tool_48,Nut Runner,Plant-B,2026-04-17,2026-07-16,Active,96.56,Stanley,SN100047
M7468,MA1AB100000000468,WO10468,Sedan X,GA-2,STN-02,2026-03-01 15:45,ENG-1003,SUP-105,EMP112,TL-030,C,Tool_30,Nut Runner,Plant-A,2026-02-18,2026-05-19,Out of Service,97.07,Ingersoll Rand,SN100029
M7469,MA1AB100000000469,WO10469,Hatch Z,GA-1,STN-03,2026-03-01 15:46,ENG-1000,SUP-195,EMP292,TL-095,C,Tool_95,Nut Runner,Plant-A,2026-06-25,2026-09-23,Active,99.37,Bosch,SN100094
M7470,MA1AB100000000470,WO10470,Sedan X,GA-2,STN-05,2026-03-01 15:47,ENG-1121,SUP-108,EMP351,TL-008,B,Tool_8,Welding Gun,Plant-A,2026-06-05,2026-09-03,Maintenance,95.49,Ingersoll Rand,SN100007
M7471,MA1AB100000000471,WO10471,Hatch Z,PAINT-1,STN-01,2026-03-01 15:48,ENG-1022,SUP-060,EMP366,TL-053,C,Tool_53,Nut Runner,Plant-A,2026-02-27,2026-05-28,Out of Service,96.41,Stanley,SN100052
M7472,MA1AB100000000472,WO10472,SUV Pro,GA-1,STN-05,2026-03-01 15:50,ENG-1048,SUP-130,EMP168,TL-082,,Tool_82,Nut Runner,Plant-B,2026-03-18,2026-06-16,Active,95.75,Atlas Copco,SN100081
M7473,MA1AB100000000473,WO10473,Sedan X,GA-1,STN-04,2026-03-01 15:51,ENG-1339,SUP-034,EMP221,TL-038,C,Tool_38,Welding Gun,Plant-B,2026-04-18,2026-07-17,Active,97.87,Ingersoll Rand,SN100037
M7474,MA1AB100000000474,WO10474,SUV Pro,TRIM-1, stn-05 ,2026-03-01 15:52,ENG-1425,SUP-189,EMP267,TL-041,,Tool_41,Robot Arm,Plant-A,2026-02-27,2026-05-28,Maintenance,97.13,Atlas Copco,SN100040
M7475,MA1AB100000000475,WO10475,SUV Pro,GA-2,STN-01,2026-03-01 15:53,ENG-1483,SUP-052,EMP169,TL-100,A,Tool_100,Welding Gun,Plant-A,2026-04-25,2026-07-24,Maintenance,97.13,Ingersoll Rand,SN100099
M7476,MA1AB100000000476,WO10476,Sedan X,GA-1,STN-02,2026-03-01 15:55,ENG-1230,SUP-120,EMP260,TL-053,A,Tool_53,Nut Runner,Plant-A,2026-02-27,2026-05-28,Out of Service,96.41,Stanley,SN100052
M7477,MA1AB100000000477,WO10477,Hatch Z,PAINT-1,Stn-03,2026-03-01 15:56,ENG-1106,SUP-116,EMP257,TL-060,C,Tool_60,Welding Gun,Plant-B,2026-02-09,2026-05-10,Active,95.55,Atlas Copco,SN100059
M7478,MA1AB100000000478,WO10478,Sedan X,GA-1,STN-02,2026-03-01 15:57,ENG-1413,SUP-176,EMP255,TL-091,A,Tool_91,Nut Runner,Plant-B,2026-03-20,2026-06-18,Active,95.45,Atlas Copco,SN100090
M7479,MA1AB100000000479,WO10479,Sedan X,PAINT-1,STN-02,2026-03-01 15:58,ENG-1046,SUP-183,EMP227,TL-046,,Tool_46,Torque Wrench,Plant-C,2026-01-19,2026-04-19,Active,95.51,Ingersoll Rand,SN100045
M7480,MA1AB100000000480,WO10480,Hatch Z,GA-1, stn-05 ,2026-03-01 16:00,ENG-1153,SUP-067,EMP189,TL-004,,Tool_4,Press Tool,Plant-A,2026-01-19,2026-04-19,Active,97.49,Bosch,SN100003
M7481,MA1AB100000000481,WO10481,SUV Pro,GA-2,STN-01,2026-03-01 16:01,ENG-1236,SUP-027,EMP171,TL-016,A,Tool_16,Robot Arm,Plant-B,2026-04-27,2026-07-26,Active,98.18,Atlas Copco,SN100015
M7482,MA1AB100000000482,WO10482,Sedan X,GA-2,STN-02,2026-03-01 16:02,ENG-1101,SUP-103,EMP290,TL-088,A,Tool_88,Welding Gun,Plant-B,2026-04-25,2026-07-24,Active,95.24,Stanley,SN100087
M7483,MA1AB100000000483,WO10483,Hatch Z,PAINT-1,Stn-03,2026-03-01 16:03,ENG-1038,SUP-006,EMP133,TL-026,,Tool_26,Robot Arm,Plant-A,2026-05-25,2026-08-23,Out of Service,99.11,Atlas Copco,SN100025
M7484,MA1AB100000000484,WO10484,Sedan X,GA-1,Stn-03,2026-03-01 16:05,ENG-1424,SUP-085,EMP162,TL-006,,Tool_6,Nut Runner,Plant-B,2026-01-25,2026-04-25,Maintenance,98.24,Ingersoll Rand,SN100005
M7485,MA1AB100000000485,WO10485,Sedan X,GA-2,STN-05,2026-03-01 16:06,ENG-1221,SUP-186,EMP302,TL-064,A,Tool_64,Press Tool,Plant-A,2026-02-03,2026-05-04,Active,98.09,Atlas Copco,SN100063
M7486,MA1AB100000000486,WO10486,SUV Pro,TRIM-1,STN-02,2026-03-01 16:07,ENG-1181,SUP-055,EMP195,TL-036,C,Tool_36,Nut Runner,Plant-B,2026-02-08,2026-05-09,Active,95.2,Stanley,SN100035
M7487,MA1AB100000000487,WO10487,SUV Pro,GA-2,STN-01,2026-03-01 16:08,ENG-1314,SUP-159,EMP225,TL-083,C,Tool_83,Nut Runner,Plant-A,2026-01-22,2026-04-22,Out of Service,98.35,Bosch,SN100082
M7488,MA1AB100000000488,WO10488,SUV Pro,TRIM-1,STN-05,2026-03-01 16:10,ENG-1245,SUP-016,EMP144,TL-036,,Tool_36,Nut Runner,Plant-B,2026-02-08,2026-05-09,Active,95.2,Stanley,SN100035
M7489,MA1AB100000000489,WO10489,Sedan X,TRIM-1,STN-02,2026-03-01 16:11,ENG-1329,SUP-135,EMP227,TL-081,A,Tool_81,Nut Runner,Plant-A,2026-06-21,2026-09-19,Maintenance,97.61,Atlas Copco,SN100080
M7490,MA1AB100000000490,WO10490,SUV Pro,PAINT-1,STN-04,2026-03-01 16:12,ENG-1278,SUP-125,EMP276,TL-073,C,Tool_73,Welding Gun,Plant-C,2026-03-17,2026-06-15,Active,96.96,Ingersoll Rand,SN100072
M7491,MA1AB100000000491,WO10491,SUV Pro,PAINT-1,STN-02,2026-03-01 16:13,ENG-1013,SUP-082,EMP212,TL-004,C,Tool_4,Press Tool,Plant-A,2026-01-19,2026-04-19,Active,97.49,Bosch,SN100003
M7492,MA1AB100000000492,WO10492,Sedan X,TRIM-1,STN-05,2026-03-01 16:15,ENG-1183,SUP-197,EMP399,TL-030,B,Tool_30,Nut Runner,Plant-A,2026-02-18,2026-05-19,Out of Service,97.07,Ingersoll Rand,SN100029
M7493,MA1AB100000000493,WO10493,Sedan X,GA-2, stn-05 ,2026-03-01 16:16,ENG-1123,SUP-069,EMP373,TL-095,A,Tool_95,Nut Runner,Plant-A,2026-06-25,2026-09-23,Active,99.37,Bosch,SN100094
M7494,MA1AB100000000494,WO10494,Sedan X,TRIM-1,STN-03,2026-03-01 16:17,ENG-1478,SUP-045,EMP190,TL-031,C,Tool_31,Nut Runner,Plant-A,2026-01-31,2026-05-01,Active,97.01,Atlas Copco,SN100030
M7495,MA1AB100000000495,WO10495,Hatch Z,PAINT-1,STN-05,2026-03-01 16:18,ENG-1014,SUP-181,EMP280,TL-073,B,Tool_73,Welding Gun,Plant-C,2026-03-17,2026-06-15,Active,96.96,Ingersoll Rand,SN100072
M7496,MA1AB100000000496,WO10496,Hatch Z,GA-2,Stn-03,2026-03-01 16:20,ENG-1414,SUP-127,EMP377,TL-040,B,Tool_40,Welding Gun,Plant-A,2026-04-02,2026-07-01,Active,98.84,Atlas Copco,SN100039
M7497,MA1AB100000000497,WO10497,SUV Pro,GA-1,STN-01,2026-03-01 16:21,ENG-1028,SUP-060,EMP212,TL-003,,Tool_3,Robot Arm,Plant-C,2026-02-25,2026-05-26,Active,97.36,Atlas Copco,SN100002
M7498,MA1AB100000000498,WO10498,Sedan X,PAINT-1,STN-05,2026-03-01 16:22,ENG-1103,SUP-034,EMP274,TL-092,B,Tool_92,Nut Runner,Plant-C,2026-06-25,2026-09-23,Active,97.7,Bosch,SN100091
M7499,MA1AB100000000499,WO10499,SUV Pro,GA-1,STN-01,2026-03-01 16:23,ENG-1075,SUP-151,EMP172,TL-100,A,Tool_100,Welding Gun,Plant-A,2026-04-25,2026-07-24,Maintenance,97.13,Ingersoll Rand,SN100099
M7500,MA1AB100000000500,WO10500,Hatch Z,PAINT-1,STN-01,2026-03-01 16:25,ENG-1191,SUP-181,EMP302,TL-076,A,Tool_76,Welding Gun,Plant-C,2026-02-22,2026-05-23,Maintenance,98.13,Ingersoll Rand,SN100075
M7501,MA1AB100000000501,WO10501,SUV Pro,PAINT-1,STN-03,2026-03-01 16:26,ENG-1069,SUP-041,EMP323,TL-082,,Tool_82,Nut Runner,Plant-B,2026-03-18,2026-06-16,Active,95.75,Atlas Copco,SN100081
M7502,MA1AB100000000502,WO10502,Hatch Z,PAINT-1,STN-02,2026-03-01 16:27,ENG-1362,SUP-144,EMP282,TL-029,B,Tool_29,Press Tool,Plant-C,2026-04-30,2026-07-29,Maintenance,98.95,Stanley,SN100028
M7503,MA1AB100000000503,WO10503,SUV Pro,PAINT-1, stn-05 ,2026-03-01 16:28,ENG-1352,SUP-076,EMP165,TL-023,A,Tool_23,Welding Gun,Plant-A,2026-04-29,2026-07-28,Active,95.35,Bosch,SN100022
M7504,MA1AB100000000504,WO10504,Hatch Z,TRIM-1,Stn-03,2026-03-01 16:30,ENG-1394,SUP-146,EMP116,TL-024,C,Tool_24,Robot Arm,Plant-A,2026-02-23,2026-05-24,Active,96.19,Ingersoll Rand,SN100023
M7505,MA1AB100000000505,WO10505,Hatch Z,GA-2, stn-05 ,2026-03-01 16:31,ENG-1289,SUP-027,EMP354,TL-019,C,Tool_19,Torque Wrench,Plant-B,2026-05-30,2026-08-28,Active,96.08,Atlas Copco,SN100018
M7506,MA1AB100000000506,WO10506,Hatch Z,GA-1,STN-02,2026-03-01 16:32,ENG-1177,SUP-082,EMP185,TL-082,A,Tool_82,Nut Runner,Plant-B,2026-03-18,2026-06-16,Active,95.75,Atlas Copco,SN100081
M7507,MA1AB100000000507,WO10507,Hatch Z,PAINT-1,STN-04,2026-03-01 16:33,ENG-1005,SUP-068,EMP207,TL-032,A,Tool_32,Press Tool,Plant-A,2026-03-27,2026-06-25,Maintenance,97.67,Bosch,SN100031
M7508,MA1AB100000000508,WO10508,SUV Pro,PAINT-1,Stn-03,2026-03-01 16:35,ENG-1055,SUP-185,EMP100,TL-007,,Tool_7,Nut Runner,Plant-B,2026-06-11,2026-09-09,Out of Service,95.88,Stanley,SN100006
M7509,MA1AB100000000509,WO10509,SUV Pro,TRIM-1,STN-02,2026-03-01 16:36,ENG-1452,SUP-106,EMP352,TL-049,C,Tool_49,Press Tool,Plant-A,2026-01-18,2026-04-18,Active,97.7,Atlas Copco,SN100048
M7510,MA1AB100000000510,WO10510,Hatch Z,TRIM-1,STN-01,2026-03-01 16:37,ENG-1424,SUP-123,EMP395,TL-084,B,Tool_84,Torque Wrench,Plant-C,2026-02-03,2026-05-04,Out of Service,97.78,Ingersoll Rand,SN100083
M7511,MA1AB100000000511,WO10511,Sedan X,TRIM-1,STN-01,2026-03-01 16:38,ENG-1409,SUP-009,EMP250,TL-003,C,Tool_3,Robot Arm,Plant-C,2026-02-25,2026-05-26,Active,97.36,Atlas Copco,SN100002
M7512,MA1AB100000000512,WO10512,SUV Pro,GA-1,STN-01,2026-03-01 16:40,ENG-1175,SUP-044,EMP292,TL-021,A,Tool_21,Press Tool,Plant-C,2026-01-09,2026-04-09,Out of Service,95.18,Atlas Copco,SN100020
M7513,MA1AB100000000513,WO10513,Hatch Z,GA-1,STN-03,2026-03-01 16:41,ENG-1304,SUP-158,EMP347,TL-091,A,Tool_91,Nut Runner,Plant-B,2026-03-20,2026-06-18,Active,95.45,Atlas Copco,SN100090
M7514,MA1AB100000000514,WO10514,SUV Pro,GA-2,STN-05,2026-03-01 16:42,ENG-1455,SUP-112,EMP180,TL-007,A,Tool_7,Nut Runner,Plant-B,2026-06-11,2026-09-09,Out of Service,95.88,Stanley,SN100006
M7515,MA1AB100000000515,WO10515,SUV Pro,GA-2,STN-02,2026-03-01 16:43,ENG-1209,SUP-179,EMP383,TL-093,C,Tool_93,Nut Runner,Plant-A,2026-03-03,2026-06-01,Out of Service,98.43,Ingersoll Rand,SN100092
M7516,MA1AB100000000516,WO10516,Hatch Z,PAINT-1,STN-03,2026-03-01 16:45,ENG-1121,SUP-025,EMP125,TL-051,,Tool_51,Nut Runner,Plant-C,2026-04-06,2026-07-05,Active,97.28,Bosch,SN100050
M7517,MA1AB100000000517,WO10517,Sedan X,GA-1,STN-03,2026-03-01 16:46,ENG-1001,SUP-110,EMP144,TL-038,,Tool_38,Welding Gun,Plant-B,2026-04-18,2026-07-17,Active,97.87,Ingersoll Rand,SN100037
M7518,MA1AB100000000518,WO10518,Sedan X,GA-1,STN-01,2026-03-01 16:47,ENG-1105,SUP-044,EMP249,TL-011,,Tool_11,Welding Gun,Plant-B,2026-01-03,2026-04-03,Out of Service,99.43,Atlas Copco,SN100010
M7519,MA1AB100000000519,WO10519,Sedan X,PAINT-1,Stn-03,2026/03/01 16:48,ENG-1203,SUP-121,EMP350,TL-085,C,Tool_85,Nut Runner,Plant-A,2026-01-29,2026-04-29,Out of Service,98.68,Stanley,SN100084
M7520,MA1AB100000000520,WO10520,Sedan X,TRIM-1,STN-02,2026-03-01 16:50,ENG-1189,SUP-098,EMP289,TL-024,,Tool_24,Robot Arm,Plant-A,2026-02-23,2026-05-24,Active,96.19,Ingersoll Rand,SN100023
M7521,MA1AB100000000521,WO10521,Sedan X,PAINT-1,STN-04,2026-03-01 16:51,ENG-1238,SUP-068,EMP215,TL-035,A,Tool_35,Torque Wrench,Plant-A,2026-04-06,2026-07-05,Active,95.1,Atlas Copco,SN100034
M7522,MA1AB100000000522,WO10522,Sedan X,GA-1,STN-01,2026-03-01 16:52,ENG-1342,SUP-089,EMP377,TL-053,B,Tool_53,Nut Runner,Plant-A,2026-02-27,2026-05-28,Out of Service,96.41,Stanley,SN100052
M7523,MA1AB100000000523,WO10523,Hatch Z,GA-1,Stn-03,2026-03-01 16:53,ENG-1198,SUP-134,EMP314,TL-069,,Tool_69,Torque Wrench,Plant-B,2026-01-29,2026-04-29,Active,98.16,Bosch,SN100068
M7524,MA1AB100000000524,WO10524,Hatch Z,GA-2,STN-04,2026-03-01 16:55,ENG-1153,SUP-021,EMP302,TL-092,A,Tool_92,Nut Runner,Plant-C,2026-06-25,2026-09-23,Active,97.7,Bosch,SN100091
M7525,MA1AB100000000525,WO10525,Hatch Z,GA-2,STN-01,2026-03-01 16:56,ENG-1486,SUP-194,EMP329,TL-023,B,Tool_23,Welding Gun,Plant-A,2026-04-29,2026-07-28,Active,95.35,Bosch,SN100022
M7526,MA1AB100000000526,WO10526,Sedan X,GA-2,STN-02,2026-03-01 16:57,ENG-1021,SUP-109,EMP140,TL-088,,Tool_88,Welding Gun,Plant-B,2026-04-25,2026-07-24,Active,95.24,Stanley,SN100087
M7527,MA1AB100000000527,WO10527,Sedan X,GA-2,Stn-03,2026-03-01 16:58,ENG-1304,SUP-067,EMP263,TL-094,A,Tool_94,Press Tool,Plant-C,2026-05-10,2026-08-08,Maintenance,98.64,Stanley,SN100093
M7528,MA1AB100000000528,WO10528,Sedan X,TRIM-1,STN-05,2026-03-01 17:00,ENG-1203,SUP-142,EMP266,TL-036,,Tool_36,Nut Runner,Plant-B,2026-02-08,2026-05-09,Active,95.2,Stanley,SN100035
M7529,MA1AB100000000529,WO10529,Sedan X,TRIM-1,STN-01,2026-03-01 17:01,ENG-1212,SUP-039,EMP175,TL-073,A,Tool_73,Welding Gun,Plant-C,2026-03-17,2026-06-15,Active,96.96,Ingersoll Rand,SN100072
M7530,MA1AB100000000530,WO10530,Sedan X,GA-1,Stn-03,2026-03-01 17:02,ENG-1146,SUP-138,EMP276,TL-053,C,Tool_53,Nut Runner,Plant-A,2026-02-27,2026-05-28,Out of Service,96.41,Stanley,SN100052
M7531,MA1AB100000000531,WO10531,SUV Pro,TRIM-1,STN-05,2026-03-01 17:03,ENG-1311,SUP-122,EMP119,TL-023,C,Tool_23,Welding Gun,Plant-A,2026-04-29,2026-07-28,Active,95.35,Bosch,SN100022
M7532,MA1AB100000000532,WO10532,SUV Pro,GA-2,STN-05,2026-03-01 17:05,ENG-1311,SUP-175,EMP305,TL-005,,Tool_5,Torque Wrench,Plant-C,2026-02-02,2026-05-03,Maintenance,99.68,Ingersoll Rand,SN100004
M7533,MA1AB100000000533,WO10533,SUV Pro,GA-2,STN-01,2026-03-01 17:06,ENG-1381,SUP-122,EMP237,TL-048,A,Tool_48,Nut Runner,Plant-B,2026-04-17,2026-07-16,Active,96.56,Stanley,SN100047
M7534,MA1AB100000000534,WO10534,SUV Pro,PAINT-1,STN-03,2026-03-01 17:07,ENG-1143,SUP-126,EMP150,TL-030,B,Tool_30,Nut Runner,Plant-A,2026-02-18,2026-05-19,Out of Service,97.07,Ingersoll Rand,SN100029
M7535,MA1AB100000000535,WO10535,SUV Pro,TRIM-1,Stn-03,2026-03-01 17:08,ENG-1422,SUP-083,EMP237,TL-094,,Tool_94,Press Tool,Plant-C,2026-05-10,2026-08-08,Maintenance,98.64,Stanley,SN100093
M7536,MA1AB100000000536,WO10536,Hatch Z,GA-1,STN-02,2026-03-01 17:10,ENG-1226,SUP-055,EMP308,TL-095,,Tool_95,Nut Runner,Plant-A,2026-06-25,2026-09-23,Active,99.37,Bosch,SN100094
M7537,MA1AB100000000537,WO10537,Hatch Z,PAINT-1,Stn-03,2026-03-01 17:11,ENG-1028,SUP-132,EMP181,TL-009,C,Tool_9,Press Tool,Plant-C,2026-05-31,2026-08-29,Active,98.89,Bosch,SN100008
M7538,MA1AB100000000538,WO10538,Hatch Z,TRIM-1,STN-02,2026-03-01 17:12,ENG-1399,SUP-135,EMP391,TL-004,B,Tool_4,Press Tool,Plant-A,2026-01-19,2026-04-19,Active,97.49,Bosch,SN100003
M7539,MA1AB100000000539,WO10539,Sedan X,GA-2,Stn-03,2026-03-01 17:13,ENG-1029,SUP-064,EMP116,TL-059,A,Tool_59,Robot Arm,Plant-B,2026-04-15,2026-07-14,Active,95.72,Stanley,SN100058
M7540,MA1AB100000000540,WO10540,SUV Pro,GA-2,STN-03,2026-03-01 17:15,ENG-1188,SUP-119,EMP358,TL-051,A,Tool_51,Nut Runner,Plant-C,2026-04-06,2026-07-05,Active,97.28,Bosch,SN100050
M7541,MA1AB100000000541,WO10541,Hatch Z,GA-1,STN-02,2026-03-01 17:16,ENG-1190,SUP-126,EMP328,TL-023,,Tool_23,Welding Gun,Plant-A,2026-04-29,2026-07-28,Active,95.35,Bosch,SN100022
M7542,MA1AB100000000542,WO10542,Hatch Z,PAINT-1,STN-03,2026-03-01 17:17,ENG-1083,SUP-067,EMP146,TL-037,A,Tool_37,Torque Wrench,Plant-A,2026-02-12,2026-05-13,Maintenance,95.39,Bosch,SN100036
M7543,MA1AB100000000543,WO10543,SUV Pro,GA-1,STN-02,2026-03-01 17:18,ENG-1437,SUP-147,EMP209,TL-029,B,Tool_29,Press Tool,Plant-C,2026-04-30,2026-07-29,Maintenance,98.95,Stanley,SN100028
M7544,MA1AB100000000544,WO10544,Hatch Z,GA-2,STN-03,2026-03-01 17:20,ENG-1333,SUP-105,EMP362,TL-003,A,Tool_3,Robot Arm,Plant-C,2026-02-25,2026-05-26,Active,97.36,Atlas Copco,SN100002
M7545,MA1AB100000000545,WO10545,SUV Pro,GA-2, stn-05 ,2026-03-01 17:21,ENG-1088,SUP-154,EMP104,TL-029,C,Tool_29,Press Tool,Plant-C,2026-04-30,2026-07-29,Maintenance,98.95,Stanley,SN100028
M7546,MA1AB100000000546,WO10546,Hatch Z,PAINT-1, stn-05 ,2026-03-01 17:22,ENG-1495,SUP-182,EMP240,TL-055,,Tool_55,Nut Runner,Plant-A,2026-01-22,2026-04-22,Out of Service,95.5,Atlas Copco,SN100054
M7547,MA1AB100000000547,WO10547,SUV Pro,TRIM-1,STN-03,2026-03-01 17:23,ENG-1111,SUP-120,EMP254,TL-087,,Tool_87,Robot Arm,Plant-B,2026-02-09,2026-05-10,Maintenance,99.98,Stanley,SN100086
M7548,MA1AB100000000548,WO10548,Hatch Z,GA-1,STN-01,2026-03-01 17:25,ENG-1261,SUP-170,EMP291,TL-072,C,Tool_72,Robot Arm,Plant-C,2026-05-05,2026-08-03,Maintenance,99.87,Atlas Copco,SN100071
M7549,MA1AB100000000549,WO10549,SUV Pro,GA-1,STN-04,2026-03-01 17:26,ENG-1032,SUP-087,EMP241,TL-082,C,Tool_82,Nut Runner,Plant-B,2026-03-18,2026-06-16,Active,95.75,Atlas Copco,SN100081
M7550,MA1AB100000000550,WO10550,SUV Pro,PAINT-1, stn-05 ,2026-03-01 17:27,ENG-1364,SUP-167,EMP252,TL-025,B,Tool_25,Nut Runner,Plant-C,2026-02-19,2026-05-20,Out of Service,98.88,Atlas Copco,SN100024
M7551,MA1AB100000000551,WO10551,Hatch Z,GA-2,STN-01,2026-03-01 17:28,ENG-1412,SUP-154,EMP306,TL-085,C,Tool_85,Nut Runner,Plant-A,2026-01-29,2026-04-29,Out of Service,98.68,Stanley,SN100084
M7552,MA1AB100000000552,WO10552,Hatch Z,GA-2, stn-05 ,2026-03-01 17:30,ENG-1013,SUP-168,EMP354,TL-038,C,Tool_38,Welding Gun,Plant-B,2026-04-18,2026-07-17,Active,97.87,Ingersoll Rand,SN100037
M7553,MA1AB100000000553,WO10553,SUV Pro,TRIM-1,STN-04,2026-03-01 17:31,ENG-1377,SUP-010,EMP398,TL-091,B,Tool_91,Nut Runner,Plant-B,2026-03-20,2026-06-18,Active,95.45,Atlas Copco,SN100090
M7554,MA1AB100000000554,WO10554,SUV Pro,GA-2, stn-05 ,2026-03-01 17:32,ENG-1273,SUP-164,EMP343,TL-086,C,Tool_86,Press Tool,Plant-B,2026-03-20,2026-06-18,Active,96.21,Bosch,SN100085
M7555,MA1AB100000000555,WO10555,Hatch Z,PAINT-1,Stn-03,2026-03-01 17:33,ENG-1087,SUP-169,EMP385,TL-024,C,Tool_24,Robot Arm,Plant-A,2026-02-23,2026-05-24,Active,96.19,Ingersoll Rand,SN100023
M7556,MA1AB100000000556,WO10556,Sedan X,TRIM-1,STN-02,2026-03-01 17:35,ENG-1379,SUP-067,EMP386,TL-098,B,Tool_98,Press Tool,Plant-A,2026-06-01,2026-08-30,Active,98.11,Stanley,SN100097
M7557,MA1AB100000000557,WO10557,Hatch Z,PAINT-1, stn-05 ,2026-03-01 17:36,ENG-1045,SUP-057,EMP281,TL-029,C,Tool_29,Press Tool,Plant-C,2026-04-30,2026-07-29,Maintenance,98.95,Stanley,SN100028
M7558,MA1AB100000000558,WO10558,SUV Pro,PAINT-1,STN-03,2026-03-01 17:37,ENG-1133,SUP-150,EMP250,TL-060,A,Tool_60,Welding Gun,Plant-B,2026-02-09,2026-05-10,Active,95.55,Atlas Copco,SN100059
M7559,MA1AB100000000559,WO10559,SUV Pro,GA-1,Stn-03,2026-03-01 17:38,ENG-1324,SUP-150,EMP397,TL-080,A,Tool_80,Robot Arm,Plant-B,2026-03-23,2026-06-21,Maintenance,97.79,Atlas Copco,SN100079
M7560,MA1AB100000000560,WO10560,SUV Pro,GA-2,STN-05,2026-03-01 17:40,ENG-1061,SUP-175,EMP295,TL-068,C,Tool_68,Press Tool,Plant-A,2026-04-15,2026-07-14,Active,97.42,Bosch,SN100067
M7561,MA1AB100000000561,WO10561,SUV Pro,GA-1,Stn-03,2026-03-01 17:41,ENG-1437,SUP-039,EMP170,TL-026,C,Tool_26,Robot Arm,Plant-A,2026-05-25,2026-08-23,Out of Service,99.11,Atlas Copco,SN100025
M7562,MA1AB100000000562,WO10562,SUV Pro,TRIM-1,STN-02,2026-03-01 17:42,ENG-1161,SUP-184,EMP192,TL-100,A,Tool_100,Welding Gun,Plant-A,2026-04-25,2026-07-24,Maintenance,97.13,Ingersoll Rand,SN100099
M7563,MA1AB100000000563,WO10563,SUV Pro,PAINT-1, stn-05 ,2026-03-01 17:43,ENG-1090,SUP-081,EMP129,TL-001,,Tool_1,Welding Gun,Plant-A,2026-05-21,2026-08-19,Maintenance,98.97,Bosch,SN100000
M7564,MA1AB100000000564,WO10564,SUV Pro,GA-2,Stn-03,2026-03-01 17:45,ENG-1396,SUP-044,EMP395,TL-098,B,Tool_98,Press Tool,Plant-A,2026-06-01,2026-08-30,Active,98.11,Stanley,SN100097
M7565,MA1AB100000000565,WO10565,SUV Pro,GA-1,STN-02,2026-03-01 17:46,ENG-1314,SUP-112,EMP319,TL-052,,Tool_52,Torque Wrench,Plant-A,2026-04-12,2026-07-11,Out of Service,99.68,Ingersoll Rand,SN100051
M7566,MA1AB100000000566,WO10566,SUV Pro,TRIM-1,STN-01,2026-03-01 17:47,ENG-1019,SUP-137,EMP202,TL-094,C,Tool_94,Press Tool,Plant-C,2026-05-10,2026-08-08,Maintenance,98.64,Stanley,SN100093
M7567,MA1AB100000000567,WO10567,Sedan X,PAINT-1,Stn-03,2026-03-01 17:48,ENG-1426,SUP-136,EMP197,TL-003,A,Tool_3,Robot Arm,Plant-C,2026-02-25,2026-05-26,Active,97.36,Atlas Copco,SN100002
M7568,MA1AB100000000568,WO10568,Hatch Z,GA-2,STN-02,2026-03-01 17:50,ENG-1355,SUP-089,EMP259,TL-017,A,Tool_17,Torque Wrench,Plant-C,2026-01-08,2026-04-08,Maintenance,96.84,Atlas Copco,SN100016
M7569,MA1AB100000000569,WO10569,SUV Pro,PAINT-1,STN-02,2026-03-01 17:51,ENG-1033,SUP-012,EMP252,TL-038,,Tool_38,Welding Gun,Plant-B,2026-04-18,2026-07-17,Active,97.87,Ingersoll Rand,SN100037
M7570,MA1AB100000000570,WO10570,Hatch Z,PAINT-1,STN-04,2026-03-01 17:52,ENG-1454,SUP-176,EMP168,TL-044,,Tool_44,Press Tool,Plant-C,2026-01-16,2026-04-16,Maintenance,99.03,Bosch,SN100043
M7571,MA1AB100000000571,WO10571,SUV Pro,GA-2,STN-02,2026-03-01 17:53,ENG-1485,SUP-104,EMP109,TL-030,B,Tool_30,Nut Runner,Plant-A,2026-02-18,2026-05-19,Out of Service,97.07,Ingersoll Rand,SN100029
M7572,MA1AB100000000572,WO10572,Hatch Z,GA-2,STN-02,2026-03-01 17:55,ENG-1375,SUP-006,EMP358,TL-022,A,Tool_22,Press Tool,Plant-C,2026-03-22,2026-06-20,Out of Service,95.43,Bosch,SN100021
M7573,MA1AB100000000573,WO10573,SUV Pro,GA-1,STN-04,2026-03-01 17:56,ENG-1448,SUP-164,EMP230,TL-099,A,Tool_99,Welding Gun,Plant-B,2026-05-20,2026-08-18,Active,97.05,Atlas Copco,SN100098
M7574,MA1AB100000000574,WO10574,Hatch Z,GA-1, stn-05 ,2026-03-01 17:57,ENG-1055,SUP-168,EMP110,TL-007,A,Tool_7,Nut Runner,Plant-B,2026-06-11,2026-09-09,Out of Service,95.88,Stanley,SN100006
M7575,MA1AB100000000575,WO10575,SUV Pro,TRIM-1,STN-04,2026-03-01 17:58,ENG-1063,SUP-141,EMP229,TL-061,B,Tool_61,Nut Runner,Plant-C,2026-06-29,2026-09-27,Active,99.71,Ingersoll Rand,SN100060
M7576,MA1AB100000000576,WO10576,Sedan X,GA-1,STN-03,2026-03-01 18:00,ENG-1215,SUP-170,EMP151,TL-085,C,Tool_85,Nut Runner,Plant-A,2026-01-29,2026-04-29,Out of Service,98.68,Stanley,SN100084
M7577,MA1AB100000000577,WO10577,Hatch Z,GA-2,STN-04,2026-03-01 18:01,ENG-1425,SUP-027,EMP361,TL-093,A,Tool_93,Nut Runner,Plant-A,2026-03-03,2026-06-01,Out of Service,98.43,Ingersoll Rand,SN100092
M7578,MA1AB100000000578,WO10578,SUV Pro,GA-1,Stn-03,2026-03-01 18:02,ENG-1054,SUP-128,EMP201,TL-078,B,Tool_78,Press Tool,Plant-A,2026-03-26,2026-06-24,Maintenance,99.88,Bosch,SN100077
M7579,MA1AB100000000579,WO10579,SUV Pro,GA-2,STN-03,2026-03-01 18:03,ENG-1360,SUP-105,EMP251,TL-021,A,Tool_21,Press Tool,Plant-C,2026-01-09,2026-04-09,Out of Service,95.18,Atlas Copco,SN100020
M7580,MA1AB100000000580,WO10580,Hatch Z,TRIM-1,STN-02,2026-03-01 18:05, eng-1001 ,SUP-177,EMP346,TL-043,B,Tool_43,Torque Wrench,Plant-B,2026-04-28,2026-07-27,Active,96.51,Ingersoll Rand,SN100042
M7581,MA1AB100000000581,WO10581,Sedan X,GA-1, stn-05 ,2026-03-01 18:06,ENG-1045,SUP-029,EMP393,TL-086,,Tool_86,Press Tool,Plant-B,2026-03-20,2026-06-18,Active,96.21,Bosch,SN100085
M7582,MA1AB100000000582,WO10582,Sedan X,GA-1,Stn-03,2026-03-01 18:07,ENG-1261,SUP-020,EMP151,TL-033,B,Tool_33,Welding Gun,Plant-C,2026-02-25,2026-05-26,Active,97.63,Bosch,SN100032
M7583,MA1AB100000000583,WO10583,SUV Pro,PAINT-1,STN-03,2026-03-01 18:08,ENG-1237,SUP-013,EMP151,TL-023,A,Tool_23,Welding Gun,Plant-A,2026-04-29,2026-07-28,Active,95.35,Bosch,SN100022
M7584,MA1AB100000000584,WO10584,SUV Pro,PAINT-1,Stn-03,2026-03-01 18:10,ENG-1346,SUP-081,EMP318,TL-095,A,Tool_95,Nut Runner,Plant-A,2026-06-25,2026-09-23,Active,99.37,Bosch,SN100094
M7585,MA1AB100000000585,WO10585,Sedan X,GA-1,STN-01,2026-03-01 18:11,ENG-1436,SUP-036,EMP187,TL-043,C,Tool_43,Torque Wrench,Plant-B,2026-04-28,2026-07-27,Active,96.51,Ingersoll Rand,SN100042
M7586,MA1AB100000000586,WO10586,SUV Pro,PAINT-1, stn-05 ,2026-03-01 18:12,ENG-1047,SUP-096,EMP275,TL-024,A,Tool_24,Robot Arm,Plant-A,2026-02-23,2026-05-24,Active,96.19,Ingersoll Rand,SN100023
M7587,MA1AB100000000587,WO10587,SUV Pro,TRIM-1,STN-04,2026-03-01 18:13,ENG-1139,SUP-099,EMP344,TL-054,B,Tool_54,Press Tool,Plant-C,2026-01-18,2026-04-18,Active,99.35,Ingersoll Rand,SN100053
M7588,MA1AB100000000588,WO10588,Sedan X,GA-2, stn-05 ,2026-03-01 18:15,ENG-1371,SUP-016,EMP181,TL-014,,Tool_14,Nut Runner,Plant-A,2026-02-27,2026-05-28,Maintenance,99.68,Stanley,SN100013
M7589,MA1AB100000000589,WO10589,Hatch Z,TRIM-1,Stn-03,2026-03-01 18:16,ENG-1291,SUP-174,EMP324,TL-024,,Tool_24,Robot Arm,Plant-A,2026-02-23,2026-05-24,Active,96.19,Ingersoll Rand,SN100023
M7590,MA1AB100000000590,WO10590,SUV Pro,GA-1,Stn-03,2026-03-01 18:17,ENG-1350,SUP-187,EMP166,TL-062,,Tool_62,Robot Arm,Plant-A,2026-04-28,2026-07-27,Out of Service,95.44,Bosch,SN100061
M7591,MA1AB100000000591,WO10591,Sedan X,TRIM-1,STN-04,2026-03-01 18:18,ENG-1023,SUP-017,EMP233,TL-084,C,Tool_84,Torque Wrench,Plant-C,2026-02-03,2026-05-04,Out of Service,97.78,Ingersoll Rand,SN100083
M7592,MA1AB100000000592,WO10592,Sedan X,GA-2, stn-05 ,2026-03-01 18:20,ENG-1447,SUP-087,EMP365,TL-067,A,Tool_67,Torque Wrench,Plant-A,2026-02-10,2026-05-11,Active,95.24,Bosch,SN100066
M7593,MA1AB100000000593,WO10593,SUV Pro,GA-2,STN-04,2026-03-01 18:21,ENG-1177,SUP-170,EMP297,TL-020,A,Tool_20,Robot Arm,Plant-C,2026-06-24,2026-09-22,Active,99.27,Ingersoll Rand,SN100019
M7594,MA1AB100000000594,WO10594,Sedan X,GA-2,STN-05,2026-03-01 18:22,ENG-1434,SUP-121,EMP353,TL-022,A,Tool_22,Press Tool,Plant-C,2026-03-22,2026-06-20,Out of Service,95.43,Bosch,SN100021
M7595,MA1AB100000000595,WO10595,SUV Pro,PAINT-1,STN-02,2026-03-01 18:23,ENG-1169,SUP-072,EMP125,TL-065,B,Tool_65,Torque Wrench,Plant-C,2026-01-31,2026-05-01,Maintenance,97.24,Bosch,SN100064
M7596,MA1AB100000000596,WO10596,Hatch Z,TRIM-1,STN-04,2026-03-01 18:25,ENG-1418,SUP-061,EMP140,TL-059,,Tool_59,Robot Arm,Plant-B,2026-04-15,2026-07-14,Active,95.72,Stanley,SN100058
M7597,MA1AB100000000597,WO10597,Hatch Z,TRIM-1,STN-01,2026-03-01 18:26,ENG-1438,SUP-128,EMP328,TL-041,A,Tool_41,Robot Arm,Plant-A,2026-02-27,2026-05-28,Maintenance,97.13,Atlas Copco,SN100040
M7598,MA1AB100000000598,WO10598,SUV Pro,GA-1,STN-01,2026-03-01 18:27,ENG-1206,SUP-106,EMP118,TL-072,A,Tool_72,Robot Arm,Plant-C,2026-05-05,2026-08-03,Maintenance,99.87,Atlas Copco,SN100071
M7599,MA1AB100000000599,WO10599,Sedan X,PAINT-1,STN-05,2026-03-01 18:28,ENG-1287,SUP-053,EMP333,TL-044,C,Tool_44,Press Tool,Plant-C,2026-01-16,2026-04-16,Maintenance,99.03,Bosch,SN100043
M7600,MA1AB100000000600,WO10600,Sedan X,GA-2,Stn-03,2026-03-01 18:30,ENG-1232,SUP-085,EMP386,TL-099,,Tool_99,Welding Gun,Plant-B,2026-05-20,2026-08-18,Active,97.05,Atlas Copco,SN100098
M7601,MA1AB100000000601,WO10601,Hatch Z,PAINT-1, stn-05 ,2026-03-01 18:31,ENG-1231,SUP-030,EMP149,TL-098,B,Tool_98,Press Tool,Plant-A,2026-06-01,2026-08-30,Active,98.11,Stanley,SN100097
M7602,MA1AB100000000602,WO10602,Sedan X,PAINT-1,STN-03,2026-03-01 18:32,ENG-1424,SUP-163,EMP249,TL-071,C,Tool_71,Welding Gun,Plant-B,2026-04-11,2026-07-10,Active,98.12,Atlas Copco,SN100070
M7603,MA1AB100000000603,WO10603,Hatch Z,GA-1,STN-01,2026-03-01 18:33,ENG-1459,SUP-043,EMP352,TL-018,,Tool_18,Robot Arm,Plant-B,2026-06-15,2026-09-13,Out of Service,95.48,Stanley,SN100017
M7604,MA1AB100000000604,WO10604,Sedan X,PAINT-1,STN-05,2026-03-01 18:35,ENG-1100,SUP-049,EMP161,TL-051,B,Tool_51,Nut Runner,Plant-C,2026-04-06,2026-07-05,Active,97.28,Bosch,SN100050
M7605,MA1AB100000000605,WO10605,SUV Pro,GA-2, stn-05 ,2026-03-01 18:36,ENG-1173,SUP-028,EMP312,TL-006,A,Tool_6,Nut Runner,Plant-B,2026-01-25,2026-04-25,Maintenance,98.24,Ingersoll Rand,SN100005
M7606,MA1AB100000000606,WO10606,SUV Pro,TRIM-1, stn-05 ,2026-03-01 18:37,ENG-1301,SUP-130,EMP168,TL-064,A,Tool_64,Press Tool,Plant-A,2026-02-03,2026-05-04,Active,98.09,Atlas Copco,SN100063
M7607,MA1AB100000000607,WO10607,Hatch Z,GA-1,STN-05,2026-03-01 18:38,ENG-1478,SUP-111,EMP399,TL-062,B,Tool_62,Robot Arm,Plant-A,2026-04-28,2026-07-27,Out of Service,95.44,Bosch,SN100061
M7608,MA1AB100000000608,WO10608,Hatch Z,GA-2, stn-05 ,2026-03-01 18:40,ENG-1417,SUP-033,EMP153,TL-050,C,Tool_50,Welding Gun,Plant-C,2026-04-30,2026-07-29,Maintenance,98.51,Ingersoll Rand,SN100049
M7609,MA1AB100000000609,WO10609,Hatch Z,TRIM-1,STN-04,2026-03-01 18:41,ENG-1311,SUP-178,EMP227,TL-036,,Tool_36,Nut Runner,Plant-B,2026-02-08,2026-05-09,Active,95.2,Stanley,SN100035
M7610,MA1AB100000000610,WO10610,SUV Pro,PAINT-1,STN-04,2026-03-01 18:42,ENG-1412,SUP-035,EMP170,TL-053,C,Tool_53,Nut Runner,Plant-A,2026-02-27,2026-05-28,Out of Service,96.41,Stanley,SN100052
M7611,MA1AB100000000611,WO10611,Hatch Z,PAINT-1, stn-05 ,2026-03-01 18:43,ENG-1377,SUP-142,EMP211,TL-026,B,Tool_26,Robot Arm,Plant-A,2026-05-25,2026-08-23,Out of Service,99.11,Atlas Copco,SN100025
M7612,MA1AB100000000612,WO10612,Hatch Z,PAINT-1, stn-05 ,2026-03-01 18:45,ENG-1176,SUP-173,EMP167,TL-091,B,Tool_91,Nut Runner,Plant-B,2026-03-20,2026-06-18,Active,95.45,Atlas Copco,SN100090
M7613,MA1AB100000000613,WO10613,Hatch Z,PAINT-1, stn-05 ,2026-03-01 18:46,ENG-1059,SUP-195,EMP280,TL-072,,Tool_72,Robot Arm,Plant-C,2026-05-05,2026-08-03,Maintenance,99.87,Atlas Copco,SN100071
M7614,MA1AB100000000614,WO10614,Hatch Z,TRIM-1, stn-05 ,2026-03-01 18:47,ENG-1382,SUP-137,EMP246,TL-055,A,Tool_55,Nut Runner,Plant-A,2026-01-22,2026-04-22,Out of Service,95.5,Atlas Copco,SN100054
M7615,MA1AB100000000615,WO10615,Hatch Z,GA-1,STN-01,2026-03-01 18:48,ENG-1195,SUP-038,EMP127,TL-086,A,Tool_86,Press Tool,Plant-B,2026-03-20,2026-06-18,Active,96.21,Bosch,SN100085
M7616,MA1AB100000000616,WO10616,Sedan X,PAINT-1,Stn-03,2026-03-01 18:50,ENG-1402,SUP-042,EMP246,TL-088,C,Tool_88,Welding Gun,Plant-B,2026-04-25,2026-07-24,Active,95.24,Stanley,SN100087
M7617,MA1AB100000000617,WO10617,Sedan X,GA-1, stn-05 ,2026-03-01 18:51,ENG-1401,SUP-076,EMP204,TL-097,A,Tool_97,Nut Runner,Plant-A,2026-04-22,2026-07-21,Active,99.35,Ingersoll Rand,SN100096
M7618,MA1AB100000000618,WO10618,SUV Pro,TRIM-1,STN-01,2026-03-01 18:52,ENG-1315,SUP-173,EMP387,TL-029,,Tool_29,Press Tool,Plant-C,2026-04-30,2026-07-29,Maintenance,98.95,Stanley,SN100028
M7619,MA1AB100000000619,WO10619,Sedan X,PAINT-1, stn-05 ,2026-03-01 18:53,ENG-1340,SUP-013,EMP295,TL-050,,Tool_50,Welding Gun,Plant-C,2026-04-30,2026-07-29,Maintenance,98.51,Ingersoll Rand,SN100049
M7620,MA1AB100000000620,WO10620,Hatch Z,PAINT-1,STN-05,2026-03-01 18:55,ENG-1027,SUP-004,EMP228,TL-026,,Tool_26,Robot Arm,Plant-A,2026-05-25,2026-08-23,Out of Service,99.11,Atlas Copco,SN100025
M7621,MA1AB100000000621,WO10621,Sedan X,PAINT-1,Stn-03,2026-03-01 18:56,ENG-1301,SUP-140,EMP200,TL-100,B,Tool_100,Welding Gun,Plant-A,2026-04-25,2026-07-24,Maintenance,97.13,Ingersoll Rand,SN100099
M7622,MA1AB100000000622,WO10622,SUV Pro,TRIM-1,STN-02,2026-03-01 18:57,ENG-1349,SUP-020,EMP195,TL-023,A,Tool_23,Welding Gun,Plant-A,2026-04-29,2026-07-28,Active,95.35,Bosch,SN100022
M7623,MA1AB100000000623,WO10623,SUV Pro,GA-1,STN-04,2026-03-01 18:58,ENG-1142,SUP-143,EMP235,TL-017,B,Tool_17,Torque Wrench,Plant-C,2026-01-08,2026-04-08,Maintenance,96.84,Atlas Copco,SN100016
M7624,MA1AB100000000624,WO10624,Hatch Z,PAINT-1,STN-01,2026-03-01 19:00,ENG-1169,SUP-120,EMP179,TL-006,B,Tool_6,Nut Runner,Plant-B,2026-01-25,2026-04-25,Maintenance,98.24,Ingersoll Rand,SN100005
M7625,MA1AB100000000625,WO10625,SUV Pro,GA-1,Stn-03,2026-03-01 19:01,ENG-1477,SUP-161,EMP254,TL-063,C,Tool_63,Welding Gun,Plant-B,2026-03-03,2026-06-01,Active,99.78,Ingersoll Rand,SN100062
M7626,MA1AB100000000626,WO10626,Sedan X,PAINT-1,STN-05,2026-03-01 19:02,ENG-1112,SUP-048,EMP366,TL-009,B,Tool_9,Press Tool,Plant-C,2026-05-31,2026-08-29,Active,98.89,Bosch,SN100008
M7627,MA1AB100000000627,WO10627,SUV Pro,TRIM-1,STN-01,2026-03-01 19:03,ENG-1178,SUP-057,EMP209,TL-085,C,Tool_85,Nut Runner,Plant-A,2026-01-29,2026-04-29,Out of Service,98.68,Stanley,SN100084
M7628,MA1AB100000000628,WO10628,SUV Pro,PAINT-1,STN-03,2026-03-01 19:05,ENG-1111,SUP-193,EMP371,TL-061,A,Tool_61,Nut Runner,Plant-C,2026-06-29,2026-09-27,Active,99.71,Ingersoll Rand,SN100060
M7629,MA1AB100000000629,WO10629,Sedan X,PAINT-1,STN-04,2026-03-01 19:06,ENG-1123,SUP-165,EMP224,TL-006,C,Tool_6,Nut Runner,Plant-B,2026-01-25,2026-04-25,Maintenance,98.24,Ingersoll Rand,SN100005
M7630,MA1AB100000000630,WO10630,SUV Pro,GA-1,STN-04,2026-03-01 19:07,ENG-1131,SUP-139,EMP244,TL-004,C,Tool_4,Press Tool,Plant-A,2026-01-19,2026-04-19,Active,97.49,Bosch,SN100003
M7631,MA1AB100000000631,WO10631,Hatch Z,TRIM-1,STN-04,2026-03-01 19:08,ENG-1022,SUP-076,EMP198,TL-042,A,Tool_42,Welding Gun,Plant-C,2026-03-03,2026-06-01,Out of Service,97.14,Ingersoll Rand,SN100041
M7632,MA1AB100000000632,WO10632,Sedan X,GA-2,Stn-03,2026-03-01 19:10,ENG-1275,SUP-137,EMP103,TL-081,A,Tool_81,Nut Runner,Plant-A,2026-06-21,2026-09-19,Maintenance,97.61,Atlas Copco,SN100080
M7633,MA1AB100000000633,WO10633,Sedan X,GA-2,Stn-03,2026-03-01 19:70,ENG-1350,SUP-109,EMP153,TL-027,,Tool_27,Robot Arm,Plant-A,2026-03-13,2026-06-11,Active,95.63,Atlas Copco,SN100026
M7634,MA1AB100000000634,WO10634,Hatch Z,GA-1, stn-05 ,2026-03-01 19:12,ENG-1351,SUP-040,EMP112,TL-059,C,Tool_59,Robot Arm,Plant-B,2026-04-15,2026-07-14,Active,95.72,Stanley,SN100058
M7635,MA1AB100000000635,WO10635,Sedan X,GA-1,STN-01,2026-03-01 19:13,ENG-1027,SUP-046,EMP228,TL-072,A,Tool_72,Robot Arm,Plant-C,2026-05-05,2026-08-03,Maintenance,99.87,Atlas Copco,SN100071
M7636,MA1AB100000000636,WO10636,Hatch Z,GA-2,STN-03,2026-03-01 19:15,ENG-1208,SUP-100,EMP330,TL-081,,Tool_81,Nut Runner,Plant-A,2026-06-21,2026-09-19,Maintenance,97.61,Atlas Copco,SN100080
M7637,MA1AB100000000637,WO10637,SUV Pro,PAINT-1,STN-01,2026-03-01 19:16,ENG-1199,SUP-173,EMP160,TL-069,A,Tool_69,Torque Wrench,Plant-B,2026-01-29,2026-04-29,Active,98.16,Bosch,SN100068
M7638,MA1AB100000000638,WO10638,Hatch Z,GA-1,Stn-03,2026-03-01 19:17,ENG-1381,SUP-150,EMP123,TL-090,A,Tool_90,Nut Runner,Plant-C,2026-05-12,2026-08-10,Out of Service,97.28,Stanley,SN100089
M7639,MA1AB100000000639,WO10639,SUV Pro,GA-1,STN-03,2026-03-01 19:18,ENG-1402,SUP-176,EMP254,TL-078,A,Tool_78,Press Tool,Plant-A,2026-03-26,2026-06-24,Maintenance,99.88,Bosch,SN100077
M7640,MA1AB100000000640,WO10640,SUV Pro,TRIM-1,STN-04,2026-03-01 19:20,ENG-1202,SUP-170,EMP115,TL-061,B,Tool_61,Nut Runner,Plant-C,2026-06-29,2026-09-27,Active,99.71,Ingersoll Rand,SN100060
M7641,MA1AB100000000641,WO10641,Hatch Z,GA-2,STN-02,2026-03-01 19:21,ENG-1382,SUP-101,EMP379,TL-038,B,Tool_38,Welding Gun,Plant-B,2026-04-18,2026-07-17,Active,97.87,Ingersoll Rand,SN100037
M7642,MA1AB100000000642,WO10642,SUV Pro,PAINT-1,STN-01,2026-03-01 19:22,ENG-1283,SUP-143,EMP172,TL-016,A,Tool_16,Robot Arm,Plant-B,2026-04-27,2026-07-26,Active,98.18,Atlas Copco,SN100015
M7643,MA1AB100000000643,WO10643,Sedan X,TRIM-1,STN-05,2026-03-01 19:23,ENG-1280,SUP-022,EMP256,TL-027,C,Tool_27,Robot Arm,Plant-A,2026-03-13,2026-06-11,Active,95.63,Atlas Copco,SN100026
M7644,MA1AB100000000644,WO10644,Sedan X,TRIM-1, stn-05 ,2026-03-01 19:25,ENG-1435,SUP-132,EMP172,TL-021,B,Tool_21,Press Tool,Plant-C,2026-01-09,2026-04-09,Out of Service,95.18,Atlas Copco,SN100020
M7645,MA1AB100000000645,WO10645,Sedan X,PAINT-1,STN-02,2026-03-01 19:26,ENG-1058,SUP-047,EMP390,TL-007,,Tool_7,Nut Runner,Plant-B,2026-06-11,2026-09-09,Out of Service,95.88,Stanley,SN100006
M7646,MA1AB100000000646,WO10646,Hatch Z,GA-1,STN-03,2026-03-01 19:27,ENG-1343,SUP-018,EMP228,TL-013,B,Tool_13,Nut Runner,Plant-B,2026-04-05,2026-07-04,Active,99.14,Bosch,SN100012
M7647,MA1AB100000000647,WO10647,Hatch Z,TRIM-1,STN-03,2026-03-01 19:28,ENG-1182,SUP-033,EMP220,TL-013,C,Tool_13,Nut Runner,Plant-B,2026-04-05,2026-07-04,Active,99.14,Bosch,SN100012
M7648,MA1AB100000000648,WO10648,Hatch Z,GA-1,STN-02,2026-03-01 19:30,ENG-1162,SUP-125,EMP330,TL-043,C,Tool_43,Torque Wrench,Plant-B,2026-04-28,2026-07-27,Active,96.51,Ingersoll Rand,SN100042
M7649,MA1AB100000000649,WO10649,Hatch Z,GA-2,STN-05,2026-03-01 19:31,ENG-1290,SUP-094,EMP261,TL-055,B,Tool_55,Nut Runner,Plant-A,2026-01-22,2026-04-22,Out of Service,95.5,Atlas Copco,SN100054
M7650,MA1AB100000000650,WO10650,Sedan X,PAINT-1,STN-02,2026-03-01 19:32,ENG-1402,SUP-057,EMP323,TL-036,C,Tool_36,Nut Runner,Plant-B,2026-02-08,2026-05-09,Active,95.2,Stanley,SN100035
M7651,MA1AB100000000651,WO10651,Sedan X,PAINT-1,STN-04,2026-03-01 19:33,ENG-1236,SUP-115,EMP283,TL-100,C,Tool_100,Welding Gun,Plant-A,2026-04-25,2026-07-24,Maintenance,97.13,Ingersoll Rand,SN100099
M7652,MA1AB100000000652,WO10652,SUV Pro,GA-1,STN-02,2026-03-01 19:35,ENG-1330,SUP-156,EMP141,TL-036,B,Tool_36,Nut Runner,Plant-B,2026-02-08,2026-05-09,Active,95.2,Stanley,SN100035
M7653,MA1AB100000000653,WO10653,Hatch Z,GA-2,STN-03,2026-03-01 19:36,ENG-1375,SUP-161,EMP139,TL-094,A,Tool_94,Press Tool,Plant-C,2026-05-10,2026-08-08,Maintenance,98.64,Stanley,SN100093
M7654,MA1AB100000000654,WO10654,Sedan X,GA-1,Stn-03,2026-03-01 19:37,ENG-1297,SUP-149,EMP307,TL-099,B,Tool_99,Welding Gun,Plant-B,2026-05-20,2026-08-18,Active,97.05,Atlas Copco,SN100098
M7655,MA1AB100000000655,WO10655,Sedan X,PAINT-1,STN-05,2026-03-01 19:38,ENG-1457,SUP-139,EMP341,TL-084,B,Tool_84,Torque Wrench,Plant-C,2026-02-03,2026-05-04,Out of Service,97.78,Ingersoll Rand,SN100083
M7656,MA1AB100000000656,WO10656,SUV Pro,TRIM-1,STN-02,2026-03-01 19:40,ENG-1456,SUP-198,EMP248,TL-018,,Tool_18,Robot Arm,Plant-B,2026-06-15,2026-09-13,Out of Service,95.48,Stanley,SN100017
M7657,MA1AB100000000657,WO10657,Hatch Z,GA-1,STN-04,2026-03-01 19:41,ENG-1186,SUP-129,EMP105,TL-085,B,Tool_85,Nut Runner,Plant-A,2026-01-29,2026-04-29,Out of Service,98.68,Stanley,SN100084
M7658,MA1AB100000000658,WO10658,Hatch Z,GA-2,Stn-03,2026-03-01 19:42,ENG-1263,SUP-036,EMP328,TL-021,B,Tool_21,Press Tool,Plant-C,2026-01-09,2026-04-09,Out of Service,95.18,Atlas Copco,SN100020
M7659,MA1AB100000000659,WO10659,Hatch Z,GA-2, stn-05 ,2026-03-01 19:43,ENG-1374,SUP-124,EMP283,TL-006,B,Tool_6,Nut Runner,Plant-B,2026-01-25,2026-04-25,Maintenance,98.24,Ingersoll Rand,SN100005
M7660,MA1AB100000000660,WO10660,SUV Pro,GA-2,STN-01,2026-03-01 19:45,ENG-1135,SUP-095,EMP219,TL-006,B,Tool_6,Nut Runner,Plant-B,2026-01-25,2026-04-25,Maintenance,98.24,Ingersoll Rand,SN100005
M7661,MA1AB100000000661,WO10661,Hatch Z,PAINT-1,STN-04,2026-03-01 19:46,ENG-1240,SUP-117,EMP123,TL-006,C,Tool_6,Nut Runner,Plant-B,2026-01-25,2026-04-25,Maintenance,98.24,Ingersoll Rand,SN100005
M7662,MA1AB100000000662,WO10662,Sedan X,PAINT-1,Stn-03,2026-03-01 19:47,ENG-1379,SUP-068,EMP396,TL-070,B,Tool_70,Robot Arm,Plant-C,2026-04-23,2026-07-22,Maintenance,98.03,Bosch,SN100069
M7663,MA1AB100000000663,WO10663,SUV Pro,TRIM-1,STN-03,2026-03-01 19:48,ENG-1300,SUP-168,EMP139,TL-067,C,Tool_67,Torque Wrench,Plant-A,2026-02-10,2026-05-11,Active,95.24,Bosch,SN100066
M7664,MA1AB100000000664,WO10664,SUV Pro,GA-2,STN-05,2026-03-01 19:50,ENG-1207,SUP-091,EMP276,TL-063,,Tool_63,Welding Gun,Plant-B,2026-03-03,2026-06-01,Active,99.78,Ingersoll Rand,SN100062
M7665,MA1AB100000000665,WO10665,Hatch Z,GA-1,STN-05,2026-03-01 19:51,ENG-1451,SUP-036,EMP325,TL-022,B,Tool_22,Press Tool,Plant-C,2026-03-22,2026-06-20,Out of Service,95.43,Bosch,SN100021
M7666,XX1 2 3 4,WO10666,Sedan X,PAINT-1,STN-02,2026-03-01 19:52,ENG-1076,,EMP195,TL-021,C,Tool_21,Press Tool,Plant-C,2026-01-09,2026-04-09,Out of Service,95.18,Atlas Copco,SN100020
M7667,MA1AB100000000667,WO10667,Hatch Z,GA-1, stn-05 ,2026-03-01 19:53,ENG-1117,SUP-107,EMP269,TL-093,A,Tool_93,Nut Runner,Plant-A,2026-03-03,2026-06-01,Out of Service,98.43,Ingersoll Rand,SN100092
M7668,MA1AB100000000668,WO10668,SUV Pro,TRIM-1,STN-04,2026-03-01 19:55,ENG-1107,SUP-152,EMP182,TL-083,,Tool_83,Nut Runner,Plant-A,2026-01-22,2026-04-22,Out of Service,98.35,Bosch,SN100082
M7669,MA1AB100000000669,WO10669,Sedan X,GA-2,STN-01,2026-03-01 19:56,ENG-1065,SUP-147,EMP182,TL-018,A,Tool_18,Robot Arm,Plant-B,2026-06-15,2026-09-13,Out of Service,95.48,Stanley,SN100017
M7670,MA1AB100000000670,WO10670,Hatch Z,GA-2,STN-01,2026-03-01 19:57,ENG-1085,SUP-067,EMP192,TL-067,,Tool_67,Torque Wrench,Plant-A,2026-02-10,2026-05-11,Active,95.24,Bosch,SN100066
M7671,MA1AB100000000671,WO10671,Hatch Z,GA-1, stn-05 ,2026-03-01 19:58,ENG-1372,SUP-170,EMP245,TL-011,B,Tool_11,Welding Gun,Plant-B,2026-01-03,2026-04-03,Out of Service,99.43,Atlas Copco,SN100010
M7672,MA1AB100000000672,WO10672,SUV Pro,TRIM-1,Stn-03,2026-03-01 20:00,ENG-1246,SUP-044,EMP212,TL-053,B,Tool_53,Nut Runner,Plant-A,2026-02-27,2026-05-28,Out of Service,96.41,Stanley,SN100052
M7673,MA1AB100000000673,WO10673,Hatch Z,GA-2,STN-05,2026-03-01 20:01,ENG-1337,SUP-131,EMP235,TL-022,C,Tool_22,Press Tool,Plant-C,2026-03-22,2026-06-20,Out of Service,95.43,Bosch,SN100021
M7674,MA1AB100000000674,WO10674,SUV Pro,GA-1,STN-02,2026-03-01 20:02,ENG-1193,SUP-099,EMP167,TL-014,A,Tool_14,Nut Runner,Plant-A,2026-02-27,2026-05-28,Maintenance,99.68,Stanley,SN100013
M7675,MA1AB100000000675,WO10675,Sedan X,TRIM-1,Stn-03,2026-03-01 20:03,ENG-1076,SUP-156,EMP149,TL-023,,Tool_23,Welding Gun,Plant-A,2026-04-29,2026-07-28,Active,95.35,Bosch,SN100022
M7676,MA1AB100000000676,WO10676,Hatch Z,GA-1,Stn-03,2026-03-01 20:05,ENG-1272,SUP-129,EMP160,TL-012,,Tool_12,Press Tool,Plant-B,2026-05-30,2026-08-28,Out of Service,98.02,Bosch,SN100011
M7677,MA1AB100000000677,WO10677,Hatch Z,GA-2,STN-05,2026-03-01 20:06,ENG-1276,SUP-001,EMP320,TL-067,,Tool_67,Torque Wrench,Plant-A,2026-02-10,2026-05-11,Active,95.24,Bosch,SN100066
M7678,MA1AB100000000678,WO10678,SUV Pro,GA-1, stn-05 ,2026-03-01 20:07,ENG-1271,SUP-110,EMP217,TL-062,,Tool_62,Robot Arm,Plant-A,2026-04-28,2026-07-27,Out of Service,95.44,Bosch,SN100061
M7679,MA1AB100000000679,WO10679,SUV Pro,GA-1,STN-04,2026-03-01 20:08,ENG-1068,SUP-066,EMP344,TL-099,B,Tool_99,Welding Gun,Plant-B,2026-05-20,2026-08-18,Active,97.05,Atlas Copco,SN100098
M7680,MA1AB100000000680,WO10680,Sedan X,PAINT-1,STN-05,2026-03-01 20:10,ENG-1448,SUP-140,EMP309,TL-033,B,Tool_33,Welding Gun,Plant-C,2026-02-25,2026-05-26,Active,97.63,Bosch,SN100032
M7681,MA1AB100000000681,WO10681,Sedan X,GA-1,STN-05,2026-03-01 20:11,ENG-1267,SUP-031,EMP366,TL-001,,Tool_1,Welding Gun,Plant-A,2026-05-21,2026-08-19,Maintenance,98.97,Bosch,SN100000
M7682,MA1AB100000000682,WO10682,Hatch Z,GA-2, stn-05 ,2026-03-01 20:12,ENG-1411,SUP-081,EMP309,TL-047,A,Tool_47,Robot Arm,Plant-A,2026-04-17,2026-07-16,Active,99.69,Ingersoll Rand,SN100046
M7683,MA1AB100000000683,WO10683,Sedan X,TRIM-1, stn-05 ,2026-03-01 20:13,ENG-1299,SUP-065,EMP233,TL-069,,Tool_69,Torque Wrench,Plant-B,2026-01-29,2026-04-29,Active,98.16,Bosch,SN100068
M7684,MA1AB100000000684,WO10684,Hatch Z,PAINT-1,STN-05,2026-03-01 20:15,ENG-1141,SUP-175,EMP303,TL-097,B,Tool_97,Nut Runner,Plant-A,2026-04-22,2026-07-21,Active,99.35,Ingersoll Rand,SN100096
M7685,MA1AB100000000685,WO10685,SUV Pro,TRIM-1,STN-02,2026-03-01 20:16,ENG-1189,SUP-144,EMP384,TL-062,C,Tool_62,Robot Arm,Plant-A,2026-04-28,2026-07-27,Out of Service,95.44,Bosch,SN100061
M7686,MA1AB100000000686,WO10686,SUV Pro,PAINT-1,Stn-03,2026-03-01 20:17,ENG-1361,SUP-102,EMP170,TL-085,A,Tool_85,Nut Runner,Plant-A,2026-01-29,2026-04-29,Out of Service,98.68,Stanley,SN100084
M7687,MA1AB100000000687,WO10687,Hatch Z,GA-2,STN-04,2026-03-01 20:18,ENG-1400,SUP-180,EMP182,TL-013,B,Tool_13,Nut Runner,Plant-B,2026-04-05,2026-07-04,Active,99.14,Bosch,SN100012
M7688,MA1AB100000000688,WO10688,Hatch Z,TRIM-1,Stn-03,2026-03-01 20:20,ENG-1173,SUP-141,EMP126,TL-021,,Tool_21,Press Tool,Plant-C,2026-01-09,2026-04-09,Out of Service,95.18,Atlas Copco,SN100020
M7689,MA1AB100000000689,WO10689,Hatch Z,GA-1,Stn-03,2026-03-01 20:21,ENG-1046,SUP-038,EMP341,TL-077,,Tool_77,Welding Gun,Plant-C,2026-04-12,2026-07-11,Active,98.71,Stanley,SN100076
M7690,MA1AB100000000690,WO10690,Sedan X,GA-1,STN-03,2026-03-01 20:22,ENG-1113,SUP-095,EMP140,TL-078,A,Tool_78,Press Tool,Plant-A,2026-03-26,2026-06-24,Maintenance,99.88,Bosch,SN100077
M7691,MA1AB100000000691,WO10691,Hatch Z,TRIM-1,STN-04,2026-03-01 20:23,ENG-1314,SUP-168,EMP366,TL-037,A,Tool_37,Torque Wrench,Plant-A,2026-02-12,2026-05-13,Maintenance,95.39,Bosch,SN100036
M7692,MA1AB100000000692,WO10692,Sedan X,TRIM-1,STN-04,2026/03/01 20:25,ENG-1005,SUP-052,EMP365,TL-037,B,Tool_37,Torque Wrench,Plant-A,2026-02-12,2026-05-13,Maintenance,95.39,Bosch,SN100036
M7693,MA1AB100000000693,WO10693,Sedan X,GA-2,STN-05,2026-03-01 20:26,ENG-1086,SUP-173,EMP118,TL-047,B,Tool_47,Robot Arm,Plant-A,2026-04-17,2026-07-16,Active,99.69,Ingersoll Rand,SN100046
M7694,MA1AB100000000694,WO10694,Hatch Z,GA-1,STN-02,2026-03-01 20:27,ENG-1044,SUP-071,EMP304,TL-046,,Tool_46,Torque Wrench,Plant-C,2026-01-19,2026-04-19,Active,95.51,Ingersoll Rand,SN100045
M7695,MA1AB100000000695,WO10695,SUV Pro,GA-2,STN-05,2026-03-01 20:28,ENG-1007,SUP-189,EMP135,TL-012,C,Tool_12,Press Tool,Plant-B,2026-05-30,2026-08-28,Out of Service,98.02,Bosch,SN100011
M7696,MA1AB100000000696,WO10696,Hatch Z,PAINT-1,STN-03,2026-03-01 20:30,ENG-1493,SUP-071,EMP215,TL-078,B,Tool_78,Press Tool,Plant-A,2026-03-26,2026-06-24,Maintenance,99.88,Bosch,SN100077
M7697,MA1AB100000000697,WO10697,SUV Pro,TRIM-1,STN-05,2026-03-01 20:31,ENG-1002,SUP-067,EMP189,TL-053,A,Tool_53,Nut Runner,Plant-A,2026-02-27,2026-05-28,Out of Service,96.41,Stanley,SN100052
M7698,MA1AB100000000698,WO10698,Hatch Z,GA-1,STN-05,2026-03-01 20:32,ENG-1150,SUP-088,EMP159,TL-066,C,Tool_66,Nut Runner,Plant-A,2026-01-13,2026-04-13,Maintenance,98.63,Stanley,SN100065
M7699,MA1AB100000000699,WO10699,Hatch Z,PAINT-1, stn-05 ,2026-03-01 20:33,ENG-1226,SUP-097,EMP388,TL-062,B,Tool_62,Robot Arm,Plant-A,2026-04-28,2026-07-27,Out of Service,95.44,Bosch,SN100061
M7700,MA1AB100000000700,WO10700,SUV Pro,TRIM-1, stn-05 ,2026-03-01 20:35,ENG-1235,SUP-151,EMP114,TL-062,A,Tool_62,Robot Arm,Plant-A,2026-04-28,2026-07-27,Out of Service,95.44,Bosch,SN100061
M7701,MA1AB100000000701,WO10701,SUV Pro,GA-1,STN-04,2026-03-01 20:36,ENG-1324,SUP-057,EMP217,TL-041,,Tool_41,Robot Arm,Plant-A,2026-02-27,2026-05-28,Maintenance,97.13,Atlas Copco,SN100040
M7702,MA1AB100000000702,WO10702,SUV Pro,GA-1, stn-05 ,2026-03-01 20:37,ENG-1426,SUP-068,EMP227,TL-037,A,Tool_37,Torque Wrench,Plant-A,2026-02-12,2026-05-13,Maintenance,95.39,Bosch,SN100036
M7703,MA1AB100000000703,WO10703,SUV Pro,PAINT-1,STN-01,2026-03-01 20:38,ENG-1283,SUP-046,EMP343,TL-041,C,Tool_41,Robot Arm,Plant-A,2026-02-27,2026-05-28,Maintenance,97.13,Atlas Copco,SN100040
M7704,MA1AB100000000704,WO10704,Sedan X,PAINT-1,STN-02,2026-03-01 20:40,ENG-1484,SUP-192,EMP197,TL-064,B,Tool_64,Press Tool,Plant-A,2026-02-03,2026-05-04,Active,98.09,Atlas Copco,SN100063
M7705,MA1AB100000000705,WO10705,Sedan X,GA-2,Stn-03,2026-03-01 20:41,ENG-1135,SUP-053,EMP217,TL-026,B,Tool_26,Robot Arm,Plant-A,2026-05-25,2026-08-23,Out of Service,99.11,Atlas Copco,SN100025
M7706,MA1AB100000000706,WO10706,Hatch Z,PAINT-1,STN-02,2026-03-01 20:42,ENG-1398,SUP-028,EMP161,TL-011,,Tool_11,Welding Gun,Plant-B,2026-01-03,2026-04-03,Out of Service,99.43,Atlas Copco,SN100010
M7707,MA1AB100000000707,WO10707,Hatch Z,GA-1,Stn-03,2026-03-01 20:43,ENG-1438,SUP-139,EMP121,TL-062,C,Tool_62,Robot Arm,Plant-A,2026-04-28,2026-07-27,Out of Service,95.44,Bosch,SN100061
M7708,MA1AB100000000708,WO10708,Hatch Z,PAINT-1,STN-04,2026-03-01 20:45,ENG-1459,SUP-148,EMP240,TL-063,B,Tool_63,Welding Gun,Plant-B,2026-03-03,2026-06-01,Active,99.78,Ingersoll Rand,SN100062
M7709,MA1AB100000000709,WO10709,Hatch Z,PAINT-1,STN-04,2026-03-01 20:46,ENG-1113,SUP-193,EMP395,TL-017,A,Tool_17,Torque Wrench,Plant-C,2026-01-08,2026-04-08,Maintenance,96.84,Atlas Copco,SN100016
M7710,MA1AB100000000710,WO10710,Hatch Z,TRIM-1,STN-04,2026-03-01 20:47,ENG-1481,SUP-139,EMP116,TL-065,C,Tool_65,Torque Wrench,Plant-C,2026-01-31,2026-05-01,Maintenance,97.24,Bosch,SN100064
M7711,MA1AB100000000711,WO10711,SUV Pro,GA-2,STN-04,2026-03-01 20:48,ENG-1499,SUP-031,EMP365,TL-059,C,Tool_59,Robot Arm,Plant-B,2026-04-15,2026-07-14,Active,95.72,Stanley,SN100058
M7712,MA1AB100000000712,WO10712,Hatch Z,GA-1,STN-01,2026-03-01 20:50,ENG-1345,SUP-054,EMP294,TL-075,A,Tool_75,Press Tool,Plant-C,2026-04-22,2026-07-21,Active,99.86,Ingersoll Rand,SN100074
M7713,MA1AB100000000713,WO10713,SUV Pro,PAINT-1,STN-05,2026-03-01 20:51,ENG-1441,SUP-067,EMP195,TL-071,C,Tool_71,Welding Gun,Plant-B,2026-04-11,2026-07-10,Active,98.12,Atlas Copco,SN100070
M7714,MA1AB100000000714,WO10714,Sedan X,PAINT-1,STN-04,2026-03-01 20:52,ENG-1490,SUP-157,EMP275,TL-047,B,Tool_47,Robot Arm,Plant-A,2026-04-17,2026-07-16,Active,99.69,Ingersoll Rand,SN100046
M7715,MA1AB100000000715,WO10715,SUV Pro,TRIM-1,STN-02,2026-03-01 20:53,ENG-1214,SUP-180,EMP290,TL-047,,Tool_47,Robot Arm,Plant-A,2026-04-17,2026-07-16,Active,99.69,Ingersoll Rand,SN100046
M7716,MA1AB100000000716,WO10716,SUV Pro,TRIM-1,STN-02,2026-03-01 20:55,ENG-1292,SUP-034,EMP394,TL-088,B,Tool_88,Welding Gun,Plant-B,2026-04-25,2026-07-24,Active,95.24,Stanley,SN100087
M7717,MA1AB100000000717,WO10717,Sedan X,PAINT-1,Stn-03,2026-03-01 20:56,ENG-1120,SUP-143,EMP321,TL-049,B,Tool_49,Press Tool,Plant-A,2026-01-18,2026-04-18,Active,97.7,Atlas Copco,SN100048
M7718,MA1AB100000000718,WO10718,Sedan X,GA-2,STN-04,2026-03-01 20:57,ENG-1412,SUP-003,EMP190,TL-054,,Tool_54,Press Tool,Plant-C,2026-01-18,2026-04-18,Active,99.35,Ingersoll Rand,SN100053
M7719,MA1AB100000000719,WO10719,Sedan X,PAINT-1,Stn-03,2026-03-01 20:58,ENG-1249,SUP-077,EMP228,TL-072,A,Tool_72,Robot Arm,Plant-C,2026-05-05,2026-08-03,Maintenance,99.87,Atlas Copco,SN100071
M7720,MA1AB100000000720,WO10720,SUV Pro,GA-1, stn-05 ,2026-03-01 21:00,ENG-1083,SUP-016,EMP210,TL-033,,Tool_33,Welding Gun,Plant-C,2026-02-25,2026-05-26,Active,97.63,Bosch,SN100032
M7721,MA1AB100000000721,WO10721,Hatch Z,GA-1,STN-04,2026-03-01 21:01,ENG-1381,SUP-086,EMP233,TL-047,C,Tool_47,Robot Arm,Plant-A,2026-04-17,2026-07-16,Active,99.69,Ingersoll Rand,SN100046
M7722,MA1AB100000000722,WO10722,Hatch Z,PAINT-1,STN-03,2026-03-01 21:02,ENG-1010,SUP-106,EMP162,TL-045,B,Tool_45,Welding Gun,Plant-C,2026-03-10,2026-06-08,Active,98.94,Stanley,SN100044
M7723,MA1AB100000000723,WO10723,Hatch Z,GA-2,Stn-03,2026-03-01 21:03,ENG-1145,SUP-091,EMP266,TL-087,,Tool_87,Robot Arm,Plant-B,2026-02-09,2026-05-10,Maintenance,99.98,Stanley,SN100086
M7724,MA1AB100000000724,WO10724,Hatch Z,TRIM-1,STN-01,2026-03-01 21:05,ENG-1195,SUP-158,EMP246,TL-060,B,Tool_60,Welding Gun,Plant-B,2026-02-09,2026-05-10,Active,95.55,Atlas Copco,SN100059
M7725,MA1AB100000000725,WO10725,Sedan X,PAINT-1,STN-04,2026-03-01 21:06, eng-1001 ,SUP-162,EMP392,TL-052,A,Tool_52,Torque Wrench,Plant-A,2026-04-12,2026-07-11,Out of Service,99.68,Ingersoll Rand,SN100051
M7726,MA1AB100000000726,WO10726,Sedan X,GA-2,STN-03,2026-03-01 21:07,ENG-1116,SUP-081,EMP262,TL-084,C,Tool_84,Torque Wrench,Plant-C,2026-02-03,2026-05-04,Out of Service,97.78,Ingersoll Rand,SN100083
M7727,MA1AB100000000727,WO10727,Hatch Z,PAINT-1,STN-05,2026-03-01 21:08,ENG-1330,SUP-102,EMP238,TL-057,C,Tool_57,Welding Gun,Plant-A,2026-05-01,2026-07-30,Active,98.96,Bosch,SN100056
M7728,MA1AB100000000728,WO10728,Hatch Z,TRIM-1,STN-04,2026-03-01 21:10,ENG-1085,SUP-048,EMP111,TL-017,B,Tool_17,Torque Wrench,Plant-C,2026-01-08,2026-04-08,Maintenance,96.84,Atlas Copco,SN100016
M7729,MA1AB100000000729,WO10729,Hatch Z,PAINT-1, stn-05 ,2026-03-01 21:11,ENG-1358,SUP-192,EMP140,TL-027,B,Tool_27,Robot Arm,Plant-A,2026-03-13,2026-06-11,Active,95.63,Atlas Copco,SN100026
M7730,MA1AB100000000730,WO10730,SUV Pro,GA-1,STN-01,2026-03-01 21:12,ENG-1032,SUP-122,EMP380,TL-007,A,Tool_7,Nut Runner,Plant-B,2026-06-11,2026-09-09,Out of Service,95.88,Stanley,SN100006
M7731,MA1AB100000000731,WO10731,SUV Pro,GA-1,STN-01,2026-03-01 21:13,ENG-1134,SUP-159,EMP179,TL-011,,Tool_11,Welding Gun,Plant-B,2026-01-03,2026-04-03,Out of Service,99.43,Atlas Copco,SN100010
M7732,MA1AB100000000732,WO10732,SUV Pro,GA-2,STN-02,2026-03-01 21:15,ENG-1377,SUP-073,EMP326,TL-081,B,Tool_81,Nut Runner,Plant-A,2026-06-21,2026-09-19,Maintenance,97.61,Atlas Copco,SN100080
M7733,MA1AB100000000733,WO10733,Sedan X,GA-2,STN-01,2026-03-01 21:16,ENG-1017,SUP-170,EMP282,TL-042,,Tool_42,Welding Gun,Plant-C,2026-03-03,2026-06-01,Out of Service,97.14,Ingersoll Rand,SN100041
M7734,MA1AB100000000734,WO10734,SUV Pro,PAINT-1,STN-05,2026-03-01 21:17,ENG-1227,SUP-035,EMP376,TL-023,,Tool_23,Welding Gun,Plant-A,2026-04-29,2026-07-28,Active,95.35,Bosch,SN100022
M7735,MA1AB100000000735,WO10735,Hatch Z,TRIM-1,STN-05,2026-03-01 21:18,ENG-1327,SUP-164,EMP373,TL-040,C,Tool_40,Welding Gun,Plant-A,2026-04-02,2026-07-01,Active,98.84,Atlas Copco,SN100039
M7736,MA1AB100000000736,WO10736,SUV Pro,GA-2,Stn-03,2026-03-01 21:20,ENG-1045,SUP-114,EMP257,TL-047,,Tool_47,Robot Arm,Plant-A,2026-04-17,2026-07-16,Active,99.69,Ingersoll Rand,SN100046
M7737,MA1AB100000000737,WO10737,SUV Pro,GA-2,STN-03,2026-03-01 21:21,ENG-1005,SUP-001,EMP367,TL-098,B,Tool_98,Press Tool,Plant-A,2026-06-01,2026-08-30,Active,98.11,Stanley,SN100097
M7738,MA1AB100000000738,WO10738,SUV Pro,PAINT-1,STN-04,2026-03-01 21:22,ENG-1273,SUP-003,EMP351,TL-097,,Tool_97,Nut Runner,Plant-A,2026-04-22,2026-07-21,Active,99.35,Ingersoll Rand,SN100096
M7739,MA1AB100000000739,WO10739,SUV Pro,GA-1,Stn-03,2026-03-01 21:23,ENG-1220,SUP-075,EMP218,TL-001,C,Tool_1,Welding Gun,Plant-A,2026-05-21,2026-08-19,Maintenance,98.97,Bosch,SN100000
M7740,MA1AB100000000740,WO10740,Sedan X,TRIM-1,STN-05,2026-03-01 21:25,ENG-1223,SUP-102,EMP227,TL-021,,Tool_21,Press Tool,Plant-C,2026-01-09,2026-04-09,Out of Service,95.18,Atlas Copco,SN100020
M7741,MA1AB100000000741,WO10741,SUV Pro,GA-2,STN-03,2026-03-01 21:26,ENG-1040,SUP-109,EMP222,TL-067,C,Tool_67,Torque Wrench,Plant-A,2026-02-10,2026-05-11,Active,95.24,Bosch,SN100066
M7742,MA1AB100000000742,WO10742,SUV Pro,PAINT-1,STN-04,2026-03-01 21:27,ENG-1096,SUP-018,EMP193,TL-018,C,Tool_18,Robot Arm,Plant-B,2026-06-15,2026-09-13,Out of Service,95.48,Stanley,SN100017
M7743,MA1AB100000000743,WO10743,Sedan X,TRIM-1,STN-05,2026-03-01 21:28,ENG-1231,SUP-070,EMP351,TL-025,C,Tool_25,Nut Runner,Plant-C,2026-02-19,2026-05-20,Out of Service,98.88,Atlas Copco,SN100024
M7744,MA1AB100000000744,WO10744,Sedan X,GA-2,STN-01,2026-03-01 21:30,ENG-1496,SUP-137,EMP111,TL-024,A,Tool_24,Robot Arm,Plant-A,2026-02-23,2026-05-24,Active,96.19,Ingersoll Rand,SN100023
M7745,MA1AB100000000745,WO10745,SUV Pro,PAINT-1,STN-02,2026-03-01 21:31,ENG-1366,SUP-113,EMP104,TL-030,A,Tool_30,Nut Runner,Plant-A,2026-02-18,2026-05-19,Out of Service,97.07,Ingersoll Rand,SN100029
M7746,MA1AB100000000746,WO10746,Sedan X,GA-1,STN-04,2026-03-01 21:32,ENG-1111,SUP-088,EMP315,TL-040,,Tool_40,Welding Gun,Plant-A,2026-04-02,2026-07-01,Active,98.84,Atlas Copco,SN100039
M7747,MA1AB100000000747,WO10747,SUV Pro,TRIM-1, stn-05 ,2026-03-01 21:33,ENG-1405,SUP-009,EMP269,TL-011,B,Tool_11,Welding Gun,Plant-B,2026-01-03,2026-04-03,Out of Service,99.43,Atlas Copco,SN100010
M7748,MA1AB100000000748,WO10748,Sedan X,PAINT-1,Stn-03,2026-03-01 21:35,ENG-1200,SUP-019,EMP378,TL-061,B,Tool_61,Nut Runner,Plant-C,2026-06-29,2026-09-27,Active,99.71,Ingersoll Rand,SN100060
M7749,MA1AB100000000749,WO10749,Sedan X,PAINT-1,Stn-03,2026-03-01 21:36,ENG-1195,SUP-004,EMP162,TL-099,B,Tool_99,Welding Gun,Plant-B,2026-05-20,2026-08-18,Active,97.05,Atlas Copco,SN100098
M7750,MA1AB100000000750,WO10750,SUV Pro,TRIM-1,STN-02,2026-03-01 21:37,ENG-1377,SUP-009,EMP201,TL-059,A,Tool_59,Robot Arm,Plant-B,2026-04-15,2026-07-14,Active,95.72,Stanley,SN100058
M7751,MA1AB100000000751,WO10751,Hatch Z,GA-2,STN-04,2026-03-01 21:38,ENG-1199,SUP-175,EMP259,TL-042,B,Tool_42,Welding Gun,Plant-C,2026-03-03,2026-06-01,Out of Service,97.14,Ingersoll Rand,SN100041
M7752,MA1AB100000000752,WO10752,Hatch Z,GA-1, stn-05 ,2026-03-01 21:40,ENG-1479,SUP-141,EMP366,TL-016,C,Tool_16,Robot Arm,Plant-B,2026-04-27,2026-07-26,Active,98.18,Atlas Copco,SN100015
M7753,MA1AB100000000753,WO10753,SUV Pro,PAINT-1,STN-02,2026-03-01 21:41,ENG-1184,SUP-014,EMP211,TL-015,B,Tool_15,Robot Arm,Plant-C,2026-05-26,2026-08-24,Out of Service,97.88,Atlas Copco,SN100014
M7754,MA1AB100000000754,WO10754,Hatch Z,TRIM-1,STN-03,2026-03-01 21:42,ENG-1007,SUP-043,EMP241,TL-075,A,Tool_75,Press Tool,Plant-C,2026-04-22,2026-07-21,Active,99.86,Ingersoll Rand,SN100074
M7755,MA1AB100000000755,WO10755,SUV Pro,GA-2,STN-01,2026-03-01 21:43,ENG-1496,SUP-011,EMP397,TL-999,,Unknown Tool,Unknown Type,,,,,,,
M7756,MA1AB100000000756,WO10756,Hatch Z,GA-2,STN-03,2026-03-01 21:45,ENG-1394,SUP-023,EMP227,TL-021,,Tool_21,Press Tool,Plant-C,2026-01-09,2026-04-09,Out of Service,95.18,Atlas Copco,SN100020
M7757,MA1AB100000000757,WO10757,Sedan X,PAINT-1,Stn-03,2026-03-01 21:46,ENG-1320,SUP-016,EMP130,TL-046,B,Tool_46,Torque Wrench,Plant-C,2026-01-19,2026-04-19,Active,95.51,Ingersoll Rand,SN100045
M7758,MA1AB100000000758,WO10758,Hatch Z,GA-1,STN-02,2026-03-01 21:47,ENG-1249,SUP-060,EMP262,TL-072,C,Tool_72,Robot Arm,Plant-C,2026-05-05,2026-08-03,Maintenance,99.87,Atlas Copco,SN100071
M7759,MA1AB100000000759,WO10759,SUV Pro,GA-2,STN-01,2026-03-01 21:48,ENG-1352,SUP-097,EMP283,TL-093,B,Tool_93,Nut Runner,Plant-A,2026-03-03,2026-06-01,Out of Service,98.43,Ingersoll Rand,SN100092
M7760,MA1AB100000000760,WO10760,SUV Pro,GA-1,STN-04,2026-03-01 21:50,ENG-1361,SUP-113,EMP386,TL-038,,Tool_38,Welding Gun,Plant-B,2026-04-18,2026-07-17,Active,97.87,Ingersoll Rand,SN100037
M7761,MA1AB100000000761,WO10761,Sedan X,GA-2,STN-05,2026-03-01 21:51,ENG-1178,SUP-083,EMP339,TL-036,B,Tool_36,Nut Runner,Plant-B,2026-02-08,2026-05-09,Active,95.2,Stanley,SN100035
M7762,MA1AB100000000762,WO10762,Sedan X,GA-2,STN-04,2026-03-01 21:52,ENG-1151,SUP-068,EMP377,TL-047,,Tool_47,Robot Arm,Plant-A,2026-04-17,2026-07-16,Active,99.69,Ingersoll Rand,SN100046
M7763,MA1AB100000000763,WO10763,Sedan X,TRIM-1, stn-05 ,2026-03-01 21:53,ENG-1094,SUP-005,EMP286,TL-100,B,Tool_100,Welding Gun,Plant-A,2026-04-25,2026-07-24,Maintenance,97.13,Ingersoll Rand,SN100099
M7764,MA1AB100000000764,WO10764,SUV Pro,GA-1, stn-05 ,2026-03-01 21:55,ENG-1495,SUP-138,EMP298,TL-025,,Tool_25,Nut Runner,Plant-C,2026-02-19,2026-05-20,Out of Service,98.88,Atlas Copco,SN100024
M7765,MA1AB100000000765,WO10765,Hatch Z,GA-2,STN-05,2026-03-01 21:56,ENG-1144,SUP-083,EMP309,TL-083,C,Tool_83,Nut Runner,Plant-A,2026-01-22,2026-04-22,Out of Service,98.35,Bosch,SN100082
M7766,MA1AB100000000766,WO10766,Sedan X,GA-1,STN-05,2026-03-01 21:57,ENG-1337,SUP-018,EMP122,TL-017,B,Tool_17,Torque Wrench,Plant-C,2026-01-08,2026-04-08,Maintenance,96.84,Atlas Copco,SN100016
M7767,MA1AB100000000767,WO10767,Sedan X,GA-2,STN-01,2026-03-01 21:58,ENG-1248,SUP-050,EMP150,TL-005,,Tool_5,Torque Wrench,Plant-C,2026-02-02,2026-05-03,Maintenance,99.68,Ingersoll Rand,SN100004
M7768,MA1AB100000000768,WO10768,Hatch Z,TRIM-1,STN-05,2026-03-01 22:00,ENG-1319,SUP-180,EMP231,TL-007,C,Tool_7,Nut Runner,Plant-B,2026-06-11,2026-09-09,Out of Service,95.88,Stanley,SN100006
M7769,MA1AB100000000769,WO10769,Sedan X,GA-1,STN-01,2026-03-01 22:01,ENG-1476,SUP-054,EMP351,TL-011,,Tool_11,Welding Gun,Plant-B,2026-01-03,2026-04-03,Out of Service,99.43,Atlas Copco,SN100010
M7770,MA1AB100000000770,WO10770,Hatch Z,GA-1,STN-03,2026-03-01 22:02,ENG-1285,SUP-191,EMP312,TL-048,A,Tool_48,Nut Runner,Plant-B,2026-04-17,2026-07-16,Active,96.56,Stanley,SN100047
M7771,MA1AB100000000771,WO10771,Hatch Z,PAINT-1,STN-05,2026-03-01 22:03,ENG-1020,SUP-188,EMP136,TL-039,A,Tool_39,Nut Runner,Plant-C,2026-02-15,2026-05-16,Maintenance,97.07,Ingersoll Rand,SN100038
M7772,MA1AB100000000772,WO10772,Sedan X,GA-1,STN-01,2026-03-01 22:05,ENG-1371,SUP-060,EMP372,TL-050,B,Tool_50,Welding Gun,Plant-C,2026-04-30,2026-07-29,Maintenance,98.51,Ingersoll Rand,SN100049
M7773,MA1AB100000000773,WO10773,Sedan X,GA-2,STN-05,2026-03-01 22:06,ENG-1320,SUP-046,EMP385,TL-096,,Tool_96,Nut Runner,Plant-A,2026-04-26,2026-07-25,Active,95.35,Stanley,SN100095
M7774,MA1AB100000000774,WO10774,Hatch Z,GA-1,Stn-03,2026-03-01 22:07,ENG-1326,SUP-148,EMP283,TL-087,,Tool_87,Robot Arm,Plant-B,2026-02-09,2026-05-10,Maintenance,99.98,Stanley,SN100086
M7775,MA1AB100000000775,WO10775,Hatch Z,TRIM-1,STN-01,2026-03-01 22:08,ENG-1085,SUP-047,EMP381,TL-052,C,Tool_52,Torque Wrench,Plant-A,2026-04-12,2026-07-11,Out of Service,99.68,Ingersoll Rand,SN100051
M7776,MA1AB100000000776,WO10776,Hatch Z,GA-2,STN-05,2026-03-01 22:10,ENG-1307,SUP-114,EMP280,TL-041,C,Tool_41,Robot Arm,Plant-A,2026-02-27,2026-05-28,Maintenance,97.13,Atlas Copco,SN100040
M7777,MA1AB100000000777,WO10777,SUV Pro,TRIM-1,Stn-03,2026-03-01 22:11,ENG-1324,SUP-111,EMP265,TL-078,B,Tool_78,Press Tool,Plant-A,2026-03-26,2026-06-24,Maintenance,99.88,Bosch,SN100077
M7778,MA1AB100000000778,WO10778,Hatch Z,GA-2,STN-04,2026-03-01 22:12,ENG-1392,SUP-141,EMP230,TL-047,,Tool_47,Robot Arm,Plant-A,2026-04-17,2026-07-16,Active,99.69,Ingersoll Rand,SN100046
M7779,MA1AB100000000779,WO10779,SUV Pro,TRIM-1,STN-01,2026-03-01 22:13,ENG-1371,SUP-009,EMP245,TL-077,A,Tool_77,Welding Gun,Plant-C,2026-04-12,2026-07-11,Active,98.71,Stanley,SN100076
M7780,MA1AB100000000780,WO10780,Hatch Z,GA-2,STN-03,2026-03-01 22:15,ENG-1003,SUP-077,EMP213,TL-028,C,Tool_28,Press Tool,Plant-C,2026-01-25,2026-04-25,Out of Service,97.87,Ingersoll Rand,SN100027
M7781,MA1AB100000000781,WO10781,Sedan X,PAINT-1,STN-05,2026-03-01 22:16,ENG-1261,SUP-143,EMP392,TL-074,B,Tool_74,Robot Arm,Plant-B,2026-01-04,2026-04-04,Active,97.63,Stanley,SN100073
M7782,MA1AB100000000782,WO10782,Sedan X,GA-1,STN-04,2026-03-01 22:17,ENG-1182,SUP-040,EMP170,TL-034,C,Tool_34,Torque Wrench,Plant-A,2026-06-25,2026-09-23,Out of Service,99.85,Stanley,SN100033
M7783,MA1AB100000000783,WO10783,Hatch Z,GA-2,STN-02,2026-03-01 22:18,ENG-1131,SUP-077,EMP147,TL-074,,Tool_74,Robot Arm,Plant-B,2026-01-04,2026-04-04,Active,97.63,Stanley,SN100073
M7784,MA1AB100000000784,WO10784,Hatch Z,GA-2, stn-05 ,2026-03-01 22:20,ENG-1039,SUP-186,EMP266,TL-062,B,Tool_62,Robot Arm,Plant-A,2026-04-28,2026-07-27,Out of Service,95.44,Bosch,SN100061
M7785,MA1AB100000000785,WO10785,SUV Pro,GA-1,STN-05,2026-03-01 22:21,ENG-1328,SUP-077,EMP119,TL-094,,Tool_94,Press Tool,Plant-C,2026-05-10,2026-08-08,Maintenance,98.64,Stanley,SN100093
M7786,MA1AB100000000786,WO10786,Sedan X,GA-1,Stn-03,2026-03-01 22:22,ENG-1171,SUP-090,EMP322,TL-054,A,Tool_54,Press Tool,Plant-C,2026-01-18,2026-04-18,Active,99.35,Ingersoll Rand,SN100053
M7787,MA1AB100000000787,WO10787,Sedan X,GA-1, stn-05 ,2026-03-01 22:23,ENG-1398,SUP-162,EMP295,TL-007,C,Tool_7,Nut Runner,Plant-B,2026-06-11,2026-09-09,Out of Service,95.88,Stanley,SN100006
M7788,MA1AB100000000788,WO10788,Hatch Z,GA-1,STN-03,2026-03-01 22:25,ENG-1276,SUP-145,EMP176,TL-042,B,Tool_42,Welding Gun,Plant-C,2026-03-03,2026-06-01,Out of Service,97.14,Ingersoll Rand,SN100041
M7789,MA1AB100000000789,WO10789,Sedan X,GA-1, stn-05 ,2026-03-01 22:26,ENG-1374,SUP-101,EMP328,TL-097,A,Tool_97,Nut Runner,Plant-A,2026-04-22,2026-07-21,Active,99.35,Ingersoll Rand,SN100096
M7790,MA1AB100000000790,WO10790,Sedan X,TRIM-1,STN-03,2026-03-01 22:27,ENG-1402,SUP-101,EMP175,TL-017,C,Tool_17,Torque Wrench,Plant-C,2026-01-08,2026-04-08,Maintenance,96.84,Atlas Copco,SN100016
M7791,MA1AB100000000791,WO10791,Sedan X,TRIM-1,STN-05,2026-03-01 22:28,ENG-1381,SUP-013,EMP380,TL-052,C,Tool_52,Torque Wrench,Plant-A,2026-04-12,2026-07-11,Out of Service,99.68,Ingersoll Rand,SN100051
M7792,MA1AB100000000792,WO10792,Sedan X,TRIM-1,STN-05,2026-03-01 22:30,ENG-1222,SUP-199,EMP166,TL-098,B,Tool_98,Press Tool,Plant-A,2026-06-01,2026-08-30,Active,98.11,Stanley,SN100097
M7793,MA1AB100000000793,WO10793,SUV Pro,GA-2,STN-04,2026-03-01 22:31,ENG-1202,SUP-167,EMP392,TL-026,B,Tool_26,Robot Arm,Plant-A,2026-05-25,2026-08-23,Out of Service,99.11,Atlas Copco,SN100025
M7794,MA1AB100000000794,WO10794,Sedan X,GA-1,STN-03,2026-03-01 22:32,ENG-1397,SUP-111,EMP265,TL-088,A,Tool_88,Welding Gun,Plant-B,2026-04-25,2026-07-24,Active,95.24,Stanley,SN100087
M7795,MA1AB100000000795,WO10795,Sedan X,TRIM-1,STN-04,2026-03-01 22:33,ENG-1187,SUP-090,EMP197,TL-042,C,Tool_42,Welding Gun,Plant-C,2026-03-03,2026-06-01,Out of Service,97.14,Ingersoll Rand,SN100041
M7796,MA1AB100000000796,WO10796,Hatch Z,GA-1,Stn-03,2026-03-01 22:35,ENG-1156,SUP-044,EMP279,TL-079,,Tool_79,Press Tool,Plant-C,2026-04-14,2026-07-13,Active,96.15,Ingersoll Rand,SN100078
M7797,MA1AB100000000797,WO10797,Hatch Z,GA-2,STN-04,2026-03-01 22:36,ENG-1022,SUP-060,EMP202,TL-088,C,Tool_88,Welding Gun,Plant-B,2026-04-25,2026-07-24,Active,95.24,Stanley,SN100087
M7798,MA1AB100000000798,WO10798,Sedan X,GA-1,STN-01,2026-03-01 22:37,ENG-1378,SUP-014,EMP224,TL-080,B,Tool_80,Robot Arm,Plant-B,2026-03-23,2026-06-21,Maintenance,97.79,Atlas Copco,SN100079
M7799,MA1AB100000000799,WO10799,SUV Pro,GA-1,STN-03,2026-03-01 22:38,ENG-1355,SUP-029,EMP256,TL-058,,Tool_58,Robot Arm,Plant-C,2026-04-28,2026-07-27,Active,96.6,Stanley,SN100057
M7800,MA1AB100000000800,WO10800,Sedan X,PAINT-1,STN-02,2026-03-01 22:40,ENG-1378,SUP-138,EMP208,TL-027,C,Tool_27,Robot Arm,Plant-A,2026-03-13,2026-06-11,Active,95.63,Atlas Copco,SN100026
M7801,MA1AB100000000801,WO10801,Hatch Z,TRIM-1,STN-05,2026-03-01 22:41,ENG-1373,SUP-037,EMP109,TL-049,A,Tool_49,Press Tool,Plant-A,2026-01-18,2026-04-18,Active,97.7,Atlas Copco,SN100048
M7802,MA1AB100000000802,WO10802,SUV Pro,GA-2,STN-01,2026-03-01 22:42,ENG-1145,SUP-052,EMP238,TL-007,,Tool_7,Nut Runner,Plant-B,2026-06-11,2026-09-09,Out of Service,95.88,Stanley,SN100006
M7803,MA1AB100000000803,WO10803,Hatch Z,GA-1,STN-01,2026-03-01 22:43,ENG-1198,SUP-170,EMP238,TL-085,C,Tool_85,Nut Runner,Plant-A,2026-01-29,2026-04-29,Out of Service,98.68,Stanley,SN100084
M7804,MA1AB100000000804,WO10804,Sedan X,GA-1,STN-03,2026-03-01 22:45,ENG-1444,SUP-167,EMP297,TL-030,,Tool_30,Nut Runner,Plant-A,2026-02-18,2026-05-19,Out of Service,97.07,Ingersoll Rand,SN100029
M7805,MA1AB100000000805,WO10805,Hatch Z,GA-1,STN-03,2026-03-01 22:46,ENG-1248,SUP-153,EMP372,TL-012,B,Tool_12,Press Tool,Plant-B,2026-05-30,2026-08-28,Out of Service,98.02,Bosch,SN100011
M7806,MA1AB100000000806,WO10806,Sedan X,TRIM-1,STN-05,2026-03-01 22:47,ENG-1474,SUP-183,EMP111,TL-006,B,Tool_6,Nut Runner,Plant-B,2026-01-25,2026-04-25,Maintenance,98.24,Ingersoll Rand,SN100005
M7807,MA1AB100000000807,WO10807,Hatch Z,PAINT-1,STN-03,2026-03-01 22:48,ENG-1250,SUP-101,EMP180,TL-003,C,Tool_3,Robot Arm,Plant-C,2026-02-25,2026-05-26,Active,97.36,Atlas Copco,SN100002
M7808,MA1AB100000000808,WO10808,Hatch Z,PAINT-1,STN-03,2026-03-01 22:50,ENG-1320,SUP-078,EMP220,TL-065,C,Tool_65,Torque Wrench,Plant-C,2026-01-31,2026-05-01,Maintenance,97.24,Bosch,SN100064
M7809,MA1AB100000000809,WO10809,Sedan X,PAINT-1,STN-04,2026-03-01 22:51,ENG-1455,SUP-008,EMP384,TL-036,B,Tool_36,Nut Runner,Plant-B,2026-02-08,2026-05-09,Active,95.2,Stanley,SN100035
M7810,MA1AB100000000810,WO10810,Sedan X,PAINT-1,STN-04,2026-03-01 22:52,ENG-1336,SUP-036,EMP144,TL-094,,Tool_94,Press Tool,Plant-C,2026-05-10,2026-08-08,Maintenance,98.64,Stanley,SN100093
M7811,MA1AB100000000811,WO10811,Hatch Z,GA-2,STN-04,2026-03-01 22:53,ENG-1123,SUP-147,EMP178,TL-055,C,Tool_55,Nut Runner,Plant-A,2026-01-22,2026-04-22,Out of Service,95.5,Atlas Copco,SN100054
M7812,MA1AB100000000812,WO10812,Hatch Z,PAINT-1,STN-04,2026-03-01 22:55,ENG-1277,SUP-034,EMP205,TL-084,B,Tool_84,Torque Wrench,Plant-C,2026-02-03,2026-05-04,Out of Service,97.78,Ingersoll Rand,SN100083
M7813,MA1AB100000000813,WO10813,Hatch Z,GA-2,Stn-03,2026-03-01 22:56,ENG-1070,SUP-080,EMP368,TL-018,,Tool_18,Robot Arm,Plant-B,2026-06-15,2026-09-13,Out of Service,95.48,Stanley,SN100017
M7814,MA1AB100000000814,WO10814,Sedan X,GA-2,STN-03,2026-03-01 22:57,ENG-1034,SUP-143,EMP372,TL-093,A,Tool_93,Nut Runner,Plant-A,2026-03-03,2026-06-01,Out of Service,98.43,Ingersoll Rand,SN100092
M7815,MA1AB100000000815,WO10815,Sedan X,PAINT-1,Stn-03,2026-03-01 22:58,ENG-1450,SUP-038,EMP115,TL-098,C,Tool_98,Press Tool,Plant-A,2026-06-01,2026-08-30,Active,98.11,Stanley,SN100097
M7816,MA1AB100000000816,WO10816,SUV Pro,TRIM-1,STN-03,2026-03-01 23:00,ENG-1226,SUP-191,EMP240,TL-020,B,Tool_20,Robot Arm,Plant-C,2026-06-24,2026-09-22,Active,99.27,Ingersoll Rand,SN100019
M7817,MA1AB100000000817,WO10817,Sedan X,GA-2,STN-02,2026-03-01 23:01,ENG-1013,SUP-196,EMP236,TL-078,B,Tool_78,Press Tool,Plant-A,2026-03-26,2026-06-24,Maintenance,99.88,Bosch,SN100077
M7818,MA1AB100000000818,WO10818,Hatch Z,GA-2,STN-02,2026-03-01 23:02,ENG-1351,SUP-007,EMP283,TL-011,,Tool_11,Welding Gun,Plant-B,2026-01-03,2026-04-03,Out of Service,99.43,Atlas Copco,SN100010
M7819,MA1AB100000000819,WO10819,Sedan X,TRIM-1, stn-05 ,2026-03-01 23:03,ENG-1332,SUP-096,EMP194,TL-050,,Tool_50,Welding Gun,Plant-C,2026-04-30,2026-07-29,Maintenance,98.51,Ingersoll Rand,SN100049
M7820,MA1AB100000000820,WO10820,SUV Pro,GA-2,STN-02,2026-03-01 23:05,ENG-1098,SUP-058,EMP116,TL-053,A,Tool_53,Nut Runner,Plant-A,2026-02-27,2026-05-28,Out of Service,96.41,Stanley,SN100052
M7821,MA1AB100000000821,WO10821,SUV Pro,TRIM-1,STN-02,2026-03-01 23:06,ENG-1380,SUP-172,EMP203,TL-097,B,Tool_97,Nut Runner,Plant-A,2026-04-22,2026-07-21,Active,99.35,Ingersoll Rand,SN100096
M7822,MA1AB100000000822,WO10822,Sedan X,GA-2,STN-04,2026-03-01 23:07,ENG-1443,SUP-158,EMP350,TL-089,C,Tool_89,Welding Gun,Plant-B,2026-06-20,2026-09-18,Out of Service,97.46,Stanley,SN100088
M7823,MA1AB100000000823,WO10823,SUV Pro,GA-2,STN-04,2026-03-01 23:08,ENG-1207,SUP-199,EMP121,TL-078,,Tool_78,Press Tool,Plant-A,2026-03-26,2026-06-24,Maintenance,99.88,Bosch,SN100077
M7824,MA1AB100000000824,WO10824,Hatch Z,PAINT-1,STN-04,2026-03-01 23:10,ENG-1313,SUP-191,EMP392,TL-077,A,Tool_77,Welding Gun,Plant-C,2026-04-12,2026-07-11,Active,98.71,Stanley,SN100076
M7825,MA1AB100000000825,WO10825,Hatch Z,GA-1,STN-04,2026-03-01 23:11,ENG-1233,SUP-011,EMP225,TL-067,,Tool_67,Torque Wrench,Plant-A,2026-02-10,2026-05-11,Active,95.24,Bosch,SN100066
M7826,MA1AB100000000826,WO10826,Hatch Z,GA-1,STN-05,2026-03-01 23:12,ENG-1198,SUP-133,EMP125,TL-025,C,Tool_25,Nut Runner,Plant-C,2026-02-19,2026-05-20,Out of Service,98.88,Atlas Copco,SN100024
M7827,MA1AB100000000827,WO10827,SUV Pro,TRIM-1,STN-03,2026-03-01 23:13,ENG-1396,SUP-074,EMP336,TL-022,,Tool_22,Press Tool,Plant-C,2026-03-22,2026-06-20,Out of Service,95.43,Bosch,SN100021
M7828,MA1AB100000000828,WO10828,SUV Pro,GA-1, stn-05 ,2026-03-01 23:15,ENG-1264,SUP-037,EMP337,TL-083,,Tool_83,Nut Runner,Plant-A,2026-01-22,2026-04-22,Out of Service,98.35,Bosch,SN100082
M7829,MA1AB100000000829,WO10829,Sedan X,GA-1,STN-02,2026-03-01 23:16,ENG-1398,SUP-150,EMP379,TL-018,,Tool_18,Robot Arm,Plant-B,2026-06-15,2026-09-13,Out of Service,95.48,Stanley,SN100017
M7830,MA1AB100000000830,WO10830,SUV Pro,PAINT-1,STN-04,2026-03-01 23:17,ENG-1012,SUP-046,EMP332,TL-076,B,Tool_76,Welding Gun,Plant-C,2026-02-22,2026-05-23,Maintenance,98.13,Ingersoll Rand,SN100075
M7831,MA1AB100000000831,WO10831,SUV Pro,GA-1,STN-03,2026-03-01 23:18,ENG-1165,SUP-178,EMP183,TL-092,A,Tool_92,Nut Runner,Plant-C,2026-06-25,2026-09-23,Active,97.7,Bosch,SN100091
M7832,MA1AB100000000832,WO10832,Sedan X,GA-1, stn-05 ,2026-03-01 23:20,ENG-1230,SUP-163,EMP285,TL-011,,Tool_11,Welding Gun,Plant-B,2026-01-03,2026-04-03,Out of Service,99.43,Atlas Copco,SN100010
M7833,MA1AB100000000833,WO10833,Hatch Z,GA-2,STN-04,2026-03-01 23:21,ENG-1281,SUP-098,EMP122,TL-099,B,Tool_99,Welding Gun,Plant-B,2026-05-20,2026-08-18,Active,97.05,Atlas Copco,SN100098
M7834,MA1AB100000000834,WO10834,SUV Pro,GA-2,STN-02,2026-03-01 23:22,ENG-1444,SUP-038,EMP191,TL-099,A,Tool_99,Welding Gun,Plant-B,2026-05-20,2026-08-18,Active,97.05,Atlas Copco,SN100098
M7835,MA1AB100000000835,WO10835,SUV Pro,PAINT-1,STN-03,2026-03-01 23:23,ENG-1373,SUP-197,EMP328,TL-037,B,Tool_37,Torque Wrench,Plant-A,2026-02-12,2026-05-13,Maintenance,95.39,Bosch,SN100036
M7836,MA1AB100000000836,WO10836,Sedan X,GA-2,STN-02,2026-03-01 23:25,ENG-1001,SUP-160,EMP229,TL-002,,Tool_2,Nut Runner,Plant-A,2026-04-22,2026-07-21,Active,97.47,Bosch,SN100001
M7837,MA1AB100000000837,WO10837,SUV Pro,TRIM-1,STN-05,2026-03-01 23:26,ENG-1413,SUP-002,EMP352,TL-031,B,Tool_31,Nut Runner,Plant-A,2026-01-31,2026-05-01,Active,97.01,Atlas Copco,SN100030
M7838,MA1AB100000000838,WO10838,Hatch Z,TRIM-1,STN-04,2026-03-01 23:27,ENG-1209,SUP-114,EMP140,TL-077,A,Tool_77,Welding Gun,Plant-C,2026-04-12,2026-07-11,Active,98.71,Stanley,SN100076
M7839,MA1AB100000000839,WO10839,Sedan X,PAINT-1,STN-05,2026-03-01 23:28,ENG-1321,SUP-143,EMP206,TL-007,B,Tool_7,Nut Runner,Plant-B,2026-06-11,2026-09-09,Out of Service,95.88,Stanley,SN100006
M7840,MA1AB100000000840,WO10840,Sedan X,GA-1, stn-05 ,2026-03-01 23:30,ENG-1178,SUP-010,EMP174,TL-005,C,Tool_5,Torque Wrench,Plant-C,2026-02-02,2026-05-03,Maintenance,99.68,Ingersoll Rand,SN100004
M7841,MA1AB100000000841,WO10841,SUV Pro,GA-1,STN-01,2026-03-01 23:31,ENG-1055,SUP-107,EMP191,TL-021,C,Tool_21,Press Tool,Plant-C,2026-01-09,2026-04-09,Out of Service,95.18,Atlas Copco,SN100020
M7842,MA1AB100000000842,WO10842,Hatch Z,GA-2,STN-04,2026-03-01 23:32,ENG-1383,SUP-149,EMP284,TL-005,A,Tool_5,Torque Wrench,Plant-C,2026-02-02,2026-05-03,Maintenance,99.68,Ingersoll Rand,SN100004
M7843,MA1AB100000000843,WO10843,SUV Pro,PAINT-1,STN-03,2026-03-01 23:33,ENG-1459,SUP-098,EMP134,TL-098,,Tool_98,Press Tool,Plant-A,2026-06-01,2026-08-30,Active,98.11,Stanley,SN100097
M7844,MA1AB100000000844,WO10844,Hatch Z,GA-1,STN-03,2026-03-01 23:70,ENG-1241,SUP-035,EMP162,TL-089,C,Tool_89,Welding Gun,Plant-B,2026-06-20,2026-09-18,Out of Service,97.46,Stanley,SN100088
M7845,MA1AB100000000845,WO10845,SUV Pro,TRIM-1,STN-05,2026-03-01 23:36,ENG-1107,SUP-179,EMP207,TL-079,A,Tool_79,Press Tool,Plant-C,2026-04-14,2026-07-13,Active,96.15,Ingersoll Rand,SN100078
M7846,MA1AB100000000846,WO10846,Sedan X,GA-1,STN-04,2026-03-01 23:37,ENG-1370,SUP-177,EMP247,TL-055,C,Tool_55,Nut Runner,Plant-A,2026-01-22,2026-04-22,Out of Service,95.5,Atlas Copco,SN100054
M7847,MA1AB100000000847,WO10847,SUV Pro,PAINT-1,STN-02,2026-03-01 23:38,ENG-1314,SUP-145,EMP354,TL-067,,Tool_67,Torque Wrench,Plant-A,2026-02-10,2026-05-11,Active,95.24,Bosch,SN100066
M7848,MA1AB100000000848,WO10848,SUV Pro,GA-2,STN-05,2026-03-01 23:40,ENG-1119,SUP-182,EMP248,TL-025,A,Tool_25,Nut Runner,Plant-C,2026-02-19,2026-05-20,Out of Service,98.88,Atlas Copco,SN100024
M7849,MA1AB100000000849,WO10849,Sedan X,GA-1,STN-04,2026-03-01 23:41,ENG-1320,SUP-031,EMP206,TL-079,,Tool_79,Press Tool,Plant-C,2026-04-14,2026-07-13,Active,96.15,Ingersoll Rand,SN100078
M7850,MA1AB100000000850,WO10850,SUV Pro,GA-1,STN-03,2026-03-01 23:42,ENG-1179,SUP-144,EMP208,TL-002,B,Tool_2,Nut Runner,Plant-A,2026-04-22,2026-07-21,Active,97.47,Bosch,SN100001
M7851,MA1AB100000000851,WO10851,Hatch Z,PAINT-1,STN-03,2026-03-01 23:43,ENG-1404,SUP-018,EMP257,TL-039,C,Tool_39,Nut Runner,Plant-C,2026-02-15,2026-05-16,Maintenance,97.07,Ingersoll Rand,SN100038
M7852,MA1AB100000000852,WO10852,Sedan X,GA-1, stn-05 ,2026-03-01 23:45,ENG-1170,SUP-088,EMP302,TL-093,A,Tool_93,Nut Runner,Plant-A,2026-03-03,2026-06-01,Out of Service,98.43,Ingersoll Rand,SN100092
M7853,MA1AB100000000853,WO10853,Sedan X,GA-2,STN-03,2026-03-01 23:46,ENG-1426,SUP-087,EMP345,TL-061,A,Tool_61,Nut Runner,Plant-C,2026-06-29,2026-09-27,Active,99.71,Ingersoll Rand,SN100060
M7854,MA1AB100000000854,WO10854,Hatch Z,GA-2,STN-04,2026-03-01 23:47,ENG-1079,SUP-161,EMP335,TL-069,C,Tool_69,Torque Wrench,Plant-B,2026-01-29,2026-04-29,Active,98.16,Bosch,SN100068
M7855,MA1AB100000000855,WO10855,SUV Pro,TRIM-1, stn-05 ,2026-03-01 23:48,ENG-1028,SUP-134,EMP253,TL-073,C,Tool_73,Welding Gun,Plant-C,2026-03-17,2026-06-15,Active,96.96,Ingersoll Rand,SN100072
M7856,MA1AB100000000856,WO10856,Hatch Z,GA-1,STN-02,2026-03-01 23:50,ENG-1295,SUP-176,EMP269,TL-046,A,Tool_46,Torque Wrench,Plant-C,2026-01-19,2026-04-19,Active,95.51,Ingersoll Rand,SN100045
M7857,MA1AB100000000857,WO10857,Sedan X,PAINT-1,Stn-03,2026-03-01 23:51,ENG-1015,SUP-087,EMP292,TL-081,B,Tool_81,Nut Runner,Plant-A,2026-06-21,2026-09-19,Maintenance,97.61,Atlas Copco,SN100080
M7858,MA1AB100000000858,WO10858,Hatch Z,TRIM-1,STN-02,2026-03-01 23:52,ENG-1304,SUP-030,EMP257,TL-091,C,Tool_91,Nut Runner,Plant-B,2026-03-20,2026-06-18,Active,95.45,Atlas Copco,SN100090
M7859,MA1AB100000000859,WO10859,Hatch Z,GA-1,STN-03,2026-03-01 23:53,ENG-1211,SUP-023,EMP354,TL-031,C,Tool_31,Nut Runner,Plant-A,2026-01-31,2026-05-01,Active,97.01,Atlas Copco,SN100030
M7860,MA1AB100000000860,WO10860,SUV Pro,PAINT-1,STN-02,2026-03-01 23:55,ENG-1268,SUP-078,EMP189,TL-015,C,Tool_15,Robot Arm,Plant-C,2026-05-26,2026-08-24,Out of Service,97.88,Atlas Copco,SN100014
M7861,MA1AB100000000861,WO10861,Sedan X,GA-2,STN-01,2026-03-01 23:56,ENG-1227,SUP-130,EMP112,TL-062,B,Tool_62,Robot Arm,Plant-A,2026-04-28,2026-07-27,Out of Service,95.44,Bosch,SN100061
M7862,MA1AB100000000862,WO10862,Sedan X,PAINT-1,STN-04,2026-03-01 23:57,ENG-1375,SUP-135,EMP258,TL-100,C,Tool_100,Welding Gun,Plant-A,2026-04-25,2026-07-24,Maintenance,97.13,Ingersoll Rand,SN100099
M7863,MA1AB100000000863,WO10863,Sedan X,GA-1,Stn-03,2026-03-01 23:58,ENG-1480,SUP-133,EMP167,TL-027,A,Tool_27,Robot Arm,Plant-A,2026-03-13,2026-06-11,Active,95.63,Atlas Copco,SN100026
M7864,MA1AB100000000864,WO10864,SUV Pro,TRIM-1, stn-05 ,2026-03-02 00:00,ENG-1442,SUP-134,EMP159,TL-001,C,Tool_1,Welding Gun,Plant-A,2026-05-21,2026-08-19,Maintenance,98.97,Bosch,SN100000
M7865,MA1AB100000000865,WO10865,Sedan X,GA-1,STN-03,2026/03/02 00:01,ENG-1239,SUP-012,EMP152,TL-067,C,Tool_67,Torque Wrench,Plant-A,2026-02-10,2026-05-11,Active,95.24,Bosch,SN100066
M7866,MA1AB100000000866,WO10866,Sedan X,PAINT-1, stn-05 ,2026-03-02 00:02,ENG-1456,SUP-054,EMP264,TL-026,B,Tool_26,Robot Arm,Plant-A,2026-05-25,2026-08-23,Out of Service,99.11,Atlas Copco,SN100025
M7867,MA1AB100000000867,WO10867,SUV Pro,PAINT-1,STN-05,2026-03-02 00:03,ENG-1163,SUP-198,EMP325,TL-086,A,Tool_86,Press Tool,Plant-B,2026-03-20,2026-06-18,Active,96.21,Bosch,SN100085
M7868,MA1AB100000000868,WO10868,SUV Pro,GA-2,STN-02,2026-03-02 00:05,ENG-1140,SUP-030,EMP107,TL-080,A,Tool_80,Robot Arm,Plant-B,2026-03-23,2026-06-21,Maintenance,97.79,Atlas Copco,SN100079
M7869,MA1AB100000000869,WO10869,Sedan X,PAINT-1,STN-05,2026-03-02 00:06,ENG-1163,SUP-070,EMP172,TL-091,C,Tool_91,Nut Runner,Plant-B,2026-03-20,2026-06-18,Active,95.45,Atlas Copco,SN100090
M7870,MA1AB100000000870,WO10870,Hatch Z,GA-2,STN-02,2026-03-02 00:07, eng-1001 ,SUP-019,EMP259,TL-079,C,Tool_79,Press Tool,Plant-C,2026-04-14,2026-07-13,Active,96.15,Ingersoll Rand,SN100078
M7871,MA1AB100000000871,WO10871,Hatch Z,TRIM-1,STN-01,2026-03-02 00:08,ENG-1066,SUP-008,EMP341,TL-087,A,Tool_87,Robot Arm,Plant-B,2026-02-09,2026-05-10,Maintenance,99.98,Stanley,SN100086
M7872,MA1AB100000000872,WO10872,Sedan X,TRIM-1,STN-01,2026-03-02 00:10,ENG-1044,SUP-110,EMP300,TL-023,,Tool_23,Welding Gun,Plant-A,2026-04-29,2026-07-28,Active,95.35,Bosch,SN100022
M7873,MA1AB100000000873,WO10873,Hatch Z,PAINT-1,STN-03,2026-03-02 00:11,ENG-1170,SUP-051,EMP373,TL-011,,Tool_11,Welding Gun,Plant-B,2026-01-03,2026-04-03,Out of Service,99.43,Atlas Copco,SN100010
M7874,MA1AB100000000874,WO10874,Hatch Z,GA-2,STN-01,2026-03-02 00:12,ENG-1416,SUP-179,EMP339,TL-013,,Tool_13,Nut Runner,Plant-B,2026-04-05,2026-07-04,Active,99.14,Bosch,SN100012
M7875,MA1AB100000000875,WO10875,SUV Pro,TRIM-1,STN-04,2026-03-02 00:13,ENG-1118,SUP-058,EMP173,TL-079,C,Tool_79,Press Tool,Plant-C,2026-04-14,2026-07-13,Active,96.15,Ingersoll Rand,SN100078
M7876,MA1AB100000000876,WO10876,SUV Pro,TRIM-1,STN-02,2026-03-02 00:15,ENG-1358,SUP-171,EMP269,TL-999,C,Unknown Tool,Unknown Type,,,,,,,
M7877,MA1AB100000000877,WO10877,SUV Pro,TRIM-1,STN-01,2026-03-02 00:16,ENG-1033,SUP-122,EMP157,TL-045,,Tool_45,Welding Gun,Plant-C,2026-03-10,2026-06-08,Active,98.94,Stanley,SN100044
M7878,MA1AB100000000878,WO10878,SUV Pro,GA-2,STN-03,2026-03-02 00:17,ENG-1393,SUP-090,EMP394,TL-017,A,Tool_17,Torque Wrench,Plant-C,2026-01-08,2026-04-08,Maintenance,96.84,Atlas Copco,SN100016
M7879,MA1AB100000000879,WO10879,SUV Pro,GA-1,STN-03,2026-03-02 00:18,ENG-1284,SUP-167,EMP136,TL-039,,Tool_39,Nut Runner,Plant-C,2026-02-15,2026-05-16,Maintenance,97.07,Ingersoll Rand,SN100038
M7880,MA1AB100000000880,WO10880,SUV Pro,TRIM-1,STN-02,2026-03-02 00:20,ENG-1317,SUP-063,EMP380,TL-021,,Tool_21,Press Tool,Plant-C,2026-01-09,2026-04-09,Out of Service,95.18,Atlas Copco,SN100020
M7881,MA1AB100000000881,WO10881,SUV Pro,GA-1,STN-03,2026-03-02 00:21,ENG-1106,SUP-178,EMP320,TL-999,,Unknown Tool,Unknown Type,,,,,,,
M7882,MA1AB100000000882,WO10882,Hatch Z,PAINT-1,STN-05,2026-03-02 00:22,ENG-1355,SUP-061,EMP188,TL-085,A,Tool_85,Nut Runner,Plant-A,2026-01-29,2026-04-29,Out of Service,98.68,Stanley,SN100084
M7883,MA1AB100000000883,WO10883,Hatch Z,TRIM-1,STN-01,2026-03-02 00:23,ENG-1303,SUP-153,EMP337,TL-042,A,Tool_42,Welding Gun,Plant-C,2026-03-03,2026-06-01,Out of Service,97.14,Ingersoll Rand,SN100041
M7884,MA1AB100000000884,WO10884,SUV Pro,GA-2,STN-03,2026-03-02 00:25,ENG-1489,SUP-104,EMP135,TL-077,A,Tool_77,Welding Gun,Plant-C,2026-04-12,2026-07-11,Active,98.71,Stanley,SN100076
M7885,MA1AB100000000885,WO10885,Hatch Z,TRIM-1,STN-03,2026-03-02 00:26,ENG-1253,SUP-166,EMP131,TL-012,B,Tool_12,Press Tool,Plant-B,2026-05-30,2026-08-28,Out of Service,98.02,Bosch,SN100011
M7886,MA1AB100000000886,WO10886,Sedan X,GA-1,Stn-03,2026-03-02 00:27,ENG-1075,SUP-170,EMP176,TL-058,C,Tool_58,Robot Arm,Plant-C,2026-04-28,2026-07-27,Active,96.6,Stanley,SN100057
M7887,MA1AB100000000887,WO10887,SUV Pro,TRIM-1,STN-02,2026-03-02 00:28,ENG-1105,SUP-175,EMP262,TL-039,C,Tool_39,Nut Runner,Plant-C,2026-02-15,2026-05-16,Maintenance,97.07,Ingersoll Rand,SN100038
M7888,MA1AB100000000888,WO10888,SUV Pro,PAINT-1,STN-01,2026-03-02 00:30,ENG-1298,,EMP104,TL-079,,Tool_79,Press Tool,Plant-C,2026-04-14,2026-07-13,Active,96.15,Ingersoll Rand,SN100078
M7889,MA1AB100000000889,WO10889,Sedan X,PAINT-1,STN-01,2026-03-02 00:31,ENG-1189,SUP-141,EMP127,TL-001,C,Tool_1,Welding Gun,Plant-A,2026-05-21,2026-08-19,Maintenance,98.97,Bosch,SN100000
M7890,MA1AB100000000890,WO10890,Sedan X,PAINT-1,Stn-03,2026-03-02 00:32,ENG-1015,SUP-061,EMP321,TL-090,,Tool_90,Nut Runner,Plant-C,2026-05-12,2026-08-10,Out of Service,97.28,Stanley,SN100089
M7891,MA1AB100000000891,WO10891,Hatch Z,PAINT-1, stn-05 ,2026-03-02 00:33,ENG-1195,SUP-104,EMP295,TL-056,B,Tool_56,Torque Wrench,Plant-C,2026-04-06,2026-07-05,Active,97.45,Atlas Copco,SN100055
M7892,MA1AB100000000892,WO10892,Hatch Z,GA-2,STN-04,2026-03-02 00:35,ENG-1071,SUP-049,EMP384,TL-050,C,Tool_50,Welding Gun,Plant-C,2026-04-30,2026-07-29,Maintenance,98.51,Ingersoll Rand,SN100049
M7893,MA1AB100000000893,WO10893,SUV Pro,GA-2,STN-03,2026-03-02 00:36,ENG-1446,SUP-172,EMP164,TL-018,A,Tool_18,Robot Arm,Plant-B,2026-06-15,2026-09-13,Out of Service,95.48,Stanley,SN100017
M7894,MA1AB100000000894,WO10894,Sedan X,GA-1,STN-02,2026-03-02 00:37,ENG-1369,SUP-125,EMP323,TL-018,A,Tool_18,Robot Arm,Plant-B,2026-06-15,2026-09-13,Out of Service,95.48,Stanley,SN100017
M7895,MA1AB100000000895,WO10895,Sedan X,TRIM-1,Stn-03,2026-03-02 00:38,ENG-1233,SUP-179,EMP317,TL-080,B,Tool_80,Robot Arm,Plant-B,2026-03-23,2026-06-21,Maintenance,97.79,Atlas Copco,SN100079
M7896,MA1AB100000000896,WO10896,SUV Pro,TRIM-1,STN-05,2026-03-02 00:40,ENG-1419,SUP-116,EMP296,TL-046,B,Tool_46,Torque Wrench,Plant-C,2026-01-19,2026-04-19,Active,95.51,Ingersoll Rand,SN100045
M7897,MA1AB100000000897,WO10897,Sedan X,TRIM-1,STN-05,2026-03-02 00:41,ENG-1003,SUP-148,EMP355,TL-094,B,Tool_94,Press Tool,Plant-C,2026-05-10,2026-08-08,Maintenance,98.64,Stanley,SN100093
M7898,MA1AB100000000898,WO10898,Hatch Z,PAINT-1,STN-04,2026-03-02 00:42,ENG-1474,SUP-140,EMP395,TL-047,A,Tool_47,Robot Arm,Plant-A,2026-04-17,2026-07-16,Active,99.69,Ingersoll Rand,SN100046
M7899,MA1AB100000000899,WO10899,Sedan X,TRIM-1, stn-05 ,2026-03-02 00:43,ENG-1188,SUP-029,EMP397,TL-062,A,Tool_62,Robot Arm,Plant-A,2026-04-28,2026-07-27,Out of Service,95.44,Bosch,SN100061
M7900,MA1AB100000000900,WO10900,Sedan X,PAINT-1,STN-04,2026-03-02 00:45,ENG-1264,SUP-021,EMP367,TL-079,A,Tool_79,Press Tool,Plant-C,2026-04-14,2026-07-13,Active,96.15,Ingersoll Rand,SN100078
M7901,MA1AB100000000901,WO10901,Sedan X,TRIM-1, stn-05 ,2026-03-02 00:46,ENG-1379,SUP-170,EMP139,TL-088,C,Tool_88,Welding Gun,Plant-B,2026-04-25,2026-07-24,Active,95.24,Stanley,SN100087
M7902,MA1AB100000000902,WO10902,Hatch Z,GA-1,STN-03,2026-03-02 00:47,ENG-1273,SUP-200,EMP105,TL-061,,Tool_61,Nut Runner,Plant-C,2026-06-29,2026-09-27,Active,99.71,Ingersoll Rand,SN100060
M7903,MA1AB100000000903,WO10903,Hatch Z,TRIM-1,STN-05,2026-03-02 00:48,ENG-1375,SUP-085,EMP315,TL-046,C,Tool_46,Torque Wrench,Plant-C,2026-01-19,2026-04-19,Active,95.51,Ingersoll Rand,SN100045
M7904,MA1AB100000000904,WO10904,SUV Pro,GA-2,STN-01,2026-03-02 00:50,ENG-1355,SUP-153,EMP255,TL-094,C,Tool_94,Press Tool,Plant-C,2026-05-10,2026-08-08,Maintenance,98.64,Stanley,SN100093
M7905,MA1AB100000000905,WO10905,Sedan X,TRIM-1,STN-05,2026-03-02 00:51,ENG-1086,SUP-147,EMP126,TL-085,C,Tool_85,Nut Runner,Plant-A,2026-01-29,2026-04-29,Out of Service,98.68,Stanley,SN100084
M7906,MA1AB100000000906,WO10906,Hatch Z,GA-1,STN-03,2026-03-02 00:52,ENG-1248,SUP-022,EMP164,TL-065,A,Tool_65,Torque Wrench,Plant-C,2026-01-31,2026-05-01,Maintenance,97.24,Bosch,SN100064
M7907,MA1AB100000000907,WO10907,SUV Pro,PAINT-1,STN-02,2026-03-02 00:53,ENG-1315,SUP-072,EMP240,TL-033,A,Tool_33,Welding Gun,Plant-C,2026-02-25,2026-05-26,Active,97.63,Bosch,SN100032
M7908,MA1AB100000000908,WO10908,Hatch Z,GA-1,STN-05,2026-03-02 00:55,ENG-1089,SUP-152,EMP177,TL-085,,Tool_85,Nut Runner,Plant-A,2026-01-29,2026-04-29,Out of Service,98.68,Stanley,SN100084
M7909,MA1AB100000000909,WO10909,SUV Pro,GA-2,STN-03,2026-03-02 00:56,ENG-1400,SUP-180,EMP220,TL-063,B,Tool_63,Welding Gun,Plant-B,2026-03-03,2026-06-01,Active,99.78,Ingersoll Rand,SN100062
M7910,MA1AB100000000910,WO10910,Hatch Z,GA-1,STN-03,2026-03-02 00:57,ENG-1043,SUP-038,EMP178,TL-064,,Tool_64,Press Tool,Plant-A,2026-02-03,2026-05-04,Active,98.09,Atlas Copco,SN100063
M7911,MA1AB100000000911,WO10911,SUV Pro,GA-2, stn-05 ,2026-03-02 00:58,ENG-1225,SUP-186,EMP185,TL-027,C,Tool_27,Robot Arm,Plant-A,2026-03-13,2026-06-11,Active,95.63,Atlas Copco,SN100026
M7912,MA1AB100000000912,WO10912,Sedan X,PAINT-1,Stn-03,2026-03-02 01:00,ENG-1419,SUP-030,EMP126,TL-022,,Tool_22,Press Tool,Plant-C,2026-03-22,2026-06-20,Out of Service,95.43,Bosch,SN100021
M7913,MA1AB100000000913,WO10913,SUV Pro,TRIM-1,STN-03,2026-03-02 01:01,ENG-1243,SUP-192,EMP372,TL-030,,Tool_30,Nut Runner,Plant-A,2026-02-18,2026-05-19,Out of Service,97.07,Ingersoll Rand,SN100029
M7914,MA1AB100000000914,WO10914,Hatch Z,TRIM-1,STN-04,2026-03-02 01:02,ENG-1134,SUP-038,EMP371,TL-056,A,Tool_56,Torque Wrench,Plant-C,2026-04-06,2026-07-05,Active,97.45,Atlas Copco,SN100055
M7915,MA1AB100000000915,WO10915,SUV Pro,TRIM-1,STN-04,2026-03-02 01:03,ENG-1347,SUP-081,EMP371,TL-088,A,Tool_88,Welding Gun,Plant-B,2026-04-25,2026-07-24,Active,95.24,Stanley,SN100087
M7916,MA1AB100000000916,WO10916,Sedan X,PAINT-1,Stn-03,2026-03-02 01:05,ENG-1221,SUP-157,EMP239,TL-043,C,Tool_43,Torque Wrench,Plant-B,2026-04-28,2026-07-27,Active,96.51,Ingersoll Rand,SN100042
M7917,MA1AB100000000917,WO10917,SUV Pro,GA-1,STN-03,2026-03-02 01:06,ENG-1335,SUP-150,EMP300,TL-060,B,Tool_60,Welding Gun,Plant-B,2026-02-09,2026-05-10,Active,95.55,Atlas Copco,SN100059
M7918,MA1AB100000000918,WO10918,Hatch Z,GA-2,STN-05,2026-03-02 01:07,ENG-1172,SUP-174,EMP192,TL-041,A,Tool_41,Robot Arm,Plant-A,2026-02-27,2026-05-28,Maintenance,97.13,Atlas Copco,SN100040
M7919,MA1AB100000000919,WO10919,Hatch Z,GA-1,Stn-03,2026-03-02 01:08,ENG-1034,SUP-004,EMP310,TL-013,A,Tool_13,Nut Runner,Plant-B,2026-04-05,2026-07-04,Active,99.14,Bosch,SN100012
M7920,MA1AB100000000920,WO10920,Hatch Z,TRIM-1,STN-03,2026-03-02 01:10,ENG-1112,SUP-186,EMP245,TL-033,B,Tool_33,Welding Gun,Plant-C,2026-02-25,2026-05-26,Active,97.63,Bosch,SN100032
M7921,MA1AB100000000921,WO10921,Sedan X,GA-1,STN-05,2026-03-02 01:11,ENG-1047,SUP-015,EMP211,TL-077,A,Tool_77,Welding Gun,Plant-C,2026-04-12,2026-07-11,Active,98.71,Stanley,SN100076
M7922,MA1AB100000000922,WO10922,Hatch Z,GA-1,STN-01,2026-03-02 01:12,ENG-1438,SUP-155,EMP166,TL-049,B,Tool_49,Press Tool,Plant-A,2026-01-18,2026-04-18,Active,97.7,Atlas Copco,SN100048
M7923,MA1AB100000000923,WO10923,Sedan X,GA-2,STN-03,2026-03-02 01:13,ENG-1150,SUP-120,EMP138,TL-082,,Tool_82,Nut Runner,Plant-B,2026-03-18,2026-06-16,Active,95.75,Atlas Copco,SN100081
M7924,MA1AB100000000924,WO10924,SUV Pro,TRIM-1, stn-05 ,2026-03-02 01:15,ENG-1462,SUP-171,EMP265,TL-033,B,Tool_33,Welding Gun,Plant-C,2026-02-25,2026-05-26,Active,97.63,Bosch,SN100032
M7925,MA1AB100000000925,WO10925,Sedan X,PAINT-1,Stn-03,2026-03-02 01:16,ENG-1031,SUP-098,EMP298,TL-043,A,Tool_43,Torque Wrench,Plant-B,2026-04-28,2026-07-27,Active,96.51,Ingersoll Rand,SN100042
M7926,MA1AB100000000926,WO10926,SUV Pro,PAINT-1,STN-02,2026-03-02 01:17,ENG-1225,SUP-018,EMP351,TL-026,,Tool_26,Robot Arm,Plant-A,2026-05-25,2026-08-23,Out of Service,99.11,Atlas Copco,SN100025
M7927,MA1AB100000000927,WO10927,Sedan X,TRIM-1,STN-01,2026-03-02 01:18,ENG-1073,SUP-139,EMP320,TL-028,A,Tool_28,Press Tool,Plant-C,2026-01-25,2026-04-25,Out of Service,97.87,Ingersoll Rand,SN100027
M7928,MA1AB100000000928,WO10928,SUV Pro,PAINT-1,STN-01,2026-03-02 01:20,ENG-1017,SUP-019,EMP136,TL-074,C,Tool_74,Robot Arm,Plant-B,2026-01-04,2026-04-04,Active,97.63,Stanley,SN100073
M7929,MA1AB100000000929,WO10929,SUV Pro,GA-1,STN-04,2026-03-02 01:21,ENG-1076,SUP-168,EMP100,TL-005,,Tool_5,Torque Wrench,Plant-C,2026-02-02,2026-05-03,Maintenance,99.68,Ingersoll Rand,SN100004
M7930,MA1AB100000000930,WO10930,SUV Pro,GA-2, stn-05 ,2026-03-02 01:22,ENG-1168,SUP-101,EMP394,TL-001,,Tool_1,Welding Gun,Plant-A,2026-05-21,2026-08-19,Maintenance,98.97,Bosch,SN100000
M7931,MA1AB100000000931,WO10931,SUV Pro,TRIM-1,STN-04,2026-03-02 01:23,ENG-1432,SUP-187,EMP135,TL-070,B,Tool_70,Robot Arm,Plant-C,2026-04-23,2026-07-22,Maintenance,98.03,Bosch,SN100069
M7932,MA1AB100000000932,WO10932,Sedan X,TRIM-1, stn-05 ,2026-03-02 01:25,ENG-1418,SUP-200,EMP346,TL-016,C,Tool_16,Robot Arm,Plant-B,2026-04-27,2026-07-26,Active,98.18,Atlas Copco,SN100015
M7933,MA1AB100000000933,WO10933,SUV Pro,PAINT-1,STN-04,2026-03-02 01:26,ENG-1028,SUP-162,EMP146,TL-047,C,Tool_47,Robot Arm,Plant-A,2026-04-17,2026-07-16,Active,99.69,Ingersoll Rand,SN100046
M7934,MA1AB100000000934,WO10934,Sedan X,TRIM-1,Stn-03,2026-03-02 01:27,ENG-1392,SUP-075,EMP203,TL-023,A,Tool_23,Welding Gun,Plant-A,2026-04-29,2026-07-28,Active,95.35,Bosch,SN100022
M7935,MA1AB100000000935,WO10935,SUV Pro,GA-2,STN-03,2026-03-02 01:28,ENG-1356,SUP-100,EMP154,TL-081,C,Tool_81,Nut Runner,Plant-A,2026-06-21,2026-09-19,Maintenance,97.61,Atlas Copco,SN100080
M7936,MA1AB100000000936,WO10936,SUV Pro,GA-1, stn-05 ,2026-03-02 01:30,ENG-1224,SUP-189,EMP197,TL-018,A,Tool_18,Robot Arm,Plant-B,2026-06-15,2026-09-13,Out of Service,95.48,Stanley,SN100017
M7937,MA1AB100000000937,WO10937,Sedan X,GA-1, stn-05 ,2026-03-02 01:31,ENG-1303,SUP-062,EMP350,TL-050,A,Tool_50,Welding Gun,Plant-C,2026-04-30,2026-07-29,Maintenance,98.51,Ingersoll Rand,SN100049
M7938,MA1AB100000000938,WO10938,Hatch Z,PAINT-1,STN-04,2026-03-02 01:32,ENG-1273,SUP-116,EMP108,TL-005,C,Tool_5,Torque Wrench,Plant-C,2026-02-02,2026-05-03,Maintenance,99.68,Ingersoll Rand,SN100004
M7939,MA1AB100000000939,WO10939,Sedan X,PAINT-1,Stn-03,2026-03-02 01:33,ENG-1369,SUP-011,EMP307,TL-016,B,Tool_16,Robot Arm,Plant-B,2026-04-27,2026-07-26,Active,98.18,Atlas Copco,SN100015
M7940,MA1AB100000000940,WO10940,Hatch Z,TRIM-1, stn-05 ,2026-03-02 01:35,ENG-1445,SUP-138,EMP176,TL-095,B,Tool_95,Nut Runner,Plant-A,2026-06-25,2026-09-23,Active,99.37,Bosch,SN100094
M7941,MA1AB100000000941,WO10941,Sedan X,GA-1, stn-05 ,2026-03-02 01:36,ENG-1072,SUP-126,EMP109,TL-061,A,Tool_61,Nut Runner,Plant-C,2026-06-29,2026-09-27,Active,99.71,Ingersoll Rand,SN100060
M7942,MA1AB100000000942,WO10942,Sedan X,GA-2,STN-01,2026-03-02 01:37,ENG-1088,SUP-162,EMP125,TL-040,A,Tool_40,Welding Gun,Plant-A,2026-04-02,2026-07-01,Active,98.84,Atlas Copco,SN100039
M7943,MA1AB100000000943,WO10943,SUV Pro,GA-2,Stn-03,2026-03-02 01:38,ENG-1302,SUP-017,EMP154,TL-015,,Tool_15,Robot Arm,Plant-C,2026-05-26,2026-08-24,Out of Service,97.88,Atlas Copco,SN100014
M7944,MA1AB100000000944,WO10944,Hatch Z,GA-2,STN-01,2026-03-02 01:40,ENG-1411,SUP-052,EMP318,TL-044,,Tool_44,Press Tool,Plant-C,2026-01-16,2026-04-16,Maintenance,99.03,Bosch,SN100043
M7945,MA1AB100000000945,WO10945,SUV Pro,GA-1, stn-05 ,2026-03-02 01:41,ENG-1294,SUP-140,EMP170,TL-042,B,Tool_42,Welding Gun,Plant-C,2026-03-03,2026-06-01,Out of Service,97.14,Ingersoll Rand,SN100041
M7946,MA1AB100000000946,WO10946,Sedan X,GA-2,STN-03,2026-03-02 01:42,ENG-1032,SUP-031,EMP240,TL-019,,Tool_19,Torque Wrench,Plant-B,2026-05-30,2026-08-28,Active,96.08,Atlas Copco,SN100018
M7947,MA1AB100000000947,WO10947,Sedan X,PAINT-1,STN-05,2026-03-02 01:43,ENG-1084,SUP-113,EMP224,TL-075,A,Tool_75,Press Tool,Plant-C,2026-04-22,2026-07-21,Active,99.86,Ingersoll Rand,SN100074
M7948,MA1AB100000000948,WO10948,Sedan X,GA-1,Stn-03,2026-03-02 01:45,ENG-1433,SUP-162,EMP292,TL-100,B,Tool_100,Welding Gun,Plant-A,2026-04-25,2026-07-24,Maintenance,97.13,Ingersoll Rand,SN100099
M7949,MA1AB100000000949,WO10949,Sedan X,TRIM-1,STN-01,2026-03-02 01:46,ENG-1003,SUP-002,EMP191,TL-012,C,Tool_12,Press Tool,Plant-B,2026-05-30,2026-08-28,Out of Service,98.02,Bosch,SN100011
M7950,MA1AB100000000950,WO10950,SUV Pro,TRIM-1, stn-05 ,2026-03-02 01:47,ENG-1064,SUP-053,EMP173,TL-082,C,Tool_82,Nut Runner,Plant-B,2026-03-18,2026-06-16,Active,95.75,Atlas Copco,SN100081
M7951,MA1AB100000000951,WO10951,Hatch Z,TRIM-1,STN-04,2026-03-02 01:48,ENG-1122,SUP-045,EMP119,TL-077,B,Tool_77,Welding Gun,Plant-C,2026-04-12,2026-07-11,Active,98.71,Stanley,SN100076
M7952,MA1AB100000000952,WO10952,Hatch Z,TRIM-1,STN-05,2026-03-02 01:50,ENG-1486,SUP-023,EMP254,TL-045,,Tool_45,Welding Gun,Plant-C,2026-03-10,2026-06-08,Active,98.94,Stanley,SN100044
M7953,MA1AB100000000953,WO10953,Sedan X,GA-2,STN-02,2026-03-02 01:51,ENG-1060,SUP-136,EMP148,TL-080,C,Tool_80,Robot Arm,Plant-B,2026-03-23,2026-06-21,Maintenance,97.79,Atlas Copco,SN100079
M7954,MA1AB100000000954,WO10954,Hatch Z,GA-2,STN-04,2026-03-02 01:52,ENG-1394,SUP-161,EMP206,TL-036,A,Tool_36,Nut Runner,Plant-B,2026-02-08,2026-05-09,Active,95.2,Stanley,SN100035
M7955,MA1AB100000000955,WO10955,Sedan X,GA-1,Stn-03,2026-03-02 01:53,ENG-1076,SUP-176,EMP342,TL-064,B,Tool_64,Press Tool,Plant-A,2026-02-03,2026-05-04,Active,98.09,Atlas Copco,SN100063
M7956,MA1AB100000000956,WO10956,Sedan X,GA-1,STN-01,2026-03-02 01:55,ENG-1330,SUP-094,EMP245,TL-027,,Tool_27,Robot Arm,Plant-A,2026-03-13,2026-06-11,Active,95.63,Atlas Copco,SN100026
M7957,MA1AB100000000957,WO10957,SUV Pro,PAINT-1,STN-05,2026-03-02 01:56,ENG-1412,SUP-195,EMP332,TL-006,A,Tool_6,Nut Runner,Plant-B,2026-01-25,2026-04-25,Maintenance,98.24,Ingersoll Rand,SN100005
M7958,MA1AB100000000958,WO10958,Hatch Z,GA-1,STN-05,2026-03-02 01:57,ENG-1090,SUP-041,EMP114,TL-063,A,Tool_63,Welding Gun,Plant-B,2026-03-03,2026-06-01,Active,99.78,Ingersoll Rand,SN100062
M7959,MA1AB100000000959,WO10959,Sedan X,GA-2, stn-05 ,2026-03-02 01:58,ENG-1227,SUP-152,EMP396,TL-042,,Tool_42,Welding Gun,Plant-C,2026-03-03,2026-06-01,Out of Service,97.14,Ingersoll Rand,SN100041
M7960,MA1AB100000000960,WO10960,Sedan X,PAINT-1,STN-02,2026-03-02 02:00,ENG-1398,SUP-029,EMP266,TL-030,A,Tool_30,Nut Runner,Plant-A,2026-02-18,2026-05-19,Out of Service,97.07,Ingersoll Rand,SN100029
M7961,MA1AB100000000961,WO10961,Sedan X,TRIM-1,Stn-03,2026-03-02 02:01,ENG-1102,SUP-097,EMP212,TL-010,,Tool_10,Welding Gun,Plant-B,2026-02-07,2026-05-08,Maintenance,98.91,Atlas Copco,SN100009
M7962,MA1AB100000000962,WO10962,Hatch Z,TRIM-1,STN-01,2026-03-02 02:02,ENG-1455,SUP-112,EMP174,TL-028,,Tool_28,Press Tool,Plant-C,2026-01-25,2026-04-25,Out of Service,97.87,Ingersoll Rand,SN100027
M7963,MA1AB100000000963,WO10963,Sedan X,TRIM-1,STN-03,2026-03-02 02:03,ENG-1069,SUP-118,EMP199,TL-081,C,Tool_81,Nut Runner,Plant-A,2026-06-21,2026-09-19,Maintenance,97.61,Atlas Copco,SN100080
M7964,MA1AB100000000964,WO10964,SUV Pro,GA-2,STN-03,2026-03-02 02:05,ENG-1065,SUP-009,EMP391,TL-008,C,Tool_8,Welding Gun,Plant-A,2026-06-05,2026-09-03,Maintenance,95.49,Ingersoll Rand,SN100007
M7965,MA1AB100000000965,WO10965,Sedan X,GA-1,Stn-03,2026-03-02 02:06,ENG-1238,SUP-118,EMP314,TL-022,C,Tool_22,Press Tool,Plant-C,2026-03-22,2026-06-20,Out of Service,95.43,Bosch,SN100021
M7966,MA1AB100000000966,WO10966,Sedan X,PAINT-1,STN-05,2026-03-02 02:07,ENG-1080,SUP-164,EMP187,TL-074,B,Tool_74,Robot Arm,Plant-B,2026-01-04,2026-04-04,Active,97.63,Stanley,SN100073
M7967,MA1AB100000000967,WO10967,Sedan X,TRIM-1,Stn-03,2026-03-02 02:08,ENG-1267,SUP-126,EMP210,TL-076,,Tool_76,Welding Gun,Plant-C,2026-02-22,2026-05-23,Maintenance,98.13,Ingersoll Rand,SN100075
M7968,MA1AB100000000968,WO10968,SUV Pro,PAINT-1,STN-01,2026-03-02 02:10,ENG-1373,SUP-110,EMP226,TL-032,C,Tool_32,Press Tool,Plant-A,2026-03-27,2026-06-25,Maintenance,97.67,Bosch,SN100031
M7969,MA1AB100000000969,WO10969,SUV Pro,GA-2,STN-05,2026-03-02 02:11,ENG-1484,SUP-039,EMP393,TL-001,,Tool_1,Welding Gun,Plant-A,2026-05-21,2026-08-19,Maintenance,98.97,Bosch,SN100000
M7970,MA1AB100000000970,WO10970,Sedan X,GA-1,STN-04,2026-03-02 02:12,ENG-1375,SUP-197,EMP358,TL-005,,Tool_5,Torque Wrench,Plant-C,2026-02-02,2026-05-03,Maintenance,99.68,Ingersoll Rand,SN100004
M7971,MA1AB100000000971,WO10971,Hatch Z,TRIM-1,STN-04,2026-03-02 02:13,ENG-1414,SUP-179,EMP150,TL-058,,Tool_58,Robot Arm,Plant-C,2026-04-28,2026-07-27,Active,96.6,Stanley,SN100057
M7972,MA1AB100000000972,WO10972,Sedan X,GA-1,STN-05,2026-03-02 02:15,ENG-1385,SUP-004,EMP308,TL-028,B,Tool_28,Press Tool,Plant-C,2026-01-25,2026-04-25,Out of Service,97.87,Ingersoll Rand,SN100027
M7973,MA1AB100000000973,WO10973,SUV Pro,PAINT-1,STN-02,2026-03-02 02:16,ENG-1331,SUP-024,EMP108,TL-062,C,Tool_62,Robot Arm,Plant-A,2026-04-28,2026-07-27,Out of Service,95.44,Bosch,SN100061
M7974,MA1AB100000000974,WO10974,Sedan X,TRIM-1,Stn-03,2026-03-02 02:17,ENG-1292,SUP-192,EMP398,TL-004,,Tool_4,Press Tool,Plant-A,2026-01-19,2026-04-19,Active,97.49,Bosch,SN100003
M7975,MA1AB100000000975,WO10975,SUV Pro,GA-2,Stn-03,2026-03-02 02:18,ENG-1360,SUP-104,EMP194,TL-048,,Tool_48,Nut Runner,Plant-B,2026-04-17,2026-07-16,Active,96.56,Stanley,SN100047
M7976,MA1AB100000000976,WO10976,Hatch Z,GA-1,Stn-03,2026-03-02 02:20,ENG-1321,SUP-019,EMP297,TL-089,C,Tool_89,Welding Gun,Plant-B,2026-06-20,2026-09-18,Out of Service,97.46,Stanley,SN100088
M7977,MA1AB100000000977,WO10977,Hatch Z,GA-1,STN-03,2026-03-02 02:21,ENG-1218,SUP-193,EMP238,TL-090,B,Tool_90,Nut Runner,Plant-C,2026-05-12,2026-08-10,Out of Service,97.28,Stanley,SN100089
M7978,MA1AB100000000978,WO10978,Hatch Z,GA-1,STN-05,2026-03-02 02:22,ENG-1450,SUP-086,EMP128,TL-066,C,Tool_66,Nut Runner,Plant-A,2026-01-13,2026-04-13,Maintenance,98.63,Stanley,SN100065
M7979,MA1AB100000000979,WO10979,Sedan X,GA-1,STN-04,2026-03-02 02:23,ENG-1187,SUP-120,EMP120,TL-047,C,Tool_47,Robot Arm,Plant-A,2026-04-17,2026-07-16,Active,99.69,Ingersoll Rand,SN100046
M7980,MA1AB100000000980,WO10980,Sedan X,GA-1,STN-05,2026-03-02 02:25,ENG-1363,SUP-199,EMP204,TL-018,C,Tool_18,Robot Arm,Plant-B,2026-06-15,2026-09-13,Out of Service,95.48,Stanley,SN100017
M7981,MA1AB100000000981,WO10981,Sedan X,GA-1, stn-05 ,2026-03-02 02:26,ENG-1244,SUP-189,EMP397,TL-090,B,Tool_90,Nut Runner,Plant-C,2026-05-12,2026-08-10,Out of Service,97.28,Stanley,SN100089
M7982,MA1AB100000000982,WO10982,Hatch Z,GA-2,STN-03,2026-03-02 02:27,ENG-1180,SUP-069,EMP357,TL-088,,Tool_88,Welding Gun,Plant-B,2026-04-25,2026-07-24,Active,95.24,Stanley,SN100087
M7983,MA1AB100000000983,WO10983,SUV Pro,GA-1,STN-01,2026-03-02 02:28,ENG-1190,SUP-089,EMP331,TL-063,A,Tool_63,Welding Gun,Plant-B,2026-03-03,2026-06-01,Active,99.78,Ingersoll Rand,SN100062
M7984,MA1AB100000000984,WO10984,SUV Pro,PAINT-1,STN-04,2026-03-02 02:30,ENG-1317,SUP-095,EMP133,TL-025,,Tool_25,Nut Runner,Plant-C,2026-02-19,2026-05-20,Out of Service,98.88,Atlas Copco,SN100024
M7985,MA1AB100000000985,WO10985,Sedan X,GA-1,STN-04,2026-03-02 02:31,ENG-1459,SUP-046,EMP247,TL-010,A,Tool_10,Welding Gun,Plant-B,2026-02-07,2026-05-08,Maintenance,98.91,Atlas Copco,SN100009
M7986,MA1AB100000000986,WO10986,Sedan X,PAINT-1,STN-01,2026-03-02 02:32,ENG-1356,SUP-038,EMP354,TL-020,B,Tool_20,Robot Arm,Plant-C,2026-06-24,2026-09-22,Active,99.27,Ingersoll Rand,SN100019
M7987,MA1AB100000000987,WO10987,Hatch Z,GA-1,STN-03,2026-03-02 02:33,ENG-1213,SUP-175,EMP377,TL-017,,Tool_17,Torque Wrench,Plant-C,2026-01-08,2026-04-08,Maintenance,96.84,Atlas Copco,SN100016
M7988,MA1AB100000000988,WO10988,SUV Pro,TRIM-1,STN-04,2026-03-02 02:35,ENG-1377,SUP-166,EMP110,TL-038,B,Tool_38,Welding Gun,Plant-B,2026-04-18,2026-07-17,Active,97.87,Ingersoll Rand,SN100037
M7989,MA1AB100000000989,WO10989,Sedan X,GA-1,Stn-03,2026-03-02 02:36,ENG-1410,SUP-060,EMP366,TL-083,C,Tool_83,Nut Runner,Plant-A,2026-01-22,2026-04-22,Out of Service,98.35,Bosch,SN100082
M7990,MA1AB100000000990,WO10990,SUV Pro,PAINT-1, stn-05 ,2026-03-02 02:37,ENG-1330,SUP-084,EMP348,TL-076,,Tool_76,Welding Gun,Plant-C,2026-02-22,2026-05-23,Maintenance,98.13,Ingersoll Rand,SN100075
M7991,MA1AB100000000991,WO10991,SUV Pro,PAINT-1,STN-05,2026-03-02 02:38,ENG-1067,SUP-079,EMP187,TL-034,B,Tool_34,Torque Wrench,Plant-A,2026-06-25,2026-09-23,Out of Service,99.85,Stanley,SN100033
M7992,MA1AB100000000992,WO10992,SUV Pro,PAINT-1,STN-03,2026-03-02 02:40,ENG-1394,SUP-013,EMP175,TL-046,C,Tool_46,Torque Wrench,Plant-C,2026-01-19,2026-04-19,Active,95.51,Ingersoll Rand,SN100045
M7993,MA1AB100000000993,WO10993,SUV Pro,GA-2,STN-05,2026-03-02 02:41,ENG-1473,SUP-042,EMP374,TL-037,B,Tool_37,Torque Wrench,Plant-A,2026-02-12,2026-05-13,Maintenance,95.39,Bosch,SN100036
M7994,MA1AB100000000994,WO10994,Sedan X,GA-2,STN-02,2026-03-02 02:42,ENG-1121,SUP-030,EMP121,TL-041,B,Tool_41,Robot Arm,Plant-A,2026-02-27,2026-05-28,Maintenance,97.13,Atlas Copco,SN100040
M7995,MA1AB100000000995,WO10995,SUV Pro,PAINT-1,STN-03,2026-03-02 02:43,ENG-1094,SUP-053,EMP387,TL-091,A,Tool_91,Nut Runner,Plant-B,2026-03-20,2026-06-18,Active,95.45,Atlas Copco,SN100090
M7996,MA1AB100000000996,WO10996,Hatch Z,PAINT-1,STN-03,2026-03-02 02:45,ENG-1075,SUP-096,EMP329,TL-070,B,Tool_70,Robot Arm,Plant-C,2026-04-23,2026-07-22,Maintenance,98.03,Bosch,SN100069
M7997,MA1AB100000000997,WO10997,Hatch Z,PAINT-1,STN-01,2026-03-02 02:46,ENG-1471,SUP-007,EMP307,TL-064,B,Tool_64,Press Tool,Plant-A,2026-02-03,2026-05-04,Active,98.09,Atlas Copco,SN100063
M7998,MA1AB100000000998,WO10998,SUV Pro,PAINT-1,STN-02,2026-03-02 02:47,ENG-1002,SUP-190,EMP379,TL-065,C,Tool_65,Torque Wrench,Plant-C,2026-01-31,2026-05-01,Maintenance,97.24,Bosch,SN100064
M7999,XX1 2 3 4,WO10999,Hatch Z,PAINT-1,STN-04,2026-03-02 02:48,ENG-1458,SUP-075,EMP393,TL-086,B,Tool_86,Press Tool,Plant-B,2026-03-20,2026-06-18,Active,96.21,Bosch,SN100085
M8000,MA1AB100000001000,WO11000,Hatch Z,TRIM-1,STN-03,2026-03-02 02:50,ENG-1352,SUP-029,EMP345,TL-006,B,Tool_6,Nut Runner,Plant-B,2026-01-25,2026-04-25,Maintenance,98.24,Ingersoll Rand,SN100005
M8001,MA1AB100000001001,WO11001,Hatch Z,GA-1,STN-03,2026-03-02 02:51,ENG-1012,SUP-103,EMP212,TL-058,C,Tool_58,Robot Arm,Plant-C,2026-04-28,2026-07-27,Active,96.6,Stanley,SN100057
M8002,MA1AB100000001002,WO11002,Sedan X,PAINT-1,STN-01,2026-03-02 02:52,ENG-1311,SUP-165,EMP199,TL-075,B,Tool_75,Press Tool,Plant-C,2026-04-22,2026-07-21,Active,99.86,Ingersoll Rand,SN100074
M8003,MA1AB100000001003,WO11003,SUV Pro,GA-2,STN-01,2026-03-02 02:53,ENG-1042,SUP-138,EMP328,TL-087,A,Tool_87,Robot Arm,Plant-B,2026-02-09,2026-05-10,Maintenance,99.98,Stanley,SN100086
M8004,MA1AB100000001004,WO11004,Hatch Z,TRIM-1,STN-02,2026-03-02 02:55,ENG-1251,SUP-082,EMP361,TL-008,C,Tool_8,Welding Gun,Plant-A,2026-06-05,2026-09-03,Maintenance,95.49,Ingersoll Rand,SN100007
M8005,MA1AB100000001005,WO11005,SUV Pro,GA-2, stn-05 ,2026-03-02 02:56,ENG-1437,SUP-110,EMP289,TL-050,C,Tool_50,Welding Gun,Plant-C,2026-04-30,2026-07-29,Maintenance,98.51,Ingersoll Rand,SN100049
M8006,MA1AB100000001006,WO11006,Sedan X,PAINT-1,STN-03,2026-03-02 02:57,ENG-1179,SUP-079,EMP328,TL-072,A,Tool_72,Robot Arm,Plant-C,2026-05-05,2026-08-03,Maintenance,99.87,Atlas Copco,SN100071
M8007,MA1AB100000001007,WO11007,Sedan X,TRIM-1, stn-05 ,2026-03-02 02:58,ENG-1212,SUP-114,EMP247,TL-021,,Tool_21,Press Tool,Plant-C,2026-01-09,2026-04-09,Out of Service,95.18,Atlas Copco,SN100020
M8008,MA1AB100000001008,WO11008,Hatch Z,TRIM-1,STN-02,2026-03-02 03:00,ENG-1427,SUP-151,EMP144,TL-019,B,Tool_19,Torque Wrench,Plant-B,2026-05-30,2026-08-28,Active,96.08,Atlas Copco,SN100018
M8009,MA1AB100000001009,WO11009,SUV Pro,TRIM-1,Stn-03,2026-03-02 03:01,ENG-1268,SUP-086,EMP133,TL-076,,Tool_76,Welding Gun,Plant-C,2026-02-22,2026-05-23,Maintenance,98.13,Ingersoll Rand,SN100075
M8010,MA1AB100000001010,WO11010,Sedan X,GA-1,STN-04,2026-03-02 03:02,ENG-1327,SUP-070,EMP312,TL-023,,Tool_23,Welding Gun,Plant-A,2026-04-29,2026-07-28,Active,95.35,Bosch,SN100022
M8011,MA1AB100000001011,WO11011,Hatch Z,GA-2,STN-02,2026-03-02 03:03,ENG-1095,SUP-098,EMP248,TL-071,,Tool_71,Welding Gun,Plant-B,2026-04-11,2026-07-10,Active,98.12,Atlas Copco,SN100070
M8012,MA1AB100000001012,WO11012,Sedan X,PAINT-1,Stn-03,2026-03-02 03:05,ENG-1299,SUP-078,EMP352,TL-072,,Tool_72,Robot Arm,Plant-C,2026-05-05,2026-08-03,Maintenance,99.87,Atlas Copco,SN100071
M8013,MA1AB100000001013,WO11013,Sedan X,GA-1,Stn-03,2026-03-02 03:06,ENG-1001,SUP-040,EMP234,TL-039,,Tool_39,Nut Runner,Plant-C,2026-02-15,2026-05-16,Maintenance,97.07,Ingersoll Rand,SN100038
M8014,MA1AB100000001014,WO11014,Sedan X,PAINT-1,STN-04,2026-03-02 03:07,ENG-1091,SUP-126,EMP225,TL-004,A,Tool_4,Press Tool,Plant-A,2026-01-19,2026-04-19,Active,97.49,Bosch,SN100003
M8015,MA1AB100000001015,WO11015,SUV Pro,TRIM-1,STN-01,2026-03-02 03:08, eng-1001 ,SUP-154,EMP285,TL-075,,Tool_75,Press Tool,Plant-C,2026-04-22,2026-07-21,Active,99.86,Ingersoll Rand,SN100074
M8016,MA1AB100000001016,WO11016,Hatch Z,TRIM-1,Stn-03,2026-03-02 03:10,ENG-1132,SUP-161,EMP343,TL-089,A,Tool_89,Welding Gun,Plant-B,2026-06-20,2026-09-18,Out of Service,97.46,Stanley,SN100088
M8017,MA1AB100000001017,WO11017,SUV Pro,GA-1,Stn-03,2026-03-02 03:11,ENG-1132,SUP-042,EMP397,TL-008,B,Tool_8,Welding Gun,Plant-A,2026-06-05,2026-09-03,Maintenance,95.49,Ingersoll Rand,SN100007
M8018,MA1AB100000001018,WO11018,SUV Pro,TRIM-1, stn-05 ,2026-03-02 03:12,ENG-1069,SUP-092,EMP183,TL-007,C,Tool_7,Nut Runner,Plant-B,2026-06-11,2026-09-09,Out of Service,95.88,Stanley,SN100006
M8019,MA1AB100000001019,WO11019,SUV Pro,TRIM-1, stn-05 ,2026-03-02 03:13,ENG-1466,SUP-092,EMP124,TL-038,C,Tool_38,Welding Gun,Plant-B,2026-04-18,2026-07-17,Active,97.87,Ingersoll Rand,SN100037
M8020,MA1AB100000001020,WO11020,Hatch Z,GA-1,STN-05,2026-03-02 03:15,ENG-1099,SUP-197,EMP193,TL-098,A,Tool_98,Press Tool,Plant-A,2026-06-01,2026-08-30,Active,98.11,Stanley,SN100097
M8021,MA1AB100000001021,WO11021,Hatch Z,GA-2,STN-05,2026-03-02 03:16,ENG-1165,SUP-081,EMP254,TL-035,C,Tool_35,Torque Wrench,Plant-A,2026-04-06,2026-07-05,Active,95.1,Atlas Copco,SN100034
M8022,MA1AB100000001022,WO11022,Sedan X,PAINT-1,Stn-03,2026-03-02 03:17,ENG-1073,SUP-004,EMP170,TL-067,C,Tool_67,Torque Wrench,Plant-A,2026-02-10,2026-05-11,Active,95.24,Bosch,SN100066
M8023,MA1AB100000001023,WO11023,SUV Pro,TRIM-1,STN-04,2026-03-02 03:18,ENG-1174,SUP-042,EMP152,TL-028,B,Tool_28,Press Tool,Plant-C,2026-01-25,2026-04-25,Out of Service,97.87,Ingersoll Rand,SN100027
M8024,MA1AB100000001024,WO11024,Hatch Z,GA-2,Stn-03,2026-03-02 03:20,ENG-1096,SUP-144,EMP369,TL-069,A,Tool_69,Torque Wrench,Plant-B,2026-01-29,2026-04-29,Active,98.16,Bosch,SN100068
M8025,MA1AB100000001025,WO11025,SUV Pro,TRIM-1,STN-01,2026-03-02 03:21,ENG-1059,SUP-034,EMP108,TL-062,C,Tool_62,Robot Arm,Plant-A,2026-04-28,2026-07-27,Out of Service,95.44,Bosch,SN100061
M8026,MA1AB100000001026,WO11026,SUV Pro,PAINT-1,STN-02,2026-03-02 03:22,ENG-1418,SUP-114,EMP367,TL-098,C,Tool_98,Press Tool,Plant-A,2026-06-01,2026-08-30,Active,98.11,Stanley,SN100097
M8027,MA1AB100000001027,WO11027,Sedan X,PAINT-1,STN-01,2026-03-02 03:23,ENG-1381,SUP-031,EMP213,TL-017,B,Tool_17,Torque Wrench,Plant-C,2026-01-08,2026-04-08,Maintenance,96.84,Atlas Copco,SN100016
M8028,MA1AB100000001028,WO11028,Hatch Z,GA-2,STN-03,2026-03-02 03:25,ENG-1064,SUP-054,EMP166,TL-011,,Tool_11,Welding Gun,Plant-B,2026-01-03,2026-04-03,Out of Service,99.43,Atlas Copco,SN100010
M8029,MA1AB100000001029,WO11029,Hatch Z,GA-1,STN-01,2026-03-02 03:26,ENG-1009,SUP-199,EMP347,TL-097,,Tool_97,Nut Runner,Plant-A,2026-04-22,2026-07-21,Active,99.35,Ingersoll Rand,SN100096
M8030,MA1AB100000001030,WO11030,Sedan X,GA-2,STN-01,2026-03-02 03:27,ENG-1016,SUP-169,EMP362,TL-076,A,Tool_76,Welding Gun,Plant-C,2026-02-22,2026-05-23,Maintenance,98.13,Ingersoll Rand,SN100075
M8031,MA1AB100000001031,WO11031,SUV Pro,GA-1,STN-03,2026-03-02 03:28,ENG-1022,SUP-017,EMP254,TL-086,A,Tool_86,Press Tool,Plant-B,2026-03-20,2026-06-18,Active,96.21,Bosch,SN100085
M8032,MA1AB100000001032,WO11032,Sedan X,GA-1,STN-05,2026-03-02 03:30,ENG-1105,SUP-151,EMP202,TL-024,C,Tool_24,Robot Arm,Plant-A,2026-02-23,2026-05-24,Active,96.19,Ingersoll Rand,SN100023
M8033,MA1AB100000001033,WO11033,Sedan X,GA-1,STN-02,2026-03-02 03:31,ENG-1433,SUP-192,EMP242,TL-075,C,Tool_75,Press Tool,Plant-C,2026-04-22,2026-07-21,Active,99.86,Ingersoll Rand,SN100074
M8034,MA1AB100000001034,WO11034,SUV Pro,GA-2,Stn-03,2026-03-02 03:32,ENG-1256,SUP-200,EMP223,TL-065,A,Tool_65,Torque Wrench,Plant-C,2026-01-31,2026-05-01,Maintenance,97.24,Bosch,SN100064
M8035,MA1AB100000001035,WO11035,Sedan X,GA-1,STN-05,2026-03-02 03:33,ENG-1111,SUP-184,EMP198,TL-037,B,Tool_37,Torque Wrench,Plant-A,2026-02-12,2026-05-13,Maintenance,95.39,Bosch,SN100036
M8036,MA1AB100000001036,WO11036,Hatch Z,GA-1, stn-05 ,2026-03-02 03:35,ENG-1050,SUP-055,EMP358,TL-091,,Tool_91,Nut Runner,Plant-B,2026-03-20,2026-06-18,Active,95.45,Atlas Copco,SN100090
M8037,MA1AB100000001037,WO11037,SUV Pro,GA-2,STN-04,2026-03-02 03:36,ENG-1344,SUP-028,EMP192,TL-046,,Tool_46,Torque Wrench,Plant-C,2026-01-19,2026-04-19,Active,95.51,Ingersoll Rand,SN100045
M8038,MA1AB100000001038,WO11038,SUV Pro,GA-2,STN-05,2026/03/02 03:37,ENG-1116,SUP-105,EMP157,TL-098,C,Tool_98,Press Tool,Plant-A,2026-06-01,2026-08-30,Active,98.11,Stanley,SN100097
M8039,MA1AB100000001039,WO11039,Sedan X,TRIM-1,STN-01,2026-03-02 03:38,ENG-1266,SUP-035,EMP353,TL-098,C,Tool_98,Press Tool,Plant-A,2026-06-01,2026-08-30,Active,98.11,Stanley,SN100097
M8040,MA1AB100000001040,WO11040,Hatch Z,PAINT-1,STN-05,2026-03-02 03:40,ENG-1369,SUP-011,EMP142,TL-042,,Tool_42,Welding Gun,Plant-C,2026-03-03,2026-06-01,Out of Service,97.14,Ingersoll Rand,SN100041
M8041,MA1AB100000001041,WO11041,Sedan X,TRIM-1,STN-03,2026-03-02 03:41,ENG-1233,SUP-154,EMP259,TL-088,,Tool_88,Welding Gun,Plant-B,2026-04-25,2026-07-24,Active,95.24,Stanley,SN100087
M8042,MA1AB100000001042,WO11042,Sedan X,TRIM-1,STN-03,2026-03-02 03:42,ENG-1437,SUP-110,EMP196,TL-009,,Tool_9,Press Tool,Plant-C,2026-05-31,2026-08-29,Active,98.89,Bosch,SN100008
M8043,MA1AB100000001043,WO11043,Hatch Z,PAINT-1,STN-02,2026-03-02 03:43,ENG-1006,SUP-173,EMP351,TL-087,A,Tool_87,Robot Arm,Plant-B,2026-02-09,2026-05-10,Maintenance,99.98,Stanley,SN100086
M8044,MA1AB100000001044,WO11044,SUV Pro,TRIM-1,STN-05,2026-03-02 03:45,ENG-1337,SUP-174,EMP143,TL-016,B,Tool_16,Robot Arm,Plant-B,2026-04-27,2026-07-26,Active,98.18,Atlas Copco,SN100015
M8045,MA1AB100000001045,WO11045,SUV Pro,TRIM-1, stn-05 ,2026-03-02 03:46,ENG-1302,SUP-027,EMP186,TL-009,C,Tool_9,Press Tool,Plant-C,2026-05-31,2026-08-29,Active,98.89,Bosch,SN100008
M8046,MA1AB100000001046,WO11046,Sedan X,PAINT-1,STN-02,2026-03-02 03:47,ENG-1304,SUP-104,EMP162,TL-030,,Tool_30,Nut Runner,Plant-A,2026-02-18,2026-05-19,Out of Service,97.07,Ingersoll Rand,SN100029
M8047,MA1AB100000001047,WO11047,Hatch Z,TRIM-1,STN-03,2026-03-02 03:48,ENG-1391,SUP-183,EMP397,TL-076,C,Tool_76,Welding Gun,Plant-C,2026-02-22,2026-05-23,Maintenance,98.13,Ingersoll Rand,SN100075
M8048,MA1AB100000001048,WO11048,Hatch Z,TRIM-1,STN-03,2026-03-02 03:50,ENG-1243,SUP-171,EMP307,TL-063,C,Tool_63,Welding Gun,Plant-B,2026-03-03,2026-06-01,Active,99.78,Ingersoll Rand,SN100062
M8049,MA1AB100000001049,WO11049,Sedan X,TRIM-1,STN-01,2026-03-02 03:51,ENG-1062,SUP-065,EMP350,TL-064,B,Tool_64,Press Tool,Plant-A,2026-02-03,2026-05-04,Active,98.09,Atlas Copco,SN100063
M8050,MA1AB100000001050,WO11050,Hatch Z,GA-2,STN-01,2026-03-02 03:52,ENG-1050,SUP-189,EMP127,TL-009,,Tool_9,Press Tool,Plant-C,2026-05-31,2026-08-29,Active,98.89,Bosch,SN100008
M8051,MA1AB100000001051,WO11051,Hatch Z,GA-1,STN-02,2026-03-02 03:53,ENG-1195,SUP-155,EMP267,TL-020,C,Tool_20,Robot Arm,Plant-C,2026-06-24,2026-09-22,Active,99.27,Ingersoll Rand,SN100019
M8052,MA1AB100000001052,WO11052,Hatch Z,GA-1,Stn-03,2026-03-02 03:55,ENG-1039,SUP-170,EMP366,TL-099,,Tool_99,Welding Gun,Plant-B,2026-05-20,2026-08-18,Active,97.05,Atlas Copco,SN100098
M8053,MA1AB100000001053,WO11053,SUV Pro,GA-2,STN-03,2026-03-02 03:56,ENG-1338,SUP-128,EMP351,TL-065,C,Tool_65,Torque Wrench,Plant-C,2026-01-31,2026-05-01,Maintenance,97.24,Bosch,SN100064
M8054,MA1AB100000001054,WO11054,Hatch Z,PAINT-1,Stn-03,2026-03-02 03:57,ENG-1440,SUP-139,EMP379,TL-003,A,Tool_3,Robot Arm,Plant-C,2026-02-25,2026-05-26,Active,97.36,Atlas Copco,SN100002
M8055,MA1AB100000001055,WO11055,SUV Pro,GA-1,STN-04,2026-03-02 03:70,ENG-1230,SUP-081,EMP292,TL-057,,Tool_57,Welding Gun,Plant-A,2026-05-01,2026-07-30,Active,98.96,Bosch,SN100056
M8056,MA1AB100000001056,WO11056,Sedan X,GA-1,STN-02,2026-03-02 04:00,ENG-1285,SUP-169,EMP255,TL-091,B,Tool_91,Nut Runner,Plant-B,2026-03-20,2026-06-18,Active,95.45,Atlas Copco,SN100090
M8057,MA1AB100000001057,WO11057,SUV Pro,TRIM-1,STN-02,2026-03-02 04:01,ENG-1159,SUP-184,EMP299,TL-063,A,Tool_63,Welding Gun,Plant-B,2026-03-03,2026-06-01,Active,99.78,Ingersoll Rand,SN100062
M8058,MA1AB100000001058,WO11058,Hatch Z,TRIM-1, stn-05 ,2026-03-02 04:02,ENG-1283,SUP-176,EMP376,TL-074,,Tool_74,Robot Arm,Plant-B,2026-01-04,2026-04-04,Active,97.63,Stanley,SN100073
M8059,MA1AB100000001059,WO11059,SUV Pro,GA-2,STN-05,2026-03-02 04:03,ENG-1028,SUP-101,EMP234,TL-064,,Tool_64,Press Tool,Plant-A,2026-02-03,2026-05-04,Active,98.09,Atlas Copco,SN100063
M8060,MA1AB100000001060,WO11060,Hatch Z,PAINT-1,Stn-03,2026-03-02 04:05,ENG-1145,SUP-083,EMP131,TL-004,A,Tool_4,Press Tool,Plant-A,2026-01-19,2026-04-19,Active,97.49,Bosch,SN100003
M8061,MA1AB100000001061,WO11061,Sedan X,PAINT-1,STN-03,2026-03-02 04:06,ENG-1414,SUP-190,EMP398,TL-004,C,Tool_4,Press Tool,Plant-A,2026-01-19,2026-04-19,Active,97.49,Bosch,SN100003
M8062,MA1AB100000001062,WO11062,SUV Pro,GA-1,STN-04,2026-03-02 04:07,ENG-1176,SUP-092,EMP310,TL-045,A,Tool_45,Welding Gun,Plant-C,2026-03-10,2026-06-08,Active,98.94,Stanley,SN100044
M8063,MA1AB100000001063,WO11063,Hatch Z,GA-2,STN-02,2026-03-02 04:08,ENG-1120,SUP-166,EMP259,TL-076,A,Tool_76,Welding Gun,Plant-C,2026-02-22,2026-05-23,Maintenance,98.13,Ingersoll Rand,SN100075
M8064,MA1AB100000001064,WO11064,Hatch Z,GA-1,Stn-03,2026-03-02 04:10,ENG-1156,SUP-030,EMP272,TL-022,A,Tool_22,Press Tool,Plant-C,2026-03-22,2026-06-20,Out of Service,95.43,Bosch,SN100021
M8065,MA1AB100000001065,WO11065,Hatch Z,PAINT-1,STN-01,2026-03-02 04:11,ENG-1235,SUP-169,EMP316,TL-073,,Tool_73,Welding Gun,Plant-C,2026-03-17,2026-06-15,Active,96.96,Ingersoll Rand,SN100072
M8066,MA1AB100000001066,WO11066,SUV Pro,GA-1, stn-05 ,2026-03-02 04:12,ENG-1240,SUP-151,EMP111,TL-041,,Tool_41,Robot Arm,Plant-A,2026-02-27,2026-05-28,Maintenance,97.13,Atlas Copco,SN100040
M8067,MA1AB100000001067,WO11067,Hatch Z,TRIM-1,STN-03,2026-03-02 04:13,ENG-1293,SUP-026,EMP350,TL-013,B,Tool_13,Nut Runner,Plant-B,2026-04-05,2026-07-04,Active,99.14,Bosch,SN100012
M8068,MA1AB100000001068,WO11068,SUV Pro,TRIM-1,STN-05,2026-03-02 04:15,ENG-1415,SUP-196,EMP273,TL-022,C,Tool_22,Press Tool,Plant-C,2026-03-22,2026-06-20,Out of Service,95.43,Bosch,SN100021
M8069,MA1AB100000001069,WO11069,SUV Pro,TRIM-1,STN-02,2026-03-02 04:16,ENG-1254,SUP-163,EMP138,TL-069,B,Tool_69,Torque Wrench,Plant-B,2026-01-29,2026-04-29,Active,98.16,Bosch,SN100068
M8070,MA1AB100000001070,WO11070,SUV Pro,PAINT-1,STN-01,2026-03-02 04:17,ENG-1152,SUP-147,EMP305,TL-029,A,Tool_29,Press Tool,Plant-C,2026-04-30,2026-07-29,Maintenance,98.95,Stanley,SN100028
M8071,MA1AB100000001071,WO11071,Hatch Z,GA-1,STN-05,2026-03-02 04:18,ENG-1172,SUP-070,EMP134,TL-073,,Tool_73,Welding Gun,Plant-C,2026-03-17,2026-06-15,Active,96.96,Ingersoll Rand,SN100072
M8072,MA1AB100000001072,WO11072,SUV Pro,GA-2,STN-03,2026-03-02 04:20,ENG-1407,SUP-020,EMP254,TL-065,C,Tool_65,Torque Wrench,Plant-C,2026-01-31,2026-05-01,Maintenance,97.24,Bosch,SN100064
M8073,MA1AB100000001073,WO11073,SUV Pro,PAINT-1,STN-02,2026-03-02 04:21,ENG-1212,SUP-103,EMP228,TL-080,,Tool_80,Robot Arm,Plant-B,2026-03-23,2026-06-21,Maintenance,97.79,Atlas Copco,SN100079
M8074,MA1AB100000001074,WO11074,Hatch Z,GA-2,STN-01,2026-03-02 04:22,ENG-1321,SUP-181,EMP364,TL-024,,Tool_24,Robot Arm,Plant-A,2026-02-23,2026-05-24,Active,96.19,Ingersoll Rand,SN100023
M8075,MA1AB100000001075,WO11075,Sedan X,TRIM-1,STN-03,2026-03-02 04:23,ENG-1479,SUP-164,EMP372,TL-079,,Tool_79,Press Tool,Plant-C,2026-04-14,2026-07-13,Active,96.15,Ingersoll Rand,SN100078
M8076,MA1AB100000001076,WO11076,Hatch Z,GA-1,STN-05,2026-03-02 04:25,ENG-1102,SUP-094,EMP336,TL-019,B,Tool_19,Torque Wrench,Plant-B,2026-05-30,2026-08-28,Active,96.08,Atlas Copco,SN100018
M8077,MA1AB100000001077,WO11077,Sedan X,PAINT-1,Stn-03,2026-03-02 04:26,ENG-1222,SUP-106,EMP263,TL-009,B,Tool_9,Press Tool,Plant-C,2026-05-31,2026-08-29,Active,98.89,Bosch,SN100008
M8078,MA1AB100000001078,WO11078,SUV Pro,PAINT-1,Stn-03,2026-03-02 04:27,ENG-1146,SUP-166,EMP182,TL-033,B,Tool_33,Welding Gun,Plant-C,2026-02-25,2026-05-26,Active,97.63,Bosch,SN100032
M8079,MA1AB100000001079,WO11079,SUV Pro,GA-2,STN-01,2026-03-02 04:28,ENG-1076,SUP-050,EMP114,TL-032,C,Tool_32,Press Tool,Plant-A,2026-03-27,2026-06-25,Maintenance,97.67,Bosch,SN100031
M8080,MA1AB100000001080,WO11080,SUV Pro,TRIM-1,STN-05,2026-03-02 04:30,ENG-1223,SUP-109,EMP118,TL-026,B,Tool_26,Robot Arm,Plant-A,2026-05-25,2026-08-23,Out of Service,99.11,Atlas Copco,SN100025
M8081,MA1AB100000001081,WO11081,SUV Pro,GA-2,STN-01,2026-03-02 04:31,ENG-1132,SUP-072,EMP381,TL-023,A,Tool_23,Welding Gun,Plant-A,2026-04-29,2026-07-28,Active,95.35,Bosch,SN100022
M8082,MA1AB100000001082,WO11082,Hatch Z,TRIM-1,Stn-03,2026-03-02 04:32,ENG-1010,SUP-015,EMP142,TL-041,C,Tool_41,Robot Arm,Plant-A,2026-02-27,2026-05-28,Maintenance,97.13,Atlas Copco,SN100040
M8083,MA1AB100000001083,WO11083,Sedan X,TRIM-1,STN-03,2026-03-02 04:33,ENG-1343,SUP-169,EMP146,TL-051,B,Tool_51,Nut Runner,Plant-C,2026-04-06,2026-07-05,Active,97.28,Bosch,SN100050
M8084,MA1AB100000001084,WO11084,Sedan X,GA-1,STN-05,2026-03-02 04:35,ENG-1376,SUP-129,EMP161,TL-067,C,Tool_67,Torque Wrench,Plant-A,2026-02-10,2026-05-11,Active,95.24,Bosch,SN100066
M8085,MA1AB100000001085,WO11085,SUV Pro,GA-1,STN-02,2026-03-02 04:36,ENG-1307,SUP-032,EMP260,TL-043,,Tool_43,Torque Wrench,Plant-B,2026-04-28,2026-07-27,Active,96.51,Ingersoll Rand,SN100042
M8086,MA1AB100000001086,WO11086,Hatch Z,GA-2,STN-04,2026-03-02 04:37,ENG-1111,SUP-037,EMP154,TL-023,B,Tool_23,Welding Gun,Plant-A,2026-04-29,2026-07-28,Active,95.35,Bosch,SN100022
M8087,MA1AB100000001087,WO11087,SUV Pro,TRIM-1,STN-04,2026-03-02 04:38,ENG-1130,SUP-151,EMP128,TL-063,C,Tool_63,Welding Gun,Plant-B,2026-03-03,2026-06-01,Active,99.78,Ingersoll Rand,SN100062
M8088,MA1AB100000001088,WO11088,Hatch Z,GA-1,STN-03,2026-03-02 04:40,ENG-1279,SUP-109,EMP343,TL-088,B,Tool_88,Welding Gun,Plant-B,2026-04-25,2026-07-24,Active,95.24,Stanley,SN100087
M8089,MA1AB100000001089,WO11089,SUV Pro,GA-2,STN-03,2026-03-02 04:41,ENG-1243,SUP-184,EMP288,TL-040,A,Tool_40,Welding Gun,Plant-A,2026-04-02,2026-07-01,Active,98.84,Atlas Copco,SN100039
M8090,MA1AB100000001090,WO11090,Hatch Z,GA-1,Stn-03,2026-03-02 04:42,ENG-1378,SUP-170,EMP127,TL-089,B,Tool_89,Welding Gun,Plant-B,2026-06-20,2026-09-18,Out of Service,97.46,Stanley,SN100088
M8091,MA1AB100000001091,WO11091,SUV Pro,TRIM-1,STN-03,2026-03-02 04:43,ENG-1327,SUP-180,EMP285,TL-088,A,Tool_88,Welding Gun,Plant-B,2026-04-25,2026-07-24,Active,95.24,Stanley,SN100087
M8092,MA1AB100000001092,WO11092,Hatch Z,GA-2,Stn-03,2026-03-02 04:45,ENG-1226,SUP-100,EMP104,TL-051,C,Tool_51,Nut Runner,Plant-C,2026-04-06,2026-07-05,Active,97.28,Bosch,SN100050
M8093,MA1AB100000001093,WO11093,SUV Pro,GA-1,Stn-03,2026-03-02 04:46,ENG-1387,SUP-061,EMP252,TL-027,B,Tool_27,Robot Arm,Plant-A,2026-03-13,2026-06-11,Active,95.63,Atlas Copco,SN100026
M8094,MA1AB100000001094,WO11094,SUV Pro,PAINT-1,Stn-03,2026-03-02 04:47,ENG-1392,SUP-165,EMP308,TL-005,C,Tool_5,Torque Wrench,Plant-C,2026-02-02,2026-05-03,Maintenance,99.68,Ingersoll Rand,SN100004
M8095,MA1AB100000001095,WO11095,Sedan X,TRIM-1,STN-04,2026-03-02 04:48,ENG-1377,SUP-106,EMP270,TL-092,,Tool_92,Nut Runner,Plant-C,2026-06-25,2026-09-23,Active,97.7,Bosch,SN100091
M8096,MA1AB100000001096,WO11096,Sedan X,GA-2, stn-05 ,2026-03-02 04:50,ENG-1133,SUP-130,EMP133,TL-046,,Tool_46,Torque Wrench,Plant-C,2026-01-19,2026-04-19,Active,95.51,Ingersoll Rand,SN100045
M8097,MA1AB100000001097,WO11097,Hatch Z,PAINT-1,STN-04,2026-03-02 04:51,ENG-1355,SUP-008,EMP126,TL-083,B,Tool_83,Nut Runner,Plant-A,2026-01-22,2026-04-22,Out of Service,98.35,Bosch,SN100082
M8098,MA1AB100000001098,WO11098,Hatch Z,TRIM-1,Stn-03,2026-03-02 04:52,ENG-1328,SUP-035,EMP101,TL-052,B,Tool_52,Torque Wrench,Plant-A,2026-04-12,2026-07-11,Out of Service,99.68,Ingersoll Rand,SN100051
M8099,MA1AB100000001099,WO11099,Hatch Z,PAINT-1,STN-03,2026-03-02 04:53,ENG-1294,SUP-022,EMP156,TL-021,B,Tool_21,Press Tool,Plant-C,2026-01-09,2026-04-09,Out of Service,95.18,Atlas Copco,SN100020
M8100,MA1AB100000001100,WO11100,Hatch Z,GA-2,Stn-03,2026-03-02 04:55,ENG-1304,SUP-176,EMP310,TL-041,,Tool_41,Robot Arm,Plant-A,2026-02-27,2026-05-28,Maintenance,97.13,Atlas Copco,SN100040
M8101,MA1AB100000001101,WO11101,SUV Pro,GA-2,STN-03,2026-03-02 04:56,ENG-1088,SUP-176,EMP267,TL-037,B,Tool_37,Torque Wrench,Plant-A,2026-02-12,2026-05-13,Maintenance,95.39,Bosch,SN100036
M8102,MA1AB100000001102,WO11102,Sedan X,TRIM-1,STN-03,2026-03-02 04:57,ENG-1093,SUP-101,EMP293,TL-074,B,Tool_74,Robot Arm,Plant-B,2026-01-04,2026-04-04,Active,97.63,Stanley,SN100073
M8103,MA1AB100000001103,WO11103,Sedan X,GA-1,STN-05,2026-03-02 04:58,ENG-1331,SUP-157,EMP217,TL-012,,Tool_12,Press Tool,Plant-B,2026-05-30,2026-08-28,Out of Service,98.02,Bosch,SN100011
M8104,MA1AB100000001104,WO11104,Sedan X,PAINT-1, stn-05 ,2026-03-02 05:00,ENG-1436,SUP-044,EMP125,TL-052,,Tool_52,Torque Wrench,Plant-A,2026-04-12,2026-07-11,Out of Service,99.68,Ingersoll Rand,SN100051
M8105,MA1AB100000001105,WO11105,Hatch Z,PAINT-1,STN-02,2026-03-02 05:01,ENG-1045,SUP-095,EMP187,TL-073,A,Tool_73,Welding Gun,Plant-C,2026-03-17,2026-06-15,Active,96.96,Ingersoll Rand,SN100072
M8106,MA1AB100000001106,WO11106,Sedan X,TRIM-1,Stn-03,2026-03-02 05:02,ENG-1471,SUP-117,EMP353,TL-016,B,Tool_16,Robot Arm,Plant-B,2026-04-27,2026-07-26,Active,98.18,Atlas Copco,SN100015
M8107,MA1AB100000001107,WO11107,Hatch Z,GA-2,STN-02,2026-03-02 05:03,ENG-1484,SUP-069,EMP247,TL-096,,Tool_96,Nut Runner,Plant-A,2026-04-26,2026-07-25,Active,95.35,Stanley,SN100095
M8108,MA1AB100000001108,WO11108,SUV Pro,GA-2,STN-04,2026-03-02 05:05,ENG-1438,SUP-053,EMP210,TL-037,B,Tool_37,Torque Wrench,Plant-A,2026-02-12,2026-05-13,Maintenance,95.39,Bosch,SN100036
M8109,MA1AB100000001109,WO11109,SUV Pro,GA-2,STN-04,2026-03-02 05:06,ENG-1405,SUP-038,EMP114,TL-038,C,Tool_38,Welding Gun,Plant-B,2026-04-18,2026-07-17,Active,97.87,Ingersoll Rand,SN100037
M8110,MA1AB100000001110,WO11110,Sedan X,TRIM-1,STN-02,2026-03-02 05:07,ENG-1189,,EMP398,TL-088,,Tool_88,Welding Gun,Plant-B,2026-04-25,2026-07-24,Active,95.24,Stanley,SN100087
M8111,MA1AB100000001111,WO11111,Sedan X,GA-1,STN-04,2026-03-02 05:08,ENG-1068,SUP-083,EMP303,TL-088,B,Tool_88,Welding Gun,Plant-B,2026-04-25,2026-07-24,Active,95.24,Stanley,SN100087
M8112,MA1AB100000001112,WO11112,Hatch Z,TRIM-1, stn-05 ,2026-03-02 05:10,ENG-1216,SUP-189,EMP231,TL-010,A,Tool_10,Welding Gun,Plant-B,2026-02-07,2026-05-08,Maintenance,98.91,Atlas Copco,SN100009
M8113,MA1AB100000001113,WO11113,Hatch Z,GA-1,STN-01,2026-03-02 05:11,ENG-1170,SUP-061,EMP341,TL-046,A,Tool_46,Torque Wrench,Plant-C,2026-01-19,2026-04-19,Active,95.51,Ingersoll Rand,SN100045
M8114,MA1AB100000001114,WO11114,Sedan X,PAINT-1,STN-05,2026-03-02 05:12,ENG-1317,SUP-098,EMP254,TL-051,C,Tool_51,Nut Runner,Plant-C,2026-04-06,2026-07-05,Active,97.28,Bosch,SN100050
M8115,MA1AB100000001115,WO11115,Sedan X,GA-1,STN-05,2026-03-02 05:13,ENG-1091,SUP-067,EMP186,TL-065,,Tool_65,Torque Wrench,Plant-C,2026-01-31,2026-05-01,Maintenance,97.24,Bosch,SN100064
M8116,MA1AB100000001116,WO11116,SUV Pro,TRIM-1,STN-02,2026-03-02 05:15,ENG-1045,SUP-082,EMP371,TL-056,B,Tool_56,Torque Wrench,Plant-C,2026-04-06,2026-07-05,Active,97.45,Atlas Copco,SN100055
M8117,MA1AB100000001117,WO11117,SUV Pro,GA-1,STN-03,2026-03-02 05:16,ENG-1022,SUP-033,EMP355,TL-036,C,Tool_36,Nut Runner,Plant-B,2026-02-08,2026-05-09,Active,95.2,Stanley,SN100035
M8118,MA1AB100000001118,WO11118,SUV Pro,PAINT-1,STN-03,2026-03-02 05:17,ENG-1313,SUP-195,EMP235,TL-067,C,Tool_67,Torque Wrench,Plant-A,2026-02-10,2026-05-11,Active,95.24,Bosch,SN100066
M8119,MA1AB100000001119,WO11119,SUV Pro,GA-2,STN-03,2026-03-02 05:18,ENG-1377,SUP-126,EMP177,TL-072,,Tool_72,Robot Arm,Plant-C,2026-05-05,2026-08-03,Maintenance,99.87,Atlas Copco,SN100071
M8120,MA1AB100000001120,WO11120,Sedan X,GA-2,STN-02,2026-03-02 05:20,ENG-1027,SUP-059,EMP193,TL-005,,Tool_5,Torque Wrench,Plant-C,2026-02-02,2026-05-03,Maintenance,99.68,Ingersoll Rand,SN100004
M8121,MA1AB100000001121,WO11121,SUV Pro,GA-2, stn-05 ,2026-03-02 05:21,ENG-1239,SUP-112,EMP159,TL-064,A,Tool_64,Press Tool,Plant-A,2026-02-03,2026-05-04,Active,98.09,Atlas Copco,SN100063
M8122,MA1AB100000001122,WO11122,SUV Pro,PAINT-1, stn-05 ,2026-03-02 05:22,ENG-1287,SUP-125,EMP334,TL-064,A,Tool_64,Press Tool,Plant-A,2026-02-03,2026-05-04,Active,98.09,Atlas Copco,SN100063
M8123,MA1AB100000001123,WO11123,Hatch Z,GA-2,STN-01,2026-03-02 05:23,ENG-1178,SUP-024,EMP204,TL-037,B,Tool_37,Torque Wrench,Plant-A,2026-02-12,2026-05-13,Maintenance,95.39,Bosch,SN100036
M8124,MA1AB100000001124,WO11124,Sedan X,PAINT-1,STN-05,2026-03-02 05:25,ENG-1456,SUP-170,EMP399,TL-028,A,Tool_28,Press Tool,Plant-C,2026-01-25,2026-04-25,Out of Service,97.87,Ingersoll Rand,SN100027
M8125,MA1AB100000001125,WO11125,Hatch Z,GA-2,STN-04,2026-03-02 05:26,ENG-1471,SUP-020,EMP226,TL-099,,Tool_99,Welding Gun,Plant-B,2026-05-20,2026-08-18,Active,97.05,Atlas Copco,SN100098
M8126,MA1AB100000001126,WO11126,Hatch Z,GA-1,STN-03,2026-03-02 05:27,ENG-1013,SUP-073,EMP162,TL-051,C,Tool_51,Nut Runner,Plant-C,2026-04-06,2026-07-05,Active,97.28,Bosch,SN100050
M8127,MA1AB100000001127,WO11127,Hatch Z,GA-1,Stn-03,2026-03-02 05:28,ENG-1165,SUP-040,EMP114,TL-011,,Tool_11,Welding Gun,Plant-B,2026-01-03,2026-04-03,Out of Service,99.43,Atlas Copco,SN100010
M8128,MA1AB100000001128,WO11128,Hatch Z,TRIM-1,STN-04,2026-03-02 05:30,ENG-1321,SUP-069,EMP102,TL-043,A,Tool_43,Torque Wrench,Plant-B,2026-04-28,2026-07-27,Active,96.51,Ingersoll Rand,SN100042
M8129,MA1AB100000001129,WO11129,Hatch Z,TRIM-1,STN-03,2026-03-02 05:31,ENG-1485,SUP-188,EMP391,TL-017,B,Tool_17,Torque Wrench,Plant-C,2026-01-08,2026-04-08,Maintenance,96.84,Atlas Copco,SN100016
M8130,MA1AB100000001130,WO11130,Sedan X,PAINT-1,STN-03,2026-03-02 05:32,ENG-1408,SUP-015,EMP136,TL-071,,Tool_71,Welding Gun,Plant-B,2026-04-11,2026-07-10,Active,98.12,Atlas Copco,SN100070
M8131,MA1AB100000001131,WO11131,Sedan X,TRIM-1,STN-03,2026-03-02 05:33,ENG-1091,SUP-062,EMP304,TL-012,A,Tool_12,Press Tool,Plant-B,2026-05-30,2026-08-28,Out of Service,98.02,Bosch,SN100011
M8132,MA1AB100000001132,WO11132,Sedan X,GA-2,STN-04,2026-03-02 05:35,ENG-1399,SUP-104,EMP245,TL-083,B,Tool_83,Nut Runner,Plant-A,2026-01-22,2026-04-22,Out of Service,98.35,Bosch,SN100082
M8133,MA1AB100000001133,WO11133,Sedan X,PAINT-1,STN-04,2026-03-02 05:36,ENG-1410,SUP-111,EMP258,TL-088,B,Tool_88,Welding Gun,Plant-B,2026-04-25,2026-07-24,Active,95.24,Stanley,SN100087
M8134,MA1AB100000001134,WO11134,SUV Pro,GA-1,Stn-03,2026-03-02 05:37,ENG-1188,SUP-132,EMP202,TL-063,,Tool_63,Welding Gun,Plant-B,2026-03-03,2026-06-01,Active,99.78,Ingersoll Rand,SN100062
M8135,MA1AB100000001135,WO11135,SUV Pro,TRIM-1,STN-03,2026-03-02 05:38,ENG-1288,SUP-154,EMP316,TL-012,,Tool_12,Press Tool,Plant-B,2026-05-30,2026-08-28,Out of Service,98.02,Bosch,SN100011
M8136,MA1AB100000001136,WO11136,SUV Pro,GA-2,STN-04,2026-03-02 05:40,ENG-1322,SUP-110,EMP147,TL-006,C,Tool_6,Nut Runner,Plant-B,2026-01-25,2026-04-25,Maintenance,98.24,Ingersoll Rand,SN100005
M8137,MA1AB100000001137,WO11137,SUV Pro,GA-2, stn-05 ,2026-03-02 05:41,ENG-1351,SUP-183,EMP179,TL-064,A,Tool_64,Press Tool,Plant-A,2026-02-03,2026-05-04,Active,98.09,Atlas Copco,SN100063
M8138,MA1AB100000001138,WO11138,SUV Pro,TRIM-1,STN-04,2026-03-02 05:42,ENG-1040,SUP-123,EMP253,TL-020,B,Tool_20,Robot Arm,Plant-C,2026-06-24,2026-09-22,Active,99.27,Ingersoll Rand,SN100019
M8139,MA1AB100000001139,WO11139,Hatch Z,PAINT-1,Stn-03,2026-03-02 05:43,ENG-1127,SUP-134,EMP318,TL-038,A,Tool_38,Welding Gun,Plant-B,2026-04-18,2026-07-17,Active,97.87,Ingersoll Rand,SN100037
M8140,MA1AB100000001140,WO11140,Hatch Z,GA-1,STN-01,2026-03-02 05:45,ENG-1262,SUP-028,EMP361,TL-055,,Tool_55,Nut Runner,Plant-A,2026-01-22,2026-04-22,Out of Service,95.5,Atlas Copco,SN100054
M8141,MA1AB100000001141,WO11141,Sedan X,TRIM-1, stn-05 ,2026-03-02 05:46,ENG-1368,SUP-146,EMP229,TL-046,C,Tool_46,Torque Wrench,Plant-C,2026-01-19,2026-04-19,Active,95.51,Ingersoll Rand,SN100045
M8142,MA1AB100000001142,WO11142,Hatch Z,GA-1,Stn-03,2026-03-02 05:47,ENG-1257,SUP-005,EMP158,TL-095,,Tool_95,Nut Runner,Plant-A,2026-06-25,2026-09-23,Active,99.37,Bosch,SN100094
M8143,MA1AB100000001143,WO11143,Sedan X,GA-2,Stn-03,2026-03-02 05:48,ENG-1201,SUP-012,EMP142,TL-054,C,Tool_54,Press Tool,Plant-C,2026-01-18,2026-04-18,Active,99.35,Ingersoll Rand,SN100053
M8144,MA1AB100000001144,WO11144,SUV Pro,TRIM-1,Stn-03,2026-03-02 05:50,ENG-1343,SUP-116,EMP235,TL-044,B,Tool_44,Press Tool,Plant-C,2026-01-16,2026-04-16,Maintenance,99.03,Bosch,SN100043
M8145,MA1AB100000001145,WO11145,Sedan X,GA-2,STN-01,2026-03-02 05:51,ENG-1382,SUP-155,EMP232,TL-087,A,Tool_87,Robot Arm,Plant-B,2026-02-09,2026-05-10,Maintenance,99.98,Stanley,SN100086
M8146,MA1AB100000001146,WO11146,SUV Pro,GA-1,STN-01,2026-03-02 05:52,ENG-1202,SUP-030,EMP106,TL-022,,Tool_22,Press Tool,Plant-C,2026-03-22,2026-06-20,Out of Service,95.43,Bosch,SN100021
M8147,MA1AB100000001147,WO11147,SUV Pro,TRIM-1,Stn-03,2026-03-02 05:53,ENG-1336,SUP-191,EMP349,TL-039,C,Tool_39,Nut Runner,Plant-C,2026-02-15,2026-05-16,Maintenance,97.07,Ingersoll Rand,SN100038
M8148,MA1AB100000001148,WO11148,Hatch Z,TRIM-1,Stn-03,2026-03-02 05:55,ENG-1154,SUP-023,EMP164,TL-018,A,Tool_18,Robot Arm,Plant-B,2026-06-15,2026-09-13,Out of Service,95.48,Stanley,SN100017
M8149,MA1AB100000001149,WO11149,Sedan X,GA-1,Stn-03,2026-03-02 05:56,ENG-1008,SUP-179,EMP196,TL-004,B,Tool_4,Press Tool,Plant-A,2026-01-19,2026-04-19,Active,97.49,Bosch,SN100003
M8150,MA1AB100000001150,WO11150,SUV Pro,GA-2, stn-05 ,2026-03-02 05:57,ENG-1123,SUP-112,EMP375,TL-025,A,Tool_25,Nut Runner,Plant-C,2026-02-19,2026-05-20,Out of Service,98.88,Atlas Copco,SN100024
M8151,MA1AB100000001151,WO11151,SUV Pro,TRIM-1,STN-02,2026-03-02 05:58,ENG-1242,SUP-109,EMP111,TL-015,B,Tool_15,Robot Arm,Plant-C,2026-05-26,2026-08-24,Out of Service,97.88,Atlas Copco,SN100014
M8152,MA1AB100000001152,WO11152,Sedan X,TRIM-1,STN-04,2026-03-02 06:00,ENG-1241,SUP-006,EMP330,TL-075,B,Tool_75,Press Tool,Plant-C,2026-04-22,2026-07-21,Active,99.86,Ingersoll Rand,SN100074
M8153,MA1AB100000001153,WO11153,Sedan X,PAINT-1,STN-05,2026-03-02 06:01,ENG-1424,SUP-101,EMP126,TL-043,A,Tool_43,Torque Wrench,Plant-B,2026-04-28,2026-07-27,Active,96.51,Ingersoll Rand,SN100042
M8154,MA1AB100000001154,WO11154,Sedan X,TRIM-1,STN-04,2026-03-02 06:02,ENG-1434,SUP-127,EMP396,TL-077,C,Tool_77,Welding Gun,Plant-C,2026-04-12,2026-07-11,Active,98.71,Stanley,SN100076
M8155,MA1AB100000001155,WO11155,Sedan X,TRIM-1,STN-04,2026-03-02 06:03,ENG-1248,SUP-132,EMP349,TL-030,A,Tool_30,Nut Runner,Plant-A,2026-02-18,2026-05-19,Out of Service,97.07,Ingersoll Rand,SN100029
M8156,MA1AB100000001156,WO11156,Hatch Z,GA-1,STN-04,2026-03-02 06:05,ENG-1295,SUP-081,EMP383,TL-009,C,Tool_9,Press Tool,Plant-C,2026-05-31,2026-08-29,Active,98.89,Bosch,SN100008
M8157,MA1AB100000001157,WO11157,Hatch Z,TRIM-1,STN-04,2026-03-02 06:06,ENG-1059,SUP-127,EMP277,TL-058,,Tool_58,Robot Arm,Plant-C,2026-04-28,2026-07-27,Active,96.6,Stanley,SN100057
M8158,MA1AB100000001158,WO11158,Sedan X,GA-2,STN-03,2026-03-02 06:07,ENG-1371,SUP-050,EMP340,TL-045,,Tool_45,Welding Gun,Plant-C,2026-03-10,2026-06-08,Active,98.94,Stanley,SN100044
M8159,MA1AB100000001159,WO11159,Sedan X,GA-2,STN-05,2026-03-02 06:08,ENG-1465,SUP-176,EMP273,TL-078,,Tool_78,Press Tool,Plant-A,2026-03-26,2026-06-24,Maintenance,99.88,Bosch,SN100077
M8160,MA1AB100000001160,WO11160,Sedan X,PAINT-1, stn-05 ,2026-03-02 06:10, eng-1001 ,SUP-183,EMP299,TL-054,C,Tool_54,Press Tool,Plant-C,2026-01-18,2026-04-18,Active,99.35,Ingersoll Rand,SN100053
M8161,MA1AB100000001161,WO11161,SUV Pro,GA-2,STN-05,2026-03-02 06:11,ENG-1106,SUP-073,EMP144,TL-086,,Tool_86,Press Tool,Plant-B,2026-03-20,2026-06-18,Active,96.21,Bosch,SN100085
M8162,MA1AB100000001162,WO11162,Sedan X,GA-2,STN-02,2026-03-02 06:12,ENG-1080,SUP-156,EMP351,TL-013,,Tool_13,Nut Runner,Plant-B,2026-04-05,2026-07-04,Active,99.14,Bosch,SN100012
M8163,MA1AB100000001163,WO11163,SUV Pro,PAINT-1,STN-02,2026-03-02 06:13,ENG-1107,SUP-143,EMP124,TL-003,C,Tool_3,Robot Arm,Plant-C,2026-02-25,2026-05-26,Active,97.36,Atlas Copco,SN100002
M8164,MA1AB100000001164,WO11164,SUV Pro,PAINT-1, stn-05 ,2026-03-02 06:15,ENG-1081,SUP-045,EMP357,TL-005,A,Tool_5,Torque Wrench,Plant-C,2026-02-02,2026-05-03,Maintenance,99.68,Ingersoll Rand,SN100004
M8165,MA1AB100000001165,WO11165,SUV Pro,TRIM-1,STN-01,2026-03-02 06:16,ENG-1316,SUP-059,EMP161,TL-072,B,Tool_72,Robot Arm,Plant-C,2026-05-05,2026-08-03,Maintenance,99.87,Atlas Copco,SN100071
M8166,MA1AB100000001166,WO11166,SUV Pro,PAINT-1,STN-03,2026-03-02 06:17,ENG-1401,SUP-091,EMP123,TL-099,C,Tool_99,Welding Gun,Plant-B,2026-05-20,2026-08-18,Active,97.05,Atlas Copco,SN100098
M8167,MA1AB100000001167,WO11167,Sedan X,GA-1, stn-05 ,2026-03-02 06:18,ENG-1025,SUP-113,EMP334,TL-097,A,Tool_97,Nut Runner,Plant-A,2026-04-22,2026-07-21,Active,99.35,Ingersoll Rand,SN100096
M8168,MA1AB100000001168,WO11168,Sedan X,GA-1,Stn-03,2026-03-02 06:20,ENG-1287,SUP-011,EMP359,TL-014,B,Tool_14,Nut Runner,Plant-A,2026-02-27,2026-05-28,Maintenance,99.68,Stanley,SN100013
M8169,MA1AB100000001169,WO11169,Hatch Z,GA-1,Stn-03,2026-03-02 06:21,ENG-1105,SUP-093,EMP180,TL-094,C,Tool_94,Press Tool,Plant-C,2026-05-10,2026-08-08,Maintenance,98.64,Stanley,SN100093
M8170,MA1AB100000001170,WO11170,Hatch Z,TRIM-1,Stn-03,2026-03-02 06:22,ENG-1259,SUP-128,EMP150,TL-020,C,Tool_20,Robot Arm,Plant-C,2026-06-24,2026-09-22,Active,99.27,Ingersoll Rand,SN100019
M8171,MA1AB100000001171,WO11171,SUV Pro,GA-2,STN-01,2026-03-02 06:23,ENG-1434,SUP-052,EMP324,TL-054,A,Tool_54,Press Tool,Plant-C,2026-01-18,2026-04-18,Active,99.35,Ingersoll Rand,SN100053
M8172,MA1AB100000001172,WO11172,Sedan X,TRIM-1,STN-03,2026-03-02 06:25,ENG-1146,SUP-130,EMP187,TL-011,C,Tool_11,Welding Gun,Plant-B,2026-01-03,2026-04-03,Out of Service,99.43,Atlas Copco,SN100010
M8173,MA1AB100000001173,WO11173,SUV Pro,TRIM-1,STN-03,2026-03-02 06:26,ENG-1322,SUP-171,EMP225,TL-020,,Tool_20,Robot Arm,Plant-C,2026-06-24,2026-09-22,Active,99.27,Ingersoll Rand,SN100019
M8174,MA1AB100000001174,WO11174,Sedan X,GA-2,Stn-03,2026-03-02 06:27,ENG-1219,SUP-106,EMP309,TL-059,C,Tool_59,Robot Arm,Plant-B,2026-04-15,2026-07-14,Active,95.72,Stanley,SN100058
M8175,MA1AB100000001175,WO11175,Sedan X,TRIM-1,STN-02,2026-03-02 06:28,ENG-1394,SUP-003,EMP364,TL-009,A,Tool_9,Press Tool,Plant-C,2026-05-31,2026-08-29,Active,98.89,Bosch,SN100008
M8176,MA1AB100000001176,WO11176,SUV Pro,PAINT-1,STN-04,2026-03-02 06:30,ENG-1395,SUP-043,EMP322,TL-008,,Tool_8,Welding Gun,Plant-A,2026-06-05,2026-09-03,Maintenance,95.49,Ingersoll Rand,SN100007
M8177,MA1AB100000001177,WO11177,Sedan X,GA-2,STN-05,2026-03-02 06:31,ENG-1029,SUP-162,EMP366,TL-038,,Tool_38,Welding Gun,Plant-B,2026-04-18,2026-07-17,Active,97.87,Ingersoll Rand,SN100037
M8178,MA1AB100000001178,WO11178,SUV Pro,PAINT-1, stn-05 ,2026-03-02 06:32,ENG-1380,SUP-081,EMP276,TL-002,C,Tool_2,Nut Runner,Plant-A,2026-04-22,2026-07-21,Active,97.47,Bosch,SN100001
M8179,MA1AB100000001179,WO11179,Hatch Z,GA-2, stn-05 ,2026-03-02 06:33,ENG-1206,SUP-115,EMP205,TL-070,,Tool_70,Robot Arm,Plant-C,2026-04-23,2026-07-22,Maintenance,98.03,Bosch,SN100069
M8180,MA1AB100000001180,WO11180,Hatch Z,PAINT-1,Stn-03,2026-03-02 06:35,ENG-1400,SUP-167,EMP307,TL-100,B,Tool_100,Welding Gun,Plant-A,2026-04-25,2026-07-24,Maintenance,97.13,Ingersoll Rand,SN100099
M8181,MA1AB100000001181,WO11181,SUV Pro,GA-1,STN-01,2026-03-02 06:36,ENG-1275,SUP-086,EMP299,TL-093,B,Tool_93,Nut Runner,Plant-A,2026-03-03,2026-06-01,Out of Service,98.43,Ingersoll Rand,SN100092
M8182,MA1AB100000001182,WO11182,Hatch Z,PAINT-1,STN-02,2026-03-02 06:37,ENG-1047,SUP-131,EMP382,TL-040,C,Tool_40,Welding Gun,Plant-A,2026-04-02,2026-07-01,Active,98.84,Atlas Copco,SN100039
M8183,MA1AB100000001183,WO11183,Hatch Z,GA-2,STN-01,2026-03-02 06:38,ENG-1014,SUP-139,EMP232,TL-031,C,Tool_31,Nut Runner,Plant-A,2026-01-31,2026-05-01,Active,97.01,Atlas Copco,SN100030
M8184,MA1AB100000001184,WO11184,Hatch Z,TRIM-1,STN-05,2026-03-02 06:40,ENG-1056,SUP-188,EMP130,TL-048,C,Tool_48,Nut Runner,Plant-B,2026-04-17,2026-07-16,Active,96.56,Stanley,SN100047
M8185,MA1AB100000001185,WO11185,Hatch Z,PAINT-1,STN-01,2026-03-02 06:41,ENG-1024,SUP-194,EMP163,TL-058,C,Tool_58,Robot Arm,Plant-C,2026-04-28,2026-07-27,Active,96.6,Stanley,SN100057
M8186,MA1AB100000001186,WO11186,Hatch Z,GA-1,STN-04,2026-03-02 06:42,ENG-1173,SUP-061,EMP397,TL-073,B,Tool_73,Welding Gun,Plant-C,2026-03-17,2026-06-15,Active,96.96,Ingersoll Rand,SN100072
M8187,MA1AB100000001187,WO11187,SUV Pro,PAINT-1,STN-03,2026-03-02 06:43,ENG-1341,SUP-184,EMP393,TL-087,B,Tool_87,Robot Arm,Plant-B,2026-02-09,2026-05-10,Maintenance,99.98,Stanley,SN100086
M8188,MA1AB100000001188,WO11188,Hatch Z,TRIM-1,STN-05,2026-03-02 06:45,ENG-1377,SUP-064,EMP153,TL-042,B,Tool_42,Welding Gun,Plant-C,2026-03-03,2026-06-01,Out of Service,97.14,Ingersoll Rand,SN100041
M8189,MA1AB100000001189,WO11189,SUV Pro,TRIM-1,STN-01,2026-03-02 06:46,ENG-1075,SUP-183,EMP317,TL-053,A,Tool_53,Nut Runner,Plant-A,2026-02-27,2026-05-28,Out of Service,96.41,Stanley,SN100052
M8190,MA1AB100000001190,WO11190,Sedan X,GA-1,STN-04,2026-03-02 06:47,ENG-1454,SUP-034,EMP343,TL-028,,Tool_28,Press Tool,Plant-C,2026-01-25,2026-04-25,Out of Service,97.87,Ingersoll Rand,SN100027
M8191,MA1AB100000001191,WO11191,Sedan X,PAINT-1, stn-05 ,2026-03-02 06:48,ENG-1269,SUP-104,EMP386,TL-067,,Tool_67,Torque Wrench,Plant-A,2026-02-10,2026-05-11,Active,95.24,Bosch,SN100066
M8192,MA1AB100000001192,WO11192,SUV Pro,TRIM-1, stn-05 ,2026-03-02 06:50,ENG-1216,SUP-113,EMP350,TL-094,,Tool_94,Press Tool,Plant-C,2026-05-10,2026-08-08,Maintenance,98.64,Stanley,SN100093
M8193,MA1AB100000001193,WO11193,Sedan X,GA-2,STN-05,2026-03-02 06:51,ENG-1065,SUP-125,EMP334,TL-017,A,Tool_17,Torque Wrench,Plant-C,2026-01-08,2026-04-08,Maintenance,96.84,Atlas Copco,SN100016
M8194,MA1AB100000001194,WO11194,Hatch Z,GA-2,STN-04,2026-03-02 06:52,ENG-1242,SUP-009,EMP180,TL-072,C,Tool_72,Robot Arm,Plant-C,2026-05-05,2026-08-03,Maintenance,99.87,Atlas Copco,SN100071
M8195,MA1AB100000001195,WO11195,Sedan X,TRIM-1,STN-01,2026-03-02 06:53,ENG-1061,SUP-095,EMP392,TL-038,A,Tool_38,Welding Gun,Plant-B,2026-04-18,2026-07-17,Active,97.87,Ingersoll Rand,SN100037
M8196,MA1AB100000001196,WO11196,Hatch Z,GA-2,STN-01,2026-03-02 06:55,ENG-1190,SUP-079,EMP291,TL-039,C,Tool_39,Nut Runner,Plant-C,2026-02-15,2026-05-16,Maintenance,97.07,Ingersoll Rand,SN100038
M8197,MA1AB100000001197,WO11197,SUV Pro,GA-1,Stn-03,2026-03-02 06:56,ENG-1073,SUP-037,EMP315,TL-007,C,Tool_7,Nut Runner,Plant-B,2026-06-11,2026-09-09,Out of Service,95.88,Stanley,SN100006
M8198,MA1AB100000001198,WO11198,SUV Pro,GA-2,STN-02,2026-03-02 06:57,ENG-1419,SUP-190,EMP350,TL-001,A,Tool_1,Welding Gun,Plant-A,2026-05-21,2026-08-19,Maintenance,98.97,Bosch,SN100000
M8199,MA1AB100000001199,WO11199,Hatch Z,PAINT-1,STN-01,2026-03-02 06:58,ENG-1445,SUP-012,EMP313,TL-062,C,Tool_62,Robot Arm,Plant-A,2026-04-28,2026-07-27,Out of Service,95.44,Bosch,SN100061
M8200,MA1AB100000001200,WO11200,Hatch Z,TRIM-1,STN-03,2026-03-02 07:00,ENG-1400,SUP-097,EMP343,TL-093,B,Tool_93,Nut Runner,Plant-A,2026-03-03,2026-06-01,Out of Service,98.43,Ingersoll Rand,SN100092
M8201,MA1AB100000001201,WO11201,Sedan X,TRIM-1,Stn-03,2026-03-02 07:01,ENG-1230,SUP-171,EMP329,TL-020,C,Tool_20,Robot Arm,Plant-C,2026-06-24,2026-09-22,Active,99.27,Ingersoll Rand,SN100019
M8202,MA1AB100000001202,WO11202,Sedan X,TRIM-1,STN-04,2026-03-02 07:02,ENG-1119,SUP-102,EMP273,TL-070,A,Tool_70,Robot Arm,Plant-C,2026-04-23,2026-07-22,Maintenance,98.03,Bosch,SN100069
M8203,MA1AB100000001203,WO11203,Hatch Z,TRIM-1, stn-05 ,2026-03-02 07:03,ENG-1142,SUP-166,EMP145,TL-022,A,Tool_22,Press Tool,Plant-C,2026-03-22,2026-06-20,Out of Service,95.43,Bosch,SN100021
M8204,MA1AB100000001204,WO11204,Hatch Z,PAINT-1,STN-05,2026-03-02 07:05,ENG-1330,SUP-032,EMP386,TL-011,B,Tool_11,Welding Gun,Plant-B,2026-01-03,2026-04-03,Out of Service,99.43,Atlas Copco,SN100010
M8205,MA1AB100000001205,WO11205,Hatch Z,GA-1,STN-05,2026-03-02 07:06,ENG-1267,SUP-049,EMP343,TL-065,A,Tool_65,Torque Wrench,Plant-C,2026-01-31,2026-05-01,Maintenance,97.24,Bosch,SN100064
M8206,MA1AB100000001206,WO11206,Sedan X,GA-2,STN-01,2026-03-02 07:07,ENG-1140,SUP-053,EMP225,TL-091,,Tool_91,Nut Runner,Plant-B,2026-03-20,2026-06-18,Active,95.45,Atlas Copco,SN100090
M8207,MA1AB100000001207,WO11207,Sedan X,PAINT-1,STN-04,2026-03-02 07:08,ENG-1301,SUP-012,EMP351,TL-003,C,Tool_3,Robot Arm,Plant-C,2026-02-25,2026-05-26,Active,97.36,Atlas Copco,SN100002
M8208,MA1AB100000001208,WO11208,SUV Pro,GA-2,STN-04,2026-03-02 07:10,ENG-1012,SUP-136,EMP262,TL-049,C,Tool_49,Press Tool,Plant-A,2026-01-18,2026-04-18,Active,97.7,Atlas Copco,SN100048
M8209,MA1AB100000001209,WO11209,Sedan X,GA-1,STN-01,2026-03-02 07:11,ENG-1277,SUP-044,EMP246,TL-019,B,Tool_19,Torque Wrench,Plant-B,2026-05-30,2026-08-28,Active,96.08,Atlas Copco,SN100018
M8210,MA1AB100000001210,WO11210,SUV Pro,GA-1,STN-02,2026-03-02 07:12,ENG-1157,SUP-105,EMP186,TL-008,C,Tool_8,Welding Gun,Plant-A,2026-06-05,2026-09-03,Maintenance,95.49,Ingersoll Rand,SN100007
M8211,MA1AB100000001211,WO11211,Sedan X,GA-1, stn-05 ,2026/03/02 07:13,ENG-1029,SUP-077,EMP299,TL-013,C,Tool_13,Nut Runner,Plant-B,2026-04-05,2026-07-04,Active,99.14,Bosch,SN100012
M8212,MA1AB100000001212,WO11212,Sedan X,TRIM-1,STN-03,2026-03-02 07:15,ENG-1132,SUP-097,EMP161,TL-007,B,Tool_7,Nut Runner,Plant-B,2026-06-11,2026-09-09,Out of Service,95.88,Stanley,SN100006
M8213,MA1AB100000001213,WO11213,Sedan X,GA-2,STN-04,2026-03-02 07:16,ENG-1260,SUP-193,EMP358,TL-050,A,Tool_50,Welding Gun,Plant-C,2026-04-30,2026-07-29,Maintenance,98.51,Ingersoll Rand,SN100049
M8214,MA1AB100000001214,WO11214,SUV Pro,GA-1,STN-03,2026-03-02 07:17,ENG-1237,SUP-142,EMP308,TL-009,,Tool_9,Press Tool,Plant-C,2026-05-31,2026-08-29,Active,98.89,Bosch,SN100008
M8215,MA1AB100000001215,WO11215,Sedan X,TRIM-1, stn-05 ,2026-03-02 07:18,ENG-1119,SUP-005,EMP237,TL-071,A,Tool_71,Welding Gun,Plant-B,2026-04-11,2026-07-10,Active,98.12,Atlas Copco,SN100070
M8216,MA1AB100000001216,WO11216,Sedan X,GA-2,STN-03,2026-03-02 07:20,ENG-1290,SUP-105,EMP328,TL-011,B,Tool_11,Welding Gun,Plant-B,2026-01-03,2026-04-03,Out of Service,99.43,Atlas Copco,SN100010
M8217,MA1AB100000001217,WO11217,Sedan X,PAINT-1,STN-05,2026-03-02 07:21,ENG-1086,SUP-063,EMP375,TL-055,,Tool_55,Nut Runner,Plant-A,2026-01-22,2026-04-22,Out of Service,95.5,Atlas Copco,SN100054
M8218,MA1AB100000001218,WO11218,Sedan X,GA-1,Stn-03,2026-03-02 07:22,ENG-1237,SUP-159,EMP248,TL-084,B,Tool_84,Torque Wrench,Plant-C,2026-02-03,2026-05-04,Out of Service,97.78,Ingersoll Rand,SN100083
M8219,MA1AB100000001219,WO11219,Sedan X,GA-1,STN-04,2026-03-02 07:23,ENG-1139,SUP-154,EMP228,TL-088,,Tool_88,Welding Gun,Plant-B,2026-04-25,2026-07-24,Active,95.24,Stanley,SN100087
M8220,MA1AB100000001220,WO11220,SUV Pro,GA-2,STN-05,2026-03-02 07:25,ENG-1430,SUP-131,EMP244,TL-006,B,Tool_6,Nut Runner,Plant-B,2026-01-25,2026-04-25,Maintenance,98.24,Ingersoll Rand,SN100005
M8221,MA1AB100000001221,WO11221,Hatch Z,GA-1,STN-03,2026-03-02 07:26,ENG-1045,SUP-102,EMP162,TL-018,C,Tool_18,Robot Arm,Plant-B,2026-06-15,2026-09-13,Out of Service,95.48,Stanley,SN100017
M8222,MA1AB100000001222,WO11222,SUV Pro,GA-2,STN-05,2026-03-02 07:27,ENG-1258,SUP-082,EMP275,TL-082,C,Tool_82,Nut Runner,Plant-B,2026-03-18,2026-06-16,Active,95.75,Atlas Copco,SN100081
M8223,MA1AB100000001223,WO11223,Hatch Z,TRIM-1,STN-03,2026-03-02 07:28,ENG-1125,SUP-170,EMP264,TL-044,B,Tool_44,Press Tool,Plant-C,2026-01-16,2026-04-16,Maintenance,99.03,Bosch,SN100043
M8224,MA1AB100000001224,WO11224,SUV Pro,PAINT-1,STN-01,2026-03-02 07:30,ENG-1467,SUP-178,EMP168,TL-083,A,Tool_83,Nut Runner,Plant-A,2026-01-22,2026-04-22,Out of Service,98.35,Bosch,SN100082
M8225,MA1AB100000001225,WO11225,Hatch Z,TRIM-1,STN-01,2026-03-02 07:31,ENG-1461,SUP-003,EMP188,TL-053,,Tool_53,Nut Runner,Plant-A,2026-02-27,2026-05-28,Out of Service,96.41,Stanley,SN100052
M8226,MA1AB100000001226,WO11226,SUV Pro,GA-1,Stn-03,2026-03-02 07:32,ENG-1448,SUP-167,EMP139,TL-069,A,Tool_69,Torque Wrench,Plant-B,2026-01-29,2026-04-29,Active,98.16,Bosch,SN100068
M8227,MA1AB100000001227,WO11227,Hatch Z,TRIM-1, stn-05 ,2026-03-02 07:33,ENG-1063,SUP-091,EMP292,TL-077,C,Tool_77,Welding Gun,Plant-C,2026-04-12,2026-07-11,Active,98.71,Stanley,SN100076
M8228,MA1AB100000001228,WO11228,SUV Pro,GA-2,Stn-03,2026-03-02 07:35,ENG-1393,SUP-179,EMP104,TL-016,,Tool_16,Robot Arm,Plant-B,2026-04-27,2026-07-26,Active,98.18,Atlas Copco,SN100015
M8229,MA1AB100000001229,WO11229,SUV Pro,GA-2,STN-04,2026-03-02 07:36,ENG-1004,SUP-057,EMP110,TL-098,C,Tool_98,Press Tool,Plant-A,2026-06-01,2026-08-30,Active,98.11,Stanley,SN100097
M8230,MA1AB100000001230,WO11230,Hatch Z,PAINT-1,STN-02,2026-03-02 07:37,ENG-1046,SUP-158,EMP255,TL-092,B,Tool_92,Nut Runner,Plant-C,2026-06-25,2026-09-23,Active,97.7,Bosch,SN100091
M8231,MA1AB100000001231,WO11231,Sedan X,TRIM-1,STN-03,2026-03-02 07:38,ENG-1018,SUP-072,EMP352,TL-091,B,Tool_91,Nut Runner,Plant-B,2026-03-20,2026-06-18,Active,95.45,Atlas Copco,SN100090
M8232,MA1AB100000001232,WO11232,Sedan X,GA-2,Stn-03,2026-03-02 07:40,ENG-1326,SUP-102,EMP156,TL-036,,Tool_36,Nut Runner,Plant-B,2026-02-08,2026-05-09,Active,95.2,Stanley,SN100035
M8233,MA1AB100000001233,WO11233,Sedan X,GA-2, stn-05 ,2026-03-02 07:41,ENG-1378,SUP-145,EMP389,TL-023,A,Tool_23,Welding Gun,Plant-A,2026-04-29,2026-07-28,Active,95.35,Bosch,SN100022
M8234,MA1AB100000001234,WO11234,Hatch Z,GA-2, stn-05 ,2026-03-02 07:42,ENG-1033,SUP-033,EMP232,TL-073,B,Tool_73,Welding Gun,Plant-C,2026-03-17,2026-06-15,Active,96.96,Ingersoll Rand,SN100072
M8235,MA1AB100000001235,WO11235,Hatch Z,PAINT-1,STN-02,2026-03-02 07:43,ENG-1434,SUP-174,EMP111,TL-089,C,Tool_89,Welding Gun,Plant-B,2026-06-20,2026-09-18,Out of Service,97.46,Stanley,SN100088
M8236,MA1AB100000001236,WO11236,Hatch Z,TRIM-1,STN-01,2026-03-02 07:45,ENG-1480,SUP-110,EMP126,TL-042,,Tool_42,Welding Gun,Plant-C,2026-03-03,2026-06-01,Out of Service,97.14,Ingersoll Rand,SN100041
M8237,MA1AB100000001237,WO11237,SUV Pro,PAINT-1,STN-01,2026-03-02 07:46,ENG-1348,SUP-133,EMP338,TL-064,C,Tool_64,Press Tool,Plant-A,2026-02-03,2026-05-04,Active,98.09,Atlas Copco,SN100063
M8238,MA1AB100000001238,WO11238,Hatch Z,GA-1, stn-05 ,2026-03-02 07:47,ENG-1114,SUP-013,EMP242,TL-054,,Tool_54,Press Tool,Plant-C,2026-01-18,2026-04-18,Active,99.35,Ingersoll Rand,SN100053
M8239,MA1AB100000001239,WO11239,SUV Pro,GA-1,STN-04,2026-03-02 07:48,ENG-1099,SUP-086,EMP141,TL-074,A,Tool_74,Robot Arm,Plant-B,2026-01-04,2026-04-04,Active,97.63,Stanley,SN100073
M8240,MA1AB100000001240,WO11240,Hatch Z,GA-2, stn-05 ,2026-03-02 07:50,ENG-1216,SUP-020,EMP227,TL-026,B,Tool_26,Robot Arm,Plant-A,2026-05-25,2026-08-23,Out of Service,99.11,Atlas Copco,SN100025
M8241,MA1AB100000001241,WO11241,SUV Pro,PAINT-1,STN-01,2026-03-02 07:51,ENG-1320,SUP-161,EMP149,TL-004,,Tool_4,Press Tool,Plant-A,2026-01-19,2026-04-19,Active,97.49,Bosch,SN100003
M8242,MA1AB100000001242,WO11242,SUV Pro,GA-1,STN-05,2026-03-02 07:52,ENG-1408,SUP-161,EMP271,TL-033,B,Tool_33,Welding Gun,Plant-C,2026-02-25,2026-05-26,Active,97.63,Bosch,SN100032
M8243,MA1AB100000001243,WO11243,Sedan X,TRIM-1,STN-02,2026-03-02 07:53,ENG-1490,SUP-088,EMP127,TL-043,B,Tool_43,Torque Wrench,Plant-B,2026-04-28,2026-07-27,Active,96.51,Ingersoll Rand,SN100042
M8244,MA1AB100000001244,WO11244,Sedan X,TRIM-1,Stn-03,2026-03-02 07:55,ENG-1048,SUP-161,EMP328,TL-075,A,Tool_75,Press Tool,Plant-C,2026-04-22,2026-07-21,Active,99.86,Ingersoll Rand,SN100074
M8245,MA1AB100000001245,WO11245,Sedan X,GA-1,STN-01,2026-03-02 07:56,ENG-1193,SUP-081,EMP133,TL-999,B,Unknown Tool,Unknown Type,,,,,,,
M8246,MA1AB100000001246,WO11246,Sedan X,TRIM-1,STN-01,2026-03-02 07:57,ENG-1154,SUP-157,EMP321,TL-009,A,Tool_9,Press Tool,Plant-C,2026-05-31,2026-08-29,Active,98.89,Bosch,SN100008
M8247,MA1AB100000001247,WO11247,Hatch Z,GA-1,STN-05,2026-03-02 07:58,ENG-1026,SUP-076,EMP295,TL-052,A,Tool_52,Torque Wrench,Plant-A,2026-04-12,2026-07-11,Out of Service,99.68,Ingersoll Rand,SN100051
M8248,MA1AB100000001248,WO11248,Hatch Z,TRIM-1,STN-02,2026-03-02 08:00,ENG-1442,SUP-154,EMP105,TL-059,,Tool_59,Robot Arm,Plant-B,2026-04-15,2026-07-14,Active,95.72,Stanley,SN100058
M8249,MA1AB100000001249,WO11249,SUV Pro,TRIM-1,STN-05,2026-03-02 08:01,ENG-1317,SUP-026,EMP273,TL-084,A,Tool_84,Torque Wrench,Plant-C,2026-02-03,2026-05-04,Out of Service,97.78,Ingersoll Rand,SN100083
M8250,MA1AB100000001250,WO11250,SUV Pro,PAINT-1,STN-05,2026-03-02 08:02,ENG-1098,SUP-028,EMP152,TL-002,A,Tool_2,Nut Runner,Plant-A,2026-04-22,2026-07-21,Active,97.47,Bosch,SN100001
M8251,MA1AB100000001251,WO11251,Hatch Z,GA-2,STN-05,2026-03-02 08:03,ENG-1064,SUP-164,EMP360,TL-033,C,Tool_33,Welding Gun,Plant-C,2026-02-25,2026-05-26,Active,97.63,Bosch,SN100032
M8252,MA1AB100000001252,WO11252,SUV Pro,TRIM-1, stn-05 ,2026-03-02 08:05,ENG-1317,SUP-114,EMP195,TL-032,B,Tool_32,Press Tool,Plant-A,2026-03-27,2026-06-25,Maintenance,97.67,Bosch,SN100031
M8253,MA1AB100000001253,WO11253,Sedan X,GA-1,STN-02,2026-03-02 08:06,ENG-1159,SUP-150,EMP323,TL-066,C,Tool_66,Nut Runner,Plant-A,2026-01-13,2026-04-13,Maintenance,98.63,Stanley,SN100065
M8254,MA1AB100000001254,WO11254,SUV Pro,GA-2,STN-02,2026-03-02 08:07,ENG-1240,SUP-080,EMP275,TL-038,C,Tool_38,Welding Gun,Plant-B,2026-04-18,2026-07-17,Active,97.87,Ingersoll Rand,SN100037
M8255,MA1AB100000001255,WO11255,Sedan X,GA-2,STN-01,2026-03-02 08:08,ENG-1121,SUP-130,EMP386,TL-007,,Tool_7,Nut Runner,Plant-B,2026-06-11,2026-09-09,Out of Service,95.88,Stanley,SN100006
M8256,MA1AB100000001256,WO11256,SUV Pro,GA-2,STN-02,2026-03-02 08:10,ENG-1327,SUP-052,EMP135,TL-044,B,Tool_44,Press Tool,Plant-C,2026-01-16,2026-04-16,Maintenance,99.03,Bosch,SN100043
M8257,MA1AB100000001257,WO11257,Hatch Z,TRIM-1, stn-05 ,2026-03-02 08:11,ENG-1354,SUP-120,EMP269,TL-075,C,Tool_75,Press Tool,Plant-C,2026-04-22,2026-07-21,Active,99.86,Ingersoll Rand,SN100074
M8258,MA1AB100000001258,WO11258,Hatch Z,PAINT-1,STN-04,2026-03-02 08:12,ENG-1168,SUP-042,EMP153,TL-059,A,Tool_59,Robot Arm,Plant-B,2026-04-15,2026-07-14,Active,95.72,Stanley,SN100058
M8259,MA1AB100000001259,WO11259,SUV Pro,GA-2,STN-01,2026-03-02 08:13,ENG-1327,SUP-058,EMP217,TL-060,B,Tool_60,Welding Gun,Plant-B,2026-02-09,2026-05-10,Active,95.55,Atlas Copco,SN100059
M8260,MA1AB100000001260,WO11260,Sedan X,TRIM-1, stn-05 ,2026-03-02 08:15,ENG-1393,SUP-085,EMP292,TL-027,,Tool_27,Robot Arm,Plant-A,2026-03-13,2026-06-11,Active,95.63,Atlas Copco,SN100026
M8261,MA1AB100000001261,WO11261,Sedan X,GA-1,STN-03,2026-03-02 08:16,ENG-1005,SUP-019,EMP283,TL-004,A,Tool_4,Press Tool,Plant-A,2026-01-19,2026-04-19,Active,97.49,Bosch,SN100003
M8262,MA1AB100000001262,WO11262,Sedan X,PAINT-1,STN-04,2026-03-02 08:17,ENG-1099,SUP-162,EMP399,TL-098,C,Tool_98,Press Tool,Plant-A,2026-06-01,2026-08-30,Active,98.11,Stanley,SN100097
M8263,MA1AB100000001263,WO11263,Sedan X,GA-1,STN-02,2026-03-02 08:18,ENG-1101,SUP-073,EMP189,TL-029,C,Tool_29,Press Tool,Plant-C,2026-04-30,2026-07-29,Maintenance,98.95,Stanley,SN100028
M8264,MA1AB100000001264,WO11264,Hatch Z,GA-2,STN-03,2026-03-02 08:20,ENG-1433,SUP-142,EMP225,TL-023,B,Tool_23,Welding Gun,Plant-A,2026-04-29,2026-07-28,Active,95.35,Bosch,SN100022
M8265,MA1AB100000001265,WO11265,Sedan X,GA-2,Stn-03,2026-03-02 08:21,ENG-1134,SUP-026,EMP110,TL-087,B,Tool_87,Robot Arm,Plant-B,2026-02-09,2026-05-10,Maintenance,99.98,Stanley,SN100086
M8266,MA1AB100000001266,WO11266,SUV Pro,GA-1,STN-03,2026-03-02 08:70,ENG-1479,SUP-054,EMP256,TL-059,B,Tool_59,Robot Arm,Plant-B,2026-04-15,2026-07-14,Active,95.72,Stanley,SN100058
M8267,MA1AB100000001267,WO11267,SUV Pro,PAINT-1, stn-05 ,2026-03-02 08:23,ENG-1087,SUP-135,EMP322,TL-092,A,Tool_92,Nut Runner,Plant-C,2026-06-25,2026-09-23,Active,97.7,Bosch,SN100091
M8268,MA1AB100000001268,WO11268,Sedan X,GA-2,STN-02,2026-03-02 08:25,ENG-1406,SUP-049,EMP198,TL-069,,Tool_69,Torque Wrench,Plant-B,2026-01-29,2026-04-29,Active,98.16,Bosch,SN100068
M8269,MA1AB100000001269,WO11269,Hatch Z,PAINT-1,STN-03,2026-03-02 08:26,ENG-1306,SUP-110,EMP225,TL-006,B,Tool_6,Nut Runner,Plant-B,2026-01-25,2026-04-25,Maintenance,98.24,Ingersoll Rand,SN100005
M8270,MA1AB100000001270,WO11270,Hatch Z,PAINT-1,Stn-03,2026-03-02 08:27,ENG-1076,SUP-084,EMP226,TL-007,C,Tool_7,Nut Runner,Plant-B,2026-06-11,2026-09-09,Out of Service,95.88,Stanley,SN100006
M8271,MA1AB100000001271,WO11271,Sedan X,TRIM-1,STN-02,2026-03-02 08:28,ENG-1372,SUP-021,EMP340,TL-085,A,Tool_85,Nut Runner,Plant-A,2026-01-29,2026-04-29,Out of Service,98.68,Stanley,SN100084
M8272,MA1AB100000001272,WO11272,Sedan X,TRIM-1,Stn-03,2026-03-02 08:30,ENG-1451,SUP-166,EMP360,TL-048,,Tool_48,Nut Runner,Plant-B,2026-04-17,2026-07-16,Active,96.56,Stanley,SN100047
M8273,MA1AB100000001273,WO11273,Hatch Z,TRIM-1,STN-02,2026-03-02 08:31,ENG-1164,SUP-183,EMP291,TL-068,,Tool_68,Press Tool,Plant-A,2026-04-15,2026-07-14,Active,97.42,Bosch,SN100067
M8274,MA1AB100000001274,WO11274,Hatch Z,TRIM-1,STN-04,2026-03-02 08:32,ENG-1137,SUP-149,EMP305,TL-082,A,Tool_82,Nut Runner,Plant-B,2026-03-18,2026-06-16,Active,95.75,Atlas Copco,SN100081
M8275,MA1AB100000001275,WO11275,Sedan X,GA-2,STN-02,2026-03-02 08:33,ENG-1231,SUP-061,EMP302,TL-028,C,Tool_28,Press Tool,Plant-C,2026-01-25,2026-04-25,Out of Service,97.87,Ingersoll Rand,SN100027
M8276,MA1AB100000001276,WO11276,SUV Pro,TRIM-1,STN-05,2026-03-02 08:35,ENG-1080,SUP-096,EMP230,TL-071,A,Tool_71,Welding Gun,Plant-B,2026-04-11,2026-07-10,Active,98.12,Atlas Copco,SN100070
M8277,MA1AB100000001277,WO11277,Sedan X,GA-1,STN-03,2026-03-02 08:36,ENG-1227,SUP-133,EMP280,TL-030,A,Tool_30,Nut Runner,Plant-A,2026-02-18,2026-05-19,Out of Service,97.07,Ingersoll Rand,SN100029
M8278,MA1AB100000001278,WO11278,SUV Pro,PAINT-1,STN-04,2026-03-02 08:37,ENG-1230,SUP-120,EMP321,TL-053,C,Tool_53,Nut Runner,Plant-A,2026-02-27,2026-05-28,Out of Service,96.41,Stanley,SN100052
M8279,MA1AB100000001279,WO11279,SUV Pro,PAINT-1,STN-03,2026-03-02 08:38,ENG-1195,SUP-007,EMP191,TL-057,B,Tool_57,Welding Gun,Plant-A,2026-05-01,2026-07-30,Active,98.96,Bosch,SN100056
M8280,MA1AB100000001280,WO11280,SUV Pro,GA-1,STN-03,2026-03-02 08:40,ENG-1461,SUP-022,EMP250,TL-065,A,Tool_65,Torque Wrench,Plant-C,2026-01-31,2026-05-01,Maintenance,97.24,Bosch,SN100064
M8281,MA1AB100000001281,WO11281,SUV Pro,GA-2,STN-01,2026-03-02 08:41,ENG-1060,SUP-019,EMP284,TL-005,B,Tool_5,Torque Wrench,Plant-C,2026-02-02,2026-05-03,Maintenance,99.68,Ingersoll Rand,SN100004
M8282,MA1AB100000001282,WO11282,SUV Pro,GA-2, stn-05 ,2026-03-02 08:42,ENG-1168,SUP-065,EMP254,TL-096,C,Tool_96,Nut Runner,Plant-A,2026-04-26,2026-07-25,Active,95.35,Stanley,SN100095
M8283,MA1AB100000001283,WO11283,Sedan X,GA-2,Stn-03,2026-03-02 08:43,ENG-1385,SUP-184,EMP378,TL-034,A,Tool_34,Torque Wrench,Plant-A,2026-06-25,2026-09-23,Out of Service,99.85,Stanley,SN100033
M8284,MA1AB100000001284,WO11284,SUV Pro,PAINT-1,Stn-03,2026-03-02 08:45,ENG-1177,SUP-104,EMP307,TL-075,A,Tool_75,Press Tool,Plant-C,2026-04-22,2026-07-21,Active,99.86,Ingersoll Rand,SN100074
M8285,MA1AB100000001285,WO11285,SUV Pro,GA-2,Stn-03,2026-03-02 08:46,ENG-1203,SUP-059,EMP216,TL-093,B,Tool_93,Nut Runner,Plant-A,2026-03-03,2026-06-01,Out of Service,98.43,Ingersoll Rand,SN100092
M8286,MA1AB100000001286,WO11286,SUV Pro,GA-2,STN-05,2026-03-02 08:47,ENG-1300,SUP-142,EMP339,TL-093,,Tool_93,Nut Runner,Plant-A,2026-03-03,2026-06-01,Out of Service,98.43,Ingersoll Rand,SN100092
M8287,MA1AB100000001287,WO11287,SUV Pro,GA-1,STN-03,2026-03-02 08:48,ENG-1433,SUP-049,EMP319,TL-099,,Tool_99,Welding Gun,Plant-B,2026-05-20,2026-08-18,Active,97.05,Atlas Copco,SN100098
M8288,MA1AB100000001288,WO11288,Sedan X,TRIM-1,STN-04,2026-03-02 08:50,ENG-1436,SUP-143,EMP115,TL-048,B,Tool_48,Nut Runner,Plant-B,2026-04-17,2026-07-16,Active,96.56,Stanley,SN100047
M8289,MA1AB100000001289,WO11289,Hatch Z,GA-2,STN-03,2026-03-02 08:51,ENG-1482,SUP-189,EMP104,TL-064,C,Tool_64,Press Tool,Plant-A,2026-02-03,2026-05-04,Active,98.09,Atlas Copco,SN100063
M8290,MA1AB100000001290,WO11290,SUV Pro,GA-2,STN-04,2026-03-02 08:52,ENG-1217,SUP-176,EMP306,TL-098,C,Tool_98,Press Tool,Plant-A,2026-06-01,2026-08-30,Active,98.11,Stanley,SN100097
M8291,MA1AB100000001291,WO11291,SUV Pro,GA-1,STN-05,2026-03-02 08:53,ENG-1402,SUP-009,EMP171,TL-020,C,Tool_20,Robot Arm,Plant-C,2026-06-24,2026-09-22,Active,99.27,Ingersoll Rand,SN100019
M8292,MA1AB100000001292,WO11292,Hatch Z,TRIM-1,STN-04,2026-03-02 08:55,ENG-1104,SUP-101,EMP132,TL-069,,Tool_69,Torque Wrench,Plant-B,2026-01-29,2026-04-29,Active,98.16,Bosch,SN100068
M8293,MA1AB100000001293,WO11293,Sedan X,TRIM-1,STN-01,2026-03-02 08:56,ENG-1168,SUP-146,EMP331,TL-082,C,Tool_82,Nut Runner,Plant-B,2026-03-18,2026-06-16,Active,95.75,Atlas Copco,SN100081
M8294,MA1AB100000001294,WO11294,Sedan X,GA-2,STN-01,2026-03-02 08:57,ENG-1345,SUP-142,EMP190,TL-005,,Tool_5,Torque Wrench,Plant-C,2026-02-02,2026-05-03,Maintenance,99.68,Ingersoll Rand,SN100004
M8295,MA1AB100000001295,WO11295,Sedan X,GA-2,STN-02,2026-03-02 08:58,ENG-1035,SUP-099,EMP245,TL-027,B,Tool_27,Robot Arm,Plant-A,2026-03-13,2026-06-11,Active,95.63,Atlas Copco,SN100026
M8296,MA1AB100000001296,WO11296,SUV Pro,GA-1,STN-04,2026-03-02 09:00,ENG-1029,SUP-095,EMP365,TL-002,B,Tool_2,Nut Runner,Plant-A,2026-04-22,2026-07-21,Active,97.47,Bosch,SN100001
M8297,MA1AB100000001297,WO11297,SUV Pro,TRIM-1,STN-04,2026-03-02 09:01,ENG-1080,SUP-029,EMP166,TL-069,,Tool_69,Torque Wrench,Plant-B,2026-01-29,2026-04-29,Active,98.16,Bosch,SN100068
M8298,MA1AB100000001298,WO11298,SUV Pro,GA-1,STN-04,2026-03-02 09:02,ENG-1489,SUP-053,EMP166,TL-027,C,Tool_27,Robot Arm,Plant-A,2026-03-13,2026-06-11,Active,95.63,Atlas Copco,SN100026
M8299,MA1AB100000001299,WO11299,SUV Pro,TRIM-1,STN-02,2026-03-02 09:03,ENG-1309,SUP-148,EMP258,TL-076,B,Tool_76,Welding Gun,Plant-C,2026-02-22,2026-05-23,Maintenance,98.13,Ingersoll Rand,SN100075
M8300,MA1AB100000001300,WO11300,Hatch Z,TRIM-1,STN-03,2026-03-02 09:05,ENG-1103,SUP-002,EMP173,TL-058,A,Tool_58,Robot Arm,Plant-C,2026-04-28,2026-07-27,Active,96.6,Stanley,SN100057
M8301,MA1AB100000001301,WO11301,SUV Pro,GA-2,STN-05,2026-03-02 09:06,ENG-1168,SUP-146,EMP351,TL-059,,Tool_59,Robot Arm,Plant-B,2026-04-15,2026-07-14,Active,95.72,Stanley,SN100058
M8302,MA1AB100000001302,WO11302,Hatch Z,GA-1, stn-05 ,2026-03-02 09:07,ENG-1046,SUP-074,EMP333,TL-045,C,Tool_45,Welding Gun,Plant-C,2026-03-10,2026-06-08,Active,98.94,Stanley,SN100044
M8303,MA1AB100000001303,WO11303,SUV Pro,GA-2,STN-04,2026-03-02 09:08,ENG-1127,SUP-046,EMP321,TL-059,,Tool_59,Robot Arm,Plant-B,2026-04-15,2026-07-14,Active,95.72,Stanley,SN100058
M8304,MA1AB100000001304,WO11304,Hatch Z,GA-2, stn-05 ,2026-03-02 09:10,ENG-1291,SUP-025,EMP301,TL-090,A,Tool_90,Nut Runner,Plant-C,2026-05-12,2026-08-10,Out of Service,97.28,Stanley,SN100089
M8305,MA1AB100000001305,WO11305,Sedan X,GA-2,STN-03,2026-03-02 09:11, eng-1001 ,SUP-161,EMP375,TL-038,A,Tool_38,Welding Gun,Plant-B,2026-04-18,2026-07-17,Active,97.87,Ingersoll Rand,SN100037
M8306,MA1AB100000001306,WO11306,Hatch Z,GA-2,STN-04,2026-03-02 09:12,ENG-1210,SUP-196,EMP383,TL-016,C,Tool_16,Robot Arm,Plant-B,2026-04-27,2026-07-26,Active,98.18,Atlas Copco,SN100015
M8307,MA1AB100000001307,WO11307,Sedan X,GA-1,STN-05,2026-03-02 09:13,ENG-1392,SUP-200,EMP266,TL-053,,Tool_53,Nut Runner,Plant-A,2026-02-27,2026-05-28,Out of Service,96.41,Stanley,SN100052
M8308,MA1AB100000001308,WO11308,Sedan X,PAINT-1,STN-02,2026-03-02 09:15,ENG-1259,SUP-012,EMP336,TL-004,A,Tool_4,Press Tool,Plant-A,2026-01-19,2026-04-19,Active,97.49,Bosch,SN100003
M8309,MA1AB100000001309,WO11309,Hatch Z,TRIM-1,STN-04,2026-03-02 09:16,ENG-1175,SUP-191,EMP304,TL-025,,Tool_25,Nut Runner,Plant-C,2026-02-19,2026-05-20,Out of Service,98.88,Atlas Copco,SN100024
M8310,MA1AB100000001310,WO11310,Sedan X,GA-1,STN-03,2026-03-02 09:17,ENG-1058,SUP-182,EMP169,TL-042,,Tool_42,Welding Gun,Plant-C,2026-03-03,2026-06-01,Out of Service,97.14,Ingersoll Rand,SN100041
M8311,MA1AB100000001311,WO11311,SUV Pro,TRIM-1,STN-01,2026-03-02 09:18,ENG-1042,SUP-141,EMP224,TL-092,,Tool_92,Nut Runner,Plant-C,2026-06-25,2026-09-23,Active,97.7,Bosch,SN100091
M8312,MA1AB100000001312,WO11312,Sedan X,TRIM-1,Stn-03,2026-03-02 09:20,ENG-1142,SUP-042,EMP187,TL-003,A,Tool_3,Robot Arm,Plant-C,2026-02-25,2026-05-26,Active,97.36,Atlas Copco,SN100002
M8313,MA1AB100000001313,WO11313,Sedan X,PAINT-1,STN-01,2026-03-02 09:21,ENG-1273,SUP-190,EMP300,TL-022,A,Tool_22,Press Tool,Plant-C,2026-03-22,2026-06-20,Out of Service,95.43,Bosch,SN100021
M8314,MA1AB100000001314,WO11314,Hatch Z,GA-1, stn-05 ,2026-03-02 09:22,ENG-1139,SUP-040,EMP325,TL-046,B,Tool_46,Torque Wrench,Plant-C,2026-01-19,2026-04-19,Active,95.51,Ingersoll Rand,SN100045
M8315,MA1AB100000001315,WO11315,Sedan X,GA-1, stn-05 ,2026-03-02 09:23,ENG-1272,SUP-056,EMP326,TL-090,A,Tool_90,Nut Runner,Plant-C,2026-05-12,2026-08-10,Out of Service,97.28,Stanley,SN100089
M8316,MA1AB100000001316,WO11316,Hatch Z,GA-1,STN-04,2026-03-02 09:25,ENG-1353,SUP-079,EMP327,TL-007,A,Tool_7,Nut Runner,Plant-B,2026-06-11,2026-09-09,Out of Service,95.88,Stanley,SN100006
M8317,MA1AB100000001317,WO11317,Sedan X,TRIM-1,Stn-03,2026-03-02 09:26,ENG-1103,SUP-064,EMP291,TL-031,B,Tool_31,Nut Runner,Plant-A,2026-01-31,2026-05-01,Active,97.01,Atlas Copco,SN100030
M8318,MA1AB100000001318,WO11318,Sedan X,GA-1,STN-04,2026-03-02 09:27,ENG-1014,SUP-004,EMP272,TL-025,A,Tool_25,Nut Runner,Plant-C,2026-02-19,2026-05-20,Out of Service,98.88,Atlas Copco,SN100024
M8319,MA1AB100000001319,WO11319,Sedan X,GA-1,Stn-03,2026-03-02 09:28,ENG-1427,SUP-171,EMP185,TL-093,B,Tool_93,Nut Runner,Plant-A,2026-03-03,2026-06-01,Out of Service,98.43,Ingersoll Rand,SN100092
M8320,MA1AB100000001320,WO11320,Sedan X,TRIM-1,STN-05,2026-03-02 09:30,ENG-1055,SUP-084,EMP265,TL-072,B,Tool_72,Robot Arm,Plant-C,2026-05-05,2026-08-03,Maintenance,99.87,Atlas Copco,SN100071
M8321,MA1AB100000001321,WO11321,Hatch Z,GA-2,STN-05,2026-03-02 09:31,ENG-1202,SUP-110,EMP161,TL-030,B,Tool_30,Nut Runner,Plant-A,2026-02-18,2026-05-19,Out of Service,97.07,Ingersoll Rand,SN100029
M8322,MA1AB100000001322,WO11322,Sedan X,PAINT-1,STN-03,2026-03-02 09:32,ENG-1088,SUP-004,EMP305,TL-084,C,Tool_84,Torque Wrench,Plant-C,2026-02-03,2026-05-04,Out of Service,97.78,Ingersoll Rand,SN100083
M8323,MA1AB100000001323,WO11323,Sedan X,TRIM-1,STN-02,2026-03-02 09:33,ENG-1234,SUP-057,EMP133,TL-085,C,Tool_85,Nut Runner,Plant-A,2026-01-29,2026-04-29,Out of Service,98.68,Stanley,SN100084
M8324,MA1AB100000001324,WO11324,Hatch Z,PAINT-1,STN-01,2026-03-02 09:35,ENG-1034,SUP-056,EMP310,TL-039,,Tool_39,Nut Runner,Plant-C,2026-02-15,2026-05-16,Maintenance,97.07,Ingersoll Rand,SN100038
M8325,MA1AB100000001325,WO11325,Sedan X,GA-2,STN-03,2026-03-02 09:36,ENG-1491,SUP-025,EMP266,TL-081,,Tool_81,Nut Runner,Plant-A,2026-06-21,2026-09-19,Maintenance,97.61,Atlas Copco,SN100080
M8326,MA1AB100000001326,WO11326,Hatch Z,GA-2,STN-03,2026-03-02 09:37,ENG-1089,SUP-163,EMP262,TL-086,,Tool_86,Press Tool,Plant-B,2026-03-20,2026-06-18,Active,96.21,Bosch,SN100085
M8327,MA1AB100000001327,WO11327,Sedan X,PAINT-1,STN-01,2026-03-02 09:38,ENG-1311,SUP-150,EMP329,TL-049,B,Tool_49,Press Tool,Plant-A,2026-01-18,2026-04-18,Active,97.7,Atlas Copco,SN100048
M8328,MA1AB100000001328,WO11328,Hatch Z,GA-1,STN-02,2026-03-02 09:40,ENG-1010,SUP-158,EMP163,TL-040,B,Tool_40,Welding Gun,Plant-A,2026-04-02,2026-07-01,Active,98.84,Atlas Copco,SN100039
M8329,MA1AB100000001329,WO11329,Hatch Z,TRIM-1,Stn-03,2026-03-02 09:41,ENG-1124,SUP-159,EMP140,TL-008,B,Tool_8,Welding Gun,Plant-A,2026-06-05,2026-09-03,Maintenance,95.49,Ingersoll Rand,SN100007
M8330,MA1AB100000001330,WO11330,SUV Pro,TRIM-1,STN-03,2026-03-02 09:42,ENG-1103,SUP-039,EMP292,TL-027,A,Tool_27,Robot Arm,Plant-A,2026-03-13,2026-06-11,Active,95.63,Atlas Copco,SN100026
M8331,MA1AB100000001331,WO11331,Sedan X,TRIM-1, stn-05 ,2026-03-02 09:43,ENG-1449,SUP-085,EMP168,TL-036,C,Tool_36,Nut Runner,Plant-B,2026-02-08,2026-05-09,Active,95.2,Stanley,SN100035
M8332,XX1 2 3 4,WO11332,Hatch Z,GA-1,STN-05,2026-03-02 09:45,ENG-1405,,EMP312,TL-083,C,Tool_83,Nut Runner,Plant-A,2026-01-22,2026-04-22,Out of Service,98.35,Bosch,SN100082
M8333,MA1AB100000001333,WO11333,Sedan X,GA-2,Stn-03,2026-03-02 09:46,ENG-1375,SUP-085,EMP275,TL-032,B,Tool_32,Press Tool,Plant-A,2026-03-27,2026-06-25,Maintenance,97.67,Bosch,SN100031
M8334,MA1AB100000001334,WO11334,Hatch Z,GA-1, stn-05 ,2026-03-02 09:47,ENG-1127,SUP-176,EMP213,TL-078,,Tool_78,Press Tool,Plant-A,2026-03-26,2026-06-24,Maintenance,99.88,Bosch,SN100077
M8335,MA1AB100000001335,WO11335,Hatch Z,PAINT-1,STN-02,2026-03-02 09:48,ENG-1226,SUP-162,EMP103,TL-009,,Tool_9,Press Tool,Plant-C,2026-05-31,2026-08-29,Active,98.89,Bosch,SN100008
M8336,MA1AB100000001336,WO11336,Sedan X,GA-2,STN-01,2026-03-02 09:50,ENG-1324,SUP-037,EMP204,TL-017,A,Tool_17,Torque Wrench,Plant-C,2026-01-08,2026-04-08,Maintenance,96.84,Atlas Copco,SN100016
M8337,MA1AB100000001337,WO11337,Sedan X,GA-2,STN-02,2026-03-02 09:51,ENG-1259,SUP-021,EMP318,TL-093,,Tool_93,Nut Runner,Plant-A,2026-03-03,2026-06-01,Out of Service,98.43,Ingersoll Rand,SN100092
M8338,MA1AB100000001338,WO11338,SUV Pro,GA-2, stn-05 ,2026-03-02 09:52,ENG-1101,SUP-063,EMP317,TL-023,B,Tool_23,Welding Gun,Plant-A,2026-04-29,2026-07-28,Active,95.35,Bosch,SN100022
M8339,MA1AB100000001339,WO11339,SUV Pro,PAINT-1,STN-05,2026-03-02 09:53,ENG-1229,SUP-163,EMP203,TL-035,,Tool_35,Torque Wrench,Plant-A,2026-04-06,2026-07-05,Active,95.1,Atlas Copco,SN100034
M8340,MA1AB100000001340,WO11340,Sedan X,PAINT-1,STN-04,2026-03-02 09:55,ENG-1193,SUP-043,EMP341,TL-057,,Tool_57,Welding Gun,Plant-A,2026-05-01,2026-07-30,Active,98.96,Bosch,SN100056
M8341,MA1AB100000001341,WO11341,Hatch Z,TRIM-1,Stn-03,2026-03-02 09:56,ENG-1079,SUP-124,EMP110,TL-098,,Tool_98,Press Tool,Plant-A,2026-06-01,2026-08-30,Active,98.11,Stanley,SN100097
M8342,MA1AB100000001342,WO11342,SUV Pro,GA-1,Stn-03,2026-03-02 09:57,ENG-1464,SUP-077,EMP375,TL-020,B,Tool_20,Robot Arm,Plant-C,2026-06-24,2026-09-22,Active,99.27,Ingersoll Rand,SN100019
M8343,MA1AB100000001343,WO11343,SUV Pro,TRIM-1,STN-04,2026-03-02 09:58,ENG-1156,SUP-117,EMP245,TL-049,,Tool_49,Press Tool,Plant-A,2026-01-18,2026-04-18,Active,97.7,Atlas Copco,SN100048
M8344,MA1AB100000001344,WO11344,Sedan X,PAINT-1,STN-02,2026-03-02 10:00,ENG-1366,SUP-121,EMP200,TL-020,B,Tool_20,Robot Arm,Plant-C,2026-06-24,2026-09-22,Active,99.27,Ingersoll Rand,SN100019
M8345,MA1AB100000001345,WO11345,Sedan X,GA-1,Stn-03,2026-03-02 10:01,ENG-1256,SUP-187,EMP291,TL-063,,Tool_63,Welding Gun,Plant-B,2026-03-03,2026-06-01,Active,99.78,Ingersoll Rand,SN100062
M8346,MA1AB100000001346,WO11346,SUV Pro,TRIM-1, stn-05 ,2026-03-02 10:02,ENG-1191,SUP-099,EMP350,TL-040,A,Tool_40,Welding Gun,Plant-A,2026-04-02,2026-07-01,Active,98.84,Atlas Copco,SN100039
M8347,MA1AB100000001347,WO11347,SUV Pro,GA-1,STN-01,2026-03-02 10:03,ENG-1197,SUP-145,EMP183,TL-025,,Tool_25,Nut Runner,Plant-C,2026-02-19,2026-05-20,Out of Service,98.88,Atlas Copco,SN100024
M8348,MA1AB100000001348,WO11348,SUV Pro,PAINT-1,STN-05,2026-03-02 10:05,ENG-1363,SUP-126,EMP288,TL-090,A,Tool_90,Nut Runner,Plant-C,2026-05-12,2026-08-10,Out of Service,97.28,Stanley,SN100089
M8349,MA1AB100000001349,WO11349,Hatch Z,TRIM-1,STN-04,2026-03-02 10:06,ENG-1376,SUP-064,EMP224,TL-062,A,Tool_62,Robot Arm,Plant-A,2026-04-28,2026-07-27,Out of Service,95.44,Bosch,SN100061
M8350,MA1AB100000001350,WO11350,SUV Pro,GA-1, stn-05 ,2026-03-02 10:07,ENG-1340,SUP-166,EMP175,TL-034,,Tool_34,Torque Wrench,Plant-A,2026-06-25,2026-09-23,Out of Service,99.85,Stanley,SN100033
M8351,MA1AB100000001351,WO11351,Hatch Z,GA-2,STN-03,2026-03-02 10:08,ENG-1126,SUP-155,EMP396,TL-085,B,Tool_85,Nut Runner,Plant-A,2026-01-29,2026-04-29,Out of Service,98.68,Stanley,SN100084
M8352,MA1AB100000001352,WO11352,Sedan X,GA-1,Stn-03,2026-03-02 10:10,ENG-1047,SUP-165,EMP296,TL-051,A,Tool_51,Nut Runner,Plant-C,2026-04-06,2026-07-05,Active,97.28,Bosch,SN100050
M8353,MA1AB100000001353,WO11353,Hatch Z,GA-2,STN-04,2026-03-02 10:11,ENG-1084,SUP-110,EMP229,TL-089,C,Tool_89,Welding Gun,Plant-B,2026-06-20,2026-09-18,Out of Service,97.46,Stanley,SN100088
M8354,MA1AB100000001354,WO11354,Hatch Z,TRIM-1,STN-05,2026-03-02 10:12,ENG-1157,SUP-188,EMP310,TL-097,A,Tool_97,Nut Runner,Plant-A,2026-04-22,2026-07-21,Active,99.35,Ingersoll Rand,SN100096
M8355,MA1AB100000001355,WO11355,Sedan X,PAINT-1,Stn-03,2026-03-02 10:13,ENG-1073,SUP-069,EMP207,TL-096,,Tool_96,Nut Runner,Plant-A,2026-04-26,2026-07-25,Active,95.35,Stanley,SN100095
M8356,MA1AB100000001356,WO11356,Hatch Z,PAINT-1,STN-01,2026-03-02 10:15,ENG-1086,SUP-126,EMP100,TL-013,A,Tool_13,Nut Runner,Plant-B,2026-04-05,2026-07-04,Active,99.14,Bosch,SN100012
M8357,MA1AB100000001357,WO11357,Hatch Z,TRIM-1,STN-05,2026-03-02 10:16,ENG-1213,SUP-168,EMP247,TL-094,,Tool_94,Press Tool,Plant-C,2026-05-10,2026-08-08,Maintenance,98.64,Stanley,SN100093
M8358,MA1AB100000001358,WO11358,Sedan X,GA-2,STN-03,2026-03-02 10:17,ENG-1095,SUP-181,EMP168,TL-026,,Tool_26,Robot Arm,Plant-A,2026-05-25,2026-08-23,Out of Service,99.11,Atlas Copco,SN100025
M8359,MA1AB100000001359,WO11359,Sedan X,GA-1,STN-04,2026-03-02 10:18,ENG-1290,SUP-055,EMP195,TL-026,A,Tool_26,Robot Arm,Plant-A,2026-05-25,2026-08-23,Out of Service,99.11,Atlas Copco,SN100025
M8360,MA1AB100000001360,WO11360,Hatch Z,GA-2,Stn-03,2026-03-02 10:20,ENG-1388,SUP-050,EMP232,TL-053,,Tool_53,Nut Runner,Plant-A,2026-02-27,2026-05-28,Out of Service,96.41,Stanley,SN100052
M8361,MA1AB100000001361,WO11361,Hatch Z,GA-1,Stn-03,2026-03-02 10:21,ENG-1325,SUP-043,EMP140,TL-038,A,Tool_38,Welding Gun,Plant-B,2026-04-18,2026-07-17,Active,97.87,Ingersoll Rand,SN100037
M8362,MA1AB100000001362,WO11362,SUV Pro,GA-1,STN-03,2026-03-02 10:22,ENG-1032,SUP-088,EMP115,TL-075,B,Tool_75,Press Tool,Plant-C,2026-04-22,2026-07-21,Active,99.86,Ingersoll Rand,SN100074
M8363,MA1AB100000001363,WO11363,SUV Pro,TRIM-1, stn-05 ,2026-03-02 10:23,ENG-1389,SUP-026,EMP104,TL-008,C,Tool_8,Welding Gun,Plant-A,2026-06-05,2026-09-03,Maintenance,95.49,Ingersoll Rand,SN100007
M8364,MA1AB100000001364,WO11364,Sedan X,GA-1,STN-01,2026-03-02 10:25,ENG-1108,SUP-134,EMP103,TL-049,C,Tool_49,Press Tool,Plant-A,2026-01-18,2026-04-18,Active,97.7,Atlas Copco,SN100048
M8365,MA1AB100000001365,WO11365,SUV Pro,TRIM-1,Stn-03,2026-03-02 10:26,ENG-1172,SUP-155,EMP319,TL-044,C,Tool_44,Press Tool,Plant-C,2026-01-16,2026-04-16,Maintenance,99.03,Bosch,SN100043
M8366,MA1AB100000001366,WO11366,Hatch Z,PAINT-1,STN-03,2026-03-02 10:27,ENG-1418,SUP-062,EMP284,TL-086,,Tool_86,Press Tool,Plant-B,2026-03-20,2026-06-18,Active,96.21,Bosch,SN100085
M8367,MA1AB100000001367,WO11367,SUV Pro,GA-1,STN-03,2026-03-02 10:28,ENG-1447,SUP-085,EMP151,TL-001,,Tool_1,Welding Gun,Plant-A,2026-05-21,2026-08-19,Maintenance,98.97,Bosch,SN100000
M8368,MA1AB100000001368,WO11368,Hatch Z,TRIM-1, stn-05 ,2026-03-02 10:30,ENG-1427,SUP-036,EMP113,TL-078,A,Tool_78,Press Tool,Plant-A,2026-03-26,2026-06-24,Maintenance,99.88,Bosch,SN100077
M8369,MA1AB100000001369,WO11369,Hatch Z,PAINT-1, stn-05 ,2026-03-02 10:31,ENG-1384,SUP-064,EMP288,TL-058,,Tool_58,Robot Arm,Plant-C,2026-04-28,2026-07-27,Active,96.6,Stanley,SN100057
M8370,MA1AB100000001370,WO11370,Hatch Z,TRIM-1, stn-05 ,2026-03-02 10:32,ENG-1096,SUP-001,EMP264,TL-003,C,Tool_3,Robot Arm,Plant-C,2026-02-25,2026-05-26,Active,97.36,Atlas Copco,SN100002
M8371,MA1AB100000001371,WO11371,Sedan X,PAINT-1, stn-05 ,2026-03-02 10:33,ENG-1227,SUP-060,EMP348,TL-052,A,Tool_52,Torque Wrench,Plant-A,2026-04-12,2026-07-11,Out of Service,99.68,Ingersoll Rand,SN100051
M8372,MA1AB100000001372,WO11372,SUV Pro,TRIM-1,STN-04,2026-03-02 10:35,ENG-1337,SUP-180,EMP151,TL-094,,Tool_94,Press Tool,Plant-C,2026-05-10,2026-08-08,Maintenance,98.64,Stanley,SN100093
M8373,MA1AB100000001373,WO11373,SUV Pro,GA-2, stn-05 ,2026-03-02 10:36,ENG-1073,SUP-134,EMP392,TL-999,A,Unknown Tool,Unknown Type,,,,,,,
M8374,MA1AB100000001374,WO11374,Sedan X,TRIM-1,Stn-03,2026-03-02 10:37,ENG-1044,SUP-078,EMP380,TL-060,B,Tool_60,Welding Gun,Plant-B,2026-02-09,2026-05-10,Active,95.55,Atlas Copco,SN100059
M8375,MA1AB100000001375,WO11375,SUV Pro,GA-1,STN-04,2026-03-02 10:38,ENG-1339,SUP-139,EMP223,TL-032,B,Tool_32,Press Tool,Plant-A,2026-03-27,2026-06-25,Maintenance,97.67,Bosch,SN100031
M8376,MA1AB100000001376,WO11376,Sedan X,GA-1,STN-01,2026-03-02 10:40,ENG-1222,SUP-184,EMP114,TL-021,C,Tool_21,Press Tool,Plant-C,2026-01-09,2026-04-09,Out of Service,95.18,Atlas Copco,SN100020
M8377,MA1AB100000001377,WO11377,SUV Pro,PAINT-1,STN-02,2026-03-02 10:41,ENG-1368,SUP-066,EMP343,TL-086,A,Tool_86,Press Tool,Plant-B,2026-03-20,2026-06-18,Active,96.21,Bosch,SN100085
M8378,MA1AB100000001378,WO11378,Hatch Z,GA-2,STN-05,2026-03-02 10:42,ENG-1324,SUP-186,EMP351,TL-012,C,Tool_12,Press Tool,Plant-B,2026-05-30,2026-08-28,Out of Service,98.02,Bosch,SN100011
M8379,MA1AB100000001379,WO11379,Sedan X,GA-1, stn-05 ,2026-03-02 10:43,ENG-1175,SUP-097,EMP295,TL-084,,Tool_84,Torque Wrench,Plant-C,2026-02-03,2026-05-04,Out of Service,97.78,Ingersoll Rand,SN100083
M8380,MA1AB100000001380,WO11380,Sedan X,GA-2,STN-03,2026-03-02 10:45,ENG-1059,SUP-075,EMP144,TL-015,A,Tool_15,Robot Arm,Plant-C,2026-05-26,2026-08-24,Out of Service,97.88,Atlas Copco,SN100014
M8381,MA1AB100000001381,WO11381,SUV Pro,GA-2, stn-05 ,2026-03-02 10:46,ENG-1482,SUP-030,EMP393,TL-048,B,Tool_48,Nut Runner,Plant-B,2026-04-17,2026-07-16,Active,96.56,Stanley,SN100047
M8382,MA1AB100000001382,WO11382,SUV Pro,TRIM-1,STN-05,2026-03-02 10:47,ENG-1377,SUP-001,EMP259,TL-008,B,Tool_8,Welding Gun,Plant-A,2026-06-05,2026-09-03,Maintenance,95.49,Ingersoll Rand,SN100007
M8383,MA1AB100000001383,WO11383,SUV Pro,TRIM-1,STN-03,2026-03-02 10:48,ENG-1394,SUP-094,EMP164,TL-067,B,Tool_67,Torque Wrench,Plant-A,2026-02-10,2026-05-11,Active,95.24,Bosch,SN100066
M8384,MA1AB100000001384,WO11384,Sedan X,TRIM-1,STN-01,2026/03/02 10:50,ENG-1275,SUP-118,EMP261,TL-019,C,Tool_19,Torque Wrench,Plant-B,2026-05-30,2026-08-28,Active,96.08,Atlas Copco,SN100018
M8385,MA1AB100000001385,WO11385,Sedan X,TRIM-1, stn-05 ,2026-03-02 10:51,ENG-1233,SUP-038,EMP245,TL-019,A,Tool_19,Torque Wrench,Plant-B,2026-05-30,2026-08-28,Active,96.08,Atlas Copco,SN100018
M8386,MA1AB100000001386,WO11386,Hatch Z,PAINT-1,STN-03,2026-03-02 10:52,ENG-1257,SUP-177,EMP163,TL-036,,Tool_36,Nut Runner,Plant-B,2026-02-08,2026-05-09,Active,95.2,Stanley,SN100035
M8387,MA1AB100000001387,WO11387,Hatch Z,GA-2,STN-04,2026-03-02 10:53,ENG-1149,SUP-181,EMP292,TL-008,C,Tool_8,Welding Gun,Plant-A,2026-06-05,2026-09-03,Maintenance,95.49,Ingersoll Rand,SN100007
M8388,MA1AB100000001388,WO11388,Sedan X,GA-2,Stn-03,2026-03-02 10:55,ENG-1375,SUP-058,EMP126,TL-100,B,Tool_100,Welding Gun,Plant-A,2026-04-25,2026-07-24,Maintenance,97.13,Ingersoll Rand,SN100099
M8389,MA1AB100000001389,WO11389,SUV Pro,TRIM-1,STN-03,2026-03-02 10:56,ENG-1417,SUP-169,EMP181,TL-003,,Tool_3,Robot Arm,Plant-C,2026-02-25,2026-05-26,Active,97.36,Atlas Copco,SN100002
M8390,MA1AB100000001390,WO11390,SUV Pro,TRIM-1, stn-05 ,2026-03-02 10:57,ENG-1242,SUP-090,EMP300,TL-051,A,Tool_51,Nut Runner,Plant-C,2026-04-06,2026-07-05,Active,97.28,Bosch,SN100050
M8391,MA1AB100000001391,WO11391,Hatch Z,PAINT-1,STN-03,2026-03-02 10:58,ENG-1356,SUP-050,EMP380,TL-051,A,Tool_51,Nut Runner,Plant-C,2026-04-06,2026-07-05,Active,97.28,Bosch,SN100050
M8392,MA1AB100000001392,WO11392,Sedan X,PAINT-1,Stn-03,2026-03-02 11:00,ENG-1405,SUP-149,EMP127,TL-091,C,Tool_91,Nut Runner,Plant-B,2026-03-20,2026-06-18,Active,95.45,Atlas Copco,SN100090
M8393,MA1AB100000001393,WO11393,SUV Pro,GA-2,STN-05,2026-03-02 11:01,ENG-1070,SUP-114,EMP347,TL-038,B,Tool_38,Welding Gun,Plant-B,2026-04-18,2026-07-17,Active,97.87,Ingersoll Rand,SN100037
M8394,MA1AB100000001394,WO11394,Sedan X,GA-2,Stn-03,2026-03-02 11:02,ENG-1383,SUP-051,EMP104,TL-047,A,Tool_47,Robot Arm,Plant-A,2026-04-17,2026-07-16,Active,99.69,Ingersoll Rand,SN100046
M8395,MA1AB100000001395,WO11395,Hatch Z,GA-2,STN-04,2026-03-02 11:03,ENG-1486,SUP-110,EMP186,TL-008,A,Tool_8,Welding Gun,Plant-A,2026-06-05,2026-09-03,Maintenance,95.49,Ingersoll Rand,SN100007
M8396,MA1AB100000001396,WO11396,SUV Pro,TRIM-1,STN-02,2026-03-02 11:05,ENG-1483,SUP-014,EMP160,TL-066,C,Tool_66,Nut Runner,Plant-A,2026-01-13,2026-04-13,Maintenance,98.63,Stanley,SN100065
M8397,MA1AB100000001397,WO11397,Hatch Z,TRIM-1,STN-02,2026-03-02 11:06,ENG-1321,SUP-185,EMP306,TL-032,A,Tool_32,Press Tool,Plant-A,2026-03-27,2026-06-25,Maintenance,97.67,Bosch,SN100031
M8398,MA1AB100000001398,WO11398,Sedan X,GA-2,STN-04,2026-03-02 11:07,ENG-1250,SUP-078,EMP188,TL-084,,Tool_84,Torque Wrench,Plant-C,2026-02-03,2026-05-04,Out of Service,97.78,Ingersoll Rand,SN100083
M8399,MA1AB100000001399,WO11399,Hatch Z,GA-1,Stn-03,2026-03-02 11:08,ENG-1237,SUP-167,EMP295,TL-036,,Tool_36,Nut Runner,Plant-B,2026-02-08,2026-05-09,Active,95.2,Stanley,SN100035
M8400,MA1AB100000001400,WO11400,SUV Pro,GA-1,STN-01,2026-03-02 11:10,ENG-1059,SUP-022,EMP162,TL-063,B,Tool_63,Welding Gun,Plant-B,2026-03-03,2026-06-01,Active,99.78,Ingersoll Rand,SN100062
M8401,MA1AB100000001401,WO11401,Sedan X,TRIM-1,STN-03,2026-03-02 11:11,ENG-1355,SUP-191,EMP148,TL-076,B,Tool_76,Welding Gun,Plant-C,2026-02-22,2026-05-23,Maintenance,98.13,Ingersoll Rand,SN100075
M8402,MA1AB100000001402,WO11402,SUV Pro,TRIM-1, stn-05 ,2026-03-02 11:12,ENG-1359,SUP-112,EMP252,TL-074,B,Tool_74,Robot Arm,Plant-B,2026-01-04,2026-04-04,Active,97.63,Stanley,SN100073
M8403,MA1AB100000001403,WO11403,Sedan X,PAINT-1,STN-01,2026-03-02 11:13,ENG-1365,SUP-138,EMP194,TL-052,A,Tool_52,Torque Wrench,Plant-A,2026-04-12,2026-07-11,Out of Service,99.68,Ingersoll Rand,SN100051
M8404,MA1AB100000001404,WO11404,SUV Pro,TRIM-1,STN-01,2026-03-02 11:15,ENG-1265,SUP-150,EMP375,TL-092,A,Tool_92,Nut Runner,Plant-C,2026-06-25,2026-09-23,Active,97.7,Bosch,SN100091
M8405,MA1AB100000001405,WO11405,Sedan X,GA-1,STN-02,2026-03-02 11:16,ENG-1441,SUP-154,EMP192,TL-001,,Tool_1,Welding Gun,Plant-A,2026-05-21,2026-08-19,Maintenance,98.97,Bosch,SN100000
M8406,MA1AB100000001406,WO11406,SUV Pro,GA-1,STN-01,2026-03-02 11:17,ENG-1065,SUP-148,EMP205,TL-084,B,Tool_84,Torque Wrench,Plant-C,2026-02-03,2026-05-04,Out of Service,97.78,Ingersoll Rand,SN100083
M8407,MA1AB100000001407,WO11407,Sedan X,PAINT-1,Stn-03,2026-03-02 11:18,ENG-1385,SUP-009,EMP143,TL-016,C,Tool_16,Robot Arm,Plant-B,2026-04-27,2026-07-26,Active,98.18,Atlas Copco,SN100015
M8408,MA1AB100000001408,WO11408,SUV Pro,GA-2,STN-04,2026-03-02 11:20,ENG-1483,SUP-169,EMP100,TL-032,C,Tool_32,Press Tool,Plant-A,2026-03-27,2026-06-25,Maintenance,97.67,Bosch,SN100031
M8409,MA1AB100000001409,WO11409,Sedan X,PAINT-1, stn-05 ,2026-03-02 11:21,ENG-1273,SUP-114,EMP171,TL-074,,Tool_74,Robot Arm,Plant-B,2026-01-04,2026-04-04,Active,97.63,Stanley,SN100073
M8410,MA1AB100000001410,WO11410,Hatch Z,PAINT-1,STN-05,2026-03-02 11:22,ENG-1466,SUP-091,EMP375,TL-066,B,Tool_66,Nut Runner,Plant-A,2026-01-13,2026-04-13,Maintenance,98.63,Stanley,SN100065
M8411,MA1AB100000001411,WO11411,Hatch Z,GA-1, stn-05 ,2026-03-02 11:23,ENG-1419,SUP-012,EMP221,TL-005,B,Tool_5,Torque Wrench,Plant-C,2026-02-02,2026-05-03,Maintenance,99.68,Ingersoll Rand,SN100004
M8412,MA1AB100000001412,WO11412,Sedan X,PAINT-1,Stn-03,2026-03-02 11:25,ENG-1426,SUP-056,EMP168,TL-078,B,Tool_78,Press Tool,Plant-A,2026-03-26,2026-06-24,Maintenance,99.88,Bosch,SN100077
M8413,MA1AB100000001413,WO11413,Hatch Z,PAINT-1,STN-03,2026-03-02 11:26,ENG-1065,SUP-187,EMP316,TL-010,C,Tool_10,Welding Gun,Plant-B,2026-02-07,2026-05-08,Maintenance,98.91,Atlas Copco,SN100009
M8414,MA1AB100000001414,WO11414,SUV Pro,TRIM-1, stn-05 ,2026-03-02 11:27,ENG-1462,SUP-042,EMP304,TL-059,A,Tool_59,Robot Arm,Plant-B,2026-04-15,2026-07-14,Active,95.72,Stanley,SN100058
M8415,MA1AB100000001415,WO11415,SUV Pro,TRIM-1, stn-05 ,2026-03-02 11:28,ENG-1073,SUP-138,EMP204,TL-010,C,Tool_10,Welding Gun,Plant-B,2026-02-07,2026-05-08,Maintenance,98.91,Atlas Copco,SN100009
M8416,MA1AB100000001416,WO11416,Hatch Z,GA-2, stn-05 ,2026-03-02 11:30,ENG-1190,SUP-145,EMP361,TL-078,B,Tool_78,Press Tool,Plant-A,2026-03-26,2026-06-24,Maintenance,99.88,Bosch,SN100077
M8417,MA1AB100000001417,WO11417,SUV Pro,GA-2,STN-03,2026-03-02 11:31,ENG-1403,SUP-112,EMP294,TL-004,B,Tool_4,Press Tool,Plant-A,2026-01-19,2026-04-19,Active,97.49,Bosch,SN100003
M8418,MA1AB100000001418,WO11418,Sedan X,PAINT-1,STN-01,2026-03-02 11:32,ENG-1272,SUP-029,EMP380,TL-053,A,Tool_53,Nut Runner,Plant-A,2026-02-27,2026-05-28,Out of Service,96.41,Stanley,SN100052
M8419,MA1AB100000001419,WO11419,SUV Pro,GA-1,STN-03,2026-03-02 11:33,ENG-1465,SUP-086,EMP239,TL-019,B,Tool_19,Torque Wrench,Plant-B,2026-05-30,2026-08-28,Active,96.08,Atlas Copco,SN100018
M8420,MA1AB100000001420,WO11420,SUV Pro,GA-1,STN-01,2026-03-02 11:35,ENG-1193,SUP-057,EMP293,TL-014,A,Tool_14,Nut Runner,Plant-A,2026-02-27,2026-05-28,Maintenance,99.68,Stanley,SN100013
M8421,MA1AB100000001421,WO11421,Sedan X,PAINT-1,STN-05,2026-03-02 11:36,ENG-1420,SUP-126,EMP148,TL-068,C,Tool_68,Press Tool,Plant-A,2026-04-15,2026-07-14,Active,97.42,Bosch,SN100067
M8422,MA1AB100000001422,WO11422,Hatch Z,PAINT-1,STN-05,2026-03-02 11:37,ENG-1138,SUP-156,EMP150,TL-007,B,Tool_7,Nut Runner,Plant-B,2026-06-11,2026-09-09,Out of Service,95.88,Stanley,SN100006
M8423,MA1AB100000001423,WO11423,SUV Pro,TRIM-1,STN-02,2026-03-02 11:38,ENG-1176,SUP-190,EMP372,TL-071,,Tool_71,Welding Gun,Plant-B,2026-04-11,2026-07-10,Active,98.12,Atlas Copco,SN100070
M8424,MA1AB100000001424,WO11424,SUV Pro,GA-2,STN-03,2026-03-02 11:40,ENG-1004,SUP-176,EMP362,TL-092,B,Tool_92,Nut Runner,Plant-C,2026-06-25,2026-09-23,Active,97.7,Bosch,SN100091
M8425,MA1AB100000001425,WO11425,Hatch Z,GA-2,STN-02,2026-03-02 11:41,ENG-1193,SUP-146,EMP236,TL-007,C,Tool_7,Nut Runner,Plant-B,2026-06-11,2026-09-09,Out of Service,95.88,Stanley,SN100006
M8426,MA1AB100000001426,WO11426,Hatch Z,GA-2, stn-05 ,2026-03-02 11:42,ENG-1311,SUP-108,EMP334,TL-024,,Tool_24,Robot Arm,Plant-A,2026-02-23,2026-05-24,Active,96.19,Ingersoll Rand,SN100023
M8427,MA1AB100000001427,WO11427,SUV Pro,TRIM-1,STN-05,2026-03-02 11:43,ENG-1146,SUP-071,EMP319,TL-067,B,Tool_67,Torque Wrench,Plant-A,2026-02-10,2026-05-11,Active,95.24,Bosch,SN100066
M8428,MA1AB100000001428,WO11428,SUV Pro,GA-1,STN-03,2026-03-02 11:45,ENG-1208,SUP-198,EMP260,TL-012,A,Tool_12,Press Tool,Plant-B,2026-05-30,2026-08-28,Out of Service,98.02,Bosch,SN100011
M8429,MA1AB100000001429,WO11429,Sedan X,GA-2,STN-01,2026-03-02 11:46,ENG-1084,SUP-148,EMP129,TL-011,C,Tool_11,Welding Gun,Plant-B,2026-01-03,2026-04-03,Out of Service,99.43,Atlas Copco,SN100010
M8430,MA1AB100000001430,WO11430,Hatch Z,TRIM-1,Stn-03,2026-03-02 11:47,ENG-1447,SUP-003,EMP317,TL-087,B,Tool_87,Robot Arm,Plant-B,2026-02-09,2026-05-10,Maintenance,99.98,Stanley,SN100086
M8431,MA1AB100000001431,WO11431,SUV Pro,TRIM-1,STN-05,2026-03-02 11:48,ENG-1350,SUP-174,EMP372,TL-090,A,Tool_90,Nut Runner,Plant-C,2026-05-12,2026-08-10,Out of Service,97.28,Stanley,SN100089
M8432,MA1AB100000001432,WO11432,SUV Pro,GA-1,STN-05,2026-03-02 11:50,ENG-1097,SUP-191,EMP103,TL-092,,Tool_92,Nut Runner,Plant-C,2026-06-25,2026-09-23,Active,97.7,Bosch,SN100091
M8433,MA1AB100000001433,WO11433,Hatch Z,PAINT-1,STN-02,2026-03-02 11:51,ENG-1378,SUP-170,EMP370,TL-088,A,Tool_88,Welding Gun,Plant-B,2026-04-25,2026-07-24,Active,95.24,Stanley,SN100087
M8434,MA1AB100000001434,WO11434,Hatch Z,TRIM-1,STN-02,2026-03-02 11:52,ENG-1345,SUP-196,EMP368,TL-029,B,Tool_29,Press Tool,Plant-C,2026-04-30,2026-07-29,Maintenance,98.95,Stanley,SN100028
M8435,MA1AB100000001435,WO11435,Sedan X,PAINT-1,Stn-03,2026-03-02 11:53,ENG-1068,SUP-132,EMP280,TL-007,,Tool_7,Nut Runner,Plant-B,2026-06-11,2026-09-09,Out of Service,95.88,Stanley,SN100006
M8436,MA1AB100000001436,WO11436,SUV Pro,TRIM-1,STN-02,2026-03-02 11:55,ENG-1191,SUP-029,EMP273,TL-087,B,Tool_87,Robot Arm,Plant-B,2026-02-09,2026-05-10,Maintenance,99.98,Stanley,SN100086
M8437,MA1AB100000001437,WO11437,Hatch Z,GA-1,STN-03,2026-03-02 11:56,ENG-1153,SUP-124,EMP250,TL-034,B,Tool_34,Torque Wrench,Plant-A,2026-06-25,2026-09-23,Out of Service,99.85,Stanley,SN100033
M8438,MA1AB100000001438,WO11438,Sedan X,TRIM-1,STN-02,2026-03-02 11:57,ENG-1472,SUP-079,EMP363,TL-005,,Tool_5,Torque Wrench,Plant-C,2026-02-02,2026-05-03,Maintenance,99.68,Ingersoll Rand,SN100004
M8439,MA1AB100000001439,WO11439,Hatch Z,TRIM-1,STN-01,2026-03-02 11:58,ENG-1182,SUP-002,EMP335,TL-043,C,Tool_43,Torque Wrench,Plant-B,2026-04-28,2026-07-27,Active,96.51,Ingersoll Rand,SN100042
M8440,MA1AB100000001440,WO11440,SUV Pro,GA-1,STN-01,2026-03-02 12:00,ENG-1179,SUP-185,EMP195,TL-052,C,Tool_52,Torque Wrench,Plant-A,2026-04-12,2026-07-11,Out of Service,99.68,Ingersoll Rand,SN100051
M8441,MA1AB100000001441,WO11441,Sedan X,GA-1,STN-04,2026-03-02 12:01,ENG-1251,SUP-051,EMP143,TL-068,B,Tool_68,Press Tool,Plant-A,2026-04-15,2026-07-14,Active,97.42,Bosch,SN100067
M8442,MA1AB100000001442,WO11442,SUV Pro,GA-1,STN-04,2026-03-02 12:02,ENG-1003,SUP-040,EMP228,TL-029,,Tool_29,Press Tool,Plant-C,2026-04-30,2026-07-29,Maintenance,98.95,Stanley,SN100028
M8443,MA1AB100000001443,WO11443,SUV Pro,PAINT-1,STN-03,2026-03-02 12:03,ENG-1186,SUP-110,EMP193,TL-069,C,Tool_69,Torque Wrench,Plant-B,2026-01-29,2026-04-29,Active,98.16,Bosch,SN100068
M8444,MA1AB100000001444,WO11444,Sedan X,TRIM-1, stn-05 ,2026-03-02 12:05,ENG-1429,SUP-113,EMP182,TL-018,C,Tool_18,Robot Arm,Plant-B,2026-06-15,2026-09-13,Out of Service,95.48,Stanley,SN100017
M8445,MA1AB100000001445,WO11445,Hatch Z,TRIM-1,STN-01,2026-03-02 12:06,ENG-1183,SUP-182,EMP201,TL-015,B,Tool_15,Robot Arm,Plant-C,2026-05-26,2026-08-24,Out of Service,97.88,Atlas Copco,SN100014
M8446,MA1AB100000001446,WO11446,SUV Pro,GA-1,STN-02,2026-03-02 12:07,ENG-1202,SUP-108,EMP269,TL-005,B,Tool_5,Torque Wrench,Plant-C,2026-02-02,2026-05-03,Maintenance,99.68,Ingersoll Rand,SN100004
M8447,MA1AB100000001447,WO11447,Hatch Z,GA-2,STN-04,2026-03-02 12:08,ENG-1491,SUP-171,EMP236,TL-016,,Tool_16,Robot Arm,Plant-B,2026-04-27,2026-07-26,Active,98.18,Atlas Copco,SN100015
M8448,MA1AB100000001448,WO11448,SUV Pro,TRIM-1,Stn-03,2026-03-02 12:10,ENG-1349,SUP-183,EMP165,TL-042,,Tool_42,Welding Gun,Plant-C,2026-03-03,2026-06-01,Out of Service,97.14,Ingersoll Rand,SN100041
M8449,MA1AB100000001449,WO11449,Hatch Z,TRIM-1,STN-02,2026-03-02 12:11,ENG-1056,SUP-028,EMP110,TL-017,B,Tool_17,Torque Wrench,Plant-C,2026-01-08,2026-04-08,Maintenance,96.84,Atlas Copco,SN100016
M8450,MA1AB100000001450,WO11450,SUV Pro,GA-1,Stn-03,2026-03-02 12:12, eng-1001 ,SUP-176,EMP221,TL-007,C,Tool_7,Nut Runner,Plant-B,2026-06-11,2026-09-09,Out of Service,95.88,Stanley,SN100006
M8451,MA1AB100000001451,WO11451,SUV Pro,GA-1,STN-04,2026-03-02 12:13,ENG-1245,SUP-075,EMP244,TL-063,A,Tool_63,Welding Gun,Plant-B,2026-03-03,2026-06-01,Active,99.78,Ingersoll Rand,SN100062
M8452,MA1AB100000001452,WO11452,SUV Pro,GA-2,STN-05,2026-03-02 12:15,ENG-1078,SUP-187,EMP361,TL-024,B,Tool_24,Robot Arm,Plant-A,2026-02-23,2026-05-24,Active,96.19,Ingersoll Rand,SN100023
M8453,MA1AB100000001453,WO11453,SUV Pro,GA-1,Stn-03,2026-03-02 12:16,ENG-1134,SUP-180,EMP226,TL-086,,Tool_86,Press Tool,Plant-B,2026-03-20,2026-06-18,Active,96.21,Bosch,SN100085
M8454,MA1AB100000001454,WO11454,Sedan X,TRIM-1, stn-05 ,2026-03-02 12:17,ENG-1400,SUP-027,EMP357,TL-079,B,Tool_79,Press Tool,Plant-C,2026-04-14,2026-07-13,Active,96.15,Ingersoll Rand,SN100078
M8455,MA1AB100000001455,WO11455,Sedan X,GA-2,STN-02,2026-03-02 12:18,ENG-1061,SUP-034,EMP305,TL-005,C,Tool_5,Torque Wrench,Plant-C,2026-02-02,2026-05-03,Maintenance,99.68,Ingersoll Rand,SN100004
M8456,MA1AB100000001456,WO11456,Sedan X,GA-2,STN-04,2026-03-02 12:20,ENG-1009,SUP-158,EMP202,TL-012,A,Tool_12,Press Tool,Plant-B,2026-05-30,2026-08-28,Out of Service,98.02,Bosch,SN100011
M8457,MA1AB100000001457,WO11457,SUV Pro,TRIM-1,STN-05,2026-03-02 12:21,ENG-1156,SUP-180,EMP218,TL-029,C,Tool_29,Press Tool,Plant-C,2026-04-30,2026-07-29,Maintenance,98.95,Stanley,SN100028
M8458,MA1AB100000001458,WO11458,SUV Pro,TRIM-1,STN-01,2026-03-02 12:22,ENG-1261,SUP-110,EMP126,TL-039,A,Tool_39,Nut Runner,Plant-C,2026-02-15,2026-05-16,Maintenance,97.07,Ingersoll Rand,SN100038
M8459,MA1AB100000001459,WO11459,SUV Pro,PAINT-1,STN-03,2026-03-02 12:23,ENG-1482,SUP-090,EMP314,TL-032,C,Tool_32,Press Tool,Plant-A,2026-03-27,2026-06-25,Maintenance,97.67,Bosch,SN100031
M8460,MA1AB100000001460,WO11460,Sedan X,GA-2,STN-01,2026-03-02 12:25,ENG-1000,SUP-014,EMP264,TL-028,C,Tool_28,Press Tool,Plant-C,2026-01-25,2026-04-25,Out of Service,97.87,Ingersoll Rand,SN100027
M8461,MA1AB100000001461,WO11461,SUV Pro,PAINT-1,STN-05,2026-03-02 12:26,ENG-1051,SUP-111,EMP194,TL-033,,Tool_33,Welding Gun,Plant-C,2026-02-25,2026-05-26,Active,97.63,Bosch,SN100032
M8462,MA1AB100000001462,WO11462,SUV Pro,PAINT-1,STN-03,2026-03-02 12:27,ENG-1057,SUP-025,EMP106,TL-088,B,Tool_88,Welding Gun,Plant-B,2026-04-25,2026-07-24,Active,95.24,Stanley,SN100087
M8463,MA1AB100000001463,WO11463,SUV Pro,PAINT-1, stn-05 ,2026-03-02 12:28,ENG-1414,SUP-093,EMP370,TL-078,C,Tool_78,Press Tool,Plant-A,2026-03-26,2026-06-24,Maintenance,99.88,Bosch,SN100077
M8464,MA1AB100000001464,WO11464,Sedan X,PAINT-1,STN-02,2026-03-02 12:30,ENG-1299,SUP-099,EMP144,TL-014,B,Tool_14,Nut Runner,Plant-A,2026-02-27,2026-05-28,Maintenance,99.68,Stanley,SN100013
M8465,MA1AB100000001465,WO11465,Hatch Z,GA-1,STN-01,2026-03-02 12:31,ENG-1300,SUP-168,EMP197,TL-025,,Tool_25,Nut Runner,Plant-C,2026-02-19,2026-05-20,Out of Service,98.88,Atlas Copco,SN100024
M8466,MA1AB100000001466,WO11466,Sedan X,GA-1,STN-05,2026-03-02 12:32,ENG-1316,SUP-088,EMP254,TL-093,,Tool_93,Nut Runner,Plant-A,2026-03-03,2026-06-01,Out of Service,98.43,Ingersoll Rand,SN100092
M8467,MA1AB100000001467,WO11467,Sedan X,GA-2,STN-01,2026-03-02 12:33,ENG-1065,SUP-050,EMP314,TL-071,C,Tool_71,Welding Gun,Plant-B,2026-04-11,2026-07-10,Active,98.12,Atlas Copco,SN100070
M8468,MA1AB100000001468,WO11468,Hatch Z,PAINT-1,STN-03,2026-03-02 12:35,ENG-1229,SUP-162,EMP160,TL-056,A,Tool_56,Torque Wrench,Plant-C,2026-04-06,2026-07-05,Active,97.45,Atlas Copco,SN100055
M8469,MA1AB100000001469,WO11469,SUV Pro,TRIM-1,STN-05,2026-03-02 12:36,ENG-1476,SUP-129,EMP111,TL-022,C,Tool_22,Press Tool,Plant-C,2026-03-22,2026-06-20,Out of Service,95.43,Bosch,SN100021
M8470,MA1AB100000001470,WO11470,Hatch Z,GA-2,STN-03,2026-03-02 12:37,ENG-1023,SUP-145,EMP131,TL-089,B,Tool_89,Welding Gun,Plant-B,2026-06-20,2026-09-18,Out of Service,97.46,Stanley,SN100088
M8471,MA1AB100000001471,WO11471,Hatch Z,TRIM-1,STN-04,2026-03-02 12:38,ENG-1350,SUP-137,EMP362,TL-010,B,Tool_10,Welding Gun,Plant-B,2026-02-07,2026-05-08,Maintenance,98.91,Atlas Copco,SN100009
M8472,MA1AB100000001472,WO11472,SUV Pro,TRIM-1,STN-05,2026-03-02 12:40,ENG-1399,SUP-100,EMP305,TL-078,C,Tool_78,Press Tool,Plant-A,2026-03-26,2026-06-24,Maintenance,99.88,Bosch,SN100077
M8473,MA1AB100000001473,WO11473,Sedan X,GA-2,STN-01,2026-03-02 12:41,ENG-1081,SUP-147,EMP211,TL-076,A,Tool_76,Welding Gun,Plant-C,2026-02-22,2026-05-23,Maintenance,98.13,Ingersoll Rand,SN100075
M8474,MA1AB100000001474,WO11474,Hatch Z,TRIM-1,STN-05,2026-03-02 12:42,ENG-1362,SUP-185,EMP368,TL-034,C,Tool_34,Torque Wrench,Plant-A,2026-06-25,2026-09-23,Out of Service,99.85,Stanley,SN100033
M8475,MA1AB100000001475,WO11475,Sedan X,PAINT-1, stn-05 ,2026-03-02 12:43,ENG-1137,SUP-142,EMP160,TL-022,B,Tool_22,Press Tool,Plant-C,2026-03-22,2026-06-20,Out of Service,95.43,Bosch,SN100021
M8476,MA1AB100000001476,WO11476,Sedan X,GA-2,STN-03,2026-03-02 12:45,ENG-1020,SUP-164,EMP175,TL-036,B,Tool_36,Nut Runner,Plant-B,2026-02-08,2026-05-09,Active,95.2,Stanley,SN100035
M8477,MA1AB100000001477,WO11477,SUV Pro,GA-1, stn-05 ,2026-03-02 12:70,ENG-1127,SUP-054,EMP373,TL-015,A,Tool_15,Robot Arm,Plant-C,2026-05-26,2026-08-24,Out of Service,97.88,Atlas Copco,SN100014
M8478,MA1AB100000001478,WO11478,Hatch Z,PAINT-1, stn-05 ,2026-03-02 12:47,ENG-1309,SUP-095,EMP266,TL-011,C,Tool_11,Welding Gun,Plant-B,2026-01-03,2026-04-03,Out of Service,99.43,Atlas Copco,SN100010
M8479,MA1AB100000001479,WO11479,Hatch Z,GA-2,STN-04,2026-03-02 12:48,ENG-1459,SUP-157,EMP250,TL-042,A,Tool_42,Welding Gun,Plant-C,2026-03-03,2026-06-01,Out of Service,97.14,Ingersoll Rand,SN100041
M8480,MA1AB100000001480,WO11480,Hatch Z,GA-1,Stn-03,2026-03-02 12:50,ENG-1182,SUP-057,EMP243,TL-023,C,Tool_23,Welding Gun,Plant-A,2026-04-29,2026-07-28,Active,95.35,Bosch,SN100022
M8481,MA1AB100000001481,WO11481,Sedan X,GA-1, stn-05 ,2026-03-02 12:51,ENG-1381,SUP-177,EMP295,TL-084,C,Tool_84,Torque Wrench,Plant-C,2026-02-03,2026-05-04,Out of Service,97.78,Ingersoll Rand,SN100083
M8482,MA1AB100000001482,WO11482,Hatch Z,GA-2,Stn-03,2026-03-02 12:52,ENG-1226,SUP-057,EMP266,TL-035,B,Tool_35,Torque Wrench,Plant-A,2026-04-06,2026-07-05,Active,95.1,Atlas Copco,SN100034
M8483,MA1AB100000001483,WO11483,Hatch Z,TRIM-1,STN-02,2026-03-02 12:53,ENG-1228,SUP-060,EMP322,TL-048,B,Tool_48,Nut Runner,Plant-B,2026-04-17,2026-07-16,Active,96.56,Stanley,SN100047
M8484,MA1AB100000001484,WO11484,SUV Pro,GA-1,STN-04,2026-03-02 12:55,ENG-1092,SUP-118,EMP194,TL-023,B,Tool_23,Welding Gun,Plant-A,2026-04-29,2026-07-28,Active,95.35,Bosch,SN100022
M8485,MA1AB100000001485,WO11485,Hatch Z,TRIM-1, stn-05 ,2026-03-02 12:56,ENG-1092,SUP-166,EMP244,TL-003,C,Tool_3,Robot Arm,Plant-C,2026-02-25,2026-05-26,Active,97.36,Atlas Copco,SN100002
M8486,MA1AB100000001486,WO11486,Sedan X,GA-2,Stn-03,2026-03-02 12:57,ENG-1201,SUP-176,EMP196,TL-009,B,Tool_9,Press Tool,Plant-C,2026-05-31,2026-08-29,Active,98.89,Bosch,SN100008
M8487,MA1AB100000001487,WO11487,Sedan X,TRIM-1,STN-02,2026-03-02 12:58,ENG-1232,SUP-166,EMP306,TL-013,B,Tool_13,Nut Runner,Plant-B,2026-04-05,2026-07-04,Active,99.14,Bosch,SN100012
M8488,MA1AB100000001488,WO11488,Hatch Z,GA-1,STN-05,2026-03-02 13:00,ENG-1051,SUP-097,EMP296,TL-003,A,Tool_3,Robot Arm,Plant-C,2026-02-25,2026-05-26,Active,97.36,Atlas Copco,SN100002
M8489,MA1AB100000001489,WO11489,Sedan X,GA-1,STN-02,2026-03-02 13:01,ENG-1127,SUP-198,EMP142,TL-035,B,Tool_35,Torque Wrench,Plant-A,2026-04-06,2026-07-05,Active,95.1,Atlas Copco,SN100034
M8490,MA1AB100000001490,WO11490,Hatch Z,GA-1,Stn-03,2026-03-02 13:02,ENG-1494,SUP-003,EMP154,TL-070,C,Tool_70,Robot Arm,Plant-C,2026-04-23,2026-07-22,Maintenance,98.03,Bosch,SN100069
M8491,MA1AB100000001491,WO11491,Hatch Z,GA-1,STN-02,2026-03-02 13:03,ENG-1071,SUP-123,EMP388,TL-057,B,Tool_57,Welding Gun,Plant-A,2026-05-01,2026-07-30,Active,98.96,Bosch,SN100056
M8492,MA1AB100000001492,WO11492,SUV Pro,PAINT-1,STN-04,2026-03-02 13:05,ENG-1079,SUP-063,EMP128,TL-070,C,Tool_70,Robot Arm,Plant-C,2026-04-23,2026-07-22,Maintenance,98.03,Bosch,SN100069
M8493,MA1AB100000001493,WO11493,Hatch Z,GA-1,STN-01,2026-03-02 13:06,ENG-1422,SUP-012,EMP152,TL-070,C,Tool_70,Robot Arm,Plant-C,2026-04-23,2026-07-22,Maintenance,98.03,Bosch,SN100069
M8494,MA1AB100000001494,WO11494,Sedan X,TRIM-1,STN-02,2026-03-02 13:07,ENG-1000,SUP-058,EMP112,TL-030,,Tool_30,Nut Runner,Plant-A,2026-02-18,2026-05-19,Out of Service,97.07,Ingersoll Rand,SN100029
M8495,MA1AB100000001495,WO11495,SUV Pro,GA-2,STN-03,2026-03-02 13:08,ENG-1335,SUP-074,EMP215,TL-088,,Tool_88,Welding Gun,Plant-B,2026-04-25,2026-07-24,Active,95.24,Stanley,SN100087
M8496,MA1AB100000001496,WO11496,Hatch Z,GA-1,STN-04,2026-03-02 13:10,ENG-1086,SUP-029,EMP214,TL-014,C,Tool_14,Nut Runner,Plant-A,2026-02-27,2026-05-28,Maintenance,99.68,Stanley,SN100013
M8497,MA1AB100000001497,WO11497,SUV Pro,GA-1,STN-05,2026-03-02 13:11,ENG-1170,SUP-031,EMP284,TL-011,A,Tool_11,Welding Gun,Plant-B,2026-01-03,2026-04-03,Out of Service,99.43,Atlas Copco,SN100010
M8498,MA1AB100000001498,WO11498,Hatch Z,GA-2,STN-02,2026-03-02 13:12,ENG-1219,SUP-136,EMP271,TL-077,B,Tool_77,Welding Gun,Plant-C,2026-04-12,2026-07-11,Active,98.71,Stanley,SN100076
M8499,MA1AB100000001499,WO11499,Hatch Z,TRIM-1,STN-02,2026-03-02 13:13,ENG-1457,SUP-171,EMP254,TL-080,C,Tool_80,Robot Arm,Plant-B,2026-03-23,2026-06-21,Maintenance,97.79,Atlas Copco,SN100079
M8500,MA1AB100000001500,WO11500,SUV Pro,GA-1,STN-03,2026-03-02 13:15,ENG-1469,SUP-128,EMP288,TL-034,A,Tool_34,Torque Wrench,Plant-A,2026-06-25,2026-09-23,Out of Service,99.85,Stanley,SN100033
M8501,MA1AB100000001501,WO11501,Sedan X,GA-2,Stn-03,2026-03-02 13:16,ENG-1335,SUP-038,EMP263,TL-019,,Tool_19,Torque Wrench,Plant-B,2026-05-30,2026-08-28,Active,96.08,Atlas Copco,SN100018
M8502,MA1AB100000001502,WO11502,SUV Pro,TRIM-1,Stn-03,2026-03-02 13:17,ENG-1034,SUP-029,EMP395,TL-055,C,Tool_55,Nut Runner,Plant-A,2026-01-22,2026-04-22,Out of Service,95.5,Atlas Copco,SN100054
M8503,MA1AB100000001503,WO11503,Sedan X,GA-1,STN-03,2026-03-02 13:18,ENG-1065,SUP-047,EMP297,TL-046,C,Tool_46,Torque Wrench,Plant-C,2026-01-19,2026-04-19,Active,95.51,Ingersoll Rand,SN100045
M8504,MA1AB100000001504,WO11504,SUV Pro,TRIM-1,STN-04,2026-03-02 13:20,ENG-1355,SUP-106,EMP270,TL-018,B,Tool_18,Robot Arm,Plant-B,2026-06-15,2026-09-13,Out of Service,95.48,Stanley,SN100017
M8505,MA1AB100000001505,WO11505,SUV Pro,TRIM-1,STN-05,2026-03-02 13:21,ENG-1254,SUP-138,EMP373,TL-064,B,Tool_64,Press Tool,Plant-A,2026-02-03,2026-05-04,Active,98.09,Atlas Copco,SN100063
M8506,MA1AB100000001506,WO11506,SUV Pro,GA-1,STN-05,2026-03-02 13:22,ENG-1366,SUP-108,EMP369,TL-074,B,Tool_74,Robot Arm,Plant-B,2026-01-04,2026-04-04,Active,97.63,Stanley,SN100073
M8507,MA1AB100000001507,WO11507,Hatch Z,GA-1,STN-02,2026-03-02 13:23,ENG-1185,SUP-001,EMP204,TL-003,C,Tool_3,Robot Arm,Plant-C,2026-02-25,2026-05-26,Active,97.36,Atlas Copco,SN100002
M8508,MA1AB100000001508,WO11508,Hatch Z,TRIM-1,STN-02,2026-03-02 13:25,ENG-1471,SUP-029,EMP130,TL-045,C,Tool_45,Welding Gun,Plant-C,2026-03-10,2026-06-08,Active,98.94,Stanley,SN100044
M8509,MA1AB100000001509,WO11509,Sedan X,PAINT-1,STN-04,2026-03-02 13:26,ENG-1073,SUP-142,EMP315,TL-032,B,Tool_32,Press Tool,Plant-A,2026-03-27,2026-06-25,Maintenance,97.67,Bosch,SN100031
M8510,MA1AB100000001510,WO11510,Sedan X,GA-1, stn-05 ,2026-03-02 13:27,ENG-1070,SUP-031,EMP173,TL-049,A,Tool_49,Press Tool,Plant-A,2026-01-18,2026-04-18,Active,97.7,Atlas Copco,SN100048
M8511,MA1AB100000001511,WO11511,Hatch Z,TRIM-1,STN-03,2026-03-02 13:28,ENG-1027,SUP-180,EMP154,TL-085,A,Tool_85,Nut Runner,Plant-A,2026-01-29,2026-04-29,Out of Service,98.68,Stanley,SN100084
M8512,MA1AB100000001512,WO11512,SUV Pro,GA-2,STN-01,2026-03-02 13:30,ENG-1075,SUP-094,EMP172,TL-011,B,Tool_11,Welding Gun,Plant-B,2026-01-03,2026-04-03,Out of Service,99.43,Atlas Copco,SN100010
M8513,MA1AB100000001513,WO11513,Sedan X,GA-1,STN-05,2026-03-02 13:31,ENG-1425,SUP-107,EMP176,TL-098,B,Tool_98,Press Tool,Plant-A,2026-06-01,2026-08-30,Active,98.11,Stanley,SN100097
M8514,MA1AB100000001514,WO11514,SUV Pro,GA-2, stn-05 ,2026-03-02 13:32,ENG-1270,SUP-179,EMP253,TL-061,,Tool_61,Nut Runner,Plant-C,2026-06-29,2026-09-27,Active,99.71,Ingersoll Rand,SN100060
M8515,MA1AB100000001515,WO11515,Hatch Z,PAINT-1,STN-04,2026-03-02 13:33,ENG-1400,SUP-166,EMP106,TL-037,A,Tool_37,Torque Wrench,Plant-A,2026-02-12,2026-05-13,Maintenance,95.39,Bosch,SN100036
M8516,MA1AB100000001516,WO11516,Sedan X,GA-1, stn-05 ,2026-03-02 13:35,ENG-1016,SUP-155,EMP188,TL-065,B,Tool_65,Torque Wrench,Plant-C,2026-01-31,2026-05-01,Maintenance,97.24,Bosch,SN100064
M8517,MA1AB100000001517,WO11517,Sedan X,TRIM-1,Stn-03,2026-03-02 13:36,ENG-1216,SUP-175,EMP332,TL-071,C,Tool_71,Welding Gun,Plant-B,2026-04-11,2026-07-10,Active,98.12,Atlas Copco,SN100070
M8518,MA1AB100000001518,WO11518,Hatch Z,PAINT-1, stn-05 ,2026-03-02 13:37,ENG-1116,SUP-109,EMP180,TL-035,A,Tool_35,Torque Wrench,Plant-A,2026-04-06,2026-07-05,Active,95.1,Atlas Copco,SN100034
M8519,MA1AB100000001519,WO11519,Hatch Z,TRIM-1,STN-02,2026-03-02 13:38,ENG-1380,SUP-055,EMP305,TL-080,A,Tool_80,Robot Arm,Plant-B,2026-03-23,2026-06-21,Maintenance,97.79,Atlas Copco,SN100079
M8520,MA1AB100000001520,WO11520,Sedan X,TRIM-1,STN-02,2026-03-02 13:40,ENG-1421,SUP-191,EMP386,TL-078,A,Tool_78,Press Tool,Plant-A,2026-03-26,2026-06-24,Maintenance,99.88,Bosch,SN100077
M8521,MA1AB100000001521,WO11521,Hatch Z,TRIM-1,STN-04,2026-03-02 13:41,ENG-1160,SUP-168,EMP307,TL-049,B,Tool_49,Press Tool,Plant-A,2026-01-18,2026-04-18,Active,97.7,Atlas Copco,SN100048
M8522,MA1AB100000001522,WO11522,Sedan X,PAINT-1, stn-05 ,2026-03-02 13:42,ENG-1217,SUP-050,EMP238,TL-014,A,Tool_14,Nut Runner,Plant-A,2026-02-27,2026-05-28,Maintenance,99.68,Stanley,SN100013
M8523,MA1AB100000001523,WO11523,Sedan X,PAINT-1,STN-05,2026-03-02 13:43,ENG-1398,SUP-086,EMP114,TL-031,C,Tool_31,Nut Runner,Plant-A,2026-01-31,2026-05-01,Active,97.01,Atlas Copco,SN100030
M8524,MA1AB100000001524,WO11524,Sedan X,GA-1,STN-01,2026-03-02 13:45,ENG-1108,SUP-153,EMP105,TL-097,C,Tool_97,Nut Runner,Plant-A,2026-04-22,2026-07-21,Active,99.35,Ingersoll Rand,SN100096
M8525,MA1AB100000001525,WO11525,Sedan X,GA-2, stn-05 ,2026-03-02 13:46,ENG-1475,SUP-009,EMP223,TL-035,A,Tool_35,Torque Wrench,Plant-A,2026-04-06,2026-07-05,Active,95.1,Atlas Copco,SN100034
M8526,MA1AB100000001526,WO11526,Hatch Z,GA-1,STN-05,2026-03-02 13:47,ENG-1404,SUP-124,EMP123,TL-007,C,Tool_7,Nut Runner,Plant-B,2026-06-11,2026-09-09,Out of Service,95.88,Stanley,SN100006
M8527,MA1AB100000001527,WO11527,Sedan X,PAINT-1,STN-01,2026-03-02 13:48,ENG-1182,SUP-193,EMP244,TL-051,B,Tool_51,Nut Runner,Plant-C,2026-04-06,2026-07-05,Active,97.28,Bosch,SN100050
M8528,MA1AB100000001528,WO11528,SUV Pro,TRIM-1, stn-05 ,2026-03-02 13:50,ENG-1182,SUP-034,EMP149,TL-043,,Tool_43,Torque Wrench,Plant-B,2026-04-28,2026-07-27,Active,96.51,Ingersoll Rand,SN100042
M8529,MA1AB100000001529,WO11529,Hatch Z,GA-1,STN-05,2026-03-02 13:51,ENG-1413,SUP-199,EMP176,TL-004,,Tool_4,Press Tool,Plant-A,2026-01-19,2026-04-19,Active,97.49,Bosch,SN100003
M8530,MA1AB100000001530,WO11530,SUV Pro,GA-1,STN-03,2026-03-02 13:52,ENG-1082,SUP-039,EMP337,TL-011,A,Tool_11,Welding Gun,Plant-B,2026-01-03,2026-04-03,Out of Service,99.43,Atlas Copco,SN100010
M8531,MA1AB100000001531,WO11531,Hatch Z,GA-2,STN-02,2026-03-02 13:53,ENG-1413,SUP-175,EMP172,TL-099,B,Tool_99,Welding Gun,Plant-B,2026-05-20,2026-08-18,Active,97.05,Atlas Copco,SN100098
M8532,MA1AB100000001532,WO11532,Hatch Z,PAINT-1,STN-04,2026-03-02 13:55,ENG-1402,SUP-034,EMP273,TL-038,C,Tool_38,Welding Gun,Plant-B,2026-04-18,2026-07-17,Active,97.87,Ingersoll Rand,SN100037
M8533,MA1AB100000001533,WO11533,Hatch Z,TRIM-1,STN-01,2026-03-02 13:56,ENG-1456,SUP-183,EMP298,TL-031,B,Tool_31,Nut Runner,Plant-A,2026-01-31,2026-05-01,Active,97.01,Atlas Copco,SN100030
M8534,MA1AB100000001534,WO11534,Hatch Z,GA-1,STN-02,2026-03-02 13:57,ENG-1290,SUP-161,EMP354,TL-013,A,Tool_13,Nut Runner,Plant-B,2026-04-05,2026-07-04,Active,99.14,Bosch,SN100012
M8535,MA1AB100000001535,WO11535,Sedan X,PAINT-1,STN-05,2026-03-02 13:58,ENG-1444,SUP-023,EMP355,TL-013,,Tool_13,Nut Runner,Plant-B,2026-04-05,2026-07-04,Active,99.14,Bosch,SN100012
M8536,MA1AB100000001536,WO11536,SUV Pro,GA-2,STN-03,2026-03-02 14:00,ENG-1082,SUP-018,EMP243,TL-074,C,Tool_74,Robot Arm,Plant-B,2026-01-04,2026-04-04,Active,97.63,Stanley,SN100073
M8537,MA1AB100000001537,WO11537,SUV Pro,GA-1,STN-01,2026-03-02 14:01,ENG-1091,SUP-182,EMP335,TL-034,,Tool_34,Torque Wrench,Plant-A,2026-06-25,2026-09-23,Out of Service,99.85,Stanley,SN100033
M8538,MA1AB100000001538,WO11538,SUV Pro,TRIM-1, stn-05 ,2026-03-02 14:02,ENG-1473,SUP-036,EMP163,TL-073,,Tool_73,Welding Gun,Plant-C,2026-03-17,2026-06-15,Active,96.96,Ingersoll Rand,SN100072
M8539,MA1AB100000001539,WO11539,Sedan X,PAINT-1,Stn-03,2026-03-02 14:03,ENG-1146,SUP-103,EMP309,TL-080,B,Tool_80,Robot Arm,Plant-B,2026-03-23,2026-06-21,Maintenance,97.79,Atlas Copco,SN100079
M8540,MA1AB100000001540,WO11540,SUV Pro,PAINT-1,STN-05,2026-03-02 14:05,ENG-1432,SUP-160,EMP260,TL-048,A,Tool_48,Nut Runner,Plant-B,2026-04-17,2026-07-16,Active,96.56,Stanley,SN100047
M8541,MA1AB100000001541,WO11541,Hatch Z,TRIM-1,STN-05,2026-03-02 14:06,ENG-1230,SUP-068,EMP121,TL-080,A,Tool_80,Robot Arm,Plant-B,2026-03-23,2026-06-21,Maintenance,97.79,Atlas Copco,SN100079
M8542,MA1AB100000001542,WO11542,Hatch Z,GA-2, stn-05 ,2026-03-02 14:07,ENG-1420,SUP-144,EMP104,TL-020,A,Tool_20,Robot Arm,Plant-C,2026-06-24,2026-09-22,Active,99.27,Ingersoll Rand,SN100019
M8543,MA1AB100000001543,WO11543,SUV Pro,TRIM-1,STN-02,2026-03-02 14:08,ENG-1291,SUP-103,EMP137,TL-029,,Tool_29,Press Tool,Plant-C,2026-04-30,2026-07-29,Maintenance,98.95,Stanley,SN100028
M8544,MA1AB100000001544,WO11544,SUV Pro,GA-1,STN-03,2026-03-02 14:10,ENG-1238,SUP-120,EMP373,TL-060,A,Tool_60,Welding Gun,Plant-B,2026-02-09,2026-05-10,Active,95.55,Atlas Copco,SN100059
M8545,MA1AB100000001545,WO11545,Sedan X,GA-2, stn-05 ,2026-03-02 14:11,ENG-1055,SUP-102,EMP321,TL-026,,Tool_26,Robot Arm,Plant-A,2026-05-25,2026-08-23,Out of Service,99.11,Atlas Copco,SN100025
M8546,MA1AB100000001546,WO11546,SUV Pro,GA-1,STN-03,2026-03-02 14:12,ENG-1175,SUP-155,EMP348,TL-028,,Tool_28,Press Tool,Plant-C,2026-01-25,2026-04-25,Out of Service,97.87,Ingersoll Rand,SN100027
M8547,MA1AB100000001547,WO11547,Sedan X,PAINT-1,STN-04,2026-03-02 14:13,ENG-1019,SUP-140,EMP179,TL-061,B,Tool_61,Nut Runner,Plant-C,2026-06-29,2026-09-27,Active,99.71,Ingersoll Rand,SN100060
M8548,MA1AB100000001548,WO11548,Hatch Z,GA-2,STN-03,2026-03-02 14:15,ENG-1290,SUP-009,EMP294,TL-008,C,Tool_8,Welding Gun,Plant-A,2026-06-05,2026-09-03,Maintenance,95.49,Ingersoll Rand,SN100007
M8549,MA1AB100000001549,WO11549,SUV Pro,TRIM-1,STN-02,2026-03-02 14:16,ENG-1027,SUP-055,EMP111,TL-098,,Tool_98,Press Tool,Plant-A,2026-06-01,2026-08-30,Active,98.11,Stanley,SN100097
M8550,MA1AB100000001550,WO11550,SUV Pro,PAINT-1, stn-05 ,2026-03-02 14:17,ENG-1090,SUP-022,EMP172,TL-009,C,Tool_9,Press Tool,Plant-C,2026-05-31,2026-08-29,Active,98.89,Bosch,SN100008
M8551,MA1AB100000001551,WO11551,SUV Pro,GA-1,STN-03,2026-03-02 14:18,ENG-1447,SUP-183,EMP331,TL-054,B,Tool_54,Press Tool,Plant-C,2026-01-18,2026-04-18,Active,99.35,Ingersoll Rand,SN100053
M8552,MA1AB100000001552,WO11552,Hatch Z,PAINT-1,STN-02,2026-03-02 14:20,ENG-1425,SUP-014,EMP147,TL-055,C,Tool_55,Nut Runner,Plant-A,2026-01-22,2026-04-22,Out of Service,95.5,Atlas Copco,SN100054
M8553,MA1AB100000001553,WO11553,SUV Pro,GA-2,STN-02,2026-03-02 14:21,ENG-1178,SUP-108,EMP346,TL-061,B,Tool_61,Nut Runner,Plant-C,2026-06-29,2026-09-27,Active,99.71,Ingersoll Rand,SN100060
M8554,MA1AB100000001554,WO11554,Hatch Z,TRIM-1,STN-03,2026-03-02 14:22,ENG-1467,,EMP392,TL-050,A,Tool_50,Welding Gun,Plant-C,2026-04-30,2026-07-29,Maintenance,98.51,Ingersoll Rand,SN100049
M8555,MA1AB100000001555,WO11555,Hatch Z,GA-2,STN-01,2026-03-02 14:23,ENG-1370,SUP-171,EMP396,TL-079,B,Tool_79,Press Tool,Plant-C,2026-04-14,2026-07-13,Active,96.15,Ingersoll Rand,SN100078
M8556,MA1AB100000001556,WO11556,SUV Pro,PAINT-1,STN-01,2026-03-02 14:25,ENG-1077,SUP-118,EMP175,TL-064,C,Tool_64,Press Tool,Plant-A,2026-02-03,2026-05-04,Active,98.09,Atlas Copco,SN100063
M8557,MA1AB100000001557,WO11557,Sedan X,TRIM-1,STN-03,2026/03/02 14:26,ENG-1266,SUP-185,EMP101,TL-058,B,Tool_58,Robot Arm,Plant-C,2026-04-28,2026-07-27,Active,96.6,Stanley,SN100057
M8558,MA1AB100000001558,WO11558,Hatch Z,TRIM-1, stn-05 ,2026-03-02 14:27,ENG-1496,SUP-149,EMP149,TL-005,B,Tool_5,Torque Wrench,Plant-C,2026-02-02,2026-05-03,Maintenance,99.68,Ingersoll Rand,SN100004
M8559,MA1AB100000001559,WO11559,Hatch Z,GA-2,STN-04,2026-03-02 14:28,ENG-1356,SUP-140,EMP185,TL-077,,Tool_77,Welding Gun,Plant-C,2026-04-12,2026-07-11,Active,98.71,Stanley,SN100076
M8560,MA1AB100000001560,WO11560,Sedan X,PAINT-1,STN-02,2026-03-02 14:30,ENG-1487,SUP-049,EMP395,TL-002,C,Tool_2,Nut Runner,Plant-A,2026-04-22,2026-07-21,Active,97.47,Bosch,SN100001
M8561,MA1AB100000001561,WO11561,SUV Pro,GA-1,STN-03,2026-03-02 14:31,ENG-1459,SUP-079,EMP357,TL-016,,Tool_16,Robot Arm,Plant-B,2026-04-27,2026-07-26,Active,98.18,Atlas Copco,SN100015
M8562,MA1AB100000001562,WO11562,Hatch Z,TRIM-1,STN-04,2026-03-02 14:32,ENG-1210,SUP-091,EMP280,TL-070,,Tool_70,Robot Arm,Plant-C,2026-04-23,2026-07-22,Maintenance,98.03,Bosch,SN100069
M8563,MA1AB100000001563,WO11563,Hatch Z,PAINT-1,STN-01,2026-03-02 14:33,ENG-1474,SUP-046,EMP334,TL-055,C,Tool_55,Nut Runner,Plant-A,2026-01-22,2026-04-22,Out of Service,95.5,Atlas Copco,SN100054
M8564,MA1AB100000001564,WO11564,Sedan X,GA-2,STN-05,2026-03-02 14:35,ENG-1223,SUP-098,EMP245,TL-085,,Tool_85,Nut Runner,Plant-A,2026-01-29,2026-04-29,Out of Service,98.68,Stanley,SN100084
M8565,MA1AB100000001565,WO11565,Hatch Z,PAINT-1, stn-05 ,2026-03-02 14:36,ENG-1317,SUP-026,EMP144,TL-014,A,Tool_14,Nut Runner,Plant-A,2026-02-27,2026-05-28,Maintenance,99.68,Stanley,SN100013
M8566,MA1AB100000001566,WO11566,Hatch Z,GA-1,STN-05,2026-03-02 14:37,ENG-1477,SUP-106,EMP153,TL-064,A,Tool_64,Press Tool,Plant-A,2026-02-03,2026-05-04,Active,98.09,Atlas Copco,SN100063
M8567,MA1AB100000001567,WO11567,Hatch Z,TRIM-1,STN-05,2026-03-02 14:38,ENG-1297,SUP-009,EMP248,TL-054,B,Tool_54,Press Tool,Plant-C,2026-01-18,2026-04-18,Active,99.35,Ingersoll Rand,SN100053
M8568,MA1AB100000001568,WO11568,Sedan X,TRIM-1,STN-05,2026-03-02 14:40,ENG-1195,SUP-030,EMP200,TL-061,A,Tool_61,Nut Runner,Plant-C,2026-06-29,2026-09-27,Active,99.71,Ingersoll Rand,SN100060
M8569,MA1AB100000001569,WO11569,SUV Pro,TRIM-1,STN-04,2026-03-02 14:41,ENG-1464,SUP-166,EMP302,TL-001,C,Tool_1,Welding Gun,Plant-A,2026-05-21,2026-08-19,Maintenance,98.97,Bosch,SN100000
M8570,MA1AB100000001570,WO11570,Sedan X,PAINT-1,STN-03,2026-03-02 14:42,ENG-1450,SUP-169,EMP235,TL-040,,Tool_40,Welding Gun,Plant-A,2026-04-02,2026-07-01,Active,98.84,Atlas Copco,SN100039
M8571,MA1AB100000001571,WO11571,Hatch Z,GA-2,STN-01,2026-03-02 14:43,ENG-1460,SUP-107,EMP116,TL-002,A,Tool_2,Nut Runner,Plant-A,2026-04-22,2026-07-21,Active,97.47,Bosch,SN100001
M8572,MA1AB100000001572,WO11572,Sedan X,PAINT-1,Stn-03,2026-03-02 14:45,ENG-1418,SUP-133,EMP262,TL-043,B,Tool_43,Torque Wrench,Plant-B,2026-04-28,2026-07-27,Active,96.51,Ingersoll Rand,SN100042
M8573,MA1AB100000001573,WO11573,Hatch Z,TRIM-1,STN-02,2026-03-02 14:46,ENG-1284,SUP-101,EMP198,TL-079,,Tool_79,Press Tool,Plant-C,2026-04-14,2026-07-13,Active,96.15,Ingersoll Rand,SN100078
M8574,MA1AB100000001574,WO11574,Sedan X,TRIM-1,STN-02,2026-03-02 14:47,ENG-1480,SUP-163,EMP299,TL-094,B,Tool_94,Press Tool,Plant-C,2026-05-10,2026-08-08,Maintenance,98.64,Stanley,SN100093
M8575,MA1AB100000001575,WO11575,SUV Pro,PAINT-1,STN-05,2026-03-02 14:48,ENG-1081,SUP-112,EMP218,TL-013,B,Tool_13,Nut Runner,Plant-B,2026-04-05,2026-07-04,Active,99.14,Bosch,SN100012
M8576,MA1AB100000001576,WO11576,Hatch Z,GA-1, stn-05 ,2026-03-02 14:50,ENG-1295,SUP-101,EMP233,TL-071,B,Tool_71,Welding Gun,Plant-B,2026-04-11,2026-07-10,Active,98.12,Atlas Copco,SN100070
M8577,MA1AB100000001577,WO11577,SUV Pro,GA-2,STN-01,2026-03-02 14:51,ENG-1047,SUP-007,EMP323,TL-002,B,Tool_2,Nut Runner,Plant-A,2026-04-22,2026-07-21,Active,97.47,Bosch,SN100001
M8578,MA1AB100000001578,WO11578,Sedan X,GA-1,STN-05,2026-03-02 14:52,ENG-1195,SUP-007,EMP166,TL-059,C,Tool_59,Robot Arm,Plant-B,2026-04-15,2026-07-14,Active,95.72,Stanley,SN100058
M8579,MA1AB100000001579,WO11579,Sedan X,GA-2, stn-05 ,2026-03-02 14:53,ENG-1459,SUP-057,EMP252,TL-025,B,Tool_25,Nut Runner,Plant-C,2026-02-19,2026-05-20,Out of Service,98.88,Atlas Copco,SN100024
M8580,MA1AB100000001580,WO11580,Hatch Z,TRIM-1,Stn-03,2026-03-02 14:55,ENG-1133,SUP-169,EMP126,TL-036,A,Tool_36,Nut Runner,Plant-B,2026-02-08,2026-05-09,Active,95.2,Stanley,SN100035
M8581,MA1AB100000001581,WO11581,Sedan X,GA-1, stn-05 ,2026-03-02 14:56,ENG-1296,SUP-027,EMP156,TL-059,A,Tool_59,Robot Arm,Plant-B,2026-04-15,2026-07-14,Active,95.72,Stanley,SN100058
M8582,MA1AB100000001582,WO11582,Sedan X,GA-2,STN-03,2026-03-02 14:57,ENG-1134,SUP-047,EMP147,TL-010,,Tool_10,Welding Gun,Plant-B,2026-02-07,2026-05-08,Maintenance,98.91,Atlas Copco,SN100009
M8583,MA1AB100000001583,WO11583,SUV Pro,GA-2,STN-04,2026-03-02 14:58,ENG-1051,SUP-126,EMP111,TL-053,A,Tool_53,Nut Runner,Plant-A,2026-02-27,2026-05-28,Out of Service,96.41,Stanley,SN100052
M8584,MA1AB100000001584,WO11584,SUV Pro,GA-1,STN-02,2026-03-02 15:00,ENG-1351,SUP-108,EMP292,TL-041,,Tool_41,Robot Arm,Plant-A,2026-02-27,2026-05-28,Maintenance,97.13,Atlas Copco,SN100040
M8585,MA1AB100000001585,WO11585,Sedan X,GA-2,STN-03,2026-03-02 15:01,ENG-1005,SUP-046,EMP390,TL-081,A,Tool_81,Nut Runner,Plant-A,2026-06-21,2026-09-19,Maintenance,97.61,Atlas Copco,SN100080
M8586,MA1AB100000001586,WO11586,Sedan X,PAINT-1,STN-03,2026-03-02 15:02,ENG-1247,SUP-158,EMP379,TL-001,B,Tool_1,Welding Gun,Plant-A,2026-05-21,2026-08-19,Maintenance,98.97,Bosch,SN100000
M8587,MA1AB100000001587,WO11587,Hatch Z,PAINT-1,STN-01,2026-03-02 15:03,ENG-1098,SUP-156,EMP115,TL-069,A,Tool_69,Torque Wrench,Plant-B,2026-01-29,2026-04-29,Active,98.16,Bosch,SN100068
M8588,MA1AB100000001588,WO11588,Hatch Z,GA-2,STN-02,2026-03-02 15:05,ENG-1443,SUP-094,EMP158,TL-028,A,Tool_28,Press Tool,Plant-C,2026-01-25,2026-04-25,Out of Service,97.87,Ingersoll Rand,SN100027
M8589,MA1AB100000001589,WO11589,SUV Pro,GA-2,STN-02,2026-03-02 15:06,ENG-1042,SUP-187,EMP164,TL-035,C,Tool_35,Torque Wrench,Plant-A,2026-04-06,2026-07-05,Active,95.1,Atlas Copco,SN100034
M8590,MA1AB100000001590,WO11590,SUV Pro,GA-2,STN-01,2026-03-02 15:07,ENG-1178,SUP-182,EMP382,TL-084,C,Tool_84,Torque Wrench,Plant-C,2026-02-03,2026-05-04,Out of Service,97.78,Ingersoll Rand,SN100083
M8591,MA1AB100000001591,WO11591,SUV Pro,TRIM-1,STN-04,2026-03-02 15:08,ENG-1262,SUP-103,EMP198,TL-033,B,Tool_33,Welding Gun,Plant-C,2026-02-25,2026-05-26,Active,97.63,Bosch,SN100032
M8592,MA1AB100000001592,WO11592,Sedan X,PAINT-1,STN-04,2026-03-02 15:10,ENG-1052,SUP-150,EMP259,TL-022,B,Tool_22,Press Tool,Plant-C,2026-03-22,2026-06-20,Out of Service,95.43,Bosch,SN100021
M8593,MA1AB100000001593,WO11593,Hatch Z,TRIM-1,STN-04,2026-03-02 15:11,ENG-1452,SUP-115,EMP316,TL-077,C,Tool_77,Welding Gun,Plant-C,2026-04-12,2026-07-11,Active,98.71,Stanley,SN100076
M8594,MA1AB100000001594,WO11594,SUV Pro,GA-1,STN-05,2026-03-02 15:12,ENG-1196,SUP-110,EMP202,TL-073,C,Tool_73,Welding Gun,Plant-C,2026-03-17,2026-06-15,Active,96.96,Ingersoll Rand,SN100072
M8595,MA1AB100000001595,WO11595,SUV Pro,GA-1,STN-04,2026-03-02 15:13, eng-1001 ,SUP-043,EMP117,TL-066,C,Tool_66,Nut Runner,Plant-A,2026-01-13,2026-04-13,Maintenance,98.63,Stanley,SN100065
M8596,MA1AB100000001596,WO11596,Hatch Z,TRIM-1,STN-03,2026-03-02 15:15,ENG-1309,SUP-166,EMP371,TL-046,,Tool_46,Torque Wrench,Plant-C,2026-01-19,2026-04-19,Active,95.51,Ingersoll Rand,SN100045
M8597,MA1AB100000001597,WO11597,Sedan X,GA-1,STN-02,2026-03-02 15:16,ENG-1414,SUP-083,EMP319,TL-024,C,Tool_24,Robot Arm,Plant-A,2026-02-23,2026-05-24,Active,96.19,Ingersoll Rand,SN100023
M8598,MA1AB100000001598,WO11598,Sedan X,GA-1,STN-02,2026-03-02 15:17,ENG-1336,SUP-096,EMP290,TL-019,C,Tool_19,Torque Wrench,Plant-B,2026-05-30,2026-08-28,Active,96.08,Atlas Copco,SN100018
M8599,MA1AB100000001599,WO11599,Sedan X,GA-1,STN-03,2026-03-02 15:18,ENG-1352,SUP-003,EMP268,TL-028,,Tool_28,Press Tool,Plant-C,2026-01-25,2026-04-25,Out of Service,97.87,Ingersoll Rand,SN100027
M8600,MA1AB100000001600,WO11600,Hatch Z,PAINT-1,STN-02,2026-03-02 15:20,ENG-1287,SUP-017,EMP297,TL-037,B,Tool_37,Torque Wrench,Plant-A,2026-02-12,2026-05-13,Maintenance,95.39,Bosch,SN100036
M8601,MA1AB100000001601,WO11601,Hatch Z,GA-2,STN-01,2026-03-02 15:21,ENG-1287,SUP-072,EMP138,TL-074,,Tool_74,Robot Arm,Plant-B,2026-01-04,2026-04-04,Active,97.63,Stanley,SN100073
M8602,MA1AB100000001602,WO11602,Hatch Z,TRIM-1,STN-03,2026-03-02 15:22,ENG-1416,SUP-082,EMP201,TL-026,A,Tool_26,Robot Arm,Plant-A,2026-05-25,2026-08-23,Out of Service,99.11,Atlas Copco,SN100025
M8603,MA1AB100000001603,WO11603,SUV Pro,TRIM-1,STN-01,2026-03-02 15:23,ENG-1140,SUP-108,EMP161,TL-016,,Tool_16,Robot Arm,Plant-B,2026-04-27,2026-07-26,Active,98.18,Atlas Copco,SN100015
M8604,MA1AB100000001604,WO11604,Sedan X,PAINT-1,STN-05,2026-03-02 15:25,ENG-1196,SUP-061,EMP395,TL-003,C,Tool_3,Robot Arm,Plant-C,2026-02-25,2026-05-26,Active,97.36,Atlas Copco,SN100002
M8605,MA1AB100000001605,WO11605,Sedan X,GA-1,STN-04,2026-03-02 15:26,ENG-1145,SUP-034,EMP306,TL-005,A,Tool_5,Torque Wrench,Plant-C,2026-02-02,2026-05-03,Maintenance,99.68,Ingersoll Rand,SN100004
M8606,MA1AB100000001606,WO11606,SUV Pro,GA-1,STN-01,2026-03-02 15:27,ENG-1240,SUP-025,EMP312,TL-093,C,Tool_93,Nut Runner,Plant-A,2026-03-03,2026-06-01,Out of Service,98.43,Ingersoll Rand,SN100092
M8607,MA1AB100000001607,WO11607,SUV Pro,PAINT-1,Stn-03,2026-03-02 15:28,ENG-1177,SUP-103,EMP140,TL-072,C,Tool_72,Robot Arm,Plant-C,2026-05-05,2026-08-03,Maintenance,99.87,Atlas Copco,SN100071
M8608,MA1AB100000001608,WO11608,SUV Pro,GA-1,STN-04,2026-03-02 15:30,ENG-1152,SUP-179,EMP332,TL-064,A,Tool_64,Press Tool,Plant-A,2026-02-03,2026-05-04,Active,98.09,Atlas Copco,SN100063
M8609,MA1AB100000001609,WO11609,SUV Pro,GA-1,STN-01,2026-03-02 15:31,ENG-1114,SUP-013,EMP105,TL-018,A,Tool_18,Robot Arm,Plant-B,2026-06-15,2026-09-13,Out of Service,95.48,Stanley,SN100017
M8610,MA1AB100000001610,WO11610,SUV Pro,TRIM-1,STN-02,2026-03-02 15:32,ENG-1087,SUP-023,EMP197,TL-093,C,Tool_93,Nut Runner,Plant-A,2026-03-03,2026-06-01,Out of Service,98.43,Ingersoll Rand,SN100092
M8611,MA1AB100000001611,WO11611,Hatch Z,GA-1, stn-05 ,2026-03-02 15:33,ENG-1444,SUP-014,EMP232,TL-999,A,Unknown Tool,Unknown Type,,,,,,,
M8612,MA1AB100000001612,WO11612,Sedan X,GA-1,STN-03,2026-03-02 15:35,ENG-1038,SUP-068,EMP268,TL-089,,Tool_89,Welding Gun,Plant-B,2026-06-20,2026-09-18,Out of Service,97.46,Stanley,SN100088
M8613,MA1AB100000001613,WO11613,SUV Pro,GA-2,STN-02,2026-03-02 15:36,ENG-1298,SUP-118,EMP161,TL-017,C,Tool_17,Torque Wrench,Plant-C,2026-01-08,2026-04-08,Maintenance,96.84,Atlas Copco,SN100016
M8614,MA1AB100000001614,WO11614,Sedan X,TRIM-1, stn-05 ,2026-03-02 15:37,ENG-1228,SUP-172,EMP162,TL-067,B,Tool_67,Torque Wrench,Plant-A,2026-02-10,2026-05-11,Active,95.24,Bosch,SN100066
M8615,MA1AB100000001615,WO11615,Hatch Z,TRIM-1, stn-05 ,2026-03-02 15:38,ENG-1250,SUP-072,EMP264,TL-099,,Tool_99,Welding Gun,Plant-B,2026-05-20,2026-08-18,Active,97.05,Atlas Copco,SN100098
M8616,MA1AB100000001616,WO11616,Sedan X,GA-1,STN-03,2026-03-02 15:40,ENG-1392,SUP-076,EMP142,TL-046,B,Tool_46,Torque Wrench,Plant-C,2026-01-19,2026-04-19,Active,95.51,Ingersoll Rand,SN100045
M8617,MA1AB100000001617,WO11617,Hatch Z,GA-2, stn-05 ,2026-03-02 15:41,ENG-1039,SUP-020,EMP353,TL-008,B,Tool_8,Welding Gun,Plant-A,2026-06-05,2026-09-03,Maintenance,95.49,Ingersoll Rand,SN100007
M8618,MA1AB100000001618,WO11618,Sedan X,GA-2,STN-04,2026-03-02 15:42,ENG-1419,SUP-099,EMP196,TL-063,A,Tool_63,Welding Gun,Plant-B,2026-03-03,2026-06-01,Active,99.78,Ingersoll Rand,SN100062
M8619,MA1AB100000001619,WO11619,SUV Pro,GA-2,Stn-03,2026-03-02 15:43,ENG-1302,SUP-195,EMP370,TL-066,C,Tool_66,Nut Runner,Plant-A,2026-01-13,2026-04-13,Maintenance,98.63,Stanley,SN100065
M8620,MA1AB100000001620,WO11620,SUV Pro,TRIM-1, stn-05 ,2026-03-02 15:45,ENG-1078,SUP-130,EMP154,TL-017,B,Tool_17,Torque Wrench,Plant-C,2026-01-08,2026-04-08,Maintenance,96.84,Atlas Copco,SN100016
M8621,MA1AB100000001621,WO11621,SUV Pro,TRIM-1,STN-04,2026-03-02 15:46,ENG-1444,SUP-159,EMP362,TL-026,,Tool_26,Robot Arm,Plant-A,2026-05-25,2026-08-23,Out of Service,99.11,Atlas Copco,SN100025
M8622,MA1AB100000001622,WO11622,Sedan X,GA-1,STN-03,2026-03-02 15:47,ENG-1216,SUP-043,EMP257,TL-074,A,Tool_74,Robot Arm,Plant-B,2026-01-04,2026-04-04,Active,97.63,Stanley,SN100073
M8623,MA1AB100000001623,WO11623,Sedan X,TRIM-1,STN-01,2026-03-02 15:48,ENG-1381,SUP-029,EMP223,TL-003,,Tool_3,Robot Arm,Plant-C,2026-02-25,2026-05-26,Active,97.36,Atlas Copco,SN100002
M8624,MA1AB100000001624,WO11624,Sedan X,PAINT-1,STN-01,2026-03-02 15:50,ENG-1243,SUP-170,EMP371,TL-058,C,Tool_58,Robot Arm,Plant-C,2026-04-28,2026-07-27,Active,96.6,Stanley,SN100057
M8625,MA1AB100000001625,WO11625,SUV Pro,GA-1,STN-05,2026-03-02 15:51,ENG-1043,SUP-091,EMP320,TL-028,B,Tool_28,Press Tool,Plant-C,2026-01-25,2026-04-25,Out of Service,97.87,Ingersoll Rand,SN100027
M8626,MA1AB100000001626,WO11626,SUV Pro,TRIM-1,STN-05,2026-03-02 15:52,ENG-1170,SUP-014,EMP325,TL-035,C,Tool_35,Torque Wrench,Plant-A,2026-04-06,2026-07-05,Active,95.1,Atlas Copco,SN100034
M8627,MA1AB100000001627,WO11627,Sedan X,GA-1, stn-05 ,2026-03-02 15:53,ENG-1195,SUP-188,EMP316,TL-025,C,Tool_25,Nut Runner,Plant-C,2026-02-19,2026-05-20,Out of Service,98.88,Atlas Copco,SN100024
M8628,MA1AB100000001628,WO11628,Sedan X,TRIM-1,STN-02,2026-03-02 15:55,ENG-1304,SUP-071,EMP371,TL-078,,Tool_78,Press Tool,Plant-A,2026-03-26,2026-06-24,Maintenance,99.88,Bosch,SN100077
M8629,MA1AB100000001629,WO11629,Hatch Z,TRIM-1,STN-01,2026-03-02 15:56,ENG-1348,SUP-013,EMP227,TL-015,B,Tool_15,Robot Arm,Plant-C,2026-05-26,2026-08-24,Out of Service,97.88,Atlas Copco,SN100014
M8630,MA1AB100000001630,WO11630,Sedan X,GA-1,STN-01,2026-03-02 15:57,ENG-1294,SUP-069,EMP222,TL-009,A,Tool_9,Press Tool,Plant-C,2026-05-31,2026-08-29,Active,98.89,Bosch,SN100008
M8631,MA1AB100000001631,WO11631,SUV Pro,GA-2,STN-05,2026-03-02 15:58,ENG-1358,SUP-184,EMP307,TL-051,,Tool_51,Nut Runner,Plant-C,2026-04-06,2026-07-05,Active,97.28,Bosch,SN100050
M8632,MA1AB100000001632,WO11632,Sedan X,GA-2, stn-05 ,2026-03-02 16:00,ENG-1421,SUP-178,EMP237,TL-064,B,Tool_64,Press Tool,Plant-A,2026-02-03,2026-05-04,Active,98.09,Atlas Copco,SN100063
M8633,MA1AB100000001633,WO11633,Sedan X,GA-2,STN-03,2026-03-02 16:01,ENG-1326,SUP-074,EMP247,TL-094,A,Tool_94,Press Tool,Plant-C,2026-05-10,2026-08-08,Maintenance,98.64,Stanley,SN100093
M8634,MA1AB100000001634,WO11634,Sedan X,GA-2,STN-05,2026-03-02 16:02,ENG-1464,SUP-180,EMP344,TL-095,C,Tool_95,Nut Runner,Plant-A,2026-06-25,2026-09-23,Active,99.37,Bosch,SN100094
M8635,MA1AB100000001635,WO11635,Hatch Z,GA-2,STN-02,2026-03-02 16:03,ENG-1161,SUP-175,EMP135,TL-022,B,Tool_22,Press Tool,Plant-C,2026-03-22,2026-06-20,Out of Service,95.43,Bosch,SN100021
M8636,MA1AB100000001636,WO11636,SUV Pro,TRIM-1,STN-02,2026-03-02 16:05,ENG-1492,SUP-004,EMP342,TL-055,C,Tool_55,Nut Runner,Plant-A,2026-01-22,2026-04-22,Out of Service,95.5,Atlas Copco,SN100054
M8637,MA1AB100000001637,WO11637,Sedan X,GA-2,STN-03,2026-03-02 16:06,ENG-1451,SUP-020,EMP187,TL-087,A,Tool_87,Robot Arm,Plant-B,2026-02-09,2026-05-10,Maintenance,99.98,Stanley,SN100086
M8638,MA1AB100000001638,WO11638,Hatch Z,PAINT-1,STN-04,2026-03-02 16:07,ENG-1298,SUP-001,EMP350,TL-032,,Tool_32,Press Tool,Plant-A,2026-03-27,2026-06-25,Maintenance,97.67,Bosch,SN100031
M8639,MA1AB100000001639,WO11639,Sedan X,GA-1,Stn-03,2026-03-02 16:08,ENG-1008,SUP-146,EMP248,TL-030,B,Tool_30,Nut Runner,Plant-A,2026-02-18,2026-05-19,Out of Service,97.07,Ingersoll Rand,SN100029
M8640,MA1AB100000001640,WO11640,Sedan X,GA-1,STN-01,2026-03-02 16:10,ENG-1155,SUP-189,EMP271,TL-058,,Tool_58,Robot Arm,Plant-C,2026-04-28,2026-07-27,Active,96.6,Stanley,SN100057
M8641,MA1AB100000001641,WO11641,Hatch Z,PAINT-1,STN-05,2026-03-02 16:11,ENG-1131,SUP-170,EMP349,TL-033,C,Tool_33,Welding Gun,Plant-C,2026-02-25,2026-05-26,Active,97.63,Bosch,SN100032
M8642,MA1AB100000001642,WO11642,SUV Pro,GA-1,Stn-03,2026-03-02 16:12,ENG-1180,SUP-078,EMP270,TL-067,,Tool_67,Torque Wrench,Plant-A,2026-02-10,2026-05-11,Active,95.24,Bosch,SN100066
M8643,MA1AB100000001643,WO11643,Sedan X,PAINT-1, stn-05 ,2026-03-02 16:13,ENG-1265,SUP-187,EMP110,TL-019,,Tool_19,Torque Wrench,Plant-B,2026-05-30,2026-08-28,Active,96.08,Atlas Copco,SN100018
M8644,MA1AB100000001644,WO11644,Sedan X,GA-2,STN-03,2026-03-02 16:15,ENG-1254,SUP-008,EMP225,TL-074,,Tool_74,Robot Arm,Plant-B,2026-01-04,2026-04-04,Active,97.63,Stanley,SN100073
M8645,MA1AB100000001645,WO11645,SUV Pro,GA-2, stn-05 ,2026-03-02 16:16,ENG-1045,SUP-050,EMP293,TL-082,A,Tool_82,Nut Runner,Plant-B,2026-03-18,2026-06-16,Active,95.75,Atlas Copco,SN100081
M8646,MA1AB100000001646,WO11646,SUV Pro,TRIM-1,STN-05,2026-03-02 16:17,ENG-1089,SUP-068,EMP278,TL-043,,Tool_43,Torque Wrench,Plant-B,2026-04-28,2026-07-27,Active,96.51,Ingersoll Rand,SN100042
M8647,MA1AB100000001647,WO11647,Hatch Z,TRIM-1,STN-03,2026-03-02 16:18,ENG-1158,SUP-049,EMP121,TL-075,C,Tool_75,Press Tool,Plant-C,2026-04-22,2026-07-21,Active,99.86,Ingersoll Rand,SN100074
M8648,MA1AB100000001648,WO11648,Hatch Z,GA-1,STN-04,2026-03-02 16:20,ENG-1407,SUP-117,EMP390,TL-045,C,Tool_45,Welding Gun,Plant-C,2026-03-10,2026-06-08,Active,98.94,Stanley,SN100044
M8649,MA1AB100000001649,WO11649,Sedan X,GA-1,STN-04,2026-03-02 16:21,ENG-1474,SUP-176,EMP175,TL-060,B,Tool_60,Welding Gun,Plant-B,2026-02-09,2026-05-10,Active,95.55,Atlas Copco,SN100059
M8650,MA1AB100000001650,WO11650,Hatch Z,PAINT-1,STN-05,2026-03-02 16:22,ENG-1285,SUP-171,EMP183,TL-039,,Tool_39,Nut Runner,Plant-C,2026-02-15,2026-05-16,Maintenance,97.07,Ingersoll Rand,SN100038
M8651,MA1AB100000001651,WO11651,SUV Pro,GA-1,Stn-03,2026-03-02 16:23,ENG-1150,SUP-004,EMP332,TL-006,B,Tool_6,Nut Runner,Plant-B,2026-01-25,2026-04-25,Maintenance,98.24,Ingersoll Rand,SN100005
M8652,MA1AB100000001652,WO11652,SUV Pro,GA-1,STN-01,2026-03-02 16:25,ENG-1250,SUP-079,EMP102,TL-056,C,Tool_56,Torque Wrench,Plant-C,2026-04-06,2026-07-05,Active,97.45,Atlas Copco,SN100055
M8653,MA1AB100000001653,WO11653,Hatch Z,GA-1,STN-01,2026-03-02 16:26,ENG-1128,SUP-036,EMP279,TL-037,B,Tool_37,Torque Wrench,Plant-A,2026-02-12,2026-05-13,Maintenance,95.39,Bosch,SN100036
M8654,MA1AB100000001654,WO11654,Sedan X,PAINT-1,STN-02,2026-03-02 16:27,ENG-1375,SUP-051,EMP321,TL-075,A,Tool_75,Press Tool,Plant-C,2026-04-22,2026-07-21,Active,99.86,Ingersoll Rand,SN100074
M8655,MA1AB100000001655,WO11655,SUV Pro,GA-2,STN-01,2026-03-02 16:28,ENG-1242,SUP-091,EMP227,TL-087,,Tool_87,Robot Arm,Plant-B,2026-02-09,2026-05-10,Maintenance,99.98,Stanley,SN100086
M8656,MA1AB100000001656,WO11656,SUV Pro,TRIM-1,STN-01,2026-03-02 16:30,ENG-1457,SUP-067,EMP254,TL-077,C,Tool_77,Welding Gun,Plant-C,2026-04-12,2026-07-11,Active,98.71,Stanley,SN100076
M8657,MA1AB100000001657,WO11657,Sedan X,TRIM-1, stn-05 ,2026-03-02 16:31,ENG-1448,SUP-083,EMP396,TL-018,B,Tool_18,Robot Arm,Plant-B,2026-06-15,2026-09-13,Out of Service,95.48,Stanley,SN100017
M8658,MA1AB100000001658,WO11658,SUV Pro,GA-2,STN-04,2026-03-02 16:32,ENG-1283,SUP-052,EMP254,TL-040,A,Tool_40,Welding Gun,Plant-A,2026-04-02,2026-07-01,Active,98.84,Atlas Copco,SN100039
M8659,MA1AB100000001659,WO11659,SUV Pro,TRIM-1,STN-05,2026-03-02 16:33,ENG-1093,SUP-097,EMP323,TL-013,B,Tool_13,Nut Runner,Plant-B,2026-04-05,2026-07-04,Active,99.14,Bosch,SN100012
M8660,MA1AB100000001660,WO11660,Hatch Z,TRIM-1, stn-05 ,2026-03-02 16:35,ENG-1160,SUP-129,EMP283,TL-060,C,Tool_60,Welding Gun,Plant-B,2026-02-09,2026-05-10,Active,95.55,Atlas Copco,SN100059
M8661,MA1AB100000001661,WO11661,SUV Pro,TRIM-1,STN-04,2026-03-02 16:36,ENG-1492,SUP-106,EMP336,TL-004,A,Tool_4,Press Tool,Plant-A,2026-01-19,2026-04-19,Active,97.49,Bosch,SN100003
M8662,MA1AB100000001662,WO11662,SUV Pro,GA-1,Stn-03,2026-03-02 16:37,ENG-1071,SUP-158,EMP254,TL-999,B,Unknown Tool,Unknown Type,,,,,,,
M8663,MA1AB100000001663,WO11663,Hatch Z,PAINT-1,STN-02,2026-03-02 16:38,ENG-1317,SUP-140,EMP389,TL-038,A,Tool_38,Welding Gun,Plant-B,2026-04-18,2026-07-17,Active,97.87,Ingersoll Rand,SN100037
M8664,MA1AB100000001664,WO11664,SUV Pro,GA-2,STN-04,2026-03-02 16:40,ENG-1343,SUP-002,EMP336,TL-098,,Tool_98,Press Tool,Plant-A,2026-06-01,2026-08-30,Active,98.11,Stanley,SN100097
M8665,XX1 2 3 4,WO11665,Sedan X,GA-1,STN-01,2026-03-02 16:41,ENG-1138,SUP-167,EMP154,TL-043,A,Tool_43,Torque Wrench,Plant-B,2026-04-28,2026-07-27,Active,96.51,Ingersoll Rand,SN100042
M8666,MA1AB100000001666,WO11666,SUV Pro,TRIM-1, stn-05 ,2026-03-02 16:42,ENG-1169,SUP-016,EMP162,TL-095,A,Tool_95,Nut Runner,Plant-A,2026-06-25,2026-09-23,Active,99.37,Bosch,SN100094
M8667,MA1AB100000001667,WO11667,Hatch Z,GA-2,STN-05,2026-03-02 16:43,ENG-1073,SUP-144,EMP353,TL-018,B,Tool_18,Robot Arm,Plant-B,2026-06-15,2026-09-13,Out of Service,95.48,Stanley,SN100017
M8668,MA1AB100000001668,WO11668,Hatch Z,GA-2,STN-03,2026-03-02 16:45,ENG-1321,SUP-080,EMP103,TL-063,B,Tool_63,Welding Gun,Plant-B,2026-03-03,2026-06-01,Active,99.78,Ingersoll Rand,SN100062
M8669,MA1AB100000001669,WO11669,Sedan X,GA-1,STN-01,2026-03-02 16:46,ENG-1078,SUP-155,EMP161,TL-067,A,Tool_67,Torque Wrench,Plant-A,2026-02-10,2026-05-11,Active,95.24,Bosch,SN100066
M8670,MA1AB100000001670,WO11670,Sedan X,GA-2,STN-01,2026-03-02 16:47,ENG-1242,SUP-007,EMP358,TL-057,,Tool_57,Welding Gun,Plant-A,2026-05-01,2026-07-30,Active,98.96,Bosch,SN100056
M8671,MA1AB100000001671,WO11671,Sedan X,GA-1,STN-03,2026-03-02 16:48,ENG-1207,SUP-124,EMP194,TL-031,C,Tool_31,Nut Runner,Plant-A,2026-01-31,2026-05-01,Active,97.01,Atlas Copco,SN100030
M8672,MA1AB100000001672,WO11672,Hatch Z,TRIM-1,Stn-03,2026-03-02 16:50,ENG-1336,SUP-158,EMP163,TL-056,B,Tool_56,Torque Wrench,Plant-C,2026-04-06,2026-07-05,Active,97.45,Atlas Copco,SN100055
M8673,MA1AB100000001673,WO11673,Hatch Z,GA-1,STN-02,2026-03-02 16:51,ENG-1072,SUP-191,EMP223,TL-022,B,Tool_22,Press Tool,Plant-C,2026-03-22,2026-06-20,Out of Service,95.43,Bosch,SN100021
M8674,MA1AB100000001674,WO11674,SUV Pro,TRIM-1,STN-03,2026-03-02 16:52,ENG-1148,SUP-171,EMP151,TL-076,,Tool_76,Welding Gun,Plant-C,2026-02-22,2026-05-23,Maintenance,98.13,Ingersoll Rand,SN100075
M8675,MA1AB100000001675,WO11675,SUV Pro,PAINT-1,STN-04,2026-03-02 16:53,ENG-1197,SUP-179,EMP154,TL-060,,Tool_60,Welding Gun,Plant-B,2026-02-09,2026-05-10,Active,95.55,Atlas Copco,SN100059
M8676,MA1AB100000001676,WO11676,SUV Pro,GA-2,STN-01,2026-03-02 16:55,ENG-1145,SUP-118,EMP161,TL-073,,Tool_73,Welding Gun,Plant-C,2026-03-17,2026-06-15,Active,96.96,Ingersoll Rand,SN100072
M8677,MA1AB100000001677,WO11677,Sedan X,PAINT-1,STN-01,2026-03-02 16:56,ENG-1330,SUP-167,EMP327,TL-006,C,Tool_6,Nut Runner,Plant-B,2026-01-25,2026-04-25,Maintenance,98.24,Ingersoll Rand,SN100005
M8678,MA1AB100000001678,WO11678,Sedan X,TRIM-1, stn-05 ,2026-03-02 16:57,ENG-1234,SUP-071,EMP104,TL-021,C,Tool_21,Press Tool,Plant-C,2026-01-09,2026-04-09,Out of Service,95.18,Atlas Copco,SN100020
M8679,MA1AB100000001679,WO11679,Hatch Z,GA-2,STN-03,2026-03-02 16:58,ENG-1462,SUP-181,EMP368,TL-050,A,Tool_50,Welding Gun,Plant-C,2026-04-30,2026-07-29,Maintenance,98.51,Ingersoll Rand,SN100049
M8680,MA1AB100000001680,WO11680,Sedan X,GA-2,STN-03,2026-03-02 17:00,ENG-1335,SUP-185,EMP388,TL-044,,Tool_44,Press Tool,Plant-C,2026-01-16,2026-04-16,Maintenance,99.03,Bosch,SN100043
M8681,MA1AB100000001681,WO11681,Hatch Z,GA-2,STN-03,2026-03-02 17:01,ENG-1401,SUP-196,EMP255,TL-051,A,Tool_51,Nut Runner,Plant-C,2026-04-06,2026-07-05,Active,97.28,Bosch,SN100050
M8682,MA1AB100000001682,WO11682,Hatch Z,TRIM-1,STN-04,2026-03-02 17:02,ENG-1492,SUP-121,EMP192,TL-074,C,Tool_74,Robot Arm,Plant-B,2026-01-04,2026-04-04,Active,97.63,Stanley,SN100073
M8683,MA1AB100000001683,WO11683,Sedan X,PAINT-1,STN-05,2026-03-02 17:03,ENG-1489,SUP-149,EMP278,TL-075,,Tool_75,Press Tool,Plant-C,2026-04-22,2026-07-21,Active,99.86,Ingersoll Rand,SN100074
M8684,MA1AB100000001684,WO11684,Sedan X,GA-1,STN-01,2026-03-02 17:05,ENG-1436,SUP-188,EMP181,TL-030,A,Tool_30,Nut Runner,Plant-A,2026-02-18,2026-05-19,Out of Service,97.07,Ingersoll Rand,SN100029
M8685,MA1AB100000001685,WO11685,Hatch Z,GA-1,STN-04,2026-03-02 17:06,ENG-1478,SUP-174,EMP343,TL-042,B,Tool_42,Welding Gun,Plant-C,2026-03-03,2026-06-01,Out of Service,97.14,Ingersoll Rand,SN100041
M8686,MA1AB100000001686,WO11686,Hatch Z,GA-2,STN-01,2026-03-02 17:07,ENG-1460,SUP-045,EMP296,TL-097,,Tool_97,Nut Runner,Plant-A,2026-04-22,2026-07-21,Active,99.35,Ingersoll Rand,SN100096
M8687,MA1AB100000001687,WO11687,Sedan X,GA-1,STN-05,2026-03-02 17:08,ENG-1128,SUP-030,EMP119,TL-096,A,Tool_96,Nut Runner,Plant-A,2026-04-26,2026-07-25,Active,95.35,Stanley,SN100095
M8688,MA1AB100000001688,WO11688,SUV Pro,PAINT-1,STN-05,2026-03-02 17:70,ENG-1323,SUP-008,EMP189,TL-042,A,Tool_42,Welding Gun,Plant-C,2026-03-03,2026-06-01,Out of Service,97.14,Ingersoll Rand,SN100041
M8689,MA1AB100000001689,WO11689,Hatch Z,TRIM-1,STN-04,2026-03-02 17:11,ENG-1068,SUP-164,EMP393,TL-072,B,Tool_72,Robot Arm,Plant-C,2026-05-05,2026-08-03,Maintenance,99.87,Atlas Copco,SN100071
M8690,MA1AB100000001690,WO11690,Sedan X,PAINT-1,STN-04,2026-03-02 17:12,ENG-1224,SUP-174,EMP246,TL-029,B,Tool_29,Press Tool,Plant-C,2026-04-30,2026-07-29,Maintenance,98.95,Stanley,SN100028
M8691,MA1AB100000001691,WO11691,Hatch Z,GA-2,STN-04,2026-03-02 17:13,ENG-1416,SUP-136,EMP198,TL-012,A,Tool_12,Press Tool,Plant-B,2026-05-30,2026-08-28,Out of Service,98.02,Bosch,SN100011
M8692,MA1AB100000001692,WO11692,Hatch Z,GA-1,STN-02,2026-03-02 17:15,ENG-1017,SUP-036,EMP102,TL-047,,Tool_47,Robot Arm,Plant-A,2026-04-17,2026-07-16,Active,99.69,Ingersoll Rand,SN100046
M8693,MA1AB100000001693,WO11693,Hatch Z,GA-1,STN-03,2026-03-02 17:16,ENG-1094,SUP-175,EMP370,TL-064,B,Tool_64,Press Tool,Plant-A,2026-02-03,2026-05-04,Active,98.09,Atlas Copco,SN100063
M8694,MA1AB100000001694,WO11694,Sedan X,TRIM-1,STN-05,2026-03-02 17:17,ENG-1180,SUP-092,EMP386,TL-018,A,Tool_18,Robot Arm,Plant-B,2026-06-15,2026-09-13,Out of Service,95.48,Stanley,SN100017
M8695,MA1AB100000001695,WO11695,SUV Pro,TRIM-1, stn-05 ,2026-03-02 17:18,ENG-1192,SUP-019,EMP391,TL-011,B,Tool_11,Welding Gun,Plant-B,2026-01-03,2026-04-03,Out of Service,99.43,Atlas Copco,SN100010
M8696,MA1AB100000001696,WO11696,Hatch Z,PAINT-1,STN-01,2026-03-02 17:20,ENG-1060,SUP-128,EMP218,TL-007,C,Tool_7,Nut Runner,Plant-B,2026-06-11,2026-09-09,Out of Service,95.88,Stanley,SN100006
M8697,MA1AB100000001697,WO11697,Sedan X,GA-2,Stn-03,2026-03-02 17:21,ENG-1481,SUP-075,EMP228,TL-050,C,Tool_50,Welding Gun,Plant-C,2026-04-30,2026-07-29,Maintenance,98.51,Ingersoll Rand,SN100049
M8698,MA1AB100000001698,WO11698,Sedan X,GA-2,STN-03,2026-03-02 17:22,ENG-1038,SUP-137,EMP394,TL-031,C,Tool_31,Nut Runner,Plant-A,2026-01-31,2026-05-01,Active,97.01,Atlas Copco,SN100030
M8699,MA1AB100000001699,WO11699,SUV Pro,GA-1,STN-05,2026-03-02 17:23,ENG-1357,SUP-029,EMP398,TL-061,C,Tool_61,Nut Runner,Plant-C,2026-06-29,2026-09-27,Active,99.71,Ingersoll Rand,SN100060
M8700,MA1AB100000001700,WO11700,Hatch Z,GA-1,STN-01,2026-03-02 17:25,ENG-1173,SUP-108,EMP233,TL-026,C,Tool_26,Robot Arm,Plant-A,2026-05-25,2026-08-23,Out of Service,99.11,Atlas Copco,SN100025
M8701,MA1AB100000001701,WO11701,Sedan X,GA-2,STN-02,2026-03-02 17:26,ENG-1280,SUP-188,EMP268,TL-097,A,Tool_97,Nut Runner,Plant-A,2026-04-22,2026-07-21,Active,99.35,Ingersoll Rand,SN100096
M8702,MA1AB100000001702,WO11702,Sedan X,TRIM-1,STN-01,2026-03-02 17:27,ENG-1412,SUP-145,EMP118,TL-045,A,Tool_45,Welding Gun,Plant-C,2026-03-10,2026-06-08,Active,98.94,Stanley,SN100044
M8703,MA1AB100000001703,WO11703,SUV Pro,GA-1,STN-05,2026-03-02 17:28,ENG-1245,SUP-034,EMP238,TL-093,A,Tool_93,Nut Runner,Plant-A,2026-03-03,2026-06-01,Out of Service,98.43,Ingersoll Rand,SN100092
M8704,MA1AB100000001704,WO11704,Sedan X,GA-1,STN-04,2026-03-02 17:30,ENG-1259,SUP-058,EMP279,TL-056,,Tool_56,Torque Wrench,Plant-C,2026-04-06,2026-07-05,Active,97.45,Atlas Copco,SN100055
M8705,MA1AB100000001705,WO11705,SUV Pro,GA-2,STN-01,2026-03-02 17:31,ENG-1476,SUP-015,EMP113,TL-100,B,Tool_100,Welding Gun,Plant-A,2026-04-25,2026-07-24,Maintenance,97.13,Ingersoll Rand,SN100099
M8706,MA1AB100000001706,WO11706,Hatch Z,TRIM-1, stn-05 ,2026-03-02 17:32,ENG-1350,SUP-189,EMP109,TL-071,,Tool_71,Welding Gun,Plant-B,2026-04-11,2026-07-10,Active,98.12,Atlas Copco,SN100070
M8707,MA1AB100000001707,WO11707,Sedan X,TRIM-1,Stn-03,2026-03-02 17:33,ENG-1193,SUP-179,EMP164,TL-056,,Tool_56,Torque Wrench,Plant-C,2026-04-06,2026-07-05,Active,97.45,Atlas Copco,SN100055
M8708,MA1AB100000001708,WO11708,Hatch Z,GA-2,STN-01,2026-03-02 17:35,ENG-1224,SUP-031,EMP288,TL-046,B,Tool_46,Torque Wrench,Plant-C,2026-01-19,2026-04-19,Active,95.51,Ingersoll Rand,SN100045
M8709,MA1AB100000001709,WO11709,SUV Pro,TRIM-1,STN-01,2026-03-02 17:36,ENG-1121,SUP-060,EMP147,TL-076,A,Tool_76,Welding Gun,Plant-C,2026-02-22,2026-05-23,Maintenance,98.13,Ingersoll Rand,SN100075
M8710,MA1AB100000001710,WO11710,Sedan X,TRIM-1, stn-05 ,2026-03-02 17:37,ENG-1385,SUP-138,EMP390,TL-006,A,Tool_6,Nut Runner,Plant-B,2026-01-25,2026-04-25,Maintenance,98.24,Ingersoll Rand,SN100005
M8711,MA1AB100000001711,WO11711,Hatch Z,GA-2,Stn-03,2026-03-02 17:38,ENG-1029,SUP-020,EMP129,TL-017,,Tool_17,Torque Wrench,Plant-C,2026-01-08,2026-04-08,Maintenance,96.84,Atlas Copco,SN100016
M8712,MA1AB100000001712,WO11712,Sedan X,PAINT-1,STN-01,2026-03-02 17:40,ENG-1160,SUP-090,EMP225,TL-038,B,Tool_38,Welding Gun,Plant-B,2026-04-18,2026-07-17,Active,97.87,Ingersoll Rand,SN100037
M8713,MA1AB100000001713,WO11713,Hatch Z,TRIM-1,STN-04,2026-03-02 17:41,ENG-1336,SUP-032,EMP139,TL-010,C,Tool_10,Welding Gun,Plant-B,2026-02-07,2026-05-08,Maintenance,98.91,Atlas Copco,SN100009
M8714,MA1AB100000001714,WO11714,Hatch Z,GA-2,STN-04,2026-03-02 17:42,ENG-1361,SUP-189,EMP282,TL-029,,Tool_29,Press Tool,Plant-C,2026-04-30,2026-07-29,Maintenance,98.95,Stanley,SN100028
M8715,MA1AB100000001715,WO11715,Hatch Z,PAINT-1,STN-03,2026-03-02 17:43,ENG-1399,SUP-142,EMP249,TL-084,B,Tool_84,Torque Wrench,Plant-C,2026-02-03,2026-05-04,Out of Service,97.78,Ingersoll Rand,SN100083
M8716,MA1AB100000001716,WO11716,Hatch Z,PAINT-1,STN-03,2026-03-02 17:45,ENG-1357,SUP-139,EMP357,TL-014,A,Tool_14,Nut Runner,Plant-A,2026-02-27,2026-05-28,Maintenance,99.68,Stanley,SN100013
M8717,MA1AB100000001717,WO11717,SUV Pro,TRIM-1, stn-05 ,2026-03-02 17:46,ENG-1486,SUP-160,EMP348,TL-036,A,Tool_36,Nut Runner,Plant-B,2026-02-08,2026-05-09,Active,95.2,Stanley,SN100035
M8718,MA1AB100000001718,WO11718,Sedan X,GA-2,Stn-03,2026-03-02 17:47,ENG-1499,SUP-134,EMP218,TL-040,B,Tool_40,Welding Gun,Plant-A,2026-04-02,2026-07-01,Active,98.84,Atlas Copco,SN100039
M8719,MA1AB100000001719,WO11719,Sedan X,PAINT-1, stn-05 ,2026-03-02 17:48,ENG-1417,SUP-037,EMP118,TL-031,,Tool_31,Nut Runner,Plant-A,2026-01-31,2026-05-01,Active,97.01,Atlas Copco,SN100030
M8720,MA1AB100000001720,WO11720,Hatch Z,TRIM-1,STN-01,2026-03-02 17:50,ENG-1010,SUP-128,EMP117,TL-035,C,Tool_35,Torque Wrench,Plant-A,2026-04-06,2026-07-05,Active,95.1,Atlas Copco,SN100034
M8721,MA1AB100000001721,WO11721,Hatch Z,TRIM-1,STN-03,2026-03-02 17:51,ENG-1423,SUP-022,EMP130,TL-036,,Tool_36,Nut Runner,Plant-B,2026-02-08,2026-05-09,Active,95.2,Stanley,SN100035
M8722,MA1AB100000001722,WO11722,SUV Pro,GA-1,Stn-03,2026-03-02 17:52,ENG-1195,SUP-099,EMP327,TL-006,B,Tool_6,Nut Runner,Plant-B,2026-01-25,2026-04-25,Maintenance,98.24,Ingersoll Rand,SN100005
M8723,MA1AB100000001723,WO11723,Sedan X,TRIM-1,STN-02,2026-03-02 17:53,ENG-1337,SUP-111,EMP372,TL-007,C,Tool_7,Nut Runner,Plant-B,2026-06-11,2026-09-09,Out of Service,95.88,Stanley,SN100006
M8724,MA1AB100000001724,WO11724,Sedan X,PAINT-1,STN-01,2026-03-02 17:55,ENG-1465,SUP-156,EMP272,TL-034,B,Tool_34,Torque Wrench,Plant-A,2026-06-25,2026-09-23,Out of Service,99.85,Stanley,SN100033
M8725,MA1AB100000001725,WO11725,Sedan X,PAINT-1, stn-05 ,2026-03-02 17:56,ENG-1424,SUP-160,EMP322,TL-055,A,Tool_55,Nut Runner,Plant-A,2026-01-22,2026-04-22,Out of Service,95.5,Atlas Copco,SN100054
M8726,MA1AB100000001726,WO11726,Sedan X,TRIM-1, stn-05 ,2026-03-02 17:57,ENG-1477,SUP-174,EMP247,TL-069,,Tool_69,Torque Wrench,Plant-B,2026-01-29,2026-04-29,Active,98.16,Bosch,SN100068
M8727,MA1AB100000001727,WO11727,SUV Pro,PAINT-1,STN-02,2026-03-02 17:58,ENG-1491,SUP-098,EMP339,TL-096,B,Tool_96,Nut Runner,Plant-A,2026-04-26,2026-07-25,Active,95.35,Stanley,SN100095
M8728,MA1AB100000001728,WO11728,Sedan X,GA-1,STN-03,2026-03-02 18:00,ENG-1409,SUP-175,EMP240,TL-011,B,Tool_11,Welding Gun,Plant-B,2026-01-03,2026-04-03,Out of Service,99.43,Atlas Copco,SN100010
M8729,MA1AB100000001729,WO11729,Hatch Z,PAINT-1,STN-03,2026-03-02 18:01,ENG-1292,SUP-102,EMP119,TL-079,C,Tool_79,Press Tool,Plant-C,2026-04-14,2026-07-13,Active,96.15,Ingersoll Rand,SN100078
M8730,MA1AB100000001730,WO11730,SUV Pro,PAINT-1, stn-05 ,2026/03/02 18:02,ENG-1128,SUP-168,EMP106,TL-016,C,Tool_16,Robot Arm,Plant-B,2026-04-27,2026-07-26,Active,98.18,Atlas Copco,SN100015
M8731,MA1AB100000001731,WO11731,Hatch Z,PAINT-1,Stn-03,2026-03-02 18:03,ENG-1135,SUP-046,EMP327,TL-060,A,Tool_60,Welding Gun,Plant-B,2026-02-09,2026-05-10,Active,95.55,Atlas Copco,SN100059
M8732,MA1AB100000001732,WO11732,SUV Pro,GA-1,STN-04,2026-03-02 18:05,ENG-1018,SUP-092,EMP345,TL-082,B,Tool_82,Nut Runner,Plant-B,2026-03-18,2026-06-16,Active,95.75,Atlas Copco,SN100081
M8733,MA1AB100000001733,WO11733,SUV Pro,GA-1,STN-05,2026-03-02 18:06,ENG-1480,SUP-021,EMP241,TL-079,C,Tool_79,Press Tool,Plant-C,2026-04-14,2026-07-13,Active,96.15,Ingersoll Rand,SN100078
M8734,MA1AB100000001734,WO11734,Sedan X,TRIM-1,STN-02,2026-03-02 18:07,ENG-1132,SUP-197,EMP241,TL-034,,Tool_34,Torque Wrench,Plant-A,2026-06-25,2026-09-23,Out of Service,99.85,Stanley,SN100033
M8735,MA1AB100000001735,WO11735,Sedan X,GA-2, stn-05 ,2026-03-02 18:08,ENG-1089,SUP-038,EMP125,TL-030,A,Tool_30,Nut Runner,Plant-A,2026-02-18,2026-05-19,Out of Service,97.07,Ingersoll Rand,SN100029
M8736,MA1AB100000001736,WO11736,Hatch Z,GA-1,STN-02,2026-03-02 18:10,ENG-1350,SUP-130,EMP325,TL-075,C,Tool_75,Press Tool,Plant-C,2026-04-22,2026-07-21,Active,99.86,Ingersoll Rand,SN100074
M8737,MA1AB100000001737,WO11737,Sedan X,GA-2,STN-01,2026-03-02 18:11,ENG-1487,SUP-183,EMP232,TL-033,A,Tool_33,Welding Gun,Plant-C,2026-02-25,2026-05-26,Active,97.63,Bosch,SN100032
M8738,MA1AB100000001738,WO11738,Hatch Z,PAINT-1,STN-05,2026-03-02 18:12,ENG-1367,SUP-012,EMP220,TL-045,A,Tool_45,Welding Gun,Plant-C,2026-03-10,2026-06-08,Active,98.94,Stanley,SN100044
M8739,MA1AB100000001739,WO11739,Sedan X,TRIM-1,STN-01,2026-03-02 18:13,ENG-1261,SUP-020,EMP221,TL-027,C,Tool_27,Robot Arm,Plant-A,2026-03-13,2026-06-11,Active,95.63,Atlas Copco,SN100026
M8740,MA1AB100000001740,WO11740,Hatch Z,PAINT-1,Stn-03,2026-03-02 18:15, eng-1001 ,SUP-175,EMP312,TL-010,,Tool_10,Welding Gun,Plant-B,2026-02-07,2026-05-08,Maintenance,98.91,Atlas Copco,SN100009
M8741,MA1AB100000001741,WO11741,SUV Pro,GA-2,STN-01,2026-03-02 18:16,ENG-1167,SUP-156,EMP284,TL-043,,Tool_43,Torque Wrench,Plant-B,2026-04-28,2026-07-27,Active,96.51,Ingersoll Rand,SN100042
M8742,MA1AB100000001742,WO11742,Hatch Z,PAINT-1,STN-04,2026-03-02 18:17,ENG-1482,SUP-076,EMP115,TL-021,C,Tool_21,Press Tool,Plant-C,2026-01-09,2026-04-09,Out of Service,95.18,Atlas Copco,SN100020
M8743,MA1AB100000001743,WO11743,Sedan X,PAINT-1,STN-02,2026-03-02 18:18,ENG-1466,SUP-152,EMP113,TL-014,B,Tool_14,Nut Runner,Plant-A,2026-02-27,2026-05-28,Maintenance,99.68,Stanley,SN100013
M8744,MA1AB100000001744,WO11744,SUV Pro,PAINT-1,STN-02,2026-03-02 18:20,ENG-1193,SUP-150,EMP116,TL-085,B,Tool_85,Nut Runner,Plant-A,2026-01-29,2026-04-29,Out of Service,98.68,Stanley,SN100084
M8745,MA1AB100000001745,WO11745,SUV Pro,GA-1,STN-01,2026-03-02 18:21,ENG-1490,SUP-058,EMP389,TL-065,,Tool_65,Torque Wrench,Plant-C,2026-01-31,2026-05-01,Maintenance,97.24,Bosch,SN100064
M8746,MA1AB100000001746,WO11746,Hatch Z,GA-1,Stn-03,2026-03-02 18:22,ENG-1449,SUP-136,EMP126,TL-078,,Tool_78,Press Tool,Plant-A,2026-03-26,2026-06-24,Maintenance,99.88,Bosch,SN100077
M8747,MA1AB100000001747,WO11747,Hatch Z,TRIM-1,STN-03,2026-03-02 18:23,ENG-1137,SUP-050,EMP394,TL-038,B,Tool_38,Welding Gun,Plant-B,2026-04-18,2026-07-17,Active,97.87,Ingersoll Rand,SN100037
M8748,MA1AB100000001748,WO11748,SUV Pro,GA-2,Stn-03,2026-03-02 18:25,ENG-1393,SUP-093,EMP218,TL-059,C,Tool_59,Robot Arm,Plant-B,2026-04-15,2026-07-14,Active,95.72,Stanley,SN100058
M8749,MA1AB100000001749,WO11749,Hatch Z,GA-1, stn-05 ,2026-03-02 18:26,ENG-1123,SUP-114,EMP309,TL-047,A,Tool_47,Robot Arm,Plant-A,2026-04-17,2026-07-16,Active,99.69,Ingersoll Rand,SN100046
M8750,MA1AB100000001750,WO11750,SUV Pro,GA-1,STN-03,2026-03-02 18:27,ENG-1334,SUP-124,EMP217,TL-058,,Tool_58,Robot Arm,Plant-C,2026-04-28,2026-07-27,Active,96.6,Stanley,SN100057
M8751,MA1AB100000001751,WO11751,Sedan X,GA-2,STN-05,2026-03-02 18:28,ENG-1125,SUP-199,EMP308,TL-087,B,Tool_87,Robot Arm,Plant-B,2026-02-09,2026-05-10,Maintenance,99.98,Stanley,SN100086
M8752,MA1AB100000001752,WO11752,Hatch Z,PAINT-1,Stn-03,2026-03-02 18:30,ENG-1146,SUP-088,EMP260,TL-016,A,Tool_16,Robot Arm,Plant-B,2026-04-27,2026-07-26,Active,98.18,Atlas Copco,SN100015
M8753,MA1AB100000001753,WO11753,SUV Pro,TRIM-1,STN-05,2026-03-02 18:31,ENG-1075,SUP-148,EMP353,TL-081,B,Tool_81,Nut Runner,Plant-A,2026-06-21,2026-09-19,Maintenance,97.61,Atlas Copco,SN100080
M8754,MA1AB100000001754,WO11754,Sedan X,TRIM-1,STN-01,2026-03-02 18:32,ENG-1085,SUP-031,EMP314,TL-034,,Tool_34,Torque Wrench,Plant-A,2026-06-25,2026-09-23,Out of Service,99.85,Stanley,SN100033
M8755,MA1AB100000001755,WO11755,Hatch Z,GA-1,STN-02,2026-03-02 18:33,ENG-1445,SUP-009,EMP320,TL-004,B,Tool_4,Press Tool,Plant-A,2026-01-19,2026-04-19,Active,97.49,Bosch,SN100003
M8756,MA1AB100000001756,WO11756,Sedan X,GA-2,STN-05,2026-03-02 18:35,ENG-1443,SUP-136,EMP298,TL-055,C,Tool_55,Nut Runner,Plant-A,2026-01-22,2026-04-22,Out of Service,95.5,Atlas Copco,SN100054
M8757,MA1AB100000001757,WO11757,Sedan X,TRIM-1, stn-05 ,2026-03-02 18:36,ENG-1285,SUP-062,EMP250,TL-016,C,Tool_16,Robot Arm,Plant-B,2026-04-27,2026-07-26,Active,98.18,Atlas Copco,SN100015
M8758,MA1AB100000001758,WO11758,SUV Pro,GA-1, stn-05 ,2026-03-02 18:37,ENG-1023,SUP-019,EMP281,TL-058,,Tool_58,Robot Arm,Plant-C,2026-04-28,2026-07-27,Active,96.6,Stanley,SN100057
M8759,MA1AB100000001759,WO11759,Hatch Z,TRIM-1, stn-05 ,2026-03-02 18:38,ENG-1427,SUP-112,EMP248,TL-097,,Tool_97,Nut Runner,Plant-A,2026-04-22,2026-07-21,Active,99.35,Ingersoll Rand,SN100096
M8760,MA1AB100000001760,WO11760,Hatch Z,GA-2, stn-05 ,2026-03-02 18:40,ENG-1093,SUP-186,EMP360,TL-011,B,Tool_11,Welding Gun,Plant-B,2026-01-03,2026-04-03,Out of Service,99.43,Atlas Copco,SN100010
M8761,MA1AB100000001761,WO11761,Sedan X,PAINT-1, stn-05 ,2026-03-02 18:41,ENG-1332,SUP-117,EMP294,TL-042,,Tool_42,Welding Gun,Plant-C,2026-03-03,2026-06-01,Out of Service,97.14,Ingersoll Rand,SN100041
M8762,MA1AB100000001762,WO11762,Sedan X,PAINT-1,Stn-03,2026-03-02 18:42,ENG-1049,SUP-060,EMP252,TL-064,C,Tool_64,Press Tool,Plant-A,2026-02-03,2026-05-04,Active,98.09,Atlas Copco,SN100063
M8763,MA1AB100000001763,WO11763,Sedan X,TRIM-1,STN-03,2026-03-02 18:43,ENG-1165,SUP-099,EMP263,TL-097,B,Tool_97,Nut Runner,Plant-A,2026-04-22,2026-07-21,Active,99.35,Ingersoll Rand,SN100096
M8764,MA1AB100000001764,WO11764,Sedan X,GA-1,Stn-03,2026-03-02 18:45,ENG-1483,SUP-189,EMP207,TL-056,C,Tool_56,Torque Wrench,Plant-C,2026-04-06,2026-07-05,Active,97.45,Atlas Copco,SN100055
M8765,MA1AB100000001765,WO11765,Hatch Z,PAINT-1,STN-01,2026-03-02 18:46,ENG-1177,SUP-073,EMP184,TL-016,C,Tool_16,Robot Arm,Plant-B,2026-04-27,2026-07-26,Active,98.18,Atlas Copco,SN100015
M8766,MA1AB100000001766,WO11766,SUV Pro,TRIM-1,STN-04,2026-03-02 18:47,ENG-1114,SUP-044,EMP247,TL-034,A,Tool_34,Torque Wrench,Plant-A,2026-06-25,2026-09-23,Out of Service,99.85,Stanley,SN100033
M8767,MA1AB100000001767,WO11767,Sedan X,PAINT-1,STN-02,2026-03-02 18:48,ENG-1049,SUP-053,EMP382,TL-066,B,Tool_66,Nut Runner,Plant-A,2026-01-13,2026-04-13,Maintenance,98.63,Stanley,SN100065
M8768,MA1AB100000001768,WO11768,Sedan X,GA-1,STN-05,2026-03-02 18:50,ENG-1275,SUP-050,EMP103,TL-063,A,Tool_63,Welding Gun,Plant-B,2026-03-03,2026-06-01,Active,99.78,Ingersoll Rand,SN100062
M8769,MA1AB100000001769,WO11769,SUV Pro,GA-2,STN-03,2026-03-02 18:51,ENG-1482,SUP-147,EMP318,TL-094,,Tool_94,Press Tool,Plant-C,2026-05-10,2026-08-08,Maintenance,98.64,Stanley,SN100093
M8770,MA1AB100000001770,WO11770,Hatch Z,GA-2,Stn-03,2026-03-02 18:52,ENG-1232,SUP-076,EMP156,TL-092,A,Tool_92,Nut Runner,Plant-C,2026-06-25,2026-09-23,Active,97.7,Bosch,SN100091
M8771,MA1AB100000001771,WO11771,SUV Pro,TRIM-1,STN-04,2026-03-02 18:53,ENG-1134,SUP-023,EMP170,TL-036,A,Tool_36,Nut Runner,Plant-B,2026-02-08,2026-05-09,Active,95.2,Stanley,SN100035
M8772,MA1AB100000001772,WO11772,SUV Pro,GA-1, stn-05 ,2026-03-02 18:55,ENG-1406,SUP-057,EMP138,TL-042,B,Tool_42,Welding Gun,Plant-C,2026-03-03,2026-06-01,Out of Service,97.14,Ingersoll Rand,SN100041
M8773,MA1AB100000001773,WO11773,Hatch Z,PAINT-1,STN-03,2026-03-02 18:56,ENG-1232,SUP-162,EMP362,TL-087,A,Tool_87,Robot Arm,Plant-B,2026-02-09,2026-05-10,Maintenance,99.98,Stanley,SN100086
M8774,MA1AB100000001774,WO11774,Hatch Z,PAINT-1,STN-01,2026-03-02 18:57,ENG-1221,SUP-026,EMP366,TL-041,B,Tool_41,Robot Arm,Plant-A,2026-02-27,2026-05-28,Maintenance,97.13,Atlas Copco,SN100040
M8775,MA1AB100000001775,WO11775,Hatch Z,GA-1, stn-05 ,2026-03-02 18:58,ENG-1321,SUP-003,EMP225,TL-018,,Tool_18,Robot Arm,Plant-B,2026-06-15,2026-09-13,Out of Service,95.48,Stanley,SN100017
M8776,MA1AB100000001776,WO11776,Sedan X,GA-2,STN-03,2026-03-02 19:00,ENG-1240,,EMP177,TL-063,B,Tool_63,Welding Gun,Plant-B,2026-03-03,2026-06-01,Active,99.78,Ingersoll Rand,SN100062
M8777,MA1AB100000001777,WO11777,Hatch Z,TRIM-1,STN-03,2026-03-02 19:01,ENG-1067,SUP-051,EMP145,TL-067,B,Tool_67,Torque Wrench,Plant-A,2026-02-10,2026-05-11,Active,95.24,Bosch,SN100066
M8778,MA1AB100000001778,WO11778,Sedan X,TRIM-1,STN-01,2026-03-02 19:02,ENG-1251,SUP-143,EMP206,TL-091,B,Tool_91,Nut Runner,Plant-B,2026-03-20,2026-06-18,Active,95.45,Atlas Copco,SN100090
M8779,MA1AB100000001779,WO11779,Sedan X,TRIM-1, stn-05 ,2026-03-02 19:03,ENG-1134,SUP-158,EMP294,TL-081,B,Tool_81,Nut Runner,Plant-A,2026-06-21,2026-09-19,Maintenance,97.61,Atlas Copco,SN100080
M8780,MA1AB100000001780,WO11780,Hatch Z,PAINT-1,STN-04,2026-03-02 19:05,ENG-1271,SUP-169,EMP192,TL-039,B,Tool_39,Nut Runner,Plant-C,2026-02-15,2026-05-16,Maintenance,97.07,Ingersoll Rand,SN100038
M8781,MA1AB100000001781,WO11781,SUV Pro,TRIM-1,STN-04,2026-03-02 19:06,ENG-1407,SUP-162,EMP300,TL-077,C,Tool_77,Welding Gun,Plant-C,2026-04-12,2026-07-11,Active,98.71,Stanley,SN100076
M8782,MA1AB100000001782,WO11782,Hatch Z,TRIM-1,STN-03,2026-03-02 19:07,ENG-1049,SUP-057,EMP157,TL-097,C,Tool_97,Nut Runner,Plant-A,2026-04-22,2026-07-21,Active,99.35,Ingersoll Rand,SN100096
M8783,MA1AB100000001783,WO11783,SUV Pro,TRIM-1,STN-03,2026-03-02 19:08,ENG-1126,SUP-170,EMP317,TL-015,B,Tool_15,Robot Arm,Plant-C,2026-05-26,2026-08-24,Out of Service,97.88,Atlas Copco,SN100014
M8784,MA1AB100000001784,WO11784,SUV Pro,PAINT-1, stn-05 ,2026-03-02 19:10,ENG-1058,SUP-089,EMP303,TL-091,B,Tool_91,Nut Runner,Plant-B,2026-03-20,2026-06-18,Active,95.45,Atlas Copco,SN100090
M8785,MA1AB100000001785,WO11785,SUV Pro,TRIM-1,STN-05,2026-03-02 19:11,ENG-1210,SUP-176,EMP220,TL-004,C,Tool_4,Press Tool,Plant-A,2026-01-19,2026-04-19,Active,97.49,Bosch,SN100003
M8786,MA1AB100000001786,WO11786,SUV Pro,GA-2,Stn-03,2026-03-02 19:12,ENG-1400,SUP-105,EMP131,TL-072,C,Tool_72,Robot Arm,Plant-C,2026-05-05,2026-08-03,Maintenance,99.87,Atlas Copco,SN100071
M8787,MA1AB100000001787,WO11787,SUV Pro,PAINT-1,STN-04,2026-03-02 19:13,ENG-1200,SUP-114,EMP317,TL-052,C,Tool_52,Torque Wrench,Plant-A,2026-04-12,2026-07-11,Out of Service,99.68,Ingersoll Rand,SN100051
M8788,MA1AB100000001788,WO11788,Sedan X,PAINT-1,STN-04,2026-03-02 19:15,ENG-1372,SUP-057,EMP273,TL-082,A,Tool_82,Nut Runner,Plant-B,2026-03-18,2026-06-16,Active,95.75,Atlas Copco,SN100081
M8789,MA1AB100000001789,WO11789,SUV Pro,TRIM-1,STN-04,2026-03-02 19:16,ENG-1113,SUP-147,EMP185,TL-069,B,Tool_69,Torque Wrench,Plant-B,2026-01-29,2026-04-29,Active,98.16,Bosch,SN100068
M8790,MA1AB100000001790,WO11790,Hatch Z,GA-1,STN-05,2026-03-02 19:17,ENG-1312,SUP-085,EMP166,TL-078,A,Tool_78,Press Tool,Plant-A,2026-03-26,2026-06-24,Maintenance,99.88,Bosch,SN100077
M8791,MA1AB100000001791,WO11791,Hatch Z,GA-1,Stn-03,2026-03-02 19:18,ENG-1194,SUP-024,EMP270,TL-046,A,Tool_46,Torque Wrench,Plant-C,2026-01-19,2026-04-19,Active,95.51,Ingersoll Rand,SN100045
M8792,MA1AB100000001792,WO11792,Hatch Z,GA-1,STN-05,2026-03-02 19:20,ENG-1107,SUP-093,EMP374,TL-026,B,Tool_26,Robot Arm,Plant-A,2026-05-25,2026-08-23,Out of Service,99.11,Atlas Copco,SN100025
M8793,MA1AB100000001793,WO11793,Hatch Z,TRIM-1,Stn-03,2026-03-02 19:21,ENG-1367,SUP-059,EMP248,TL-021,C,Tool_21,Press Tool,Plant-C,2026-01-09,2026-04-09,Out of Service,95.18,Atlas Copco,SN100020
M8794,MA1AB100000001794,WO11794,SUV Pro,TRIM-1,STN-02,2026-03-02 19:22,ENG-1283,SUP-188,EMP227,TL-002,A,Tool_2,Nut Runner,Plant-A,2026-04-22,2026-07-21,Active,97.47,Bosch,SN100001
M8795,MA1AB100000001795,WO11795,Sedan X,GA-1,STN-05,2026-03-02 19:23,ENG-1203,SUP-125,EMP121,TL-021,C,Tool_21,Press Tool,Plant-C,2026-01-09,2026-04-09,Out of Service,95.18,Atlas Copco,SN100020
M8796,MA1AB100000001796,WO11796,SUV Pro,GA-1,STN-02,2026-03-02 19:25,ENG-1323,SUP-198,EMP226,TL-005,C,Tool_5,Torque Wrench,Plant-C,2026-02-02,2026-05-03,Maintenance,99.68,Ingersoll Rand,SN100004
M8797,MA1AB100000001797,WO11797,Hatch Z,GA-1,Stn-03,2026-03-02 19:26,ENG-1401,SUP-097,EMP305,TL-017,C,Tool_17,Torque Wrench,Plant-C,2026-01-08,2026-04-08,Maintenance,96.84,Atlas Copco,SN100016
M8798,MA1AB100000001798,WO11798,Sedan X,GA-1,STN-01,2026-03-02 19:27,ENG-1258,SUP-185,EMP312,TL-003,A,Tool_3,Robot Arm,Plant-C,2026-02-25,2026-05-26,Active,97.36,Atlas Copco,SN100002
M8799,MA1AB100000001799,WO11799,Hatch Z,GA-2,STN-01,2026-03-02 19:28,ENG-1376,SUP-151,EMP300,TL-025,C,Tool_25,Nut Runner,Plant-C,2026-02-19,2026-05-20,Out of Service,98.88,Atlas Copco,SN100024
M8800,MA1AB100000001800,WO11800,SUV Pro,TRIM-1,STN-05,2026-03-02 19:30,ENG-1380,SUP-006,EMP254,TL-036,,Tool_36,Nut Runner,Plant-B,2026-02-08,2026-05-09,Active,95.2,Stanley,SN100035
M8801,MA1AB100000001801,WO11801,Sedan X,GA-1,STN-03,2026-03-02 19:31,ENG-1496,SUP-168,EMP395,TL-061,,Tool_61,Nut Runner,Plant-C,2026-06-29,2026-09-27,Active,99.71,Ingersoll Rand,SN100060
M8802,MA1AB100000001802,WO11802,SUV Pro,TRIM-1,STN-01,2026-03-02 19:32,ENG-1113,SUP-105,EMP387,TL-036,,Tool_36,Nut Runner,Plant-B,2026-02-08,2026-05-09,Active,95.2,Stanley,SN100035
M8803,MA1AB100000001803,WO11803,SUV Pro,GA-2,STN-04,2026-03-02 19:33,ENG-1008,SUP-128,EMP301,TL-048,A,Tool_48,Nut Runner,Plant-B,2026-04-17,2026-07-16,Active,96.56,Stanley,SN100047
M8804,MA1AB100000001804,WO11804,SUV Pro,GA-2,STN-05,2026-03-02 19:35,ENG-1499,SUP-007,EMP303,TL-099,B,Tool_99,Welding Gun,Plant-B,2026-05-20,2026-08-18,Active,97.05,Atlas Copco,SN100098
M8805,MA1AB100000001805,WO11805,SUV Pro,PAINT-1,STN-04,2026-03-02 19:36,ENG-1288,SUP-028,EMP259,TL-043,B,Tool_43,Torque Wrench,Plant-B,2026-04-28,2026-07-27,Active,96.51,Ingersoll Rand,SN100042
M8806,MA1AB100000001806,WO11806,Hatch Z,GA-1,STN-01,2026-03-02 19:37,ENG-1287,SUP-044,EMP206,TL-063,B,Tool_63,Welding Gun,Plant-B,2026-03-03,2026-06-01,Active,99.78,Ingersoll Rand,SN100062
M8807,MA1AB100000001807,WO11807,Sedan X,GA-2,STN-04,2026-03-02 19:38,ENG-1315,SUP-122,EMP367,TL-093,B,Tool_93,Nut Runner,Plant-A,2026-03-03,2026-06-01,Out of Service,98.43,Ingersoll Rand,SN100092
M8808,MA1AB100000001808,WO11808,Sedan X,TRIM-1,STN-03,2026-03-02 19:40,ENG-1210,SUP-080,EMP272,TL-020,A,Tool_20,Robot Arm,Plant-C,2026-06-24,2026-09-22,Active,99.27,Ingersoll Rand,SN100019
M8809,MA1AB100000001809,WO11809,SUV Pro,TRIM-1,Stn-03,2026-03-02 19:41,ENG-1002,SUP-069,EMP207,TL-097,,Tool_97,Nut Runner,Plant-A,2026-04-22,2026-07-21,Active,99.35,Ingersoll Rand,SN100096
M8810,MA1AB100000001810,WO11810,Hatch Z,TRIM-1,STN-03,2026-03-02 19:42,ENG-1491,SUP-167,EMP220,TL-042,,Tool_42,Welding Gun,Plant-C,2026-03-03,2026-06-01,Out of Service,97.14,Ingersoll Rand,SN100041
M8811,MA1AB100000001811,WO11811,Hatch Z,TRIM-1,STN-05,2026-03-02 19:43,ENG-1284,SUP-190,EMP141,TL-014,,Tool_14,Nut Runner,Plant-A,2026-02-27,2026-05-28,Maintenance,99.68,Stanley,SN100013
M8812,MA1AB100000001812,WO11812,Hatch Z,GA-1,STN-04,2026-03-02 19:45,ENG-1065,SUP-194,EMP106,TL-021,A,Tool_21,Press Tool,Plant-C,2026-01-09,2026-04-09,Out of Service,95.18,Atlas Copco,SN100020
M8813,MA1AB100000001813,WO11813,Sedan X,GA-2,STN-04,2026-03-02 19:46,ENG-1445,SUP-030,EMP119,TL-055,,Tool_55,Nut Runner,Plant-A,2026-01-22,2026-04-22,Out of Service,95.5,Atlas Copco,SN100054
M8814,MA1AB100000001814,WO11814,Sedan X,TRIM-1,STN-02,2026-03-02 19:47,ENG-1383,SUP-141,EMP314,TL-052,A,Tool_52,Torque Wrench,Plant-A,2026-04-12,2026-07-11,Out of Service,99.68,Ingersoll Rand,SN100051
M8815,MA1AB100000001815,WO11815,SUV Pro,GA-1,STN-04,2026-03-02 19:48,ENG-1150,SUP-185,EMP238,TL-067,C,Tool_67,Torque Wrench,Plant-A,2026-02-10,2026-05-11,Active,95.24,Bosch,SN100066
M8816,MA1AB100000001816,WO11816,Hatch Z,PAINT-1,STN-05,2026-03-02 19:50,ENG-1332,SUP-043,EMP172,TL-038,B,Tool_38,Welding Gun,Plant-B,2026-04-18,2026-07-17,Active,97.87,Ingersoll Rand,SN100037
M8817,MA1AB100000001817,WO11817,Hatch Z,PAINT-1,STN-05,2026-03-02 19:51,ENG-1309,SUP-065,EMP341,TL-060,B,Tool_60,Welding Gun,Plant-B,2026-02-09,2026-05-10,Active,95.55,Atlas Copco,SN100059
M8818,MA1AB100000001818,WO11818,SUV Pro,GA-2,STN-02,2026-03-02 19:52,ENG-1268,SUP-184,EMP342,TL-002,C,Tool_2,Nut Runner,Plant-A,2026-04-22,2026-07-21,Active,97.47,Bosch,SN100001
M8819,MA1AB100000001819,WO11819,SUV Pro,GA-2,STN-02,2026-03-02 19:53,ENG-1240,SUP-018,EMP102,TL-040,B,Tool_40,Welding Gun,Plant-A,2026-04-02,2026-07-01,Active,98.84,Atlas Copco,SN100039
M8820,MA1AB100000001820,WO11820,Sedan X,GA-1,STN-05,2026-03-02 19:55,ENG-1234,SUP-085,EMP148,TL-008,,Tool_8,Welding Gun,Plant-A,2026-06-05,2026-09-03,Maintenance,95.49,Ingersoll Rand,SN100007
M8821,MA1AB100000001821,WO11821,Hatch Z,GA-2,STN-01,2026-03-02 19:56,ENG-1179,SUP-163,EMP386,TL-029,C,Tool_29,Press Tool,Plant-C,2026-04-30,2026-07-29,Maintenance,98.95,Stanley,SN100028
M8822,MA1AB100000001822,WO11822,Hatch Z,GA-1,STN-02,2026-03-02 19:57,ENG-1140,SUP-073,EMP318,TL-075,C,Tool_75,Press Tool,Plant-C,2026-04-22,2026-07-21,Active,99.86,Ingersoll Rand,SN100074
M8823,MA1AB100000001823,WO11823,SUV Pro,TRIM-1,STN-03,2026-03-02 19:58,ENG-1287,SUP-139,EMP203,TL-010,B,Tool_10,Welding Gun,Plant-B,2026-02-07,2026-05-08,Maintenance,98.91,Atlas Copco,SN100009
M8824,MA1AB100000001824,WO11824,Sedan X,GA-2,STN-03,2026-03-02 20:00,ENG-1091,SUP-068,EMP388,TL-014,B,Tool_14,Nut Runner,Plant-A,2026-02-27,2026-05-28,Maintenance,99.68,Stanley,SN100013
M8825,MA1AB100000001825,WO11825,Hatch Z,TRIM-1,STN-03,2026-03-02 20:01,ENG-1294,SUP-198,EMP241,TL-095,,Tool_95,Nut Runner,Plant-A,2026-06-25,2026-09-23,Active,99.37,Bosch,SN100094
M8826,MA1AB100000001826,WO11826,Sedan X,GA-2,STN-01,2026-03-02 20:02,ENG-1401,SUP-060,EMP210,TL-012,B,Tool_12,Press Tool,Plant-B,2026-05-30,2026-08-28,Out of Service,98.02,Bosch,SN100011
M8827,MA1AB100000001827,WO11827,Sedan X,GA-2,STN-04,2026-03-02 20:03,ENG-1447,SUP-001,EMP265,TL-010,A,Tool_10,Welding Gun,Plant-B,2026-02-07,2026-05-08,Maintenance,98.91,Atlas Copco,SN100009
M8828,MA1AB100000001828,WO11828,Sedan X,TRIM-1,STN-04,2026-03-02 20:05,ENG-1340,SUP-121,EMP267,TL-039,A,Tool_39,Nut Runner,Plant-C,2026-02-15,2026-05-16,Maintenance,97.07,Ingersoll Rand,SN100038
M8829,MA1AB100000001829,WO11829,Sedan X,TRIM-1,STN-04,2026-03-02 20:06,ENG-1396,SUP-099,EMP342,TL-046,C,Tool_46,Torque Wrench,Plant-C,2026-01-19,2026-04-19,Active,95.51,Ingersoll Rand,SN100045
M8830,MA1AB100000001830,WO11830,Hatch Z,PAINT-1,STN-05,2026-03-02 20:07,ENG-1040,SUP-155,EMP209,TL-022,C,Tool_22,Press Tool,Plant-C,2026-03-22,2026-06-20,Out of Service,95.43,Bosch,SN100021
M8831,MA1AB100000001831,WO11831,Hatch Z,GA-2,Stn-03,2026-03-02 20:08,ENG-1223,SUP-144,EMP326,TL-063,C,Tool_63,Welding Gun,Plant-B,2026-03-03,2026-06-01,Active,99.78,Ingersoll Rand,SN100062
M8832,MA1AB100000001832,WO11832,Hatch Z,GA-1,STN-05,2026-03-02 20:10,ENG-1460,SUP-112,EMP278,TL-023,A,Tool_23,Welding Gun,Plant-A,2026-04-29,2026-07-28,Active,95.35,Bosch,SN100022
M8833,MA1AB100000001833,WO11833,SUV Pro,TRIM-1,Stn-03,2026-03-02 20:11,ENG-1343,SUP-089,EMP317,TL-028,B,Tool_28,Press Tool,Plant-C,2026-01-25,2026-04-25,Out of Service,97.87,Ingersoll Rand,SN100027
M8834,MA1AB100000001834,WO11834,SUV Pro,PAINT-1,STN-02,2026-03-02 20:12,ENG-1477,SUP-192,EMP105,TL-026,,Tool_26,Robot Arm,Plant-A,2026-05-25,2026-08-23,Out of Service,99.11,Atlas Copco,SN100025
M8835,MA1AB100000001835,WO11835,SUV Pro,GA-2,STN-01,2026-03-02 20:13,ENG-1300,SUP-080,EMP268,TL-013,C,Tool_13,Nut Runner,Plant-B,2026-04-05,2026-07-04,Active,99.14,Bosch,SN100012
M8836,MA1AB100000001836,WO11836,SUV Pro,GA-1,STN-05,2026-03-02 20:15,ENG-1139,SUP-009,EMP240,TL-083,,Tool_83,Nut Runner,Plant-A,2026-01-22,2026-04-22,Out of Service,98.35,Bosch,SN100082
M8837,MA1AB100000001837,WO11837,SUV Pro,GA-1, stn-05 ,2026-03-02 20:16,ENG-1360,SUP-065,EMP240,TL-081,A,Tool_81,Nut Runner,Plant-A,2026-06-21,2026-09-19,Maintenance,97.61,Atlas Copco,SN100080
M8838,MA1AB100000001838,WO11838,Hatch Z,GA-1,Stn-03,2026-03-02 20:17,ENG-1367,SUP-121,EMP332,TL-063,B,Tool_63,Welding Gun,Plant-B,2026-03-03,2026-06-01,Active,99.78,Ingersoll Rand,SN100062
M8839,MA1AB100000001839,WO11839,SUV Pro,GA-1,STN-01,2026-03-02 20:18,ENG-1189,SUP-008,EMP178,TL-091,B,Tool_91,Nut Runner,Plant-B,2026-03-20,2026-06-18,Active,95.45,Atlas Copco,SN100090
M8840,MA1AB100000001840,WO11840,Sedan X,GA-1,STN-04,2026-03-02 20:20,ENG-1427,SUP-031,EMP128,TL-057,A,Tool_57,Welding Gun,Plant-A,2026-05-01,2026-07-30,Active,98.96,Bosch,SN100056
M8841,MA1AB100000001841,WO11841,SUV Pro,GA-1,Stn-03,2026-03-02 20:21,ENG-1278,SUP-072,EMP199,TL-084,A,Tool_84,Torque Wrench,Plant-C,2026-02-03,2026-05-04,Out of Service,97.78,Ingersoll Rand,SN100083
M8842,MA1AB100000001842,WO11842,SUV Pro,PAINT-1, stn-05 ,2026-03-02 20:22,ENG-1086,SUP-151,EMP287,TL-067,A,Tool_67,Torque Wrench,Plant-A,2026-02-10,2026-05-11,Active,95.24,Bosch,SN100066
M8843,MA1AB100000001843,WO11843,Hatch Z,TRIM-1,STN-04,2026-03-02 20:23,ENG-1428,SUP-171,EMP131,TL-009,B,Tool_9,Press Tool,Plant-C,2026-05-31,2026-08-29,Active,98.89,Bosch,SN100008
M8844,MA1AB100000001844,WO11844,Hatch Z,GA-2, stn-05 ,2026-03-02 20:25,ENG-1136,SUP-022,EMP188,TL-057,A,Tool_57,Welding Gun,Plant-A,2026-05-01,2026-07-30,Active,98.96,Bosch,SN100056
M8845,MA1AB100000001845,WO11845,SUV Pro,GA-2, stn-05 ,2026-03-02 20:26,ENG-1258,SUP-105,EMP188,TL-082,A,Tool_82,Nut Runner,Plant-B,2026-03-18,2026-06-16,Active,95.75,Atlas Copco,SN100081
M8846,MA1AB100000001846,WO11846,SUV Pro,PAINT-1,STN-05,2026-03-02 20:27,ENG-1179,SUP-031,EMP274,TL-060,A,Tool_60,Welding Gun,Plant-B,2026-02-09,2026-05-10,Active,95.55,Atlas Copco,SN100059
M8847,MA1AB100000001847,WO11847,Hatch Z,TRIM-1,STN-01,2026-03-02 20:28,ENG-1059,SUP-024,EMP193,TL-094,A,Tool_94,Press Tool,Plant-C,2026-05-10,2026-08-08,Maintenance,98.64,Stanley,SN100093
M8848,MA1AB100000001848,WO11848,Sedan X,PAINT-1,STN-05,2026-03-02 20:30,ENG-1320,SUP-006,EMP186,TL-999,A,Unknown Tool,Unknown Type,,,,,,,
M8849,MA1AB100000001849,WO11849,Sedan X,PAINT-1,STN-04,2026-03-02 20:31,ENG-1041,SUP-186,EMP226,TL-040,B,Tool_40,Welding Gun,Plant-A,2026-04-02,2026-07-01,Active,98.84,Atlas Copco,SN100039
M8850,MA1AB100000001850,WO11850,Hatch Z,GA-2,STN-03,2026-03-02 20:32,ENG-1027,SUP-098,EMP246,TL-023,C,Tool_23,Welding Gun,Plant-A,2026-04-29,2026-07-28,Active,95.35,Bosch,SN100022
M8851,MA1AB100000001851,WO11851,Sedan X,PAINT-1,STN-04,2026-03-02 20:33,ENG-1115,SUP-049,EMP239,TL-026,B,Tool_26,Robot Arm,Plant-A,2026-05-25,2026-08-23,Out of Service,99.11,Atlas Copco,SN100025
M8852,MA1AB100000001852,WO11852,SUV Pro,PAINT-1, stn-05 ,2026-03-02 20:35,ENG-1225,SUP-068,EMP147,TL-063,C,Tool_63,Welding Gun,Plant-B,2026-03-03,2026-06-01,Active,99.78,Ingersoll Rand,SN100062
M8853,MA1AB100000001853,WO11853,Hatch Z,PAINT-1,STN-03,2026-03-02 20:36,ENG-1395,SUP-165,EMP367,TL-058,B,Tool_58,Robot Arm,Plant-C,2026-04-28,2026-07-27,Active,96.6,Stanley,SN100057
M8854,MA1AB100000001854,WO11854,Sedan X,TRIM-1,STN-02,2026-03-02 20:37,ENG-1275,SUP-146,EMP207,TL-090,,Tool_90,Nut Runner,Plant-C,2026-05-12,2026-08-10,Out of Service,97.28,Stanley,SN100089
M8855,MA1AB100000001855,WO11855,SUV Pro,PAINT-1,STN-02,2026-03-02 20:38,ENG-1175,SUP-180,EMP357,TL-071,C,Tool_71,Welding Gun,Plant-B,2026-04-11,2026-07-10,Active,98.12,Atlas Copco,SN100070
M8856,MA1AB100000001856,WO11856,Sedan X,GA-2,STN-03,2026-03-02 20:40,ENG-1111,SUP-120,EMP233,TL-005,A,Tool_5,Torque Wrench,Plant-C,2026-02-02,2026-05-03,Maintenance,99.68,Ingersoll Rand,SN100004
M8857,MA1AB100000001857,WO11857,Hatch Z,GA-2,STN-04,2026-03-02 20:41,ENG-1071,SUP-120,EMP265,TL-048,,Tool_48,Nut Runner,Plant-B,2026-04-17,2026-07-16,Active,96.56,Stanley,SN100047
M8858,MA1AB100000001858,WO11858,Hatch Z,GA-1,STN-03,2026-03-02 20:42,ENG-1359,SUP-027,EMP283,TL-002,B,Tool_2,Nut Runner,Plant-A,2026-04-22,2026-07-21,Active,97.47,Bosch,SN100001
M8859,MA1AB100000001859,WO11859,SUV Pro,TRIM-1,STN-03,2026-03-02 20:43,ENG-1172,SUP-166,EMP151,TL-024,C,Tool_24,Robot Arm,Plant-A,2026-02-23,2026-05-24,Active,96.19,Ingersoll Rand,SN100023
M8860,MA1AB100000001860,WO11860,SUV Pro,GA-2,STN-04,2026-03-02 20:45,ENG-1279,SUP-048,EMP111,TL-057,,Tool_57,Welding Gun,Plant-A,2026-05-01,2026-07-30,Active,98.96,Bosch,SN100056
M8861,MA1AB100000001861,WO11861,Hatch Z,TRIM-1, stn-05 ,2026-03-02 20:46,ENG-1204,SUP-122,EMP224,TL-033,C,Tool_33,Welding Gun,Plant-C,2026-02-25,2026-05-26,Active,97.63,Bosch,SN100032
M8862,MA1AB100000001862,WO11862,Hatch Z,PAINT-1,STN-04,2026-03-02 20:47,ENG-1347,SUP-103,EMP253,TL-006,B,Tool_6,Nut Runner,Plant-B,2026-01-25,2026-04-25,Maintenance,98.24,Ingersoll Rand,SN100005
M8863,MA1AB100000001863,WO11863,Hatch Z,GA-1,STN-04,2026-03-02 20:48,ENG-1218,SUP-199,EMP237,TL-074,,Tool_74,Robot Arm,Plant-B,2026-01-04,2026-04-04,Active,97.63,Stanley,SN100073
M8864,MA1AB100000001864,WO11864,Hatch Z,GA-1,STN-02,2026-03-02 20:50,ENG-1262,SUP-043,EMP253,TL-077,B,Tool_77,Welding Gun,Plant-C,2026-04-12,2026-07-11,Active,98.71,Stanley,SN100076
M8865,MA1AB100000001865,WO11865,Hatch Z,GA-2,STN-02,2026-03-02 20:51,ENG-1339,SUP-086,EMP127,TL-012,C,Tool_12,Press Tool,Plant-B,2026-05-30,2026-08-28,Out of Service,98.02,Bosch,SN100011
M8866,MA1AB100000001866,WO11866,Sedan X,PAINT-1,STN-04,2026-03-02 20:52,ENG-1202,SUP-043,EMP335,TL-001,B,Tool_1,Welding Gun,Plant-A,2026-05-21,2026-08-19,Maintenance,98.97,Bosch,SN100000
M8867,MA1AB100000001867,WO11867,Sedan X,GA-2,STN-03,2026-03-02 20:53,ENG-1157,SUP-021,EMP194,TL-031,B,Tool_31,Nut Runner,Plant-A,2026-01-31,2026-05-01,Active,97.01,Atlas Copco,SN100030
M8868,MA1AB100000001868,WO11868,SUV Pro,GA-1, stn-05 ,2026-03-02 20:55,ENG-1125,SUP-040,EMP384,TL-100,C,Tool_100,Welding Gun,Plant-A,2026-04-25,2026-07-24,Maintenance,97.13,Ingersoll Rand,SN100099
M8869,MA1AB100000001869,WO11869,Sedan X,TRIM-1,STN-02,2026-03-02 20:56,ENG-1176,SUP-026,EMP341,TL-071,,Tool_71,Welding Gun,Plant-B,2026-04-11,2026-07-10,Active,98.12,Atlas Copco,SN100070
M8870,MA1AB100000001870,WO11870,Hatch Z,GA-2,STN-04,2026-03-02 20:57,ENG-1342,SUP-097,EMP337,TL-091,B,Tool_91,Nut Runner,Plant-B,2026-03-20,2026-06-18,Active,95.45,Atlas Copco,SN100090
M8871,MA1AB100000001871,WO11871,Sedan X,TRIM-1,STN-02,2026-03-02 20:58,ENG-1162,SUP-196,EMP168,TL-052,C,Tool_52,Torque Wrench,Plant-A,2026-04-12,2026-07-11,Out of Service,99.68,Ingersoll Rand,SN100051
M8872,MA1AB100000001872,WO11872,SUV Pro,TRIM-1,STN-05,2026-03-02 21:00,ENG-1201,SUP-137,EMP136,TL-045,,Tool_45,Welding Gun,Plant-C,2026-03-10,2026-06-08,Active,98.94,Stanley,SN100044
M8873,MA1AB100000001873,WO11873,Hatch Z,GA-1,STN-02,2026-03-02 21:01,ENG-1453,SUP-156,EMP191,TL-099,B,Tool_99,Welding Gun,Plant-B,2026-05-20,2026-08-18,Active,97.05,Atlas Copco,SN100098
M8874,MA1AB100000001874,WO11874,SUV Pro,PAINT-1,STN-03,2026-03-02 21:02,ENG-1256,SUP-001,EMP303,TL-010,B,Tool_10,Welding Gun,Plant-B,2026-02-07,2026-05-08,Maintenance,98.91,Atlas Copco,SN100009
M8875,MA1AB100000001875,WO11875,Sedan X,TRIM-1,STN-02,2026-03-02 21:03,ENG-1022,SUP-055,EMP254,TL-056,A,Tool_56,Torque Wrench,Plant-C,2026-04-06,2026-07-05,Active,97.45,Atlas Copco,SN100055
M8876,MA1AB100000001876,WO11876,SUV Pro,TRIM-1, stn-05 ,2026-03-02 21:05,ENG-1092,SUP-109,EMP177,TL-037,C,Tool_37,Torque Wrench,Plant-A,2026-02-12,2026-05-13,Maintenance,95.39,Bosch,SN100036
M8877,MA1AB100000001877,WO11877,SUV Pro,TRIM-1,STN-01,2026-03-02 21:06,ENG-1133,SUP-108,EMP191,TL-021,,Tool_21,Press Tool,Plant-C,2026-01-09,2026-04-09,Out of Service,95.18,Atlas Copco,SN100020
M8878,MA1AB100000001878,WO11878,Hatch Z,GA-1,STN-04,2026-03-02 21:07,ENG-1412,SUP-022,EMP277,TL-088,A,Tool_88,Welding Gun,Plant-B,2026-04-25,2026-07-24,Active,95.24,Stanley,SN100087
M8879,MA1AB100000001879,WO11879,Hatch Z,TRIM-1,Stn-03,2026-03-02 21:08,ENG-1413,SUP-004,EMP182,TL-041,B,Tool_41,Robot Arm,Plant-A,2026-02-27,2026-05-28,Maintenance,97.13,Atlas Copco,SN100040
M8880,MA1AB100000001880,WO11880,Hatch Z,TRIM-1, stn-05 ,2026-03-02 21:10,ENG-1232,SUP-003,EMP348,TL-084,,Tool_84,Torque Wrench,Plant-C,2026-02-03,2026-05-04,Out of Service,97.78,Ingersoll Rand,SN100083
M8881,MA1AB100000001881,WO11881,SUV Pro,GA-1,STN-03,2026-03-02 21:11,ENG-1217,SUP-067,EMP159,TL-078,,Tool_78,Press Tool,Plant-A,2026-03-26,2026-06-24,Maintenance,99.88,Bosch,SN100077
M8882,MA1AB100000001882,WO11882,Hatch Z,PAINT-1,Stn-03,2026-03-02 21:12,ENG-1242,SUP-183,EMP271,TL-069,C,Tool_69,Torque Wrench,Plant-B,2026-01-29,2026-04-29,Active,98.16,Bosch,SN100068
M8883,MA1AB100000001883,WO11883,Sedan X,GA-2,STN-04,2026-03-02 21:13,ENG-1272,SUP-195,EMP296,TL-087,A,Tool_87,Robot Arm,Plant-B,2026-02-09,2026-05-10,Maintenance,99.98,Stanley,SN100086
M8884,MA1AB100000001884,WO11884,Sedan X,GA-1,STN-03,2026-03-02 21:15,ENG-1485,SUP-182,EMP232,TL-026,,Tool_26,Robot Arm,Plant-A,2026-05-25,2026-08-23,Out of Service,99.11,Atlas Copco,SN100025
M8885,MA1AB100000001885,WO11885,SUV Pro,GA-1,STN-04,2026-03-02 21:16, eng-1001 ,SUP-073,EMP120,TL-016,,Tool_16,Robot Arm,Plant-B,2026-04-27,2026-07-26,Active,98.18,Atlas Copco,SN100015
M8886,MA1AB100000001886,WO11886,SUV Pro,PAINT-1,STN-01,2026-03-02 21:17,ENG-1455,SUP-154,EMP289,TL-033,,Tool_33,Welding Gun,Plant-C,2026-02-25,2026-05-26,Active,97.63,Bosch,SN100032
M8887,MA1AB100000001887,WO11887,SUV Pro,PAINT-1,Stn-03,2026-03-02 21:18,ENG-1419,SUP-007,EMP377,TL-035,B,Tool_35,Torque Wrench,Plant-A,2026-04-06,2026-07-05,Active,95.1,Atlas Copco,SN100034
M8888,MA1AB100000001888,WO11888,SUV Pro,PAINT-1,STN-04,2026-03-02 21:20,ENG-1008,SUP-115,EMP266,TL-039,A,Tool_39,Nut Runner,Plant-C,2026-02-15,2026-05-16,Maintenance,97.07,Ingersoll Rand,SN100038
M8889,MA1AB100000001889,WO11889,Hatch Z,GA-1,STN-03,2026-03-02 21:21,ENG-1374,SUP-010,EMP372,TL-095,,Tool_95,Nut Runner,Plant-A,2026-06-25,2026-09-23,Active,99.37,Bosch,SN100094
M8890,MA1AB100000001890,WO11890,Sedan X,GA-2,STN-01,2026-03-02 21:22,ENG-1273,SUP-025,EMP164,TL-094,B,Tool_94,Press Tool,Plant-C,2026-05-10,2026-08-08,Maintenance,98.64,Stanley,SN100093
M8891,MA1AB100000001891,WO11891,Hatch Z,TRIM-1,STN-04,2026-03-02 21:23,ENG-1457,SUP-071,EMP276,TL-059,B,Tool_59,Robot Arm,Plant-B,2026-04-15,2026-07-14,Active,95.72,Stanley,SN100058
M8892,MA1AB100000001892,WO11892,Hatch Z,TRIM-1,STN-01,2026-03-02 21:25,ENG-1039,SUP-084,EMP290,TL-005,B,Tool_5,Torque Wrench,Plant-C,2026-02-02,2026-05-03,Maintenance,99.68,Ingersoll Rand,SN100004
M8893,MA1AB100000001893,WO11893,Hatch Z,GA-1,STN-04,2026-03-02 21:26,ENG-1262,SUP-186,EMP140,TL-044,C,Tool_44,Press Tool,Plant-C,2026-01-16,2026-04-16,Maintenance,99.03,Bosch,SN100043
M8894,MA1AB100000001894,WO11894,SUV Pro,TRIM-1,STN-01,2026-03-02 21:27,ENG-1094,SUP-192,EMP231,TL-093,A,Tool_93,Nut Runner,Plant-A,2026-03-03,2026-06-01,Out of Service,98.43,Ingersoll Rand,SN100092
M8895,MA1AB100000001895,WO11895,SUV Pro,GA-1,Stn-03,2026-03-02 21:28,ENG-1098,SUP-147,EMP233,TL-039,B,Tool_39,Nut Runner,Plant-C,2026-02-15,2026-05-16,Maintenance,97.07,Ingersoll Rand,SN100038
M8896,MA1AB100000001896,WO11896,Hatch Z,GA-1,STN-03,2026-03-02 21:30,ENG-1293,SUP-122,EMP210,TL-098,,Tool_98,Press Tool,Plant-A,2026-06-01,2026-08-30,Active,98.11,Stanley,SN100097
M8897,MA1AB100000001897,WO11897,SUV Pro,GA-2,STN-03,2026-03-02 21:31,ENG-1256,SUP-172,EMP123,TL-078,,Tool_78,Press Tool,Plant-A,2026-03-26,2026-06-24,Maintenance,99.88,Bosch,SN100077
M8898,MA1AB100000001898,WO11898,Sedan X,PAINT-1,STN-03,2026-03-02 21:32,ENG-1002,SUP-105,EMP206,TL-003,,Tool_3,Robot Arm,Plant-C,2026-02-25,2026-05-26,Active,97.36,Atlas Copco,SN100002
M8899,MA1AB100000001899,WO11899,Hatch Z,GA-2,STN-03,2026-03-02 21:70,ENG-1136,SUP-119,EMP262,TL-013,B,Tool_13,Nut Runner,Plant-B,2026-04-05,2026-07-04,Active,99.14,Bosch,SN100012
M8900,MA1AB100000001900,WO11900,Sedan X,GA-1, stn-05 ,2026-03-02 21:35,ENG-1166,SUP-057,EMP132,TL-079,C,Tool_79,Press Tool,Plant-C,2026-04-14,2026-07-13,Active,96.15,Ingersoll Rand,SN100078
M8901,MA1AB100000001901,WO11901,Hatch Z,TRIM-1,STN-05,2026-03-02 21:36,ENG-1215,SUP-163,EMP268,TL-070,,Tool_70,Robot Arm,Plant-C,2026-04-23,2026-07-22,Maintenance,98.03,Bosch,SN100069
M8902,MA1AB100000001902,WO11902,SUV Pro,GA-1,STN-03,2026-03-02 21:37,ENG-1174,SUP-082,EMP277,TL-057,B,Tool_57,Welding Gun,Plant-A,2026-05-01,2026-07-30,Active,98.96,Bosch,SN100056
M8903,MA1AB100000001903,WO11903,SUV Pro,TRIM-1,STN-02,2026/03/02 21:38,ENG-1272,SUP-179,EMP187,TL-087,,Tool_87,Robot Arm,Plant-B,2026-02-09,2026-05-10,Maintenance,99.98,Stanley,SN100086
M8904,MA1AB100000001904,WO11904,SUV Pro,TRIM-1,STN-01,2026-03-02 21:40,ENG-1338,SUP-147,EMP140,TL-081,,Tool_81,Nut Runner,Plant-A,2026-06-21,2026-09-19,Maintenance,97.61,Atlas Copco,SN100080
M8905,MA1AB100000001905,WO11905,Hatch Z,PAINT-1,STN-01,2026-03-02 21:41,ENG-1106,SUP-192,EMP371,TL-048,C,Tool_48,Nut Runner,Plant-B,2026-04-17,2026-07-16,Active,96.56,Stanley,SN100047
M8906,MA1AB100000001906,WO11906,SUV Pro,PAINT-1,STN-04,2026-03-02 21:42,ENG-1345,SUP-120,EMP115,TL-020,B,Tool_20,Robot Arm,Plant-C,2026-06-24,2026-09-22,Active,99.27,Ingersoll Rand,SN100019
M8907,MA1AB100000001907,WO11907,Hatch Z,PAINT-1,STN-05,2026-03-02 21:43,ENG-1220,SUP-107,EMP111,TL-097,C,Tool_97,Nut Runner,Plant-A,2026-04-22,2026-07-21,Active,99.35,Ingersoll Rand,SN100096
M8908,MA1AB100000001908,WO11908,Hatch Z,TRIM-1,STN-02,2026-03-02 21:45,ENG-1192,SUP-138,EMP167,TL-049,A,Tool_49,Press Tool,Plant-A,2026-01-18,2026-04-18,Active,97.7,Atlas Copco,SN100048
M8909,MA1AB100000001909,WO11909,Sedan X,TRIM-1,STN-02,2026-03-02 21:46,ENG-1108,SUP-029,EMP392,TL-038,B,Tool_38,Welding Gun,Plant-B,2026-04-18,2026-07-17,Active,97.87,Ingersoll Rand,SN100037
M8910,MA1AB100000001910,WO11910,Sedan X,TRIM-1,STN-05,2026-03-02 21:47,ENG-1209,SUP-091,EMP211,TL-054,C,Tool_54,Press Tool,Plant-C,2026-01-18,2026-04-18,Active,99.35,Ingersoll Rand,SN100053
M8911,MA1AB100000001911,WO11911,SUV Pro,PAINT-1, stn-05 ,2026-03-02 21:48,ENG-1054,SUP-171,EMP262,TL-065,,Tool_65,Torque Wrench,Plant-C,2026-01-31,2026-05-01,Maintenance,97.24,Bosch,SN100064
M8912,MA1AB100000001912,WO11912,Sedan X,TRIM-1,STN-04,2026-03-02 21:50,ENG-1387,SUP-119,EMP246,TL-058,B,Tool_58,Robot Arm,Plant-C,2026-04-28,2026-07-27,Active,96.6,Stanley,SN100057
M8913,MA1AB100000001913,WO11913,Sedan X,TRIM-1,STN-03,2026-03-02 21:51,ENG-1001,SUP-137,EMP271,TL-098,,Tool_98,Press Tool,Plant-A,2026-06-01,2026-08-30,Active,98.11,Stanley,SN100097
M8914,MA1AB100000001914,WO11914,Hatch Z,GA-2, stn-05 ,2026-03-02 21:52,ENG-1464,SUP-026,EMP296,TL-075,,Tool_75,Press Tool,Plant-C,2026-04-22,2026-07-21,Active,99.86,Ingersoll Rand,SN100074
M8915,MA1AB100000001915,WO11915,SUV Pro,TRIM-1,STN-02,2026-03-02 21:53,ENG-1325,SUP-008,EMP214,TL-018,A,Tool_18,Robot Arm,Plant-B,2026-06-15,2026-09-13,Out of Service,95.48,Stanley,SN100017
M8916,MA1AB100000001916,WO11916,Hatch Z,TRIM-1,STN-01,2026-03-02 21:55,ENG-1166,SUP-157,EMP227,TL-022,,Tool_22,Press Tool,Plant-C,2026-03-22,2026-06-20,Out of Service,95.43,Bosch,SN100021
M8917,MA1AB100000001917,WO11917,Hatch Z,GA-1,STN-03,2026-03-02 21:56,ENG-1011,SUP-191,EMP299,TL-071,B,Tool_71,Welding Gun,Plant-B,2026-04-11,2026-07-10,Active,98.12,Atlas Copco,SN100070
M8918,MA1AB100000001918,WO11918,Sedan X,TRIM-1,STN-03,2026-03-02 21:57,ENG-1370,SUP-062,EMP189,TL-061,B,Tool_61,Nut Runner,Plant-C,2026-06-29,2026-09-27,Active,99.71,Ingersoll Rand,SN100060
M8919,MA1AB100000001919,WO11919,SUV Pro,GA-2,STN-03,2026-03-02 21:58,ENG-1033,SUP-008,EMP205,TL-074,,Tool_74,Robot Arm,Plant-B,2026-01-04,2026-04-04,Active,97.63,Stanley,SN100073
M8920,MA1AB100000001920,WO11920,SUV Pro,GA-2, stn-05 ,2026-03-02 22:00,ENG-1308,SUP-114,EMP223,TL-023,,Tool_23,Welding Gun,Plant-A,2026-04-29,2026-07-28,Active,95.35,Bosch,SN100022
M8921,MA1AB100000001921,WO11921,Hatch Z,GA-1,Stn-03,2026-03-02 22:01,ENG-1309,SUP-085,EMP181,TL-032,,Tool_32,Press Tool,Plant-A,2026-03-27,2026-06-25,Maintenance,97.67,Bosch,SN100031
M8922,MA1AB100000001922,WO11922,Hatch Z,GA-1,STN-01,2026-03-02 22:02,ENG-1383,SUP-009,EMP308,TL-067,,Tool_67,Torque Wrench,Plant-A,2026-02-10,2026-05-11,Active,95.24,Bosch,SN100066
M8923,MA1AB100000001923,WO11923,SUV Pro,GA-1,Stn-03,2026-03-02 22:03,ENG-1213,SUP-067,EMP375,TL-016,A,Tool_16,Robot Arm,Plant-B,2026-04-27,2026-07-26,Active,98.18,Atlas Copco,SN100015
M8924,MA1AB100000001924,WO11924,SUV Pro,TRIM-1,Stn-03,2026-03-02 22:05,ENG-1371,SUP-016,EMP249,TL-051,A,Tool_51,Nut Runner,Plant-C,2026-04-06,2026-07-05,Active,97.28,Bosch,SN100050
M8925,MA1AB100000001925,WO11925,SUV Pro,TRIM-1, stn-05 ,2026-03-02 22:06,ENG-1474,SUP-131,EMP325,TL-055,A,Tool_55,Nut Runner,Plant-A,2026-01-22,2026-04-22,Out of Service,95.5,Atlas Copco,SN100054
M8926,MA1AB100000001926,WO11926,Sedan X,GA-2,Stn-03,2026-03-02 22:07,ENG-1134,SUP-195,EMP396,TL-097,A,Tool_97,Nut Runner,Plant-A,2026-04-22,2026-07-21,Active,99.35,Ingersoll Rand,SN100096
M8927,MA1AB100000001927,WO11927,Hatch Z,GA-2,STN-03,2026-03-02 22:08,ENG-1211,SUP-169,EMP273,TL-019,B,Tool_19,Torque Wrench,Plant-B,2026-05-30,2026-08-28,Active,96.08,Atlas Copco,SN100018
M8928,MA1AB100000001928,WO11928,SUV Pro,GA-2,STN-03,2026-03-02 22:10,ENG-1049,SUP-085,EMP137,TL-059,,Tool_59,Robot Arm,Plant-B,2026-04-15,2026-07-14,Active,95.72,Stanley,SN100058
M8929,MA1AB100000001929,WO11929,Sedan X,PAINT-1,STN-03,2026-03-02 22:11,ENG-1151,SUP-177,EMP327,TL-043,,Tool_43,Torque Wrench,Plant-B,2026-04-28,2026-07-27,Active,96.51,Ingersoll Rand,SN100042
M8930,MA1AB100000001930,WO11930,Hatch Z,PAINT-1,STN-05,2026-03-02 22:12,ENG-1140,SUP-153,EMP118,TL-098,B,Tool_98,Press Tool,Plant-A,2026-06-01,2026-08-30,Active,98.11,Stanley,SN100097
M8931,MA1AB100000001931,WO11931,Sedan X,PAINT-1,STN-01,2026-03-02 22:13,ENG-1113,SUP-095,EMP388,TL-047,C,Tool_47,Robot Arm,Plant-A,2026-04-17,2026-07-16,Active,99.69,Ingersoll Rand,SN100046
M8932,MA1AB100000001932,WO11932,SUV Pro,GA-2,STN-05,2026-03-02 22:15,ENG-1324,SUP-079,EMP343,TL-092,,Tool_92,Nut Runner,Plant-C,2026-06-25,2026-09-23,Active,97.7,Bosch,SN100091
M8933,MA1AB100000001933,WO11933,Hatch Z,PAINT-1,STN-02,2026-03-02 22:16,ENG-1380,SUP-178,EMP165,TL-019,C,Tool_19,Torque Wrench,Plant-B,2026-05-30,2026-08-28,Active,96.08,Atlas Copco,SN100018
M8934,MA1AB100000001934,WO11934,SUV Pro,PAINT-1, stn-05 ,2026-03-02 22:17,ENG-1116,SUP-008,EMP208,TL-075,C,Tool_75,Press Tool,Plant-C,2026-04-22,2026-07-21,Active,99.86,Ingersoll Rand,SN100074
M8935,MA1AB100000001935,WO11935,Sedan X,GA-1,STN-03,2026-03-02 22:18,ENG-1186,SUP-185,EMP360,TL-096,,Tool_96,Nut Runner,Plant-A,2026-04-26,2026-07-25,Active,95.35,Stanley,SN100095
M8936,MA1AB100000001936,WO11936,SUV Pro,GA-2,STN-03,2026-03-02 22:20,ENG-1329,SUP-040,EMP356,TL-041,C,Tool_41,Robot Arm,Plant-A,2026-02-27,2026-05-28,Maintenance,97.13,Atlas Copco,SN100040
M8937,MA1AB100000001937,WO11937,SUV Pro,TRIM-1, stn-05 ,2026-03-02 22:21,ENG-1086,SUP-135,EMP346,TL-023,,Tool_23,Welding Gun,Plant-A,2026-04-29,2026-07-28,Active,95.35,Bosch,SN100022
M8938,MA1AB100000001938,WO11938,SUV Pro,GA-1, stn-05 ,2026-03-02 22:22,ENG-1484,SUP-017,EMP275,TL-029,C,Tool_29,Press Tool,Plant-C,2026-04-30,2026-07-29,Maintenance,98.95,Stanley,SN100028
M8939,MA1AB100000001939,WO11939,Sedan X,GA-2,STN-02,2026-03-02 22:23,ENG-1142,SUP-156,EMP161,TL-084,B,Tool_84,Torque Wrench,Plant-C,2026-02-03,2026-05-04,Out of Service,97.78,Ingersoll Rand,SN100083
M8940,MA1AB100000001940,WO11940,SUV Pro,TRIM-1,STN-04,2026-03-02 22:25,ENG-1291,SUP-164,EMP106,TL-096,B,Tool_96,Nut Runner,Plant-A,2026-04-26,2026-07-25,Active,95.35,Stanley,SN100095
M8941,MA1AB100000001941,WO11941,Hatch Z,GA-2,STN-03,2026-03-02 22:26,ENG-1340,SUP-009,EMP304,TL-081,A,Tool_81,Nut Runner,Plant-A,2026-06-21,2026-09-19,Maintenance,97.61,Atlas Copco,SN100080
M8942,MA1AB100000001942,WO11942,SUV Pro,GA-1,STN-03,2026-03-02 22:27,ENG-1283,SUP-137,EMP375,TL-011,A,Tool_11,Welding Gun,Plant-B,2026-01-03,2026-04-03,Out of Service,99.43,Atlas Copco,SN100010
M8943,MA1AB100000001943,WO11943,SUV Pro,GA-2,STN-02,2026-03-02 22:28,ENG-1131,SUP-190,EMP193,TL-089,B,Tool_89,Welding Gun,Plant-B,2026-06-20,2026-09-18,Out of Service,97.46,Stanley,SN100088
M8944,MA1AB100000001944,WO11944,Sedan X,TRIM-1,STN-02,2026-03-02 22:30,ENG-1020,SUP-156,EMP236,TL-071,C,Tool_71,Welding Gun,Plant-B,2026-04-11,2026-07-10,Active,98.12,Atlas Copco,SN100070
M8945,MA1AB100000001945,WO11945,Sedan X,GA-2, stn-05 ,2026-03-02 22:31,ENG-1425,SUP-017,EMP167,TL-067,C,Tool_67,Torque Wrench,Plant-A,2026-02-10,2026-05-11,Active,95.24,Bosch,SN100066
M8946,MA1AB100000001946,WO11946,Sedan X,GA-2,STN-02,2026-03-02 22:32,ENG-1124,SUP-150,EMP397,TL-062,,Tool_62,Robot Arm,Plant-A,2026-04-28,2026-07-27,Out of Service,95.44,Bosch,SN100061
M8947,MA1AB100000001947,WO11947,Sedan X,GA-1,STN-03,2026-03-02 22:33,ENG-1404,SUP-163,EMP137,TL-026,,Tool_26,Robot Arm,Plant-A,2026-05-25,2026-08-23,Out of Service,99.11,Atlas Copco,SN100025
M8948,MA1AB100000001948,WO11948,Sedan X,TRIM-1,STN-01,2026-03-02 22:35,ENG-1243,SUP-051,EMP151,TL-070,B,Tool_70,Robot Arm,Plant-C,2026-04-23,2026-07-22,Maintenance,98.03,Bosch,SN100069
M8949,MA1AB100000001949,WO11949,Hatch Z,TRIM-1,STN-03,2026-03-02 22:36,ENG-1291,SUP-003,EMP397,TL-056,A,Tool_56,Torque Wrench,Plant-C,2026-04-06,2026-07-05,Active,97.45,Atlas Copco,SN100055
M8950,MA1AB100000001950,WO11950,Hatch Z,TRIM-1,Stn-03,2026-03-02 22:37,ENG-1329,SUP-050,EMP333,TL-001,C,Tool_1,Welding Gun,Plant-A,2026-05-21,2026-08-19,Maintenance,98.97,Bosch,SN100000
M8951,MA1AB100000001951,WO11951,SUV Pro,PAINT-1,STN-04,2026-03-02 22:38,ENG-1323,SUP-046,EMP268,TL-065,,Tool_65,Torque Wrench,Plant-C,2026-01-31,2026-05-01,Maintenance,97.24,Bosch,SN100064
M8952,MA1AB100000001952,WO11952,Hatch Z,PAINT-1, stn-05 ,2026-03-02 22:40,ENG-1153,SUP-068,EMP372,TL-032,C,Tool_32,Press Tool,Plant-A,2026-03-27,2026-06-25,Maintenance,97.67,Bosch,SN100031
M8953,MA1AB100000001953,WO11953,SUV Pro,PAINT-1, stn-05 ,2026-03-02 22:41,ENG-1225,SUP-029,EMP193,TL-063,A,Tool_63,Welding Gun,Plant-B,2026-03-03,2026-06-01,Active,99.78,Ingersoll Rand,SN100062
M8954,MA1AB100000001954,WO11954,SUV Pro,TRIM-1,STN-04,2026-03-02 22:42,ENG-1083,SUP-046,EMP133,TL-098,,Tool_98,Press Tool,Plant-A,2026-06-01,2026-08-30,Active,98.11,Stanley,SN100097
M8955,MA1AB100000001955,WO11955,Hatch Z,PAINT-1,STN-01,2026-03-02 22:43,ENG-1473,SUP-114,EMP275,TL-082,B,Tool_82,Nut Runner,Plant-B,2026-03-18,2026-06-16,Active,95.75,Atlas Copco,SN100081
M8956,MA1AB100000001956,WO11956,Sedan X,GA-1,Stn-03,2026-03-02 22:45,ENG-1118,SUP-055,EMP257,TL-065,C,Tool_65,Torque Wrench,Plant-C,2026-01-31,2026-05-01,Maintenance,97.24,Bosch,SN100064
M8957,MA1AB100000001957,WO11957,SUV Pro,TRIM-1,STN-01,2026-03-02 22:46,ENG-1350,SUP-077,EMP207,TL-074,B,Tool_74,Robot Arm,Plant-B,2026-01-04,2026-04-04,Active,97.63,Stanley,SN100073
M8958,MA1AB100000001958,WO11958,SUV Pro,GA-2,STN-02,2026-03-02 22:47,ENG-1392,SUP-102,EMP187,TL-021,B,Tool_21,Press Tool,Plant-C,2026-01-09,2026-04-09,Out of Service,95.18,Atlas Copco,SN100020
M8959,MA1AB100000001959,WO11959,SUV Pro,TRIM-1, stn-05 ,2026-03-02 22:48,ENG-1304,SUP-107,EMP237,TL-030,C,Tool_30,Nut Runner,Plant-A,2026-02-18,2026-05-19,Out of Service,97.07,Ingersoll Rand,SN100029
M8960,MA1AB100000001960,WO11960,SUV Pro,PAINT-1,STN-03,2026-03-02 22:50,ENG-1074,SUP-079,EMP270,TL-094,C,Tool_94,Press Tool,Plant-C,2026-05-10,2026-08-08,Maintenance,98.64,Stanley,SN100093
M8961,MA1AB100000001961,WO11961,Hatch Z,PAINT-1,STN-04,2026-03-02 22:51,ENG-1157,SUP-109,EMP388,TL-051,,Tool_51,Nut Runner,Plant-C,2026-04-06,2026-07-05,Active,97.28,Bosch,SN100050
M8962,MA1AB100000001962,WO11962,Sedan X,TRIM-1,STN-01,2026-03-02 22:52,ENG-1495,SUP-105,EMP281,TL-083,B,Tool_83,Nut Runner,Plant-A,2026-01-22,2026-04-22,Out of Service,98.35,Bosch,SN100082
M8963,MA1AB100000001963,WO11963,SUV Pro,PAINT-1,STN-01,2026-03-02 22:53,ENG-1419,SUP-181,EMP203,TL-027,C,Tool_27,Robot Arm,Plant-A,2026-03-13,2026-06-11,Active,95.63,Atlas Copco,SN100026
M8964,MA1AB100000001964,WO11964,SUV Pro,PAINT-1,STN-01,2026-03-02 22:55,ENG-1164,SUP-110,EMP295,TL-042,B,Tool_42,Welding Gun,Plant-C,2026-03-03,2026-06-01,Out of Service,97.14,Ingersoll Rand,SN100041
M8965,MA1AB100000001965,WO11965,Sedan X,TRIM-1,Stn-03,2026-03-02 22:56,ENG-1140,SUP-028,EMP138,TL-032,B,Tool_32,Press Tool,Plant-A,2026-03-27,2026-06-25,Maintenance,97.67,Bosch,SN100031
M8966,MA1AB100000001966,WO11966,SUV Pro,TRIM-1, stn-05 ,2026-03-02 22:57,ENG-1303,SUP-121,EMP123,TL-100,,Tool_100,Welding Gun,Plant-A,2026-04-25,2026-07-24,Maintenance,97.13,Ingersoll Rand,SN100099
M8967,MA1AB100000001967,WO11967,Hatch Z,TRIM-1,STN-02,2026-03-02 22:58,ENG-1143,SUP-156,EMP292,TL-008,A,Tool_8,Welding Gun,Plant-A,2026-06-05,2026-09-03,Maintenance,95.49,Ingersoll Rand,SN100007
M8968,MA1AB100000001968,WO11968,Sedan X,PAINT-1,STN-03,2026-03-02 23:00,ENG-1275,SUP-095,EMP324,TL-037,A,Tool_37,Torque Wrench,Plant-A,2026-02-12,2026-05-13,Maintenance,95.39,Bosch,SN100036
M8969,MA1AB100000001969,WO11969,SUV Pro,GA-2, stn-05 ,2026-03-02 23:01,ENG-1037,SUP-084,EMP311,TL-020,B,Tool_20,Robot Arm,Plant-C,2026-06-24,2026-09-22,Active,99.27,Ingersoll Rand,SN100019
M8970,MA1AB100000001970,WO11970,Hatch Z,PAINT-1,STN-05,2026-03-02 23:02,ENG-1102,SUP-144,EMP145,TL-057,B,Tool_57,Welding Gun,Plant-A,2026-05-01,2026-07-30,Active,98.96,Bosch,SN100056
M8971,MA1AB100000001971,WO11971,SUV Pro,PAINT-1,STN-05,2026-03-02 23:03,ENG-1271,SUP-075,EMP111,TL-018,A,Tool_18,Robot Arm,Plant-B,2026-06-15,2026-09-13,Out of Service,95.48,Stanley,SN100017
M8972,MA1AB100000001972,WO11972,Hatch Z,PAINT-1,Stn-03,2026-03-02 23:05,ENG-1184,SUP-198,EMP328,TL-096,B,Tool_96,Nut Runner,Plant-A,2026-04-26,2026-07-25,Active,95.35,Stanley,SN100095
M8973,MA1AB100000001973,WO11973,Sedan X,PAINT-1,STN-04,2026-03-02 23:06,ENG-1116,SUP-118,EMP285,TL-043,B,Tool_43,Torque Wrench,Plant-B,2026-04-28,2026-07-27,Active,96.51,Ingersoll Rand,SN100042
M8974,MA1AB100000001974,WO11974,Hatch Z,PAINT-1,STN-03,2026-03-02 23:07,ENG-1309,SUP-192,EMP111,TL-018,A,Tool_18,Robot Arm,Plant-B,2026-06-15,2026-09-13,Out of Service,95.48,Stanley,SN100017
M8975,MA1AB100000001975,WO11975,Hatch Z,TRIM-1,STN-04,2026-03-02 23:08,ENG-1202,SUP-125,EMP124,TL-068,A,Tool_68,Press Tool,Plant-A,2026-04-15,2026-07-14,Active,97.42,Bosch,SN100067
M8976,MA1AB100000001976,WO11976,Hatch Z,PAINT-1,STN-01,2026-03-02 23:10,ENG-1289,SUP-112,EMP116,TL-065,C,Tool_65,Torque Wrench,Plant-C,2026-01-31,2026-05-01,Maintenance,97.24,Bosch,SN100064
M8977,MA1AB100000001977,WO11977,Hatch Z,TRIM-1,STN-03,2026-03-02 23:11,ENG-1294,SUP-086,EMP134,TL-095,A,Tool_95,Nut Runner,Plant-A,2026-06-25,2026-09-23,Active,99.37,Bosch,SN100094
M8978,MA1AB100000001978,WO11978,Hatch Z,GA-1,STN-05,2026-03-02 23:12,ENG-1399,SUP-029,EMP372,TL-021,A,Tool_21,Press Tool,Plant-C,2026-01-09,2026-04-09,Out of Service,95.18,Atlas Copco,SN100020
M8979,MA1AB100000001979,WO11979,Hatch Z,TRIM-1,STN-05,2026-03-02 23:13,ENG-1332,SUP-049,EMP137,TL-099,,Tool_99,Welding Gun,Plant-B,2026-05-20,2026-08-18,Active,97.05,Atlas Copco,SN100098
M8980,MA1AB100000001980,WO11980,SUV Pro,TRIM-1,STN-04,2026-03-02 23:15,ENG-1455,SUP-190,EMP177,TL-084,C,Tool_84,Torque Wrench,Plant-C,2026-02-03,2026-05-04,Out of Service,97.78,Ingersoll Rand,SN100083
M8981,MA1AB100000001981,WO11981,Sedan X,GA-2, stn-05 ,2026-03-02 23:16,ENG-1294,SUP-087,EMP332,TL-068,,Tool_68,Press Tool,Plant-A,2026-04-15,2026-07-14,Active,97.42,Bosch,SN100067
M8982,MA1AB100000001982,WO11982,Sedan X,TRIM-1,STN-05,2026-03-02 23:17,ENG-1150,SUP-002,EMP299,TL-003,A,Tool_3,Robot Arm,Plant-C,2026-02-25,2026-05-26,Active,97.36,Atlas Copco,SN100002
M8983,MA1AB100000001983,WO11983,Sedan X,PAINT-1,STN-04,2026-03-02 23:18,ENG-1077,SUP-067,EMP214,TL-075,C,Tool_75,Press Tool,Plant-C,2026-04-22,2026-07-21,Active,99.86,Ingersoll Rand,SN100074
M8984,MA1AB100000001984,WO11984,Hatch Z,TRIM-1, stn-05 ,2026-03-02 23:20,ENG-1340,SUP-052,EMP394,TL-046,B,Tool_46,Torque Wrench,Plant-C,2026-01-19,2026-04-19,Active,95.51,Ingersoll Rand,SN100045
M8985,MA1AB100000001985,WO11985,Sedan X,GA-2,STN-02,2026-03-02 23:21,ENG-1157,SUP-047,EMP151,TL-004,A,Tool_4,Press Tool,Plant-A,2026-01-19,2026-04-19,Active,97.49,Bosch,SN100003
M8986,MA1AB100000001986,WO11986,Sedan X,PAINT-1,STN-01,2026-03-02 23:22,ENG-1167,SUP-081,EMP217,TL-085,B,Tool_85,Nut Runner,Plant-A,2026-01-29,2026-04-29,Out of Service,98.68,Stanley,SN100084
M8987,MA1AB100000001987,WO11987,Sedan X,PAINT-1,STN-02,2026-03-02 23:23,ENG-1217,SUP-070,EMP219,TL-028,C,Tool_28,Press Tool,Plant-C,2026-01-25,2026-04-25,Out of Service,97.87,Ingersoll Rand,SN100027
M8988,MA1AB100000001988,WO11988,Sedan X,GA-2,STN-04,2026-03-02 23:25,ENG-1063,SUP-097,EMP113,TL-057,B,Tool_57,Welding Gun,Plant-A,2026-05-01,2026-07-30,Active,98.96,Bosch,SN100056
M8989,MA1AB100000001989,WO11989,SUV Pro,GA-1,STN-04,2026-03-02 23:26,ENG-1224,SUP-103,EMP201,TL-027,,Tool_27,Robot Arm,Plant-A,2026-03-13,2026-06-11,Active,95.63,Atlas Copco,SN100026
M8990,MA1AB100000001990,WO11990,Hatch Z,GA-1,STN-01,2026-03-02 23:27,ENG-1496,SUP-045,EMP359,TL-075,A,Tool_75,Press Tool,Plant-C,2026-04-22,2026-07-21,Active,99.86,Ingersoll Rand,SN100074
M8991,MA1AB100000001991,WO11991,Sedan X,GA-2,STN-01,2026-03-02 23:28,ENG-1481,SUP-126,EMP283,TL-096,C,Tool_96,Nut Runner,Plant-A,2026-04-26,2026-07-25,Active,95.35,Stanley,SN100095
M8992,MA1AB100000001992,WO11992,SUV Pro,GA-2,STN-02,2026-03-02 23:30,ENG-1046,SUP-130,EMP284,TL-062,C,Tool_62,Robot Arm,Plant-A,2026-04-28,2026-07-27,Out of Service,95.44,Bosch,SN100061
M8993,MA1AB100000001993,WO11993,Hatch Z,GA-1,STN-04,2026-03-02 23:31,ENG-1008,SUP-002,EMP294,TL-054,,Tool_54,Press Tool,Plant-C,2026-01-18,2026-04-18,Active,99.35,Ingersoll Rand,SN100053
M8994,MA1AB100000001994,WO11994,Sedan X,PAINT-1,STN-03,2026-03-02 23:32,ENG-1484,SUP-080,EMP133,TL-056,C,Tool_56,Torque Wrench,Plant-C,2026-04-06,2026-07-05,Active,97.45,Atlas Copco,SN100055
M8995,MA1AB100000001995,WO11995,Sedan X,GA-1, stn-05 ,2026-03-02 23:33,ENG-1329,SUP-100,EMP341,TL-003,C,Tool_3,Robot Arm,Plant-C,2026-02-25,2026-05-26,Active,97.36,Atlas Copco,SN100002
M8996,MA1AB100000001996,WO11996,Hatch Z,PAINT-1,STN-01,2026-03-02 23:35,ENG-1072,SUP-064,EMP190,TL-073,A,Tool_73,Welding Gun,Plant-C,2026-03-17,2026-06-15,Active,96.96,Ingersoll Rand,SN100072
M8997,MA1AB100000001997,WO11997,Sedan X,GA-2,STN-02,2026-03-02 23:36,ENG-1355,SUP-121,EMP119,TL-008,B,Tool_8,Welding Gun,Plant-A,2026-06-05,2026-09-03,Maintenance,95.49,Ingersoll Rand,SN100007
M8998,XX1 2 3 4,WO11998,Hatch Z,PAINT-1,STN-03,2026-03-02 23:37,ENG-1316,,EMP312,TL-021,,Tool_21,Press Tool,Plant-C,2026-01-09,2026-04-09,Out of Service,95.18,Atlas Copco,SN100020
M8999,MA1AB100000001999,WO11999,Sedan X,GA-2,STN-05,2026-03-02 23:38,ENG-1494,SUP-039,EMP192,TL-047,A,Tool_47,Robot Arm,Plant-A,2026-04-17,2026-07-16,Active,99.69,Ingersoll Rand,SN100046
M9000,MA1AB100000002000,WO12000,Sedan X,GA-1,STN-04,2026-03-02 23:40,ENG-1104,SUP-079,EMP306,TL-081,C,Tool_81,Nut Runner,Plant-A,2026-06-21,2026-09-19,Maintenance,97.61,Atlas Copco,SN100080
M9001,MA1AB100000002001,WO12001,SUV Pro,PAINT-1,STN-01,2026-03-02 23:41,ENG-1401,SUP-007,EMP269,TL-004,,Tool_4,Press Tool,Plant-A,2026-01-19,2026-04-19,Active,97.49,Bosch,SN100003
M9002,MA1AB100000002002,WO12002,Sedan X,GA-2,STN-04,2026-03-02 23:42,ENG-1023,SUP-139,EMP293,TL-098,B,Tool_98,Press Tool,Plant-A,2026-06-01,2026-08-30,Active,98.11,Stanley,SN100097
M9003,MA1AB100000002003,WO12003,Sedan X,GA-1,STN-01,2026-03-02 23:43,ENG-1178,SUP-058,EMP147,TL-054,A,Tool_54,Press Tool,Plant-C,2026-01-18,2026-04-18,Active,99.35,Ingersoll Rand,SN100053
M9004,MA1AB100000002004,WO12004,Sedan X,TRIM-1,STN-04,2026-03-02 23:45,ENG-1212,SUP-138,EMP325,TL-018,A,Tool_18,Robot Arm,Plant-B,2026-06-15,2026-09-13,Out of Service,95.48,Stanley,SN100017
M9005,MA1AB100000002005,WO12005,SUV Pro,TRIM-1,STN-04,2026-03-02 23:46,ENG-1460,SUP-066,EMP165,TL-042,C,Tool_42,Welding Gun,Plant-C,2026-03-03,2026-06-01,Out of Service,97.14,Ingersoll Rand,SN100041
M9006,MA1AB100000002006,WO12006,Hatch Z,GA-1,STN-04,2026-03-02 23:47,ENG-1252,SUP-192,EMP392,TL-026,B,Tool_26,Robot Arm,Plant-A,2026-05-25,2026-08-23,Out of Service,99.11,Atlas Copco,SN100025
M9007,MA1AB100000002007,WO12007,Sedan X,GA-2,Stn-03,2026-03-02 23:48,ENG-1482,SUP-037,EMP215,TL-085,A,Tool_85,Nut Runner,Plant-A,2026-01-29,2026-04-29,Out of Service,98.68,Stanley,SN100084
M9008,MA1AB100000002008,WO12008,Hatch Z,GA-1, stn-05 ,2026-03-02 23:50,ENG-1206,SUP-073,EMP153,TL-032,B,Tool_32,Press Tool,Plant-A,2026-03-27,2026-06-25,Maintenance,97.67,Bosch,SN100031
M9009,MA1AB100000002009,WO12009,SUV Pro,GA-2, stn-05 ,2026-03-02 23:51,ENG-1337,SUP-078,EMP268,TL-091,,Tool_91,Nut Runner,Plant-B,2026-03-20,2026-06-18,Active,95.45,Atlas Copco,SN100090
M9010,MA1AB100000002010,WO12010,Hatch Z,PAINT-1,Stn-03,2026-03-02 23:52,ENG-1460,SUP-034,EMP267,TL-055,C,Tool_55,Nut Runner,Plant-A,2026-01-22,2026-04-22,Out of Service,95.5,Atlas Copco,SN100054
M9011,MA1AB100000002011,WO12011,Hatch Z,GA-2,STN-05,2026-03-02 23:53,ENG-1377,SUP-009,EMP297,TL-081,A,Tool_81,Nut Runner,Plant-A,2026-06-21,2026-09-19,Maintenance,97.61,Atlas Copco,SN100080
M9012,MA1AB100000002012,WO12012,Sedan X,GA-2,STN-01,2026-03-02 23:55,ENG-1073,SUP-163,EMP117,TL-031,B,Tool_31,Nut Runner,Plant-A,2026-01-31,2026-05-01,Active,97.01,Atlas Copco,SN100030
M9013,MA1AB100000002013,WO12013,SUV Pro,PAINT-1,STN-01,2026-03-02 23:56,ENG-1292,SUP-124,EMP347,TL-045,B,Tool_45,Welding Gun,Plant-C,2026-03-10,2026-06-08,Active,98.94,Stanley,SN100044
M9014,MA1AB100000002014,WO12014,Hatch Z,TRIM-1,STN-04,2026-03-02 23:57,ENG-1109,SUP-117,EMP234,TL-070,,Tool_70,Robot Arm,Plant-C,2026-04-23,2026-07-22,Maintenance,98.03,Bosch,SN100069
M9015,MA1AB100000002015,WO12015,Sedan X,PAINT-1, stn-05 ,2026-03-02 23:58,ENG-1393,SUP-132,EMP272,TL-044,B,Tool_44,Press Tool,Plant-C,2026-01-16,2026-04-16,Maintenance,99.03,Bosch,SN100043
M9016,MA1AB100000002016,WO12016,SUV Pro,PAINT-1,Stn-03,2026-03-03 00:00,ENG-1446,SUP-125,EMP381,TL-059,A,Tool_59,Robot Arm,Plant-B,2026-04-15,2026-07-14,Active,95.72,Stanley,SN100058
M9017,MA1AB100000002017,WO12017,Hatch Z,PAINT-1,Stn-03,2026-03-03 00:01,ENG-1265,SUP-068,EMP132,TL-999,C,Unknown Tool,Unknown Type,,,,,,,
M9018,MA1AB100000002018,WO12018,SUV Pro,GA-1,STN-05,2026-03-03 00:02,ENG-1064,SUP-025,EMP216,TL-059,A,Tool_59,Robot Arm,Plant-B,2026-04-15,2026-07-14,Active,95.72,Stanley,SN100058
M9019,MA1AB100000002019,WO12019,Sedan X,PAINT-1,STN-02,2026-03-03 00:03,ENG-1447,SUP-089,EMP257,TL-058,,Tool_58,Robot Arm,Plant-C,2026-04-28,2026-07-27,Active,96.6,Stanley,SN100057
M9020,MA1AB100000002020,WO12020,Hatch Z,GA-1,Stn-03,2026-03-03 00:05,ENG-1497,SUP-130,EMP193,TL-051,B,Tool_51,Nut Runner,Plant-C,2026-04-06,2026-07-05,Active,97.28,Bosch,SN100050
M9021,MA1AB100000002021,WO12021,Sedan X,GA-2,Stn-03,2026-03-03 00:06,ENG-1008,SUP-051,EMP281,TL-068,B,Tool_68,Press Tool,Plant-A,2026-04-15,2026-07-14,Active,97.42,Bosch,SN100067
M9022,MA1AB100000002022,WO12022,Hatch Z,GA-1,Stn-03,2026-03-03 00:07,ENG-1272,SUP-093,EMP376,TL-030,B,Tool_30,Nut Runner,Plant-A,2026-02-18,2026-05-19,Out of Service,97.07,Ingersoll Rand,SN100029
M9023,MA1AB100000002023,WO12023,SUV Pro,GA-2,STN-01,2026-03-03 00:08,ENG-1348,SUP-043,EMP215,TL-097,B,Tool_97,Nut Runner,Plant-A,2026-04-22,2026-07-21,Active,99.35,Ingersoll Rand,SN100096
M9024,MA1AB100000002024,WO12024,Hatch Z,TRIM-1,Stn-03,2026-03-03 00:10,ENG-1103,SUP-072,EMP125,TL-052,C,Tool_52,Torque Wrench,Plant-A,2026-04-12,2026-07-11,Out of Service,99.68,Ingersoll Rand,SN100051
M9025,MA1AB100000002025,WO12025,SUV Pro,TRIM-1,STN-04,2026-03-03 00:11,ENG-1239,SUP-083,EMP169,TL-093,C,Tool_93,Nut Runner,Plant-A,2026-03-03,2026-06-01,Out of Service,98.43,Ingersoll Rand,SN100092
M9026,MA1AB100000002026,WO12026,Sedan X,GA-1,STN-03,2026-03-03 00:12,ENG-1362,SUP-143,EMP259,TL-027,A,Tool_27,Robot Arm,Plant-A,2026-03-13,2026-06-11,Active,95.63,Atlas Copco,SN100026
M9027,MA1AB100000002027,WO12027,Sedan X,TRIM-1,STN-02,2026-03-03 00:13,ENG-1073,SUP-124,EMP182,TL-098,B,Tool_98,Press Tool,Plant-A,2026-06-01,2026-08-30,Active,98.11,Stanley,SN100097
M9028,MA1AB100000002028,WO12028,SUV Pro,GA-2, stn-05 ,2026-03-03 00:15,ENG-1214,SUP-101,EMP199,TL-032,C,Tool_32,Press Tool,Plant-A,2026-03-27,2026-06-25,Maintenance,97.67,Bosch,SN100031
M9029,MA1AB100000002029,WO12029,Sedan X,GA-2,STN-03,2026-03-03 00:16,ENG-1071,SUP-103,EMP163,TL-093,B,Tool_93,Nut Runner,Plant-A,2026-03-03,2026-06-01,Out of Service,98.43,Ingersoll Rand,SN100092
M9030,MA1AB100000002030,WO12030,Sedan X,TRIM-1,STN-02,2026-03-03 00:17, eng-1001 ,SUP-173,EMP241,TL-098,C,Tool_98,Press Tool,Plant-A,2026-06-01,2026-08-30,Active,98.11,Stanley,SN100097
M9031,MA1AB100000002031,WO12031,Sedan X,GA-1,STN-05,2026-03-03 00:18,ENG-1159,SUP-135,EMP152,TL-099,,Tool_99,Welding Gun,Plant-B,2026-05-20,2026-08-18,Active,97.05,Atlas Copco,SN100098
M9032,MA1AB100000002032,WO12032,Sedan X,TRIM-1,STN-03,2026-03-03 00:20,ENG-1420,SUP-032,EMP377,TL-096,,Tool_96,Nut Runner,Plant-A,2026-04-26,2026-07-25,Active,95.35,Stanley,SN100095
M9033,MA1AB100000002033,WO12033,Sedan X,GA-1,Stn-03,2026-03-03 00:21,ENG-1466,SUP-185,EMP274,TL-035,A,Tool_35,Torque Wrench,Plant-A,2026-04-06,2026-07-05,Active,95.1,Atlas Copco,SN100034
M9034,MA1AB100000002034,WO12034,SUV Pro,PAINT-1,STN-01,2026-03-03 00:22,ENG-1320,SUP-120,EMP318,TL-075,B,Tool_75,Press Tool,Plant-C,2026-04-22,2026-07-21,Active,99.86,Ingersoll Rand,SN100074
M9035,MA1AB100000002035,WO12035,Hatch Z,TRIM-1,Stn-03,2026-03-03 00:23,ENG-1149,SUP-058,EMP367,TL-014,A,Tool_14,Nut Runner,Plant-A,2026-02-27,2026-05-28,Maintenance,99.68,Stanley,SN100013
M9036,MA1AB100000002036,WO12036,Hatch Z,PAINT-1,STN-02,2026-03-03 00:25,ENG-1445,SUP-171,EMP353,TL-090,,Tool_90,Nut Runner,Plant-C,2026-05-12,2026-08-10,Out of Service,97.28,Stanley,SN100089
M9037,MA1AB100000002037,WO12037,SUV Pro,GA-1, stn-05 ,2026-03-03 00:26,ENG-1053,SUP-198,EMP243,TL-093,C,Tool_93,Nut Runner,Plant-A,2026-03-03,2026-06-01,Out of Service,98.43,Ingersoll Rand,SN100092
M9038,MA1AB100000002038,WO12038,SUV Pro,PAINT-1,STN-04,2026-03-03 00:27,ENG-1341,SUP-065,EMP282,TL-011,A,Tool_11,Welding Gun,Plant-B,2026-01-03,2026-04-03,Out of Service,99.43,Atlas Copco,SN100010
M9039,MA1AB100000002039,WO12039,Sedan X,TRIM-1,STN-02,2026-03-03 00:28,ENG-1299,SUP-127,EMP213,TL-076,,Tool_76,Welding Gun,Plant-C,2026-02-22,2026-05-23,Maintenance,98.13,Ingersoll Rand,SN100075
M9040,MA1AB100000002040,WO12040,Hatch Z,PAINT-1,STN-01,2026-03-03 00:30,ENG-1399,SUP-182,EMP349,TL-072,,Tool_72,Robot Arm,Plant-C,2026-05-05,2026-08-03,Maintenance,99.87,Atlas Copco,SN100071
M9041,MA1AB100000002041,WO12041,Hatch Z,TRIM-1,STN-01,2026-03-03 00:31,ENG-1308,SUP-028,EMP150,TL-074,A,Tool_74,Robot Arm,Plant-B,2026-01-04,2026-04-04,Active,97.63,Stanley,SN100073
M9042,MA1AB100000002042,WO12042,Sedan X,GA-2,STN-03,2026-03-03 00:32,ENG-1297,SUP-173,EMP315,TL-051,A,Tool_51,Nut Runner,Plant-C,2026-04-06,2026-07-05,Active,97.28,Bosch,SN100050
M9043,MA1AB100000002043,WO12043,SUV Pro,TRIM-1,Stn-03,2026-03-03 00:33,ENG-1235,SUP-147,EMP367,TL-005,,Tool_5,Torque Wrench,Plant-C,2026-02-02,2026-05-03,Maintenance,99.68,Ingersoll Rand,SN100004
M9044,MA1AB100000002044,WO12044,Hatch Z,TRIM-1, stn-05 ,2026-03-03 00:35,ENG-1464,SUP-007,EMP210,TL-073,B,Tool_73,Welding Gun,Plant-C,2026-03-17,2026-06-15,Active,96.96,Ingersoll Rand,SN100072
M9045,MA1AB100000002045,WO12045,Sedan X,PAINT-1,STN-01,2026-03-03 00:36,ENG-1149,SUP-106,EMP114,TL-094,,Tool_94,Press Tool,Plant-C,2026-05-10,2026-08-08,Maintenance,98.64,Stanley,SN100093
M9046,MA1AB100000002046,WO12046,SUV Pro,PAINT-1,Stn-03,2026-03-03 00:37,ENG-1349,SUP-089,EMP280,TL-032,C,Tool_32,Press Tool,Plant-A,2026-03-27,2026-06-25,Maintenance,97.67,Bosch,SN100031
M9047,MA1AB100000002047,WO12047,SUV Pro,GA-1,STN-03,2026-03-03 00:38,ENG-1234,SUP-179,EMP234,TL-099,B,Tool_99,Welding Gun,Plant-B,2026-05-20,2026-08-18,Active,97.05,Atlas Copco,SN100098
M9048,MA1AB100000002048,WO12048,Sedan X,PAINT-1, stn-05 ,2026-03-03 00:40,ENG-1205,SUP-193,EMP278,TL-100,B,Tool_100,Welding Gun,Plant-A,2026-04-25,2026-07-24,Maintenance,97.13,Ingersoll Rand,SN100099
M9049,MA1AB100000002049,WO12049,SUV Pro,GA-1,STN-03,2026-03-03 00:41,ENG-1180,SUP-158,EMP375,TL-095,B,Tool_95,Nut Runner,Plant-A,2026-06-25,2026-09-23,Active,99.37,Bosch,SN100094
M9050,MA1AB100000002050,WO12050,SUV Pro,PAINT-1,STN-01,2026-03-03 00:42,ENG-1468,SUP-185,EMP146,TL-082,,Tool_82,Nut Runner,Plant-B,2026-03-18,2026-06-16,Active,95.75,Atlas Copco,SN100081
M9051,MA1AB100000002051,WO12051,SUV Pro,TRIM-1, stn-05 ,2026-03-03 00:43,ENG-1095,SUP-194,EMP295,TL-026,C,Tool_26,Robot Arm,Plant-A,2026-05-25,2026-08-23,Out of Service,99.11,Atlas Copco,SN100025
M9052,MA1AB100000002052,WO12052,Hatch Z,TRIM-1,STN-03,2026-03-03 00:45,ENG-1172,SUP-113,EMP285,TL-097,B,Tool_97,Nut Runner,Plant-A,2026-04-22,2026-07-21,Active,99.35,Ingersoll Rand,SN100096
M9053,MA1AB100000002053,WO12053,Sedan X,PAINT-1,STN-01,2026-03-03 00:46,ENG-1057,SUP-049,EMP397,TL-040,C,Tool_40,Welding Gun,Plant-A,2026-04-02,2026-07-01,Active,98.84,Atlas Copco,SN100039
M9054,MA1AB100000002054,WO12054,Hatch Z,GA-2,STN-04,2026-03-03 00:47,ENG-1316,SUP-179,EMP138,TL-026,A,Tool_26,Robot Arm,Plant-A,2026-05-25,2026-08-23,Out of Service,99.11,Atlas Copco,SN100025
M9055,MA1AB100000002055,WO12055,Sedan X,TRIM-1,Stn-03,2026-03-03 00:48,ENG-1134,SUP-038,EMP274,TL-069,C,Tool_69,Torque Wrench,Plant-B,2026-01-29,2026-04-29,Active,98.16,Bosch,SN100068
M9056,MA1AB100000002056,WO12056,SUV Pro,GA-2,STN-04,2026-03-03 00:50,ENG-1053,SUP-189,EMP250,TL-079,A,Tool_79,Press Tool,Plant-C,2026-04-14,2026-07-13,Active,96.15,Ingersoll Rand,SN100078
M9057,MA1AB100000002057,WO12057,SUV Pro,GA-2,STN-04,2026-03-03 00:51,ENG-1422,SUP-011,EMP225,TL-071,B,Tool_71,Welding Gun,Plant-B,2026-04-11,2026-07-10,Active,98.12,Atlas Copco,SN100070
M9058,MA1AB100000002058,WO12058,Hatch Z,PAINT-1,STN-01,2026-03-03 00:52,ENG-1253,SUP-058,EMP212,TL-032,B,Tool_32,Press Tool,Plant-A,2026-03-27,2026-06-25,Maintenance,97.67,Bosch,SN100031
M9059,MA1AB100000002059,WO12059,SUV Pro,GA-2,STN-02,2026-03-03 00:53,ENG-1006,SUP-076,EMP224,TL-003,,Tool_3,Robot Arm,Plant-C,2026-02-25,2026-05-26,Active,97.36,Atlas Copco,SN100002
M9060,MA1AB100000002060,WO12060,SUV Pro,TRIM-1,STN-05,2026-03-03 00:55,ENG-1282,SUP-146,EMP198,TL-053,B,Tool_53,Nut Runner,Plant-A,2026-02-27,2026-05-28,Out of Service,96.41,Stanley,SN100052
M9061,MA1AB100000002061,WO12061,Hatch Z,TRIM-1, stn-05 ,2026-03-03 00:56,ENG-1294,SUP-100,EMP233,TL-091,C,Tool_91,Nut Runner,Plant-B,2026-03-20,2026-06-18,Active,95.45,Atlas Copco,SN100090
M9062,MA1AB100000002062,WO12062,SUV Pro,TRIM-1,STN-03,2026-03-03 00:57,ENG-1186,SUP-061,EMP263,TL-070,C,Tool_70,Robot Arm,Plant-C,2026-04-23,2026-07-22,Maintenance,98.03,Bosch,SN100069
M9063,MA1AB100000002063,WO12063,Sedan X,GA-2,STN-03,2026-03-03 00:58,ENG-1440,SUP-180,EMP226,TL-069,B,Tool_69,Torque Wrench,Plant-B,2026-01-29,2026-04-29,Active,98.16,Bosch,SN100068
M9064,MA1AB100000002064,WO12064,Sedan X,TRIM-1,STN-05,2026-03-03 01:00,ENG-1160,SUP-027,EMP216,TL-093,C,Tool_93,Nut Runner,Plant-A,2026-03-03,2026-06-01,Out of Service,98.43,Ingersoll Rand,SN100092
M9065,MA1AB100000002065,WO12065,Hatch Z,GA-2,STN-04,2026-03-03 01:01,ENG-1137,SUP-148,EMP127,TL-059,,Tool_59,Robot Arm,Plant-B,2026-04-15,2026-07-14,Active,95.72,Stanley,SN100058
M9066,MA1AB100000002066,WO12066,SUV Pro,TRIM-1,STN-01,2026-03-03 01:02,ENG-1488,SUP-044,EMP111,TL-072,,Tool_72,Robot Arm,Plant-C,2026-05-05,2026-08-03,Maintenance,99.87,Atlas Copco,SN100071
M9067,MA1AB100000002067,WO12067,Hatch Z,GA-1,STN-03,2026-03-03 01:03,ENG-1244,SUP-181,EMP175,TL-009,C,Tool_9,Press Tool,Plant-C,2026-05-31,2026-08-29,Active,98.89,Bosch,SN100008
M9068,MA1AB100000002068,WO12068,Sedan X,PAINT-1,STN-05,2026-03-03 01:05,ENG-1129,SUP-187,EMP114,TL-092,,Tool_92,Nut Runner,Plant-C,2026-06-25,2026-09-23,Active,97.7,Bosch,SN100091
M9069,MA1AB100000002069,WO12069,SUV Pro,GA-2,STN-04,2026-03-03 01:06,ENG-1110,SUP-170,EMP331,TL-040,C,Tool_40,Welding Gun,Plant-A,2026-04-02,2026-07-01,Active,98.84,Atlas Copco,SN100039
M9070,MA1AB100000002070,WO12070,SUV Pro,GA-2,STN-05,2026-03-03 01:07,ENG-1408,SUP-131,EMP308,TL-019,C,Tool_19,Torque Wrench,Plant-B,2026-05-30,2026-08-28,Active,96.08,Atlas Copco,SN100018
M9071,MA1AB100000002071,WO12071,Sedan X,GA-1, stn-05 ,2026-03-03 01:08,ENG-1386,SUP-092,EMP161,TL-100,A,Tool_100,Welding Gun,Plant-A,2026-04-25,2026-07-24,Maintenance,97.13,Ingersoll Rand,SN100099
M9072,MA1AB100000002072,WO12072,Hatch Z,GA-1,STN-05,2026-03-03 01:10,ENG-1211,SUP-187,EMP182,TL-094,B,Tool_94,Press Tool,Plant-C,2026-05-10,2026-08-08,Maintenance,98.64,Stanley,SN100093
M9073,MA1AB100000002073,WO12073,Sedan X,GA-2,Stn-03,2026-03-03 01:11,ENG-1092,SUP-008,EMP353,TL-094,A,Tool_94,Press Tool,Plant-C,2026-05-10,2026-08-08,Maintenance,98.64,Stanley,SN100093
M9074,MA1AB100000002074,WO12074,SUV Pro,GA-1,STN-01,2026-03-03 01:12,ENG-1484,SUP-104,EMP393,TL-090,,Tool_90,Nut Runner,Plant-C,2026-05-12,2026-08-10,Out of Service,97.28,Stanley,SN100089
M9075,MA1AB100000002075,WO12075,SUV Pro,TRIM-1, stn-05 ,2026-03-03 01:13,ENG-1242,SUP-036,EMP275,TL-024,A,Tool_24,Robot Arm,Plant-A,2026-02-23,2026-05-24,Active,96.19,Ingersoll Rand,SN100023
M9076,MA1AB100000002076,WO12076,SUV Pro,PAINT-1,STN-02,2026/03/03 01:15,ENG-1362,SUP-111,EMP229,TL-064,A,Tool_64,Press Tool,Plant-A,2026-02-03,2026-05-04,Active,98.09,Atlas Copco,SN100063
M9077,MA1AB100000002077,WO12077,Sedan X,PAINT-1,STN-04,2026-03-03 01:16,ENG-1102,SUP-059,EMP279,TL-083,A,Tool_83,Nut Runner,Plant-A,2026-01-22,2026-04-22,Out of Service,98.35,Bosch,SN100082
M9078,MA1AB100000002078,WO12078,SUV Pro,TRIM-1,Stn-03,2026-03-03 01:17,ENG-1048,SUP-135,EMP231,TL-003,A,Tool_3,Robot Arm,Plant-C,2026-02-25,2026-05-26,Active,97.36,Atlas Copco,SN100002
M9079,MA1AB100000002079,WO12079,Hatch Z,GA-1, stn-05 ,2026-03-03 01:18,ENG-1191,SUP-025,EMP186,TL-001,A,Tool_1,Welding Gun,Plant-A,2026-05-21,2026-08-19,Maintenance,98.97,Bosch,SN100000
M9080,MA1AB100000002080,WO12080,Sedan X,PAINT-1,STN-04,2026-03-03 01:20,ENG-1156,SUP-008,EMP390,TL-073,C,Tool_73,Welding Gun,Plant-C,2026-03-17,2026-06-15,Active,96.96,Ingersoll Rand,SN100072
M9081,MA1AB100000002081,WO12081,Sedan X,GA-2,STN-02,2026-03-03 01:21,ENG-1325,SUP-159,EMP355,TL-024,B,Tool_24,Robot Arm,Plant-A,2026-02-23,2026-05-24,Active,96.19,Ingersoll Rand,SN100023
M9082,MA1AB100000002082,WO12082,SUV Pro,GA-1,Stn-03,2026-03-03 01:22,ENG-1349,SUP-040,EMP291,TL-074,B,Tool_74,Robot Arm,Plant-B,2026-01-04,2026-04-04,Active,97.63,Stanley,SN100073
M9083,MA1AB100000002083,WO12083,SUV Pro,GA-2,STN-05,2026-03-03 01:23,ENG-1076,SUP-114,EMP115,TL-080,A,Tool_80,Robot Arm,Plant-B,2026-03-23,2026-06-21,Maintenance,97.79,Atlas Copco,SN100079
M9084,MA1AB100000002084,WO12084,Hatch Z,GA-1,Stn-03,2026-03-03 01:25,ENG-1478,SUP-080,EMP249,TL-014,C,Tool_14,Nut Runner,Plant-A,2026-02-27,2026-05-28,Maintenance,99.68,Stanley,SN100013
M9085,MA1AB100000002085,WO12085,Hatch Z,GA-2,STN-05,2026-03-03 01:26,ENG-1265,SUP-043,EMP151,TL-064,B,Tool_64,Press Tool,Plant-A,2026-02-03,2026-05-04,Active,98.09,Atlas Copco,SN100063
M9086,MA1AB100000002086,WO12086,Hatch Z,GA-2,STN-05,2026-03-03 01:27,ENG-1471,SUP-087,EMP332,TL-085,,Tool_85,Nut Runner,Plant-A,2026-01-29,2026-04-29,Out of Service,98.68,Stanley,SN100084
M9087,MA1AB100000002087,WO12087,SUV Pro,GA-1, stn-05 ,2026-03-03 01:28,ENG-1283,SUP-017,EMP273,TL-032,C,Tool_32,Press Tool,Plant-A,2026-03-27,2026-06-25,Maintenance,97.67,Bosch,SN100031
M9088,MA1AB100000002088,WO12088,Sedan X,GA-2,Stn-03,2026-03-03 01:30,ENG-1251,SUP-049,EMP306,TL-006,C,Tool_6,Nut Runner,Plant-B,2026-01-25,2026-04-25,Maintenance,98.24,Ingersoll Rand,SN100005
M9089,MA1AB100000002089,WO12089,Sedan X,TRIM-1,Stn-03,2026-03-03 01:31,ENG-1431,SUP-169,EMP150,TL-067,A,Tool_67,Torque Wrench,Plant-A,2026-02-10,2026-05-11,Active,95.24,Bosch,SN100066
M9090,MA1AB100000002090,WO12090,Hatch Z,PAINT-1,STN-05,2026-03-03 01:32,ENG-1288,SUP-148,EMP372,TL-067,,Tool_67,Torque Wrench,Plant-A,2026-02-10,2026-05-11,Active,95.24,Bosch,SN100066
M9091,MA1AB100000002091,WO12091,Hatch Z,GA-2,STN-03,2026-03-03 01:33,ENG-1164,SUP-035,EMP329,TL-098,B,Tool_98,Press Tool,Plant-A,2026-06-01,2026-08-30,Active,98.11,Stanley,SN100097
M9092,MA1AB100000002092,WO12092,SUV Pro,TRIM-1,STN-04,2026-03-03 01:35,ENG-1222,SUP-097,EMP142,TL-063,A,Tool_63,Welding Gun,Plant-B,2026-03-03,2026-06-01,Active,99.78,Ingersoll Rand,SN100062
M9093,MA1AB100000002093,WO12093,SUV Pro,GA-1,STN-03,2026-03-03 01:36,ENG-1287,SUP-124,EMP299,TL-040,,Tool_40,Welding Gun,Plant-A,2026-04-02,2026-07-01,Active,98.84,Atlas Copco,SN100039
M9094,MA1AB100000002094,WO12094,SUV Pro,GA-1,STN-05,2026-03-03 01:37,ENG-1425,SUP-011,EMP196,TL-012,C,Tool_12,Press Tool,Plant-B,2026-05-30,2026-08-28,Out of Service,98.02,Bosch,SN100011
M9095,MA1AB100000002095,WO12095,Hatch Z,GA-2, stn-05 ,2026-03-03 01:38,ENG-1160,SUP-190,EMP124,TL-069,A,Tool_69,Torque Wrench,Plant-B,2026-01-29,2026-04-29,Active,98.16,Bosch,SN100068
M9096,MA1AB100000002096,WO12096,Sedan X,PAINT-1,STN-04,2026-03-03 01:40,ENG-1096,SUP-091,EMP375,TL-007,,Tool_7,Nut Runner,Plant-B,2026-06-11,2026-09-09,Out of Service,95.88,Stanley,SN100006
M9097,MA1AB100000002097,WO12097,Hatch Z,GA-2,STN-05,2026-03-03 01:41,ENG-1189,SUP-175,EMP122,TL-028,A,Tool_28,Press Tool,Plant-C,2026-01-25,2026-04-25,Out of Service,97.87,Ingersoll Rand,SN100027
M9098,MA1AB100000002098,WO12098,SUV Pro,GA-2,STN-02,2026-03-03 01:42,ENG-1364,SUP-082,EMP137,TL-092,B,Tool_92,Nut Runner,Plant-C,2026-06-25,2026-09-23,Active,97.7,Bosch,SN100091
M9099,MA1AB100000002099,WO12099,SUV Pro,GA-2,STN-05,2026-03-03 01:43,ENG-1327,SUP-157,EMP107,TL-006,,Tool_6,Nut Runner,Plant-B,2026-01-25,2026-04-25,Maintenance,98.24,Ingersoll Rand,SN100005
M9100,MA1AB100000002100,WO12100,Sedan X,GA-1,STN-03,2026-03-03 01:45,ENG-1002,SUP-062,EMP269,TL-023,,Tool_23,Welding Gun,Plant-A,2026-04-29,2026-07-28,Active,95.35,Bosch,SN100022
M9101,MA1AB100000002101,WO12101,Sedan X,PAINT-1,Stn-03,2026-03-03 01:46,ENG-1205,SUP-012,EMP179,TL-019,B,Tool_19,Torque Wrench,Plant-B,2026-05-30,2026-08-28,Active,96.08,Atlas Copco,SN100018
M9102,MA1AB100000002102,WO12102,Hatch Z,PAINT-1,STN-04,2026-03-03 01:47,ENG-1348,SUP-147,EMP258,TL-027,C,Tool_27,Robot Arm,Plant-A,2026-03-13,2026-06-11,Active,95.63,Atlas Copco,SN100026
M9103,MA1AB100000002103,WO12103,SUV Pro,GA-1,STN-04,2026-03-03 01:48,ENG-1421,SUP-106,EMP293,TL-036,B,Tool_36,Nut Runner,Plant-B,2026-02-08,2026-05-09,Active,95.2,Stanley,SN100035
M9104,MA1AB100000002104,WO12104,SUV Pro,PAINT-1,STN-05,2026-03-03 01:50,ENG-1005,SUP-161,EMP302,TL-006,,Tool_6,Nut Runner,Plant-B,2026-01-25,2026-04-25,Maintenance,98.24,Ingersoll Rand,SN100005
M9105,MA1AB100000002105,WO12105,Sedan X,GA-2,STN-01,2026-03-03 01:51,ENG-1326,SUP-030,EMP159,TL-021,,Tool_21,Press Tool,Plant-C,2026-01-09,2026-04-09,Out of Service,95.18,Atlas Copco,SN100020
M9106,MA1AB100000002106,WO12106,Sedan X,GA-2,STN-05,2026-03-03 01:52,ENG-1167,SUP-043,EMP231,TL-088,,Tool_88,Welding Gun,Plant-B,2026-04-25,2026-07-24,Active,95.24,Stanley,SN100087
M9107,MA1AB100000002107,WO12107,SUV Pro,PAINT-1,STN-03,2026-03-03 01:53,ENG-1438,SUP-146,EMP233,TL-014,A,Tool_14,Nut Runner,Plant-A,2026-02-27,2026-05-28,Maintenance,99.68,Stanley,SN100013
M9108,MA1AB100000002108,WO12108,SUV Pro,GA-2,STN-01,2026-03-03 01:55,ENG-1284,SUP-128,EMP202,TL-017,A,Tool_17,Torque Wrench,Plant-C,2026-01-08,2026-04-08,Maintenance,96.84,Atlas Copco,SN100016
M9109,MA1AB100000002109,WO12109,SUV Pro,TRIM-1,STN-01,2026-03-03 01:56,ENG-1057,SUP-059,EMP119,TL-050,B,Tool_50,Welding Gun,Plant-C,2026-04-30,2026-07-29,Maintenance,98.51,Ingersoll Rand,SN100049
M9110,MA1AB100000002110,WO12110,Sedan X,GA-1,STN-02,2026-03-03 01:70,ENG-1223,SUP-158,EMP289,TL-057,B,Tool_57,Welding Gun,Plant-A,2026-05-01,2026-07-30,Active,98.96,Bosch,SN100056
M9111,MA1AB100000002111,WO12111,SUV Pro,GA-1, stn-05 ,2026-03-03 01:58,ENG-1478,SUP-129,EMP196,TL-099,B,Tool_99,Welding Gun,Plant-B,2026-05-20,2026-08-18,Active,97.05,Atlas Copco,SN100098
M9112,MA1AB100000002112,WO12112,Hatch Z,PAINT-1,STN-01,2026-03-03 02:00,ENG-1291,SUP-004,EMP178,TL-044,C,Tool_44,Press Tool,Plant-C,2026-01-16,2026-04-16,Maintenance,99.03,Bosch,SN100043
M9113,MA1AB100000002113,WO12113,Sedan X,PAINT-1,STN-04,2026-03-03 02:01,ENG-1102,SUP-165,EMP128,TL-051,,Tool_51,Nut Runner,Plant-C,2026-04-06,2026-07-05,Active,97.28,Bosch,SN100050
M9114,MA1AB100000002114,WO12114,Sedan X,PAINT-1,STN-05,2026-03-03 02:02,ENG-1032,SUP-058,EMP194,TL-081,B,Tool_81,Nut Runner,Plant-A,2026-06-21,2026-09-19,Maintenance,97.61,Atlas Copco,SN100080
M9115,MA1AB100000002115,WO12115,SUV Pro,TRIM-1,STN-01,2026-03-03 02:03,ENG-1446,SUP-113,EMP135,TL-032,C,Tool_32,Press Tool,Plant-A,2026-03-27,2026-06-25,Maintenance,97.67,Bosch,SN100031
M9116,MA1AB100000002116,WO12116,Hatch Z,GA-2,STN-02,2026-03-03 02:05,ENG-1280,SUP-082,EMP129,TL-015,A,Tool_15,Robot Arm,Plant-C,2026-05-26,2026-08-24,Out of Service,97.88,Atlas Copco,SN100014
M9117,MA1AB100000002117,WO12117,SUV Pro,GA-1,STN-05,2026-03-03 02:06,ENG-1368,SUP-044,EMP264,TL-048,A,Tool_48,Nut Runner,Plant-B,2026-04-17,2026-07-16,Active,96.56,Stanley,SN100047
M9118,MA1AB100000002118,WO12118,Sedan X,GA-1, stn-05 ,2026-03-03 02:07,ENG-1119,SUP-002,EMP295,TL-001,A,Tool_1,Welding Gun,Plant-A,2026-05-21,2026-08-19,Maintenance,98.97,Bosch,SN100000
M9119,MA1AB100000002119,WO12119,SUV Pro,GA-1,Stn-03,2026-03-03 02:08,ENG-1114,SUP-196,EMP118,TL-073,A,Tool_73,Welding Gun,Plant-C,2026-03-17,2026-06-15,Active,96.96,Ingersoll Rand,SN100072
M9120,MA1AB100000002120,WO12120,Sedan X,TRIM-1,STN-05,2026-03-03 02:10,ENG-1330,SUP-099,EMP244,TL-088,,Tool_88,Welding Gun,Plant-B,2026-04-25,2026-07-24,Active,95.24,Stanley,SN100087
M9121,MA1AB100000002121,WO12121,SUV Pro,GA-2, stn-05 ,2026-03-03 02:11,ENG-1251,SUP-157,EMP228,TL-045,,Tool_45,Welding Gun,Plant-C,2026-03-10,2026-06-08,Active,98.94,Stanley,SN100044
M9122,MA1AB100000002122,WO12122,SUV Pro,GA-2,STN-04,2026-03-03 02:12,ENG-1274,SUP-093,EMP214,TL-019,C,Tool_19,Torque Wrench,Plant-B,2026-05-30,2026-08-28,Active,96.08,Atlas Copco,SN100018
M9123,MA1AB100000002123,WO12123,Hatch Z,GA-2,STN-04,2026-03-03 02:13,ENG-1131,SUP-042,EMP288,TL-095,A,Tool_95,Nut Runner,Plant-A,2026-06-25,2026-09-23,Active,99.37,Bosch,SN100094
M9124,MA1AB100000002124,WO12124,SUV Pro,PAINT-1,STN-02,2026-03-03 02:15,ENG-1021,SUP-118,EMP310,TL-091,B,Tool_91,Nut Runner,Plant-B,2026-03-20,2026-06-18,Active,95.45,Atlas Copco,SN100090
M9125,MA1AB100000002125,WO12125,SUV Pro,GA-2,Stn-03,2026-03-03 02:16,ENG-1320,SUP-091,EMP206,TL-052,,Tool_52,Torque Wrench,Plant-A,2026-04-12,2026-07-11,Out of Service,99.68,Ingersoll Rand,SN100051
M9126,MA1AB100000002126,WO12126,SUV Pro,TRIM-1, stn-05 ,2026-03-03 02:17,ENG-1231,SUP-114,EMP298,TL-060,C,Tool_60,Welding Gun,Plant-B,2026-02-09,2026-05-10,Active,95.55,Atlas Copco,SN100059
M9127,MA1AB100000002127,WO12127,SUV Pro,PAINT-1, stn-05 ,2026-03-03 02:18,ENG-1204,SUP-035,EMP371,TL-027,B,Tool_27,Robot Arm,Plant-A,2026-03-13,2026-06-11,Active,95.63,Atlas Copco,SN100026
M9128,MA1AB100000002128,WO12128,Sedan X,GA-2,STN-05,2026-03-03 02:20,ENG-1099,SUP-187,EMP286,TL-060,,Tool_60,Welding Gun,Plant-B,2026-02-09,2026-05-10,Active,95.55,Atlas Copco,SN100059
M9129,MA1AB100000002129,WO12129,SUV Pro,PAINT-1,STN-02,2026-03-03 02:21,ENG-1201,SUP-037,EMP340,TL-014,,Tool_14,Nut Runner,Plant-A,2026-02-27,2026-05-28,Maintenance,99.68,Stanley,SN100013
M9130,MA1AB100000002130,WO12130,SUV Pro,TRIM-1,STN-01,2026-03-03 02:22,ENG-1102,SUP-056,EMP272,TL-071,B,Tool_71,Welding Gun,Plant-B,2026-04-11,2026-07-10,Active,98.12,Atlas Copco,SN100070
M9131,MA1AB100000002131,WO12131,Hatch Z,TRIM-1,STN-05,2026-03-03 02:23,ENG-1221,SUP-047,EMP326,TL-004,B,Tool_4,Press Tool,Plant-A,2026-01-19,2026-04-19,Active,97.49,Bosch,SN100003
M9132,MA1AB100000002132,WO12132,SUV Pro,GA-2,STN-03,2026-03-03 02:25,ENG-1381,SUP-175,EMP388,TL-099,B,Tool_99,Welding Gun,Plant-B,2026-05-20,2026-08-18,Active,97.05,Atlas Copco,SN100098
M9133,MA1AB100000002133,WO12133,Hatch Z,TRIM-1,STN-05,2026-03-03 02:26,ENG-1400,SUP-051,EMP177,TL-053,C,Tool_53,Nut Runner,Plant-A,2026-02-27,2026-05-28,Out of Service,96.41,Stanley,SN100052
M9134,MA1AB100000002134,WO12134,SUV Pro,GA-2,Stn-03,2026-03-03 02:27,ENG-1378,SUP-034,EMP349,TL-041,A,Tool_41,Robot Arm,Plant-A,2026-02-27,2026-05-28,Maintenance,97.13,Atlas Copco,SN100040
M9135,MA1AB100000002135,WO12135,Hatch Z,GA-1,Stn-03,2026-03-03 02:28,ENG-1033,SUP-022,EMP110,TL-002,A,Tool_2,Nut Runner,Plant-A,2026-04-22,2026-07-21,Active,97.47,Bosch,SN100001
M9136,MA1AB100000002136,WO12136,SUV Pro,GA-1,STN-03,2026-03-03 02:30,ENG-1476,SUP-092,EMP203,TL-096,B,Tool_96,Nut Runner,Plant-A,2026-04-26,2026-07-25,Active,95.35,Stanley,SN100095
M9137,MA1AB100000002137,WO12137,Sedan X,PAINT-1,Stn-03,2026-03-03 02:31,ENG-1033,SUP-093,EMP261,TL-075,,Tool_75,Press Tool,Plant-C,2026-04-22,2026-07-21,Active,99.86,Ingersoll Rand,SN100074
M9138,MA1AB100000002138,WO12138,SUV Pro,PAINT-1, stn-05 ,2026-03-03 02:32,ENG-1089,SUP-075,EMP255,TL-013,B,Tool_13,Nut Runner,Plant-B,2026-04-05,2026-07-04,Active,99.14,Bosch,SN100012
M9139,MA1AB100000002139,WO12139,Sedan X,GA-2,STN-04,2026-03-03 02:33,ENG-1060,SUP-137,EMP309,TL-021,,Tool_21,Press Tool,Plant-C,2026-01-09,2026-04-09,Out of Service,95.18,Atlas Copco,SN100020
M9140,MA1AB100000002140,WO12140,Hatch Z,PAINT-1, stn-05 ,2026-03-03 02:35,ENG-1434,SUP-064,EMP158,TL-085,B,Tool_85,Nut Runner,Plant-A,2026-01-29,2026-04-29,Out of Service,98.68,Stanley,SN100084
M9141,MA1AB100000002141,WO12141,SUV Pro,GA-1,Stn-03,2026-03-03 02:36,ENG-1020,SUP-035,EMP295,TL-061,,Tool_61,Nut Runner,Plant-C,2026-06-29,2026-09-27,Active,99.71,Ingersoll Rand,SN100060
M9142,MA1AB100000002142,WO12142,SUV Pro,GA-2,Stn-03,2026-03-03 02:37,ENG-1010,SUP-151,EMP285,TL-057,B,Tool_57,Welding Gun,Plant-A,2026-05-01,2026-07-30,Active,98.96,Bosch,SN100056
M9143,MA1AB100000002143,WO12143,SUV Pro,GA-1,STN-04,2026-03-03 02:38,ENG-1484,SUP-172,EMP390,TL-045,C,Tool_45,Welding Gun,Plant-C,2026-03-10,2026-06-08,Active,98.94,Stanley,SN100044
M9144,MA1AB100000002144,WO12144,Sedan X,PAINT-1,STN-01,2026-03-03 02:40,ENG-1090,SUP-035,EMP253,TL-087,,Tool_87,Robot Arm,Plant-B,2026-02-09,2026-05-10,Maintenance,99.98,Stanley,SN100086
M9145,MA1AB100000002145,WO12145,Sedan X,GA-1,Stn-03,2026-03-03 02:41,ENG-1491,SUP-172,EMP200,TL-082,C,Tool_82,Nut Runner,Plant-B,2026-03-18,2026-06-16,Active,95.75,Atlas Copco,SN100081
M9146,MA1AB100000002146,WO12146,SUV Pro,GA-1,STN-03,2026-03-03 02:42,ENG-1308,SUP-127,EMP108,TL-080,,Tool_80,Robot Arm,Plant-B,2026-03-23,2026-06-21,Maintenance,97.79,Atlas Copco,SN100079
M9147,MA1AB100000002147,WO12147,Sedan X,PAINT-1,Stn-03,2026-03-03 02:43,ENG-1129,SUP-050,EMP362,TL-036,A,Tool_36,Nut Runner,Plant-B,2026-02-08,2026-05-09,Active,95.2,Stanley,SN100035
M9148,MA1AB100000002148,WO12148,SUV Pro,PAINT-1,STN-02,2026-03-03 02:45,ENG-1026,SUP-167,EMP222,TL-090,C,Tool_90,Nut Runner,Plant-C,2026-05-12,2026-08-10,Out of Service,97.28,Stanley,SN100089
M9149,MA1AB100000002149,WO12149,SUV Pro,TRIM-1,STN-04,2026-03-03 02:46,ENG-1172,SUP-011,EMP239,TL-096,,Tool_96,Nut Runner,Plant-A,2026-04-26,2026-07-25,Active,95.35,Stanley,SN100095
M9150,MA1AB100000002150,WO12150,Hatch Z,GA-1,STN-03,2026-03-03 02:47,ENG-1282,SUP-009,EMP166,TL-080,A,Tool_80,Robot Arm,Plant-B,2026-03-23,2026-06-21,Maintenance,97.79,Atlas Copco,SN100079
M9151,MA1AB100000002151,WO12151,Hatch Z,GA-1,STN-03,2026-03-03 02:48,ENG-1194,SUP-052,EMP340,TL-049,,Tool_49,Press Tool,Plant-A,2026-01-18,2026-04-18,Active,97.7,Atlas Copco,SN100048
M9152,MA1AB100000002152,WO12152,Sedan X,PAINT-1, stn-05 ,2026-03-03 02:50,ENG-1192,SUP-086,EMP287,TL-066,,Tool_66,Nut Runner,Plant-A,2026-01-13,2026-04-13,Maintenance,98.63,Stanley,SN100065
M9153,MA1AB100000002153,WO12153,SUV Pro,PAINT-1,STN-02,2026-03-03 02:51,ENG-1482,SUP-089,EMP233,TL-071,B,Tool_71,Welding Gun,Plant-B,2026-04-11,2026-07-10,Active,98.12,Atlas Copco,SN100070
M9154,MA1AB100000002154,WO12154,SUV Pro,PAINT-1,STN-03,2026-03-03 02:52,ENG-1042,SUP-116,EMP143,TL-086,C,Tool_86,Press Tool,Plant-B,2026-03-20,2026-06-18,Active,96.21,Bosch,SN100085
M9155,MA1AB100000002155,WO12155,Hatch Z,GA-1,STN-01,2026-03-03 02:53,ENG-1415,SUP-033,EMP154,TL-032,A,Tool_32,Press Tool,Plant-A,2026-03-27,2026-06-25,Maintenance,97.67,Bosch,SN100031
M9156,MA1AB100000002156,WO12156,Sedan X,PAINT-1,STN-01,2026-03-03 02:55,ENG-1078,SUP-147,EMP221,TL-100,A,Tool_100,Welding Gun,Plant-A,2026-04-25,2026-07-24,Maintenance,97.13,Ingersoll Rand,SN100099
M9157,MA1AB100000002157,WO12157,Sedan X,GA-1, stn-05 ,2026-03-03 02:56,ENG-1006,SUP-189,EMP274,TL-080,A,Tool_80,Robot Arm,Plant-B,2026-03-23,2026-06-21,Maintenance,97.79,Atlas Copco,SN100079
M9158,MA1AB100000002158,WO12158,Sedan X,TRIM-1, stn-05 ,2026-03-03 02:57,ENG-1447,SUP-085,EMP154,TL-079,A,Tool_79,Press Tool,Plant-C,2026-04-14,2026-07-13,Active,96.15,Ingersoll Rand,SN100078
M9159,MA1AB100000002159,WO12159,Sedan X,GA-2,STN-02,2026-03-03 02:58,ENG-1470,SUP-191,EMP141,TL-024,A,Tool_24,Robot Arm,Plant-A,2026-02-23,2026-05-24,Active,96.19,Ingersoll Rand,SN100023
M9160,MA1AB100000002160,WO12160,Hatch Z,GA-1,STN-01,2026-03-03 03:00,ENG-1221,SUP-176,EMP219,TL-027,A,Tool_27,Robot Arm,Plant-A,2026-03-13,2026-06-11,Active,95.63,Atlas Copco,SN100026
M9161,MA1AB100000002161,WO12161,Hatch Z,GA-1,STN-04,2026-03-03 03:01,ENG-1164,SUP-161,EMP371,TL-025,,Tool_25,Nut Runner,Plant-C,2026-02-19,2026-05-20,Out of Service,98.88,Atlas Copco,SN100024
M9162,MA1AB100000002162,WO12162,Sedan X,TRIM-1,STN-05,2026-03-03 03:02,ENG-1361,SUP-048,EMP340,TL-037,A,Tool_37,Torque Wrench,Plant-A,2026-02-12,2026-05-13,Maintenance,95.39,Bosch,SN100036
M9163,MA1AB100000002163,WO12163,SUV Pro,GA-2,STN-05,2026-03-03 03:03,ENG-1003,SUP-021,EMP190,TL-026,C,Tool_26,Robot Arm,Plant-A,2026-05-25,2026-08-23,Out of Service,99.11,Atlas Copco,SN100025
M9164,MA1AB100000002164,WO12164,Sedan X,GA-2, stn-05 ,2026-03-03 03:05,ENG-1063,SUP-180,EMP138,TL-025,B,Tool_25,Nut Runner,Plant-C,2026-02-19,2026-05-20,Out of Service,98.88,Atlas Copco,SN100024
M9165,MA1AB100000002165,WO12165,SUV Pro,GA-2,STN-02,2026-03-03 03:06,ENG-1202,SUP-163,EMP251,TL-077,,Tool_77,Welding Gun,Plant-C,2026-04-12,2026-07-11,Active,98.71,Stanley,SN100076
M9166,MA1AB100000002166,WO12166,Hatch Z,PAINT-1,STN-02,2026-03-03 03:07,ENG-1218,SUP-065,EMP276,TL-095,B,Tool_95,Nut Runner,Plant-A,2026-06-25,2026-09-23,Active,99.37,Bosch,SN100094
M9167,MA1AB100000002167,WO12167,Hatch Z,GA-1, stn-05 ,2026-03-03 03:08,ENG-1455,SUP-175,EMP228,TL-037,B,Tool_37,Torque Wrench,Plant-A,2026-02-12,2026-05-13,Maintenance,95.39,Bosch,SN100036
M9168,MA1AB100000002168,WO12168,Sedan X,GA-1,STN-01,2026-03-03 03:10,ENG-1252,SUP-089,EMP130,TL-080,,Tool_80,Robot Arm,Plant-B,2026-03-23,2026-06-21,Maintenance,97.79,Atlas Copco,SN100079
M9169,MA1AB100000002169,WO12169,Sedan X,TRIM-1,STN-01,2026-03-03 03:11,ENG-1381,SUP-173,EMP145,TL-041,C,Tool_41,Robot Arm,Plant-A,2026-02-27,2026-05-28,Maintenance,97.13,Atlas Copco,SN100040
M9170,MA1AB100000002170,WO12170,Hatch Z,GA-1,STN-05,2026-03-03 03:12,ENG-1134,SUP-187,EMP263,TL-058,C,Tool_58,Robot Arm,Plant-C,2026-04-28,2026-07-27,Active,96.6,Stanley,SN100057
M9171,MA1AB100000002171,WO12171,Hatch Z,TRIM-1,STN-03,2026-03-03 03:13,ENG-1255,SUP-077,EMP350,TL-041,B,Tool_41,Robot Arm,Plant-A,2026-02-27,2026-05-28,Maintenance,97.13,Atlas Copco,SN100040
M9172,MA1AB100000002172,WO12172,Sedan X,GA-2,STN-01,2026-03-03 03:15,ENG-1353,SUP-091,EMP309,TL-060,,Tool_60,Welding Gun,Plant-B,2026-02-09,2026-05-10,Active,95.55,Atlas Copco,SN100059
M9173,MA1AB100000002173,WO12173,SUV Pro,TRIM-1,STN-04,2026-03-03 03:16,ENG-1444,SUP-119,EMP331,TL-020,B,Tool_20,Robot Arm,Plant-C,2026-06-24,2026-09-22,Active,99.27,Ingersoll Rand,SN100019
M9174,MA1AB100000002174,WO12174,Hatch Z,TRIM-1,STN-04,2026-03-03 03:17,ENG-1486,SUP-007,EMP171,TL-999,C,Unknown Tool,Unknown Type,,,,,,,
M9175,MA1AB100000002175,WO12175,SUV Pro,GA-2,STN-04,2026-03-03 03:18, eng-1001 ,SUP-094,EMP107,TL-056,B,Tool_56,Torque Wrench,Plant-C,2026-04-06,2026-07-05,Active,97.45,Atlas Copco,SN100055
M9176,MA1AB100000002176,WO12176,Sedan X,GA-2,STN-02,2026-03-03 03:20,ENG-1048,SUP-005,EMP300,TL-061,B,Tool_61,Nut Runner,Plant-C,2026-06-29,2026-09-27,Active,99.71,Ingersoll Rand,SN100060
M9177,MA1AB100000002177,WO12177,SUV Pro,PAINT-1,STN-02,2026-03-03 03:21,ENG-1011,SUP-128,EMP300,TL-021,C,Tool_21,Press Tool,Plant-C,2026-01-09,2026-04-09,Out of Service,95.18,Atlas Copco,SN100020
M9178,MA1AB100000002178,WO12178,Hatch Z,PAINT-1,STN-02,2026-03-03 03:22,ENG-1097,SUP-125,EMP355,TL-056,,Tool_56,Torque Wrench,Plant-C,2026-04-06,2026-07-05,Active,97.45,Atlas Copco,SN100055
M9179,MA1AB100000002179,WO12179,Sedan X,TRIM-1, stn-05 ,2026-03-03 03:23,ENG-1030,SUP-091,EMP154,TL-009,C,Tool_9,Press Tool,Plant-C,2026-05-31,2026-08-29,Active,98.89,Bosch,SN100008
M9180,MA1AB100000002180,WO12180,Hatch Z,TRIM-1,STN-05,2026-03-03 03:25,ENG-1148,SUP-037,EMP220,TL-067,,Tool_67,Torque Wrench,Plant-A,2026-02-10,2026-05-11,Active,95.24,Bosch,SN100066
M9181,MA1AB100000002181,WO12181,Sedan X,TRIM-1,STN-04,2026-03-03 03:26,ENG-1006,SUP-079,EMP181,TL-044,C,Tool_44,Press Tool,Plant-C,2026-01-16,2026-04-16,Maintenance,99.03,Bosch,SN100043
M9182,MA1AB100000002182,WO12182,Hatch Z,TRIM-1,STN-05,2026-03-03 03:27,ENG-1062,SUP-154,EMP166,TL-068,C,Tool_68,Press Tool,Plant-A,2026-04-15,2026-07-14,Active,97.42,Bosch,SN100067
M9183,MA1AB100000002183,WO12183,SUV Pro,PAINT-1,Stn-03,2026-03-03 03:28,ENG-1352,SUP-033,EMP289,TL-073,,Tool_73,Welding Gun,Plant-C,2026-03-17,2026-06-15,Active,96.96,Ingersoll Rand,SN100072
M9184,MA1AB100000002184,WO12184,Sedan X,GA-1,STN-04,2026-03-03 03:30,ENG-1189,SUP-107,EMP226,TL-027,C,Tool_27,Robot Arm,Plant-A,2026-03-13,2026-06-11,Active,95.63,Atlas Copco,SN100026
M9185,MA1AB100000002185,WO12185,Hatch Z,GA-2,Stn-03,2026-03-03 03:31,ENG-1462,SUP-081,EMP343,TL-999,C,Unknown Tool,Unknown Type,,,,,,,
M9186,MA1AB100000002186,WO12186,Hatch Z,PAINT-1,STN-05,2026-03-03 03:32,ENG-1406,SUP-085,EMP199,TL-017,C,Tool_17,Torque Wrench,Plant-C,2026-01-08,2026-04-08,Maintenance,96.84,Atlas Copco,SN100016
M9187,MA1AB100000002187,WO12187,Hatch Z,GA-2, stn-05 ,2026-03-03 03:33,ENG-1303,SUP-157,EMP221,TL-032,,Tool_32,Press Tool,Plant-A,2026-03-27,2026-06-25,Maintenance,97.67,Bosch,SN100031
M9188,MA1AB100000002188,WO12188,Hatch Z,TRIM-1,STN-01,2026-03-03 03:35,ENG-1160,SUP-131,EMP148,TL-050,B,Tool_50,Welding Gun,Plant-C,2026-04-30,2026-07-29,Maintenance,98.51,Ingersoll Rand,SN100049
M9189,MA1AB100000002189,WO12189,Hatch Z,PAINT-1,STN-01,2026-03-03 03:36,ENG-1270,SUP-126,EMP336,TL-078,C,Tool_78,Press Tool,Plant-A,2026-03-26,2026-06-24,Maintenance,99.88,Bosch,SN100077
M9190,MA1AB100000002190,WO12190,Sedan X,TRIM-1,STN-04,2026-03-03 03:37,ENG-1398,SUP-050,EMP241,TL-092,B,Tool_92,Nut Runner,Plant-C,2026-06-25,2026-09-23,Active,97.7,Bosch,SN100091
M9191,MA1AB100000002191,WO12191,SUV Pro,GA-1,STN-04,2026-03-03 03:38,ENG-1126,SUP-058,EMP101,TL-042,C,Tool_42,Welding Gun,Plant-C,2026-03-03,2026-06-01,Out of Service,97.14,Ingersoll Rand,SN100041
M9192,MA1AB100000002192,WO12192,Hatch Z,TRIM-1,STN-05,2026-03-03 03:40,ENG-1074,SUP-070,EMP263,TL-063,C,Tool_63,Welding Gun,Plant-B,2026-03-03,2026-06-01,Active,99.78,Ingersoll Rand,SN100062
M9193,MA1AB100000002193,WO12193,Hatch Z,GA-2,Stn-03,2026-03-03 03:41,ENG-1415,SUP-166,EMP196,TL-077,A,Tool_77,Welding Gun,Plant-C,2026-04-12,2026-07-11,Active,98.71,Stanley,SN100076
M9194,MA1AB100000002194,WO12194,SUV Pro,GA-1, stn-05 ,2026-03-03 03:42,ENG-1453,SUP-050,EMP368,TL-065,C,Tool_65,Torque Wrench,Plant-C,2026-01-31,2026-05-01,Maintenance,97.24,Bosch,SN100064
M9195,MA1AB100000002195,WO12195,Sedan X,TRIM-1,STN-04,2026-03-03 03:43,ENG-1358,SUP-003,EMP252,TL-034,B,Tool_34,Torque Wrench,Plant-A,2026-06-25,2026-09-23,Out of Service,99.85,Stanley,SN100033
M9196,MA1AB100000002196,WO12196,Sedan X,PAINT-1,STN-01,2026-03-03 03:45,ENG-1014,SUP-167,EMP315,TL-011,C,Tool_11,Welding Gun,Plant-B,2026-01-03,2026-04-03,Out of Service,99.43,Atlas Copco,SN100010
M9197,MA1AB100000002197,WO12197,SUV Pro,GA-2,STN-04,2026-03-03 03:46,ENG-1320,SUP-098,EMP384,TL-021,,Tool_21,Press Tool,Plant-C,2026-01-09,2026-04-09,Out of Service,95.18,Atlas Copco,SN100020
M9198,MA1AB100000002198,WO12198,SUV Pro,GA-1,STN-03,2026-03-03 03:47,ENG-1233,SUP-071,EMP201,TL-091,,Tool_91,Nut Runner,Plant-B,2026-03-20,2026-06-18,Active,95.45,Atlas Copco,SN100090
M9199,MA1AB100000002199,WO12199,SUV Pro,GA-2,STN-05,2026-03-03 03:48,ENG-1065,SUP-083,EMP108,TL-016,A,Tool_16,Robot Arm,Plant-B,2026-04-27,2026-07-26,Active,98.18,Atlas Copco,SN100015
M9200,MA1AB100000002200,WO12200,SUV Pro,TRIM-1,STN-03,2026-03-03 03:50,ENG-1072,SUP-081,EMP292,TL-071,A,Tool_71,Welding Gun,Plant-B,2026-04-11,2026-07-10,Active,98.12,Atlas Copco,SN100070
M9201,MA1AB100000002201,WO12201,Hatch Z,TRIM-1, stn-05 ,2026-03-03 03:51,ENG-1165,SUP-102,EMP191,TL-042,A,Tool_42,Welding Gun,Plant-C,2026-03-03,2026-06-01,Out of Service,97.14,Ingersoll Rand,SN100041
M9202,MA1AB100000002202,WO12202,Hatch Z,PAINT-1,STN-03,2026-03-03 03:52,ENG-1289,SUP-194,EMP391,TL-006,A,Tool_6,Nut Runner,Plant-B,2026-01-25,2026-04-25,Maintenance,98.24,Ingersoll Rand,SN100005
M9203,MA1AB100000002203,WO12203,Hatch Z,GA-2,STN-04,2026-03-03 03:53,ENG-1032,SUP-018,EMP171,TL-020,A,Tool_20,Robot Arm,Plant-C,2026-06-24,2026-09-22,Active,99.27,Ingersoll Rand,SN100019
M9204,MA1AB100000002204,WO12204,Hatch Z,GA-2, stn-05 ,2026-03-03 03:55,ENG-1120,SUP-024,EMP284,TL-046,C,Tool_46,Torque Wrench,Plant-C,2026-01-19,2026-04-19,Active,95.51,Ingersoll Rand,SN100045
M9205,MA1AB100000002205,WO12205,Sedan X,TRIM-1,STN-03,2026-03-03 03:56,ENG-1384,SUP-018,EMP352,TL-052,A,Tool_52,Torque Wrench,Plant-A,2026-04-12,2026-07-11,Out of Service,99.68,Ingersoll Rand,SN100051
M9206,MA1AB100000002206,WO12206,Hatch Z,TRIM-1, stn-05 ,2026-03-03 03:57,ENG-1404,SUP-102,EMP179,TL-071,A,Tool_71,Welding Gun,Plant-B,2026-04-11,2026-07-10,Active,98.12,Atlas Copco,SN100070
M9207,MA1AB100000002207,WO12207,Sedan X,TRIM-1,STN-02,2026-03-03 03:58,ENG-1059,SUP-196,EMP233,TL-030,B,Tool_30,Nut Runner,Plant-A,2026-02-18,2026-05-19,Out of Service,97.07,Ingersoll Rand,SN100029
M9208,MA1AB100000002208,WO12208,Sedan X,GA-1,STN-01,2026-03-03 04:00,ENG-1329,SUP-179,EMP215,TL-062,A,Tool_62,Robot Arm,Plant-A,2026-04-28,2026-07-27,Out of Service,95.44,Bosch,SN100061
M9209,MA1AB100000002209,WO12209,Sedan X,GA-2,Stn-03,2026-03-03 04:01,ENG-1119,SUP-040,EMP170,TL-065,C,Tool_65,Torque Wrench,Plant-C,2026-01-31,2026-05-01,Maintenance,97.24,Bosch,SN100064
M9210,MA1AB100000002210,WO12210,SUV Pro,TRIM-1,Stn-03,2026-03-03 04:02,ENG-1324,SUP-172,EMP302,TL-003,C,Tool_3,Robot Arm,Plant-C,2026-02-25,2026-05-26,Active,97.36,Atlas Copco,SN100002
M9211,MA1AB100000002211,WO12211,SUV Pro,GA-1, stn-05 ,2026-03-03 04:03,ENG-1365,SUP-179,EMP312,TL-071,A,Tool_71,Welding Gun,Plant-B,2026-04-11,2026-07-10,Active,98.12,Atlas Copco,SN100070
M9212,MA1AB100000002212,WO12212,Sedan X,GA-2,STN-05,2026-03-03 04:05,ENG-1018,SUP-054,EMP217,TL-075,,Tool_75,Press Tool,Plant-C,2026-04-22,2026-07-21,Active,99.86,Ingersoll Rand,SN100074
M9213,MA1AB100000002213,WO12213,Sedan X,PAINT-1, stn-05 ,2026-03-03 04:06,ENG-1041,SUP-149,EMP288,TL-066,B,Tool_66,Nut Runner,Plant-A,2026-01-13,2026-04-13,Maintenance,98.63,Stanley,SN100065
M9214,MA1AB100000002214,WO12214,SUV Pro,GA-2,STN-02,2026-03-03 04:07,ENG-1274,SUP-002,EMP244,TL-035,C,Tool_35,Torque Wrench,Plant-A,2026-04-06,2026-07-05,Active,95.1,Atlas Copco,SN100034
M9215,MA1AB100000002215,WO12215,Hatch Z,TRIM-1,STN-02,2026-03-03 04:08,ENG-1427,SUP-052,EMP231,TL-043,B,Tool_43,Torque Wrench,Plant-B,2026-04-28,2026-07-27,Active,96.51,Ingersoll Rand,SN100042
M9216,MA1AB100000002216,WO12216,SUV Pro,PAINT-1,STN-04,2026-03-03 04:10,ENG-1061,SUP-167,EMP246,TL-058,A,Tool_58,Robot Arm,Plant-C,2026-04-28,2026-07-27,Active,96.6,Stanley,SN100057
M9217,MA1AB100000002217,WO12217,SUV Pro,TRIM-1,STN-02,2026-03-03 04:11,ENG-1094,SUP-029,EMP121,TL-050,A,Tool_50,Welding Gun,Plant-C,2026-04-30,2026-07-29,Maintenance,98.51,Ingersoll Rand,SN100049
M9218,MA1AB100000002218,WO12218,Hatch Z,GA-2,STN-02,2026-03-03 04:12,ENG-1388,SUP-146,EMP252,TL-089,B,Tool_89,Welding Gun,Plant-B,2026-06-20,2026-09-18,Out of Service,97.46,Stanley,SN100088
M9219,MA1AB100000002219,WO12219,Hatch Z,PAINT-1,STN-03,2026-03-03 04:13,ENG-1237,SUP-014,EMP217,TL-073,C,Tool_73,Welding Gun,Plant-C,2026-03-17,2026-06-15,Active,96.96,Ingersoll Rand,SN100072
M9220,MA1AB100000002220,WO12220,Sedan X,GA-1,STN-03,2026-03-03 04:15,ENG-1006,,EMP210,TL-024,C,Tool_24,Robot Arm,Plant-A,2026-02-23,2026-05-24,Active,96.19,Ingersoll Rand,SN100023
M9221,MA1AB100000002221,WO12221,Sedan X,TRIM-1, stn-05 ,2026-03-03 04:16,ENG-1198,SUP-185,EMP267,TL-059,,Tool_59,Robot Arm,Plant-B,2026-04-15,2026-07-14,Active,95.72,Stanley,SN100058
M9222,MA1AB100000002222,WO12222,Hatch Z,GA-2,STN-04,2026-03-03 04:17,ENG-1245,SUP-144,EMP246,TL-086,B,Tool_86,Press Tool,Plant-B,2026-03-20,2026-06-18,Active,96.21,Bosch,SN100085
M9223,MA1AB100000002223,WO12223,Sedan X,GA-1,STN-01,2026-03-03 04:18,ENG-1436,SUP-008,EMP125,TL-002,C,Tool_2,Nut Runner,Plant-A,2026-04-22,2026-07-21,Active,97.47,Bosch,SN100001
M9224,MA1AB100000002224,WO12224,Sedan X,PAINT-1,STN-04,2026-03-03 04:20,ENG-1195,SUP-187,EMP390,TL-021,A,Tool_21,Press Tool,Plant-C,2026-01-09,2026-04-09,Out of Service,95.18,Atlas Copco,SN100020
M9225,MA1AB100000002225,WO12225,Sedan X,PAINT-1,STN-02,2026-03-03 04:21,ENG-1330,SUP-049,EMP316,TL-095,C,Tool_95,Nut Runner,Plant-A,2026-06-25,2026-09-23,Active,99.37,Bosch,SN100094
M9226,MA1AB100000002226,WO12226,Sedan X,PAINT-1,STN-04,2026-03-03 04:22,ENG-1334,SUP-006,EMP252,TL-099,A,Tool_99,Welding Gun,Plant-B,2026-05-20,2026-08-18,Active,97.05,Atlas Copco,SN100098
M9227,MA1AB100000002227,WO12227,Sedan X,PAINT-1,STN-02,2026-03-03 04:23,ENG-1134,SUP-117,EMP204,TL-016,A,Tool_16,Robot Arm,Plant-B,2026-04-27,2026-07-26,Active,98.18,Atlas Copco,SN100015
M9228,MA1AB100000002228,WO12228,SUV Pro,GA-2,STN-01,2026-03-03 04:25,ENG-1057,SUP-023,EMP220,TL-059,C,Tool_59,Robot Arm,Plant-B,2026-04-15,2026-07-14,Active,95.72,Stanley,SN100058
M9229,MA1AB100000002229,WO12229,SUV Pro,GA-1, stn-05 ,2026-03-03 04:26,ENG-1288,SUP-123,EMP132,TL-094,B,Tool_94,Press Tool,Plant-C,2026-05-10,2026-08-08,Maintenance,98.64,Stanley,SN100093
M9230,MA1AB100000002230,WO12230,Sedan X,GA-1,STN-04,2026-03-03 04:27,ENG-1347,SUP-097,EMP115,TL-005,,Tool_5,Torque Wrench,Plant-C,2026-02-02,2026-05-03,Maintenance,99.68,Ingersoll Rand,SN100004
M9231,MA1AB100000002231,WO12231,SUV Pro,TRIM-1,STN-04,2026-03-03 04:28,ENG-1089,SUP-004,EMP395,TL-006,A,Tool_6,Nut Runner,Plant-B,2026-01-25,2026-04-25,Maintenance,98.24,Ingersoll Rand,SN100005
M9232,MA1AB100000002232,WO12232,SUV Pro,PAINT-1, stn-05 ,2026-03-03 04:30,ENG-1245,SUP-052,EMP236,TL-004,C,Tool_4,Press Tool,Plant-A,2026-01-19,2026-04-19,Active,97.49,Bosch,SN100003
M9233,MA1AB100000002233,WO12233,Sedan X,GA-2, stn-05 ,2026-03-03 04:31,ENG-1229,SUP-001,EMP122,TL-073,,Tool_73,Welding Gun,Plant-C,2026-03-17,2026-06-15,Active,96.96,Ingersoll Rand,SN100072
M9234,MA1AB100000002234,WO12234,Hatch Z,TRIM-1,Stn-03,2026-03-03 04:32,ENG-1118,SUP-184,EMP124,TL-037,C,Tool_37,Torque Wrench,Plant-A,2026-02-12,2026-05-13,Maintenance,95.39,Bosch,SN100036
M9235,MA1AB100000002235,WO12235,Sedan X,PAINT-1,STN-04,2026-03-03 04:33,ENG-1420,SUP-121,EMP378,TL-021,C,Tool_21,Press Tool,Plant-C,2026-01-09,2026-04-09,Out of Service,95.18,Atlas Copco,SN100020
M9236,MA1AB100000002236,WO12236,Hatch Z,PAINT-1, stn-05 ,2026-03-03 04:35,ENG-1282,SUP-139,EMP174,TL-042,C,Tool_42,Welding Gun,Plant-C,2026-03-03,2026-06-01,Out of Service,97.14,Ingersoll Rand,SN100041
M9237,MA1AB100000002237,WO12237,SUV Pro,GA-2,STN-05,2026-03-03 04:36,ENG-1205,SUP-096,EMP339,TL-045,C,Tool_45,Welding Gun,Plant-C,2026-03-10,2026-06-08,Active,98.94,Stanley,SN100044
M9238,MA1AB100000002238,WO12238,Sedan X,TRIM-1, stn-05 ,2026-03-03 04:37,ENG-1277,SUP-105,EMP284,TL-056,A,Tool_56,Torque Wrench,Plant-C,2026-04-06,2026-07-05,Active,97.45,Atlas Copco,SN100055
M9239,MA1AB100000002239,WO12239,Hatch Z,PAINT-1,STN-02,2026-03-03 04:38,ENG-1170,SUP-092,EMP338,TL-058,B,Tool_58,Robot Arm,Plant-C,2026-04-28,2026-07-27,Active,96.6,Stanley,SN100057
M9240,MA1AB100000002240,WO12240,Sedan X,PAINT-1,STN-05,2026-03-03 04:40,ENG-1470,SUP-161,EMP174,TL-077,C,Tool_77,Welding Gun,Plant-C,2026-04-12,2026-07-11,Active,98.71,Stanley,SN100076
M9241,MA1AB100000002241,WO12241,Hatch Z,GA-2,Stn-03,2026-03-03 04:41,ENG-1408,SUP-147,EMP171,TL-027,,Tool_27,Robot Arm,Plant-A,2026-03-13,2026-06-11,Active,95.63,Atlas Copco,SN100026
M9242,MA1AB100000002242,WO12242,Sedan X,TRIM-1,STN-01,2026-03-03 04:42,ENG-1256,SUP-140,EMP121,TL-067,A,Tool_67,Torque Wrench,Plant-A,2026-02-10,2026-05-11,Active,95.24,Bosch,SN100066
M9243,MA1AB100000002243,WO12243,Hatch Z,GA-1,STN-03,2026-03-03 04:43,ENG-1478,SUP-141,EMP184,TL-095,B,Tool_95,Nut Runner,Plant-A,2026-06-25,2026-09-23,Active,99.37,Bosch,SN100094
M9244,MA1AB100000002244,WO12244,Hatch Z,PAINT-1,STN-04,2026-03-03 04:45,ENG-1059,SUP-084,EMP291,TL-071,,Tool_71,Welding Gun,Plant-B,2026-04-11,2026-07-10,Active,98.12,Atlas Copco,SN100070
M9245,MA1AB100000002245,WO12245,Hatch Z,TRIM-1,STN-02,2026-03-03 04:46,ENG-1295,SUP-090,EMP308,TL-089,A,Tool_89,Welding Gun,Plant-B,2026-06-20,2026-09-18,Out of Service,97.46,Stanley,SN100088
M9246,MA1AB100000002246,WO12246,Sedan X,TRIM-1,STN-02,2026-03-03 04:47,ENG-1427,SUP-178,EMP196,TL-092,A,Tool_92,Nut Runner,Plant-C,2026-06-25,2026-09-23,Active,97.7,Bosch,SN100091
M9247,MA1AB100000002247,WO12247,Hatch Z,GA-1,STN-04,2026-03-03 04:48,ENG-1073,SUP-019,EMP256,TL-031,,Tool_31,Nut Runner,Plant-A,2026-01-31,2026-05-01,Active,97.01,Atlas Copco,SN100030
M9248,MA1AB100000002248,WO12248,SUV Pro,GA-2,STN-05,2026-03-03 04:50,ENG-1326,SUP-025,EMP197,TL-004,A,Tool_4,Press Tool,Plant-A,2026-01-19,2026-04-19,Active,97.49,Bosch,SN100003
M9249,MA1AB100000002249,WO12249,Sedan X,PAINT-1,STN-01,2026/03/03 04:51,ENG-1106,SUP-048,EMP136,TL-009,C,Tool_9,Press Tool,Plant-C,2026-05-31,2026-08-29,Active,98.89,Bosch,SN100008
M9250,MA1AB100000002250,WO12250,SUV Pro,GA-1,STN-04,2026-03-03 04:52,ENG-1483,SUP-092,EMP306,TL-002,C,Tool_2,Nut Runner,Plant-A,2026-04-22,2026-07-21,Active,97.47,Bosch,SN100001
M9251,MA1AB100000002251,WO12251,SUV Pro,TRIM-1,STN-03,2026-03-03 04:53,ENG-1106,SUP-078,EMP319,TL-080,,Tool_80,Robot Arm,Plant-B,2026-03-23,2026-06-21,Maintenance,97.79,Atlas Copco,SN100079
M9252,MA1AB100000002252,WO12252,Hatch Z,GA-1, stn-05 ,2026-03-03 04:55,ENG-1251,SUP-009,EMP355,TL-041,C,Tool_41,Robot Arm,Plant-A,2026-02-27,2026-05-28,Maintenance,97.13,Atlas Copco,SN100040
M9253,MA1AB100000002253,WO12253,Sedan X,PAINT-1, stn-05 ,2026-03-03 04:56,ENG-1242,SUP-099,EMP375,TL-099,A,Tool_99,Welding Gun,Plant-B,2026-05-20,2026-08-18,Active,97.05,Atlas Copco,SN100098
M9254,MA1AB100000002254,WO12254,SUV Pro,PAINT-1, stn-05 ,2026-03-03 04:57,ENG-1251,SUP-007,EMP294,TL-005,,Tool_5,Torque Wrench,Plant-C,2026-02-02,2026-05-03,Maintenance,99.68,Ingersoll Rand,SN100004
M9255,MA1AB100000002255,WO12255,Sedan X,TRIM-1,STN-03,2026-03-03 04:58,ENG-1278,SUP-024,EMP142,TL-032,A,Tool_32,Press Tool,Plant-A,2026-03-27,2026-06-25,Maintenance,97.67,Bosch,SN100031
M9256,MA1AB100000002256,WO12256,SUV Pro,TRIM-1, stn-05 ,2026-03-03 05:00,ENG-1172,SUP-062,EMP340,TL-005,C,Tool_5,Torque Wrench,Plant-C,2026-02-02,2026-05-03,Maintenance,99.68,Ingersoll Rand,SN100004
M9257,MA1AB100000002257,WO12257,SUV Pro,TRIM-1,STN-02,2026-03-03 05:01,ENG-1314,SUP-106,EMP148,TL-002,B,Tool_2,Nut Runner,Plant-A,2026-04-22,2026-07-21,Active,97.47,Bosch,SN100001
M9258,MA1AB100000002258,WO12258,Hatch Z,GA-1,STN-05,2026-03-03 05:02,ENG-1227,SUP-018,EMP357,TL-024,,Tool_24,Robot Arm,Plant-A,2026-02-23,2026-05-24,Active,96.19,Ingersoll Rand,SN100023
M9259,MA1AB100000002259,WO12259,SUV Pro,TRIM-1,Stn-03,2026-03-03 05:03,ENG-1473,SUP-138,EMP124,TL-033,A,Tool_33,Welding Gun,Plant-C,2026-02-25,2026-05-26,Active,97.63,Bosch,SN100032
M9260,MA1AB100000002260,WO12260,Hatch Z,TRIM-1,STN-02,2026-03-03 05:05,ENG-1461,SUP-116,EMP250,TL-021,A,Tool_21,Press Tool,Plant-C,2026-01-09,2026-04-09,Out of Service,95.18,Atlas Copco,SN100020
M9261,MA1AB100000002261,WO12261,SUV Pro,PAINT-1,STN-04,2026-03-03 05:06,ENG-1056,SUP-176,EMP179,TL-010,B,Tool_10,Welding Gun,Plant-B,2026-02-07,2026-05-08,Maintenance,98.91,Atlas Copco,SN100009
M9262,MA1AB100000002262,WO12262,SUV Pro,TRIM-1,STN-02,2026-03-03 05:07,ENG-1002,SUP-100,EMP190,TL-099,,Tool_99,Welding Gun,Plant-B,2026-05-20,2026-08-18,Active,97.05,Atlas Copco,SN100098
M9263,MA1AB100000002263,WO12263,Sedan X,PAINT-1,STN-02,2026-03-03 05:08,ENG-1114,SUP-088,EMP398,TL-064,B,Tool_64,Press Tool,Plant-A,2026-02-03,2026-05-04,Active,98.09,Atlas Copco,SN100063
M9264,MA1AB100000002264,WO12264,Hatch Z,TRIM-1,Stn-03,2026-03-03 05:10,ENG-1358,SUP-030,EMP151,TL-022,B,Tool_22,Press Tool,Plant-C,2026-03-22,2026-06-20,Out of Service,95.43,Bosch,SN100021
M9265,MA1AB100000002265,WO12265,Sedan X,GA-1,STN-04,2026-03-03 05:11,ENG-1254,SUP-094,EMP320,TL-003,C,Tool_3,Robot Arm,Plant-C,2026-02-25,2026-05-26,Active,97.36,Atlas Copco,SN100002
M9266,MA1AB100000002266,WO12266,Hatch Z,GA-1,STN-04,2026-03-03 05:12,ENG-1242,SUP-009,EMP242,TL-056,,Tool_56,Torque Wrench,Plant-C,2026-04-06,2026-07-05,Active,97.45,Atlas Copco,SN100055
M9267,MA1AB100000002267,WO12267,Sedan X,GA-1,STN-01,2026-03-03 05:13,ENG-1134,SUP-171,EMP283,TL-061,,Tool_61,Nut Runner,Plant-C,2026-06-29,2026-09-27,Active,99.71,Ingersoll Rand,SN100060
M9268,MA1AB100000002268,WO12268,Hatch Z,GA-2,STN-02,2026-03-03 05:15,ENG-1061,SUP-007,EMP182,TL-012,B,Tool_12,Press Tool,Plant-B,2026-05-30,2026-08-28,Out of Service,98.02,Bosch,SN100011
M9269,MA1AB100000002269,WO12269,Hatch Z,GA-2,STN-04,2026-03-03 05:16,ENG-1337,SUP-140,EMP291,TL-072,C,Tool_72,Robot Arm,Plant-C,2026-05-05,2026-08-03,Maintenance,99.87,Atlas Copco,SN100071
M9270,MA1AB100000002270,WO12270,SUV Pro,GA-1,Stn-03,2026-03-03 05:17,ENG-1336,SUP-048,EMP398,TL-053,A,Tool_53,Nut Runner,Plant-A,2026-02-27,2026-05-28,Out of Service,96.41,Stanley,SN100052
M9271,MA1AB100000002271,WO12271,Hatch Z,GA-1,STN-02,2026-03-03 05:18,ENG-1103,SUP-038,EMP253,TL-018,,Tool_18,Robot Arm,Plant-B,2026-06-15,2026-09-13,Out of Service,95.48,Stanley,SN100017
M9272,MA1AB100000002272,WO12272,Sedan X,PAINT-1,STN-01,2026-03-03 05:20,ENG-1261,SUP-004,EMP157,TL-068,C,Tool_68,Press Tool,Plant-A,2026-04-15,2026-07-14,Active,97.42,Bosch,SN100067
M9273,MA1AB100000002273,WO12273,Hatch Z,GA-1,STN-03,2026-03-03 05:21,ENG-1450,SUP-036,EMP263,TL-032,,Tool_32,Press Tool,Plant-A,2026-03-27,2026-06-25,Maintenance,97.67,Bosch,SN100031
M9274,MA1AB100000002274,WO12274,Sedan X,GA-2, stn-05 ,2026-03-03 05:22,ENG-1243,SUP-123,EMP345,TL-028,A,Tool_28,Press Tool,Plant-C,2026-01-25,2026-04-25,Out of Service,97.87,Ingersoll Rand,SN100027
M9275,MA1AB100000002275,WO12275,Sedan X,TRIM-1,STN-05,2026-03-03 05:23,ENG-1324,SUP-161,EMP377,TL-010,B,Tool_10,Welding Gun,Plant-B,2026-02-07,2026-05-08,Maintenance,98.91,Atlas Copco,SN100009
M9276,MA1AB100000002276,WO12276,Hatch Z,GA-2,Stn-03,2026-03-03 05:25,ENG-1261,SUP-038,EMP134,TL-062,A,Tool_62,Robot Arm,Plant-A,2026-04-28,2026-07-27,Out of Service,95.44,Bosch,SN100061
M9277,MA1AB100000002277,WO12277,Hatch Z,GA-2,STN-02,2026-03-03 05:26,ENG-1320,SUP-193,EMP311,TL-081,C,Tool_81,Nut Runner,Plant-A,2026-06-21,2026-09-19,Maintenance,97.61,Atlas Copco,SN100080
M9278,MA1AB100000002278,WO12278,Sedan X,PAINT-1,STN-04,2026-03-03 05:27,ENG-1030,SUP-193,EMP321,TL-006,C,Tool_6,Nut Runner,Plant-B,2026-01-25,2026-04-25,Maintenance,98.24,Ingersoll Rand,SN100005
M9279,MA1AB100000002279,WO12279,SUV Pro,GA-1,STN-02,2026-03-03 05:28,ENG-1343,SUP-186,EMP291,TL-051,,Tool_51,Nut Runner,Plant-C,2026-04-06,2026-07-05,Active,97.28,Bosch,SN100050
M9280,MA1AB100000002280,WO12280,Hatch Z,GA-2, stn-05 ,2026-03-03 05:30,ENG-1464,SUP-033,EMP345,TL-079,,Tool_79,Press Tool,Plant-C,2026-04-14,2026-07-13,Active,96.15,Ingersoll Rand,SN100078
M9281,MA1AB100000002281,WO12281,Hatch Z,GA-2,STN-02,2026-03-03 05:31,ENG-1306,SUP-134,EMP247,TL-064,A,Tool_64,Press Tool,Plant-A,2026-02-03,2026-05-04,Active,98.09,Atlas Copco,SN100063
M9282,MA1AB100000002282,WO12282,SUV Pro,GA-1,STN-04,2026-03-03 05:32,ENG-1033,SUP-144,EMP143,TL-091,B,Tool_91,Nut Runner,Plant-B,2026-03-20,2026-06-18,Active,95.45,Atlas Copco,SN100090
M9283,MA1AB100000002283,WO12283,Hatch Z,GA-1,STN-03,2026-03-03 05:33,ENG-1142,SUP-101,EMP243,TL-060,C,Tool_60,Welding Gun,Plant-B,2026-02-09,2026-05-10,Active,95.55,Atlas Copco,SN100059
M9284,MA1AB100000002284,WO12284,SUV Pro,PAINT-1,STN-03,2026-03-03 05:35,ENG-1437,SUP-121,EMP361,TL-063,,Tool_63,Welding Gun,Plant-B,2026-03-03,2026-06-01,Active,99.78,Ingersoll Rand,SN100062
M9285,MA1AB100000002285,WO12285,Hatch Z,GA-2,STN-04,2026-03-03 05:36,ENG-1172,SUP-024,EMP350,TL-044,A,Tool_44,Press Tool,Plant-C,2026-01-16,2026-04-16,Maintenance,99.03,Bosch,SN100043
M9286,MA1AB100000002286,WO12286,SUV Pro,PAINT-1,STN-03,2026-03-03 05:37,ENG-1447,SUP-074,EMP362,TL-030,C,Tool_30,Nut Runner,Plant-A,2026-02-18,2026-05-19,Out of Service,97.07,Ingersoll Rand,SN100029
M9287,MA1AB100000002287,WO12287,SUV Pro,GA-2,STN-05,2026-03-03 05:38,ENG-1097,SUP-090,EMP256,TL-025,C,Tool_25,Nut Runner,Plant-C,2026-02-19,2026-05-20,Out of Service,98.88,Atlas Copco,SN100024
M9288,MA1AB100000002288,WO12288,Hatch Z,TRIM-1,STN-03,2026-03-03 05:40,ENG-1135,SUP-154,EMP317,TL-086,B,Tool_86,Press Tool,Plant-B,2026-03-20,2026-06-18,Active,96.21,Bosch,SN100085
M9289,MA1AB100000002289,WO12289,Hatch Z,GA-2,Stn-03,2026-03-03 05:41,ENG-1394,SUP-177,EMP251,TL-025,C,Tool_25,Nut Runner,Plant-C,2026-02-19,2026-05-20,Out of Service,98.88,Atlas Copco,SN100024
M9290,MA1AB100000002290,WO12290,Hatch Z,PAINT-1,STN-02,2026-03-03 05:42,ENG-1408,SUP-119,EMP397,TL-067,B,Tool_67,Torque Wrench,Plant-A,2026-02-10,2026-05-11,Active,95.24,Bosch,SN100066
M9291,MA1AB100000002291,WO12291,Sedan X,PAINT-1, stn-05 ,2026-03-03 05:43,ENG-1126,SUP-053,EMP272,TL-024,,Tool_24,Robot Arm,Plant-A,2026-02-23,2026-05-24,Active,96.19,Ingersoll Rand,SN100023
M9292,MA1AB100000002292,WO12292,SUV Pro,GA-2,STN-04,2026-03-03 05:45,ENG-1247,SUP-184,EMP238,TL-073,,Tool_73,Welding Gun,Plant-C,2026-03-17,2026-06-15,Active,96.96,Ingersoll Rand,SN100072
M9293,MA1AB100000002293,WO12293,Hatch Z,PAINT-1,STN-02,2026-03-03 05:46,ENG-1130,SUP-156,EMP136,TL-033,A,Tool_33,Welding Gun,Plant-C,2026-02-25,2026-05-26,Active,97.63,Bosch,SN100032
M9294,MA1AB100000002294,WO12294,SUV Pro,TRIM-1,STN-01,2026-03-03 05:47,ENG-1034,SUP-049,EMP230,TL-064,,Tool_64,Press Tool,Plant-A,2026-02-03,2026-05-04,Active,98.09,Atlas Copco,SN100063
M9295,MA1AB100000002295,WO12295,Hatch Z,PAINT-1,STN-05,2026-03-03 05:48,ENG-1290,SUP-108,EMP201,TL-035,A,Tool_35,Torque Wrench,Plant-A,2026-04-06,2026-07-05,Active,95.1,Atlas Copco,SN100034
M9296,MA1AB100000002296,WO12296,SUV Pro,TRIM-1,STN-05,2026-03-03 05:50,ENG-1055,SUP-122,EMP323,TL-050,C,Tool_50,Welding Gun,Plant-C,2026-04-30,2026-07-29,Maintenance,98.51,Ingersoll Rand,SN100049
M9297,MA1AB100000002297,WO12297,Sedan X,GA-2,STN-02,2026-03-03 05:51,ENG-1062,SUP-093,EMP127,TL-006,A,Tool_6,Nut Runner,Plant-B,2026-01-25,2026-04-25,Maintenance,98.24,Ingersoll Rand,SN100005
M9298,MA1AB100000002298,WO12298,SUV Pro,GA-1,STN-05,2026-03-03 05:52,ENG-1274,SUP-069,EMP165,TL-999,A,Unknown Tool,Unknown Type,,,,,,,
M9299,MA1AB100000002299,WO12299,Hatch Z,TRIM-1,STN-02,2026-03-03 05:53,ENG-1020,SUP-170,EMP390,TL-008,A,Tool_8,Welding Gun,Plant-A,2026-06-05,2026-09-03,Maintenance,95.49,Ingersoll Rand,SN100007
M9300,MA1AB100000002300,WO12300,Sedan X,PAINT-1,STN-05,2026-03-03 05:55,ENG-1368,SUP-071,EMP245,TL-056,B,Tool_56,Torque Wrench,Plant-C,2026-04-06,2026-07-05,Active,97.45,Atlas Copco,SN100055
M9301,MA1AB100000002301,WO12301,Sedan X,GA-2,STN-05,2026-03-03 05:56,ENG-1309,SUP-147,EMP236,TL-071,C,Tool_71,Welding Gun,Plant-B,2026-04-11,2026-07-10,Active,98.12,Atlas Copco,SN100070
M9302,MA1AB100000002302,WO12302,Sedan X,GA-2,STN-01,2026-03-03 05:57,ENG-1283,SUP-150,EMP262,TL-098,B,Tool_98,Press Tool,Plant-A,2026-06-01,2026-08-30,Active,98.11,Stanley,SN100097
M9303,MA1AB100000002303,WO12303,Sedan X,TRIM-1,STN-02,2026-03-03 05:58,ENG-1277,SUP-158,EMP108,TL-021,A,Tool_21,Press Tool,Plant-C,2026-01-09,2026-04-09,Out of Service,95.18,Atlas Copco,SN100020
M9304,MA1AB100000002304,WO12304,Hatch Z,PAINT-1,Stn-03,2026-03-03 06:00,ENG-1248,SUP-032,EMP148,TL-032,,Tool_32,Press Tool,Plant-A,2026-03-27,2026-06-25,Maintenance,97.67,Bosch,SN100031
M9305,MA1AB100000002305,WO12305,Sedan X,GA-2,STN-04,2026-03-03 06:01,ENG-1312,SUP-043,EMP188,TL-029,C,Tool_29,Press Tool,Plant-C,2026-04-30,2026-07-29,Maintenance,98.95,Stanley,SN100028
M9306,MA1AB100000002306,WO12306,Sedan X,GA-1,STN-02,2026-03-03 06:02,ENG-1343,SUP-079,EMP322,TL-075,,Tool_75,Press Tool,Plant-C,2026-04-22,2026-07-21,Active,99.86,Ingersoll Rand,SN100074
M9307,MA1AB100000002307,WO12307,SUV Pro,GA-2,STN-02,2026-03-03 06:03,ENG-1051,SUP-021,EMP309,TL-092,,Tool_92,Nut Runner,Plant-C,2026-06-25,2026-09-23,Active,97.7,Bosch,SN100091
M9308,MA1AB100000002308,WO12308,SUV Pro,GA-2, stn-05 ,2026-03-03 06:05,ENG-1454,SUP-099,EMP294,TL-003,C,Tool_3,Robot Arm,Plant-C,2026-02-25,2026-05-26,Active,97.36,Atlas Copco,SN100002
M9309,MA1AB100000002309,WO12309,Sedan X,TRIM-1,STN-04,2026-03-03 06:06,ENG-1404,SUP-135,EMP275,TL-042,A,Tool_42,Welding Gun,Plant-C,2026-03-03,2026-06-01,Out of Service,97.14,Ingersoll Rand,SN100041
M9310,MA1AB100000002310,WO12310,SUV Pro,TRIM-1,Stn-03,2026-03-03 06:07,ENG-1226,SUP-156,EMP205,TL-048,B,Tool_48,Nut Runner,Plant-B,2026-04-17,2026-07-16,Active,96.56,Stanley,SN100047
M9311,MA1AB100000002311,WO12311,Hatch Z,GA-1,STN-05,2026-03-03 06:08,ENG-1428,SUP-179,EMP293,TL-022,,Tool_22,Press Tool,Plant-C,2026-03-22,2026-06-20,Out of Service,95.43,Bosch,SN100021
M9312,MA1AB100000002312,WO12312,Sedan X,GA-2,STN-03,2026-03-03 06:10,ENG-1180,SUP-104,EMP240,TL-032,C,Tool_32,Press Tool,Plant-A,2026-03-27,2026-06-25,Maintenance,97.67,Bosch,SN100031
M9313,MA1AB100000002313,WO12313,Sedan X,TRIM-1,STN-05,2026-03-03 06:11,ENG-1449,SUP-121,EMP112,TL-088,B,Tool_88,Welding Gun,Plant-B,2026-04-25,2026-07-24,Active,95.24,Stanley,SN100087
M9314,MA1AB100000002314,WO12314,Hatch Z,GA-1,STN-04,2026-03-03 06:12,ENG-1365,SUP-006,EMP299,TL-074,C,Tool_74,Robot Arm,Plant-B,2026-01-04,2026-04-04,Active,97.63,Stanley,SN100073
M9315,MA1AB100000002315,WO12315,SUV Pro,TRIM-1,STN-01,2026-03-03 06:13,ENG-1251,SUP-112,EMP328,TL-055,A,Tool_55,Nut Runner,Plant-A,2026-01-22,2026-04-22,Out of Service,95.5,Atlas Copco,SN100054
M9316,MA1AB100000002316,WO12316,SUV Pro,PAINT-1,STN-03,2026-03-03 06:15,ENG-1117,SUP-069,EMP287,TL-034,,Tool_34,Torque Wrench,Plant-A,2026-06-25,2026-09-23,Out of Service,99.85,Stanley,SN100033
M9317,MA1AB100000002317,WO12317,Sedan X,GA-2,STN-02,2026-03-03 06:16,ENG-1437,SUP-150,EMP364,TL-077,B,Tool_77,Welding Gun,Plant-C,2026-04-12,2026-07-11,Active,98.71,Stanley,SN100076
M9318,MA1AB100000002318,WO12318,Sedan X,TRIM-1,STN-03,2026-03-03 06:17,ENG-1024,SUP-195,EMP217,TL-012,B,Tool_12,Press Tool,Plant-B,2026-05-30,2026-08-28,Out of Service,98.02,Bosch,SN100011
M9319,MA1AB100000002319,WO12319,Sedan X,GA-1,STN-03,2026-03-03 06:18,ENG-1040,SUP-135,EMP230,TL-058,B,Tool_58,Robot Arm,Plant-C,2026-04-28,2026-07-27,Active,96.6,Stanley,SN100057
M9320,MA1AB100000002320,WO12320,SUV Pro,GA-2,Stn-03,2026-03-03 06:20, eng-1001 ,SUP-112,EMP242,TL-024,B,Tool_24,Robot Arm,Plant-A,2026-02-23,2026-05-24,Active,96.19,Ingersoll Rand,SN100023
M9321,MA1AB100000002321,WO12321,SUV Pro,PAINT-1,STN-02,2026-03-03 06:70,ENG-1266,SUP-018,EMP218,TL-012,A,Tool_12,Press Tool,Plant-B,2026-05-30,2026-08-28,Out of Service,98.02,Bosch,SN100011
M9322,MA1AB100000002322,WO12322,Hatch Z,GA-2,STN-03,2026-03-03 06:22,ENG-1280,SUP-121,EMP316,TL-022,B,Tool_22,Press Tool,Plant-C,2026-03-22,2026-06-20,Out of Service,95.43,Bosch,SN100021
M9323,MA1AB100000002323,WO12323,Sedan X,GA-2,STN-05,2026-03-03 06:23,ENG-1364,SUP-020,EMP134,TL-099,A,Tool_99,Welding Gun,Plant-B,2026-05-20,2026-08-18,Active,97.05,Atlas Copco,SN100098
M9324,MA1AB100000002324,WO12324,SUV Pro,GA-2,STN-05,2026-03-03 06:25,ENG-1063,SUP-200,EMP336,TL-071,C,Tool_71,Welding Gun,Plant-B,2026-04-11,2026-07-10,Active,98.12,Atlas Copco,SN100070
M9325,MA1AB100000002325,WO12325,Hatch Z,GA-2,STN-02,2026-03-03 06:26,ENG-1273,SUP-048,EMP225,TL-999,A,Unknown Tool,Unknown Type,,,,,,,
M9326,MA1AB100000002326,WO12326,SUV Pro,GA-2,Stn-03,2026-03-03 06:27,ENG-1139,SUP-132,EMP110,TL-065,A,Tool_65,Torque Wrench,Plant-C,2026-01-31,2026-05-01,Maintenance,97.24,Bosch,SN100064
M9327,MA1AB100000002327,WO12327,SUV Pro,GA-2,STN-02,2026-03-03 06:28,ENG-1024,SUP-121,EMP179,TL-017,B,Tool_17,Torque Wrench,Plant-C,2026-01-08,2026-04-08,Maintenance,96.84,Atlas Copco,SN100016
M9328,MA1AB100000002328,WO12328,Hatch Z,PAINT-1,STN-05,2026-03-03 06:30,ENG-1400,SUP-072,EMP336,TL-032,,Tool_32,Press Tool,Plant-A,2026-03-27,2026-06-25,Maintenance,97.67,Bosch,SN100031
M9329,MA1AB100000002329,WO12329,Sedan X,GA-1, stn-05 ,2026-03-03 06:31,ENG-1127,SUP-042,EMP121,TL-009,,Tool_9,Press Tool,Plant-C,2026-05-31,2026-08-29,Active,98.89,Bosch,SN100008
M9330,MA1AB100000002330,WO12330,Sedan X,GA-1,STN-03,2026-03-03 06:32,ENG-1235,SUP-136,EMP350,TL-087,,Tool_87,Robot Arm,Plant-B,2026-02-09,2026-05-10,Maintenance,99.98,Stanley,SN100086
M9331,XX1 2 3 4,WO12331,Hatch Z,TRIM-1,STN-05,2026-03-03 06:33,ENG-1238,SUP-166,EMP366,TL-046,,Tool_46,Torque Wrench,Plant-C,2026-01-19,2026-04-19,Active,95.51,Ingersoll Rand,SN100045
M9332,MA1AB100000002332,WO12332,SUV Pro,TRIM-1,STN-02,2026-03-03 06:35,ENG-1257,SUP-128,EMP164,TL-005,B,Tool_5,Torque Wrench,Plant-C,2026-02-02,2026-05-03,Maintenance,99.68,Ingersoll Rand,SN100004
M9333,MA1AB100000002333,WO12333,Sedan X,PAINT-1,Stn-03,2026-03-03 06:36,ENG-1152,SUP-030,EMP311,TL-049,,Tool_49,Press Tool,Plant-A,2026-01-18,2026-04-18,Active,97.7,Atlas Copco,SN100048
M9334,MA1AB100000002334,WO12334,SUV Pro,PAINT-1,STN-01,2026-03-03 06:37,ENG-1161,SUP-125,EMP201,TL-097,A,Tool_97,Nut Runner,Plant-A,2026-04-22,2026-07-21,Active,99.35,Ingersoll Rand,SN100096
M9335,MA1AB100000002335,WO12335,Sedan X,TRIM-1,Stn-03,2026-03-03 06:38,ENG-1326,SUP-193,EMP175,TL-058,B,Tool_58,Robot Arm,Plant-C,2026-04-28,2026-07-27,Active,96.6,Stanley,SN100057
M9336,MA1AB100000002336,WO12336,Hatch Z,PAINT-1,STN-04,2026-03-03 06:40,ENG-1125,SUP-037,EMP108,TL-030,,Tool_30,Nut Runner,Plant-A,2026-02-18,2026-05-19,Out of Service,97.07,Ingersoll Rand,SN100029
M9337,MA1AB100000002337,WO12337,SUV Pro,TRIM-1,STN-04,2026-03-03 06:41,ENG-1238,SUP-183,EMP338,TL-048,B,Tool_48,Nut Runner,Plant-B,2026-04-17,2026-07-16,Active,96.56,Stanley,SN100047
M9338,MA1AB100000002338,WO12338,SUV Pro,GA-2,STN-04,2026-03-03 06:42,ENG-1491,SUP-014,EMP225,TL-019,A,Tool_19,Torque Wrench,Plant-B,2026-05-30,2026-08-28,Active,96.08,Atlas Copco,SN100018
M9339,MA1AB100000002339,WO12339,SUV Pro,PAINT-1,STN-01,2026-03-03 06:43,ENG-1179,SUP-120,EMP297,TL-084,,Tool_84,Torque Wrench,Plant-C,2026-02-03,2026-05-04,Out of Service,97.78,Ingersoll Rand,SN100083
M9340,MA1AB100000002340,WO12340,Sedan X,PAINT-1,STN-03,2026-03-03 06:45,ENG-1420,SUP-132,EMP382,TL-062,A,Tool_62,Robot Arm,Plant-A,2026-04-28,2026-07-27,Out of Service,95.44,Bosch,SN100061
M9341,MA1AB100000002341,WO12341,SUV Pro,GA-1,STN-03,2026-03-03 06:46,ENG-1169,SUP-050,EMP258,TL-065,B,Tool_65,Torque Wrench,Plant-C,2026-01-31,2026-05-01,Maintenance,97.24,Bosch,SN100064
M9342,MA1AB100000002342,WO12342,Sedan X,GA-1,STN-02,2026-03-03 06:47,ENG-1381,SUP-183,EMP387,TL-035,A,Tool_35,Torque Wrench,Plant-A,2026-04-06,2026-07-05,Active,95.1,Atlas Copco,SN100034
M9343,MA1AB100000002343,WO12343,Sedan X,GA-2, stn-05 ,2026-03-03 06:48,ENG-1266,SUP-096,EMP112,TL-058,,Tool_58,Robot Arm,Plant-C,2026-04-28,2026-07-27,Active,96.6,Stanley,SN100057
M9344,MA1AB100000002344,WO12344,SUV Pro,TRIM-1,STN-03,2026-03-03 06:50,ENG-1318,SUP-084,EMP245,TL-048,A,Tool_48,Nut Runner,Plant-B,2026-04-17,2026-07-16,Active,96.56,Stanley,SN100047
M9345,MA1AB100000002345,WO12345,Hatch Z,GA-1,STN-04,2026-03-03 06:51,ENG-1388,SUP-125,EMP321,TL-098,A,Tool_98,Press Tool,Plant-A,2026-06-01,2026-08-30,Active,98.11,Stanley,SN100097
M9346,MA1AB100000002346,WO12346,Hatch Z,GA-1,STN-02,2026-03-03 06:52,ENG-1477,SUP-097,EMP269,TL-085,,Tool_85,Nut Runner,Plant-A,2026-01-29,2026-04-29,Out of Service,98.68,Stanley,SN100084
M9347,MA1AB100000002347,WO12347,Hatch Z,PAINT-1,STN-02,2026-03-03 06:53,ENG-1072,SUP-196,EMP200,TL-012,,Tool_12,Press Tool,Plant-B,2026-05-30,2026-08-28,Out of Service,98.02,Bosch,SN100011
M9348,MA1AB100000002348,WO12348,SUV Pro,TRIM-1,STN-02,2026-03-03 06:55,ENG-1021,SUP-012,EMP255,TL-002,B,Tool_2,Nut Runner,Plant-A,2026-04-22,2026-07-21,Active,97.47,Bosch,SN100001
M9349,MA1AB100000002349,WO12349,Sedan X,TRIM-1,STN-05,2026-03-03 06:56,ENG-1099,SUP-107,EMP177,TL-055,C,Tool_55,Nut Runner,Plant-A,2026-01-22,2026-04-22,Out of Service,95.5,Atlas Copco,SN100054
M9350,MA1AB100000002350,WO12350,Sedan X,GA-1,STN-01,2026-03-03 06:57,ENG-1083,SUP-010,EMP235,TL-094,,Tool_94,Press Tool,Plant-C,2026-05-10,2026-08-08,Maintenance,98.64,Stanley,SN100093
M9351,MA1AB100000002351,WO12351,Sedan X,GA-2,STN-04,2026-03-03 06:58,ENG-1468,SUP-043,EMP352,TL-015,A,Tool_15,Robot Arm,Plant-C,2026-05-26,2026-08-24,Out of Service,97.88,Atlas Copco,SN100014
M9352,MA1AB100000002352,WO12352,Hatch Z,TRIM-1,Stn-03,2026-03-03 07:00,ENG-1460,SUP-088,EMP290,TL-061,C,Tool_61,Nut Runner,Plant-C,2026-06-29,2026-09-27,Active,99.71,Ingersoll Rand,SN100060
M9353,MA1AB100000002353,WO12353,Hatch Z,PAINT-1, stn-05 ,2026-03-03 07:01,ENG-1340,SUP-084,EMP369,TL-020,C,Tool_20,Robot Arm,Plant-C,2026-06-24,2026-09-22,Active,99.27,Ingersoll Rand,SN100019
M9354,MA1AB100000002354,WO12354,Hatch Z,GA-2,STN-02,2026-03-03 07:02,ENG-1417,SUP-006,EMP322,TL-062,C,Tool_62,Robot Arm,Plant-A,2026-04-28,2026-07-27,Out of Service,95.44,Bosch,SN100061
M9355,MA1AB100000002355,WO12355,SUV Pro,PAINT-1,STN-04,2026-03-03 07:03,ENG-1498,SUP-186,EMP307,TL-007,C,Tool_7,Nut Runner,Plant-B,2026-06-11,2026-09-09,Out of Service,95.88,Stanley,SN100006
M9356,MA1AB100000002356,WO12356,SUV Pro,GA-1,Stn-03,2026-03-03 07:05,ENG-1075,SUP-143,EMP214,TL-999,B,Unknown Tool,Unknown Type,,,,,,,
M9357,MA1AB100000002357,WO12357,Sedan X,TRIM-1,STN-02,2026-03-03 07:06,ENG-1474,SUP-026,EMP377,TL-065,C,Tool_65,Torque Wrench,Plant-C,2026-01-31,2026-05-01,Maintenance,97.24,Bosch,SN100064
M9358,MA1AB100000002358,WO12358,SUV Pro,TRIM-1,STN-04,2026-03-03 07:07,ENG-1290,SUP-085,EMP253,TL-011,B,Tool_11,Welding Gun,Plant-B,2026-01-03,2026-04-03,Out of Service,99.43,Atlas Copco,SN100010
M9359,MA1AB100000002359,WO12359,Sedan X,TRIM-1, stn-05 ,2026-03-03 07:08,ENG-1033,SUP-199,EMP260,TL-008,,Tool_8,Welding Gun,Plant-A,2026-06-05,2026-09-03,Maintenance,95.49,Ingersoll Rand,SN100007
M9360,MA1AB100000002360,WO12360,SUV Pro,TRIM-1,STN-02,2026-03-03 07:10,ENG-1212,SUP-122,EMP115,TL-043,C,Tool_43,Torque Wrench,Plant-B,2026-04-28,2026-07-27,Active,96.51,Ingersoll Rand,SN100042
M9361,MA1AB100000002361,WO12361,Sedan X,PAINT-1,STN-02,2026-03-03 07:11,ENG-1249,SUP-126,EMP302,TL-076,B,Tool_76,Welding Gun,Plant-C,2026-02-22,2026-05-23,Maintenance,98.13,Ingersoll Rand,SN100075
M9362,MA1AB100000002362,WO12362,SUV Pro,TRIM-1,Stn-03,2026-03-03 07:12,ENG-1120,SUP-074,EMP224,TL-079,B,Tool_79,Press Tool,Plant-C,2026-04-14,2026-07-13,Active,96.15,Ingersoll Rand,SN100078
M9363,MA1AB100000002363,WO12363,SUV Pro,GA-2,STN-05,2026-03-03 07:13,ENG-1167,SUP-152,EMP292,TL-011,A,Tool_11,Welding Gun,Plant-B,2026-01-03,2026-04-03,Out of Service,99.43,Atlas Copco,SN100010
M9364,MA1AB100000002364,WO12364,Sedan X,GA-1,Stn-03,2026-03-03 07:15,ENG-1377,SUP-003,EMP176,TL-070,,Tool_70,Robot Arm,Plant-C,2026-04-23,2026-07-22,Maintenance,98.03,Bosch,SN100069
M9365,MA1AB100000002365,WO12365,SUV Pro,GA-1,Stn-03,2026-03-03 07:16,ENG-1413,SUP-179,EMP177,TL-007,A,Tool_7,Nut Runner,Plant-B,2026-06-11,2026-09-09,Out of Service,95.88,Stanley,SN100006
M9366,MA1AB100000002366,WO12366,SUV Pro,GA-2,STN-01,2026-03-03 07:17,ENG-1068,SUP-075,EMP287,TL-087,C,Tool_87,Robot Arm,Plant-B,2026-02-09,2026-05-10,Maintenance,99.98,Stanley,SN100086
M9367,MA1AB100000002367,WO12367,Hatch Z,GA-1,STN-01,2026-03-03 07:18,ENG-1084,SUP-080,EMP269,TL-013,A,Tool_13,Nut Runner,Plant-B,2026-04-05,2026-07-04,Active,99.14,Bosch,SN100012
M9368,MA1AB100000002368,WO12368,Hatch Z,GA-1,STN-01,2026-03-03 07:20,ENG-1314,SUP-001,EMP198,TL-022,,Tool_22,Press Tool,Plant-C,2026-03-22,2026-06-20,Out of Service,95.43,Bosch,SN100021
M9369,MA1AB100000002369,WO12369,SUV Pro,GA-1,STN-03,2026-03-03 07:21,ENG-1303,SUP-075,EMP369,TL-010,C,Tool_10,Welding Gun,Plant-B,2026-02-07,2026-05-08,Maintenance,98.91,Atlas Copco,SN100009
M9370,MA1AB100000002370,WO12370,Sedan X,GA-1,STN-04,2026-03-03 07:22,ENG-1310,SUP-067,EMP180,TL-083,A,Tool_83,Nut Runner,Plant-A,2026-01-22,2026-04-22,Out of Service,98.35,Bosch,SN100082
M9371,MA1AB100000002371,WO12371,SUV Pro,GA-2, stn-05 ,2026-03-03 07:23,ENG-1145,SUP-009,EMP301,TL-044,B,Tool_44,Press Tool,Plant-C,2026-01-16,2026-04-16,Maintenance,99.03,Bosch,SN100043
M9372,MA1AB100000002372,WO12372,Hatch Z,TRIM-1,Stn-03,2026-03-03 07:25,ENG-1231,SUP-092,EMP360,TL-040,C,Tool_40,Welding Gun,Plant-A,2026-04-02,2026-07-01,Active,98.84,Atlas Copco,SN100039
M9373,MA1AB100000002373,WO12373,Hatch Z,TRIM-1,STN-04,2026-03-03 07:26,ENG-1413,SUP-061,EMP258,TL-086,C,Tool_86,Press Tool,Plant-B,2026-03-20,2026-06-18,Active,96.21,Bosch,SN100085
M9374,MA1AB100000002374,WO12374,Sedan X,GA-2,STN-04,2026-03-03 07:27,ENG-1076,SUP-181,EMP179,TL-005,A,Tool_5,Torque Wrench,Plant-C,2026-02-02,2026-05-03,Maintenance,99.68,Ingersoll Rand,SN100004
M9375,MA1AB100000002375,WO12375,Sedan X,GA-1,STN-02,2026-03-03 07:28,ENG-1055,SUP-115,EMP164,TL-020,A,Tool_20,Robot Arm,Plant-C,2026-06-24,2026-09-22,Active,99.27,Ingersoll Rand,SN100019
M9376,MA1AB100000002376,WO12376,SUV Pro,PAINT-1, stn-05 ,2026-03-03 07:30,ENG-1163,SUP-149,EMP222,TL-092,,Tool_92,Nut Runner,Plant-C,2026-06-25,2026-09-23,Active,97.7,Bosch,SN100091
M9377,MA1AB100000002377,WO12377,SUV Pro,TRIM-1,STN-01,2026-03-03 07:31,ENG-1476,SUP-165,EMP382,TL-094,C,Tool_94,Press Tool,Plant-C,2026-05-10,2026-08-08,Maintenance,98.64,Stanley,SN100093
M9378,MA1AB100000002378,WO12378,Hatch Z,GA-2,STN-04,2026-03-03 07:32,ENG-1335,SUP-009,EMP286,TL-021,,Tool_21,Press Tool,Plant-C,2026-01-09,2026-04-09,Out of Service,95.18,Atlas Copco,SN100020
M9379,MA1AB100000002379,WO12379,Sedan X,PAINT-1,STN-01,2026-03-03 07:33,ENG-1025,SUP-009,EMP229,TL-050,B,Tool_50,Welding Gun,Plant-C,2026-04-30,2026-07-29,Maintenance,98.51,Ingersoll Rand,SN100049
M9380,MA1AB100000002380,WO12380,SUV Pro,TRIM-1, stn-05 ,2026-03-03 07:35,ENG-1494,SUP-102,EMP265,TL-058,B,Tool_58,Robot Arm,Plant-C,2026-04-28,2026-07-27,Active,96.6,Stanley,SN100057
M9381,MA1AB100000002381,WO12381,SUV Pro,TRIM-1, stn-05 ,2026-03-03 07:36,ENG-1161,SUP-193,EMP390,TL-090,B,Tool_90,Nut Runner,Plant-C,2026-05-12,2026-08-10,Out of Service,97.28,Stanley,SN100089
M9382,MA1AB100000002382,WO12382,Sedan X,GA-2,STN-03,2026-03-03 07:37,ENG-1212,SUP-024,EMP349,TL-043,B,Tool_43,Torque Wrench,Plant-B,2026-04-28,2026-07-27,Active,96.51,Ingersoll Rand,SN100042
M9383,MA1AB100000002383,WO12383,Sedan X,GA-2,STN-02,2026-03-03 07:38,ENG-1262,SUP-155,EMP353,TL-036,B,Tool_36,Nut Runner,Plant-B,2026-02-08,2026-05-09,Active,95.2,Stanley,SN100035
M9384,MA1AB100000002384,WO12384,Hatch Z,GA-2,STN-04,2026-03-03 07:40,ENG-1019,SUP-198,EMP104,TL-081,C,Tool_81,Nut Runner,Plant-A,2026-06-21,2026-09-19,Maintenance,97.61,Atlas Copco,SN100080
M9385,MA1AB100000002385,WO12385,Hatch Z,PAINT-1,Stn-03,2026-03-03 07:41,ENG-1314,SUP-096,EMP272,TL-001,A,Tool_1,Welding Gun,Plant-A,2026-05-21,2026-08-19,Maintenance,98.97,Bosch,SN100000
M9386,MA1AB100000002386,WO12386,SUV Pro,GA-2,STN-02,2026-03-03 07:42,ENG-1075,SUP-086,EMP358,TL-036,,Tool_36,Nut Runner,Plant-B,2026-02-08,2026-05-09,Active,95.2,Stanley,SN100035
M9387,MA1AB100000002387,WO12387,Hatch Z,GA-2,STN-04,2026-03-03 07:43,ENG-1394,SUP-188,EMP120,TL-059,C,Tool_59,Robot Arm,Plant-B,2026-04-15,2026-07-14,Active,95.72,Stanley,SN100058
M9388,MA1AB100000002388,WO12388,Hatch Z,TRIM-1,STN-01,2026-03-03 07:45,ENG-1145,SUP-086,EMP109,TL-053,A,Tool_53,Nut Runner,Plant-A,2026-02-27,2026-05-28,Out of Service,96.41,Stanley,SN100052
M9389,MA1AB100000002389,WO12389,SUV Pro,TRIM-1,STN-04,2026-03-03 07:46,ENG-1468,SUP-156,EMP392,TL-030,C,Tool_30,Nut Runner,Plant-A,2026-02-18,2026-05-19,Out of Service,97.07,Ingersoll Rand,SN100029
M9390,MA1AB100000002390,WO12390,Hatch Z,GA-2,STN-04,2026-03-03 07:47,ENG-1135,SUP-077,EMP119,TL-030,C,Tool_30,Nut Runner,Plant-A,2026-02-18,2026-05-19,Out of Service,97.07,Ingersoll Rand,SN100029
M9391,MA1AB100000002391,WO12391,SUV Pro,PAINT-1,STN-01,2026-03-03 07:48,ENG-1271,SUP-059,EMP120,TL-029,,Tool_29,Press Tool,Plant-C,2026-04-30,2026-07-29,Maintenance,98.95,Stanley,SN100028
M9392,MA1AB100000002392,WO12392,Sedan X,TRIM-1,STN-01,2026-03-03 07:50,ENG-1220,SUP-013,EMP138,TL-036,,Tool_36,Nut Runner,Plant-B,2026-02-08,2026-05-09,Active,95.2,Stanley,SN100035
M9393,MA1AB100000002393,WO12393,Sedan X,PAINT-1,Stn-03,2026-03-03 07:51,ENG-1307,SUP-170,EMP126,TL-064,B,Tool_64,Press Tool,Plant-A,2026-02-03,2026-05-04,Active,98.09,Atlas Copco,SN100063
M9394,MA1AB100000002394,WO12394,Hatch Z,PAINT-1,Stn-03,2026-03-03 07:52,ENG-1059,SUP-061,EMP299,TL-072,C,Tool_72,Robot Arm,Plant-C,2026-05-05,2026-08-03,Maintenance,99.87,Atlas Copco,SN100071
M9395,MA1AB100000002395,WO12395,Sedan X,GA-2,STN-01,2026-03-03 07:53,ENG-1350,SUP-110,EMP140,TL-043,B,Tool_43,Torque Wrench,Plant-B,2026-04-28,2026-07-27,Active,96.51,Ingersoll Rand,SN100042
M9396,MA1AB100000002396,WO12396,SUV Pro,GA-1,STN-01,2026-03-03 07:55,ENG-1066,SUP-192,EMP232,TL-022,C,Tool_22,Press Tool,Plant-C,2026-03-22,2026-06-20,Out of Service,95.43,Bosch,SN100021
M9397,MA1AB100000002397,WO12397,Hatch Z,PAINT-1,STN-04,2026-03-03 07:56,ENG-1082,SUP-110,EMP204,TL-094,B,Tool_94,Press Tool,Plant-C,2026-05-10,2026-08-08,Maintenance,98.64,Stanley,SN100093
M9398,MA1AB100000002398,WO12398,SUV Pro,GA-1,Stn-03,2026-03-03 07:57,ENG-1477,SUP-074,EMP258,TL-070,A,Tool_70,Robot Arm,Plant-C,2026-04-23,2026-07-22,Maintenance,98.03,Bosch,SN100069
M9399,MA1AB100000002399,WO12399,Sedan X,GA-2,Stn-03,2026-03-03 07:58,ENG-1062,SUP-001,EMP222,TL-009,C,Tool_9,Press Tool,Plant-C,2026-05-31,2026-08-29,Active,98.89,Bosch,SN100008
M9400,MA1AB100000002400,WO12400,Sedan X,GA-1,Stn-03,2026-03-03 08:00,ENG-1231,SUP-087,EMP162,TL-065,,Tool_65,Torque Wrench,Plant-C,2026-01-31,2026-05-01,Maintenance,97.24,Bosch,SN100064
M9401,MA1AB100000002401,WO12401,Hatch Z,GA-1,STN-04,2026-03-03 08:01,ENG-1342,SUP-158,EMP242,TL-999,A,Unknown Tool,Unknown Type,,,,,,,
M9402,MA1AB100000002402,WO12402,SUV Pro,GA-1,STN-03,2026-03-03 08:02,ENG-1090,SUP-100,EMP196,TL-070,C,Tool_70,Robot Arm,Plant-C,2026-04-23,2026-07-22,Maintenance,98.03,Bosch,SN100069
M9403,MA1AB100000002403,WO12403,Hatch Z,GA-1,STN-05,2026-03-03 08:03,ENG-1411,SUP-197,EMP144,TL-009,B,Tool_9,Press Tool,Plant-C,2026-05-31,2026-08-29,Active,98.89,Bosch,SN100008
M9404,MA1AB100000002404,WO12404,Sedan X,PAINT-1,STN-02,2026-03-03 08:05,ENG-1267,SUP-177,EMP373,TL-025,,Tool_25,Nut Runner,Plant-C,2026-02-19,2026-05-20,Out of Service,98.88,Atlas Copco,SN100024
M9405,MA1AB100000002405,WO12405,Hatch Z,PAINT-1,STN-01,2026-03-03 08:06,ENG-1174,SUP-100,EMP321,TL-014,,Tool_14,Nut Runner,Plant-A,2026-02-27,2026-05-28,Maintenance,99.68,Stanley,SN100013
M9406,MA1AB100000002406,WO12406,Sedan X,GA-2,STN-02,2026-03-03 08:07,ENG-1317,SUP-164,EMP347,TL-100,A,Tool_100,Welding Gun,Plant-A,2026-04-25,2026-07-24,Maintenance,97.13,Ingersoll Rand,SN100099
M9407,MA1AB100000002407,WO12407,Hatch Z,GA-2,Stn-03,2026-03-03 08:08,ENG-1336,SUP-200,EMP353,TL-072,,Tool_72,Robot Arm,Plant-C,2026-05-05,2026-08-03,Maintenance,99.87,Atlas Copco,SN100071
M9408,MA1AB100000002408,WO12408,SUV Pro,PAINT-1, stn-05 ,2026-03-03 08:10,ENG-1188,SUP-051,EMP121,TL-005,,Tool_5,Torque Wrench,Plant-C,2026-02-02,2026-05-03,Maintenance,99.68,Ingersoll Rand,SN100004
M9409,MA1AB100000002409,WO12409,Sedan X,GA-1,STN-05,2026-03-03 08:11,ENG-1181,SUP-005,EMP290,TL-084,C,Tool_84,Torque Wrench,Plant-C,2026-02-03,2026-05-04,Out of Service,97.78,Ingersoll Rand,SN100083
M9410,MA1AB100000002410,WO12410,SUV Pro,GA-1,STN-03,2026-03-03 08:12,ENG-1441,SUP-119,EMP143,TL-018,A,Tool_18,Robot Arm,Plant-B,2026-06-15,2026-09-13,Out of Service,95.48,Stanley,SN100017
M9411,MA1AB100000002411,WO12411,Hatch Z,GA-1,STN-05,2026-03-03 08:13,ENG-1069,SUP-122,EMP353,TL-071,C,Tool_71,Welding Gun,Plant-B,2026-04-11,2026-07-10,Active,98.12,Atlas Copco,SN100070
M9412,MA1AB100000002412,WO12412,Sedan X,GA-1,Stn-03,2026-03-03 08:15,ENG-1427,SUP-164,EMP262,TL-032,C,Tool_32,Press Tool,Plant-A,2026-03-27,2026-06-25,Maintenance,97.67,Bosch,SN100031
M9413,MA1AB100000002413,WO12413,Hatch Z,TRIM-1,STN-03,2026-03-03 08:16,ENG-1019,SUP-028,EMP128,TL-039,B,Tool_39,Nut Runner,Plant-C,2026-02-15,2026-05-16,Maintenance,97.07,Ingersoll Rand,SN100038
M9414,MA1AB100000002414,WO12414,Hatch Z,PAINT-1,Stn-03,2026-03-03 08:17,ENG-1194,SUP-040,EMP243,TL-044,,Tool_44,Press Tool,Plant-C,2026-01-16,2026-04-16,Maintenance,99.03,Bosch,SN100043
M9415,MA1AB100000002415,WO12415,Sedan X,PAINT-1,STN-01,2026-03-03 08:18,ENG-1255,SUP-079,EMP253,TL-053,A,Tool_53,Nut Runner,Plant-A,2026-02-27,2026-05-28,Out of Service,96.41,Stanley,SN100052
M9416,MA1AB100000002416,WO12416,Sedan X,PAINT-1,STN-03,2026-03-03 08:20,ENG-1094,SUP-183,EMP147,TL-018,A,Tool_18,Robot Arm,Plant-B,2026-06-15,2026-09-13,Out of Service,95.48,Stanley,SN100017
M9417,MA1AB100000002417,WO12417,SUV Pro,GA-1,STN-01,2026-03-03 08:21,ENG-1499,SUP-068,EMP270,TL-041,A,Tool_41,Robot Arm,Plant-A,2026-02-27,2026-05-28,Maintenance,97.13,Atlas Copco,SN100040
M9418,MA1AB100000002418,WO12418,Sedan X,GA-2,STN-05,2026-03-03 08:22,ENG-1409,SUP-021,EMP218,TL-007,C,Tool_7,Nut Runner,Plant-B,2026-06-11,2026-09-09,Out of Service,95.88,Stanley,SN100006
M9419,MA1AB100000002419,WO12419,SUV Pro,GA-1,Stn-03,2026-03-03 08:23,ENG-1364,SUP-141,EMP395,TL-089,C,Tool_89,Welding Gun,Plant-B,2026-06-20,2026-09-18,Out of Service,97.46,Stanley,SN100088
M9420,MA1AB100000002420,WO12420,Hatch Z,PAINT-1,STN-01,2026-03-03 08:25,ENG-1458,SUP-104,EMP120,TL-040,,Tool_40,Welding Gun,Plant-A,2026-04-02,2026-07-01,Active,98.84,Atlas Copco,SN100039
M9421,MA1AB100000002421,WO12421,Sedan X,PAINT-1,STN-03,2026-03-03 08:26,ENG-1379,SUP-014,EMP170,TL-009,A,Tool_9,Press Tool,Plant-C,2026-05-31,2026-08-29,Active,98.89,Bosch,SN100008
M9422,MA1AB100000002422,WO12422,Hatch Z,GA-1,STN-01,2026/03/03 08:27,ENG-1456,SUP-123,EMP121,TL-061,C,Tool_61,Nut Runner,Plant-C,2026-06-29,2026-09-27,Active,99.71,Ingersoll Rand,SN100060
M9423,MA1AB100000002423,WO12423,SUV Pro,GA-1,STN-03,2026-03-03 08:28,ENG-1081,SUP-152,EMP387,TL-032,A,Tool_32,Press Tool,Plant-A,2026-03-27,2026-06-25,Maintenance,97.67,Bosch,SN100031
M9424,MA1AB100000002424,WO12424,SUV Pro,GA-2,STN-02,2026-03-03 08:30,ENG-1332,SUP-146,EMP153,TL-081,A,Tool_81,Nut Runner,Plant-A,2026-06-21,2026-09-19,Maintenance,97.61,Atlas Copco,SN100080
M9425,MA1AB100000002425,WO12425,SUV Pro,GA-2, stn-05 ,2026-03-03 08:31,ENG-1362,SUP-033,EMP186,TL-095,B,Tool_95,Nut Runner,Plant-A,2026-06-25,2026-09-23,Active,99.37,Bosch,SN100094
M9426,MA1AB100000002426,WO12426,SUV Pro,GA-1, stn-05 ,2026-03-03 08:32,ENG-1267,SUP-070,EMP395,TL-094,B,Tool_94,Press Tool,Plant-C,2026-05-10,2026-08-08,Maintenance,98.64,Stanley,SN100093
M9427,MA1AB100000002427,WO12427,SUV Pro,GA-2,STN-01,2026-03-03 08:33,ENG-1220,SUP-055,EMP298,TL-025,C,Tool_25,Nut Runner,Plant-C,2026-02-19,2026-05-20,Out of Service,98.88,Atlas Copco,SN100024
M9428,MA1AB100000002428,WO12428,SUV Pro,GA-2,STN-04,2026-03-03 08:35,ENG-1498,SUP-152,EMP310,TL-075,C,Tool_75,Press Tool,Plant-C,2026-04-22,2026-07-21,Active,99.86,Ingersoll Rand,SN100074
M9429,MA1AB100000002429,WO12429,SUV Pro,GA-2,STN-05,2026-03-03 08:36,ENG-1438,SUP-032,EMP315,TL-033,,Tool_33,Welding Gun,Plant-C,2026-02-25,2026-05-26,Active,97.63,Bosch,SN100032
M9430,MA1AB100000002430,WO12430,Sedan X,GA-1,STN-04,2026-03-03 08:37,ENG-1302,SUP-049,EMP229,TL-089,B,Tool_89,Welding Gun,Plant-B,2026-06-20,2026-09-18,Out of Service,97.46,Stanley,SN100088
M9431,MA1AB100000002431,WO12431,Hatch Z,GA-2,Stn-03,2026-03-03 08:38,ENG-1328,SUP-149,EMP161,TL-086,B,Tool_86,Press Tool,Plant-B,2026-03-20,2026-06-18,Active,96.21,Bosch,SN100085
M9432,MA1AB100000002432,WO12432,Sedan X,GA-1,STN-02,2026-03-03 08:40,ENG-1127,SUP-191,EMP123,TL-094,A,Tool_94,Press Tool,Plant-C,2026-05-10,2026-08-08,Maintenance,98.64,Stanley,SN100093
M9433,MA1AB100000002433,WO12433,Hatch Z,TRIM-1,STN-02,2026-03-03 08:41,ENG-1494,SUP-056,EMP241,TL-015,A,Tool_15,Robot Arm,Plant-C,2026-05-26,2026-08-24,Out of Service,97.88,Atlas Copco,SN100014
M9434,MA1AB100000002434,WO12434,Hatch Z,GA-2, stn-05 ,2026-03-03 08:42,ENG-1056,SUP-179,EMP107,TL-053,A,Tool_53,Nut Runner,Plant-A,2026-02-27,2026-05-28,Out of Service,96.41,Stanley,SN100052
M9435,MA1AB100000002435,WO12435,SUV Pro,GA-2,STN-04,2026-03-03 08:43,ENG-1073,SUP-038,EMP163,TL-048,C,Tool_48,Nut Runner,Plant-B,2026-04-17,2026-07-16,Active,96.56,Stanley,SN100047
M9436,MA1AB100000002436,WO12436,SUV Pro,TRIM-1, stn-05 ,2026-03-03 08:45,ENG-1265,SUP-175,EMP240,TL-057,B,Tool_57,Welding Gun,Plant-A,2026-05-01,2026-07-30,Active,98.96,Bosch,SN100056
M9437,MA1AB100000002437,WO12437,Hatch Z,GA-2,STN-02,2026-03-03 08:46,ENG-1199,SUP-091,EMP196,TL-086,B,Tool_86,Press Tool,Plant-B,2026-03-20,2026-06-18,Active,96.21,Bosch,SN100085
M9438,MA1AB100000002438,WO12438,SUV Pro,TRIM-1,STN-03,2026-03-03 08:47,ENG-1223,SUP-013,EMP229,TL-001,,Tool_1,Welding Gun,Plant-A,2026-05-21,2026-08-19,Maintenance,98.97,Bosch,SN100000
M9439,MA1AB100000002439,WO12439,SUV Pro,GA-2,STN-01,2026-03-03 08:48,ENG-1400,SUP-016,EMP334,TL-068,C,Tool_68,Press Tool,Plant-A,2026-04-15,2026-07-14,Active,97.42,Bosch,SN100067
M9440,MA1AB100000002440,WO12440,Sedan X,TRIM-1,STN-01,2026-03-03 08:50,ENG-1451,SUP-074,EMP172,TL-037,C,Tool_37,Torque Wrench,Plant-A,2026-02-12,2026-05-13,Maintenance,95.39,Bosch,SN100036
M9441,MA1AB100000002441,WO12441,Sedan X,TRIM-1,Stn-03,2026-03-03 08:51,ENG-1007,SUP-122,EMP371,TL-009,,Tool_9,Press Tool,Plant-C,2026-05-31,2026-08-29,Active,98.89,Bosch,SN100008
M9442,MA1AB100000002442,WO12442,SUV Pro,PAINT-1, stn-05 ,2026-03-03 08:52,ENG-1114,,EMP330,TL-026,C,Tool_26,Robot Arm,Plant-A,2026-05-25,2026-08-23,Out of Service,99.11,Atlas Copco,SN100025
M9443,MA1AB100000002443,WO12443,SUV Pro,TRIM-1,STN-03,2026-03-03 08:53,ENG-1082,SUP-123,EMP212,TL-057,B,Tool_57,Welding Gun,Plant-A,2026-05-01,2026-07-30,Active,98.96,Bosch,SN100056
M9444,MA1AB100000002444,WO12444,Sedan X,GA-2, stn-05 ,2026-03-03 08:55,ENG-1248,SUP-099,EMP212,TL-071,B,Tool_71,Welding Gun,Plant-B,2026-04-11,2026-07-10,Active,98.12,Atlas Copco,SN100070
M9445,MA1AB100000002445,WO12445,Sedan X,PAINT-1, stn-05 ,2026-03-03 08:56,ENG-1189,SUP-134,EMP230,TL-089,A,Tool_89,Welding Gun,Plant-B,2026-06-20,2026-09-18,Out of Service,97.46,Stanley,SN100088
M9446,MA1AB100000002446,WO12446,SUV Pro,PAINT-1, stn-05 ,2026-03-03 08:57,ENG-1206,SUP-006,EMP132,TL-073,A,Tool_73,Welding Gun,Plant-C,2026-03-17,2026-06-15,Active,96.96,Ingersoll Rand,SN100072
M9447,MA1AB100000002447,WO12447,Sedan X,PAINT-1,STN-03,2026-03-03 08:58,ENG-1414,SUP-063,EMP384,TL-079,B,Tool_79,Press Tool,Plant-C,2026-04-14,2026-07-13,Active,96.15,Ingersoll Rand,SN100078
M9448,MA1AB100000002448,WO12448,Hatch Z,TRIM-1,STN-05,2026-03-03 09:00,ENG-1001,SUP-039,EMP110,TL-042,,Tool_42,Welding Gun,Plant-C,2026-03-03,2026-06-01,Out of Service,97.14,Ingersoll Rand,SN100041
M9449,MA1AB100000002449,WO12449,Hatch Z,PAINT-1,STN-01,2026-03-03 09:01,ENG-1246,SUP-050,EMP195,TL-014,C,Tool_14,Nut Runner,Plant-A,2026-02-27,2026-05-28,Maintenance,99.68,Stanley,SN100013
M9450,MA1AB100000002450,WO12450,Hatch Z,TRIM-1,STN-03,2026-03-03 09:02,ENG-1356,SUP-070,EMP202,TL-081,,Tool_81,Nut Runner,Plant-A,2026-06-21,2026-09-19,Maintenance,97.61,Atlas Copco,SN100080
M9451,MA1AB100000002451,WO12451,Hatch Z,PAINT-1,STN-01,2026-03-03 09:03,ENG-1194,SUP-121,EMP200,TL-032,C,Tool_32,Press Tool,Plant-A,2026-03-27,2026-06-25,Maintenance,97.67,Bosch,SN100031
M9452,MA1AB100000002452,WO12452,Sedan X,PAINT-1,STN-03,2026-03-03 09:05,ENG-1241,SUP-195,EMP223,TL-069,C,Tool_69,Torque Wrench,Plant-B,2026-01-29,2026-04-29,Active,98.16,Bosch,SN100068
M9453,MA1AB100000002453,WO12453,SUV Pro,GA-2,STN-04,2026-03-03 09:06,ENG-1490,SUP-144,EMP108,TL-089,A,Tool_89,Welding Gun,Plant-B,2026-06-20,2026-09-18,Out of Service,97.46,Stanley,SN100088
M9454,MA1AB100000002454,WO12454,Sedan X,GA-2,STN-02,2026-03-03 09:07,ENG-1210,SUP-012,EMP204,TL-060,,Tool_60,Welding Gun,Plant-B,2026-02-09,2026-05-10,Active,95.55,Atlas Copco,SN100059
M9455,MA1AB100000002455,WO12455,Hatch Z,GA-1,STN-01,2026-03-03 09:08,ENG-1348,SUP-141,EMP325,TL-092,B,Tool_92,Nut Runner,Plant-C,2026-06-25,2026-09-23,Active,97.7,Bosch,SN100091
M9456,MA1AB100000002456,WO12456,Sedan X,GA-2,STN-02,2026-03-03 09:10,ENG-1189,SUP-025,EMP118,TL-033,A,Tool_33,Welding Gun,Plant-C,2026-02-25,2026-05-26,Active,97.63,Bosch,SN100032
M9457,MA1AB100000002457,WO12457,Hatch Z,TRIM-1,STN-01,2026-03-03 09:11,ENG-1143,SUP-165,EMP330,TL-027,A,Tool_27,Robot Arm,Plant-A,2026-03-13,2026-06-11,Active,95.63,Atlas Copco,SN100026
M9458,MA1AB100000002458,WO12458,SUV Pro,GA-2,STN-05,2026-03-03 09:12,ENG-1060,SUP-024,EMP228,TL-077,B,Tool_77,Welding Gun,Plant-C,2026-04-12,2026-07-11,Active,98.71,Stanley,SN100076
M9459,MA1AB100000002459,WO12459,Sedan X,TRIM-1, stn-05 ,2026-03-03 09:13,ENG-1141,SUP-139,EMP185,TL-085,A,Tool_85,Nut Runner,Plant-A,2026-01-29,2026-04-29,Out of Service,98.68,Stanley,SN100084
M9460,MA1AB100000002460,WO12460,SUV Pro,GA-2,Stn-03,2026-03-03 09:15,ENG-1210,SUP-085,EMP151,TL-012,B,Tool_12,Press Tool,Plant-B,2026-05-30,2026-08-28,Out of Service,98.02,Bosch,SN100011
M9461,MA1AB100000002461,WO12461,Hatch Z,PAINT-1,STN-01,2026-03-03 09:16,ENG-1218,SUP-179,EMP278,TL-046,,Tool_46,Torque Wrench,Plant-C,2026-01-19,2026-04-19,Active,95.51,Ingersoll Rand,SN100045
M9462,MA1AB100000002462,WO12462,Hatch Z,GA-2,STN-01,2026-03-03 09:17,ENG-1378,SUP-025,EMP392,TL-003,C,Tool_3,Robot Arm,Plant-C,2026-02-25,2026-05-26,Active,97.36,Atlas Copco,SN100002
M9463,MA1AB100000002463,WO12463,Sedan X,GA-2,Stn-03,2026-03-03 09:18,ENG-1080,SUP-060,EMP123,TL-094,B,Tool_94,Press Tool,Plant-C,2026-05-10,2026-08-08,Maintenance,98.64,Stanley,SN100093
M9464,MA1AB100000002464,WO12464,Sedan X,GA-2,STN-02,2026-03-03 09:20,ENG-1067,SUP-076,EMP335,TL-008,,Tool_8,Welding Gun,Plant-A,2026-06-05,2026-09-03,Maintenance,95.49,Ingersoll Rand,SN100007
M9465,MA1AB100000002465,WO12465,Sedan X,GA-2,STN-01,2026-03-03 09:21, eng-1001 ,SUP-031,EMP204,TL-047,C,Tool_47,Robot Arm,Plant-A,2026-04-17,2026-07-16,Active,99.69,Ingersoll Rand,SN100046
M9466,MA1AB100000002466,WO12466,Hatch Z,TRIM-1,STN-02,2026-03-03 09:22,ENG-1352,SUP-017,EMP181,TL-061,,Tool_61,Nut Runner,Plant-C,2026-06-29,2026-09-27,Active,99.71,Ingersoll Rand,SN100060
M9467,MA1AB100000002467,WO12467,Sedan X,GA-2,STN-03,2026-03-03 09:23,ENG-1017,SUP-137,EMP189,TL-088,,Tool_88,Welding Gun,Plant-B,2026-04-25,2026-07-24,Active,95.24,Stanley,SN100087
M9468,MA1AB100000002468,WO12468,Sedan X,GA-1,Stn-03,2026-03-03 09:25,ENG-1080,SUP-055,EMP137,TL-020,,Tool_20,Robot Arm,Plant-C,2026-06-24,2026-09-22,Active,99.27,Ingersoll Rand,SN100019
M9469,MA1AB100000002469,WO12469,Sedan X,TRIM-1,STN-02,2026-03-03 09:26,ENG-1358,SUP-043,EMP236,TL-092,C,Tool_92,Nut Runner,Plant-C,2026-06-25,2026-09-23,Active,97.7,Bosch,SN100091
M9470,MA1AB100000002470,WO12470,SUV Pro,GA-2,Stn-03,2026-03-03 09:27,ENG-1304,SUP-137,EMP390,TL-028,,Tool_28,Press Tool,Plant-C,2026-01-25,2026-04-25,Out of Service,97.87,Ingersoll Rand,SN100027
M9471,MA1AB100000002471,WO12471,SUV Pro,GA-2,STN-05,2026-03-03 09:28,ENG-1428,SUP-114,EMP242,TL-041,C,Tool_41,Robot Arm,Plant-A,2026-02-27,2026-05-28,Maintenance,97.13,Atlas Copco,SN100040
M9472,MA1AB100000002472,WO12472,Hatch Z,GA-2, stn-05 ,2026-03-03 09:30,ENG-1408,SUP-198,EMP110,TL-026,,Tool_26,Robot Arm,Plant-A,2026-05-25,2026-08-23,Out of Service,99.11,Atlas Copco,SN100025
M9473,MA1AB100000002473,WO12473,SUV Pro,TRIM-1,Stn-03,2026-03-03 09:31,ENG-1274,SUP-120,EMP146,TL-075,A,Tool_75,Press Tool,Plant-C,2026-04-22,2026-07-21,Active,99.86,Ingersoll Rand,SN100074
M9474,MA1AB100000002474,WO12474,Hatch Z,GA-2,STN-01,2026-03-03 09:32,ENG-1117,SUP-189,EMP373,TL-015,,Tool_15,Robot Arm,Plant-C,2026-05-26,2026-08-24,Out of Service,97.88,Atlas Copco,SN100014
M9475,MA1AB100000002475,WO12475,SUV Pro,GA-2,STN-01,2026-03-03 09:33,ENG-1265,SUP-047,EMP375,TL-030,B,Tool_30,Nut Runner,Plant-A,2026-02-18,2026-05-19,Out of Service,97.07,Ingersoll Rand,SN100029
M9476,MA1AB100000002476,WO12476,Sedan X,GA-1,STN-05,2026-03-03 09:35,ENG-1439,SUP-156,EMP378,TL-010,B,Tool_10,Welding Gun,Plant-B,2026-02-07,2026-05-08,Maintenance,98.91,Atlas Copco,SN100009
M9477,MA1AB100000002477,WO12477,Hatch Z,GA-1,STN-03,2026-03-03 09:36,ENG-1268,SUP-138,EMP147,TL-034,C,Tool_34,Torque Wrench,Plant-A,2026-06-25,2026-09-23,Out of Service,99.85,Stanley,SN100033
M9478,MA1AB100000002478,WO12478,SUV Pro,GA-2,Stn-03,2026-03-03 09:37,ENG-1091,SUP-012,EMP318,TL-063,B,Tool_63,Welding Gun,Plant-B,2026-03-03,2026-06-01,Active,99.78,Ingersoll Rand,SN100062
M9479,MA1AB100000002479,WO12479,Sedan X,GA-2, stn-05 ,2026-03-03 09:38,ENG-1325,SUP-023,EMP365,TL-019,,Tool_19,Torque Wrench,Plant-B,2026-05-30,2026-08-28,Active,96.08,Atlas Copco,SN100018
M9480,MA1AB100000002480,WO12480,Sedan X,TRIM-1, stn-05 ,2026-03-03 09:40,ENG-1324,SUP-140,EMP141,TL-095,C,Tool_95,Nut Runner,Plant-A,2026-06-25,2026-09-23,Active,99.37,Bosch,SN100094
M9481,MA1AB100000002481,WO12481,SUV Pro,GA-2, stn-05 ,2026-03-03 09:41,ENG-1141,SUP-087,EMP115,TL-005,A,Tool_5,Torque Wrench,Plant-C,2026-02-02,2026-05-03,Maintenance,99.68,Ingersoll Rand,SN100004
M9482,MA1AB100000002482,WO12482,Sedan X,GA-1,Stn-03,2026-03-03 09:42,ENG-1414,SUP-186,EMP115,TL-011,C,Tool_11,Welding Gun,Plant-B,2026-01-03,2026-04-03,Out of Service,99.43,Atlas Copco,SN100010
M9483,MA1AB100000002483,WO12483,Sedan X,GA-1,STN-01,2026-03-03 09:43,ENG-1352,SUP-049,EMP346,TL-013,,Tool_13,Nut Runner,Plant-B,2026-04-05,2026-07-04,Active,99.14,Bosch,SN100012
M9484,MA1AB100000002484,WO12484,Hatch Z,PAINT-1,STN-01,2026-03-03 09:45,ENG-1403,SUP-162,EMP113,TL-093,B,Tool_93,Nut Runner,Plant-A,2026-03-03,2026-06-01,Out of Service,98.43,Ingersoll Rand,SN100092
M9485,MA1AB100000002485,WO12485,SUV Pro,PAINT-1,STN-04,2026-03-03 09:46,ENG-1344,SUP-030,EMP358,TL-083,C,Tool_83,Nut Runner,Plant-A,2026-01-22,2026-04-22,Out of Service,98.35,Bosch,SN100082
M9486,MA1AB100000002486,WO12486,SUV Pro,PAINT-1,STN-02,2026-03-03 09:47,ENG-1043,SUP-140,EMP175,TL-077,,Tool_77,Welding Gun,Plant-C,2026-04-12,2026-07-11,Active,98.71,Stanley,SN100076
M9487,MA1AB100000002487,WO12487,SUV Pro,TRIM-1,STN-05,2026-03-03 09:48,ENG-1466,SUP-197,EMP139,TL-020,B,Tool_20,Robot Arm,Plant-C,2026-06-24,2026-09-22,Active,99.27,Ingersoll Rand,SN100019
M9488,MA1AB100000002488,WO12488,SUV Pro,GA-1,STN-03,2026-03-03 09:50,ENG-1194,SUP-121,EMP120,TL-065,,Tool_65,Torque Wrench,Plant-C,2026-01-31,2026-05-01,Maintenance,97.24,Bosch,SN100064
M9489,MA1AB100000002489,WO12489,SUV Pro,GA-1,STN-01,2026-03-03 09:51,ENG-1306,SUP-013,EMP101,TL-085,C,Tool_85,Nut Runner,Plant-A,2026-01-29,2026-04-29,Out of Service,98.68,Stanley,SN100084
M9490,MA1AB100000002490,WO12490,Sedan X,TRIM-1,STN-03,2026-03-03 09:52,ENG-1325,SUP-088,EMP145,TL-047,C,Tool_47,Robot Arm,Plant-A,2026-04-17,2026-07-16,Active,99.69,Ingersoll Rand,SN100046
M9491,MA1AB100000002491,WO12491,Hatch Z,GA-2,STN-04,2026-03-03 09:53,ENG-1193,SUP-145,EMP162,TL-031,,Tool_31,Nut Runner,Plant-A,2026-01-31,2026-05-01,Active,97.01,Atlas Copco,SN100030
M9492,MA1AB100000002492,WO12492,Sedan X,PAINT-1,STN-05,2026-03-03 09:55,ENG-1116,SUP-083,EMP289,TL-085,A,Tool_85,Nut Runner,Plant-A,2026-01-29,2026-04-29,Out of Service,98.68,Stanley,SN100084
M9493,MA1AB100000002493,WO12493,SUV Pro,PAINT-1,Stn-03,2026-03-03 09:56,ENG-1087,SUP-148,EMP292,TL-094,A,Tool_94,Press Tool,Plant-C,2026-05-10,2026-08-08,Maintenance,98.64,Stanley,SN100093
M9494,MA1AB100000002494,WO12494,Hatch Z,GA-1, stn-05 ,2026-03-03 09:57,ENG-1240,SUP-014,EMP308,TL-027,B,Tool_27,Robot Arm,Plant-A,2026-03-13,2026-06-11,Active,95.63,Atlas Copco,SN100026
M9495,MA1AB100000002495,WO12495,SUV Pro,TRIM-1,STN-05,2026-03-03 09:58,ENG-1181,SUP-005,EMP369,TL-024,B,Tool_24,Robot Arm,Plant-A,2026-02-23,2026-05-24,Active,96.19,Ingersoll Rand,SN100023
M9496,MA1AB100000002496,WO12496,Sedan X,GA-1,STN-03,2026-03-03 10:00,ENG-1410,SUP-013,EMP162,TL-051,C,Tool_51,Nut Runner,Plant-C,2026-04-06,2026-07-05,Active,97.28,Bosch,SN100050
M9497,MA1AB100000002497,WO12497,Hatch Z,GA-1,STN-05,2026-03-03 10:01,ENG-1468,SUP-136,EMP102,TL-034,C,Tool_34,Torque Wrench,Plant-A,2026-06-25,2026-09-23,Out of Service,99.85,Stanley,SN100033
M9498,MA1AB100000002498,WO12498,Hatch Z,GA-2,STN-05,2026-03-03 10:02,ENG-1485,SUP-122,EMP355,TL-032,B,Tool_32,Press Tool,Plant-A,2026-03-27,2026-06-25,Maintenance,97.67,Bosch,SN100031
M9499,MA1AB100000002499,WO12499,SUV Pro,GA-2,STN-05,2026-03-03 10:03,ENG-1331,SUP-017,EMP304,TL-035,B,Tool_35,Torque Wrench,Plant-A,2026-04-06,2026-07-05,Active,95.1,Atlas Copco,SN100034
M9500,MA1AB100000002500,WO12500,Sedan X,GA-1,STN-02,2026-03-03 10:05,ENG-1356,SUP-103,EMP251,TL-093,B,Tool_93,Nut Runner,Plant-A,2026-03-03,2026-06-01,Out of Service,98.43,Ingersoll Rand,SN100092
M9501,MA1AB100000002501,WO12501,Hatch Z,PAINT-1,STN-04,2026-03-03 10:06,ENG-1152,SUP-041,EMP110,TL-032,,Tool_32,Press Tool,Plant-A,2026-03-27,2026-06-25,Maintenance,97.67,Bosch,SN100031
M9502,MA1AB100000002502,WO12502,Hatch Z,GA-2,STN-03,2026-03-03 10:07,ENG-1369,SUP-186,EMP370,TL-056,B,Tool_56,Torque Wrench,Plant-C,2026-04-06,2026-07-05,Active,97.45,Atlas Copco,SN100055
M9503,MA1AB100000002503,WO12503,Sedan X,PAINT-1,Stn-03,2026-03-03 10:08,ENG-1128,SUP-022,EMP336,TL-006,,Tool_6,Nut Runner,Plant-B,2026-01-25,2026-04-25,Maintenance,98.24,Ingersoll Rand,SN100005
M9504,MA1AB100000002504,WO12504,SUV Pro,TRIM-1,STN-02,2026-03-03 10:10,ENG-1181,SUP-193,EMP291,TL-097,C,Tool_97,Nut Runner,Plant-A,2026-04-22,2026-07-21,Active,99.35,Ingersoll Rand,SN100096
M9505,MA1AB100000002505,WO12505,Sedan X,GA-2,STN-04,2026-03-03 10:11,ENG-1403,SUP-059,EMP288,TL-044,B,Tool_44,Press Tool,Plant-C,2026-01-16,2026-04-16,Maintenance,99.03,Bosch,SN100043
M9506,MA1AB100000002506,WO12506,SUV Pro,GA-2,Stn-03,2026-03-03 10:12,ENG-1466,SUP-187,EMP111,TL-086,A,Tool_86,Press Tool,Plant-B,2026-03-20,2026-06-18,Active,96.21,Bosch,SN100085
M9507,MA1AB100000002507,WO12507,SUV Pro,TRIM-1,STN-03,2026-03-03 10:13,ENG-1210,SUP-072,EMP248,TL-066,A,Tool_66,Nut Runner,Plant-A,2026-01-13,2026-04-13,Maintenance,98.63,Stanley,SN100065
M9508,MA1AB100000002508,WO12508,Sedan X,GA-1,STN-03,2026-03-03 10:15,ENG-1123,SUP-143,EMP356,TL-067,B,Tool_67,Torque Wrench,Plant-A,2026-02-10,2026-05-11,Active,95.24,Bosch,SN100066
M9509,MA1AB100000002509,WO12509,SUV Pro,PAINT-1, stn-05 ,2026-03-03 10:16,ENG-1497,SUP-035,EMP338,TL-079,A,Tool_79,Press Tool,Plant-C,2026-04-14,2026-07-13,Active,96.15,Ingersoll Rand,SN100078
M9510,MA1AB100000002510,WO12510,Hatch Z,PAINT-1,STN-01,2026-03-03 10:17,ENG-1148,SUP-176,EMP129,TL-038,B,Tool_38,Welding Gun,Plant-B,2026-04-18,2026-07-17,Active,97.87,Ingersoll Rand,SN100037
M9511,MA1AB100000002511,WO12511,Sedan X,GA-2,STN-02,2026-03-03 10:18,ENG-1496,SUP-196,EMP281,TL-025,C,Tool_25,Nut Runner,Plant-C,2026-02-19,2026-05-20,Out of Service,98.88,Atlas Copco,SN100024
M9512,MA1AB100000002512,WO12512,Hatch Z,PAINT-1, stn-05 ,2026-03-03 10:20,ENG-1062,SUP-102,EMP213,TL-019,A,Tool_19,Torque Wrench,Plant-B,2026-05-30,2026-08-28,Active,96.08,Atlas Copco,SN100018
M9513,MA1AB100000002513,WO12513,Sedan X,GA-1, stn-05 ,2026-03-03 10:21,ENG-1307,SUP-117,EMP369,TL-060,A,Tool_60,Welding Gun,Plant-B,2026-02-09,2026-05-10,Active,95.55,Atlas Copco,SN100059
M9514,MA1AB100000002514,WO12514,Hatch Z,GA-1,STN-05,2026-03-03 10:22,ENG-1499,SUP-051,EMP223,TL-076,A,Tool_76,Welding Gun,Plant-C,2026-02-22,2026-05-23,Maintenance,98.13,Ingersoll Rand,SN100075
M9515,MA1AB100000002515,WO12515,Hatch Z,GA-2,STN-04,2026-03-03 10:23,ENG-1110,SUP-035,EMP307,TL-083,C,Tool_83,Nut Runner,Plant-A,2026-01-22,2026-04-22,Out of Service,98.35,Bosch,SN100082
M9516,MA1AB100000002516,WO12516,Sedan X,GA-1,STN-04,2026-03-03 10:25,ENG-1437,SUP-009,EMP139,TL-011,,Tool_11,Welding Gun,Plant-B,2026-01-03,2026-04-03,Out of Service,99.43,Atlas Copco,SN100010
M9517,MA1AB100000002517,WO12517,SUV Pro,TRIM-1,STN-01,2026-03-03 10:26,ENG-1236,SUP-129,EMP308,TL-100,A,Tool_100,Welding Gun,Plant-A,2026-04-25,2026-07-24,Maintenance,97.13,Ingersoll Rand,SN100099
M9518,MA1AB100000002518,WO12518,Sedan X,GA-2,STN-02,2026-03-03 10:27,ENG-1420,SUP-007,EMP115,TL-076,A,Tool_76,Welding Gun,Plant-C,2026-02-22,2026-05-23,Maintenance,98.13,Ingersoll Rand,SN100075
M9519,MA1AB100000002519,WO12519,SUV Pro,TRIM-1,STN-01,2026-03-03 10:28,ENG-1281,SUP-033,EMP368,TL-002,B,Tool_2,Nut Runner,Plant-A,2026-04-22,2026-07-21,Active,97.47,Bosch,SN100001
M9520,MA1AB100000002520,WO12520,Hatch Z,TRIM-1,STN-03,2026-03-03 10:30,ENG-1241,SUP-164,EMP354,TL-034,C,Tool_34,Torque Wrench,Plant-A,2026-06-25,2026-09-23,Out of Service,99.85,Stanley,SN100033
M9521,MA1AB100000002521,WO12521,Hatch Z,GA-1, stn-05 ,2026-03-03 10:31,ENG-1464,SUP-107,EMP101,TL-080,B,Tool_80,Robot Arm,Plant-B,2026-03-23,2026-06-21,Maintenance,97.79,Atlas Copco,SN100079
M9522,MA1AB100000002522,WO12522,SUV Pro,PAINT-1,STN-05,2026-03-03 10:32,ENG-1405,SUP-089,EMP168,TL-008,A,Tool_8,Welding Gun,Plant-A,2026-06-05,2026-09-03,Maintenance,95.49,Ingersoll Rand,SN100007
M9523,MA1AB100000002523,WO12523,SUV Pro,GA-1,Stn-03,2026-03-03 10:33,ENG-1063,SUP-135,EMP394,TL-037,A,Tool_37,Torque Wrench,Plant-A,2026-02-12,2026-05-13,Maintenance,95.39,Bosch,SN100036
M9524,MA1AB100000002524,WO12524,Hatch Z,PAINT-1,STN-02,2026-03-03 10:35,ENG-1118,SUP-102,EMP371,TL-062,C,Tool_62,Robot Arm,Plant-A,2026-04-28,2026-07-27,Out of Service,95.44,Bosch,SN100061
M9525,MA1AB100000002525,WO12525,Sedan X,GA-2,Stn-03,2026-03-03 10:36,ENG-1208,SUP-050,EMP187,TL-093,B,Tool_93,Nut Runner,Plant-A,2026-03-03,2026-06-01,Out of Service,98.43,Ingersoll Rand,SN100092
M9526,MA1AB100000002526,WO12526,Sedan X,GA-2,STN-01,2026-03-03 10:37,ENG-1122,SUP-116,EMP240,TL-043,C,Tool_43,Torque Wrench,Plant-B,2026-04-28,2026-07-27,Active,96.51,Ingersoll Rand,SN100042
M9527,MA1AB100000002527,WO12527,SUV Pro,GA-1,STN-01,2026-03-03 10:38,ENG-1130,SUP-010,EMP250,TL-017,,Tool_17,Torque Wrench,Plant-C,2026-01-08,2026-04-08,Maintenance,96.84,Atlas Copco,SN100016
M9528,MA1AB100000002528,WO12528,Hatch Z,GA-1,Stn-03,2026-03-03 10:40,ENG-1187,SUP-162,EMP110,TL-100,C,Tool_100,Welding Gun,Plant-A,2026-04-25,2026-07-24,Maintenance,97.13,Ingersoll Rand,SN100099
M9529,MA1AB100000002529,WO12529,Sedan X,TRIM-1,STN-04,2026-03-03 10:41,ENG-1219,SUP-112,EMP123,TL-067,A,Tool_67,Torque Wrench,Plant-A,2026-02-10,2026-05-11,Active,95.24,Bosch,SN100066
M9530,MA1AB100000002530,WO12530,Sedan X,GA-2,STN-04,2026-03-03 10:42,ENG-1399,SUP-005,EMP121,TL-025,A,Tool_25,Nut Runner,Plant-C,2026-02-19,2026-05-20,Out of Service,98.88,Atlas Copco,SN100024
M9531,MA1AB100000002531,WO12531,Hatch Z,GA-2,STN-03,2026-03-03 10:43,ENG-1199,SUP-102,EMP145,TL-098,A,Tool_98,Press Tool,Plant-A,2026-06-01,2026-08-30,Active,98.11,Stanley,SN100097
M9532,MA1AB100000002532,WO12532,SUV Pro,GA-2, stn-05 ,2026-03-03 10:70,ENG-1233,SUP-019,EMP264,TL-096,B,Tool_96,Nut Runner,Plant-A,2026-04-26,2026-07-25,Active,95.35,Stanley,SN100095
M9533,MA1AB100000002533,WO12533,Sedan X,GA-2,Stn-03,2026-03-03 10:46,ENG-1111,SUP-066,EMP274,TL-046,A,Tool_46,Torque Wrench,Plant-C,2026-01-19,2026-04-19,Active,95.51,Ingersoll Rand,SN100045
M9534,MA1AB100000002534,WO12534,SUV Pro,GA-2,STN-04,2026-03-03 10:47,ENG-1292,SUP-028,EMP348,TL-081,,Tool_81,Nut Runner,Plant-A,2026-06-21,2026-09-19,Maintenance,97.61,Atlas Copco,SN100080
M9535,MA1AB100000002535,WO12535,SUV Pro,GA-2,STN-05,2026-03-03 10:48,ENG-1107,SUP-135,EMP235,TL-038,A,Tool_38,Welding Gun,Plant-B,2026-04-18,2026-07-17,Active,97.87,Ingersoll Rand,SN100037
M9536,MA1AB100000002536,WO12536,Sedan X,GA-2,STN-03,2026-03-03 10:50,ENG-1458,SUP-142,EMP102,TL-068,,Tool_68,Press Tool,Plant-A,2026-04-15,2026-07-14,Active,97.42,Bosch,SN100067
M9537,MA1AB100000002537,WO12537,Sedan X,PAINT-1,STN-03,2026-03-03 10:51,ENG-1121,SUP-123,EMP381,TL-095,B,Tool_95,Nut Runner,Plant-A,2026-06-25,2026-09-23,Active,99.37,Bosch,SN100094
M9538,MA1AB100000002538,WO12538,SUV Pro,GA-1,STN-02,2026-03-03 10:52,ENG-1119,SUP-166,EMP291,TL-079,A,Tool_79,Press Tool,Plant-C,2026-04-14,2026-07-13,Active,96.15,Ingersoll Rand,SN100078
M9539,MA1AB100000002539,WO12539,Sedan X,GA-1, stn-05 ,2026-03-03 10:53,ENG-1189,SUP-116,EMP109,TL-078,A,Tool_78,Press Tool,Plant-A,2026-03-26,2026-06-24,Maintenance,99.88,Bosch,SN100077
M9540,MA1AB100000002540,WO12540,Hatch Z,PAINT-1,STN-05,2026-03-03 10:55,ENG-1297,SUP-182,EMP133,TL-038,C,Tool_38,Welding Gun,Plant-B,2026-04-18,2026-07-17,Active,97.87,Ingersoll Rand,SN100037
M9541,MA1AB100000002541,WO12541,Hatch Z,GA-2,STN-01,2026-03-03 10:56,ENG-1365,SUP-116,EMP230,TL-075,B,Tool_75,Press Tool,Plant-C,2026-04-22,2026-07-21,Active,99.86,Ingersoll Rand,SN100074
M9542,MA1AB100000002542,WO12542,SUV Pro,TRIM-1,Stn-03,2026-03-03 10:57,ENG-1319,SUP-147,EMP292,TL-100,C,Tool_100,Welding Gun,Plant-A,2026-04-25,2026-07-24,Maintenance,97.13,Ingersoll Rand,SN100099
M9543,MA1AB100000002543,WO12543,Hatch Z,TRIM-1,STN-01,2026-03-03 10:58,ENG-1455,SUP-134,EMP251,TL-019,C,Tool_19,Torque Wrench,Plant-B,2026-05-30,2026-08-28,Active,96.08,Atlas Copco,SN100018
M9544,MA1AB100000002544,WO12544,Hatch Z,TRIM-1, stn-05 ,2026-03-03 11:00,ENG-1487,SUP-146,EMP227,TL-019,C,Tool_19,Torque Wrench,Plant-B,2026-05-30,2026-08-28,Active,96.08,Atlas Copco,SN100018
M9545,MA1AB100000002545,WO12545,Hatch Z,GA-1,STN-03,2026-03-03 11:01,ENG-1010,SUP-198,EMP356,TL-040,B,Tool_40,Welding Gun,Plant-A,2026-04-02,2026-07-01,Active,98.84,Atlas Copco,SN100039
M9546,MA1AB100000002546,WO12546,Sedan X,GA-2,STN-01,2026-03-03 11:02,ENG-1094,SUP-200,EMP214,TL-038,B,Tool_38,Welding Gun,Plant-B,2026-04-18,2026-07-17,Active,97.87,Ingersoll Rand,SN100037
M9547,MA1AB100000002547,WO12547,SUV Pro,TRIM-1,STN-05,2026-03-03 11:03,ENG-1286,SUP-015,EMP308,TL-080,A,Tool_80,Robot Arm,Plant-B,2026-03-23,2026-06-21,Maintenance,97.79,Atlas Copco,SN100079
M9548,MA1AB100000002548,WO12548,Hatch Z,TRIM-1,STN-02,2026-03-03 11:05,ENG-1203,SUP-164,EMP160,TL-059,,Tool_59,Robot Arm,Plant-B,2026-04-15,2026-07-14,Active,95.72,Stanley,SN100058
M9549,MA1AB100000002549,WO12549,Sedan X,TRIM-1,STN-02,2026-03-03 11:06,ENG-1383,SUP-056,EMP258,TL-072,B,Tool_72,Robot Arm,Plant-C,2026-05-05,2026-08-03,Maintenance,99.87,Atlas Copco,SN100071
M9550,MA1AB100000002550,WO12550,Hatch Z,GA-2,STN-03,2026-03-03 11:07,ENG-1343,SUP-170,EMP285,TL-084,B,Tool_84,Torque Wrench,Plant-C,2026-02-03,2026-05-04,Out of Service,97.78,Ingersoll Rand,SN100083
M9551,MA1AB100000002551,WO12551,Hatch Z,GA-2, stn-05 ,2026-03-03 11:08,ENG-1459,SUP-144,EMP108,TL-037,A,Tool_37,Torque Wrench,Plant-A,2026-02-12,2026-05-13,Maintenance,95.39,Bosch,SN100036
M9552,MA1AB100000002552,WO12552,SUV Pro,TRIM-1, stn-05 ,2026-03-03 11:10,ENG-1060,SUP-037,EMP389,TL-079,,Tool_79,Press Tool,Plant-C,2026-04-14,2026-07-13,Active,96.15,Ingersoll Rand,SN100078
M9553,MA1AB100000002553,WO12553,SUV Pro,GA-1,STN-05,2026-03-03 11:11,ENG-1411,SUP-038,EMP307,TL-076,C,Tool_76,Welding Gun,Plant-C,2026-02-22,2026-05-23,Maintenance,98.13,Ingersoll Rand,SN100075
M9554,MA1AB100000002554,WO12554,Hatch Z,GA-2,STN-04,2026-03-03 11:12,ENG-1338,SUP-069,EMP147,TL-999,,Unknown Tool,Unknown Type,,,,,,,
M9555,MA1AB100000002555,WO12555,Hatch Z,TRIM-1,STN-03,2026-03-03 11:13,ENG-1208,SUP-162,EMP137,TL-028,A,Tool_28,Press Tool,Plant-C,2026-01-25,2026-04-25,Out of Service,97.87,Ingersoll Rand,SN100027
M9556,MA1AB100000002556,WO12556,Hatch Z,TRIM-1,Stn-03,2026-03-03 11:15,ENG-1218,SUP-026,EMP174,TL-099,B,Tool_99,Welding Gun,Plant-B,2026-05-20,2026-08-18,Active,97.05,Atlas Copco,SN100098
M9557,MA1AB100000002557,WO12557,Hatch Z,PAINT-1,STN-05,2026-03-03 11:16,ENG-1172,SUP-193,EMP161,TL-033,B,Tool_33,Welding Gun,Plant-C,2026-02-25,2026-05-26,Active,97.63,Bosch,SN100032
M9558,MA1AB100000002558,WO12558,SUV Pro,TRIM-1,STN-05,2026-03-03 11:17,ENG-1076,SUP-062,EMP259,TL-066,C,Tool_66,Nut Runner,Plant-A,2026-01-13,2026-04-13,Maintenance,98.63,Stanley,SN100065
M9559,MA1AB100000002559,WO12559,Hatch Z,GA-1,Stn-03,2026-03-03 11:18,ENG-1015,SUP-043,EMP344,TL-097,B,Tool_97,Nut Runner,Plant-A,2026-04-22,2026-07-21,Active,99.35,Ingersoll Rand,SN100096
M9560,MA1AB100000002560,WO12560,Sedan X,GA-1, stn-05 ,2026-03-03 11:20,ENG-1436,SUP-132,EMP322,TL-077,,Tool_77,Welding Gun,Plant-C,2026-04-12,2026-07-11,Active,98.71,Stanley,SN100076
M9561,MA1AB100000002561,WO12561,SUV Pro,GA-1,STN-01,2026-03-03 11:21,ENG-1059,SUP-196,EMP298,TL-065,B,Tool_65,Torque Wrench,Plant-C,2026-01-31,2026-05-01,Maintenance,97.24,Bosch,SN100064
M9562,MA1AB100000002562,WO12562,Sedan X,GA-1, stn-05 ,2026-03-03 11:22,ENG-1098,SUP-157,EMP271,TL-004,A,Tool_4,Press Tool,Plant-A,2026-01-19,2026-04-19,Active,97.49,Bosch,SN100003
M9563,MA1AB100000002563,WO12563,Sedan X,TRIM-1,STN-05,2026-03-03 11:23,ENG-1028,SUP-157,EMP242,TL-011,C,Tool_11,Welding Gun,Plant-B,2026-01-03,2026-04-03,Out of Service,99.43,Atlas Copco,SN100010
M9564,MA1AB100000002564,WO12564,Hatch Z,GA-1,Stn-03,2026-03-03 11:25,ENG-1377,SUP-083,EMP127,TL-059,,Tool_59,Robot Arm,Plant-B,2026-04-15,2026-07-14,Active,95.72,Stanley,SN100058
M9565,MA1AB100000002565,WO12565,Sedan X,GA-2,Stn-03,2026-03-03 11:26,ENG-1298,SUP-114,EMP310,TL-081,B,Tool_81,Nut Runner,Plant-A,2026-06-21,2026-09-19,Maintenance,97.61,Atlas Copco,SN100080
M9566,MA1AB100000002566,WO12566,Sedan X,PAINT-1,STN-02,2026-03-03 11:27,ENG-1326,SUP-072,EMP238,TL-003,,Tool_3,Robot Arm,Plant-C,2026-02-25,2026-05-26,Active,97.36,Atlas Copco,SN100002
M9567,MA1AB100000002567,WO12567,SUV Pro,TRIM-1,STN-05,2026-03-03 11:28,ENG-1144,SUP-101,EMP183,TL-008,,Tool_8,Welding Gun,Plant-A,2026-06-05,2026-09-03,Maintenance,95.49,Ingersoll Rand,SN100007
M9568,MA1AB100000002568,WO12568,Sedan X,TRIM-1,Stn-03,2026-03-03 11:30,ENG-1441,SUP-106,EMP166,TL-077,B,Tool_77,Welding Gun,Plant-C,2026-04-12,2026-07-11,Active,98.71,Stanley,SN100076
M9569,MA1AB100000002569,WO12569,SUV Pro,GA-1,STN-05,2026-03-03 11:31,ENG-1408,SUP-024,EMP351,TL-093,,Tool_93,Nut Runner,Plant-A,2026-03-03,2026-06-01,Out of Service,98.43,Ingersoll Rand,SN100092
M9570,MA1AB100000002570,WO12570,SUV Pro,GA-1,STN-02,2026-03-03 11:32,ENG-1289,SUP-180,EMP134,TL-099,C,Tool_99,Welding Gun,Plant-B,2026-05-20,2026-08-18,Active,97.05,Atlas Copco,SN100098
M9571,MA1AB100000002571,WO12571,Sedan X,TRIM-1,STN-05,2026-03-03 11:33,ENG-1345,SUP-137,EMP234,TL-009,B,Tool_9,Press Tool,Plant-C,2026-05-31,2026-08-29,Active,98.89,Bosch,SN100008
M9572,MA1AB100000002572,WO12572,Sedan X,GA-2,STN-04,2026-03-03 11:35,ENG-1118,SUP-023,EMP167,TL-041,C,Tool_41,Robot Arm,Plant-A,2026-02-27,2026-05-28,Maintenance,97.13,Atlas Copco,SN100040
M9573,MA1AB100000002573,WO12573,Hatch Z,GA-2,STN-02,2026-03-03 11:36,ENG-1176,SUP-103,EMP155,TL-060,A,Tool_60,Welding Gun,Plant-B,2026-02-09,2026-05-10,Active,95.55,Atlas Copco,SN100059
M9574,MA1AB100000002574,WO12574,SUV Pro,GA-1,STN-02,2026-03-03 11:37,ENG-1434,SUP-043,EMP152,TL-011,B,Tool_11,Welding Gun,Plant-B,2026-01-03,2026-04-03,Out of Service,99.43,Atlas Copco,SN100010
M9575,MA1AB100000002575,WO12575,Sedan X,TRIM-1,STN-01,2026-03-03 11:38,ENG-1112,SUP-193,EMP316,TL-031,C,Tool_31,Nut Runner,Plant-A,2026-01-31,2026-05-01,Active,97.01,Atlas Copco,SN100030
M9576,MA1AB100000002576,WO12576,Sedan X,TRIM-1,STN-04,2026-03-03 11:40,ENG-1279,SUP-147,EMP276,TL-049,A,Tool_49,Press Tool,Plant-A,2026-01-18,2026-04-18,Active,97.7,Atlas Copco,SN100048
M9577,MA1AB100000002577,WO12577,Sedan X,GA-2,STN-04,2026-03-03 11:41,ENG-1038,SUP-171,EMP379,TL-038,C,Tool_38,Welding Gun,Plant-B,2026-04-18,2026-07-17,Active,97.87,Ingersoll Rand,SN100037
M9578,MA1AB100000002578,WO12578,SUV Pro,GA-1, stn-05 ,2026-03-03 11:42,ENG-1492,SUP-044,EMP396,TL-042,A,Tool_42,Welding Gun,Plant-C,2026-03-03,2026-06-01,Out of Service,97.14,Ingersoll Rand,SN100041
M9579,MA1AB100000002579,WO12579,Sedan X,TRIM-1,STN-03,2026-03-03 11:43,ENG-1261,SUP-012,EMP148,TL-056,C,Tool_56,Torque Wrench,Plant-C,2026-04-06,2026-07-05,Active,97.45,Atlas Copco,SN100055
M9580,MA1AB100000002580,WO12580,SUV Pro,GA-1,STN-02,2026-03-03 11:45,ENG-1231,SUP-053,EMP228,TL-014,,Tool_14,Nut Runner,Plant-A,2026-02-27,2026-05-28,Maintenance,99.68,Stanley,SN100013
M9581,MA1AB100000002581,WO12581,SUV Pro,GA-1,STN-02,2026-03-03 11:46,ENG-1463,SUP-119,EMP355,TL-086,B,Tool_86,Press Tool,Plant-B,2026-03-20,2026-06-18,Active,96.21,Bosch,SN100085
M9582,MA1AB100000002582,WO12582,Sedan X,GA-1,STN-01,2026-03-03 11:47,ENG-1426,SUP-042,EMP147,TL-063,B,Tool_63,Welding Gun,Plant-B,2026-03-03,2026-06-01,Active,99.78,Ingersoll Rand,SN100062
M9583,MA1AB100000002583,WO12583,Sedan X,GA-2,STN-03,2026-03-03 11:48,ENG-1265,SUP-108,EMP187,TL-074,C,Tool_74,Robot Arm,Plant-B,2026-01-04,2026-04-04,Active,97.63,Stanley,SN100073
M9584,MA1AB100000002584,WO12584,Hatch Z,TRIM-1,Stn-03,2026-03-03 11:50,ENG-1374,SUP-176,EMP324,TL-030,,Tool_30,Nut Runner,Plant-A,2026-02-18,2026-05-19,Out of Service,97.07,Ingersoll Rand,SN100029
M9585,MA1AB100000002585,WO12585,Sedan X,GA-2,STN-01,2026-03-03 11:51,ENG-1434,SUP-132,EMP190,TL-070,C,Tool_70,Robot Arm,Plant-C,2026-04-23,2026-07-22,Maintenance,98.03,Bosch,SN100069
M9586,MA1AB100000002586,WO12586,SUV Pro,GA-1,STN-03,2026-03-03 11:52,ENG-1117,SUP-147,EMP330,TL-095,A,Tool_95,Nut Runner,Plant-A,2026-06-25,2026-09-23,Active,99.37,Bosch,SN100094
M9587,MA1AB100000002587,WO12587,SUV Pro,TRIM-1,STN-04,2026-03-03 11:53,ENG-1348,SUP-031,EMP332,TL-062,A,Tool_62,Robot Arm,Plant-A,2026-04-28,2026-07-27,Out of Service,95.44,Bosch,SN100061
M9588,MA1AB100000002588,WO12588,SUV Pro,TRIM-1,STN-02,2026-03-03 11:55,ENG-1460,SUP-104,EMP365,TL-100,B,Tool_100,Welding Gun,Plant-A,2026-04-25,2026-07-24,Maintenance,97.13,Ingersoll Rand,SN100099
M9589,MA1AB100000002589,WO12589,Sedan X,PAINT-1,Stn-03,2026-03-03 11:56,ENG-1001,SUP-097,EMP376,TL-019,A,Tool_19,Torque Wrench,Plant-B,2026-05-30,2026-08-28,Active,96.08,Atlas Copco,SN100018
M9590,MA1AB100000002590,WO12590,Hatch Z,GA-2,STN-02,2026-03-03 11:57,ENG-1114,SUP-162,EMP278,TL-042,B,Tool_42,Welding Gun,Plant-C,2026-03-03,2026-06-01,Out of Service,97.14,Ingersoll Rand,SN100041
M9591,MA1AB100000002591,WO12591,Sedan X,TRIM-1, stn-05 ,2026-03-03 11:58,ENG-1447,SUP-169,EMP287,TL-002,C,Tool_2,Nut Runner,Plant-A,2026-04-22,2026-07-21,Active,97.47,Bosch,SN100001
M9592,MA1AB100000002592,WO12592,Hatch Z,TRIM-1,STN-01,2026-03-03 12:00,ENG-1351,SUP-068,EMP307,TL-073,B,Tool_73,Welding Gun,Plant-C,2026-03-17,2026-06-15,Active,96.96,Ingersoll Rand,SN100072
M9593,MA1AB100000002593,WO12593,Hatch Z,GA-1,STN-05,2026-03-03 12:01,ENG-1333,SUP-198,EMP189,TL-010,B,Tool_10,Welding Gun,Plant-B,2026-02-07,2026-05-08,Maintenance,98.91,Atlas Copco,SN100009
M9594,MA1AB100000002594,WO12594,SUV Pro,TRIM-1,STN-04,2026-03-03 12:02,ENG-1386,SUP-153,EMP120,TL-072,C,Tool_72,Robot Arm,Plant-C,2026-05-05,2026-08-03,Maintenance,99.87,Atlas Copco,SN100071
M9595,MA1AB100000002595,WO12595,Sedan X,TRIM-1,STN-05,2026/03/03 12:03,ENG-1311,SUP-139,EMP247,TL-999,A,Unknown Tool,Unknown Type,,,,,,,
M9596,MA1AB100000002596,WO12596,Sedan X,GA-2,STN-01,2026-03-03 12:05,ENG-1435,SUP-085,EMP117,TL-078,B,Tool_78,Press Tool,Plant-A,2026-03-26,2026-06-24,Maintenance,99.88,Bosch,SN100077
M9597,MA1AB100000002597,WO12597,Hatch Z,TRIM-1, stn-05 ,2026-03-03 12:06,ENG-1306,SUP-184,EMP228,TL-065,C,Tool_65,Torque Wrench,Plant-C,2026-01-31,2026-05-01,Maintenance,97.24,Bosch,SN100064
M9598,MA1AB100000002598,WO12598,Hatch Z,GA-2,STN-03,2026-03-03 12:07,ENG-1451,SUP-156,EMP272,TL-095,A,Tool_95,Nut Runner,Plant-A,2026-06-25,2026-09-23,Active,99.37,Bosch,SN100094
M9599,MA1AB100000002599,WO12599,Hatch Z,GA-1,STN-03,2026-03-03 12:08,ENG-1177,SUP-116,EMP379,TL-065,,Tool_65,Torque Wrench,Plant-C,2026-01-31,2026-05-01,Maintenance,97.24,Bosch,SN100064
M9600,MA1AB100000002600,WO12600,Sedan X,TRIM-1,STN-01,2026-03-03 12:10,ENG-1182,SUP-046,EMP220,TL-070,,Tool_70,Robot Arm,Plant-C,2026-04-23,2026-07-22,Maintenance,98.03,Bosch,SN100069
M9601,MA1AB100000002601,WO12601,SUV Pro,TRIM-1,STN-04,2026-03-03 12:11,ENG-1100,SUP-139,EMP195,TL-004,,Tool_4,Press Tool,Plant-A,2026-01-19,2026-04-19,Active,97.49,Bosch,SN100003
M9602,MA1AB100000002602,WO12602,SUV Pro,TRIM-1,Stn-03,2026-03-03 12:12,ENG-1039,SUP-158,EMP132,TL-093,,Tool_93,Nut Runner,Plant-A,2026-03-03,2026-06-01,Out of Service,98.43,Ingersoll Rand,SN100092
M9603,MA1AB100000002603,WO12603,SUV Pro,TRIM-1,STN-04,2026-03-03 12:13,ENG-1277,SUP-039,EMP394,TL-056,,Tool_56,Torque Wrench,Plant-C,2026-04-06,2026-07-05,Active,97.45,Atlas Copco,SN100055
M9604,MA1AB100000002604,WO12604,Hatch Z,GA-2,Stn-03,2026-03-03 12:15,ENG-1427,SUP-034,EMP263,TL-067,B,Tool_67,Torque Wrench,Plant-A,2026-02-10,2026-05-11,Active,95.24,Bosch,SN100066
M9605,MA1AB100000002605,WO12605,SUV Pro,GA-1,Stn-03,2026-03-03 12:16,ENG-1329,SUP-137,EMP262,TL-088,A,Tool_88,Welding Gun,Plant-B,2026-04-25,2026-07-24,Active,95.24,Stanley,SN100087
M9606,MA1AB100000002606,WO12606,SUV Pro,GA-2, stn-05 ,2026-03-03 12:17,ENG-1320,SUP-061,EMP288,TL-007,C,Tool_7,Nut Runner,Plant-B,2026-06-11,2026-09-09,Out of Service,95.88,Stanley,SN100006
M9607,MA1AB100000002607,WO12607,Sedan X,PAINT-1,Stn-03,2026-03-03 12:18,ENG-1199,SUP-098,EMP269,TL-088,,Tool_88,Welding Gun,Plant-B,2026-04-25,2026-07-24,Active,95.24,Stanley,SN100087
M9608,MA1AB100000002608,WO12608,Hatch Z,GA-1,STN-01,2026-03-03 12:20,ENG-1344,SUP-032,EMP185,TL-036,B,Tool_36,Nut Runner,Plant-B,2026-02-08,2026-05-09,Active,95.2,Stanley,SN100035
M9609,MA1AB100000002609,WO12609,Hatch Z,PAINT-1,Stn-03,2026-03-03 12:21,ENG-1191,SUP-069,EMP228,TL-024,,Tool_24,Robot Arm,Plant-A,2026-02-23,2026-05-24,Active,96.19,Ingersoll Rand,SN100023
M9610,MA1AB100000002610,WO12610,SUV Pro,TRIM-1,STN-02,2026-03-03 12:22, eng-1001 ,SUP-036,EMP280,TL-079,C,Tool_79,Press Tool,Plant-C,2026-04-14,2026-07-13,Active,96.15,Ingersoll Rand,SN100078
M9611,MA1AB100000002611,WO12611,Sedan X,GA-2, stn-05 ,2026-03-03 12:23,ENG-1487,SUP-035,EMP372,TL-095,C,Tool_95,Nut Runner,Plant-A,2026-06-25,2026-09-23,Active,99.37,Bosch,SN100094
M9612,MA1AB100000002612,WO12612,SUV Pro,GA-2,Stn-03,2026-03-03 12:25,ENG-1481,SUP-050,EMP379,TL-074,A,Tool_74,Robot Arm,Plant-B,2026-01-04,2026-04-04,Active,97.63,Stanley,SN100073
M9613,MA1AB100000002613,WO12613,SUV Pro,TRIM-1,STN-02,2026-03-03 12:26,ENG-1133,SUP-021,EMP267,TL-024,C,Tool_24,Robot Arm,Plant-A,2026-02-23,2026-05-24,Active,96.19,Ingersoll Rand,SN100023
M9614,MA1AB100000002614,WO12614,Hatch Z,TRIM-1,STN-02,2026-03-03 12:27,ENG-1467,SUP-088,EMP299,TL-022,B,Tool_22,Press Tool,Plant-C,2026-03-22,2026-06-20,Out of Service,95.43,Bosch,SN100021
M9615,MA1AB100000002615,WO12615,SUV Pro,GA-2,Stn-03,2026-03-03 12:28,ENG-1355,SUP-057,EMP275,TL-068,C,Tool_68,Press Tool,Plant-A,2026-04-15,2026-07-14,Active,97.42,Bosch,SN100067
M9616,MA1AB100000002616,WO12616,Sedan X,GA-2,Stn-03,2026-03-03 12:30,ENG-1481,SUP-130,EMP154,TL-072,,Tool_72,Robot Arm,Plant-C,2026-05-05,2026-08-03,Maintenance,99.87,Atlas Copco,SN100071
M9617,MA1AB100000002617,WO12617,SUV Pro,PAINT-1,STN-01,2026-03-03 12:31,ENG-1487,SUP-166,EMP350,TL-067,C,Tool_67,Torque Wrench,Plant-A,2026-02-10,2026-05-11,Active,95.24,Bosch,SN100066
M9618,MA1AB100000002618,WO12618,SUV Pro,PAINT-1,STN-01,2026-03-03 12:32,ENG-1312,SUP-083,EMP349,TL-099,C,Tool_99,Welding Gun,Plant-B,2026-05-20,2026-08-18,Active,97.05,Atlas Copco,SN100098
M9619,MA1AB100000002619,WO12619,SUV Pro,GA-2,STN-01,2026-03-03 12:33,ENG-1099,SUP-079,EMP161,TL-087,A,Tool_87,Robot Arm,Plant-B,2026-02-09,2026-05-10,Maintenance,99.98,Stanley,SN100086
M9620,MA1AB100000002620,WO12620,Sedan X,TRIM-1,STN-05,2026-03-03 12:35,ENG-1247,SUP-043,EMP124,TL-026,C,Tool_26,Robot Arm,Plant-A,2026-05-25,2026-08-23,Out of Service,99.11,Atlas Copco,SN100025
M9621,MA1AB100000002621,WO12621,Hatch Z,GA-2,STN-03,2026-03-03 12:36,ENG-1406,SUP-010,EMP144,TL-047,B,Tool_47,Robot Arm,Plant-A,2026-04-17,2026-07-16,Active,99.69,Ingersoll Rand,SN100046
M9622,MA1AB100000002622,WO12622,SUV Pro,PAINT-1,STN-01,2026-03-03 12:37,ENG-1166,SUP-076,EMP332,TL-014,C,Tool_14,Nut Runner,Plant-A,2026-02-27,2026-05-28,Maintenance,99.68,Stanley,SN100013
M9623,MA1AB100000002623,WO12623,SUV Pro,GA-2,STN-01,2026-03-03 12:38,ENG-1110,SUP-187,EMP188,TL-047,B,Tool_47,Robot Arm,Plant-A,2026-04-17,2026-07-16,Active,99.69,Ingersoll Rand,SN100046
M9624,MA1AB100000002624,WO12624,SUV Pro,TRIM-1, stn-05 ,2026-03-03 12:40,ENG-1433,SUP-135,EMP149,TL-031,,Tool_31,Nut Runner,Plant-A,2026-01-31,2026-05-01,Active,97.01,Atlas Copco,SN100030
M9625,MA1AB100000002625,WO12625,SUV Pro,PAINT-1,STN-01,2026-03-03 12:41,ENG-1008,SUP-159,EMP236,TL-020,A,Tool_20,Robot Arm,Plant-C,2026-06-24,2026-09-22,Active,99.27,Ingersoll Rand,SN100019
M9626,MA1AB100000002626,WO12626,SUV Pro,GA-1,STN-01,2026-03-03 12:42,ENG-1397,SUP-091,EMP190,TL-059,,Tool_59,Robot Arm,Plant-B,2026-04-15,2026-07-14,Active,95.72,Stanley,SN100058
M9627,MA1AB100000002627,WO12627,Hatch Z,GA-1, stn-05 ,2026-03-03 12:43,ENG-1302,SUP-135,EMP342,TL-072,A,Tool_72,Robot Arm,Plant-C,2026-05-05,2026-08-03,Maintenance,99.87,Atlas Copco,SN100071
M9628,MA1AB100000002628,WO12628,Hatch Z,GA-2,Stn-03,2026-03-03 12:45,ENG-1244,SUP-002,EMP239,TL-047,B,Tool_47,Robot Arm,Plant-A,2026-04-17,2026-07-16,Active,99.69,Ingersoll Rand,SN100046
M9629,MA1AB100000002629,WO12629,Sedan X,PAINT-1,STN-04,2026-03-03 12:46,ENG-1083,SUP-036,EMP269,TL-072,,Tool_72,Robot Arm,Plant-C,2026-05-05,2026-08-03,Maintenance,99.87,Atlas Copco,SN100071
M9630,MA1AB100000002630,WO12630,SUV Pro,GA-1,STN-03,2026-03-03 12:47,ENG-1442,SUP-198,EMP398,TL-065,,Tool_65,Torque Wrench,Plant-C,2026-01-31,2026-05-01,Maintenance,97.24,Bosch,SN100064
M9631,MA1AB100000002631,WO12631,SUV Pro,TRIM-1,STN-03,2026-03-03 12:48,ENG-1152,SUP-043,EMP170,TL-064,C,Tool_64,Press Tool,Plant-A,2026-02-03,2026-05-04,Active,98.09,Atlas Copco,SN100063
M9632,MA1AB100000002632,WO12632,Hatch Z,PAINT-1, stn-05 ,2026-03-03 12:50,ENG-1457,SUP-172,EMP243,TL-070,C,Tool_70,Robot Arm,Plant-C,2026-04-23,2026-07-22,Maintenance,98.03,Bosch,SN100069
M9633,MA1AB100000002633,WO12633,Hatch Z,TRIM-1,STN-03,2026-03-03 12:51,ENG-1407,SUP-082,EMP247,TL-023,B,Tool_23,Welding Gun,Plant-A,2026-04-29,2026-07-28,Active,95.35,Bosch,SN100022
M9634,MA1AB100000002634,WO12634,SUV Pro,GA-1,STN-01,2026-03-03 12:52,ENG-1415,SUP-178,EMP319,TL-043,A,Tool_43,Torque Wrench,Plant-B,2026-04-28,2026-07-27,Active,96.51,Ingersoll Rand,SN100042
M9635,MA1AB100000002635,WO12635,Sedan X,GA-1,STN-01,2026-03-03 12:53,ENG-1021,SUP-040,EMP257,TL-048,B,Tool_48,Nut Runner,Plant-B,2026-04-17,2026-07-16,Active,96.56,Stanley,SN100047
M9636,MA1AB100000002636,WO12636,Hatch Z,GA-2,STN-01,2026-03-03 12:55,ENG-1490,SUP-061,EMP167,TL-083,A,Tool_83,Nut Runner,Plant-A,2026-01-22,2026-04-22,Out of Service,98.35,Bosch,SN100082
M9637,MA1AB100000002637,WO12637,SUV Pro,PAINT-1,STN-01,2026-03-03 12:56,ENG-1106,SUP-002,EMP265,TL-044,,Tool_44,Press Tool,Plant-C,2026-01-16,2026-04-16,Maintenance,99.03,Bosch,SN100043
M9638,MA1AB100000002638,WO12638,Sedan X,GA-2, stn-05 ,2026-03-03 12:57,ENG-1324,SUP-109,EMP384,TL-095,B,Tool_95,Nut Runner,Plant-A,2026-06-25,2026-09-23,Active,99.37,Bosch,SN100094
M9639,MA1AB100000002639,WO12639,Hatch Z,GA-1,STN-03,2026-03-03 12:58,ENG-1155,SUP-073,EMP366,TL-068,,Tool_68,Press Tool,Plant-A,2026-04-15,2026-07-14,Active,97.42,Bosch,SN100067
M9640,MA1AB100000002640,WO12640,SUV Pro,TRIM-1,STN-02,2026-03-03 13:00,ENG-1255,SUP-177,EMP213,TL-055,,Tool_55,Nut Runner,Plant-A,2026-01-22,2026-04-22,Out of Service,95.5,Atlas Copco,SN100054
M9641,MA1AB100000002641,WO12641,Hatch Z,TRIM-1, stn-05 ,2026-03-03 13:01,ENG-1486,SUP-075,EMP311,TL-020,A,Tool_20,Robot Arm,Plant-C,2026-06-24,2026-09-22,Active,99.27,Ingersoll Rand,SN100019
M9642,MA1AB100000002642,WO12642,Sedan X,PAINT-1,Stn-03,2026-03-03 13:02,ENG-1263,SUP-190,EMP185,TL-048,C,Tool_48,Nut Runner,Plant-B,2026-04-17,2026-07-16,Active,96.56,Stanley,SN100047
M9643,MA1AB100000002643,WO12643,Sedan X,GA-1,STN-05,2026-03-03 13:03,ENG-1111,SUP-045,EMP378,TL-014,B,Tool_14,Nut Runner,Plant-A,2026-02-27,2026-05-28,Maintenance,99.68,Stanley,SN100013
M9644,MA1AB100000002644,WO12644,Sedan X,GA-1,STN-02,2026-03-03 13:05,ENG-1102,SUP-156,EMP173,TL-083,A,Tool_83,Nut Runner,Plant-A,2026-01-22,2026-04-22,Out of Service,98.35,Bosch,SN100082
M9645,MA1AB100000002645,WO12645,Hatch Z,PAINT-1,STN-05,2026-03-03 13:06,ENG-1047,SUP-016,EMP293,TL-095,A,Tool_95,Nut Runner,Plant-A,2026-06-25,2026-09-23,Active,99.37,Bosch,SN100094
M9646,MA1AB100000002646,WO12646,Sedan X,GA-2,STN-04,2026-03-03 13:07,ENG-1134,SUP-126,EMP181,TL-027,,Tool_27,Robot Arm,Plant-A,2026-03-13,2026-06-11,Active,95.63,Atlas Copco,SN100026
M9647,MA1AB100000002647,WO12647,SUV Pro,GA-1,STN-05,2026-03-03 13:08,ENG-1084,SUP-197,EMP341,TL-052,A,Tool_52,Torque Wrench,Plant-A,2026-04-12,2026-07-11,Out of Service,99.68,Ingersoll Rand,SN100051
M9648,MA1AB100000002648,WO12648,Hatch Z,TRIM-1,STN-02,2026-03-03 13:10,ENG-1402,SUP-047,EMP279,TL-062,,Tool_62,Robot Arm,Plant-A,2026-04-28,2026-07-27,Out of Service,95.44,Bosch,SN100061
M9649,MA1AB100000002649,WO12649,SUV Pro,PAINT-1, stn-05 ,2026-03-03 13:11,ENG-1498,SUP-093,EMP387,TL-081,C,Tool_81,Nut Runner,Plant-A,2026-06-21,2026-09-19,Maintenance,97.61,Atlas Copco,SN100080
M9650,MA1AB100000002650,WO12650,SUV Pro,GA-2,STN-04,2026-03-03 13:12,ENG-1079,SUP-147,EMP116,TL-042,B,Tool_42,Welding Gun,Plant-C,2026-03-03,2026-06-01,Out of Service,97.14,Ingersoll Rand,SN100041
M9651,MA1AB100000002651,WO12651,Hatch Z,GA-1,STN-05,2026-03-03 13:13,ENG-1418,SUP-199,EMP332,TL-049,B,Tool_49,Press Tool,Plant-A,2026-01-18,2026-04-18,Active,97.7,Atlas Copco,SN100048
M9652,MA1AB100000002652,WO12652,Hatch Z,GA-1,STN-04,2026-03-03 13:15,ENG-1027,SUP-141,EMP193,TL-092,,Tool_92,Nut Runner,Plant-C,2026-06-25,2026-09-23,Active,97.7,Bosch,SN100091
M9653,MA1AB100000002653,WO12653,Sedan X,TRIM-1,STN-02,2026-03-03 13:16,ENG-1032,SUP-118,EMP210,TL-026,,Tool_26,Robot Arm,Plant-A,2026-05-25,2026-08-23,Out of Service,99.11,Atlas Copco,SN100025
M9654,MA1AB100000002654,WO12654,Hatch Z,GA-2,STN-05,2026-03-03 13:17,ENG-1335,SUP-150,EMP195,TL-004,C,Tool_4,Press Tool,Plant-A,2026-01-19,2026-04-19,Active,97.49,Bosch,SN100003
M9655,MA1AB100000002655,WO12655,Sedan X,GA-2,STN-02,2026-03-03 13:18,ENG-1295,SUP-146,EMP209,TL-095,,Tool_95,Nut Runner,Plant-A,2026-06-25,2026-09-23,Active,99.37,Bosch,SN100094
M9656,MA1AB100000002656,WO12656,Sedan X,GA-1, stn-05 ,2026-03-03 13:20,ENG-1218,SUP-084,EMP399,TL-010,C,Tool_10,Welding Gun,Plant-B,2026-02-07,2026-05-08,Maintenance,98.91,Atlas Copco,SN100009
M9657,MA1AB100000002657,WO12657,Sedan X,GA-2,STN-02,2026-03-03 13:21,ENG-1459,SUP-043,EMP266,TL-084,C,Tool_84,Torque Wrench,Plant-C,2026-02-03,2026-05-04,Out of Service,97.78,Ingersoll Rand,SN100083
M9658,MA1AB100000002658,WO12658,Hatch Z,GA-2,Stn-03,2026-03-03 13:22,ENG-1295,SUP-139,EMP204,TL-041,C,Tool_41,Robot Arm,Plant-A,2026-02-27,2026-05-28,Maintenance,97.13,Atlas Copco,SN100040
M9659,MA1AB100000002659,WO12659,SUV Pro,TRIM-1,STN-01,2026-03-03 13:23,ENG-1250,SUP-186,EMP337,TL-095,,Tool_95,Nut Runner,Plant-A,2026-06-25,2026-09-23,Active,99.37,Bosch,SN100094
M9660,MA1AB100000002660,WO12660,Sedan X,GA-2,Stn-03,2026-03-03 13:25,ENG-1201,SUP-075,EMP226,TL-003,C,Tool_3,Robot Arm,Plant-C,2026-02-25,2026-05-26,Active,97.36,Atlas Copco,SN100002
M9661,MA1AB100000002661,WO12661,SUV Pro,PAINT-1,STN-05,2026-03-03 13:26,ENG-1415,SUP-199,EMP355,TL-079,A,Tool_79,Press Tool,Plant-C,2026-04-14,2026-07-13,Active,96.15,Ingersoll Rand,SN100078
M9662,MA1AB100000002662,WO12662,Sedan X,TRIM-1,STN-05,2026-03-03 13:27,ENG-1422,SUP-150,EMP324,TL-001,B,Tool_1,Welding Gun,Plant-A,2026-05-21,2026-08-19,Maintenance,98.97,Bosch,SN100000
M9663,MA1AB100000002663,WO12663,Hatch Z,GA-2,STN-04,2026-03-03 13:28,ENG-1035,SUP-042,EMP128,TL-043,B,Tool_43,Torque Wrench,Plant-B,2026-04-28,2026-07-27,Active,96.51,Ingersoll Rand,SN100042
M9664,XX1 2 3 4,WO12664,Hatch Z,TRIM-1,Stn-03,2026-03-03 13:30,ENG-1269,,EMP354,TL-093,A,Tool_93,Nut Runner,Plant-A,2026-03-03,2026-06-01,Out of Service,98.43,Ingersoll Rand,SN100092
M9665,MA1AB100000002665,WO12665,Sedan X,TRIM-1, stn-05 ,2026-03-03 13:31,ENG-1458,SUP-084,EMP170,TL-075,B,Tool_75,Press Tool,Plant-C,2026-04-22,2026-07-21,Active,99.86,Ingersoll Rand,SN100074
M9666,MA1AB100000002666,WO12666,Sedan X,GA-2,STN-01,2026-03-03 13:32,ENG-1415,SUP-173,EMP150,TL-018,C,Tool_18,Robot Arm,Plant-B,2026-06-15,2026-09-13,Out of Service,95.48,Stanley,SN100017
M9667,MA1AB100000002667,WO12667,SUV Pro,GA-1,STN-05,2026-03-03 13:33,ENG-1096,SUP-045,EMP119,TL-006,C,Tool_6,Nut Runner,Plant-B,2026-01-25,2026-04-25,Maintenance,98.24,Ingersoll Rand,SN100005
M9668,MA1AB100000002668,WO12668,Hatch Z,TRIM-1,STN-05,2026-03-03 13:35,ENG-1415,SUP-176,EMP338,TL-067,,Tool_67,Torque Wrench,Plant-A,2026-02-10,2026-05-11,Active,95.24,Bosch,SN100066
M9669,MA1AB100000002669,WO12669,SUV Pro,GA-2, stn-05 ,2026-03-03 13:36,ENG-1378,SUP-185,EMP290,TL-086,C,Tool_86,Press Tool,Plant-B,2026-03-20,2026-06-18,Active,96.21,Bosch,SN100085
M9670,MA1AB100000002670,WO12670,Sedan X,GA-2, stn-05 ,2026-03-03 13:37,ENG-1273,SUP-101,EMP131,TL-097,A,Tool_97,Nut Runner,Plant-A,2026-04-22,2026-07-21,Active,99.35,Ingersoll Rand,SN100096
M9671,MA1AB100000002671,WO12671,Sedan X,GA-1,STN-03,2026-03-03 13:38,ENG-1154,SUP-061,EMP298,TL-083,A,Tool_83,Nut Runner,Plant-A,2026-01-22,2026-04-22,Out of Service,98.35,Bosch,SN100082
M9672,MA1AB100000002672,WO12672,Hatch Z,PAINT-1,STN-01,2026-03-03 13:40,ENG-1235,SUP-018,EMP277,TL-021,B,Tool_21,Press Tool,Plant-C,2026-01-09,2026-04-09,Out of Service,95.18,Atlas Copco,SN100020
M9673,MA1AB100000002673,WO12673,Hatch Z,GA-1,STN-01,2026-03-03 13:41,ENG-1398,SUP-039,EMP395,TL-022,C,Tool_22,Press Tool,Plant-C,2026-03-22,2026-06-20,Out of Service,95.43,Bosch,SN100021
M9674,MA1AB100000002674,WO12674,Hatch Z,GA-1,STN-01,2026-03-03 13:42,ENG-1155,SUP-051,EMP344,TL-036,B,Tool_36,Nut Runner,Plant-B,2026-02-08,2026-05-09,Active,95.2,Stanley,SN100035
M9675,MA1AB100000002675,WO12675,Sedan X,GA-2,STN-01,2026-03-03 13:43,ENG-1295,SUP-107,EMP340,TL-011,B,Tool_11,Welding Gun,Plant-B,2026-01-03,2026-04-03,Out of Service,99.43,Atlas Copco,SN100010
M9676,MA1AB100000002676,WO12676,Hatch Z,TRIM-1,STN-01,2026-03-03 13:45,ENG-1311,SUP-030,EMP174,TL-051,A,Tool_51,Nut Runner,Plant-C,2026-04-06,2026-07-05,Active,97.28,Bosch,SN100050
M9677,MA1AB100000002677,WO12677,Hatch Z,GA-2, stn-05 ,2026-03-03 13:46,ENG-1077,SUP-030,EMP206,TL-021,A,Tool_21,Press Tool,Plant-C,2026-01-09,2026-04-09,Out of Service,95.18,Atlas Copco,SN100020
M9678,MA1AB100000002678,WO12678,Hatch Z,TRIM-1,STN-04,2026-03-03 13:47,ENG-1238,SUP-193,EMP171,TL-007,A,Tool_7,Nut Runner,Plant-B,2026-06-11,2026-09-09,Out of Service,95.88,Stanley,SN100006
M9679,MA1AB100000002679,WO12679,Hatch Z,GA-1,STN-01,2026-03-03 13:48,ENG-1057,SUP-098,EMP306,TL-014,B,Tool_14,Nut Runner,Plant-A,2026-02-27,2026-05-28,Maintenance,99.68,Stanley,SN100013
M9680,MA1AB100000002680,WO12680,Sedan X,GA-1,STN-01,2026-03-03 13:50,ENG-1316,SUP-185,EMP116,TL-058,B,Tool_58,Robot Arm,Plant-C,2026-04-28,2026-07-27,Active,96.6,Stanley,SN100057
M9681,MA1AB100000002681,WO12681,Hatch Z,PAINT-1, stn-05 ,2026-03-03 13:51,ENG-1380,SUP-136,EMP324,TL-032,B,Tool_32,Press Tool,Plant-A,2026-03-27,2026-06-25,Maintenance,97.67,Bosch,SN100031
M9682,MA1AB100000002682,WO12682,Hatch Z,GA-2,STN-01,2026-03-03 13:52,ENG-1150,SUP-147,EMP198,TL-056,,Tool_56,Torque Wrench,Plant-C,2026-04-06,2026-07-05,Active,97.45,Atlas Copco,SN100055
M9683,MA1AB100000002683,WO12683,SUV Pro,GA-2,STN-05,2026-03-03 13:53,ENG-1006,SUP-170,EMP191,TL-059,C,Tool_59,Robot Arm,Plant-B,2026-04-15,2026-07-14,Active,95.72,Stanley,SN100058
M9684,MA1AB100000002684,WO12684,Hatch Z,GA-1,STN-02,2026-03-03 13:55,ENG-1391,SUP-073,EMP190,TL-013,A,Tool_13,Nut Runner,Plant-B,2026-04-05,2026-07-04,Active,99.14,Bosch,SN100012
M9685,MA1AB100000002685,WO12685,SUV Pro,GA-1,Stn-03,2026-03-03 13:56,ENG-1285,SUP-175,EMP302,TL-081,B,Tool_81,Nut Runner,Plant-A,2026-06-21,2026-09-19,Maintenance,97.61,Atlas Copco,SN100080
M9686,MA1AB100000002686,WO12686,SUV Pro,GA-1,STN-05,2026-03-03 13:57,ENG-1340,SUP-084,EMP168,TL-020,C,Tool_20,Robot Arm,Plant-C,2026-06-24,2026-09-22,Active,99.27,Ingersoll Rand,SN100019
M9687,MA1AB100000002687,WO12687,SUV Pro,GA-2,STN-01,2026-03-03 13:58,ENG-1430,SUP-152,EMP199,TL-090,C,Tool_90,Nut Runner,Plant-C,2026-05-12,2026-08-10,Out of Service,97.28,Stanley,SN100089
M9688,MA1AB100000002688,WO12688,SUV Pro,TRIM-1,Stn-03,2026-03-03 14:00,ENG-1404,SUP-017,EMP100,TL-028,C,Tool_28,Press Tool,Plant-C,2026-01-25,2026-04-25,Out of Service,97.87,Ingersoll Rand,SN100027
M9689,MA1AB100000002689,WO12689,Sedan X,TRIM-1,Stn-03,2026-03-03 14:01,ENG-1008,SUP-199,EMP149,TL-030,,Tool_30,Nut Runner,Plant-A,2026-02-18,2026-05-19,Out of Service,97.07,Ingersoll Rand,SN100029
M9690,MA1AB100000002690,WO12690,Sedan X,GA-2,STN-03,2026-03-03 14:02,ENG-1097,SUP-109,EMP283,TL-071,C,Tool_71,Welding Gun,Plant-B,2026-04-11,2026-07-10,Active,98.12,Atlas Copco,SN100070
M9691,MA1AB100000002691,WO12691,Hatch Z,PAINT-1,STN-04,2026-03-03 14:03,ENG-1157,SUP-196,EMP166,TL-028,A,Tool_28,Press Tool,Plant-C,2026-01-25,2026-04-25,Out of Service,97.87,Ingersoll Rand,SN100027
M9692,MA1AB100000002692,WO12692,SUV Pro,GA-1, stn-05 ,2026-03-03 14:05,ENG-1398,SUP-040,EMP113,TL-019,,Tool_19,Torque Wrench,Plant-B,2026-05-30,2026-08-28,Active,96.08,Atlas Copco,SN100018
M9693,MA1AB100000002693,WO12693,Sedan X,TRIM-1,STN-01,2026-03-03 14:06,ENG-1185,SUP-158,EMP182,TL-062,B,Tool_62,Robot Arm,Plant-A,2026-04-28,2026-07-27,Out of Service,95.44,Bosch,SN100061
M9694,MA1AB100000002694,WO12694,Hatch Z,TRIM-1,STN-03,2026-03-03 14:07,ENG-1030,SUP-043,EMP131,TL-057,A,Tool_57,Welding Gun,Plant-A,2026-05-01,2026-07-30,Active,98.96,Bosch,SN100056
M9695,MA1AB100000002695,WO12695,SUV Pro,TRIM-1,Stn-03,2026-03-03 14:08,ENG-1302,SUP-006,EMP311,TL-030,B,Tool_30,Nut Runner,Plant-A,2026-02-18,2026-05-19,Out of Service,97.07,Ingersoll Rand,SN100029
M9696,MA1AB100000002696,WO12696,Sedan X,PAINT-1,STN-05,2026-03-03 14:10,ENG-1332,SUP-028,EMP275,TL-041,C,Tool_41,Robot Arm,Plant-A,2026-02-27,2026-05-28,Maintenance,97.13,Atlas Copco,SN100040
M9697,MA1AB100000002697,WO12697,Sedan X,GA-1,STN-02,2026-03-03 14:11,ENG-1359,SUP-182,EMP246,TL-005,B,Tool_5,Torque Wrench,Plant-C,2026-02-02,2026-05-03,Maintenance,99.68,Ingersoll Rand,SN100004
M9698,MA1AB100000002698,WO12698,Sedan X,GA-1,STN-01,2026-03-03 14:12,ENG-1315,SUP-093,EMP307,TL-064,,Tool_64,Press Tool,Plant-A,2026-02-03,2026-05-04,Active,98.09,Atlas Copco,SN100063
M9699,MA1AB100000002699,WO12699,SUV Pro,TRIM-1,Stn-03,2026-03-03 14:13,ENG-1157,SUP-160,EMP133,TL-048,,Tool_48,Nut Runner,Plant-B,2026-04-17,2026-07-16,Active,96.56,Stanley,SN100047
M9700,MA1AB100000002700,WO12700,Hatch Z,PAINT-1,STN-03,2026-03-03 14:15,ENG-1145,SUP-109,EMP188,TL-032,C,Tool_32,Press Tool,Plant-A,2026-03-27,2026-06-25,Maintenance,97.67,Bosch,SN100031
M9701,MA1AB100000002701,WO12701,SUV Pro,GA-1,STN-02,2026-03-03 14:16,ENG-1428,SUP-065,EMP336,TL-056,A,Tool_56,Torque Wrench,Plant-C,2026-04-06,2026-07-05,Active,97.45,Atlas Copco,SN100055
M9702,MA1AB100000002702,WO12702,Sedan X,GA-1,STN-05,2026-03-03 14:17,ENG-1030,SUP-197,EMP160,TL-999,A,Unknown Tool,Unknown Type,,,,,,,
M9703,MA1AB100000002703,WO12703,Sedan X,GA-2,STN-01,2026-03-03 14:18,ENG-1412,SUP-189,EMP311,TL-071,B,Tool_71,Welding Gun,Plant-B,2026-04-11,2026-07-10,Active,98.12,Atlas Copco,SN100070
M9704,MA1AB100000002704,WO12704,Sedan X,TRIM-1,STN-04,2026-03-03 14:20,ENG-1141,SUP-196,EMP146,TL-063,B,Tool_63,Welding Gun,Plant-B,2026-03-03,2026-06-01,Active,99.78,Ingersoll Rand,SN100062
M9705,MA1AB100000002705,WO12705,SUV Pro,GA-1,STN-05,2026-03-03 14:21,ENG-1006,SUP-133,EMP149,TL-094,C,Tool_94,Press Tool,Plant-C,2026-05-10,2026-08-08,Maintenance,98.64,Stanley,SN100093
M9706,MA1AB100000002706,WO12706,SUV Pro,GA-1,STN-02,2026-03-03 14:22,ENG-1303,SUP-008,EMP155,TL-044,A,Tool_44,Press Tool,Plant-C,2026-01-16,2026-04-16,Maintenance,99.03,Bosch,SN100043
M9707,MA1AB100000002707,WO12707,SUV Pro,GA-1,STN-02,2026-03-03 14:23,ENG-1260,SUP-011,EMP309,TL-058,A,Tool_58,Robot Arm,Plant-C,2026-04-28,2026-07-27,Active,96.6,Stanley,SN100057
M9708,MA1AB100000002708,WO12708,Sedan X,GA-1,STN-04,2026-03-03 14:25,ENG-1364,SUP-059,EMP270,TL-011,A,Tool_11,Welding Gun,Plant-B,2026-01-03,2026-04-03,Out of Service,99.43,Atlas Copco,SN100010
M9709,MA1AB100000002709,WO12709,SUV Pro,PAINT-1,STN-05,2026-03-03 14:26,ENG-1488,SUP-071,EMP351,TL-039,B,Tool_39,Nut Runner,Plant-C,2026-02-15,2026-05-16,Maintenance,97.07,Ingersoll Rand,SN100038
M9710,MA1AB100000002710,WO12710,SUV Pro,GA-2,STN-01,2026-03-03 14:27,ENG-1360,SUP-051,EMP112,TL-003,,Tool_3,Robot Arm,Plant-C,2026-02-25,2026-05-26,Active,97.36,Atlas Copco,SN100002
M9711,MA1AB100000002711,WO12711,Sedan X,PAINT-1,STN-05,2026-03-03 14:28,ENG-1440,SUP-136,EMP281,TL-058,,Tool_58,Robot Arm,Plant-C,2026-04-28,2026-07-27,Active,96.6,Stanley,SN100057
M9712,MA1AB100000002712,WO12712,Hatch Z,TRIM-1,STN-05,2026-03-03 14:30,ENG-1129,SUP-128,EMP115,TL-027,A,Tool_27,Robot Arm,Plant-A,2026-03-13,2026-06-11,Active,95.63,Atlas Copco,SN100026
M9713,MA1AB100000002713,WO12713,Hatch Z,GA-1,STN-03,2026-03-03 14:31,ENG-1101,SUP-172,EMP202,TL-078,,Tool_78,Press Tool,Plant-A,2026-03-26,2026-06-24,Maintenance,99.88,Bosch,SN100077
M9714,MA1AB100000002714,WO12714,Sedan X,TRIM-1,STN-03,2026-03-03 14:32,ENG-1429,SUP-112,EMP301,TL-056,B,Tool_56,Torque Wrench,Plant-C,2026-04-06,2026-07-05,Active,97.45,Atlas Copco,SN100055
M9715,MA1AB100000002715,WO12715,Sedan X,PAINT-1,STN-05,2026-03-03 14:33,ENG-1032,SUP-135,EMP223,TL-018,,Tool_18,Robot Arm,Plant-B,2026-06-15,2026-09-13,Out of Service,95.48,Stanley,SN100017
M9716,MA1AB100000002716,WO12716,Sedan X,GA-1,STN-01,2026-03-03 14:35,ENG-1136,SUP-104,EMP312,TL-055,A,Tool_55,Nut Runner,Plant-A,2026-01-22,2026-04-22,Out of Service,95.5,Atlas Copco,SN100054
M9717,MA1AB100000002717,WO12717,SUV Pro,PAINT-1, stn-05 ,2026-03-03 14:36,ENG-1301,SUP-007,EMP134,TL-015,A,Tool_15,Robot Arm,Plant-C,2026-05-26,2026-08-24,Out of Service,97.88,Atlas Copco,SN100014
M9718,MA1AB100000002718,WO12718,SUV Pro,TRIM-1, stn-05 ,2026-03-03 14:37,ENG-1239,SUP-032,EMP229,TL-005,A,Tool_5,Torque Wrench,Plant-C,2026-02-02,2026-05-03,Maintenance,99.68,Ingersoll Rand,SN100004
M9719,MA1AB100000002719,WO12719,Hatch Z,PAINT-1,STN-05,2026-03-03 14:38,ENG-1120,SUP-140,EMP382,TL-009,C,Tool_9,Press Tool,Plant-C,2026-05-31,2026-08-29,Active,98.89,Bosch,SN100008
M9720,MA1AB100000002720,WO12720,Hatch Z,GA-1,STN-03,2026-03-03 14:40,ENG-1127,SUP-171,EMP133,TL-041,B,Tool_41,Robot Arm,Plant-A,2026-02-27,2026-05-28,Maintenance,97.13,Atlas Copco,SN100040
M9721,MA1AB100000002721,WO12721,Sedan X,PAINT-1,STN-05,2026-03-03 14:41,ENG-1311,SUP-129,EMP119,TL-076,C,Tool_76,Welding Gun,Plant-C,2026-02-22,2026-05-23,Maintenance,98.13,Ingersoll Rand,SN100075
M9722,MA1AB100000002722,WO12722,Hatch Z,TRIM-1,STN-04,2026-03-03 14:42,ENG-1401,SUP-156,EMP370,TL-064,B,Tool_64,Press Tool,Plant-A,2026-02-03,2026-05-04,Active,98.09,Atlas Copco,SN100063
M9723,MA1AB100000002723,WO12723,Hatch Z,GA-1,STN-02,2026-03-03 14:43,ENG-1237,SUP-152,EMP324,TL-088,A,Tool_88,Welding Gun,Plant-B,2026-04-25,2026-07-24,Active,95.24,Stanley,SN100087
M9724,MA1AB100000002724,WO12724,SUV Pro,TRIM-1,STN-05,2026-03-03 14:45,ENG-1284,SUP-192,EMP249,TL-014,,Tool_14,Nut Runner,Plant-A,2026-02-27,2026-05-28,Maintenance,99.68,Stanley,SN100013
M9725,MA1AB100000002725,WO12725,SUV Pro,GA-1,STN-02,2026-03-03 14:46,ENG-1110,SUP-125,EMP246,TL-007,,Tool_7,Nut Runner,Plant-B,2026-06-11,2026-09-09,Out of Service,95.88,Stanley,SN100006
M9726,MA1AB100000002726,WO12726,SUV Pro,PAINT-1,STN-02,2026-03-03 14:47,ENG-1119,SUP-045,EMP265,TL-056,B,Tool_56,Torque Wrench,Plant-C,2026-04-06,2026-07-05,Active,97.45,Atlas Copco,SN100055
M9727,MA1AB100000002727,WO12727,Sedan X,PAINT-1,STN-05,2026-03-03 14:48,ENG-1291,SUP-030,EMP328,TL-002,A,Tool_2,Nut Runner,Plant-A,2026-04-22,2026-07-21,Active,97.47,Bosch,SN100001
M9728,MA1AB100000002728,WO12728,Hatch Z,PAINT-1,STN-02,2026-03-03 14:50,ENG-1452,SUP-111,EMP171,TL-004,B,Tool_4,Press Tool,Plant-A,2026-01-19,2026-04-19,Active,97.49,Bosch,SN100003
M9729,MA1AB100000002729,WO12729,SUV Pro,GA-1,STN-05,2026-03-03 14:51,ENG-1235,SUP-139,EMP187,TL-014,A,Tool_14,Nut Runner,Plant-A,2026-02-27,2026-05-28,Maintenance,99.68,Stanley,SN100013
M9730,MA1AB100000002730,WO12730,SUV Pro,GA-1,Stn-03,2026-03-03 14:52,ENG-1081,SUP-170,EMP114,TL-081,C,Tool_81,Nut Runner,Plant-A,2026-06-21,2026-09-19,Maintenance,97.61,Atlas Copco,SN100080
M9731,MA1AB100000002731,WO12731,Sedan X,GA-1,STN-02,2026-03-03 14:53,ENG-1189,SUP-176,EMP392,TL-066,,Tool_66,Nut Runner,Plant-A,2026-01-13,2026-04-13,Maintenance,98.63,Stanley,SN100065
M9732,MA1AB100000002732,WO12732,Sedan X,GA-1,STN-01,2026-03-03 14:55,ENG-1499,SUP-114,EMP111,TL-094,C,Tool_94,Press Tool,Plant-C,2026-05-10,2026-08-08,Maintenance,98.64,Stanley,SN100093
M9733,MA1AB100000002733,WO12733,Hatch Z,GA-1,Stn-03,2026-03-03 14:56,ENG-1420,SUP-019,EMP379,TL-052,C,Tool_52,Torque Wrench,Plant-A,2026-04-12,2026-07-11,Out of Service,99.68,Ingersoll Rand,SN100051
M9734,MA1AB100000002734,WO12734,SUV Pro,GA-2,STN-02,2026-03-03 14:57,ENG-1388,SUP-031,EMP331,TL-046,B,Tool_46,Torque Wrench,Plant-C,2026-01-19,2026-04-19,Active,95.51,Ingersoll Rand,SN100045
M9735,MA1AB100000002735,WO12735,Hatch Z,TRIM-1,STN-05,2026-03-03 14:58,ENG-1191,SUP-113,EMP105,TL-070,B,Tool_70,Robot Arm,Plant-C,2026-04-23,2026-07-22,Maintenance,98.03,Bosch,SN100069
M9736,MA1AB100000002736,WO12736,Sedan X,GA-1,STN-03,2026-03-03 15:00,ENG-1276,SUP-012,EMP314,TL-061,C,Tool_61,Nut Runner,Plant-C,2026-06-29,2026-09-27,Active,99.71,Ingersoll Rand,SN100060
M9737,MA1AB100000002737,WO12737,SUV Pro,GA-1,Stn-03,2026-03-03 15:01,ENG-1431,SUP-047,EMP196,TL-049,A,Tool_49,Press Tool,Plant-A,2026-01-18,2026-04-18,Active,97.7,Atlas Copco,SN100048
M9738,MA1AB100000002738,WO12738,SUV Pro,TRIM-1,STN-01,2026-03-03 15:02,ENG-1391,SUP-166,EMP143,TL-021,,Tool_21,Press Tool,Plant-C,2026-01-09,2026-04-09,Out of Service,95.18,Atlas Copco,SN100020
M9739,MA1AB100000002739,WO12739,Hatch Z,PAINT-1,Stn-03,2026-03-03 15:03,ENG-1084,SUP-154,EMP316,TL-072,B,Tool_72,Robot Arm,Plant-C,2026-05-05,2026-08-03,Maintenance,99.87,Atlas Copco,SN100071
M9740,MA1AB100000002740,WO12740,SUV Pro,TRIM-1,STN-05,2026-03-03 15:05,ENG-1482,SUP-172,EMP344,TL-086,A,Tool_86,Press Tool,Plant-B,2026-03-20,2026-06-18,Active,96.21,Bosch,SN100085
M9741,MA1AB100000002741,WO12741,SUV Pro,GA-1,STN-05,2026-03-03 15:06,ENG-1181,SUP-059,EMP160,TL-034,A,Tool_34,Torque Wrench,Plant-A,2026-06-25,2026-09-23,Out of Service,99.85,Stanley,SN100033
M9742,MA1AB100000002742,WO12742,Hatch Z,TRIM-1,STN-01,2026-03-03 15:07,ENG-1181,SUP-110,EMP122,TL-064,B,Tool_64,Press Tool,Plant-A,2026-02-03,2026-05-04,Active,98.09,Atlas Copco,SN100063
M9743,MA1AB100000002743,WO12743,Sedan X,TRIM-1,STN-03,2026-03-03 15:70,ENG-1345,SUP-177,EMP383,TL-072,B,Tool_72,Robot Arm,Plant-C,2026-05-05,2026-08-03,Maintenance,99.87,Atlas Copco,SN100071
M9744,MA1AB100000002744,WO12744,SUV Pro,TRIM-1,STN-03,2026-03-03 15:10,ENG-1054,SUP-200,EMP335,TL-075,,Tool_75,Press Tool,Plant-C,2026-04-22,2026-07-21,Active,99.86,Ingersoll Rand,SN100074
M9745,MA1AB100000002745,WO12745,Sedan X,PAINT-1, stn-05 ,2026-03-03 15:11,ENG-1023,SUP-155,EMP315,TL-090,C,Tool_90,Nut Runner,Plant-C,2026-05-12,2026-08-10,Out of Service,97.28,Stanley,SN100089
M9746,MA1AB100000002746,WO12746,Hatch Z,TRIM-1,STN-04,2026-03-03 15:12,ENG-1279,SUP-064,EMP235,TL-079,,Tool_79,Press Tool,Plant-C,2026-04-14,2026-07-13,Active,96.15,Ingersoll Rand,SN100078
M9747,MA1AB100000002747,WO12747,Sedan X,PAINT-1,STN-04,2026-03-03 15:13,ENG-1261,SUP-080,EMP177,TL-009,,Tool_9,Press Tool,Plant-C,2026-05-31,2026-08-29,Active,98.89,Bosch,SN100008
M9748,MA1AB100000002748,WO12748,Sedan X,GA-2,STN-05,2026-03-03 15:15,ENG-1173,SUP-027,EMP297,TL-019,B,Tool_19,Torque Wrench,Plant-B,2026-05-30,2026-08-28,Active,96.08,Atlas Copco,SN100018
M9749,MA1AB100000002749,WO12749,SUV Pro,GA-2,Stn-03,2026-03-03 15:16,ENG-1322,SUP-105,EMP240,TL-070,B,Tool_70,Robot Arm,Plant-C,2026-04-23,2026-07-22,Maintenance,98.03,Bosch,SN100069
M9750,MA1AB100000002750,WO12750,Sedan X,GA-2,STN-03,2026-03-03 15:17,ENG-1273,SUP-103,EMP372,TL-090,B,Tool_90,Nut Runner,Plant-C,2026-05-12,2026-08-10,Out of Service,97.28,Stanley,SN100089
M9751,MA1AB100000002751,WO12751,Hatch Z,GA-1,STN-04,2026-03-03 15:18,ENG-1070,SUP-067,EMP302,TL-062,B,Tool_62,Robot Arm,Plant-A,2026-04-28,2026-07-27,Out of Service,95.44,Bosch,SN100061
M9752,MA1AB100000002752,WO12752,Hatch Z,TRIM-1,STN-05,2026-03-03 15:20,ENG-1294,SUP-018,EMP317,TL-003,A,Tool_3,Robot Arm,Plant-C,2026-02-25,2026-05-26,Active,97.36,Atlas Copco,SN100002
M9753,MA1AB100000002753,WO12753,Sedan X,PAINT-1,STN-01,2026-03-03 15:21,ENG-1109,SUP-029,EMP227,TL-046,B,Tool_46,Torque Wrench,Plant-C,2026-01-19,2026-04-19,Active,95.51,Ingersoll Rand,SN100045
M9754,MA1AB100000002754,WO12754,Sedan X,TRIM-1,STN-01,2026-03-03 15:22,ENG-1119,SUP-055,EMP343,TL-093,,Tool_93,Nut Runner,Plant-A,2026-03-03,2026-06-01,Out of Service,98.43,Ingersoll Rand,SN100092
M9755,MA1AB100000002755,WO12755,Sedan X,PAINT-1,STN-02,2026-03-03 15:23, eng-1001 ,SUP-064,EMP122,TL-033,C,Tool_33,Welding Gun,Plant-C,2026-02-25,2026-05-26,Active,97.63,Bosch,SN100032
M9756,MA1AB100000002756,WO12756,Hatch Z,GA-1,STN-04,2026-03-03 15:25,ENG-1170,SUP-200,EMP111,TL-022,C,Tool_22,Press Tool,Plant-C,2026-03-22,2026-06-20,Out of Service,95.43,Bosch,SN100021
M9757,MA1AB100000002757,WO12757,SUV Pro,PAINT-1,STN-04,2026-03-03 15:26,ENG-1074,SUP-068,EMP163,TL-079,A,Tool_79,Press Tool,Plant-C,2026-04-14,2026-07-13,Active,96.15,Ingersoll Rand,SN100078
M9758,MA1AB100000002758,WO12758,SUV Pro,PAINT-1, stn-05 ,2026-03-03 15:27,ENG-1016,SUP-050,EMP248,TL-036,A,Tool_36,Nut Runner,Plant-B,2026-02-08,2026-05-09,Active,95.2,Stanley,SN100035
M9759,MA1AB100000002759,WO12759,Hatch Z,TRIM-1,STN-04,2026-03-03 15:28,ENG-1432,SUP-017,EMP340,TL-097,,Tool_97,Nut Runner,Plant-A,2026-04-22,2026-07-21,Active,99.35,Ingersoll Rand,SN100096
M9760,MA1AB100000002760,WO12760,Hatch Z,GA-1,Stn-03,2026-03-03 15:30,ENG-1264,SUP-033,EMP232,TL-077,A,Tool_77,Welding Gun,Plant-C,2026-04-12,2026-07-11,Active,98.71,Stanley,SN100076
M9761,MA1AB100000002761,WO12761,Hatch Z,GA-1,Stn-03,2026-03-03 15:31,ENG-1205,SUP-119,EMP382,TL-019,A,Tool_19,Torque Wrench,Plant-B,2026-05-30,2026-08-28,Active,96.08,Atlas Copco,SN100018
M9762,MA1AB100000002762,WO12762,SUV Pro,GA-1,STN-04,2026-03-03 15:32,ENG-1138,SUP-106,EMP364,TL-014,B,Tool_14,Nut Runner,Plant-A,2026-02-27,2026-05-28,Maintenance,99.68,Stanley,SN100013
M9763,MA1AB100000002763,WO12763,SUV Pro,GA-2,STN-04,2026-03-03 15:33,ENG-1320,SUP-097,EMP235,TL-070,,Tool_70,Robot Arm,Plant-C,2026-04-23,2026-07-22,Maintenance,98.03,Bosch,SN100069
M9764,MA1AB100000002764,WO12764,Hatch Z,GA-2, stn-05 ,2026-03-03 15:35,ENG-1499,SUP-149,EMP302,TL-090,,Tool_90,Nut Runner,Plant-C,2026-05-12,2026-08-10,Out of Service,97.28,Stanley,SN100089
M9765,MA1AB100000002765,WO12765,SUV Pro,TRIM-1,STN-05,2026-03-03 15:36,ENG-1159,SUP-177,EMP146,TL-042,C,Tool_42,Welding Gun,Plant-C,2026-03-03,2026-06-01,Out of Service,97.14,Ingersoll Rand,SN100041
M9766,MA1AB100000002766,WO12766,Hatch Z,PAINT-1,STN-03,2026-03-03 15:37,ENG-1411,SUP-169,EMP125,TL-015,A,Tool_15,Robot Arm,Plant-C,2026-05-26,2026-08-24,Out of Service,97.88,Atlas Copco,SN100014
M9767,MA1AB100000002767,WO12767,Hatch Z,GA-2, stn-05 ,2026-03-03 15:38,ENG-1306,SUP-174,EMP192,TL-008,,Tool_8,Welding Gun,Plant-A,2026-06-05,2026-09-03,Maintenance,95.49,Ingersoll Rand,SN100007
M9768,MA1AB100000002768,WO12768,SUV Pro,GA-2, stn-05 ,2026/03/03 15:40,ENG-1475,SUP-098,EMP122,TL-045,A,Tool_45,Welding Gun,Plant-C,2026-03-10,2026-06-08,Active,98.94,Stanley,SN100044
M9769,MA1AB100000002769,WO12769,Sedan X,TRIM-1,STN-01,2026-03-03 15:41,ENG-1216,SUP-175,EMP131,TL-030,,Tool_30,Nut Runner,Plant-A,2026-02-18,2026-05-19,Out of Service,97.07,Ingersoll Rand,SN100029
M9770,MA1AB100000002770,WO12770,Sedan X,TRIM-1,STN-03,2026-03-03 15:42,ENG-1127,SUP-106,EMP164,TL-013,C,Tool_13,Nut Runner,Plant-B,2026-04-05,2026-07-04,Active,99.14,Bosch,SN100012
M9771,MA1AB100000002771,WO12771,SUV Pro,PAINT-1,STN-05,2026-03-03 15:43,ENG-1028,SUP-098,EMP348,TL-001,A,Tool_1,Welding Gun,Plant-A,2026-05-21,2026-08-19,Maintenance,98.97,Bosch,SN100000
M9772,MA1AB100000002772,WO12772,Sedan X,PAINT-1,Stn-03,2026-03-03 15:45,ENG-1069,SUP-077,EMP371,TL-075,C,Tool_75,Press Tool,Plant-C,2026-04-22,2026-07-21,Active,99.86,Ingersoll Rand,SN100074
M9773,MA1AB100000002773,WO12773,Sedan X,GA-1,STN-03,2026-03-03 15:46,ENG-1471,SUP-097,EMP292,TL-088,C,Tool_88,Welding Gun,Plant-B,2026-04-25,2026-07-24,Active,95.24,Stanley,SN100087
M9774,MA1AB100000002774,WO12774,Hatch Z,TRIM-1,STN-04,2026-03-03 15:47,ENG-1254,SUP-106,EMP125,TL-042,,Tool_42,Welding Gun,Plant-C,2026-03-03,2026-06-01,Out of Service,97.14,Ingersoll Rand,SN100041
M9775,MA1AB100000002775,WO12775,SUV Pro,GA-2,STN-01,2026-03-03 15:48,ENG-1419,SUP-080,EMP261,TL-055,C,Tool_55,Nut Runner,Plant-A,2026-01-22,2026-04-22,Out of Service,95.5,Atlas Copco,SN100054
M9776,MA1AB100000002776,WO12776,SUV Pro,TRIM-1,STN-03,2026-03-03 15:50,ENG-1275,SUP-008,EMP392,TL-058,C,Tool_58,Robot Arm,Plant-C,2026-04-28,2026-07-27,Active,96.6,Stanley,SN100057
M9777,MA1AB100000002777,WO12777,SUV Pro,GA-2,STN-02,2026-03-03 15:51,ENG-1400,SUP-130,EMP114,TL-055,B,Tool_55,Nut Runner,Plant-A,2026-01-22,2026-04-22,Out of Service,95.5,Atlas Copco,SN100054
M9778,MA1AB100000002778,WO12778,Sedan X,PAINT-1,STN-03,2026-03-03 15:52,ENG-1409,SUP-104,EMP295,TL-999,B,Unknown Tool,Unknown Type,,,,,,,
M9779,MA1AB100000002779,WO12779,Hatch Z,GA-2,Stn-03,2026-03-03 15:53,ENG-1214,SUP-087,EMP248,TL-007,A,Tool_7,Nut Runner,Plant-B,2026-06-11,2026-09-09,Out of Service,95.88,Stanley,SN100006
M9780,MA1AB100000002780,WO12780,SUV Pro,PAINT-1,STN-05,2026-03-03 15:55,ENG-1311,SUP-089,EMP217,TL-007,A,Tool_7,Nut Runner,Plant-B,2026-06-11,2026-09-09,Out of Service,95.88,Stanley,SN100006
M9781,MA1AB100000002781,WO12781,Hatch Z,TRIM-1,STN-02,2026-03-03 15:56,ENG-1438,SUP-048,EMP160,TL-023,B,Tool_23,Welding Gun,Plant-A,2026-04-29,2026-07-28,Active,95.35,Bosch,SN100022
M9782,MA1AB100000002782,WO12782,SUV Pro,GA-2,Stn-03,2026-03-03 15:57,ENG-1408,SUP-116,EMP319,TL-062,,Tool_62,Robot Arm,Plant-A,2026-04-28,2026-07-27,Out of Service,95.44,Bosch,SN100061
M9783,MA1AB100000002783,WO12783,SUV Pro,TRIM-1,STN-02,2026-03-03 15:58,ENG-1391,SUP-081,EMP134,TL-050,A,Tool_50,Welding Gun,Plant-C,2026-04-30,2026-07-29,Maintenance,98.51,Ingersoll Rand,SN100049
M9784,MA1AB100000002784,WO12784,Sedan X,GA-1,STN-02,2026-03-03 16:00,ENG-1143,SUP-182,EMP151,TL-012,C,Tool_12,Press Tool,Plant-B,2026-05-30,2026-08-28,Out of Service,98.02,Bosch,SN100011
M9785,MA1AB100000002785,WO12785,Hatch Z,PAINT-1,STN-05,2026-03-03 16:01,ENG-1408,SUP-133,EMP298,TL-008,A,Tool_8,Welding Gun,Plant-A,2026-06-05,2026-09-03,Maintenance,95.49,Ingersoll Rand,SN100007
M9786,MA1AB100000002786,WO12786,Hatch Z,GA-1,STN-01,2026-03-03 16:02,ENG-1242,SUP-151,EMP364,TL-051,,Tool_51,Nut Runner,Plant-C,2026-04-06,2026-07-05,Active,97.28,Bosch,SN100050
M9787,MA1AB100000002787,WO12787,Hatch Z,TRIM-1,STN-05,2026-03-03 16:03,ENG-1065,SUP-051,EMP140,TL-023,C,Tool_23,Welding Gun,Plant-A,2026-04-29,2026-07-28,Active,95.35,Bosch,SN100022
M9788,MA1AB100000002788,WO12788,SUV Pro,GA-1,Stn-03,2026-03-03 16:05,ENG-1139,SUP-115,EMP169,TL-092,,Tool_92,Nut Runner,Plant-C,2026-06-25,2026-09-23,Active,97.7,Bosch,SN100091
M9789,MA1AB100000002789,WO12789,SUV Pro,GA-2, stn-05 ,2026-03-03 16:06,ENG-1415,SUP-109,EMP138,TL-019,A,Tool_19,Torque Wrench,Plant-B,2026-05-30,2026-08-28,Active,96.08,Atlas Copco,SN100018
M9790,MA1AB100000002790,WO12790,Sedan X,GA-1,STN-02,2026-03-03 16:07,ENG-1270,SUP-065,EMP217,TL-095,,Tool_95,Nut Runner,Plant-A,2026-06-25,2026-09-23,Active,99.37,Bosch,SN100094
M9791,MA1AB100000002791,WO12791,SUV Pro,GA-2,STN-04,2026-03-03 16:08,ENG-1177,SUP-179,EMP297,TL-097,A,Tool_97,Nut Runner,Plant-A,2026-04-22,2026-07-21,Active,99.35,Ingersoll Rand,SN100096
M9792,MA1AB100000002792,WO12792,SUV Pro,PAINT-1,Stn-03,2026-03-03 16:10,ENG-1325,SUP-044,EMP288,TL-034,B,Tool_34,Torque Wrench,Plant-A,2026-06-25,2026-09-23,Out of Service,99.85,Stanley,SN100033
M9793,MA1AB100000002793,WO12793,SUV Pro,GA-2,STN-01,2026-03-03 16:11,ENG-1343,SUP-143,EMP219,TL-065,C,Tool_65,Torque Wrench,Plant-C,2026-01-31,2026-05-01,Maintenance,97.24,Bosch,SN100064
M9794,MA1AB100000002794,WO12794,SUV Pro,PAINT-1,Stn-03,2026-03-03 16:12,ENG-1385,SUP-069,EMP124,TL-005,,Tool_5,Torque Wrench,Plant-C,2026-02-02,2026-05-03,Maintenance,99.68,Ingersoll Rand,SN100004
M9795,MA1AB100000002795,WO12795,SUV Pro,PAINT-1, stn-05 ,2026-03-03 16:13,ENG-1188,SUP-074,EMP339,TL-044,B,Tool_44,Press Tool,Plant-C,2026-01-16,2026-04-16,Maintenance,99.03,Bosch,SN100043
M9796,MA1AB100000002796,WO12796,Sedan X,GA-1,STN-01,2026-03-03 16:15,ENG-1071,SUP-050,EMP178,TL-092,,Tool_92,Nut Runner,Plant-C,2026-06-25,2026-09-23,Active,97.7,Bosch,SN100091
M9797,MA1AB100000002797,WO12797,SUV Pro,TRIM-1, stn-05 ,2026-03-03 16:16,ENG-1481,SUP-159,EMP143,TL-058,,Tool_58,Robot Arm,Plant-C,2026-04-28,2026-07-27,Active,96.6,Stanley,SN100057
M9798,MA1AB100000002798,WO12798,SUV Pro,GA-2,STN-02,2026-03-03 16:17,ENG-1340,SUP-076,EMP185,TL-063,B,Tool_63,Welding Gun,Plant-B,2026-03-03,2026-06-01,Active,99.78,Ingersoll Rand,SN100062
M9799,MA1AB100000002799,WO12799,Sedan X,GA-2,Stn-03,2026-03-03 16:18,ENG-1426,SUP-143,EMP375,TL-049,B,Tool_49,Press Tool,Plant-A,2026-01-18,2026-04-18,Active,97.7,Atlas Copco,SN100048
M9800,MA1AB100000002800,WO12800,Sedan X,TRIM-1,STN-03,2026-03-03 16:20,ENG-1365,SUP-004,EMP377,TL-008,A,Tool_8,Welding Gun,Plant-A,2026-06-05,2026-09-03,Maintenance,95.49,Ingersoll Rand,SN100007
M9801,MA1AB100000002801,WO12801,Hatch Z,TRIM-1,STN-02,2026-03-03 16:21,ENG-1423,SUP-011,EMP230,TL-043,B,Tool_43,Torque Wrench,Plant-B,2026-04-28,2026-07-27,Active,96.51,Ingersoll Rand,SN100042
M9802,MA1AB100000002802,WO12802,Sedan X,TRIM-1,STN-05,2026-03-03 16:22,ENG-1405,SUP-059,EMP266,TL-093,B,Tool_93,Nut Runner,Plant-A,2026-03-03,2026-06-01,Out of Service,98.43,Ingersoll Rand,SN100092
M9803,MA1AB100000002803,WO12803,SUV Pro,GA-2,STN-03,2026-03-03 16:23,ENG-1434,SUP-059,EMP256,TL-002,A,Tool_2,Nut Runner,Plant-A,2026-04-22,2026-07-21,Active,97.47,Bosch,SN100001
M9804,MA1AB100000002804,WO12804,Hatch Z,GA-1,STN-05,2026-03-03 16:25,ENG-1035,SUP-184,EMP302,TL-057,,Tool_57,Welding Gun,Plant-A,2026-05-01,2026-07-30,Active,98.96,Bosch,SN100056
M9805,MA1AB100000002805,WO12805,Hatch Z,PAINT-1,STN-05,2026-03-03 16:26,ENG-1463,SUP-018,EMP317,TL-045,B,Tool_45,Welding Gun,Plant-C,2026-03-10,2026-06-08,Active,98.94,Stanley,SN100044
M9806,MA1AB100000002806,WO12806,SUV Pro,PAINT-1,STN-03,2026-03-03 16:27,ENG-1469,SUP-172,EMP284,TL-034,C,Tool_34,Torque Wrench,Plant-A,2026-06-25,2026-09-23,Out of Service,99.85,Stanley,SN100033
M9807,MA1AB100000002807,WO12807,SUV Pro,GA-1,Stn-03,2026-03-03 16:28,ENG-1272,SUP-054,EMP373,TL-047,A,Tool_47,Robot Arm,Plant-A,2026-04-17,2026-07-16,Active,99.69,Ingersoll Rand,SN100046
M9808,MA1AB100000002808,WO12808,SUV Pro,GA-2,STN-04,2026-03-03 16:30,ENG-1360,SUP-142,EMP154,TL-002,C,Tool_2,Nut Runner,Plant-A,2026-04-22,2026-07-21,Active,97.47,Bosch,SN100001
M9809,MA1AB100000002809,WO12809,Sedan X,GA-1,STN-02,2026-03-03 16:31,ENG-1274,SUP-117,EMP357,TL-066,C,Tool_66,Nut Runner,Plant-A,2026-01-13,2026-04-13,Maintenance,98.63,Stanley,SN100065
M9810,MA1AB100000002810,WO12810,Hatch Z,TRIM-1,Stn-03,2026-03-03 16:32,ENG-1318,SUP-146,EMP396,TL-055,B,Tool_55,Nut Runner,Plant-A,2026-01-22,2026-04-22,Out of Service,95.5,Atlas Copco,SN100054
M9811,MA1AB100000002811,WO12811,Hatch Z,GA-1,STN-03,2026-03-03 16:33,ENG-1161,SUP-124,EMP396,TL-090,B,Tool_90,Nut Runner,Plant-C,2026-05-12,2026-08-10,Out of Service,97.28,Stanley,SN100089
M9812,MA1AB100000002812,WO12812,SUV Pro,GA-1,STN-03,2026-03-03 16:35,ENG-1429,SUP-116,EMP170,TL-033,,Tool_33,Welding Gun,Plant-C,2026-02-25,2026-05-26,Active,97.63,Bosch,SN100032
M9813,MA1AB100000002813,WO12813,Sedan X,GA-1,Stn-03,2026-03-03 16:36,ENG-1045,SUP-187,EMP376,TL-096,,Tool_96,Nut Runner,Plant-A,2026-04-26,2026-07-25,Active,95.35,Stanley,SN100095
M9814,MA1AB100000002814,WO12814,Hatch Z,PAINT-1,STN-02,2026-03-03 16:37,ENG-1137,SUP-034,EMP204,TL-072,B,Tool_72,Robot Arm,Plant-C,2026-05-05,2026-08-03,Maintenance,99.87,Atlas Copco,SN100071
M9815,MA1AB100000002815,WO12815,Hatch Z,TRIM-1,STN-02,2026-03-03 16:38,ENG-1266,SUP-061,EMP221,TL-073,A,Tool_73,Welding Gun,Plant-C,2026-03-17,2026-06-15,Active,96.96,Ingersoll Rand,SN100072
M9816,MA1AB100000002816,WO12816,Sedan X,GA-1, stn-05 ,2026-03-03 16:40,ENG-1337,SUP-141,EMP355,TL-004,,Tool_4,Press Tool,Plant-A,2026-01-19,2026-04-19,Active,97.49,Bosch,SN100003
M9817,MA1AB100000002817,WO12817,Sedan X,GA-2,STN-02,2026-03-03 16:41,ENG-1264,SUP-132,EMP125,TL-092,B,Tool_92,Nut Runner,Plant-C,2026-06-25,2026-09-23,Active,97.7,Bosch,SN100091
M9818,MA1AB100000002818,WO12818,Sedan X,GA-2,STN-01,2026-03-03 16:42,ENG-1022,SUP-030,EMP107,TL-024,B,Tool_24,Robot Arm,Plant-A,2026-02-23,2026-05-24,Active,96.19,Ingersoll Rand,SN100023
M9819,MA1AB100000002819,WO12819,Sedan X,GA-1,STN-01,2026-03-03 16:43,ENG-1032,SUP-178,EMP367,TL-050,,Tool_50,Welding Gun,Plant-C,2026-04-30,2026-07-29,Maintenance,98.51,Ingersoll Rand,SN100049
M9820,MA1AB100000002820,WO12820,SUV Pro,TRIM-1,STN-01,2026-03-03 16:45,ENG-1023,SUP-008,EMP360,TL-081,,Tool_81,Nut Runner,Plant-A,2026-06-21,2026-09-19,Maintenance,97.61,Atlas Copco,SN100080
M9821,MA1AB100000002821,WO12821,Hatch Z,TRIM-1,STN-01,2026-03-03 16:46,ENG-1005,SUP-141,EMP142,TL-038,B,Tool_38,Welding Gun,Plant-B,2026-04-18,2026-07-17,Active,97.87,Ingersoll Rand,SN100037
M9822,MA1AB100000002822,WO12822,SUV Pro,TRIM-1,Stn-03,2026-03-03 16:47,ENG-1047,SUP-074,EMP131,TL-093,B,Tool_93,Nut Runner,Plant-A,2026-03-03,2026-06-01,Out of Service,98.43,Ingersoll Rand,SN100092
M9823,MA1AB100000002823,WO12823,Hatch Z,PAINT-1,STN-03,2026-03-03 16:48,ENG-1332,SUP-063,EMP143,TL-076,A,Tool_76,Welding Gun,Plant-C,2026-02-22,2026-05-23,Maintenance,98.13,Ingersoll Rand,SN100075
M9824,MA1AB100000002824,WO12824,SUV Pro,PAINT-1,STN-04,2026-03-03 16:50,ENG-1400,SUP-193,EMP381,TL-083,B,Tool_83,Nut Runner,Plant-A,2026-01-22,2026-04-22,Out of Service,98.35,Bosch,SN100082
M9825,MA1AB100000002825,WO12825,Sedan X,PAINT-1,STN-03,2026-03-03 16:51,ENG-1209,SUP-151,EMP261,TL-087,A,Tool_87,Robot Arm,Plant-B,2026-02-09,2026-05-10,Maintenance,99.98,Stanley,SN100086
M9826,MA1AB100000002826,WO12826,Sedan X,GA-1,STN-02,2026-03-03 16:52,ENG-1375,SUP-198,EMP108,TL-059,,Tool_59,Robot Arm,Plant-B,2026-04-15,2026-07-14,Active,95.72,Stanley,SN100058
M9827,MA1AB100000002827,WO12827,Sedan X,GA-1,STN-03,2026-03-03 16:53,ENG-1418,SUP-072,EMP268,TL-096,,Tool_96,Nut Runner,Plant-A,2026-04-26,2026-07-25,Active,95.35,Stanley,SN100095
M9828,MA1AB100000002828,WO12828,SUV Pro,GA-1,STN-03,2026-03-03 16:55,ENG-1010,SUP-177,EMP123,TL-056,,Tool_56,Torque Wrench,Plant-C,2026-04-06,2026-07-05,Active,97.45,Atlas Copco,SN100055
M9829,MA1AB100000002829,WO12829,Hatch Z,TRIM-1,STN-04,2026-03-03 16:56,ENG-1137,SUP-024,EMP137,TL-002,,Tool_2,Nut Runner,Plant-A,2026-04-22,2026-07-21,Active,97.47,Bosch,SN100001
M9830,MA1AB100000002830,WO12830,SUV Pro,PAINT-1,Stn-03,2026-03-03 16:57,ENG-1044,SUP-182,EMP146,TL-091,B,Tool_91,Nut Runner,Plant-B,2026-03-20,2026-06-18,Active,95.45,Atlas Copco,SN100090
M9831,MA1AB100000002831,WO12831,SUV Pro,GA-1,Stn-03,2026-03-03 16:58,ENG-1228,SUP-139,EMP265,TL-013,,Tool_13,Nut Runner,Plant-B,2026-04-05,2026-07-04,Active,99.14,Bosch,SN100012
M9832,MA1AB100000002832,WO12832,Hatch Z,PAINT-1,Stn-03,2026-03-03 17:00,ENG-1316,SUP-121,EMP121,TL-067,A,Tool_67,Torque Wrench,Plant-A,2026-02-10,2026-05-11,Active,95.24,Bosch,SN100066
M9833,MA1AB100000002833,WO12833,SUV Pro,GA-2,STN-04,2026-03-03 17:01,ENG-1214,SUP-141,EMP203,TL-038,B,Tool_38,Welding Gun,Plant-B,2026-04-18,2026-07-17,Active,97.87,Ingersoll Rand,SN100037
M9834,MA1AB100000002834,WO12834,SUV Pro,TRIM-1,STN-02,2026-03-03 17:02,ENG-1198,SUP-156,EMP335,TL-999,A,Unknown Tool,Unknown Type,,,,,,,
M9835,MA1AB100000002835,WO12835,Hatch Z,GA-2,STN-05,2026-03-03 17:03,ENG-1221,SUP-143,EMP384,TL-067,A,Tool_67,Torque Wrench,Plant-A,2026-02-10,2026-05-11,Active,95.24,Bosch,SN100066
M9836,MA1AB100000002836,WO12836,SUV Pro,TRIM-1,Stn-03,2026-03-03 17:05,ENG-1314,SUP-019,EMP286,TL-004,C,Tool_4,Press Tool,Plant-A,2026-01-19,2026-04-19,Active,97.49,Bosch,SN100003
M9837,MA1AB100000002837,WO12837,Hatch Z,TRIM-1,STN-02,2026-03-03 17:06,ENG-1185,SUP-117,EMP139,TL-073,,Tool_73,Welding Gun,Plant-C,2026-03-17,2026-06-15,Active,96.96,Ingersoll Rand,SN100072
M9838,MA1AB100000002838,WO12838,SUV Pro,GA-1, stn-05 ,2026-03-03 17:07,ENG-1304,SUP-061,EMP164,TL-003,A,Tool_3,Robot Arm,Plant-C,2026-02-25,2026-05-26,Active,97.36,Atlas Copco,SN100002
M9839,MA1AB100000002839,WO12839,Sedan X,TRIM-1, stn-05 ,2026-03-03 17:08,ENG-1391,SUP-092,EMP332,TL-081,B,Tool_81,Nut Runner,Plant-A,2026-06-21,2026-09-19,Maintenance,97.61,Atlas Copco,SN100080
M9840,MA1AB100000002840,WO12840,SUV Pro,GA-1,STN-03,2026-03-03 17:10,ENG-1040,SUP-142,EMP102,TL-098,C,Tool_98,Press Tool,Plant-A,2026-06-01,2026-08-30,Active,98.11,Stanley,SN100097
M9841,MA1AB100000002841,WO12841,Sedan X,GA-1,Stn-03,2026-03-03 17:11,ENG-1236,SUP-093,EMP271,TL-066,C,Tool_66,Nut Runner,Plant-A,2026-01-13,2026-04-13,Maintenance,98.63,Stanley,SN100065
M9842,MA1AB100000002842,WO12842,Sedan X,TRIM-1,STN-04,2026-03-03 17:12,ENG-1233,SUP-075,EMP146,TL-086,B,Tool_86,Press Tool,Plant-B,2026-03-20,2026-06-18,Active,96.21,Bosch,SN100085
M9843,MA1AB100000002843,WO12843,SUV Pro,PAINT-1,STN-04,2026-03-03 17:13,ENG-1308,SUP-048,EMP138,TL-013,B,Tool_13,Nut Runner,Plant-B,2026-04-05,2026-07-04,Active,99.14,Bosch,SN100012
M9844,MA1AB100000002844,WO12844,SUV Pro,GA-1,STN-05,2026-03-03 17:15,ENG-1364,SUP-152,EMP306,TL-018,,Tool_18,Robot Arm,Plant-B,2026-06-15,2026-09-13,Out of Service,95.48,Stanley,SN100017
M9845,MA1AB100000002845,WO12845,SUV Pro,GA-2,STN-02,2026-03-03 17:16,ENG-1072,SUP-155,EMP344,TL-043,A,Tool_43,Torque Wrench,Plant-B,2026-04-28,2026-07-27,Active,96.51,Ingersoll Rand,SN100042
M9846,MA1AB100000002846,WO12846,SUV Pro,GA-1,Stn-03,2026-03-03 17:17,ENG-1362,SUP-068,EMP287,TL-035,B,Tool_35,Torque Wrench,Plant-A,2026-04-06,2026-07-05,Active,95.1,Atlas Copco,SN100034
M9847,MA1AB100000002847,WO12847,Sedan X,PAINT-1, stn-05 ,2026-03-03 17:18,ENG-1150,SUP-096,EMP348,TL-006,C,Tool_6,Nut Runner,Plant-B,2026-01-25,2026-04-25,Maintenance,98.24,Ingersoll Rand,SN100005
M9848,MA1AB100000002848,WO12848,SUV Pro,GA-2,STN-01,2026-03-03 17:20,ENG-1432,SUP-148,EMP172,TL-017,C,Tool_17,Torque Wrench,Plant-C,2026-01-08,2026-04-08,Maintenance,96.84,Atlas Copco,SN100016
M9849,MA1AB100000002849,WO12849,SUV Pro,GA-1, stn-05 ,2026-03-03 17:21,ENG-1294,SUP-005,EMP125,TL-009,,Tool_9,Press Tool,Plant-C,2026-05-31,2026-08-29,Active,98.89,Bosch,SN100008
M9850,MA1AB100000002850,WO12850,Sedan X,PAINT-1,STN-04,2026-03-03 17:22,ENG-1140,SUP-014,EMP335,TL-022,B,Tool_22,Press Tool,Plant-C,2026-03-22,2026-06-20,Out of Service,95.43,Bosch,SN100021
M9851,MA1AB100000002851,WO12851,Sedan X,PAINT-1,Stn-03,2026-03-03 17:23,ENG-1442,SUP-121,EMP190,TL-065,B,Tool_65,Torque Wrench,Plant-C,2026-01-31,2026-05-01,Maintenance,97.24,Bosch,SN100064
M9852,MA1AB100000002852,WO12852,Hatch Z,PAINT-1, stn-05 ,2026-03-03 17:25,ENG-1453,SUP-072,EMP102,TL-008,A,Tool_8,Welding Gun,Plant-A,2026-06-05,2026-09-03,Maintenance,95.49,Ingersoll Rand,SN100007
M9853,MA1AB100000002853,WO12853,SUV Pro,GA-2,STN-02,2026-03-03 17:26,ENG-1352,SUP-068,EMP331,TL-031,A,Tool_31,Nut Runner,Plant-A,2026-01-31,2026-05-01,Active,97.01,Atlas Copco,SN100030
M9854,MA1AB100000002854,WO12854,Sedan X,TRIM-1,STN-01,2026-03-03 17:27,ENG-1199,SUP-139,EMP291,TL-001,,Tool_1,Welding Gun,Plant-A,2026-05-21,2026-08-19,Maintenance,98.97,Bosch,SN100000
M9855,MA1AB100000002855,WO12855,Sedan X,GA-1,Stn-03,2026-03-03 17:28,ENG-1179,SUP-144,EMP130,TL-012,A,Tool_12,Press Tool,Plant-B,2026-05-30,2026-08-28,Out of Service,98.02,Bosch,SN100011
M9856,MA1AB100000002856,WO12856,Hatch Z,PAINT-1,STN-01,2026-03-03 17:30,ENG-1312,SUP-046,EMP337,TL-014,A,Tool_14,Nut Runner,Plant-A,2026-02-27,2026-05-28,Maintenance,99.68,Stanley,SN100013
M9857,MA1AB100000002857,WO12857,SUV Pro,GA-2,STN-04,2026-03-03 17:31,ENG-1041,SUP-192,EMP122,TL-096,C,Tool_96,Nut Runner,Plant-A,2026-04-26,2026-07-25,Active,95.35,Stanley,SN100095
M9858,MA1AB100000002858,WO12858,Sedan X,TRIM-1,STN-01,2026-03-03 17:32,ENG-1420,SUP-146,EMP169,TL-026,A,Tool_26,Robot Arm,Plant-A,2026-05-25,2026-08-23,Out of Service,99.11,Atlas Copco,SN100025
M9859,MA1AB100000002859,WO12859,Sedan X,TRIM-1,STN-01,2026-03-03 17:33,ENG-1414,SUP-111,EMP260,TL-088,A,Tool_88,Welding Gun,Plant-B,2026-04-25,2026-07-24,Active,95.24,Stanley,SN100087
M9860,MA1AB100000002860,WO12860,Sedan X,TRIM-1,STN-03,2026-03-03 17:35,ENG-1463,SUP-180,EMP144,TL-065,C,Tool_65,Torque Wrench,Plant-C,2026-01-31,2026-05-01,Maintenance,97.24,Bosch,SN100064
M9861,MA1AB100000002861,WO12861,Hatch Z,PAINT-1, stn-05 ,2026-03-03 17:36,ENG-1150,SUP-059,EMP172,TL-073,,Tool_73,Welding Gun,Plant-C,2026-03-17,2026-06-15,Active,96.96,Ingersoll Rand,SN100072
M9862,MA1AB100000002862,WO12862,SUV Pro,GA-2,Stn-03,2026-03-03 17:37,ENG-1439,SUP-106,EMP276,TL-017,C,Tool_17,Torque Wrench,Plant-C,2026-01-08,2026-04-08,Maintenance,96.84,Atlas Copco,SN100016
M9863,MA1AB100000002863,WO12863,SUV Pro,TRIM-1,Stn-03,2026-03-03 17:38,ENG-1059,SUP-106,EMP145,TL-080,B,Tool_80,Robot Arm,Plant-B,2026-03-23,2026-06-21,Maintenance,97.79,Atlas Copco,SN100079
M9864,MA1AB100000002864,WO12864,SUV Pro,GA-2,Stn-03,2026-03-03 17:40,ENG-1159,SUP-138,EMP142,TL-028,A,Tool_28,Press Tool,Plant-C,2026-01-25,2026-04-25,Out of Service,97.87,Ingersoll Rand,SN100027
M9865,MA1AB100000002865,WO12865,Sedan X,PAINT-1,STN-03,2026-03-03 17:41,ENG-1023,SUP-040,EMP280,TL-100,,Tool_100,Welding Gun,Plant-A,2026-04-25,2026-07-24,Maintenance,97.13,Ingersoll Rand,SN100099
M9866,MA1AB100000002866,WO12866,Sedan X,GA-2,STN-01,2026-03-03 17:42,ENG-1239,SUP-076,EMP209,TL-999,C,Unknown Tool,Unknown Type,,,,,,,
M9867,MA1AB100000002867,WO12867,SUV Pro,PAINT-1,STN-05,2026-03-03 17:43,ENG-1391,SUP-062,EMP272,TL-020,,Tool_20,Robot Arm,Plant-C,2026-06-24,2026-09-22,Active,99.27,Ingersoll Rand,SN100019
M9868,MA1AB100000002868,WO12868,Hatch Z,GA-1,STN-04,2026-03-03 17:45,ENG-1441,SUP-070,EMP379,TL-056,A,Tool_56,Torque Wrench,Plant-C,2026-04-06,2026-07-05,Active,97.45,Atlas Copco,SN100055
M9869,MA1AB100000002869,WO12869,Hatch Z,TRIM-1,STN-04,2026-03-03 17:46,ENG-1099,SUP-151,EMP380,TL-029,C,Tool_29,Press Tool,Plant-C,2026-04-30,2026-07-29,Maintenance,98.95,Stanley,SN100028
M9870,MA1AB100000002870,WO12870,SUV Pro,GA-2,STN-05,2026-03-03 17:47,ENG-1155,SUP-046,EMP262,TL-030,,Tool_30,Nut Runner,Plant-A,2026-02-18,2026-05-19,Out of Service,97.07,Ingersoll Rand,SN100029
M9871,MA1AB100000002871,WO12871,Hatch Z,PAINT-1,STN-04,2026-03-03 17:48,ENG-1468,SUP-036,EMP376,TL-007,C,Tool_7,Nut Runner,Plant-B,2026-06-11,2026-09-09,Out of Service,95.88,Stanley,SN100006
M9872,MA1AB100000002872,WO12872,SUV Pro,GA-1,STN-04,2026-03-03 17:50,ENG-1417,SUP-114,EMP241,TL-091,A,Tool_91,Nut Runner,Plant-B,2026-03-20,2026-06-18,Active,95.45,Atlas Copco,SN100090
M9873,MA1AB100000002873,WO12873,SUV Pro,PAINT-1,STN-04,2026-03-03 17:51,ENG-1317,SUP-086,EMP280,TL-011,C,Tool_11,Welding Gun,Plant-B,2026-01-03,2026-04-03,Out of Service,99.43,Atlas Copco,SN100010
M9874,MA1AB100000002874,WO12874,SUV Pro,GA-2,STN-02,2026-03-03 17:52,ENG-1289,SUP-047,EMP104,TL-077,A,Tool_77,Welding Gun,Plant-C,2026-04-12,2026-07-11,Active,98.71,Stanley,SN100076
M9875,MA1AB100000002875,WO12875,Hatch Z,PAINT-1,Stn-03,2026-03-03 17:53,ENG-1166,SUP-028,EMP121,TL-064,C,Tool_64,Press Tool,Plant-A,2026-02-03,2026-05-04,Active,98.09,Atlas Copco,SN100063
M9876,MA1AB100000002876,WO12876,Hatch Z,GA-1, stn-05 ,2026-03-03 17:55,ENG-1307,SUP-027,EMP219,TL-013,A,Tool_13,Nut Runner,Plant-B,2026-04-05,2026-07-04,Active,99.14,Bosch,SN100012
M9877,MA1AB100000002877,WO12877,Sedan X,TRIM-1,Stn-03,2026-03-03 17:56,ENG-1259,SUP-100,EMP148,TL-077,A,Tool_77,Welding Gun,Plant-C,2026-04-12,2026-07-11,Active,98.71,Stanley,SN100076
M9878,MA1AB100000002878,WO12878,Sedan X,PAINT-1,Stn-03,2026-03-03 17:57,ENG-1151,SUP-181,EMP327,TL-088,,Tool_88,Welding Gun,Plant-B,2026-04-25,2026-07-24,Active,95.24,Stanley,SN100087
M9879,MA1AB100000002879,WO12879,Sedan X,GA-2,STN-02,2026-03-03 17:58,ENG-1324,SUP-007,EMP307,TL-092,C,Tool_92,Nut Runner,Plant-C,2026-06-25,2026-09-23,Active,97.7,Bosch,SN100091
M9880,MA1AB100000002880,WO12880,Sedan X,PAINT-1,Stn-03,2026-03-03 18:00,ENG-1470,SUP-069,EMP142,TL-088,B,Tool_88,Welding Gun,Plant-B,2026-04-25,2026-07-24,Active,95.24,Stanley,SN100087
M9881,MA1AB100000002881,WO12881,Sedan X,GA-1, stn-05 ,2026-03-03 18:01,ENG-1069,SUP-047,EMP324,TL-041,C,Tool_41,Robot Arm,Plant-A,2026-02-27,2026-05-28,Maintenance,97.13,Atlas Copco,SN100040
M9882,MA1AB100000002882,WO12882,Sedan X,GA-1,STN-02,2026-03-03 18:02,ENG-1440,SUP-107,EMP125,TL-011,C,Tool_11,Welding Gun,Plant-B,2026-01-03,2026-04-03,Out of Service,99.43,Atlas Copco,SN100010
M9883,MA1AB100000002883,WO12883,Sedan X,PAINT-1,STN-02,2026-03-03 18:03,ENG-1441,SUP-185,EMP193,TL-045,C,Tool_45,Welding Gun,Plant-C,2026-03-10,2026-06-08,Active,98.94,Stanley,SN100044
M9884,MA1AB100000002884,WO12884,SUV Pro,PAINT-1,STN-01,2026-03-03 18:05,ENG-1224,SUP-073,EMP122,TL-064,A,Tool_64,Press Tool,Plant-A,2026-02-03,2026-05-04,Active,98.09,Atlas Copco,SN100063
M9885,MA1AB100000002885,WO12885,SUV Pro,GA-2,Stn-03,2026-03-03 18:06,ENG-1066,SUP-119,EMP381,TL-007,C,Tool_7,Nut Runner,Plant-B,2026-06-11,2026-09-09,Out of Service,95.88,Stanley,SN100006
M9886,MA1AB100000002886,WO12886,Hatch Z,PAINT-1, stn-05 ,2026-03-03 18:07,ENG-1014,,EMP218,TL-086,A,Tool_86,Press Tool,Plant-B,2026-03-20,2026-06-18,Active,96.21,Bosch,SN100085
M9887,MA1AB100000002887,WO12887,Sedan X,GA-1,STN-04,2026-03-03 18:08,ENG-1147,SUP-174,EMP210,TL-039,A,Tool_39,Nut Runner,Plant-C,2026-02-15,2026-05-16,Maintenance,97.07,Ingersoll Rand,SN100038
M9888,MA1AB100000002888,WO12888,Sedan X,GA-1,STN-01,2026-03-03 18:10,ENG-1142,SUP-090,EMP164,TL-005,B,Tool_5,Torque Wrench,Plant-C,2026-02-02,2026-05-03,Maintenance,99.68,Ingersoll Rand,SN100004
M9889,MA1AB100000002889,WO12889,SUV Pro,GA-1,STN-05,2026-03-03 18:11,ENG-1313,SUP-179,EMP245,TL-009,A,Tool_9,Press Tool,Plant-C,2026-05-31,2026-08-29,Active,98.89,Bosch,SN100008
M9890,MA1AB100000002890,WO12890,Hatch Z,PAINT-1, stn-05 ,2026-03-03 18:12,ENG-1314,SUP-025,EMP213,TL-084,C,Tool_84,Torque Wrench,Plant-C,2026-02-03,2026-05-04,Out of Service,97.78,Ingersoll Rand,SN100083
M9891,MA1AB100000002891,WO12891,Hatch Z,GA-2,STN-05,2026-03-03 18:13,ENG-1183,SUP-089,EMP224,TL-048,C,Tool_48,Nut Runner,Plant-B,2026-04-17,2026-07-16,Active,96.56,Stanley,SN100047
M9892,MA1AB100000002892,WO12892,Sedan X,GA-1,STN-03,2026-03-03 18:15,ENG-1198,SUP-019,EMP117,TL-008,,Tool_8,Welding Gun,Plant-A,2026-06-05,2026-09-03,Maintenance,95.49,Ingersoll Rand,SN100007
M9893,MA1AB100000002893,WO12893,SUV Pro,GA-1, stn-05 ,2026-03-03 18:16,ENG-1009,SUP-102,EMP392,TL-055,A,Tool_55,Nut Runner,Plant-A,2026-01-22,2026-04-22,Out of Service,95.5,Atlas Copco,SN100054
M9894,MA1AB100000002894,WO12894,Sedan X,TRIM-1, stn-05 ,2026-03-03 18:17,ENG-1224,SUP-123,EMP234,TL-006,B,Tool_6,Nut Runner,Plant-B,2026-01-25,2026-04-25,Maintenance,98.24,Ingersoll Rand,SN100005
M9895,MA1AB100000002895,WO12895,SUV Pro,PAINT-1, stn-05 ,2026-03-03 18:18,ENG-1348,SUP-033,EMP211,TL-085,B,Tool_85,Nut Runner,Plant-A,2026-01-29,2026-04-29,Out of Service,98.68,Stanley,SN100084
M9896,MA1AB100000002896,WO12896,Hatch Z,PAINT-1,STN-03,2026-03-03 18:20,ENG-1297,SUP-179,EMP291,TL-029,A,Tool_29,Press Tool,Plant-C,2026-04-30,2026-07-29,Maintenance,98.95,Stanley,SN100028
M9897,MA1AB100000002897,WO12897,Sedan X,TRIM-1,STN-04,2026-03-03 18:21,ENG-1234,SUP-097,EMP180,TL-043,C,Tool_43,Torque Wrench,Plant-B,2026-04-28,2026-07-27,Active,96.51,Ingersoll Rand,SN100042
M9898,MA1AB100000002898,WO12898,Sedan X,GA-2,STN-02,2026-03-03 18:22,ENG-1324,SUP-090,EMP105,TL-010,,Tool_10,Welding Gun,Plant-B,2026-02-07,2026-05-08,Maintenance,98.91,Atlas Copco,SN100009
M9899,MA1AB100000002899,WO12899,Sedan X,TRIM-1,STN-03,2026-03-03 18:23,ENG-1130,SUP-034,EMP300,TL-024,C,Tool_24,Robot Arm,Plant-A,2026-02-23,2026-05-24,Active,96.19,Ingersoll Rand,SN100023
M9900,MA1AB100000002900,WO12900,Sedan X,TRIM-1,STN-05,2026-03-03 18:25, eng-1001 ,SUP-066,EMP194,TL-075,A,Tool_75,Press Tool,Plant-C,2026-04-22,2026-07-21,Active,99.86,Ingersoll Rand,SN100074
M9901,MA1AB100000002901,WO12901,Hatch Z,GA-2, stn-05 ,2026-03-03 18:26,ENG-1484,SUP-147,EMP176,TL-029,B,Tool_29,Press Tool,Plant-C,2026-04-30,2026-07-29,Maintenance,98.95,Stanley,SN100028
M9902,MA1AB100000002902,WO12902,SUV Pro,PAINT-1,Stn-03,2026-03-03 18:27,ENG-1048,SUP-018,EMP107,TL-095,A,Tool_95,Nut Runner,Plant-A,2026-06-25,2026-09-23,Active,99.37,Bosch,SN100094
M9903,MA1AB100000002903,WO12903,Hatch Z,GA-1, stn-05 ,2026-03-03 18:28,ENG-1458,SUP-108,EMP123,TL-046,B,Tool_46,Torque Wrench,Plant-C,2026-01-19,2026-04-19,Active,95.51,Ingersoll Rand,SN100045
M9904,MA1AB100000002904,WO12904,Sedan X,TRIM-1,STN-05,2026-03-03 18:30,ENG-1129,SUP-063,EMP107,TL-020,A,Tool_20,Robot Arm,Plant-C,2026-06-24,2026-09-22,Active,99.27,Ingersoll Rand,SN100019
M9905,MA1AB100000002905,WO12905,Sedan X,TRIM-1,STN-04,2026-03-03 18:31,ENG-1227,SUP-057,EMP169,TL-079,A,Tool_79,Press Tool,Plant-C,2026-04-14,2026-07-13,Active,96.15,Ingersoll Rand,SN100078
M9906,MA1AB100000002906,WO12906,SUV Pro,PAINT-1,STN-04,2026-03-03 18:32,ENG-1171,SUP-194,EMP388,TL-072,,Tool_72,Robot Arm,Plant-C,2026-05-05,2026-08-03,Maintenance,99.87,Atlas Copco,SN100071
M9907,MA1AB100000002907,WO12907,SUV Pro,GA-2,STN-01,2026-03-03 18:33,ENG-1087,SUP-152,EMP316,TL-040,B,Tool_40,Welding Gun,Plant-A,2026-04-02,2026-07-01,Active,98.84,Atlas Copco,SN100039
M9908,MA1AB100000002908,WO12908,SUV Pro,GA-1,STN-02,2026-03-03 18:35,ENG-1488,SUP-062,EMP314,TL-086,B,Tool_86,Press Tool,Plant-B,2026-03-20,2026-06-18,Active,96.21,Bosch,SN100085
M9909,MA1AB100000002909,WO12909,Sedan X,GA-2,STN-04,2026-03-03 18:36,ENG-1189,SUP-091,EMP366,TL-024,A,Tool_24,Robot Arm,Plant-A,2026-02-23,2026-05-24,Active,96.19,Ingersoll Rand,SN100023
M9910,MA1AB100000002910,WO12910,SUV Pro,TRIM-1,STN-04,2026-03-03 18:37,ENG-1455,SUP-007,EMP164,TL-001,,Tool_1,Welding Gun,Plant-A,2026-05-21,2026-08-19,Maintenance,98.97,Bosch,SN100000
M9911,MA1AB100000002911,WO12911,Sedan X,GA-1,Stn-03,2026-03-03 18:38,ENG-1176,SUP-042,EMP215,TL-092,A,Tool_92,Nut Runner,Plant-C,2026-06-25,2026-09-23,Active,97.7,Bosch,SN100091
M9912,MA1AB100000002912,WO12912,Sedan X,GA-2,STN-04,2026-03-03 18:40,ENG-1358,SUP-044,EMP150,TL-083,B,Tool_83,Nut Runner,Plant-A,2026-01-22,2026-04-22,Out of Service,98.35,Bosch,SN100082
M9913,MA1AB100000002913,WO12913,Sedan X,PAINT-1,STN-05,2026-03-03 18:41,ENG-1402,SUP-032,EMP367,TL-074,,Tool_74,Robot Arm,Plant-B,2026-01-04,2026-04-04,Active,97.63,Stanley,SN100073
M9914,MA1AB100000002914,WO12914,Hatch Z,GA-1, stn-05 ,2026-03-03 18:42,ENG-1187,SUP-145,EMP148,TL-056,A,Tool_56,Torque Wrench,Plant-C,2026-04-06,2026-07-05,Active,97.45,Atlas Copco,SN100055
M9915,MA1AB100000002915,WO12915,Sedan X,TRIM-1,STN-02,2026-03-03 18:43,ENG-1274,SUP-096,EMP270,TL-071,A,Tool_71,Welding Gun,Plant-B,2026-04-11,2026-07-10,Active,98.12,Atlas Copco,SN100070
M9916,MA1AB100000002916,WO12916,Hatch Z,PAINT-1,STN-05,2026-03-03 18:45,ENG-1383,SUP-119,EMP340,TL-022,A,Tool_22,Press Tool,Plant-C,2026-03-22,2026-06-20,Out of Service,95.43,Bosch,SN100021
M9917,MA1AB100000002917,WO12917,SUV Pro,GA-1, stn-05 ,2026-03-03 18:46,ENG-1025,SUP-193,EMP273,TL-031,,Tool_31,Nut Runner,Plant-A,2026-01-31,2026-05-01,Active,97.01,Atlas Copco,SN100030
M9918,MA1AB100000002918,WO12918,Hatch Z,GA-2,STN-01,2026-03-03 18:47,ENG-1280,SUP-097,EMP179,TL-066,,Tool_66,Nut Runner,Plant-A,2026-01-13,2026-04-13,Maintenance,98.63,Stanley,SN100065
M9919,MA1AB100000002919,WO12919,Sedan X,PAINT-1,STN-03,2026-03-03 18:48,ENG-1492,SUP-080,EMP127,TL-085,A,Tool_85,Nut Runner,Plant-A,2026-01-29,2026-04-29,Out of Service,98.68,Stanley,SN100084
M9920,MA1AB100000002920,WO12920,Hatch Z,GA-2,STN-02,2026-03-03 18:50,ENG-1369,SUP-194,EMP344,TL-021,A,Tool_21,Press Tool,Plant-C,2026-01-09,2026-04-09,Out of Service,95.18,Atlas Copco,SN100020
M9921,MA1AB100000002921,WO12921,Sedan X,GA-2,STN-05,2026-03-03 18:51,ENG-1109,SUP-158,EMP250,TL-069,B,Tool_69,Torque Wrench,Plant-B,2026-01-29,2026-04-29,Active,98.16,Bosch,SN100068
M9922,MA1AB100000002922,WO12922,Hatch Z,GA-2,STN-02,2026-03-03 18:52,ENG-1339,SUP-040,EMP130,TL-033,A,Tool_33,Welding Gun,Plant-C,2026-02-25,2026-05-26,Active,97.63,Bosch,SN100032
M9923,MA1AB100000002923,WO12923,SUV Pro,PAINT-1,STN-04,2026-03-03 18:53,ENG-1142,SUP-168,EMP208,TL-094,B,Tool_94,Press Tool,Plant-C,2026-05-10,2026-08-08,Maintenance,98.64,Stanley,SN100093
M9924,MA1AB100000002924,WO12924,Hatch Z,GA-1,STN-01,2026-03-03 18:55,ENG-1215,SUP-093,EMP395,TL-078,B,Tool_78,Press Tool,Plant-A,2026-03-26,2026-06-24,Maintenance,99.88,Bosch,SN100077
M9925,MA1AB100000002925,WO12925,Hatch Z,GA-1, stn-05 ,2026-03-03 18:56,ENG-1064,SUP-189,EMP106,TL-017,A,Tool_17,Torque Wrench,Plant-C,2026-01-08,2026-04-08,Maintenance,96.84,Atlas Copco,SN100016
M9926,MA1AB100000002926,WO12926,Hatch Z,GA-2,STN-01,2026-03-03 18:57,ENG-1141,SUP-183,EMP176,TL-029,B,Tool_29,Press Tool,Plant-C,2026-04-30,2026-07-29,Maintenance,98.95,Stanley,SN100028
M9927,MA1AB100000002927,WO12927,Sedan X,TRIM-1,STN-04,2026-03-03 18:58,ENG-1183,SUP-033,EMP152,TL-032,C,Tool_32,Press Tool,Plant-A,2026-03-27,2026-06-25,Maintenance,97.67,Bosch,SN100031
M9928,MA1AB100000002928,WO12928,Hatch Z,GA-2,STN-01,2026-03-03 19:00,ENG-1460,SUP-199,EMP166,TL-065,A,Tool_65,Torque Wrench,Plant-C,2026-01-31,2026-05-01,Maintenance,97.24,Bosch,SN100064
M9929,MA1AB100000002929,WO12929,SUV Pro,PAINT-1,STN-01,2026-03-03 19:01,ENG-1208,SUP-065,EMP302,TL-026,A,Tool_26,Robot Arm,Plant-A,2026-05-25,2026-08-23,Out of Service,99.11,Atlas Copco,SN100025
M9930,MA1AB100000002930,WO12930,Hatch Z,GA-1,STN-03,2026-03-03 19:02,ENG-1366,SUP-153,EMP218,TL-057,,Tool_57,Welding Gun,Plant-A,2026-05-01,2026-07-30,Active,98.96,Bosch,SN100056
M9931,MA1AB100000002931,WO12931,SUV Pro,PAINT-1,STN-04,2026-03-03 19:03,ENG-1462,SUP-150,EMP149,TL-079,B,Tool_79,Press Tool,Plant-C,2026-04-14,2026-07-13,Active,96.15,Ingersoll Rand,SN100078
M9932,MA1AB100000002932,WO12932,Sedan X,GA-1, stn-05 ,2026-03-03 19:05,ENG-1011,SUP-167,EMP182,TL-077,A,Tool_77,Welding Gun,Plant-C,2026-04-12,2026-07-11,Active,98.71,Stanley,SN100076
M9933,MA1AB100000002933,WO12933,SUV Pro,GA-1,STN-04,2026-03-03 19:06,ENG-1152,SUP-097,EMP120,TL-021,B,Tool_21,Press Tool,Plant-C,2026-01-09,2026-04-09,Out of Service,95.18,Atlas Copco,SN100020
M9934,MA1AB100000002934,WO12934,Sedan X,GA-1,STN-03,2026-03-03 19:07,ENG-1126,SUP-190,EMP377,TL-036,A,Tool_36,Nut Runner,Plant-B,2026-02-08,2026-05-09,Active,95.2,Stanley,SN100035
M9935,MA1AB100000002935,WO12935,Hatch Z,TRIM-1,STN-04,2026-03-03 19:08,ENG-1083,SUP-039,EMP390,TL-011,B,Tool_11,Welding Gun,Plant-B,2026-01-03,2026-04-03,Out of Service,99.43,Atlas Copco,SN100010
M9936,MA1AB100000002936,WO12936,Sedan X,TRIM-1,STN-04,2026-03-03 19:10,ENG-1007,SUP-129,EMP128,TL-047,,Tool_47,Robot Arm,Plant-A,2026-04-17,2026-07-16,Active,99.69,Ingersoll Rand,SN100046
M9937,MA1AB100000002937,WO12937,Hatch Z,PAINT-1,Stn-03,2026-03-03 19:11,ENG-1213,SUP-101,EMP335,TL-097,A,Tool_97,Nut Runner,Plant-A,2026-04-22,2026-07-21,Active,99.35,Ingersoll Rand,SN100096
M9938,MA1AB100000002938,WO12938,SUV Pro,GA-2, stn-05 ,2026-03-03 19:12,ENG-1201,SUP-040,EMP143,TL-074,,Tool_74,Robot Arm,Plant-B,2026-01-04,2026-04-04,Active,97.63,Stanley,SN100073
M9939,MA1AB100000002939,WO12939,SUV Pro,PAINT-1,STN-01,2026-03-03 19:13,ENG-1155,SUP-149,EMP246,TL-100,C,Tool_100,Welding Gun,Plant-A,2026-04-25,2026-07-24,Maintenance,97.13,Ingersoll Rand,SN100099
M9940,MA1AB100000002940,WO12940,SUV Pro,GA-1,STN-04,2026-03-03 19:15,ENG-1494,SUP-111,EMP300,TL-026,C,Tool_26,Robot Arm,Plant-A,2026-05-25,2026-08-23,Out of Service,99.11,Atlas Copco,SN100025
M9941,MA1AB100000002941,WO12941,Hatch Z,GA-2, stn-05 ,2026/03/03 19:16,ENG-1115,SUP-146,EMP313,TL-045,A,Tool_45,Welding Gun,Plant-C,2026-03-10,2026-06-08,Active,98.94,Stanley,SN100044
M9942,MA1AB100000002942,WO12942,SUV Pro,TRIM-1,STN-02,2026-03-03 19:17,ENG-1232,SUP-049,EMP166,TL-022,,Tool_22,Press Tool,Plant-C,2026-03-22,2026-06-20,Out of Service,95.43,Bosch,SN100021
M9943,MA1AB100000002943,WO12943,Sedan X,TRIM-1,Stn-03,2026-03-03 19:18,ENG-1060,SUP-023,EMP251,TL-019,C,Tool_19,Torque Wrench,Plant-B,2026-05-30,2026-08-28,Active,96.08,Atlas Copco,SN100018
M9944,MA1AB100000002944,WO12944,Sedan X,TRIM-1, stn-05 ,2026-03-03 19:20,ENG-1070,SUP-190,EMP275,TL-084,C,Tool_84,Torque Wrench,Plant-C,2026-02-03,2026-05-04,Out of Service,97.78,Ingersoll Rand,SN100083
M9945,MA1AB100000002945,WO12945,SUV Pro,GA-2,STN-01,2026-03-03 19:21,ENG-1347,SUP-132,EMP362,TL-082,A,Tool_82,Nut Runner,Plant-B,2026-03-18,2026-06-16,Active,95.75,Atlas Copco,SN100081
M9946,MA1AB100000002946,WO12946,Hatch Z,TRIM-1,STN-05,2026-03-03 19:22,ENG-1486,SUP-176,EMP150,TL-095,,Tool_95,Nut Runner,Plant-A,2026-06-25,2026-09-23,Active,99.37,Bosch,SN100094
M9947,MA1AB100000002947,WO12947,Sedan X,GA-2, stn-05 ,2026-03-03 19:23,ENG-1159,SUP-183,EMP143,TL-085,,Tool_85,Nut Runner,Plant-A,2026-01-29,2026-04-29,Out of Service,98.68,Stanley,SN100084
M9948,MA1AB100000002948,WO12948,SUV Pro,GA-2,STN-02,2026-03-03 19:25,ENG-1286,SUP-087,EMP222,TL-018,C,Tool_18,Robot Arm,Plant-B,2026-06-15,2026-09-13,Out of Service,95.48,Stanley,SN100017
M9949,MA1AB100000002949,WO12949,SUV Pro,GA-2,STN-03,2026-03-03 19:26,ENG-1341,SUP-015,EMP286,TL-069,B,Tool_69,Torque Wrench,Plant-B,2026-01-29,2026-04-29,Active,98.16,Bosch,SN100068
M9950,MA1AB100000002950,WO12950,Sedan X,GA-2,STN-03,2026-03-03 19:27,ENG-1486,SUP-052,EMP117,TL-089,B,Tool_89,Welding Gun,Plant-B,2026-06-20,2026-09-18,Out of Service,97.46,Stanley,SN100088
M9951,MA1AB100000002951,WO12951,Sedan X,GA-1, stn-05 ,2026-03-03 19:28,ENG-1427,SUP-094,EMP370,TL-064,,Tool_64,Press Tool,Plant-A,2026-02-03,2026-05-04,Active,98.09,Atlas Copco,SN100063
M9952,MA1AB100000002952,WO12952,Sedan X,PAINT-1, stn-05 ,2026-03-03 19:30,ENG-1136,SUP-095,EMP339,TL-100,,Tool_100,Welding Gun,Plant-A,2026-04-25,2026-07-24,Maintenance,97.13,Ingersoll Rand,SN100099
M9953,MA1AB100000002953,WO12953,Hatch Z,PAINT-1,STN-04,2026-03-03 19:31,ENG-1169,SUP-117,EMP305,TL-076,C,Tool_76,Welding Gun,Plant-C,2026-02-22,2026-05-23,Maintenance,98.13,Ingersoll Rand,SN100075
M9954,MA1AB100000002954,WO12954,Hatch Z,PAINT-1,STN-02,2026-03-03 19:70,ENG-1184,SUP-062,EMP323,TL-048,,Tool_48,Nut Runner,Plant-B,2026-04-17,2026-07-16,Active,96.56,Stanley,SN100047
M9955,MA1AB100000002955,WO12955,SUV Pro,TRIM-1,STN-04,2026-03-03 19:33,ENG-1476,SUP-187,EMP357,TL-049,A,Tool_49,Press Tool,Plant-A,2026-01-18,2026-04-18,Active,97.7,Atlas Copco,SN100048
M9956,MA1AB100000002956,WO12956,SUV Pro,GA-2,STN-03,2026-03-03 19:35,ENG-1064,SUP-021,EMP190,TL-044,C,Tool_44,Press Tool,Plant-C,2026-01-16,2026-04-16,Maintenance,99.03,Bosch,SN100043
M9957,MA1AB100000002957,WO12957,SUV Pro,GA-1,STN-05,2026-03-03 19:36,ENG-1357,SUP-003,EMP393,TL-043,C,Tool_43,Torque Wrench,Plant-B,2026-04-28,2026-07-27,Active,96.51,Ingersoll Rand,SN100042
M9958,MA1AB100000002958,WO12958,Hatch Z,GA-1,Stn-03,2026-03-03 19:37,ENG-1174,SUP-048,EMP304,TL-077,B,Tool_77,Welding Gun,Plant-C,2026-04-12,2026-07-11,Active,98.71,Stanley,SN100076
M9959,MA1AB100000002959,WO12959,SUV Pro,PAINT-1,STN-05,2026-03-03 19:38,ENG-1195,SUP-102,EMP254,TL-058,B,Tool_58,Robot Arm,Plant-C,2026-04-28,2026-07-27,Active,96.6,Stanley,SN100057
M9960,MA1AB100000002960,WO12960,Sedan X,GA-2,STN-01,2026-03-03 19:40,ENG-1232,SUP-071,EMP169,TL-031,C,Tool_31,Nut Runner,Plant-A,2026-01-31,2026-05-01,Active,97.01,Atlas Copco,SN100030
M9961,MA1AB100000002961,WO12961,Hatch Z,GA-1,STN-03,2026-03-03 19:41,ENG-1092,SUP-099,EMP162,TL-037,A,Tool_37,Torque Wrench,Plant-A,2026-02-12,2026-05-13,Maintenance,95.39,Bosch,SN100036
M9962,MA1AB100000002962,WO12962,Hatch Z,PAINT-1, stn-05 ,2026-03-03 19:42,ENG-1278,SUP-150,EMP200,TL-032,B,Tool_32,Press Tool,Plant-A,2026-03-27,2026-06-25,Maintenance,97.67,Bosch,SN100031
M9963,MA1AB100000002963,WO12963,SUV Pro,GA-1,STN-03,2026-03-03 19:43,ENG-1397,SUP-082,EMP258,TL-028,A,Tool_28,Press Tool,Plant-C,2026-01-25,2026-04-25,Out of Service,97.87,Ingersoll Rand,SN100027
M9964,MA1AB100000002964,WO12964,SUV Pro,TRIM-1,STN-02,2026-03-03 19:45,ENG-1336,SUP-198,EMP334,TL-029,A,Tool_29,Press Tool,Plant-C,2026-04-30,2026-07-29,Maintenance,98.95,Stanley,SN100028
M9965,MA1AB100000002965,WO12965,Hatch Z,GA-1,STN-01,2026-03-03 19:46,ENG-1273,SUP-166,EMP162,TL-064,C,Tool_64,Press Tool,Plant-A,2026-02-03,2026-05-04,Active,98.09,Atlas Copco,SN100063
M9966,MA1AB100000002966,WO12966,Sedan X,GA-2,STN-01,2026-03-03 19:47,ENG-1040,SUP-095,EMP381,TL-058,A,Tool_58,Robot Arm,Plant-C,2026-04-28,2026-07-27,Active,96.6,Stanley,SN100057
M9967,MA1AB100000002967,WO12967,Hatch Z,PAINT-1,STN-03,2026-03-03 19:48,ENG-1080,SUP-054,EMP285,TL-085,C,Tool_85,Nut Runner,Plant-A,2026-01-29,2026-04-29,Out of Service,98.68,Stanley,SN100084
M9968,MA1AB100000002968,WO12968,Hatch Z,GA-2,STN-04,2026-03-03 19:50,ENG-1455,SUP-130,EMP335,TL-034,C,Tool_34,Torque Wrench,Plant-A,2026-06-25,2026-09-23,Out of Service,99.85,Stanley,SN100033
M9969,MA1AB100000002969,WO12969,Hatch Z,TRIM-1,STN-01,2026-03-03 19:51,ENG-1057,SUP-128,EMP199,TL-083,B,Tool_83,Nut Runner,Plant-A,2026-01-22,2026-04-22,Out of Service,98.35,Bosch,SN100082
M9970,MA1AB100000002970,WO12970,Hatch Z,GA-1, stn-05 ,2026-03-03 19:52,ENG-1270,SUP-106,EMP274,TL-095,B,Tool_95,Nut Runner,Plant-A,2026-06-25,2026-09-23,Active,99.37,Bosch,SN100094
M9971,MA1AB100000002971,WO12971,Sedan X,TRIM-1,STN-04,2026-03-03 19:53,ENG-1231,SUP-034,EMP395,TL-056,,Tool_56,Torque Wrench,Plant-C,2026-04-06,2026-07-05,Active,97.45,Atlas Copco,SN100055
M9972,MA1AB100000002972,WO12972,Hatch Z,PAINT-1,STN-04,2026-03-03 19:55,ENG-1096,SUP-050,EMP339,TL-001,A,Tool_1,Welding Gun,Plant-A,2026-05-21,2026-08-19,Maintenance,98.97,Bosch,SN100000
M9973,MA1AB100000002973,WO12973,SUV Pro,GA-1, stn-05 ,2026-03-03 19:56,ENG-1423,SUP-012,EMP282,TL-020,,Tool_20,Robot Arm,Plant-C,2026-06-24,2026-09-22,Active,99.27,Ingersoll Rand,SN100019
M9974,MA1AB100000002974,WO12974,Hatch Z,GA-1,STN-01,2026-03-03 19:57,ENG-1474,SUP-095,EMP266,TL-084,A,Tool_84,Torque Wrench,Plant-C,2026-02-03,2026-05-04,Out of Service,97.78,Ingersoll Rand,SN100083
M9975,MA1AB100000002975,WO12975,Sedan X,GA-1,STN-02,2026-03-03 19:58,ENG-1247,SUP-175,EMP191,TL-094,B,Tool_94,Press Tool,Plant-C,2026-05-10,2026-08-08,Maintenance,98.64,Stanley,SN100093
M9976,MA1AB100000002976,WO12976,Sedan X,PAINT-1,STN-02,2026-03-03 20:00,ENG-1163,SUP-119,EMP199,TL-016,,Tool_16,Robot Arm,Plant-B,2026-04-27,2026-07-26,Active,98.18,Atlas Copco,SN100015
M9977,MA1AB100000002977,WO12977,Sedan X,PAINT-1,STN-02,2026-03-03 20:01,ENG-1495,SUP-147,EMP163,TL-099,B,Tool_99,Welding Gun,Plant-B,2026-05-20,2026-08-18,Active,97.05,Atlas Copco,SN100098
M9978,MA1AB100000002978,WO12978,SUV Pro,GA-1,STN-04,2026-03-03 20:02,ENG-1084,SUP-009,EMP201,TL-016,B,Tool_16,Robot Arm,Plant-B,2026-04-27,2026-07-26,Active,98.18,Atlas Copco,SN100015
M9979,MA1AB100000002979,WO12979,SUV Pro,PAINT-1,STN-03,2026-03-03 20:03,ENG-1363,SUP-040,EMP365,TL-100,,Tool_100,Welding Gun,Plant-A,2026-04-25,2026-07-24,Maintenance,97.13,Ingersoll Rand,SN100099
M9980,MA1AB100000002980,WO12980,Sedan X,GA-1,STN-05,2026-03-03 20:05,ENG-1330,SUP-048,EMP394,TL-093,,Tool_93,Nut Runner,Plant-A,2026-03-03,2026-06-01,Out of Service,98.43,Ingersoll Rand,SN100092
M9981,MA1AB100000002981,WO12981,Sedan X,PAINT-1,STN-02,2026-03-03 20:06,ENG-1368,SUP-096,EMP280,TL-085,B,Tool_85,Nut Runner,Plant-A,2026-01-29,2026-04-29,Out of Service,98.68,Stanley,SN100084
M9982,MA1AB100000002982,WO12982,Sedan X,GA-2,STN-02,2026-03-03 20:07,ENG-1077,SUP-164,EMP326,TL-030,B,Tool_30,Nut Runner,Plant-A,2026-02-18,2026-05-19,Out of Service,97.07,Ingersoll Rand,SN100029
M9983,MA1AB100000002983,WO12983,Hatch Z,GA-2,STN-01,2026-03-03 20:08,ENG-1147,SUP-094,EMP342,TL-089,B,Tool_89,Welding Gun,Plant-B,2026-06-20,2026-09-18,Out of Service,97.46,Stanley,SN100088
M9984,MA1AB100000002984,WO12984,SUV Pro,GA-2,STN-02,2026-03-03 20:10,ENG-1116,SUP-109,EMP318,TL-012,C,Tool_12,Press Tool,Plant-B,2026-05-30,2026-08-28,Out of Service,98.02,Bosch,SN100011
M9985,MA1AB100000002985,WO12985,Sedan X,TRIM-1,STN-04,2026-03-03 20:11,ENG-1046,SUP-013,EMP382,TL-059,A,Tool_59,Robot Arm,Plant-B,2026-04-15,2026-07-14,Active,95.72,Stanley,SN100058
M9986,MA1AB100000002986,WO12986,Hatch Z,GA-2,STN-04,2026-03-03 20:12,ENG-1310,SUP-128,EMP161,TL-098,B,Tool_98,Press Tool,Plant-A,2026-06-01,2026-08-30,Active,98.11,Stanley,SN100097
M9987,MA1AB100000002987,WO12987,Sedan X,TRIM-1,STN-01,2026-03-03 20:13,ENG-1050,SUP-004,EMP351,TL-016,B,Tool_16,Robot Arm,Plant-B,2026-04-27,2026-07-26,Active,98.18,Atlas Copco,SN100015
M9988,MA1AB100000002988,WO12988,SUV Pro,GA-1,STN-03,2026-03-03 20:15,ENG-1330,SUP-142,EMP213,TL-072,B,Tool_72,Robot Arm,Plant-C,2026-05-05,2026-08-03,Maintenance,99.87,Atlas Copco,SN100071
M9989,MA1AB100000002989,WO12989,Hatch Z,GA-1,Stn-03,2026-03-03 20:16,ENG-1252,SUP-171,EMP322,TL-091,C,Tool_91,Nut Runner,Plant-B,2026-03-20,2026-06-18,Active,95.45,Atlas Copco,SN100090
M9990,MA1AB100000002990,WO12990,Hatch Z,PAINT-1,Stn-03,2026-03-03 20:17,ENG-1206,SUP-123,EMP202,TL-042,,Tool_42,Welding Gun,Plant-C,2026-03-03,2026-06-01,Out of Service,97.14,Ingersoll Rand,SN100041
M9991,MA1AB100000002991,WO12991,SUV Pro,GA-2,STN-02,2026-03-03 20:18,ENG-1107,SUP-056,EMP178,TL-019,B,Tool_19,Torque Wrench,Plant-B,2026-05-30,2026-08-28,Active,96.08,Atlas Copco,SN100018
M9992,MA1AB100000002992,WO12992,Hatch Z,GA-1, stn-05 ,2026-03-03 20:20,ENG-1054,SUP-194,EMP249,TL-033,B,Tool_33,Welding Gun,Plant-C,2026-02-25,2026-05-26,Active,97.63,Bosch,SN100032
M9993,MA1AB100000002993,WO12993,SUV Pro,GA-2, stn-05 ,2026-03-03 20:21,ENG-1417,SUP-171,EMP194,TL-023,C,Tool_23,Welding Gun,Plant-A,2026-04-29,2026-07-28,Active,95.35,Bosch,SN100022
M9994,MA1AB100000002994,WO12994,SUV Pro,GA-1,STN-04,2026-03-03 20:22,ENG-1093,SUP-159,EMP272,TL-028,C,Tool_28,Press Tool,Plant-C,2026-01-25,2026-04-25,Out of Service,97.87,Ingersoll Rand,SN100027
M9995,MA1AB100000002995,WO12995,Hatch Z,GA-1,STN-04,2026-03-03 20:23,ENG-1124,SUP-163,EMP345,TL-032,A,Tool_32,Press Tool,Plant-A,2026-03-27,2026-06-25,Maintenance,97.67,Bosch,SN100031
M9996,MA1AB100000002996,WO12996,Hatch Z,GA-1,STN-05,2026-03-03 20:25,ENG-1028,SUP-070,EMP303,TL-088,,Tool_88,Welding Gun,Plant-B,2026-04-25,2026-07-24,Active,95.24,Stanley,SN100087
M9997,XX1 2 3 4,WO12997,SUV Pro,GA-1,Stn-03,2026-03-03 20:26,ENG-1120,SUP-002,EMP348,TL-086,C,Tool_86,Press Tool,Plant-B,2026-03-20,2026-06-18,Active,96.21,Bosch,SN100085
M9998,MA1AB100000002998,WO12998,Sedan X,PAINT-1,Stn-03,2026-03-03 20:27,ENG-1062,SUP-168,EMP387,TL-042,B,Tool_42,Welding Gun,Plant-C,2026-03-03,2026-06-01,Out of Service,97.14,Ingersoll Rand,SN100041
M9999,MA1AB100000002999,WO12999,Sedan X,GA-1,STN-02,2026-03-03 20:28,ENG-1396,SUP-099,EMP189,TL-052,A,Tool_52,Torque Wrench,Plant-A,2026-04-12,2026-07-11,Out of Service,99.68,Ingersoll Rand,SN100051
M10000,MA1AB100000003000,WO13000,Hatch Z,PAINT-1, stn-05 ,2026-03-03 20:30,ENG-1204,SUP-059,EMP392,TL-093,,Tool_93,Nut Runner,Plant-A,2026-03-03,2026-06-01,Out of Service,98.43,Ingersoll Rand,SN100092
M10001,MA1AB100000003001,WO13001,Hatch Z,PAINT-1,STN-04,2026-03-03 20:31,ENG-1032,SUP-081,EMP241,TL-061,A,Tool_61,Nut Runner,Plant-C,2026-06-29,2026-09-27,Active,99.71,Ingersoll Rand,SN100060
M10002,MA1AB100000003002,WO13002,SUV Pro,PAINT-1,STN-03,2026-03-03 20:32,ENG-1291,SUP-019,EMP189,TL-081,A,Tool_81,Nut Runner,Plant-A,2026-06-21,2026-09-19,Maintenance,97.61,Atlas Copco,SN100080
M10003,MA1AB100000003003,WO13003,SUV Pro,GA-1,STN-04,2026-03-03 20:33,ENG-1368,SUP-069,EMP136,TL-010,C,Tool_10,Welding Gun,Plant-B,2026-02-07,2026-05-08,Maintenance,98.91,Atlas Copco,SN100009
M10004,MA1AB100000003004,WO13004,SUV Pro,TRIM-1,STN-03,2026-03-03 20:35,ENG-1008,SUP-146,EMP146,TL-074,,Tool_74,Robot Arm,Plant-B,2026-01-04,2026-04-04,Active,97.63,Stanley,SN100073
M10005,MA1AB100000003005,WO13005,Hatch Z,GA-2,STN-05,2026-03-03 20:36,ENG-1164,SUP-116,EMP380,TL-064,C,Tool_64,Press Tool,Plant-A,2026-02-03,2026-05-04,Active,98.09,Atlas Copco,SN100063
M10006,MA1AB100000003006,WO13006,Sedan X,GA-1,STN-04,2026-03-03 20:37,ENG-1411,SUP-001,EMP170,TL-003,C,Tool_3,Robot Arm,Plant-C,2026-02-25,2026-05-26,Active,97.36,Atlas Copco,SN100002
M10007,MA1AB100000003007,WO13007,Sedan X,TRIM-1,STN-02,2026-03-03 20:38,ENG-1341,SUP-004,EMP136,TL-080,,Tool_80,Robot Arm,Plant-B,2026-03-23,2026-06-21,Maintenance,97.79,Atlas Copco,SN100079
M10008,MA1AB100000003008,WO13008,Sedan X,GA-2, stn-05 ,2026-03-03 20:40,ENG-1338,SUP-023,EMP176,TL-040,A,Tool_40,Welding Gun,Plant-A,2026-04-02,2026-07-01,Active,98.84,Atlas Copco,SN100039
M10009,MA1AB100000003009,WO13009,Sedan X,GA-2,Stn-03,2026-03-03 20:41,ENG-1366,SUP-111,EMP306,TL-060,,Tool_60,Welding Gun,Plant-B,2026-02-09,2026-05-10,Active,95.55,Atlas Copco,SN100059
M10010,MA1AB100000003010,WO13010,SUV Pro,GA-1,STN-05,2026-03-03 20:42,ENG-1488,SUP-134,EMP342,TL-028,A,Tool_28,Press Tool,Plant-C,2026-01-25,2026-04-25,Out of Service,97.87,Ingersoll Rand,SN100027
M10011,MA1AB100000003011,WO13011,Sedan X,TRIM-1,STN-04,2026-03-03 20:43,ENG-1457,SUP-124,EMP218,TL-011,B,Tool_11,Welding Gun,Plant-B,2026-01-03,2026-04-03,Out of Service,99.43,Atlas Copco,SN100010
M10012,MA1AB100000003012,WO13012,Sedan X,TRIM-1, stn-05 ,2026-03-03 20:45,ENG-1199,SUP-173,EMP114,TL-059,C,Tool_59,Robot Arm,Plant-B,2026-04-15,2026-07-14,Active,95.72,Stanley,SN100058
M10013,MA1AB100000003013,WO13013,Hatch Z,TRIM-1, stn-05 ,2026-03-03 20:46,ENG-1278,SUP-108,EMP280,TL-031,B,Tool_31,Nut Runner,Plant-A,2026-01-31,2026-05-01,Active,97.01,Atlas Copco,SN100030
M10014,MA1AB100000003014,WO13014,Hatch Z,PAINT-1,STN-02,2026-03-03 20:47,ENG-1059,SUP-155,EMP146,TL-081,,Tool_81,Nut Runner,Plant-A,2026-06-21,2026-09-19,Maintenance,97.61,Atlas Copco,SN100080
M10015,MA1AB100000003015,WO13015,SUV Pro,PAINT-1,STN-02,2026-03-03 20:48,ENG-1015,SUP-132,EMP396,TL-082,C,Tool_82,Nut Runner,Plant-B,2026-03-18,2026-06-16,Active,95.75,Atlas Copco,SN100081
M10016,MA1AB100000003016,WO13016,Sedan X,GA-2,STN-01,2026-03-03 20:50,ENG-1074,SUP-012,EMP181,TL-016,A,Tool_16,Robot Arm,Plant-B,2026-04-27,2026-07-26,Active,98.18,Atlas Copco,SN100015
M10017,MA1AB100000003017,WO13017,SUV Pro,GA-1,Stn-03,2026-03-03 20:51,ENG-1178,SUP-125,EMP293,TL-035,C,Tool_35,Torque Wrench,Plant-A,2026-04-06,2026-07-05,Active,95.1,Atlas Copco,SN100034
M10018,MA1AB100000003018,WO13018,Hatch Z,TRIM-1,Stn-03,2026-03-03 20:52,ENG-1471,SUP-073,EMP345,TL-001,A,Tool_1,Welding Gun,Plant-A,2026-05-21,2026-08-19,Maintenance,98.97,Bosch,SN100000
M10019,MA1AB100000003019,WO13019,Sedan X,GA-2,STN-04,2026-03-03 20:53,ENG-1495,SUP-144,EMP337,TL-051,C,Tool_51,Nut Runner,Plant-C,2026-04-06,2026-07-05,Active,97.28,Bosch,SN100050
M10020,MA1AB100000003020,WO13020,SUV Pro,TRIM-1,STN-04,2026-03-03 20:55,ENG-1205,SUP-077,EMP393,TL-058,,Tool_58,Robot Arm,Plant-C,2026-04-28,2026-07-27,Active,96.6,Stanley,SN100057
M10021,MA1AB100000003021,WO13021,SUV Pro,GA-1,STN-04,2026-03-03 20:56,ENG-1417,SUP-052,EMP297,TL-045,,Tool_45,Welding Gun,Plant-C,2026-03-10,2026-06-08,Active,98.94,Stanley,SN100044
M10022,MA1AB100000003022,WO13022,Hatch Z,GA-1,STN-03,2026-03-03 20:57,ENG-1439,SUP-085,EMP116,TL-003,,Tool_3,Robot Arm,Plant-C,2026-02-25,2026-05-26,Active,97.36,Atlas Copco,SN100002
M10023,MA1AB100000003023,WO13023,Sedan X,PAINT-1,STN-03,2026-03-03 20:58,ENG-1357,SUP-057,EMP340,TL-026,A,Tool_26,Robot Arm,Plant-A,2026-05-25,2026-08-23,Out of Service,99.11,Atlas Copco,SN100025
M10024,MA1AB100000003024,WO13024,Hatch Z,TRIM-1,STN-03,2026-03-03 21:00,ENG-1289,SUP-110,EMP195,TL-060,,Tool_60,Welding Gun,Plant-B,2026-02-09,2026-05-10,Active,95.55,Atlas Copco,SN100059
M10025,MA1AB100000003025,WO13025,Sedan X,GA-1, stn-05 ,2026-03-03 21:01,ENG-1289,SUP-167,EMP283,TL-018,,Tool_18,Robot Arm,Plant-B,2026-06-15,2026-09-13,Out of Service,95.48,Stanley,SN100017
M10026,MA1AB100000003026,WO13026,Sedan X,PAINT-1,STN-02,2026-03-03 21:02,ENG-1025,SUP-178,EMP289,TL-076,,Tool_76,Welding Gun,Plant-C,2026-02-22,2026-05-23,Maintenance,98.13,Ingersoll Rand,SN100075
M10027,MA1AB100000003027,WO13027,Hatch Z,GA-1,STN-02,2026-03-03 21:03,ENG-1188,SUP-090,EMP156,TL-021,B,Tool_21,Press Tool,Plant-C,2026-01-09,2026-04-09,Out of Service,95.18,Atlas Copco,SN100020
M10028,MA1AB100000003028,WO13028,SUV Pro,TRIM-1, stn-05 ,2026-03-03 21:05,ENG-1105,SUP-110,EMP253,TL-031,A,Tool_31,Nut Runner,Plant-A,2026-01-31,2026-05-01,Active,97.01,Atlas Copco,SN100030
M10029,MA1AB100000003029,WO13029,SUV Pro,PAINT-1,STN-05,2026-03-03 21:06,ENG-1317,SUP-144,EMP391,TL-098,C,Tool_98,Press Tool,Plant-A,2026-06-01,2026-08-30,Active,98.11,Stanley,SN100097
M10030,MA1AB100000003030,WO13030,Hatch Z,TRIM-1,STN-03,2026-03-03 21:07,ENG-1472,SUP-073,EMP311,TL-085,,Tool_85,Nut Runner,Plant-A,2026-01-29,2026-04-29,Out of Service,98.68,Stanley,SN100084
M10031,MA1AB100000003031,WO13031,Sedan X,PAINT-1,STN-03,2026-03-03 21:08,ENG-1385,SUP-068,EMP249,TL-096,B,Tool_96,Nut Runner,Plant-A,2026-04-26,2026-07-25,Active,95.35,Stanley,SN100095
M10032,MA1AB100000003032,WO13032,SUV Pro,PAINT-1,Stn-03,2026-03-03 21:10,ENG-1037,SUP-079,EMP162,TL-051,B,Tool_51,Nut Runner,Plant-C,2026-04-06,2026-07-05,Active,97.28,Bosch,SN100050
M10033,MA1AB100000003033,WO13033,Hatch Z,GA-2,Stn-03,2026-03-03 21:11,ENG-1361,SUP-067,EMP241,TL-075,,Tool_75,Press Tool,Plant-C,2026-04-22,2026-07-21,Active,99.86,Ingersoll Rand,SN100074
M10034,MA1AB100000003034,WO13034,SUV Pro,GA-2,STN-05,2026-03-03 21:12,ENG-1451,SUP-070,EMP309,TL-034,A,Tool_34,Torque Wrench,Plant-A,2026-06-25,2026-09-23,Out of Service,99.85,Stanley,SN100033
M10035,MA1AB100000003035,WO13035,Hatch Z,GA-2,STN-02,2026-03-03 21:13,ENG-1114,SUP-013,EMP268,TL-065,,Tool_65,Torque Wrench,Plant-C,2026-01-31,2026-05-01,Maintenance,97.24,Bosch,SN100064
M10036,MA1AB100000003036,WO13036,Sedan X,TRIM-1, stn-05 ,2026-03-03 21:15,ENG-1478,SUP-056,EMP394,TL-086,C,Tool_86,Press Tool,Plant-B,2026-03-20,2026-06-18,Active,96.21,Bosch,SN100085
M10037,MA1AB100000003037,WO13037,Sedan X,GA-2,STN-02,2026-03-03 21:16,ENG-1053,SUP-003,EMP392,TL-058,B,Tool_58,Robot Arm,Plant-C,2026-04-28,2026-07-27,Active,96.6,Stanley,SN100057
M10038,MA1AB100000003038,WO13038,Sedan X,GA-2,STN-01,2026-03-03 21:17,ENG-1440,SUP-123,EMP122,TL-062,C,Tool_62,Robot Arm,Plant-A,2026-04-28,2026-07-27,Out of Service,95.44,Bosch,SN100061
M10039,MA1AB100000003039,WO13039,SUV Pro,PAINT-1,STN-02,2026-03-03 21:18,ENG-1146,SUP-162,EMP311,TL-048,C,Tool_48,Nut Runner,Plant-B,2026-04-17,2026-07-16,Active,96.56,Stanley,SN100047
M10040,MA1AB100000003040,WO13040,SUV Pro,GA-2,Stn-03,2026-03-03 21:20,ENG-1398,SUP-033,EMP119,TL-032,A,Tool_32,Press Tool,Plant-A,2026-03-27,2026-06-25,Maintenance,97.67,Bosch,SN100031
M10041,MA1AB100000003041,WO13041,Sedan X,PAINT-1,STN-03,2026-03-03 21:21,ENG-1290,SUP-111,EMP255,TL-049,A,Tool_49,Press Tool,Plant-A,2026-01-18,2026-04-18,Active,97.7,Atlas Copco,SN100048
M10042,MA1AB100000003042,WO13042,Sedan X,GA-2,STN-05,2026-03-03 21:22,ENG-1027,SUP-008,EMP172,TL-095,C,Tool_95,Nut Runner,Plant-A,2026-06-25,2026-09-23,Active,99.37,Bosch,SN100094
M10043,MA1AB100000003043,WO13043,Sedan X,GA-2,Stn-03,2026-03-03 21:23,ENG-1058,SUP-053,EMP336,TL-043,,Tool_43,Torque Wrench,Plant-B,2026-04-28,2026-07-27,Active,96.51,Ingersoll Rand,SN100042
M10044,MA1AB100000003044,WO13044,SUV Pro,TRIM-1,STN-02,2026-03-03 21:25,ENG-1169,SUP-150,EMP272,TL-081,,Tool_81,Nut Runner,Plant-A,2026-06-21,2026-09-19,Maintenance,97.61,Atlas Copco,SN100080
M10045,MA1AB100000003045,WO13045,Sedan X,TRIM-1,Stn-03,2026-03-03 21:26, eng-1001 ,SUP-021,EMP393,TL-079,B,Tool_79,Press Tool,Plant-C,2026-04-14,2026-07-13,Active,96.15,Ingersoll Rand,SN100078
M10046,MA1AB100000003046,WO13046,Sedan X,PAINT-1, stn-05 ,2026-03-03 21:27,ENG-1184,SUP-142,EMP252,TL-025,C,Tool_25,Nut Runner,Plant-C,2026-02-19,2026-05-20,Out of Service,98.88,Atlas Copco,SN100024
M10047,MA1AB100000003047,WO13047,Hatch Z,PAINT-1,STN-04,2026-03-03 21:28,ENG-1198,SUP-057,EMP143,TL-010,B,Tool_10,Welding Gun,Plant-B,2026-02-07,2026-05-08,Maintenance,98.91,Atlas Copco,SN100009
M10048,MA1AB100000003048,WO13048,Hatch Z,PAINT-1,STN-01,2026-03-03 21:30,ENG-1453,SUP-053,EMP251,TL-024,B,Tool_24,Robot Arm,Plant-A,2026-02-23,2026-05-24,Active,96.19,Ingersoll Rand,SN100023
M10049,MA1AB100000003049,WO13049,SUV Pro,GA-2, stn-05 ,2026-03-03 21:31,ENG-1379,SUP-035,EMP117,TL-032,B,Tool_32,Press Tool,Plant-A,2026-03-27,2026-06-25,Maintenance,97.67,Bosch,SN100031
M10050,MA1AB100000003050,WO13050,SUV Pro,TRIM-1,STN-03,2026-03-03 21:32,ENG-1093,SUP-068,EMP308,TL-027,A,Tool_27,Robot Arm,Plant-A,2026-03-13,2026-06-11,Active,95.63,Atlas Copco,SN100026
M10051,MA1AB100000003051,WO13051,Sedan X,PAINT-1,STN-02,2026-03-03 21:33,ENG-1339,SUP-116,EMP396,TL-054,,Tool_54,Press Tool,Plant-C,2026-01-18,2026-04-18,Active,99.35,Ingersoll Rand,SN100053
M10052,MA1AB100000003052,WO13052,Hatch Z,GA-1,STN-01,2026-03-03 21:35,ENG-1282,SUP-167,EMP260,TL-091,B,Tool_91,Nut Runner,Plant-B,2026-03-20,2026-06-18,Active,95.45,Atlas Copco,SN100090
M10053,MA1AB100000003053,WO13053,Hatch Z,PAINT-1,STN-04,2026-03-03 21:36,ENG-1385,SUP-150,EMP125,TL-020,A,Tool_20,Robot Arm,Plant-C,2026-06-24,2026-09-22,Active,99.27,Ingersoll Rand,SN100019
M10054,MA1AB100000003054,WO13054,Hatch Z,TRIM-1,STN-04,2026-03-03 21:37,ENG-1455,SUP-074,EMP132,TL-060,C,Tool_60,Welding Gun,Plant-B,2026-02-09,2026-05-10,Active,95.55,Atlas Copco,SN100059
M10055,MA1AB100000003055,WO13055,Sedan X,GA-1,STN-03,2026-03-03 21:38,ENG-1106,SUP-082,EMP129,TL-020,B,Tool_20,Robot Arm,Plant-C,2026-06-24,2026-09-22,Active,99.27,Ingersoll Rand,SN100019
M10056,MA1AB100000003056,WO13056,Hatch Z,PAINT-1,STN-01,2026-03-03 21:40,ENG-1083,SUP-042,EMP386,TL-079,C,Tool_79,Press Tool,Plant-C,2026-04-14,2026-07-13,Active,96.15,Ingersoll Rand,SN100078
M10057,MA1AB100000003057,WO13057,SUV Pro,TRIM-1,STN-03,2026-03-03 21:41,ENG-1092,SUP-115,EMP272,TL-094,B,Tool_94,Press Tool,Plant-C,2026-05-10,2026-08-08,Maintenance,98.64,Stanley,SN100093
M10058,MA1AB100000003058,WO13058,Sedan X,GA-2,STN-02,2026-03-03 21:42,ENG-1266,SUP-040,EMP219,TL-002,B,Tool_2,Nut Runner,Plant-A,2026-04-22,2026-07-21,Active,97.47,Bosch,SN100001
M10059,MA1AB100000003059,WO13059,Sedan X,GA-2,STN-03,2026-03-03 21:43,ENG-1205,SUP-147,EMP155,TL-028,B,Tool_28,Press Tool,Plant-C,2026-01-25,2026-04-25,Out of Service,97.87,Ingersoll Rand,SN100027
M10060,MA1AB100000003060,WO13060,Sedan X,GA-2,STN-01,2026-03-03 21:45,ENG-1112,SUP-051,EMP229,TL-053,,Tool_53,Nut Runner,Plant-A,2026-02-27,2026-05-28,Out of Service,96.41,Stanley,SN100052
M10061,MA1AB100000003061,WO13061,SUV Pro,GA-1, stn-05 ,2026-03-03 21:46,ENG-1354,SUP-032,EMP319,TL-999,,Unknown Tool,Unknown Type,,,,,,,
M10062,MA1AB100000003062,WO13062,SUV Pro,GA-1,STN-04,2026-03-03 21:47,ENG-1438,SUP-110,EMP172,TL-100,,Tool_100,Welding Gun,Plant-A,2026-04-25,2026-07-24,Maintenance,97.13,Ingersoll Rand,SN100099
M10063,MA1AB100000003063,WO13063,Hatch Z,PAINT-1,Stn-03,2026-03-03 21:48,ENG-1416,SUP-081,EMP227,TL-096,A,Tool_96,Nut Runner,Plant-A,2026-04-26,2026-07-25,Active,95.35,Stanley,SN100095
M10064,MA1AB100000003064,WO13064,Sedan X,PAINT-1, stn-05 ,2026-03-03 21:50,ENG-1189,SUP-054,EMP128,TL-011,B,Tool_11,Welding Gun,Plant-B,2026-01-03,2026-04-03,Out of Service,99.43,Atlas Copco,SN100010
M10065,MA1AB100000003065,WO13065,Sedan X,PAINT-1,Stn-03,2026-03-03 21:51,ENG-1249,SUP-044,EMP220,TL-004,B,Tool_4,Press Tool,Plant-A,2026-01-19,2026-04-19,Active,97.49,Bosch,SN100003
M10066,MA1AB100000003066,WO13066,SUV Pro,GA-2,STN-01,2026-03-03 21:52,ENG-1065,SUP-139,EMP251,TL-059,A,Tool_59,Robot Arm,Plant-B,2026-04-15,2026-07-14,Active,95.72,Stanley,SN100058
M10067,MA1AB100000003067,WO13067,Hatch Z,GA-1,STN-01,2026-03-03 21:53,ENG-1232,SUP-184,EMP183,TL-021,B,Tool_21,Press Tool,Plant-C,2026-01-09,2026-04-09,Out of Service,95.18,Atlas Copco,SN100020
M10068,MA1AB100000003068,WO13068,SUV Pro,GA-1,STN-03,2026-03-03 21:55,ENG-1029,SUP-113,EMP311,TL-034,,Tool_34,Torque Wrench,Plant-A,2026-06-25,2026-09-23,Out of Service,99.85,Stanley,SN100033
M10069,MA1AB100000003069,WO13069,Hatch Z,GA-1,Stn-03,2026-03-03 21:56,ENG-1469,SUP-122,EMP353,TL-042,C,Tool_42,Welding Gun,Plant-C,2026-03-03,2026-06-01,Out of Service,97.14,Ingersoll Rand,SN100041
M10070,MA1AB100000003070,WO13070,SUV Pro,GA-1,STN-05,2026-03-03 21:57,ENG-1402,SUP-154,EMP193,TL-034,A,Tool_34,Torque Wrench,Plant-A,2026-06-25,2026-09-23,Out of Service,99.85,Stanley,SN100033
M10071,MA1AB100000003071,WO13071,SUV Pro,PAINT-1, stn-05 ,2026-03-03 21:58,ENG-1277,SUP-059,EMP374,TL-057,B,Tool_57,Welding Gun,Plant-A,2026-05-01,2026-07-30,Active,98.96,Bosch,SN100056
M10072,MA1AB100000003072,WO13072,Hatch Z,TRIM-1, stn-05 ,2026-03-03 22:00,ENG-1075,SUP-087,EMP358,TL-009,B,Tool_9,Press Tool,Plant-C,2026-05-31,2026-08-29,Active,98.89,Bosch,SN100008
M10073,MA1AB100000003073,WO13073,Sedan X,PAINT-1,STN-05,2026-03-03 22:01,ENG-1020,SUP-150,EMP275,TL-050,,Tool_50,Welding Gun,Plant-C,2026-04-30,2026-07-29,Maintenance,98.51,Ingersoll Rand,SN100049
M10074,MA1AB100000003074,WO13074,Hatch Z,PAINT-1, stn-05 ,2026-03-03 22:02,ENG-1130,SUP-130,EMP175,TL-032,,Tool_32,Press Tool,Plant-A,2026-03-27,2026-06-25,Maintenance,97.67,Bosch,SN100031
M10075,MA1AB100000003075,WO13075,Sedan X,GA-2,STN-04,2026-03-03 22:03,ENG-1293,SUP-197,EMP139,TL-024,A,Tool_24,Robot Arm,Plant-A,2026-02-23,2026-05-24,Active,96.19,Ingersoll Rand,SN100023
M10076,MA1AB100000003076,WO13076,Sedan X,GA-1,STN-01,2026-03-03 22:05,ENG-1024,SUP-031,EMP371,TL-059,A,Tool_59,Robot Arm,Plant-B,2026-04-15,2026-07-14,Active,95.72,Stanley,SN100058
M10077,MA1AB100000003077,WO13077,Sedan X,PAINT-1, stn-05 ,2026-03-03 22:06,ENG-1283,SUP-107,EMP125,TL-086,A,Tool_86,Press Tool,Plant-B,2026-03-20,2026-06-18,Active,96.21,Bosch,SN100085
M10078,MA1AB100000003078,WO13078,SUV Pro,GA-1,Stn-03,2026-03-03 22:07,ENG-1422,SUP-125,EMP249,TL-089,A,Tool_89,Welding Gun,Plant-B,2026-06-20,2026-09-18,Out of Service,97.46,Stanley,SN100088
M10079,MA1AB100000003079,WO13079,Hatch Z,GA-2,STN-05,2026-03-03 22:08,ENG-1077,SUP-091,EMP153,TL-076,C,Tool_76,Welding Gun,Plant-C,2026-02-22,2026-05-23,Maintenance,98.13,Ingersoll Rand,SN100075
M10080,MA1AB100000003080,WO13080,Hatch Z,PAINT-1,STN-02,2026-03-03 22:10,ENG-1306,SUP-082,EMP156,TL-064,A,Tool_64,Press Tool,Plant-A,2026-02-03,2026-05-04,Active,98.09,Atlas Copco,SN100063
M10081,MA1AB100000003081,WO13081,Sedan X,GA-2,STN-02,2026-03-03 22:11,ENG-1463,SUP-127,EMP298,TL-096,C,Tool_96,Nut Runner,Plant-A,2026-04-26,2026-07-25,Active,95.35,Stanley,SN100095
M10082,MA1AB100000003082,WO13082,Sedan X,GA-2,STN-05,2026-03-03 22:12,ENG-1232,SUP-047,EMP183,TL-003,C,Tool_3,Robot Arm,Plant-C,2026-02-25,2026-05-26,Active,97.36,Atlas Copco,SN100002
M10083,MA1AB100000003083,WO13083,SUV Pro,GA-2,STN-02,2026-03-03 22:13,ENG-1057,SUP-097,EMP190,TL-049,C,Tool_49,Press Tool,Plant-A,2026-01-18,2026-04-18,Active,97.7,Atlas Copco,SN100048
M10084,MA1AB100000003084,WO13084,Hatch Z,PAINT-1,STN-05,2026-03-03 22:15,ENG-1450,SUP-166,EMP295,TL-025,B,Tool_25,Nut Runner,Plant-C,2026-02-19,2026-05-20,Out of Service,98.88,Atlas Copco,SN100024
M10085,MA1AB100000003085,WO13085,Hatch Z,GA-1, stn-05 ,2026-03-03 22:16,ENG-1276,SUP-051,EMP203,TL-038,C,Tool_38,Welding Gun,Plant-B,2026-04-18,2026-07-17,Active,97.87,Ingersoll Rand,SN100037
M10086,MA1AB100000003086,WO13086,SUV Pro,TRIM-1,Stn-03,2026-03-03 22:17,ENG-1009,SUP-079,EMP357,TL-067,,Tool_67,Torque Wrench,Plant-A,2026-02-10,2026-05-11,Active,95.24,Bosch,SN100066
M10087,MA1AB100000003087,WO13087,Hatch Z,PAINT-1,STN-01,2026-03-03 22:18,ENG-1138,SUP-119,EMP110,TL-022,A,Tool_22,Press Tool,Plant-C,2026-03-22,2026-06-20,Out of Service,95.43,Bosch,SN100021
M10088,MA1AB100000003088,WO13088,SUV Pro,TRIM-1,Stn-03,2026-03-03 22:20,ENG-1259,SUP-176,EMP278,TL-010,C,Tool_10,Welding Gun,Plant-B,2026-02-07,2026-05-08,Maintenance,98.91,Atlas Copco,SN100009
M10089,MA1AB100000003089,WO13089,Sedan X,TRIM-1,STN-04,2026-03-03 22:21,ENG-1131,SUP-160,EMP193,TL-051,,Tool_51,Nut Runner,Plant-C,2026-04-06,2026-07-05,Active,97.28,Bosch,SN100050
M10090,MA1AB100000003090,WO13090,Hatch Z,GA-2,STN-02,2026-03-03 22:22,ENG-1485,SUP-154,EMP262,TL-054,B,Tool_54,Press Tool,Plant-C,2026-01-18,2026-04-18,Active,99.35,Ingersoll Rand,SN100053
M10091,MA1AB100000003091,WO13091,SUV Pro,GA-2,STN-04,2026-03-03 22:23,ENG-1471,SUP-128,EMP342,TL-041,B,Tool_41,Robot Arm,Plant-A,2026-02-27,2026-05-28,Maintenance,97.13,Atlas Copco,SN100040
M10092,MA1AB100000003092,WO13092,Sedan X,PAINT-1,STN-05,2026-03-03 22:25,ENG-1078,SUP-005,EMP314,TL-011,,Tool_11,Welding Gun,Plant-B,2026-01-03,2026-04-03,Out of Service,99.43,Atlas Copco,SN100010
M10093,MA1AB100000003093,WO13093,SUV Pro,GA-1,STN-02,2026-03-03 22:26,ENG-1414,SUP-155,EMP168,TL-004,C,Tool_4,Press Tool,Plant-A,2026-01-19,2026-04-19,Active,97.49,Bosch,SN100003
M10094,MA1AB100000003094,WO13094,Hatch Z,GA-2,STN-02,2026-03-03 22:27,ENG-1303,SUP-074,EMP159,TL-010,C,Tool_10,Welding Gun,Plant-B,2026-02-07,2026-05-08,Maintenance,98.91,Atlas Copco,SN100009
M10095,MA1AB100000003095,WO13095,SUV Pro,GA-2,STN-01,2026-03-03 22:28,ENG-1077,SUP-152,EMP262,TL-041,,Tool_41,Robot Arm,Plant-A,2026-02-27,2026-05-28,Maintenance,97.13,Atlas Copco,SN100040
M10096,MA1AB100000003096,WO13096,Sedan X,TRIM-1,STN-02,2026-03-03 22:30,ENG-1237,SUP-172,EMP178,TL-083,,Tool_83,Nut Runner,Plant-A,2026-01-22,2026-04-22,Out of Service,98.35,Bosch,SN100082
M10097,MA1AB100000003097,WO13097,Sedan X,PAINT-1, stn-05 ,2026-03-03 22:31,ENG-1391,SUP-047,EMP121,TL-056,,Tool_56,Torque Wrench,Plant-C,2026-04-06,2026-07-05,Active,97.45,Atlas Copco,SN100055
M10098,MA1AB100000003098,WO13098,Sedan X,PAINT-1, stn-05 ,2026-03-03 22:32,ENG-1132,SUP-160,EMP363,TL-004,C,Tool_4,Press Tool,Plant-A,2026-01-19,2026-04-19,Active,97.49,Bosch,SN100003
M10099,MA1AB100000003099,WO13099,Sedan X,GA-2,STN-02,2026-03-03 22:33,ENG-1370,SUP-028,EMP214,TL-084,A,Tool_84,Torque Wrench,Plant-C,2026-02-03,2026-05-04,Out of Service,97.78,Ingersoll Rand,SN100083
M10100,MA1AB100000003100,WO13100,Sedan X,PAINT-1,STN-05,2026-03-03 22:35,ENG-1273,SUP-058,EMP180,TL-009,A,Tool_9,Press Tool,Plant-C,2026-05-31,2026-08-29,Active,98.89,Bosch,SN100008
M10101,MA1AB100000003101,WO13101,Sedan X,GA-2,STN-01,2026-03-03 22:36,ENG-1486,SUP-045,EMP139,TL-048,C,Tool_48,Nut Runner,Plant-B,2026-04-17,2026-07-16,Active,96.56,Stanley,SN100047
M10102,MA1AB100000003102,WO13102,Hatch Z,GA-1, stn-05 ,2026-03-03 22:37,ENG-1190,SUP-138,EMP178,TL-056,,Tool_56,Torque Wrench,Plant-C,2026-04-06,2026-07-05,Active,97.45,Atlas Copco,SN100055
M10103,MA1AB100000003103,WO13103,Hatch Z,TRIM-1,STN-04,2026-03-03 22:38,ENG-1152,SUP-003,EMP153,TL-098,A,Tool_98,Press Tool,Plant-A,2026-06-01,2026-08-30,Active,98.11,Stanley,SN100097
M10104,MA1AB100000003104,WO13104,Hatch Z,PAINT-1,STN-03,2026-03-03 22:40,ENG-1284,SUP-138,EMP129,TL-050,C,Tool_50,Welding Gun,Plant-C,2026-04-30,2026-07-29,Maintenance,98.51,Ingersoll Rand,SN100049
M10105,MA1AB100000003105,WO13105,SUV Pro,GA-2,Stn-03,2026-03-03 22:41,ENG-1428,SUP-173,EMP100,TL-006,,Tool_6,Nut Runner,Plant-B,2026-01-25,2026-04-25,Maintenance,98.24,Ingersoll Rand,SN100005
M10106,MA1AB100000003106,WO13106,Sedan X,TRIM-1,STN-04,2026-03-03 22:42,ENG-1326,SUP-135,EMP345,TL-032,C,Tool_32,Press Tool,Plant-A,2026-03-27,2026-06-25,Maintenance,97.67,Bosch,SN100031
M10107,MA1AB100000003107,WO13107,Hatch Z,PAINT-1,Stn-03,2026-03-03 22:43,ENG-1377,SUP-100,EMP305,TL-037,,Tool_37,Torque Wrench,Plant-A,2026-02-12,2026-05-13,Maintenance,95.39,Bosch,SN100036
M10108,MA1AB100000003108,WO13108,Hatch Z,PAINT-1,Stn-03,2026-03-03 22:45,ENG-1381,,EMP160,TL-077,,Tool_77,Welding Gun,Plant-C,2026-04-12,2026-07-11,Active,98.71,Stanley,SN100076
M10109,MA1AB100000003109,WO13109,Hatch Z,GA-2,STN-02,2026-03-03 22:46,ENG-1151,SUP-169,EMP192,TL-015,B,Tool_15,Robot Arm,Plant-C,2026-05-26,2026-08-24,Out of Service,97.88,Atlas Copco,SN100014
M10110,MA1AB100000003110,WO13110,Hatch Z,TRIM-1,Stn-03,2026-03-03 22:47,ENG-1074,SUP-046,EMP138,TL-025,B,Tool_25,Nut Runner,Plant-C,2026-02-19,2026-05-20,Out of Service,98.88,Atlas Copco,SN100024
M10111,MA1AB100000003111,WO13111,Sedan X,PAINT-1, stn-05 ,2026-03-03 22:48,ENG-1032,SUP-012,EMP245,TL-021,C,Tool_21,Press Tool,Plant-C,2026-01-09,2026-04-09,Out of Service,95.18,Atlas Copco,SN100020
M10112,MA1AB100000003112,WO13112,Hatch Z,GA-2,Stn-03,2026-03-03 22:50,ENG-1497,SUP-029,EMP244,TL-094,,Tool_94,Press Tool,Plant-C,2026-05-10,2026-08-08,Maintenance,98.64,Stanley,SN100093
M10113,MA1AB100000003113,WO13113,Hatch Z,GA-1,STN-01,2026-03-03 22:51,ENG-1241,SUP-158,EMP328,TL-020,,Tool_20,Robot Arm,Plant-C,2026-06-24,2026-09-22,Active,99.27,Ingersoll Rand,SN100019
M10114,MA1AB100000003114,WO13114,Hatch Z,PAINT-1,STN-05,2026/03/03 22:52,ENG-1353,SUP-135,EMP149,TL-084,B,Tool_84,Torque Wrench,Plant-C,2026-02-03,2026-05-04,Out of Service,97.78,Ingersoll Rand,SN100083
M10115,MA1AB100000003115,WO13115,Hatch Z,GA-2,STN-01,2026-03-03 22:53,ENG-1376,SUP-141,EMP110,TL-008,B,Tool_8,Welding Gun,Plant-A,2026-06-05,2026-09-03,Maintenance,95.49,Ingersoll Rand,SN100007
M10116,MA1AB100000003116,WO13116,SUV Pro,TRIM-1,STN-04,2026-03-03 22:55,ENG-1010,SUP-189,EMP186,TL-091,A,Tool_91,Nut Runner,Plant-B,2026-03-20,2026-06-18,Active,95.45,Atlas Copco,SN100090
M10117,MA1AB100000003117,WO13117,Sedan X,GA-1,STN-03,2026-03-03 22:56,ENG-1479,SUP-051,EMP182,TL-070,C,Tool_70,Robot Arm,Plant-C,2026-04-23,2026-07-22,Maintenance,98.03,Bosch,SN100069
M10118,MA1AB100000003118,WO13118,Sedan X,TRIM-1,STN-02,2026-03-03 22:57,ENG-1446,SUP-025,EMP101,TL-042,A,Tool_42,Welding Gun,Plant-C,2026-03-03,2026-06-01,Out of Service,97.14,Ingersoll Rand,SN100041
M10119,MA1AB100000003119,WO13119,SUV Pro,GA-2,STN-03,2026-03-03 22:58,ENG-1125,SUP-136,EMP220,TL-071,A,Tool_71,Welding Gun,Plant-B,2026-04-11,2026-07-10,Active,98.12,Atlas Copco,SN100070
M10120,MA1AB100000003120,WO13120,SUV Pro,GA-2,STN-04,2026-03-03 23:00,ENG-1431,SUP-158,EMP187,TL-085,A,Tool_85,Nut Runner,Plant-A,2026-01-29,2026-04-29,Out of Service,98.68,Stanley,SN100084
M10121,MA1AB100000003121,WO13121,Sedan X,TRIM-1,STN-04,2026-03-03 23:01,ENG-1273,SUP-179,EMP321,TL-021,,Tool_21,Press Tool,Plant-C,2026-01-09,2026-04-09,Out of Service,95.18,Atlas Copco,SN100020
M10122,MA1AB100000003122,WO13122,SUV Pro,GA-2,Stn-03,2026-03-03 23:02,ENG-1116,SUP-046,EMP384,TL-027,,Tool_27,Robot Arm,Plant-A,2026-03-13,2026-06-11,Active,95.63,Atlas Copco,SN100026
M10123,MA1AB100000003123,WO13123,Hatch Z,GA-2,STN-02,2026-03-03 23:03,ENG-1417,SUP-124,EMP308,TL-096,A,Tool_96,Nut Runner,Plant-A,2026-04-26,2026-07-25,Active,95.35,Stanley,SN100095
M10124,MA1AB100000003124,WO13124,Hatch Z,PAINT-1, stn-05 ,2026-03-03 23:05,ENG-1058,SUP-162,EMP377,TL-097,,Tool_97,Nut Runner,Plant-A,2026-04-22,2026-07-21,Active,99.35,Ingersoll Rand,SN100096
M10125,MA1AB100000003125,WO13125,Sedan X,TRIM-1,STN-04,2026-03-03 23:06,ENG-1053,SUP-064,EMP322,TL-071,C,Tool_71,Welding Gun,Plant-B,2026-04-11,2026-07-10,Active,98.12,Atlas Copco,SN100070
M10126,MA1AB100000003126,WO13126,Sedan X,GA-1,STN-01,2026-03-03 23:07,ENG-1097,SUP-040,EMP358,TL-021,B,Tool_21,Press Tool,Plant-C,2026-01-09,2026-04-09,Out of Service,95.18,Atlas Copco,SN100020
M10127,MA1AB100000003127,WO13127,Sedan X,GA-2,STN-01,2026-03-03 23:08,ENG-1344,SUP-139,EMP360,TL-094,B,Tool_94,Press Tool,Plant-C,2026-05-10,2026-08-08,Maintenance,98.64,Stanley,SN100093
M10128,MA1AB100000003128,WO13128,SUV Pro,GA-2,STN-04,2026-03-03 23:10,ENG-1377,SUP-154,EMP132,TL-068,,Tool_68,Press Tool,Plant-A,2026-04-15,2026-07-14,Active,97.42,Bosch,SN100067
M10129,MA1AB100000003129,WO13129,SUV Pro,GA-1,STN-04,2026-03-03 23:11,ENG-1487,SUP-124,EMP352,TL-050,A,Tool_50,Welding Gun,Plant-C,2026-04-30,2026-07-29,Maintenance,98.51,Ingersoll Rand,SN100049
M10130,MA1AB100000003130,WO13130,Hatch Z,GA-1,STN-04,2026-03-03 23:12,ENG-1386,SUP-162,EMP289,TL-075,B,Tool_75,Press Tool,Plant-C,2026-04-22,2026-07-21,Active,99.86,Ingersoll Rand,SN100074
M10131,MA1AB100000003131,WO13131,Sedan X,GA-1,Stn-03,2026-03-03 23:13,ENG-1334,SUP-069,EMP226,TL-099,A,Tool_99,Welding Gun,Plant-B,2026-05-20,2026-08-18,Active,97.05,Atlas Copco,SN100098
M10132,MA1AB100000003132,WO13132,Hatch Z,GA-2,STN-04,2026-03-03 23:15,ENG-1310,SUP-114,EMP309,TL-015,,Tool_15,Robot Arm,Plant-C,2026-05-26,2026-08-24,Out of Service,97.88,Atlas Copco,SN100014
M10133,MA1AB100000003133,WO13133,Hatch Z,GA-1,STN-03,2026-03-03 23:16,ENG-1496,SUP-152,EMP314,TL-075,B,Tool_75,Press Tool,Plant-C,2026-04-22,2026-07-21,Active,99.86,Ingersoll Rand,SN100074
M10134,MA1AB100000003134,WO13134,Hatch Z,PAINT-1,STN-03,2026-03-03 23:17,ENG-1338,SUP-128,EMP191,TL-095,A,Tool_95,Nut Runner,Plant-A,2026-06-25,2026-09-23,Active,99.37,Bosch,SN100094
M10135,MA1AB100000003135,WO13135,Hatch Z,GA-2, stn-05 ,2026-03-03 23:18,ENG-1200,SUP-097,EMP288,TL-090,,Tool_90,Nut Runner,Plant-C,2026-05-12,2026-08-10,Out of Service,97.28,Stanley,SN100089
M10136,MA1AB100000003136,WO13136,Hatch Z,TRIM-1,Stn-03,2026-03-03 23:20,ENG-1087,SUP-157,EMP281,TL-074,A,Tool_74,Robot Arm,Plant-B,2026-01-04,2026-04-04,Active,97.63,Stanley,SN100073
M10137,MA1AB100000003137,WO13137,Sedan X,PAINT-1,STN-04,2026-03-03 23:21,ENG-1104,SUP-079,EMP359,TL-076,B,Tool_76,Welding Gun,Plant-C,2026-02-22,2026-05-23,Maintenance,98.13,Ingersoll Rand,SN100075
M10138,MA1AB100000003138,WO13138,SUV Pro,PAINT-1,STN-02,2026-03-03 23:22,ENG-1308,SUP-070,EMP322,TL-081,A,Tool_81,Nut Runner,Plant-A,2026-06-21,2026-09-19,Maintenance,97.61,Atlas Copco,SN100080
M10139,MA1AB100000003139,WO13139,SUV Pro,PAINT-1,STN-02,2026-03-03 23:23,ENG-1296,SUP-156,EMP111,TL-057,C,Tool_57,Welding Gun,Plant-A,2026-05-01,2026-07-30,Active,98.96,Bosch,SN100056
M10140,MA1AB100000003140,WO13140,Hatch Z,TRIM-1,STN-02,2026-03-03 23:25,ENG-1391,SUP-159,EMP310,TL-055,C,Tool_55,Nut Runner,Plant-A,2026-01-22,2026-04-22,Out of Service,95.5,Atlas Copco,SN100054
M10141,MA1AB100000003141,WO13141,Sedan X,TRIM-1,STN-05,2026-03-03 23:26,ENG-1316,SUP-102,EMP348,TL-003,A,Tool_3,Robot Arm,Plant-C,2026-02-25,2026-05-26,Active,97.36,Atlas Copco,SN100002
M10142,MA1AB100000003142,WO13142,Hatch Z,TRIM-1,STN-03,2026-03-03 23:27,ENG-1351,SUP-175,EMP354,TL-033,C,Tool_33,Welding Gun,Plant-C,2026-02-25,2026-05-26,Active,97.63,Bosch,SN100032
M10143,MA1AB100000003143,WO13143,Hatch Z,PAINT-1,STN-04,2026-03-03 23:28,ENG-1141,SUP-020,EMP360,TL-025,C,Tool_25,Nut Runner,Plant-C,2026-02-19,2026-05-20,Out of Service,98.88,Atlas Copco,SN100024
M10144,MA1AB100000003144,WO13144,Sedan X,TRIM-1,STN-04,2026-03-03 23:30,ENG-1124,SUP-074,EMP334,TL-067,C,Tool_67,Torque Wrench,Plant-A,2026-02-10,2026-05-11,Active,95.24,Bosch,SN100066
M10145,MA1AB100000003145,WO13145,Sedan X,TRIM-1, stn-05 ,2026-03-03 23:31,ENG-1297,SUP-138,EMP373,TL-014,,Tool_14,Nut Runner,Plant-A,2026-02-27,2026-05-28,Maintenance,99.68,Stanley,SN100013
M10146,MA1AB100000003146,WO13146,SUV Pro,GA-1,STN-03,2026-03-03 23:32,ENG-1148,SUP-081,EMP105,TL-078,B,Tool_78,Press Tool,Plant-A,2026-03-26,2026-06-24,Maintenance,99.88,Bosch,SN100077
M10147,MA1AB100000003147,WO13147,Hatch Z,TRIM-1,STN-01,2026-03-03 23:33,ENG-1167,SUP-044,EMP160,TL-005,B,Tool_5,Torque Wrench,Plant-C,2026-02-02,2026-05-03,Maintenance,99.68,Ingersoll Rand,SN100004
M10148,MA1AB100000003148,WO13148,SUV Pro,GA-2,STN-04,2026-03-03 23:35,ENG-1020,SUP-102,EMP304,TL-038,A,Tool_38,Welding Gun,Plant-B,2026-04-18,2026-07-17,Active,97.87,Ingersoll Rand,SN100037
M10149,MA1AB100000003149,WO13149,Sedan X,GA-2,STN-03,2026-03-03 23:36,ENG-1273,SUP-065,EMP283,TL-067,A,Tool_67,Torque Wrench,Plant-A,2026-02-10,2026-05-11,Active,95.24,Bosch,SN100066
M10150,MA1AB100000003150,WO13150,Sedan X,GA-1,STN-05,2026-03-03 23:37,ENG-1449,SUP-139,EMP393,TL-072,B,Tool_72,Robot Arm,Plant-C,2026-05-05,2026-08-03,Maintenance,99.87,Atlas Copco,SN100071
M10151,MA1AB100000003151,WO13151,Hatch Z,GA-1,STN-03,2026-03-03 23:38,ENG-1247,SUP-079,EMP376,TL-071,B,Tool_71,Welding Gun,Plant-B,2026-04-11,2026-07-10,Active,98.12,Atlas Copco,SN100070
M10152,MA1AB100000003152,WO13152,Hatch Z,TRIM-1,STN-03,2026-03-03 23:40,ENG-1426,SUP-191,EMP154,TL-071,C,Tool_71,Welding Gun,Plant-B,2026-04-11,2026-07-10,Active,98.12,Atlas Copco,SN100070
M10153,MA1AB100000003153,WO13153,SUV Pro,GA-2,STN-01,2026-03-03 23:41,ENG-1076,SUP-115,EMP289,TL-002,A,Tool_2,Nut Runner,Plant-A,2026-04-22,2026-07-21,Active,97.47,Bosch,SN100001
M10154,MA1AB100000003154,WO13154,Sedan X,GA-2,STN-01,2026-03-03 23:42,ENG-1347,SUP-089,EMP299,TL-098,,Tool_98,Press Tool,Plant-A,2026-06-01,2026-08-30,Active,98.11,Stanley,SN100097
M10155,MA1AB100000003155,WO13155,Sedan X,PAINT-1, stn-05 ,2026-03-03 23:43,ENG-1104,SUP-005,EMP283,TL-050,C,Tool_50,Welding Gun,Plant-C,2026-04-30,2026-07-29,Maintenance,98.51,Ingersoll Rand,SN100049
M10156,MA1AB100000003156,WO13156,Sedan X,PAINT-1,Stn-03,2026-03-03 23:45,ENG-1289,SUP-050,EMP324,TL-070,C,Tool_70,Robot Arm,Plant-C,2026-04-23,2026-07-22,Maintenance,98.03,Bosch,SN100069
M10157,MA1AB100000003157,WO13157,SUV Pro,TRIM-1,STN-05,2026-03-03 23:46,ENG-1026,SUP-129,EMP345,TL-093,A,Tool_93,Nut Runner,Plant-A,2026-03-03,2026-06-01,Out of Service,98.43,Ingersoll Rand,SN100092
M10158,MA1AB100000003158,WO13158,Hatch Z,GA-1,STN-05,2026-03-03 23:47,ENG-1241,SUP-042,EMP312,TL-083,A,Tool_83,Nut Runner,Plant-A,2026-01-22,2026-04-22,Out of Service,98.35,Bosch,SN100082
M10159,MA1AB100000003159,WO13159,Sedan X,GA-1, stn-05 ,2026-03-03 23:48,ENG-1384,SUP-053,EMP318,TL-048,A,Tool_48,Nut Runner,Plant-B,2026-04-17,2026-07-16,Active,96.56,Stanley,SN100047
M10160,MA1AB100000003160,WO13160,Sedan X,GA-2,STN-03,2026-03-03 23:50,ENG-1470,SUP-076,EMP255,TL-033,B,Tool_33,Welding Gun,Plant-C,2026-02-25,2026-05-26,Active,97.63,Bosch,SN100032
M10161,MA1AB100000003161,WO13161,Hatch Z,GA-1,STN-04,2026-03-03 23:51,ENG-1247,SUP-071,EMP275,TL-055,,Tool_55,Nut Runner,Plant-A,2026-01-22,2026-04-22,Out of Service,95.5,Atlas Copco,SN100054
M10162,MA1AB100000003162,WO13162,SUV Pro,GA-2,STN-03,2026-03-03 23:52,ENG-1481,SUP-010,EMP293,TL-019,B,Tool_19,Torque Wrench,Plant-B,2026-05-30,2026-08-28,Active,96.08,Atlas Copco,SN100018
M10163,MA1AB100000003163,WO13163,Sedan X,PAINT-1,STN-03,2026-03-03 23:53,ENG-1312,SUP-153,EMP323,TL-062,B,Tool_62,Robot Arm,Plant-A,2026-04-28,2026-07-27,Out of Service,95.44,Bosch,SN100061
M10164,MA1AB100000003164,WO13164,SUV Pro,TRIM-1,Stn-03,2026-03-03 23:55,ENG-1091,SUP-048,EMP192,TL-016,A,Tool_16,Robot Arm,Plant-B,2026-04-27,2026-07-26,Active,98.18,Atlas Copco,SN100015
M10165,MA1AB100000003165,WO13165,SUV Pro,GA-2,STN-02,2026-03-03 23:70,ENG-1477,SUP-163,EMP250,TL-057,A,Tool_57,Welding Gun,Plant-A,2026-05-01,2026-07-30,Active,98.96,Bosch,SN100056
M10166,MA1AB100000003166,WO13166,SUV Pro,TRIM-1,STN-03,2026-03-03 23:57,ENG-1245,SUP-100,EMP255,TL-070,C,Tool_70,Robot Arm,Plant-C,2026-04-23,2026-07-22,Maintenance,98.03,Bosch,SN100069
M10167,MA1AB100000003167,WO13167,Hatch Z,PAINT-1,STN-03,2026-03-03 23:58,ENG-1305,SUP-058,EMP323,TL-042,B,Tool_42,Welding Gun,Plant-C,2026-03-03,2026-06-01,Out of Service,97.14,Ingersoll Rand,SN100041
M10168,MA1AB100000003168,WO13168,Sedan X,GA-2,STN-05,2026-03-04 00:00,ENG-1115,SUP-081,EMP103,TL-063,A,Tool_63,Welding Gun,Plant-B,2026-03-03,2026-06-01,Active,99.78,Ingersoll Rand,SN100062
M10169,MA1AB100000003169,WO13169,Sedan X,PAINT-1,STN-03,2026-03-04 00:01,ENG-1373,SUP-090,EMP211,TL-014,B,Tool_14,Nut Runner,Plant-A,2026-02-27,2026-05-28,Maintenance,99.68,Stanley,SN100013
M10170,MA1AB100000003170,WO13170,Hatch Z,GA-1,STN-01,2026-03-04 00:02,ENG-1379,SUP-064,EMP301,TL-017,B,Tool_17,Torque Wrench,Plant-C,2026-01-08,2026-04-08,Maintenance,96.84,Atlas Copco,SN100016
M10171,MA1AB100000003171,WO13171,Sedan X,GA-1, stn-05 ,2026-03-04 00:03,ENG-1398,SUP-121,EMP221,TL-100,B,Tool_100,Welding Gun,Plant-A,2026-04-25,2026-07-24,Maintenance,97.13,Ingersoll Rand,SN100099
M10172,MA1AB100000003172,WO13172,Hatch Z,TRIM-1,STN-04,2026-03-04 00:05,ENG-1080,SUP-109,EMP238,TL-069,B,Tool_69,Torque Wrench,Plant-B,2026-01-29,2026-04-29,Active,98.16,Bosch,SN100068
M10173,MA1AB100000003173,WO13173,Hatch Z,PAINT-1,STN-05,2026-03-04 00:06,ENG-1164,SUP-183,EMP264,TL-071,C,Tool_71,Welding Gun,Plant-B,2026-04-11,2026-07-10,Active,98.12,Atlas Copco,SN100070
M10174,MA1AB100000003174,WO13174,Sedan X,GA-2,STN-05,2026-03-04 00:07,ENG-1342,SUP-079,EMP187,TL-088,C,Tool_88,Welding Gun,Plant-B,2026-04-25,2026-07-24,Active,95.24,Stanley,SN100087
M10175,MA1AB100000003175,WO13175,Sedan X,PAINT-1,STN-01,2026-03-04 00:08,ENG-1207,SUP-030,EMP357,TL-042,,Tool_42,Welding Gun,Plant-C,2026-03-03,2026-06-01,Out of Service,97.14,Ingersoll Rand,SN100041
M10176,MA1AB100000003176,WO13176,SUV Pro,GA-1,STN-04,2026-03-04 00:10,ENG-1034,SUP-015,EMP272,TL-007,A,Tool_7,Nut Runner,Plant-B,2026-06-11,2026-09-09,Out of Service,95.88,Stanley,SN100006
M10177,MA1AB100000003177,WO13177,SUV Pro,PAINT-1,STN-05,2026-03-04 00:11,ENG-1047,SUP-067,EMP329,TL-059,C,Tool_59,Robot Arm,Plant-B,2026-04-15,2026-07-14,Active,95.72,Stanley,SN100058
M10178,MA1AB100000003178,WO13178,SUV Pro,TRIM-1,STN-02,2026-03-04 00:12,ENG-1391,SUP-094,EMP209,TL-046,B,Tool_46,Torque Wrench,Plant-C,2026-01-19,2026-04-19,Active,95.51,Ingersoll Rand,SN100045
M10179,MA1AB100000003179,WO13179,SUV Pro,TRIM-1,Stn-03,2026-03-04 00:13,ENG-1270,SUP-188,EMP251,TL-015,,Tool_15,Robot Arm,Plant-C,2026-05-26,2026-08-24,Out of Service,97.88,Atlas Copco,SN100014
M10180,MA1AB100000003180,WO13180,Sedan X,PAINT-1,STN-05,2026-03-04 00:15,ENG-1153,SUP-180,EMP392,TL-059,B,Tool_59,Robot Arm,Plant-B,2026-04-15,2026-07-14,Active,95.72,Stanley,SN100058
M10181,MA1AB100000003181,WO13181,SUV Pro,PAINT-1,Stn-03,2026-03-04 00:16,ENG-1461,SUP-155,EMP204,TL-005,C,Tool_5,Torque Wrench,Plant-C,2026-02-02,2026-05-03,Maintenance,99.68,Ingersoll Rand,SN100004
M10182,MA1AB100000003182,WO13182,Sedan X,TRIM-1,STN-05,2026-03-04 00:17,ENG-1273,SUP-008,EMP213,TL-025,A,Tool_25,Nut Runner,Plant-C,2026-02-19,2026-05-20,Out of Service,98.88,Atlas Copco,SN100024
M10183,MA1AB100000003183,WO13183,Hatch Z,GA-2,STN-04,2026-03-04 00:18,ENG-1042,SUP-018,EMP202,TL-031,B,Tool_31,Nut Runner,Plant-A,2026-01-31,2026-05-01,Active,97.01,Atlas Copco,SN100030
M10184,MA1AB100000003184,WO13184,SUV Pro,GA-1,STN-05,2026-03-04 00:20,ENG-1242,SUP-130,EMP373,TL-023,A,Tool_23,Welding Gun,Plant-A,2026-04-29,2026-07-28,Active,95.35,Bosch,SN100022
M10185,MA1AB100000003185,WO13185,SUV Pro,GA-2,STN-04,2026-03-04 00:21,ENG-1278,SUP-122,EMP200,TL-002,C,Tool_2,Nut Runner,Plant-A,2026-04-22,2026-07-21,Active,97.47,Bosch,SN100001
M10186,MA1AB100000003186,WO13186,Hatch Z,TRIM-1,STN-02,2026-03-04 00:22,ENG-1161,SUP-176,EMP132,TL-041,B,Tool_41,Robot Arm,Plant-A,2026-02-27,2026-05-28,Maintenance,97.13,Atlas Copco,SN100040
M10187,MA1AB100000003187,WO13187,Sedan X,TRIM-1, stn-05 ,2026-03-04 00:23,ENG-1156,SUP-105,EMP267,TL-085,B,Tool_85,Nut Runner,Plant-A,2026-01-29,2026-04-29,Out of Service,98.68,Stanley,SN100084
M10188,MA1AB100000003188,WO13188,SUV Pro,GA-2,STN-04,2026-03-04 00:25,ENG-1415,SUP-132,EMP125,TL-013,A,Tool_13,Nut Runner,Plant-B,2026-04-05,2026-07-04,Active,99.14,Bosch,SN100012
M10189,MA1AB100000003189,WO13189,SUV Pro,TRIM-1, stn-05 ,2026-03-04 00:26,ENG-1244,SUP-049,EMP249,TL-036,,Tool_36,Nut Runner,Plant-B,2026-02-08,2026-05-09,Active,95.2,Stanley,SN100035
M10190,MA1AB100000003190,WO13190,SUV Pro,GA-1, stn-05 ,2026-03-04 00:27, eng-1001 ,SUP-123,EMP326,TL-096,,Tool_96,Nut Runner,Plant-A,2026-04-26,2026-07-25,Active,95.35,Stanley,SN100095
M10191,MA1AB100000003191,WO13191,Sedan X,TRIM-1,STN-05,2026-03-04 00:28,ENG-1477,SUP-017,EMP258,TL-029,B,Tool_29,Press Tool,Plant-C,2026-04-30,2026-07-29,Maintenance,98.95,Stanley,SN100028
M10192,MA1AB100000003192,WO13192,SUV Pro,GA-2,STN-05,2026-03-04 00:30,ENG-1309,SUP-148,EMP231,TL-049,,Tool_49,Press Tool,Plant-A,2026-01-18,2026-04-18,Active,97.7,Atlas Copco,SN100048
M10193,MA1AB100000003193,WO13193,SUV Pro,PAINT-1,STN-01,2026-03-04 00:31,ENG-1312,SUP-151,EMP394,TL-075,A,Tool_75,Press Tool,Plant-C,2026-04-22,2026-07-21,Active,99.86,Ingersoll Rand,SN100074
M10194,MA1AB100000003194,WO13194,Hatch Z,GA-1,STN-01,2026-03-04 00:32,ENG-1024,SUP-137,EMP383,TL-044,,Tool_44,Press Tool,Plant-C,2026-01-16,2026-04-16,Maintenance,99.03,Bosch,SN100043
M10195,MA1AB100000003195,WO13195,Sedan X,GA-1,STN-05,2026-03-04 00:33,ENG-1463,SUP-060,EMP274,TL-021,A,Tool_21,Press Tool,Plant-C,2026-01-09,2026-04-09,Out of Service,95.18,Atlas Copco,SN100020
M10196,MA1AB100000003196,WO13196,Hatch Z,GA-1,STN-05,2026-03-04 00:35,ENG-1304,SUP-105,EMP367,TL-038,C,Tool_38,Welding Gun,Plant-B,2026-04-18,2026-07-17,Active,97.87,Ingersoll Rand,SN100037
M10197,MA1AB100000003197,WO13197,Sedan X,PAINT-1,STN-04,2026-03-04 00:36,ENG-1141,SUP-189,EMP363,TL-100,C,Tool_100,Welding Gun,Plant-A,2026-04-25,2026-07-24,Maintenance,97.13,Ingersoll Rand,SN100099
M10198,MA1AB100000003198,WO13198,Hatch Z,TRIM-1,STN-05,2026-03-04 00:37,ENG-1189,SUP-113,EMP187,TL-072,C,Tool_72,Robot Arm,Plant-C,2026-05-05,2026-08-03,Maintenance,99.87,Atlas Copco,SN100071
M10199,MA1AB100000003199,WO13199,SUV Pro,PAINT-1, stn-05 ,2026-03-04 00:38,ENG-1363,SUP-147,EMP278,TL-097,B,Tool_97,Nut Runner,Plant-A,2026-04-22,2026-07-21,Active,99.35,Ingersoll Rand,SN100096
M10200,MA1AB100000003200,WO13200,Hatch Z,GA-1,Stn-03,2026-03-04 00:40,ENG-1303,SUP-014,EMP191,TL-019,A,Tool_19,Torque Wrench,Plant-B,2026-05-30,2026-08-28,Active,96.08,Atlas Copco,SN100018
M10201,MA1AB100000003201,WO13201,SUV Pro,TRIM-1, stn-05 ,2026-03-04 00:41,ENG-1275,SUP-156,EMP137,TL-018,C,Tool_18,Robot Arm,Plant-B,2026-06-15,2026-09-13,Out of Service,95.48,Stanley,SN100017
M10202,MA1AB100000003202,WO13202,Hatch Z,GA-2, stn-05 ,2026-03-04 00:42,ENG-1311,SUP-116,EMP141,TL-060,A,Tool_60,Welding Gun,Plant-B,2026-02-09,2026-05-10,Active,95.55,Atlas Copco,SN100059
M10203,MA1AB100000003203,WO13203,SUV Pro,PAINT-1,STN-03,2026-03-04 00:43,ENG-1473,SUP-085,EMP150,TL-035,B,Tool_35,Torque Wrench,Plant-A,2026-04-06,2026-07-05,Active,95.1,Atlas Copco,SN100034
M10204,MA1AB100000003204,WO13204,SUV Pro,TRIM-1,Stn-03,2026-03-04 00:45,ENG-1447,SUP-041,EMP367,TL-051,A,Tool_51,Nut Runner,Plant-C,2026-04-06,2026-07-05,Active,97.28,Bosch,SN100050
M10205,MA1AB100000003205,WO13205,Sedan X,GA-2, stn-05 ,2026-03-04 00:46,ENG-1111,SUP-164,EMP115,TL-027,C,Tool_27,Robot Arm,Plant-A,2026-03-13,2026-06-11,Active,95.63,Atlas Copco,SN100026
M10206,MA1AB100000003206,WO13206,SUV Pro,GA-1,Stn-03,2026-03-04 00:47,ENG-1041,SUP-148,EMP225,TL-079,,Tool_79,Press Tool,Plant-C,2026-04-14,2026-07-13,Active,96.15,Ingersoll Rand,SN100078
M10207,MA1AB100000003207,WO13207,Hatch Z,GA-1,STN-03,2026-03-04 00:48,ENG-1483,SUP-087,EMP395,TL-002,A,Tool_2,Nut Runner,Plant-A,2026-04-22,2026-07-21,Active,97.47,Bosch,SN100001
M10208,MA1AB100000003208,WO13208,Hatch Z,GA-2,Stn-03,2026-03-04 00:50,ENG-1053,SUP-114,EMP339,TL-074,A,Tool_74,Robot Arm,Plant-B,2026-01-04,2026-04-04,Active,97.63,Stanley,SN100073
M10209,MA1AB100000003209,WO13209,SUV Pro,PAINT-1,STN-02,2026-03-04 00:51,ENG-1286,SUP-109,EMP316,TL-075,B,Tool_75,Press Tool,Plant-C,2026-04-22,2026-07-21,Active,99.86,Ingersoll Rand,SN100074
M10210,MA1AB100000003210,WO13210,Sedan X,PAINT-1,STN-01,2026-03-04 00:52,ENG-1321,SUP-169,EMP260,TL-096,A,Tool_96,Nut Runner,Plant-A,2026-04-26,2026-07-25,Active,95.35,Stanley,SN100095
M10211,MA1AB100000003211,WO13211,Hatch Z,TRIM-1, stn-05 ,2026-03-04 00:53,ENG-1006,SUP-197,EMP263,TL-025,B,Tool_25,Nut Runner,Plant-C,2026-02-19,2026-05-20,Out of Service,98.88,Atlas Copco,SN100024
M10212,MA1AB100000003212,WO13212,Hatch Z,TRIM-1,STN-01,2026-03-04 00:55,ENG-1382,SUP-191,EMP162,TL-016,B,Tool_16,Robot Arm,Plant-B,2026-04-27,2026-07-26,Active,98.18,Atlas Copco,SN100015
M10213,MA1AB100000003213,WO13213,Hatch Z,GA-1,STN-01,2026-03-04 00:56,ENG-1127,SUP-137,EMP164,TL-074,,Tool_74,Robot Arm,Plant-B,2026-01-04,2026-04-04,Active,97.63,Stanley,SN100073
M10214,MA1AB100000003214,WO13214,SUV Pro,GA-2, stn-05 ,2026-03-04 00:57,ENG-1443,SUP-081,EMP278,TL-016,B,Tool_16,Robot Arm,Plant-B,2026-04-27,2026-07-26,Active,98.18,Atlas Copco,SN100015
M10215,MA1AB100000003215,WO13215,Hatch Z,TRIM-1,STN-01,2026-03-04 00:58,ENG-1293,SUP-016,EMP371,TL-042,A,Tool_42,Welding Gun,Plant-C,2026-03-03,2026-06-01,Out of Service,97.14,Ingersoll Rand,SN100041
M10216,MA1AB100000003216,WO13216,Hatch Z,GA-1,STN-01,2026-03-04 01:00,ENG-1145,SUP-084,EMP131,TL-018,C,Tool_18,Robot Arm,Plant-B,2026-06-15,2026-09-13,Out of Service,95.48,Stanley,SN100017
M10217,MA1AB100000003217,WO13217,Sedan X,TRIM-1,STN-02,2026-03-04 01:01,ENG-1205,SUP-018,EMP275,TL-090,,Tool_90,Nut Runner,Plant-C,2026-05-12,2026-08-10,Out of Service,97.28,Stanley,SN100089
M10218,MA1AB100000003218,WO13218,Sedan X,TRIM-1,Stn-03,2026-03-04 01:02,ENG-1205,SUP-036,EMP325,TL-011,B,Tool_11,Welding Gun,Plant-B,2026-01-03,2026-04-03,Out of Service,99.43,Atlas Copco,SN100010
M10219,MA1AB100000003219,WO13219,Hatch Z,PAINT-1,STN-05,2026-03-04 01:03,ENG-1368,SUP-154,EMP305,TL-073,B,Tool_73,Welding Gun,Plant-C,2026-03-17,2026-06-15,Active,96.96,Ingersoll Rand,SN100072
M10220,MA1AB100000003220,WO13220,Sedan X,PAINT-1,STN-02,2026-03-04 01:05,ENG-1408,SUP-159,EMP130,TL-091,A,Tool_91,Nut Runner,Plant-B,2026-03-20,2026-06-18,Active,95.45,Atlas Copco,SN100090
M10221,MA1AB100000003221,WO13221,Hatch Z,PAINT-1,STN-05,2026-03-04 01:06,ENG-1164,SUP-193,EMP320,TL-012,C,Tool_12,Press Tool,Plant-B,2026-05-30,2026-08-28,Out of Service,98.02,Bosch,SN100011
M10222,MA1AB100000003222,WO13222,Hatch Z,PAINT-1,STN-04,2026-03-04 01:07,ENG-1340,SUP-064,EMP144,TL-084,C,Tool_84,Torque Wrench,Plant-C,2026-02-03,2026-05-04,Out of Service,97.78,Ingersoll Rand,SN100083
M10223,MA1AB100000003223,WO13223,SUV Pro,TRIM-1,STN-02,2026-03-04 01:08,ENG-1299,SUP-125,EMP390,TL-024,C,Tool_24,Robot Arm,Plant-A,2026-02-23,2026-05-24,Active,96.19,Ingersoll Rand,SN100023
M10224,MA1AB100000003224,WO13224,SUV Pro,GA-1,STN-01,2026-03-04 01:10,ENG-1194,SUP-075,EMP226,TL-051,A,Tool_51,Nut Runner,Plant-C,2026-04-06,2026-07-05,Active,97.28,Bosch,SN100050
M10225,MA1AB100000003225,WO13225,Hatch Z,GA-2,Stn-03,2026-03-04 01:11,ENG-1260,SUP-062,EMP341,TL-063,B,Tool_63,Welding Gun,Plant-B,2026-03-03,2026-06-01,Active,99.78,Ingersoll Rand,SN100062
M10226,MA1AB100000003226,WO13226,SUV Pro,GA-1,Stn-03,2026-03-04 01:12,ENG-1081,SUP-140,EMP315,TL-099,,Tool_99,Welding Gun,Plant-B,2026-05-20,2026-08-18,Active,97.05,Atlas Copco,SN100098
M10227,MA1AB100000003227,WO13227,SUV Pro,GA-1,STN-03,2026-03-04 01:13,ENG-1468,SUP-064,EMP251,TL-023,A,Tool_23,Welding Gun,Plant-A,2026-04-29,2026-07-28,Active,95.35,Bosch,SN100022
M10228,MA1AB100000003228,WO13228,SUV Pro,PAINT-1,STN-03,2026-03-04 01:15,ENG-1035,SUP-181,EMP311,TL-010,A,Tool_10,Welding Gun,Plant-B,2026-02-07,2026-05-08,Maintenance,98.91,Atlas Copco,SN100009
M10229,MA1AB100000003229,WO13229,Sedan X,TRIM-1,STN-03,2026-03-04 01:16,ENG-1324,SUP-053,EMP271,TL-069,C,Tool_69,Torque Wrench,Plant-B,2026-01-29,2026-04-29,Active,98.16,Bosch,SN100068
M10230,MA1AB100000003230,WO13230,SUV Pro,PAINT-1,STN-01,2026-03-04 01:17,ENG-1499,SUP-096,EMP163,TL-005,B,Tool_5,Torque Wrench,Plant-C,2026-02-02,2026-05-03,Maintenance,99.68,Ingersoll Rand,SN100004
M10231,MA1AB100000003231,WO13231,Hatch Z,GA-1,STN-02,2026-03-04 01:18,ENG-1251,SUP-055,EMP104,TL-034,B,Tool_34,Torque Wrench,Plant-A,2026-06-25,2026-09-23,Out of Service,99.85,Stanley,SN100033
M10232,MA1AB100000003232,WO13232,SUV Pro,TRIM-1,STN-02,2026-03-04 01:20,ENG-1216,SUP-035,EMP360,TL-014,C,Tool_14,Nut Runner,Plant-A,2026-02-27,2026-05-28,Maintenance,99.68,Stanley,SN100013
M10233,MA1AB100000003233,WO13233,Hatch Z,PAINT-1, stn-05 ,2026-03-04 01:21,ENG-1138,SUP-117,EMP159,TL-068,B,Tool_68,Press Tool,Plant-A,2026-04-15,2026-07-14,Active,97.42,Bosch,SN100067
M10234,MA1AB100000003234,WO13234,Hatch Z,PAINT-1,Stn-03,2026-03-04 01:22,ENG-1108,SUP-006,EMP394,TL-053,A,Tool_53,Nut Runner,Plant-A,2026-02-27,2026-05-28,Out of Service,96.41,Stanley,SN100052
M10235,MA1AB100000003235,WO13235,SUV Pro,TRIM-1,STN-04,2026-03-04 01:23,ENG-1133,SUP-178,EMP101,TL-073,B,Tool_73,Welding Gun,Plant-C,2026-03-17,2026-06-15,Active,96.96,Ingersoll Rand,SN100072
M10236,MA1AB100000003236,WO13236,Sedan X,PAINT-1,STN-05,2026-03-04 01:25,ENG-1260,SUP-117,EMP238,TL-041,C,Tool_41,Robot Arm,Plant-A,2026-02-27,2026-05-28,Maintenance,97.13,Atlas Copco,SN100040
M10237,MA1AB100000003237,WO13237,Sedan X,GA-2,Stn-03,2026-03-04 01:26,ENG-1425,SUP-197,EMP268,TL-069,,Tool_69,Torque Wrench,Plant-B,2026-01-29,2026-04-29,Active,98.16,Bosch,SN100068
M10238,MA1AB100000003238,WO13238,Sedan X,TRIM-1,STN-01,2026-03-04 01:27,ENG-1232,SUP-069,EMP200,TL-003,,Tool_3,Robot Arm,Plant-C,2026-02-25,2026-05-26,Active,97.36,Atlas Copco,SN100002
M10239,MA1AB100000003239,WO13239,Hatch Z,GA-1,Stn-03,2026-03-04 01:28,ENG-1054,SUP-194,EMP296,TL-035,A,Tool_35,Torque Wrench,Plant-A,2026-04-06,2026-07-05,Active,95.1,Atlas Copco,SN100034
M10240,MA1AB100000003240,WO13240,Sedan X,PAINT-1,STN-02,2026-03-04 01:30,ENG-1302,SUP-129,EMP367,TL-009,,Tool_9,Press Tool,Plant-C,2026-05-31,2026-08-29,Active,98.89,Bosch,SN100008
M10241,MA1AB100000003241,WO13241,Sedan X,TRIM-1,STN-04,2026-03-04 01:31,ENG-1333,SUP-192,EMP283,TL-066,B,Tool_66,Nut Runner,Plant-A,2026-01-13,2026-04-13,Maintenance,98.63,Stanley,SN100065
M10242,MA1AB100000003242,WO13242,Hatch Z,GA-2,STN-02,2026-03-04 01:32,ENG-1207,SUP-073,EMP343,TL-058,A,Tool_58,Robot Arm,Plant-C,2026-04-28,2026-07-27,Active,96.6,Stanley,SN100057
M10243,MA1AB100000003243,WO13243,SUV Pro,GA-1,STN-02,2026-03-04 01:33,ENG-1367,SUP-003,EMP106,TL-080,A,Tool_80,Robot Arm,Plant-B,2026-03-23,2026-06-21,Maintenance,97.79,Atlas Copco,SN100079
M10244,MA1AB100000003244,WO13244,SUV Pro,GA-2,STN-05,2026-03-04 01:35,ENG-1422,SUP-164,EMP314,TL-003,B,Tool_3,Robot Arm,Plant-C,2026-02-25,2026-05-26,Active,97.36,Atlas Copco,SN100002
M10245,MA1AB100000003245,WO13245,Hatch Z,GA-2,STN-04,2026-03-04 01:36,ENG-1068,SUP-090,EMP235,TL-999,B,Unknown Tool,Unknown Type,,,,,,,
M10246,MA1AB100000003246,WO13246,Sedan X,PAINT-1,STN-01,2026-03-04 01:37,ENG-1335,SUP-044,EMP219,TL-011,A,Tool_11,Welding Gun,Plant-B,2026-01-03,2026-04-03,Out of Service,99.43,Atlas Copco,SN100010
M10247,MA1AB100000003247,WO13247,Hatch Z,PAINT-1,STN-04,2026-03-04 01:38,ENG-1236,SUP-035,EMP103,TL-035,C,Tool_35,Torque Wrench,Plant-A,2026-04-06,2026-07-05,Active,95.1,Atlas Copco,SN100034
M10248,MA1AB100000003248,WO13248,Sedan X,GA-1,STN-01,2026-03-04 01:40,ENG-1362,SUP-177,EMP353,TL-089,C,Tool_89,Welding Gun,Plant-B,2026-06-20,2026-09-18,Out of Service,97.46,Stanley,SN100088
M10249,MA1AB100000003249,WO13249,Sedan X,GA-2,STN-02,2026-03-04 01:41,ENG-1138,SUP-096,EMP222,TL-071,A,Tool_71,Welding Gun,Plant-B,2026-04-11,2026-07-10,Active,98.12,Atlas Copco,SN100070
M10250,MA1AB100000003250,WO13250,Sedan X,TRIM-1, stn-05 ,2026-03-04 01:42,ENG-1315,SUP-080,EMP150,TL-082,B,Tool_82,Nut Runner,Plant-B,2026-03-18,2026-06-16,Active,95.75,Atlas Copco,SN100081
M10251,MA1AB100000003251,WO13251,Sedan X,PAINT-1,STN-05,2026-03-04 01:43,ENG-1487,SUP-120,EMP114,TL-076,,Tool_76,Welding Gun,Plant-C,2026-02-22,2026-05-23,Maintenance,98.13,Ingersoll Rand,SN100075
M10252,MA1AB100000003252,WO13252,Sedan X,TRIM-1,STN-03,2026-03-04 01:45,ENG-1443,SUP-148,EMP308,TL-027,B,Tool_27,Robot Arm,Plant-A,2026-03-13,2026-06-11,Active,95.63,Atlas Copco,SN100026
M10253,MA1AB100000003253,WO13253,Sedan X,PAINT-1,STN-01,2026-03-04 01:46,ENG-1253,SUP-077,EMP173,TL-024,C,Tool_24,Robot Arm,Plant-A,2026-02-23,2026-05-24,Active,96.19,Ingersoll Rand,SN100023
M10254,MA1AB100000003254,WO13254,Sedan X,PAINT-1,Stn-03,2026-03-04 01:47,ENG-1455,SUP-178,EMP209,TL-023,,Tool_23,Welding Gun,Plant-A,2026-04-29,2026-07-28,Active,95.35,Bosch,SN100022
M10255,MA1AB100000003255,WO13255,Sedan X,GA-1,STN-05,2026-03-04 01:48,ENG-1424,SUP-160,EMP126,TL-005,B,Tool_5,Torque Wrench,Plant-C,2026-02-02,2026-05-03,Maintenance,99.68,Ingersoll Rand,SN100004
M10256,MA1AB100000003256,WO13256,SUV Pro,TRIM-1,STN-05,2026-03-04 01:50,ENG-1220,SUP-026,EMP295,TL-028,A,Tool_28,Press Tool,Plant-C,2026-01-25,2026-04-25,Out of Service,97.87,Ingersoll Rand,SN100027
M10257,MA1AB100000003257,WO13257,SUV Pro,GA-1,STN-02,2026-03-04 01:51,ENG-1279,SUP-103,EMP329,TL-089,B,Tool_89,Welding Gun,Plant-B,2026-06-20,2026-09-18,Out of Service,97.46,Stanley,SN100088
M10258,MA1AB100000003258,WO13258,Sedan X,GA-2,Stn-03,2026-03-04 01:52,ENG-1017,SUP-009,EMP271,TL-100,B,Tool_100,Welding Gun,Plant-A,2026-04-25,2026-07-24,Maintenance,97.13,Ingersoll Rand,SN100099
M10259,MA1AB100000003259,WO13259,SUV Pro,TRIM-1, stn-05 ,2026-03-04 01:53,ENG-1069,SUP-018,EMP392,TL-047,B,Tool_47,Robot Arm,Plant-A,2026-04-17,2026-07-16,Active,99.69,Ingersoll Rand,SN100046
M10260,MA1AB100000003260,WO13260,SUV Pro,GA-1,STN-01,2026-03-04 01:55,ENG-1173,SUP-120,EMP343,TL-078,C,Tool_78,Press Tool,Plant-A,2026-03-26,2026-06-24,Maintenance,99.88,Bosch,SN100077
M10261,MA1AB100000003261,WO13261,Sedan X,GA-1,STN-01,2026-03-04 01:56,ENG-1253,SUP-063,EMP169,TL-043,A,Tool_43,Torque Wrench,Plant-B,2026-04-28,2026-07-27,Active,96.51,Ingersoll Rand,SN100042
M10262,MA1AB100000003262,WO13262,Sedan X,TRIM-1,STN-02,2026-03-04 01:57,ENG-1315,SUP-119,EMP145,TL-025,A,Tool_25,Nut Runner,Plant-C,2026-02-19,2026-05-20,Out of Service,98.88,Atlas Copco,SN100024
M10263,MA1AB100000003263,WO13263,Hatch Z,TRIM-1,STN-02,2026-03-04 01:58,ENG-1082,SUP-024,EMP155,TL-027,,Tool_27,Robot Arm,Plant-A,2026-03-13,2026-06-11,Active,95.63,Atlas Copco,SN100026
M10264,MA1AB100000003264,WO13264,Hatch Z,GA-1, stn-05 ,2026-03-04 02:00,ENG-1260,SUP-121,EMP138,TL-084,,Tool_84,Torque Wrench,Plant-C,2026-02-03,2026-05-04,Out of Service,97.78,Ingersoll Rand,SN100083
M10265,MA1AB100000003265,WO13265,SUV Pro,GA-2,STN-02,2026-03-04 02:01,ENG-1061,SUP-007,EMP229,TL-041,C,Tool_41,Robot Arm,Plant-A,2026-02-27,2026-05-28,Maintenance,97.13,Atlas Copco,SN100040
M10266,MA1AB100000003266,WO13266,Hatch Z,TRIM-1,Stn-03,2026-03-04 02:02,ENG-1057,SUP-127,EMP156,TL-073,B,Tool_73,Welding Gun,Plant-C,2026-03-17,2026-06-15,Active,96.96,Ingersoll Rand,SN100072
M10267,MA1AB100000003267,WO13267,Hatch Z,GA-1,STN-04,2026-03-04 02:03,ENG-1427,SUP-002,EMP332,TL-033,C,Tool_33,Welding Gun,Plant-C,2026-02-25,2026-05-26,Active,97.63,Bosch,SN100032
M10268,MA1AB100000003268,WO13268,Sedan X,TRIM-1,STN-01,2026-03-04 02:05,ENG-1074,SUP-058,EMP254,TL-038,B,Tool_38,Welding Gun,Plant-B,2026-04-18,2026-07-17,Active,97.87,Ingersoll Rand,SN100037
M10269,MA1AB100000003269,WO13269,Sedan X,PAINT-1,STN-02,2026-03-04 02:06,ENG-1047,SUP-166,EMP303,TL-002,B,Tool_2,Nut Runner,Plant-A,2026-04-22,2026-07-21,Active,97.47,Bosch,SN100001
M10270,MA1AB100000003270,WO13270,SUV Pro,GA-2,STN-02,2026-03-04 02:07,ENG-1466,SUP-151,EMP238,TL-097,A,Tool_97,Nut Runner,Plant-A,2026-04-22,2026-07-21,Active,99.35,Ingersoll Rand,SN100096
M10271,MA1AB100000003271,WO13271,Sedan X,GA-1,STN-05,2026-03-04 02:08,ENG-1139,SUP-079,EMP328,TL-061,B,Tool_61,Nut Runner,Plant-C,2026-06-29,2026-09-27,Active,99.71,Ingersoll Rand,SN100060
M10272,MA1AB100000003272,WO13272,SUV Pro,GA-1,STN-02,2026-03-04 02:10,ENG-1345,SUP-047,EMP315,TL-083,C,Tool_83,Nut Runner,Plant-A,2026-01-22,2026-04-22,Out of Service,98.35,Bosch,SN100082
M10273,MA1AB100000003273,WO13273,SUV Pro,GA-1,STN-02,2026-03-04 02:11,ENG-1472,SUP-034,EMP340,TL-053,A,Tool_53,Nut Runner,Plant-A,2026-02-27,2026-05-28,Out of Service,96.41,Stanley,SN100052
M10274,MA1AB100000003274,WO13274,Hatch Z,TRIM-1,STN-05,2026-03-04 02:12,ENG-1418,SUP-077,EMP385,TL-004,B,Tool_4,Press Tool,Plant-A,2026-01-19,2026-04-19,Active,97.49,Bosch,SN100003
M10275,MA1AB100000003275,WO13275,SUV Pro,PAINT-1,Stn-03,2026-03-04 02:13,ENG-1354,SUP-092,EMP399,TL-070,C,Tool_70,Robot Arm,Plant-C,2026-04-23,2026-07-22,Maintenance,98.03,Bosch,SN100069
M10276,MA1AB100000003276,WO13276,Sedan X,TRIM-1,STN-01,2026-03-04 02:15,ENG-1067,SUP-028,EMP154,TL-074,A,Tool_74,Robot Arm,Plant-B,2026-01-04,2026-04-04,Active,97.63,Stanley,SN100073
M10277,MA1AB100000003277,WO13277,SUV Pro,GA-1,STN-02,2026-03-04 02:16,ENG-1412,SUP-111,EMP376,TL-052,C,Tool_52,Torque Wrench,Plant-A,2026-04-12,2026-07-11,Out of Service,99.68,Ingersoll Rand,SN100051
M10278,MA1AB100000003278,WO13278,Hatch Z,TRIM-1,STN-03,2026-03-04 02:17,ENG-1245,SUP-143,EMP319,TL-066,,Tool_66,Nut Runner,Plant-A,2026-01-13,2026-04-13,Maintenance,98.63,Stanley,SN100065
M10279,MA1AB100000003279,WO13279,Sedan X,GA-2,STN-04,2026-03-04 02:18,ENG-1194,SUP-016,EMP104,TL-065,C,Tool_65,Torque Wrench,Plant-C,2026-01-31,2026-05-01,Maintenance,97.24,Bosch,SN100064
M10280,MA1AB100000003280,WO13280,SUV Pro,TRIM-1,STN-03,2026-03-04 02:20,ENG-1012,SUP-131,EMP218,TL-057,A,Tool_57,Welding Gun,Plant-A,2026-05-01,2026-07-30,Active,98.96,Bosch,SN100056
M10281,MA1AB100000003281,WO13281,Hatch Z,GA-1,STN-05,2026-03-04 02:21,ENG-1016,SUP-126,EMP249,TL-080,B,Tool_80,Robot Arm,Plant-B,2026-03-23,2026-06-21,Maintenance,97.79,Atlas Copco,SN100079
M10282,MA1AB100000003282,WO13282,Sedan X,TRIM-1,STN-03,2026-03-04 02:22,ENG-1022,SUP-013,EMP306,TL-074,B,Tool_74,Robot Arm,Plant-B,2026-01-04,2026-04-04,Active,97.63,Stanley,SN100073
M10283,MA1AB100000003283,WO13283,SUV Pro,GA-2,Stn-03,2026-03-04 02:23,ENG-1101,SUP-084,EMP217,TL-036,C,Tool_36,Nut Runner,Plant-B,2026-02-08,2026-05-09,Active,95.2,Stanley,SN100035
M10284,MA1AB100000003284,WO13284,Hatch Z,TRIM-1,STN-03,2026-03-04 02:25,ENG-1229,SUP-011,EMP358,TL-021,A,Tool_21,Press Tool,Plant-C,2026-01-09,2026-04-09,Out of Service,95.18,Atlas Copco,SN100020
M10285,MA1AB100000003285,WO13285,Sedan X,TRIM-1,STN-03,2026-03-04 02:26,ENG-1140,SUP-111,EMP195,TL-019,A,Tool_19,Torque Wrench,Plant-B,2026-05-30,2026-08-28,Active,96.08,Atlas Copco,SN100018
M10286,MA1AB100000003286,WO13286,Sedan X,GA-1,STN-02,2026-03-04 02:27,ENG-1102,SUP-191,EMP351,TL-088,B,Tool_88,Welding Gun,Plant-B,2026-04-25,2026-07-24,Active,95.24,Stanley,SN100087
M10287,MA1AB100000003287,WO13287,Sedan X,PAINT-1,STN-03,2026/03/04 02:28,ENG-1000,SUP-054,EMP211,TL-001,A,Tool_1,Welding Gun,Plant-A,2026-05-21,2026-08-19,Maintenance,98.97,Bosch,SN100000
M10288,MA1AB100000003288,WO13288,Sedan X,GA-1,STN-05,2026-03-04 02:30,ENG-1265,SUP-097,EMP227,TL-038,,Tool_38,Welding Gun,Plant-B,2026-04-18,2026-07-17,Active,97.87,Ingersoll Rand,SN100037
M10289,MA1AB100000003289,WO13289,SUV Pro,GA-2,STN-05,2026-03-04 02:31,ENG-1056,SUP-157,EMP102,TL-001,A,Tool_1,Welding Gun,Plant-A,2026-05-21,2026-08-19,Maintenance,98.97,Bosch,SN100000
M10290,MA1AB100000003290,WO13290,Sedan X,PAINT-1,STN-01,2026-03-04 02:32,ENG-1207,SUP-001,EMP111,TL-075,A,Tool_75,Press Tool,Plant-C,2026-04-22,2026-07-21,Active,99.86,Ingersoll Rand,SN100074
M10291,MA1AB100000003291,WO13291,SUV Pro,GA-2,Stn-03,2026-03-04 02:33,ENG-1120,SUP-036,EMP353,TL-026,,Tool_26,Robot Arm,Plant-A,2026-05-25,2026-08-23,Out of Service,99.11,Atlas Copco,SN100025
M10292,MA1AB100000003292,WO13292,Hatch Z,TRIM-1, stn-05 ,2026-03-04 02:35,ENG-1366,SUP-159,EMP122,TL-050,A,Tool_50,Welding Gun,Plant-C,2026-04-30,2026-07-29,Maintenance,98.51,Ingersoll Rand,SN100049
M10293,MA1AB100000003293,WO13293,Hatch Z,PAINT-1,STN-03,2026-03-04 02:36,ENG-1278,SUP-022,EMP380,TL-055,,Tool_55,Nut Runner,Plant-A,2026-01-22,2026-04-22,Out of Service,95.5,Atlas Copco,SN100054
M10294,MA1AB100000003294,WO13294,SUV Pro,TRIM-1,STN-02,2026-03-04 02:37,ENG-1020,SUP-013,EMP111,TL-077,C,Tool_77,Welding Gun,Plant-C,2026-04-12,2026-07-11,Active,98.71,Stanley,SN100076
M10295,MA1AB100000003295,WO13295,Hatch Z,GA-2,STN-02,2026-03-04 02:38,ENG-1222,SUP-031,EMP149,TL-093,B,Tool_93,Nut Runner,Plant-A,2026-03-03,2026-06-01,Out of Service,98.43,Ingersoll Rand,SN100092
M10296,MA1AB100000003296,WO13296,SUV Pro,GA-1,STN-01,2026-03-04 02:40,ENG-1267,SUP-022,EMP262,TL-012,C,Tool_12,Press Tool,Plant-B,2026-05-30,2026-08-28,Out of Service,98.02,Bosch,SN100011
M10297,MA1AB100000003297,WO13297,Hatch Z,PAINT-1,STN-03,2026-03-04 02:41,ENG-1256,SUP-037,EMP393,TL-040,B,Tool_40,Welding Gun,Plant-A,2026-04-02,2026-07-01,Active,98.84,Atlas Copco,SN100039
M10298,MA1AB100000003298,WO13298,Sedan X,GA-2, stn-05 ,2026-03-04 02:42,ENG-1133,SUP-171,EMP106,TL-009,C,Tool_9,Press Tool,Plant-C,2026-05-31,2026-08-29,Active,98.89,Bosch,SN100008
M10299,MA1AB100000003299,WO13299,Sedan X,PAINT-1,Stn-03,2026-03-04 02:43,ENG-1122,SUP-072,EMP311,TL-053,A,Tool_53,Nut Runner,Plant-A,2026-02-27,2026-05-28,Out of Service,96.41,Stanley,SN100052
M10300,MA1AB100000003300,WO13300,SUV Pro,PAINT-1,STN-04,2026-03-04 02:45,ENG-1483,SUP-148,EMP228,TL-037,C,Tool_37,Torque Wrench,Plant-A,2026-02-12,2026-05-13,Maintenance,95.39,Bosch,SN100036
M10301,MA1AB100000003301,WO13301,SUV Pro,TRIM-1,STN-04,2026-03-04 02:46,ENG-1075,SUP-184,EMP127,TL-013,A,Tool_13,Nut Runner,Plant-B,2026-04-05,2026-07-04,Active,99.14,Bosch,SN100012
M10302,MA1AB100000003302,WO13302,Hatch Z,GA-2,STN-03,2026-03-04 02:47,ENG-1451,SUP-165,EMP108,TL-018,A,Tool_18,Robot Arm,Plant-B,2026-06-15,2026-09-13,Out of Service,95.48,Stanley,SN100017
M10303,MA1AB100000003303,WO13303,Hatch Z,GA-2,STN-02,2026-03-04 02:48,ENG-1334,SUP-057,EMP362,TL-058,C,Tool_58,Robot Arm,Plant-C,2026-04-28,2026-07-27,Active,96.6,Stanley,SN100057
M10304,MA1AB100000003304,WO13304,Sedan X,GA-2,STN-04,2026-03-04 02:50,ENG-1072,SUP-009,EMP371,TL-045,A,Tool_45,Welding Gun,Plant-C,2026-03-10,2026-06-08,Active,98.94,Stanley,SN100044
M10305,MA1AB100000003305,WO13305,SUV Pro,PAINT-1, stn-05 ,2026-03-04 02:51,ENG-1166,SUP-035,EMP339,TL-030,C,Tool_30,Nut Runner,Plant-A,2026-02-18,2026-05-19,Out of Service,97.07,Ingersoll Rand,SN100029
M10306,MA1AB100000003306,WO13306,Hatch Z,GA-2,STN-04,2026-03-04 02:52,ENG-1159,SUP-041,EMP213,TL-045,,Tool_45,Welding Gun,Plant-C,2026-03-10,2026-06-08,Active,98.94,Stanley,SN100044
M10307,MA1AB100000003307,WO13307,Sedan X,GA-1,STN-03,2026-03-04 02:53,ENG-1044,SUP-041,EMP148,TL-099,B,Tool_99,Welding Gun,Plant-B,2026-05-20,2026-08-18,Active,97.05,Atlas Copco,SN100098
M10308,MA1AB100000003308,WO13308,Hatch Z,PAINT-1,STN-01,2026-03-04 02:55,ENG-1281,SUP-030,EMP314,TL-009,B,Tool_9,Press Tool,Plant-C,2026-05-31,2026-08-29,Active,98.89,Bosch,SN100008
M10309,MA1AB100000003309,WO13309,Hatch Z,PAINT-1,STN-03,2026-03-04 02:56,ENG-1289,SUP-005,EMP246,TL-086,,Tool_86,Press Tool,Plant-B,2026-03-20,2026-06-18,Active,96.21,Bosch,SN100085
M10310,MA1AB100000003310,WO13310,Sedan X,GA-1,STN-01,2026-03-04 02:57,ENG-1237,SUP-155,EMP188,TL-029,A,Tool_29,Press Tool,Plant-C,2026-04-30,2026-07-29,Maintenance,98.95,Stanley,SN100028
M10311,MA1AB100000003311,WO13311,SUV Pro,TRIM-1,STN-04,2026-03-04 02:58,ENG-1012,SUP-014,EMP143,TL-017,B,Tool_17,Torque Wrench,Plant-C,2026-01-08,2026-04-08,Maintenance,96.84,Atlas Copco,SN100016
M10312,MA1AB100000003312,WO13312,Hatch Z,GA-2,STN-04,2026-03-04 03:00,ENG-1044,SUP-008,EMP145,TL-093,B,Tool_93,Nut Runner,Plant-A,2026-03-03,2026-06-01,Out of Service,98.43,Ingersoll Rand,SN100092
M10313,MA1AB100000003313,WO13313,Sedan X,GA-2,STN-05,2026-03-04 03:01,ENG-1376,SUP-161,EMP318,TL-009,C,Tool_9,Press Tool,Plant-C,2026-05-31,2026-08-29,Active,98.89,Bosch,SN100008
M10314,MA1AB100000003314,WO13314,Sedan X,GA-2,STN-01,2026-03-04 03:02,ENG-1335,SUP-068,EMP372,TL-092,C,Tool_92,Nut Runner,Plant-C,2026-06-25,2026-09-23,Active,97.7,Bosch,SN100091
M10315,MA1AB100000003315,WO13315,Sedan X,TRIM-1, stn-05 ,2026-03-04 03:03,ENG-1219,SUP-112,EMP266,TL-029,C,Tool_29,Press Tool,Plant-C,2026-04-30,2026-07-29,Maintenance,98.95,Stanley,SN100028
M10316,MA1AB100000003316,WO13316,SUV Pro,TRIM-1, stn-05 ,2026-03-04 03:05,ENG-1023,SUP-079,EMP190,TL-019,,Tool_19,Torque Wrench,Plant-B,2026-05-30,2026-08-28,Active,96.08,Atlas Copco,SN100018
M10317,MA1AB100000003317,WO13317,SUV Pro,GA-2,Stn-03,2026-03-04 03:06,ENG-1324,SUP-077,EMP296,TL-004,A,Tool_4,Press Tool,Plant-A,2026-01-19,2026-04-19,Active,97.49,Bosch,SN100003
M10318,MA1AB100000003318,WO13318,Hatch Z,GA-1,STN-03,2026-03-04 03:07,ENG-1121,SUP-002,EMP287,TL-064,B,Tool_64,Press Tool,Plant-A,2026-02-03,2026-05-04,Active,98.09,Atlas Copco,SN100063
M10319,MA1AB100000003319,WO13319,Hatch Z,PAINT-1,STN-04,2026-03-04 03:08,ENG-1432,SUP-039,EMP232,TL-031,C,Tool_31,Nut Runner,Plant-A,2026-01-31,2026-05-01,Active,97.01,Atlas Copco,SN100030
M10320,MA1AB100000003320,WO13320,Hatch Z,TRIM-1,STN-01,2026-03-04 03:10,ENG-1251,SUP-105,EMP373,TL-022,B,Tool_22,Press Tool,Plant-C,2026-03-22,2026-06-20,Out of Service,95.43,Bosch,SN100021
M10321,MA1AB100000003321,WO13321,SUV Pro,GA-1, stn-05 ,2026-03-04 03:11,ENG-1347,SUP-033,EMP334,TL-086,B,Tool_86,Press Tool,Plant-B,2026-03-20,2026-06-18,Active,96.21,Bosch,SN100085
M10322,MA1AB100000003322,WO13322,SUV Pro,TRIM-1,STN-01,2026-03-04 03:12,ENG-1260,SUP-101,EMP314,TL-091,,Tool_91,Nut Runner,Plant-B,2026-03-20,2026-06-18,Active,95.45,Atlas Copco,SN100090
M10323,MA1AB100000003323,WO13323,SUV Pro,TRIM-1,STN-02,2026-03-04 03:13,ENG-1438,SUP-034,EMP241,TL-010,,Tool_10,Welding Gun,Plant-B,2026-02-07,2026-05-08,Maintenance,98.91,Atlas Copco,SN100009
M10324,MA1AB100000003324,WO13324,SUV Pro,TRIM-1,STN-05,2026-03-04 03:15,ENG-1438,SUP-070,EMP250,TL-061,,Tool_61,Nut Runner,Plant-C,2026-06-29,2026-09-27,Active,99.71,Ingersoll Rand,SN100060
M10325,MA1AB100000003325,WO13325,Sedan X,GA-2,STN-05,2026-03-04 03:16,ENG-1030,SUP-164,EMP206,TL-047,A,Tool_47,Robot Arm,Plant-A,2026-04-17,2026-07-16,Active,99.69,Ingersoll Rand,SN100046
M10326,MA1AB100000003326,WO13326,Sedan X,TRIM-1,STN-01,2026-03-04 03:17,ENG-1412,SUP-131,EMP255,TL-065,,Tool_65,Torque Wrench,Plant-C,2026-01-31,2026-05-01,Maintenance,97.24,Bosch,SN100064
M10327,MA1AB100000003327,WO13327,SUV Pro,GA-2,STN-02,2026-03-04 03:18,ENG-1120,SUP-081,EMP239,TL-027,C,Tool_27,Robot Arm,Plant-A,2026-03-13,2026-06-11,Active,95.63,Atlas Copco,SN100026
M10328,MA1AB100000003328,WO13328,Sedan X,PAINT-1, stn-05 ,2026-03-04 03:20,ENG-1214,SUP-190,EMP293,TL-071,B,Tool_71,Welding Gun,Plant-B,2026-04-11,2026-07-10,Active,98.12,Atlas Copco,SN100070
M10329,MA1AB100000003329,WO13329,Sedan X,GA-2,STN-01,2026-03-04 03:21,ENG-1172,SUP-164,EMP321,TL-033,C,Tool_33,Welding Gun,Plant-C,2026-02-25,2026-05-26,Active,97.63,Bosch,SN100032
M10330,XX1 2 3 4,WO13330,Sedan X,PAINT-1,STN-03,2026-03-04 03:22,ENG-1294,,EMP188,TL-003,,Tool_3,Robot Arm,Plant-C,2026-02-25,2026-05-26,Active,97.36,Atlas Copco,SN100002
M10331,MA1AB100000003331,WO13331,Hatch Z,PAINT-1,Stn-03,2026-03-04 03:23,ENG-1144,SUP-165,EMP145,TL-099,A,Tool_99,Welding Gun,Plant-B,2026-05-20,2026-08-18,Active,97.05,Atlas Copco,SN100098
M10332,MA1AB100000003332,WO13332,Sedan X,TRIM-1,Stn-03,2026-03-04 03:25,ENG-1100,SUP-140,EMP381,TL-011,B,Tool_11,Welding Gun,Plant-B,2026-01-03,2026-04-03,Out of Service,99.43,Atlas Copco,SN100010
M10333,MA1AB100000003333,WO13333,SUV Pro,GA-2,STN-01,2026-03-04 03:26,ENG-1438,SUP-172,EMP319,TL-030,C,Tool_30,Nut Runner,Plant-A,2026-02-18,2026-05-19,Out of Service,97.07,Ingersoll Rand,SN100029
M10334,MA1AB100000003334,WO13334,Sedan X,PAINT-1, stn-05 ,2026-03-04 03:27,ENG-1300,SUP-074,EMP356,TL-065,B,Tool_65,Torque Wrench,Plant-C,2026-01-31,2026-05-01,Maintenance,97.24,Bosch,SN100064
M10335,MA1AB100000003335,WO13335,Hatch Z,GA-1,STN-05,2026-03-04 03:28, eng-1001 ,SUP-133,EMP241,TL-076,,Tool_76,Welding Gun,Plant-C,2026-02-22,2026-05-23,Maintenance,98.13,Ingersoll Rand,SN100075
M10336,MA1AB100000003336,WO13336,Hatch Z,GA-1,STN-04,2026-03-04 03:30,ENG-1207,SUP-067,EMP109,TL-045,A,Tool_45,Welding Gun,Plant-C,2026-03-10,2026-06-08,Active,98.94,Stanley,SN100044
M10337,MA1AB100000003337,WO13337,Sedan X,GA-1,STN-02,2026-03-04 03:31,ENG-1046,SUP-042,EMP289,TL-040,B,Tool_40,Welding Gun,Plant-A,2026-04-02,2026-07-01,Active,98.84,Atlas Copco,SN100039
M10338,MA1AB100000003338,WO13338,Hatch Z,PAINT-1,STN-01,2026-03-04 03:32,ENG-1410,SUP-186,EMP195,TL-032,A,Tool_32,Press Tool,Plant-A,2026-03-27,2026-06-25,Maintenance,97.67,Bosch,SN100031
M10339,MA1AB100000003339,WO13339,Sedan X,TRIM-1,STN-01,2026-03-04 03:33,ENG-1159,SUP-157,EMP370,TL-055,A,Tool_55,Nut Runner,Plant-A,2026-01-22,2026-04-22,Out of Service,95.5,Atlas Copco,SN100054
M10340,MA1AB100000003340,WO13340,Sedan X,TRIM-1,STN-02,2026-03-04 03:35,ENG-1051,SUP-183,EMP358,TL-050,A,Tool_50,Welding Gun,Plant-C,2026-04-30,2026-07-29,Maintenance,98.51,Ingersoll Rand,SN100049
M10341,MA1AB100000003341,WO13341,Sedan X,GA-2,STN-02,2026-03-04 03:36,ENG-1031,SUP-179,EMP203,TL-014,,Tool_14,Nut Runner,Plant-A,2026-02-27,2026-05-28,Maintenance,99.68,Stanley,SN100013
M10342,MA1AB100000003342,WO13342,Hatch Z,GA-1,STN-01,2026-03-04 03:37,ENG-1045,SUP-071,EMP116,TL-002,B,Tool_2,Nut Runner,Plant-A,2026-04-22,2026-07-21,Active,97.47,Bosch,SN100001
M10343,MA1AB100000003343,WO13343,SUV Pro,TRIM-1,Stn-03,2026-03-04 03:38,ENG-1059,SUP-062,EMP154,TL-097,,Tool_97,Nut Runner,Plant-A,2026-04-22,2026-07-21,Active,99.35,Ingersoll Rand,SN100096
M10344,MA1AB100000003344,WO13344,Hatch Z,GA-1,STN-05,2026-03-04 03:40,ENG-1421,SUP-120,EMP384,TL-054,A,Tool_54,Press Tool,Plant-C,2026-01-18,2026-04-18,Active,99.35,Ingersoll Rand,SN100053
M10345,MA1AB100000003345,WO13345,Hatch Z,GA-1, stn-05 ,2026-03-04 03:41,ENG-1387,SUP-100,EMP179,TL-098,C,Tool_98,Press Tool,Plant-A,2026-06-01,2026-08-30,Active,98.11,Stanley,SN100097
M10346,MA1AB100000003346,WO13346,Hatch Z,GA-1, stn-05 ,2026-03-04 03:42,ENG-1259,SUP-067,EMP150,TL-075,C,Tool_75,Press Tool,Plant-C,2026-04-22,2026-07-21,Active,99.86,Ingersoll Rand,SN100074
M10347,MA1AB100000003347,WO13347,Hatch Z,TRIM-1,Stn-03,2026-03-04 03:43,ENG-1268,SUP-085,EMP286,TL-002,A,Tool_2,Nut Runner,Plant-A,2026-04-22,2026-07-21,Active,97.47,Bosch,SN100001
M10348,MA1AB100000003348,WO13348,Sedan X,GA-2,STN-04,2026-03-04 03:45,ENG-1174,SUP-058,EMP272,TL-068,B,Tool_68,Press Tool,Plant-A,2026-04-15,2026-07-14,Active,97.42,Bosch,SN100067
M10349,MA1AB100000003349,WO13349,Hatch Z,GA-1,STN-01,2026-03-04 03:46,ENG-1241,SUP-043,EMP385,TL-068,,Tool_68,Press Tool,Plant-A,2026-04-15,2026-07-14,Active,97.42,Bosch,SN100067
M10350,MA1AB100000003350,WO13350,Hatch Z,GA-1,STN-04,2026-03-04 03:47,ENG-1070,SUP-200,EMP339,TL-077,A,Tool_77,Welding Gun,Plant-C,2026-04-12,2026-07-11,Active,98.71,Stanley,SN100076
M10351,MA1AB100000003351,WO13351,Hatch Z,GA-2,STN-04,2026-03-04 03:48,ENG-1057,SUP-107,EMP154,TL-055,A,Tool_55,Nut Runner,Plant-A,2026-01-22,2026-04-22,Out of Service,95.5,Atlas Copco,SN100054
M10352,MA1AB100000003352,WO13352,Hatch Z,GA-1,Stn-03,2026-03-04 03:50,ENG-1315,SUP-121,EMP179,TL-017,B,Tool_17,Torque Wrench,Plant-C,2026-01-08,2026-04-08,Maintenance,96.84,Atlas Copco,SN100016
M10353,MA1AB100000003353,WO13353,Hatch Z,TRIM-1,STN-03,2026-03-04 03:51,ENG-1246,SUP-126,EMP161,TL-069,B,Tool_69,Torque Wrench,Plant-B,2026-01-29,2026-04-29,Active,98.16,Bosch,SN100068
M10354,MA1AB100000003354,WO13354,SUV Pro,PAINT-1,Stn-03,2026-03-04 03:52,ENG-1116,SUP-011,EMP329,TL-054,A,Tool_54,Press Tool,Plant-C,2026-01-18,2026-04-18,Active,99.35,Ingersoll Rand,SN100053
M10355,MA1AB100000003355,WO13355,Sedan X,GA-2,Stn-03,2026-03-04 03:53,ENG-1146,SUP-141,EMP107,TL-087,C,Tool_87,Robot Arm,Plant-B,2026-02-09,2026-05-10,Maintenance,99.98,Stanley,SN100086
M10356,MA1AB100000003356,WO13356,SUV Pro,TRIM-1,Stn-03,2026-03-04 03:55,ENG-1496,SUP-129,EMP116,TL-002,B,Tool_2,Nut Runner,Plant-A,2026-04-22,2026-07-21,Active,97.47,Bosch,SN100001
M10357,MA1AB100000003357,WO13357,Hatch Z,PAINT-1, stn-05 ,2026-03-04 03:56,ENG-1444,SUP-076,EMP199,TL-099,B,Tool_99,Welding Gun,Plant-B,2026-05-20,2026-08-18,Active,97.05,Atlas Copco,SN100098
M10358,MA1AB100000003358,WO13358,Sedan X,TRIM-1,STN-02,2026-03-04 03:57,ENG-1083,SUP-032,EMP300,TL-075,A,Tool_75,Press Tool,Plant-C,2026-04-22,2026-07-21,Active,99.86,Ingersoll Rand,SN100074
M10359,MA1AB100000003359,WO13359,SUV Pro,TRIM-1,STN-05,2026-03-04 03:58,ENG-1180,SUP-117,EMP232,TL-051,,Tool_51,Nut Runner,Plant-C,2026-04-06,2026-07-05,Active,97.28,Bosch,SN100050
M10360,MA1AB100000003360,WO13360,Sedan X,TRIM-1,Stn-03,2026-03-04 04:00,ENG-1226,SUP-175,EMP282,TL-009,,Tool_9,Press Tool,Plant-C,2026-05-31,2026-08-29,Active,98.89,Bosch,SN100008
M10361,MA1AB100000003361,WO13361,Hatch Z,GA-1,STN-02,2026-03-04 04:01,ENG-1295,SUP-094,EMP172,TL-012,C,Tool_12,Press Tool,Plant-B,2026-05-30,2026-08-28,Out of Service,98.02,Bosch,SN100011
M10362,MA1AB100000003362,WO13362,Sedan X,GA-1,Stn-03,2026-03-04 04:02,ENG-1208,SUP-077,EMP174,TL-050,A,Tool_50,Welding Gun,Plant-C,2026-04-30,2026-07-29,Maintenance,98.51,Ingersoll Rand,SN100049
M10363,MA1AB100000003363,WO13363,Sedan X,TRIM-1,STN-01,2026-03-04 04:03,ENG-1111,SUP-051,EMP286,TL-006,C,Tool_6,Nut Runner,Plant-B,2026-01-25,2026-04-25,Maintenance,98.24,Ingersoll Rand,SN100005
M10364,MA1AB100000003364,WO13364,Sedan X,PAINT-1,Stn-03,2026-03-04 04:05,ENG-1108,SUP-180,EMP157,TL-080,B,Tool_80,Robot Arm,Plant-B,2026-03-23,2026-06-21,Maintenance,97.79,Atlas Copco,SN100079
M10365,MA1AB100000003365,WO13365,Hatch Z,GA-2,STN-03,2026-03-04 04:06,ENG-1277,SUP-075,EMP357,TL-009,B,Tool_9,Press Tool,Plant-C,2026-05-31,2026-08-29,Active,98.89,Bosch,SN100008
M10366,MA1AB100000003366,WO13366,Sedan X,GA-1,STN-03,2026-03-04 04:07,ENG-1467,SUP-028,EMP317,TL-077,A,Tool_77,Welding Gun,Plant-C,2026-04-12,2026-07-11,Active,98.71,Stanley,SN100076
M10367,MA1AB100000003367,WO13367,Sedan X,PAINT-1,Stn-03,2026-03-04 04:08,ENG-1117,SUP-012,EMP175,TL-013,C,Tool_13,Nut Runner,Plant-B,2026-04-05,2026-07-04,Active,99.14,Bosch,SN100012
M10368,MA1AB100000003368,WO13368,Sedan X,TRIM-1,STN-04,2026-03-04 04:10,ENG-1368,SUP-094,EMP381,TL-050,C,Tool_50,Welding Gun,Plant-C,2026-04-30,2026-07-29,Maintenance,98.51,Ingersoll Rand,SN100049
M10369,MA1AB100000003369,WO13369,SUV Pro,GA-2,STN-02,2026-03-04 04:11,ENG-1341,SUP-158,EMP268,TL-030,C,Tool_30,Nut Runner,Plant-A,2026-02-18,2026-05-19,Out of Service,97.07,Ingersoll Rand,SN100029
M10370,MA1AB100000003370,WO13370,Hatch Z,GA-1,STN-01,2026-03-04 04:12,ENG-1001,SUP-084,EMP108,TL-016,C,Tool_16,Robot Arm,Plant-B,2026-04-27,2026-07-26,Active,98.18,Atlas Copco,SN100015
M10371,MA1AB100000003371,WO13371,SUV Pro,TRIM-1,STN-03,2026-03-04 04:13,ENG-1393,SUP-040,EMP351,TL-065,,Tool_65,Torque Wrench,Plant-C,2026-01-31,2026-05-01,Maintenance,97.24,Bosch,SN100064
M10372,MA1AB100000003372,WO13372,Sedan X,PAINT-1,STN-04,2026-03-04 04:15,ENG-1126,SUP-142,EMP272,TL-042,A,Tool_42,Welding Gun,Plant-C,2026-03-03,2026-06-01,Out of Service,97.14,Ingersoll Rand,SN100041
M10373,MA1AB100000003373,WO13373,Sedan X,GA-1,STN-04,2026-03-04 04:16,ENG-1464,SUP-127,EMP268,TL-013,B,Tool_13,Nut Runner,Plant-B,2026-04-05,2026-07-04,Active,99.14,Bosch,SN100012
M10374,MA1AB100000003374,WO13374,Sedan X,PAINT-1,Stn-03,2026-03-04 04:17,ENG-1288,SUP-128,EMP359,TL-013,C,Tool_13,Nut Runner,Plant-B,2026-04-05,2026-07-04,Active,99.14,Bosch,SN100012
M10375,MA1AB100000003375,WO13375,SUV Pro,PAINT-1,STN-02,2026-03-04 04:18,ENG-1192,SUP-164,EMP123,TL-098,,Tool_98,Press Tool,Plant-A,2026-06-01,2026-08-30,Active,98.11,Stanley,SN100097
M10376,MA1AB100000003376,WO13376,Sedan X,GA-2, stn-05 ,2026-03-04 04:70,ENG-1196,SUP-005,EMP178,TL-038,C,Tool_38,Welding Gun,Plant-B,2026-04-18,2026-07-17,Active,97.87,Ingersoll Rand,SN100037
M10377,MA1AB100000003377,WO13377,SUV Pro,PAINT-1,Stn-03,2026-03-04 04:21,ENG-1143,SUP-109,EMP336,TL-060,B,Tool_60,Welding Gun,Plant-B,2026-02-09,2026-05-10,Active,95.55,Atlas Copco,SN100059
M10378,MA1AB100000003378,WO13378,Sedan X,PAINT-1,STN-01,2026-03-04 04:22,ENG-1226,SUP-027,EMP113,TL-059,B,Tool_59,Robot Arm,Plant-B,2026-04-15,2026-07-14,Active,95.72,Stanley,SN100058
M10379,MA1AB100000003379,WO13379,Sedan X,TRIM-1,STN-01,2026-03-04 04:23,ENG-1185,SUP-099,EMP234,TL-097,,Tool_97,Nut Runner,Plant-A,2026-04-22,2026-07-21,Active,99.35,Ingersoll Rand,SN100096
M10380,MA1AB100000003380,WO13380,Hatch Z,GA-2,STN-04,2026-03-04 04:25,ENG-1340,SUP-186,EMP131,TL-028,A,Tool_28,Press Tool,Plant-C,2026-01-25,2026-04-25,Out of Service,97.87,Ingersoll Rand,SN100027
M10381,MA1AB100000003381,WO13381,SUV Pro,PAINT-1,STN-03,2026-03-04 04:26,ENG-1116,SUP-136,EMP108,TL-100,B,Tool_100,Welding Gun,Plant-A,2026-04-25,2026-07-24,Maintenance,97.13,Ingersoll Rand,SN100099
M10382,MA1AB100000003382,WO13382,SUV Pro,PAINT-1,Stn-03,2026-03-04 04:27,ENG-1037,SUP-078,EMP357,TL-042,,Tool_42,Welding Gun,Plant-C,2026-03-03,2026-06-01,Out of Service,97.14,Ingersoll Rand,SN100041
M10383,MA1AB100000003383,WO13383,Hatch Z,GA-2,STN-04,2026-03-04 04:28,ENG-1025,SUP-042,EMP388,TL-023,C,Tool_23,Welding Gun,Plant-A,2026-04-29,2026-07-28,Active,95.35,Bosch,SN100022
M10384,MA1AB100000003384,WO13384,SUV Pro,TRIM-1, stn-05 ,2026-03-04 04:30,ENG-1270,SUP-104,EMP175,TL-058,B,Tool_58,Robot Arm,Plant-C,2026-04-28,2026-07-27,Active,96.6,Stanley,SN100057
M10385,MA1AB100000003385,WO13385,Hatch Z,PAINT-1,STN-01,2026-03-04 04:31,ENG-1229,SUP-107,EMP319,TL-033,B,Tool_33,Welding Gun,Plant-C,2026-02-25,2026-05-26,Active,97.63,Bosch,SN100032
M10386,MA1AB100000003386,WO13386,Sedan X,TRIM-1, stn-05 ,2026-03-04 04:32,ENG-1456,SUP-097,EMP205,TL-019,,Tool_19,Torque Wrench,Plant-B,2026-05-30,2026-08-28,Active,96.08,Atlas Copco,SN100018
M10387,MA1AB100000003387,WO13387,Sedan X,GA-2,STN-03,2026-03-04 04:33,ENG-1106,SUP-187,EMP380,TL-052,,Tool_52,Torque Wrench,Plant-A,2026-04-12,2026-07-11,Out of Service,99.68,Ingersoll Rand,SN100051
M10388,MA1AB100000003388,WO13388,SUV Pro,GA-2,STN-03,2026-03-04 04:35,ENG-1309,SUP-033,EMP211,TL-068,,Tool_68,Press Tool,Plant-A,2026-04-15,2026-07-14,Active,97.42,Bosch,SN100067
M10389,MA1AB100000003389,WO13389,Hatch Z,TRIM-1,STN-05,2026-03-04 04:36,ENG-1026,SUP-105,EMP115,TL-034,,Tool_34,Torque Wrench,Plant-A,2026-06-25,2026-09-23,Out of Service,99.85,Stanley,SN100033
M10390,MA1AB100000003390,WO13390,Hatch Z,GA-2,STN-02,2026-03-04 04:37,ENG-1029,SUP-178,EMP271,TL-100,C,Tool_100,Welding Gun,Plant-A,2026-04-25,2026-07-24,Maintenance,97.13,Ingersoll Rand,SN100099
M10391,MA1AB100000003391,WO13391,Sedan X,PAINT-1,STN-01,2026-03-04 04:38,ENG-1177,SUP-007,EMP368,TL-078,B,Tool_78,Press Tool,Plant-A,2026-03-26,2026-06-24,Maintenance,99.88,Bosch,SN100077
M10392,MA1AB100000003392,WO13392,SUV Pro,GA-2,STN-05,2026-03-04 04:40,ENG-1214,SUP-191,EMP142,TL-042,,Tool_42,Welding Gun,Plant-C,2026-03-03,2026-06-01,Out of Service,97.14,Ingersoll Rand,SN100041
M10393,MA1AB100000003393,WO13393,SUV Pro,PAINT-1,Stn-03,2026-03-04 04:41,ENG-1004,SUP-081,EMP198,TL-088,C,Tool_88,Welding Gun,Plant-B,2026-04-25,2026-07-24,Active,95.24,Stanley,SN100087
M10394,MA1AB100000003394,WO13394,SUV Pro,TRIM-1,STN-01,2026-03-04 04:42,ENG-1377,SUP-122,EMP356,TL-077,,Tool_77,Welding Gun,Plant-C,2026-04-12,2026-07-11,Active,98.71,Stanley,SN100076
M10395,MA1AB100000003395,WO13395,SUV Pro,PAINT-1,STN-03,2026-03-04 04:43,ENG-1130,SUP-041,EMP323,TL-010,A,Tool_10,Welding Gun,Plant-B,2026-02-07,2026-05-08,Maintenance,98.91,Atlas Copco,SN100009
M10396,MA1AB100000003396,WO13396,Sedan X,PAINT-1,STN-02,2026-03-04 04:45,ENG-1432,SUP-047,EMP344,TL-027,,Tool_27,Robot Arm,Plant-A,2026-03-13,2026-06-11,Active,95.63,Atlas Copco,SN100026
M10397,MA1AB100000003397,WO13397,Hatch Z,GA-2,STN-04,2026-03-04 04:46,ENG-1373,SUP-053,EMP192,TL-008,B,Tool_8,Welding Gun,Plant-A,2026-06-05,2026-09-03,Maintenance,95.49,Ingersoll Rand,SN100007
M10398,MA1AB100000003398,WO13398,Sedan X,GA-2,STN-04,2026-03-04 04:47,ENG-1052,SUP-028,EMP138,TL-060,C,Tool_60,Welding Gun,Plant-B,2026-02-09,2026-05-10,Active,95.55,Atlas Copco,SN100059
M10399,MA1AB100000003399,WO13399,Hatch Z,TRIM-1,STN-04,2026-03-04 04:48,ENG-1310,SUP-031,EMP351,TL-014,,Tool_14,Nut Runner,Plant-A,2026-02-27,2026-05-28,Maintenance,99.68,Stanley,SN100013
M10400,MA1AB100000003400,WO13400,Sedan X,GA-1,Stn-03,2026-03-04 04:50,ENG-1150,SUP-041,EMP378,TL-048,A,Tool_48,Nut Runner,Plant-B,2026-04-17,2026-07-16,Active,96.56,Stanley,SN100047
M10401,MA1AB100000003401,WO13401,SUV Pro,PAINT-1,Stn-03,2026-03-04 04:51,ENG-1282,SUP-104,EMP395,TL-071,B,Tool_71,Welding Gun,Plant-B,2026-04-11,2026-07-10,Active,98.12,Atlas Copco,SN100070
M10402,MA1AB100000003402,WO13402,Sedan X,PAINT-1,STN-02,2026-03-04 04:52,ENG-1481,SUP-027,EMP317,TL-075,A,Tool_75,Press Tool,Plant-C,2026-04-22,2026-07-21,Active,99.86,Ingersoll Rand,SN100074
M10403,MA1AB100000003403,WO13403,Sedan X,GA-2,STN-02,2026-03-04 04:53,ENG-1015,SUP-047,EMP311,TL-073,A,Tool_73,Welding Gun,Plant-C,2026-03-17,2026-06-15,Active,96.96,Ingersoll Rand,SN100072
M10404,MA1AB100000003404,WO13404,Sedan X,PAINT-1,STN-02,2026-03-04 04:55,ENG-1347,SUP-102,EMP237,TL-064,A,Tool_64,Press Tool,Plant-A,2026-02-03,2026-05-04,Active,98.09,Atlas Copco,SN100063
M10405,MA1AB100000003405,WO13405,Sedan X,TRIM-1,STN-05,2026-03-04 04:56,ENG-1012,SUP-019,EMP330,TL-060,A,Tool_60,Welding Gun,Plant-B,2026-02-09,2026-05-10,Active,95.55,Atlas Copco,SN100059
M10406,MA1AB100000003406,WO13406,Sedan X,GA-1,STN-04,2026-03-04 04:57,ENG-1473,SUP-050,EMP328,TL-100,A,Tool_100,Welding Gun,Plant-A,2026-04-25,2026-07-24,Maintenance,97.13,Ingersoll Rand,SN100099
M10407,MA1AB100000003407,WO13407,SUV Pro,GA-1,STN-01,2026-03-04 04:58,ENG-1149,SUP-150,EMP201,TL-027,B,Tool_27,Robot Arm,Plant-A,2026-03-13,2026-06-11,Active,95.63,Atlas Copco,SN100026
M10408,MA1AB100000003408,WO13408,SUV Pro,TRIM-1,STN-02,2026-03-04 05:00,ENG-1129,SUP-072,EMP292,TL-074,B,Tool_74,Robot Arm,Plant-B,2026-01-04,2026-04-04,Active,97.63,Stanley,SN100073
M10409,MA1AB100000003409,WO13409,Sedan X,TRIM-1,STN-02,2026-03-04 05:01,ENG-1288,SUP-072,EMP327,TL-056,B,Tool_56,Torque Wrench,Plant-C,2026-04-06,2026-07-05,Active,97.45,Atlas Copco,SN100055
M10410,MA1AB100000003410,WO13410,Hatch Z,GA-1,STN-05,2026-03-04 05:02,ENG-1113,SUP-145,EMP116,TL-095,,Tool_95,Nut Runner,Plant-A,2026-06-25,2026-09-23,Active,99.37,Bosch,SN100094
M10411,MA1AB100000003411,WO13411,SUV Pro,PAINT-1,STN-01,2026-03-04 05:03,ENG-1080,SUP-090,EMP381,TL-042,A,Tool_42,Welding Gun,Plant-C,2026-03-03,2026-06-01,Out of Service,97.14,Ingersoll Rand,SN100041
M10412,MA1AB100000003412,WO13412,Hatch Z,GA-2, stn-05 ,2026-03-04 05:05,ENG-1309,SUP-058,EMP165,TL-060,B,Tool_60,Welding Gun,Plant-B,2026-02-09,2026-05-10,Active,95.55,Atlas Copco,SN100059
M10413,MA1AB100000003413,WO13413,SUV Pro,GA-2,STN-05,2026-03-04 05:06,ENG-1440,SUP-023,EMP181,TL-074,A,Tool_74,Robot Arm,Plant-B,2026-01-04,2026-04-04,Active,97.63,Stanley,SN100073
M10414,MA1AB100000003414,WO13414,SUV Pro,GA-2,STN-03,2026-03-04 05:07,ENG-1333,SUP-013,EMP252,TL-099,,Tool_99,Welding Gun,Plant-B,2026-05-20,2026-08-18,Active,97.05,Atlas Copco,SN100098
M10415,MA1AB100000003415,WO13415,Sedan X,GA-2,Stn-03,2026-03-04 05:08,ENG-1220,SUP-184,EMP314,TL-058,,Tool_58,Robot Arm,Plant-C,2026-04-28,2026-07-27,Active,96.6,Stanley,SN100057
M10416,MA1AB100000003416,WO13416,Hatch Z,PAINT-1,Stn-03,2026-03-04 05:10,ENG-1087,SUP-117,EMP185,TL-071,C,Tool_71,Welding Gun,Plant-B,2026-04-11,2026-07-10,Active,98.12,Atlas Copco,SN100070
M10417,MA1AB100000003417,WO13417,SUV Pro,GA-2,STN-05,2026-03-04 05:11,ENG-1250,SUP-068,EMP291,TL-003,,Tool_3,Robot Arm,Plant-C,2026-02-25,2026-05-26,Active,97.36,Atlas Copco,SN100002
M10418,MA1AB100000003418,WO13418,Hatch Z,GA-1,STN-05,2026-03-04 05:12,ENG-1439,SUP-140,EMP322,TL-039,A,Tool_39,Nut Runner,Plant-C,2026-02-15,2026-05-16,Maintenance,97.07,Ingersoll Rand,SN100038
M10419,MA1AB100000003419,WO13419,SUV Pro,TRIM-1,STN-03,2026-03-04 05:13,ENG-1385,SUP-106,EMP111,TL-022,A,Tool_22,Press Tool,Plant-C,2026-03-22,2026-06-20,Out of Service,95.43,Bosch,SN100021
M10420,MA1AB100000003420,WO13420,Hatch Z,GA-1, stn-05 ,2026-03-04 05:15,ENG-1366,SUP-027,EMP389,TL-022,A,Tool_22,Press Tool,Plant-C,2026-03-22,2026-06-20,Out of Service,95.43,Bosch,SN100021
M10421,MA1AB100000003421,WO13421,Sedan X,GA-2,Stn-03,2026-03-04 05:16,ENG-1039,SUP-096,EMP253,TL-031,A,Tool_31,Nut Runner,Plant-A,2026-01-31,2026-05-01,Active,97.01,Atlas Copco,SN100030
M10422,MA1AB100000003422,WO13422,SUV Pro,PAINT-1,STN-05,2026-03-04 05:17,ENG-1293,SUP-009,EMP399,TL-029,B,Tool_29,Press Tool,Plant-C,2026-04-30,2026-07-29,Maintenance,98.95,Stanley,SN100028
M10423,MA1AB100000003423,WO13423,Sedan X,PAINT-1,STN-02,2026-03-04 05:18,ENG-1126,SUP-053,EMP188,TL-001,B,Tool_1,Welding Gun,Plant-A,2026-05-21,2026-08-19,Maintenance,98.97,Bosch,SN100000
M10424,MA1AB100000003424,WO13424,Sedan X,PAINT-1,STN-01,2026-03-04 05:20,ENG-1020,SUP-040,EMP291,TL-084,C,Tool_84,Torque Wrench,Plant-C,2026-02-03,2026-05-04,Out of Service,97.78,Ingersoll Rand,SN100083
M10425,MA1AB100000003425,WO13425,SUV Pro,GA-1,STN-01,2026-03-04 05:21,ENG-1316,SUP-187,EMP215,TL-044,C,Tool_44,Press Tool,Plant-C,2026-01-16,2026-04-16,Maintenance,99.03,Bosch,SN100043
M10426,MA1AB100000003426,WO13426,SUV Pro,GA-1,STN-02,2026-03-04 05:22,ENG-1437,SUP-104,EMP397,TL-065,C,Tool_65,Torque Wrench,Plant-C,2026-01-31,2026-05-01,Maintenance,97.24,Bosch,SN100064
M10427,MA1AB100000003427,WO13427,Hatch Z,GA-2,STN-05,2026-03-04 05:23,ENG-1099,SUP-194,EMP225,TL-025,B,Tool_25,Nut Runner,Plant-C,2026-02-19,2026-05-20,Out of Service,98.88,Atlas Copco,SN100024
M10428,MA1AB100000003428,WO13428,SUV Pro,GA-2,STN-04,2026-03-04 05:25,ENG-1470,SUP-042,EMP318,TL-017,A,Tool_17,Torque Wrench,Plant-C,2026-01-08,2026-04-08,Maintenance,96.84,Atlas Copco,SN100016
M10429,MA1AB100000003429,WO13429,Hatch Z,GA-1,STN-03,2026-03-04 05:26,ENG-1288,SUP-192,EMP375,TL-083,B,Tool_83,Nut Runner,Plant-A,2026-01-22,2026-04-22,Out of Service,98.35,Bosch,SN100082
M10430,MA1AB100000003430,WO13430,Sedan X,GA-2,Stn-03,2026-03-04 05:27,ENG-1494,SUP-069,EMP238,TL-012,B,Tool_12,Press Tool,Plant-B,2026-05-30,2026-08-28,Out of Service,98.02,Bosch,SN100011
M10431,MA1AB100000003431,WO13431,Hatch Z,GA-1,STN-04,2026-03-04 05:28,ENG-1399,SUP-086,EMP301,TL-041,B,Tool_41,Robot Arm,Plant-A,2026-02-27,2026-05-28,Maintenance,97.13,Atlas Copco,SN100040
M10432,MA1AB100000003432,WO13432,Sedan X,GA-1,STN-02,2026-03-04 05:30,ENG-1124,SUP-128,EMP305,TL-026,A,Tool_26,Robot Arm,Plant-A,2026-05-25,2026-08-23,Out of Service,99.11,Atlas Copco,SN100025
M10433,MA1AB100000003433,WO13433,SUV Pro,TRIM-1,STN-03,2026-03-04 05:31,ENG-1301,SUP-096,EMP242,TL-021,A,Tool_21,Press Tool,Plant-C,2026-01-09,2026-04-09,Out of Service,95.18,Atlas Copco,SN100020
M10434,MA1AB100000003434,WO13434,Sedan X,TRIM-1,STN-02,2026-03-04 05:32,ENG-1304,SUP-199,EMP237,TL-083,A,Tool_83,Nut Runner,Plant-A,2026-01-22,2026-04-22,Out of Service,98.35,Bosch,SN100082
M10435,MA1AB100000003435,WO13435,Hatch Z,GA-2,STN-04,2026-03-04 05:33,ENG-1175,SUP-160,EMP150,TL-076,B,Tool_76,Welding Gun,Plant-C,2026-02-22,2026-05-23,Maintenance,98.13,Ingersoll Rand,SN100075
M10436,MA1AB100000003436,WO13436,Sedan X,TRIM-1,STN-04,2026-03-04 05:35,ENG-1038,SUP-180,EMP217,TL-013,,Tool_13,Nut Runner,Plant-B,2026-04-05,2026-07-04,Active,99.14,Bosch,SN100012
M10437,MA1AB100000003437,WO13437,SUV Pro,GA-2, stn-05 ,2026-03-04 05:36,ENG-1205,SUP-033,EMP316,TL-036,,Tool_36,Nut Runner,Plant-B,2026-02-08,2026-05-09,Active,95.2,Stanley,SN100035
M10438,MA1AB100000003438,WO13438,SUV Pro,GA-2, stn-05 ,2026-03-04 05:37,ENG-1436,SUP-131,EMP304,TL-033,,Tool_33,Welding Gun,Plant-C,2026-02-25,2026-05-26,Active,97.63,Bosch,SN100032
M10439,MA1AB100000003439,WO13439,Sedan X,GA-2, stn-05 ,2026-03-04 05:38,ENG-1013,SUP-159,EMP317,TL-016,,Tool_16,Robot Arm,Plant-B,2026-04-27,2026-07-26,Active,98.18,Atlas Copco,SN100015
M10440,MA1AB100000003440,WO13440,Sedan X,GA-1,STN-01,2026-03-04 05:40,ENG-1292,SUP-152,EMP181,TL-085,C,Tool_85,Nut Runner,Plant-A,2026-01-29,2026-04-29,Out of Service,98.68,Stanley,SN100084
M10441,MA1AB100000003441,WO13441,SUV Pro,GA-2,STN-03,2026-03-04 05:41,ENG-1031,SUP-049,EMP185,TL-091,A,Tool_91,Nut Runner,Plant-B,2026-03-20,2026-06-18,Active,95.45,Atlas Copco,SN100090
M10442,MA1AB100000003442,WO13442,Sedan X,PAINT-1, stn-05 ,2026-03-04 05:42,ENG-1117,SUP-085,EMP281,TL-002,C,Tool_2,Nut Runner,Plant-A,2026-04-22,2026-07-21,Active,97.47,Bosch,SN100001
M10443,MA1AB100000003443,WO13443,Sedan X,PAINT-1,STN-02,2026-03-04 05:43,ENG-1368,SUP-198,EMP171,TL-013,A,Tool_13,Nut Runner,Plant-B,2026-04-05,2026-07-04,Active,99.14,Bosch,SN100012
M10444,MA1AB100000003444,WO13444,SUV Pro,GA-2, stn-05 ,2026-03-04 05:45,ENG-1430,SUP-013,EMP364,TL-057,,Tool_57,Welding Gun,Plant-A,2026-05-01,2026-07-30,Active,98.96,Bosch,SN100056
M10445,MA1AB100000003445,WO13445,Hatch Z,TRIM-1, stn-05 ,2026-03-04 05:46,ENG-1071,SUP-067,EMP338,TL-078,B,Tool_78,Press Tool,Plant-A,2026-03-26,2026-06-24,Maintenance,99.88,Bosch,SN100077
M10446,MA1AB100000003446,WO13446,SUV Pro,PAINT-1,Stn-03,2026-03-04 05:47,ENG-1067,SUP-040,EMP147,TL-065,B,Tool_65,Torque Wrench,Plant-C,2026-01-31,2026-05-01,Maintenance,97.24,Bosch,SN100064
M10447,MA1AB100000003447,WO13447,Hatch Z,PAINT-1, stn-05 ,2026-03-04 05:48,ENG-1408,SUP-173,EMP264,TL-090,A,Tool_90,Nut Runner,Plant-C,2026-05-12,2026-08-10,Out of Service,97.28,Stanley,SN100089
M10448,MA1AB100000003448,WO13448,Hatch Z,GA-2, stn-05 ,2026-03-04 05:50,ENG-1474,SUP-002,EMP254,TL-099,,Tool_99,Welding Gun,Plant-B,2026-05-20,2026-08-18,Active,97.05,Atlas Copco,SN100098
M10449,MA1AB100000003449,WO13449,SUV Pro,GA-1,STN-04,2026-03-04 05:51,ENG-1252,SUP-163,EMP295,TL-074,B,Tool_74,Robot Arm,Plant-B,2026-01-04,2026-04-04,Active,97.63,Stanley,SN100073
M10450,MA1AB100000003450,WO13450,Sedan X,GA-2,Stn-03,2026-03-04 05:52,ENG-1087,SUP-151,EMP385,TL-056,C,Tool_56,Torque Wrench,Plant-C,2026-04-06,2026-07-05,Active,97.45,Atlas Copco,SN100055
M10451,MA1AB100000003451,WO13451,Sedan X,PAINT-1,Stn-03,2026-03-04 05:53,ENG-1316,SUP-015,EMP184,TL-044,,Tool_44,Press Tool,Plant-C,2026-01-16,2026-04-16,Maintenance,99.03,Bosch,SN100043
M10452,MA1AB100000003452,WO13452,Hatch Z,PAINT-1,STN-04,2026-03-04 05:55,ENG-1140,SUP-015,EMP366,TL-043,C,Tool_43,Torque Wrench,Plant-B,2026-04-28,2026-07-27,Active,96.51,Ingersoll Rand,SN100042
M10453,MA1AB100000003453,WO13453,Hatch Z,GA-2,Stn-03,2026-03-04 05:56,ENG-1378,SUP-139,EMP187,TL-100,C,Tool_100,Welding Gun,Plant-A,2026-04-25,2026-07-24,Maintenance,97.13,Ingersoll Rand,SN100099
M10454,MA1AB100000003454,WO13454,Hatch Z,TRIM-1, stn-05 ,2026-03-04 05:57,ENG-1406,SUP-123,EMP169,TL-052,B,Tool_52,Torque Wrench,Plant-A,2026-04-12,2026-07-11,Out of Service,99.68,Ingersoll Rand,SN100051
M10455,MA1AB100000003455,WO13455,Sedan X,PAINT-1,STN-04,2026-03-04 05:58,ENG-1246,SUP-033,EMP399,TL-100,B,Tool_100,Welding Gun,Plant-A,2026-04-25,2026-07-24,Maintenance,97.13,Ingersoll Rand,SN100099
M10456,MA1AB100000003456,WO13456,SUV Pro,PAINT-1,STN-02,2026-03-04 06:00,ENG-1441,SUP-200,EMP263,TL-095,C,Tool_95,Nut Runner,Plant-A,2026-06-25,2026-09-23,Active,99.37,Bosch,SN100094
M10457,MA1AB100000003457,WO13457,Sedan X,TRIM-1,STN-02,2026-03-04 06:01,ENG-1284,SUP-041,EMP188,TL-024,C,Tool_24,Robot Arm,Plant-A,2026-02-23,2026-05-24,Active,96.19,Ingersoll Rand,SN100023
M10458,MA1AB100000003458,WO13458,Sedan X,GA-1,STN-05,2026-03-04 06:02,ENG-1093,SUP-091,EMP307,TL-022,C,Tool_22,Press Tool,Plant-C,2026-03-22,2026-06-20,Out of Service,95.43,Bosch,SN100021
M10459,MA1AB100000003459,WO13459,SUV Pro,GA-2,STN-05,2026-03-04 06:03,ENG-1210,SUP-049,EMP228,TL-024,A,Tool_24,Robot Arm,Plant-A,2026-02-23,2026-05-24,Active,96.19,Ingersoll Rand,SN100023
M10460,MA1AB100000003460,WO13460,Sedan X,GA-2,Stn-03,2026/03/04 06:05,ENG-1083,SUP-063,EMP240,TL-012,C,Tool_12,Press Tool,Plant-B,2026-05-30,2026-08-28,Out of Service,98.02,Bosch,SN100011
M10461,MA1AB100000003461,WO13461,Hatch Z,GA-2,STN-05,2026-03-04 06:06,ENG-1005,SUP-004,EMP313,TL-051,B,Tool_51,Nut Runner,Plant-C,2026-04-06,2026-07-05,Active,97.28,Bosch,SN100050
M10462,MA1AB100000003462,WO13462,Hatch Z,TRIM-1,STN-01,2026-03-04 06:07,ENG-1068,SUP-105,EMP304,TL-001,C,Tool_1,Welding Gun,Plant-A,2026-05-21,2026-08-19,Maintenance,98.97,Bosch,SN100000
M10463,MA1AB100000003463,WO13463,SUV Pro,GA-1,STN-05,2026-03-04 06:08,ENG-1184,SUP-111,EMP199,TL-024,A,Tool_24,Robot Arm,Plant-A,2026-02-23,2026-05-24,Active,96.19,Ingersoll Rand,SN100023
M10464,MA1AB100000003464,WO13464,SUV Pro,PAINT-1, stn-05 ,2026-03-04 06:10,ENG-1020,SUP-005,EMP218,TL-079,A,Tool_79,Press Tool,Plant-C,2026-04-14,2026-07-13,Active,96.15,Ingersoll Rand,SN100078
M10465,MA1AB100000003465,WO13465,Sedan X,GA-1,STN-05,2026-03-04 06:11,ENG-1112,SUP-063,EMP289,TL-098,B,Tool_98,Press Tool,Plant-A,2026-06-01,2026-08-30,Active,98.11,Stanley,SN100097
M10466,MA1AB100000003466,WO13466,Hatch Z,GA-2,STN-02,2026-03-04 06:12,ENG-1082,SUP-077,EMP337,TL-012,A,Tool_12,Press Tool,Plant-B,2026-05-30,2026-08-28,Out of Service,98.02,Bosch,SN100011
M10467,MA1AB100000003467,WO13467,Hatch Z,GA-2,STN-04,2026-03-04 06:13,ENG-1436,SUP-002,EMP123,TL-054,A,Tool_54,Press Tool,Plant-C,2026-01-18,2026-04-18,Active,99.35,Ingersoll Rand,SN100053
M10468,MA1AB100000003468,WO13468,Hatch Z,GA-2,STN-04,2026-03-04 06:15,ENG-1248,SUP-169,EMP119,TL-042,,Tool_42,Welding Gun,Plant-C,2026-03-03,2026-06-01,Out of Service,97.14,Ingersoll Rand,SN100041
M10469,MA1AB100000003469,WO13469,SUV Pro,TRIM-1,STN-01,2026-03-04 06:16,ENG-1472,SUP-176,EMP314,TL-008,,Tool_8,Welding Gun,Plant-A,2026-06-05,2026-09-03,Maintenance,95.49,Ingersoll Rand,SN100007
M10470,MA1AB100000003470,WO13470,SUV Pro,GA-2,STN-04,2026-03-04 06:17,ENG-1144,SUP-056,EMP369,TL-092,C,Tool_92,Nut Runner,Plant-C,2026-06-25,2026-09-23,Active,97.7,Bosch,SN100091
M10471,MA1AB100000003471,WO13471,Sedan X,GA-1,STN-05,2026-03-04 06:18,ENG-1166,SUP-059,EMP337,TL-023,B,Tool_23,Welding Gun,Plant-A,2026-04-29,2026-07-28,Active,95.35,Bosch,SN100022
M10472,MA1AB100000003472,WO13472,SUV Pro,TRIM-1,STN-01,2026-03-04 06:20,ENG-1227,SUP-109,EMP175,TL-029,A,Tool_29,Press Tool,Plant-C,2026-04-30,2026-07-29,Maintenance,98.95,Stanley,SN100028
M10473,MA1AB100000003473,WO13473,Sedan X,GA-2,Stn-03,2026-03-04 06:21,ENG-1210,SUP-030,EMP106,TL-083,C,Tool_83,Nut Runner,Plant-A,2026-01-22,2026-04-22,Out of Service,98.35,Bosch,SN100082
M10474,MA1AB100000003474,WO13474,SUV Pro,GA-1,STN-04,2026-03-04 06:22,ENG-1153,SUP-036,EMP202,TL-092,A,Tool_92,Nut Runner,Plant-C,2026-06-25,2026-09-23,Active,97.7,Bosch,SN100091
M10475,MA1AB100000003475,WO13475,SUV Pro,PAINT-1,STN-03,2026-03-04 06:23,ENG-1460,SUP-074,EMP159,TL-096,B,Tool_96,Nut Runner,Plant-A,2026-04-26,2026-07-25,Active,95.35,Stanley,SN100095
M10476,MA1AB100000003476,WO13476,SUV Pro,GA-2,STN-04,2026-03-04 06:25,ENG-1240,SUP-169,EMP298,TL-067,C,Tool_67,Torque Wrench,Plant-A,2026-02-10,2026-05-11,Active,95.24,Bosch,SN100066
M10477,MA1AB100000003477,WO13477,SUV Pro,TRIM-1,Stn-03,2026-03-04 06:26,ENG-1016,SUP-109,EMP206,TL-033,C,Tool_33,Welding Gun,Plant-C,2026-02-25,2026-05-26,Active,97.63,Bosch,SN100032
M10478,MA1AB100000003478,WO13478,Sedan X,GA-1,Stn-03,2026-03-04 06:27,ENG-1142,SUP-110,EMP135,TL-061,C,Tool_61,Nut Runner,Plant-C,2026-06-29,2026-09-27,Active,99.71,Ingersoll Rand,SN100060
M10479,MA1AB100000003479,WO13479,SUV Pro,GA-1,STN-05,2026-03-04 06:28,ENG-1281,SUP-113,EMP110,TL-012,,Tool_12,Press Tool,Plant-B,2026-05-30,2026-08-28,Out of Service,98.02,Bosch,SN100011
M10480,MA1AB100000003480,WO13480,Hatch Z,GA-2,STN-02,2026-03-04 06:30, eng-1001 ,SUP-077,EMP193,TL-006,B,Tool_6,Nut Runner,Plant-B,2026-01-25,2026-04-25,Maintenance,98.24,Ingersoll Rand,SN100005
M10481,MA1AB100000003481,WO13481,SUV Pro,GA-2,STN-04,2026-03-04 06:31,ENG-1157,SUP-069,EMP236,TL-010,,Tool_10,Welding Gun,Plant-B,2026-02-07,2026-05-08,Maintenance,98.91,Atlas Copco,SN100009
M10482,MA1AB100000003482,WO13482,Sedan X,GA-2,STN-03,2026-03-04 06:32,ENG-1176,SUP-110,EMP271,TL-026,,Tool_26,Robot Arm,Plant-A,2026-05-25,2026-08-23,Out of Service,99.11,Atlas Copco,SN100025
M10483,MA1AB100000003483,WO13483,Hatch Z,PAINT-1,STN-04,2026-03-04 06:33,ENG-1291,SUP-195,EMP105,TL-022,C,Tool_22,Press Tool,Plant-C,2026-03-22,2026-06-20,Out of Service,95.43,Bosch,SN100021
M10484,MA1AB100000003484,WO13484,SUV Pro,PAINT-1, stn-05 ,2026-03-04 06:35,ENG-1115,SUP-097,EMP170,TL-054,A,Tool_54,Press Tool,Plant-C,2026-01-18,2026-04-18,Active,99.35,Ingersoll Rand,SN100053
M10485,MA1AB100000003485,WO13485,SUV Pro,TRIM-1,STN-02,2026-03-04 06:36,ENG-1101,SUP-133,EMP322,TL-094,C,Tool_94,Press Tool,Plant-C,2026-05-10,2026-08-08,Maintenance,98.64,Stanley,SN100093
M10486,MA1AB100000003486,WO13486,Sedan X,GA-1,STN-01,2026-03-04 06:37,ENG-1304,SUP-087,EMP216,TL-065,C,Tool_65,Torque Wrench,Plant-C,2026-01-31,2026-05-01,Maintenance,97.24,Bosch,SN100064
M10487,MA1AB100000003487,WO13487,Hatch Z,PAINT-1,STN-04,2026-03-04 06:38,ENG-1379,SUP-069,EMP189,TL-012,,Tool_12,Press Tool,Plant-B,2026-05-30,2026-08-28,Out of Service,98.02,Bosch,SN100011
M10488,MA1AB100000003488,WO13488,Hatch Z,PAINT-1,STN-02,2026-03-04 06:40,ENG-1164,SUP-200,EMP108,TL-005,B,Tool_5,Torque Wrench,Plant-C,2026-02-02,2026-05-03,Maintenance,99.68,Ingersoll Rand,SN100004
M10489,MA1AB100000003489,WO13489,SUV Pro,GA-1,STN-03,2026-03-04 06:41,ENG-1344,SUP-110,EMP125,TL-040,,Tool_40,Welding Gun,Plant-A,2026-04-02,2026-07-01,Active,98.84,Atlas Copco,SN100039
M10490,MA1AB100000003490,WO13490,Hatch Z,TRIM-1, stn-05 ,2026-03-04 06:42,ENG-1048,SUP-076,EMP213,TL-059,C,Tool_59,Robot Arm,Plant-B,2026-04-15,2026-07-14,Active,95.72,Stanley,SN100058
M10491,MA1AB100000003491,WO13491,SUV Pro,GA-2,STN-04,2026-03-04 06:43,ENG-1026,SUP-102,EMP292,TL-011,,Tool_11,Welding Gun,Plant-B,2026-01-03,2026-04-03,Out of Service,99.43,Atlas Copco,SN100010
M10492,MA1AB100000003492,WO13492,Hatch Z,PAINT-1,STN-04,2026-03-04 06:45,ENG-1131,SUP-107,EMP339,TL-017,,Tool_17,Torque Wrench,Plant-C,2026-01-08,2026-04-08,Maintenance,96.84,Atlas Copco,SN100016
M10493,MA1AB100000003493,WO13493,Sedan X,TRIM-1,STN-05,2026-03-04 06:46,ENG-1473,SUP-018,EMP288,TL-085,C,Tool_85,Nut Runner,Plant-A,2026-01-29,2026-04-29,Out of Service,98.68,Stanley,SN100084
M10494,MA1AB100000003494,WO13494,Hatch Z,GA-1,STN-05,2026-03-04 06:47,ENG-1190,SUP-133,EMP392,TL-005,A,Tool_5,Torque Wrench,Plant-C,2026-02-02,2026-05-03,Maintenance,99.68,Ingersoll Rand,SN100004
M10495,MA1AB100000003495,WO13495,Sedan X,TRIM-1,STN-04,2026-03-04 06:48,ENG-1473,SUP-179,EMP185,TL-074,A,Tool_74,Robot Arm,Plant-B,2026-01-04,2026-04-04,Active,97.63,Stanley,SN100073
M10496,MA1AB100000003496,WO13496,Sedan X,PAINT-1,STN-03,2026-03-04 06:50,ENG-1020,SUP-179,EMP332,TL-084,,Tool_84,Torque Wrench,Plant-C,2026-02-03,2026-05-04,Out of Service,97.78,Ingersoll Rand,SN100083
M10497,MA1AB100000003497,WO13497,Sedan X,PAINT-1,STN-02,2026-03-04 06:51,ENG-1186,SUP-106,EMP319,TL-005,C,Tool_5,Torque Wrench,Plant-C,2026-02-02,2026-05-03,Maintenance,99.68,Ingersoll Rand,SN100004
M10498,MA1AB100000003498,WO13498,Sedan X,GA-2, stn-05 ,2026-03-04 06:52,ENG-1126,SUP-114,EMP236,TL-055,B,Tool_55,Nut Runner,Plant-A,2026-01-22,2026-04-22,Out of Service,95.5,Atlas Copco,SN100054
M10499,MA1AB100000003499,WO13499,Sedan X,GA-1,STN-04,2026-03-04 06:53,ENG-1247,SUP-166,EMP325,TL-086,B,Tool_86,Press Tool,Plant-B,2026-03-20,2026-06-18,Active,96.21,Bosch,SN100085
M10500,MA1AB100000003500,WO13500,Sedan X,TRIM-1,STN-04,2026-03-04 06:55,ENG-1358,SUP-031,EMP380,TL-018,B,Tool_18,Robot Arm,Plant-B,2026-06-15,2026-09-13,Out of Service,95.48,Stanley,SN100017
M10501,MA1AB100000003501,WO13501,Hatch Z,GA-2,STN-04,2026-03-04 06:56,ENG-1210,SUP-122,EMP394,TL-083,C,Tool_83,Nut Runner,Plant-A,2026-01-22,2026-04-22,Out of Service,98.35,Bosch,SN100082
M10502,MA1AB100000003502,WO13502,Sedan X,GA-1,Stn-03,2026-03-04 06:57,ENG-1262,SUP-116,EMP360,TL-083,,Tool_83,Nut Runner,Plant-A,2026-01-22,2026-04-22,Out of Service,98.35,Bosch,SN100082
M10503,MA1AB100000003503,WO13503,SUV Pro,GA-2,STN-05,2026-03-04 06:58,ENG-1389,SUP-085,EMP123,TL-050,,Tool_50,Welding Gun,Plant-C,2026-04-30,2026-07-29,Maintenance,98.51,Ingersoll Rand,SN100049
M10504,MA1AB100000003504,WO13504,Sedan X,TRIM-1,STN-02,2026-03-04 07:00,ENG-1155,SUP-175,EMP186,TL-090,,Tool_90,Nut Runner,Plant-C,2026-05-12,2026-08-10,Out of Service,97.28,Stanley,SN100089
M10505,MA1AB100000003505,WO13505,SUV Pro,GA-1, stn-05 ,2026-03-04 07:01,ENG-1432,SUP-081,EMP265,TL-003,C,Tool_3,Robot Arm,Plant-C,2026-02-25,2026-05-26,Active,97.36,Atlas Copco,SN100002
M10506,MA1AB100000003506,WO13506,Hatch Z,GA-2,STN-02,2026-03-04 07:02,ENG-1424,SUP-031,EMP333,TL-008,C,Tool_8,Welding Gun,Plant-A,2026-06-05,2026-09-03,Maintenance,95.49,Ingersoll Rand,SN100007
M10507,MA1AB100000003507,WO13507,Hatch Z,TRIM-1,Stn-03,2026-03-04 07:03,ENG-1358,SUP-196,EMP139,TL-070,,Tool_70,Robot Arm,Plant-C,2026-04-23,2026-07-22,Maintenance,98.03,Bosch,SN100069
M10508,MA1AB100000003508,WO13508,Hatch Z,TRIM-1,STN-01,2026-03-04 07:05,ENG-1208,SUP-101,EMP205,TL-024,A,Tool_24,Robot Arm,Plant-A,2026-02-23,2026-05-24,Active,96.19,Ingersoll Rand,SN100023
M10509,MA1AB100000003509,WO13509,Sedan X,TRIM-1,Stn-03,2026-03-04 07:06,ENG-1083,SUP-148,EMP107,TL-061,B,Tool_61,Nut Runner,Plant-C,2026-06-29,2026-09-27,Active,99.71,Ingersoll Rand,SN100060
M10510,MA1AB100000003510,WO13510,Hatch Z,GA-2,Stn-03,2026-03-04 07:07,ENG-1428,SUP-131,EMP141,TL-087,B,Tool_87,Robot Arm,Plant-B,2026-02-09,2026-05-10,Maintenance,99.98,Stanley,SN100086
M10511,MA1AB100000003511,WO13511,SUV Pro,GA-1,STN-05,2026-03-04 07:08,ENG-1078,SUP-108,EMP265,TL-099,B,Tool_99,Welding Gun,Plant-B,2026-05-20,2026-08-18,Active,97.05,Atlas Copco,SN100098
M10512,MA1AB100000003512,WO13512,Sedan X,TRIM-1,STN-01,2026-03-04 07:10,ENG-1234,SUP-189,EMP103,TL-069,,Tool_69,Torque Wrench,Plant-B,2026-01-29,2026-04-29,Active,98.16,Bosch,SN100068
M10513,MA1AB100000003513,WO13513,SUV Pro,PAINT-1,STN-02,2026-03-04 07:11,ENG-1207,SUP-151,EMP249,TL-021,A,Tool_21,Press Tool,Plant-C,2026-01-09,2026-04-09,Out of Service,95.18,Atlas Copco,SN100020
M10514,MA1AB100000003514,WO13514,Sedan X,GA-2,STN-01,2026-03-04 07:12,ENG-1345,SUP-198,EMP221,TL-042,C,Tool_42,Welding Gun,Plant-C,2026-03-03,2026-06-01,Out of Service,97.14,Ingersoll Rand,SN100041
M10515,MA1AB100000003515,WO13515,Hatch Z,GA-1,STN-01,2026-03-04 07:13,ENG-1144,SUP-092,EMP389,TL-079,,Tool_79,Press Tool,Plant-C,2026-04-14,2026-07-13,Active,96.15,Ingersoll Rand,SN100078
M10516,MA1AB100000003516,WO13516,SUV Pro,GA-1,STN-04,2026-03-04 07:15,ENG-1306,SUP-046,EMP132,TL-079,C,Tool_79,Press Tool,Plant-C,2026-04-14,2026-07-13,Active,96.15,Ingersoll Rand,SN100078
M10517,MA1AB100000003517,WO13517,Hatch Z,TRIM-1,STN-02,2026-03-04 07:16,ENG-1001,SUP-095,EMP232,TL-078,B,Tool_78,Press Tool,Plant-A,2026-03-26,2026-06-24,Maintenance,99.88,Bosch,SN100077
M10518,MA1AB100000003518,WO13518,SUV Pro,GA-2,STN-05,2026-03-04 07:17,ENG-1467,SUP-132,EMP242,TL-085,B,Tool_85,Nut Runner,Plant-A,2026-01-29,2026-04-29,Out of Service,98.68,Stanley,SN100084
M10519,MA1AB100000003519,WO13519,Sedan X,GA-2,Stn-03,2026-03-04 07:18,ENG-1446,SUP-178,EMP138,TL-060,A,Tool_60,Welding Gun,Plant-B,2026-02-09,2026-05-10,Active,95.55,Atlas Copco,SN100059
M10520,MA1AB100000003520,WO13520,SUV Pro,TRIM-1,STN-05,2026-03-04 07:20,ENG-1440,SUP-002,EMP297,TL-082,,Tool_82,Nut Runner,Plant-B,2026-03-18,2026-06-16,Active,95.75,Atlas Copco,SN100081
M10521,MA1AB100000003521,WO13521,Hatch Z,PAINT-1, stn-05 ,2026-03-04 07:21,ENG-1113,SUP-174,EMP158,TL-044,A,Tool_44,Press Tool,Plant-C,2026-01-16,2026-04-16,Maintenance,99.03,Bosch,SN100043
M10522,MA1AB100000003522,WO13522,Sedan X,TRIM-1, stn-05 ,2026-03-04 07:22,ENG-1435,SUP-065,EMP397,TL-093,B,Tool_93,Nut Runner,Plant-A,2026-03-03,2026-06-01,Out of Service,98.43,Ingersoll Rand,SN100092
M10523,MA1AB100000003523,WO13523,Hatch Z,GA-1,STN-03,2026-03-04 07:23,ENG-1000,SUP-052,EMP329,TL-100,A,Tool_100,Welding Gun,Plant-A,2026-04-25,2026-07-24,Maintenance,97.13,Ingersoll Rand,SN100099
M10524,MA1AB100000003524,WO13524,Sedan X,TRIM-1,STN-01,2026-03-04 07:25,ENG-1479,SUP-154,EMP179,TL-053,C,Tool_53,Nut Runner,Plant-A,2026-02-27,2026-05-28,Out of Service,96.41,Stanley,SN100052
M10525,MA1AB100000003525,WO13525,Sedan X,TRIM-1,STN-01,2026-03-04 07:26,ENG-1104,SUP-008,EMP362,TL-081,A,Tool_81,Nut Runner,Plant-A,2026-06-21,2026-09-19,Maintenance,97.61,Atlas Copco,SN100080
M10526,MA1AB100000003526,WO13526,Hatch Z,GA-1,STN-04,2026-03-04 07:27,ENG-1081,SUP-103,EMP176,TL-068,B,Tool_68,Press Tool,Plant-A,2026-04-15,2026-07-14,Active,97.42,Bosch,SN100067
M10527,MA1AB100000003527,WO13527,Hatch Z,TRIM-1,STN-05,2026-03-04 07:28,ENG-1089,SUP-167,EMP251,TL-039,C,Tool_39,Nut Runner,Plant-C,2026-02-15,2026-05-16,Maintenance,97.07,Ingersoll Rand,SN100038
M10528,MA1AB100000003528,WO13528,Sedan X,GA-1,STN-04,2026-03-04 07:30,ENG-1075,SUP-133,EMP359,TL-085,C,Tool_85,Nut Runner,Plant-A,2026-01-29,2026-04-29,Out of Service,98.68,Stanley,SN100084
M10529,MA1AB100000003529,WO13529,Hatch Z,GA-2, stn-05 ,2026-03-04 07:31,ENG-1331,SUP-120,EMP241,TL-012,A,Tool_12,Press Tool,Plant-B,2026-05-30,2026-08-28,Out of Service,98.02,Bosch,SN100011
M10530,MA1AB100000003530,WO13530,SUV Pro,GA-1,STN-04,2026-03-04 07:32,ENG-1479,SUP-152,EMP157,TL-093,,Tool_93,Nut Runner,Plant-A,2026-03-03,2026-06-01,Out of Service,98.43,Ingersoll Rand,SN100092
M10531,MA1AB100000003531,WO13531,Sedan X,GA-2,Stn-03,2026-03-04 07:33,ENG-1241,SUP-104,EMP300,TL-017,A,Tool_17,Torque Wrench,Plant-C,2026-01-08,2026-04-08,Maintenance,96.84,Atlas Copco,SN100016
M10532,MA1AB100000003532,WO13532,Hatch Z,GA-1,STN-05,2026-03-04 07:35,ENG-1068,SUP-005,EMP222,TL-080,A,Tool_80,Robot Arm,Plant-B,2026-03-23,2026-06-21,Maintenance,97.79,Atlas Copco,SN100079
M10533,MA1AB100000003533,WO13533,SUV Pro,GA-1, stn-05 ,2026-03-04 07:36,ENG-1387,SUP-045,EMP315,TL-025,C,Tool_25,Nut Runner,Plant-C,2026-02-19,2026-05-20,Out of Service,98.88,Atlas Copco,SN100024
M10534,MA1AB100000003534,WO13534,SUV Pro,PAINT-1,STN-02,2026-03-04 07:37,ENG-1166,SUP-153,EMP295,TL-081,B,Tool_81,Nut Runner,Plant-A,2026-06-21,2026-09-19,Maintenance,97.61,Atlas Copco,SN100080
M10535,MA1AB100000003535,WO13535,Hatch Z,PAINT-1,STN-03,2026-03-04 07:38,ENG-1267,SUP-175,EMP348,TL-001,A,Tool_1,Welding Gun,Plant-A,2026-05-21,2026-08-19,Maintenance,98.97,Bosch,SN100000
M10536,MA1AB100000003536,WO13536,Sedan X,GA-1, stn-05 ,2026-03-04 07:40,ENG-1382,SUP-076,EMP173,TL-039,B,Tool_39,Nut Runner,Plant-C,2026-02-15,2026-05-16,Maintenance,97.07,Ingersoll Rand,SN100038
M10537,MA1AB100000003537,WO13537,Hatch Z,PAINT-1,STN-02,2026-03-04 07:41,ENG-1208,SUP-153,EMP109,TL-075,A,Tool_75,Press Tool,Plant-C,2026-04-22,2026-07-21,Active,99.86,Ingersoll Rand,SN100074
M10538,MA1AB100000003538,WO13538,Sedan X,GA-2,STN-04,2026-03-04 07:42,ENG-1186,SUP-064,EMP104,TL-024,C,Tool_24,Robot Arm,Plant-A,2026-02-23,2026-05-24,Active,96.19,Ingersoll Rand,SN100023
M10539,MA1AB100000003539,WO13539,Hatch Z,TRIM-1,STN-04,2026-03-04 07:43,ENG-1421,SUP-181,EMP130,TL-032,,Tool_32,Press Tool,Plant-A,2026-03-27,2026-06-25,Maintenance,97.67,Bosch,SN100031
M10540,MA1AB100000003540,WO13540,Hatch Z,TRIM-1,STN-01,2026-03-04 07:45,ENG-1067,SUP-194,EMP250,TL-032,,Tool_32,Press Tool,Plant-A,2026-03-27,2026-06-25,Maintenance,97.67,Bosch,SN100031
M10541,MA1AB100000003541,WO13541,SUV Pro,GA-2,Stn-03,2026-03-04 07:46,ENG-1391,SUP-177,EMP257,TL-006,C,Tool_6,Nut Runner,Plant-B,2026-01-25,2026-04-25,Maintenance,98.24,Ingersoll Rand,SN100005
M10542,MA1AB100000003542,WO13542,SUV Pro,GA-2, stn-05 ,2026-03-04 07:47,ENG-1391,SUP-109,EMP230,TL-065,A,Tool_65,Torque Wrench,Plant-C,2026-01-31,2026-05-01,Maintenance,97.24,Bosch,SN100064
M10543,MA1AB100000003543,WO13543,Hatch Z,TRIM-1,Stn-03,2026-03-04 07:48,ENG-1188,SUP-200,EMP242,TL-087,A,Tool_87,Robot Arm,Plant-B,2026-02-09,2026-05-10,Maintenance,99.98,Stanley,SN100086
M10544,MA1AB100000003544,WO13544,Sedan X,TRIM-1,Stn-03,2026-03-04 07:50,ENG-1359,SUP-070,EMP361,TL-070,B,Tool_70,Robot Arm,Plant-C,2026-04-23,2026-07-22,Maintenance,98.03,Bosch,SN100069
M10545,MA1AB100000003545,WO13545,Sedan X,PAINT-1,Stn-03,2026-03-04 07:51,ENG-1367,SUP-146,EMP331,TL-064,B,Tool_64,Press Tool,Plant-A,2026-02-03,2026-05-04,Active,98.09,Atlas Copco,SN100063
M10546,MA1AB100000003546,WO13546,Hatch Z,PAINT-1,STN-03,2026-03-04 07:52,ENG-1480,SUP-183,EMP304,TL-053,B,Tool_53,Nut Runner,Plant-A,2026-02-27,2026-05-28,Out of Service,96.41,Stanley,SN100052
M10547,MA1AB100000003547,WO13547,Sedan X,GA-2,STN-02,2026-03-04 07:53,ENG-1219,SUP-010,EMP295,TL-052,,Tool_52,Torque Wrench,Plant-A,2026-04-12,2026-07-11,Out of Service,99.68,Ingersoll Rand,SN100051
M10548,MA1AB100000003548,WO13548,Hatch Z,TRIM-1,STN-03,2026-03-04 07:55,ENG-1299,SUP-019,EMP166,TL-048,C,Tool_48,Nut Runner,Plant-B,2026-04-17,2026-07-16,Active,96.56,Stanley,SN100047
M10549,MA1AB100000003549,WO13549,Hatch Z,TRIM-1,Stn-03,2026-03-04 07:56,ENG-1454,SUP-171,EMP189,TL-018,A,Tool_18,Robot Arm,Plant-B,2026-06-15,2026-09-13,Out of Service,95.48,Stanley,SN100017
M10550,MA1AB100000003550,WO13550,SUV Pro,GA-2,STN-05,2026-03-04 07:57,ENG-1268,SUP-100,EMP194,TL-022,,Tool_22,Press Tool,Plant-C,2026-03-22,2026-06-20,Out of Service,95.43,Bosch,SN100021
M10551,MA1AB100000003551,WO13551,Hatch Z,GA-2,STN-01,2026-03-04 07:58,ENG-1196,SUP-107,EMP303,TL-010,,Tool_10,Welding Gun,Plant-B,2026-02-07,2026-05-08,Maintenance,98.91,Atlas Copco,SN100009
M10552,MA1AB100000003552,WO13552,Hatch Z,TRIM-1,STN-02,2026-03-04 08:00,ENG-1096,,EMP276,TL-049,B,Tool_49,Press Tool,Plant-A,2026-01-18,2026-04-18,Active,97.7,Atlas Copco,SN100048
M10553,MA1AB100000003553,WO13553,Hatch Z,GA-2,STN-02,2026-03-04 08:01,ENG-1164,SUP-193,EMP383,TL-095,,Tool_95,Nut Runner,Plant-A,2026-06-25,2026-09-23,Active,99.37,Bosch,SN100094
M10554,MA1AB100000003554,WO13554,SUV Pro,TRIM-1, stn-05 ,2026-03-04 08:02,ENG-1253,SUP-116,EMP195,TL-048,,Tool_48,Nut Runner,Plant-B,2026-04-17,2026-07-16,Active,96.56,Stanley,SN100047
M10555,MA1AB100000003555,WO13555,Sedan X,PAINT-1,STN-01,2026-03-04 08:03,ENG-1126,SUP-066,EMP368,TL-023,A,Tool_23,Welding Gun,Plant-A,2026-04-29,2026-07-28,Active,95.35,Bosch,SN100022
M10556,MA1AB100000003556,WO13556,Hatch Z,PAINT-1,STN-05,2026-03-04 08:05,ENG-1416,SUP-064,EMP148,TL-042,B,Tool_42,Welding Gun,Plant-C,2026-03-03,2026-06-01,Out of Service,97.14,Ingersoll Rand,SN100041
M10557,MA1AB100000003557,WO13557,Hatch Z,GA-2,Stn-03,2026-03-04 08:06,ENG-1306,SUP-022,EMP179,TL-017,,Tool_17,Torque Wrench,Plant-C,2026-01-08,2026-04-08,Maintenance,96.84,Atlas Copco,SN100016
M10558,MA1AB100000003558,WO13558,Sedan X,GA-1,STN-01,2026-03-04 08:07,ENG-1459,SUP-018,EMP248,TL-039,A,Tool_39,Nut Runner,Plant-C,2026-02-15,2026-05-16,Maintenance,97.07,Ingersoll Rand,SN100038
M10559,MA1AB100000003559,WO13559,Hatch Z,TRIM-1,STN-04,2026-03-04 08:08,ENG-1075,SUP-158,EMP134,TL-040,B,Tool_40,Welding Gun,Plant-A,2026-04-02,2026-07-01,Active,98.84,Atlas Copco,SN100039
M10560,MA1AB100000003560,WO13560,Sedan X,PAINT-1, stn-05 ,2026-03-04 08:10,ENG-1479,SUP-145,EMP136,TL-028,C,Tool_28,Press Tool,Plant-C,2026-01-25,2026-04-25,Out of Service,97.87,Ingersoll Rand,SN100027
M10561,MA1AB100000003561,WO13561,Sedan X,GA-1,STN-02,2026-03-04 08:11,ENG-1264,SUP-148,EMP353,TL-042,B,Tool_42,Welding Gun,Plant-C,2026-03-03,2026-06-01,Out of Service,97.14,Ingersoll Rand,SN100041
M10562,MA1AB100000003562,WO13562,Hatch Z,TRIM-1,STN-02,2026-03-04 08:12,ENG-1016,SUP-152,EMP376,TL-056,C,Tool_56,Torque Wrench,Plant-C,2026-04-06,2026-07-05,Active,97.45,Atlas Copco,SN100055
M10563,MA1AB100000003563,WO13563,Hatch Z,TRIM-1,STN-03,2026-03-04 08:13,ENG-1081,SUP-191,EMP169,TL-038,A,Tool_38,Welding Gun,Plant-B,2026-04-18,2026-07-17,Active,97.87,Ingersoll Rand,SN100037
M10564,MA1AB100000003564,WO13564,SUV Pro,GA-2,STN-01,2026-03-04 08:15,ENG-1265,SUP-047,EMP219,TL-044,B,Tool_44,Press Tool,Plant-C,2026-01-16,2026-04-16,Maintenance,99.03,Bosch,SN100043
M10565,MA1AB100000003565,WO13565,Sedan X,TRIM-1,STN-04,2026-03-04 08:16,ENG-1219,SUP-156,EMP152,TL-080,C,Tool_80,Robot Arm,Plant-B,2026-03-23,2026-06-21,Maintenance,97.79,Atlas Copco,SN100079
M10566,MA1AB100000003566,WO13566,Hatch Z,TRIM-1,STN-02,2026-03-04 08:17,ENG-1468,SUP-146,EMP379,TL-005,C,Tool_5,Torque Wrench,Plant-C,2026-02-02,2026-05-03,Maintenance,99.68,Ingersoll Rand,SN100004
M10567,MA1AB100000003567,WO13567,SUV Pro,GA-2,STN-01,2026-03-04 08:18,ENG-1043,SUP-122,EMP286,TL-032,A,Tool_32,Press Tool,Plant-A,2026-03-27,2026-06-25,Maintenance,97.67,Bosch,SN100031
M10568,MA1AB100000003568,WO13568,SUV Pro,TRIM-1,STN-04,2026-03-04 08:20,ENG-1051,SUP-135,EMP320,TL-074,C,Tool_74,Robot Arm,Plant-B,2026-01-04,2026-04-04,Active,97.63,Stanley,SN100073
M10569,MA1AB100000003569,WO13569,SUV Pro,GA-2,Stn-03,2026-03-04 08:21,ENG-1391,SUP-167,EMP248,TL-001,C,Tool_1,Welding Gun,Plant-A,2026-05-21,2026-08-19,Maintenance,98.97,Bosch,SN100000
M10570,MA1AB100000003570,WO13570,Sedan X,PAINT-1,STN-04,2026-03-04 08:22,ENG-1131,SUP-031,EMP183,TL-041,B,Tool_41,Robot Arm,Plant-A,2026-02-27,2026-05-28,Maintenance,97.13,Atlas Copco,SN100040
M10571,MA1AB100000003571,WO13571,Sedan X,GA-2,STN-04,2026-03-04 08:23,ENG-1338,SUP-159,EMP261,TL-052,A,Tool_52,Torque Wrench,Plant-A,2026-04-12,2026-07-11,Out of Service,99.68,Ingersoll Rand,SN100051
M10572,MA1AB100000003572,WO13572,Sedan X,GA-1,STN-04,2026-03-04 08:25,ENG-1250,SUP-127,EMP200,TL-083,B,Tool_83,Nut Runner,Plant-A,2026-01-22,2026-04-22,Out of Service,98.35,Bosch,SN100082
M10573,MA1AB100000003573,WO13573,Sedan X,TRIM-1,STN-03,2026-03-04 08:26,ENG-1031,SUP-058,EMP314,TL-012,B,Tool_12,Press Tool,Plant-B,2026-05-30,2026-08-28,Out of Service,98.02,Bosch,SN100011
M10574,MA1AB100000003574,WO13574,Sedan X,GA-2, stn-05 ,2026-03-04 08:27,ENG-1170,SUP-160,EMP398,TL-077,A,Tool_77,Welding Gun,Plant-C,2026-04-12,2026-07-11,Active,98.71,Stanley,SN100076
M10575,MA1AB100000003575,WO13575,Hatch Z,GA-2,STN-05,2026-03-04 08:28,ENG-1247,SUP-050,EMP207,TL-059,A,Tool_59,Robot Arm,Plant-B,2026-04-15,2026-07-14,Active,95.72,Stanley,SN100058
M10576,MA1AB100000003576,WO13576,Sedan X,PAINT-1, stn-05 ,2026-03-04 08:30,ENG-1094,SUP-076,EMP258,TL-036,,Tool_36,Nut Runner,Plant-B,2026-02-08,2026-05-09,Active,95.2,Stanley,SN100035
M10577,MA1AB100000003577,WO13577,SUV Pro,GA-1,Stn-03,2026-03-04 08:31,ENG-1138,SUP-127,EMP320,TL-004,,Tool_4,Press Tool,Plant-A,2026-01-19,2026-04-19,Active,97.49,Bosch,SN100003
M10578,MA1AB100000003578,WO13578,Hatch Z,TRIM-1,Stn-03,2026-03-04 08:32,ENG-1065,SUP-199,EMP215,TL-041,A,Tool_41,Robot Arm,Plant-A,2026-02-27,2026-05-28,Maintenance,97.13,Atlas Copco,SN100040
M10579,MA1AB100000003579,WO13579,Sedan X,TRIM-1,STN-04,2026-03-04 08:33,ENG-1164,SUP-020,EMP136,TL-999,,Unknown Tool,Unknown Type,,,,,,,
M10580,MA1AB100000003580,WO13580,Hatch Z,GA-1, stn-05 ,2026-03-04 08:35,ENG-1285,SUP-200,EMP282,TL-012,,Tool_12,Press Tool,Plant-B,2026-05-30,2026-08-28,Out of Service,98.02,Bosch,SN100011
M10581,MA1AB100000003581,WO13581,Hatch Z,GA-2, stn-05 ,2026-03-04 08:36,ENG-1085,SUP-138,EMP277,TL-011,C,Tool_11,Welding Gun,Plant-B,2026-01-03,2026-04-03,Out of Service,99.43,Atlas Copco,SN100010
M10582,MA1AB100000003582,WO13582,SUV Pro,TRIM-1,STN-02,2026-03-04 08:37,ENG-1497,SUP-066,EMP118,TL-078,A,Tool_78,Press Tool,Plant-A,2026-03-26,2026-06-24,Maintenance,99.88,Bosch,SN100077
M10583,MA1AB100000003583,WO13583,Hatch Z,PAINT-1,STN-05,2026-03-04 08:38,ENG-1000,SUP-089,EMP277,TL-070,A,Tool_70,Robot Arm,Plant-C,2026-04-23,2026-07-22,Maintenance,98.03,Bosch,SN100069
M10584,MA1AB100000003584,WO13584,Hatch Z,GA-1,STN-03,2026-03-04 08:40,ENG-1458,SUP-116,EMP233,TL-035,,Tool_35,Torque Wrench,Plant-A,2026-04-06,2026-07-05,Active,95.1,Atlas Copco,SN100034
M10585,MA1AB100000003585,WO13585,Hatch Z,PAINT-1,STN-02,2026-03-04 08:41,ENG-1308,SUP-171,EMP159,TL-051,A,Tool_51,Nut Runner,Plant-C,2026-04-06,2026-07-05,Active,97.28,Bosch,SN100050
M10586,MA1AB100000003586,WO13586,Hatch Z,TRIM-1,Stn-03,2026-03-04 08:42,ENG-1242,SUP-001,EMP125,TL-037,A,Tool_37,Torque Wrench,Plant-A,2026-02-12,2026-05-13,Maintenance,95.39,Bosch,SN100036
M10587,MA1AB100000003587,WO13587,Hatch Z,GA-2,Stn-03,2026-03-04 08:70,ENG-1410,SUP-004,EMP259,TL-041,C,Tool_41,Robot Arm,Plant-A,2026-02-27,2026-05-28,Maintenance,97.13,Atlas Copco,SN100040
M10588,MA1AB100000003588,WO13588,Sedan X,PAINT-1,STN-01,2026-03-04 08:45,ENG-1389,SUP-064,EMP379,TL-020,B,Tool_20,Robot Arm,Plant-C,2026-06-24,2026-09-22,Active,99.27,Ingersoll Rand,SN100019
M10589,MA1AB100000003589,WO13589,Sedan X,GA-1, stn-05 ,2026-03-04 08:46,ENG-1107,SUP-151,EMP295,TL-051,B,Tool_51,Nut Runner,Plant-C,2026-04-06,2026-07-05,Active,97.28,Bosch,SN100050
M10590,MA1AB100000003590,WO13590,Hatch Z,GA-1,STN-02,2026-03-04 08:47,ENG-1263,SUP-096,EMP378,TL-071,,Tool_71,Welding Gun,Plant-B,2026-04-11,2026-07-10,Active,98.12,Atlas Copco,SN100070
M10591,MA1AB100000003591,WO13591,Hatch Z,PAINT-1, stn-05 ,2026-03-04 08:48,ENG-1497,SUP-178,EMP110,TL-085,,Tool_85,Nut Runner,Plant-A,2026-01-29,2026-04-29,Out of Service,98.68,Stanley,SN100084
M10592,MA1AB100000003592,WO13592,Hatch Z,GA-1,STN-02,2026-03-04 08:50,ENG-1200,SUP-083,EMP180,TL-078,C,Tool_78,Press Tool,Plant-A,2026-03-26,2026-06-24,Maintenance,99.88,Bosch,SN100077
M10593,MA1AB100000003593,WO13593,Sedan X,TRIM-1,STN-03,2026-03-04 08:51,ENG-1354,SUP-112,EMP205,TL-027,B,Tool_27,Robot Arm,Plant-A,2026-03-13,2026-06-11,Active,95.63,Atlas Copco,SN100026
M10594,MA1AB100000003594,WO13594,SUV Pro,TRIM-1,STN-02,2026-03-04 08:52,ENG-1102,SUP-015,EMP197,TL-078,,Tool_78,Press Tool,Plant-A,2026-03-26,2026-06-24,Maintenance,99.88,Bosch,SN100077
M10595,MA1AB100000003595,WO13595,SUV Pro,PAINT-1,Stn-03,2026-03-04 08:53,ENG-1010,SUP-129,EMP359,TL-007,,Tool_7,Nut Runner,Plant-B,2026-06-11,2026-09-09,Out of Service,95.88,Stanley,SN100006
M10596,MA1AB100000003596,WO13596,SUV Pro,GA-1,STN-05,2026-03-04 08:55,ENG-1368,SUP-155,EMP385,TL-062,A,Tool_62,Robot Arm,Plant-A,2026-04-28,2026-07-27,Out of Service,95.44,Bosch,SN100061
M10597,MA1AB100000003597,WO13597,Hatch Z,GA-2,STN-01,2026-03-04 08:56,ENG-1347,SUP-184,EMP160,TL-077,A,Tool_77,Welding Gun,Plant-C,2026-04-12,2026-07-11,Active,98.71,Stanley,SN100076
M10598,MA1AB100000003598,WO13598,Hatch Z,PAINT-1,Stn-03,2026-03-04 08:57,ENG-1113,SUP-021,EMP147,TL-026,B,Tool_26,Robot Arm,Plant-A,2026-05-25,2026-08-23,Out of Service,99.11,Atlas Copco,SN100025
M10599,MA1AB100000003599,WO13599,SUV Pro,TRIM-1,STN-01,2026-03-04 08:58,ENG-1049,SUP-086,EMP375,TL-036,C,Tool_36,Nut Runner,Plant-B,2026-02-08,2026-05-09,Active,95.2,Stanley,SN100035
M10600,MA1AB100000003600,WO13600,Hatch Z,GA-1,STN-03,2026-03-04 09:00,ENG-1083,SUP-103,EMP223,TL-024,A,Tool_24,Robot Arm,Plant-A,2026-02-23,2026-05-24,Active,96.19,Ingersoll Rand,SN100023
M10601,MA1AB100000003601,WO13601,Sedan X,TRIM-1,STN-01,2026-03-04 09:01,ENG-1151,SUP-117,EMP181,TL-019,A,Tool_19,Torque Wrench,Plant-B,2026-05-30,2026-08-28,Active,96.08,Atlas Copco,SN100018
M10602,MA1AB100000003602,WO13602,SUV Pro,GA-2,STN-05,2026-03-04 09:02,ENG-1463,SUP-121,EMP103,TL-061,,Tool_61,Nut Runner,Plant-C,2026-06-29,2026-09-27,Active,99.71,Ingersoll Rand,SN100060
M10603,MA1AB100000003603,WO13603,SUV Pro,PAINT-1, stn-05 ,2026-03-04 09:03,ENG-1142,SUP-076,EMP345,TL-093,A,Tool_93,Nut Runner,Plant-A,2026-03-03,2026-06-01,Out of Service,98.43,Ingersoll Rand,SN100092
M10604,MA1AB100000003604,WO13604,Hatch Z,GA-2, stn-05 ,2026-03-04 09:05,ENG-1458,SUP-051,EMP140,TL-057,A,Tool_57,Welding Gun,Plant-A,2026-05-01,2026-07-30,Active,98.96,Bosch,SN100056
M10605,MA1AB100000003605,WO13605,SUV Pro,TRIM-1, stn-05 ,2026-03-04 09:06,ENG-1037,SUP-159,EMP393,TL-044,B,Tool_44,Press Tool,Plant-C,2026-01-16,2026-04-16,Maintenance,99.03,Bosch,SN100043
M10606,MA1AB100000003606,WO13606,Hatch Z,PAINT-1,STN-04,2026-03-04 09:07,ENG-1448,SUP-125,EMP298,TL-053,B,Tool_53,Nut Runner,Plant-A,2026-02-27,2026-05-28,Out of Service,96.41,Stanley,SN100052
M10607,MA1AB100000003607,WO13607,SUV Pro,GA-2,STN-02,2026-03-04 09:08,ENG-1167,SUP-180,EMP395,TL-049,A,Tool_49,Press Tool,Plant-A,2026-01-18,2026-04-18,Active,97.7,Atlas Copco,SN100048
M10608,MA1AB100000003608,WO13608,SUV Pro,GA-2,STN-01,2026-03-04 09:10,ENG-1070,SUP-192,EMP296,TL-010,C,Tool_10,Welding Gun,Plant-B,2026-02-07,2026-05-08,Maintenance,98.91,Atlas Copco,SN100009
M10609,MA1AB100000003609,WO13609,Sedan X,GA-2,STN-03,2026-03-04 09:11,ENG-1248,SUP-143,EMP329,TL-001,B,Tool_1,Welding Gun,Plant-A,2026-05-21,2026-08-19,Maintenance,98.97,Bosch,SN100000
M10610,MA1AB100000003610,WO13610,SUV Pro,TRIM-1,STN-01,2026-03-04 09:12,ENG-1169,SUP-014,EMP301,TL-031,A,Tool_31,Nut Runner,Plant-A,2026-01-31,2026-05-01,Active,97.01,Atlas Copco,SN100030
M10611,MA1AB100000003611,WO13611,SUV Pro,TRIM-1,STN-02,2026-03-04 09:13,ENG-1222,SUP-003,EMP289,TL-006,B,Tool_6,Nut Runner,Plant-B,2026-01-25,2026-04-25,Maintenance,98.24,Ingersoll Rand,SN100005
M10612,MA1AB100000003612,WO13612,Hatch Z,GA-1, stn-05 ,2026-03-04 09:15,ENG-1324,SUP-110,EMP236,TL-002,A,Tool_2,Nut Runner,Plant-A,2026-04-22,2026-07-21,Active,97.47,Bosch,SN100001
M10613,MA1AB100000003613,WO13613,Sedan X,GA-2,STN-05,2026-03-04 09:16,ENG-1022,SUP-152,EMP160,TL-022,A,Tool_22,Press Tool,Plant-C,2026-03-22,2026-06-20,Out of Service,95.43,Bosch,SN100021
M10614,MA1AB100000003614,WO13614,Hatch Z,GA-2, stn-05 ,2026-03-04 09:17,ENG-1014,SUP-037,EMP286,TL-018,A,Tool_18,Robot Arm,Plant-B,2026-06-15,2026-09-13,Out of Service,95.48,Stanley,SN100017
M10615,MA1AB100000003615,WO13615,Hatch Z,PAINT-1,STN-03,2026-03-04 09:18,ENG-1080,SUP-177,EMP202,TL-099,,Tool_99,Welding Gun,Plant-B,2026-05-20,2026-08-18,Active,97.05,Atlas Copco,SN100098
M10616,MA1AB100000003616,WO13616,SUV Pro,TRIM-1, stn-05 ,2026-03-04 09:20,ENG-1305,SUP-094,EMP218,TL-015,B,Tool_15,Robot Arm,Plant-C,2026-05-26,2026-08-24,Out of Service,97.88,Atlas Copco,SN100014
M10617,MA1AB100000003617,WO13617,SUV Pro,GA-1,STN-01,2026-03-04 09:21,ENG-1319,SUP-184,EMP373,TL-056,A,Tool_56,Torque Wrench,Plant-C,2026-04-06,2026-07-05,Active,97.45,Atlas Copco,SN100055
M10618,MA1AB100000003618,WO13618,Sedan X,TRIM-1,STN-03,2026-03-04 09:22,ENG-1469,SUP-127,EMP251,TL-085,C,Tool_85,Nut Runner,Plant-A,2026-01-29,2026-04-29,Out of Service,98.68,Stanley,SN100084
M10619,MA1AB100000003619,WO13619,SUV Pro,PAINT-1, stn-05 ,2026-03-04 09:23,ENG-1302,SUP-036,EMP122,TL-041,C,Tool_41,Robot Arm,Plant-A,2026-02-27,2026-05-28,Maintenance,97.13,Atlas Copco,SN100040
M10620,MA1AB100000003620,WO13620,Hatch Z,PAINT-1, stn-05 ,2026-03-04 09:25,ENG-1146,SUP-085,EMP215,TL-066,A,Tool_66,Nut Runner,Plant-A,2026-01-13,2026-04-13,Maintenance,98.63,Stanley,SN100065
M10621,MA1AB100000003621,WO13621,Sedan X,GA-1, stn-05 ,2026-03-04 09:26,ENG-1287,SUP-031,EMP380,TL-077,,Tool_77,Welding Gun,Plant-C,2026-04-12,2026-07-11,Active,98.71,Stanley,SN100076
M10622,MA1AB100000003622,WO13622,SUV Pro,PAINT-1,STN-05,2026-03-04 09:27,ENG-1108,SUP-073,EMP244,TL-098,C,Tool_98,Press Tool,Plant-A,2026-06-01,2026-08-30,Active,98.11,Stanley,SN100097
M10623,MA1AB100000003623,WO13623,SUV Pro,TRIM-1,STN-02,2026-03-04 09:28,ENG-1443,SUP-043,EMP289,TL-020,A,Tool_20,Robot Arm,Plant-C,2026-06-24,2026-09-22,Active,99.27,Ingersoll Rand,SN100019
M10624,MA1AB100000003624,WO13624,SUV Pro,TRIM-1,STN-01,2026-03-04 09:30,ENG-1161,SUP-180,EMP308,TL-049,A,Tool_49,Press Tool,Plant-A,2026-01-18,2026-04-18,Active,97.7,Atlas Copco,SN100048
M10625,MA1AB100000003625,WO13625,Sedan X,TRIM-1,STN-01,2026-03-04 09:31, eng-1001 ,SUP-108,EMP171,TL-040,,Tool_40,Welding Gun,Plant-A,2026-04-02,2026-07-01,Active,98.84,Atlas Copco,SN100039
M10626,MA1AB100000003626,WO13626,Sedan X,TRIM-1,STN-01,2026-03-04 09:32,ENG-1151,SUP-115,EMP178,TL-097,,Tool_97,Nut Runner,Plant-A,2026-04-22,2026-07-21,Active,99.35,Ingersoll Rand,SN100096
M10627,MA1AB100000003627,WO13627,SUV Pro,GA-1,STN-02,2026-03-04 09:33,ENG-1100,SUP-091,EMP132,TL-047,C,Tool_47,Robot Arm,Plant-A,2026-04-17,2026-07-16,Active,99.69,Ingersoll Rand,SN100046
M10628,MA1AB100000003628,WO13628,Sedan X,GA-1,STN-03,2026-03-04 09:35,ENG-1488,SUP-051,EMP102,TL-009,,Tool_9,Press Tool,Plant-C,2026-05-31,2026-08-29,Active,98.89,Bosch,SN100008
M10629,MA1AB100000003629,WO13629,Sedan X,GA-1,STN-04,2026-03-04 09:36,ENG-1254,SUP-025,EMP261,TL-055,A,Tool_55,Nut Runner,Plant-A,2026-01-22,2026-04-22,Out of Service,95.5,Atlas Copco,SN100054
M10630,MA1AB100000003630,WO13630,SUV Pro,TRIM-1,STN-05,2026-03-04 09:37,ENG-1031,SUP-096,EMP166,TL-023,C,Tool_23,Welding Gun,Plant-A,2026-04-29,2026-07-28,Active,95.35,Bosch,SN100022
M10631,MA1AB100000003631,WO13631,SUV Pro,GA-1,STN-02,2026-03-04 09:38,ENG-1125,SUP-152,EMP267,TL-040,,Tool_40,Welding Gun,Plant-A,2026-04-02,2026-07-01,Active,98.84,Atlas Copco,SN100039
M10632,MA1AB100000003632,WO13632,Hatch Z,PAINT-1,STN-01,2026-03-04 09:40,ENG-1363,SUP-097,EMP235,TL-094,C,Tool_94,Press Tool,Plant-C,2026-05-10,2026-08-08,Maintenance,98.64,Stanley,SN100093
M10633,MA1AB100000003633,WO13633,Sedan X,GA-1, stn-05 ,2026/03/04 09:41,ENG-1415,SUP-082,EMP339,TL-075,A,Tool_75,Press Tool,Plant-C,2026-04-22,2026-07-21,Active,99.86,Ingersoll Rand,SN100074
M10634,MA1AB100000003634,WO13634,SUV Pro,TRIM-1,STN-01,2026-03-04 09:42,ENG-1293,SUP-189,EMP140,TL-098,,Tool_98,Press Tool,Plant-A,2026-06-01,2026-08-30,Active,98.11,Stanley,SN100097
M10635,MA1AB100000003635,WO13635,SUV Pro,PAINT-1,Stn-03,2026-03-04 09:43,ENG-1367,SUP-104,EMP397,TL-028,,Tool_28,Press Tool,Plant-C,2026-01-25,2026-04-25,Out of Service,97.87,Ingersoll Rand,SN100027
M10636,MA1AB100000003636,WO13636,SUV Pro,TRIM-1,STN-01,2026-03-04 09:45,ENG-1283,SUP-061,EMP199,TL-042,,Tool_42,Welding Gun,Plant-C,2026-03-03,2026-06-01,Out of Service,97.14,Ingersoll Rand,SN100041
M10637,MA1AB100000003637,WO13637,SUV Pro,TRIM-1,STN-04,2026-03-04 09:46,ENG-1280,SUP-002,EMP291,TL-088,,Tool_88,Welding Gun,Plant-B,2026-04-25,2026-07-24,Active,95.24,Stanley,SN100087
M10638,MA1AB100000003638,WO13638,Sedan X,GA-2,STN-02,2026-03-04 09:47,ENG-1381,SUP-178,EMP344,TL-061,A,Tool_61,Nut Runner,Plant-C,2026-06-29,2026-09-27,Active,99.71,Ingersoll Rand,SN100060
M10639,MA1AB100000003639,WO13639,Hatch Z,PAINT-1,STN-02,2026-03-04 09:48,ENG-1438,SUP-002,EMP151,TL-073,B,Tool_73,Welding Gun,Plant-C,2026-03-17,2026-06-15,Active,96.96,Ingersoll Rand,SN100072
M10640,MA1AB100000003640,WO13640,Sedan X,GA-1,STN-05,2026-03-04 09:50,ENG-1184,SUP-111,EMP350,TL-031,B,Tool_31,Nut Runner,Plant-A,2026-01-31,2026-05-01,Active,97.01,Atlas Copco,SN100030
M10641,MA1AB100000003641,WO13641,Sedan X,GA-2, stn-05 ,2026-03-04 09:51,ENG-1361,SUP-155,EMP345,TL-028,B,Tool_28,Press Tool,Plant-C,2026-01-25,2026-04-25,Out of Service,97.87,Ingersoll Rand,SN100027
M10642,MA1AB100000003642,WO13642,Sedan X,TRIM-1,STN-03,2026-03-04 09:52,ENG-1132,SUP-011,EMP195,TL-072,B,Tool_72,Robot Arm,Plant-C,2026-05-05,2026-08-03,Maintenance,99.87,Atlas Copco,SN100071
M10643,MA1AB100000003643,WO13643,SUV Pro,GA-2,Stn-03,2026-03-04 09:53,ENG-1083,SUP-102,EMP335,TL-049,B,Tool_49,Press Tool,Plant-A,2026-01-18,2026-04-18,Active,97.7,Atlas Copco,SN100048
M10644,MA1AB100000003644,WO13644,SUV Pro,GA-2,STN-04,2026-03-04 09:55,ENG-1242,SUP-061,EMP181,TL-029,C,Tool_29,Press Tool,Plant-C,2026-04-30,2026-07-29,Maintenance,98.95,Stanley,SN100028
M10645,MA1AB100000003645,WO13645,Hatch Z,GA-2,STN-01,2026-03-04 09:56,ENG-1069,SUP-062,EMP193,TL-003,A,Tool_3,Robot Arm,Plant-C,2026-02-25,2026-05-26,Active,97.36,Atlas Copco,SN100002
M10646,MA1AB100000003646,WO13646,SUV Pro,GA-1,STN-01,2026-03-04 09:57,ENG-1216,SUP-158,EMP196,TL-030,B,Tool_30,Nut Runner,Plant-A,2026-02-18,2026-05-19,Out of Service,97.07,Ingersoll Rand,SN100029
M10647,MA1AB100000003647,WO13647,Hatch Z,PAINT-1,STN-03,2026-03-04 09:58,ENG-1070,SUP-055,EMP252,TL-064,A,Tool_64,Press Tool,Plant-A,2026-02-03,2026-05-04,Active,98.09,Atlas Copco,SN100063
M10648,MA1AB100000003648,WO13648,Hatch Z,GA-2,STN-05,2026-03-04 10:00,ENG-1004,SUP-173,EMP347,TL-043,C,Tool_43,Torque Wrench,Plant-B,2026-04-28,2026-07-27,Active,96.51,Ingersoll Rand,SN100042
M10649,MA1AB100000003649,WO13649,Sedan X,PAINT-1,Stn-03,2026-03-04 10:01,ENG-1137,SUP-177,EMP275,TL-017,,Tool_17,Torque Wrench,Plant-C,2026-01-08,2026-04-08,Maintenance,96.84,Atlas Copco,SN100016
M10650,MA1AB100000003650,WO13650,Sedan X,TRIM-1,STN-03,2026-03-04 10:02,ENG-1223,SUP-146,EMP135,TL-026,B,Tool_26,Robot Arm,Plant-A,2026-05-25,2026-08-23,Out of Service,99.11,Atlas Copco,SN100025
M10651,MA1AB100000003651,WO13651,Sedan X,GA-1,STN-01,2026-03-04 10:03,ENG-1366,SUP-101,EMP245,TL-032,B,Tool_32,Press Tool,Plant-A,2026-03-27,2026-06-25,Maintenance,97.67,Bosch,SN100031
M10652,MA1AB100000003652,WO13652,Hatch Z,GA-2,STN-02,2026-03-04 10:05,ENG-1396,SUP-195,EMP321,TL-081,B,Tool_81,Nut Runner,Plant-A,2026-06-21,2026-09-19,Maintenance,97.61,Atlas Copco,SN100080
M10653,MA1AB100000003653,WO13653,Sedan X,TRIM-1,STN-04,2026-03-04 10:06,ENG-1239,SUP-120,EMP211,TL-027,A,Tool_27,Robot Arm,Plant-A,2026-03-13,2026-06-11,Active,95.63,Atlas Copco,SN100026
M10654,MA1AB100000003654,WO13654,SUV Pro,GA-1,STN-04,2026-03-04 10:07,ENG-1205,SUP-077,EMP344,TL-004,,Tool_4,Press Tool,Plant-A,2026-01-19,2026-04-19,Active,97.49,Bosch,SN100003
M10655,MA1AB100000003655,WO13655,Sedan X,GA-2,STN-05,2026-03-04 10:08,ENG-1185,SUP-014,EMP221,TL-049,A,Tool_49,Press Tool,Plant-A,2026-01-18,2026-04-18,Active,97.7,Atlas Copco,SN100048
M10656,MA1AB100000003656,WO13656,SUV Pro,PAINT-1,STN-02,2026-03-04 10:10,ENG-1319,SUP-129,EMP255,TL-018,C,Tool_18,Robot Arm,Plant-B,2026-06-15,2026-09-13,Out of Service,95.48,Stanley,SN100017
M10657,MA1AB100000003657,WO13657,Sedan X,GA-1, stn-05 ,2026-03-04 10:11,ENG-1242,SUP-182,EMP252,TL-094,A,Tool_94,Press Tool,Plant-C,2026-05-10,2026-08-08,Maintenance,98.64,Stanley,SN100093
M10658,MA1AB100000003658,WO13658,Sedan X,TRIM-1,STN-03,2026-03-04 10:12,ENG-1009,SUP-173,EMP322,TL-061,C,Tool_61,Nut Runner,Plant-C,2026-06-29,2026-09-27,Active,99.71,Ingersoll Rand,SN100060
M10659,MA1AB100000003659,WO13659,Hatch Z,GA-2,STN-04,2026-03-04 10:13,ENG-1232,SUP-108,EMP170,TL-048,A,Tool_48,Nut Runner,Plant-B,2026-04-17,2026-07-16,Active,96.56,Stanley,SN100047
M10660,MA1AB100000003660,WO13660,SUV Pro,GA-2,STN-01,2026-03-04 10:15,ENG-1431,SUP-011,EMP225,TL-091,,Tool_91,Nut Runner,Plant-B,2026-03-20,2026-06-18,Active,95.45,Atlas Copco,SN100090
M10661,MA1AB100000003661,WO13661,Sedan X,PAINT-1, stn-05 ,2026-03-04 10:16,ENG-1433,SUP-104,EMP234,TL-053,A,Tool_53,Nut Runner,Plant-A,2026-02-27,2026-05-28,Out of Service,96.41,Stanley,SN100052
M10662,MA1AB100000003662,WO13662,SUV Pro,TRIM-1,STN-03,2026-03-04 10:17,ENG-1161,SUP-153,EMP348,TL-083,B,Tool_83,Nut Runner,Plant-A,2026-01-22,2026-04-22,Out of Service,98.35,Bosch,SN100082
M10663,XX1 2 3 4,WO13663,Sedan X,GA-2,STN-05,2026-03-04 10:18,ENG-1357,SUP-198,EMP392,TL-087,,Tool_87,Robot Arm,Plant-B,2026-02-09,2026-05-10,Maintenance,99.98,Stanley,SN100086
M10664,MA1AB100000003664,WO13664,Hatch Z,PAINT-1,Stn-03,2026-03-04 10:20,ENG-1306,SUP-020,EMP231,TL-077,,Tool_77,Welding Gun,Plant-C,2026-04-12,2026-07-11,Active,98.71,Stanley,SN100076
M10665,MA1AB100000003665,WO13665,Sedan X,PAINT-1,Stn-03,2026-03-04 10:21,ENG-1160,SUP-004,EMP244,TL-077,B,Tool_77,Welding Gun,Plant-C,2026-04-12,2026-07-11,Active,98.71,Stanley,SN100076
M10666,MA1AB100000003666,WO13666,Sedan X,TRIM-1,Stn-03,2026-03-04 10:22,ENG-1446,SUP-112,EMP251,TL-028,B,Tool_28,Press Tool,Plant-C,2026-01-25,2026-04-25,Out of Service,97.87,Ingersoll Rand,SN100027
M10667,MA1AB100000003667,WO13667,Sedan X,GA-2,STN-05,2026-03-04 10:23,ENG-1131,SUP-098,EMP151,TL-017,A,Tool_17,Torque Wrench,Plant-C,2026-01-08,2026-04-08,Maintenance,96.84,Atlas Copco,SN100016
M10668,MA1AB100000003668,WO13668,Sedan X,GA-1, stn-05 ,2026-03-04 10:25,ENG-1443,SUP-027,EMP268,TL-079,C,Tool_79,Press Tool,Plant-C,2026-04-14,2026-07-13,Active,96.15,Ingersoll Rand,SN100078
M10669,MA1AB100000003669,WO13669,Hatch Z,PAINT-1,STN-02,2026-03-04 10:26,ENG-1128,SUP-005,EMP102,TL-090,A,Tool_90,Nut Runner,Plant-C,2026-05-12,2026-08-10,Out of Service,97.28,Stanley,SN100089
M10670,MA1AB100000003670,WO13670,Sedan X,TRIM-1,STN-04,2026-03-04 10:27,ENG-1379,SUP-179,EMP183,TL-018,B,Tool_18,Robot Arm,Plant-B,2026-06-15,2026-09-13,Out of Service,95.48,Stanley,SN100017
M10671,MA1AB100000003671,WO13671,Hatch Z,PAINT-1,STN-04,2026-03-04 10:28,ENG-1153,SUP-045,EMP182,TL-044,,Tool_44,Press Tool,Plant-C,2026-01-16,2026-04-16,Maintenance,99.03,Bosch,SN100043
M10672,MA1AB100000003672,WO13672,Hatch Z,TRIM-1, stn-05 ,2026-03-04 10:30,ENG-1258,SUP-179,EMP351,TL-009,B,Tool_9,Press Tool,Plant-C,2026-05-31,2026-08-29,Active,98.89,Bosch,SN100008
M10673,MA1AB100000003673,WO13673,Sedan X,GA-2,STN-04,2026-03-04 10:31,ENG-1269,SUP-165,EMP379,TL-084,,Tool_84,Torque Wrench,Plant-C,2026-02-03,2026-05-04,Out of Service,97.78,Ingersoll Rand,SN100083
M10674,MA1AB100000003674,WO13674,Sedan X,PAINT-1, stn-05 ,2026-03-04 10:32,ENG-1279,SUP-075,EMP134,TL-050,A,Tool_50,Welding Gun,Plant-C,2026-04-30,2026-07-29,Maintenance,98.51,Ingersoll Rand,SN100049
M10675,MA1AB100000003675,WO13675,SUV Pro,GA-1, stn-05 ,2026-03-04 10:33,ENG-1102,SUP-179,EMP230,TL-074,C,Tool_74,Robot Arm,Plant-B,2026-01-04,2026-04-04,Active,97.63,Stanley,SN100073
M10676,MA1AB100000003676,WO13676,SUV Pro,PAINT-1,STN-04,2026-03-04 10:35,ENG-1382,SUP-148,EMP374,TL-035,,Tool_35,Torque Wrench,Plant-A,2026-04-06,2026-07-05,Active,95.1,Atlas Copco,SN100034
M10677,MA1AB100000003677,WO13677,Sedan X,PAINT-1,STN-05,2026-03-04 10:36,ENG-1219,SUP-176,EMP327,TL-080,C,Tool_80,Robot Arm,Plant-B,2026-03-23,2026-06-21,Maintenance,97.79,Atlas Copco,SN100079
M10678,MA1AB100000003678,WO13678,Hatch Z,TRIM-1,STN-02,2026-03-04 10:37,ENG-1452,SUP-174,EMP377,TL-031,A,Tool_31,Nut Runner,Plant-A,2026-01-31,2026-05-01,Active,97.01,Atlas Copco,SN100030
M10679,MA1AB100000003679,WO13679,Hatch Z,TRIM-1,STN-02,2026-03-04 10:38,ENG-1103,SUP-102,EMP161,TL-007,A,Tool_7,Nut Runner,Plant-B,2026-06-11,2026-09-09,Out of Service,95.88,Stanley,SN100006
M10680,MA1AB100000003680,WO13680,Hatch Z,GA-2,STN-04,2026-03-04 10:40,ENG-1042,SUP-099,EMP305,TL-017,A,Tool_17,Torque Wrench,Plant-C,2026-01-08,2026-04-08,Maintenance,96.84,Atlas Copco,SN100016
M10681,MA1AB100000003681,WO13681,Sedan X,TRIM-1,STN-03,2026-03-04 10:41,ENG-1182,SUP-082,EMP330,TL-088,,Tool_88,Welding Gun,Plant-B,2026-04-25,2026-07-24,Active,95.24,Stanley,SN100087
M10682,MA1AB100000003682,WO13682,SUV Pro,PAINT-1,STN-04,2026-03-04 10:42,ENG-1340,SUP-134,EMP304,TL-042,C,Tool_42,Welding Gun,Plant-C,2026-03-03,2026-06-01,Out of Service,97.14,Ingersoll Rand,SN100041
M10683,MA1AB100000003683,WO13683,SUV Pro,TRIM-1,STN-03,2026-03-04 10:43,ENG-1051,SUP-045,EMP230,TL-061,,Tool_61,Nut Runner,Plant-C,2026-06-29,2026-09-27,Active,99.71,Ingersoll Rand,SN100060
M10684,MA1AB100000003684,WO13684,SUV Pro,GA-1,STN-01,2026-03-04 10:45,ENG-1026,SUP-099,EMP368,TL-058,C,Tool_58,Robot Arm,Plant-C,2026-04-28,2026-07-27,Active,96.6,Stanley,SN100057
M10685,MA1AB100000003685,WO13685,Hatch Z,TRIM-1,Stn-03,2026-03-04 10:46,ENG-1271,SUP-034,EMP249,TL-088,A,Tool_88,Welding Gun,Plant-B,2026-04-25,2026-07-24,Active,95.24,Stanley,SN100087
M10686,MA1AB100000003686,WO13686,SUV Pro,GA-1,STN-04,2026-03-04 10:47,ENG-1195,SUP-091,EMP230,TL-042,A,Tool_42,Welding Gun,Plant-C,2026-03-03,2026-06-01,Out of Service,97.14,Ingersoll Rand,SN100041
M10687,MA1AB100000003687,WO13687,Sedan X,GA-2,STN-03,2026-03-04 10:48,ENG-1441,SUP-078,EMP233,TL-009,,Tool_9,Press Tool,Plant-C,2026-05-31,2026-08-29,Active,98.89,Bosch,SN100008
M10688,MA1AB100000003688,WO13688,SUV Pro,GA-1,STN-02,2026-03-04 10:50,ENG-1410,SUP-052,EMP203,TL-068,,Tool_68,Press Tool,Plant-A,2026-04-15,2026-07-14,Active,97.42,Bosch,SN100067
M10689,MA1AB100000003689,WO13689,Hatch Z,TRIM-1,STN-01,2026-03-04 10:51,ENG-1262,SUP-199,EMP219,TL-041,,Tool_41,Robot Arm,Plant-A,2026-02-27,2026-05-28,Maintenance,97.13,Atlas Copco,SN100040
M10690,MA1AB100000003690,WO13690,Sedan X,GA-1,STN-04,2026-03-04 10:52,ENG-1010,SUP-063,EMP309,TL-025,A,Tool_25,Nut Runner,Plant-C,2026-02-19,2026-05-20,Out of Service,98.88,Atlas Copco,SN100024
M10691,MA1AB100000003691,WO13691,Hatch Z,PAINT-1,Stn-03,2026-03-04 10:53,ENG-1479,SUP-069,EMP178,TL-028,,Tool_28,Press Tool,Plant-C,2026-01-25,2026-04-25,Out of Service,97.87,Ingersoll Rand,SN100027
M10692,MA1AB100000003692,WO13692,Sedan X,GA-2,STN-01,2026-03-04 10:55,ENG-1408,SUP-178,EMP270,TL-094,A,Tool_94,Press Tool,Plant-C,2026-05-10,2026-08-08,Maintenance,98.64,Stanley,SN100093
M10693,MA1AB100000003693,WO13693,Hatch Z,GA-2,STN-01,2026-03-04 10:56,ENG-1311,SUP-199,EMP242,TL-096,A,Tool_96,Nut Runner,Plant-A,2026-04-26,2026-07-25,Active,95.35,Stanley,SN100095
M10694,MA1AB100000003694,WO13694,Sedan X,PAINT-1, stn-05 ,2026-03-04 10:57,ENG-1296,SUP-004,EMP398,TL-099,,Tool_99,Welding Gun,Plant-B,2026-05-20,2026-08-18,Active,97.05,Atlas Copco,SN100098
M10695,MA1AB100000003695,WO13695,Hatch Z,GA-1,Stn-03,2026-03-04 10:58,ENG-1310,SUP-122,EMP348,TL-074,,Tool_74,Robot Arm,Plant-B,2026-01-04,2026-04-04,Active,97.63,Stanley,SN100073
M10696,MA1AB100000003696,WO13696,Sedan X,PAINT-1,STN-03,2026-03-04 11:00,ENG-1078,SUP-143,EMP237,TL-015,B,Tool_15,Robot Arm,Plant-C,2026-05-26,2026-08-24,Out of Service,97.88,Atlas Copco,SN100014
M10697,MA1AB100000003697,WO13697,SUV Pro,TRIM-1,STN-05,2026-03-04 11:01,ENG-1138,SUP-135,EMP106,TL-039,C,Tool_39,Nut Runner,Plant-C,2026-02-15,2026-05-16,Maintenance,97.07,Ingersoll Rand,SN100038
M10698,MA1AB100000003698,WO13698,Sedan X,TRIM-1,STN-02,2026-03-04 11:02,ENG-1181,SUP-193,EMP293,TL-097,,Tool_97,Nut Runner,Plant-A,2026-04-22,2026-07-21,Active,99.35,Ingersoll Rand,SN100096
M10699,MA1AB100000003699,WO13699,SUV Pro,GA-1,STN-05,2026-03-04 11:03,ENG-1164,SUP-128,EMP214,TL-074,C,Tool_74,Robot Arm,Plant-B,2026-01-04,2026-04-04,Active,97.63,Stanley,SN100073
M10700,MA1AB100000003700,WO13700,Hatch Z,GA-1,STN-03,2026-03-04 11:05,ENG-1299,SUP-161,EMP380,TL-006,B,Tool_6,Nut Runner,Plant-B,2026-01-25,2026-04-25,Maintenance,98.24,Ingersoll Rand,SN100005
M10701,MA1AB100000003701,WO13701,Hatch Z,TRIM-1,STN-01,2026-03-04 11:06,ENG-1086,SUP-184,EMP228,TL-035,B,Tool_35,Torque Wrench,Plant-A,2026-04-06,2026-07-05,Active,95.1,Atlas Copco,SN100034
M10702,MA1AB100000003702,WO13702,Hatch Z,GA-1,Stn-03,2026-03-04 11:07,ENG-1119,SUP-024,EMP281,TL-068,B,Tool_68,Press Tool,Plant-A,2026-04-15,2026-07-14,Active,97.42,Bosch,SN100067
M10703,MA1AB100000003703,WO13703,SUV Pro,PAINT-1,STN-05,2026-03-04 11:08,ENG-1430,SUP-005,EMP339,TL-025,C,Tool_25,Nut Runner,Plant-C,2026-02-19,2026-05-20,Out of Service,98.88,Atlas Copco,SN100024
M10704,MA1AB100000003704,WO13704,Sedan X,GA-1,STN-02,2026-03-04 11:10,ENG-1049,SUP-145,EMP325,TL-086,,Tool_86,Press Tool,Plant-B,2026-03-20,2026-06-18,Active,96.21,Bosch,SN100085
M10705,MA1AB100000003705,WO13705,SUV Pro,PAINT-1,STN-05,2026-03-04 11:11,ENG-1223,SUP-118,EMP285,TL-079,C,Tool_79,Press Tool,Plant-C,2026-04-14,2026-07-13,Active,96.15,Ingersoll Rand,SN100078
M10706,MA1AB100000003706,WO13706,Sedan X,PAINT-1,STN-01,2026-03-04 11:12,ENG-1262,SUP-109,EMP236,TL-088,B,Tool_88,Welding Gun,Plant-B,2026-04-25,2026-07-24,Active,95.24,Stanley,SN100087
M10707,MA1AB100000003707,WO13707,Sedan X,GA-1,STN-05,2026-03-04 11:13,ENG-1267,SUP-194,EMP166,TL-078,C,Tool_78,Press Tool,Plant-A,2026-03-26,2026-06-24,Maintenance,99.88,Bosch,SN100077
M10708,MA1AB100000003708,WO13708,Hatch Z,TRIM-1, stn-05 ,2026-03-04 11:15,ENG-1263,SUP-071,EMP154,TL-074,,Tool_74,Robot Arm,Plant-B,2026-01-04,2026-04-04,Active,97.63,Stanley,SN100073
M10709,MA1AB100000003709,WO13709,Sedan X,GA-2, stn-05 ,2026-03-04 11:16,ENG-1392,SUP-057,EMP186,TL-055,A,Tool_55,Nut Runner,Plant-A,2026-01-22,2026-04-22,Out of Service,95.5,Atlas Copco,SN100054
M10710,MA1AB100000003710,WO13710,Hatch Z,PAINT-1, stn-05 ,2026-03-04 11:17,ENG-1280,SUP-097,EMP243,TL-022,,Tool_22,Press Tool,Plant-C,2026-03-22,2026-06-20,Out of Service,95.43,Bosch,SN100021
M10711,MA1AB100000003711,WO13711,SUV Pro,TRIM-1,STN-03,2026-03-04 11:18,ENG-1475,SUP-133,EMP207,TL-013,,Tool_13,Nut Runner,Plant-B,2026-04-05,2026-07-04,Active,99.14,Bosch,SN100012
M10712,MA1AB100000003712,WO13712,Sedan X,GA-1,STN-04,2026-03-04 11:20,ENG-1206,SUP-047,EMP209,TL-085,A,Tool_85,Nut Runner,Plant-A,2026-01-29,2026-04-29,Out of Service,98.68,Stanley,SN100084
M10713,MA1AB100000003713,WO13713,SUV Pro,GA-1,Stn-03,2026-03-04 11:21,ENG-1271,SUP-196,EMP146,TL-060,B,Tool_60,Welding Gun,Plant-B,2026-02-09,2026-05-10,Active,95.55,Atlas Copco,SN100059
M10714,MA1AB100000003714,WO13714,SUV Pro,GA-2,STN-04,2026-03-04 11:22,ENG-1421,SUP-093,EMP274,TL-073,C,Tool_73,Welding Gun,Plant-C,2026-03-17,2026-06-15,Active,96.96,Ingersoll Rand,SN100072
M10715,MA1AB100000003715,WO13715,SUV Pro,GA-1,STN-04,2026-03-04 11:23,ENG-1475,SUP-040,EMP220,TL-018,,Tool_18,Robot Arm,Plant-B,2026-06-15,2026-09-13,Out of Service,95.48,Stanley,SN100017
M10716,MA1AB100000003716,WO13716,Hatch Z,GA-2,STN-02,2026-03-04 11:25,ENG-1334,SUP-122,EMP160,TL-058,A,Tool_58,Robot Arm,Plant-C,2026-04-28,2026-07-27,Active,96.6,Stanley,SN100057
M10717,MA1AB100000003717,WO13717,Sedan X,GA-2,STN-02,2026-03-04 11:26,ENG-1241,SUP-174,EMP393,TL-008,A,Tool_8,Welding Gun,Plant-A,2026-06-05,2026-09-03,Maintenance,95.49,Ingersoll Rand,SN100007
M10718,MA1AB100000003718,WO13718,Hatch Z,TRIM-1,STN-03,2026-03-04 11:27,ENG-1421,SUP-070,EMP377,TL-081,,Tool_81,Nut Runner,Plant-A,2026-06-21,2026-09-19,Maintenance,97.61,Atlas Copco,SN100080
M10719,MA1AB100000003719,WO13719,Sedan X,PAINT-1,Stn-03,2026-03-04 11:28,ENG-1238,SUP-115,EMP397,TL-042,C,Tool_42,Welding Gun,Plant-C,2026-03-03,2026-06-01,Out of Service,97.14,Ingersoll Rand,SN100041
M10720,MA1AB100000003720,WO13720,Sedan X,TRIM-1,STN-04,2026-03-04 11:30,ENG-1254,SUP-081,EMP260,TL-026,A,Tool_26,Robot Arm,Plant-A,2026-05-25,2026-08-23,Out of Service,99.11,Atlas Copco,SN100025
M10721,MA1AB100000003721,WO13721,Hatch Z,GA-1,Stn-03,2026-03-04 11:31,ENG-1231,SUP-192,EMP207,TL-060,A,Tool_60,Welding Gun,Plant-B,2026-02-09,2026-05-10,Active,95.55,Atlas Copco,SN100059
M10722,MA1AB100000003722,WO13722,SUV Pro,GA-1,STN-03,2026-03-04 11:32,ENG-1252,SUP-155,EMP129,TL-072,C,Tool_72,Robot Arm,Plant-C,2026-05-05,2026-08-03,Maintenance,99.87,Atlas Copco,SN100071
M10723,MA1AB100000003723,WO13723,SUV Pro,TRIM-1,STN-02,2026-03-04 11:33,ENG-1207,SUP-141,EMP207,TL-065,C,Tool_65,Torque Wrench,Plant-C,2026-01-31,2026-05-01,Maintenance,97.24,Bosch,SN100064
M10724,MA1AB100000003724,WO13724,Hatch Z,TRIM-1,STN-04,2026-03-04 11:35,ENG-1105,SUP-135,EMP111,TL-020,A,Tool_20,Robot Arm,Plant-C,2026-06-24,2026-09-22,Active,99.27,Ingersoll Rand,SN100019
M10725,MA1AB100000003725,WO13725,Hatch Z,TRIM-1,STN-04,2026-03-04 11:36,ENG-1040,SUP-039,EMP221,TL-076,,Tool_76,Welding Gun,Plant-C,2026-02-22,2026-05-23,Maintenance,98.13,Ingersoll Rand,SN100075
M10726,MA1AB100000003726,WO13726,Hatch Z,GA-1,STN-02,2026-03-04 11:37,ENG-1058,SUP-162,EMP114,TL-081,C,Tool_81,Nut Runner,Plant-A,2026-06-21,2026-09-19,Maintenance,97.61,Atlas Copco,SN100080
M10727,MA1AB100000003727,WO13727,Hatch Z,GA-1,STN-05,2026-03-04 11:38,ENG-1449,SUP-140,EMP151,TL-020,,Tool_20,Robot Arm,Plant-C,2026-06-24,2026-09-22,Active,99.27,Ingersoll Rand,SN100019
M10728,MA1AB100000003728,WO13728,Hatch Z,GA-1,STN-05,2026-03-04 11:40,ENG-1392,SUP-035,EMP113,TL-084,,Tool_84,Torque Wrench,Plant-C,2026-02-03,2026-05-04,Out of Service,97.78,Ingersoll Rand,SN100083
M10729,MA1AB100000003729,WO13729,Sedan X,TRIM-1,STN-04,2026-03-04 11:41,ENG-1366,SUP-195,EMP118,TL-016,A,Tool_16,Robot Arm,Plant-B,2026-04-27,2026-07-26,Active,98.18,Atlas Copco,SN100015
M10730,MA1AB100000003730,WO13730,SUV Pro,GA-2,STN-02,2026-03-04 11:42,ENG-1246,SUP-200,EMP175,TL-076,B,Tool_76,Welding Gun,Plant-C,2026-02-22,2026-05-23,Maintenance,98.13,Ingersoll Rand,SN100075
M10731,MA1AB100000003731,WO13731,SUV Pro,GA-2,STN-02,2026-03-04 11:43,ENG-1140,SUP-181,EMP361,TL-085,,Tool_85,Nut Runner,Plant-A,2026-01-29,2026-04-29,Out of Service,98.68,Stanley,SN100084
M10732,MA1AB100000003732,WO13732,Hatch Z,PAINT-1,STN-05,2026-03-04 11:45,ENG-1461,SUP-117,EMP123,TL-032,C,Tool_32,Press Tool,Plant-A,2026-03-27,2026-06-25,Maintenance,97.67,Bosch,SN100031
M10733,MA1AB100000003733,WO13733,Sedan X,TRIM-1,STN-04,2026-03-04 11:46,ENG-1167,SUP-118,EMP361,TL-079,,Tool_79,Press Tool,Plant-C,2026-04-14,2026-07-13,Active,96.15,Ingersoll Rand,SN100078
M10734,MA1AB100000003734,WO13734,Hatch Z,GA-2,STN-02,2026-03-04 11:47,ENG-1173,SUP-091,EMP328,TL-002,,Tool_2,Nut Runner,Plant-A,2026-04-22,2026-07-21,Active,97.47,Bosch,SN100001
M10735,MA1AB100000003735,WO13735,SUV Pro,GA-2, stn-05 ,2026-03-04 11:48,ENG-1051,SUP-197,EMP187,TL-085,B,Tool_85,Nut Runner,Plant-A,2026-01-29,2026-04-29,Out of Service,98.68,Stanley,SN100084
M10736,MA1AB100000003736,WO13736,Sedan X,PAINT-1,STN-03,2026-03-04 11:50,ENG-1174,SUP-162,EMP121,TL-088,C,Tool_88,Welding Gun,Plant-B,2026-04-25,2026-07-24,Active,95.24,Stanley,SN100087
M10737,MA1AB100000003737,WO13737,SUV Pro,GA-1,STN-03,2026-03-04 11:51,ENG-1065,SUP-165,EMP147,TL-068,,Tool_68,Press Tool,Plant-A,2026-04-15,2026-07-14,Active,97.42,Bosch,SN100067
M10738,MA1AB100000003738,WO13738,Hatch Z,GA-2,STN-05,2026-03-04 11:52,ENG-1140,SUP-182,EMP243,TL-034,A,Tool_34,Torque Wrench,Plant-A,2026-06-25,2026-09-23,Out of Service,99.85,Stanley,SN100033
M10739,MA1AB100000003739,WO13739,SUV Pro,PAINT-1,STN-05,2026-03-04 11:53,ENG-1275,SUP-054,EMP153,TL-010,C,Tool_10,Welding Gun,Plant-B,2026-02-07,2026-05-08,Maintenance,98.91,Atlas Copco,SN100009
M10740,MA1AB100000003740,WO13740,Sedan X,PAINT-1,STN-04,2026-03-04 11:55,ENG-1486,SUP-014,EMP152,TL-097,B,Tool_97,Nut Runner,Plant-A,2026-04-22,2026-07-21,Active,99.35,Ingersoll Rand,SN100096
M10741,MA1AB100000003741,WO13741,Sedan X,PAINT-1,Stn-03,2026-03-04 11:56,ENG-1025,SUP-051,EMP305,TL-069,,Tool_69,Torque Wrench,Plant-B,2026-01-29,2026-04-29,Active,98.16,Bosch,SN100068
M10742,MA1AB100000003742,WO13742,Sedan X,PAINT-1, stn-05 ,2026-03-04 11:57,ENG-1384,SUP-101,EMP373,TL-078,A,Tool_78,Press Tool,Plant-A,2026-03-26,2026-06-24,Maintenance,99.88,Bosch,SN100077
M10743,MA1AB100000003743,WO13743,Hatch Z,GA-1,STN-05,2026-03-04 11:58,ENG-1327,SUP-113,EMP330,TL-080,,Tool_80,Robot Arm,Plant-B,2026-03-23,2026-06-21,Maintenance,97.79,Atlas Copco,SN100079
M10744,MA1AB100000003744,WO13744,Hatch Z,GA-1,Stn-03,2026-03-04 12:00,ENG-1451,SUP-037,EMP218,TL-082,C,Tool_82,Nut Runner,Plant-B,2026-03-18,2026-06-16,Active,95.75,Atlas Copco,SN100081
M10745,MA1AB100000003745,WO13745,Hatch Z,PAINT-1,STN-03,2026-03-04 12:01,ENG-1218,SUP-132,EMP249,TL-034,,Tool_34,Torque Wrench,Plant-A,2026-06-25,2026-09-23,Out of Service,99.85,Stanley,SN100033
M10746,MA1AB100000003746,WO13746,SUV Pro,PAINT-1,STN-01,2026-03-04 12:02,ENG-1468,SUP-195,EMP218,TL-099,,Tool_99,Welding Gun,Plant-B,2026-05-20,2026-08-18,Active,97.05,Atlas Copco,SN100098
M10747,MA1AB100000003747,WO13747,Hatch Z,TRIM-1,STN-03,2026-03-04 12:03,ENG-1416,SUP-006,EMP133,TL-056,B,Tool_56,Torque Wrench,Plant-C,2026-04-06,2026-07-05,Active,97.45,Atlas Copco,SN100055
M10748,MA1AB100000003748,WO13748,Sedan X,PAINT-1,STN-04,2026-03-04 12:05,ENG-1111,SUP-195,EMP355,TL-065,B,Tool_65,Torque Wrench,Plant-C,2026-01-31,2026-05-01,Maintenance,97.24,Bosch,SN100064
M10749,MA1AB100000003749,WO13749,Sedan X,PAINT-1,STN-05,2026-03-04 12:06,ENG-1483,SUP-128,EMP287,TL-058,B,Tool_58,Robot Arm,Plant-C,2026-04-28,2026-07-27,Active,96.6,Stanley,SN100057
M10750,MA1AB100000003750,WO13750,Hatch Z,GA-2, stn-05 ,2026-03-04 12:07,ENG-1224,SUP-060,EMP153,TL-066,,Tool_66,Nut Runner,Plant-A,2026-01-13,2026-04-13,Maintenance,98.63,Stanley,SN100065
M10751,MA1AB100000003751,WO13751,Hatch Z,GA-2, stn-05 ,2026-03-04 12:08,ENG-1019,SUP-035,EMP389,TL-012,C,Tool_12,Press Tool,Plant-B,2026-05-30,2026-08-28,Out of Service,98.02,Bosch,SN100011
M10752,MA1AB100000003752,WO13752,Hatch Z,PAINT-1, stn-05 ,2026-03-04 12:10,ENG-1338,SUP-078,EMP183,TL-030,B,Tool_30,Nut Runner,Plant-A,2026-02-18,2026-05-19,Out of Service,97.07,Ingersoll Rand,SN100029
M10753,MA1AB100000003753,WO13753,Sedan X,PAINT-1,STN-01,2026-03-04 12:11,ENG-1192,SUP-189,EMP290,TL-009,C,Tool_9,Press Tool,Plant-C,2026-05-31,2026-08-29,Active,98.89,Bosch,SN100008
M10754,MA1AB100000003754,WO13754,Hatch Z,PAINT-1,STN-05,2026-03-04 12:12,ENG-1126,SUP-150,EMP321,TL-050,A,Tool_50,Welding Gun,Plant-C,2026-04-30,2026-07-29,Maintenance,98.51,Ingersoll Rand,SN100049
M10755,MA1AB100000003755,WO13755,SUV Pro,GA-2,STN-03,2026-03-04 12:13,ENG-1149,SUP-099,EMP341,TL-091,C,Tool_91,Nut Runner,Plant-B,2026-03-20,2026-06-18,Active,95.45,Atlas Copco,SN100090
M10756,MA1AB100000003756,WO13756,SUV Pro,GA-2, stn-05 ,2026-03-04 12:15,ENG-1062,SUP-089,EMP393,TL-046,C,Tool_46,Torque Wrench,Plant-C,2026-01-19,2026-04-19,Active,95.51,Ingersoll Rand,SN100045
M10757,MA1AB100000003757,WO13757,Hatch Z,GA-1, stn-05 ,2026-03-04 12:16,ENG-1249,SUP-069,EMP158,TL-055,A,Tool_55,Nut Runner,Plant-A,2026-01-22,2026-04-22,Out of Service,95.5,Atlas Copco,SN100054
M10758,MA1AB100000003758,WO13758,SUV Pro,GA-1,STN-03,2026-03-04 12:17,ENG-1006,SUP-042,EMP184,TL-010,A,Tool_10,Welding Gun,Plant-B,2026-02-07,2026-05-08,Maintenance,98.91,Atlas Copco,SN100009
M10759,MA1AB100000003759,WO13759,SUV Pro,GA-1, stn-05 ,2026-03-04 12:18,ENG-1427,SUP-074,EMP150,TL-030,C,Tool_30,Nut Runner,Plant-A,2026-02-18,2026-05-19,Out of Service,97.07,Ingersoll Rand,SN100029
M10760,MA1AB100000003760,WO13760,SUV Pro,TRIM-1,STN-04,2026-03-04 12:20,ENG-1357,SUP-015,EMP230,TL-072,B,Tool_72,Robot Arm,Plant-C,2026-05-05,2026-08-03,Maintenance,99.87,Atlas Copco,SN100071
M10761,MA1AB100000003761,WO13761,Hatch Z,TRIM-1,Stn-03,2026-03-04 12:21,ENG-1230,SUP-074,EMP113,TL-095,B,Tool_95,Nut Runner,Plant-A,2026-06-25,2026-09-23,Active,99.37,Bosch,SN100094
M10762,MA1AB100000003762,WO13762,Hatch Z,GA-2,STN-05,2026-03-04 12:22,ENG-1207,SUP-074,EMP223,TL-026,A,Tool_26,Robot Arm,Plant-A,2026-05-25,2026-08-23,Out of Service,99.11,Atlas Copco,SN100025
M10763,MA1AB100000003763,WO13763,Sedan X,TRIM-1,Stn-03,2026-03-04 12:23,ENG-1324,SUP-090,EMP115,TL-074,,Tool_74,Robot Arm,Plant-B,2026-01-04,2026-04-04,Active,97.63,Stanley,SN100073
M10764,MA1AB100000003764,WO13764,Hatch Z,GA-2,STN-01,2026-03-04 12:25,ENG-1285,SUP-049,EMP312,TL-049,,Tool_49,Press Tool,Plant-A,2026-01-18,2026-04-18,Active,97.7,Atlas Copco,SN100048
M10765,MA1AB100000003765,WO13765,SUV Pro,GA-1,STN-05,2026-03-04 12:26,ENG-1382,SUP-097,EMP312,TL-053,,Tool_53,Nut Runner,Plant-A,2026-02-27,2026-05-28,Out of Service,96.41,Stanley,SN100052
M10766,MA1AB100000003766,WO13766,Sedan X,GA-1,STN-02,2026-03-04 12:27,ENG-1160,SUP-192,EMP301,TL-031,C,Tool_31,Nut Runner,Plant-A,2026-01-31,2026-05-01,Active,97.01,Atlas Copco,SN100030
M10767,MA1AB100000003767,WO13767,Sedan X,GA-1,STN-02,2026-03-04 12:28,ENG-1406,SUP-033,EMP168,TL-088,B,Tool_88,Welding Gun,Plant-B,2026-04-25,2026-07-24,Active,95.24,Stanley,SN100087
M10768,MA1AB100000003768,WO13768,SUV Pro,GA-1,STN-01,2026-03-04 12:30,ENG-1460,SUP-054,EMP324,TL-055,B,Tool_55,Nut Runner,Plant-A,2026-01-22,2026-04-22,Out of Service,95.5,Atlas Copco,SN100054
M10769,MA1AB100000003769,WO13769,SUV Pro,TRIM-1,STN-03,2026-03-04 12:31,ENG-1316,SUP-190,EMP108,TL-013,,Tool_13,Nut Runner,Plant-B,2026-04-05,2026-07-04,Active,99.14,Bosch,SN100012
M10770,MA1AB100000003770,WO13770,SUV Pro,GA-1,STN-03,2026-03-04 12:32, eng-1001 ,SUP-039,EMP255,TL-036,,Tool_36,Nut Runner,Plant-B,2026-02-08,2026-05-09,Active,95.2,Stanley,SN100035
M10771,MA1AB100000003771,WO13771,Sedan X,PAINT-1,STN-03,2026-03-04 12:33,ENG-1013,SUP-158,EMP184,TL-028,B,Tool_28,Press Tool,Plant-C,2026-01-25,2026-04-25,Out of Service,97.87,Ingersoll Rand,SN100027
M10772,MA1AB100000003772,WO13772,SUV Pro,GA-1,STN-04,2026-03-04 12:35,ENG-1155,SUP-102,EMP284,TL-056,C,Tool_56,Torque Wrench,Plant-C,2026-04-06,2026-07-05,Active,97.45,Atlas Copco,SN100055
M10773,MA1AB100000003773,WO13773,Sedan X,TRIM-1,Stn-03,2026-03-04 12:36,ENG-1026,SUP-029,EMP381,TL-050,B,Tool_50,Welding Gun,Plant-C,2026-04-30,2026-07-29,Maintenance,98.51,Ingersoll Rand,SN100049
M10774,MA1AB100000003774,WO13774,SUV Pro,GA-2,STN-04,2026-03-04 12:37,ENG-1111,,EMP134,TL-073,C,Tool_73,Welding Gun,Plant-C,2026-03-17,2026-06-15,Active,96.96,Ingersoll Rand,SN100072
M10775,MA1AB100000003775,WO13775,Hatch Z,TRIM-1,STN-05,2026-03-04 12:38,ENG-1324,SUP-086,EMP282,TL-075,B,Tool_75,Press Tool,Plant-C,2026-04-22,2026-07-21,Active,99.86,Ingersoll Rand,SN100074
M10776,MA1AB100000003776,WO13776,Hatch Z,GA-2,STN-04,2026-03-04 12:40,ENG-1350,SUP-113,EMP292,TL-034,A,Tool_34,Torque Wrench,Plant-A,2026-06-25,2026-09-23,Out of Service,99.85,Stanley,SN100033
M10777,MA1AB100000003777,WO13777,SUV Pro,GA-1,STN-01,2026-03-04 12:41,ENG-1110,SUP-141,EMP265,TL-001,B,Tool_1,Welding Gun,Plant-A,2026-05-21,2026-08-19,Maintenance,98.97,Bosch,SN100000
M10778,MA1AB100000003778,WO13778,Hatch Z,PAINT-1,STN-03,2026-03-04 12:42,ENG-1032,SUP-187,EMP206,TL-999,C,Unknown Tool,Unknown Type,,,,,,,
M10779,MA1AB100000003779,WO13779,SUV Pro,PAINT-1,STN-05,2026-03-04 12:43,ENG-1204,SUP-124,EMP172,TL-024,B,Tool_24,Robot Arm,Plant-A,2026-02-23,2026-05-24,Active,96.19,Ingersoll Rand,SN100023
M10780,MA1AB100000003780,WO13780,Hatch Z,GA-1,STN-03,2026-03-04 12:45,ENG-1240,SUP-194,EMP223,TL-030,A,Tool_30,Nut Runner,Plant-A,2026-02-18,2026-05-19,Out of Service,97.07,Ingersoll Rand,SN100029
M10781,MA1AB100000003781,WO13781,SUV Pro,PAINT-1,STN-03,2026-03-04 12:46,ENG-1193,SUP-188,EMP142,TL-048,,Tool_48,Nut Runner,Plant-B,2026-04-17,2026-07-16,Active,96.56,Stanley,SN100047
M10782,MA1AB100000003782,WO13782,SUV Pro,GA-2,STN-02,2026-03-04 12:47,ENG-1183,SUP-024,EMP158,TL-034,,Tool_34,Torque Wrench,Plant-A,2026-06-25,2026-09-23,Out of Service,99.85,Stanley,SN100033
M10783,MA1AB100000003783,WO13783,Hatch Z,TRIM-1,STN-05,2026-03-04 12:48,ENG-1421,SUP-082,EMP209,TL-009,B,Tool_9,Press Tool,Plant-C,2026-05-31,2026-08-29,Active,98.89,Bosch,SN100008
M10784,MA1AB100000003784,WO13784,Hatch Z,GA-1,STN-03,2026-03-04 12:50,ENG-1007,SUP-150,EMP264,TL-037,B,Tool_37,Torque Wrench,Plant-A,2026-02-12,2026-05-13,Maintenance,95.39,Bosch,SN100036
M10785,MA1AB100000003785,WO13785,SUV Pro,TRIM-1, stn-05 ,2026-03-04 12:51,ENG-1222,SUP-109,EMP148,TL-066,B,Tool_66,Nut Runner,Plant-A,2026-01-13,2026-04-13,Maintenance,98.63,Stanley,SN100065
M10786,MA1AB100000003786,WO13786,Sedan X,PAINT-1,STN-05,2026-03-04 12:52,ENG-1026,SUP-016,EMP151,TL-093,,Tool_93,Nut Runner,Plant-A,2026-03-03,2026-06-01,Out of Service,98.43,Ingersoll Rand,SN100092
M10787,MA1AB100000003787,WO13787,Sedan X,GA-1,STN-03,2026-03-04 12:53,ENG-1105,SUP-150,EMP143,TL-042,A,Tool_42,Welding Gun,Plant-C,2026-03-03,2026-06-01,Out of Service,97.14,Ingersoll Rand,SN100041
M10788,MA1AB100000003788,WO13788,Sedan X,PAINT-1,STN-02,2026-03-04 12:55,ENG-1221,SUP-124,EMP373,TL-053,B,Tool_53,Nut Runner,Plant-A,2026-02-27,2026-05-28,Out of Service,96.41,Stanley,SN100052
M10789,MA1AB100000003789,WO13789,Hatch Z,GA-1,Stn-03,2026-03-04 12:56,ENG-1007,SUP-125,EMP380,TL-010,,Tool_10,Welding Gun,Plant-B,2026-02-07,2026-05-08,Maintenance,98.91,Atlas Copco,SN100009
M10790,MA1AB100000003790,WO13790,Sedan X,GA-1,STN-05,2026-03-04 12:57,ENG-1343,SUP-104,EMP368,TL-041,,Tool_41,Robot Arm,Plant-A,2026-02-27,2026-05-28,Maintenance,97.13,Atlas Copco,SN100040
M10791,MA1AB100000003791,WO13791,SUV Pro,GA-2,STN-03,2026-03-04 12:58,ENG-1389,SUP-117,EMP127,TL-053,A,Tool_53,Nut Runner,Plant-A,2026-02-27,2026-05-28,Out of Service,96.41,Stanley,SN100052
M10792,MA1AB100000003792,WO13792,Sedan X,TRIM-1,Stn-03,2026-03-04 13:00,ENG-1296,SUP-169,EMP201,TL-032,A,Tool_32,Press Tool,Plant-A,2026-03-27,2026-06-25,Maintenance,97.67,Bosch,SN100031
M10793,MA1AB100000003793,WO13793,SUV Pro,PAINT-1,STN-02,2026-03-04 13:01,ENG-1361,SUP-191,EMP200,TL-002,,Tool_2,Nut Runner,Plant-A,2026-04-22,2026-07-21,Active,97.47,Bosch,SN100001
M10794,MA1AB100000003794,WO13794,Sedan X,GA-1,STN-02,2026-03-04 13:02,ENG-1099,SUP-014,EMP194,TL-065,,Tool_65,Torque Wrench,Plant-C,2026-01-31,2026-05-01,Maintenance,97.24,Bosch,SN100064
M10795,MA1AB100000003795,WO13795,SUV Pro,PAINT-1, stn-05 ,2026-03-04 13:03,ENG-1009,SUP-173,EMP267,TL-018,B,Tool_18,Robot Arm,Plant-B,2026-06-15,2026-09-13,Out of Service,95.48,Stanley,SN100017
M10796,MA1AB100000003796,WO13796,SUV Pro,GA-1,STN-01,2026-03-04 13:05,ENG-1148,SUP-040,EMP113,TL-052,,Tool_52,Torque Wrench,Plant-A,2026-04-12,2026-07-11,Out of Service,99.68,Ingersoll Rand,SN100051
M10797,MA1AB100000003797,WO13797,SUV Pro,GA-1,STN-01,2026-03-04 13:06,ENG-1161,SUP-020,EMP231,TL-041,B,Tool_41,Robot Arm,Plant-A,2026-02-27,2026-05-28,Maintenance,97.13,Atlas Copco,SN100040
M10798,MA1AB100000003798,WO13798,Sedan X,GA-1,Stn-03,2026-03-04 13:70,ENG-1205,SUP-109,EMP227,TL-027,B,Tool_27,Robot Arm,Plant-A,2026-03-13,2026-06-11,Active,95.63,Atlas Copco,SN100026
M10799,MA1AB100000003799,WO13799,Sedan X,GA-2,Stn-03,2026-03-04 13:08,ENG-1069,SUP-072,EMP119,TL-005,C,Tool_5,Torque Wrench,Plant-C,2026-02-02,2026-05-03,Maintenance,99.68,Ingersoll Rand,SN100004
M10800,MA1AB100000003800,WO13800,Sedan X,GA-2,STN-02,2026-03-04 13:10,ENG-1340,SUP-046,EMP124,TL-048,,Tool_48,Nut Runner,Plant-B,2026-04-17,2026-07-16,Active,96.56,Stanley,SN100047
M10801,MA1AB100000003801,WO13801,Sedan X,GA-1,STN-01,2026-03-04 13:11,ENG-1491,SUP-170,EMP123,TL-010,A,Tool_10,Welding Gun,Plant-B,2026-02-07,2026-05-08,Maintenance,98.91,Atlas Copco,SN100009
M10802,MA1AB100000003802,WO13802,Sedan X,PAINT-1,STN-05,2026-03-04 13:12,ENG-1157,SUP-054,EMP214,TL-074,A,Tool_74,Robot Arm,Plant-B,2026-01-04,2026-04-04,Active,97.63,Stanley,SN100073
M10803,MA1AB100000003803,WO13803,Sedan X,GA-2, stn-05 ,2026-03-04 13:13,ENG-1089,SUP-094,EMP192,TL-067,,Tool_67,Torque Wrench,Plant-A,2026-02-10,2026-05-11,Active,95.24,Bosch,SN100066
M10804,MA1AB100000003804,WO13804,Sedan X,GA-2,STN-02,2026-03-04 13:15,ENG-1124,SUP-188,EMP230,TL-043,,Tool_43,Torque Wrench,Plant-B,2026-04-28,2026-07-27,Active,96.51,Ingersoll Rand,SN100042
M10805,MA1AB100000003805,WO13805,Hatch Z,PAINT-1,STN-03,2026-03-04 13:16,ENG-1064,SUP-056,EMP255,TL-024,,Tool_24,Robot Arm,Plant-A,2026-02-23,2026-05-24,Active,96.19,Ingersoll Rand,SN100023
M10806,MA1AB100000003806,WO13806,SUV Pro,PAINT-1,STN-05,2026/03/04 13:17,ENG-1226,SUP-110,EMP102,TL-023,C,Tool_23,Welding Gun,Plant-A,2026-04-29,2026-07-28,Active,95.35,Bosch,SN100022
M10807,MA1AB100000003807,WO13807,Hatch Z,TRIM-1,STN-04,2026-03-04 13:18,ENG-1098,SUP-069,EMP189,TL-096,A,Tool_96,Nut Runner,Plant-A,2026-04-26,2026-07-25,Active,95.35,Stanley,SN100095
M10808,MA1AB100000003808,WO13808,Hatch Z,PAINT-1,STN-02,2026-03-04 13:20,ENG-1223,SUP-193,EMP332,TL-082,,Tool_82,Nut Runner,Plant-B,2026-03-18,2026-06-16,Active,95.75,Atlas Copco,SN100081
M10809,MA1AB100000003809,WO13809,Hatch Z,GA-2,STN-03,2026-03-04 13:21,ENG-1338,SUP-147,EMP381,TL-082,C,Tool_82,Nut Runner,Plant-B,2026-03-18,2026-06-16,Active,95.75,Atlas Copco,SN100081
M10810,MA1AB100000003810,WO13810,Sedan X,TRIM-1,Stn-03,2026-03-04 13:22,ENG-1118,SUP-092,EMP307,TL-100,A,Tool_100,Welding Gun,Plant-A,2026-04-25,2026-07-24,Maintenance,97.13,Ingersoll Rand,SN100099
M10811,MA1AB100000003811,WO13811,SUV Pro,GA-2,STN-04,2026-03-04 13:23,ENG-1491,SUP-104,EMP289,TL-043,A,Tool_43,Torque Wrench,Plant-B,2026-04-28,2026-07-27,Active,96.51,Ingersoll Rand,SN100042
M10812,MA1AB100000003812,WO13812,SUV Pro,TRIM-1,Stn-03,2026-03-04 13:25,ENG-1459,SUP-100,EMP180,TL-048,B,Tool_48,Nut Runner,Plant-B,2026-04-17,2026-07-16,Active,96.56,Stanley,SN100047
M10813,MA1AB100000003813,WO13813,Hatch Z,GA-1,STN-05,2026-03-04 13:26,ENG-1469,SUP-107,EMP313,TL-039,A,Tool_39,Nut Runner,Plant-C,2026-02-15,2026-05-16,Maintenance,97.07,Ingersoll Rand,SN100038
M10814,MA1AB100000003814,WO13814,SUV Pro,TRIM-1,Stn-03,2026-03-04 13:27,ENG-1189,SUP-057,EMP227,TL-052,C,Tool_52,Torque Wrench,Plant-A,2026-04-12,2026-07-11,Out of Service,99.68,Ingersoll Rand,SN100051
M10815,MA1AB100000003815,WO13815,Sedan X,PAINT-1,STN-04,2026-03-04 13:28,ENG-1398,SUP-070,EMP301,TL-056,C,Tool_56,Torque Wrench,Plant-C,2026-04-06,2026-07-05,Active,97.45,Atlas Copco,SN100055
M10816,MA1AB100000003816,WO13816,Hatch Z,GA-2,STN-03,2026-03-04 13:30,ENG-1106,SUP-144,EMP397,TL-090,,Tool_90,Nut Runner,Plant-C,2026-05-12,2026-08-10,Out of Service,97.28,Stanley,SN100089
M10817,MA1AB100000003817,WO13817,Sedan X,PAINT-1, stn-05 ,2026-03-04 13:31,ENG-1127,SUP-040,EMP248,TL-026,,Tool_26,Robot Arm,Plant-A,2026-05-25,2026-08-23,Out of Service,99.11,Atlas Copco,SN100025
M10818,MA1AB100000003818,WO13818,SUV Pro,GA-2,STN-03,2026-03-04 13:32,ENG-1052,SUP-087,EMP343,TL-011,B,Tool_11,Welding Gun,Plant-B,2026-01-03,2026-04-03,Out of Service,99.43,Atlas Copco,SN100010
M10819,MA1AB100000003819,WO13819,Hatch Z,TRIM-1,Stn-03,2026-03-04 13:33,ENG-1330,SUP-179,EMP314,TL-026,B,Tool_26,Robot Arm,Plant-A,2026-05-25,2026-08-23,Out of Service,99.11,Atlas Copco,SN100025
M10820,MA1AB100000003820,WO13820,SUV Pro,PAINT-1,STN-02,2026-03-04 13:35,ENG-1481,SUP-169,EMP246,TL-053,C,Tool_53,Nut Runner,Plant-A,2026-02-27,2026-05-28,Out of Service,96.41,Stanley,SN100052
M10821,MA1AB100000003821,WO13821,Hatch Z,TRIM-1,STN-02,2026-03-04 13:36,ENG-1342,SUP-148,EMP113,TL-053,A,Tool_53,Nut Runner,Plant-A,2026-02-27,2026-05-28,Out of Service,96.41,Stanley,SN100052
M10822,MA1AB100000003822,WO13822,SUV Pro,GA-2,STN-03,2026-03-04 13:37,ENG-1289,SUP-121,EMP221,TL-079,A,Tool_79,Press Tool,Plant-C,2026-04-14,2026-07-13,Active,96.15,Ingersoll Rand,SN100078
M10823,MA1AB100000003823,WO13823,SUV Pro,GA-1,STN-03,2026-03-04 13:38,ENG-1440,SUP-058,EMP356,TL-011,A,Tool_11,Welding Gun,Plant-B,2026-01-03,2026-04-03,Out of Service,99.43,Atlas Copco,SN100010
M10824,MA1AB100000003824,WO13824,SUV Pro,GA-2, stn-05 ,2026-03-04 13:40,ENG-1236,SUP-023,EMP114,TL-032,A,Tool_32,Press Tool,Plant-A,2026-03-27,2026-06-25,Maintenance,97.67,Bosch,SN100031
M10825,MA1AB100000003825,WO13825,SUV Pro,GA-2,STN-04,2026-03-04 13:41,ENG-1066,SUP-098,EMP130,TL-061,B,Tool_61,Nut Runner,Plant-C,2026-06-29,2026-09-27,Active,99.71,Ingersoll Rand,SN100060
M10826,MA1AB100000003826,WO13826,Sedan X,GA-1,STN-03,2026-03-04 13:42,ENG-1274,SUP-158,EMP316,TL-062,A,Tool_62,Robot Arm,Plant-A,2026-04-28,2026-07-27,Out of Service,95.44,Bosch,SN100061
M10827,MA1AB100000003827,WO13827,Hatch Z,GA-2,STN-04,2026-03-04 13:43,ENG-1374,SUP-071,EMP393,TL-027,A,Tool_27,Robot Arm,Plant-A,2026-03-13,2026-06-11,Active,95.63,Atlas Copco,SN100026
M10828,MA1AB100000003828,WO13828,Sedan X,GA-1,STN-03,2026-03-04 13:45,ENG-1203,SUP-051,EMP252,TL-999,,Unknown Tool,Unknown Type,,,,,,,
M10829,MA1AB100000003829,WO13829,SUV Pro,GA-2,STN-03,2026-03-04 13:46,ENG-1328,SUP-072,EMP173,TL-096,B,Tool_96,Nut Runner,Plant-A,2026-04-26,2026-07-25,Active,95.35,Stanley,SN100095
M10830,MA1AB100000003830,WO13830,SUV Pro,PAINT-1,STN-03,2026-03-04 13:47,ENG-1384,SUP-104,EMP205,TL-025,A,Tool_25,Nut Runner,Plant-C,2026-02-19,2026-05-20,Out of Service,98.88,Atlas Copco,SN100024
M10831,MA1AB100000003831,WO13831,SUV Pro,GA-2, stn-05 ,2026-03-04 13:48,ENG-1476,SUP-150,EMP253,TL-002,B,Tool_2,Nut Runner,Plant-A,2026-04-22,2026-07-21,Active,97.47,Bosch,SN100001
M10832,MA1AB100000003832,WO13832,SUV Pro,PAINT-1,STN-05,2026-03-04 13:50,ENG-1433,SUP-171,EMP140,TL-086,A,Tool_86,Press Tool,Plant-B,2026-03-20,2026-06-18,Active,96.21,Bosch,SN100085
M10833,MA1AB100000003833,WO13833,Sedan X,TRIM-1, stn-05 ,2026-03-04 13:51,ENG-1466,SUP-099,EMP249,TL-073,,Tool_73,Welding Gun,Plant-C,2026-03-17,2026-06-15,Active,96.96,Ingersoll Rand,SN100072
M10834,MA1AB100000003834,WO13834,Sedan X,TRIM-1,STN-04,2026-03-04 13:52,ENG-1344,SUP-007,EMP310,TL-088,B,Tool_88,Welding Gun,Plant-B,2026-04-25,2026-07-24,Active,95.24,Stanley,SN100087
M10835,MA1AB100000003835,WO13835,Sedan X,PAINT-1,STN-02,2026-03-04 13:53,ENG-1307,SUP-029,EMP116,TL-014,,Tool_14,Nut Runner,Plant-A,2026-02-27,2026-05-28,Maintenance,99.68,Stanley,SN100013
M10836,MA1AB100000003836,WO13836,Sedan X,GA-2,STN-03,2026-03-04 13:55,ENG-1402,SUP-198,EMP392,TL-004,A,Tool_4,Press Tool,Plant-A,2026-01-19,2026-04-19,Active,97.49,Bosch,SN100003
M10837,MA1AB100000003837,WO13837,SUV Pro,GA-2,STN-05,2026-03-04 13:56,ENG-1308,SUP-070,EMP399,TL-005,A,Tool_5,Torque Wrench,Plant-C,2026-02-02,2026-05-03,Maintenance,99.68,Ingersoll Rand,SN100004
M10838,MA1AB100000003838,WO13838,Sedan X,GA-2,STN-02,2026-03-04 13:57,ENG-1139,SUP-070,EMP210,TL-061,,Tool_61,Nut Runner,Plant-C,2026-06-29,2026-09-27,Active,99.71,Ingersoll Rand,SN100060
M10839,MA1AB100000003839,WO13839,SUV Pro,GA-2, stn-05 ,2026-03-04 13:58,ENG-1140,SUP-137,EMP151,TL-037,A,Tool_37,Torque Wrench,Plant-A,2026-02-12,2026-05-13,Maintenance,95.39,Bosch,SN100036
M10840,MA1AB100000003840,WO13840,Hatch Z,PAINT-1,STN-01,2026-03-04 14:00,ENG-1372,SUP-016,EMP136,TL-056,,Tool_56,Torque Wrench,Plant-C,2026-04-06,2026-07-05,Active,97.45,Atlas Copco,SN100055
M10841,MA1AB100000003841,WO13841,Hatch Z,GA-2,STN-01,2026-03-04 14:01,ENG-1037,SUP-065,EMP378,TL-012,A,Tool_12,Press Tool,Plant-B,2026-05-30,2026-08-28,Out of Service,98.02,Bosch,SN100011
M10842,MA1AB100000003842,WO13842,SUV Pro,GA-1,STN-03,2026-03-04 14:02,ENG-1296,SUP-168,EMP142,TL-099,A,Tool_99,Welding Gun,Plant-B,2026-05-20,2026-08-18,Active,97.05,Atlas Copco,SN100098
M10843,MA1AB100000003843,WO13843,Sedan X,PAINT-1, stn-05 ,2026-03-04 14:03,ENG-1460,SUP-042,EMP119,TL-020,,Tool_20,Robot Arm,Plant-C,2026-06-24,2026-09-22,Active,99.27,Ingersoll Rand,SN100019
M10844,MA1AB100000003844,WO13844,SUV Pro,GA-1,STN-04,2026-03-04 14:05,ENG-1468,SUP-140,EMP116,TL-096,A,Tool_96,Nut Runner,Plant-A,2026-04-26,2026-07-25,Active,95.35,Stanley,SN100095
M10845,MA1AB100000003845,WO13845,Hatch Z,GA-1,STN-02,2026-03-04 14:06,ENG-1149,SUP-037,EMP162,TL-099,B,Tool_99,Welding Gun,Plant-B,2026-05-20,2026-08-18,Active,97.05,Atlas Copco,SN100098
M10846,MA1AB100000003846,WO13846,SUV Pro,PAINT-1,STN-03,2026-03-04 14:07,ENG-1283,SUP-067,EMP179,TL-008,B,Tool_8,Welding Gun,Plant-A,2026-06-05,2026-09-03,Maintenance,95.49,Ingersoll Rand,SN100007
M10847,MA1AB100000003847,WO13847,SUV Pro,GA-2,STN-01,2026-03-04 14:08,ENG-1217,SUP-016,EMP344,TL-073,A,Tool_73,Welding Gun,Plant-C,2026-03-17,2026-06-15,Active,96.96,Ingersoll Rand,SN100072
M10848,MA1AB100000003848,WO13848,SUV Pro,GA-1,STN-02,2026-03-04 14:10,ENG-1471,SUP-140,EMP295,TL-008,A,Tool_8,Welding Gun,Plant-A,2026-06-05,2026-09-03,Maintenance,95.49,Ingersoll Rand,SN100007
M10849,MA1AB100000003849,WO13849,SUV Pro,TRIM-1,STN-01,2026-03-04 14:11,ENG-1437,SUP-180,EMP144,TL-064,A,Tool_64,Press Tool,Plant-A,2026-02-03,2026-05-04,Active,98.09,Atlas Copco,SN100063
M10850,MA1AB100000003850,WO13850,Sedan X,GA-2,Stn-03,2026-03-04 14:12,ENG-1361,SUP-026,EMP398,TL-088,C,Tool_88,Welding Gun,Plant-B,2026-04-25,2026-07-24,Active,95.24,Stanley,SN100087
M10851,MA1AB100000003851,WO13851,Sedan X,GA-2,STN-03,2026-03-04 14:13,ENG-1463,SUP-119,EMP102,TL-021,A,Tool_21,Press Tool,Plant-C,2026-01-09,2026-04-09,Out of Service,95.18,Atlas Copco,SN100020
M10852,MA1AB100000003852,WO13852,SUV Pro,GA-1,STN-01,2026-03-04 14:15,ENG-1067,SUP-137,EMP335,TL-081,C,Tool_81,Nut Runner,Plant-A,2026-06-21,2026-09-19,Maintenance,97.61,Atlas Copco,SN100080
M10853,MA1AB100000003853,WO13853,SUV Pro,GA-2,STN-04,2026-03-04 14:16,ENG-1478,SUP-179,EMP138,TL-099,B,Tool_99,Welding Gun,Plant-B,2026-05-20,2026-08-18,Active,97.05,Atlas Copco,SN100098
M10854,MA1AB100000003854,WO13854,SUV Pro,TRIM-1,Stn-03,2026-03-04 14:17,ENG-1261,SUP-095,EMP351,TL-049,C,Tool_49,Press Tool,Plant-A,2026-01-18,2026-04-18,Active,97.7,Atlas Copco,SN100048
M10855,MA1AB100000003855,WO13855,SUV Pro,GA-2,STN-05,2026-03-04 14:18,ENG-1036,SUP-062,EMP383,TL-999,A,Unknown Tool,Unknown Type,,,,,,,
M10856,MA1AB100000003856,WO13856,Sedan X,TRIM-1,STN-03,2026-03-04 14:20,ENG-1314,SUP-029,EMP294,TL-016,C,Tool_16,Robot Arm,Plant-B,2026-04-27,2026-07-26,Active,98.18,Atlas Copco,SN100015
M10857,MA1AB100000003857,WO13857,Sedan X,GA-2, stn-05 ,2026-03-04 14:21,ENG-1077,SUP-031,EMP278,TL-037,A,Tool_37,Torque Wrench,Plant-A,2026-02-12,2026-05-13,Maintenance,95.39,Bosch,SN100036
M10858,MA1AB100000003858,WO13858,Sedan X,GA-2,STN-01,2026-03-04 14:22,ENG-1471,SUP-086,EMP211,TL-043,A,Tool_43,Torque Wrench,Plant-B,2026-04-28,2026-07-27,Active,96.51,Ingersoll Rand,SN100042
M10859,MA1AB100000003859,WO13859,SUV Pro,TRIM-1, stn-05 ,2026-03-04 14:23,ENG-1094,SUP-100,EMP134,TL-053,C,Tool_53,Nut Runner,Plant-A,2026-02-27,2026-05-28,Out of Service,96.41,Stanley,SN100052
M10860,MA1AB100000003860,WO13860,SUV Pro,PAINT-1,STN-02,2026-03-04 14:25,ENG-1165,SUP-045,EMP354,TL-095,C,Tool_95,Nut Runner,Plant-A,2026-06-25,2026-09-23,Active,99.37,Bosch,SN100094
M10861,MA1AB100000003861,WO13861,Sedan X,GA-1,STN-02,2026-03-04 14:26,ENG-1324,SUP-094,EMP244,TL-063,A,Tool_63,Welding Gun,Plant-B,2026-03-03,2026-06-01,Active,99.78,Ingersoll Rand,SN100062
M10862,MA1AB100000003862,WO13862,Hatch Z,TRIM-1,STN-05,2026-03-04 14:27,ENG-1277,SUP-153,EMP241,TL-067,C,Tool_67,Torque Wrench,Plant-A,2026-02-10,2026-05-11,Active,95.24,Bosch,SN100066
M10863,MA1AB100000003863,WO13863,SUV Pro,TRIM-1,STN-05,2026-03-04 14:28,ENG-1144,SUP-130,EMP391,TL-077,B,Tool_77,Welding Gun,Plant-C,2026-04-12,2026-07-11,Active,98.71,Stanley,SN100076
M10864,MA1AB100000003864,WO13864,Sedan X,GA-1,STN-03,2026-03-04 14:30,ENG-1054,SUP-152,EMP274,TL-056,,Tool_56,Torque Wrench,Plant-C,2026-04-06,2026-07-05,Active,97.45,Atlas Copco,SN100055
M10865,MA1AB100000003865,WO13865,SUV Pro,TRIM-1,STN-02,2026-03-04 14:31,ENG-1187,SUP-094,EMP358,TL-038,B,Tool_38,Welding Gun,Plant-B,2026-04-18,2026-07-17,Active,97.87,Ingersoll Rand,SN100037
M10866,MA1AB100000003866,WO13866,Sedan X,TRIM-1, stn-05 ,2026-03-04 14:32,ENG-1370,SUP-023,EMP333,TL-020,,Tool_20,Robot Arm,Plant-C,2026-06-24,2026-09-22,Active,99.27,Ingersoll Rand,SN100019
M10867,MA1AB100000003867,WO13867,SUV Pro,GA-2,Stn-03,2026-03-04 14:33,ENG-1334,SUP-093,EMP307,TL-047,A,Tool_47,Robot Arm,Plant-A,2026-04-17,2026-07-16,Active,99.69,Ingersoll Rand,SN100046
M10868,MA1AB100000003868,WO13868,SUV Pro,TRIM-1,Stn-03,2026-03-04 14:35,ENG-1004,SUP-122,EMP111,TL-085,A,Tool_85,Nut Runner,Plant-A,2026-01-29,2026-04-29,Out of Service,98.68,Stanley,SN100084
M10869,MA1AB100000003869,WO13869,Sedan X,PAINT-1,Stn-03,2026-03-04 14:36,ENG-1334,SUP-071,EMP156,TL-029,A,Tool_29,Press Tool,Plant-C,2026-04-30,2026-07-29,Maintenance,98.95,Stanley,SN100028
M10870,MA1AB100000003870,WO13870,SUV Pro,TRIM-1,Stn-03,2026-03-04 14:37,ENG-1092,SUP-067,EMP120,TL-999,,Unknown Tool,Unknown Type,,,,,,,
M10871,MA1AB100000003871,WO13871,Sedan X,GA-1,STN-01,2026-03-04 14:38,ENG-1495,SUP-164,EMP310,TL-053,A,Tool_53,Nut Runner,Plant-A,2026-02-27,2026-05-28,Out of Service,96.41,Stanley,SN100052
M10872,MA1AB100000003872,WO13872,Hatch Z,PAINT-1,Stn-03,2026-03-04 14:40,ENG-1388,SUP-026,EMP348,TL-018,B,Tool_18,Robot Arm,Plant-B,2026-06-15,2026-09-13,Out of Service,95.48,Stanley,SN100017
M10873,MA1AB100000003873,WO13873,Sedan X,TRIM-1,STN-04,2026-03-04 14:41,ENG-1086,SUP-050,EMP356,TL-093,A,Tool_93,Nut Runner,Plant-A,2026-03-03,2026-06-01,Out of Service,98.43,Ingersoll Rand,SN100092
M10874,MA1AB100000003874,WO13874,Sedan X,PAINT-1,Stn-03,2026-03-04 14:42,ENG-1405,SUP-169,EMP182,TL-018,B,Tool_18,Robot Arm,Plant-B,2026-06-15,2026-09-13,Out of Service,95.48,Stanley,SN100017
M10875,MA1AB100000003875,WO13875,Sedan X,GA-2,STN-02,2026-03-04 14:43,ENG-1089,SUP-143,EMP179,TL-037,A,Tool_37,Torque Wrench,Plant-A,2026-02-12,2026-05-13,Maintenance,95.39,Bosch,SN100036
M10876,MA1AB100000003876,WO13876,Hatch Z,PAINT-1,STN-04,2026-03-04 14:45,ENG-1167,SUP-040,EMP369,TL-025,C,Tool_25,Nut Runner,Plant-C,2026-02-19,2026-05-20,Out of Service,98.88,Atlas Copco,SN100024
M10877,MA1AB100000003877,WO13877,Hatch Z,PAINT-1,STN-01,2026-03-04 14:46,ENG-1000,SUP-070,EMP147,TL-005,C,Tool_5,Torque Wrench,Plant-C,2026-02-02,2026-05-03,Maintenance,99.68,Ingersoll Rand,SN100004
M10878,MA1AB100000003878,WO13878,SUV Pro,GA-1,STN-02,2026-03-04 14:47,ENG-1190,SUP-027,EMP159,TL-032,C,Tool_32,Press Tool,Plant-A,2026-03-27,2026-06-25,Maintenance,97.67,Bosch,SN100031
M10879,MA1AB100000003879,WO13879,Hatch Z,GA-1,Stn-03,2026-03-04 14:48,ENG-1436,SUP-199,EMP260,TL-025,C,Tool_25,Nut Runner,Plant-C,2026-02-19,2026-05-20,Out of Service,98.88,Atlas Copco,SN100024
M10880,MA1AB100000003880,WO13880,SUV Pro,GA-2,STN-02,2026-03-04 14:50,ENG-1392,SUP-165,EMP371,TL-076,B,Tool_76,Welding Gun,Plant-C,2026-02-22,2026-05-23,Maintenance,98.13,Ingersoll Rand,SN100075
M10881,MA1AB100000003881,WO13881,Sedan X,TRIM-1,STN-03,2026-03-04 14:51,ENG-1060,SUP-164,EMP284,TL-063,A,Tool_63,Welding Gun,Plant-B,2026-03-03,2026-06-01,Active,99.78,Ingersoll Rand,SN100062
M10882,MA1AB100000003882,WO13882,Hatch Z,TRIM-1,STN-05,2026-03-04 14:52,ENG-1123,SUP-008,EMP165,TL-070,A,Tool_70,Robot Arm,Plant-C,2026-04-23,2026-07-22,Maintenance,98.03,Bosch,SN100069
M10883,MA1AB100000003883,WO13883,Sedan X,GA-1,STN-03,2026-03-04 14:53,ENG-1052,SUP-160,EMP247,TL-092,C,Tool_92,Nut Runner,Plant-C,2026-06-25,2026-09-23,Active,97.7,Bosch,SN100091
M10884,MA1AB100000003884,WO13884,Sedan X,PAINT-1,STN-01,2026-03-04 14:55,ENG-1313,SUP-086,EMP164,TL-999,A,Unknown Tool,Unknown Type,,,,,,,
M10885,MA1AB100000003885,WO13885,Hatch Z,PAINT-1,STN-03,2026-03-04 14:56,ENG-1240,SUP-143,EMP309,TL-059,C,Tool_59,Robot Arm,Plant-B,2026-04-15,2026-07-14,Active,95.72,Stanley,SN100058
M10886,MA1AB100000003886,WO13886,Hatch Z,GA-2,STN-05,2026-03-04 14:57,ENG-1018,SUP-045,EMP143,TL-083,B,Tool_83,Nut Runner,Plant-A,2026-01-22,2026-04-22,Out of Service,98.35,Bosch,SN100082
M10887,MA1AB100000003887,WO13887,Sedan X,TRIM-1,STN-02,2026-03-04 14:58,ENG-1387,SUP-089,EMP354,TL-072,A,Tool_72,Robot Arm,Plant-C,2026-05-05,2026-08-03,Maintenance,99.87,Atlas Copco,SN100071
M10888,MA1AB100000003888,WO13888,Hatch Z,GA-2,STN-04,2026-03-04 15:00,ENG-1285,SUP-150,EMP159,TL-086,B,Tool_86,Press Tool,Plant-B,2026-03-20,2026-06-18,Active,96.21,Bosch,SN100085
M10889,MA1AB100000003889,WO13889,Sedan X,GA-2,Stn-03,2026-03-04 15:01,ENG-1338,SUP-159,EMP327,TL-033,B,Tool_33,Welding Gun,Plant-C,2026-02-25,2026-05-26,Active,97.63,Bosch,SN100032
M10890,MA1AB100000003890,WO13890,Hatch Z,TRIM-1,STN-05,2026-03-04 15:02,ENG-1294,SUP-004,EMP263,TL-043,C,Tool_43,Torque Wrench,Plant-B,2026-04-28,2026-07-27,Active,96.51,Ingersoll Rand,SN100042
M10891,MA1AB100000003891,WO13891,SUV Pro,TRIM-1,Stn-03,2026-03-04 15:03,ENG-1190,SUP-152,EMP392,TL-040,A,Tool_40,Welding Gun,Plant-A,2026-04-02,2026-07-01,Active,98.84,Atlas Copco,SN100039
M10892,MA1AB100000003892,WO13892,Hatch Z,PAINT-1,STN-02,2026-03-04 15:05,ENG-1294,SUP-189,EMP100,TL-054,,Tool_54,Press Tool,Plant-C,2026-01-18,2026-04-18,Active,99.35,Ingersoll Rand,SN100053
M10893,MA1AB100000003893,WO13893,Hatch Z,GA-1, stn-05 ,2026-03-04 15:06,ENG-1152,SUP-092,EMP178,TL-067,,Tool_67,Torque Wrench,Plant-A,2026-02-10,2026-05-11,Active,95.24,Bosch,SN100066
M10894,MA1AB100000003894,WO13894,Sedan X,TRIM-1,STN-01,2026-03-04 15:07,ENG-1372,SUP-013,EMP298,TL-043,,Tool_43,Torque Wrench,Plant-B,2026-04-28,2026-07-27,Active,96.51,Ingersoll Rand,SN100042
M10895,MA1AB100000003895,WO13895,SUV Pro,GA-2,STN-02,2026-03-04 15:08,ENG-1231,SUP-194,EMP239,TL-048,,Tool_48,Nut Runner,Plant-B,2026-04-17,2026-07-16,Active,96.56,Stanley,SN100047
M10896,MA1AB100000003896,WO13896,Sedan X,GA-1,STN-04,2026-03-04 15:10,ENG-1162,SUP-037,EMP327,TL-054,A,Tool_54,Press Tool,Plant-C,2026-01-18,2026-04-18,Active,99.35,Ingersoll Rand,SN100053
M10897,MA1AB100000003897,WO13897,Sedan X,TRIM-1, stn-05 ,2026-03-04 15:11,ENG-1286,SUP-018,EMP253,TL-076,A,Tool_76,Welding Gun,Plant-C,2026-02-22,2026-05-23,Maintenance,98.13,Ingersoll Rand,SN100075
M10898,MA1AB100000003898,WO13898,Sedan X,PAINT-1,STN-02,2026-03-04 15:12,ENG-1325,SUP-006,EMP362,TL-036,B,Tool_36,Nut Runner,Plant-B,2026-02-08,2026-05-09,Active,95.2,Stanley,SN100035
M10899,MA1AB100000003899,WO13899,SUV Pro,TRIM-1,STN-05,2026-03-04 15:13,ENG-1314,SUP-042,EMP303,TL-038,C,Tool_38,Welding Gun,Plant-B,2026-04-18,2026-07-17,Active,97.87,Ingersoll Rand,SN100037
M10900,MA1AB100000003900,WO13900,SUV Pro,TRIM-1,Stn-03,2026-03-04 15:15,ENG-1428,SUP-128,EMP192,TL-042,A,Tool_42,Welding Gun,Plant-C,2026-03-03,2026-06-01,Out of Service,97.14,Ingersoll Rand,SN100041
M10901,MA1AB100000003901,WO13901,Hatch Z,PAINT-1, stn-05 ,2026-03-04 15:16,ENG-1094,SUP-062,EMP172,TL-033,B,Tool_33,Welding Gun,Plant-C,2026-02-25,2026-05-26,Active,97.63,Bosch,SN100032
M10902,MA1AB100000003902,WO13902,Sedan X,PAINT-1,STN-05,2026-03-04 15:17,ENG-1002,SUP-197,EMP116,TL-036,A,Tool_36,Nut Runner,Plant-B,2026-02-08,2026-05-09,Active,95.2,Stanley,SN100035
M10903,MA1AB100000003903,WO13903,SUV Pro,GA-2,STN-03,2026-03-04 15:18,ENG-1056,SUP-185,EMP269,TL-044,B,Tool_44,Press Tool,Plant-C,2026-01-16,2026-04-16,Maintenance,99.03,Bosch,SN100043
M10904,MA1AB100000003904,WO13904,SUV Pro,GA-1,STN-03,2026-03-04 15:20,ENG-1273,SUP-087,EMP261,TL-059,C,Tool_59,Robot Arm,Plant-B,2026-04-15,2026-07-14,Active,95.72,Stanley,SN100058
M10905,MA1AB100000003905,WO13905,Hatch Z,GA-1,STN-04,2026-03-04 15:21,ENG-1089,SUP-128,EMP388,TL-049,A,Tool_49,Press Tool,Plant-A,2026-01-18,2026-04-18,Active,97.7,Atlas Copco,SN100048
M10906,MA1AB100000003906,WO13906,Sedan X,PAINT-1,STN-02,2026-03-04 15:22,ENG-1188,SUP-116,EMP131,TL-031,B,Tool_31,Nut Runner,Plant-A,2026-01-31,2026-05-01,Active,97.01,Atlas Copco,SN100030
M10907,MA1AB100000003907,WO13907,Sedan X,GA-2,STN-05,2026-03-04 15:23,ENG-1406,SUP-087,EMP249,TL-046,B,Tool_46,Torque Wrench,Plant-C,2026-01-19,2026-04-19,Active,95.51,Ingersoll Rand,SN100045
M10908,MA1AB100000003908,WO13908,Sedan X,GA-1,STN-03,2026-03-04 15:25,ENG-1327,SUP-138,EMP171,TL-068,,Tool_68,Press Tool,Plant-A,2026-04-15,2026-07-14,Active,97.42,Bosch,SN100067
M10909,MA1AB100000003909,WO13909,Sedan X,GA-1,STN-03,2026-03-04 15:26,ENG-1010,SUP-036,EMP322,TL-051,B,Tool_51,Nut Runner,Plant-C,2026-04-06,2026-07-05,Active,97.28,Bosch,SN100050
M10910,MA1AB100000003910,WO13910,Hatch Z,GA-1,STN-04,2026-03-04 15:27,ENG-1080,SUP-026,EMP348,TL-038,B,Tool_38,Welding Gun,Plant-B,2026-04-18,2026-07-17,Active,97.87,Ingersoll Rand,SN100037
M10911,MA1AB100000003911,WO13911,Hatch Z,GA-2,Stn-03,2026-03-04 15:28,ENG-1067,SUP-007,EMP254,TL-012,,Tool_12,Press Tool,Plant-B,2026-05-30,2026-08-28,Out of Service,98.02,Bosch,SN100011
M10912,MA1AB100000003912,WO13912,SUV Pro,GA-2,STN-01,2026-03-04 15:30,ENG-1183,SUP-176,EMP223,TL-076,B,Tool_76,Welding Gun,Plant-C,2026-02-22,2026-05-23,Maintenance,98.13,Ingersoll Rand,SN100075
M10913,MA1AB100000003913,WO13913,SUV Pro,TRIM-1,STN-05,2026-03-04 15:31,ENG-1107,SUP-122,EMP102,TL-051,B,Tool_51,Nut Runner,Plant-C,2026-04-06,2026-07-05,Active,97.28,Bosch,SN100050
M10914,MA1AB100000003914,WO13914,Sedan X,PAINT-1,Stn-03,2026-03-04 15:32,ENG-1016,SUP-056,EMP162,TL-030,B,Tool_30,Nut Runner,Plant-A,2026-02-18,2026-05-19,Out of Service,97.07,Ingersoll Rand,SN100029
M10915,MA1AB100000003915,WO13915,Hatch Z,GA-1,STN-03,2026-03-04 15:33, eng-1001 ,SUP-137,EMP283,TL-001,B,Tool_1,Welding Gun,Plant-A,2026-05-21,2026-08-19,Maintenance,98.97,Bosch,SN100000
M10916,MA1AB100000003916,WO13916,Sedan X,GA-1,STN-04,2026-03-04 15:35,ENG-1048,SUP-172,EMP399,TL-007,A,Tool_7,Nut Runner,Plant-B,2026-06-11,2026-09-09,Out of Service,95.88,Stanley,SN100006
M10917,MA1AB100000003917,WO13917,Hatch Z,GA-2, stn-05 ,2026-03-04 15:36,ENG-1124,SUP-055,EMP291,TL-080,B,Tool_80,Robot Arm,Plant-B,2026-03-23,2026-06-21,Maintenance,97.79,Atlas Copco,SN100079
M10918,MA1AB100000003918,WO13918,SUV Pro,TRIM-1,STN-01,2026-03-04 15:37,ENG-1309,SUP-016,EMP101,TL-008,A,Tool_8,Welding Gun,Plant-A,2026-06-05,2026-09-03,Maintenance,95.49,Ingersoll Rand,SN100007
M10919,MA1AB100000003919,WO13919,Sedan X,PAINT-1,STN-04,2026-03-04 15:38,ENG-1050,SUP-097,EMP174,TL-024,C,Tool_24,Robot Arm,Plant-A,2026-02-23,2026-05-24,Active,96.19,Ingersoll Rand,SN100023
M10920,MA1AB100000003920,WO13920,SUV Pro,PAINT-1, stn-05 ,2026-03-04 15:40,ENG-1252,SUP-017,EMP363,TL-095,C,Tool_95,Nut Runner,Plant-A,2026-06-25,2026-09-23,Active,99.37,Bosch,SN100094
M10921,MA1AB100000003921,WO13921,SUV Pro,PAINT-1,STN-01,2026-03-04 15:41,ENG-1372,SUP-116,EMP396,TL-080,B,Tool_80,Robot Arm,Plant-B,2026-03-23,2026-06-21,Maintenance,97.79,Atlas Copco,SN100079
M10922,MA1AB100000003922,WO13922,Sedan X,GA-1,STN-03,2026-03-04 15:42,ENG-1406,SUP-200,EMP276,TL-094,B,Tool_94,Press Tool,Plant-C,2026-05-10,2026-08-08,Maintenance,98.64,Stanley,SN100093
M10923,MA1AB100000003923,WO13923,Sedan X,GA-2,STN-01,2026-03-04 15:43,ENG-1492,SUP-099,EMP339,TL-060,A,Tool_60,Welding Gun,Plant-B,2026-02-09,2026-05-10,Active,95.55,Atlas Copco,SN100059
M10924,MA1AB100000003924,WO13924,SUV Pro,PAINT-1,STN-04,2026-03-04 15:45,ENG-1148,SUP-113,EMP247,TL-032,,Tool_32,Press Tool,Plant-A,2026-03-27,2026-06-25,Maintenance,97.67,Bosch,SN100031
M10925,MA1AB100000003925,WO13925,Sedan X,GA-1,STN-05,2026-03-04 15:46,ENG-1151,SUP-194,EMP280,TL-026,A,Tool_26,Robot Arm,Plant-A,2026-05-25,2026-08-23,Out of Service,99.11,Atlas Copco,SN100025
M10926,MA1AB100000003926,WO13926,Sedan X,TRIM-1,STN-04,2026-03-04 15:47,ENG-1219,SUP-108,EMP319,TL-044,A,Tool_44,Press Tool,Plant-C,2026-01-16,2026-04-16,Maintenance,99.03,Bosch,SN100043
M10927,MA1AB100000003927,WO13927,SUV Pro,GA-2, stn-05 ,2026-03-04 15:48,ENG-1241,SUP-166,EMP314,TL-009,B,Tool_9,Press Tool,Plant-C,2026-05-31,2026-08-29,Active,98.89,Bosch,SN100008
M10928,MA1AB100000003928,WO13928,Sedan X,GA-2,STN-05,2026-03-04 15:50,ENG-1044,SUP-180,EMP264,TL-062,A,Tool_62,Robot Arm,Plant-A,2026-04-28,2026-07-27,Out of Service,95.44,Bosch,SN100061
M10929,MA1AB100000003929,WO13929,SUV Pro,GA-1,Stn-03,2026-03-04 15:51,ENG-1369,SUP-160,EMP130,TL-020,B,Tool_20,Robot Arm,Plant-C,2026-06-24,2026-09-22,Active,99.27,Ingersoll Rand,SN100019
M10930,MA1AB100000003930,WO13930,Sedan X,GA-1, stn-05 ,2026-03-04 15:52,ENG-1058,SUP-101,EMP344,TL-081,,Tool_81,Nut Runner,Plant-A,2026-06-21,2026-09-19,Maintenance,97.61,Atlas Copco,SN100080
M10931,MA1AB100000003931,WO13931,Sedan X,TRIM-1, stn-05 ,2026-03-04 15:53,ENG-1422,SUP-123,EMP318,TL-027,C,Tool_27,Robot Arm,Plant-A,2026-03-13,2026-06-11,Active,95.63,Atlas Copco,SN100026
M10932,MA1AB100000003932,WO13932,Sedan X,GA-2,STN-02,2026-03-04 15:55,ENG-1101,SUP-176,EMP348,TL-016,C,Tool_16,Robot Arm,Plant-B,2026-04-27,2026-07-26,Active,98.18,Atlas Copco,SN100015
M10933,MA1AB100000003933,WO13933,Hatch Z,GA-2,STN-01,2026-03-04 15:56,ENG-1444,SUP-036,EMP293,TL-082,C,Tool_82,Nut Runner,Plant-B,2026-03-18,2026-06-16,Active,95.75,Atlas Copco,SN100081
M10934,MA1AB100000003934,WO13934,Hatch Z,PAINT-1,STN-04,2026-03-04 15:57,ENG-1112,SUP-128,EMP142,TL-011,C,Tool_11,Welding Gun,Plant-B,2026-01-03,2026-04-03,Out of Service,99.43,Atlas Copco,SN100010
M10935,MA1AB100000003935,WO13935,Sedan X,PAINT-1,STN-02,2026-03-04 15:58,ENG-1011,SUP-011,EMP114,TL-096,B,Tool_96,Nut Runner,Plant-A,2026-04-26,2026-07-25,Active,95.35,Stanley,SN100095
M10936,MA1AB100000003936,WO13936,SUV Pro,PAINT-1,Stn-03,2026-03-04 16:00,ENG-1465,SUP-063,EMP391,TL-097,B,Tool_97,Nut Runner,Plant-A,2026-04-22,2026-07-21,Active,99.35,Ingersoll Rand,SN100096
M10937,MA1AB100000003937,WO13937,Sedan X,GA-1,STN-02,2026-03-04 16:01,ENG-1073,SUP-067,EMP323,TL-045,,Tool_45,Welding Gun,Plant-C,2026-03-10,2026-06-08,Active,98.94,Stanley,SN100044
M10938,MA1AB100000003938,WO13938,SUV Pro,GA-2,STN-02,2026-03-04 16:02,ENG-1497,SUP-123,EMP374,TL-092,C,Tool_92,Nut Runner,Plant-C,2026-06-25,2026-09-23,Active,97.7,Bosch,SN100091
M10939,MA1AB100000003939,WO13939,Sedan X,TRIM-1, stn-05 ,2026-03-04 16:03,ENG-1283,SUP-052,EMP354,TL-053,C,Tool_53,Nut Runner,Plant-A,2026-02-27,2026-05-28,Out of Service,96.41,Stanley,SN100052
M10940,MA1AB100000003940,WO13940,Hatch Z,GA-1,STN-03,2026-03-04 16:05,ENG-1458,SUP-054,EMP368,TL-018,A,Tool_18,Robot Arm,Plant-B,2026-06-15,2026-09-13,Out of Service,95.48,Stanley,SN100017
M10941,MA1AB100000003941,WO13941,Sedan X,GA-1,Stn-03,2026-03-04 16:06,ENG-1140,SUP-171,EMP115,TL-050,C,Tool_50,Welding Gun,Plant-C,2026-04-30,2026-07-29,Maintenance,98.51,Ingersoll Rand,SN100049
M10942,MA1AB100000003942,WO13942,Sedan X,TRIM-1,STN-04,2026-03-04 16:07,ENG-1149,SUP-048,EMP320,TL-057,B,Tool_57,Welding Gun,Plant-A,2026-05-01,2026-07-30,Active,98.96,Bosch,SN100056
M10943,MA1AB100000003943,WO13943,SUV Pro,GA-1,Stn-03,2026-03-04 16:08,ENG-1073,SUP-125,EMP193,TL-036,C,Tool_36,Nut Runner,Plant-B,2026-02-08,2026-05-09,Active,95.2,Stanley,SN100035
M10944,MA1AB100000003944,WO13944,SUV Pro,GA-2,Stn-03,2026-03-04 16:10,ENG-1465,SUP-064,EMP350,TL-047,,Tool_47,Robot Arm,Plant-A,2026-04-17,2026-07-16,Active,99.69,Ingersoll Rand,SN100046
M10945,MA1AB100000003945,WO13945,SUV Pro,TRIM-1,STN-05,2026-03-04 16:11,ENG-1240,SUP-106,EMP233,TL-068,,Tool_68,Press Tool,Plant-A,2026-04-15,2026-07-14,Active,97.42,Bosch,SN100067
M10946,MA1AB100000003946,WO13946,Hatch Z,PAINT-1,STN-05,2026-03-04 16:12,ENG-1218,SUP-041,EMP184,TL-036,C,Tool_36,Nut Runner,Plant-B,2026-02-08,2026-05-09,Active,95.2,Stanley,SN100035
M10947,MA1AB100000003947,WO13947,Hatch Z,PAINT-1,Stn-03,2026-03-04 16:13,ENG-1061,SUP-006,EMP257,TL-053,B,Tool_53,Nut Runner,Plant-A,2026-02-27,2026-05-28,Out of Service,96.41,Stanley,SN100052
M10948,MA1AB100000003948,WO13948,SUV Pro,GA-1,STN-04,2026-03-04 16:15,ENG-1296,SUP-034,EMP390,TL-054,C,Tool_54,Press Tool,Plant-C,2026-01-18,2026-04-18,Active,99.35,Ingersoll Rand,SN100053
M10949,MA1AB100000003949,WO13949,SUV Pro,PAINT-1,Stn-03,2026-03-04 16:16,ENG-1056,SUP-037,EMP127,TL-054,B,Tool_54,Press Tool,Plant-C,2026-01-18,2026-04-18,Active,99.35,Ingersoll Rand,SN100053
M10950,MA1AB100000003950,WO13950,SUV Pro,TRIM-1, stn-05 ,2026-03-04 16:17,ENG-1252,SUP-046,EMP218,TL-095,C,Tool_95,Nut Runner,Plant-A,2026-06-25,2026-09-23,Active,99.37,Bosch,SN100094
M10951,MA1AB100000003951,WO13951,Hatch Z,GA-1,STN-05,2026-03-04 16:18,ENG-1225,SUP-150,EMP210,TL-033,C,Tool_33,Welding Gun,Plant-C,2026-02-25,2026-05-26,Active,97.63,Bosch,SN100032
M10952,MA1AB100000003952,WO13952,Sedan X,GA-1,STN-02,2026-03-04 16:20,ENG-1294,SUP-029,EMP254,TL-056,C,Tool_56,Torque Wrench,Plant-C,2026-04-06,2026-07-05,Active,97.45,Atlas Copco,SN100055
M10953,MA1AB100000003953,WO13953,Sedan X,GA-2,STN-02,2026-03-04 16:21,ENG-1403,SUP-051,EMP249,TL-064,,Tool_64,Press Tool,Plant-A,2026-02-03,2026-05-04,Active,98.09,Atlas Copco,SN100063
M10954,MA1AB100000003954,WO13954,Hatch Z,GA-1,STN-03,2026-03-04 16:22,ENG-1466,SUP-089,EMP352,TL-093,,Tool_93,Nut Runner,Plant-A,2026-03-03,2026-06-01,Out of Service,98.43,Ingersoll Rand,SN100092
M10955,MA1AB100000003955,WO13955,Sedan X,PAINT-1,STN-01,2026-03-04 16:23,ENG-1442,SUP-134,EMP249,TL-090,A,Tool_90,Nut Runner,Plant-C,2026-05-12,2026-08-10,Out of Service,97.28,Stanley,SN100089
M10956,MA1AB100000003956,WO13956,SUV Pro,GA-1,STN-02,2026-03-04 16:25,ENG-1117,SUP-167,EMP371,TL-018,A,Tool_18,Robot Arm,Plant-B,2026-06-15,2026-09-13,Out of Service,95.48,Stanley,SN100017
M10957,MA1AB100000003957,WO13957,SUV Pro,TRIM-1,STN-05,2026-03-04 16:26,ENG-1348,SUP-037,EMP224,TL-025,,Tool_25,Nut Runner,Plant-C,2026-02-19,2026-05-20,Out of Service,98.88,Atlas Copco,SN100024
M10958,MA1AB100000003958,WO13958,Hatch Z,GA-2, stn-05 ,2026-03-04 16:27,ENG-1028,SUP-146,EMP238,TL-041,A,Tool_41,Robot Arm,Plant-A,2026-02-27,2026-05-28,Maintenance,97.13,Atlas Copco,SN100040
M10959,MA1AB100000003959,WO13959,Hatch Z,TRIM-1,STN-04,2026-03-04 16:28,ENG-1204,SUP-197,EMP327,TL-002,,Tool_2,Nut Runner,Plant-A,2026-04-22,2026-07-21,Active,97.47,Bosch,SN100001
M10960,MA1AB100000003960,WO13960,Sedan X,TRIM-1, stn-05 ,2026-03-04 16:30,ENG-1112,SUP-172,EMP171,TL-999,,Unknown Tool,Unknown Type,,,,,,,
M10961,MA1AB100000003961,WO13961,Sedan X,GA-1,STN-01,2026-03-04 16:31,ENG-1034,SUP-036,EMP177,TL-004,A,Tool_4,Press Tool,Plant-A,2026-01-19,2026-04-19,Active,97.49,Bosch,SN100003
M10962,MA1AB100000003962,WO13962,Hatch Z,PAINT-1,STN-05,2026-03-04 16:32,ENG-1470,SUP-069,EMP164,TL-050,C,Tool_50,Welding Gun,Plant-C,2026-04-30,2026-07-29,Maintenance,98.51,Ingersoll Rand,SN100049
M10963,MA1AB100000003963,WO13963,Hatch Z,GA-2,STN-02,2026-03-04 16:33,ENG-1385,SUP-055,EMP316,TL-058,,Tool_58,Robot Arm,Plant-C,2026-04-28,2026-07-27,Active,96.6,Stanley,SN100057
M10964,MA1AB100000003964,WO13964,Sedan X,GA-2, stn-05 ,2026-03-04 16:35,ENG-1276,SUP-155,EMP307,TL-064,A,Tool_64,Press Tool,Plant-A,2026-02-03,2026-05-04,Active,98.09,Atlas Copco,SN100063
M10965,MA1AB100000003965,WO13965,Hatch Z,GA-2,STN-04,2026-03-04 16:36,ENG-1004,SUP-086,EMP229,TL-078,C,Tool_78,Press Tool,Plant-A,2026-03-26,2026-06-24,Maintenance,99.88,Bosch,SN100077
M10966,MA1AB100000003966,WO13966,SUV Pro,GA-2,STN-01,2026-03-04 16:37,ENG-1287,SUP-095,EMP314,TL-036,A,Tool_36,Nut Runner,Plant-B,2026-02-08,2026-05-09,Active,95.2,Stanley,SN100035
M10967,MA1AB100000003967,WO13967,Sedan X,GA-2,STN-02,2026-03-04 16:38,ENG-1133,SUP-160,EMP289,TL-098,A,Tool_98,Press Tool,Plant-A,2026-06-01,2026-08-30,Active,98.11,Stanley,SN100097
M10968,MA1AB100000003968,WO13968,Hatch Z,GA-2,STN-03,2026-03-04 16:40,ENG-1025,SUP-168,EMP100,TL-010,A,Tool_10,Welding Gun,Plant-B,2026-02-07,2026-05-08,Maintenance,98.91,Atlas Copco,SN100009
M10969,MA1AB100000003969,WO13969,SUV Pro,PAINT-1,STN-04,2026-03-04 16:41,ENG-1056,SUP-122,EMP276,TL-999,A,Unknown Tool,Unknown Type,,,,,,,
M10970,MA1AB100000003970,WO13970,Hatch Z,GA-1,STN-02,2026-03-04 16:42,ENG-1487,SUP-135,EMP360,TL-074,A,Tool_74,Robot Arm,Plant-B,2026-01-04,2026-04-04,Active,97.63,Stanley,SN100073
M10971,MA1AB100000003971,WO13971,SUV Pro,PAINT-1, stn-05 ,2026-03-04 16:43,ENG-1034,SUP-016,EMP244,TL-008,C,Tool_8,Welding Gun,Plant-A,2026-06-05,2026-09-03,Maintenance,95.49,Ingersoll Rand,SN100007
M10972,MA1AB100000003972,WO13972,Sedan X,GA-1,STN-03,2026-03-04 16:45,ENG-1207,SUP-099,EMP360,TL-044,A,Tool_44,Press Tool,Plant-C,2026-01-16,2026-04-16,Maintenance,99.03,Bosch,SN100043
M10973,MA1AB100000003973,WO13973,Hatch Z,GA-2,Stn-03,2026-03-04 16:46,ENG-1169,SUP-049,EMP367,TL-082,A,Tool_82,Nut Runner,Plant-B,2026-03-18,2026-06-16,Active,95.75,Atlas Copco,SN100081
M10974,MA1AB100000003974,WO13974,SUV Pro,GA-2,STN-04,2026-03-04 16:47,ENG-1158,SUP-118,EMP263,TL-046,A,Tool_46,Torque Wrench,Plant-C,2026-01-19,2026-04-19,Active,95.51,Ingersoll Rand,SN100045
M10975,MA1AB100000003975,WO13975,Sedan X,GA-1,STN-05,2026-03-04 16:48,ENG-1327,SUP-004,EMP152,TL-052,C,Tool_52,Torque Wrench,Plant-A,2026-04-12,2026-07-11,Out of Service,99.68,Ingersoll Rand,SN100051
M10976,MA1AB100000003976,WO13976,SUV Pro,PAINT-1,STN-04,2026-03-04 16:50,ENG-1056,SUP-125,EMP330,TL-071,C,Tool_71,Welding Gun,Plant-B,2026-04-11,2026-07-10,Active,98.12,Atlas Copco,SN100070
M10977,MA1AB100000003977,WO13977,Sedan X,GA-1,STN-05,2026-03-04 16:51,ENG-1019,SUP-040,EMP336,TL-085,A,Tool_85,Nut Runner,Plant-A,2026-01-29,2026-04-29,Out of Service,98.68,Stanley,SN100084
M10978,MA1AB100000003978,WO13978,SUV Pro,GA-2,STN-04,2026-03-04 16:52,ENG-1359,SUP-027,EMP323,TL-012,A,Tool_12,Press Tool,Plant-B,2026-05-30,2026-08-28,Out of Service,98.02,Bosch,SN100011
M10979,MA1AB100000003979,WO13979,SUV Pro,TRIM-1,STN-04,2026/03/04 16:53,ENG-1409,SUP-133,EMP316,TL-015,A,Tool_15,Robot Arm,Plant-C,2026-05-26,2026-08-24,Out of Service,97.88,Atlas Copco,SN100014
M10980,MA1AB100000003980,WO13980,Hatch Z,TRIM-1,Stn-03,2026-03-04 16:55,ENG-1425,SUP-099,EMP324,TL-046,B,Tool_46,Torque Wrench,Plant-C,2026-01-19,2026-04-19,Active,95.51,Ingersoll Rand,SN100045
M10981,MA1AB100000003981,WO13981,Hatch Z,GA-2,STN-02,2026-03-04 16:56,ENG-1211,SUP-017,EMP343,TL-006,C,Tool_6,Nut Runner,Plant-B,2026-01-25,2026-04-25,Maintenance,98.24,Ingersoll Rand,SN100005
M10982,MA1AB100000003982,WO13982,Sedan X,PAINT-1,STN-05,2026-03-04 16:57,ENG-1106,SUP-096,EMP197,TL-033,C,Tool_33,Welding Gun,Plant-C,2026-02-25,2026-05-26,Active,97.63,Bosch,SN100032
M10983,MA1AB100000003983,WO13983,Hatch Z,GA-1,STN-05,2026-03-04 16:58,ENG-1178,SUP-109,EMP267,TL-057,B,Tool_57,Welding Gun,Plant-A,2026-05-01,2026-07-30,Active,98.96,Bosch,SN100056
M10984,MA1AB100000003984,WO13984,Hatch Z,PAINT-1,STN-02,2026-03-04 17:00,ENG-1186,SUP-062,EMP226,TL-075,B,Tool_75,Press Tool,Plant-C,2026-04-22,2026-07-21,Active,99.86,Ingersoll Rand,SN100074
M10985,MA1AB100000003985,WO13985,SUV Pro,GA-2,STN-04,2026-03-04 17:01,ENG-1204,SUP-169,EMP172,TL-013,,Tool_13,Nut Runner,Plant-B,2026-04-05,2026-07-04,Active,99.14,Bosch,SN100012
M10986,MA1AB100000003986,WO13986,Hatch Z,TRIM-1,STN-03,2026-03-04 17:02,ENG-1286,SUP-012,EMP134,TL-088,C,Tool_88,Welding Gun,Plant-B,2026-04-25,2026-07-24,Active,95.24,Stanley,SN100087
M10987,MA1AB100000003987,WO13987,Hatch Z,PAINT-1,STN-04,2026-03-04 17:03,ENG-1219,SUP-141,EMP348,TL-078,B,Tool_78,Press Tool,Plant-A,2026-03-26,2026-06-24,Maintenance,99.88,Bosch,SN100077
M10988,MA1AB100000003988,WO13988,Sedan X,GA-2,STN-01,2026-03-04 17:05,ENG-1077,SUP-132,EMP274,TL-027,B,Tool_27,Robot Arm,Plant-A,2026-03-13,2026-06-11,Active,95.63,Atlas Copco,SN100026
M10989,MA1AB100000003989,WO13989,SUV Pro,GA-2,STN-04,2026-03-04 17:06,ENG-1386,SUP-099,EMP320,TL-076,B,Tool_76,Welding Gun,Plant-C,2026-02-22,2026-05-23,Maintenance,98.13,Ingersoll Rand,SN100075
M10990,MA1AB100000003990,WO13990,SUV Pro,PAINT-1,STN-01,2026-03-04 17:07,ENG-1326,SUP-095,EMP131,TL-022,C,Tool_22,Press Tool,Plant-C,2026-03-22,2026-06-20,Out of Service,95.43,Bosch,SN100021
M10991,MA1AB100000003991,WO13991,Sedan X,PAINT-1,STN-03,2026-03-04 17:08,ENG-1218,SUP-028,EMP222,TL-001,,Tool_1,Welding Gun,Plant-A,2026-05-21,2026-08-19,Maintenance,98.97,Bosch,SN100000
M10992,MA1AB100000003992,WO13992,Sedan X,GA-1,STN-05,2026-03-04 17:10,ENG-1469,SUP-145,EMP341,TL-017,A,Tool_17,Torque Wrench,Plant-C,2026-01-08,2026-04-08,Maintenance,96.84,Atlas Copco,SN100016
M10993,MA1AB100000003993,WO13993,Hatch Z,TRIM-1,Stn-03,2026-03-04 17:11,ENG-1424,SUP-058,EMP384,TL-092,B,Tool_92,Nut Runner,Plant-C,2026-06-25,2026-09-23,Active,97.7,Bosch,SN100091
M10994,MA1AB100000003994,WO13994,SUV Pro,TRIM-1,STN-04,2026-03-04 17:12,ENG-1233,SUP-192,EMP159,TL-016,C,Tool_16,Robot Arm,Plant-B,2026-04-27,2026-07-26,Active,98.18,Atlas Copco,SN100015
M10995,MA1AB100000003995,WO13995,Sedan X,PAINT-1,STN-02,2026-03-04 17:13,ENG-1354,SUP-188,EMP346,TL-084,,Tool_84,Torque Wrench,Plant-C,2026-02-03,2026-05-04,Out of Service,97.78,Ingersoll Rand,SN100083
M10996,XX1 2 3 4,WO13996,Sedan X,GA-1,Stn-03,2026-03-04 17:15,ENG-1308,,EMP131,TL-002,,Tool_2,Nut Runner,Plant-A,2026-04-22,2026-07-21,Active,97.47,Bosch,SN100001
M10997,MA1AB100000003997,WO13997,Sedan X,GA-2,STN-01,2026-03-04 17:16,ENG-1024,SUP-037,EMP242,TL-019,B,Tool_19,Torque Wrench,Plant-B,2026-05-30,2026-08-28,Active,96.08,Atlas Copco,SN100018
M10998,MA1AB100000003998,WO13998,SUV Pro,PAINT-1,STN-04,2026-03-04 17:17,ENG-1110,SUP-174,EMP126,TL-045,,Tool_45,Welding Gun,Plant-C,2026-03-10,2026-06-08,Active,98.94,Stanley,SN100044
M10999,MA1AB100000003999,WO13999,Hatch Z,TRIM-1,STN-04,2026-03-04 17:18,ENG-1048,SUP-194,EMP318,TL-016,,Tool_16,Robot Arm,Plant-B,2026-04-27,2026-07-26,Active,98.18,Atlas Copco,SN100015
M11000,MA1AB100000004000,WO14000,Sedan X,TRIM-1,STN-03,2026-03-04 17:20,ENG-1363,SUP-157,EMP322,TL-045,,Tool_45,Welding Gun,Plant-C,2026-03-10,2026-06-08,Active,98.94,Stanley,SN100044
M11001,MA1AB100000004001,WO14001,SUV Pro,TRIM-1,STN-04,2026-03-04 17:21,ENG-1151,SUP-011,EMP293,TL-068,B,Tool_68,Press Tool,Plant-A,2026-04-15,2026-07-14,Active,97.42,Bosch,SN100067
M11002,MA1AB100000004002,WO14002,Sedan X,PAINT-1,Stn-03,2026-03-04 17:22,ENG-1136,SUP-005,EMP108,TL-079,C,Tool_79,Press Tool,Plant-C,2026-04-14,2026-07-13,Active,96.15,Ingersoll Rand,SN100078
M11003,MA1AB100000004003,WO14003,Sedan X,GA-2,Stn-03,2026-03-04 17:23,ENG-1429,SUP-073,EMP170,TL-087,,Tool_87,Robot Arm,Plant-B,2026-02-09,2026-05-10,Maintenance,99.98,Stanley,SN100086
M11004,MA1AB100000004004,WO14004,Hatch Z,PAINT-1,STN-02,2026-03-04 17:25,ENG-1399,SUP-118,EMP202,TL-089,B,Tool_89,Welding Gun,Plant-B,2026-06-20,2026-09-18,Out of Service,97.46,Stanley,SN100088
M11005,MA1AB100000004005,WO14005,Sedan X,GA-1,STN-05,2026-03-04 17:26,ENG-1038,SUP-195,EMP232,TL-032,A,Tool_32,Press Tool,Plant-A,2026-03-27,2026-06-25,Maintenance,97.67,Bosch,SN100031
M11006,MA1AB100000004006,WO14006,SUV Pro,GA-1,STN-03,2026-03-04 17:27,ENG-1354,SUP-073,EMP344,TL-086,B,Tool_86,Press Tool,Plant-B,2026-03-20,2026-06-18,Active,96.21,Bosch,SN100085
M11007,MA1AB100000004007,WO14007,SUV Pro,GA-1,Stn-03,2026-03-04 17:28,ENG-1058,SUP-086,EMP352,TL-999,A,Unknown Tool,Unknown Type,,,,,,,
M11008,MA1AB100000004008,WO14008,Sedan X,PAINT-1,STN-01,2026-03-04 17:30,ENG-1381,SUP-180,EMP149,TL-006,A,Tool_6,Nut Runner,Plant-B,2026-01-25,2026-04-25,Maintenance,98.24,Ingersoll Rand,SN100005
M11009,MA1AB100000004009,WO14009,SUV Pro,GA-2,STN-04,2026-03-04 17:70,ENG-1004,SUP-008,EMP358,TL-005,B,Tool_5,Torque Wrench,Plant-C,2026-02-02,2026-05-03,Maintenance,99.68,Ingersoll Rand,SN100004
M11010,MA1AB100000004010,WO14010,SUV Pro,PAINT-1,STN-05,2026-03-04 17:32,ENG-1292,SUP-184,EMP206,TL-086,C,Tool_86,Press Tool,Plant-B,2026-03-20,2026-06-18,Active,96.21,Bosch,SN100085
M11011,MA1AB100000004011,WO14011,SUV Pro,PAINT-1,STN-05,2026-03-04 17:33,ENG-1233,SUP-143,EMP204,TL-029,C,Tool_29,Press Tool,Plant-C,2026-04-30,2026-07-29,Maintenance,98.95,Stanley,SN100028
M11012,MA1AB100000004012,WO14012,SUV Pro,GA-2,STN-03,2026-03-04 17:35,ENG-1251,SUP-023,EMP195,TL-014,C,Tool_14,Nut Runner,Plant-A,2026-02-27,2026-05-28,Maintenance,99.68,Stanley,SN100013
M11013,MA1AB100000004013,WO14013,Hatch Z,TRIM-1,STN-04,2026-03-04 17:36,ENG-1291,SUP-024,EMP229,TL-050,B,Tool_50,Welding Gun,Plant-C,2026-04-30,2026-07-29,Maintenance,98.51,Ingersoll Rand,SN100049
M11014,MA1AB100000004014,WO14014,Hatch Z,TRIM-1, stn-05 ,2026-03-04 17:37,ENG-1198,SUP-073,EMP222,TL-020,A,Tool_20,Robot Arm,Plant-C,2026-06-24,2026-09-22,Active,99.27,Ingersoll Rand,SN100019
M11015,MA1AB100000004015,WO14015,Sedan X,GA-1,STN-04,2026-03-04 17:38,ENG-1354,SUP-036,EMP308,TL-055,C,Tool_55,Nut Runner,Plant-A,2026-01-22,2026-04-22,Out of Service,95.5,Atlas Copco,SN100054
M11016,MA1AB100000004016,WO14016,Sedan X,GA-2,STN-03,2026-03-04 17:40,ENG-1201,SUP-138,EMP270,TL-034,B,Tool_34,Torque Wrench,Plant-A,2026-06-25,2026-09-23,Out of Service,99.85,Stanley,SN100033
M11017,MA1AB100000004017,WO14017,Hatch Z,TRIM-1, stn-05 ,2026-03-04 17:41,ENG-1065,SUP-075,EMP101,TL-006,A,Tool_6,Nut Runner,Plant-B,2026-01-25,2026-04-25,Maintenance,98.24,Ingersoll Rand,SN100005
M11018,MA1AB100000004018,WO14018,Hatch Z,GA-2,STN-01,2026-03-04 17:42,ENG-1279,SUP-101,EMP125,TL-012,C,Tool_12,Press Tool,Plant-B,2026-05-30,2026-08-28,Out of Service,98.02,Bosch,SN100011
M11019,MA1AB100000004019,WO14019,Hatch Z,TRIM-1,Stn-03,2026-03-04 17:43,ENG-1008,SUP-082,EMP144,TL-076,A,Tool_76,Welding Gun,Plant-C,2026-02-22,2026-05-23,Maintenance,98.13,Ingersoll Rand,SN100075
M11020,MA1AB100000004020,WO14020,Hatch Z,PAINT-1,STN-03,2026-03-04 17:45,ENG-1106,SUP-037,EMP353,TL-015,,Tool_15,Robot Arm,Plant-C,2026-05-26,2026-08-24,Out of Service,97.88,Atlas Copco,SN100014
M11021,MA1AB100000004021,WO14021,Hatch Z,GA-2, stn-05 ,2026-03-04 17:46,ENG-1029,SUP-166,EMP201,TL-031,C,Tool_31,Nut Runner,Plant-A,2026-01-31,2026-05-01,Active,97.01,Atlas Copco,SN100030
M11022,MA1AB100000004022,WO14022,SUV Pro,GA-2,STN-04,2026-03-04 17:47,ENG-1306,SUP-183,EMP202,TL-002,A,Tool_2,Nut Runner,Plant-A,2026-04-22,2026-07-21,Active,97.47,Bosch,SN100001
M11023,MA1AB100000004023,WO14023,Sedan X,GA-1, stn-05 ,2026-03-04 17:48,ENG-1019,SUP-151,EMP126,TL-068,B,Tool_68,Press Tool,Plant-A,2026-04-15,2026-07-14,Active,97.42,Bosch,SN100067
M11024,MA1AB100000004024,WO14024,Sedan X,TRIM-1,STN-05,2026-03-04 17:50,ENG-1058,SUP-187,EMP101,TL-040,A,Tool_40,Welding Gun,Plant-A,2026-04-02,2026-07-01,Active,98.84,Atlas Copco,SN100039
M11025,MA1AB100000004025,WO14025,Sedan X,GA-2,STN-03,2026-03-04 17:51,ENG-1357,SUP-072,EMP133,TL-043,B,Tool_43,Torque Wrench,Plant-B,2026-04-28,2026-07-27,Active,96.51,Ingersoll Rand,SN100042
M11026,MA1AB100000004026,WO14026,Hatch Z,GA-1,STN-05,2026-03-04 17:52,ENG-1378,SUP-059,EMP125,TL-034,B,Tool_34,Torque Wrench,Plant-A,2026-06-25,2026-09-23,Out of Service,99.85,Stanley,SN100033
M11027,MA1AB100000004027,WO14027,Hatch Z,TRIM-1,STN-04,2026-03-04 17:53,ENG-1217,SUP-023,EMP224,TL-099,,Tool_99,Welding Gun,Plant-B,2026-05-20,2026-08-18,Active,97.05,Atlas Copco,SN100098
M11028,MA1AB100000004028,WO14028,SUV Pro,GA-2,STN-05,2026-03-04 17:55,ENG-1469,SUP-165,EMP112,TL-066,A,Tool_66,Nut Runner,Plant-A,2026-01-13,2026-04-13,Maintenance,98.63,Stanley,SN100065
M11029,MA1AB100000004029,WO14029,Sedan X,GA-2, stn-05 ,2026-03-04 17:56,ENG-1325,SUP-110,EMP366,TL-009,C,Tool_9,Press Tool,Plant-C,2026-05-31,2026-08-29,Active,98.89,Bosch,SN100008
M11030,MA1AB100000004030,WO14030,Hatch Z,PAINT-1,Stn-03,2026-03-04 17:57,ENG-1234,SUP-179,EMP231,TL-099,,Tool_99,Welding Gun,Plant-B,2026-05-20,2026-08-18,Active,97.05,Atlas Copco,SN100098
M11031,MA1AB100000004031,WO14031,Sedan X,PAINT-1, stn-05 ,2026-03-04 17:58,ENG-1112,SUP-019,EMP145,TL-005,C,Tool_5,Torque Wrench,Plant-C,2026-02-02,2026-05-03,Maintenance,99.68,Ingersoll Rand,SN100004
M11032,MA1AB100000004032,WO14032,Hatch Z,GA-2, stn-05 ,2026-03-04 18:00,ENG-1399,SUP-190,EMP225,TL-002,,Tool_2,Nut Runner,Plant-A,2026-04-22,2026-07-21,Active,97.47,Bosch,SN100001
M11033,MA1AB100000004033,WO14033,SUV Pro,GA-2,STN-05,2026-03-04 18:01,ENG-1229,SUP-159,EMP357,TL-038,B,Tool_38,Welding Gun,Plant-B,2026-04-18,2026-07-17,Active,97.87,Ingersoll Rand,SN100037
M11034,MA1AB100000004034,WO14034,Sedan X,GA-1, stn-05 ,2026-03-04 18:02,ENG-1157,SUP-036,EMP316,TL-078,B,Tool_78,Press Tool,Plant-A,2026-03-26,2026-06-24,Maintenance,99.88,Bosch,SN100077
M11035,MA1AB100000004035,WO14035,SUV Pro,TRIM-1, stn-05 ,2026-03-04 18:03,ENG-1442,SUP-092,EMP114,TL-097,A,Tool_97,Nut Runner,Plant-A,2026-04-22,2026-07-21,Active,99.35,Ingersoll Rand,SN100096
M11036,MA1AB100000004036,WO14036,SUV Pro,TRIM-1,STN-04,2026-03-04 18:05,ENG-1245,SUP-177,EMP150,TL-066,,Tool_66,Nut Runner,Plant-A,2026-01-13,2026-04-13,Maintenance,98.63,Stanley,SN100065
M11037,MA1AB100000004037,WO14037,SUV Pro,TRIM-1,Stn-03,2026-03-04 18:06,ENG-1459,SUP-033,EMP371,TL-070,B,Tool_70,Robot Arm,Plant-C,2026-04-23,2026-07-22,Maintenance,98.03,Bosch,SN100069
M11038,MA1AB100000004038,WO14038,SUV Pro,GA-2,STN-04,2026-03-04 18:07,ENG-1278,SUP-135,EMP283,TL-004,A,Tool_4,Press Tool,Plant-A,2026-01-19,2026-04-19,Active,97.49,Bosch,SN100003
M11039,MA1AB100000004039,WO14039,Hatch Z,TRIM-1,Stn-03,2026-03-04 18:08,ENG-1400,SUP-164,EMP182,TL-059,,Tool_59,Robot Arm,Plant-B,2026-04-15,2026-07-14,Active,95.72,Stanley,SN100058
M11040,MA1AB100000004040,WO14040,Sedan X,GA-2,STN-02,2026-03-04 18:10,ENG-1217,SUP-111,EMP322,TL-057,A,Tool_57,Welding Gun,Plant-A,2026-05-01,2026-07-30,Active,98.96,Bosch,SN100056
M11041,MA1AB100000004041,WO14041,Hatch Z,GA-2,STN-04,2026-03-04 18:11,ENG-1329,SUP-102,EMP143,TL-051,C,Tool_51,Nut Runner,Plant-C,2026-04-06,2026-07-05,Active,97.28,Bosch,SN100050
M11042,MA1AB100000004042,WO14042,Sedan X,GA-2,STN-05,2026-03-04 18:12,ENG-1469,SUP-165,EMP375,TL-078,A,Tool_78,Press Tool,Plant-A,2026-03-26,2026-06-24,Maintenance,99.88,Bosch,SN100077
M11043,MA1AB100000004043,WO14043,SUV Pro,PAINT-1,STN-05,2026-03-04 18:13,ENG-1298,SUP-062,EMP262,TL-073,A,Tool_73,Welding Gun,Plant-C,2026-03-17,2026-06-15,Active,96.96,Ingersoll Rand,SN100072
M11044,MA1AB100000004044,WO14044,Sedan X,PAINT-1,STN-03,2026-03-04 18:15,ENG-1318,SUP-123,EMP345,TL-060,B,Tool_60,Welding Gun,Plant-B,2026-02-09,2026-05-10,Active,95.55,Atlas Copco,SN100059
M11045,MA1AB100000004045,WO14045,SUV Pro,PAINT-1,STN-05,2026-03-04 18:16,ENG-1428,SUP-127,EMP294,TL-038,A,Tool_38,Welding Gun,Plant-B,2026-04-18,2026-07-17,Active,97.87,Ingersoll Rand,SN100037
M11046,MA1AB100000004046,WO14046,Hatch Z,GA-2,STN-05,2026-03-04 18:17,ENG-1189,SUP-190,EMP372,TL-004,C,Tool_4,Press Tool,Plant-A,2026-01-19,2026-04-19,Active,97.49,Bosch,SN100003
M11047,MA1AB100000004047,WO14047,Sedan X,GA-1, stn-05 ,2026-03-04 18:18,ENG-1481,SUP-075,EMP163,TL-099,,Tool_99,Welding Gun,Plant-B,2026-05-20,2026-08-18,Active,97.05,Atlas Copco,SN100098
M11048,MA1AB100000004048,WO14048,Sedan X,TRIM-1,STN-03,2026-03-04 18:20,ENG-1247,SUP-142,EMP398,TL-025,A,Tool_25,Nut Runner,Plant-C,2026-02-19,2026-05-20,Out of Service,98.88,Atlas Copco,SN100024
M11049,MA1AB100000004049,WO14049,Sedan X,PAINT-1,Stn-03,2026-03-04 18:21,ENG-1202,SUP-090,EMP147,TL-069,,Tool_69,Torque Wrench,Plant-B,2026-01-29,2026-04-29,Active,98.16,Bosch,SN100068
M11050,MA1AB100000004050,WO14050,Sedan X,GA-1,Stn-03,2026-03-04 18:22,ENG-1157,SUP-135,EMP319,TL-006,A,Tool_6,Nut Runner,Plant-B,2026-01-25,2026-04-25,Maintenance,98.24,Ingersoll Rand,SN100005
M11051,MA1AB100000004051,WO14051,Hatch Z,PAINT-1,Stn-03,2026-03-04 18:23,ENG-1022,SUP-002,EMP194,TL-034,C,Tool_34,Torque Wrench,Plant-A,2026-06-25,2026-09-23,Out of Service,99.85,Stanley,SN100033
M11052,MA1AB100000004052,WO14052,Hatch Z,GA-2,STN-05,2026-03-04 18:25,ENG-1485,SUP-115,EMP387,TL-063,C,Tool_63,Welding Gun,Plant-B,2026-03-03,2026-06-01,Active,99.78,Ingersoll Rand,SN100062
M11053,MA1AB100000004053,WO14053,Hatch Z,TRIM-1,STN-01,2026-03-04 18:26,ENG-1320,SUP-060,EMP108,TL-100,B,Tool_100,Welding Gun,Plant-A,2026-04-25,2026-07-24,Maintenance,97.13,Ingersoll Rand,SN100099
M11054,MA1AB100000004054,WO14054,Hatch Z,GA-2,STN-01,2026-03-04 18:27,ENG-1063,SUP-027,EMP176,TL-044,A,Tool_44,Press Tool,Plant-C,2026-01-16,2026-04-16,Maintenance,99.03,Bosch,SN100043
M11055,MA1AB100000004055,WO14055,Sedan X,TRIM-1,Stn-03,2026-03-04 18:28,ENG-1320,SUP-010,EMP352,TL-036,B,Tool_36,Nut Runner,Plant-B,2026-02-08,2026-05-09,Active,95.2,Stanley,SN100035
M11056,MA1AB100000004056,WO14056,Hatch Z,GA-1,STN-04,2026-03-04 18:30,ENG-1338,SUP-165,EMP276,TL-020,B,Tool_20,Robot Arm,Plant-C,2026-06-24,2026-09-22,Active,99.27,Ingersoll Rand,SN100019
M11057,MA1AB100000004057,WO14057,Sedan X,GA-2,Stn-03,2026-03-04 18:31,ENG-1096,SUP-105,EMP207,TL-016,A,Tool_16,Robot Arm,Plant-B,2026-04-27,2026-07-26,Active,98.18,Atlas Copco,SN100015
M11058,MA1AB100000004058,WO14058,SUV Pro,GA-2,STN-01,2026-03-04 18:32,ENG-1006,SUP-128,EMP200,TL-003,B,Tool_3,Robot Arm,Plant-C,2026-02-25,2026-05-26,Active,97.36,Atlas Copco,SN100002
M11059,MA1AB100000004059,WO14059,SUV Pro,GA-2,STN-04,2026-03-04 18:33,ENG-1333,SUP-182,EMP316,TL-018,C,Tool_18,Robot Arm,Plant-B,2026-06-15,2026-09-13,Out of Service,95.48,Stanley,SN100017
M11060,MA1AB100000004060,WO14060,Hatch Z,TRIM-1,STN-03,2026-03-04 18:35, eng-1001 ,SUP-062,EMP340,TL-095,C,Tool_95,Nut Runner,Plant-A,2026-06-25,2026-09-23,Active,99.37,Bosch,SN100094
M11061,MA1AB100000004061,WO14061,Sedan X,PAINT-1,STN-04,2026-03-04 18:36,ENG-1452,SUP-177,EMP147,TL-083,C,Tool_83,Nut Runner,Plant-A,2026-01-22,2026-04-22,Out of Service,98.35,Bosch,SN100082
M11062,MA1AB100000004062,WO14062,SUV Pro,TRIM-1, stn-05 ,2026-03-04 18:37,ENG-1492,SUP-153,EMP288,TL-053,,Tool_53,Nut Runner,Plant-A,2026-02-27,2026-05-28,Out of Service,96.41,Stanley,SN100052
M11063,MA1AB100000004063,WO14063,SUV Pro,GA-1, stn-05 ,2026-03-04 18:38,ENG-1194,SUP-139,EMP352,TL-999,B,Unknown Tool,Unknown Type,,,,,,,
M11064,MA1AB100000004064,WO14064,SUV Pro,PAINT-1,STN-03,2026-03-04 18:40,ENG-1481,SUP-096,EMP212,TL-033,C,Tool_33,Welding Gun,Plant-C,2026-02-25,2026-05-26,Active,97.63,Bosch,SN100032
M11065,MA1AB100000004065,WO14065,Hatch Z,GA-1,STN-03,2026-03-04 18:41,ENG-1194,SUP-168,EMP319,TL-071,,Tool_71,Welding Gun,Plant-B,2026-04-11,2026-07-10,Active,98.12,Atlas Copco,SN100070
M11066,MA1AB100000004066,WO14066,SUV Pro,GA-2, stn-05 ,2026-03-04 18:42,ENG-1382,SUP-069,EMP359,TL-026,C,Tool_26,Robot Arm,Plant-A,2026-05-25,2026-08-23,Out of Service,99.11,Atlas Copco,SN100025
M11067,MA1AB100000004067,WO14067,Hatch Z,GA-2, stn-05 ,2026-03-04 18:43,ENG-1481,SUP-091,EMP380,TL-055,B,Tool_55,Nut Runner,Plant-A,2026-01-22,2026-04-22,Out of Service,95.5,Atlas Copco,SN100054
M11068,MA1AB100000004068,WO14068,SUV Pro,TRIM-1,STN-02,2026-03-04 18:45,ENG-1222,SUP-101,EMP253,TL-067,C,Tool_67,Torque Wrench,Plant-A,2026-02-10,2026-05-11,Active,95.24,Bosch,SN100066
M11069,MA1AB100000004069,WO14069,Sedan X,GA-2,STN-01,2026-03-04 18:46,ENG-1440,SUP-170,EMP335,TL-061,C,Tool_61,Nut Runner,Plant-C,2026-06-29,2026-09-27,Active,99.71,Ingersoll Rand,SN100060
M11070,MA1AB100000004070,WO14070,Hatch Z,TRIM-1,STN-01,2026-03-04 18:47,ENG-1473,SUP-131,EMP248,TL-032,B,Tool_32,Press Tool,Plant-A,2026-03-27,2026-06-25,Maintenance,97.67,Bosch,SN100031
M11071,MA1AB100000004071,WO14071,Hatch Z,TRIM-1,Stn-03,2026-03-04 18:48,ENG-1411,SUP-157,EMP387,TL-028,C,Tool_28,Press Tool,Plant-C,2026-01-25,2026-04-25,Out of Service,97.87,Ingersoll Rand,SN100027
M11072,MA1AB100000004072,WO14072,SUV Pro,GA-2,Stn-03,2026-03-04 18:50,ENG-1499,SUP-187,EMP320,TL-077,C,Tool_77,Welding Gun,Plant-C,2026-04-12,2026-07-11,Active,98.71,Stanley,SN100076
M11073,MA1AB100000004073,WO14073,Hatch Z,GA-1,STN-03,2026-03-04 18:51,ENG-1012,SUP-196,EMP256,TL-041,A,Tool_41,Robot Arm,Plant-A,2026-02-27,2026-05-28,Maintenance,97.13,Atlas Copco,SN100040
M11074,MA1AB100000004074,WO14074,SUV Pro,GA-1,STN-05,2026-03-04 18:52,ENG-1089,SUP-137,EMP237,TL-052,,Tool_52,Torque Wrench,Plant-A,2026-04-12,2026-07-11,Out of Service,99.68,Ingersoll Rand,SN100051
M11075,MA1AB100000004075,WO14075,Sedan X,GA-1,STN-01,2026-03-04 18:53,ENG-1234,SUP-051,EMP243,TL-023,B,Tool_23,Welding Gun,Plant-A,2026-04-29,2026-07-28,Active,95.35,Bosch,SN100022
M11076,MA1AB100000004076,WO14076,Hatch Z,GA-1, stn-05 ,2026-03-04 18:55,ENG-1239,SUP-115,EMP216,TL-095,,Tool_95,Nut Runner,Plant-A,2026-06-25,2026-09-23,Active,99.37,Bosch,SN100094
M11077,MA1AB100000004077,WO14077,Sedan X,PAINT-1,STN-03,2026-03-04 18:56,ENG-1325,SUP-089,EMP102,TL-031,A,Tool_31,Nut Runner,Plant-A,2026-01-31,2026-05-01,Active,97.01,Atlas Copco,SN100030
M11078,MA1AB100000004078,WO14078,Sedan X,TRIM-1,STN-02,2026-03-04 18:57,ENG-1171,SUP-144,EMP279,TL-015,C,Tool_15,Robot Arm,Plant-C,2026-05-26,2026-08-24,Out of Service,97.88,Atlas Copco,SN100014
M11079,MA1AB100000004079,WO14079,Sedan X,GA-2, stn-05 ,2026-03-04 18:58,ENG-1356,SUP-163,EMP102,TL-039,C,Tool_39,Nut Runner,Plant-C,2026-02-15,2026-05-16,Maintenance,97.07,Ingersoll Rand,SN100038
M11080,MA1AB100000004080,WO14080,Sedan X,GA-2,STN-05,2026-03-04 19:00,ENG-1048,SUP-080,EMP207,TL-044,B,Tool_44,Press Tool,Plant-C,2026-01-16,2026-04-16,Maintenance,99.03,Bosch,SN100043
M11081,MA1AB100000004081,WO14081,Sedan X,GA-2,STN-04,2026-03-04 19:01,ENG-1305,SUP-068,EMP219,TL-029,,Tool_29,Press Tool,Plant-C,2026-04-30,2026-07-29,Maintenance,98.95,Stanley,SN100028
M11082,MA1AB100000004082,WO14082,Hatch Z,PAINT-1,STN-02,2026-03-04 19:02,ENG-1040,SUP-185,EMP151,TL-015,B,Tool_15,Robot Arm,Plant-C,2026-05-26,2026-08-24,Out of Service,97.88,Atlas Copco,SN100014
M11083,MA1AB100000004083,WO14083,Sedan X,PAINT-1,STN-05,2026-03-04 19:03,ENG-1014,SUP-071,EMP185,TL-052,C,Tool_52,Torque Wrench,Plant-A,2026-04-12,2026-07-11,Out of Service,99.68,Ingersoll Rand,SN100051
M11084,MA1AB100000004084,WO14084,Sedan X,TRIM-1,Stn-03,2026-03-04 19:05,ENG-1135,SUP-039,EMP382,TL-056,,Tool_56,Torque Wrench,Plant-C,2026-04-06,2026-07-05,Active,97.45,Atlas Copco,SN100055
M11085,MA1AB100000004085,WO14085,Sedan X,PAINT-1,STN-01,2026-03-04 19:06,ENG-1354,SUP-014,EMP368,TL-047,,Tool_47,Robot Arm,Plant-A,2026-04-17,2026-07-16,Active,99.69,Ingersoll Rand,SN100046
M11086,MA1AB100000004086,WO14086,Sedan X,GA-2,STN-05,2026-03-04 19:07,ENG-1366,SUP-174,EMP279,TL-045,C,Tool_45,Welding Gun,Plant-C,2026-03-10,2026-06-08,Active,98.94,Stanley,SN100044
M11087,MA1AB100000004087,WO14087,SUV Pro,GA-1,STN-03,2026-03-04 19:08,ENG-1323,SUP-194,EMP320,TL-006,A,Tool_6,Nut Runner,Plant-B,2026-01-25,2026-04-25,Maintenance,98.24,Ingersoll Rand,SN100005
M11088,MA1AB100000004088,WO14088,Hatch Z,GA-2,STN-03,2026-03-04 19:10,ENG-1048,SUP-021,EMP344,TL-086,C,Tool_86,Press Tool,Plant-B,2026-03-20,2026-06-18,Active,96.21,Bosch,SN100085
M11089,MA1AB100000004089,WO14089,SUV Pro,PAINT-1,STN-03,2026-03-04 19:11,ENG-1386,SUP-176,EMP212,TL-089,,Tool_89,Welding Gun,Plant-B,2026-06-20,2026-09-18,Out of Service,97.46,Stanley,SN100088
M11090,MA1AB100000004090,WO14090,Hatch Z,GA-1,Stn-03,2026-03-04 19:12,ENG-1213,SUP-035,EMP342,TL-024,A,Tool_24,Robot Arm,Plant-A,2026-02-23,2026-05-24,Active,96.19,Ingersoll Rand,SN100023
M11091,MA1AB100000004091,WO14091,SUV Pro,TRIM-1,STN-02,2026-03-04 19:13,ENG-1126,SUP-114,EMP228,TL-050,A,Tool_50,Welding Gun,Plant-C,2026-04-30,2026-07-29,Maintenance,98.51,Ingersoll Rand,SN100049
M11092,MA1AB100000004092,WO14092,Sedan X,GA-1, stn-05 ,2026-03-04 19:15,ENG-1162,SUP-122,EMP291,TL-055,B,Tool_55,Nut Runner,Plant-A,2026-01-22,2026-04-22,Out of Service,95.5,Atlas Copco,SN100054
M11093,MA1AB100000004093,WO14093,SUV Pro,PAINT-1,STN-01,2026-03-04 19:16,ENG-1088,SUP-193,EMP317,TL-004,C,Tool_4,Press Tool,Plant-A,2026-01-19,2026-04-19,Active,97.49,Bosch,SN100003
M11094,MA1AB100000004094,WO14094,Hatch Z,GA-1,STN-05,2026-03-04 19:17,ENG-1499,SUP-168,EMP326,TL-051,B,Tool_51,Nut Runner,Plant-C,2026-04-06,2026-07-05,Active,97.28,Bosch,SN100050
M11095,MA1AB100000004095,WO14095,Sedan X,GA-1,STN-04,2026-03-04 19:18,ENG-1292,SUP-060,EMP142,TL-078,,Tool_78,Press Tool,Plant-A,2026-03-26,2026-06-24,Maintenance,99.88,Bosch,SN100077
M11096,MA1AB100000004096,WO14096,Sedan X,GA-1,Stn-03,2026-03-04 19:20,ENG-1432,SUP-061,EMP272,TL-010,,Tool_10,Welding Gun,Plant-B,2026-02-07,2026-05-08,Maintenance,98.91,Atlas Copco,SN100009
M11097,MA1AB100000004097,WO14097,Hatch Z,TRIM-1,STN-01,2026-03-04 19:21,ENG-1159,SUP-086,EMP116,TL-092,C,Tool_92,Nut Runner,Plant-C,2026-06-25,2026-09-23,Active,97.7,Bosch,SN100091
M11098,MA1AB100000004098,WO14098,Hatch Z,GA-2,Stn-03,2026-03-04 19:22,ENG-1064,SUP-174,EMP314,TL-057,B,Tool_57,Welding Gun,Plant-A,2026-05-01,2026-07-30,Active,98.96,Bosch,SN100056
M11099,MA1AB100000004099,WO14099,Hatch Z,GA-1,STN-02,2026-03-04 19:23,ENG-1487,SUP-195,EMP210,TL-036,B,Tool_36,Nut Runner,Plant-B,2026-02-08,2026-05-09,Active,95.2,Stanley,SN100035
M11100,MA1AB100000004100,WO14100,Hatch Z,GA-1,STN-03,2026-03-04 19:25,ENG-1257,SUP-089,EMP146,TL-085,C,Tool_85,Nut Runner,Plant-A,2026-01-29,2026-04-29,Out of Service,98.68,Stanley,SN100084
M11101,MA1AB100000004101,WO14101,Hatch Z,GA-2,STN-01,2026-03-04 19:26,ENG-1074,SUP-095,EMP224,TL-052,C,Tool_52,Torque Wrench,Plant-A,2026-04-12,2026-07-11,Out of Service,99.68,Ingersoll Rand,SN100051
M11102,MA1AB100000004102,WO14102,SUV Pro,GA-1,Stn-03,2026-03-04 19:27,ENG-1347,SUP-038,EMP383,TL-023,B,Tool_23,Welding Gun,Plant-A,2026-04-29,2026-07-28,Active,95.35,Bosch,SN100022
M11103,MA1AB100000004103,WO14103,Sedan X,GA-2,STN-03,2026-03-04 19:28,ENG-1067,SUP-121,EMP285,TL-099,C,Tool_99,Welding Gun,Plant-B,2026-05-20,2026-08-18,Active,97.05,Atlas Copco,SN100098
M11104,MA1AB100000004104,WO14104,SUV Pro,TRIM-1,STN-04,2026-03-04 19:30,ENG-1094,SUP-156,EMP132,TL-015,C,Tool_15,Robot Arm,Plant-C,2026-05-26,2026-08-24,Out of Service,97.88,Atlas Copco,SN100014
M11105,MA1AB100000004105,WO14105,SUV Pro,GA-1, stn-05 ,2026-03-04 19:31,ENG-1146,SUP-161,EMP232,TL-025,A,Tool_25,Nut Runner,Plant-C,2026-02-19,2026-05-20,Out of Service,98.88,Atlas Copco,SN100024
M11106,MA1AB100000004106,WO14106,Hatch Z,GA-2, stn-05 ,2026-03-04 19:32,ENG-1153,SUP-064,EMP323,TL-079,C,Tool_79,Press Tool,Plant-C,2026-04-14,2026-07-13,Active,96.15,Ingersoll Rand,SN100078
M11107,MA1AB100000004107,WO14107,Sedan X,GA-1,STN-01,2026-03-04 19:33,ENG-1351,SUP-168,EMP180,TL-086,,Tool_86,Press Tool,Plant-B,2026-03-20,2026-06-18,Active,96.21,Bosch,SN100085
M11108,MA1AB100000004108,WO14108,SUV Pro,GA-1, stn-05 ,2026-03-04 19:35,ENG-1328,SUP-028,EMP264,TL-003,,Tool_3,Robot Arm,Plant-C,2026-02-25,2026-05-26,Active,97.36,Atlas Copco,SN100002
M11109,MA1AB100000004109,WO14109,Sedan X,GA-1, stn-05 ,2026-03-04 19:36,ENG-1479,SUP-120,EMP164,TL-050,C,Tool_50,Welding Gun,Plant-C,2026-04-30,2026-07-29,Maintenance,98.51,Ingersoll Rand,SN100049
M11110,MA1AB100000004110,WO14110,Sedan X,TRIM-1,STN-02,2026-03-04 19:37,ENG-1438,SUP-042,EMP360,TL-015,,Tool_15,Robot Arm,Plant-C,2026-05-26,2026-08-24,Out of Service,97.88,Atlas Copco,SN100014
M11111,MA1AB100000004111,WO14111,Sedan X,GA-1, stn-05 ,2026-03-04 19:38,ENG-1027,SUP-188,EMP357,TL-063,B,Tool_63,Welding Gun,Plant-B,2026-03-03,2026-06-01,Active,99.78,Ingersoll Rand,SN100062
M11112,MA1AB100000004112,WO14112,Hatch Z,GA-2,STN-02,2026-03-04 19:40,ENG-1050,SUP-152,EMP381,TL-032,,Tool_32,Press Tool,Plant-A,2026-03-27,2026-06-25,Maintenance,97.67,Bosch,SN100031
M11113,MA1AB100000004113,WO14113,Hatch Z,GA-1,Stn-03,2026-03-04 19:41,ENG-1164,SUP-114,EMP211,TL-087,,Tool_87,Robot Arm,Plant-B,2026-02-09,2026-05-10,Maintenance,99.98,Stanley,SN100086
M11114,MA1AB100000004114,WO14114,SUV Pro,TRIM-1,STN-01,2026-03-04 19:42,ENG-1395,SUP-007,EMP283,TL-018,,Tool_18,Robot Arm,Plant-B,2026-06-15,2026-09-13,Out of Service,95.48,Stanley,SN100017
M11115,MA1AB100000004115,WO14115,SUV Pro,GA-1,STN-04,2026-03-04 19:43,ENG-1329,SUP-075,EMP277,TL-077,A,Tool_77,Welding Gun,Plant-C,2026-04-12,2026-07-11,Active,98.71,Stanley,SN100076
M11116,MA1AB100000004116,WO14116,SUV Pro,GA-2,STN-01,2026-03-04 19:45,ENG-1130,SUP-071,EMP262,TL-007,A,Tool_7,Nut Runner,Plant-B,2026-06-11,2026-09-09,Out of Service,95.88,Stanley,SN100006
M11117,MA1AB100000004117,WO14117,Sedan X,GA-1,STN-02,2026-03-04 19:46,ENG-1397,SUP-166,EMP293,TL-096,B,Tool_96,Nut Runner,Plant-A,2026-04-26,2026-07-25,Active,95.35,Stanley,SN100095
M11118,MA1AB100000004118,WO14118,Hatch Z,TRIM-1,STN-05,2026-03-04 19:47,ENG-1313,SUP-009,EMP209,TL-096,C,Tool_96,Nut Runner,Plant-A,2026-04-26,2026-07-25,Active,95.35,Stanley,SN100095
M11119,MA1AB100000004119,WO14119,Hatch Z,PAINT-1,STN-01,2026-03-04 19:48,ENG-1087,SUP-153,EMP261,TL-065,,Tool_65,Torque Wrench,Plant-C,2026-01-31,2026-05-01,Maintenance,97.24,Bosch,SN100064
M11120,MA1AB100000004120,WO14120,SUV Pro,TRIM-1,STN-01,2026-03-04 19:50,ENG-1121,SUP-167,EMP124,TL-035,A,Tool_35,Torque Wrench,Plant-A,2026-04-06,2026-07-05,Active,95.1,Atlas Copco,SN100034
M11121,MA1AB100000004121,WO14121,Hatch Z,GA-2,STN-03,2026-03-04 19:51,ENG-1208,SUP-176,EMP335,TL-087,C,Tool_87,Robot Arm,Plant-B,2026-02-09,2026-05-10,Maintenance,99.98,Stanley,SN100086
M11122,MA1AB100000004122,WO14122,SUV Pro,GA-1,STN-05,2026-03-04 19:52,ENG-1364,SUP-186,EMP174,TL-031,,Tool_31,Nut Runner,Plant-A,2026-01-31,2026-05-01,Active,97.01,Atlas Copco,SN100030
M11123,MA1AB100000004123,WO14123,Hatch Z,GA-1,STN-01,2026-03-04 19:53,ENG-1038,SUP-063,EMP381,TL-086,B,Tool_86,Press Tool,Plant-B,2026-03-20,2026-06-18,Active,96.21,Bosch,SN100085
M11124,MA1AB100000004124,WO14124,SUV Pro,GA-2,STN-01,2026-03-04 19:55,ENG-1024,SUP-193,EMP260,TL-013,B,Tool_13,Nut Runner,Plant-B,2026-04-05,2026-07-04,Active,99.14,Bosch,SN100012
M11125,MA1AB100000004125,WO14125,Sedan X,PAINT-1,STN-04,2026-03-04 19:56,ENG-1030,SUP-026,EMP379,TL-040,B,Tool_40,Welding Gun,Plant-A,2026-04-02,2026-07-01,Active,98.84,Atlas Copco,SN100039
M11126,MA1AB100000004126,WO14126,Sedan X,GA-1,STN-01,2026-03-04 19:57,ENG-1120,SUP-138,EMP380,TL-022,C,Tool_22,Press Tool,Plant-C,2026-03-22,2026-06-20,Out of Service,95.43,Bosch,SN100021
M11127,MA1AB100000004127,WO14127,Sedan X,GA-2,STN-01,2026-03-04 19:58,ENG-1394,SUP-141,EMP200,TL-088,A,Tool_88,Welding Gun,Plant-B,2026-04-25,2026-07-24,Active,95.24,Stanley,SN100087
M11128,MA1AB100000004128,WO14128,Hatch Z,TRIM-1,STN-05,2026-03-04 20:00,ENG-1062,SUP-186,EMP310,TL-029,,Tool_29,Press Tool,Plant-C,2026-04-30,2026-07-29,Maintenance,98.95,Stanley,SN100028
M11129,MA1AB100000004129,WO14129,Sedan X,GA-2,STN-05,2026-03-04 20:01,ENG-1289,SUP-174,EMP144,TL-084,,Tool_84,Torque Wrench,Plant-C,2026-02-03,2026-05-04,Out of Service,97.78,Ingersoll Rand,SN100083
M11130,MA1AB100000004130,WO14130,Sedan X,TRIM-1,STN-05,2026-03-04 20:02,ENG-1006,SUP-120,EMP361,TL-076,C,Tool_76,Welding Gun,Plant-C,2026-02-22,2026-05-23,Maintenance,98.13,Ingersoll Rand,SN100075
M11131,MA1AB100000004131,WO14131,Hatch Z,TRIM-1,STN-04,2026-03-04 20:03,ENG-1246,SUP-048,EMP123,TL-006,A,Tool_6,Nut Runner,Plant-B,2026-01-25,2026-04-25,Maintenance,98.24,Ingersoll Rand,SN100005
M11132,MA1AB100000004132,WO14132,SUV Pro,GA-2,STN-01,2026-03-04 20:05,ENG-1131,SUP-179,EMP151,TL-100,A,Tool_100,Welding Gun,Plant-A,2026-04-25,2026-07-24,Maintenance,97.13,Ingersoll Rand,SN100099
M11133,MA1AB100000004133,WO14133,SUV Pro,GA-1,STN-04,2026-03-04 20:06,ENG-1058,SUP-112,EMP223,TL-035,C,Tool_35,Torque Wrench,Plant-A,2026-04-06,2026-07-05,Active,95.1,Atlas Copco,SN100034
M11134,MA1AB100000004134,WO14134,Sedan X,PAINT-1,STN-01,2026-03-04 20:07,ENG-1092,SUP-056,EMP334,TL-001,C,Tool_1,Welding Gun,Plant-A,2026-05-21,2026-08-19,Maintenance,98.97,Bosch,SN100000
M11135,MA1AB100000004135,WO14135,Sedan X,GA-1,Stn-03,2026-03-04 20:08,ENG-1299,SUP-193,EMP141,TL-080,C,Tool_80,Robot Arm,Plant-B,2026-03-23,2026-06-21,Maintenance,97.79,Atlas Copco,SN100079
M11136,MA1AB100000004136,WO14136,Hatch Z,PAINT-1,STN-03,2026-03-04 20:10,ENG-1132,SUP-094,EMP315,TL-078,,Tool_78,Press Tool,Plant-A,2026-03-26,2026-06-24,Maintenance,99.88,Bosch,SN100077
M11137,MA1AB100000004137,WO14137,Sedan X,TRIM-1,STN-03,2026-03-04 20:11,ENG-1173,SUP-100,EMP158,TL-077,B,Tool_77,Welding Gun,Plant-C,2026-04-12,2026-07-11,Active,98.71,Stanley,SN100076
M11138,MA1AB100000004138,WO14138,SUV Pro,TRIM-1,STN-04,2026-03-04 20:12,ENG-1040,SUP-061,EMP324,TL-058,A,Tool_58,Robot Arm,Plant-C,2026-04-28,2026-07-27,Active,96.6,Stanley,SN100057
M11139,MA1AB100000004139,WO14139,Hatch Z,TRIM-1,Stn-03,2026-03-04 20:13,ENG-1072,SUP-109,EMP223,TL-075,C,Tool_75,Press Tool,Plant-C,2026-04-22,2026-07-21,Active,99.86,Ingersoll Rand,SN100074
M11140,MA1AB100000004140,WO14140,SUV Pro,GA-1,STN-02,2026-03-04 20:15,ENG-1379,SUP-103,EMP295,TL-100,,Tool_100,Welding Gun,Plant-A,2026-04-25,2026-07-24,Maintenance,97.13,Ingersoll Rand,SN100099
M11141,MA1AB100000004141,WO14141,Hatch Z,GA-2,STN-01,2026-03-04 20:16,ENG-1190,SUP-094,EMP353,TL-027,,Tool_27,Robot Arm,Plant-A,2026-03-13,2026-06-11,Active,95.63,Atlas Copco,SN100026
M11142,MA1AB100000004142,WO14142,Sedan X,GA-2,STN-05,2026-03-04 20:17,ENG-1433,SUP-135,EMP344,TL-096,C,Tool_96,Nut Runner,Plant-A,2026-04-26,2026-07-25,Active,95.35,Stanley,SN100095
M11143,MA1AB100000004143,WO14143,Sedan X,GA-2, stn-05 ,2026-03-04 20:18,ENG-1071,SUP-056,EMP247,TL-086,,Tool_86,Press Tool,Plant-B,2026-03-20,2026-06-18,Active,96.21,Bosch,SN100085
M11144,MA1AB100000004144,WO14144,Sedan X,PAINT-1,STN-03,2026-03-04 20:20,ENG-1403,SUP-101,EMP295,TL-023,,Tool_23,Welding Gun,Plant-A,2026-04-29,2026-07-28,Active,95.35,Bosch,SN100022
M11145,MA1AB100000004145,WO14145,SUV Pro,GA-2, stn-05 ,2026-03-04 20:21,ENG-1111,SUP-001,EMP251,TL-088,A,Tool_88,Welding Gun,Plant-B,2026-04-25,2026-07-24,Active,95.24,Stanley,SN100087
M11146,MA1AB100000004146,WO14146,Sedan X,TRIM-1,STN-04,2026-03-04 20:22,ENG-1398,SUP-025,EMP252,TL-023,A,Tool_23,Welding Gun,Plant-A,2026-04-29,2026-07-28,Active,95.35,Bosch,SN100022
M11147,MA1AB100000004147,WO14147,SUV Pro,GA-2,STN-03,2026-03-04 20:23,ENG-1261,SUP-059,EMP157,TL-077,,Tool_77,Welding Gun,Plant-C,2026-04-12,2026-07-11,Active,98.71,Stanley,SN100076
M11148,MA1AB100000004148,WO14148,Hatch Z,TRIM-1,STN-02,2026-03-04 20:25,ENG-1454,SUP-107,EMP234,TL-062,A,Tool_62,Robot Arm,Plant-A,2026-04-28,2026-07-27,Out of Service,95.44,Bosch,SN100061
M11149,MA1AB100000004149,WO14149,SUV Pro,TRIM-1,STN-03,2026-03-04 20:26,ENG-1193,SUP-138,EMP389,TL-050,,Tool_50,Welding Gun,Plant-C,2026-04-30,2026-07-29,Maintenance,98.51,Ingersoll Rand,SN100049
M11150,MA1AB100000004150,WO14150,Sedan X,GA-2,STN-04,2026-03-04 20:27,ENG-1282,SUP-144,EMP218,TL-001,A,Tool_1,Welding Gun,Plant-A,2026-05-21,2026-08-19,Maintenance,98.97,Bosch,SN100000
M11151,MA1AB100000004151,WO14151,SUV Pro,GA-2,STN-04,2026-03-04 20:28,ENG-1349,SUP-155,EMP216,TL-052,B,Tool_52,Torque Wrench,Plant-A,2026-04-12,2026-07-11,Out of Service,99.68,Ingersoll Rand,SN100051
M11152,MA1AB100000004152,WO14152,Hatch Z,GA-1,Stn-03,2026/03/04 20:30,ENG-1176,SUP-148,EMP192,TL-096,B,Tool_96,Nut Runner,Plant-A,2026-04-26,2026-07-25,Active,95.35,Stanley,SN100095
M11153,MA1AB100000004153,WO14153,Hatch Z,GA-1, stn-05 ,2026-03-04 20:31,ENG-1329,SUP-043,EMP347,TL-008,,Tool_8,Welding Gun,Plant-A,2026-06-05,2026-09-03,Maintenance,95.49,Ingersoll Rand,SN100007
M11154,MA1AB100000004154,WO14154,SUV Pro,GA-2,STN-03,2026-03-04 20:32,ENG-1032,SUP-012,EMP235,TL-007,,Tool_7,Nut Runner,Plant-B,2026-06-11,2026-09-09,Out of Service,95.88,Stanley,SN100006
M11155,MA1AB100000004155,WO14155,Hatch Z,GA-2,STN-05,2026-03-04 20:33,ENG-1048,SUP-021,EMP378,TL-058,B,Tool_58,Robot Arm,Plant-C,2026-04-28,2026-07-27,Active,96.6,Stanley,SN100057
M11156,MA1AB100000004156,WO14156,Sedan X,GA-2,STN-03,2026-03-04 20:35,ENG-1245,SUP-032,EMP365,TL-025,A,Tool_25,Nut Runner,Plant-C,2026-02-19,2026-05-20,Out of Service,98.88,Atlas Copco,SN100024
M11157,MA1AB100000004157,WO14157,Sedan X,GA-1,STN-04,2026-03-04 20:36,ENG-1356,SUP-150,EMP305,TL-084,A,Tool_84,Torque Wrench,Plant-C,2026-02-03,2026-05-04,Out of Service,97.78,Ingersoll Rand,SN100083
M11158,MA1AB100000004158,WO14158,SUV Pro,PAINT-1, stn-05 ,2026-03-04 20:37,ENG-1229,SUP-135,EMP366,TL-084,C,Tool_84,Torque Wrench,Plant-C,2026-02-03,2026-05-04,Out of Service,97.78,Ingersoll Rand,SN100083
M11159,MA1AB100000004159,WO14159,Hatch Z,TRIM-1,STN-03,2026-03-04 20:38,ENG-1297,SUP-158,EMP329,TL-080,A,Tool_80,Robot Arm,Plant-B,2026-03-23,2026-06-21,Maintenance,97.79,Atlas Copco,SN100079
M11160,MA1AB100000004160,WO14160,SUV Pro,GA-2,Stn-03,2026-03-04 20:40,ENG-1069,SUP-028,EMP351,TL-016,A,Tool_16,Robot Arm,Plant-B,2026-04-27,2026-07-26,Active,98.18,Atlas Copco,SN100015
M11161,MA1AB100000004161,WO14161,SUV Pro,TRIM-1,Stn-03,2026-03-04 20:41,ENG-1171,SUP-107,EMP282,TL-067,A,Tool_67,Torque Wrench,Plant-A,2026-02-10,2026-05-11,Active,95.24,Bosch,SN100066
M11162,MA1AB100000004162,WO14162,Hatch Z,GA-1,STN-01,2026-03-04 20:42,ENG-1221,SUP-020,EMP352,TL-028,C,Tool_28,Press Tool,Plant-C,2026-01-25,2026-04-25,Out of Service,97.87,Ingersoll Rand,SN100027
M11163,MA1AB100000004163,WO14163,SUV Pro,GA-2,STN-01,2026-03-04 20:43,ENG-1208,SUP-052,EMP148,TL-022,,Tool_22,Press Tool,Plant-C,2026-03-22,2026-06-20,Out of Service,95.43,Bosch,SN100021
M11164,MA1AB100000004164,WO14164,SUV Pro,PAINT-1,STN-04,2026-03-04 20:45,ENG-1418,SUP-046,EMP312,TL-014,,Tool_14,Nut Runner,Plant-A,2026-02-27,2026-05-28,Maintenance,99.68,Stanley,SN100013
M11165,MA1AB100000004165,WO14165,Hatch Z,PAINT-1,STN-05,2026-03-04 20:46,ENG-1210,SUP-056,EMP349,TL-072,A,Tool_72,Robot Arm,Plant-C,2026-05-05,2026-08-03,Maintenance,99.87,Atlas Copco,SN100071
M11166,MA1AB100000004166,WO14166,Sedan X,GA-2,STN-05,2026-03-04 20:47,ENG-1436,SUP-177,EMP397,TL-075,A,Tool_75,Press Tool,Plant-C,2026-04-22,2026-07-21,Active,99.86,Ingersoll Rand,SN100074
M11167,MA1AB100000004167,WO14167,SUV Pro,GA-2, stn-05 ,2026-03-04 20:48,ENG-1024,SUP-030,EMP206,TL-083,A,Tool_83,Nut Runner,Plant-A,2026-01-22,2026-04-22,Out of Service,98.35,Bosch,SN100082
M11168,MA1AB100000004168,WO14168,SUV Pro,GA-1,STN-04,2026-03-04 20:50,ENG-1252,SUP-090,EMP196,TL-088,B,Tool_88,Welding Gun,Plant-B,2026-04-25,2026-07-24,Active,95.24,Stanley,SN100087
M11169,MA1AB100000004169,WO14169,Sedan X,TRIM-1,STN-02,2026-03-04 20:51,ENG-1410,SUP-177,EMP199,TL-054,A,Tool_54,Press Tool,Plant-C,2026-01-18,2026-04-18,Active,99.35,Ingersoll Rand,SN100053
M11170,MA1AB100000004170,WO14170,Sedan X,GA-1,STN-04,2026-03-04 20:52,ENG-1314,SUP-135,EMP268,TL-035,A,Tool_35,Torque Wrench,Plant-A,2026-04-06,2026-07-05,Active,95.1,Atlas Copco,SN100034
M11171,MA1AB100000004171,WO14171,Sedan X,PAINT-1, stn-05 ,2026-03-04 20:53,ENG-1308,SUP-015,EMP224,TL-061,B,Tool_61,Nut Runner,Plant-C,2026-06-29,2026-09-27,Active,99.71,Ingersoll Rand,SN100060
M11172,MA1AB100000004172,WO14172,Hatch Z,PAINT-1, stn-05 ,2026-03-04 20:55,ENG-1151,SUP-096,EMP364,TL-100,C,Tool_100,Welding Gun,Plant-A,2026-04-25,2026-07-24,Maintenance,97.13,Ingersoll Rand,SN100099
M11173,MA1AB100000004173,WO14173,Hatch Z,GA-2,STN-03,2026-03-04 20:56,ENG-1355,SUP-108,EMP220,TL-088,A,Tool_88,Welding Gun,Plant-B,2026-04-25,2026-07-24,Active,95.24,Stanley,SN100087
M11174,MA1AB100000004174,WO14174,Sedan X,TRIM-1,Stn-03,2026-03-04 20:57,ENG-1142,SUP-188,EMP211,TL-078,B,Tool_78,Press Tool,Plant-A,2026-03-26,2026-06-24,Maintenance,99.88,Bosch,SN100077
M11175,MA1AB100000004175,WO14175,Sedan X,PAINT-1,Stn-03,2026-03-04 20:58,ENG-1492,SUP-088,EMP154,TL-057,C,Tool_57,Welding Gun,Plant-A,2026-05-01,2026-07-30,Active,98.96,Bosch,SN100056
M11176,MA1AB100000004176,WO14176,Sedan X,GA-2,STN-03,2026-03-04 21:00,ENG-1285,SUP-018,EMP230,TL-064,,Tool_64,Press Tool,Plant-A,2026-02-03,2026-05-04,Active,98.09,Atlas Copco,SN100063
M11177,MA1AB100000004177,WO14177,Sedan X,GA-1,Stn-03,2026-03-04 21:01,ENG-1360,SUP-047,EMP196,TL-052,A,Tool_52,Torque Wrench,Plant-A,2026-04-12,2026-07-11,Out of Service,99.68,Ingersoll Rand,SN100051
M11178,MA1AB100000004178,WO14178,Sedan X,TRIM-1,STN-02,2026-03-04 21:02,ENG-1292,SUP-154,EMP233,TL-046,C,Tool_46,Torque Wrench,Plant-C,2026-01-19,2026-04-19,Active,95.51,Ingersoll Rand,SN100045
M11179,MA1AB100000004179,WO14179,Sedan X,GA-2, stn-05 ,2026-03-04 21:03,ENG-1395,SUP-143,EMP228,TL-041,B,Tool_41,Robot Arm,Plant-A,2026-02-27,2026-05-28,Maintenance,97.13,Atlas Copco,SN100040
M11180,MA1AB100000004180,WO14180,Sedan X,PAINT-1,STN-04,2026-03-04 21:05,ENG-1111,SUP-199,EMP126,TL-078,B,Tool_78,Press Tool,Plant-A,2026-03-26,2026-06-24,Maintenance,99.88,Bosch,SN100077
M11181,MA1AB100000004181,WO14181,Sedan X,TRIM-1,STN-05,2026-03-04 21:06,ENG-1204,SUP-134,EMP272,TL-100,A,Tool_100,Welding Gun,Plant-A,2026-04-25,2026-07-24,Maintenance,97.13,Ingersoll Rand,SN100099
M11182,MA1AB100000004182,WO14182,Hatch Z,TRIM-1, stn-05 ,2026-03-04 21:07,ENG-1338,SUP-079,EMP285,TL-999,,Unknown Tool,Unknown Type,,,,,,,
M11183,MA1AB100000004183,WO14183,Sedan X,PAINT-1, stn-05 ,2026-03-04 21:08,ENG-1016,SUP-144,EMP190,TL-090,A,Tool_90,Nut Runner,Plant-C,2026-05-12,2026-08-10,Out of Service,97.28,Stanley,SN100089
M11184,MA1AB100000004184,WO14184,SUV Pro,TRIM-1, stn-05 ,2026-03-04 21:10,ENG-1397,SUP-049,EMP268,TL-084,A,Tool_84,Torque Wrench,Plant-C,2026-02-03,2026-05-04,Out of Service,97.78,Ingersoll Rand,SN100083
M11185,MA1AB100000004185,WO14185,SUV Pro,TRIM-1,STN-05,2026-03-04 21:11,ENG-1032,SUP-018,EMP205,TL-028,,Tool_28,Press Tool,Plant-C,2026-01-25,2026-04-25,Out of Service,97.87,Ingersoll Rand,SN100027
M11186,MA1AB100000004186,WO14186,Sedan X,TRIM-1,STN-04,2026-03-04 21:12,ENG-1014,SUP-123,EMP169,TL-016,,Tool_16,Robot Arm,Plant-B,2026-04-27,2026-07-26,Active,98.18,Atlas Copco,SN100015
M11187,MA1AB100000004187,WO14187,Hatch Z,GA-2, stn-05 ,2026-03-04 21:13,ENG-1150,SUP-003,EMP192,TL-040,B,Tool_40,Welding Gun,Plant-A,2026-04-02,2026-07-01,Active,98.84,Atlas Copco,SN100039
M11188,MA1AB100000004188,WO14188,Hatch Z,GA-2, stn-05 ,2026-03-04 21:15,ENG-1087,SUP-189,EMP238,TL-013,B,Tool_13,Nut Runner,Plant-B,2026-04-05,2026-07-04,Active,99.14,Bosch,SN100012
M11189,MA1AB100000004189,WO14189,Sedan X,TRIM-1, stn-05 ,2026-03-04 21:16,ENG-1467,SUP-063,EMP194,TL-094,B,Tool_94,Press Tool,Plant-C,2026-05-10,2026-08-08,Maintenance,98.64,Stanley,SN100093
M11190,MA1AB100000004190,WO14190,SUV Pro,PAINT-1,STN-03,2026-03-04 21:17,ENG-1461,SUP-004,EMP148,TL-070,A,Tool_70,Robot Arm,Plant-C,2026-04-23,2026-07-22,Maintenance,98.03,Bosch,SN100069
M11191,MA1AB100000004191,WO14191,Hatch Z,PAINT-1,STN-03,2026-03-04 21:18,ENG-1137,SUP-044,EMP251,TL-098,C,Tool_98,Press Tool,Plant-A,2026-06-01,2026-08-30,Active,98.11,Stanley,SN100097
M11192,MA1AB100000004192,WO14192,Sedan X,GA-1,STN-02,2026-03-04 21:20,ENG-1354,SUP-072,EMP225,TL-097,C,Tool_97,Nut Runner,Plant-A,2026-04-22,2026-07-21,Active,99.35,Ingersoll Rand,SN100096
M11193,MA1AB100000004193,WO14193,Sedan X,PAINT-1,STN-04,2026-03-04 21:21,ENG-1210,SUP-090,EMP146,TL-016,,Tool_16,Robot Arm,Plant-B,2026-04-27,2026-07-26,Active,98.18,Atlas Copco,SN100015
M11194,MA1AB100000004194,WO14194,Hatch Z,GA-1,STN-03,2026-03-04 21:22,ENG-1213,SUP-071,EMP104,TL-079,C,Tool_79,Press Tool,Plant-C,2026-04-14,2026-07-13,Active,96.15,Ingersoll Rand,SN100078
M11195,MA1AB100000004195,WO14195,Sedan X,PAINT-1,STN-04,2026-03-04 21:23,ENG-1179,SUP-050,EMP376,TL-080,A,Tool_80,Robot Arm,Plant-B,2026-03-23,2026-06-21,Maintenance,97.79,Atlas Copco,SN100079
M11196,MA1AB100000004196,WO14196,Sedan X,TRIM-1,STN-01,2026-03-04 21:25,ENG-1163,SUP-080,EMP168,TL-039,C,Tool_39,Nut Runner,Plant-C,2026-02-15,2026-05-16,Maintenance,97.07,Ingersoll Rand,SN100038
M11197,MA1AB100000004197,WO14197,Sedan X,GA-1,STN-05,2026-03-04 21:26,ENG-1465,SUP-046,EMP297,TL-010,A,Tool_10,Welding Gun,Plant-B,2026-02-07,2026-05-08,Maintenance,98.91,Atlas Copco,SN100009
M11198,MA1AB100000004198,WO14198,Sedan X,GA-2,STN-03,2026-03-04 21:27,ENG-1196,SUP-082,EMP236,TL-024,B,Tool_24,Robot Arm,Plant-A,2026-02-23,2026-05-24,Active,96.19,Ingersoll Rand,SN100023
M11199,MA1AB100000004199,WO14199,Sedan X,GA-2,STN-02,2026-03-04 21:28,ENG-1245,SUP-098,EMP295,TL-056,,Tool_56,Torque Wrench,Plant-C,2026-04-06,2026-07-05,Active,97.45,Atlas Copco,SN100055
M11200,MA1AB100000004200,WO14200,Hatch Z,GA-2,Stn-03,2026-03-04 21:30,ENG-1085,SUP-146,EMP277,TL-030,B,Tool_30,Nut Runner,Plant-A,2026-02-18,2026-05-19,Out of Service,97.07,Ingersoll Rand,SN100029
M11201,MA1AB100000004201,WO14201,Hatch Z,TRIM-1,STN-01,2026-03-04 21:31,ENG-1291,SUP-065,EMP147,TL-009,B,Tool_9,Press Tool,Plant-C,2026-05-31,2026-08-29,Active,98.89,Bosch,SN100008
M11202,MA1AB100000004202,WO14202,Hatch Z,GA-1,Stn-03,2026-03-04 21:32,ENG-1318,SUP-060,EMP256,TL-017,C,Tool_17,Torque Wrench,Plant-C,2026-01-08,2026-04-08,Maintenance,96.84,Atlas Copco,SN100016
M11203,MA1AB100000004203,WO14203,Hatch Z,GA-2,STN-03,2026-03-04 21:33,ENG-1001,SUP-097,EMP317,TL-087,B,Tool_87,Robot Arm,Plant-B,2026-02-09,2026-05-10,Maintenance,99.98,Stanley,SN100086
M11204,MA1AB100000004204,WO14204,Hatch Z,GA-2,STN-03,2026-03-04 21:35,ENG-1209,SUP-049,EMP203,TL-039,B,Tool_39,Nut Runner,Plant-C,2026-02-15,2026-05-16,Maintenance,97.07,Ingersoll Rand,SN100038
M11205,MA1AB100000004205,WO14205,Sedan X,PAINT-1,STN-02,2026-03-04 21:36, eng-1001 ,SUP-121,EMP289,TL-014,,Tool_14,Nut Runner,Plant-A,2026-02-27,2026-05-28,Maintenance,99.68,Stanley,SN100013
M11206,MA1AB100000004206,WO14206,SUV Pro,PAINT-1, stn-05 ,2026-03-04 21:37,ENG-1019,SUP-130,EMP322,TL-100,C,Tool_100,Welding Gun,Plant-A,2026-04-25,2026-07-24,Maintenance,97.13,Ingersoll Rand,SN100099
M11207,MA1AB100000004207,WO14207,SUV Pro,GA-2,STN-03,2026-03-04 21:38,ENG-1127,SUP-187,EMP387,TL-023,,Tool_23,Welding Gun,Plant-A,2026-04-29,2026-07-28,Active,95.35,Bosch,SN100022
M11208,MA1AB100000004208,WO14208,Hatch Z,GA-2,STN-05,2026-03-04 21:40,ENG-1168,SUP-088,EMP110,TL-058,C,Tool_58,Robot Arm,Plant-C,2026-04-28,2026-07-27,Active,96.6,Stanley,SN100057
M11209,MA1AB100000004209,WO14209,Sedan X,PAINT-1,Stn-03,2026-03-04 21:41,ENG-1426,SUP-006,EMP395,TL-045,B,Tool_45,Welding Gun,Plant-C,2026-03-10,2026-06-08,Active,98.94,Stanley,SN100044
M11210,MA1AB100000004210,WO14210,Hatch Z,PAINT-1,STN-05,2026-03-04 21:42,ENG-1139,SUP-123,EMP104,TL-032,,Tool_32,Press Tool,Plant-A,2026-03-27,2026-06-25,Maintenance,97.67,Bosch,SN100031
M11211,MA1AB100000004211,WO14211,Hatch Z,TRIM-1,STN-03,2026-03-04 21:43,ENG-1167,SUP-054,EMP265,TL-077,A,Tool_77,Welding Gun,Plant-C,2026-04-12,2026-07-11,Active,98.71,Stanley,SN100076
M11212,MA1AB100000004212,WO14212,SUV Pro,TRIM-1,STN-03,2026-03-04 21:45,ENG-1022,SUP-067,EMP334,TL-016,B,Tool_16,Robot Arm,Plant-B,2026-04-27,2026-07-26,Active,98.18,Atlas Copco,SN100015
M11213,MA1AB100000004213,WO14213,Sedan X,GA-1,Stn-03,2026-03-04 21:46,ENG-1303,SUP-151,EMP274,TL-036,B,Tool_36,Nut Runner,Plant-B,2026-02-08,2026-05-09,Active,95.2,Stanley,SN100035
M11214,MA1AB100000004214,WO14214,Hatch Z,TRIM-1,STN-02,2026-03-04 21:47,ENG-1478,SUP-071,EMP245,TL-095,,Tool_95,Nut Runner,Plant-A,2026-06-25,2026-09-23,Active,99.37,Bosch,SN100094
M11215,MA1AB100000004215,WO14215,Hatch Z,TRIM-1,STN-05,2026-03-04 21:48,ENG-1492,SUP-112,EMP320,TL-058,C,Tool_58,Robot Arm,Plant-C,2026-04-28,2026-07-27,Active,96.6,Stanley,SN100057
M11216,MA1AB100000004216,WO14216,SUV Pro,GA-1,STN-04,2026-03-04 21:50,ENG-1358,SUP-028,EMP334,TL-090,A,Tool_90,Nut Runner,Plant-C,2026-05-12,2026-08-10,Out of Service,97.28,Stanley,SN100089
M11217,MA1AB100000004217,WO14217,SUV Pro,GA-1,STN-01,2026-03-04 21:51,ENG-1433,SUP-067,EMP325,TL-011,A,Tool_11,Welding Gun,Plant-B,2026-01-03,2026-04-03,Out of Service,99.43,Atlas Copco,SN100010
M11218,MA1AB100000004218,WO14218,Sedan X,GA-2,Stn-03,2026-03-04 21:52,ENG-1268,,EMP233,TL-092,,Tool_92,Nut Runner,Plant-C,2026-06-25,2026-09-23,Active,97.7,Bosch,SN100091
M11219,MA1AB100000004219,WO14219,Sedan X,PAINT-1,STN-04,2026-03-04 21:53,ENG-1245,SUP-092,EMP314,TL-056,C,Tool_56,Torque Wrench,Plant-C,2026-04-06,2026-07-05,Active,97.45,Atlas Copco,SN100055
M11220,MA1AB100000004220,WO14220,Sedan X,PAINT-1,STN-01,2026-03-04 21:70,ENG-1277,SUP-187,EMP358,TL-055,A,Tool_55,Nut Runner,Plant-A,2026-01-22,2026-04-22,Out of Service,95.5,Atlas Copco,SN100054
M11221,MA1AB100000004221,WO14221,Hatch Z,GA-1,STN-04,2026-03-04 21:56,ENG-1251,SUP-170,EMP249,TL-034,B,Tool_34,Torque Wrench,Plant-A,2026-06-25,2026-09-23,Out of Service,99.85,Stanley,SN100033
M11222,MA1AB100000004222,WO14222,Sedan X,PAINT-1, stn-05 ,2026-03-04 21:57,ENG-1106,SUP-095,EMP322,TL-074,C,Tool_74,Robot Arm,Plant-B,2026-01-04,2026-04-04,Active,97.63,Stanley,SN100073
M11223,MA1AB100000004223,WO14223,Sedan X,PAINT-1,STN-03,2026-03-04 21:58,ENG-1388,SUP-005,EMP271,TL-999,,Unknown Tool,Unknown Type,,,,,,,
M11224,MA1AB100000004224,WO14224,SUV Pro,GA-2,STN-04,2026-03-04 22:00,ENG-1175,SUP-080,EMP123,TL-018,C,Tool_18,Robot Arm,Plant-B,2026-06-15,2026-09-13,Out of Service,95.48,Stanley,SN100017
M11225,MA1AB100000004225,WO14225,Sedan X,TRIM-1,STN-01,2026-03-04 22:01,ENG-1241,SUP-180,EMP374,TL-076,B,Tool_76,Welding Gun,Plant-C,2026-02-22,2026-05-23,Maintenance,98.13,Ingersoll Rand,SN100075
M11226,MA1AB100000004226,WO14226,SUV Pro,TRIM-1,STN-01,2026-03-04 22:02,ENG-1153,SUP-009,EMP166,TL-043,A,Tool_43,Torque Wrench,Plant-B,2026-04-28,2026-07-27,Active,96.51,Ingersoll Rand,SN100042
M11227,MA1AB100000004227,WO14227,Hatch Z,GA-2,STN-05,2026-03-04 22:03,ENG-1165,SUP-181,EMP351,TL-055,B,Tool_55,Nut Runner,Plant-A,2026-01-22,2026-04-22,Out of Service,95.5,Atlas Copco,SN100054
M11228,MA1AB100000004228,WO14228,SUV Pro,PAINT-1,STN-05,2026-03-04 22:05,ENG-1404,SUP-019,EMP310,TL-098,B,Tool_98,Press Tool,Plant-A,2026-06-01,2026-08-30,Active,98.11,Stanley,SN100097
M11229,MA1AB100000004229,WO14229,Hatch Z,PAINT-1,STN-05,2026-03-04 22:06,ENG-1125,SUP-195,EMP308,TL-072,A,Tool_72,Robot Arm,Plant-C,2026-05-05,2026-08-03,Maintenance,99.87,Atlas Copco,SN100071
M11230,MA1AB100000004230,WO14230,Hatch Z,TRIM-1,STN-02,2026-03-04 22:07,ENG-1165,SUP-132,EMP279,TL-029,A,Tool_29,Press Tool,Plant-C,2026-04-30,2026-07-29,Maintenance,98.95,Stanley,SN100028
M11231,MA1AB100000004231,WO14231,Hatch Z,GA-1,STN-01,2026-03-04 22:08,ENG-1394,SUP-021,EMP172,TL-057,,Tool_57,Welding Gun,Plant-A,2026-05-01,2026-07-30,Active,98.96,Bosch,SN100056
M11232,MA1AB100000004232,WO14232,Hatch Z,PAINT-1,STN-01,2026-03-04 22:10,ENG-1495,SUP-157,EMP206,TL-001,C,Tool_1,Welding Gun,Plant-A,2026-05-21,2026-08-19,Maintenance,98.97,Bosch,SN100000
M11233,MA1AB100000004233,WO14233,Hatch Z,PAINT-1,STN-02,2026-03-04 22:11,ENG-1464,SUP-182,EMP350,TL-059,C,Tool_59,Robot Arm,Plant-B,2026-04-15,2026-07-14,Active,95.72,Stanley,SN100058
M11234,MA1AB100000004234,WO14234,Hatch Z,TRIM-1,Stn-03,2026-03-04 22:12,ENG-1243,SUP-013,EMP210,TL-050,C,Tool_50,Welding Gun,Plant-C,2026-04-30,2026-07-29,Maintenance,98.51,Ingersoll Rand,SN100049
M11235,MA1AB100000004235,WO14235,SUV Pro,GA-2,STN-01,2026-03-04 22:13,ENG-1484,SUP-050,EMP316,TL-028,C,Tool_28,Press Tool,Plant-C,2026-01-25,2026-04-25,Out of Service,97.87,Ingersoll Rand,SN100027
M11236,MA1AB100000004236,WO14236,SUV Pro,PAINT-1,STN-02,2026-03-04 22:15,ENG-1321,SUP-153,EMP232,TL-052,,Tool_52,Torque Wrench,Plant-A,2026-04-12,2026-07-11,Out of Service,99.68,Ingersoll Rand,SN100051
M11237,MA1AB100000004237,WO14237,Hatch Z,GA-2,STN-02,2026-03-04 22:16,ENG-1053,SUP-138,EMP136,TL-087,B,Tool_87,Robot Arm,Plant-B,2026-02-09,2026-05-10,Maintenance,99.98,Stanley,SN100086
M11238,MA1AB100000004238,WO14238,Sedan X,GA-2,STN-03,2026-03-04 22:17,ENG-1225,SUP-174,EMP315,TL-012,,Tool_12,Press Tool,Plant-B,2026-05-30,2026-08-28,Out of Service,98.02,Bosch,SN100011
M11239,MA1AB100000004239,WO14239,Hatch Z,GA-1,STN-04,2026-03-04 22:18,ENG-1451,SUP-057,EMP163,TL-058,C,Tool_58,Robot Arm,Plant-C,2026-04-28,2026-07-27,Active,96.6,Stanley,SN100057
M11240,MA1AB100000004240,WO14240,SUV Pro,PAINT-1,STN-04,2026-03-04 22:20,ENG-1236,SUP-110,EMP188,TL-087,,Tool_87,Robot Arm,Plant-B,2026-02-09,2026-05-10,Maintenance,99.98,Stanley,SN100086
M11241,MA1AB100000004241,WO14241,Sedan X,TRIM-1,STN-02,2026-03-04 22:21,ENG-1482,SUP-101,EMP327,TL-069,C,Tool_69,Torque Wrench,Plant-B,2026-01-29,2026-04-29,Active,98.16,Bosch,SN100068
M11242,MA1AB100000004242,WO14242,Hatch Z,GA-1,STN-05,2026-03-04 22:22,ENG-1314,SUP-142,EMP350,TL-064,C,Tool_64,Press Tool,Plant-A,2026-02-03,2026-05-04,Active,98.09,Atlas Copco,SN100063
M11243,MA1AB100000004243,WO14243,SUV Pro,PAINT-1,STN-05,2026-03-04 22:23,ENG-1139,SUP-176,EMP246,TL-084,B,Tool_84,Torque Wrench,Plant-C,2026-02-03,2026-05-04,Out of Service,97.78,Ingersoll Rand,SN100083
M11244,MA1AB100000004244,WO14244,SUV Pro,PAINT-1,STN-02,2026-03-04 22:25,ENG-1300,SUP-091,EMP197,TL-058,,Tool_58,Robot Arm,Plant-C,2026-04-28,2026-07-27,Active,96.6,Stanley,SN100057
M11245,MA1AB100000004245,WO14245,SUV Pro,GA-1,Stn-03,2026-03-04 22:26,ENG-1401,SUP-062,EMP343,TL-050,,Tool_50,Welding Gun,Plant-C,2026-04-30,2026-07-29,Maintenance,98.51,Ingersoll Rand,SN100049
M11246,MA1AB100000004246,WO14246,SUV Pro,TRIM-1,STN-03,2026-03-04 22:27,ENG-1012,SUP-068,EMP176,TL-003,,Tool_3,Robot Arm,Plant-C,2026-02-25,2026-05-26,Active,97.36,Atlas Copco,SN100002
M11247,MA1AB100000004247,WO14247,SUV Pro,TRIM-1,STN-03,2026-03-04 22:28,ENG-1041,SUP-079,EMP327,TL-045,B,Tool_45,Welding Gun,Plant-C,2026-03-10,2026-06-08,Active,98.94,Stanley,SN100044
M11248,MA1AB100000004248,WO14248,SUV Pro,GA-1,STN-01,2026-03-04 22:30,ENG-1162,SUP-194,EMP341,TL-099,B,Tool_99,Welding Gun,Plant-B,2026-05-20,2026-08-18,Active,97.05,Atlas Copco,SN100098
M11249,MA1AB100000004249,WO14249,Hatch Z,GA-2,STN-01,2026-03-04 22:31,ENG-1318,SUP-151,EMP129,TL-999,A,Unknown Tool,Unknown Type,,,,,,,
M11250,MA1AB100000004250,WO14250,Hatch Z,GA-1,STN-05,2026-03-04 22:32,ENG-1435,SUP-072,EMP117,TL-053,C,Tool_53,Nut Runner,Plant-A,2026-02-27,2026-05-28,Out of Service,96.41,Stanley,SN100052
M11251,MA1AB100000004251,WO14251,SUV Pro,PAINT-1, stn-05 ,2026-03-04 22:33,ENG-1259,SUP-039,EMP223,TL-096,C,Tool_96,Nut Runner,Plant-A,2026-04-26,2026-07-25,Active,95.35,Stanley,SN100095
M11252,MA1AB100000004252,WO14252,Hatch Z,PAINT-1,STN-03,2026-03-04 22:35,ENG-1125,SUP-135,EMP270,TL-084,,Tool_84,Torque Wrench,Plant-C,2026-02-03,2026-05-04,Out of Service,97.78,Ingersoll Rand,SN100083
M11253,MA1AB100000004253,WO14253,SUV Pro,GA-2,STN-03,2026-03-04 22:36,ENG-1488,SUP-047,EMP202,TL-087,B,Tool_87,Robot Arm,Plant-B,2026-02-09,2026-05-10,Maintenance,99.98,Stanley,SN100086
M11254,MA1AB100000004254,WO14254,SUV Pro,TRIM-1,STN-01,2026-03-04 22:37,ENG-1323,SUP-175,EMP106,TL-005,C,Tool_5,Torque Wrench,Plant-C,2026-02-02,2026-05-03,Maintenance,99.68,Ingersoll Rand,SN100004
M11255,MA1AB100000004255,WO14255,SUV Pro,GA-1,Stn-03,2026-03-04 22:38,ENG-1292,SUP-189,EMP140,TL-009,A,Tool_9,Press Tool,Plant-C,2026-05-31,2026-08-29,Active,98.89,Bosch,SN100008
M11256,MA1AB100000004256,WO14256,Hatch Z,GA-2,Stn-03,2026-03-04 22:40,ENG-1157,SUP-150,EMP285,TL-054,A,Tool_54,Press Tool,Plant-C,2026-01-18,2026-04-18,Active,99.35,Ingersoll Rand,SN100053
M11257,MA1AB100000004257,WO14257,Sedan X,TRIM-1,Stn-03,2026-03-04 22:41,ENG-1160,SUP-021,EMP144,TL-071,A,Tool_71,Welding Gun,Plant-B,2026-04-11,2026-07-10,Active,98.12,Atlas Copco,SN100070
M11258,MA1AB100000004258,WO14258,Hatch Z,PAINT-1,STN-05,2026-03-04 22:42,ENG-1110,SUP-192,EMP329,TL-999,C,Unknown Tool,Unknown Type,,,,,,,
M11259,MA1AB100000004259,WO14259,SUV Pro,TRIM-1,STN-01,2026-03-04 22:43,ENG-1159,SUP-187,EMP256,TL-061,,Tool_61,Nut Runner,Plant-C,2026-06-29,2026-09-27,Active,99.71,Ingersoll Rand,SN100060
M11260,MA1AB100000004260,WO14260,SUV Pro,GA-1,STN-05,2026-03-04 22:45,ENG-1329,SUP-196,EMP309,TL-066,,Tool_66,Nut Runner,Plant-A,2026-01-13,2026-04-13,Maintenance,98.63,Stanley,SN100065
M11261,MA1AB100000004261,WO14261,Hatch Z,GA-1,STN-03,2026-03-04 22:46,ENG-1368,SUP-119,EMP398,TL-053,,Tool_53,Nut Runner,Plant-A,2026-02-27,2026-05-28,Out of Service,96.41,Stanley,SN100052
M11262,MA1AB100000004262,WO14262,Hatch Z,TRIM-1,STN-05,2026-03-04 22:47,ENG-1453,SUP-038,EMP108,TL-095,C,Tool_95,Nut Runner,Plant-A,2026-06-25,2026-09-23,Active,99.37,Bosch,SN100094
M11263,MA1AB100000004263,WO14263,Hatch Z,GA-2,STN-03,2026-03-04 22:48,ENG-1206,SUP-088,EMP291,TL-003,A,Tool_3,Robot Arm,Plant-C,2026-02-25,2026-05-26,Active,97.36,Atlas Copco,SN100002
M11264,MA1AB100000004264,WO14264,SUV Pro,GA-2, stn-05 ,2026-03-04 22:50,ENG-1119,SUP-178,EMP218,TL-001,B,Tool_1,Welding Gun,Plant-A,2026-05-21,2026-08-19,Maintenance,98.97,Bosch,SN100000
M11265,MA1AB100000004265,WO14265,Hatch Z,GA-2,STN-04,2026-03-04 22:51,ENG-1216,SUP-074,EMP108,TL-041,C,Tool_41,Robot Arm,Plant-A,2026-02-27,2026-05-28,Maintenance,97.13,Atlas Copco,SN100040
M11266,MA1AB100000004266,WO14266,SUV Pro,GA-2,STN-05,2026-03-04 22:52,ENG-1273,SUP-109,EMP189,TL-020,A,Tool_20,Robot Arm,Plant-C,2026-06-24,2026-09-22,Active,99.27,Ingersoll Rand,SN100019
M11267,MA1AB100000004267,WO14267,SUV Pro,GA-1,STN-03,2026-03-04 22:53,ENG-1034,SUP-056,EMP145,TL-069,,Tool_69,Torque Wrench,Plant-B,2026-01-29,2026-04-29,Active,98.16,Bosch,SN100068
M11268,MA1AB100000004268,WO14268,SUV Pro,GA-1,STN-03,2026-03-04 22:55,ENG-1248,SUP-079,EMP330,TL-032,B,Tool_32,Press Tool,Plant-A,2026-03-27,2026-06-25,Maintenance,97.67,Bosch,SN100031
M11269,MA1AB100000004269,WO14269,Hatch Z,GA-1,STN-03,2026-03-04 22:56,ENG-1232,SUP-188,EMP356,TL-044,B,Tool_44,Press Tool,Plant-C,2026-01-16,2026-04-16,Maintenance,99.03,Bosch,SN100043
M11270,MA1AB100000004270,WO14270,SUV Pro,TRIM-1,STN-03,2026-03-04 22:57,ENG-1442,SUP-078,EMP165,TL-001,B,Tool_1,Welding Gun,Plant-A,2026-05-21,2026-08-19,Maintenance,98.97,Bosch,SN100000
M11271,MA1AB100000004271,WO14271,SUV Pro,PAINT-1,STN-03,2026-03-04 22:58,ENG-1052,SUP-005,EMP185,TL-093,B,Tool_93,Nut Runner,Plant-A,2026-03-03,2026-06-01,Out of Service,98.43,Ingersoll Rand,SN100092
M11272,MA1AB100000004272,WO14272,Hatch Z,TRIM-1, stn-05 ,2026-03-04 23:00,ENG-1115,SUP-092,EMP142,TL-069,,Tool_69,Torque Wrench,Plant-B,2026-01-29,2026-04-29,Active,98.16,Bosch,SN100068
M11273,MA1AB100000004273,WO14273,SUV Pro,PAINT-1,Stn-03,2026-03-04 23:01,ENG-1442,SUP-128,EMP345,TL-039,A,Tool_39,Nut Runner,Plant-C,2026-02-15,2026-05-16,Maintenance,97.07,Ingersoll Rand,SN100038
M11274,MA1AB100000004274,WO14274,Sedan X,GA-1,STN-02,2026-03-04 23:02,ENG-1470,SUP-094,EMP139,TL-065,B,Tool_65,Torque Wrench,Plant-C,2026-01-31,2026-05-01,Maintenance,97.24,Bosch,SN100064
M11275,MA1AB100000004275,WO14275,Sedan X,GA-2,STN-03,2026-03-04 23:03,ENG-1263,SUP-096,EMP200,TL-035,,Tool_35,Torque Wrench,Plant-A,2026-04-06,2026-07-05,Active,95.1,Atlas Copco,SN100034
M11276,MA1AB100000004276,WO14276,SUV Pro,GA-1,STN-03,2026-03-04 23:05,ENG-1107,SUP-160,EMP369,TL-100,C,Tool_100,Welding Gun,Plant-A,2026-04-25,2026-07-24,Maintenance,97.13,Ingersoll Rand,SN100099
M11277,MA1AB100000004277,WO14277,Hatch Z,GA-2, stn-05 ,2026-03-04 23:06,ENG-1060,SUP-126,EMP381,TL-078,C,Tool_78,Press Tool,Plant-A,2026-03-26,2026-06-24,Maintenance,99.88,Bosch,SN100077
M11278,MA1AB100000004278,WO14278,SUV Pro,GA-1,Stn-03,2026-03-04 23:07,ENG-1295,SUP-134,EMP255,TL-091,A,Tool_91,Nut Runner,Plant-B,2026-03-20,2026-06-18,Active,95.45,Atlas Copco,SN100090
M11279,MA1AB100000004279,WO14279,Sedan X,TRIM-1,STN-03,2026-03-04 23:08,ENG-1184,SUP-133,EMP156,TL-049,,Tool_49,Press Tool,Plant-A,2026-01-18,2026-04-18,Active,97.7,Atlas Copco,SN100048
M11280,MA1AB100000004280,WO14280,SUV Pro,GA-2,STN-02,2026-03-04 23:10,ENG-1275,SUP-053,EMP149,TL-076,B,Tool_76,Welding Gun,Plant-C,2026-02-22,2026-05-23,Maintenance,98.13,Ingersoll Rand,SN100075
M11281,MA1AB100000004281,WO14281,SUV Pro,GA-1,STN-05,2026-03-04 23:11,ENG-1456,SUP-184,EMP121,TL-094,A,Tool_94,Press Tool,Plant-C,2026-05-10,2026-08-08,Maintenance,98.64,Stanley,SN100093
M11282,MA1AB100000004282,WO14282,Sedan X,GA-1,Stn-03,2026-03-04 23:12,ENG-1132,SUP-099,EMP196,TL-034,B,Tool_34,Torque Wrench,Plant-A,2026-06-25,2026-09-23,Out of Service,99.85,Stanley,SN100033
M11283,MA1AB100000004283,WO14283,Hatch Z,GA-2,STN-03,2026-03-04 23:13,ENG-1468,SUP-041,EMP152,TL-089,C,Tool_89,Welding Gun,Plant-B,2026-06-20,2026-09-18,Out of Service,97.46,Stanley,SN100088
M11284,MA1AB100000004284,WO14284,Hatch Z,TRIM-1, stn-05 ,2026-03-04 23:15,ENG-1430,SUP-062,EMP126,TL-076,A,Tool_76,Welding Gun,Plant-C,2026-02-22,2026-05-23,Maintenance,98.13,Ingersoll Rand,SN100075
M11285,MA1AB100000004285,WO14285,Sedan X,GA-1,STN-05,2026-03-04 23:16,ENG-1160,SUP-040,EMP341,TL-025,C,Tool_25,Nut Runner,Plant-C,2026-02-19,2026-05-20,Out of Service,98.88,Atlas Copco,SN100024
M11286,MA1AB100000004286,WO14286,Sedan X,GA-1,STN-03,2026-03-04 23:17,ENG-1370,SUP-103,EMP145,TL-026,B,Tool_26,Robot Arm,Plant-A,2026-05-25,2026-08-23,Out of Service,99.11,Atlas Copco,SN100025
M11287,MA1AB100000004287,WO14287,Sedan X,PAINT-1, stn-05 ,2026-03-04 23:18,ENG-1182,SUP-093,EMP200,TL-007,A,Tool_7,Nut Runner,Plant-B,2026-06-11,2026-09-09,Out of Service,95.88,Stanley,SN100006
M11288,MA1AB100000004288,WO14288,SUV Pro,GA-2,STN-01,2026-03-04 23:20,ENG-1097,SUP-016,EMP257,TL-038,A,Tool_38,Welding Gun,Plant-B,2026-04-18,2026-07-17,Active,97.87,Ingersoll Rand,SN100037
M11289,MA1AB100000004289,WO14289,SUV Pro,TRIM-1,STN-05,2026-03-04 23:21,ENG-1045,SUP-172,EMP151,TL-007,,Tool_7,Nut Runner,Plant-B,2026-06-11,2026-09-09,Out of Service,95.88,Stanley,SN100006
M11290,MA1AB100000004290,WO14290,SUV Pro,PAINT-1, stn-05 ,2026-03-04 23:22,ENG-1393,SUP-081,EMP263,TL-059,,Tool_59,Robot Arm,Plant-B,2026-04-15,2026-07-14,Active,95.72,Stanley,SN100058
M11291,MA1AB100000004291,WO14291,Hatch Z,TRIM-1,STN-02,2026-03-04 23:23,ENG-1383,SUP-079,EMP266,TL-039,A,Tool_39,Nut Runner,Plant-C,2026-02-15,2026-05-16,Maintenance,97.07,Ingersoll Rand,SN100038
M11292,MA1AB100000004292,WO14292,Hatch Z,GA-2,STN-05,2026-03-04 23:25,ENG-1302,SUP-026,EMP172,TL-053,C,Tool_53,Nut Runner,Plant-A,2026-02-27,2026-05-28,Out of Service,96.41,Stanley,SN100052
M11293,MA1AB100000004293,WO14293,SUV Pro,GA-2,STN-01,2026-03-04 23:26,ENG-1213,SUP-079,EMP142,TL-080,A,Tool_80,Robot Arm,Plant-B,2026-03-23,2026-06-21,Maintenance,97.79,Atlas Copco,SN100079
M11294,MA1AB100000004294,WO14294,Sedan X,TRIM-1,STN-01,2026-03-04 23:27,ENG-1469,SUP-178,EMP295,TL-083,,Tool_83,Nut Runner,Plant-A,2026-01-22,2026-04-22,Out of Service,98.35,Bosch,SN100082
M11295,MA1AB100000004295,WO14295,Hatch Z,GA-1,STN-01,2026-03-04 23:28,ENG-1030,SUP-193,EMP369,TL-082,B,Tool_82,Nut Runner,Plant-B,2026-03-18,2026-06-16,Active,95.75,Atlas Copco,SN100081
M11296,MA1AB100000004296,WO14296,Sedan X,PAINT-1,STN-02,2026-03-04 23:30,ENG-1409,SUP-190,EMP163,TL-052,B,Tool_52,Torque Wrench,Plant-A,2026-04-12,2026-07-11,Out of Service,99.68,Ingersoll Rand,SN100051
M11297,MA1AB100000004297,WO14297,SUV Pro,GA-2,STN-02,2026-03-04 23:31,ENG-1351,SUP-022,EMP355,TL-046,,Tool_46,Torque Wrench,Plant-C,2026-01-19,2026-04-19,Active,95.51,Ingersoll Rand,SN100045
M11298,MA1AB100000004298,WO14298,Sedan X,TRIM-1,Stn-03,2026-03-04 23:32,ENG-1316,SUP-146,EMP295,TL-019,A,Tool_19,Torque Wrench,Plant-B,2026-05-30,2026-08-28,Active,96.08,Atlas Copco,SN100018
M11299,MA1AB100000004299,WO14299,Hatch Z,GA-2, stn-05 ,2026-03-04 23:33,ENG-1138,SUP-128,EMP393,TL-091,A,Tool_91,Nut Runner,Plant-B,2026-03-20,2026-06-18,Active,95.45,Atlas Copco,SN100090
M11300,MA1AB100000004300,WO14300,Hatch Z,GA-1,STN-01,2026-03-04 23:35,ENG-1176,SUP-146,EMP217,TL-018,C,Tool_18,Robot Arm,Plant-B,2026-06-15,2026-09-13,Out of Service,95.48,Stanley,SN100017
M11301,MA1AB100000004301,WO14301,SUV Pro,GA-2,Stn-03,2026-03-04 23:36,ENG-1067,SUP-142,EMP333,TL-007,B,Tool_7,Nut Runner,Plant-B,2026-06-11,2026-09-09,Out of Service,95.88,Stanley,SN100006
M11302,MA1AB100000004302,WO14302,Sedan X,GA-2,STN-01,2026-03-04 23:37,ENG-1023,SUP-166,EMP337,TL-035,C,Tool_35,Torque Wrench,Plant-A,2026-04-06,2026-07-05,Active,95.1,Atlas Copco,SN100034
M11303,MA1AB100000004303,WO14303,Hatch Z,TRIM-1, stn-05 ,2026-03-04 23:38,ENG-1065,SUP-066,EMP197,TL-072,,Tool_72,Robot Arm,Plant-C,2026-05-05,2026-08-03,Maintenance,99.87,Atlas Copco,SN100071
M11304,MA1AB100000004304,WO14304,Sedan X,GA-2,STN-05,2026-03-04 23:40,ENG-1179,SUP-023,EMP251,TL-043,B,Tool_43,Torque Wrench,Plant-B,2026-04-28,2026-07-27,Active,96.51,Ingersoll Rand,SN100042
M11305,MA1AB100000004305,WO14305,Hatch Z,GA-1,STN-03,2026-03-04 23:41,ENG-1346,SUP-132,EMP111,TL-091,B,Tool_91,Nut Runner,Plant-B,2026-03-20,2026-06-18,Active,95.45,Atlas Copco,SN100090
M11306,MA1AB100000004306,WO14306,Hatch Z,TRIM-1,STN-01,2026-03-04 23:42,ENG-1412,SUP-098,EMP122,TL-037,A,Tool_37,Torque Wrench,Plant-A,2026-02-12,2026-05-13,Maintenance,95.39,Bosch,SN100036
M11307,MA1AB100000004307,WO14307,Sedan X,GA-2,STN-03,2026-03-04 23:43,ENG-1006,SUP-108,EMP283,TL-039,,Tool_39,Nut Runner,Plant-C,2026-02-15,2026-05-16,Maintenance,97.07,Ingersoll Rand,SN100038
M11308,MA1AB100000004308,WO14308,SUV Pro,TRIM-1,Stn-03,2026-03-04 23:45,ENG-1204,SUP-178,EMP274,TL-006,A,Tool_6,Nut Runner,Plant-B,2026-01-25,2026-04-25,Maintenance,98.24,Ingersoll Rand,SN100005
M11309,MA1AB100000004309,WO14309,SUV Pro,GA-1, stn-05 ,2026-03-04 23:46,ENG-1257,SUP-187,EMP399,TL-065,C,Tool_65,Torque Wrench,Plant-C,2026-01-31,2026-05-01,Maintenance,97.24,Bosch,SN100064
M11310,MA1AB100000004310,WO14310,SUV Pro,TRIM-1, stn-05 ,2026-03-04 23:47,ENG-1132,SUP-053,EMP118,TL-013,,Tool_13,Nut Runner,Plant-B,2026-04-05,2026-07-04,Active,99.14,Bosch,SN100012
M11311,MA1AB100000004311,WO14311,SUV Pro,PAINT-1,STN-04,2026-03-04 23:48,ENG-1412,SUP-035,EMP212,TL-066,,Tool_66,Nut Runner,Plant-A,2026-01-13,2026-04-13,Maintenance,98.63,Stanley,SN100065
M11312,MA1AB100000004312,WO14312,Hatch Z,TRIM-1, stn-05 ,2026-03-04 23:50,ENG-1450,SUP-098,EMP277,TL-055,B,Tool_55,Nut Runner,Plant-A,2026-01-22,2026-04-22,Out of Service,95.5,Atlas Copco,SN100054
M11313,MA1AB100000004313,WO14313,Sedan X,GA-2,STN-04,2026-03-04 23:51,ENG-1337,SUP-014,EMP313,TL-083,B,Tool_83,Nut Runner,Plant-A,2026-01-22,2026-04-22,Out of Service,98.35,Bosch,SN100082
M11314,MA1AB100000004314,WO14314,Sedan X,GA-1,STN-01,2026-03-04 23:52,ENG-1050,SUP-187,EMP199,TL-072,,Tool_72,Robot Arm,Plant-C,2026-05-05,2026-08-03,Maintenance,99.87,Atlas Copco,SN100071
M11315,MA1AB100000004315,WO14315,Sedan X,PAINT-1,STN-04,2026-03-04 23:53,ENG-1425,SUP-151,EMP241,TL-086,,Tool_86,Press Tool,Plant-B,2026-03-20,2026-06-18,Active,96.21,Bosch,SN100085
M11316,MA1AB100000004316,WO14316,Sedan X,GA-1,STN-02,2026-03-04 23:55,ENG-1260,SUP-005,EMP206,TL-043,A,Tool_43,Torque Wrench,Plant-B,2026-04-28,2026-07-27,Active,96.51,Ingersoll Rand,SN100042
M11317,MA1AB100000004317,WO14317,Hatch Z,PAINT-1,Stn-03,2026-03-04 23:56,ENG-1266,SUP-151,EMP265,TL-094,B,Tool_94,Press Tool,Plant-C,2026-05-10,2026-08-08,Maintenance,98.64,Stanley,SN100093
M11318,MA1AB100000004318,WO14318,Hatch Z,GA-2, stn-05 ,2026-03-04 23:57,ENG-1291,SUP-075,EMP257,TL-010,A,Tool_10,Welding Gun,Plant-B,2026-02-07,2026-05-08,Maintenance,98.91,Atlas Copco,SN100009
M11319,MA1AB100000004319,WO14319,SUV Pro,TRIM-1,Stn-03,2026-03-04 23:58,ENG-1288,SUP-188,EMP124,TL-047,B,Tool_47,Robot Arm,Plant-A,2026-04-17,2026-07-16,Active,99.69,Ingersoll Rand,SN100046
M11320,MA1AB100000004320,WO14320,SUV Pro,TRIM-1,STN-02,2026-03-05 00:00,ENG-1287,SUP-062,EMP283,TL-012,,Tool_12,Press Tool,Plant-B,2026-05-30,2026-08-28,Out of Service,98.02,Bosch,SN100011
M11321,MA1AB100000004321,WO14321,SUV Pro,GA-2, stn-05 ,2026-03-05 00:01,ENG-1028,SUP-145,EMP269,TL-094,B,Tool_94,Press Tool,Plant-C,2026-05-10,2026-08-08,Maintenance,98.64,Stanley,SN100093
M11322,MA1AB100000004322,WO14322,Sedan X,TRIM-1,STN-04,2026-03-05 00:02,ENG-1004,SUP-143,EMP230,TL-066,,Tool_66,Nut Runner,Plant-A,2026-01-13,2026-04-13,Maintenance,98.63,Stanley,SN100065
M11323,MA1AB100000004323,WO14323,Hatch Z,TRIM-1,Stn-03,2026-03-05 00:03,ENG-1409,SUP-085,EMP294,TL-089,B,Tool_89,Welding Gun,Plant-B,2026-06-20,2026-09-18,Out of Service,97.46,Stanley,SN100088
M11324,MA1AB100000004324,WO14324,Hatch Z,GA-2,STN-03,2026-03-05 00:05,ENG-1396,SUP-170,EMP373,TL-085,B,Tool_85,Nut Runner,Plant-A,2026-01-29,2026-04-29,Out of Service,98.68,Stanley,SN100084
M11325,MA1AB100000004325,WO14325,Sedan X,GA-2, stn-05 ,2026/03/05 00:06,ENG-1274,SUP-001,EMP156,TL-068,B,Tool_68,Press Tool,Plant-A,2026-04-15,2026-07-14,Active,97.42,Bosch,SN100067
M11326,MA1AB100000004326,WO14326,Sedan X,GA-2,STN-03,2026-03-05 00:07,ENG-1107,SUP-011,EMP323,TL-066,C,Tool_66,Nut Runner,Plant-A,2026-01-13,2026-04-13,Maintenance,98.63,Stanley,SN100065
M11327,MA1AB100000004327,WO14327,SUV Pro,PAINT-1, stn-05 ,2026-03-05 00:08,ENG-1482,SUP-109,EMP348,TL-053,,Tool_53,Nut Runner,Plant-A,2026-02-27,2026-05-28,Out of Service,96.41,Stanley,SN100052
M11328,MA1AB100000004328,WO14328,Hatch Z,GA-1,STN-05,2026-03-05 00:10,ENG-1485,SUP-103,EMP242,TL-042,B,Tool_42,Welding Gun,Plant-C,2026-03-03,2026-06-01,Out of Service,97.14,Ingersoll Rand,SN100041
M11329,XX1 2 3 4,WO14329,SUV Pro,PAINT-1, stn-05 ,2026-03-05 00:11,ENG-1143,SUP-148,EMP266,TL-074,,Tool_74,Robot Arm,Plant-B,2026-01-04,2026-04-04,Active,97.63,Stanley,SN100073
M11330,MA1AB100000004330,WO14330,SUV Pro,GA-2,STN-01,2026-03-05 00:12,ENG-1118,SUP-092,EMP202,TL-011,,Tool_11,Welding Gun,Plant-B,2026-01-03,2026-04-03,Out of Service,99.43,Atlas Copco,SN100010
M11331,MA1AB100000004331,WO14331,SUV Pro,PAINT-1, stn-05 ,2026-03-05 00:13,ENG-1403,SUP-182,EMP268,TL-077,B,Tool_77,Welding Gun,Plant-C,2026-04-12,2026-07-11,Active,98.71,Stanley,SN100076
M11332,MA1AB100000004332,WO14332,Hatch Z,TRIM-1,STN-03,2026-03-05 00:15,ENG-1275,SUP-182,EMP334,TL-036,A,Tool_36,Nut Runner,Plant-B,2026-02-08,2026-05-09,Active,95.2,Stanley,SN100035
M11333,MA1AB100000004333,WO14333,Hatch Z,GA-1, stn-05 ,2026-03-05 00:16,ENG-1325,SUP-075,EMP369,TL-050,B,Tool_50,Welding Gun,Plant-C,2026-04-30,2026-07-29,Maintenance,98.51,Ingersoll Rand,SN100049
M11334,MA1AB100000004334,WO14334,SUV Pro,TRIM-1,STN-03,2026-03-05 00:17,ENG-1389,SUP-031,EMP160,TL-079,,Tool_79,Press Tool,Plant-C,2026-04-14,2026-07-13,Active,96.15,Ingersoll Rand,SN100078
M11335,MA1AB100000004335,WO14335,SUV Pro,PAINT-1,STN-03,2026-03-05 00:18,ENG-1114,SUP-069,EMP308,TL-046,C,Tool_46,Torque Wrench,Plant-C,2026-01-19,2026-04-19,Active,95.51,Ingersoll Rand,SN100045
M11336,MA1AB100000004336,WO14336,Sedan X,PAINT-1,Stn-03,2026-03-05 00:20,ENG-1328,SUP-112,EMP259,TL-015,,Tool_15,Robot Arm,Plant-C,2026-05-26,2026-08-24,Out of Service,97.88,Atlas Copco,SN100014
M11337,MA1AB100000004337,WO14337,SUV Pro,TRIM-1,STN-02,2026-03-05 00:21,ENG-1478,SUP-185,EMP104,TL-007,B,Tool_7,Nut Runner,Plant-B,2026-06-11,2026-09-09,Out of Service,95.88,Stanley,SN100006
M11338,MA1AB100000004338,WO14338,SUV Pro,GA-2,STN-01,2026-03-05 00:22,ENG-1427,SUP-029,EMP302,TL-999,B,Unknown Tool,Unknown Type,,,,,,,
M11339,MA1AB100000004339,WO14339,Sedan X,GA-1,Stn-03,2026-03-05 00:23,ENG-1377,SUP-084,EMP394,TL-061,B,Tool_61,Nut Runner,Plant-C,2026-06-29,2026-09-27,Active,99.71,Ingersoll Rand,SN100060
M11340,MA1AB100000004340,WO14340,Sedan X,PAINT-1,STN-02,2026-03-05 00:25,ENG-1064,SUP-135,EMP243,TL-098,B,Tool_98,Press Tool,Plant-A,2026-06-01,2026-08-30,Active,98.11,Stanley,SN100097
M11341,MA1AB100000004341,WO14341,SUV Pro,GA-2,STN-04,2026-03-05 00:26,ENG-1195,SUP-106,EMP383,TL-007,C,Tool_7,Nut Runner,Plant-B,2026-06-11,2026-09-09,Out of Service,95.88,Stanley,SN100006
M11342,MA1AB100000004342,WO14342,SUV Pro,GA-1,STN-01,2026-03-05 00:27,ENG-1411,SUP-163,EMP359,TL-005,C,Tool_5,Torque Wrench,Plant-C,2026-02-02,2026-05-03,Maintenance,99.68,Ingersoll Rand,SN100004
M11343,MA1AB100000004343,WO14343,Sedan X,GA-2,STN-02,2026-03-05 00:28,ENG-1465,SUP-077,EMP383,TL-001,A,Tool_1,Welding Gun,Plant-A,2026-05-21,2026-08-19,Maintenance,98.97,Bosch,SN100000
M11344,MA1AB100000004344,WO14344,SUV Pro,GA-2,STN-04,2026-03-05 00:30,ENG-1382,SUP-062,EMP291,TL-068,,Tool_68,Press Tool,Plant-A,2026-04-15,2026-07-14,Active,97.42,Bosch,SN100067
M11345,MA1AB100000004345,WO14345,SUV Pro,TRIM-1,STN-01,2026-03-05 00:31,ENG-1475,SUP-089,EMP267,TL-034,C,Tool_34,Torque Wrench,Plant-A,2026-06-25,2026-09-23,Out of Service,99.85,Stanley,SN100033
M11346,MA1AB100000004346,WO14346,SUV Pro,GA-1,STN-03,2026-03-05 00:32,ENG-1125,SUP-150,EMP178,TL-051,A,Tool_51,Nut Runner,Plant-C,2026-04-06,2026-07-05,Active,97.28,Bosch,SN100050
M11347,MA1AB100000004347,WO14347,Hatch Z,TRIM-1,STN-04,2026-03-05 00:33,ENG-1438,SUP-069,EMP306,TL-082,B,Tool_82,Nut Runner,Plant-B,2026-03-18,2026-06-16,Active,95.75,Atlas Copco,SN100081
M11348,MA1AB100000004348,WO14348,SUV Pro,GA-2,STN-01,2026-03-05 00:35,ENG-1322,SUP-086,EMP205,TL-051,C,Tool_51,Nut Runner,Plant-C,2026-04-06,2026-07-05,Active,97.28,Bosch,SN100050
M11349,MA1AB100000004349,WO14349,Hatch Z,GA-1,STN-01,2026-03-05 00:36,ENG-1306,SUP-177,EMP178,TL-091,C,Tool_91,Nut Runner,Plant-B,2026-03-20,2026-06-18,Active,95.45,Atlas Copco,SN100090
M11350,MA1AB100000004350,WO14350,SUV Pro,TRIM-1, stn-05 ,2026-03-05 00:37, eng-1001 ,SUP-161,EMP178,TL-065,C,Tool_65,Torque Wrench,Plant-C,2026-01-31,2026-05-01,Maintenance,97.24,Bosch,SN100064
M11351,MA1AB100000004351,WO14351,Hatch Z,GA-1,STN-02,2026-03-05 00:38,ENG-1043,SUP-092,EMP264,TL-093,B,Tool_93,Nut Runner,Plant-A,2026-03-03,2026-06-01,Out of Service,98.43,Ingersoll Rand,SN100092
M11352,MA1AB100000004352,WO14352,Hatch Z,GA-2,Stn-03,2026-03-05 00:40,ENG-1010,SUP-173,EMP354,TL-059,C,Tool_59,Robot Arm,Plant-B,2026-04-15,2026-07-14,Active,95.72,Stanley,SN100058
M11353,MA1AB100000004353,WO14353,SUV Pro,GA-2,STN-01,2026-03-05 00:41,ENG-1468,SUP-041,EMP297,TL-024,,Tool_24,Robot Arm,Plant-A,2026-02-23,2026-05-24,Active,96.19,Ingersoll Rand,SN100023
M11354,MA1AB100000004354,WO14354,SUV Pro,GA-2,STN-05,2026-03-05 00:42,ENG-1189,SUP-102,EMP344,TL-083,C,Tool_83,Nut Runner,Plant-A,2026-01-22,2026-04-22,Out of Service,98.35,Bosch,SN100082
M11355,MA1AB100000004355,WO14355,SUV Pro,TRIM-1,STN-01,2026-03-05 00:43,ENG-1228,SUP-144,EMP111,TL-062,C,Tool_62,Robot Arm,Plant-A,2026-04-28,2026-07-27,Out of Service,95.44,Bosch,SN100061
M11356,MA1AB100000004356,WO14356,Sedan X,GA-1,STN-05,2026-03-05 00:45,ENG-1258,SUP-017,EMP333,TL-062,C,Tool_62,Robot Arm,Plant-A,2026-04-28,2026-07-27,Out of Service,95.44,Bosch,SN100061
M11357,MA1AB100000004357,WO14357,SUV Pro,GA-1,STN-02,2026-03-05 00:46,ENG-1293,SUP-174,EMP241,TL-039,A,Tool_39,Nut Runner,Plant-C,2026-02-15,2026-05-16,Maintenance,97.07,Ingersoll Rand,SN100038
M11358,MA1AB100000004358,WO14358,SUV Pro,GA-2,STN-03,2026-03-05 00:47,ENG-1105,SUP-173,EMP151,TL-055,C,Tool_55,Nut Runner,Plant-A,2026-01-22,2026-04-22,Out of Service,95.5,Atlas Copco,SN100054
M11359,MA1AB100000004359,WO14359,Hatch Z,GA-2,STN-05,2026-03-05 00:48,ENG-1388,SUP-173,EMP225,TL-067,C,Tool_67,Torque Wrench,Plant-A,2026-02-10,2026-05-11,Active,95.24,Bosch,SN100066
M11360,MA1AB100000004360,WO14360,Hatch Z,TRIM-1,STN-03,2026-03-05 00:50,ENG-1225,SUP-114,EMP322,TL-045,,Tool_45,Welding Gun,Plant-C,2026-03-10,2026-06-08,Active,98.94,Stanley,SN100044
M11361,MA1AB100000004361,WO14361,SUV Pro,GA-1,STN-04,2026-03-05 00:51,ENG-1009,SUP-093,EMP266,TL-039,C,Tool_39,Nut Runner,Plant-C,2026-02-15,2026-05-16,Maintenance,97.07,Ingersoll Rand,SN100038
M11362,MA1AB100000004362,WO14362,Hatch Z,GA-2, stn-05 ,2026-03-05 00:52,ENG-1427,SUP-079,EMP213,TL-099,,Tool_99,Welding Gun,Plant-B,2026-05-20,2026-08-18,Active,97.05,Atlas Copco,SN100098
M11363,MA1AB100000004363,WO14363,Hatch Z,TRIM-1, stn-05 ,2026-03-05 00:53,ENG-1252,SUP-027,EMP272,TL-053,B,Tool_53,Nut Runner,Plant-A,2026-02-27,2026-05-28,Out of Service,96.41,Stanley,SN100052
M11364,MA1AB100000004364,WO14364,Sedan X,GA-1,Stn-03,2026-03-05 00:55,ENG-1298,SUP-069,EMP127,TL-063,,Tool_63,Welding Gun,Plant-B,2026-03-03,2026-06-01,Active,99.78,Ingersoll Rand,SN100062
M11365,MA1AB100000004365,WO14365,Hatch Z,GA-2,STN-03,2026-03-05 00:56,ENG-1442,SUP-029,EMP277,TL-027,C,Tool_27,Robot Arm,Plant-A,2026-03-13,2026-06-11,Active,95.63,Atlas Copco,SN100026
M11366,MA1AB100000004366,WO14366,Hatch Z,TRIM-1,STN-04,2026-03-05 00:57,ENG-1063,SUP-014,EMP124,TL-015,A,Tool_15,Robot Arm,Plant-C,2026-05-26,2026-08-24,Out of Service,97.88,Atlas Copco,SN100014
M11367,MA1AB100000004367,WO14367,SUV Pro,PAINT-1,STN-04,2026-03-05 00:58,ENG-1232,SUP-059,EMP247,TL-079,C,Tool_79,Press Tool,Plant-C,2026-04-14,2026-07-13,Active,96.15,Ingersoll Rand,SN100078
M11368,MA1AB100000004368,WO14368,Sedan X,GA-1,Stn-03,2026-03-05 01:00,ENG-1457,SUP-169,EMP234,TL-089,,Tool_89,Welding Gun,Plant-B,2026-06-20,2026-09-18,Out of Service,97.46,Stanley,SN100088
M11369,MA1AB100000004369,WO14369,Sedan X,GA-2,STN-03,2026-03-05 01:01,ENG-1482,SUP-094,EMP339,TL-065,C,Tool_65,Torque Wrench,Plant-C,2026-01-31,2026-05-01,Maintenance,97.24,Bosch,SN100064
M11370,MA1AB100000004370,WO14370,SUV Pro,PAINT-1,STN-01,2026-03-05 01:02,ENG-1114,SUP-088,EMP238,TL-083,,Tool_83,Nut Runner,Plant-A,2026-01-22,2026-04-22,Out of Service,98.35,Bosch,SN100082
M11371,MA1AB100000004371,WO14371,SUV Pro,GA-1,STN-04,2026-03-05 01:03,ENG-1273,SUP-085,EMP291,TL-060,B,Tool_60,Welding Gun,Plant-B,2026-02-09,2026-05-10,Active,95.55,Atlas Copco,SN100059
M11372,MA1AB100000004372,WO14372,Hatch Z,PAINT-1,STN-02,2026-03-05 01:05,ENG-1121,SUP-038,EMP374,TL-047,C,Tool_47,Robot Arm,Plant-A,2026-04-17,2026-07-16,Active,99.69,Ingersoll Rand,SN100046
M11373,MA1AB100000004373,WO14373,SUV Pro,GA-1,Stn-03,2026-03-05 01:06,ENG-1396,SUP-173,EMP398,TL-999,C,Unknown Tool,Unknown Type,,,,,,,
M11374,MA1AB100000004374,WO14374,SUV Pro,PAINT-1,Stn-03,2026-03-05 01:07,ENG-1249,SUP-093,EMP356,TL-013,,Tool_13,Nut Runner,Plant-B,2026-04-05,2026-07-04,Active,99.14,Bosch,SN100012
M11375,MA1AB100000004375,WO14375,SUV Pro,GA-1,STN-02,2026-03-05 01:08,ENG-1403,SUP-136,EMP234,TL-081,A,Tool_81,Nut Runner,Plant-A,2026-06-21,2026-09-19,Maintenance,97.61,Atlas Copco,SN100080
M11376,MA1AB100000004376,WO14376,Sedan X,TRIM-1,STN-02,2026-03-05 01:10,ENG-1122,SUP-055,EMP254,TL-057,A,Tool_57,Welding Gun,Plant-A,2026-05-01,2026-07-30,Active,98.96,Bosch,SN100056
M11377,MA1AB100000004377,WO14377,SUV Pro,GA-1,STN-04,2026-03-05 01:11,ENG-1052,SUP-065,EMP305,TL-076,,Tool_76,Welding Gun,Plant-C,2026-02-22,2026-05-23,Maintenance,98.13,Ingersoll Rand,SN100075
M11378,MA1AB100000004378,WO14378,Hatch Z,GA-1,STN-03,2026-03-05 01:12,ENG-1373,SUP-127,EMP350,TL-093,B,Tool_93,Nut Runner,Plant-A,2026-03-03,2026-06-01,Out of Service,98.43,Ingersoll Rand,SN100092
M11379,MA1AB100000004379,WO14379,SUV Pro,GA-1,STN-05,2026-03-05 01:13,ENG-1178,SUP-183,EMP263,TL-074,C,Tool_74,Robot Arm,Plant-B,2026-01-04,2026-04-04,Active,97.63,Stanley,SN100073
M11380,MA1AB100000004380,WO14380,Sedan X,GA-2,STN-04,2026-03-05 01:15,ENG-1480,SUP-073,EMP290,TL-092,,Tool_92,Nut Runner,Plant-C,2026-06-25,2026-09-23,Active,97.7,Bosch,SN100091
M11381,MA1AB100000004381,WO14381,Sedan X,GA-1,STN-04,2026-03-05 01:16,ENG-1013,SUP-049,EMP298,TL-013,A,Tool_13,Nut Runner,Plant-B,2026-04-05,2026-07-04,Active,99.14,Bosch,SN100012
M11382,MA1AB100000004382,WO14382,Sedan X,TRIM-1,STN-03,2026-03-05 01:17,ENG-1315,SUP-174,EMP115,TL-085,A,Tool_85,Nut Runner,Plant-A,2026-01-29,2026-04-29,Out of Service,98.68,Stanley,SN100084
M11383,MA1AB100000004383,WO14383,Sedan X,TRIM-1, stn-05 ,2026-03-05 01:18,ENG-1018,SUP-099,EMP335,TL-074,C,Tool_74,Robot Arm,Plant-B,2026-01-04,2026-04-04,Active,97.63,Stanley,SN100073
M11384,MA1AB100000004384,WO14384,Hatch Z,GA-1,STN-04,2026-03-05 01:20,ENG-1278,SUP-111,EMP191,TL-068,C,Tool_68,Press Tool,Plant-A,2026-04-15,2026-07-14,Active,97.42,Bosch,SN100067
M11385,MA1AB100000004385,WO14385,SUV Pro,GA-1,STN-04,2026-03-05 01:21,ENG-1462,SUP-181,EMP179,TL-015,C,Tool_15,Robot Arm,Plant-C,2026-05-26,2026-08-24,Out of Service,97.88,Atlas Copco,SN100014
M11386,MA1AB100000004386,WO14386,Hatch Z,GA-2, stn-05 ,2026-03-05 01:22,ENG-1281,SUP-198,EMP399,TL-055,,Tool_55,Nut Runner,Plant-A,2026-01-22,2026-04-22,Out of Service,95.5,Atlas Copco,SN100054
M11387,MA1AB100000004387,WO14387,SUV Pro,GA-2,STN-03,2026-03-05 01:23,ENG-1101,SUP-110,EMP349,TL-031,C,Tool_31,Nut Runner,Plant-A,2026-01-31,2026-05-01,Active,97.01,Atlas Copco,SN100030
M11388,MA1AB100000004388,WO14388,Hatch Z,PAINT-1, stn-05 ,2026-03-05 01:25,ENG-1269,SUP-153,EMP308,TL-006,,Tool_6,Nut Runner,Plant-B,2026-01-25,2026-04-25,Maintenance,98.24,Ingersoll Rand,SN100005
M11389,MA1AB100000004389,WO14389,Sedan X,TRIM-1,STN-02,2026-03-05 01:26,ENG-1068,SUP-137,EMP375,TL-028,C,Tool_28,Press Tool,Plant-C,2026-01-25,2026-04-25,Out of Service,97.87,Ingersoll Rand,SN100027
M11390,MA1AB100000004390,WO14390,Sedan X,GA-2,STN-02,2026-03-05 01:27,ENG-1410,SUP-089,EMP154,TL-097,B,Tool_97,Nut Runner,Plant-A,2026-04-22,2026-07-21,Active,99.35,Ingersoll Rand,SN100096
M11391,MA1AB100000004391,WO14391,Hatch Z,GA-1,STN-01,2026-03-05 01:28,ENG-1139,SUP-049,EMP124,TL-078,,Tool_78,Press Tool,Plant-A,2026-03-26,2026-06-24,Maintenance,99.88,Bosch,SN100077
M11392,MA1AB100000004392,WO14392,SUV Pro,GA-2,STN-04,2026-03-05 01:30,ENG-1325,SUP-080,EMP216,TL-056,,Tool_56,Torque Wrench,Plant-C,2026-04-06,2026-07-05,Active,97.45,Atlas Copco,SN100055
M11393,MA1AB100000004393,WO14393,Hatch Z,GA-2,STN-03,2026-03-05 01:31,ENG-1245,SUP-183,EMP390,TL-053,,Tool_53,Nut Runner,Plant-A,2026-02-27,2026-05-28,Out of Service,96.41,Stanley,SN100052
M11394,MA1AB100000004394,WO14394,Sedan X,PAINT-1,STN-05,2026-03-05 01:32,ENG-1493,SUP-006,EMP200,TL-091,A,Tool_91,Nut Runner,Plant-B,2026-03-20,2026-06-18,Active,95.45,Atlas Copco,SN100090
M11395,MA1AB100000004395,WO14395,Hatch Z,GA-1,STN-04,2026-03-05 01:33,ENG-1344,SUP-185,EMP216,TL-047,,Tool_47,Robot Arm,Plant-A,2026-04-17,2026-07-16,Active,99.69,Ingersoll Rand,SN100046
M11396,MA1AB100000004396,WO14396,SUV Pro,GA-2,STN-04,2026-03-05 01:35,ENG-1422,SUP-007,EMP362,TL-023,C,Tool_23,Welding Gun,Plant-A,2026-04-29,2026-07-28,Active,95.35,Bosch,SN100022
M11397,MA1AB100000004397,WO14397,Sedan X,TRIM-1,STN-02,2026-03-05 01:36,ENG-1459,SUP-187,EMP341,TL-076,C,Tool_76,Welding Gun,Plant-C,2026-02-22,2026-05-23,Maintenance,98.13,Ingersoll Rand,SN100075
M11398,MA1AB100000004398,WO14398,Hatch Z,GA-1,STN-02,2026-03-05 01:37,ENG-1453,SUP-130,EMP367,TL-050,,Tool_50,Welding Gun,Plant-C,2026-04-30,2026-07-29,Maintenance,98.51,Ingersoll Rand,SN100049
M11399,MA1AB100000004399,WO14399,Hatch Z,GA-1,STN-01,2026-03-05 01:38,ENG-1414,SUP-033,EMP165,TL-026,B,Tool_26,Robot Arm,Plant-A,2026-05-25,2026-08-23,Out of Service,99.11,Atlas Copco,SN100025
M11400,MA1AB100000004400,WO14400,Sedan X,PAINT-1, stn-05 ,2026-03-05 01:40,ENG-1336,SUP-043,EMP265,TL-021,,Tool_21,Press Tool,Plant-C,2026-01-09,2026-04-09,Out of Service,95.18,Atlas Copco,SN100020
M11401,MA1AB100000004401,WO14401,Sedan X,GA-1,STN-05,2026-03-05 01:41,ENG-1250,SUP-165,EMP379,TL-073,B,Tool_73,Welding Gun,Plant-C,2026-03-17,2026-06-15,Active,96.96,Ingersoll Rand,SN100072
M11402,MA1AB100000004402,WO14402,SUV Pro,PAINT-1,STN-04,2026-03-05 01:42,ENG-1388,SUP-195,EMP263,TL-058,C,Tool_58,Robot Arm,Plant-C,2026-04-28,2026-07-27,Active,96.6,Stanley,SN100057
M11403,MA1AB100000004403,WO14403,Hatch Z,PAINT-1,STN-04,2026-03-05 01:43,ENG-1468,SUP-096,EMP209,TL-024,C,Tool_24,Robot Arm,Plant-A,2026-02-23,2026-05-24,Active,96.19,Ingersoll Rand,SN100023
M11404,MA1AB100000004404,WO14404,Hatch Z,PAINT-1,STN-03,2026-03-05 01:45,ENG-1146,SUP-020,EMP156,TL-067,A,Tool_67,Torque Wrench,Plant-A,2026-02-10,2026-05-11,Active,95.24,Bosch,SN100066
M11405,MA1AB100000004405,WO14405,Hatch Z,PAINT-1,STN-01,2026-03-05 01:46,ENG-1109,SUP-098,EMP330,TL-025,A,Tool_25,Nut Runner,Plant-C,2026-02-19,2026-05-20,Out of Service,98.88,Atlas Copco,SN100024
M11406,MA1AB100000004406,WO14406,Hatch Z,PAINT-1,STN-02,2026-03-05 01:47,ENG-1029,SUP-053,EMP382,TL-083,A,Tool_83,Nut Runner,Plant-A,2026-01-22,2026-04-22,Out of Service,98.35,Bosch,SN100082
M11407,MA1AB100000004407,WO14407,Hatch Z,GA-2,STN-04,2026-03-05 01:48,ENG-1428,SUP-185,EMP319,TL-066,C,Tool_66,Nut Runner,Plant-A,2026-01-13,2026-04-13,Maintenance,98.63,Stanley,SN100065
M11408,MA1AB100000004408,WO14408,Sedan X,PAINT-1,Stn-03,2026-03-05 01:50,ENG-1254,SUP-021,EMP233,TL-049,B,Tool_49,Press Tool,Plant-A,2026-01-18,2026-04-18,Active,97.7,Atlas Copco,SN100048
M11409,MA1AB100000004409,WO14409,Sedan X,GA-1,STN-01,2026-03-05 01:51,ENG-1133,SUP-170,EMP367,TL-032,B,Tool_32,Press Tool,Plant-A,2026-03-27,2026-06-25,Maintenance,97.67,Bosch,SN100031
M11410,MA1AB100000004410,WO14410,Sedan X,PAINT-1,STN-03,2026-03-05 01:52,ENG-1499,SUP-016,EMP149,TL-015,B,Tool_15,Robot Arm,Plant-C,2026-05-26,2026-08-24,Out of Service,97.88,Atlas Copco,SN100014
M11411,MA1AB100000004411,WO14411,SUV Pro,GA-2,STN-05,2026-03-05 01:53,ENG-1106,SUP-100,EMP105,TL-026,A,Tool_26,Robot Arm,Plant-A,2026-05-25,2026-08-23,Out of Service,99.11,Atlas Copco,SN100025
M11412,MA1AB100000004412,WO14412,Hatch Z,TRIM-1,Stn-03,2026-03-05 01:55,ENG-1202,SUP-075,EMP339,TL-062,A,Tool_62,Robot Arm,Plant-A,2026-04-28,2026-07-27,Out of Service,95.44,Bosch,SN100061
M11413,MA1AB100000004413,WO14413,Hatch Z,GA-1,STN-04,2026-03-05 01:56,ENG-1338,SUP-171,EMP347,TL-056,A,Tool_56,Torque Wrench,Plant-C,2026-04-06,2026-07-05,Active,97.45,Atlas Copco,SN100055
M11414,MA1AB100000004414,WO14414,Hatch Z,GA-2,Stn-03,2026-03-05 01:57,ENG-1238,SUP-097,EMP173,TL-095,C,Tool_95,Nut Runner,Plant-A,2026-06-25,2026-09-23,Active,99.37,Bosch,SN100094
M11415,MA1AB100000004415,WO14415,Sedan X,TRIM-1,STN-04,2026-03-05 01:58,ENG-1334,SUP-124,EMP133,TL-082,,Tool_82,Nut Runner,Plant-B,2026-03-18,2026-06-16,Active,95.75,Atlas Copco,SN100081
M11416,MA1AB100000004416,WO14416,Sedan X,GA-1,STN-04,2026-03-05 02:00,ENG-1075,SUP-011,EMP244,TL-070,,Tool_70,Robot Arm,Plant-C,2026-04-23,2026-07-22,Maintenance,98.03,Bosch,SN100069
M11417,MA1AB100000004417,WO14417,Hatch Z,GA-1, stn-05 ,2026-03-05 02:01,ENG-1153,SUP-027,EMP356,TL-050,B,Tool_50,Welding Gun,Plant-C,2026-04-30,2026-07-29,Maintenance,98.51,Ingersoll Rand,SN100049
M11418,MA1AB100000004418,WO14418,Sedan X,GA-2,Stn-03,2026-03-05 02:02,ENG-1343,SUP-042,EMP298,TL-039,C,Tool_39,Nut Runner,Plant-C,2026-02-15,2026-05-16,Maintenance,97.07,Ingersoll Rand,SN100038
M11419,MA1AB100000004419,WO14419,SUV Pro,PAINT-1,STN-05,2026-03-05 02:03,ENG-1219,SUP-120,EMP252,TL-014,A,Tool_14,Nut Runner,Plant-A,2026-02-27,2026-05-28,Maintenance,99.68,Stanley,SN100013
M11420,MA1AB100000004420,WO14420,SUV Pro,GA-1,STN-03,2026-03-05 02:05,ENG-1367,SUP-176,EMP218,TL-078,A,Tool_78,Press Tool,Plant-A,2026-03-26,2026-06-24,Maintenance,99.88,Bosch,SN100077
M11421,MA1AB100000004421,WO14421,SUV Pro,PAINT-1,Stn-03,2026-03-05 02:06,ENG-1408,SUP-146,EMP116,TL-073,,Tool_73,Welding Gun,Plant-C,2026-03-17,2026-06-15,Active,96.96,Ingersoll Rand,SN100072
M11422,MA1AB100000004422,WO14422,Hatch Z,GA-1,STN-02,2026-03-05 02:07,ENG-1152,SUP-034,EMP272,TL-085,A,Tool_85,Nut Runner,Plant-A,2026-01-29,2026-04-29,Out of Service,98.68,Stanley,SN100084
M11423,MA1AB100000004423,WO14423,Hatch Z,TRIM-1, stn-05 ,2026-03-05 02:08,ENG-1027,SUP-032,EMP382,TL-009,C,Tool_9,Press Tool,Plant-C,2026-05-31,2026-08-29,Active,98.89,Bosch,SN100008
M11424,MA1AB100000004424,WO14424,Hatch Z,GA-1,STN-02,2026-03-05 02:10,ENG-1203,SUP-140,EMP172,TL-075,,Tool_75,Press Tool,Plant-C,2026-04-22,2026-07-21,Active,99.86,Ingersoll Rand,SN100074
M11425,MA1AB100000004425,WO14425,SUV Pro,GA-1,STN-04,2026-03-05 02:11,ENG-1141,SUP-045,EMP160,TL-043,B,Tool_43,Torque Wrench,Plant-B,2026-04-28,2026-07-27,Active,96.51,Ingersoll Rand,SN100042
M11426,MA1AB100000004426,WO14426,Sedan X,GA-2, stn-05 ,2026-03-05 02:12,ENG-1461,SUP-102,EMP170,TL-100,C,Tool_100,Welding Gun,Plant-A,2026-04-25,2026-07-24,Maintenance,97.13,Ingersoll Rand,SN100099
M11427,MA1AB100000004427,WO14427,Sedan X,TRIM-1,Stn-03,2026-03-05 02:13,ENG-1001,SUP-036,EMP189,TL-015,,Tool_15,Robot Arm,Plant-C,2026-05-26,2026-08-24,Out of Service,97.88,Atlas Copco,SN100014
M11428,MA1AB100000004428,WO14428,Hatch Z,GA-1,STN-05,2026-03-05 02:15,ENG-1362,SUP-131,EMP333,TL-047,C,Tool_47,Robot Arm,Plant-A,2026-04-17,2026-07-16,Active,99.69,Ingersoll Rand,SN100046
M11429,MA1AB100000004429,WO14429,Hatch Z,GA-1,STN-02,2026-03-05 02:16,ENG-1442,SUP-155,EMP218,TL-026,C,Tool_26,Robot Arm,Plant-A,2026-05-25,2026-08-23,Out of Service,99.11,Atlas Copco,SN100025
M11430,MA1AB100000004430,WO14430,Hatch Z,GA-2,Stn-03,2026-03-05 02:17,ENG-1257,SUP-077,EMP198,TL-088,A,Tool_88,Welding Gun,Plant-B,2026-04-25,2026-07-24,Active,95.24,Stanley,SN100087
M11431,MA1AB100000004431,WO14431,Sedan X,TRIM-1,STN-03,2026-03-05 02:70,ENG-1229,SUP-062,EMP267,TL-011,,Tool_11,Welding Gun,Plant-B,2026-01-03,2026-04-03,Out of Service,99.43,Atlas Copco,SN100010
M11432,MA1AB100000004432,WO14432,SUV Pro,PAINT-1,STN-03,2026-03-05 02:20,ENG-1193,SUP-147,EMP211,TL-099,C,Tool_99,Welding Gun,Plant-B,2026-05-20,2026-08-18,Active,97.05,Atlas Copco,SN100098
M11433,MA1AB100000004433,WO14433,Sedan X,GA-1,STN-02,2026-03-05 02:21,ENG-1376,SUP-021,EMP255,TL-007,A,Tool_7,Nut Runner,Plant-B,2026-06-11,2026-09-09,Out of Service,95.88,Stanley,SN100006
M11434,MA1AB100000004434,WO14434,Sedan X,GA-2,STN-02,2026-03-05 02:22,ENG-1044,SUP-147,EMP269,TL-048,,Tool_48,Nut Runner,Plant-B,2026-04-17,2026-07-16,Active,96.56,Stanley,SN100047
M11435,MA1AB100000004435,WO14435,Hatch Z,GA-1,STN-02,2026-03-05 02:23,ENG-1173,SUP-195,EMP332,TL-013,,Tool_13,Nut Runner,Plant-B,2026-04-05,2026-07-04,Active,99.14,Bosch,SN100012
M11436,MA1AB100000004436,WO14436,SUV Pro,GA-1,Stn-03,2026-03-05 02:25,ENG-1248,SUP-180,EMP113,TL-025,A,Tool_25,Nut Runner,Plant-C,2026-02-19,2026-05-20,Out of Service,98.88,Atlas Copco,SN100024
M11437,MA1AB100000004437,WO14437,SUV Pro,TRIM-1,STN-05,2026-03-05 02:26,ENG-1231,SUP-015,EMP393,TL-039,A,Tool_39,Nut Runner,Plant-C,2026-02-15,2026-05-16,Maintenance,97.07,Ingersoll Rand,SN100038
M11438,MA1AB100000004438,WO14438,Sedan X,PAINT-1, stn-05 ,2026-03-05 02:27,ENG-1195,SUP-002,EMP268,TL-012,,Tool_12,Press Tool,Plant-B,2026-05-30,2026-08-28,Out of Service,98.02,Bosch,SN100011
M11439,MA1AB100000004439,WO14439,SUV Pro,GA-2,Stn-03,2026-03-05 02:28,ENG-1324,SUP-162,EMP384,TL-076,C,Tool_76,Welding Gun,Plant-C,2026-02-22,2026-05-23,Maintenance,98.13,Ingersoll Rand,SN100075
M11440,MA1AB100000004440,WO14440,Sedan X,GA-2,STN-04,2026-03-05 02:30,ENG-1197,,EMP386,TL-034,A,Tool_34,Torque Wrench,Plant-A,2026-06-25,2026-09-23,Out of Service,99.85,Stanley,SN100033
M11441,MA1AB100000004441,WO14441,Hatch Z,TRIM-1,Stn-03,2026-03-05 02:31,ENG-1426,SUP-104,EMP334,TL-060,,Tool_60,Welding Gun,Plant-B,2026-02-09,2026-05-10,Active,95.55,Atlas Copco,SN100059
M11442,MA1AB100000004442,WO14442,Sedan X,GA-1,STN-04,2026-03-05 02:32,ENG-1143,SUP-058,EMP258,TL-042,,Tool_42,Welding Gun,Plant-C,2026-03-03,2026-06-01,Out of Service,97.14,Ingersoll Rand,SN100041
M11443,MA1AB100000004443,WO14443,Hatch Z,GA-2,Stn-03,2026-03-05 02:33,ENG-1040,SUP-164,EMP341,TL-098,B,Tool_98,Press Tool,Plant-A,2026-06-01,2026-08-30,Active,98.11,Stanley,SN100097
M11444,MA1AB100000004444,WO14444,Sedan X,GA-2,STN-02,2026-03-05 02:35,ENG-1090,SUP-068,EMP397,TL-054,,Tool_54,Press Tool,Plant-C,2026-01-18,2026-04-18,Active,99.35,Ingersoll Rand,SN100053
M11445,MA1AB100000004445,WO14445,SUV Pro,TRIM-1,STN-03,2026-03-05 02:36,ENG-1444,SUP-088,EMP159,TL-100,A,Tool_100,Welding Gun,Plant-A,2026-04-25,2026-07-24,Maintenance,97.13,Ingersoll Rand,SN100099
M11446,MA1AB100000004446,WO14446,SUV Pro,PAINT-1,STN-05,2026-03-05 02:37,ENG-1439,SUP-012,EMP255,TL-090,,Tool_90,Nut Runner,Plant-C,2026-05-12,2026-08-10,Out of Service,97.28,Stanley,SN100089
M11447,MA1AB100000004447,WO14447,Hatch Z,GA-2,Stn-03,2026-03-05 02:38,ENG-1059,SUP-139,EMP147,TL-045,,Tool_45,Welding Gun,Plant-C,2026-03-10,2026-06-08,Active,98.94,Stanley,SN100044
M11448,MA1AB100000004448,WO14448,Sedan X,PAINT-1,Stn-03,2026-03-05 02:40,ENG-1148,SUP-042,EMP347,TL-007,,Tool_7,Nut Runner,Plant-B,2026-06-11,2026-09-09,Out of Service,95.88,Stanley,SN100006
M11449,MA1AB100000004449,WO14449,Hatch Z,PAINT-1,Stn-03,2026-03-05 02:41,ENG-1296,SUP-184,EMP253,TL-062,,Tool_62,Robot Arm,Plant-A,2026-04-28,2026-07-27,Out of Service,95.44,Bosch,SN100061
M11450,MA1AB100000004450,WO14450,Sedan X,GA-1,STN-01,2026-03-05 02:42,ENG-1026,SUP-124,EMP394,TL-061,,Tool_61,Nut Runner,Plant-C,2026-06-29,2026-09-27,Active,99.71,Ingersoll Rand,SN100060
M11451,MA1AB100000004451,WO14451,SUV Pro,TRIM-1,STN-03,2026-03-05 02:43,ENG-1148,SUP-173,EMP279,TL-054,C,Tool_54,Press Tool,Plant-C,2026-01-18,2026-04-18,Active,99.35,Ingersoll Rand,SN100053
M11452,MA1AB100000004452,WO14452,SUV Pro,GA-2,STN-05,2026-03-05 02:45,ENG-1289,SUP-117,EMP177,TL-022,,Tool_22,Press Tool,Plant-C,2026-03-22,2026-06-20,Out of Service,95.43,Bosch,SN100021
M11453,MA1AB100000004453,WO14453,Hatch Z,GA-2,STN-03,2026-03-05 02:46,ENG-1259,SUP-087,EMP237,TL-088,A,Tool_88,Welding Gun,Plant-B,2026-04-25,2026-07-24,Active,95.24,Stanley,SN100087
M11454,MA1AB100000004454,WO14454,Sedan X,GA-1,STN-05,2026-03-05 02:47,ENG-1259,SUP-067,EMP294,TL-068,C,Tool_68,Press Tool,Plant-A,2026-04-15,2026-07-14,Active,97.42,Bosch,SN100067
M11455,MA1AB100000004455,WO14455,Hatch Z,TRIM-1,STN-01,2026-03-05 02:48,ENG-1431,SUP-112,EMP294,TL-093,B,Tool_93,Nut Runner,Plant-A,2026-03-03,2026-06-01,Out of Service,98.43,Ingersoll Rand,SN100092
M11456,MA1AB100000004456,WO14456,Hatch Z,TRIM-1,STN-01,2026-03-05 02:50,ENG-1111,SUP-133,EMP167,TL-053,,Tool_53,Nut Runner,Plant-A,2026-02-27,2026-05-28,Out of Service,96.41,Stanley,SN100052
M11457,MA1AB100000004457,WO14457,Sedan X,TRIM-1,STN-04,2026-03-05 02:51,ENG-1455,SUP-117,EMP324,TL-077,C,Tool_77,Welding Gun,Plant-C,2026-04-12,2026-07-11,Active,98.71,Stanley,SN100076
M11458,MA1AB100000004458,WO14458,SUV Pro,GA-1,Stn-03,2026-03-05 02:52,ENG-1334,SUP-053,EMP391,TL-073,,Tool_73,Welding Gun,Plant-C,2026-03-17,2026-06-15,Active,96.96,Ingersoll Rand,SN100072
M11459,MA1AB100000004459,WO14459,Sedan X,TRIM-1,STN-02,2026-03-05 02:53,ENG-1254,SUP-120,EMP194,TL-096,,Tool_96,Nut Runner,Plant-A,2026-04-26,2026-07-25,Active,95.35,Stanley,SN100095
M11460,MA1AB100000004460,WO14460,Sedan X,GA-1,STN-01,2026-03-05 02:55,ENG-1484,SUP-113,EMP222,TL-046,A,Tool_46,Torque Wrench,Plant-C,2026-01-19,2026-04-19,Active,95.51,Ingersoll Rand,SN100045
M11461,MA1AB100000004461,WO14461,Sedan X,TRIM-1,STN-02,2026-03-05 02:56,ENG-1095,SUP-170,EMP116,TL-053,B,Tool_53,Nut Runner,Plant-A,2026-02-27,2026-05-28,Out of Service,96.41,Stanley,SN100052
M11462,MA1AB100000004462,WO14462,SUV Pro,GA-2,STN-02,2026-03-05 02:57,ENG-1118,SUP-050,EMP223,TL-007,B,Tool_7,Nut Runner,Plant-B,2026-06-11,2026-09-09,Out of Service,95.88,Stanley,SN100006
M11463,MA1AB100000004463,WO14463,Sedan X,GA-2,STN-03,2026-03-05 02:58,ENG-1143,SUP-098,EMP111,TL-999,,Unknown Tool,Unknown Type,,,,,,,
M11464,MA1AB100000004464,WO14464,Hatch Z,GA-1,Stn-03,2026-03-05 03:00,ENG-1434,SUP-097,EMP389,TL-034,B,Tool_34,Torque Wrench,Plant-A,2026-06-25,2026-09-23,Out of Service,99.85,Stanley,SN100033
M11465,MA1AB100000004465,WO14465,Hatch Z,GA-1,STN-04,2026-03-05 03:01,ENG-1313,SUP-089,EMP166,TL-025,C,Tool_25,Nut Runner,Plant-C,2026-02-19,2026-05-20,Out of Service,98.88,Atlas Copco,SN100024
M11466,MA1AB100000004466,WO14466,SUV Pro,TRIM-1,STN-03,2026-03-05 03:02,ENG-1398,SUP-036,EMP256,TL-012,B,Tool_12,Press Tool,Plant-B,2026-05-30,2026-08-28,Out of Service,98.02,Bosch,SN100011
M11467,MA1AB100000004467,WO14467,Hatch Z,PAINT-1,STN-02,2026-03-05 03:03,ENG-1246,SUP-184,EMP124,TL-005,,Tool_5,Torque Wrench,Plant-C,2026-02-02,2026-05-03,Maintenance,99.68,Ingersoll Rand,SN100004
M11468,MA1AB100000004468,WO14468,SUV Pro,PAINT-1,STN-05,2026-03-05 03:05,ENG-1453,SUP-143,EMP272,TL-037,,Tool_37,Torque Wrench,Plant-A,2026-02-12,2026-05-13,Maintenance,95.39,Bosch,SN100036
M11469,MA1AB100000004469,WO14469,SUV Pro,GA-2,STN-01,2026-03-05 03:06,ENG-1059,SUP-149,EMP366,TL-999,A,Unknown Tool,Unknown Type,,,,,,,
M11470,MA1AB100000004470,WO14470,SUV Pro,GA-2,STN-03,2026-03-05 03:07,ENG-1179,SUP-080,EMP173,TL-068,A,Tool_68,Press Tool,Plant-A,2026-04-15,2026-07-14,Active,97.42,Bosch,SN100067
M11471,MA1AB100000004471,WO14471,SUV Pro,GA-2,STN-04,2026-03-05 03:08,ENG-1210,SUP-195,EMP254,TL-017,C,Tool_17,Torque Wrench,Plant-C,2026-01-08,2026-04-08,Maintenance,96.84,Atlas Copco,SN100016
M11472,MA1AB100000004472,WO14472,SUV Pro,GA-1,STN-04,2026-03-05 03:10,ENG-1285,SUP-109,EMP381,TL-068,,Tool_68,Press Tool,Plant-A,2026-04-15,2026-07-14,Active,97.42,Bosch,SN100067
M11473,MA1AB100000004473,WO14473,Hatch Z,TRIM-1,STN-01,2026-03-05 03:11,ENG-1347,SUP-047,EMP121,TL-030,B,Tool_30,Nut Runner,Plant-A,2026-02-18,2026-05-19,Out of Service,97.07,Ingersoll Rand,SN100029
M11474,MA1AB100000004474,WO14474,Sedan X,GA-1,STN-02,2026-03-05 03:12,ENG-1454,SUP-020,EMP346,TL-005,A,Tool_5,Torque Wrench,Plant-C,2026-02-02,2026-05-03,Maintenance,99.68,Ingersoll Rand,SN100004
M11475,MA1AB100000004475,WO14475,Hatch Z,PAINT-1,STN-05,2026-03-05 03:13,ENG-1205,SUP-107,EMP206,TL-076,B,Tool_76,Welding Gun,Plant-C,2026-02-22,2026-05-23,Maintenance,98.13,Ingersoll Rand,SN100075
M11476,MA1AB100000004476,WO14476,Hatch Z,TRIM-1,STN-05,2026-03-05 03:15,ENG-1268,SUP-199,EMP347,TL-021,,Tool_21,Press Tool,Plant-C,2026-01-09,2026-04-09,Out of Service,95.18,Atlas Copco,SN100020
M11477,MA1AB100000004477,WO14477,Sedan X,GA-1,STN-03,2026-03-05 03:16,ENG-1410,SUP-041,EMP258,TL-073,C,Tool_73,Welding Gun,Plant-C,2026-03-17,2026-06-15,Active,96.96,Ingersoll Rand,SN100072
M11478,MA1AB100000004478,WO14478,SUV Pro,GA-2,STN-05,2026-03-05 03:17,ENG-1418,SUP-029,EMP342,TL-086,,Tool_86,Press Tool,Plant-B,2026-03-20,2026-06-18,Active,96.21,Bosch,SN100085
M11479,MA1AB100000004479,WO14479,SUV Pro,PAINT-1,STN-01,2026-03-05 03:18,ENG-1218,SUP-003,EMP220,TL-025,B,Tool_25,Nut Runner,Plant-C,2026-02-19,2026-05-20,Out of Service,98.88,Atlas Copco,SN100024
M11480,MA1AB100000004480,WO14480,Hatch Z,GA-1,STN-04,2026-03-05 03:20,ENG-1002,SUP-005,EMP265,TL-011,A,Tool_11,Welding Gun,Plant-B,2026-01-03,2026-04-03,Out of Service,99.43,Atlas Copco,SN100010
M11481,MA1AB100000004481,WO14481,Sedan X,TRIM-1,STN-03,2026-03-05 03:21,ENG-1173,SUP-176,EMP140,TL-020,A,Tool_20,Robot Arm,Plant-C,2026-06-24,2026-09-22,Active,99.27,Ingersoll Rand,SN100019
M11482,MA1AB100000004482,WO14482,Sedan X,GA-2, stn-05 ,2026-03-05 03:22,ENG-1360,SUP-168,EMP101,TL-011,,Tool_11,Welding Gun,Plant-B,2026-01-03,2026-04-03,Out of Service,99.43,Atlas Copco,SN100010
M11483,MA1AB100000004483,WO14483,SUV Pro,PAINT-1,STN-03,2026-03-05 03:23,ENG-1484,SUP-070,EMP134,TL-051,C,Tool_51,Nut Runner,Plant-C,2026-04-06,2026-07-05,Active,97.28,Bosch,SN100050
M11484,MA1AB100000004484,WO14484,Hatch Z,TRIM-1,STN-05,2026-03-05 03:25,ENG-1070,SUP-169,EMP134,TL-008,C,Tool_8,Welding Gun,Plant-A,2026-06-05,2026-09-03,Maintenance,95.49,Ingersoll Rand,SN100007
M11485,MA1AB100000004485,WO14485,SUV Pro,TRIM-1,STN-02,2026-03-05 03:26,ENG-1447,SUP-120,EMP263,TL-084,A,Tool_84,Torque Wrench,Plant-C,2026-02-03,2026-05-04,Out of Service,97.78,Ingersoll Rand,SN100083
M11486,MA1AB100000004486,WO14486,Sedan X,PAINT-1,STN-02,2026-03-05 03:27,ENG-1207,SUP-175,EMP392,TL-058,C,Tool_58,Robot Arm,Plant-C,2026-04-28,2026-07-27,Active,96.6,Stanley,SN100057
M11487,MA1AB100000004487,WO14487,SUV Pro,GA-2,Stn-03,2026-03-05 03:28,ENG-1026,SUP-059,EMP303,TL-008,,Tool_8,Welding Gun,Plant-A,2026-06-05,2026-09-03,Maintenance,95.49,Ingersoll Rand,SN100007
M11488,MA1AB100000004488,WO14488,Hatch Z,PAINT-1,STN-03,2026-03-05 03:30,ENG-1376,SUP-139,EMP196,TL-026,A,Tool_26,Robot Arm,Plant-A,2026-05-25,2026-08-23,Out of Service,99.11,Atlas Copco,SN100025
M11489,MA1AB100000004489,WO14489,Hatch Z,PAINT-1,STN-05,2026-03-05 03:31,ENG-1487,SUP-127,EMP172,TL-031,B,Tool_31,Nut Runner,Plant-A,2026-01-31,2026-05-01,Active,97.01,Atlas Copco,SN100030
M11490,MA1AB100000004490,WO14490,SUV Pro,GA-1,STN-04,2026-03-05 03:32,ENG-1025,SUP-023,EMP232,TL-043,,Tool_43,Torque Wrench,Plant-B,2026-04-28,2026-07-27,Active,96.51,Ingersoll Rand,SN100042
M11491,MA1AB100000004491,WO14491,Hatch Z,GA-2,STN-02,2026-03-05 03:33,ENG-1068,SUP-103,EMP348,TL-010,C,Tool_10,Welding Gun,Plant-B,2026-02-07,2026-05-08,Maintenance,98.91,Atlas Copco,SN100009
M11492,MA1AB100000004492,WO14492,Hatch Z,PAINT-1,STN-05,2026-03-05 03:35,ENG-1360,SUP-026,EMP335,TL-001,A,Tool_1,Welding Gun,Plant-A,2026-05-21,2026-08-19,Maintenance,98.97,Bosch,SN100000
M11493,MA1AB100000004493,WO14493,SUV Pro,GA-1, stn-05 ,2026-03-05 03:36,ENG-1054,SUP-145,EMP321,TL-064,,Tool_64,Press Tool,Plant-A,2026-02-03,2026-05-04,Active,98.09,Atlas Copco,SN100063
M11494,MA1AB100000004494,WO14494,Hatch Z,GA-2,STN-01,2026-03-05 03:37,ENG-1316,SUP-034,EMP279,TL-010,B,Tool_10,Welding Gun,Plant-B,2026-02-07,2026-05-08,Maintenance,98.91,Atlas Copco,SN100009
M11495,MA1AB100000004495,WO14495,Sedan X,GA-1,Stn-03,2026-03-05 03:38, eng-1001 ,SUP-144,EMP179,TL-071,C,Tool_71,Welding Gun,Plant-B,2026-04-11,2026-07-10,Active,98.12,Atlas Copco,SN100070
M11496,MA1AB100000004496,WO14496,Sedan X,GA-2,STN-02,2026-03-05 03:40,ENG-1360,SUP-039,EMP389,TL-058,A,Tool_58,Robot Arm,Plant-C,2026-04-28,2026-07-27,Active,96.6,Stanley,SN100057
M11497,MA1AB100000004497,WO14497,SUV Pro,GA-2,Stn-03,2026-03-05 03:41,ENG-1244,SUP-150,EMP274,TL-065,B,Tool_65,Torque Wrench,Plant-C,2026-01-31,2026-05-01,Maintenance,97.24,Bosch,SN100064
M11498,MA1AB100000004498,WO14498,Hatch Z,GA-1,STN-03,2026/03/05 03:42,ENG-1274,SUP-162,EMP290,TL-042,A,Tool_42,Welding Gun,Plant-C,2026-03-03,2026-06-01,Out of Service,97.14,Ingersoll Rand,SN100041
M11499,MA1AB100000004499,WO14499,Sedan X,TRIM-1,Stn-03,2026-03-05 03:43,ENG-1108,SUP-155,EMP327,TL-011,C,Tool_11,Welding Gun,Plant-B,2026-01-03,2026-04-03,Out of Service,99.43,Atlas Copco,SN100010
M11500,MA1AB100000004500,WO14500,Hatch Z,GA-2,STN-01,2026-03-05 03:45,ENG-1462,SUP-120,EMP271,TL-059,C,Tool_59,Robot Arm,Plant-B,2026-04-15,2026-07-14,Active,95.72,Stanley,SN100058
M11501,MA1AB100000004501,WO14501,Hatch Z,GA-1,Stn-03,2026-03-05 03:46,ENG-1493,SUP-080,EMP193,TL-039,,Tool_39,Nut Runner,Plant-C,2026-02-15,2026-05-16,Maintenance,97.07,Ingersoll Rand,SN100038
M11502,MA1AB100000004502,WO14502,Sedan X,TRIM-1,STN-02,2026-03-05 03:47,ENG-1197,SUP-034,EMP277,TL-077,A,Tool_77,Welding Gun,Plant-C,2026-04-12,2026-07-11,Active,98.71,Stanley,SN100076
M11503,MA1AB100000004503,WO14503,Hatch Z,GA-2, stn-05 ,2026-03-05 03:48,ENG-1035,SUP-046,EMP253,TL-084,,Tool_84,Torque Wrench,Plant-C,2026-02-03,2026-05-04,Out of Service,97.78,Ingersoll Rand,SN100083
M11504,MA1AB100000004504,WO14504,Hatch Z,TRIM-1,STN-02,2026-03-05 03:50,ENG-1388,SUP-166,EMP322,TL-091,,Tool_91,Nut Runner,Plant-B,2026-03-20,2026-06-18,Active,95.45,Atlas Copco,SN100090
M11505,MA1AB100000004505,WO14505,SUV Pro,GA-2,Stn-03,2026-03-05 03:51,ENG-1132,SUP-077,EMP197,TL-082,C,Tool_82,Nut Runner,Plant-B,2026-03-18,2026-06-16,Active,95.75,Atlas Copco,SN100081
M11506,MA1AB100000004506,WO14506,Sedan X,PAINT-1,Stn-03,2026-03-05 03:52,ENG-1155,SUP-160,EMP336,TL-067,,Tool_67,Torque Wrench,Plant-A,2026-02-10,2026-05-11,Active,95.24,Bosch,SN100066
M11507,MA1AB100000004507,WO14507,Sedan X,TRIM-1,STN-03,2026-03-05 03:53,ENG-1243,SUP-029,EMP272,TL-052,C,Tool_52,Torque Wrench,Plant-A,2026-04-12,2026-07-11,Out of Service,99.68,Ingersoll Rand,SN100051
M11508,MA1AB100000004508,WO14508,Sedan X,GA-1,Stn-03,2026-03-05 03:55,ENG-1080,SUP-158,EMP392,TL-007,B,Tool_7,Nut Runner,Plant-B,2026-06-11,2026-09-09,Out of Service,95.88,Stanley,SN100006
M11509,MA1AB100000004509,WO14509,SUV Pro,GA-1, stn-05 ,2026-03-05 03:56,ENG-1151,SUP-033,EMP250,TL-061,,Tool_61,Nut Runner,Plant-C,2026-06-29,2026-09-27,Active,99.71,Ingersoll Rand,SN100060
M11510,MA1AB100000004510,WO14510,Sedan X,GA-1, stn-05 ,2026-03-05 03:57,ENG-1025,SUP-146,EMP246,TL-002,A,Tool_2,Nut Runner,Plant-A,2026-04-22,2026-07-21,Active,97.47,Bosch,SN100001
M11511,MA1AB100000004511,WO14511,SUV Pro,PAINT-1,STN-04,2026-03-05 03:58,ENG-1116,SUP-123,EMP312,TL-017,C,Tool_17,Torque Wrench,Plant-C,2026-01-08,2026-04-08,Maintenance,96.84,Atlas Copco,SN100016
M11512,MA1AB100000004512,WO14512,Sedan X,TRIM-1,STN-04,2026-03-05 04:00,ENG-1355,SUP-200,EMP170,TL-017,C,Tool_17,Torque Wrench,Plant-C,2026-01-08,2026-04-08,Maintenance,96.84,Atlas Copco,SN100016
M11513,MA1AB100000004513,WO14513,SUV Pro,GA-2,STN-01,2026-03-05 04:01,ENG-1113,SUP-106,EMP218,TL-007,A,Tool_7,Nut Runner,Plant-B,2026-06-11,2026-09-09,Out of Service,95.88,Stanley,SN100006
M11514,MA1AB100000004514,WO14514,Hatch Z,PAINT-1,Stn-03,2026-03-05 04:02,ENG-1322,SUP-016,EMP151,TL-087,C,Tool_87,Robot Arm,Plant-B,2026-02-09,2026-05-10,Maintenance,99.98,Stanley,SN100086
M11515,MA1AB100000004515,WO14515,Sedan X,TRIM-1,STN-02,2026-03-05 04:03,ENG-1055,SUP-182,EMP158,TL-097,,Tool_97,Nut Runner,Plant-A,2026-04-22,2026-07-21,Active,99.35,Ingersoll Rand,SN100096
M11516,MA1AB100000004516,WO14516,Sedan X,GA-2,STN-04,2026-03-05 04:05,ENG-1159,SUP-017,EMP232,TL-063,C,Tool_63,Welding Gun,Plant-B,2026-03-03,2026-06-01,Active,99.78,Ingersoll Rand,SN100062
M11517,MA1AB100000004517,WO14517,SUV Pro,GA-1,STN-01,2026-03-05 04:06,ENG-1324,SUP-017,EMP367,TL-035,B,Tool_35,Torque Wrench,Plant-A,2026-04-06,2026-07-05,Active,95.1,Atlas Copco,SN100034
M11518,MA1AB100000004518,WO14518,Hatch Z,GA-2,STN-02,2026-03-05 04:07,ENG-1168,SUP-157,EMP370,TL-095,C,Tool_95,Nut Runner,Plant-A,2026-06-25,2026-09-23,Active,99.37,Bosch,SN100094
M11519,MA1AB100000004519,WO14519,SUV Pro,PAINT-1,STN-02,2026-03-05 04:08,ENG-1080,SUP-148,EMP375,TL-082,B,Tool_82,Nut Runner,Plant-B,2026-03-18,2026-06-16,Active,95.75,Atlas Copco,SN100081
M11520,MA1AB100000004520,WO14520,Hatch Z,PAINT-1,STN-05,2026-03-05 04:10,ENG-1213,SUP-176,EMP312,TL-089,,Tool_89,Welding Gun,Plant-B,2026-06-20,2026-09-18,Out of Service,97.46,Stanley,SN100088
M11521,MA1AB100000004521,WO14521,SUV Pro,GA-1,STN-03,2026-03-05 04:11,ENG-1127,SUP-153,EMP110,TL-022,B,Tool_22,Press Tool,Plant-C,2026-03-22,2026-06-20,Out of Service,95.43,Bosch,SN100021
M11522,MA1AB100000004522,WO14522,SUV Pro,GA-2, stn-05 ,2026-03-05 04:12,ENG-1154,SUP-120,EMP220,TL-052,C,Tool_52,Torque Wrench,Plant-A,2026-04-12,2026-07-11,Out of Service,99.68,Ingersoll Rand,SN100051
M11523,MA1AB100000004523,WO14523,Sedan X,GA-1, stn-05 ,2026-03-05 04:13,ENG-1103,SUP-037,EMP388,TL-003,A,Tool_3,Robot Arm,Plant-C,2026-02-25,2026-05-26,Active,97.36,Atlas Copco,SN100002
M11524,MA1AB100000004524,WO14524,Hatch Z,GA-1,STN-04,2026-03-05 04:15,ENG-1153,SUP-117,EMP308,TL-009,C,Tool_9,Press Tool,Plant-C,2026-05-31,2026-08-29,Active,98.89,Bosch,SN100008
M11525,MA1AB100000004525,WO14525,SUV Pro,GA-2,STN-04,2026-03-05 04:16,ENG-1257,SUP-126,EMP227,TL-095,C,Tool_95,Nut Runner,Plant-A,2026-06-25,2026-09-23,Active,99.37,Bosch,SN100094
M11526,MA1AB100000004526,WO14526,SUV Pro,PAINT-1, stn-05 ,2026-03-05 04:17,ENG-1480,SUP-014,EMP245,TL-023,B,Tool_23,Welding Gun,Plant-A,2026-04-29,2026-07-28,Active,95.35,Bosch,SN100022
M11527,MA1AB100000004527,WO14527,Sedan X,TRIM-1,STN-05,2026-03-05 04:18,ENG-1252,SUP-154,EMP173,TL-093,A,Tool_93,Nut Runner,Plant-A,2026-03-03,2026-06-01,Out of Service,98.43,Ingersoll Rand,SN100092
M11528,MA1AB100000004528,WO14528,Hatch Z,TRIM-1,STN-04,2026-03-05 04:20,ENG-1486,SUP-094,EMP237,TL-074,B,Tool_74,Robot Arm,Plant-B,2026-01-04,2026-04-04,Active,97.63,Stanley,SN100073
M11529,MA1AB100000004529,WO14529,Hatch Z,GA-2,STN-03,2026-03-05 04:21,ENG-1489,SUP-060,EMP394,TL-052,A,Tool_52,Torque Wrench,Plant-A,2026-04-12,2026-07-11,Out of Service,99.68,Ingersoll Rand,SN100051
M11530,MA1AB100000004530,WO14530,SUV Pro,PAINT-1,Stn-03,2026-03-05 04:22,ENG-1108,SUP-190,EMP193,TL-089,C,Tool_89,Welding Gun,Plant-B,2026-06-20,2026-09-18,Out of Service,97.46,Stanley,SN100088
M11531,MA1AB100000004531,WO14531,Sedan X,TRIM-1,STN-05,2026-03-05 04:23,ENG-1355,SUP-057,EMP271,TL-059,B,Tool_59,Robot Arm,Plant-B,2026-04-15,2026-07-14,Active,95.72,Stanley,SN100058
M11532,MA1AB100000004532,WO14532,Sedan X,GA-1,STN-02,2026-03-05 04:25,ENG-1126,SUP-006,EMP346,TL-030,C,Tool_30,Nut Runner,Plant-A,2026-02-18,2026-05-19,Out of Service,97.07,Ingersoll Rand,SN100029
M11533,MA1AB100000004533,WO14533,SUV Pro,GA-2, stn-05 ,2026-03-05 04:26,ENG-1459,SUP-174,EMP206,TL-007,B,Tool_7,Nut Runner,Plant-B,2026-06-11,2026-09-09,Out of Service,95.88,Stanley,SN100006
M11534,MA1AB100000004534,WO14534,Sedan X,TRIM-1,STN-03,2026-03-05 04:27,ENG-1051,SUP-046,EMP178,TL-038,,Tool_38,Welding Gun,Plant-B,2026-04-18,2026-07-17,Active,97.87,Ingersoll Rand,SN100037
M11535,MA1AB100000004535,WO14535,SUV Pro,GA-1, stn-05 ,2026-03-05 04:28,ENG-1291,SUP-138,EMP291,TL-025,,Tool_25,Nut Runner,Plant-C,2026-02-19,2026-05-20,Out of Service,98.88,Atlas Copco,SN100024
M11536,MA1AB100000004536,WO14536,Sedan X,GA-1,STN-02,2026-03-05 04:30,ENG-1117,SUP-089,EMP122,TL-042,A,Tool_42,Welding Gun,Plant-C,2026-03-03,2026-06-01,Out of Service,97.14,Ingersoll Rand,SN100041
M11537,MA1AB100000004537,WO14537,SUV Pro,GA-1,STN-02,2026-03-05 04:31,ENG-1127,SUP-034,EMP267,TL-013,A,Tool_13,Nut Runner,Plant-B,2026-04-05,2026-07-04,Active,99.14,Bosch,SN100012
M11538,MA1AB100000004538,WO14538,SUV Pro,GA-1,STN-03,2026-03-05 04:32,ENG-1484,SUP-092,EMP266,TL-069,,Tool_69,Torque Wrench,Plant-B,2026-01-29,2026-04-29,Active,98.16,Bosch,SN100068
M11539,MA1AB100000004539,WO14539,Sedan X,PAINT-1, stn-05 ,2026-03-05 04:33,ENG-1357,SUP-014,EMP239,TL-020,B,Tool_20,Robot Arm,Plant-C,2026-06-24,2026-09-22,Active,99.27,Ingersoll Rand,SN100019
M11540,MA1AB100000004540,WO14540,Hatch Z,PAINT-1,STN-03,2026-03-05 04:35,ENG-1201,SUP-079,EMP136,TL-011,B,Tool_11,Welding Gun,Plant-B,2026-01-03,2026-04-03,Out of Service,99.43,Atlas Copco,SN100010
M11541,MA1AB100000004541,WO14541,SUV Pro,PAINT-1,Stn-03,2026-03-05 04:36,ENG-1044,SUP-034,EMP264,TL-030,A,Tool_30,Nut Runner,Plant-A,2026-02-18,2026-05-19,Out of Service,97.07,Ingersoll Rand,SN100029
M11542,MA1AB100000004542,WO14542,SUV Pro,GA-1,STN-05,2026-03-05 04:37,ENG-1046,SUP-064,EMP276,TL-003,C,Tool_3,Robot Arm,Plant-C,2026-02-25,2026-05-26,Active,97.36,Atlas Copco,SN100002
M11543,MA1AB100000004543,WO14543,Hatch Z,GA-2, stn-05 ,2026-03-05 04:38,ENG-1352,SUP-080,EMP230,TL-098,A,Tool_98,Press Tool,Plant-A,2026-06-01,2026-08-30,Active,98.11,Stanley,SN100097
M11544,MA1AB100000004544,WO14544,Hatch Z,TRIM-1,STN-01,2026-03-05 04:40,ENG-1170,SUP-178,EMP354,TL-097,C,Tool_97,Nut Runner,Plant-A,2026-04-22,2026-07-21,Active,99.35,Ingersoll Rand,SN100096
M11545,MA1AB100000004545,WO14545,SUV Pro,TRIM-1,STN-01,2026-03-05 04:41,ENG-1457,SUP-101,EMP321,TL-030,B,Tool_30,Nut Runner,Plant-A,2026-02-18,2026-05-19,Out of Service,97.07,Ingersoll Rand,SN100029
M11546,MA1AB100000004546,WO14546,Hatch Z,GA-2,STN-03,2026-03-05 04:42,ENG-1209,SUP-063,EMP108,TL-999,,Unknown Tool,Unknown Type,,,,,,,
M11547,MA1AB100000004547,WO14547,Sedan X,TRIM-1,STN-02,2026-03-05 04:43,ENG-1432,SUP-020,EMP374,TL-085,C,Tool_85,Nut Runner,Plant-A,2026-01-29,2026-04-29,Out of Service,98.68,Stanley,SN100084
M11548,MA1AB100000004548,WO14548,Hatch Z,TRIM-1,STN-02,2026-03-05 04:45,ENG-1161,SUP-034,EMP104,TL-100,A,Tool_100,Welding Gun,Plant-A,2026-04-25,2026-07-24,Maintenance,97.13,Ingersoll Rand,SN100099
M11549,MA1AB100000004549,WO14549,SUV Pro,TRIM-1,STN-01,2026-03-05 04:46,ENG-1160,SUP-011,EMP248,TL-020,A,Tool_20,Robot Arm,Plant-C,2026-06-24,2026-09-22,Active,99.27,Ingersoll Rand,SN100019
M11550,MA1AB100000004550,WO14550,SUV Pro,TRIM-1,STN-05,2026-03-05 04:47,ENG-1414,SUP-092,EMP315,TL-077,,Tool_77,Welding Gun,Plant-C,2026-04-12,2026-07-11,Active,98.71,Stanley,SN100076
M11551,MA1AB100000004551,WO14551,SUV Pro,GA-1,STN-03,2026-03-05 04:48,ENG-1097,SUP-176,EMP210,TL-089,,Tool_89,Welding Gun,Plant-B,2026-06-20,2026-09-18,Out of Service,97.46,Stanley,SN100088
M11552,MA1AB100000004552,WO14552,Sedan X,GA-1, stn-05 ,2026-03-05 04:50,ENG-1391,SUP-152,EMP119,TL-014,A,Tool_14,Nut Runner,Plant-A,2026-02-27,2026-05-28,Maintenance,99.68,Stanley,SN100013
M11553,MA1AB100000004553,WO14553,Sedan X,PAINT-1,Stn-03,2026-03-05 04:51,ENG-1386,SUP-107,EMP149,TL-007,B,Tool_7,Nut Runner,Plant-B,2026-06-11,2026-09-09,Out of Service,95.88,Stanley,SN100006
M11554,MA1AB100000004554,WO14554,Hatch Z,GA-2,STN-04,2026-03-05 04:52,ENG-1425,SUP-132,EMP368,TL-065,A,Tool_65,Torque Wrench,Plant-C,2026-01-31,2026-05-01,Maintenance,97.24,Bosch,SN100064
M11555,MA1AB100000004555,WO14555,Hatch Z,GA-2,STN-01,2026-03-05 04:53,ENG-1143,SUP-101,EMP158,TL-050,B,Tool_50,Welding Gun,Plant-C,2026-04-30,2026-07-29,Maintenance,98.51,Ingersoll Rand,SN100049
M11556,MA1AB100000004556,WO14556,Hatch Z,GA-1,STN-04,2026-03-05 04:55,ENG-1495,SUP-131,EMP342,TL-091,C,Tool_91,Nut Runner,Plant-B,2026-03-20,2026-06-18,Active,95.45,Atlas Copco,SN100090
M11557,MA1AB100000004557,WO14557,Sedan X,PAINT-1,STN-04,2026-03-05 04:56,ENG-1476,SUP-153,EMP123,TL-045,A,Tool_45,Welding Gun,Plant-C,2026-03-10,2026-06-08,Active,98.94,Stanley,SN100044
M11558,MA1AB100000004558,WO14558,Hatch Z,TRIM-1,STN-03,2026-03-05 04:57,ENG-1204,SUP-195,EMP385,TL-069,B,Tool_69,Torque Wrench,Plant-B,2026-01-29,2026-04-29,Active,98.16,Bosch,SN100068
M11559,MA1AB100000004559,WO14559,SUV Pro,TRIM-1,STN-02,2026-03-05 04:58,ENG-1268,SUP-009,EMP106,TL-062,B,Tool_62,Robot Arm,Plant-A,2026-04-28,2026-07-27,Out of Service,95.44,Bosch,SN100061
M11560,MA1AB100000004560,WO14560,Hatch Z,TRIM-1,STN-02,2026-03-05 05:00,ENG-1421,SUP-001,EMP383,TL-015,C,Tool_15,Robot Arm,Plant-C,2026-05-26,2026-08-24,Out of Service,97.88,Atlas Copco,SN100014
M11561,MA1AB100000004561,WO14561,SUV Pro,GA-2, stn-05 ,2026-03-05 05:01,ENG-1098,SUP-118,EMP207,TL-046,,Tool_46,Torque Wrench,Plant-C,2026-01-19,2026-04-19,Active,95.51,Ingersoll Rand,SN100045
M11562,MA1AB100000004562,WO14562,SUV Pro,GA-1,STN-04,2026-03-05 05:02,ENG-1264,SUP-058,EMP114,TL-069,B,Tool_69,Torque Wrench,Plant-B,2026-01-29,2026-04-29,Active,98.16,Bosch,SN100068
M11563,MA1AB100000004563,WO14563,Sedan X,TRIM-1,STN-05,2026-03-05 05:03,ENG-1227,SUP-134,EMP399,TL-081,C,Tool_81,Nut Runner,Plant-A,2026-06-21,2026-09-19,Maintenance,97.61,Atlas Copco,SN100080
M11564,MA1AB100000004564,WO14564,Sedan X,PAINT-1,STN-03,2026-03-05 05:05,ENG-1145,SUP-156,EMP380,TL-027,,Tool_27,Robot Arm,Plant-A,2026-03-13,2026-06-11,Active,95.63,Atlas Copco,SN100026
M11565,MA1AB100000004565,WO14565,SUV Pro,GA-1,STN-03,2026-03-05 05:06,ENG-1198,SUP-124,EMP234,TL-073,A,Tool_73,Welding Gun,Plant-C,2026-03-17,2026-06-15,Active,96.96,Ingersoll Rand,SN100072
M11566,MA1AB100000004566,WO14566,SUV Pro,TRIM-1,STN-05,2026-03-05 05:07,ENG-1263,SUP-186,EMP313,TL-058,C,Tool_58,Robot Arm,Plant-C,2026-04-28,2026-07-27,Active,96.6,Stanley,SN100057
M11567,MA1AB100000004567,WO14567,Sedan X,PAINT-1,Stn-03,2026-03-05 05:08,ENG-1251,SUP-026,EMP143,TL-055,C,Tool_55,Nut Runner,Plant-A,2026-01-22,2026-04-22,Out of Service,95.5,Atlas Copco,SN100054
M11568,MA1AB100000004568,WO14568,SUV Pro,TRIM-1,STN-01,2026-03-05 05:10,ENG-1179,SUP-172,EMP287,TL-052,B,Tool_52,Torque Wrench,Plant-A,2026-04-12,2026-07-11,Out of Service,99.68,Ingersoll Rand,SN100051
M11569,MA1AB100000004569,WO14569,SUV Pro,GA-2,Stn-03,2026-03-05 05:11,ENG-1045,SUP-129,EMP124,TL-081,,Tool_81,Nut Runner,Plant-A,2026-06-21,2026-09-19,Maintenance,97.61,Atlas Copco,SN100080
M11570,MA1AB100000004570,WO14570,Sedan X,GA-2,STN-01,2026-03-05 05:12,ENG-1368,SUP-009,EMP168,TL-045,C,Tool_45,Welding Gun,Plant-C,2026-03-10,2026-06-08,Active,98.94,Stanley,SN100044
M11571,MA1AB100000004571,WO14571,SUV Pro,PAINT-1,Stn-03,2026-03-05 05:13,ENG-1404,SUP-055,EMP222,TL-099,,Tool_99,Welding Gun,Plant-B,2026-05-20,2026-08-18,Active,97.05,Atlas Copco,SN100098
M11572,MA1AB100000004572,WO14572,Hatch Z,TRIM-1,STN-04,2026-03-05 05:15,ENG-1406,SUP-062,EMP109,TL-087,B,Tool_87,Robot Arm,Plant-B,2026-02-09,2026-05-10,Maintenance,99.98,Stanley,SN100086
M11573,MA1AB100000004573,WO14573,Sedan X,TRIM-1,STN-04,2026-03-05 05:16,ENG-1352,SUP-143,EMP346,TL-014,B,Tool_14,Nut Runner,Plant-A,2026-02-27,2026-05-28,Maintenance,99.68,Stanley,SN100013
M11574,MA1AB100000004574,WO14574,SUV Pro,GA-1,STN-03,2026-03-05 05:17,ENG-1144,SUP-141,EMP346,TL-087,B,Tool_87,Robot Arm,Plant-B,2026-02-09,2026-05-10,Maintenance,99.98,Stanley,SN100086
M11575,MA1AB100000004575,WO14575,Sedan X,GA-1,STN-02,2026-03-05 05:18,ENG-1134,SUP-171,EMP129,TL-018,C,Tool_18,Robot Arm,Plant-B,2026-06-15,2026-09-13,Out of Service,95.48,Stanley,SN100017
M11576,MA1AB100000004576,WO14576,SUV Pro,PAINT-1,STN-03,2026-03-05 05:20,ENG-1012,SUP-169,EMP129,TL-044,C,Tool_44,Press Tool,Plant-C,2026-01-16,2026-04-16,Maintenance,99.03,Bosch,SN100043
M11577,MA1AB100000004577,WO14577,Hatch Z,GA-1,STN-05,2026-03-05 05:21,ENG-1381,SUP-185,EMP118,TL-086,B,Tool_86,Press Tool,Plant-B,2026-03-20,2026-06-18,Active,96.21,Bosch,SN100085
M11578,MA1AB100000004578,WO14578,Hatch Z,TRIM-1,STN-04,2026-03-05 05:22,ENG-1323,SUP-118,EMP221,TL-067,,Tool_67,Torque Wrench,Plant-A,2026-02-10,2026-05-11,Active,95.24,Bosch,SN100066
M11579,MA1AB100000004579,WO14579,Sedan X,PAINT-1,STN-04,2026-03-05 05:23,ENG-1049,SUP-101,EMP209,TL-002,B,Tool_2,Nut Runner,Plant-A,2026-04-22,2026-07-21,Active,97.47,Bosch,SN100001
M11580,MA1AB100000004580,WO14580,SUV Pro,GA-2,STN-05,2026-03-05 05:25,ENG-1112,SUP-198,EMP130,TL-004,A,Tool_4,Press Tool,Plant-A,2026-01-19,2026-04-19,Active,97.49,Bosch,SN100003
M11581,MA1AB100000004581,WO14581,Hatch Z,GA-1,STN-03,2026-03-05 05:26,ENG-1114,SUP-081,EMP180,TL-079,C,Tool_79,Press Tool,Plant-C,2026-04-14,2026-07-13,Active,96.15,Ingersoll Rand,SN100078
M11582,MA1AB100000004582,WO14582,Hatch Z,GA-2,STN-01,2026-03-05 05:27,ENG-1251,SUP-178,EMP242,TL-014,,Tool_14,Nut Runner,Plant-A,2026-02-27,2026-05-28,Maintenance,99.68,Stanley,SN100013
M11583,MA1AB100000004583,WO14583,Hatch Z,TRIM-1,STN-03,2026-03-05 05:28,ENG-1138,SUP-106,EMP298,TL-020,,Tool_20,Robot Arm,Plant-C,2026-06-24,2026-09-22,Active,99.27,Ingersoll Rand,SN100019
M11584,MA1AB100000004584,WO14584,Hatch Z,GA-2,STN-03,2026-03-05 05:30,ENG-1051,SUP-134,EMP293,TL-021,B,Tool_21,Press Tool,Plant-C,2026-01-09,2026-04-09,Out of Service,95.18,Atlas Copco,SN100020
M11585,MA1AB100000004585,WO14585,SUV Pro,GA-2,STN-04,2026-03-05 05:31,ENG-1398,SUP-084,EMP306,TL-008,A,Tool_8,Welding Gun,Plant-A,2026-06-05,2026-09-03,Maintenance,95.49,Ingersoll Rand,SN100007
M11586,MA1AB100000004586,WO14586,Sedan X,GA-2,STN-02,2026-03-05 05:32,ENG-1019,SUP-034,EMP214,TL-037,A,Tool_37,Torque Wrench,Plant-A,2026-02-12,2026-05-13,Maintenance,95.39,Bosch,SN100036
M11587,MA1AB100000004587,WO14587,SUV Pro,TRIM-1, stn-05 ,2026-03-05 05:33,ENG-1239,SUP-116,EMP152,TL-024,C,Tool_24,Robot Arm,Plant-A,2026-02-23,2026-05-24,Active,96.19,Ingersoll Rand,SN100023
M11588,MA1AB100000004588,WO14588,Sedan X,PAINT-1,STN-05,2026-03-05 05:35,ENG-1288,SUP-189,EMP122,TL-034,A,Tool_34,Torque Wrench,Plant-A,2026-06-25,2026-09-23,Out of Service,99.85,Stanley,SN100033
M11589,MA1AB100000004589,WO14589,Hatch Z,GA-2,Stn-03,2026-03-05 05:36,ENG-1441,SUP-130,EMP106,TL-044,A,Tool_44,Press Tool,Plant-C,2026-01-16,2026-04-16,Maintenance,99.03,Bosch,SN100043
M11590,MA1AB100000004590,WO14590,SUV Pro,TRIM-1,STN-04,2026-03-05 05:37,ENG-1022,SUP-182,EMP377,TL-015,B,Tool_15,Robot Arm,Plant-C,2026-05-26,2026-08-24,Out of Service,97.88,Atlas Copco,SN100014
M11591,MA1AB100000004591,WO14591,Sedan X,GA-2,STN-04,2026-03-05 05:38,ENG-1269,SUP-142,EMP250,TL-099,C,Tool_99,Welding Gun,Plant-B,2026-05-20,2026-08-18,Active,97.05,Atlas Copco,SN100098
M11592,MA1AB100000004592,WO14592,SUV Pro,GA-1,STN-05,2026-03-05 05:40,ENG-1285,SUP-098,EMP199,TL-054,A,Tool_54,Press Tool,Plant-C,2026-01-18,2026-04-18,Active,99.35,Ingersoll Rand,SN100053
M11593,MA1AB100000004593,WO14593,SUV Pro,GA-2,STN-04,2026-03-05 05:41,ENG-1200,SUP-157,EMP265,TL-071,C,Tool_71,Welding Gun,Plant-B,2026-04-11,2026-07-10,Active,98.12,Atlas Copco,SN100070
M11594,MA1AB100000004594,WO14594,SUV Pro,PAINT-1,STN-02,2026-03-05 05:42,ENG-1007,SUP-038,EMP181,TL-034,B,Tool_34,Torque Wrench,Plant-A,2026-06-25,2026-09-23,Out of Service,99.85,Stanley,SN100033
M11595,MA1AB100000004595,WO14595,SUV Pro,TRIM-1,STN-02,2026-03-05 05:43,ENG-1370,SUP-019,EMP225,TL-060,B,Tool_60,Welding Gun,Plant-B,2026-02-09,2026-05-10,Active,95.55,Atlas Copco,SN100059
M11596,MA1AB100000004596,WO14596,SUV Pro,GA-1,STN-03,2026-03-05 05:45,ENG-1187,SUP-011,EMP215,TL-010,A,Tool_10,Welding Gun,Plant-B,2026-02-07,2026-05-08,Maintenance,98.91,Atlas Copco,SN100009
M11597,MA1AB100000004597,WO14597,Hatch Z,GA-1, stn-05 ,2026-03-05 05:46,ENG-1078,SUP-098,EMP294,TL-081,A,Tool_81,Nut Runner,Plant-A,2026-06-21,2026-09-19,Maintenance,97.61,Atlas Copco,SN100080
M11598,MA1AB100000004598,WO14598,SUV Pro,GA-1,STN-05,2026-03-05 05:47,ENG-1390,SUP-064,EMP393,TL-053,A,Tool_53,Nut Runner,Plant-A,2026-02-27,2026-05-28,Out of Service,96.41,Stanley,SN100052
M11599,MA1AB100000004599,WO14599,SUV Pro,GA-1,STN-01,2026-03-05 05:48,ENG-1135,SUP-117,EMP147,TL-065,A,Tool_65,Torque Wrench,Plant-C,2026-01-31,2026-05-01,Maintenance,97.24,Bosch,SN100064
M11600,MA1AB100000004600,WO14600,Sedan X,GA-2, stn-05 ,2026-03-05 05:50,ENG-1161,SUP-097,EMP173,TL-039,,Tool_39,Nut Runner,Plant-C,2026-02-15,2026-05-16,Maintenance,97.07,Ingersoll Rand,SN100038
M11601,MA1AB100000004601,WO14601,SUV Pro,GA-2,STN-03,2026-03-05 05:51,ENG-1032,SUP-012,EMP212,TL-034,A,Tool_34,Torque Wrench,Plant-A,2026-06-25,2026-09-23,Out of Service,99.85,Stanley,SN100033
M11602,MA1AB100000004602,WO14602,SUV Pro,GA-1,STN-02,2026-03-05 05:52,ENG-1386,SUP-018,EMP364,TL-014,A,Tool_14,Nut Runner,Plant-A,2026-02-27,2026-05-28,Maintenance,99.68,Stanley,SN100013
M11603,MA1AB100000004603,WO14603,Hatch Z,GA-1,STN-03,2026-03-05 05:53,ENG-1004,SUP-088,EMP143,TL-090,B,Tool_90,Nut Runner,Plant-C,2026-05-12,2026-08-10,Out of Service,97.28,Stanley,SN100089
M11604,MA1AB100000004604,WO14604,Sedan X,PAINT-1, stn-05 ,2026-03-05 05:55,ENG-1059,SUP-114,EMP101,TL-040,C,Tool_40,Welding Gun,Plant-A,2026-04-02,2026-07-01,Active,98.84,Atlas Copco,SN100039
M11605,MA1AB100000004605,WO14605,SUV Pro,GA-1,STN-05,2026-03-05 05:56,ENG-1184,SUP-107,EMP100,TL-074,C,Tool_74,Robot Arm,Plant-B,2026-01-04,2026-04-04,Active,97.63,Stanley,SN100073
M11606,MA1AB100000004606,WO14606,Sedan X,TRIM-1,STN-04,2026-03-05 05:57,ENG-1051,SUP-076,EMP357,TL-059,B,Tool_59,Robot Arm,Plant-B,2026-04-15,2026-07-14,Active,95.72,Stanley,SN100058
M11607,MA1AB100000004607,WO14607,Sedan X,GA-1,STN-02,2026-03-05 05:58,ENG-1053,SUP-068,EMP281,TL-098,,Tool_98,Press Tool,Plant-A,2026-06-01,2026-08-30,Active,98.11,Stanley,SN100097
M11608,MA1AB100000004608,WO14608,SUV Pro,PAINT-1,STN-04,2026-03-05 06:00,ENG-1064,SUP-196,EMP178,TL-059,C,Tool_59,Robot Arm,Plant-B,2026-04-15,2026-07-14,Active,95.72,Stanley,SN100058
M11609,MA1AB100000004609,WO14609,Hatch Z,TRIM-1,STN-05,2026-03-05 06:01,ENG-1137,SUP-014,EMP332,TL-093,C,Tool_93,Nut Runner,Plant-A,2026-03-03,2026-06-01,Out of Service,98.43,Ingersoll Rand,SN100092
M11610,MA1AB100000004610,WO14610,Sedan X,GA-2,STN-02,2026-03-05 06:02,ENG-1439,SUP-116,EMP235,TL-034,,Tool_34,Torque Wrench,Plant-A,2026-06-25,2026-09-23,Out of Service,99.85,Stanley,SN100033
M11611,MA1AB100000004611,WO14611,Sedan X,GA-2,STN-02,2026-03-05 06:03,ENG-1311,SUP-028,EMP217,TL-051,C,Tool_51,Nut Runner,Plant-C,2026-04-06,2026-07-05,Active,97.28,Bosch,SN100050
M11612,MA1AB100000004612,WO14612,Sedan X,GA-2,Stn-03,2026-03-05 06:05,ENG-1322,SUP-104,EMP253,TL-010,A,Tool_10,Welding Gun,Plant-B,2026-02-07,2026-05-08,Maintenance,98.91,Atlas Copco,SN100009
M11613,MA1AB100000004613,WO14613,SUV Pro,GA-1,STN-02,2026-03-05 06:06,ENG-1085,SUP-110,EMP330,TL-045,B,Tool_45,Welding Gun,Plant-C,2026-03-10,2026-06-08,Active,98.94,Stanley,SN100044
M11614,MA1AB100000004614,WO14614,Sedan X,GA-1,STN-03,2026-03-05 06:07,ENG-1250,SUP-102,EMP223,TL-012,A,Tool_12,Press Tool,Plant-B,2026-05-30,2026-08-28,Out of Service,98.02,Bosch,SN100011
M11615,MA1AB100000004615,WO14615,Sedan X,GA-1,STN-05,2026-03-05 06:08,ENG-1308,SUP-104,EMP270,TL-038,,Tool_38,Welding Gun,Plant-B,2026-04-18,2026-07-17,Active,97.87,Ingersoll Rand,SN100037
M11616,MA1AB100000004616,WO14616,Sedan X,GA-2,STN-03,2026-03-05 06:10,ENG-1115,SUP-102,EMP119,TL-050,C,Tool_50,Welding Gun,Plant-C,2026-04-30,2026-07-29,Maintenance,98.51,Ingersoll Rand,SN100049
M11617,MA1AB100000004617,WO14617,Sedan X,GA-1,STN-03,2026-03-05 06:11,ENG-1225,SUP-075,EMP366,TL-052,,Tool_52,Torque Wrench,Plant-A,2026-04-12,2026-07-11,Out of Service,99.68,Ingersoll Rand,SN100051
M11618,MA1AB100000004618,WO14618,Hatch Z,PAINT-1,STN-05,2026-03-05 06:12,ENG-1193,SUP-199,EMP398,TL-067,C,Tool_67,Torque Wrench,Plant-A,2026-02-10,2026-05-11,Active,95.24,Bosch,SN100066
M11619,MA1AB100000004619,WO14619,Hatch Z,PAINT-1,STN-05,2026-03-05 06:13,ENG-1035,SUP-120,EMP106,TL-084,B,Tool_84,Torque Wrench,Plant-C,2026-02-03,2026-05-04,Out of Service,97.78,Ingersoll Rand,SN100083
M11620,MA1AB100000004620,WO14620,SUV Pro,GA-1,STN-01,2026-03-05 06:15,ENG-1027,SUP-117,EMP339,TL-001,A,Tool_1,Welding Gun,Plant-A,2026-05-21,2026-08-19,Maintenance,98.97,Bosch,SN100000
M11621,MA1AB100000004621,WO14621,SUV Pro,TRIM-1,Stn-03,2026-03-05 06:16,ENG-1441,SUP-057,EMP346,TL-041,C,Tool_41,Robot Arm,Plant-A,2026-02-27,2026-05-28,Maintenance,97.13,Atlas Copco,SN100040
M11622,MA1AB100000004622,WO14622,Hatch Z,GA-2,Stn-03,2026-03-05 06:17,ENG-1103,SUP-010,EMP327,TL-068,A,Tool_68,Press Tool,Plant-A,2026-04-15,2026-07-14,Active,97.42,Bosch,SN100067
M11623,MA1AB100000004623,WO14623,Sedan X,GA-1,STN-04,2026-03-05 06:18,ENG-1054,SUP-147,EMP316,TL-007,A,Tool_7,Nut Runner,Plant-B,2026-06-11,2026-09-09,Out of Service,95.88,Stanley,SN100006
M11624,MA1AB100000004624,WO14624,SUV Pro,GA-1,STN-02,2026-03-05 06:20,ENG-1472,SUP-024,EMP237,TL-037,C,Tool_37,Torque Wrench,Plant-A,2026-02-12,2026-05-13,Maintenance,95.39,Bosch,SN100036
M11625,MA1AB100000004625,WO14625,Sedan X,PAINT-1,STN-03,2026-03-05 06:21,ENG-1434,SUP-152,EMP316,TL-058,C,Tool_58,Robot Arm,Plant-C,2026-04-28,2026-07-27,Active,96.6,Stanley,SN100057
M11626,MA1AB100000004626,WO14626,Sedan X,GA-2,STN-02,2026-03-05 06:22,ENG-1340,SUP-170,EMP365,TL-039,,Tool_39,Nut Runner,Plant-C,2026-02-15,2026-05-16,Maintenance,97.07,Ingersoll Rand,SN100038
M11627,MA1AB100000004627,WO14627,Hatch Z,PAINT-1,STN-03,2026-03-05 06:23,ENG-1481,SUP-042,EMP217,TL-073,A,Tool_73,Welding Gun,Plant-C,2026-03-17,2026-06-15,Active,96.96,Ingersoll Rand,SN100072
M11628,MA1AB100000004628,WO14628,SUV Pro,GA-1,Stn-03,2026-03-05 06:25,ENG-1108,SUP-187,EMP219,TL-047,B,Tool_47,Robot Arm,Plant-A,2026-04-17,2026-07-16,Active,99.69,Ingersoll Rand,SN100046
M11629,MA1AB100000004629,WO14629,Sedan X,GA-1,STN-03,2026-03-05 06:26,ENG-1316,SUP-178,EMP399,TL-075,B,Tool_75,Press Tool,Plant-C,2026-04-22,2026-07-21,Active,99.86,Ingersoll Rand,SN100074
M11630,MA1AB100000004630,WO14630,SUV Pro,TRIM-1,STN-03,2026-03-05 06:27,ENG-1109,SUP-185,EMP297,TL-092,A,Tool_92,Nut Runner,Plant-C,2026-06-25,2026-09-23,Active,97.7,Bosch,SN100091
M11631,MA1AB100000004631,WO14631,Hatch Z,TRIM-1, stn-05 ,2026-03-05 06:28,ENG-1425,SUP-117,EMP220,TL-014,,Tool_14,Nut Runner,Plant-A,2026-02-27,2026-05-28,Maintenance,99.68,Stanley,SN100013
M11632,MA1AB100000004632,WO14632,Sedan X,PAINT-1,Stn-03,2026-03-05 06:30,ENG-1218,SUP-178,EMP179,TL-035,,Tool_35,Torque Wrench,Plant-A,2026-04-06,2026-07-05,Active,95.1,Atlas Copco,SN100034
M11633,MA1AB100000004633,WO14633,Hatch Z,GA-2,STN-02,2026-03-05 06:31,ENG-1405,SUP-192,EMP386,TL-045,,Tool_45,Welding Gun,Plant-C,2026-03-10,2026-06-08,Active,98.94,Stanley,SN100044
M11634,MA1AB100000004634,WO14634,SUV Pro,GA-2,Stn-03,2026-03-05 06:32,ENG-1318,SUP-040,EMP345,TL-085,,Tool_85,Nut Runner,Plant-A,2026-01-29,2026-04-29,Out of Service,98.68,Stanley,SN100084
M11635,MA1AB100000004635,WO14635,Hatch Z,TRIM-1, stn-05 ,2026-03-05 06:33,ENG-1047,SUP-067,EMP140,TL-031,C,Tool_31,Nut Runner,Plant-A,2026-01-31,2026-05-01,Active,97.01,Atlas Copco,SN100030
M11636,MA1AB100000004636,WO14636,Hatch Z,GA-2,Stn-03,2026-03-05 06:35,ENG-1063,SUP-196,EMP346,TL-078,,Tool_78,Press Tool,Plant-A,2026-03-26,2026-06-24,Maintenance,99.88,Bosch,SN100077
M11637,MA1AB100000004637,WO14637,SUV Pro,GA-1,STN-04,2026-03-05 06:36,ENG-1003,SUP-094,EMP286,TL-072,A,Tool_72,Robot Arm,Plant-C,2026-05-05,2026-08-03,Maintenance,99.87,Atlas Copco,SN100071
M11638,MA1AB100000004638,WO14638,SUV Pro,GA-2,Stn-03,2026-03-05 06:37,ENG-1163,SUP-119,EMP164,TL-016,A,Tool_16,Robot Arm,Plant-B,2026-04-27,2026-07-26,Active,98.18,Atlas Copco,SN100015
M11639,MA1AB100000004639,WO14639,SUV Pro,GA-2,STN-03,2026-03-05 06:38,ENG-1012,SUP-101,EMP385,TL-079,B,Tool_79,Press Tool,Plant-C,2026-04-14,2026-07-13,Active,96.15,Ingersoll Rand,SN100078
M11640,MA1AB100000004640,WO14640,SUV Pro,PAINT-1,STN-04,2026-03-05 06:40, eng-1001 ,SUP-078,EMP305,TL-027,,Tool_27,Robot Arm,Plant-A,2026-03-13,2026-06-11,Active,95.63,Atlas Copco,SN100026
M11641,MA1AB100000004641,WO14641,Sedan X,GA-1,STN-03,2026-03-05 06:41,ENG-1339,SUP-161,EMP267,TL-047,,Tool_47,Robot Arm,Plant-A,2026-04-17,2026-07-16,Active,99.69,Ingersoll Rand,SN100046
M11642,MA1AB100000004642,WO14642,Sedan X,GA-2,STN-05,2026-03-05 06:70,ENG-1367,SUP-061,EMP228,TL-085,B,Tool_85,Nut Runner,Plant-A,2026-01-29,2026-04-29,Out of Service,98.68,Stanley,SN100084
M11643,MA1AB100000004643,WO14643,SUV Pro,GA-1, stn-05 ,2026-03-05 06:43,ENG-1276,SUP-102,EMP303,TL-096,B,Tool_96,Nut Runner,Plant-A,2026-04-26,2026-07-25,Active,95.35,Stanley,SN100095
M11644,MA1AB100000004644,WO14644,SUV Pro,PAINT-1,STN-02,2026-03-05 06:45,ENG-1309,SUP-167,EMP128,TL-043,A,Tool_43,Torque Wrench,Plant-B,2026-04-28,2026-07-27,Active,96.51,Ingersoll Rand,SN100042
M11645,MA1AB100000004645,WO14645,Hatch Z,GA-2,STN-04,2026-03-05 06:46,ENG-1027,SUP-002,EMP124,TL-086,A,Tool_86,Press Tool,Plant-B,2026-03-20,2026-06-18,Active,96.21,Bosch,SN100085
M11646,MA1AB100000004646,WO14646,Sedan X,GA-1,STN-01,2026-03-05 06:47,ENG-1418,SUP-084,EMP317,TL-010,,Tool_10,Welding Gun,Plant-B,2026-02-07,2026-05-08,Maintenance,98.91,Atlas Copco,SN100009
M11647,MA1AB100000004647,WO14647,Sedan X,TRIM-1,STN-02,2026-03-05 06:48,ENG-1287,SUP-067,EMP229,TL-099,A,Tool_99,Welding Gun,Plant-B,2026-05-20,2026-08-18,Active,97.05,Atlas Copco,SN100098
M11648,MA1AB100000004648,WO14648,Sedan X,GA-1,Stn-03,2026-03-05 06:50,ENG-1118,SUP-001,EMP124,TL-087,B,Tool_87,Robot Arm,Plant-B,2026-02-09,2026-05-10,Maintenance,99.98,Stanley,SN100086
M11649,MA1AB100000004649,WO14649,Hatch Z,GA-2,STN-05,2026-03-05 06:51,ENG-1437,SUP-078,EMP292,TL-074,A,Tool_74,Robot Arm,Plant-B,2026-01-04,2026-04-04,Active,97.63,Stanley,SN100073
M11650,MA1AB100000004650,WO14650,Hatch Z,TRIM-1,STN-04,2026-03-05 06:52,ENG-1065,SUP-051,EMP211,TL-010,A,Tool_10,Welding Gun,Plant-B,2026-02-07,2026-05-08,Maintenance,98.91,Atlas Copco,SN100009
M11651,MA1AB100000004651,WO14651,SUV Pro,PAINT-1,STN-05,2026-03-05 06:53,ENG-1063,SUP-127,EMP338,TL-081,B,Tool_81,Nut Runner,Plant-A,2026-06-21,2026-09-19,Maintenance,97.61,Atlas Copco,SN100080
M11652,MA1AB100000004652,WO14652,Hatch Z,TRIM-1,Stn-03,2026-03-05 06:55,ENG-1461,SUP-093,EMP262,TL-093,,Tool_93,Nut Runner,Plant-A,2026-03-03,2026-06-01,Out of Service,98.43,Ingersoll Rand,SN100092
M11653,MA1AB100000004653,WO14653,Sedan X,GA-2,STN-02,2026-03-05 06:56,ENG-1036,SUP-198,EMP371,TL-071,B,Tool_71,Welding Gun,Plant-B,2026-04-11,2026-07-10,Active,98.12,Atlas Copco,SN100070
M11654,MA1AB100000004654,WO14654,Sedan X,GA-1,STN-04,2026-03-05 06:57,ENG-1109,SUP-193,EMP141,TL-068,,Tool_68,Press Tool,Plant-A,2026-04-15,2026-07-14,Active,97.42,Bosch,SN100067
M11655,MA1AB100000004655,WO14655,SUV Pro,GA-1,STN-04,2026-03-05 06:58,ENG-1196,SUP-017,EMP214,TL-004,B,Tool_4,Press Tool,Plant-A,2026-01-19,2026-04-19,Active,97.49,Bosch,SN100003
M11656,MA1AB100000004656,WO14656,Sedan X,TRIM-1,STN-03,2026-03-05 07:00,ENG-1391,SUP-030,EMP323,TL-078,B,Tool_78,Press Tool,Plant-A,2026-03-26,2026-06-24,Maintenance,99.88,Bosch,SN100077
M11657,MA1AB100000004657,WO14657,SUV Pro,GA-2,STN-03,2026-03-05 07:01,ENG-1467,SUP-161,EMP133,TL-053,,Tool_53,Nut Runner,Plant-A,2026-02-27,2026-05-28,Out of Service,96.41,Stanley,SN100052
M11658,MA1AB100000004658,WO14658,SUV Pro,PAINT-1,STN-01,2026-03-05 07:02,ENG-1428,SUP-063,EMP175,TL-029,A,Tool_29,Press Tool,Plant-C,2026-04-30,2026-07-29,Maintenance,98.95,Stanley,SN100028
M11659,MA1AB100000004659,WO14659,Hatch Z,GA-2, stn-05 ,2026-03-05 07:03,ENG-1091,SUP-088,EMP171,TL-999,B,Unknown Tool,Unknown Type,,,,,,,
M11660,MA1AB100000004660,WO14660,Hatch Z,TRIM-1,Stn-03,2026-03-05 07:05,ENG-1232,SUP-027,EMP189,TL-049,B,Tool_49,Press Tool,Plant-A,2026-01-18,2026-04-18,Active,97.7,Atlas Copco,SN100048
M11661,MA1AB100000004661,WO14661,SUV Pro,PAINT-1,STN-05,2026-03-05 07:06,ENG-1433,SUP-160,EMP390,TL-042,B,Tool_42,Welding Gun,Plant-C,2026-03-03,2026-06-01,Out of Service,97.14,Ingersoll Rand,SN100041
M11662,XX1 2 3 4,WO14662,Sedan X,PAINT-1,STN-02,2026-03-05 07:07,ENG-1464,,EMP312,TL-098,C,Tool_98,Press Tool,Plant-A,2026-06-01,2026-08-30,Active,98.11,Stanley,SN100097
M11663,MA1AB100000004663,WO14663,SUV Pro,PAINT-1, stn-05 ,2026-03-05 07:08,ENG-1266,SUP-072,EMP227,TL-096,,Tool_96,Nut Runner,Plant-A,2026-04-26,2026-07-25,Active,95.35,Stanley,SN100095
M11664,MA1AB100000004664,WO14664,Hatch Z,TRIM-1,STN-05,2026-03-05 07:10,ENG-1057,SUP-030,EMP138,TL-040,B,Tool_40,Welding Gun,Plant-A,2026-04-02,2026-07-01,Active,98.84,Atlas Copco,SN100039
M11665,MA1AB100000004665,WO14665,Sedan X,GA-1,STN-04,2026-03-05 07:11,ENG-1131,SUP-007,EMP366,TL-004,C,Tool_4,Press Tool,Plant-A,2026-01-19,2026-04-19,Active,97.49,Bosch,SN100003
M11666,MA1AB100000004666,WO14666,Hatch Z,TRIM-1,STN-04,2026-03-05 07:12,ENG-1043,SUP-086,EMP262,TL-090,C,Tool_90,Nut Runner,Plant-C,2026-05-12,2026-08-10,Out of Service,97.28,Stanley,SN100089
M11667,MA1AB100000004667,WO14667,Hatch Z,GA-1,Stn-03,2026-03-05 07:13,ENG-1327,SUP-100,EMP185,TL-100,,Tool_100,Welding Gun,Plant-A,2026-04-25,2026-07-24,Maintenance,97.13,Ingersoll Rand,SN100099
M11668,MA1AB100000004668,WO14668,Hatch Z,TRIM-1,STN-05,2026-03-05 07:15,ENG-1026,SUP-044,EMP282,TL-074,A,Tool_74,Robot Arm,Plant-B,2026-01-04,2026-04-04,Active,97.63,Stanley,SN100073
M11669,MA1AB100000004669,WO14669,Hatch Z,GA-2,STN-01,2026-03-05 07:16,ENG-1365,SUP-187,EMP236,TL-050,B,Tool_50,Welding Gun,Plant-C,2026-04-30,2026-07-29,Maintenance,98.51,Ingersoll Rand,SN100049
M11670,MA1AB100000004670,WO14670,SUV Pro,GA-2,STN-01,2026-03-05 07:17,ENG-1211,SUP-046,EMP303,TL-051,A,Tool_51,Nut Runner,Plant-C,2026-04-06,2026-07-05,Active,97.28,Bosch,SN100050
M11671,MA1AB100000004671,WO14671,Sedan X,GA-2,STN-02,2026/03/05 07:18,ENG-1165,SUP-131,EMP252,TL-010,A,Tool_10,Welding Gun,Plant-B,2026-02-07,2026-05-08,Maintenance,98.91,Atlas Copco,SN100009
M11672,MA1AB100000004672,WO14672,Sedan X,PAINT-1,STN-03,2026-03-05 07:20,ENG-1336,SUP-159,EMP390,TL-063,,Tool_63,Welding Gun,Plant-B,2026-03-03,2026-06-01,Active,99.78,Ingersoll Rand,SN100062
M11673,MA1AB100000004673,WO14673,Sedan X,TRIM-1,Stn-03,2026-03-05 07:21,ENG-1292,SUP-051,EMP283,TL-063,C,Tool_63,Welding Gun,Plant-B,2026-03-03,2026-06-01,Active,99.78,Ingersoll Rand,SN100062
M11674,MA1AB100000004674,WO14674,SUV Pro,GA-1,STN-05,2026-03-05 07:22,ENG-1492,SUP-165,EMP174,TL-033,,Tool_33,Welding Gun,Plant-C,2026-02-25,2026-05-26,Active,97.63,Bosch,SN100032
M11675,MA1AB100000004675,WO14675,SUV Pro,GA-1,STN-01,2026-03-05 07:23,ENG-1032,SUP-123,EMP210,TL-051,,Tool_51,Nut Runner,Plant-C,2026-04-06,2026-07-05,Active,97.28,Bosch,SN100050
M11676,MA1AB100000004676,WO14676,Sedan X,GA-2, stn-05 ,2026-03-05 07:25,ENG-1270,SUP-109,EMP175,TL-046,,Tool_46,Torque Wrench,Plant-C,2026-01-19,2026-04-19,Active,95.51,Ingersoll Rand,SN100045
M11677,MA1AB100000004677,WO14677,Hatch Z,TRIM-1,Stn-03,2026-03-05 07:26,ENG-1220,SUP-027,EMP152,TL-021,C,Tool_21,Press Tool,Plant-C,2026-01-09,2026-04-09,Out of Service,95.18,Atlas Copco,SN100020
M11678,MA1AB100000004678,WO14678,Hatch Z,PAINT-1, stn-05 ,2026-03-05 07:27,ENG-1435,SUP-042,EMP205,TL-027,A,Tool_27,Robot Arm,Plant-A,2026-03-13,2026-06-11,Active,95.63,Atlas Copco,SN100026
M11679,MA1AB100000004679,WO14679,Sedan X,GA-1,STN-03,2026-03-05 07:28,ENG-1203,SUP-064,EMP116,TL-096,B,Tool_96,Nut Runner,Plant-A,2026-04-26,2026-07-25,Active,95.35,Stanley,SN100095
M11680,MA1AB100000004680,WO14680,Hatch Z,GA-2, stn-05 ,2026-03-05 07:30,ENG-1129,SUP-164,EMP386,TL-018,,Tool_18,Robot Arm,Plant-B,2026-06-15,2026-09-13,Out of Service,95.48,Stanley,SN100017
M11681,MA1AB100000004681,WO14681,Sedan X,GA-2,Stn-03,2026-03-05 07:31,ENG-1056,SUP-011,EMP341,TL-088,B,Tool_88,Welding Gun,Plant-B,2026-04-25,2026-07-24,Active,95.24,Stanley,SN100087
M11682,MA1AB100000004682,WO14682,Sedan X,GA-2, stn-05 ,2026-03-05 07:32,ENG-1225,SUP-059,EMP318,TL-046,C,Tool_46,Torque Wrench,Plant-C,2026-01-19,2026-04-19,Active,95.51,Ingersoll Rand,SN100045
M11683,MA1AB100000004683,WO14683,Hatch Z,PAINT-1,STN-02,2026-03-05 07:33,ENG-1094,SUP-001,EMP341,TL-018,A,Tool_18,Robot Arm,Plant-B,2026-06-15,2026-09-13,Out of Service,95.48,Stanley,SN100017
M11684,MA1AB100000004684,WO14684,Sedan X,TRIM-1,Stn-03,2026-03-05 07:35,ENG-1011,SUP-141,EMP251,TL-018,,Tool_18,Robot Arm,Plant-B,2026-06-15,2026-09-13,Out of Service,95.48,Stanley,SN100017
M11685,MA1AB100000004685,WO14685,SUV Pro,GA-1,STN-04,2026-03-05 07:36,ENG-1349,SUP-184,EMP182,TL-063,,Tool_63,Welding Gun,Plant-B,2026-03-03,2026-06-01,Active,99.78,Ingersoll Rand,SN100062
M11686,MA1AB100000004686,WO14686,Sedan X,TRIM-1,STN-03,2026-03-05 07:37,ENG-1033,SUP-041,EMP267,TL-046,C,Tool_46,Torque Wrench,Plant-C,2026-01-19,2026-04-19,Active,95.51,Ingersoll Rand,SN100045
M11687,MA1AB100000004687,WO14687,Sedan X,GA-1,STN-01,2026-03-05 07:38,ENG-1489,SUP-094,EMP141,TL-005,A,Tool_5,Torque Wrench,Plant-C,2026-02-02,2026-05-03,Maintenance,99.68,Ingersoll Rand,SN100004
M11688,MA1AB100000004688,WO14688,Hatch Z,PAINT-1, stn-05 ,2026-03-05 07:40,ENG-1275,SUP-197,EMP231,TL-091,B,Tool_91,Nut Runner,Plant-B,2026-03-20,2026-06-18,Active,95.45,Atlas Copco,SN100090
M11689,MA1AB100000004689,WO14689,Sedan X,TRIM-1,STN-02,2026-03-05 07:41,ENG-1106,SUP-177,EMP124,TL-002,B,Tool_2,Nut Runner,Plant-A,2026-04-22,2026-07-21,Active,97.47,Bosch,SN100001
M11690,MA1AB100000004690,WO14690,SUV Pro,GA-1,STN-04,2026-03-05 07:42,ENG-1068,SUP-034,EMP223,TL-042,A,Tool_42,Welding Gun,Plant-C,2026-03-03,2026-06-01,Out of Service,97.14,Ingersoll Rand,SN100041
M11691,MA1AB100000004691,WO14691,Sedan X,GA-2,STN-01,2026-03-05 07:43,ENG-1361,SUP-049,EMP239,TL-088,B,Tool_88,Welding Gun,Plant-B,2026-04-25,2026-07-24,Active,95.24,Stanley,SN100087
M11692,MA1AB100000004692,WO14692,Hatch Z,PAINT-1,STN-02,2026-03-05 07:45,ENG-1233,SUP-085,EMP204,TL-074,A,Tool_74,Robot Arm,Plant-B,2026-01-04,2026-04-04,Active,97.63,Stanley,SN100073
M11693,MA1AB100000004693,WO14693,SUV Pro,GA-2,Stn-03,2026-03-05 07:46,ENG-1489,SUP-144,EMP115,TL-078,A,Tool_78,Press Tool,Plant-A,2026-03-26,2026-06-24,Maintenance,99.88,Bosch,SN100077
M11694,MA1AB100000004694,WO14694,SUV Pro,TRIM-1,STN-02,2026-03-05 07:47,ENG-1063,SUP-109,EMP318,TL-079,,Tool_79,Press Tool,Plant-C,2026-04-14,2026-07-13,Active,96.15,Ingersoll Rand,SN100078
M11695,MA1AB100000004695,WO14695,Hatch Z,TRIM-1, stn-05 ,2026-03-05 07:48,ENG-1346,SUP-079,EMP104,TL-032,B,Tool_32,Press Tool,Plant-A,2026-03-27,2026-06-25,Maintenance,97.67,Bosch,SN100031
M11696,MA1AB100000004696,WO14696,Sedan X,PAINT-1,STN-03,2026-03-05 07:50,ENG-1142,SUP-065,EMP132,TL-003,,Tool_3,Robot Arm,Plant-C,2026-02-25,2026-05-26,Active,97.36,Atlas Copco,SN100002
M11697,MA1AB100000004697,WO14697,Sedan X,TRIM-1,STN-04,2026-03-05 07:51,ENG-1135,SUP-149,EMP337,TL-001,A,Tool_1,Welding Gun,Plant-A,2026-05-21,2026-08-19,Maintenance,98.97,Bosch,SN100000
M11698,MA1AB100000004698,WO14698,Hatch Z,PAINT-1,STN-03,2026-03-05 07:52,ENG-1403,SUP-189,EMP269,TL-071,A,Tool_71,Welding Gun,Plant-B,2026-04-11,2026-07-10,Active,98.12,Atlas Copco,SN100070
M11699,MA1AB100000004699,WO14699,Sedan X,PAINT-1, stn-05 ,2026-03-05 07:53,ENG-1335,SUP-025,EMP350,TL-053,C,Tool_53,Nut Runner,Plant-A,2026-02-27,2026-05-28,Out of Service,96.41,Stanley,SN100052
M11700,MA1AB100000004700,WO14700,Sedan X,TRIM-1,Stn-03,2026-03-05 07:55,ENG-1354,SUP-044,EMP364,TL-001,B,Tool_1,Welding Gun,Plant-A,2026-05-21,2026-08-19,Maintenance,98.97,Bosch,SN100000
M11701,MA1AB100000004701,WO14701,SUV Pro,GA-1,STN-01,2026-03-05 07:56,ENG-1183,SUP-002,EMP262,TL-003,,Tool_3,Robot Arm,Plant-C,2026-02-25,2026-05-26,Active,97.36,Atlas Copco,SN100002
M11702,MA1AB100000004702,WO14702,Hatch Z,TRIM-1,STN-01,2026-03-05 07:57,ENG-1374,SUP-185,EMP199,TL-016,C,Tool_16,Robot Arm,Plant-B,2026-04-27,2026-07-26,Active,98.18,Atlas Copco,SN100015
M11703,MA1AB100000004703,WO14703,Sedan X,PAINT-1,STN-03,2026-03-05 07:58,ENG-1081,SUP-179,EMP225,TL-090,B,Tool_90,Nut Runner,Plant-C,2026-05-12,2026-08-10,Out of Service,97.28,Stanley,SN100089
M11704,MA1AB100000004704,WO14704,Sedan X,GA-1,STN-03,2026-03-05 08:00,ENG-1257,SUP-141,EMP198,TL-059,,Tool_59,Robot Arm,Plant-B,2026-04-15,2026-07-14,Active,95.72,Stanley,SN100058
M11705,MA1AB100000004705,WO14705,Hatch Z,PAINT-1,STN-02,2026-03-05 08:01,ENG-1179,SUP-070,EMP129,TL-090,C,Tool_90,Nut Runner,Plant-C,2026-05-12,2026-08-10,Out of Service,97.28,Stanley,SN100089
M11706,MA1AB100000004706,WO14706,SUV Pro,TRIM-1,STN-02,2026-03-05 08:02,ENG-1480,SUP-088,EMP201,TL-077,C,Tool_77,Welding Gun,Plant-C,2026-04-12,2026-07-11,Active,98.71,Stanley,SN100076
M11707,MA1AB100000004707,WO14707,Sedan X,GA-1,STN-01,2026-03-05 08:03,ENG-1059,SUP-085,EMP181,TL-042,C,Tool_42,Welding Gun,Plant-C,2026-03-03,2026-06-01,Out of Service,97.14,Ingersoll Rand,SN100041
M11708,MA1AB100000004708,WO14708,Hatch Z,TRIM-1,Stn-03,2026-03-05 08:05,ENG-1092,SUP-119,EMP328,TL-091,B,Tool_91,Nut Runner,Plant-B,2026-03-20,2026-06-18,Active,95.45,Atlas Copco,SN100090
M11709,MA1AB100000004709,WO14709,SUV Pro,GA-1,STN-02,2026-03-05 08:06,ENG-1042,SUP-114,EMP241,TL-069,A,Tool_69,Torque Wrench,Plant-B,2026-01-29,2026-04-29,Active,98.16,Bosch,SN100068
M11710,MA1AB100000004710,WO14710,Sedan X,GA-1,STN-03,2026-03-05 08:07,ENG-1465,SUP-092,EMP373,TL-065,A,Tool_65,Torque Wrench,Plant-C,2026-01-31,2026-05-01,Maintenance,97.24,Bosch,SN100064
M11711,MA1AB100000004711,WO14711,Hatch Z,TRIM-1,STN-01,2026-03-05 08:08,ENG-1428,SUP-140,EMP321,TL-009,C,Tool_9,Press Tool,Plant-C,2026-05-31,2026-08-29,Active,98.89,Bosch,SN100008
M11712,MA1AB100000004712,WO14712,Sedan X,GA-2,STN-05,2026-03-05 08:10,ENG-1457,SUP-057,EMP288,TL-090,C,Tool_90,Nut Runner,Plant-C,2026-05-12,2026-08-10,Out of Service,97.28,Stanley,SN100089
M11713,MA1AB100000004713,WO14713,Hatch Z,PAINT-1, stn-05 ,2026-03-05 08:11,ENG-1374,SUP-094,EMP192,TL-006,C,Tool_6,Nut Runner,Plant-B,2026-01-25,2026-04-25,Maintenance,98.24,Ingersoll Rand,SN100005
M11714,MA1AB100000004714,WO14714,Hatch Z,PAINT-1,STN-05,2026-03-05 08:12,ENG-1208,SUP-114,EMP264,TL-057,,Tool_57,Welding Gun,Plant-A,2026-05-01,2026-07-30,Active,98.96,Bosch,SN100056
M11715,MA1AB100000004715,WO14715,Hatch Z,GA-1,STN-01,2026-03-05 08:13,ENG-1348,SUP-049,EMP329,TL-076,B,Tool_76,Welding Gun,Plant-C,2026-02-22,2026-05-23,Maintenance,98.13,Ingersoll Rand,SN100075
M11716,MA1AB100000004716,WO14716,Sedan X,PAINT-1,Stn-03,2026-03-05 08:15,ENG-1169,SUP-120,EMP310,TL-019,,Tool_19,Torque Wrench,Plant-B,2026-05-30,2026-08-28,Active,96.08,Atlas Copco,SN100018
M11717,MA1AB100000004717,WO14717,SUV Pro,PAINT-1,Stn-03,2026-03-05 08:16,ENG-1444,SUP-175,EMP153,TL-012,,Tool_12,Press Tool,Plant-B,2026-05-30,2026-08-28,Out of Service,98.02,Bosch,SN100011
M11718,MA1AB100000004718,WO14718,Sedan X,PAINT-1,STN-05,2026-03-05 08:17,ENG-1292,SUP-119,EMP119,TL-097,A,Tool_97,Nut Runner,Plant-A,2026-04-22,2026-07-21,Active,99.35,Ingersoll Rand,SN100096
M11719,MA1AB100000004719,WO14719,SUV Pro,GA-2,STN-02,2026-03-05 08:18,ENG-1059,SUP-199,EMP205,TL-026,,Tool_26,Robot Arm,Plant-A,2026-05-25,2026-08-23,Out of Service,99.11,Atlas Copco,SN100025
M11720,MA1AB100000004720,WO14720,Hatch Z,TRIM-1,STN-01,2026-03-05 08:20,ENG-1003,SUP-132,EMP200,TL-035,,Tool_35,Torque Wrench,Plant-A,2026-04-06,2026-07-05,Active,95.1,Atlas Copco,SN100034
M11721,MA1AB100000004721,WO14721,SUV Pro,GA-1,STN-02,2026-03-05 08:21,ENG-1343,SUP-130,EMP395,TL-067,B,Tool_67,Torque Wrench,Plant-A,2026-02-10,2026-05-11,Active,95.24,Bosch,SN100066
M11722,MA1AB100000004722,WO14722,Sedan X,TRIM-1,STN-03,2026-03-05 08:22,ENG-1199,SUP-028,EMP159,TL-096,B,Tool_96,Nut Runner,Plant-A,2026-04-26,2026-07-25,Active,95.35,Stanley,SN100095
M11723,MA1AB100000004723,WO14723,Hatch Z,TRIM-1,STN-05,2026-03-05 08:23,ENG-1452,SUP-153,EMP164,TL-060,A,Tool_60,Welding Gun,Plant-B,2026-02-09,2026-05-10,Active,95.55,Atlas Copco,SN100059
M11724,MA1AB100000004724,WO14724,Hatch Z,PAINT-1, stn-05 ,2026-03-05 08:25,ENG-1201,SUP-013,EMP212,TL-028,,Tool_28,Press Tool,Plant-C,2026-01-25,2026-04-25,Out of Service,97.87,Ingersoll Rand,SN100027
M11725,MA1AB100000004725,WO14725,Hatch Z,PAINT-1,Stn-03,2026-03-05 08:26,ENG-1074,SUP-132,EMP287,TL-094,,Tool_94,Press Tool,Plant-C,2026-05-10,2026-08-08,Maintenance,98.64,Stanley,SN100093
M11726,MA1AB100000004726,WO14726,Hatch Z,GA-1,STN-05,2026-03-05 08:27,ENG-1395,SUP-197,EMP232,TL-100,B,Tool_100,Welding Gun,Plant-A,2026-04-25,2026-07-24,Maintenance,97.13,Ingersoll Rand,SN100099
M11727,MA1AB100000004727,WO14727,Hatch Z,TRIM-1,STN-04,2026-03-05 08:28,ENG-1356,SUP-063,EMP126,TL-092,A,Tool_92,Nut Runner,Plant-C,2026-06-25,2026-09-23,Active,97.7,Bosch,SN100091
M11728,MA1AB100000004728,WO14728,Hatch Z,GA-1,STN-04,2026-03-05 08:30,ENG-1121,SUP-128,EMP245,TL-079,C,Tool_79,Press Tool,Plant-C,2026-04-14,2026-07-13,Active,96.15,Ingersoll Rand,SN100078
M11729,MA1AB100000004729,WO14729,SUV Pro,PAINT-1,STN-04,2026-03-05 08:31,ENG-1350,SUP-165,EMP229,TL-040,C,Tool_40,Welding Gun,Plant-A,2026-04-02,2026-07-01,Active,98.84,Atlas Copco,SN100039
M11730,MA1AB100000004730,WO14730,Sedan X,GA-1,STN-04,2026-03-05 08:32,ENG-1206,SUP-149,EMP187,TL-096,,Tool_96,Nut Runner,Plant-A,2026-04-26,2026-07-25,Active,95.35,Stanley,SN100095
M11731,MA1AB100000004731,WO14731,Sedan X,TRIM-1, stn-05 ,2026-03-05 08:33,ENG-1394,SUP-088,EMP245,TL-084,B,Tool_84,Torque Wrench,Plant-C,2026-02-03,2026-05-04,Out of Service,97.78,Ingersoll Rand,SN100083
M11732,MA1AB100000004732,WO14732,SUV Pro,TRIM-1,Stn-03,2026-03-05 08:35,ENG-1181,SUP-146,EMP155,TL-089,,Tool_89,Welding Gun,Plant-B,2026-06-20,2026-09-18,Out of Service,97.46,Stanley,SN100088
M11733,MA1AB100000004733,WO14733,Sedan X,PAINT-1,STN-02,2026-03-05 08:36,ENG-1174,SUP-149,EMP363,TL-027,C,Tool_27,Robot Arm,Plant-A,2026-03-13,2026-06-11,Active,95.63,Atlas Copco,SN100026
M11734,MA1AB100000004734,WO14734,Hatch Z,GA-1,STN-04,2026-03-05 08:37,ENG-1415,SUP-156,EMP393,TL-055,C,Tool_55,Nut Runner,Plant-A,2026-01-22,2026-04-22,Out of Service,95.5,Atlas Copco,SN100054
M11735,MA1AB100000004735,WO14735,Hatch Z,PAINT-1,STN-04,2026-03-05 08:38,ENG-1259,SUP-194,EMP214,TL-087,,Tool_87,Robot Arm,Plant-B,2026-02-09,2026-05-10,Maintenance,99.98,Stanley,SN100086
M11736,MA1AB100000004736,WO14736,SUV Pro,TRIM-1, stn-05 ,2026-03-05 08:40,ENG-1408,SUP-142,EMP136,TL-049,,Tool_49,Press Tool,Plant-A,2026-01-18,2026-04-18,Active,97.7,Atlas Copco,SN100048
M11737,MA1AB100000004737,WO14737,Hatch Z,PAINT-1,Stn-03,2026-03-05 08:41,ENG-1111,SUP-079,EMP119,TL-063,B,Tool_63,Welding Gun,Plant-B,2026-03-03,2026-06-01,Active,99.78,Ingersoll Rand,SN100062
M11738,MA1AB100000004738,WO14738,Sedan X,TRIM-1, stn-05 ,2026-03-05 08:42,ENG-1343,SUP-026,EMP338,TL-060,,Tool_60,Welding Gun,Plant-B,2026-02-09,2026-05-10,Active,95.55,Atlas Copco,SN100059
M11739,MA1AB100000004739,WO14739,Sedan X,GA-2,STN-03,2026-03-05 08:43,ENG-1336,SUP-007,EMP101,TL-063,B,Tool_63,Welding Gun,Plant-B,2026-03-03,2026-06-01,Active,99.78,Ingersoll Rand,SN100062
M11740,MA1AB100000004740,WO14740,SUV Pro,GA-2,STN-02,2026-03-05 08:45,ENG-1097,SUP-051,EMP356,TL-042,C,Tool_42,Welding Gun,Plant-C,2026-03-03,2026-06-01,Out of Service,97.14,Ingersoll Rand,SN100041
M11741,MA1AB100000004741,WO14741,Sedan X,GA-2,STN-02,2026-03-05 08:46,ENG-1209,SUP-149,EMP274,TL-017,C,Tool_17,Torque Wrench,Plant-C,2026-01-08,2026-04-08,Maintenance,96.84,Atlas Copco,SN100016
M11742,MA1AB100000004742,WO14742,Hatch Z,GA-1, stn-05 ,2026-03-05 08:47,ENG-1095,SUP-058,EMP144,TL-098,B,Tool_98,Press Tool,Plant-A,2026-06-01,2026-08-30,Active,98.11,Stanley,SN100097
M11743,MA1AB100000004743,WO14743,Hatch Z,TRIM-1,STN-03,2026-03-05 08:48,ENG-1100,SUP-041,EMP334,TL-031,C,Tool_31,Nut Runner,Plant-A,2026-01-31,2026-05-01,Active,97.01,Atlas Copco,SN100030
M11744,MA1AB100000004744,WO14744,Hatch Z,PAINT-1,Stn-03,2026-03-05 08:50,ENG-1060,SUP-073,EMP330,TL-020,C,Tool_20,Robot Arm,Plant-C,2026-06-24,2026-09-22,Active,99.27,Ingersoll Rand,SN100019
M11745,MA1AB100000004745,WO14745,Hatch Z,GA-1,STN-02,2026-03-05 08:51,ENG-1071,SUP-033,EMP225,TL-035,,Tool_35,Torque Wrench,Plant-A,2026-04-06,2026-07-05,Active,95.1,Atlas Copco,SN100034
M11746,MA1AB100000004746,WO14746,SUV Pro,GA-1,STN-03,2026-03-05 08:52,ENG-1217,SUP-157,EMP268,TL-005,B,Tool_5,Torque Wrench,Plant-C,2026-02-02,2026-05-03,Maintenance,99.68,Ingersoll Rand,SN100004
M11747,MA1AB100000004747,WO14747,Hatch Z,PAINT-1,STN-03,2026-03-05 08:53,ENG-1188,SUP-089,EMP331,TL-006,B,Tool_6,Nut Runner,Plant-B,2026-01-25,2026-04-25,Maintenance,98.24,Ingersoll Rand,SN100005
M11748,MA1AB100000004748,WO14748,Sedan X,GA-1,STN-04,2026-03-05 08:55,ENG-1058,SUP-121,EMP228,TL-010,B,Tool_10,Welding Gun,Plant-B,2026-02-07,2026-05-08,Maintenance,98.91,Atlas Copco,SN100009
M11749,MA1AB100000004749,WO14749,SUV Pro,PAINT-1,STN-03,2026-03-05 08:56,ENG-1479,SUP-093,EMP388,TL-036,,Tool_36,Nut Runner,Plant-B,2026-02-08,2026-05-09,Active,95.2,Stanley,SN100035
M11750,MA1AB100000004750,WO14750,SUV Pro,GA-1,Stn-03,2026-03-05 08:57,ENG-1081,SUP-028,EMP382,TL-073,B,Tool_73,Welding Gun,Plant-C,2026-03-17,2026-06-15,Active,96.96,Ingersoll Rand,SN100072
M11751,MA1AB100000004751,WO14751,Hatch Z,GA-1, stn-05 ,2026-03-05 08:58,ENG-1075,SUP-123,EMP107,TL-054,C,Tool_54,Press Tool,Plant-C,2026-01-18,2026-04-18,Active,99.35,Ingersoll Rand,SN100053
M11752,MA1AB100000004752,WO14752,Sedan X,TRIM-1, stn-05 ,2026-03-05 09:00,ENG-1207,SUP-027,EMP178,TL-022,B,Tool_22,Press Tool,Plant-C,2026-03-22,2026-06-20,Out of Service,95.43,Bosch,SN100021
M11753,MA1AB100000004753,WO14753,Hatch Z,GA-2, stn-05 ,2026-03-05 09:01,ENG-1363,SUP-162,EMP113,TL-047,,Tool_47,Robot Arm,Plant-A,2026-04-17,2026-07-16,Active,99.69,Ingersoll Rand,SN100046
M11754,MA1AB100000004754,WO14754,SUV Pro,PAINT-1,STN-04,2026-03-05 09:02,ENG-1285,SUP-178,EMP280,TL-032,A,Tool_32,Press Tool,Plant-A,2026-03-27,2026-06-25,Maintenance,97.67,Bosch,SN100031
M11755,MA1AB100000004755,WO14755,SUV Pro,PAINT-1,STN-03,2026-03-05 09:03,ENG-1165,SUP-088,EMP397,TL-043,A,Tool_43,Torque Wrench,Plant-B,2026-04-28,2026-07-27,Active,96.51,Ingersoll Rand,SN100042
M11756,MA1AB100000004756,WO14756,Sedan X,TRIM-1,STN-02,2026-03-05 09:05,ENG-1361,SUP-086,EMP319,TL-001,,Tool_1,Welding Gun,Plant-A,2026-05-21,2026-08-19,Maintenance,98.97,Bosch,SN100000
M11757,MA1AB100000004757,WO14757,SUV Pro,TRIM-1,Stn-03,2026-03-05 09:06,ENG-1275,SUP-156,EMP259,TL-028,B,Tool_28,Press Tool,Plant-C,2026-01-25,2026-04-25,Out of Service,97.87,Ingersoll Rand,SN100027
M11758,MA1AB100000004758,WO14758,Hatch Z,GA-2,STN-04,2026-03-05 09:07,ENG-1209,SUP-050,EMP395,TL-093,A,Tool_93,Nut Runner,Plant-A,2026-03-03,2026-06-01,Out of Service,98.43,Ingersoll Rand,SN100092
M11759,MA1AB100000004759,WO14759,SUV Pro,TRIM-1,STN-01,2026-03-05 09:08,ENG-1014,SUP-134,EMP191,TL-089,B,Tool_89,Welding Gun,Plant-B,2026-06-20,2026-09-18,Out of Service,97.46,Stanley,SN100088
M11760,MA1AB100000004760,WO14760,SUV Pro,TRIM-1, stn-05 ,2026-03-05 09:10,ENG-1338,SUP-037,EMP317,TL-073,A,Tool_73,Welding Gun,Plant-C,2026-03-17,2026-06-15,Active,96.96,Ingersoll Rand,SN100072
M11761,MA1AB100000004761,WO14761,Sedan X,GA-2,STN-02,2026-03-05 09:11,ENG-1031,SUP-145,EMP327,TL-048,C,Tool_48,Nut Runner,Plant-B,2026-04-17,2026-07-16,Active,96.56,Stanley,SN100047
M11762,MA1AB100000004762,WO14762,Hatch Z,GA-1,STN-04,2026-03-05 09:12,ENG-1053,SUP-118,EMP119,TL-056,,Tool_56,Torque Wrench,Plant-C,2026-04-06,2026-07-05,Active,97.45,Atlas Copco,SN100055
M11763,MA1AB100000004763,WO14763,Sedan X,GA-1,STN-03,2026-03-05 09:13,ENG-1347,SUP-028,EMP188,TL-005,A,Tool_5,Torque Wrench,Plant-C,2026-02-02,2026-05-03,Maintenance,99.68,Ingersoll Rand,SN100004
M11764,MA1AB100000004764,WO14764,Sedan X,GA-2,STN-03,2026-03-05 09:15,ENG-1158,SUP-157,EMP116,TL-059,,Tool_59,Robot Arm,Plant-B,2026-04-15,2026-07-14,Active,95.72,Stanley,SN100058
M11765,MA1AB100000004765,WO14765,Hatch Z,TRIM-1,STN-02,2026-03-05 09:16,ENG-1467,SUP-030,EMP295,TL-024,A,Tool_24,Robot Arm,Plant-A,2026-02-23,2026-05-24,Active,96.19,Ingersoll Rand,SN100023
M11766,MA1AB100000004766,WO14766,Hatch Z,GA-2, stn-05 ,2026-03-05 09:17,ENG-1121,SUP-194,EMP218,TL-076,A,Tool_76,Welding Gun,Plant-C,2026-02-22,2026-05-23,Maintenance,98.13,Ingersoll Rand,SN100075
M11767,MA1AB100000004767,WO14767,Hatch Z,GA-2,STN-05,2026-03-05 09:18,ENG-1470,SUP-097,EMP175,TL-015,A,Tool_15,Robot Arm,Plant-C,2026-05-26,2026-08-24,Out of Service,97.88,Atlas Copco,SN100014
M11768,MA1AB100000004768,WO14768,SUV Pro,GA-2,STN-01,2026-03-05 09:20,ENG-1245,SUP-022,EMP181,TL-023,,Tool_23,Welding Gun,Plant-A,2026-04-29,2026-07-28,Active,95.35,Bosch,SN100022
M11769,MA1AB100000004769,WO14769,Sedan X,GA-1,STN-05,2026-03-05 09:21,ENG-1064,SUP-038,EMP361,TL-030,,Tool_30,Nut Runner,Plant-A,2026-02-18,2026-05-19,Out of Service,97.07,Ingersoll Rand,SN100029
M11770,MA1AB100000004770,WO14770,SUV Pro,PAINT-1,STN-02,2026-03-05 09:22,ENG-1232,SUP-200,EMP127,TL-041,C,Tool_41,Robot Arm,Plant-A,2026-02-27,2026-05-28,Maintenance,97.13,Atlas Copco,SN100040
M11771,MA1AB100000004771,WO14771,Hatch Z,PAINT-1,STN-04,2026-03-05 09:23,ENG-1376,SUP-139,EMP374,TL-057,B,Tool_57,Welding Gun,Plant-A,2026-05-01,2026-07-30,Active,98.96,Bosch,SN100056
M11772,MA1AB100000004772,WO14772,Hatch Z,GA-2,STN-01,2026-03-05 09:25,ENG-1204,SUP-050,EMP177,TL-021,A,Tool_21,Press Tool,Plant-C,2026-01-09,2026-04-09,Out of Service,95.18,Atlas Copco,SN100020
M11773,MA1AB100000004773,WO14773,Sedan X,GA-2,STN-04,2026-03-05 09:26,ENG-1499,SUP-148,EMP383,TL-007,C,Tool_7,Nut Runner,Plant-B,2026-06-11,2026-09-09,Out of Service,95.88,Stanley,SN100006
M11774,MA1AB100000004774,WO14774,SUV Pro,TRIM-1, stn-05 ,2026-03-05 09:27,ENG-1214,SUP-094,EMP357,TL-075,C,Tool_75,Press Tool,Plant-C,2026-04-22,2026-07-21,Active,99.86,Ingersoll Rand,SN100074
M11775,MA1AB100000004775,WO14775,Sedan X,PAINT-1,STN-04,2026-03-05 09:28,ENG-1209,SUP-004,EMP390,TL-054,A,Tool_54,Press Tool,Plant-C,2026-01-18,2026-04-18,Active,99.35,Ingersoll Rand,SN100053
M11776,MA1AB100000004776,WO14776,Hatch Z,TRIM-1,Stn-03,2026-03-05 09:30,ENG-1486,SUP-068,EMP325,TL-020,C,Tool_20,Robot Arm,Plant-C,2026-06-24,2026-09-22,Active,99.27,Ingersoll Rand,SN100019
M11777,MA1AB100000004777,WO14777,SUV Pro,GA-2,STN-03,2026-03-05 09:31,ENG-1236,SUP-056,EMP331,TL-071,,Tool_71,Welding Gun,Plant-B,2026-04-11,2026-07-10,Active,98.12,Atlas Copco,SN100070
M11778,MA1AB100000004778,WO14778,Hatch Z,PAINT-1,STN-04,2026-03-05 09:32,ENG-1253,SUP-141,EMP374,TL-034,A,Tool_34,Torque Wrench,Plant-A,2026-06-25,2026-09-23,Out of Service,99.85,Stanley,SN100033
M11779,MA1AB100000004779,WO14779,SUV Pro,GA-1,Stn-03,2026-03-05 09:33,ENG-1356,SUP-179,EMP239,TL-054,C,Tool_54,Press Tool,Plant-C,2026-01-18,2026-04-18,Active,99.35,Ingersoll Rand,SN100053
M11780,MA1AB100000004780,WO14780,SUV Pro,TRIM-1,STN-04,2026-03-05 09:35,ENG-1397,SUP-014,EMP322,TL-012,B,Tool_12,Press Tool,Plant-B,2026-05-30,2026-08-28,Out of Service,98.02,Bosch,SN100011
M11781,MA1AB100000004781,WO14781,Hatch Z,TRIM-1,STN-02,2026-03-05 09:36,ENG-1279,SUP-079,EMP179,TL-052,A,Tool_52,Torque Wrench,Plant-A,2026-04-12,2026-07-11,Out of Service,99.68,Ingersoll Rand,SN100051
M11782,MA1AB100000004782,WO14782,Hatch Z,GA-2,STN-05,2026-03-05 09:37,ENG-1407,SUP-038,EMP305,TL-088,A,Tool_88,Welding Gun,Plant-B,2026-04-25,2026-07-24,Active,95.24,Stanley,SN100087
M11783,MA1AB100000004783,WO14783,Hatch Z,TRIM-1,STN-03,2026-03-05 09:38,ENG-1061,SUP-113,EMP113,TL-001,C,Tool_1,Welding Gun,Plant-A,2026-05-21,2026-08-19,Maintenance,98.97,Bosch,SN100000
M11784,MA1AB100000004784,WO14784,Sedan X,TRIM-1,STN-01,2026-03-05 09:40,ENG-1330,SUP-133,EMP317,TL-005,C,Tool_5,Torque Wrench,Plant-C,2026-02-02,2026-05-03,Maintenance,99.68,Ingersoll Rand,SN100004
M11785,MA1AB100000004785,WO14785,SUV Pro,TRIM-1,STN-05,2026-03-05 09:41, eng-1001 ,SUP-132,EMP105,TL-026,A,Tool_26,Robot Arm,Plant-A,2026-05-25,2026-08-23,Out of Service,99.11,Atlas Copco,SN100025
M11786,MA1AB100000004786,WO14786,Hatch Z,TRIM-1,STN-04,2026-03-05 09:42,ENG-1156,SUP-121,EMP395,TL-048,A,Tool_48,Nut Runner,Plant-B,2026-04-17,2026-07-16,Active,96.56,Stanley,SN100047
M11787,MA1AB100000004787,WO14787,Sedan X,TRIM-1,STN-05,2026-03-05 09:43,ENG-1268,SUP-049,EMP163,TL-023,C,Tool_23,Welding Gun,Plant-A,2026-04-29,2026-07-28,Active,95.35,Bosch,SN100022
M11788,MA1AB100000004788,WO14788,Sedan X,PAINT-1,STN-02,2026-03-05 09:45,ENG-1191,SUP-173,EMP238,TL-011,,Tool_11,Welding Gun,Plant-B,2026-01-03,2026-04-03,Out of Service,99.43,Atlas Copco,SN100010
M11789,MA1AB100000004789,WO14789,Sedan X,GA-1,STN-05,2026-03-05 09:46,ENG-1309,SUP-022,EMP384,TL-088,C,Tool_88,Welding Gun,Plant-B,2026-04-25,2026-07-24,Active,95.24,Stanley,SN100087
M11790,MA1AB100000004790,WO14790,Hatch Z,GA-1,STN-05,2026-03-05 09:47,ENG-1225,SUP-001,EMP160,TL-061,A,Tool_61,Nut Runner,Plant-C,2026-06-29,2026-09-27,Active,99.71,Ingersoll Rand,SN100060
M11791,MA1AB100000004791,WO14791,Hatch Z,TRIM-1,STN-04,2026-03-05 09:48,ENG-1446,SUP-027,EMP287,TL-022,A,Tool_22,Press Tool,Plant-C,2026-03-22,2026-06-20,Out of Service,95.43,Bosch,SN100021
M11792,MA1AB100000004792,WO14792,SUV Pro,TRIM-1, stn-05 ,2026-03-05 09:50,ENG-1052,SUP-186,EMP128,TL-061,C,Tool_61,Nut Runner,Plant-C,2026-06-29,2026-09-27,Active,99.71,Ingersoll Rand,SN100060
M11793,MA1AB100000004793,WO14793,Sedan X,PAINT-1,STN-02,2026-03-05 09:51,ENG-1115,SUP-109,EMP380,TL-075,C,Tool_75,Press Tool,Plant-C,2026-04-22,2026-07-21,Active,99.86,Ingersoll Rand,SN100074
M11794,MA1AB100000004794,WO14794,Hatch Z,TRIM-1,STN-05,2026-03-05 09:52,ENG-1194,SUP-116,EMP177,TL-083,C,Tool_83,Nut Runner,Plant-A,2026-01-22,2026-04-22,Out of Service,98.35,Bosch,SN100082
M11795,MA1AB100000004795,WO14795,SUV Pro,GA-1, stn-05 ,2026-03-05 09:53,ENG-1027,SUP-084,EMP134,TL-012,A,Tool_12,Press Tool,Plant-B,2026-05-30,2026-08-28,Out of Service,98.02,Bosch,SN100011
M11796,MA1AB100000004796,WO14796,Hatch Z,GA-1,STN-01,2026-03-05 09:55,ENG-1346,SUP-121,EMP126,TL-014,,Tool_14,Nut Runner,Plant-A,2026-02-27,2026-05-28,Maintenance,99.68,Stanley,SN100013
M11797,MA1AB100000004797,WO14797,Hatch Z,PAINT-1,STN-01,2026-03-05 09:56,ENG-1371,SUP-046,EMP106,TL-048,A,Tool_48,Nut Runner,Plant-B,2026-04-17,2026-07-16,Active,96.56,Stanley,SN100047
M11798,MA1AB100000004798,WO14798,Sedan X,PAINT-1, stn-05 ,2026-03-05 09:57,ENG-1147,SUP-145,EMP342,TL-021,B,Tool_21,Press Tool,Plant-C,2026-01-09,2026-04-09,Out of Service,95.18,Atlas Copco,SN100020
M11799,MA1AB100000004799,WO14799,Hatch Z,GA-2,STN-01,2026-03-05 09:58,ENG-1041,SUP-004,EMP188,TL-080,,Tool_80,Robot Arm,Plant-B,2026-03-23,2026-06-21,Maintenance,97.79,Atlas Copco,SN100079
M11800,MA1AB100000004800,WO14800,SUV Pro,TRIM-1,STN-03,2026-03-05 10:00,ENG-1331,SUP-118,EMP270,TL-082,B,Tool_82,Nut Runner,Plant-B,2026-03-18,2026-06-16,Active,95.75,Atlas Copco,SN100081
M11801,MA1AB100000004801,WO14801,Hatch Z,TRIM-1,STN-03,2026-03-05 10:01,ENG-1304,SUP-192,EMP331,TL-096,C,Tool_96,Nut Runner,Plant-A,2026-04-26,2026-07-25,Active,95.35,Stanley,SN100095
M11802,MA1AB100000004802,WO14802,SUV Pro,GA-2,STN-03,2026-03-05 10:02,ENG-1077,SUP-099,EMP232,TL-086,B,Tool_86,Press Tool,Plant-B,2026-03-20,2026-06-18,Active,96.21,Bosch,SN100085
M11803,MA1AB100000004803,WO14803,Sedan X,PAINT-1,STN-01,2026-03-05 10:03,ENG-1207,SUP-073,EMP157,TL-045,B,Tool_45,Welding Gun,Plant-C,2026-03-10,2026-06-08,Active,98.94,Stanley,SN100044
M11804,MA1AB100000004804,WO14804,SUV Pro,PAINT-1,STN-01,2026-03-05 10:05,ENG-1481,SUP-175,EMP287,TL-012,B,Tool_12,Press Tool,Plant-B,2026-05-30,2026-08-28,Out of Service,98.02,Bosch,SN100011
M11805,MA1AB100000004805,WO14805,Sedan X,TRIM-1,Stn-03,2026-03-05 10:06,ENG-1313,SUP-197,EMP217,TL-057,,Tool_57,Welding Gun,Plant-A,2026-05-01,2026-07-30,Active,98.96,Bosch,SN100056
M11806,MA1AB100000004806,WO14806,SUV Pro,TRIM-1,STN-04,2026-03-05 10:07,ENG-1273,SUP-030,EMP292,TL-099,A,Tool_99,Welding Gun,Plant-B,2026-05-20,2026-08-18,Active,97.05,Atlas Copco,SN100098
M11807,MA1AB100000004807,WO14807,Hatch Z,PAINT-1,STN-03,2026-03-05 10:08,ENG-1254,SUP-197,EMP145,TL-059,C,Tool_59,Robot Arm,Plant-B,2026-04-15,2026-07-14,Active,95.72,Stanley,SN100058
M11808,MA1AB100000004808,WO14808,Hatch Z,GA-1,Stn-03,2026-03-05 10:10,ENG-1185,SUP-134,EMP252,TL-079,,Tool_79,Press Tool,Plant-C,2026-04-14,2026-07-13,Active,96.15,Ingersoll Rand,SN100078
M11809,MA1AB100000004809,WO14809,Hatch Z,GA-1,STN-03,2026-03-05 10:11,ENG-1139,SUP-151,EMP117,TL-066,A,Tool_66,Nut Runner,Plant-A,2026-01-13,2026-04-13,Maintenance,98.63,Stanley,SN100065
M11810,MA1AB100000004810,WO14810,Sedan X,PAINT-1,STN-05,2026-03-05 10:12,ENG-1205,SUP-044,EMP245,TL-095,A,Tool_95,Nut Runner,Plant-A,2026-06-25,2026-09-23,Active,99.37,Bosch,SN100094
M11811,MA1AB100000004811,WO14811,Hatch Z,PAINT-1,STN-04,2026-03-05 10:13,ENG-1130,SUP-068,EMP269,TL-004,,Tool_4,Press Tool,Plant-A,2026-01-19,2026-04-19,Active,97.49,Bosch,SN100003
M11812,MA1AB100000004812,WO14812,Sedan X,GA-2,STN-03,2026-03-05 10:15,ENG-1191,SUP-196,EMP224,TL-041,B,Tool_41,Robot Arm,Plant-A,2026-02-27,2026-05-28,Maintenance,97.13,Atlas Copco,SN100040
M11813,MA1AB100000004813,WO14813,SUV Pro,GA-1,STN-01,2026-03-05 10:16,ENG-1461,SUP-030,EMP146,TL-089,A,Tool_89,Welding Gun,Plant-B,2026-06-20,2026-09-18,Out of Service,97.46,Stanley,SN100088
M11814,MA1AB100000004814,WO14814,Hatch Z,PAINT-1,Stn-03,2026-03-05 10:17,ENG-1354,SUP-019,EMP373,TL-033,,Tool_33,Welding Gun,Plant-C,2026-02-25,2026-05-26,Active,97.63,Bosch,SN100032
M11815,MA1AB100000004815,WO14815,Hatch Z,TRIM-1,STN-05,2026-03-05 10:18,ENG-1312,SUP-142,EMP264,TL-077,B,Tool_77,Welding Gun,Plant-C,2026-04-12,2026-07-11,Active,98.71,Stanley,SN100076
M11816,MA1AB100000004816,WO14816,Sedan X,GA-1,STN-02,2026-03-05 10:20,ENG-1182,SUP-148,EMP310,TL-016,B,Tool_16,Robot Arm,Plant-B,2026-04-27,2026-07-26,Active,98.18,Atlas Copco,SN100015
M11817,MA1AB100000004817,WO14817,Sedan X,TRIM-1, stn-05 ,2026-03-05 10:21,ENG-1355,SUP-051,EMP240,TL-089,A,Tool_89,Welding Gun,Plant-B,2026-06-20,2026-09-18,Out of Service,97.46,Stanley,SN100088
M11818,MA1AB100000004818,WO14818,Sedan X,GA-2,STN-02,2026-03-05 10:22,ENG-1336,SUP-108,EMP235,TL-020,C,Tool_20,Robot Arm,Plant-C,2026-06-24,2026-09-22,Active,99.27,Ingersoll Rand,SN100019
M11819,MA1AB100000004819,WO14819,Hatch Z,TRIM-1, stn-05 ,2026-03-05 10:23,ENG-1477,SUP-035,EMP104,TL-043,C,Tool_43,Torque Wrench,Plant-B,2026-04-28,2026-07-27,Active,96.51,Ingersoll Rand,SN100042
M11820,MA1AB100000004820,WO14820,SUV Pro,GA-2,Stn-03,2026-03-05 10:25,ENG-1294,SUP-133,EMP347,TL-071,A,Tool_71,Welding Gun,Plant-B,2026-04-11,2026-07-10,Active,98.12,Atlas Copco,SN100070
M11821,MA1AB100000004821,WO14821,Hatch Z,GA-2,STN-01,2026-03-05 10:26,ENG-1437,SUP-195,EMP244,TL-061,C,Tool_61,Nut Runner,Plant-C,2026-06-29,2026-09-27,Active,99.71,Ingersoll Rand,SN100060
M11822,MA1AB100000004822,WO14822,Hatch Z,PAINT-1,STN-04,2026-03-05 10:27,ENG-1156,SUP-099,EMP102,TL-038,B,Tool_38,Welding Gun,Plant-B,2026-04-18,2026-07-17,Active,97.87,Ingersoll Rand,SN100037
M11823,MA1AB100000004823,WO14823,Hatch Z,GA-2,STN-04,2026-03-05 10:28,ENG-1490,SUP-027,EMP346,TL-093,C,Tool_93,Nut Runner,Plant-A,2026-03-03,2026-06-01,Out of Service,98.43,Ingersoll Rand,SN100092
M11824,MA1AB100000004824,WO14824,Hatch Z,TRIM-1,Stn-03,2026-03-05 10:30,ENG-1450,SUP-047,EMP141,TL-034,,Tool_34,Torque Wrench,Plant-A,2026-06-25,2026-09-23,Out of Service,99.85,Stanley,SN100033
M11825,MA1AB100000004825,WO14825,Sedan X,TRIM-1,STN-02,2026-03-05 10:31,ENG-1255,SUP-087,EMP374,TL-007,C,Tool_7,Nut Runner,Plant-B,2026-06-11,2026-09-09,Out of Service,95.88,Stanley,SN100006
M11826,MA1AB100000004826,WO14826,SUV Pro,GA-2,STN-05,2026-03-05 10:32,ENG-1426,SUP-047,EMP316,TL-058,,Tool_58,Robot Arm,Plant-C,2026-04-28,2026-07-27,Active,96.6,Stanley,SN100057
M11827,MA1AB100000004827,WO14827,Hatch Z,TRIM-1,STN-05,2026-03-05 10:33,ENG-1277,SUP-135,EMP336,TL-061,C,Tool_61,Nut Runner,Plant-C,2026-06-29,2026-09-27,Active,99.71,Ingersoll Rand,SN100060
M11828,MA1AB100000004828,WO14828,SUV Pro,PAINT-1,STN-03,2026-03-05 10:35,ENG-1262,SUP-067,EMP331,TL-098,C,Tool_98,Press Tool,Plant-A,2026-06-01,2026-08-30,Active,98.11,Stanley,SN100097
M11829,MA1AB100000004829,WO14829,Sedan X,GA-2,STN-03,2026-03-05 10:36,ENG-1002,SUP-030,EMP169,TL-093,B,Tool_93,Nut Runner,Plant-A,2026-03-03,2026-06-01,Out of Service,98.43,Ingersoll Rand,SN100092
M11830,MA1AB100000004830,WO14830,SUV Pro,GA-1, stn-05 ,2026-03-05 10:37,ENG-1168,SUP-155,EMP322,TL-024,,Tool_24,Robot Arm,Plant-A,2026-02-23,2026-05-24,Active,96.19,Ingersoll Rand,SN100023
M11831,MA1AB100000004831,WO14831,SUV Pro,GA-1, stn-05 ,2026-03-05 10:38,ENG-1297,SUP-054,EMP228,TL-049,B,Tool_49,Press Tool,Plant-A,2026-01-18,2026-04-18,Active,97.7,Atlas Copco,SN100048
M11832,MA1AB100000004832,WO14832,Hatch Z,GA-1,STN-01,2026-03-05 10:40,ENG-1078,SUP-072,EMP370,TL-037,C,Tool_37,Torque Wrench,Plant-A,2026-02-12,2026-05-13,Maintenance,95.39,Bosch,SN100036
M11833,MA1AB100000004833,WO14833,SUV Pro,GA-2,STN-04,2026-03-05 10:41,ENG-1368,SUP-172,EMP278,TL-053,A,Tool_53,Nut Runner,Plant-A,2026-02-27,2026-05-28,Out of Service,96.41,Stanley,SN100052
M11834,MA1AB100000004834,WO14834,Sedan X,PAINT-1,STN-04,2026-03-05 10:42,ENG-1283,SUP-103,EMP169,TL-091,B,Tool_91,Nut Runner,Plant-B,2026-03-20,2026-06-18,Active,95.45,Atlas Copco,SN100090
M11835,MA1AB100000004835,WO14835,Hatch Z,GA-2,Stn-03,2026-03-05 10:43,ENG-1458,SUP-016,EMP338,TL-004,,Tool_4,Press Tool,Plant-A,2026-01-19,2026-04-19,Active,97.49,Bosch,SN100003
M11836,MA1AB100000004836,WO14836,SUV Pro,PAINT-1,STN-05,2026-03-05 10:45,ENG-1015,SUP-081,EMP218,TL-014,,Tool_14,Nut Runner,Plant-A,2026-02-27,2026-05-28,Maintenance,99.68,Stanley,SN100013
M11837,MA1AB100000004837,WO14837,Sedan X,GA-2, stn-05 ,2026-03-05 10:46,ENG-1066,SUP-116,EMP253,TL-031,B,Tool_31,Nut Runner,Plant-A,2026-01-31,2026-05-01,Active,97.01,Atlas Copco,SN100030
M11838,MA1AB100000004838,WO14838,Sedan X,GA-2,Stn-03,2026-03-05 10:47,ENG-1225,SUP-173,EMP190,TL-084,,Tool_84,Torque Wrench,Plant-C,2026-02-03,2026-05-04,Out of Service,97.78,Ingersoll Rand,SN100083
M11839,MA1AB100000004839,WO14839,Sedan X,TRIM-1, stn-05 ,2026-03-05 10:48,ENG-1332,SUP-042,EMP245,TL-039,,Tool_39,Nut Runner,Plant-C,2026-02-15,2026-05-16,Maintenance,97.07,Ingersoll Rand,SN100038
M11840,MA1AB100000004840,WO14840,SUV Pro,TRIM-1,STN-02,2026-03-05 10:50,ENG-1441,SUP-017,EMP153,TL-017,A,Tool_17,Torque Wrench,Plant-C,2026-01-08,2026-04-08,Maintenance,96.84,Atlas Copco,SN100016
M11841,MA1AB100000004841,WO14841,Sedan X,GA-1,STN-04,2026-03-05 10:51,ENG-1278,SUP-048,EMP385,TL-063,A,Tool_63,Welding Gun,Plant-B,2026-03-03,2026-06-01,Active,99.78,Ingersoll Rand,SN100062
M11842,MA1AB100000004842,WO14842,SUV Pro,TRIM-1,STN-01,2026-03-05 10:52,ENG-1163,SUP-179,EMP252,TL-045,C,Tool_45,Welding Gun,Plant-C,2026-03-10,2026-06-08,Active,98.94,Stanley,SN100044
M11843,MA1AB100000004843,WO14843,Hatch Z,TRIM-1,STN-04,2026-03-05 10:53,ENG-1118,SUP-091,EMP321,TL-042,C,Tool_42,Welding Gun,Plant-C,2026-03-03,2026-06-01,Out of Service,97.14,Ingersoll Rand,SN100041
M11844,MA1AB100000004844,WO14844,Sedan X,GA-1,STN-02,2026/03/05 10:55,ENG-1321,SUP-142,EMP367,TL-023,C,Tool_23,Welding Gun,Plant-A,2026-04-29,2026-07-28,Active,95.35,Bosch,SN100022
M11845,MA1AB100000004845,WO14845,Sedan X,GA-1,STN-02,2026-03-05 10:56,ENG-1468,SUP-170,EMP367,TL-091,,Tool_91,Nut Runner,Plant-B,2026-03-20,2026-06-18,Active,95.45,Atlas Copco,SN100090
M11846,MA1AB100000004846,WO14846,SUV Pro,GA-1,STN-03,2026-03-05 10:57,ENG-1427,SUP-158,EMP239,TL-050,C,Tool_50,Welding Gun,Plant-C,2026-04-30,2026-07-29,Maintenance,98.51,Ingersoll Rand,SN100049
M11847,MA1AB100000004847,WO14847,Sedan X,GA-2, stn-05 ,2026-03-05 10:58,ENG-1430,SUP-137,EMP246,TL-058,A,Tool_58,Robot Arm,Plant-C,2026-04-28,2026-07-27,Active,96.6,Stanley,SN100057
M11848,MA1AB100000004848,WO14848,SUV Pro,GA-2,STN-01,2026-03-05 11:00,ENG-1124,SUP-021,EMP212,TL-087,B,Tool_87,Robot Arm,Plant-B,2026-02-09,2026-05-10,Maintenance,99.98,Stanley,SN100086
M11849,MA1AB100000004849,WO14849,Hatch Z,TRIM-1,STN-01,2026-03-05 11:01,ENG-1405,SUP-188,EMP185,TL-027,B,Tool_27,Robot Arm,Plant-A,2026-03-13,2026-06-11,Active,95.63,Atlas Copco,SN100026
M11850,MA1AB100000004850,WO14850,Sedan X,GA-2,Stn-03,2026-03-05 11:02,ENG-1221,SUP-098,EMP367,TL-056,C,Tool_56,Torque Wrench,Plant-C,2026-04-06,2026-07-05,Active,97.45,Atlas Copco,SN100055
M11851,MA1AB100000004851,WO14851,Sedan X,TRIM-1,Stn-03,2026-03-05 11:03,ENG-1383,SUP-124,EMP379,TL-050,B,Tool_50,Welding Gun,Plant-C,2026-04-30,2026-07-29,Maintenance,98.51,Ingersoll Rand,SN100049
M11852,MA1AB100000004852,WO14852,SUV Pro,PAINT-1,STN-02,2026-03-05 11:05,ENG-1241,SUP-037,EMP370,TL-060,,Tool_60,Welding Gun,Plant-B,2026-02-09,2026-05-10,Active,95.55,Atlas Copco,SN100059
M11853,MA1AB100000004853,WO14853,Sedan X,GA-2,STN-02,2026-03-05 11:70,ENG-1003,SUP-130,EMP347,TL-058,B,Tool_58,Robot Arm,Plant-C,2026-04-28,2026-07-27,Active,96.6,Stanley,SN100057
M11854,MA1AB100000004854,WO14854,SUV Pro,TRIM-1,STN-01,2026-03-05 11:07,ENG-1489,SUP-191,EMP103,TL-053,B,Tool_53,Nut Runner,Plant-A,2026-02-27,2026-05-28,Out of Service,96.41,Stanley,SN100052
M11855,MA1AB100000004855,WO14855,Hatch Z,GA-2,Stn-03,2026-03-05 11:08,ENG-1113,SUP-069,EMP277,TL-097,C,Tool_97,Nut Runner,Plant-A,2026-04-22,2026-07-21,Active,99.35,Ingersoll Rand,SN100096
M11856,MA1AB100000004856,WO14856,SUV Pro,GA-2,STN-03,2026-03-05 11:10,ENG-1456,SUP-109,EMP188,TL-025,B,Tool_25,Nut Runner,Plant-C,2026-02-19,2026-05-20,Out of Service,98.88,Atlas Copco,SN100024
M11857,MA1AB100000004857,WO14857,SUV Pro,TRIM-1, stn-05 ,2026-03-05 11:11,ENG-1365,SUP-197,EMP118,TL-008,C,Tool_8,Welding Gun,Plant-A,2026-06-05,2026-09-03,Maintenance,95.49,Ingersoll Rand,SN100007
M11858,MA1AB100000004858,WO14858,SUV Pro,GA-2,STN-03,2026-03-05 11:12,ENG-1271,SUP-092,EMP399,TL-061,B,Tool_61,Nut Runner,Plant-C,2026-06-29,2026-09-27,Active,99.71,Ingersoll Rand,SN100060
M11859,MA1AB100000004859,WO14859,Sedan X,GA-2,Stn-03,2026-03-05 11:13,ENG-1236,SUP-057,EMP164,TL-022,C,Tool_22,Press Tool,Plant-C,2026-03-22,2026-06-20,Out of Service,95.43,Bosch,SN100021
M11860,MA1AB100000004860,WO14860,SUV Pro,GA-1,STN-03,2026-03-05 11:15,ENG-1363,SUP-042,EMP230,TL-006,B,Tool_6,Nut Runner,Plant-B,2026-01-25,2026-04-25,Maintenance,98.24,Ingersoll Rand,SN100005
M11861,MA1AB100000004861,WO14861,SUV Pro,PAINT-1,STN-03,2026-03-05 11:16,ENG-1148,SUP-106,EMP366,TL-078,B,Tool_78,Press Tool,Plant-A,2026-03-26,2026-06-24,Maintenance,99.88,Bosch,SN100077
M11862,MA1AB100000004862,WO14862,Hatch Z,TRIM-1,STN-04,2026-03-05 11:17,ENG-1332,SUP-010,EMP250,TL-014,A,Tool_14,Nut Runner,Plant-A,2026-02-27,2026-05-28,Maintenance,99.68,Stanley,SN100013
M11863,MA1AB100000004863,WO14863,SUV Pro,TRIM-1,STN-05,2026-03-05 11:18,ENG-1275,SUP-018,EMP284,TL-999,,Unknown Tool,Unknown Type,,,,,,,
M11864,MA1AB100000004864,WO14864,Hatch Z,PAINT-1,STN-04,2026-03-05 11:20,ENG-1445,SUP-166,EMP335,TL-030,,Tool_30,Nut Runner,Plant-A,2026-02-18,2026-05-19,Out of Service,97.07,Ingersoll Rand,SN100029
M11865,MA1AB100000004865,WO14865,SUV Pro,TRIM-1,STN-05,2026-03-05 11:21,ENG-1005,SUP-077,EMP242,TL-066,C,Tool_66,Nut Runner,Plant-A,2026-01-13,2026-04-13,Maintenance,98.63,Stanley,SN100065
M11866,MA1AB100000004866,WO14866,Hatch Z,TRIM-1,STN-04,2026-03-05 11:22,ENG-1382,SUP-059,EMP206,TL-024,B,Tool_24,Robot Arm,Plant-A,2026-02-23,2026-05-24,Active,96.19,Ingersoll Rand,SN100023
M11867,MA1AB100000004867,WO14867,Hatch Z,GA-1, stn-05 ,2026-03-05 11:23,ENG-1083,SUP-073,EMP378,TL-078,C,Tool_78,Press Tool,Plant-A,2026-03-26,2026-06-24,Maintenance,99.88,Bosch,SN100077
M11868,MA1AB100000004868,WO14868,SUV Pro,TRIM-1, stn-05 ,2026-03-05 11:25,ENG-1224,SUP-008,EMP105,TL-085,,Tool_85,Nut Runner,Plant-A,2026-01-29,2026-04-29,Out of Service,98.68,Stanley,SN100084
M11869,MA1AB100000004869,WO14869,Sedan X,GA-2, stn-05 ,2026-03-05 11:26,ENG-1314,SUP-068,EMP260,TL-075,C,Tool_75,Press Tool,Plant-C,2026-04-22,2026-07-21,Active,99.86,Ingersoll Rand,SN100074
M11870,MA1AB100000004870,WO14870,Sedan X,TRIM-1,STN-03,2026-03-05 11:27,ENG-1016,SUP-125,EMP311,TL-004,C,Tool_4,Press Tool,Plant-A,2026-01-19,2026-04-19,Active,97.49,Bosch,SN100003
M11871,MA1AB100000004871,WO14871,Sedan X,GA-1,STN-01,2026-03-05 11:28,ENG-1065,SUP-184,EMP124,TL-029,B,Tool_29,Press Tool,Plant-C,2026-04-30,2026-07-29,Maintenance,98.95,Stanley,SN100028
M11872,MA1AB100000004872,WO14872,Hatch Z,GA-1, stn-05 ,2026-03-05 11:30,ENG-1060,SUP-062,EMP358,TL-064,A,Tool_64,Press Tool,Plant-A,2026-02-03,2026-05-04,Active,98.09,Atlas Copco,SN100063
M11873,MA1AB100000004873,WO14873,SUV Pro,GA-2,STN-05,2026-03-05 11:31,ENG-1114,SUP-064,EMP282,TL-055,A,Tool_55,Nut Runner,Plant-A,2026-01-22,2026-04-22,Out of Service,95.5,Atlas Copco,SN100054
M11874,MA1AB100000004874,WO14874,SUV Pro,GA-1,STN-01,2026-03-05 11:32,ENG-1276,SUP-173,EMP108,TL-015,C,Tool_15,Robot Arm,Plant-C,2026-05-26,2026-08-24,Out of Service,97.88,Atlas Copco,SN100014
M11875,MA1AB100000004875,WO14875,Sedan X,GA-2,STN-04,2026-03-05 11:33,ENG-1143,SUP-051,EMP266,TL-052,,Tool_52,Torque Wrench,Plant-A,2026-04-12,2026-07-11,Out of Service,99.68,Ingersoll Rand,SN100051
M11876,MA1AB100000004876,WO14876,Sedan X,GA-2, stn-05 ,2026-03-05 11:35,ENG-1335,SUP-116,EMP351,TL-022,,Tool_22,Press Tool,Plant-C,2026-03-22,2026-06-20,Out of Service,95.43,Bosch,SN100021
M11877,MA1AB100000004877,WO14877,Sedan X,PAINT-1,STN-04,2026-03-05 11:36,ENG-1187,SUP-156,EMP320,TL-085,C,Tool_85,Nut Runner,Plant-A,2026-01-29,2026-04-29,Out of Service,98.68,Stanley,SN100084
M11878,MA1AB100000004878,WO14878,SUV Pro,PAINT-1,STN-03,2026-03-05 11:37,ENG-1491,SUP-127,EMP274,TL-073,C,Tool_73,Welding Gun,Plant-C,2026-03-17,2026-06-15,Active,96.96,Ingersoll Rand,SN100072
M11879,MA1AB100000004879,WO14879,Hatch Z,PAINT-1,STN-03,2026-03-05 11:38,ENG-1013,SUP-088,EMP265,TL-084,B,Tool_84,Torque Wrench,Plant-C,2026-02-03,2026-05-04,Out of Service,97.78,Ingersoll Rand,SN100083
M11880,MA1AB100000004880,WO14880,Hatch Z,TRIM-1,STN-02,2026-03-05 11:40,ENG-1288,SUP-182,EMP142,TL-057,A,Tool_57,Welding Gun,Plant-A,2026-05-01,2026-07-30,Active,98.96,Bosch,SN100056
M11881,MA1AB100000004881,WO14881,SUV Pro,PAINT-1,Stn-03,2026-03-05 11:41,ENG-1146,SUP-020,EMP386,TL-029,C,Tool_29,Press Tool,Plant-C,2026-04-30,2026-07-29,Maintenance,98.95,Stanley,SN100028
M11882,MA1AB100000004882,WO14882,Sedan X,PAINT-1,STN-02,2026-03-05 11:42,ENG-1378,SUP-170,EMP287,TL-019,A,Tool_19,Torque Wrench,Plant-B,2026-05-30,2026-08-28,Active,96.08,Atlas Copco,SN100018
M11883,MA1AB100000004883,WO14883,SUV Pro,GA-2,Stn-03,2026-03-05 11:43,ENG-1388,SUP-020,EMP301,TL-084,C,Tool_84,Torque Wrench,Plant-C,2026-02-03,2026-05-04,Out of Service,97.78,Ingersoll Rand,SN100083
M11884,MA1AB100000004884,WO14884,Sedan X,GA-1,STN-05,2026-03-05 11:45,ENG-1322,,EMP194,TL-012,C,Tool_12,Press Tool,Plant-B,2026-05-30,2026-08-28,Out of Service,98.02,Bosch,SN100011
M11885,MA1AB100000004885,WO14885,SUV Pro,TRIM-1,STN-03,2026-03-05 11:46,ENG-1363,SUP-076,EMP263,TL-020,A,Tool_20,Robot Arm,Plant-C,2026-06-24,2026-09-22,Active,99.27,Ingersoll Rand,SN100019
M11886,MA1AB100000004886,WO14886,Sedan X,GA-1,Stn-03,2026-03-05 11:47,ENG-1413,SUP-171,EMP169,TL-061,,Tool_61,Nut Runner,Plant-C,2026-06-29,2026-09-27,Active,99.71,Ingersoll Rand,SN100060
M11887,MA1AB100000004887,WO14887,Hatch Z,PAINT-1,STN-04,2026-03-05 11:48,ENG-1103,SUP-007,EMP362,TL-094,B,Tool_94,Press Tool,Plant-C,2026-05-10,2026-08-08,Maintenance,98.64,Stanley,SN100093
M11888,MA1AB100000004888,WO14888,SUV Pro,GA-1,STN-02,2026-03-05 11:50,ENG-1421,SUP-187,EMP285,TL-088,B,Tool_88,Welding Gun,Plant-B,2026-04-25,2026-07-24,Active,95.24,Stanley,SN100087
M11889,MA1AB100000004889,WO14889,Sedan X,GA-1,Stn-03,2026-03-05 11:51,ENG-1086,SUP-189,EMP245,TL-037,A,Tool_37,Torque Wrench,Plant-A,2026-02-12,2026-05-13,Maintenance,95.39,Bosch,SN100036
M11890,MA1AB100000004890,WO14890,Hatch Z,GA-2,STN-05,2026-03-05 11:52,ENG-1102,SUP-198,EMP323,TL-030,C,Tool_30,Nut Runner,Plant-A,2026-02-18,2026-05-19,Out of Service,97.07,Ingersoll Rand,SN100029
M11891,MA1AB100000004891,WO14891,Hatch Z,GA-1,STN-05,2026-03-05 11:53,ENG-1128,SUP-024,EMP190,TL-092,A,Tool_92,Nut Runner,Plant-C,2026-06-25,2026-09-23,Active,97.7,Bosch,SN100091
M11892,MA1AB100000004892,WO14892,Hatch Z,GA-1,STN-03,2026-03-05 11:55,ENG-1367,SUP-169,EMP184,TL-046,,Tool_46,Torque Wrench,Plant-C,2026-01-19,2026-04-19,Active,95.51,Ingersoll Rand,SN100045
M11893,MA1AB100000004893,WO14893,Hatch Z,PAINT-1,STN-05,2026-03-05 11:56,ENG-1290,SUP-016,EMP113,TL-037,,Tool_37,Torque Wrench,Plant-A,2026-02-12,2026-05-13,Maintenance,95.39,Bosch,SN100036
M11894,MA1AB100000004894,WO14894,Hatch Z,PAINT-1,STN-01,2026-03-05 11:57,ENG-1069,SUP-168,EMP221,TL-020,C,Tool_20,Robot Arm,Plant-C,2026-06-24,2026-09-22,Active,99.27,Ingersoll Rand,SN100019
M11895,MA1AB100000004895,WO14895,SUV Pro,TRIM-1,STN-01,2026-03-05 11:58,ENG-1044,SUP-142,EMP144,TL-999,A,Unknown Tool,Unknown Type,,,,,,,
M11896,MA1AB100000004896,WO14896,Sedan X,PAINT-1, stn-05 ,2026-03-05 12:00,ENG-1493,SUP-187,EMP219,TL-034,C,Tool_34,Torque Wrench,Plant-A,2026-06-25,2026-09-23,Out of Service,99.85,Stanley,SN100033
M11897,MA1AB100000004897,WO14897,SUV Pro,GA-1,STN-02,2026-03-05 12:01,ENG-1109,SUP-154,EMP321,TL-089,B,Tool_89,Welding Gun,Plant-B,2026-06-20,2026-09-18,Out of Service,97.46,Stanley,SN100088
M11898,MA1AB100000004898,WO14898,SUV Pro,TRIM-1,STN-05,2026-03-05 12:02,ENG-1212,SUP-023,EMP195,TL-064,B,Tool_64,Press Tool,Plant-A,2026-02-03,2026-05-04,Active,98.09,Atlas Copco,SN100063
M11899,MA1AB100000004899,WO14899,SUV Pro,GA-2,STN-01,2026-03-05 12:03,ENG-1393,SUP-030,EMP177,TL-004,B,Tool_4,Press Tool,Plant-A,2026-01-19,2026-04-19,Active,97.49,Bosch,SN100003
M11900,MA1AB100000004900,WO14900,Hatch Z,GA-1, stn-05 ,2026-03-05 12:05,ENG-1362,SUP-053,EMP357,TL-011,B,Tool_11,Welding Gun,Plant-B,2026-01-03,2026-04-03,Out of Service,99.43,Atlas Copco,SN100010
M11901,MA1AB100000004901,WO14901,Sedan X,GA-1,STN-03,2026-03-05 12:06,ENG-1303,SUP-079,EMP386,TL-005,B,Tool_5,Torque Wrench,Plant-C,2026-02-02,2026-05-03,Maintenance,99.68,Ingersoll Rand,SN100004
M11902,MA1AB100000004902,WO14902,Hatch Z,GA-1,STN-05,2026-03-05 12:07,ENG-1279,SUP-166,EMP370,TL-092,A,Tool_92,Nut Runner,Plant-C,2026-06-25,2026-09-23,Active,97.7,Bosch,SN100091
M11903,MA1AB100000004903,WO14903,Hatch Z,TRIM-1, stn-05 ,2026-03-05 12:08,ENG-1211,SUP-078,EMP284,TL-021,B,Tool_21,Press Tool,Plant-C,2026-01-09,2026-04-09,Out of Service,95.18,Atlas Copco,SN100020
M11904,MA1AB100000004904,WO14904,Sedan X,GA-1, stn-05 ,2026-03-05 12:10,ENG-1294,SUP-152,EMP118,TL-066,B,Tool_66,Nut Runner,Plant-A,2026-01-13,2026-04-13,Maintenance,98.63,Stanley,SN100065
M11905,MA1AB100000004905,WO14905,Sedan X,GA-2,STN-02,2026-03-05 12:11,ENG-1164,SUP-101,EMP387,TL-094,B,Tool_94,Press Tool,Plant-C,2026-05-10,2026-08-08,Maintenance,98.64,Stanley,SN100093
M11906,MA1AB100000004906,WO14906,Sedan X,TRIM-1,STN-02,2026-03-05 12:12,ENG-1119,SUP-195,EMP320,TL-081,,Tool_81,Nut Runner,Plant-A,2026-06-21,2026-09-19,Maintenance,97.61,Atlas Copco,SN100080
M11907,MA1AB100000004907,WO14907,SUV Pro,GA-1,STN-03,2026-03-05 12:13,ENG-1498,SUP-183,EMP135,TL-062,A,Tool_62,Robot Arm,Plant-A,2026-04-28,2026-07-27,Out of Service,95.44,Bosch,SN100061
M11908,MA1AB100000004908,WO14908,Sedan X,GA-2, stn-05 ,2026-03-05 12:15,ENG-1280,SUP-145,EMP147,TL-080,A,Tool_80,Robot Arm,Plant-B,2026-03-23,2026-06-21,Maintenance,97.79,Atlas Copco,SN100079
M11909,MA1AB100000004909,WO14909,Hatch Z,TRIM-1,STN-03,2026-03-05 12:16,ENG-1018,SUP-083,EMP115,TL-015,B,Tool_15,Robot Arm,Plant-C,2026-05-26,2026-08-24,Out of Service,97.88,Atlas Copco,SN100014
M11910,MA1AB100000004910,WO14910,Hatch Z,GA-2,Stn-03,2026-03-05 12:17,ENG-1081,SUP-006,EMP227,TL-035,C,Tool_35,Torque Wrench,Plant-A,2026-04-06,2026-07-05,Active,95.1,Atlas Copco,SN100034
M11911,MA1AB100000004911,WO14911,Hatch Z,PAINT-1,STN-04,2026-03-05 12:18,ENG-1014,SUP-127,EMP139,TL-033,,Tool_33,Welding Gun,Plant-C,2026-02-25,2026-05-26,Active,97.63,Bosch,SN100032
M11912,MA1AB100000004912,WO14912,SUV Pro,PAINT-1,STN-01,2026-03-05 12:20,ENG-1423,SUP-184,EMP353,TL-059,C,Tool_59,Robot Arm,Plant-B,2026-04-15,2026-07-14,Active,95.72,Stanley,SN100058
M11913,MA1AB100000004913,WO14913,Hatch Z,GA-2,STN-03,2026-03-05 12:21,ENG-1362,SUP-168,EMP335,TL-020,B,Tool_20,Robot Arm,Plant-C,2026-06-24,2026-09-22,Active,99.27,Ingersoll Rand,SN100019
M11914,MA1AB100000004914,WO14914,Sedan X,TRIM-1,Stn-03,2026-03-05 12:22,ENG-1382,SUP-054,EMP160,TL-051,A,Tool_51,Nut Runner,Plant-C,2026-04-06,2026-07-05,Active,97.28,Bosch,SN100050
M11915,MA1AB100000004915,WO14915,Sedan X,TRIM-1, stn-05 ,2026-03-05 12:23,ENG-1257,SUP-187,EMP139,TL-012,A,Tool_12,Press Tool,Plant-B,2026-05-30,2026-08-28,Out of Service,98.02,Bosch,SN100011
M11916,MA1AB100000004916,WO14916,SUV Pro,TRIM-1,Stn-03,2026-03-05 12:25,ENG-1497,SUP-008,EMP196,TL-098,,Tool_98,Press Tool,Plant-A,2026-06-01,2026-08-30,Active,98.11,Stanley,SN100097
M11917,MA1AB100000004917,WO14917,Sedan X,GA-1,STN-04,2026-03-05 12:26,ENG-1204,SUP-119,EMP111,TL-002,C,Tool_2,Nut Runner,Plant-A,2026-04-22,2026-07-21,Active,97.47,Bosch,SN100001
M11918,MA1AB100000004918,WO14918,Hatch Z,PAINT-1,STN-04,2026-03-05 12:27,ENG-1467,SUP-153,EMP303,TL-051,B,Tool_51,Nut Runner,Plant-C,2026-04-06,2026-07-05,Active,97.28,Bosch,SN100050
M11919,MA1AB100000004919,WO14919,Hatch Z,GA-2,Stn-03,2026-03-05 12:28,ENG-1126,SUP-056,EMP336,TL-008,A,Tool_8,Welding Gun,Plant-A,2026-06-05,2026-09-03,Maintenance,95.49,Ingersoll Rand,SN100007
M11920,MA1AB100000004920,WO14920,SUV Pro,GA-1, stn-05 ,2026-03-05 12:30,ENG-1348,SUP-082,EMP367,TL-002,A,Tool_2,Nut Runner,Plant-A,2026-04-22,2026-07-21,Active,97.47,Bosch,SN100001
M11921,MA1AB100000004921,WO14921,Hatch Z,TRIM-1,Stn-03,2026-03-05 12:31,ENG-1467,SUP-017,EMP240,TL-084,A,Tool_84,Torque Wrench,Plant-C,2026-02-03,2026-05-04,Out of Service,97.78,Ingersoll Rand,SN100083
M11922,MA1AB100000004922,WO14922,Hatch Z,TRIM-1,STN-02,2026-03-05 12:32,ENG-1127,SUP-047,EMP210,TL-039,B,Tool_39,Nut Runner,Plant-C,2026-02-15,2026-05-16,Maintenance,97.07,Ingersoll Rand,SN100038
M11923,MA1AB100000004923,WO14923,Sedan X,TRIM-1,STN-03,2026-03-05 12:33,ENG-1455,SUP-137,EMP351,TL-038,C,Tool_38,Welding Gun,Plant-B,2026-04-18,2026-07-17,Active,97.87,Ingersoll Rand,SN100037
M11924,MA1AB100000004924,WO14924,Hatch Z,GA-2,STN-05,2026-03-05 12:35,ENG-1448,SUP-167,EMP187,TL-032,,Tool_32,Press Tool,Plant-A,2026-03-27,2026-06-25,Maintenance,97.67,Bosch,SN100031
M11925,MA1AB100000004925,WO14925,SUV Pro,GA-1,Stn-03,2026-03-05 12:36,ENG-1295,SUP-127,EMP195,TL-019,C,Tool_19,Torque Wrench,Plant-B,2026-05-30,2026-08-28,Active,96.08,Atlas Copco,SN100018
M11926,MA1AB100000004926,WO14926,Hatch Z,GA-2, stn-05 ,2026-03-05 12:37,ENG-1191,SUP-141,EMP272,TL-096,C,Tool_96,Nut Runner,Plant-A,2026-04-26,2026-07-25,Active,95.35,Stanley,SN100095
M11927,MA1AB100000004927,WO14927,SUV Pro,PAINT-1,Stn-03,2026-03-05 12:38,ENG-1057,SUP-055,EMP158,TL-074,,Tool_74,Robot Arm,Plant-B,2026-01-04,2026-04-04,Active,97.63,Stanley,SN100073
M11928,MA1AB100000004928,WO14928,Sedan X,GA-2,STN-03,2026-03-05 12:40,ENG-1265,SUP-043,EMP220,TL-055,,Tool_55,Nut Runner,Plant-A,2026-01-22,2026-04-22,Out of Service,95.5,Atlas Copco,SN100054
M11929,MA1AB100000004929,WO14929,Hatch Z,GA-2,STN-05,2026-03-05 12:41,ENG-1363,SUP-126,EMP200,TL-051,B,Tool_51,Nut Runner,Plant-C,2026-04-06,2026-07-05,Active,97.28,Bosch,SN100050
M11930,MA1AB100000004930,WO14930,Sedan X,GA-2,STN-05,2026-03-05 12:42, eng-1001 ,SUP-005,EMP116,TL-034,B,Tool_34,Torque Wrench,Plant-A,2026-06-25,2026-09-23,Out of Service,99.85,Stanley,SN100033
M11931,MA1AB100000004931,WO14931,SUV Pro,PAINT-1,STN-04,2026-03-05 12:43,ENG-1186,SUP-133,EMP259,TL-053,,Tool_53,Nut Runner,Plant-A,2026-02-27,2026-05-28,Out of Service,96.41,Stanley,SN100052
M11932,MA1AB100000004932,WO14932,SUV Pro,TRIM-1, stn-05 ,2026-03-05 12:45,ENG-1245,SUP-183,EMP236,TL-013,,Tool_13,Nut Runner,Plant-B,2026-04-05,2026-07-04,Active,99.14,Bosch,SN100012
M11933,MA1AB100000004933,WO14933,Sedan X,TRIM-1,Stn-03,2026-03-05 12:46,ENG-1045,SUP-034,EMP119,TL-052,B,Tool_52,Torque Wrench,Plant-A,2026-04-12,2026-07-11,Out of Service,99.68,Ingersoll Rand,SN100051
M11934,MA1AB100000004934,WO14934,Sedan X,TRIM-1,STN-03,2026-03-05 12:47,ENG-1176,SUP-044,EMP394,TL-057,,Tool_57,Welding Gun,Plant-A,2026-05-01,2026-07-30,Active,98.96,Bosch,SN100056
M11935,MA1AB100000004935,WO14935,SUV Pro,GA-1,STN-01,2026-03-05 12:48,ENG-1133,SUP-092,EMP362,TL-039,A,Tool_39,Nut Runner,Plant-C,2026-02-15,2026-05-16,Maintenance,97.07,Ingersoll Rand,SN100038
M11936,MA1AB100000004936,WO14936,Hatch Z,GA-1,STN-01,2026-03-05 12:50,ENG-1383,SUP-199,EMP237,TL-033,A,Tool_33,Welding Gun,Plant-C,2026-02-25,2026-05-26,Active,97.63,Bosch,SN100032
M11937,MA1AB100000004937,WO14937,SUV Pro,TRIM-1,STN-02,2026-03-05 12:51,ENG-1278,SUP-029,EMP259,TL-092,B,Tool_92,Nut Runner,Plant-C,2026-06-25,2026-09-23,Active,97.7,Bosch,SN100091
M11938,MA1AB100000004938,WO14938,Hatch Z,TRIM-1,STN-01,2026-03-05 12:52,ENG-1037,SUP-107,EMP375,TL-049,A,Tool_49,Press Tool,Plant-A,2026-01-18,2026-04-18,Active,97.7,Atlas Copco,SN100048
M11939,MA1AB100000004939,WO14939,Sedan X,PAINT-1,STN-04,2026-03-05 12:53,ENG-1469,SUP-008,EMP201,TL-049,A,Tool_49,Press Tool,Plant-A,2026-01-18,2026-04-18,Active,97.7,Atlas Copco,SN100048
M11940,MA1AB100000004940,WO14940,Sedan X,GA-2,STN-04,2026-03-05 12:55,ENG-1383,SUP-192,EMP111,TL-999,C,Unknown Tool,Unknown Type,,,,,,,
M11941,MA1AB100000004941,WO14941,SUV Pro,PAINT-1, stn-05 ,2026-03-05 12:56,ENG-1322,SUP-070,EMP294,TL-045,C,Tool_45,Welding Gun,Plant-C,2026-03-10,2026-06-08,Active,98.94,Stanley,SN100044
M11942,MA1AB100000004942,WO14942,Sedan X,TRIM-1,STN-05,2026-03-05 12:57,ENG-1496,SUP-064,EMP294,TL-065,C,Tool_65,Torque Wrench,Plant-C,2026-01-31,2026-05-01,Maintenance,97.24,Bosch,SN100064
M11943,MA1AB100000004943,WO14943,Sedan X,TRIM-1,STN-04,2026-03-05 12:58,ENG-1045,SUP-069,EMP113,TL-026,C,Tool_26,Robot Arm,Plant-A,2026-05-25,2026-08-23,Out of Service,99.11,Atlas Copco,SN100025
M11944,MA1AB100000004944,WO14944,Hatch Z,PAINT-1, stn-05 ,2026-03-05 13:00,ENG-1351,SUP-081,EMP243,TL-044,C,Tool_44,Press Tool,Plant-C,2026-01-16,2026-04-16,Maintenance,99.03,Bosch,SN100043
M11945,MA1AB100000004945,WO14945,Hatch Z,TRIM-1,Stn-03,2026-03-05 13:01,ENG-1217,SUP-008,EMP104,TL-030,A,Tool_30,Nut Runner,Plant-A,2026-02-18,2026-05-19,Out of Service,97.07,Ingersoll Rand,SN100029
M11946,MA1AB100000004946,WO14946,Sedan X,GA-1,STN-05,2026-03-05 13:02,ENG-1489,SUP-106,EMP170,TL-020,,Tool_20,Robot Arm,Plant-C,2026-06-24,2026-09-22,Active,99.27,Ingersoll Rand,SN100019
M11947,MA1AB100000004947,WO14947,Sedan X,GA-2,STN-05,2026-03-05 13:03,ENG-1192,SUP-151,EMP341,TL-035,B,Tool_35,Torque Wrench,Plant-A,2026-04-06,2026-07-05,Active,95.1,Atlas Copco,SN100034
M11948,MA1AB100000004948,WO14948,Hatch Z,GA-1, stn-05 ,2026-03-05 13:05,ENG-1438,SUP-187,EMP327,TL-096,B,Tool_96,Nut Runner,Plant-A,2026-04-26,2026-07-25,Active,95.35,Stanley,SN100095
M11949,MA1AB100000004949,WO14949,SUV Pro,GA-2,STN-05,2026-03-05 13:06,ENG-1188,SUP-169,EMP128,TL-075,C,Tool_75,Press Tool,Plant-C,2026-04-22,2026-07-21,Active,99.86,Ingersoll Rand,SN100074
M11950,MA1AB100000004950,WO14950,Hatch Z,TRIM-1,STN-01,2026-03-05 13:07,ENG-1404,SUP-150,EMP199,TL-034,A,Tool_34,Torque Wrench,Plant-A,2026-06-25,2026-09-23,Out of Service,99.85,Stanley,SN100033
M11951,MA1AB100000004951,WO14951,Hatch Z,GA-1,STN-04,2026-03-05 13:08,ENG-1349,SUP-093,EMP116,TL-070,A,Tool_70,Robot Arm,Plant-C,2026-04-23,2026-07-22,Maintenance,98.03,Bosch,SN100069
M11952,MA1AB100000004952,WO14952,Sedan X,GA-2,STN-04,2026-03-05 13:10,ENG-1411,SUP-178,EMP232,TL-097,A,Tool_97,Nut Runner,Plant-A,2026-04-22,2026-07-21,Active,99.35,Ingersoll Rand,SN100096
M11953,MA1AB100000004953,WO14953,Sedan X,PAINT-1,Stn-03,2026-03-05 13:11,ENG-1270,SUP-161,EMP228,TL-072,C,Tool_72,Robot Arm,Plant-C,2026-05-05,2026-08-03,Maintenance,99.87,Atlas Copco,SN100071
M11954,MA1AB100000004954,WO14954,Sedan X,TRIM-1,Stn-03,2026-03-05 13:12,ENG-1237,SUP-009,EMP107,TL-089,,Tool_89,Welding Gun,Plant-B,2026-06-20,2026-09-18,Out of Service,97.46,Stanley,SN100088
M11955,MA1AB100000004955,WO14955,Sedan X,TRIM-1,STN-05,2026-03-05 13:13,ENG-1169,SUP-183,EMP395,TL-043,A,Tool_43,Torque Wrench,Plant-B,2026-04-28,2026-07-27,Active,96.51,Ingersoll Rand,SN100042
M11956,MA1AB100000004956,WO14956,SUV Pro,GA-2,STN-05,2026-03-05 13:15,ENG-1488,SUP-091,EMP230,TL-037,,Tool_37,Torque Wrench,Plant-A,2026-02-12,2026-05-13,Maintenance,95.39,Bosch,SN100036
M11957,MA1AB100000004957,WO14957,SUV Pro,PAINT-1,STN-03,2026-03-05 13:16,ENG-1070,SUP-022,EMP343,TL-090,C,Tool_90,Nut Runner,Plant-C,2026-05-12,2026-08-10,Out of Service,97.28,Stanley,SN100089
M11958,MA1AB100000004958,WO14958,SUV Pro,GA-2,STN-04,2026-03-05 13:17,ENG-1175,SUP-044,EMP356,TL-001,A,Tool_1,Welding Gun,Plant-A,2026-05-21,2026-08-19,Maintenance,98.97,Bosch,SN100000
M11959,MA1AB100000004959,WO14959,Sedan X,TRIM-1, stn-05 ,2026-03-05 13:18,ENG-1455,SUP-184,EMP134,TL-083,,Tool_83,Nut Runner,Plant-A,2026-01-22,2026-04-22,Out of Service,98.35,Bosch,SN100082
M11960,MA1AB100000004960,WO14960,Sedan X,PAINT-1,STN-03,2026-03-05 13:20,ENG-1236,SUP-149,EMP245,TL-090,C,Tool_90,Nut Runner,Plant-C,2026-05-12,2026-08-10,Out of Service,97.28,Stanley,SN100089
M11961,MA1AB100000004961,WO14961,Hatch Z,GA-2,STN-02,2026-03-05 13:21,ENG-1160,SUP-173,EMP160,TL-053,B,Tool_53,Nut Runner,Plant-A,2026-02-27,2026-05-28,Out of Service,96.41,Stanley,SN100052
M11962,MA1AB100000004962,WO14962,Hatch Z,GA-2,Stn-03,2026-03-05 13:22,ENG-1083,SUP-109,EMP242,TL-094,,Tool_94,Press Tool,Plant-C,2026-05-10,2026-08-08,Maintenance,98.64,Stanley,SN100093
M11963,MA1AB100000004963,WO14963,Hatch Z,GA-1, stn-05 ,2026-03-05 13:23,ENG-1489,SUP-175,EMP123,TL-007,A,Tool_7,Nut Runner,Plant-B,2026-06-11,2026-09-09,Out of Service,95.88,Stanley,SN100006
M11964,MA1AB100000004964,WO14964,SUV Pro,GA-1,STN-04,2026-03-05 13:25,ENG-1284,SUP-027,EMP164,TL-088,C,Tool_88,Welding Gun,Plant-B,2026-04-25,2026-07-24,Active,95.24,Stanley,SN100087
M11965,MA1AB100000004965,WO14965,Hatch Z,PAINT-1,STN-04,2026-03-05 13:26,ENG-1207,SUP-020,EMP222,TL-006,C,Tool_6,Nut Runner,Plant-B,2026-01-25,2026-04-25,Maintenance,98.24,Ingersoll Rand,SN100005
M11966,MA1AB100000004966,WO14966,Hatch Z,PAINT-1,STN-05,2026-03-05 13:27,ENG-1144,SUP-024,EMP247,TL-023,B,Tool_23,Welding Gun,Plant-A,2026-04-29,2026-07-28,Active,95.35,Bosch,SN100022
M11967,MA1AB100000004967,WO14967,SUV Pro,PAINT-1,Stn-03,2026-03-05 13:28,ENG-1076,SUP-139,EMP203,TL-082,B,Tool_82,Nut Runner,Plant-B,2026-03-18,2026-06-16,Active,95.75,Atlas Copco,SN100081
M11968,MA1AB100000004968,WO14968,SUV Pro,GA-2, stn-05 ,2026-03-05 13:30,ENG-1273,SUP-121,EMP283,TL-052,,Tool_52,Torque Wrench,Plant-A,2026-04-12,2026-07-11,Out of Service,99.68,Ingersoll Rand,SN100051
M11969,MA1AB100000004969,WO14969,Hatch Z,GA-1, stn-05 ,2026-03-05 13:31,ENG-1106,SUP-013,EMP170,TL-054,C,Tool_54,Press Tool,Plant-C,2026-01-18,2026-04-18,Active,99.35,Ingersoll Rand,SN100053
M11970,MA1AB100000004970,WO14970,SUV Pro,PAINT-1, stn-05 ,2026-03-05 13:32,ENG-1233,SUP-183,EMP341,TL-013,A,Tool_13,Nut Runner,Plant-B,2026-04-05,2026-07-04,Active,99.14,Bosch,SN100012
M11971,MA1AB100000004971,WO14971,SUV Pro,GA-2, stn-05 ,2026-03-05 13:33,ENG-1373,SUP-017,EMP368,TL-060,A,Tool_60,Welding Gun,Plant-B,2026-02-09,2026-05-10,Active,95.55,Atlas Copco,SN100059
M11972,MA1AB100000004972,WO14972,Hatch Z,PAINT-1,STN-01,2026-03-05 13:35,ENG-1477,SUP-185,EMP101,TL-063,A,Tool_63,Welding Gun,Plant-B,2026-03-03,2026-06-01,Active,99.78,Ingersoll Rand,SN100062
M11973,MA1AB100000004973,WO14973,Sedan X,TRIM-1,STN-01,2026-03-05 13:36,ENG-1038,SUP-077,EMP305,TL-033,C,Tool_33,Welding Gun,Plant-C,2026-02-25,2026-05-26,Active,97.63,Bosch,SN100032
M11974,MA1AB100000004974,WO14974,SUV Pro,GA-1,STN-01,2026-03-05 13:37,ENG-1298,SUP-130,EMP223,TL-008,,Tool_8,Welding Gun,Plant-A,2026-06-05,2026-09-03,Maintenance,95.49,Ingersoll Rand,SN100007
M11975,MA1AB100000004975,WO14975,SUV Pro,PAINT-1,STN-02,2026-03-05 13:38,ENG-1374,SUP-197,EMP254,TL-063,B,Tool_63,Welding Gun,Plant-B,2026-03-03,2026-06-01,Active,99.78,Ingersoll Rand,SN100062
M11976,MA1AB100000004976,WO14976,Hatch Z,PAINT-1, stn-05 ,2026-03-05 13:40,ENG-1094,SUP-062,EMP354,TL-093,,Tool_93,Nut Runner,Plant-A,2026-03-03,2026-06-01,Out of Service,98.43,Ingersoll Rand,SN100092
M11977,MA1AB100000004977,WO14977,SUV Pro,TRIM-1,STN-04,2026-03-05 13:41,ENG-1002,SUP-015,EMP340,TL-072,A,Tool_72,Robot Arm,Plant-C,2026-05-05,2026-08-03,Maintenance,99.87,Atlas Copco,SN100071
M11978,MA1AB100000004978,WO14978,Hatch Z,GA-2,STN-03,2026-03-05 13:42,ENG-1124,SUP-045,EMP271,TL-013,B,Tool_13,Nut Runner,Plant-B,2026-04-05,2026-07-04,Active,99.14,Bosch,SN100012
M11979,MA1AB100000004979,WO14979,Sedan X,GA-1,STN-05,2026-03-05 13:43,ENG-1496,SUP-042,EMP184,TL-052,,Tool_52,Torque Wrench,Plant-A,2026-04-12,2026-07-11,Out of Service,99.68,Ingersoll Rand,SN100051
M11980,MA1AB100000004980,WO14980,Hatch Z,GA-1,STN-05,2026-03-05 13:45,ENG-1209,SUP-171,EMP307,TL-053,A,Tool_53,Nut Runner,Plant-A,2026-02-27,2026-05-28,Out of Service,96.41,Stanley,SN100052
M11981,MA1AB100000004981,WO14981,Sedan X,TRIM-1,STN-03,2026-03-05 13:46,ENG-1466,SUP-185,EMP204,TL-071,B,Tool_71,Welding Gun,Plant-B,2026-04-11,2026-07-10,Active,98.12,Atlas Copco,SN100070
M11982,MA1AB100000004982,WO14982,Hatch Z,PAINT-1,STN-04,2026-03-05 13:47,ENG-1032,SUP-105,EMP257,TL-052,B,Tool_52,Torque Wrench,Plant-A,2026-04-12,2026-07-11,Out of Service,99.68,Ingersoll Rand,SN100051
M11983,MA1AB100000004983,WO14983,Sedan X,GA-1,Stn-03,2026-03-05 13:48,ENG-1007,SUP-049,EMP341,TL-002,A,Tool_2,Nut Runner,Plant-A,2026-04-22,2026-07-21,Active,97.47,Bosch,SN100001
M11984,MA1AB100000004984,WO14984,SUV Pro,GA-1,Stn-03,2026-03-05 13:50,ENG-1125,SUP-125,EMP366,TL-100,A,Tool_100,Welding Gun,Plant-A,2026-04-25,2026-07-24,Maintenance,97.13,Ingersoll Rand,SN100099
M11985,MA1AB100000004985,WO14985,Hatch Z,TRIM-1, stn-05 ,2026-03-05 13:51,ENG-1360,SUP-196,EMP322,TL-097,B,Tool_97,Nut Runner,Plant-A,2026-04-22,2026-07-21,Active,99.35,Ingersoll Rand,SN100096
M11986,MA1AB100000004986,WO14986,Sedan X,GA-1,STN-04,2026-03-05 13:52,ENG-1409,SUP-193,EMP117,TL-074,B,Tool_74,Robot Arm,Plant-B,2026-01-04,2026-04-04,Active,97.63,Stanley,SN100073
M11987,MA1AB100000004987,WO14987,SUV Pro,PAINT-1,STN-05,2026-03-05 13:53,ENG-1079,SUP-173,EMP322,TL-063,C,Tool_63,Welding Gun,Plant-B,2026-03-03,2026-06-01,Active,99.78,Ingersoll Rand,SN100062
M11988,MA1AB100000004988,WO14988,Hatch Z,TRIM-1,Stn-03,2026-03-05 13:55,ENG-1209,SUP-176,EMP190,TL-079,,Tool_79,Press Tool,Plant-C,2026-04-14,2026-07-13,Active,96.15,Ingersoll Rand,SN100078
M11989,MA1AB100000004989,WO14989,SUV Pro,GA-1,Stn-03,2026-03-05 13:56,ENG-1243,SUP-074,EMP237,TL-044,,Tool_44,Press Tool,Plant-C,2026-01-16,2026-04-16,Maintenance,99.03,Bosch,SN100043
M11990,MA1AB100000004990,WO14990,SUV Pro,TRIM-1,STN-02,2026-03-05 13:57,ENG-1218,SUP-121,EMP302,TL-047,C,Tool_47,Robot Arm,Plant-A,2026-04-17,2026-07-16,Active,99.69,Ingersoll Rand,SN100046
M11991,MA1AB100000004991,WO14991,Sedan X,GA-2,STN-05,2026-03-05 13:58,ENG-1052,SUP-115,EMP238,TL-064,,Tool_64,Press Tool,Plant-A,2026-02-03,2026-05-04,Active,98.09,Atlas Copco,SN100063
M11992,MA1AB100000004992,WO14992,Hatch Z,PAINT-1,STN-01,2026-03-05 14:00,ENG-1439,SUP-011,EMP199,TL-040,C,Tool_40,Welding Gun,Plant-A,2026-04-02,2026-07-01,Active,98.84,Atlas Copco,SN100039
M11993,MA1AB100000004993,WO14993,Sedan X,GA-2,STN-01,2026-03-05 14:01,ENG-1095,SUP-112,EMP191,TL-051,B,Tool_51,Nut Runner,Plant-C,2026-04-06,2026-07-05,Active,97.28,Bosch,SN100050
M11994,MA1AB100000004994,WO14994,Sedan X,GA-2,STN-02,2026-03-05 14:02,ENG-1432,SUP-191,EMP299,TL-085,C,Tool_85,Nut Runner,Plant-A,2026-01-29,2026-04-29,Out of Service,98.68,Stanley,SN100084
M11995,XX1 2 3 4,WO14995,SUV Pro,GA-2,STN-03,2026-03-05 14:03,ENG-1487,SUP-114,EMP214,TL-031,A,Tool_31,Nut Runner,Plant-A,2026-01-31,2026-05-01,Active,97.01,Atlas Copco,SN100030
M11996,MA1AB100000004996,WO14996,Hatch Z,GA-1,STN-04,2026-03-05 14:05,ENG-1385,SUP-199,EMP232,TL-100,A,Tool_100,Welding Gun,Plant-A,2026-04-25,2026-07-24,Maintenance,97.13,Ingersoll Rand,SN100099
M11997,MA1AB100000004997,WO14997,Hatch Z,TRIM-1,STN-02,2026-03-05 14:06,ENG-1171,SUP-023,EMP321,TL-066,C,Tool_66,Nut Runner,Plant-A,2026-01-13,2026-04-13,Maintenance,98.63,Stanley,SN100065
M11998,MA1AB100000004998,WO14998,Sedan X,GA-2,STN-03,2026-03-05 14:07,ENG-1238,SUP-103,EMP345,TL-048,A,Tool_48,Nut Runner,Plant-B,2026-04-17,2026-07-16,Active,96.56,Stanley,SN100047
M11999,MA1AB100000004999,WO14999,Sedan X,PAINT-1, stn-05 ,2026-03-05 14:08,ENG-1285,SUP-052,EMP346,TL-098,A,Tool_98,Press Tool,Plant-A,2026-06-01,2026-08-30,Active,98.11,Stanley,SN100097
M7000,XX1 2 3 4,WO10000,Hatch Z,GA-1,STN-01,2026/03/01 06:70, eng-1001 ,,EMP240,TL-032,B,Tool_32,Press Tool,Plant-A,2026-03-27,2026-06-25,Maintenance,97.67,Bosch,SN100031
M7001,MA1AB100000000001,WO10001,Sedan X,GA-1, stn-05 ,2026-03-01 06:01,ENG-1379,SUP-140,EMP144,TL-076,,Tool_76,Welding Gun,Plant-C,2026-02-22,2026-05-23,Maintenance,98.13,Ingersoll Rand,SN100075
M7002,MA1AB100000000002,WO10002,Sedan X,GA-1,STN-01,2026-03-01 06:02,ENG-1111,SUP-060,EMP358,TL-078,A,Tool_78,Press Tool,Plant-A,2026-03-26,2026-06-24,Maintenance,99.88,Bosch,SN100077
M7003,MA1AB100000000003,WO10003,Hatch Z,GA-2, stn-05 ,2026-03-01 06:03,ENG-1332,SUP-180,EMP379,TL-054,B,Tool_54,Press Tool,Plant-C,2026-01-18,2026-04-18,Active,99.35,Ingersoll Rand,SN100053
M7004,MA1AB100000000004,WO10004,SUV Pro,PAINT-1,Stn-03,2026-03-01 06:05,ENG-1445,SUP-002,EMP181,TL-090,,Tool_90,Nut Runner,Plant-C,2026-05-12,2026-08-10,Out of Service,97.28,Stanley,SN100089
M7005,MA1AB100000000005,WO10005,SUV Pro,PAINT-1,STN-02,2026-03-01 06:06,ENG-1110,SUP-196,EMP272,TL-014,A,Tool_14,Nut Runner,Plant-A,2026-02-27,2026-05-28,Maintenance,99.68,Stanley,SN100013
M7006,MA1AB100000000006,WO10006,SUV Pro,GA-1,STN-03,2026-03-01 06:07,ENG-1433,SUP-089,EMP235,TL-006,,Tool_6,Nut Runner,Plant-B,2026-01-25,2026-04-25,Maintenance,98.24,Ingersoll Rand,SN100005
M7007,MA1AB100000000007,WO10007,Hatch Z,GA-1,STN-04,2026-03-01 06:08,ENG-1040,SUP-142,EMP250,TL-081,C,Tool_81,Nut Runner,Plant-A,2026-06-21,2026-09-19,Maintenance,97.61,Atlas Copco,SN100080
M7008,MA1AB100000000008,WO10008,Hatch Z,GA-2, stn-05 ,2026-03-01 06:10,ENG-1035,SUP-012,EMP216,TL-099,C,Tool_99,Welding Gun,Plant-B,2026-05-20,2026-08-18,Active,97.05,Atlas Copco,SN100098
M7009,MA1AB100000000009,WO10009,Sedan X,GA-2,Stn-03,2026-03-01 06:11,ENG-1051,SUP-098,EMP242,TL-059,C,Tool_59,Robot Arm,Plant-B,2026-04-15,2026-07-14,Active,95.72,Stanley,SN100058
M7010,MA1AB100000000010,WO10010,Sedan X,PAINT-1,STN-03,2026-03-01 06:12,ENG-1107,SUP-172,EMP236,TL-090,A,Tool_90,Nut Runner,Plant-C,2026-05-12,2026-08-10,Out of Service,97.28,Stanley,SN100089
M7011,MA1AB100000000011,WO10011,Hatch Z,GA-2,STN-05,2026-03-01 06:13,ENG-1373,SUP-063,EMP183,TL-060,,Tool_60,Welding Gun,Plant-B,2026-02-09,2026-05-10,Active,95.55,Atlas Copco,SN100059
M7012,MA1AB100000000012,WO10012,SUV Pro,GA-2, stn-05 ,2026-03-01 06:15,ENG-1166,SUP-197,EMP128,TL-030,A,Tool_30,Nut Runner,Plant-A,2026-02-18,2026-05-19,Out of Service,97.07,Ingersoll Rand,SN100029
M7013,MA1AB100000000013,WO10013,SUV Pro,TRIM-1,STN-03,2026-03-01 06:16,ENG-1033,SUP-055,EMP390,TL-092,C,Tool_92,Nut Runner,Plant-C,2026-06-25,2026-09-23,Active,97.7,Bosch,SN100091
M7014,MA1AB100000000014,WO10014,Sedan X,TRIM-1,STN-04,2026-03-01 06:17,ENG-1452,SUP-165,EMP334,TL-019,C,Tool_19,Torque Wrench,Plant-B,2026-05-30,2026-08-28,Active,96.08,Atlas Copco,SN100018
M7015,MA1AB100000000015,WO10015,Sedan X,GA-2, stn-05 ,2026-03-01 06:18,ENG-1287,SUP-138,EMP234,TL-096,,Tool_96,Nut Runner,Plant-A,2026-04-26,2026-07-25,Active,95.35,Stanley,SN100095
M7016,MA1AB100000000016,WO10016,Hatch Z,TRIM-1,STN-03,2026-03-01 06:20,ENG-1112,SUP-036,EMP360,TL-064,A,Tool_64,Press Tool,Plant-A,2026-02-03,2026-05-04,Active,98.09,Atlas Copco,SN100063
M7017,MA1AB100000000017,WO10017,Sedan X,GA-1,STN-02,2026-03-01 06:21,ENG-1321,SUP-041,EMP316,TL-077,A,Tool_77,Welding Gun,Plant-C,2026-04-12,2026-07-11,Active,98.71,Stanley,SN100076
M7018,MA1AB100000000018,WO10018,SUV Pro,TRIM-1,STN-05,2026-03-01 06:22,ENG-1239,SUP-136,EMP228,TL-071,A,Tool_71,Welding Gun,Plant-B,2026-04-11,2026-07-10,Active,98.12,Atlas Copco,SN100070
M7019,MA1AB100000000019,WO10019,Hatch Z,GA-1, stn-05 ,2026-03-01 06:23,ENG-1453,SUP-138,EMP236,TL-099,C,Tool_99,Welding Gun,Plant-B,2026-05-20,2026-08-18,Active,97.05,Atlas Copco,SN100098
M7020,MA1AB100000000020,WO10020,Sedan X,PAINT-1,STN-04,2026-03-01 06:25,ENG-1080,SUP-117,EMP101,TL-093,C,Tool_93,Nut Runner,Plant-A,2026-03-03,2026-06-01,Out of Service,98.43,Ingersoll Rand,SN100092
M7021,MA1AB100000000021,WO10021,Hatch Z,GA-2,STN-05,2026-03-01 06:26,ENG-1467,SUP-028,EMP252,TL-082,B,Tool_82,Nut Runner,Plant-B,2026-03-18,2026-06-16,Active,95.75,Atlas Copco,SN100081
M7022,MA1AB100000000022,WO10022,Sedan X,PAINT-1,Stn-03,2026-03-01 06:27,ENG-1082,SUP-139,EMP371,TL-001,C,Tool_1,Welding Gun,Plant-A,2026-05-21,2026-08-19,Maintenance,98.97,Bosch,SN100000
M7023,MA1AB100000000023,WO10023,SUV Pro,GA-1,STN-01,2026-03-01 06:28,ENG-1475,SUP-093,EMP257,TL-031,A,Tool_31,Nut Runner,Plant-A,2026-01-31,2026-05-01,Active,97.01,Atlas Copco,SN100030
M7024,MA1AB100000000024,WO10024,Sedan X,GA-1,STN-01,2026-03-01 06:30,ENG-1374,SUP-125,EMP135,TL-098,B,Tool_98,Press Tool,Plant-A,2026-06-01,2026-08-30,Active,98.11,Stanley,SN100097
M7025,MA1AB100000000025,WO10025,Sedan X,TRIM-1,STN-05,2026-03-01 06:31,ENG-1084,SUP-068,EMP370,TL-078,,Tool_78,Press Tool,Plant-A,2026-03-26,2026-06-24,Maintenance,99.88,Bosch,SN100077
M7026,MA1AB100000000026,WO10026,Sedan X,GA-2, stn-05 ,2026-03-01 06:32,ENG-1159,SUP-103,EMP291,TL-057,,Tool_57,Welding Gun,Plant-A,2026-05-01,2026-07-30,Active,98.96,Bosch,SN100056
M7027,MA1AB100000000027,WO10027,Sedan X,GA-2,STN-02,2026-03-01 06:33,ENG-1032,SUP-087,EMP110,TL-076,B,Tool_76,Welding Gun,Plant-C,2026-02-22,2026-05-23,Maintenance,98.13,Ingersoll Rand,SN100075
M7028,MA1AB100000000028,WO10028,Hatch Z,GA-2,STN-01,2026-03-01 06:35,ENG-1036,SUP-182,EMP130,TL-030,A,Tool_30,Nut Runner,Plant-A,2026-02-18,2026-05-19,Out of Service,97.07,Ingersoll Rand,SN100029
M7029,MA1AB100000000029,WO10029,Sedan X,PAINT-1,STN-01,2026-03-01 06:36,ENG-1263,SUP-061,EMP242,TL-086,,Tool_86,Press Tool,Plant-B,2026-03-20,2026-06-18,Active,96.21,Bosch,SN100085
M7030,MA1AB100000000030,WO10030,Sedan X,GA-2, stn-05 ,2026-03-01 06:37,ENG-1478,SUP-147,EMP395,TL-061,B,Tool_61,Nut Runner,Plant-C,2026-06-29,2026-09-27,Active,99.71,Ingersoll Rand,SN100060
M7031,MA1AB100000000031,WO10031,SUV Pro,TRIM-1,STN-02,2026-03-01 06:38,ENG-1048,SUP-025,EMP320,TL-046,,Tool_46,Torque Wrench,Plant-C,2026-01-19,2026-04-19,Active,95.51,Ingersoll Rand,SN100045
M7032,MA1AB100000000032,WO10032,SUV Pro,TRIM-1,Stn-03,2026-03-01 06:40,ENG-1373,SUP-014,EMP150,TL-008,,Tool_8,Welding Gun,Plant-A,2026-06-05,2026-09-03,Maintenance,95.49,Ingersoll Rand,SN100007
M7033,MA1AB100000000033,WO10033,Hatch Z,PAINT-1,Stn-03,2026-03-01 06:41,ENG-1441,SUP-028,EMP227,TL-025,B,Tool_25,Nut Runner,Plant-C,2026-02-19,2026-05-20,Out of Service,98.88,Atlas Copco,SN100024
M7034,MA1AB100000000034,WO10034,Hatch Z,TRIM-1,STN-02,2026-03-01 06:42,ENG-1216,SUP-047,EMP242,TL-060,B,Tool_60,Welding Gun,Plant-B,2026-02-09,2026-05-10,Active,95.55,Atlas Copco,SN100059
M7035,MA1AB100000000035,WO10035,Sedan X,TRIM-1,Stn-03,2026-03-01 06:43,ENG-1441,SUP-141,EMP150,TL-007,A,Tool_7,Nut Runner,Plant-B,2026-06-11,2026-09-09,Out of Service,95.88,Stanley,SN100006
M7036,MA1AB100000000036,WO10036,Sedan X,GA-2,STN-02,2026-03-01 06:45,ENG-1208,SUP-125,EMP346,TL-028,,Tool_28,Press Tool,Plant-C,2026-01-25,2026-04-25,Out of Service,97.87,Ingersoll Rand,SN100027
M7037,MA1AB100000000037,WO10037,Sedan X,GA-2,STN-04,2026-03-01 06:46,ENG-1001,SUP-100,EMP235,TL-999,,Unknown Tool,Unknown Type,,,,,,,
M7038,MA1AB100000000038,WO10038,SUV Pro,TRIM-1, stn-05 ,2026-03-01 06:47,ENG-1490,SUP-188,EMP384,TL-085,,Tool_85,Nut Runner,Plant-A,2026-01-29,2026-04-29,Out of Service,98.68,Stanley,SN100084
M7039,MA1AB100000000039,WO10039,Sedan X,GA-2,STN-03,2026-03-01 06:48,ENG-1111,SUP-015,EMP396,TL-095,A,Tool_95,Nut Runner,Plant-A,2026-06-25,2026-09-23,Active,99.37,Bosch,SN100094
M7040,MA1AB100000000040,WO10040,Hatch Z,PAINT-1,STN-01,2026-03-01 06:50,ENG-1025,SUP-150,EMP344,TL-065,B,Tool_65,Torque Wrench,Plant-C,2026-01-31,2026-05-01,Maintenance,97.24,Bosch,SN100064
M7041,MA1AB100000000041,WO10041,Sedan X,GA-1,Stn-03,2026-03-01 06:51,ENG-1095,SUP-018,EMP134,TL-087,B,Tool_87,Robot Arm,Plant-B,2026-02-09,2026-05-10,Maintenance,99.98,Stanley,SN100086
M7042,MA1AB100000000042,WO10042,SUV Pro,GA-1,STN-05,2026-03-01 06:52,ENG-1126,SUP-149,EMP120,TL-080,A,Tool_80,Robot Arm,Plant-B,2026-03-23,2026-06-21,Maintenance,97.79,Atlas Copco,SN100079
M7043,MA1AB100000000043,WO10043,SUV Pro,PAINT-1,STN-03,2026-03-01 06:53,ENG-1104,SUP-172,EMP260,TL-031,C,Tool_31,Nut Runner,Plant-A,2026-01-31,2026-05-01,Active,97.01,Atlas Copco,SN100030
M7044,MA1AB100000000044,WO10044,SUV Pro,GA-2, stn-05 ,2026-03-01 06:55,ENG-1330,SUP-077,EMP334,TL-041,A,Tool_41,Robot Arm,Plant-A,2026-02-27,2026-05-28,Maintenance,97.13,Atlas Copco,SN100040
M7045,MA1AB100000000045,WO10045,Sedan X,TRIM-1,STN-05,2026-03-01 06:56,ENG-1288,SUP-026,EMP137,TL-069,B,Tool_69,Torque Wrench,Plant-B,2026-01-29,2026-04-29,Active,98.16,Bosch,SN100068
M7046,MA1AB100000000046,WO10046,Hatch Z,PAINT-1,STN-02,2026-03-01 06:57,ENG-1477,SUP-090,EMP135,TL-032,C,Tool_32,Press Tool,Plant-A,2026-03-27,2026-06-25,Maintenance,97.67,Bosch,SN100031
M7047,MA1AB100000000047,WO10047,SUV Pro,GA-2,STN-04,2026-03-01 06:58,ENG-1426,SUP-140,EMP254,TL-079,A,Tool_79,Press Tool,Plant-C,2026-04-14,2026-07-13,Active,96.15,Ingersoll Rand,SN100078
M7048,MA1AB100000000048,WO10048,Hatch Z,PAINT-1, stn-05 ,2026-03-01 07:00,ENG-1053,SUP-035,EMP235,TL-015,A,Tool_15,Robot Arm,Plant-C,2026-05-26,2026-08-24,Out of Service,97.88,Atlas Copco,SN100014
M7049,MA1AB100000000049,WO10049,Hatch Z,GA-2,STN-03,2026-03-01 07:01,ENG-1144,SUP-155,EMP207,TL-092,C,Tool_92,Nut Runner,Plant-C,2026-06-25,2026-09-23,Active,97.7,Bosch,SN100091
