Event_ID,VIN,Work_Order,Model,Line,Station,Timestamp,Part_Number,Supplier_Code,Operator_ID,Tool_ID,Shift
M7000,XX1 **3 4,WO10000,Hatch Z,GA-1,STN-01,2026/03/01 06:70, eng-1001 ,,EMP240,TL-032,B
M7001,MA1A**********001,WO10001,Sedan X,GA-1, stn-05 ,2026-03-01 6:01,ENG-1379,SUP-140,EMP144,TL-076,
M7002,MA1A**********002,WO10002,Sedan X,GA-1,STN-01,2026-03-01 06:2,ENG-1111,SUP-060,EMP358,TL-078,A
M7003,MA1A**********003,WO10003,Hatch Z,GA-2, stn-05 ,2026-03-01 06:03,ENG-1332,SUP-180,EMP379,TL-054,B
M7004,MA1A**********004,WO10004,SUV Pro,PAINT-1,Stn-03,2026-03-01 06:05,ENG-1445,SUP-002,EMP181,TL-090,
M7005,MA1A**********005,WO10005,SUV Pro,PAINT-1,STN-02,2026-03-01 06:06,ENG-1110,SUP-196,EMP272,TL-014,A
M7006,MA1A**********006,WO10006,SUV Pro,GA-1,STN-03,2026-03-01 06:7,ENG-1433,SUP-089,EMP235,TL-006,
M7007,MA1A**********007,WO10007,Hatch Z,GA-1,STN-04,2026-03-01 06:08,ENG-1040,SUP-142,EMP250,TL-081,C
M7008,MA1A**********008,WO10008,Hatch Z,GA-2, stn-05 ,2026-03-01 06:10,ENG-1035,SUP-012,EMP216,TL-099,C
M7009,MA1A**********009,WO10009,Sedan X,GA-2,Stn-03,2026-03-01 06:11,ENG-1051,SUP-098,EMP242,TL-059,C
M7010,MA1A**********010,WO10010,Sedan X,PAINT-1,STN-03,2026-03-01 06:12,ENG-1107,SUP-172,EMP236,TL-090,A
M7011,MA1A**********011,WO10011,Hatch Z,GA-2,STN-05,2026-03-01 06:13,ENG-1373,SUP-063,EMP183,TL-060,
M7012,MA1A**********012,WO10012,SUV Pro,GA-2, stn-05 ,2026-03-01 06:15,ENG-1166,SUP-197,EMP128,TL-030,A
M7013,MA1A**********013,WO10013,SUV Pro,TRIM-1,STN-03,2026-03-01 06:16,ENG-1033,SUP-055,EMP390,TL-092,C
M7014,MA1A**********014,WO10014,Sedan X,TRIM-1,STN-04,2026-03-01 06:17,ENG-1452,SUP-165,EMP334,TL-019,C
M7015,MA1A**********015,WO10015,Sedan X,GA-2, stn-05 ,2026-03-01 06:18,ENG-1287,SUP-138,EMP234,TL-096,
M7016,MA1A**********016,WO10016,Hatch Z,TRIM-1,STN-03,2026-03-01 06:20,ENG-1112,SUP-036,EMP360,TL-064,A
M7017,MA1A**********017,WO10017,Sedan X,GA-1,STN-02,2026-03-01 06:21,ENG-1321,SUP-041,EMP316,TL-077,A
M7018,MA1A**********018,WO10018,SUV Pro,TRIM-1,STN-05,2026-03-01 06:22,ENG-1239,SUP-136,EMP228,TL-071,A
M7019,MA1A**********019,WO10019,Hatch Z,GA-1, stn-05 ,2026-03-01 06:23,ENG-1453,SUP-138,EMP236,TL-099,C
M7020,MA1A**********020,WO10020,Sedan X,PAINT-1,STN-04,2026-03-01 06:25,ENG-1080,SUP-117,EMP101,TL-093,C
M7021,MA1A**********021,WO10021,Hatch Z,GA-2,STN-05,2026-03-01 06:26,ENG-1467,SUP-028,EMP252,TL-082,B
M7022,MA1A**********022,WO10022,Sedan X,PAINT-1,Stn-03,2026-03-01 06:27,ENG-1082,SUP-139,EMP371,TL-001,C
M7023,MA1A**********023,WO10023,SUV Pro,GA-1,STN-01,2026-03-01 06:28,ENG-1475,SUP-093,EMP257,TL-031,A
M7024,MA1A**********024,WO10024,Sedan X,GA-1,STN-01,2026-03-01 06:30,ENG-1374,SUP-125,EMP135,TL-098,B
M7025,MA1A**********025,WO10025,Sedan X,TRIM-1,STN-05,2026-03-01 06:31,ENG-1084,SUP-068,EMP370,TL-078,
M7026,MA1A**********026,WO10026,Sedan X,GA-2, stn-05 ,2026-03-01 06:32,ENG-1159,SUP-103,EMP291,TL-057,
M7027,MA1A**********027,WO10027,Sedan X,GA-2,STN-02,2026-03-01 06:33,ENG-1032,SUP-087,EMP110,TL-076,B
M7028,MA1A**********028,WO10028,Hatch Z,GA-2,STN-01,2026-03-01 06:35,ENG-1036,SUP-182,EMP130,TL-030,A
M7029,MA1A**********029,WO10029,Sedan X,PAINT-1,STN-01,2026-03-01 06:36,ENG-1263,SUP-061,EMP242,TL-086,
M7030,MA1A**********030,WO10030,Sedan X,GA-2, stn-05 ,2026-03-01 06:37,ENG-1478,SUP-147,EMP395,TL-061,B
M7031,MA1A**********031,WO10031,SUV Pro,TRIM-1,STN-02,2026-03-01 06:38,ENG-1048,SUP-025,EMP320,TL-046,
M7032,MA1A**********032,WO10032,SUV Pro,TRIM-1,Stn-03,2026-03-01 06:40,ENG-1373,SUP-014,EMP150,TL-008,
M7033,MA1A**********033,WO10033,Hatch Z,PAINT-1,Stn-03,2026-03-01 06:41,ENG-1441,SUP-028,EMP227,TL-025,B
M7034,MA1A**********034,WO10034,Hatch Z,TRIM-1,STN-02,2026-03-01 06:42,ENG-1216,SUP-047,EMP242,TL-060,B
M7035,MA1A**********035,WO10035,Sedan X,TRIM-1,Stn-03,2026-03-01 06:43,ENG-1441,SUP-141,EMP150,TL-007,A
M7036,MA1A**********036,WO10036,Sedan X,GA-2,STN-02,2026-03-01 06:45,ENG-1208,SUP-125,EMP346,TL-028,
M7037,MA1A**********037,WO10037,Sedan X,GA-2,STN-04,2026-03-01 06:46,ENG-1001,SUP-100,EMP235,TL-999,
M7038,MA1A**********038,WO10038,SUV Pro,TRIM-1, stn-05 ,2026-03-01 06:47,ENG-1490,SUP-188,EMP384,TL-085,
M7039,MA1A**********039,WO10039,Sedan X,GA-2,STN-03,2026-03-01 06:48,ENG-1111,SUP-015,EMP396,TL-095,A
M7040,MA1A**********040,WO10040,Hatch Z,PAINT-1,STN-01,2026-03-01 06:50,ENG-1025,SUP-150,EMP344,TL-065,B
M7041,MA1A**********041,WO10041,Sedan X,GA-1,Stn-03,2026-03-01 06:51,ENG-1095,SUP-018,EMP134,TL-087,B
M7042,MA1A**********042,WO10042,SUV Pro,GA-1,STN-05,2026-03-01 06:52,ENG-1126,SUP-149,EMP120,TL-080,A
M7043,MA1A**********043,WO10043,SUV Pro,PAINT-1,STN-03,2026-03-01 06:53,ENG-1104,SUP-172,EMP260,TL-031,C
M7044,MA1A**********044,WO10044,SUV Pro,GA-2, stn-05 ,2026-03-01 06:55,ENG-1330,SUP-077,EMP334,TL-041,A
M7045,MA1A**********045,WO10045,Sedan X,TRIM-1,STN-05,2026-03-01 06:56,ENG-1288,SUP-026,EMP137,TL-069,B
M7046,MA1A**********046,WO10046,Hatch Z,PAINT-1,STN-02,2026-03-01 06:57,ENG-1477,SUP-090,EMP135,TL-032,C
M7047,MA1A**********047,WO10047,SUV Pro,GA-2,STN-04,2026-03-01 06:58,ENG-1426,SUP-140,EMP254,TL-079,A
M7048,MA1A**********048,WO10048,Hatch Z,PAINT-1, stn-05 ,2026-03-01 07:00,ENG-1053,SUP-035,EMP235,TL-015,A
M7049,MA1A**********049,WO10049,Hatch Z,GA-2,STN-03,2026-03-01 07:01,ENG-1144,SUP-155,EMP207,TL-092,C
M7050,MA1A**********050,WO10050,Sedan X,PAINT-1,STN-05,2026-03-01 07:02,ENG-1250,SUP-065,EMP126,TL-012,
M7051,MA1A**********051,WO10051,SUV Pro,GA-1,STN-01,2026-03-01 07:03,ENG-1170,SUP-198,EMP166,TL-082,C
M7052,MA1A**********052,WO10052,Sedan X,TRIM-1,STN-05,2026-03-01 07:05,ENG-1361,SUP-110,EMP387,TL-002,A
M7053,MA1A**********053,WO10053,Sedan X,GA-2,STN-05,2026-03-01 07:06,ENG-1018,SUP-095,EMP398,TL-071,B
M7054,MA1A**********054,WO10054,SUV Pro,GA-2,STN-01,2026-03-01 07:07,ENG-1157,SUP-094,EMP120,TL-046,B
M7055,MA1A**********055,WO10055,Hatch Z,GA-2, stn-05 ,2026-03-01 07:08,ENG-1052,SUP-091,EMP386,TL-053,B
M7056,MA1A**********056,WO10056,Sedan X,GA-2,Stn-03,2026-03-01 07:10,ENG-1415,SUP-046,EMP311,TL-004,B
M7057,MA1A**********057,WO10057,Hatch Z,PAINT-1,Stn-03,2026-03-01 07:11,ENG-1476,SUP-106,EMP227,TL-035,B
M7058,MA1A**********058,WO10058,Hatch Z,GA-1,STN-04,2026-03-01 07:12,ENG-1446,SUP-010,EMP340,TL-029,B
M7059,MA1A**********059,WO10059,SUV Pro,PAINT-1,STN-03,2026-03-01 07:13,ENG-1420,SUP-059,EMP214,TL-004,B
M7060,MA1A**********060,WO10060,SUV Pro,PAINT-1,STN-03,2026-03-01 07:15,ENG-1442,SUP-018,EMP242,TL-045,
M7061,MA1A**********061,WO10061,Hatch Z,PAINT-1,STN-01,2026-03-01 07:16,ENG-1059,SUP-067,EMP191,TL-075,C
M7062,MA1A**********062,WO10062,Sedan X,GA-1,STN-05,2026-03-01 07:17,ENG-1222,SUP-089,EMP260,TL-056,A
M7063,MA1A**********063,WO10063,SUV Pro,GA-2,STN-03,2026-03-01 07:18,ENG-1022,SUP-182,EMP323,TL-001,B
M7064,MA1A**********064,WO10064,SUV Pro,TRIM-1,STN-01,2026-03-01 07:20,ENG-1485,SUP-171,EMP269,TL-080,C
M7065,MA1A**********065,WO10065,Hatch Z,GA-1, stn-05 ,2026-03-01 07:21,ENG-1460,SUP-077,EMP359,TL-040,
M7066,MA1A**********066,WO10066,SUV Pro,TRIM-1, stn-05 ,2026-03-01 07:22,ENG-1151,SUP-142,EMP165,TL-025,
M7067,MA1A**********067,WO10067,Hatch Z,TRIM-1, stn-05 ,2026-03-01 07:23,ENG-1383,SUP-045,EMP391,TL-039,
M7068,MA1A**********068,WO10068,Hatch Z,GA-1,STN-03,2026-03-01 07:25,ENG-1146,SUP-054,EMP320,TL-999,C
M7069,MA1A**********069,WO10069,SUV Pro,TRIM-1,STN-04,2026-03-01 07:26,ENG-1345,SUP-055,EMP361,TL-061,B
M7070,MA1A**********070,WO10070,Hatch Z,GA-1,STN-03,2026-03-01 07:27,ENG-1263,SUP-170,EMP271,TL-012,B
M7071,MA1A**********071,WO10071,Hatch Z,PAINT-1,STN-02,2026-03-01 07:28,ENG-1412,SUP-051,EMP175,TL-004,A
M7072,MA1A**********072,WO10072,Sedan X,TRIM-1,STN-05,2026-03-01 07:30,ENG-1435,SUP-197,EMP137,TL-059,
M7073,MA1A**********073,WO10073,Hatch Z,GA-2, stn-05 ,2026-03-01 07:31,ENG-1356,SUP-099,EMP353,TL-052,B
M7074,MA1A**********074,WO10074,Sedan X,GA-1,Stn-03,2026-03-01 07:32,ENG-1440,SUP-198,EMP154,TL-100,
M7075,MA1A**********075,WO10075,Sedan X,GA-2,Stn-03,2026-03-01 07:33,ENG-1490,SUP-179,EMP365,TL-060,A
M7076,MA1A**********076,WO10076,Hatch Z,GA-2,Stn-03,2026-03-01 07:35,ENG-1062,SUP-117,EMP168,TL-060,C
M7077,MA1A**********077,WO10077,SUV Pro,TRIM-1,Stn-03,2026-03-01 07:36,ENG-1464,SUP-141,EMP328,TL-021,
M7078,MA1A**********078,WO10078,SUV Pro,PAINT-1,Stn-03,2026-03-01 07:37,ENG-1126,SUP-164,EMP241,TL-099,
M7079,MA1A**********079,WO10079,Hatch Z,GA-2,STN-03,2026-03-01 07:38,ENG-1225,SUP-020,EMP246,TL-031,C
M7080,MA1A**********080,WO10080,SUV Pro,PAINT-1,STN-05,2026-03-01 07:40,ENG-1041,SUP-036,EMP177,TL-030,
M7081,MA1A**********081,WO10081,Hatch Z,GA-2, stn-05 ,2026-03-01 07:41,ENG-1109,SUP-017,EMP312,TL-053,C
M7082,MA1A**********082,WO10082,Hatch Z,TRIM-1,STN-04,2026-03-01 07:42,ENG-1031,SUP-053,EMP315,TL-050,A
M7083,MA1A**********083,WO10083,Hatch Z,TRIM-1,STN-04,2026-03-01 07:43,ENG-1003,SUP-091,EMP252,TL-097,
M7084,MA1A**********084,WO10084,SUV Pro,GA-2,STN-04,2026-03-01 07:45,ENG-1112,SUP-070,EMP323,TL-063,A
M7085,MA1A**********085,WO10085,SUV Pro,PAINT-1, stn-05 ,2026-03-01 07:46,ENG-1347,SUP-104,EMP184,TL-060,B
M7086,MA1A**********086,WO10086,Hatch Z,GA-1,STN-04,2026-03-01 07:47,ENG-1303,SUP-145,EMP113,TL-011,
M7087,MA1A**********087,WO10087,Sedan X,TRIM-1,STN-02,2026-03-01 07:48,ENG-1025,SUP-067,EMP294,TL-042,B
M7088,MA1A**********088,WO10088,SUV Pro,PAINT-1,STN-03,2026-03-01 07:50,ENG-1389,SUP-098,EMP242,TL-097,
M7089,MA1A**********089,WO10089,SUV Pro,GA-1,STN-04,2026-03-01 07:51,ENG-1009,SUP-192,EMP376,TL-007,C
M7090,MA1A**********090,WO10090,Sedan X,GA-1,Stn-03,2026-03-01 07:52,ENG-1490,SUP-167,EMP120,TL-097,A
M7091,MA1A**********091,WO10091,Sedan X,GA-2,Stn-03,2026-03-01 07:53,ENG-1010,SUP-160,EMP178,TL-031,B
M7092,MA1A**********092,WO10092,SUV Pro,GA-1,STN-05,2026-03-01 07:55,ENG-1485,SUP-056,EMP338,TL-090,C
M7093,MA1A**********093,WO10093,SUV Pro,GA-2,STN-05,2026-03-01 07:56,ENG-1310,SUP-192,EMP158,TL-100,B
M7094,MA1A**********094,WO10094,SUV Pro,GA-1,STN-05,2026-03-01 07:57,ENG-1013,SUP-080,EMP394,TL-087,
M7095,MA1A**********095,WO10095,SUV Pro,GA-2,STN-01,2026-03-01 07:58,ENG-1303,SUP-177,EMP224,TL-014,C
M7096,MA1A**********096,WO10096,Hatch Z,GA-1,Stn-03,2026-03-01 08:00,ENG-1289,SUP-011,EMP277,TL-069,
M7097,MA1A**********097,WO10097,Hatch Z,PAINT-1,STN-01,2026-03-01 08:01,ENG-1259,SUP-166,EMP274,TL-002,
M7098,MA1A**********098,WO10098,SUV Pro,GA-1,STN-04,2026-03-01 08:02,ENG-1491,SUP-093,EMP335,TL-091,B
M7099,MA1A**********099,WO10099,SUV Pro,GA-2, stn-05 ,2026-03-01 08:03,ENG-1267,SUP-167,EMP238,TL-079,
M7100,MA1A**********100,WO10100,SUV Pro,TRIM-1,Stn-03,2026-03-01 08:05,ENG-1374,SUP-152,EMP237,TL-042,B
M7101,MA1A**********101,WO10101,Sedan X,PAINT-1,STN-04,2026-03-01 08:06,ENG-1124,SUP-193,EMP337,TL-073,
M7102,MA1A**********102,WO10102,SUV Pro,GA-1,STN-04,2026-03-01 08:07,ENG-1435,SUP-084,EMP193,TL-063,B
M7103,MA1A**********103,WO10103,SUV Pro,PAINT-1,STN-03,2026-03-01 08:08,ENG-1143,SUP-153,EMP241,TL-072,A
M7104,MA1A**********104,WO10104,Hatch Z,GA-2,STN-01,2026-03-01 08:10,ENG-1123,SUP-185,EMP308,TL-063,B
M7105,MA1A**********105,WO10105,Hatch Z,TRIM-1, stn-05 ,2026-03-01 08:11,ENG-1364,SUP-126,EMP329,TL-003,A
M7106,MA1A**********106,WO10106,SUV Pro,GA-2,STN-04,2026-03-01 08:12,ENG-1354,SUP-063,EMP256,TL-085,C
M7107,MA1A**********107,WO10107,SUV Pro,PAINT-1,STN-04,2026-03-01 08:13,ENG-1381,SUP-141,EMP269,TL-046,
M7108,MA1A**********108,WO10108,SUV Pro,PAINT-1,STN-03,2026-03-01 08:15,ENG-1118,SUP-031,EMP198,TL-041,A
M7109,MA1A**********109,WO10109,Hatch Z,GA-2,STN-02,2026-03-01 08:16,ENG-1110,SUP-190,EMP347,TL-036,C
M7110,MA1A**********110,WO10110,Sedan X,GA-2,STN-03,2026-03-01 08:17,ENG-1116,SUP-093,EMP191,TL-039,A
M7111,MA1A**********111,WO10111,Hatch Z,GA-2,STN-03,2026-03-01 08:18,ENG-1023,SUP-014,EMP383,TL-038,B
M7112,MA1A**********112,WO10112,Hatch Z,TRIM-1,STN-01,2026-03-01 08:20,ENG-1446,SUP-004,EMP393,TL-037,
M7113,MA1A**********113,WO10113,SUV Pro,TRIM-1,STN-03,2026-03-01 08:21,ENG-1094,SUP-014,EMP229,TL-062,A
M7114,MA1A**********114,WO10114,Sedan X,TRIM-1,STN-04,2026-03-01 08:22,ENG-1037,SUP-148,EMP127,TL-020,B
M7115,MA1A**********115,WO10115,Hatch Z,PAINT-1,STN-01,2026-03-01 08:23,ENG-1127,SUP-031,EMP385,TL-098,
M7116,MA1A**********116,WO10116,Hatch Z,GA-2,Stn-03,2026-03-01 08:25,ENG-1267,SUP-098,EMP330,TL-057,C
M7117,MA1A**********117,WO10117,Hatch Z,TRIM-1,STN-03,2026-03-01 08:26,ENG-1291,SUP-159,EMP130,TL-079,A
M7118,MA1A**********118,WO10118,Sedan X,GA-2,STN-03,2026-03-01 08:27,ENG-1338,SUP-021,EMP180,TL-031,B
M7119,MA1A**********119,WO10119,Hatch Z,GA-1,STN-02,2026-03-01 08:28,ENG-1001,SUP-105,EMP330,TL-089,
M7120,MA1A**********120,WO10120,SUV Pro,GA-1,STN-02,2026-03-01 08:30,ENG-1147,SUP-181,EMP244,TL-090,
M7121,MA1A**********121,WO10121,Sedan X,GA-2,STN-03,2026-03-01 08:31,ENG-1403,SUP-161,EMP201,TL-055,A
M7122,MA1A**********122,WO10122,Hatch Z,GA-2, stn-05 ,2026-03-01 08:32,ENG-1076,SUP-069,EMP172,TL-010,A
M7123,MA1A**********123,WO10123,Sedan X,PAINT-1,STN-05,2026-03-01 08:33,ENG-1383,SUP-146,EMP247,TL-057,A
M7124,MA1A**********124,WO10124,SUV Pro,PAINT-1, stn-05 ,2026-03-01 08:35,ENG-1206,SUP-070,EMP356,TL-070,
M7125,MA1A**********125,WO10125,SUV Pro,GA-1,STN-05,2026-03-01 08:36,ENG-1020,SUP-111,EMP265,TL-078,C
M7126,MA1A**********126,WO10126,Sedan X,GA-1,STN-02,2026-03-01 08:37,ENG-1492,SUP-173,EMP394,TL-076,A
M7127,MA1A**********127,WO10127,Hatch Z,PAINT-1,STN-05,2026-03-01 08:38,ENG-1020,SUP-196,EMP189,TL-061,
M7128,MA1A**********128,WO10128,SUV Pro,GA-2,STN-05,2026-03-01 08:40,ENG-1223,SUP-163,EMP351,TL-012,
M7129,MA1A**********129,WO10129,SUV Pro,TRIM-1,STN-03,2026-03-01 08:41,ENG-1164,SUP-172,EMP153,TL-021,C
M7130,MA1A**********130,WO10130,SUV Pro,TRIM-1,STN-03,2026-03-01 08:42,ENG-1339,SUP-103,EMP381,TL-005,
M7131,MA1A**********131,WO10131,Sedan X,PAINT-1,STN-03,2026-03-01 08:43,ENG-1165,SUP-030,EMP306,TL-066,A
M7132,MA1A**********132,WO10132,Hatch Z,TRIM-1,STN-04,2026-03-01 08:45,ENG-1027,SUP-049,EMP365,TL-047,
M7133,MA1A**********133,WO10133,Hatch Z,TRIM-1,Stn-03,2026-03-01 08:46,ENG-1026,SUP-053,EMP236,TL-071,B
M7134,MA1A**********134,WO10134,SUV Pro,TRIM-1, stn-05 ,2026-03-01 08:47,ENG-1248,SUP-032,EMP114,TL-081,B
M7135,MA1A**********135,WO10135,Hatch Z,GA-2,STN-03,2026-03-01 08:48,ENG-1282,SUP-004,EMP382,TL-053,A
M7136,MA1A**********136,WO10136,Sedan X,GA-1,STN-04,2026-03-01 08:50,ENG-1484,SUP-031,EMP178,TL-064,C
M7137,MA1A**********137,WO10137,Hatch Z,PAINT-1,STN-04,2026-03-01 08:51,ENG-1427,SUP-124,EMP341,TL-032,
M7138,MA1A**********138,WO10138,Hatch Z,GA-2,STN-04,2026-03-01 08:52,ENG-1097,SUP-154,EMP360,TL-096,B
M7139,MA1A**********139,WO10139,Sedan X,PAINT-1,Stn-03,2026-03-01 08:53,ENG-1404,SUP-107,EMP274,TL-999,C
M7140,MA1A**********140,WO10140,Sedan X,PAINT-1, stn-05 ,2026-03-01 08:55,ENG-1152,SUP-151,EMP396,TL-085,
M7141,MA1A**********141,WO10141,Sedan X,TRIM-1,STN-05,2026-03-01 08:56,ENG-1247,SUP-089,EMP270,TL-071,
M7142,MA1A**********142,WO10142,SUV Pro,PAINT-1,Stn-03,2026-03-01 08:57,ENG-1096,SUP-179,EMP222,TL-074,
M7143,MA1A**********143,WO10143,Sedan X,TRIM-1,STN-01,2026-03-01 08:58,ENG-1162,SUP-191,EMP342,TL-091,
M7144,MA1A**********144,WO10144,SUV Pro,GA-2,STN-04,2026-03-01 09:00,ENG-1493,SUP-010,EMP164,TL-065,C
M7145,MA1A**********145,WO10145,Sedan X,TRIM-1,STN-01,2026-03-01 09:01, eng-1001 ,SUP-135,EMP333,TL-002,B
M7146,MA1A**********146,WO10146,SUV Pro,GA-2,STN-01,2026-03-01 09:02,ENG-1240,SUP-068,EMP273,TL-080,
M7147,MA1A**********147,WO10147,Hatch Z,GA-1,Stn-03,2026-03-01 09:03,ENG-1168,SUP-173,EMP373,TL-049,C
M7148,MA1A**********148,WO10148,Hatch Z,TRIM-1,Stn-03,2026-03-01 09:05,ENG-1277,SUP-010,EMP135,TL-031,C
M7149,MA1A**********149,WO10149,Sedan X,GA-1,STN-04,2026-03-01 09:06,ENG-1050,SUP-195,EMP151,TL-057,B
M7150,MA1A**********150,WO10150,Hatch Z,PAINT-1,STN-01,2026-03-01 09:07,ENG-1023,SUP-084,EMP128,TL-038,C
M7151,MA1A**********151,WO10151,SUV Pro,TRIM-1,STN-02,2026-03-01 09:08,ENG-1125,SUP-136,EMP310,TL-073,B
M7152,MA1A**********152,WO10152,Sedan X,GA-2,STN-01,2026-03-01 09:10,ENG-1312,SUP-098,EMP223,TL-064,B
M7153,MA1A**********153,WO10153,Sedan X,TRIM-1, stn-05 ,2026-03-01 09:11,ENG-1130,SUP-118,EMP230,TL-086,A
M7154,MA1A**********154,WO10154,SUV Pro,PAINT-1, stn-05 ,2026-03-01 09:12,ENG-1279,SUP-041,EMP137,TL-057,C
M7155,MA1A**********155,WO10155,Hatch Z,PAINT-1, stn-05 ,2026-03-01 09:13,ENG-1492,SUP-109,EMP228,TL-059,C
M7156,MA1A**********156,WO10156,Sedan X,TRIM-1,Stn-03,2026-03-01 09:15,ENG-1247,SUP-028,EMP221,TL-049,C
M7157,MA1A**********157,WO10157,Hatch Z,PAINT-1, stn-05 ,2026-03-01 09:16,ENG-1151,SUP-006,EMP302,TL-036,A
M7158,MA1A**********158,WO10158,Hatch Z,GA-1,STN-05,2026-03-01 09:17,ENG-1381,SUP-128,EMP246,TL-100,B
M7159,MA1A**********159,WO10159,Hatch Z,PAINT-1,STN-02,2026-03-01 09:18,ENG-1325,SUP-049,EMP228,TL-087,B
M7160,MA1A**********160,WO10160,Hatch Z,GA-1, stn-05 ,2026-03-01 09:20,ENG-1330,SUP-011,EMP258,TL-999,
M7161,MA1A**********161,WO10161,Sedan X,PAINT-1, stn-05 ,2026-03-01 09:21,ENG-1067,SUP-024,EMP251,TL-042,
M7162,MA1A**********162,WO10162,Sedan X,GA-2,STN-02,2026-03-01 09:22,ENG-1402,SUP-139,EMP287,TL-068,C
M7163,MA1A**********163,WO10163,Sedan X,PAINT-1,Stn-03,2026-03-01 09:23,ENG-1483,SUP-124,EMP251,TL-096,C
M7164,MA1A**********164,WO10164,Sedan X,TRIM-1,STN-01,2026-03-01 09:25,ENG-1072,SUP-194,EMP215,TL-087,
M7165,MA1A**********165,WO10165,Hatch Z,PAINT-1,STN-01,2026-03-01 09:26,ENG-1404,SUP-102,EMP107,TL-034,A
M7166,MA1A**********166,WO10166,SUV Pro,PAINT-1, stn-05 ,2026-03-01 09:27,ENG-1383,SUP-173,EMP234,TL-075,
M7167,MA1A**********167,WO10167,Hatch Z,PAINT-1,STN-01,2026-03-01 09:28,ENG-1345,SUP-060,EMP341,TL-004,C
M7168,MA1A**********168,WO10168,Hatch Z,GA-2, stn-05 ,2026-03-01 09:30,ENG-1032,SUP-163,EMP337,TL-090,C
M7169,MA1A**********169,WO10169,Hatch Z,TRIM-1,STN-01,2026-03-01 09:31,ENG-1071,SUP-012,EMP119,TL-039,
M7170,MA1A**********170,WO10170,Sedan X,GA-1,STN-02,2026-03-01 09:32,ENG-1454,SUP-138,EMP169,TL-050,
M7171,MA1A**********171,WO10171,SUV Pro,TRIM-1,STN-05,2026-03-01 09:33,ENG-1380,SUP-187,EMP179,TL-054,A
M7172,MA1A**********172,WO10172,SUV Pro,TRIM-1,STN-03,2026-03-01 09:35,ENG-1016,SUP-177,EMP289,TL-028,
M7173,MA1A**********173,WO10173,SUV Pro,GA-2,Stn-03,2026/03/01 09:36,ENG-1185,SUP-026,EMP288,TL-070,C
M7174,MA1A**********174,WO10174,Sedan X,TRIM-1,STN-03,2026-03-01 09:37,ENG-1097,SUP-032,EMP332,TL-012,B
M7175,MA1A**********175,WO10175,Hatch Z,GA-1,STN-01,2026-03-01 09:38,ENG-1402,SUP-086,EMP224,TL-017,B
M7176,MA1A**********176,WO10176,Sedan X,GA-2,STN-05,2026-03-01 09:40,ENG-1110,SUP-060,EMP268,TL-100,B
M7177,MA1A**********177,WO10177,Hatch Z,GA-1,STN-03,2026-03-01 09:41,ENG-1439,SUP-038,EMP166,TL-070,C
M7178,MA1A**********178,WO10178,Sedan X,GA-1, stn-05 ,2026-03-01 09:42,ENG-1443,SUP-007,EMP167,TL-002,C
M7179,MA1A**********179,WO10179,Sedan X,PAINT-1,STN-01,2026-03-01 09:43,ENG-1089,SUP-068,EMP126,TL-017,
M7180,MA1A**********180,WO10180,Hatch Z,GA-1, stn-05 ,2026-03-01 09:45,ENG-1032,SUP-122,EMP329,TL-100,C
M7181,MA1A**********181,WO10181,Hatch Z,GA-1,STN-04,2026-03-01 09:46,ENG-1257,SUP-057,EMP122,TL-094,C
M7182,MA1A**********182,WO10182,SUV Pro,GA-1,STN-01,2026-03-01 09:47,ENG-1245,SUP-103,EMP318,TL-088,A
M7183,MA1A**********183,WO10183,SUV Pro,TRIM-1,STN-01,2026-03-01 09:48,ENG-1460,SUP-021,EMP264,TL-078,B
M7184,MA1A**********184,WO10184,Sedan X,GA-2,STN-03,2026-03-01 09:50,ENG-1319,SUP-163,EMP399,TL-071,C
M7185,MA1A**********185,WO10185,SUV Pro,PAINT-1,STN-04,2026-03-01 09:51,ENG-1258,SUP-155,EMP320,TL-013,A
M7186,MA1A**********186,WO10186,Hatch Z,GA-2,STN-04,2026-03-01 09:52,ENG-1231,SUP-059,EMP311,TL-044,
M7187,MA1A**********187,WO10187,SUV Pro,TRIM-1, stn-05 ,2026-03-01 09:53,ENG-1048,SUP-081,EMP318,TL-041,C
M7188,MA1A**********188,WO10188,SUV Pro,GA-2, stn-05 ,2026-03-01 09:55,ENG-1472,SUP-122,EMP134,TL-012,A
M7189,MA1A**********189,WO10189,Sedan X,TRIM-1,STN-01,2026-03-01 09:56,ENG-1381,SUP-190,EMP290,TL-017,A
M7190,MA1A**********190,WO10190,Hatch Z,PAINT-1, stn-05 ,2026-03-01 09:57,ENG-1062,SUP-106,EMP281,TL-086,
M7191,MA1A**********191,WO10191,Hatch Z,GA-1,STN-03,2026-03-01 09:58,ENG-1307,SUP-080,EMP280,TL-014,B
M7192,MA1A**********192,WO10192,Sedan X,TRIM-1,STN-02,2026-03-01 10:00,ENG-1433,SUP-028,EMP279,TL-072,C
M7193,MA1A**********193,WO10193,Sedan X,PAINT-1,STN-05,2026-03-01 10:01,ENG-1115,SUP-110,EMP387,TL-099,A
M7194,MA1A**********194,WO10194,Hatch Z,PAINT-1,STN-01,2026-03-01 10:02,ENG-1092,SUP-070,EMP258,TL-044,C
M7195,MA1A**********195,WO10195,Sedan X,GA-2,Stn-03,2026-03-01 10:03,ENG-1073,SUP-145,EMP305,TL-009,B
M7196,MA1A**********196,WO10196,Hatch Z,GA-1,STN-01,2026-03-01 10:05,ENG-1382,SUP-136,EMP210,TL-049,
M7197,MA1A**********197,WO10197,SUV Pro,PAINT-1,STN-02,2026-03-01 10:06,ENG-1189,SUP-080,EMP266,TL-100,A
M7198,MA1A**********198,WO10198,Sedan X,GA-2,STN-02,2026-03-01 10:07,ENG-1386,SUP-159,EMP125,TL-087,A
M7199,MA1A**********199,WO10199,SUV Pro,TRIM-1, stn-05 ,2026-03-01 10:08,ENG-1217,SUP-125,EMP326,TL-054,C
M7200,MA1A**********200,WO10200,Sedan X,GA-1,STN-03,2026-03-01 10:10,ENG-1220,SUP-029,EMP245,TL-087,
M7201,MA1A**********201,WO10201,Hatch Z,PAINT-1,STN-01,2026-03-01 10:11,ENG-1112,SUP-102,EMP128,TL-001,B
M7202,MA1A**********202,WO10202,SUV Pro,GA-2,Stn-03,2026-03-01 10:12,ENG-1070,SUP-196,EMP230,TL-038,C
M7203,MA1A**********203,WO10203,Sedan X,GA-1,STN-04,2026-03-01 10:13,ENG-1382,SUP-111,EMP189,TL-017,
M7204,MA1A**********204,WO10204,Hatch Z,GA-2,STN-05,2026-03-01 10:15,ENG-1286,SUP-172,EMP281,TL-010,
M7205,MA1A**********205,WO10205,Hatch Z,GA-1,STN-04,2026-03-01 10:16,ENG-1009,SUP-118,EMP139,TL-041,
M7206,MA1A**********206,WO10206,Hatch Z,TRIM-1, stn-05 ,2026-03-01 10:17,ENG-1327,SUP-107,EMP248,TL-015,
M7207,MA1A**********207,WO10207,Sedan X,PAINT-1,STN-02,2026-03-01 10:18,ENG-1410,SUP-159,EMP335,TL-089,C
M7208,MA1A**********208,WO10208,Sedan X,TRIM-1,Stn-03,2026-03-01 10:20,ENG-1054,SUP-063,EMP323,TL-076,
M7209,MA1A**********209,WO10209,Hatch Z,GA-1,STN-04,2026-03-01 10:21,ENG-1445,SUP-080,EMP273,TL-029,C
M7210,MA1A**********210,WO10210,Sedan X,GA-1,STN-05,2026-03-01 10:22,ENG-1324,SUP-030,EMP371,TL-066,B
M7211,MA1A**********211,WO10211,SUV Pro,PAINT-1, stn-05 ,2026-03-01 10:70,ENG-1490,SUP-166,EMP175,TL-031,A
M7212,MA1A**********212,WO10212,Sedan X,PAINT-1,STN-02,2026-03-01 10:25,ENG-1088,SUP-155,EMP178,TL-098,A
M7213,MA1A**********213,WO10213,Sedan X,TRIM-1,STN-04,2026-03-01 10:26,ENG-1386,SUP-145,EMP396,TL-058,C
M7214,MA1A**********214,WO10214,Hatch Z,PAINT-1,STN-02,2026-03-01 10:27,ENG-1225,SUP-018,EMP340,TL-057,C
M7215,MA1A**********215,WO10215,SUV Pro,GA-1,STN-03,2026-03-01 10:28,ENG-1259,SUP-019,EMP258,TL-060,
M7216,MA1A**********216,WO10216,Sedan X,GA-1,STN-03,2026-03-01 10:30,ENG-1425,SUP-074,EMP139,TL-083,A
M7217,MA1A**********217,WO10217,Hatch Z,TRIM-1,STN-04,2026-03-01 10:31,ENG-1297,SUP-142,EMP121,TL-058,B
M7218,MA1A**********218,WO10218,SUV Pro,TRIM-1,STN-05,2026-03-01 10:32,ENG-1077,SUP-016,EMP330,TL-014,C
M7219,MA1A**********219,WO10219,Hatch Z,GA-1,STN-05,2026-03-01 10:33,ENG-1330,SUP-045,EMP120,TL-032,
M7220,MA1A**********220,WO10220,SUV Pro,GA-2,STN-03,2026-03-01 10:35,ENG-1190,SUP-073,EMP298,TL-053,C
M7221,MA1A**********221,WO10221,Hatch Z,GA-1,Stn-03,2026-03-01 10:36,ENG-1323,SUP-166,EMP271,TL-009,C
M7222,MA1A**********222,WO10222,Sedan X,TRIM-1,STN-03,2026-03-01 10:37,ENG-1129,,EMP176,TL-043,A
M7223,MA1A**********223,WO10223,Hatch Z,GA-2,STN-03,2026-03-01 10:38,ENG-1158,SUP-168,EMP300,TL-017,A
M7224,MA1A**********224,WO10224,SUV Pro,TRIM-1, stn-05 ,2026-03-01 10:40,ENG-1405,SUP-085,EMP165,TL-086,A
M7225,MA1A**********225,WO10225,Hatch Z,TRIM-1,STN-05,2026-03-01 10:41,ENG-1185,SUP-005,EMP285,TL-040,B
M7226,MA1A**********226,WO10226,Sedan X,PAINT-1,Stn-03,2026-03-01 10:42,ENG-1248,SUP-050,EMP215,TL-018,B
M7227,MA1A**********227,WO10227,Sedan X,PAINT-1,Stn-03,2026-03-01 10:43,ENG-1403,SUP-026,EMP359,TL-099,A
M7228,MA1A**********228,WO10228,Hatch Z,PAINT-1,Stn-03,2026-03-01 10:45,ENG-1316,SUP-034,EMP292,TL-020,B
M7229,MA1A**********229,WO10229,Sedan X,GA-2, stn-05 ,2026-03-01 10:46,ENG-1224,SUP-012,EMP310,TL-047,B
M7230,MA1A**********230,WO10230,SUV Pro,PAINT-1,Stn-03,2026-03-01 10:47,ENG-1383,SUP-115,EMP219,TL-069,B
M7231,MA1A**********231,WO10231,SUV Pro,TRIM-1,Stn-03,2026-03-01 10:48,ENG-1099,SUP-095,EMP392,TL-057,
M7232,MA1A**********232,WO10232,SUV Pro,TRIM-1,STN-05,2026-03-01 10:50,ENG-1270,SUP-108,EMP182,TL-026,B
M7233,MA1A**********233,WO10233,SUV Pro,GA-1, stn-05 ,2026-03-01 10:51,ENG-1246,SUP-096,EMP383,TL-014,A
M7234,MA1A**********234,WO10234,SUV Pro,GA-1,Stn-03,2026-03-01 10:52,ENG-1082,SUP-070,EMP330,TL-066,B
M7235,MA1A**********235,WO10235,SUV Pro,GA-1,STN-02,2026-03-01 10:53,ENG-1418,SUP-116,EMP278,TL-004,
M7236,MA1A**********236,WO10236,Sedan X,TRIM-1,STN-05,2026-03-01 10:55,ENG-1191,SUP-061,EMP297,TL-011,C
M7237,MA1A**********237,WO10237,Sedan X,GA-1,STN-03,2026-03-01 10:56,ENG-1476,SUP-026,EMP271,TL-019,B
M7238,MA1A**********238,WO10238,Sedan X,PAINT-1,Stn-03,2026-03-01 10:57,ENG-1241,SUP-179,EMP171,TL-098,
M7239,MA1A**********239,WO10239,SUV Pro,GA-1,STN-01,2026-03-01 10:58,ENG-1009,SUP-066,EMP210,TL-020,
M7240,MA1A**********240,WO10240,Sedan X,PAINT-1,STN-02,2026-03-01 11:00,ENG-1154,SUP-032,EMP124,TL-031,
M7241,MA1A**********241,WO10241,Hatch Z,TRIM-1,STN-01,2026-03-01 11:01,ENG-1056,SUP-128,EMP374,TL-003,B
M7242,MA1A**********242,WO10242,Hatch Z,GA-2,STN-03,2026-03-01 11:02,ENG-1219,SUP-001,EMP280,TL-031,
M7243,MA1A**********243,WO10243,Sedan X,GA-1,STN-05,2026-03-01 11:03,ENG-1499,SUP-093,EMP134,TL-068,A
M7244,MA1A**********244,WO10244,SUV Pro,TRIM-1,STN-01,2026-03-01 11:05,ENG-1325,SUP-100,EMP291,TL-033,A
M7245,MA1A**********245,WO10245,SUV Pro,GA-1,STN-03,2026-03-01 11:06,ENG-1123,SUP-188,EMP153,TL-099,C
M7246,MA1A**********246,WO10246,Sedan X,GA-1,STN-03,2026-03-01 11:07,ENG-1279,SUP-087,EMP189,TL-100,
M7247,MA1A**********247,WO10247,Hatch Z,TRIM-1, stn-05 ,2026-03-01 11:08,ENG-1093,SUP-035,EMP132,TL-092,
M7248,MA1A**********248,WO10248,Sedan X,PAINT-1,STN-02,2026-03-01 11:10,ENG-1022,SUP-052,EMP121,TL-041,C
M7249,MA1A**********249,WO10249,Hatch Z,TRIM-1,Stn-03,2026-03-01 11:11,ENG-1278,SUP-122,EMP229,TL-005,B
M7250,MA1A**********250,WO10250,SUV Pro,PAINT-1,Stn-03,2026-03-01 11:12,ENG-1399,SUP-013,EMP269,TL-035,A
M7251,MA1A**********251,WO10251,SUV Pro,TRIM-1,STN-04,2026-03-01 11:13,ENG-1380,SUP-113,EMP297,TL-044,B
M7252,MA1A**********252,WO10252,SUV Pro,TRIM-1,STN-03,2026-03-01 11:15,ENG-1473,SUP-133,EMP236,TL-011,
M7253,MA1A**********253,WO10253,Sedan X,TRIM-1,STN-05,2026-03-01 11:16,ENG-1421,SUP-047,EMP379,TL-038,C
M7254,MA1A**********254,WO10254,Sedan X,GA-1,STN-03,2026-03-01 11:17,ENG-1338,SUP-076,EMP256,TL-058,
M7255,MA1A**********255,WO10255,Sedan X,TRIM-1,STN-03,2026-03-01 11:18,ENG-1228,SUP-011,EMP280,TL-079,
M7256,MA1A**********256,WO10256,SUV Pro,GA-1,STN-01,2026-03-01 11:20,ENG-1343,SUP-164,EMP307,TL-047,B
M7257,MA1A**********257,WO10257,Sedan X,GA-2,Stn-03,2026-03-01 11:21,ENG-1311,SUP-174,EMP324,TL-005,B
M7258,MA1A**********258,WO10258,Sedan X,GA-2,Stn-03,2026-03-01 11:22,ENG-1330,SUP-094,EMP285,TL-050,A
M7259,MA1A**********259,WO10259,Hatch Z,GA-2, stn-05 ,2026-03-01 11:23,ENG-1230,SUP-095,EMP290,TL-057,A
M7260,MA1A**********260,WO10260,Hatch Z,GA-2,STN-05,2026-03-01 11:25,ENG-1187,SUP-102,EMP260,TL-084,C
M7261,MA1A**********261,WO10261,Sedan X,GA-1,STN-01,2026-03-01 11:26,ENG-1376,SUP-048,EMP355,TL-067,
M7262,MA1A**********262,WO10262,Hatch Z,GA-1,STN-03,2026-03-01 11:27,ENG-1396,SUP-067,EMP328,TL-028,C
M7263,MA1A**********263,WO10263,Hatch Z,TRIM-1,STN-02,2026-03-01 11:28,ENG-1062,SUP-035,EMP137,TL-058,B
M7264,MA1A**********264,WO10264,Hatch Z,TRIM-1,STN-01,2026-03-01 11:30,ENG-1414,SUP-175,EMP263,TL-086,C
M7265,MA1A**********265,WO10265,Hatch Z,GA-1,STN-05,2026-03-01 11:31,ENG-1277,SUP-075,EMP253,TL-021,B
M7266,MA1A**********266,WO10266,SUV Pro,GA-2,STN-01,2026-03-01 11:32,ENG-1102,SUP-036,EMP221,TL-064,A
M7267,MA1A**********267,WO10267,SUV Pro,PAINT-1,STN-04,2026-03-01 11:33,ENG-1411,SUP-142,EMP166,TL-079,A
M7268,MA1A**********268,WO10268,Sedan X,PAINT-1,STN-04,2026-03-01 11:35,ENG-1367,SUP-185,EMP345,TL-068,
M7269,MA1A**********269,WO10269,SUV Pro,GA-1,STN-02,2026-03-01 11:36,ENG-1497,SUP-082,EMP137,TL-058,
M7270,MA1A**********270,WO10270,Hatch Z,PAINT-1,STN-02,2026-03-01 11:37,ENG-1449,SUP-200,EMP382,TL-082,B
M7271,MA1A**********271,WO10271,Sedan X,TRIM-1,STN-05,2026-03-01 11:38,ENG-1466,SUP-015,EMP163,TL-067,B
M7272,MA1A**********272,WO10272,SUV Pro,GA-2,STN-02,2026-03-01 11:40,ENG-1165,SUP-182,EMP215,TL-045,C
M7273,MA1A**********273,WO10273,Sedan X,PAINT-1,STN-02,2026-03-01 11:41,ENG-1325,SUP-142,EMP240,TL-017,C
M7274,MA1A**********274,WO10274,Hatch Z,GA-1,STN-05,2026-03-01 11:42,ENG-1328,SUP-044,EMP397,TL-020,B
M7275,MA1A**********275,WO10275,Hatch Z,PAINT-1,Stn-03,2026-03-01 11:43,ENG-1473,SUP-145,EMP121,TL-004,A
M7276,MA1A**********276,WO10276,Sedan X,PAINT-1, stn-05 ,2026-03-01 11:45,ENG-1107,SUP-197,EMP392,TL-054,A
M7277,MA1A**********277,WO10277,SUV Pro,PAINT-1, stn-05 ,2026-03-01 11:46,ENG-1489,SUP-078,EMP347,TL-032,
M7278,MA1A**********278,WO10278,SUV Pro,TRIM-1,STN-01,2026-03-01 11:47,ENG-1352,SUP-016,EMP180,TL-057,
M7279,MA1A**********279,WO10279,SUV Pro,TRIM-1,STN-02,2026-03-01 11:48,ENG-1174,SUP-156,EMP173,TL-041,C
M7280,MA1A**********280,WO10280,Hatch Z,PAINT-1,STN-04,2026-03-01 11:50,ENG-1066,SUP-195,EMP289,TL-066,A
M7281,MA1A**********281,WO10281,SUV Pro,GA-2,STN-04,2026-03-01 11:51,ENG-1062,SUP-069,EMP330,TL-032,B
M7282,MA1A**********282,WO10282,Sedan X,GA-1,STN-03,2026-03-01 11:52,ENG-1484,SUP-099,EMP314,TL-032,B
M7283,MA1A**********283,WO10283,SUV Pro,PAINT-1,STN-02,2026-03-01 11:53,ENG-1390,SUP-041,EMP355,TL-066,
M7284,MA1A**********284,WO10284,SUV Pro,PAINT-1,STN-04,2026-03-01 11:55,ENG-1011,SUP-024,EMP301,TL-065,
M7285,MA1A**********285,WO10285,Sedan X,GA-2,STN-05,2026-03-01 11:56,ENG-1180,SUP-013,EMP125,TL-037,
M7286,MA1A**********286,WO10286,Hatch Z,TRIM-1,STN-03,2026-03-01 11:57,ENG-1274,SUP-003,EMP155,TL-056,B
M7287,MA1A**********287,WO10287,SUV Pro,PAINT-1,Stn-03,2026-03-01 11:58,ENG-1206,SUP-094,EMP123,TL-052,A
M7288,MA1A**********288,WO10288,Hatch Z,GA-2,STN-03,2026-03-01 12:00,ENG-1283,SUP-074,EMP137,TL-050,
M7289,MA1A**********289,WO10289,Hatch Z,PAINT-1,Stn-03,2026-03-01 12:01,ENG-1319,SUP-175,EMP160,TL-017,A
M7290,MA1A**********290,WO10290,SUV Pro,PAINT-1,Stn-03,2026-03-01 12:02, eng-1001 ,SUP-087,EMP385,TL-047,B
M7291,MA1A**********291,WO10291,Sedan X,TRIM-1,STN-05,2026-03-01 12:03,ENG-1020,SUP-012,EMP119,TL-018,C
M7292,MA1A**********292,WO10292,SUV Pro,TRIM-1,STN-02,2026-03-01 12:05,ENG-1310,SUP-132,EMP171,TL-042,C
M7293,MA1A**********293,WO10293,Sedan X,TRIM-1,STN-05,2026-03-01 12:06,ENG-1378,SUP-077,EMP272,TL-065,
M7294,MA1A**********294,WO10294,Hatch Z,PAINT-1,STN-04,2026-03-01 12:07,ENG-1417,SUP-005,EMP288,TL-043,A
M7295,MA1A**********295,WO10295,SUV Pro,PAINT-1,Stn-03,2026-03-01 12:08,ENG-1460,SUP-186,EMP113,TL-077,
M7296,MA1A**********296,WO10296,SUV Pro,GA-2, stn-05 ,2026-03-01 12:10,ENG-1026,SUP-150,EMP345,TL-022,
M7297,MA1A**********297,WO10297,Sedan X,GA-2,STN-01,2026-03-01 12:11,ENG-1293,SUP-180,EMP156,TL-025,A
M7298,MA1A**********298,WO10298,SUV Pro,PAINT-1,STN-04,2026-03-01 12:12,ENG-1077,SUP-106,EMP204,TL-053,
M7299,MA1A**********299,WO10299,Hatch Z,GA-1, stn-05 ,2026-03-01 12:13,ENG-1070,SUP-133,EMP206,TL-072,C
M7300,MA1A**********300,WO10300,Hatch Z,TRIM-1,STN-05,2026-03-01 12:15,ENG-1192,SUP-081,EMP188,TL-059,C
M7301,MA1A**********301,WO10301,Hatch Z,PAINT-1, stn-05 ,2026-03-01 12:16,ENG-1395,SUP-185,EMP235,TL-079,
M7302,MA1A**********302,WO10302,Sedan X,GA-2,STN-03,2026-03-01 12:17,ENG-1285,SUP-077,EMP215,TL-039,C
M7303,MA1A**********303,WO10303,Hatch Z,GA-2, stn-05 ,2026-03-01 12:18,ENG-1360,SUP-126,EMP262,TL-062,C
M7304,MA1A**********304,WO10304,Hatch Z,PAINT-1,STN-03,2026-03-01 12:20,ENG-1062,SUP-147,EMP378,TL-049,
M7305,MA1A**********305,WO10305,SUV Pro,GA-2,STN-03,2026-03-01 12:21,ENG-1021,SUP-074,EMP140,TL-045,
M7306,MA1A**********306,WO10306,Hatch Z,PAINT-1, stn-05 ,2026-03-01 12:22,ENG-1245,SUP-055,EMP203,TL-069,C
M7307,MA1A**********307,WO10307,Hatch Z,PAINT-1,STN-02,2026-03-01 12:23,ENG-1055,SUP-158,EMP222,TL-032,A
M7308,MA1A**********308,WO10308,Hatch Z,GA-2, stn-05 ,2026-03-01 12:25,ENG-1119,SUP-014,EMP151,TL-053,C
M7309,MA1A**********309,WO10309,Hatch Z,TRIM-1,STN-01,2026-03-01 12:26,ENG-1348,SUP-198,EMP170,TL-001,B
M7310,MA1A**********310,WO10310,SUV Pro,TRIM-1,STN-04,2026-03-01 12:27,ENG-1333,SUP-052,EMP247,TL-042,C
M7311,MA1A**********311,WO10311,Hatch Z,GA-1,Stn-03,2026-03-01 12:28,ENG-1045,SUP-167,EMP393,TL-030,A
M7312,MA1A**********312,WO10312,Sedan X,TRIM-1,Stn-03,2026-03-01 12:30,ENG-1090,SUP-010,EMP303,TL-999,
M7313,MA1A**********313,WO10313,Sedan X,PAINT-1,STN-01,2026-03-01 12:31,ENG-1004,SUP-077,EMP390,TL-078,A
M7314,MA1A**********314,WO10314,SUV Pro,PAINT-1,STN-04,2026-03-01 12:32,ENG-1328,SUP-140,EMP368,TL-064,B
M7315,MA1A**********315,WO10315,Hatch Z,TRIM-1,STN-03,2026-03-01 12:33,ENG-1098,SUP-029,EMP269,TL-021,
M7316,MA1A**********316,WO10316,Hatch Z,PAINT-1, stn-05 ,2026-03-01 12:35,ENG-1095,SUP-004,EMP272,TL-038,B
M7317,MA1A**********317,WO10317,Sedan X,TRIM-1,Stn-03,2026-03-01 12:36,ENG-1218,SUP-132,EMP267,TL-012,
M7318,MA1A**********318,WO10318,Hatch Z,GA-1,STN-02,2026-03-01 12:37,ENG-1071,SUP-123,EMP265,TL-032,A
M7319,MA1A**********319,WO10319,SUV Pro,TRIM-1,STN-02,2026-03-01 12:38,ENG-1228,SUP-193,EMP236,TL-043,C
M7320,MA1A**********320,WO10320,Hatch Z,GA-1,STN-03,2026-03-01 12:40,ENG-1334,SUP-093,EMP220,TL-008,A
M7321,MA1A**********321,WO10321,SUV Pro,PAINT-1,STN-02,2026-03-01 12:41,ENG-1207,SUP-176,EMP357,TL-091,C
M7322,MA1A**********322,WO10322,Hatch Z,GA-1, stn-05 ,2026-03-01 12:42,ENG-1469,SUP-076,EMP288,TL-079,B
M7323,MA1A**********323,WO10323,Sedan X,GA-2,STN-04,2026-03-01 12:43,ENG-1078,SUP-117,EMP291,TL-054,
M7324,MA1A**********324,WO10324,Hatch Z,GA-2,Stn-03,2026-03-01 12:45,ENG-1126,SUP-175,EMP141,TL-068,
M7325,MA1A**********325,WO10325,Hatch Z,PAINT-1,STN-01,2026-03-01 12:46,ENG-1469,SUP-145,EMP157,TL-008,B
M7326,MA1A**********326,WO10326,Hatch Z,GA-2,STN-02,2026-03-01 12:47,ENG-1167,SUP-134,EMP326,TL-015,B
M7327,MA1A**********327,WO10327,Hatch Z,TRIM-1,STN-01,2026-03-01 12:48,ENG-1460,SUP-131,EMP328,TL-008,
M7328,MA1A**********328,WO10328,Sedan X,TRIM-1,STN-04,2026-03-01 12:50,ENG-1288,SUP-015,EMP386,TL-060,C
M7329,MA1A**********329,WO10329,Hatch Z,GA-1,STN-04,2026-03-01 12:51,ENG-1130,SUP-001,EMP211,TL-075,A
M7330,MA1A**********330,WO10330,Sedan X,TRIM-1,STN-03,2026-03-01 12:52,ENG-1358,SUP-017,EMP377,TL-008,A
M7331,MA1A**********331,WO10331,SUV Pro,GA-1,STN-03,2026-03-01 12:53,ENG-1209,SUP-047,EMP169,TL-099,
M7332,MA1A**********332,WO10332,SUV Pro,TRIM-1,STN-04,2026-03-01 12:55,ENG-1445,SUP-097,EMP292,TL-011,B
M7333,XX1 **3 4,WO10333,Hatch Z,PAINT-1,STN-01,2026-03-01 12:56,ENG-1091,SUP-138,EMP301,TL-068,B
M7334,MA1A**********334,WO10334,Hatch Z,GA-2,Stn-03,2026-03-01 12:57,ENG-1001,SUP-194,EMP111,TL-039,
M7335,MA1A**********335,WO10335,Hatch Z,TRIM-1,STN-05,2026-03-01 12:58,ENG-1194,SUP-059,EMP226,TL-059,C
M7336,MA1A**********336,WO10336,Sedan X,PAINT-1,STN-02,2026-03-01 13:00,ENG-1479,SUP-186,EMP157,TL-005,
M7337,MA1A**********337,WO10337,Hatch Z,GA-1,STN-02,2026-03-01 13:01,ENG-1105,SUP-018,EMP151,TL-077,A
M7338,MA1A**********338,WO10338,SUV Pro,GA-1,STN-02,2026-03-01 13:02,ENG-1379,SUP-012,EMP305,TL-057,B
M7339,MA1A**********339,WO10339,Hatch Z,GA-2,Stn-03,2026-03-01 13:03,ENG-1442,SUP-199,EMP128,TL-018,C
M7340,MA1A**********340,WO10340,Sedan X,PAINT-1,STN-05,2026-03-01 13:05,ENG-1306,SUP-198,EMP264,TL-031,C
M7341,MA1A**********341,WO10341,Sedan X,GA-2,STN-04,2026-03-01 13:06,ENG-1153,SUP-071,EMP131,TL-072,B
M7342,MA1A**********342,WO10342,Hatch Z,TRIM-1,STN-05,2026-03-01 13:07,ENG-1253,SUP-013,EMP276,TL-083,
M7343,MA1A**********343,WO10343,Hatch Z,PAINT-1, stn-05 ,2026-03-01 13:08,ENG-1213,SUP-105,EMP176,TL-039,
M7344,MA1A**********344,WO10344,Sedan X,TRIM-1,STN-02,2026-03-01 13:10,ENG-1434,SUP-058,EMP253,TL-091,B
M7345,MA1A**********345,WO10345,SUV Pro,GA-1,STN-05,2026-03-01 13:11,ENG-1211,SUP-107,EMP385,TL-068,B
M7346,MA1A**********346,WO10346,SUV Pro,GA-2,STN-03,2026/03/01 13:12,ENG-1104,SUP-085,EMP140,TL-058,C
M7347,MA1A**********347,WO10347,Sedan X,GA-2,STN-01,2026-03-01 13:13,ENG-1137,SUP-097,EMP120,TL-010,B
M7348,MA1A**********348,WO10348,Hatch Z,GA-2,STN-04,2026-03-01 13:15,ENG-1106,SUP-086,EMP255,TL-002,B
M7349,MA1A**********349,WO10349,Sedan X,GA-1, stn-05 ,2026-03-01 13:16,ENG-1386,SUP-123,EMP224,TL-090,B
M7350,MA1A**********350,WO10350,SUV Pro,GA-2,STN-05,2026-03-01 13:17,ENG-1164,SUP-199,EMP244,TL-049,
M7351,MA1A**********351,WO10351,Hatch Z,PAINT-1,STN-03,2026-03-01 13:18,ENG-1133,SUP-093,EMP362,TL-064,
M7352,MA1A**********352,WO10352,Sedan X,TRIM-1,Stn-03,2026-03-01 13:20,ENG-1429,SUP-082,EMP204,TL-048,C
M7353,MA1A**********353,WO10353,SUV Pro,GA-1,STN-05,2026-03-01 13:21,ENG-1442,SUP-057,EMP174,TL-003,C
M7354,MA1A**********354,WO10354,Hatch Z,TRIM-1,STN-03,2026-03-01 13:22,ENG-1078,SUP-051,EMP268,TL-030,
M7355,MA1A**********355,WO10355,Hatch Z,GA-2,STN-04,2026-03-01 13:23,ENG-1281,SUP-168,EMP272,TL-033,
M7356,MA1A**********356,WO10356,Hatch Z,TRIM-1,STN-04,2026-03-01 13:25,ENG-1086,SUP-188,EMP280,TL-022,B
M7357,MA1A**********357,WO10357,Hatch Z,TRIM-1,STN-02,2026-03-01 13:26,ENG-1469,SUP-139,EMP130,TL-068,A
M7358,MA1A**********358,WO10358,Sedan X,GA-1,Stn-03,2026-03-01 13:27,ENG-1003,SUP-106,EMP170,TL-081,B
M7359,MA1A**********359,WO10359,Sedan X,GA-2,STN-01,2026-03-01 13:28,ENG-1111,SUP-130,EMP333,TL-048,A
M7360,MA1A**********360,WO10360,Hatch Z,TRIM-1, stn-05 ,2026-03-01 13:30,ENG-1249,SUP-005,EMP103,TL-069,
M7361,MA1A**********361,WO10361,Sedan X,GA-1,STN-05,2026-03-01 13:31,ENG-1369,SUP-071,EMP374,TL-037,A
M7362,MA1A**********362,WO10362,Hatch Z,TRIM-1,Stn-03,2026-03-01 13:32,ENG-1481,SUP-046,EMP154,TL-013,B
M7363,MA1A**********363,WO10363,Sedan X,GA-2,STN-05,2026-03-01 13:33,ENG-1269,SUP-065,EMP281,TL-035,
M7364,MA1A**********364,WO10364,Sedan X,PAINT-1,STN-04,2026-03-01 13:35,ENG-1235,SUP-145,EMP224,TL-090,B
M7365,MA1A**********365,WO10365,SUV Pro,GA-1, stn-05 ,2026-03-01 13:36,ENG-1439,SUP-167,EMP116,TL-012,
M7366,MA1A**********366,WO10366,SUV Pro,TRIM-1,STN-05,2026-03-01 13:37,ENG-1243,SUP-015,EMP104,TL-090,B
M7367,MA1A**********367,WO10367,Sedan X,TRIM-1,Stn-03,2026-03-01 13:38,ENG-1222,SUP-166,EMP269,TL-073,A
M7368,MA1A**********368,WO10368,Hatch Z,GA-1,STN-02,2026-03-01 13:40,ENG-1108,SUP-178,EMP390,TL-061,C
M7369,MA1A**********369,WO10369,Sedan X,GA-1, stn-05 ,2026-03-01 13:41,ENG-1473,SUP-072,EMP378,TL-073,A
M7370,MA1A**********370,WO10370,Sedan X,PAINT-1,STN-01,2026-03-01 13:42,ENG-1492,SUP-054,EMP173,TL-097,
M7371,MA1A**********371,WO10371,Sedan X,PAINT-1,STN-02,2026-03-01 13:43,ENG-1288,SUP-062,EMP390,TL-050,C
M7372,MA1A**********372,WO10372,SUV Pro,GA-2,Stn-03,2026-03-01 13:45,ENG-1352,SUP-186,EMP140,TL-065,C
M7373,MA1A**********373,WO10373,Sedan X,GA-1,STN-04,2026-03-01 13:46,ENG-1118,SUP-020,EMP274,TL-078,
M7374,MA1A**********374,WO10374,SUV Pro,GA-1, stn-05 ,2026-03-01 13:47,ENG-1139,SUP-116,EMP351,TL-030,C
M7375,MA1A**********375,WO10375,Hatch Z,TRIM-1,STN-04,2026-03-01 13:48,ENG-1095,SUP-175,EMP399,TL-085,
M7376,MA1A**********376,WO10376,Sedan X,PAINT-1,Stn-03,2026-03-01 13:50,ENG-1126,SUP-183,EMP137,TL-011,C
M7377,MA1A**********377,WO10377,Sedan X,TRIM-1, stn-05 ,2026-03-01 13:51,ENG-1401,SUP-163,EMP178,TL-095,
M7378,MA1A**********378,WO10378,SUV Pro,PAINT-1,STN-01,2026-03-01 13:52,ENG-1046,SUP-002,EMP257,TL-057,C
M7379,MA1A**********379,WO10379,SUV Pro,GA-1,STN-02,2026-03-01 13:53,ENG-1044,SUP-048,EMP320,TL-058,
M7380,MA1A**********380,WO10380,Sedan X,GA-1,STN-01,2026-03-01 13:55,ENG-1181,SUP-142,EMP147,TL-077,C
M7381,MA1A**********381,WO10381,SUV Pro,GA-1,STN-03,2026-03-01 13:56,ENG-1211,SUP-100,EMP143,TL-093,B
M7382,MA1A**********382,WO10382,Hatch Z,GA-2, stn-05 ,2026-03-01 13:57,ENG-1194,SUP-044,EMP171,TL-035,C
M7383,MA1A**********383,WO10383,SUV Pro,TRIM-1,STN-02,2026-03-01 13:58,ENG-1032,SUP-043,EMP322,TL-036,
M7384,MA1A**********384,WO10384,SUV Pro,TRIM-1,Stn-03,2026-03-01 14:00,ENG-1039,SUP-093,EMP228,TL-032,
M7385,MA1A**********385,WO10385,Hatch Z,GA-2,STN-04,2026-03-01 14:01,ENG-1054,SUP-035,EMP255,TL-001,
M7386,MA1A**********386,WO10386,SUV Pro,TRIM-1,Stn-03,2026-03-01 14:02,ENG-1441,SUP-085,EMP325,TL-043,
M7387,MA1A**********387,WO10387,Hatch Z,GA-2,STN-03,2026-03-01 14:03,ENG-1164,SUP-155,EMP202,TL-062,C
M7388,MA1A**********388,WO10388,Sedan X,TRIM-1,STN-03,2026-03-01 14:05,ENG-1149,SUP-189,EMP351,TL-074,B
M7389,MA1A**********389,WO10389,SUV Pro,TRIM-1,STN-03,2026-03-01 14:06,ENG-1418,SUP-101,EMP286,TL-015,B
M7390,MA1A**********390,WO10390,Hatch Z,GA-2, stn-05 ,2026-03-01 14:07,ENG-1393,SUP-141,EMP113,TL-094,
M7391,MA1A**********391,WO10391,Hatch Z,GA-2,STN-04,2026-03-01 14:08,ENG-1408,SUP-075,EMP135,TL-053,
M7392,MA1A**********392,WO10392,Sedan X,PAINT-1,STN-02,2026-03-01 14:10,ENG-1129,SUP-169,EMP178,TL-092,
M7393,MA1A**********393,WO10393,SUV Pro,GA-1,STN-04,2026-03-01 14:11,ENG-1306,SUP-123,EMP398,TL-052,
M7394,MA1A**********394,WO10394,Hatch Z,GA-1,Stn-03,2026-03-01 14:12,ENG-1495,SUP-093,EMP374,TL-077,A
M7395,MA1A**********395,WO10395,Sedan X,GA-2, stn-05 ,2026-03-01 14:13,ENG-1340,SUP-091,EMP185,TL-083,A
M7396,MA1A**********396,WO10396,Hatch Z,TRIM-1,Stn-03,2026-03-01 14:15,ENG-1169,SUP-111,EMP154,TL-002,A
M7397,MA1A**********397,WO10397,SUV Pro,GA-2,STN-05,2026-03-01 14:16,ENG-1382,SUP-133,EMP385,TL-075,B
M7398,MA1A**********398,WO10398,SUV Pro,PAINT-1,STN-04,2026-03-01 14:17,ENG-1237,SUP-198,EMP356,TL-020,C
M7399,MA1A**********399,WO10399,Sedan X,TRIM-1,STN-01,2026-03-01 14:18,ENG-1151,SUP-107,EMP143,TL-015,B
M7400,MA1A**********400,WO10400,SUV Pro,PAINT-1,STN-03,2026-03-01 14:20,ENG-1233,SUP-053,EMP366,TL-062,C
M7401,MA1A**********401,WO10401,SUV Pro,GA-1,STN-04,2026-03-01 14:21,ENG-1369,SUP-179,EMP331,TL-041,A
M7402,MA1A**********402,WO10402,SUV Pro,GA-1,Stn-03,2026-03-01 14:22,ENG-1363,SUP-030,EMP111,TL-044,A
M7403,MA1A**********403,WO10403,Hatch Z,GA-2, stn-05 ,2026-03-01 14:23,ENG-1124,SUP-133,EMP189,TL-071,B
M7404,MA1A**********404,WO10404,SUV Pro,TRIM-1,STN-04,2026-03-01 14:25,ENG-1118,SUP-104,EMP194,TL-024,
M7405,MA1A**********405,WO10405,SUV Pro,GA-1, stn-05 ,2026-03-01 14:26,ENG-1314,SUP-051,EMP330,TL-076,
M7406,MA1A**********406,WO10406,SUV Pro,GA-1, stn-05 ,2026-03-01 14:27,ENG-1109,SUP-053,EMP242,TL-097,A
M7407,MA1A**********407,WO10407,Hatch Z,GA-1,Stn-03,2026-03-01 14:28,ENG-1446,SUP-138,EMP195,TL-047,C
M7408,MA1A**********408,WO10408,Sedan X,TRIM-1,STN-01,2026-03-01 14:30,ENG-1134,SUP-172,EMP350,TL-068,C
M7409,MA1A**********409,WO10409,Hatch Z,TRIM-1,STN-05,2026-03-01 14:31,ENG-1200,SUP-151,EMP158,TL-045,C
M7410,MA1A**********410,WO10410,SUV Pro,GA-2,Stn-03,2026-03-01 14:32,ENG-1344,SUP-181,EMP252,TL-079,A
M7411,MA1A**********411,WO10411,Hatch Z,GA-2,STN-03,2026-03-01 14:33,ENG-1060,SUP-062,EMP256,TL-015,B
M7412,MA1A**********412,WO10412,SUV Pro,GA-2,STN-05,2026-03-01 14:35,ENG-1198,SUP-108,EMP170,TL-074,
M7413,MA1A**********413,WO10413,SUV Pro,GA-2,STN-04,2026-03-01 14:36,ENG-1325,SUP-138,EMP188,TL-072,B
M7414,MA1A**********414,WO10414,SUV Pro,PAINT-1,STN-02,2026-03-01 14:37,ENG-1095,SUP-081,EMP330,TL-080,A
M7415,MA1A**********415,WO10415,SUV Pro,GA-1,STN-04,2026-03-01 14:38,ENG-1069,SUP-050,EMP296,TL-072,
M7416,MA1A**********416,WO10416,SUV Pro,TRIM-1,STN-04,2026-03-01 14:40,ENG-1363,SUP-114,EMP350,TL-022,A
M7417,MA1A**********417,WO10417,Hatch Z,GA-1,Stn-03,2026-03-01 14:41,ENG-1389,SUP-057,EMP249,TL-005,C
M7418,MA1A**********418,WO10418,Sedan X,PAINT-1,STN-02,2026-03-01 14:42,ENG-1399,SUP-118,EMP389,TL-096,
M7419,MA1A**********419,WO10419,Hatch Z,GA-1,STN-05,2026-03-01 14:43,ENG-1058,SUP-069,EMP378,TL-047,A
M7420,MA1A**********420,WO10420,Hatch Z,TRIM-1,STN-05,2026-03-01 14:45,ENG-1111,SUP-109,EMP152,TL-095,B
M7421,MA1A**********421,WO10421,SUV Pro,GA-1,STN-04,2026-03-01 14:46,ENG-1134,SUP-090,EMP144,TL-057,A
M7422,MA1A**********422,WO10422,Sedan X,GA-2,Stn-03,2026-03-01 14:70,ENG-1377,SUP-151,EMP279,TL-091,
M7423,MA1A**********423,WO10423,Sedan X,GA-2,Stn-03,2026-03-01 14:48,ENG-1105,SUP-053,EMP130,TL-073,C
M7424,MA1A**********424,WO10424,Hatch Z,PAINT-1,STN-05,2026-03-01 14:50,ENG-1275,SUP-044,EMP265,TL-091,C
M7425,MA1A**********425,WO10425,SUV Pro,PAINT-1,Stn-03,2026-03-01 14:51,ENG-1263,SUP-174,EMP148,TL-018,
M7426,MA1A**********426,WO10426,Sedan X,PAINT-1,Stn-03,2026-03-01 14:52,ENG-1335,SUP-033,EMP167,TL-032,B
M7427,MA1A**********427,WO10427,Hatch Z,PAINT-1,Stn-03,2026-03-01 14:53,ENG-1126,SUP-195,EMP301,TL-063,B
M7428,MA1A**********428,WO10428,Hatch Z,PAINT-1, stn-05 ,2026-03-01 14:55,ENG-1212,SUP-097,EMP331,TL-010,A
M7429,MA1A**********429,WO10429,SUV Pro,PAINT-1, stn-05 ,2026-03-01 14:56,ENG-1479,SUP-095,EMP332,TL-063,C
M7430,MA1A**********430,WO10430,Hatch Z,GA-1,Stn-03,2026-03-01 14:57,ENG-1396,SUP-188,EMP147,TL-094,
M7431,MA1A**********431,WO10431,Hatch Z,PAINT-1,Stn-03,2026-03-01 14:58,ENG-1032,SUP-137,EMP303,TL-028,
M7432,MA1A**********432,WO10432,Sedan X,TRIM-1,STN-03,2026-03-01 15:00,ENG-1165,SUP-073,EMP272,TL-071,B
M7433,MA1A**********433,WO10433,Hatch Z,TRIM-1,Stn-03,2026-03-01 15:01,ENG-1175,SUP-175,EMP124,TL-006,A
M7434,MA1A**********434,WO10434,Hatch Z,TRIM-1,STN-01,2026-03-01 15:02,ENG-1063,SUP-041,EMP325,TL-059,A
M7435,MA1A**********435,WO10435,SUV Pro,GA-2, stn-05 ,2026-03-01 15:03, eng-1001 ,SUP-034,EMP254,TL-021,C
M7436,MA1A**********436,WO10436,Sedan X,PAINT-1,STN-03,2026-03-01 15:05,ENG-1042,SUP-096,EMP184,TL-007,
M7437,MA1A**********437,WO10437,Hatch Z,PAINT-1, stn-05 ,2026-03-01 15:06,ENG-1358,SUP-194,EMP219,TL-055,A
M7438,MA1A**********438,WO10438,Hatch Z,GA-1,STN-01,2026-03-01 15:07,ENG-1109,SUP-123,EMP139,TL-017,B
M7439,MA1A**********439,WO10439,Hatch Z,TRIM-1,STN-01,2026-03-01 15:08,ENG-1004,SUP-179,EMP275,TL-016,
M7440,MA1A**********440,WO10440,Hatch Z,GA-2,STN-04,2026-03-01 15:10,ENG-1036,SUP-059,EMP296,TL-012,A
M7441,MA1A**********441,WO10441,Sedan X,PAINT-1,STN-03,2026-03-01 15:11,ENG-1451,SUP-077,EMP170,TL-049,B
M7442,MA1A**********442,WO10442,Hatch Z,GA-2,STN-01,2026-03-01 15:12,ENG-1271,SUP-145,EMP104,TL-079,B
M7443,MA1A**********443,WO10443,SUV Pro,PAINT-1, stn-05 ,2026-03-01 15:13,ENG-1109,SUP-161,EMP177,TL-053,
M7444,MA1A**********444,WO10444,Sedan X,GA-1,STN-01,2026-03-01 15:15,ENG-1071,,EMP163,TL-076,
M7445,MA1A**********445,WO10445,SUV Pro,TRIM-1,STN-03,2026-03-01 15:16,ENG-1405,SUP-036,EMP226,TL-036,A
M7446,MA1A**********446,WO10446,Sedan X,PAINT-1,Stn-03,2026-03-01 15:17,ENG-1481,SUP-177,EMP113,TL-085,C
M7447,MA1A**********447,WO10447,Sedan X,GA-2, stn-05 ,2026-03-01 15:18,ENG-1200,SUP-076,EMP127,TL-999,B
M7448,MA1A**********448,WO10448,SUV Pro,TRIM-1,STN-01,2026-03-01 15:20,ENG-1123,SUP-128,EMP136,TL-068,A
M7449,MA1A**********449,WO10449,SUV Pro,PAINT-1,STN-02,2026-03-01 15:21,ENG-1198,SUP-146,EMP315,TL-047,B
M7450,MA1A**********450,WO10450,SUV Pro,GA-1,STN-01,2026-03-01 15:22,ENG-1300,SUP-018,EMP107,TL-034,B
M7451,MA1A**********451,WO10451,Sedan X,GA-1,Stn-03,2026-03-01 15:23,ENG-1203,SUP-130,EMP246,TL-081,
M7452,MA1A**********452,WO10452,SUV Pro,TRIM-1,STN-01,2026-03-01 15:25,ENG-1327,SUP-138,EMP375,TL-079,B
M7453,MA1A**********453,WO10453,SUV Pro,GA-1,STN-03,2026-03-01 15:26,ENG-1040,SUP-131,EMP204,TL-020,C
M7454,MA1A**********454,WO10454,SUV Pro,GA-1,STN-03,2026-03-01 15:27,ENG-1357,SUP-112,EMP222,TL-008,B
M7455,MA1A**********455,WO10455,Sedan X,TRIM-1,STN-01,2026-03-01 15:28,ENG-1232,SUP-157,EMP128,TL-040,B
M7456,MA1A**********456,WO10456,Sedan X,GA-1, stn-05 ,2026-03-01 15:30,ENG-1070,SUP-180,EMP105,TL-021,
M7457,MA1A**********457,WO10457,SUV Pro,PAINT-1,STN-02,2026-03-01 15:31,ENG-1190,SUP-033,EMP237,TL-094,A
M7458,MA1A**********458,WO10458,Sedan X,PAINT-1,Stn-03,2026-03-01 15:32,ENG-1219,SUP-070,EMP368,TL-009,C
M7459,MA1A**********459,WO10459,Hatch Z,GA-1,STN-04,2026-03-01 15:33,ENG-1233,SUP-131,EMP284,TL-008,
M7460,MA1A**********460,WO10460,Hatch Z,GA-2,STN-03,2026-03-01 15:35,ENG-1080,SUP-066,EMP152,TL-074,A
M7461,MA1A**********461,WO10461,Sedan X,GA-1,STN-01,2026-03-01 15:36,ENG-1439,SUP-004,EMP225,TL-006,
M7462,MA1A**********462,WO10462,SUV Pro,TRIM-1,STN-02,2026-03-01 15:37,ENG-1091,SUP-010,EMP383,TL-092,
M7463,MA1A**********463,WO10463,Sedan X,PAINT-1,STN-02,2026-03-01 15:38,ENG-1213,SUP-185,EMP263,TL-035,A
M7464,MA1A**********464,WO10464,Hatch Z,PAINT-1,STN-01,2026-03-01 15:40,ENG-1257,SUP-173,EMP126,TL-023,B
M7465,MA1A**********465,WO10465,Hatch Z,GA-1,STN-04,2026-03-01 15:41,ENG-1035,SUP-120,EMP244,TL-100,C
M7466,MA1A**********466,WO10466,SUV Pro,GA-1,STN-05,2026-03-01 15:42,ENG-1233,SUP-003,EMP288,TL-026,C
M7467,MA1A**********467,WO10467,Hatch Z,PAINT-1, stn-05 ,2026-03-01 15:43,ENG-1318,SUP-063,EMP337,TL-048,
M7468,MA1A**********468,WO10468,Sedan X,GA-2,STN-02,2026-03-01 15:45,ENG-1003,SUP-105,EMP112,TL-030,C
M7469,MA1A**********469,WO10469,Hatch Z,GA-1,STN-03,2026-03-01 15:46,ENG-1000,SUP-195,EMP292,TL-095,C
M7470,MA1A**********470,WO10470,Sedan X,GA-2,STN-05,2026-03-01 15:47,ENG-1121,SUP-108,EMP351,TL-008,B
M7471,MA1A**********471,WO10471,Hatch Z,PAINT-1,STN-01,2026-03-01 15:48,ENG-1022,SUP-060,EMP366,TL-053,C
M7472,MA1A**********472,WO10472,SUV Pro,GA-1,STN-05,2026-03-01 15:50,ENG-1048,SUP-130,EMP168,TL-082,
M7473,MA1A**********473,WO10473,Sedan X,GA-1,STN-04,2026-03-01 15:51,ENG-1339,SUP-034,EMP221,TL-038,C
M7474,MA1A**********474,WO10474,SUV Pro,TRIM-1, stn-05 ,2026-03-01 15:52,ENG-1425,SUP-189,EMP267,TL-041,
M7475,MA1A**********475,WO10475,SUV Pro,GA-2,STN-01,2026-03-01 15:53,ENG-1483,SUP-052,EMP169,TL-100,A
M7476,MA1A**********476,WO10476,Sedan X,GA-1,STN-02,2026-03-01 15:55,ENG-1230,SUP-120,EMP260,TL-053,A
M7477,MA1A**********477,WO10477,Hatch Z,PAINT-1,Stn-03,2026-03-01 15:56,ENG-1106,SUP-116,EMP257,TL-060,C
M7478,MA1A**********478,WO10478,Sedan X,GA-1,STN-02,2026-03-01 15:57,ENG-1413,SUP-176,EMP255,TL-091,A
M7479,MA1A**********479,WO10479,Sedan X,PAINT-1,STN-02,2026-03-01 15:58,ENG-1046,SUP-183,EMP227,TL-046,
M7480,MA1A**********480,WO10480,Hatch Z,GA-1, stn-05 ,2026-03-01 16:00,ENG-1153,SUP-067,EMP189,TL-004,
M7481,MA1A**********481,WO10481,SUV Pro,GA-2,STN-01,2026-03-01 16:01,ENG-1236,SUP-027,EMP171,TL-016,A
M7482,MA1A**********482,WO10482,Sedan X,GA-2,STN-02,2026-03-01 16:02,ENG-1101,SUP-103,EMP290,TL-088,A
M7483,MA1A**********483,WO10483,Hatch Z,PAINT-1,Stn-03,2026-03-01 16:03,ENG-1038,SUP-006,EMP133,TL-026,
M7484,MA1A**********484,WO10484,Sedan X,GA-1,Stn-03,2026-03-01 16:05,ENG-1424,SUP-085,EMP162,TL-006,
M7485,MA1A**********485,WO10485,Sedan X,GA-2,STN-05,2026-03-01 16:06,ENG-1221,SUP-186,EMP302,TL-064,A
M7486,MA1A**********486,WO10486,SUV Pro,TRIM-1,STN-02,2026-03-01 16:07,ENG-1181,SUP-055,EMP195,TL-036,C
M7487,MA1A**********487,WO10487,SUV Pro,GA-2,STN-01,2026-03-01 16:08,ENG-1314,SUP-159,EMP225,TL-083,C
M7488,MA1A**********488,WO10488,SUV Pro,TRIM-1,STN-05,2026-03-01 16:10,ENG-1245,SUP-016,EMP144,TL-036,
M7489,MA1A**********489,WO10489,Sedan X,TRIM-1,STN-02,2026-03-01 16:11,ENG-1329,SUP-135,EMP227,TL-081,A
M7490,MA1A**********490,WO10490,SUV Pro,PAINT-1,STN-04,2026-03-01 16:12,ENG-1278,SUP-125,EMP276,TL-073,C
M7491,MA1A**********491,WO10491,SUV Pro,PAINT-1,STN-02,2026-03-01 16:13,ENG-1013,SUP-082,EMP212,TL-004,C
M7492,MA1A**********492,WO10492,Sedan X,TRIM-1,STN-05,2026-03-01 16:15,ENG-1183,SUP-197,EMP399,TL-030,B
M7493,MA1A**********493,WO10493,Sedan X,GA-2, stn-05 ,2026-03-01 16:16,ENG-1123,SUP-069,EMP373,TL-095,A
M7494,MA1A**********494,WO10494,Sedan X,TRIM-1,STN-03,2026-03-01 16:17,ENG-1478,SUP-045,EMP190,TL-031,C
M7495,MA1A**********495,WO10495,Hatch Z,PAINT-1,STN-05,2026-03-01 16:18,ENG-1014,SUP-181,EMP280,TL-073,B
M7496,MA1A**********496,WO10496,Hatch Z,GA-2,Stn-03,2026-03-01 16:20,ENG-1414,SUP-127,EMP377,TL-040,B
M7497,MA1A**********497,WO10497,SUV Pro,GA-1,STN-01,2026-03-01 16:21,ENG-1028,SUP-060,EMP212,TL-003,
M7498,MA1A**********498,WO10498,Sedan X,PAINT-1,STN-05,2026-03-01 16:22,ENG-1103,SUP-034,EMP274,TL-092,B
M7499,MA1A**********499,WO10499,SUV Pro,GA-1,STN-01,2026-03-01 16:23,ENG-1075,SUP-151,EMP172,TL-100,A
M7500,MA1A**********500,WO10500,Hatch Z,PAINT-1,STN-01,2026-03-01 16:25,ENG-1191,SUP-181,EMP302,TL-076,A
M7501,MA1A**********501,WO10501,SUV Pro,PAINT-1,STN-03,2026-03-01 16:26,ENG-1069,SUP-041,EMP323,TL-082,
M7502,MA1A**********502,WO10502,Hatch Z,PAINT-1,STN-02,2026-03-01 16:27,ENG-1362,SUP-144,EMP282,TL-029,B
M7503,MA1A**********503,WO10503,SUV Pro,PAINT-1, stn-05 ,2026-03-01 16:28,ENG-1352,SUP-076,EMP165,TL-023,A
M7504,MA1A**********504,WO10504,Hatch Z,TRIM-1,Stn-03,2026-03-01 16:30,ENG-1394,SUP-146,EMP116,TL-024,C
M7505,MA1A**********505,WO10505,Hatch Z,GA-2, stn-05 ,2026-03-01 16:31,ENG-1289,SUP-027,EMP354,TL-019,C
M7506,MA1A**********506,WO10506,Hatch Z,GA-1,STN-02,2026-03-01 16:32,ENG-1177,SUP-082,EMP185,TL-082,A
M7507,MA1A**********507,WO10507,Hatch Z,PAINT-1,STN-04,2026-03-01 16:33,ENG-1005,SUP-068,EMP207,TL-032,A
M7508,MA1A**********508,WO10508,SUV Pro,PAINT-1,Stn-03,2026-03-01 16:35,ENG-1055,SUP-185,EMP100,TL-007,
M7509,MA1A**********509,WO10509,SUV Pro,TRIM-1,STN-02,2026-03-01 16:36,ENG-1452,SUP-106,EMP352,TL-049,C
M7510,MA1A**********510,WO10510,Hatch Z,TRIM-1,STN-01,2026-03-01 16:37,ENG-1424,SUP-123,EMP395,TL-084,B
M7511,MA1A**********511,WO10511,Sedan X,TRIM-1,STN-01,2026-03-01 16:38,ENG-1409,SUP-009,EMP250,TL-003,C
M7512,MA1A**********512,WO10512,SUV Pro,GA-1,STN-01,2026-03-01 16:40,ENG-1175,SUP-044,EMP292,TL-021,A
M7513,MA1A**********513,WO10513,Hatch Z,GA-1,STN-03,2026-03-01 16:41,ENG-1304,SUP-158,EMP347,TL-091,A
M7514,MA1A**********514,WO10514,SUV Pro,GA-2,STN-05,2026-03-01 16:42,ENG-1455,SUP-112,EMP180,TL-007,A
M7515,MA1A**********515,WO10515,SUV Pro,GA-2,STN-02,2026-03-01 16:43,ENG-1209,SUP-179,EMP383,TL-093,C
M7516,MA1A**********516,WO10516,Hatch Z,PAINT-1,STN-03,2026-03-01 16:45,ENG-1121,SUP-025,EMP125,TL-051,
M7517,MA1A**********517,WO10517,Sedan X,GA-1,STN-03,2026-03-01 16:46,ENG-1001,SUP-110,EMP144,TL-038,
M7518,MA1A**********518,WO10518,Sedan X,GA-1,STN-01,2026-03-01 16:47,ENG-1105,SUP-044,EMP249,TL-011,
M7519,MA1A**********519,WO10519,Sedan X,PAINT-1,Stn-03,2026/03/01 16:48,ENG-1203,SUP-121,EMP350,TL-085,C
M7520,MA1A**********520,WO10520,Sedan X,TRIM-1,STN-02,2026-03-01 16:50,ENG-1189,SUP-098,EMP289,TL-024,
M7521,MA1A**********521,WO10521,Sedan X,PAINT-1,STN-04,2026-03-01 16:51,ENG-1238,SUP-068,EMP215,TL-035,A
M7522,MA1A**********522,WO10522,Sedan X,GA-1,STN-01,2026-03-01 16:52,ENG-1342,SUP-089,EMP377,TL-053,B
M7523,MA1A**********523,WO10523,Hatch Z,GA-1,Stn-03,2026-03-01 16:53,ENG-1198,SUP-134,EMP314,TL-069,
M7524,MA1A**********524,WO10524,Hatch Z,GA-2,STN-04,2026-03-01 16:55,ENG-1153,SUP-021,EMP302,TL-092,A
M7525,MA1A**********525,WO10525,Hatch Z,GA-2,STN-01,2026-03-01 16:56,ENG-1486,SUP-194,EMP329,TL-023,B
M7526,MA1A**********526,WO10526,Sedan X,GA-2,STN-02,2026-03-01 16:57,ENG-1021,SUP-109,EMP140,TL-088,
M7527,MA1A**********527,WO10527,Sedan X,GA-2,Stn-03,2026-03-01 16:58,ENG-1304,SUP-067,EMP263,TL-094,A
M7528,MA1A**********528,WO10528,Sedan X,TRIM-1,STN-05,2026-03-01 17:00,ENG-1203,SUP-142,EMP266,TL-036,
M7529,MA1A**********529,WO10529,Sedan X,TRIM-1,STN-01,2026-03-01 17:01,ENG-1212,SUP-039,EMP175,TL-073,A
M7530,MA1A**********530,WO10530,Sedan X,GA-1,Stn-03,2026-03-01 17:02,ENG-1146,SUP-138,EMP276,TL-053,C
M7531,MA1A**********531,WO10531,SUV Pro,TRIM-1,STN-05,2026-03-01 17:03,ENG-1311,SUP-122,EMP119,TL-023,C
M7532,MA1A**********532,WO10532,SUV Pro,GA-2,STN-05,2026-03-01 17:05,ENG-1311,SUP-175,EMP305,TL-005,
M7533,MA1A**********533,WO10533,SUV Pro,GA-2,STN-01,2026-03-01 17:06,ENG-1381,SUP-122,EMP237,TL-048,A
M7534,MA1A**********534,WO10534,SUV Pro,PAINT-1,STN-03,2026-03-01 17:07,ENG-1143,SUP-126,EMP150,TL-030,B
M7535,MA1A**********535,WO10535,SUV Pro,TRIM-1,Stn-03,2026-03-01 17:08,ENG-1422,SUP-083,EMP237,TL-094,
M7536,MA1A**********536,WO10536,Hatch Z,GA-1,STN-02,2026-03-01 17:10,ENG-1226,SUP-055,EMP308,TL-095,
M7537,MA1A**********537,WO10537,Hatch Z,PAINT-1,Stn-03,2026-03-01 17:11,ENG-1028,SUP-132,EMP181,TL-009,C
M7538,MA1A**********538,WO10538,Hatch Z,TRIM-1,STN-02,2026-03-01 17:12,ENG-1399,SUP-135,EMP391,TL-004,B
M7539,MA1A**********539,WO10539,Sedan X,GA-2,Stn-03,2026-03-01 17:13,ENG-1029,SUP-064,EMP116,TL-059,A
M7540,MA1A**********540,WO10540,SUV Pro,GA-2,STN-03,2026-03-01 17:15,ENG-1188,SUP-119,EMP358,TL-051,A
M7541,MA1A**********541,WO10541,Hatch Z,GA-1,STN-02,2026-03-01 17:16,ENG-1190,SUP-126,EMP328,TL-023,
M7542,MA1A**********542,WO10542,Hatch Z,PAINT-1,STN-03,2026-03-01 17:17,ENG-1083,SUP-067,EMP146,TL-037,A
M7543,MA1A**********543,WO10543,SUV Pro,GA-1,STN-02,2026-03-01 17:18,ENG-1437,SUP-147,EMP209,TL-029,B
M7544,MA1A**********544,WO10544,Hatch Z,GA-2,STN-03,2026-03-01 17:20,ENG-1333,SUP-105,EMP362,TL-003,A
M7545,MA1A**********545,WO10545,SUV Pro,GA-2, stn-05 ,2026-03-01 17:21,ENG-1088,SUP-154,EMP104,TL-029,C
M7546,MA1A**********546,WO10546,Hatch Z,PAINT-1, stn-05 ,2026-03-01 17:22,ENG-1495,SUP-182,EMP240,TL-055,
M7547,MA1A**********547,WO10547,SUV Pro,TRIM-1,STN-03,2026-03-01 17:23,ENG-1111,SUP-120,EMP254,TL-087,
M7548,MA1A**********548,WO10548,Hatch Z,GA-1,STN-01,2026-03-01 17:25,ENG-1261,SUP-170,EMP291,TL-072,C
M7549,MA1A**********549,WO10549,SUV Pro,GA-1,STN-04,2026-03-01 17:26,ENG-1032,SUP-087,EMP241,TL-082,C
M7550,MA1A**********550,WO10550,SUV Pro,PAINT-1, stn-05 ,2026-03-01 17:27,ENG-1364,SUP-167,EMP252,TL-025,B
M7551,MA1A**********551,WO10551,Hatch Z,GA-2,STN-01,2026-03-01 17:28,ENG-1412,SUP-154,EMP306,TL-085,C
M7552,MA1A**********552,WO10552,Hatch Z,GA-2, stn-05 ,2026-03-01 17:30,ENG-1013,SUP-168,EMP354,TL-038,C
M7553,MA1A**********553,WO10553,SUV Pro,TRIM-1,STN-04,2026-03-01 17:31,ENG-1377,SUP-010,EMP398,TL-091,B
M7554,MA1A**********554,WO10554,SUV Pro,GA-2, stn-05 ,2026-03-01 17:32,ENG-1273,SUP-164,EMP343,TL-086,C
M7555,MA1A**********555,WO10555,Hatch Z,PAINT-1,Stn-03,2026-03-01 17:33,ENG-1087,SUP-169,EMP385,TL-024,C
M7556,MA1A**********556,WO10556,Sedan X,TRIM-1,STN-02,2026-03-01 17:35,ENG-1379,SUP-067,EMP386,TL-098,B
M7557,MA1A**********557,WO10557,Hatch Z,PAINT-1, stn-05 ,2026-03-01 17:36,ENG-1045,SUP-057,EMP281,TL-029,C
M7558,MA1A**********558,WO10558,SUV Pro,PAINT-1,STN-03,2026-03-01 17:37,ENG-1133,SUP-150,EMP250,TL-060,A
M7559,MA1A**********559,WO10559,SUV Pro,GA-1,Stn-03,2026-03-01 17:38,ENG-1324,SUP-150,EMP397,TL-080,A
M7560,MA1A**********560,WO10560,SUV Pro,GA-2,STN-05,2026-03-01 17:40,ENG-1061,SUP-175,EMP295,TL-068,C
M7561,MA1A**********561,WO10561,SUV Pro,GA-1,Stn-03,2026-03-01 17:41,ENG-1437,SUP-039,EMP170,TL-026,C
M7562,MA1A**********562,WO10562,SUV Pro,TRIM-1,STN-02,2026-03-01 17:42,ENG-1161,SUP-184,EMP192,TL-100,A
M7563,MA1A**********563,WO10563,SUV Pro,PAINT-1, stn-05 ,2026-03-01 17:43,ENG-1090,SUP-081,EMP129,TL-001,
M7564,MA1A**********564,WO10564,SUV Pro,GA-2,Stn-03,2026-03-01 17:45,ENG-1396,SUP-044,EMP395,TL-098,B
M7565,MA1A**********565,WO10565,SUV Pro,GA-1,STN-02,2026-03-01 17:46,ENG-1314,SUP-112,EMP319,TL-052,
M7566,MA1A**********566,WO10566,SUV Pro,TRIM-1,STN-01,2026-03-01 17:47,ENG-1019,SUP-137,EMP202,TL-094,C
M7567,MA1A**********567,WO10567,Sedan X,PAINT-1,Stn-03,2026-03-01 17:48,ENG-1426,SUP-136,EMP197,TL-003,A
M7568,MA1A**********568,WO10568,Hatch Z,GA-2,STN-02,2026-03-01 17:50,ENG-1355,SUP-089,EMP259,TL-017,A
M7569,MA1A**********569,WO10569,SUV Pro,PAINT-1,STN-02,2026-03-01 17:51,ENG-1033,SUP-012,EMP252,TL-038,
M7570,MA1A**********570,WO10570,Hatch Z,PAINT-1,STN-04,2026-03-01 17:52,ENG-1454,SUP-176,EMP168,TL-044,
M7571,MA1A**********571,WO10571,SUV Pro,GA-2,STN-02,2026-03-01 17:53,ENG-1485,SUP-104,EMP109,TL-030,B
M7572,MA1A**********572,WO10572,Hatch Z,GA-2,STN-02,2026-03-01 17:55,ENG-1375,SUP-006,EMP358,TL-022,A
M7573,MA1A**********573,WO10573,SUV Pro,GA-1,STN-04,2026-03-01 17:56,ENG-1448,SUP-164,EMP230,TL-099,A
M7574,MA1A**********574,WO10574,Hatch Z,GA-1, stn-05 ,2026-03-01 17:57,ENG-1055,SUP-168,EMP110,TL-007,A
M7575,MA1A**********575,WO10575,SUV Pro,TRIM-1,STN-04,2026-03-01 17:58,ENG-1063,SUP-141,EMP229,TL-061,B
M7576,MA1A**********576,WO10576,Sedan X,GA-1,STN-03,2026-03-01 18:00,ENG-1215,SUP-170,EMP151,TL-085,C
M7577,MA1A**********577,WO10577,Hatch Z,GA-2,STN-04,2026-03-01 18:01,ENG-1425,SUP-027,EMP361,TL-093,A
M7578,MA1A**********578,WO10578,SUV Pro,GA-1,Stn-03,2026-03-01 18:02,ENG-1054,SUP-128,EMP201,TL-078,B
M7579,MA1A**********579,WO10579,SUV Pro,GA-2,STN-03,2026-03-01 18:03,ENG-1360,SUP-105,EMP251,TL-021,A
M7580,MA1A**********580,WO10580,Hatch Z,TRIM-1,STN-02,2026-03-01 18:05, eng-1001 ,SUP-177,EMP346,TL-043,B
M7581,MA1A**********581,WO10581,Sedan X,GA-1, stn-05 ,2026-03-01 18:06,ENG-1045,SUP-029,EMP393,TL-086,
M7582,MA1A**********582,WO10582,Sedan X,GA-1,Stn-03,2026-03-01 18:07,ENG-1261,SUP-020,EMP151,TL-033,B
M7583,MA1A**********583,WO10583,SUV Pro,PAINT-1,STN-03,2026-03-01 18:08,ENG-1237,SUP-013,EMP151,TL-023,A
M7584,MA1A**********584,WO10584,SUV Pro,PAINT-1,Stn-03,2026-03-01 18:10,ENG-1346,SUP-081,EMP318,TL-095,A
M7585,MA1A**********585,WO10585,Sedan X,GA-1,STN-01,2026-03-01 18:11,ENG-1436,SUP-036,EMP187,TL-043,C
M7586,MA1A**********586,WO10586,SUV Pro,PAINT-1, stn-05 ,2026-03-01 18:12,ENG-1047,SUP-096,EMP275,TL-024,A
M7587,MA1A**********587,WO10587,SUV Pro,TRIM-1,STN-04,2026-03-01 18:13,ENG-1139,SUP-099,EMP344,TL-054,B
M7588,MA1A**********588,WO10588,Sedan X,GA-2, stn-05 ,2026-03-01 18:15,ENG-1371,SUP-016,EMP181,TL-014,
M7589,MA1A**********589,WO10589,Hatch Z,TRIM-1,Stn-03,2026-03-01 18:16,ENG-1291,SUP-174,EMP324,TL-024,
M7590,MA1A**********590,WO10590,SUV Pro,GA-1,Stn-03,2026-03-01 18:17,ENG-1350,SUP-187,EMP166,TL-062,
M7591,MA1A**********591,WO10591,Sedan X,TRIM-1,STN-04,2026-03-01 18:18,ENG-1023,SUP-017,EMP233,TL-084,C
M7592,MA1A**********592,WO10592,Sedan X,GA-2, stn-05 ,2026-03-01 18:20,ENG-1447,SUP-087,EMP365,TL-067,A
M7593,MA1A**********593,WO10593,SUV Pro,GA-2,STN-04,2026-03-01 18:21,ENG-1177,SUP-170,EMP297,TL-020,A
M7594,MA1A**********594,WO10594,Sedan X,GA-2,STN-05,2026-03-01 18:22,ENG-1434,SUP-121,EMP353,TL-022,A
M7595,MA1A**********595,WO10595,SUV Pro,PAINT-1,STN-02,2026-03-01 18:23,ENG-1169,SUP-072,EMP125,TL-065,B
M7596,MA1A**********596,WO10596,Hatch Z,TRIM-1,STN-04,2026-03-01 18:25,ENG-1418,SUP-061,EMP140,TL-059,
M7597,MA1A**********597,WO10597,Hatch Z,TRIM-1,STN-01,2026-03-01 18:26,ENG-1438,SUP-128,EMP328,TL-041,A
M7598,MA1A**********598,WO10598,SUV Pro,GA-1,STN-01,2026-03-01 18:27,ENG-1206,SUP-106,EMP118,TL-072,A
M7599,MA1A**********599,WO10599,Sedan X,PAINT-1,STN-05,2026-03-01 18:28,ENG-1287,SUP-053,EMP333,TL-044,C
M7600,MA1A**********600,WO10600,Sedan X,GA-2,Stn-03,2026-03-01 18:30,ENG-1232,SUP-085,EMP386,TL-099,
M7601,MA1A**********601,WO10601,Hatch Z,PAINT-1, stn-05 ,2026-03-01 18:31,ENG-1231,SUP-030,EMP149,TL-098,B
M7602,MA1A**********602,WO10602,Sedan X,PAINT-1,STN-03,2026-03-01 18:32,ENG-1424,SUP-163,EMP249,TL-071,C
M7603,MA1A**********603,WO10603,Hatch Z,GA-1,STN-01,2026-03-01 18:33,ENG-1459,SUP-043,EMP352,TL-018,
M7604,MA1A**********604,WO10604,Sedan X,PAINT-1,STN-05,2026-03-01 18:35,ENG-1100,SUP-049,EMP161,TL-051,B
M7605,MA1A**********605,WO10605,SUV Pro,GA-2, stn-05 ,2026-03-01 18:36,ENG-1173,SUP-028,EMP312,TL-006,A
M7606,MA1A**********606,WO10606,SUV Pro,TRIM-1, stn-05 ,2026-03-01 18:37,ENG-1301,SUP-130,EMP168,TL-064,A
M7607,MA1A**********607,WO10607,Hatch Z,GA-1,STN-05,2026-03-01 18:38,ENG-1478,SUP-111,EMP399,TL-062,B
M7608,MA1A**********608,WO10608,Hatch Z,GA-2, stn-05 ,2026-03-01 18:40,ENG-1417,SUP-033,EMP153,TL-050,C
M7609,MA1A**********609,WO10609,Hatch Z,TRIM-1,STN-04,2026-03-01 18:41,ENG-1311,SUP-178,EMP227,TL-036,
M7610,MA1A**********610,WO10610,SUV Pro,PAINT-1,STN-04,2026-03-01 18:42,ENG-1412,SUP-035,EMP170,TL-053,C
M7611,MA1A**********611,WO10611,Hatch Z,PAINT-1, stn-05 ,2026-03-01 18:43,ENG-1377,SUP-142,EMP211,TL-026,B
M7612,MA1A**********612,WO10612,Hatch Z,PAINT-1, stn-05 ,2026-03-01 18:45,ENG-1176,SUP-173,EMP167,TL-091,B
M7613,MA1A**********613,WO10613,Hatch Z,PAINT-1, stn-05 ,2026-03-01 18:46,ENG-1059,SUP-195,EMP280,TL-072,
M7614,MA1A**********614,WO10614,Hatch Z,TRIM-1, stn-05 ,2026-03-01 18:47,ENG-1382,SUP-137,EMP246,TL-055,A
M7615,MA1A**********615,WO10615,Hatch Z,GA-1,STN-01,2026-03-01 18:48,ENG-1195,SUP-038,EMP127,TL-086,A
M7616,MA1A**********616,WO10616,Sedan X,PAINT-1,Stn-03,2026-03-01 18:50,ENG-1402,SUP-042,EMP246,TL-088,C
M7617,MA1A**********617,WO10617,Sedan X,GA-1, stn-05 ,2026-03-01 18:51,ENG-1401,SUP-076,EMP204,TL-097,A
M7618,MA1A**********618,WO10618,SUV Pro,TRIM-1,STN-01,2026-03-01 18:52,ENG-1315,SUP-173,EMP387,TL-029,
M7619,MA1A**********619,WO10619,Sedan X,PAINT-1, stn-05 ,2026-03-01 18:53,ENG-1340,SUP-013,EMP295,TL-050,
M7620,MA1A**********620,WO10620,Hatch Z,PAINT-1,STN-05,2026-03-01 18:55,ENG-1027,SUP-004,EMP228,TL-026,
M7621,MA1A**********621,WO10621,Sedan X,PAINT-1,Stn-03,2026-03-01 18:56,ENG-1301,SUP-140,EMP200,TL-100,B
M7622,MA1A**********622,WO10622,SUV Pro,TRIM-1,STN-02,2026-03-01 18:57,ENG-1349,SUP-020,EMP195,TL-023,A
M7623,MA1A**********623,WO10623,SUV Pro,GA-1,STN-04,2026-03-01 18:58,ENG-1142,SUP-143,EMP235,TL-017,B
M7624,MA1A**********624,WO10624,Hatch Z,PAINT-1,STN-01,2026-03-01 19:00,ENG-1169,SUP-120,EMP179,TL-006,B
M7625,MA1A**********625,WO10625,SUV Pro,GA-1,Stn-03,2026-03-01 19:01,ENG-1477,SUP-161,EMP254,TL-063,C
M7626,MA1A**********626,WO10626,Sedan X,PAINT-1,STN-05,2026-03-01 19:02,ENG-1112,SUP-048,EMP366,TL-009,B
M7627,MA1A**********627,WO10627,SUV Pro,TRIM-1,STN-01,2026-03-01 19:03,ENG-1178,SUP-057,EMP209,TL-085,C
M7628,MA1A**********628,WO10628,SUV Pro,PAINT-1,STN-03,2026-03-01 19:05,ENG-1111,SUP-193,EMP371,TL-061,A
M7629,MA1A**********629,WO10629,Sedan X,PAINT-1,STN-04,2026-03-01 19:06,ENG-1123,SUP-165,EMP224,TL-006,C
M7630,MA1A**********630,WO10630,SUV Pro,GA-1,STN-04,2026-03-01 19:07,ENG-1131,SUP-139,EMP244,TL-004,C
M7631,MA1A**********631,WO10631,Hatch Z,TRIM-1,STN-04,2026-03-01 19:08,ENG-1022,SUP-076,EMP198,TL-042,A
M7632,MA1A**********632,WO10632,Sedan X,GA-2,Stn-03,2026-03-01 19:10,ENG-1275,SUP-137,EMP103,TL-081,A
M7633,MA1A**********633,WO10633,Sedan X,GA-2,Stn-03,2026-03-01 19:70,ENG-1350,SUP-109,EMP153,TL-027,
M7634,MA1A**********634,WO10634,Hatch Z,GA-1, stn-05 ,2026-03-01 19:12,ENG-1351,SUP-040,EMP112,TL-059,C
M7635,MA1A**********635,WO10635,Sedan X,GA-1,STN-01,2026-03-01 19:13,ENG-1027,SUP-046,EMP228,TL-072,A
M7636,MA1A**********636,WO10636,Hatch Z,GA-2,STN-03,2026-03-01 19:15,ENG-1208,SUP-100,EMP330,TL-081,
M7637,MA1A**********637,WO10637,SUV Pro,PAINT-1,STN-01,2026-03-01 19:16,ENG-1199,SUP-173,EMP160,TL-069,A
M7638,MA1A**********638,WO10638,Hatch Z,GA-1,Stn-03,2026-03-01 19:17,ENG-1381,SUP-150,EMP123,TL-090,A
M7639,MA1A**********639,WO10639,SUV Pro,GA-1,STN-03,2026-03-01 19:18,ENG-1402,SUP-176,EMP254,TL-078,A
M7640,MA1A**********640,WO10640,SUV Pro,TRIM-1,STN-04,2026-03-01 19:20,ENG-1202,SUP-170,EMP115,TL-061,B
M7641,MA1A**********641,WO10641,Hatch Z,GA-2,STN-02,2026-03-01 19:21,ENG-1382,SUP-101,EMP379,TL-038,B
M7642,MA1A**********642,WO10642,SUV Pro,PAINT-1,STN-01,2026-03-01 19:22,ENG-1283,SUP-143,EMP172,TL-016,A
M7643,MA1A**********643,WO10643,Sedan X,TRIM-1,STN-05,2026-03-01 19:23,ENG-1280,SUP-022,EMP256,TL-027,C
M7644,MA1A**********644,WO10644,Sedan X,TRIM-1, stn-05 ,2026-03-01 19:25,ENG-1435,SUP-132,EMP172,TL-021,B
M7645,MA1A**********645,WO10645,Sedan X,PAINT-1,STN-02,2026-03-01 19:26,ENG-1058,SUP-047,EMP390,TL-007,
M7646,MA1A**********646,WO10646,Hatch Z,GA-1,STN-03,2026-03-01 19:27,ENG-1343,SUP-018,EMP228,TL-013,B
M7647,MA1A**********647,WO10647,Hatch Z,TRIM-1,STN-03,2026-03-01 19:28,ENG-1182,SUP-033,EMP220,TL-013,C
M7648,MA1A**********648,WO10648,Hatch Z,GA-1,STN-02,2026-03-01 19:30,ENG-1162,SUP-125,EMP330,TL-043,C
M7649,MA1A**********649,WO10649,Hatch Z,GA-2,STN-05,2026-03-01 19:31,ENG-1290,SUP-094,EMP261,TL-055,B
M7650,MA1A**********650,WO10650,Sedan X,PAINT-1,STN-02,2026-03-01 19:32,ENG-1402,SUP-057,EMP323,TL-036,C
M7651,MA1A**********651,WO10651,Sedan X,PAINT-1,STN-04,2026-03-01 19:33,ENG-1236,SUP-115,EMP283,TL-100,C
M7652,MA1A**********652,WO10652,SUV Pro,GA-1,STN-02,2026-03-01 19:35,ENG-1330,SUP-156,EMP141,TL-036,B
M7653,MA1A**********653,WO10653,Hatch Z,GA-2,STN-03,2026-03-01 19:36,ENG-1375,SUP-161,EMP139,TL-094,A
M7654,MA1A**********654,WO10654,Sedan X,GA-1,Stn-03,2026-03-01 19:37,ENG-1297,SUP-149,EMP307,TL-099,B
M7655,MA1A**********655,WO10655,Sedan X,PAINT-1,STN-05,2026-03-01 19:38,ENG-1457,SUP-139,EMP341,TL-084,B
M7656,MA1A**********656,WO10656,SUV Pro,TRIM-1,STN-02,2026-03-01 19:40,ENG-1456,SUP-198,EMP248,TL-018,
M7657,MA1A**********657,WO10657,Hatch Z,GA-1,STN-04,2026-03-01 19:41,ENG-1186,SUP-129,EMP105,TL-085,B
M7658,MA1A**********658,WO10658,Hatch Z,GA-2,Stn-03,2026-03-01 19:42,ENG-1263,SUP-036,EMP328,TL-021,B
M7659,MA1A**********659,WO10659,Hatch Z,GA-2, stn-05 ,2026-03-01 19:43,ENG-1374,SUP-124,EMP283,TL-006,B
M7660,MA1A**********660,WO10660,SUV Pro,GA-2,STN-01,2026-03-01 19:45,ENG-1135,SUP-095,EMP219,TL-006,B
M7661,MA1A**********661,WO10661,Hatch Z,PAINT-1,STN-04,2026-03-01 19:46,ENG-1240,SUP-117,EMP123,TL-006,C
M7662,MA1A**********662,WO10662,Sedan X,PAINT-1,Stn-03,2026-03-01 19:47,ENG-1379,SUP-068,EMP396,TL-070,B
M7663,MA1A**********663,WO10663,SUV Pro,TRIM-1,STN-03,2026-03-01 19:48,ENG-1300,SUP-168,EMP139,TL-067,C
M7664,MA1A**********664,WO10664,SUV Pro,GA-2,STN-05,2026-03-01 19:50,ENG-1207,SUP-091,EMP276,TL-063,
M7665,MA1A**********665,WO10665,Hatch Z,GA-1,STN-05,2026-03-01 19:51,ENG-1451,SUP-036,EMP325,TL-022,B
M7666,XX1 **3 4,WO10666,Sedan X,PAINT-1,STN-02,2026-03-01 19:52,ENG-1076,,EMP195,TL-021,C
M7667,MA1A**********667,WO10667,Hatch Z,GA-1, stn-05 ,2026-03-01 19:53,ENG-1117,SUP-107,EMP269,TL-093,A
M7668,MA1A**********668,WO10668,SUV Pro,TRIM-1,STN-04,2026-03-01 19:55,ENG-1107,SUP-152,EMP182,TL-083,
M7669,MA1A**********669,WO10669,Sedan X,GA-2,STN-01,2026-03-01 19:56,ENG-1065,SUP-147,EMP182,TL-018,A
M7670,MA1A**********670,WO10670,Hatch Z,GA-2,STN-01,2026-03-01 19:57,ENG-1085,SUP-067,EMP192,TL-067,
M7671,MA1A**********671,WO10671,Hatch Z,GA-1, stn-05 ,2026-03-01 19:58,ENG-1372,SUP-170,EMP245,TL-011,B
M7672,MA1A**********672,WO10672,SUV Pro,TRIM-1,Stn-03,2026-03-01 20:00,ENG-1246,SUP-044,EMP212,TL-053,B
M7673,MA1A**********673,WO10673,Hatch Z,GA-2,STN-05,2026-03-01 20:01,ENG-1337,SUP-131,EMP235,TL-022,C
M7674,MA1A**********674,WO10674,SUV Pro,GA-1,STN-02,2026-03-01 20:02,ENG-1193,SUP-099,EMP167,TL-014,A
M7675,MA1A**********675,WO10675,Sedan X,TRIM-1,Stn-03,2026-03-01 20:03,ENG-1076,SUP-156,EMP149,TL-023,
M7676,MA1A**********676,WO10676,Hatch Z,GA-1,Stn-03,2026-03-01 20:05,ENG-1272,SUP-129,EMP160,TL-012,
M7677,MA1A**********677,WO10677,Hatch Z,GA-2,STN-05,2026-03-01 20:06,ENG-1276,SUP-001,EMP320,TL-067,
M7678,MA1A**********678,WO10678,SUV Pro,GA-1, stn-05 ,2026-03-01 20:07,ENG-1271,SUP-110,EMP217,TL-062,
M7679,MA1A**********679,WO10679,SUV Pro,GA-1,STN-04,2026-03-01 20:08,ENG-1068,SUP-066,EMP344,TL-099,B
M7680,MA1A**********680,WO10680,Sedan X,PAINT-1,STN-05,2026-03-01 20:10,ENG-1448,SUP-140,EMP309,TL-033,B
M7681,MA1A**********681,WO10681,Sedan X,GA-1,STN-05,2026-03-01 20:11,ENG-1267,SUP-031,EMP366,TL-001,
M7682,MA1A**********682,WO10682,Hatch Z,GA-2, stn-05 ,2026-03-01 20:12,ENG-1411,SUP-081,EMP309,TL-047,A
M7683,MA1A**********683,WO10683,Sedan X,TRIM-1, stn-05 ,2026-03-01 20:13,ENG-1299,SUP-065,EMP233,TL-069,
M7684,MA1A**********684,WO10684,Hatch Z,PAINT-1,STN-05,2026-03-01 20:15,ENG-1141,SUP-175,EMP303,TL-097,B
M7685,MA1A**********685,WO10685,SUV Pro,TRIM-1,STN-02,2026-03-01 20:16,ENG-1189,SUP-144,EMP384,TL-062,C
M7686,MA1A**********686,WO10686,SUV Pro,PAINT-1,Stn-03,2026-03-01 20:17,ENG-1361,SUP-102,EMP170,TL-085,A
M7687,MA1A**********687,WO10687,Hatch Z,GA-2,STN-04,2026-03-01 20:18,ENG-1400,SUP-180,EMP182,TL-013,B
M7688,MA1A**********688,WO10688,Hatch Z,TRIM-1,Stn-03,2026-03-01 20:20,ENG-1173,SUP-141,EMP126,TL-021,
M7689,MA1A**********689,WO10689,Hatch Z,GA-1,Stn-03,2026-03-01 20:21,ENG-1046,SUP-038,EMP341,TL-077,
M7690,MA1A**********690,WO10690,Sedan X,GA-1,STN-03,2026-03-01 20:22,ENG-1113,SUP-095,EMP140,TL-078,A
M7691,MA1A**********691,WO10691,Hatch Z,TRIM-1,STN-04,2026-03-01 20:23,ENG-1314,SUP-168,EMP366,TL-037,A
M7692,MA1A**********692,WO10692,Sedan X,TRIM-1,STN-04,2026/03/01 20:25,ENG-1005,SUP-052,EMP365,TL-037,B
M7693,MA1A**********693,WO10693,Sedan X,GA-2,STN-05,2026-03-01 20:26,ENG-1086,SUP-173,EMP118,TL-047,B
M7694,MA1A**********694,WO10694,Hatch Z,GA-1,STN-02,2026-03-01 20:27,ENG-1044,SUP-071,EMP304,TL-046,
M7695,MA1A**********695,WO10695,SUV Pro,GA-2,STN-05,2026-03-01 20:28,ENG-1007,SUP-189,EMP135,TL-012,C
M7696,MA1A**********696,WO10696,Hatch Z,PAINT-1,STN-03,2026-03-01 20:30,ENG-1493,SUP-071,EMP215,TL-078,B
M7697,MA1A**********697,WO10697,SUV Pro,TRIM-1,STN-05,2026-03-01 20:31,ENG-1002,SUP-067,EMP189,TL-053,A
M7698,MA1A**********698,WO10698,Hatch Z,GA-1,STN-05,2026-03-01 20:32,ENG-1150,SUP-088,EMP159,TL-066,C
M7699,MA1A**********699,WO10699,Hatch Z,PAINT-1, stn-05 ,2026-03-01 20:33,ENG-1226,SUP-097,EMP388,TL-062,B
M7700,MA1A**********700,WO10700,SUV Pro,TRIM-1, stn-05 ,2026-03-01 20:35,ENG-1235,SUP-151,EMP114,TL-062,A
M7701,MA1A**********701,WO10701,SUV Pro,GA-1,STN-04,2026-03-01 20:36,ENG-1324,SUP-057,EMP217,TL-041,
M7702,MA1A**********702,WO10702,SUV Pro,GA-1, stn-05 ,2026-03-01 20:37,ENG-1426,SUP-068,EMP227,TL-037,A
M7703,MA1A**********703,WO10703,SUV Pro,PAINT-1,STN-01,2026-03-01 20:38,ENG-1283,SUP-046,EMP343,TL-041,C
M7704,MA1A**********704,WO10704,Sedan X,PAINT-1,STN-02,2026-03-01 20:40,ENG-1484,SUP-192,EMP197,TL-064,B
M7705,MA1A**********705,WO10705,Sedan X,GA-2,Stn-03,2026-03-01 20:41,ENG-1135,SUP-053,EMP217,TL-026,B
M7706,MA1A**********706,WO10706,Hatch Z,PAINT-1,STN-02,2026-03-01 20:42,ENG-1398,SUP-028,EMP161,TL-011,
M7707,MA1A**********707,WO10707,Hatch Z,GA-1,Stn-03,2026-03-01 20:43,ENG-1438,SUP-139,EMP121,TL-062,C
M7708,MA1A**********708,WO10708,Hatch Z,PAINT-1,STN-04,2026-03-01 20:45,ENG-1459,SUP-148,EMP240,TL-063,B
M7709,MA1A**********709,WO10709,Hatch Z,PAINT-1,STN-04,2026-03-01 20:46,ENG-1113,SUP-193,EMP395,TL-017,A
M7710,MA1A**********710,WO10710,Hatch Z,TRIM-1,STN-04,2026-03-01 20:47,ENG-1481,SUP-139,EMP116,TL-065,C
M7711,MA1A**********711,WO10711,SUV Pro,GA-2,STN-04,2026-03-01 20:48,ENG-1499,SUP-031,EMP365,TL-059,C
M7712,MA1A**********712,WO10712,Hatch Z,GA-1,STN-01,2026-03-01 20:50,ENG-1345,SUP-054,EMP294,TL-075,A
M7713,MA1A**********713,WO10713,SUV Pro,PAINT-1,STN-05,2026-03-01 20:51,ENG-1441,SUP-067,EMP195,TL-071,C
M7714,MA1A**********714,WO10714,Sedan X,PAINT-1,STN-04,2026-03-01 20:52,ENG-1490,SUP-157,EMP275,TL-047,B
M7715,MA1A**********715,WO10715,SUV Pro,TRIM-1,STN-02,2026-03-01 20:53,ENG-1214,SUP-180,EMP290,TL-047,
M7716,MA1A**********716,WO10716,SUV Pro,TRIM-1,STN-02,2026-03-01 20:55,ENG-1292,SUP-034,EMP394,TL-088,B
M7717,MA1A**********717,WO10717,Sedan X,PAINT-1,Stn-03,2026-03-01 20:56,ENG-1120,SUP-143,EMP321,TL-049,B
M7718,MA1A**********718,WO10718,Sedan X,GA-2,STN-04,2026-03-01 20:57,ENG-1412,SUP-003,EMP190,TL-054,
M7719,MA1A**********719,WO10719,Sedan X,PAINT-1,Stn-03,2026-03-01 20:58,ENG-1249,SUP-077,EMP228,TL-072,A
M7720,MA1A**********720,WO10720,SUV Pro,GA-1, stn-05 ,2026-03-01 21:00,ENG-1083,SUP-016,EMP210,TL-033,
M7721,MA1A**********721,WO10721,Hatch Z,GA-1,STN-04,2026-03-01 21:01,ENG-1381,SUP-086,EMP233,TL-047,C
M7722,MA1A**********722,WO10722,Hatch Z,PAINT-1,STN-03,2026-03-01 21:02,ENG-1010,SUP-106,EMP162,TL-045,B
M7723,MA1A**********723,WO10723,Hatch Z,GA-2,Stn-03,2026-03-01 21:03,ENG-1145,SUP-091,EMP266,TL-087,
M7724,MA1A**********724,WO10724,Hatch Z,TRIM-1,STN-01,2026-03-01 21:05,ENG-1195,SUP-158,EMP246,TL-060,B
M7725,MA1A**********725,WO10725,Sedan X,PAINT-1,STN-04,2026-03-01 21:06, eng-1001 ,SUP-162,EMP392,TL-052,A
M7726,MA1A**********726,WO10726,Sedan X,GA-2,STN-03,2026-03-01 21:07,ENG-1116,SUP-081,EMP262,TL-084,C
M7727,MA1A**********727,WO10727,Hatch Z,PAINT-1,STN-05,2026-03-01 21:08,ENG-1330,SUP-102,EMP238,TL-057,C
M7728,MA1A**********728,WO10728,Hatch Z,TRIM-1,STN-04,2026-03-01 21:10,ENG-1085,SUP-048,EMP111,TL-017,B
M7729,MA1A**********729,WO10729,Hatch Z,PAINT-1, stn-05 ,2026-03-01 21:11,ENG-1358,SUP-192,EMP140,TL-027,B
M7730,MA1A**********730,WO10730,SUV Pro,GA-1,STN-01,2026-03-01 21:12,ENG-1032,SUP-122,EMP380,TL-007,A
M7731,MA1A**********731,WO10731,SUV Pro,GA-1,STN-01,2026-03-01 21:13,ENG-1134,SUP-159,EMP179,TL-011,
M7732,MA1A**********732,WO10732,SUV Pro,GA-2,STN-02,2026-03-01 21:15,ENG-1377,SUP-073,EMP326,TL-081,B
M7733,MA1A**********733,WO10733,Sedan X,GA-2,STN-01,2026-03-01 21:16,ENG-1017,SUP-170,EMP282,TL-042,
M7734,MA1A**********734,WO10734,SUV Pro,PAINT-1,STN-05,2026-03-01 21:17,ENG-1227,SUP-035,EMP376,TL-023,
M7735,MA1A**********735,WO10735,Hatch Z,TRIM-1,STN-05,2026-03-01 21:18,ENG-1327,SUP-164,EMP373,TL-040,C
M7736,MA1A**********736,WO10736,SUV Pro,GA-2,Stn-03,2026-03-01 21:20,ENG-1045,SUP-114,EMP257,TL-047,
M7737,MA1A**********737,WO10737,SUV Pro,GA-2,STN-03,2026-03-01 21:21,ENG-1005,SUP-001,EMP367,TL-098,B
M7738,MA1A**********738,WO10738,SUV Pro,PAINT-1,STN-04,2026-03-01 21:22,ENG-1273,SUP-003,EMP351,TL-097,
M7739,MA1A**********739,WO10739,SUV Pro,GA-1,Stn-03,2026-03-01 21:23,ENG-1220,SUP-075,EMP218,TL-001,C
M7740,MA1A**********740,WO10740,Sedan X,TRIM-1,STN-05,2026-03-01 21:25,ENG-1223,SUP-102,EMP227,TL-021,
M7741,MA1A**********741,WO10741,SUV Pro,GA-2,STN-03,2026-03-01 21:26,ENG-1040,SUP-109,EMP222,TL-067,C
M7742,MA1A**********742,WO10742,SUV Pro,PAINT-1,STN-04,2026-03-01 21:27,ENG-1096,SUP-018,EMP193,TL-018,C
M7743,MA1A**********743,WO10743,Sedan X,TRIM-1,STN-05,2026-03-01 21:28,ENG-1231,SUP-070,EMP351,TL-025,C
M7744,MA1A**********744,WO10744,Sedan X,GA-2,STN-01,2026-03-01 21:30,ENG-1496,SUP-137,EMP111,TL-024,A
M7745,MA1A**********745,WO10745,SUV Pro,PAINT-1,STN-02,2026-03-01 21:31,ENG-1366,SUP-113,EMP104,TL-030,A
M7746,MA1A**********746,WO10746,Sedan X,GA-1,STN-04,2026-03-01 21:32,ENG-1111,SUP-088,EMP315,TL-040,
M7747,MA1A**********747,WO10747,SUV Pro,TRIM-1, stn-05 ,2026-03-01 21:33,ENG-1405,SUP-009,EMP269,TL-011,B
M7748,MA1A**********748,WO10748,Sedan X,PAINT-1,Stn-03,2026-03-01 21:35,ENG-1200,SUP-019,EMP378,TL-061,B
M7749,MA1A**********749,WO10749,Sedan X,PAINT-1,Stn-03,2026-03-01 21:36,ENG-1195,SUP-004,EMP162,TL-099,B
M7750,MA1A**********750,WO10750,SUV Pro,TRIM-1,STN-02,2026-03-01 21:37,ENG-1377,SUP-009,EMP201,TL-059,A
M7751,MA1A**********751,WO10751,Hatch Z,GA-2,STN-04,2026-03-01 21:38,ENG-1199,SUP-175,EMP259,TL-042,B
M7752,MA1A**********752,WO10752,Hatch Z,GA-1, stn-05 ,2026-03-01 21:40,ENG-1479,SUP-141,EMP366,TL-016,C
M7753,MA1A**********753,WO10753,SUV Pro,PAINT-1,STN-02,2026-03-01 21:41,ENG-1184,SUP-014,EMP211,TL-015,B
M7754,MA1A**********754,WO10754,Hatch Z,TRIM-1,STN-03,2026-03-01 21:42,ENG-1007,SUP-043,EMP241,TL-075,A
M7755,MA1A**********755,WO10755,SUV Pro,GA-2,STN-01,2026-03-01 21:43,ENG-1496,SUP-011,EMP397,TL-999,
M7756,MA1A**********756,WO10756,Hatch Z,GA-2,STN-03,2026-03-01 21:45,ENG-1394,SUP-023,EMP227,TL-021,
M7757,MA1A**********757,WO10757,Sedan X,PAINT-1,Stn-03,2026-03-01 21:46,ENG-1320,SUP-016,EMP130,TL-046,B
M7758,MA1A**********758,WO10758,Hatch Z,GA-1,STN-02,2026-03-01 21:47,ENG-1249,SUP-060,EMP262,TL-072,C
M7759,MA1A**********759,WO10759,SUV Pro,GA-2,STN-01,2026-03-01 21:48,ENG-1352,SUP-097,EMP283,TL-093,B
M7760,MA1A**********760,WO10760,SUV Pro,GA-1,STN-04,2026-03-01 21:50,ENG-1361,SUP-113,EMP386,TL-038,
M7761,MA1A**********761,WO10761,Sedan X,GA-2,STN-05,2026-03-01 21:51,ENG-1178,SUP-083,EMP339,TL-036,B
M7762,MA1A**********762,WO10762,Sedan X,GA-2,STN-04,2026-03-01 21:52,ENG-1151,SUP-068,EMP377,TL-047,
M7763,MA1A**********763,WO10763,Sedan X,TRIM-1, stn-05 ,2026-03-01 21:53,ENG-1094,SUP-005,EMP286,TL-100,B
M7764,MA1A**********764,WO10764,SUV Pro,GA-1, stn-05 ,2026-03-01 21:55,ENG-1495,SUP-138,EMP298,TL-025,
M7765,MA1A**********765,WO10765,Hatch Z,GA-2,STN-05,2026-03-01 21:56,ENG-1144,SUP-083,EMP309,TL-083,C
M7766,MA1A**********766,WO10766,Sedan X,GA-1,STN-05,2026-03-01 21:57,ENG-1337,SUP-018,EMP122,TL-017,B
M7767,MA1A**********767,WO10767,Sedan X,GA-2,STN-01,2026-03-01 21:58,ENG-1248,SUP-050,EMP150,TL-005,
M7768,MA1A**********768,WO10768,Hatch Z,TRIM-1,STN-05,2026-03-01 22:00,ENG-1319,SUP-180,EMP231,TL-007,C
M7769,MA1A**********769,WO10769,Sedan X,GA-1,STN-01,2026-03-01 22:01,ENG-1476,SUP-054,EMP351,TL-011,
M7770,MA1A**********770,WO10770,Hatch Z,GA-1,STN-03,2026-03-01 22:02,ENG-1285,SUP-191,EMP312,TL-048,A
M7771,MA1A**********771,WO10771,Hatch Z,PAINT-1,STN-05,2026-03-01 22:03,ENG-1020,SUP-188,EMP136,TL-039,A
M7772,MA1A**********772,WO10772,Sedan X,GA-1,STN-01,2026-03-01 22:05,ENG-1371,SUP-060,EMP372,TL-050,B
M7773,MA1A**********773,WO10773,Sedan X,GA-2,STN-05,2026-03-01 22:06,ENG-1320,SUP-046,EMP385,TL-096,
M7774,MA1A**********774,WO10774,Hatch Z,GA-1,Stn-03,2026-03-01 22:07,ENG-1326,SUP-148,EMP283,TL-087,
M7775,MA1A**********775,WO10775,Hatch Z,TRIM-1,STN-01,2026-03-01 22:08,ENG-1085,SUP-047,EMP381,TL-052,C
M7776,MA1A**********776,WO10776,Hatch Z,GA-2,STN-05,2026-03-01 22:10,ENG-1307,SUP-114,EMP280,TL-041,C
M7777,MA1A**********777,WO10777,SUV Pro,TRIM-1,Stn-03,2026-03-01 22:11,ENG-1324,SUP-111,EMP265,TL-078,B
M7778,MA1A**********778,WO10778,Hatch Z,GA-2,STN-04,2026-03-01 22:12,ENG-1392,SUP-141,EMP230,TL-047,
M7779,MA1A**********779,WO10779,SUV Pro,TRIM-1,STN-01,2026-03-01 22:13,ENG-1371,SUP-009,EMP245,TL-077,A
M7780,MA1A**********780,WO10780,Hatch Z,GA-2,STN-03,2026-03-01 22:15,ENG-1003,SUP-077,EMP213,TL-028,C
M7781,MA1A**********781,WO10781,Sedan X,PAINT-1,STN-05,2026-03-01 22:16,ENG-1261,SUP-143,EMP392,TL-074,B
M7782,MA1A**********782,WO10782,Sedan X,GA-1,STN-04,2026-03-01 22:17,ENG-1182,SUP-040,EMP170,TL-034,C
M7783,MA1A**********783,WO10783,Hatch Z,GA-2,STN-02,2026-03-01 22:18,ENG-1131,SUP-077,EMP147,TL-074,
M7784,MA1A**********784,WO10784,Hatch Z,GA-2, stn-05 ,2026-03-01 22:20,ENG-1039,SUP-186,EMP266,TL-062,B
M7785,MA1A**********785,WO10785,SUV Pro,GA-1,STN-05,2026-03-01 22:21,ENG-1328,SUP-077,EMP119,TL-094,
M7786,MA1A**********786,WO10786,Sedan X,GA-1,Stn-03,2026-03-01 22:22,ENG-1171,SUP-090,EMP322,TL-054,A
M7787,MA1A**********787,WO10787,Sedan X,GA-1, stn-05 ,2026-03-01 22:23,ENG-1398,SUP-162,EMP295,TL-007,C
M7788,MA1A**********788,WO10788,Hatch Z,GA-1,STN-03,2026-03-01 22:25,ENG-1276,SUP-145,EMP176,TL-042,B
M7789,MA1A**********789,WO10789,Sedan X,GA-1, stn-05 ,2026-03-01 22:26,ENG-1374,SUP-101,EMP328,TL-097,A
M7790,MA1A**********790,WO10790,Sedan X,TRIM-1,STN-03,2026-03-01 22:27,ENG-1402,SUP-101,EMP175,TL-017,C
M7791,MA1A**********791,WO10791,Sedan X,TRIM-1,STN-05,2026-03-01 22:28,ENG-1381,SUP-013,EMP380,TL-052,C
M7792,MA1A**********792,WO10792,Sedan X,TRIM-1,STN-05,2026-03-01 22:30,ENG-1222,SUP-199,EMP166,TL-098,B
M7793,MA1A**********793,WO10793,SUV Pro,GA-2,STN-04,2026-03-01 22:31,ENG-1202,SUP-167,EMP392,TL-026,B
M7794,MA1A**********794,WO10794,Sedan X,GA-1,STN-03,2026-03-01 22:32,ENG-1397,SUP-111,EMP265,TL-088,A
M7795,MA1A**********795,WO10795,Sedan X,TRIM-1,STN-04,2026-03-01 22:33,ENG-1187,SUP-090,EMP197,TL-042,C
M7796,MA1A**********796,WO10796,Hatch Z,GA-1,Stn-03,2026-03-01 22:35,ENG-1156,SUP-044,EMP279,TL-079,
M7797,MA1A**********797,WO10797,Hatch Z,GA-2,STN-04,2026-03-01 22:36,ENG-1022,SUP-060,EMP202,TL-088,C
M7798,MA1A**********798,WO10798,Sedan X,GA-1,STN-01,2026-03-01 22:37,ENG-1378,SUP-014,EMP224,TL-080,B
M7799,MA1A**********799,WO10799,SUV Pro,GA-1,STN-03,2026-03-01 22:38,ENG-1355,SUP-029,EMP256,TL-058,
M7800,MA1A**********800,WO10800,Sedan X,PAINT-1,STN-02,2026-03-01 22:40,ENG-1378,SUP-138,EMP208,TL-027,C
M7801,MA1A**********801,WO10801,Hatch Z,TRIM-1,STN-05,2026-03-01 22:41,ENG-1373,SUP-037,EMP109,TL-049,A
M7802,MA1A**********802,WO10802,SUV Pro,GA-2,STN-01,2026-03-01 22:42,ENG-1145,SUP-052,EMP238,TL-007,
M7803,MA1A**********803,WO10803,Hatch Z,GA-1,STN-01,2026-03-01 22:43,ENG-1198,SUP-170,EMP238,TL-085,C
M7804,MA1A**********804,WO10804,Sedan X,GA-1,STN-03,2026-03-01 22:45,ENG-1444,SUP-167,EMP297,TL-030,
M7805,MA1A**********805,WO10805,Hatch Z,GA-1,STN-03,2026-03-01 22:46,ENG-1248,SUP-153,EMP372,TL-012,B
M7806,MA1A**********806,WO10806,Sedan X,TRIM-1,STN-05,2026-03-01 22:47,ENG-1474,SUP-183,EMP111,TL-006,B
M7807,MA1A**********807,WO10807,Hatch Z,PAINT-1,STN-03,2026-03-01 22:48,ENG-1250,SUP-101,EMP180,TL-003,C
M7808,MA1A**********808,WO10808,Hatch Z,PAINT-1,STN-03,2026-03-01 22:50,ENG-1320,SUP-078,EMP220,TL-065,C
M7809,MA1A**********809,WO10809,Sedan X,PAINT-1,STN-04,2026-03-01 22:51,ENG-1455,SUP-008,EMP384,TL-036,B
M7810,MA1A**********810,WO10810,Sedan X,PAINT-1,STN-04,2026-03-01 22:52,ENG-1336,SUP-036,EMP144,TL-094,
M7811,MA1A**********811,WO10811,Hatch Z,GA-2,STN-04,2026-03-01 22:53,ENG-1123,SUP-147,EMP178,TL-055,C
M7812,MA1A**********812,WO10812,Hatch Z,PAINT-1,STN-04,2026-03-01 22:55,ENG-1277,SUP-034,EMP205,TL-084,B
M7813,MA1A**********813,WO10813,Hatch Z,GA-2,Stn-03,2026-03-01 22:56,ENG-1070,SUP-080,EMP368,TL-018,
M7814,MA1A**********814,WO10814,Sedan X,GA-2,STN-03,2026-03-01 22:57,ENG-1034,SUP-143,EMP372,TL-093,A
M7815,MA1A**********815,WO10815,Sedan X,PAINT-1,Stn-03,2026-03-01 22:58,ENG-1450,SUP-038,EMP115,TL-098,C
M7816,MA1A**********816,WO10816,SUV Pro,TRIM-1,STN-03,2026-03-01 23:00,ENG-1226,SUP-191,EMP240,TL-020,B
M7817,MA1A**********817,WO10817,Sedan X,GA-2,STN-02,2026-03-01 23:01,ENG-1013,SUP-196,EMP236,TL-078,B
M7818,MA1A**********818,WO10818,Hatch Z,GA-2,STN-02,2026-03-01 23:02,ENG-1351,SUP-007,EMP283,TL-011,
M7819,MA1A**********819,WO10819,Sedan X,TRIM-1, stn-05 ,2026-03-01 23:03,ENG-1332,SUP-096,EMP194,TL-050,
M7820,MA1A**********820,WO10820,SUV Pro,GA-2,STN-02,2026-03-01 23:05,ENG-1098,SUP-058,EMP116,TL-053,A
M7821,MA1A**********821,WO10821,SUV Pro,TRIM-1,STN-02,2026-03-01 23:06,ENG-1380,SUP-172,EMP203,TL-097,B
M7822,MA1A**********822,WO10822,Sedan X,GA-2,STN-04,2026-03-01 23:07,ENG-1443,SUP-158,EMP350,TL-089,C
M7823,MA1A**********823,WO10823,SUV Pro,GA-2,STN-04,2026-03-01 23:08,ENG-1207,SUP-199,EMP121,TL-078,
M7824,MA1A**********824,WO10824,Hatch Z,PAINT-1,STN-04,2026-03-01 23:10,ENG-1313,SUP-191,EMP392,TL-077,A
M7825,MA1A**********825,WO10825,Hatch Z,GA-1,STN-04,2026-03-01 23:11,ENG-1233,SUP-011,EMP225,TL-067,
M7826,MA1A**********826,WO10826,Hatch Z,GA-1,STN-05,2026-03-01 23:12,ENG-1198,SUP-133,EMP125,TL-025,C
M7827,MA1A**********827,WO10827,SUV Pro,TRIM-1,STN-03,2026-03-01 23:13,ENG-1396,SUP-074,EMP336,TL-022,
M7828,MA1A**********828,WO10828,SUV Pro,GA-1, stn-05 ,2026-03-01 23:15,ENG-1264,SUP-037,EMP337,TL-083,
M7829,MA1A**********829,WO10829,Sedan X,GA-1,STN-02,2026-03-01 23:16,ENG-1398,SUP-150,EMP379,TL-018,
M7830,MA1A**********830,WO10830,SUV Pro,PAINT-1,STN-04,2026-03-01 23:17,ENG-1012,SUP-046,EMP332,TL-076,B
M7831,MA1A**********831,WO10831,SUV Pro,GA-1,STN-03,2026-03-01 23:18,ENG-1165,SUP-178,EMP183,TL-092,A
M7832,MA1A**********832,WO10832,Sedan X,GA-1, stn-05 ,2026-03-01 23:20,ENG-1230,SUP-163,EMP285,TL-011,
M7833,MA1A**********833,WO10833,Hatch Z,GA-2,STN-04,2026-03-01 23:21,ENG-1281,SUP-098,EMP122,TL-099,B
M7834,MA1A**********834,WO10834,SUV Pro,GA-2,STN-02,2026-03-01 23:22,ENG-1444,SUP-038,EMP191,TL-099,A
M7835,MA1A**********835,WO10835,SUV Pro,PAINT-1,STN-03,2026-03-01 23:23,ENG-1373,SUP-197,EMP328,TL-037,B
M7836,MA1A**********836,WO10836,Sedan X,GA-2,STN-02,2026-03-01 23:25,ENG-1001,SUP-160,EMP229,TL-002,
M7837,MA1A**********837,WO10837,SUV Pro,TRIM-1,STN-05,2026-03-01 23:26,ENG-1413,SUP-002,EMP352,TL-031,B
M7838,MA1A**********838,WO10838,Hatch Z,TRIM-1,STN-04,2026-03-01 23:27,ENG-1209,SUP-114,EMP140,TL-077,A
M7839,MA1A**********839,WO10839,Sedan X,PAINT-1,STN-05,2026-03-01 23:28,ENG-1321,SUP-143,EMP206,TL-007,B
M7840,MA1A**********840,WO10840,Sedan X,GA-1, stn-05 ,2026-03-01 23:30,ENG-1178,SUP-010,EMP174,TL-005,C
M7841,MA1A**********841,WO10841,SUV Pro,GA-1,STN-01,2026-03-01 23:31,ENG-1055,SUP-107,EMP191,TL-021,C
M7842,MA1A**********842,WO10842,Hatch Z,GA-2,STN-04,2026-03-01 23:32,ENG-1383,SUP-149,EMP284,TL-005,A
M7843,MA1A**********843,WO10843,SUV Pro,PAINT-1,STN-03,2026-03-01 23:33,ENG-1459,SUP-098,EMP134,TL-098,
M7844,MA1A**********844,WO10844,Hatch Z,GA-1,STN-03,2026-03-01 23:70,ENG-1241,SUP-035,EMP162,TL-089,C
M7845,MA1A**********845,WO10845,SUV Pro,TRIM-1,STN-05,2026-03-01 23:36,ENG-1107,SUP-179,EMP207,TL-079,A
M7846,MA1A**********846,WO10846,Sedan X,GA-1,STN-04,2026-03-01 23:37,ENG-1370,SUP-177,EMP247,TL-055,C
M7847,MA1A**********847,WO10847,SUV Pro,PAINT-1,STN-02,2026-03-01 23:38,ENG-1314,SUP-145,EMP354,TL-067,
M7848,MA1A**********848,WO10848,SUV Pro,GA-2,STN-05,2026-03-01 23:40,ENG-1119,SUP-182,EMP248,TL-025,A
M7849,MA1A**********849,WO10849,Sedan X,GA-1,STN-04,2026-03-01 23:41,ENG-1320,SUP-031,EMP206,TL-079,
M7850,MA1A**********850,WO10850,SUV Pro,GA-1,STN-03,2026-03-01 23:42,ENG-1179,SUP-144,EMP208,TL-002,B
M7851,MA1A**********851,WO10851,Hatch Z,PAINT-1,STN-03,2026-03-01 23:43,ENG-1404,SUP-018,EMP257,TL-039,C
M7852,MA1A**********852,WO10852,Sedan X,GA-1, stn-05 ,2026-03-01 23:45,ENG-1170,SUP-088,EMP302,TL-093,A
M7853,MA1A**********853,WO10853,Sedan X,GA-2,STN-03,2026-03-01 23:46,ENG-1426,SUP-087,EMP345,TL-061,A
M7854,MA1A**********854,WO10854,Hatch Z,GA-2,STN-04,2026-03-01 23:47,ENG-1079,SUP-161,EMP335,TL-069,C
M7855,MA1A**********855,WO10855,SUV Pro,TRIM-1, stn-05 ,2026-03-01 23:48,ENG-1028,SUP-134,EMP253,TL-073,C
M7856,MA1A**********856,WO10856,Hatch Z,GA-1,STN-02,2026-03-01 23:50,ENG-1295,SUP-176,EMP269,TL-046,A
M7857,MA1A**********857,WO10857,Sedan X,PAINT-1,Stn-03,2026-03-01 23:51,ENG-1015,SUP-087,EMP292,TL-081,B
M7858,MA1A**********858,WO10858,Hatch Z,TRIM-1,STN-02,2026-03-01 23:52,ENG-1304,SUP-030,EMP257,TL-091,C
M7859,MA1A**********859,WO10859,Hatch Z,GA-1,STN-03,2026-03-01 23:53,ENG-1211,SUP-023,EMP354,TL-031,C
M7860,MA1A**********860,WO10860,SUV Pro,PAINT-1,STN-02,2026-03-01 23:55,ENG-1268,SUP-078,EMP189,TL-015,C
M7861,MA1A**********861,WO10861,Sedan X,GA-2,STN-01,2026-03-01 23:56,ENG-1227,SUP-130,EMP112,TL-062,B
M7862,MA1A**********862,WO10862,Sedan X,PAINT-1,STN-04,2026-03-01 23:57,ENG-1375,SUP-135,EMP258,TL-100,C
M7863,MA1A**********863,WO10863,Sedan X,GA-1,Stn-03,2026-03-01 23:58,ENG-1480,SUP-133,EMP167,TL-027,A
M7864,MA1A**********864,WO10864,SUV Pro,TRIM-1, stn-05 ,2026-03-02 00:00,ENG-1442,SUP-134,EMP159,TL-001,C
M7865,MA1A**********865,WO10865,Sedan X,GA-1,STN-03,2026/03/02 00:01,ENG-1239,SUP-012,EMP152,TL-067,C
M7866,MA1A**********866,WO10866,Sedan X,PAINT-1, stn-05 ,2026-03-02 00:02,ENG-1456,SUP-054,EMP264,TL-026,B
M7867,MA1A**********867,WO10867,SUV Pro,PAINT-1,STN-05,2026-03-02 00:03,ENG-1163,SUP-198,EMP325,TL-086,A
M7868,MA1A**********868,WO10868,SUV Pro,GA-2,STN-02,2026-03-02 00:05,ENG-1140,SUP-030,EMP107,TL-080,A
M7869,MA1A**********869,WO10869,Sedan X,PAINT-1,STN-05,2026-03-02 00:06,ENG-1163,SUP-070,EMP172,TL-091,C
M7870,MA1A**********870,WO10870,Hatch Z,GA-2,STN-02,2026-03-02 00:07, eng-1001 ,SUP-019,EMP259,TL-079,C
M7871,MA1A**********871,WO10871,Hatch Z,TRIM-1,STN-01,2026-03-02 00:08,ENG-1066,SUP-008,EMP341,TL-087,A
M7872,MA1A**********872,WO10872,Sedan X,TRIM-1,STN-01,2026-03-02 00:10,ENG-1044,SUP-110,EMP300,TL-023,
M7873,MA1A**********873,WO10873,Hatch Z,PAINT-1,STN-03,2026-03-02 00:11,ENG-1170,SUP-051,EMP373,TL-011,
M7874,MA1A**********874,WO10874,Hatch Z,GA-2,STN-01,2026-03-02 00:12,ENG-1416,SUP-179,EMP339,TL-013,
M7875,MA1A**********875,WO10875,SUV Pro,TRIM-1,STN-04,2026-03-02 00:13,ENG-1118,SUP-058,EMP173,TL-079,C
M7876,MA1A**********876,WO10876,SUV Pro,TRIM-1,STN-02,2026-03-02 00:15,ENG-1358,SUP-171,EMP269,TL-999,C
M7877,MA1A**********877,WO10877,SUV Pro,TRIM-1,STN-01,2026-03-02 00:16,ENG-1033,SUP-122,EMP157,TL-045,
M7878,MA1A**********878,WO10878,SUV Pro,GA-2,STN-03,2026-03-02 00:17,ENG-1393,SUP-090,EMP394,TL-017,A
M7879,MA1A**********879,WO10879,SUV Pro,GA-1,STN-03,2026-03-02 00:18,ENG-1284,SUP-167,EMP136,TL-039,
M7880,MA1A**********880,WO10880,SUV Pro,TRIM-1,STN-02,2026-03-02 00:20,ENG-1317,SUP-063,EMP380,TL-021,
M7881,MA1A**********881,WO10881,SUV Pro,GA-1,STN-03,2026-03-02 00:21,ENG-1106,SUP-178,EMP320,TL-999,
M7882,MA1A**********882,WO10882,Hatch Z,PAINT-1,STN-05,2026-03-02 00:22,ENG-1355,SUP-061,EMP188,TL-085,A
M7883,MA1A**********883,WO10883,Hatch Z,TRIM-1,STN-01,2026-03-02 00:23,ENG-1303,SUP-153,EMP337,TL-042,A
M7884,MA1A**********884,WO10884,SUV Pro,GA-2,STN-03,2026-03-02 00:25,ENG-1489,SUP-104,EMP135,TL-077,A
M7885,MA1A**********885,WO10885,Hatch Z,TRIM-1,STN-03,2026-03-02 00:26,ENG-1253,SUP-166,EMP131,TL-012,B
M7886,MA1A**********886,WO10886,Sedan X,GA-1,Stn-03,2026-03-02 00:27,ENG-1075,SUP-170,EMP176,TL-058,C
M7887,MA1A**********887,WO10887,SUV Pro,TRIM-1,STN-02,2026-03-02 00:28,ENG-1105,SUP-175,EMP262,TL-039,C
M7888,MA1A**********888,WO10888,SUV Pro,PAINT-1,STN-01,2026-03-02 00:30,ENG-1298,,EMP104,TL-079,
M7889,MA1A**********889,WO10889,Sedan X,PAINT-1,STN-01,2026-03-02 00:31,ENG-1189,SUP-141,EMP127,TL-001,C
M7890,MA1A**********890,WO10890,Sedan X,PAINT-1,Stn-03,2026-03-02 00:32,ENG-1015,SUP-061,EMP321,TL-090,
M7891,MA1A**********891,WO10891,Hatch Z,PAINT-1, stn-05 ,2026-03-02 00:33,ENG-1195,SUP-104,EMP295,TL-056,B
M7892,MA1A**********892,WO10892,Hatch Z,GA-2,STN-04,2026-03-02 00:35,ENG-1071,SUP-049,EMP384,TL-050,C
M7893,MA1A**********893,WO10893,SUV Pro,GA-2,STN-03,2026-03-02 00:36,ENG-1446,SUP-172,EMP164,TL-018,A
M7894,MA1A**********894,WO10894,Sedan X,GA-1,STN-02,2026-03-02 00:37,ENG-1369,SUP-125,EMP323,TL-018,A
M7895,MA1A**********895,WO10895,Sedan X,TRIM-1,Stn-03,2026-03-02 00:38,ENG-1233,SUP-179,EMP317,TL-080,B
M7896,MA1A**********896,WO10896,SUV Pro,TRIM-1,STN-05,2026-03-02 00:40,ENG-1419,SUP-116,EMP296,TL-046,B
M7897,MA1A**********897,WO10897,Sedan X,TRIM-1,STN-05,2026-03-02 00:41,ENG-1003,SUP-148,EMP355,TL-094,B
M7898,MA1A**********898,WO10898,Hatch Z,PAINT-1,STN-04,2026-03-02 00:42,ENG-1474,SUP-140,EMP395,TL-047,A
M7899,MA1A**********899,WO10899,Sedan X,TRIM-1, stn-05 ,2026-03-02 00:43,ENG-1188,SUP-029,EMP397,TL-062,A
M7900,MA1A**********900,WO10900,Sedan X,PAINT-1,STN-04,2026-03-02 00:45,ENG-1264,SUP-021,EMP367,TL-079,A
M7901,MA1A**********901,WO10901,Sedan X,TRIM-1, stn-05 ,2026-03-02 00:46,ENG-1379,SUP-170,EMP139,TL-088,C
M7902,MA1A**********902,WO10902,Hatch Z,GA-1,STN-03,2026-03-02 00:47,ENG-1273,SUP-200,EMP105,TL-061,
M7903,MA1A**********903,WO10903,Hatch Z,TRIM-1,STN-05,2026-03-02 00:48,ENG-1375,SUP-085,EMP315,TL-046,C
M7904,MA1A**********904,WO10904,SUV Pro,GA-2,STN-01,2026-03-02 00:50,ENG-1355,SUP-153,EMP255,TL-094,C
M7905,MA1A**********905,WO10905,Sedan X,TRIM-1,STN-05,2026-03-02 00:51,ENG-1086,SUP-147,EMP126,TL-085,C
M7906,MA1A**********906,WO10906,Hatch Z,GA-1,STN-03,2026-03-02 00:52,ENG-1248,SUP-022,EMP164,TL-065,A
M7907,MA1A**********907,WO10907,SUV Pro,PAINT-1,STN-02,2026-03-02 00:53,ENG-1315,SUP-072,EMP240,TL-033,A
M7908,MA1A**********908,WO10908,Hatch Z,GA-1,STN-05,2026-03-02 00:55,ENG-1089,SUP-152,EMP177,TL-085,
M7909,MA1A**********909,WO10909,SUV Pro,GA-2,STN-03,2026-03-02 00:56,ENG-1400,SUP-180,EMP220,TL-063,B
M7910,MA1A**********910,WO10910,Hatch Z,GA-1,STN-03,2026-03-02 00:57,ENG-1043,SUP-038,EMP178,TL-064,
M7911,MA1A**********911,WO10911,SUV Pro,GA-2, stn-05 ,2026-03-02 00:58,ENG-1225,SUP-186,EMP185,TL-027,C
M7912,MA1A**********912,WO10912,Sedan X,PAINT-1,Stn-03,2026-03-02 01:00,ENG-1419,SUP-030,EMP126,TL-022,
M7913,MA1A**********913,WO10913,SUV Pro,TRIM-1,STN-03,2026-03-02 01:01,ENG-1243,SUP-192,EMP372,TL-030,
M7914,MA1A**********914,WO10914,Hatch Z,TRIM-1,STN-04,2026-03-02 01:02,ENG-1134,SUP-038,EMP371,TL-056,A
M7915,MA1A**********915,WO10915,SUV Pro,TRIM-1,STN-04,2026-03-02 01:03,ENG-1347,SUP-081,EMP371,TL-088,A
M7916,MA1A**********916,WO10916,Sedan X,PAINT-1,Stn-03,2026-03-02 01:05,ENG-1221,SUP-157,EMP239,TL-043,C
M7917,MA1A**********917,WO10917,SUV Pro,GA-1,STN-03,2026-03-02 01:06,ENG-1335,SUP-150,EMP300,TL-060,B
M7918,MA1A**********918,WO10918,Hatch Z,GA-2,STN-05,2026-03-02 01:07,ENG-1172,SUP-174,EMP192,TL-041,A
M7919,MA1A**********919,WO10919,Hatch Z,GA-1,Stn-03,2026-03-02 01:08,ENG-1034,SUP-004,EMP310,TL-013,A
M7920,MA1A**********920,WO10920,Hatch Z,TRIM-1,STN-03,2026-03-02 01:10,ENG-1112,SUP-186,EMP245,TL-033,B
M7921,MA1A**********921,WO10921,Sedan X,GA-1,STN-05,2026-03-02 01:11,ENG-1047,SUP-015,EMP211,TL-077,A
M7922,MA1A**********922,WO10922,Hatch Z,GA-1,STN-01,2026-03-02 01:12,ENG-1438,SUP-155,EMP166,TL-049,B
M7923,MA1A**********923,WO10923,Sedan X,GA-2,STN-03,2026-03-02 01:13,ENG-1150,SUP-120,EMP138,TL-082,
M7924,MA1A**********924,WO10924,SUV Pro,TRIM-1, stn-05 ,2026-03-02 01:15,ENG-1462,SUP-171,EMP265,TL-033,B
M7925,MA1A**********925,WO10925,Sedan X,PAINT-1,Stn-03,2026-03-02 01:16,ENG-1031,SUP-098,EMP298,TL-043,A
M7926,MA1A**********926,WO10926,SUV Pro,PAINT-1,STN-02,2026-03-02 01:17,ENG-1225,SUP-018,EMP351,TL-026,
M7927,MA1A**********927,WO10927,Sedan X,TRIM-1,STN-01,2026-03-02 01:18,ENG-1073,SUP-139,EMP320,TL-028,A
M7928,MA1A**********928,WO10928,SUV Pro,PAINT-1,STN-01,2026-03-02 01:20,ENG-1017,SUP-019,EMP136,TL-074,C
M7929,MA1A**********929,WO10929,SUV Pro,GA-1,STN-04,2026-03-02 01:21,ENG-1076,SUP-168,EMP100,TL-005,
M7930,MA1A**********930,WO10930,SUV Pro,GA-2, stn-05 ,2026-03-02 01:22,ENG-1168,SUP-101,EMP394,TL-001,
M7931,MA1A**********931,WO10931,SUV Pro,TRIM-1,STN-04,2026-03-02 01:23,ENG-1432,SUP-187,EMP135,TL-070,B
M7932,MA1A**********932,WO10932,Sedan X,TRIM-1, stn-05 ,2026-03-02 01:25,ENG-1418,SUP-200,EMP346,TL-016,C
M7933,MA1A**********933,WO10933,SUV Pro,PAINT-1,STN-04,2026-03-02 01:26,ENG-1028,SUP-162,EMP146,TL-047,C
M7934,MA1A**********934,WO10934,Sedan X,TRIM-1,Stn-03,2026-03-02 01:27,ENG-1392,SUP-075,EMP203,TL-023,A
M7935,MA1A**********935,WO10935,SUV Pro,GA-2,STN-03,2026-03-02 01:28,ENG-1356,SUP-100,EMP154,TL-081,C
M7936,MA1A**********936,WO10936,SUV Pro,GA-1, stn-05 ,2026-03-02 01:30,ENG-1224,SUP-189,EMP197,TL-018,A
M7937,MA1A**********937,WO10937,Sedan X,GA-1, stn-05 ,2026-03-02 01:31,ENG-1303,SUP-062,EMP350,TL-050,A
M7938,MA1A**********938,WO10938,Hatch Z,PAINT-1,STN-04,2026-03-02 01:32,ENG-1273,SUP-116,EMP108,TL-005,C
M7939,MA1A**********939,WO10939,Sedan X,PAINT-1,Stn-03,2026-03-02 01:33,ENG-1369,SUP-011,EMP307,TL-016,B
M7940,MA1A**********940,WO10940,Hatch Z,TRIM-1, stn-05 ,2026-03-02 01:35,ENG-1445,SUP-138,EMP176,TL-095,B
M7941,MA1A**********941,WO10941,Sedan X,GA-1, stn-05 ,2026-03-02 01:36,ENG-1072,SUP-126,EMP109,TL-061,A
M7942,MA1A**********942,WO10942,Sedan X,GA-2,STN-01,2026-03-02 01:37,ENG-1088,SUP-162,EMP125,TL-040,A
M7943,MA1A**********943,WO10943,SUV Pro,GA-2,Stn-03,2026-03-02 01:38,ENG-1302,SUP-017,EMP154,TL-015,
M7944,MA1A**********944,WO10944,Hatch Z,GA-2,STN-01,2026-03-02 01:40,ENG-1411,SUP-052,EMP318,TL-044,
M7945,MA1A**********945,WO10945,SUV Pro,GA-1, stn-05 ,2026-03-02 01:41,ENG-1294,SUP-140,EMP170,TL-042,B
M7946,MA1A**********946,WO10946,Sedan X,GA-2,STN-03,2026-03-02 01:42,ENG-1032,SUP-031,EMP240,TL-019,
M7947,MA1A**********947,WO10947,Sedan X,PAINT-1,STN-05,2026-03-02 01:43,ENG-1084,SUP-113,EMP224,TL-075,A
M7948,MA1A**********948,WO10948,Sedan X,GA-1,Stn-03,2026-03-02 01:45,ENG-1433,SUP-162,EMP292,TL-100,B
M7949,MA1A**********949,WO10949,Sedan X,TRIM-1,STN-01,2026-03-02 01:46,ENG-1003,SUP-002,EMP191,TL-012,C
M7950,MA1A**********950,WO10950,SUV Pro,TRIM-1, stn-05 ,2026-03-02 01:47,ENG-1064,SUP-053,EMP173,TL-082,C
M7951,MA1A**********951,WO10951,Hatch Z,TRIM-1,STN-04,2026-03-02 01:48,ENG-1122,SUP-045,EMP119,TL-077,B
M7952,MA1A**********952,WO10952,Hatch Z,TRIM-1,STN-05,2026-03-02 01:50,ENG-1486,SUP-023,EMP254,TL-045,
M7953,MA1A**********953,WO10953,Sedan X,GA-2,STN-02,2026-03-02 01:51,ENG-1060,SUP-136,EMP148,TL-080,C
M7954,MA1A**********954,WO10954,Hatch Z,GA-2,STN-04,2026-03-02 01:52,ENG-1394,SUP-161,EMP206,TL-036,A
M7955,MA1A**********955,WO10955,Sedan X,GA-1,Stn-03,2026-03-02 01:53,ENG-1076,SUP-176,EMP342,TL-064,B
M7956,MA1A**********956,WO10956,Sedan X,GA-1,STN-01,2026-03-02 01:55,ENG-1330,SUP-094,EMP245,TL-027,
M7957,MA1A**********957,WO10957,SUV Pro,PAINT-1,STN-05,2026-03-02 01:56,ENG-1412,SUP-195,EMP332,TL-006,A
M7958,MA1A**********958,WO10958,Hatch Z,GA-1,STN-05,2026-03-02 01:57,ENG-1090,SUP-041,EMP114,TL-063,A
M7959,MA1A**********959,WO10959,Sedan X,GA-2, stn-05 ,2026-03-02 01:58,ENG-1227,SUP-152,EMP396,TL-042,
M7960,MA1A**********960,WO10960,Sedan X,PAINT-1,STN-02,2026-03-02 02:00,ENG-1398,SUP-029,EMP266,TL-030,A
M7961,MA1A**********961,WO10961,Sedan X,TRIM-1,Stn-03,2026-03-02 02:01,ENG-1102,SUP-097,EMP212,TL-010,
M7962,MA1A**********962,WO10962,Hatch Z,TRIM-1,STN-01,2026-03-02 02:02,ENG-1455,SUP-112,EMP174,TL-028,
M7963,MA1A**********963,WO10963,Sedan X,TRIM-1,STN-03,2026-03-02 02:03,ENG-1069,SUP-118,EMP199,TL-081,C
M7964,MA1A**********964,WO10964,SUV Pro,GA-2,STN-03,2026-03-02 02:05,ENG-1065,SUP-009,EMP391,TL-008,C
M7965,MA1A**********965,WO10965,Sedan X,GA-1,Stn-03,2026-03-02 02:06,ENG-1238,SUP-118,EMP314,TL-022,C
M7966,MA1A**********966,WO10966,Sedan X,PAINT-1,STN-05,2026-03-02 02:07,ENG-1080,SUP-164,EMP187,TL-074,B
M7967,MA1A**********967,WO10967,Sedan X,TRIM-1,Stn-03,2026-03-02 02:08,ENG-1267,SUP-126,EMP210,TL-076,
M7968,MA1A**********968,WO10968,SUV Pro,PAINT-1,STN-01,2026-03-02 02:10,ENG-1373,SUP-110,EMP226,TL-032,C
M7969,MA1A**********969,WO10969,SUV Pro,GA-2,STN-05,2026-03-02 02:11,ENG-1484,SUP-039,EMP393,TL-001,
M7970,MA1A**********970,WO10970,Sedan X,GA-1,STN-04,2026-03-02 02:12,ENG-1375,SUP-197,EMP358,TL-005,
M7971,MA1A**********971,WO10971,Hatch Z,TRIM-1,STN-04,2026-03-02 02:13,ENG-1414,SUP-179,EMP150,TL-058,
M7972,MA1A**********972,WO10972,Sedan X,GA-1,STN-05,2026-03-02 02:15,ENG-1385,SUP-004,EMP308,TL-028,B
M7973,MA1A**********973,WO10973,SUV Pro,PAINT-1,STN-02,2026-03-02 02:16,ENG-1331,SUP-024,EMP108,TL-062,C
M7974,MA1A**********974,WO10974,Sedan X,TRIM-1,Stn-03,2026-03-02 02:17,ENG-1292,SUP-192,EMP398,TL-004,
M7975,MA1A**********975,WO10975,SUV Pro,GA-2,Stn-03,2026-03-02 02:18,ENG-1360,SUP-104,EMP194,TL-048,
M7976,MA1A**********976,WO10976,Hatch Z,GA-1,Stn-03,2026-03-02 02:20,ENG-1321,SUP-019,EMP297,TL-089,C
M7977,MA1A**********977,WO10977,Hatch Z,GA-1,STN-03,2026-03-02 02:21,ENG-1218,SUP-193,EMP238,TL-090,B
M7978,MA1A**********978,WO10978,Hatch Z,GA-1,STN-05,2026-03-02 02:22,ENG-1450,SUP-086,EMP128,TL-066,C
M7979,MA1A**********979,WO10979,Sedan X,GA-1,STN-04,2026-03-02 02:23,ENG-1187,SUP-120,EMP120,TL-047,C
M7980,MA1A**********980,WO10980,Sedan X,GA-1,STN-05,2026-03-02 02:25,ENG-1363,SUP-199,EMP204,TL-018,C
M7981,MA1A**********981,WO10981,Sedan X,GA-1, stn-05 ,2026-03-02 02:26,ENG-1244,SUP-189,EMP397,TL-090,B
M7982,MA1A**********982,WO10982,Hatch Z,GA-2,STN-03,2026-03-02 02:27,ENG-1180,SUP-069,EMP357,TL-088,
M7983,MA1A**********983,WO10983,SUV Pro,GA-1,STN-01,2026-03-02 02:28,ENG-1190,SUP-089,EMP331,TL-063,A
M7984,MA1A**********984,WO10984,SUV Pro,PAINT-1,STN-04,2026-03-02 02:30,ENG-1317,SUP-095,EMP133,TL-025,
M7985,MA1A**********985,WO10985,Sedan X,GA-1,STN-04,2026-03-02 02:31,ENG-1459,SUP-046,EMP247,TL-010,A
M7986,MA1A**********986,WO10986,Sedan X,PAINT-1,STN-01,2026-03-02 02:32,ENG-1356,SUP-038,EMP354,TL-020,B
M7987,MA1A**********987,WO10987,Hatch Z,GA-1,STN-03,2026-03-02 02:33,ENG-1213,SUP-175,EMP377,TL-017,
M7988,MA1A**********988,WO10988,SUV Pro,TRIM-1,STN-04,2026-03-02 02:35,ENG-1377,SUP-166,EMP110,TL-038,B
M7989,MA1A**********989,WO10989,Sedan X,GA-1,Stn-03,2026-03-02 02:36,ENG-1410,SUP-060,EMP366,TL-083,C
M7990,MA1A**********990,WO10990,SUV Pro,PAINT-1, stn-05 ,2026-03-02 02:37,ENG-1330,SUP-084,EMP348,TL-076,
M7991,MA1A**********991,WO10991,SUV Pro,PAINT-1,STN-05,2026-03-02 02:38,ENG-1067,SUP-079,EMP187,TL-034,B
M7992,MA1A**********992,WO10992,SUV Pro,PAINT-1,STN-03,2026-03-02 02:40,ENG-1394,SUP-013,EMP175,TL-046,C
M7993,MA1A**********993,WO10993,SUV Pro,GA-2,STN-05,2026-03-02 02:41,ENG-1473,SUP-042,EMP374,TL-037,B
M7994,MA1A**********994,WO10994,Sedan X,GA-2,STN-02,2026-03-02 02:42,ENG-1121,SUP-030,EMP121,TL-041,B
M7995,MA1A**********995,WO10995,SUV Pro,PAINT-1,STN-03,2026-03-02 02:43,ENG-1094,SUP-053,EMP387,TL-091,A
M7996,MA1A**********996,WO10996,Hatch Z,PAINT-1,STN-03,2026-03-02 02:45,ENG-1075,SUP-096,EMP329,TL-070,B
M7997,MA1A**********997,WO10997,Hatch Z,PAINT-1,STN-01,2026-03-02 02:46,ENG-1471,SUP-007,EMP307,TL-064,B
M7998,MA1A**********998,WO10998,SUV Pro,PAINT-1,STN-02,2026-03-02 02:47,ENG-1002,SUP-190,EMP379,TL-065,C
M7999,XX1 **3 4,WO10999,Hatch Z,PAINT-1,STN-04,2026-03-02 02:48,ENG-1458,SUP-075,EMP393,TL-086,B
M8000,MA1A**********000,WO11000,Hatch Z,TRIM-1,STN-03,2026-03-02 02:50,ENG-1352,SUP-029,EMP345,TL-006,B
M8001,MA1A**********001,WO11001,Hatch Z,GA-1,STN-03,2026-03-02 02:51,ENG-1012,SUP-103,EMP212,TL-058,C
M8002,MA1A**********002,WO11002,Sedan X,PAINT-1,STN-01,2026-03-02 02:52,ENG-1311,SUP-165,EMP199,TL-075,B
M8003,MA1A**********003,WO11003,SUV Pro,GA-2,STN-01,2026-03-02 02:53,ENG-1042,SUP-138,EMP328,TL-087,A
M8004,MA1A**********004,WO11004,Hatch Z,TRIM-1,STN-02,2026-03-02 02:55,ENG-1251,SUP-082,EMP361,TL-008,C
M8005,MA1A**********005,WO11005,SUV Pro,GA-2, stn-05 ,2026-03-02 02:56,ENG-1437,SUP-110,EMP289,TL-050,C
M8006,MA1A**********006,WO11006,Sedan X,PAINT-1,STN-03,2026-03-02 02:57,ENG-1179,SUP-079,EMP328,TL-072,A
M8007,MA1A**********007,WO11007,Sedan X,TRIM-1, stn-05 ,2026-03-02 02:58,ENG-1212,SUP-114,EMP247,TL-021,
M8008,MA1A**********008,WO11008,Hatch Z,TRIM-1,STN-02,2026-03-02 03:00,ENG-1427,SUP-151,EMP144,TL-019,B
M8009,MA1A**********009,WO11009,SUV Pro,TRIM-1,Stn-03,2026-03-02 03:01,ENG-1268,SUP-086,EMP133,TL-076,
M8010,MA1A**********010,WO11010,Sedan X,GA-1,STN-04,2026-03-02 03:02,ENG-1327,SUP-070,EMP312,TL-023,
M8011,MA1A**********011,WO11011,Hatch Z,GA-2,STN-02,2026-03-02 03:03,ENG-1095,SUP-098,EMP248,TL-071,
M8012,MA1A**********012,WO11012,Sedan X,PAINT-1,Stn-03,2026-03-02 03:05,ENG-1299,SUP-078,EMP352,TL-072,
M8013,MA1A**********013,WO11013,Sedan X,GA-1,Stn-03,2026-03-02 03:06,ENG-1001,SUP-040,EMP234,TL-039,
M8014,MA1A**********014,WO11014,Sedan X,PAINT-1,STN-04,2026-03-02 03:07,ENG-1091,SUP-126,EMP225,TL-004,A
M8015,MA1A**********015,WO11015,SUV Pro,TRIM-1,STN-01,2026-03-02 03:08, eng-1001 ,SUP-154,EMP285,TL-075,
M8016,MA1A**********016,WO11016,Hatch Z,TRIM-1,Stn-03,2026-03-02 03:10,ENG-1132,SUP-161,EMP343,TL-089,A
M8017,MA1A**********017,WO11017,SUV Pro,GA-1,Stn-03,2026-03-02 03:11,ENG-1132,SUP-042,EMP397,TL-008,B
M8018,MA1A**********018,WO11018,SUV Pro,TRIM-1, stn-05 ,2026-03-02 03:12,ENG-1069,SUP-092,EMP183,TL-007,C
M8019,MA1A**********019,WO11019,SUV Pro,TRIM-1, stn-05 ,2026-03-02 03:13,ENG-1466,SUP-092,EMP124,TL-038,C
M8020,MA1A**********020,WO11020,Hatch Z,GA-1,STN-05,2026-03-02 03:15,ENG-1099,SUP-197,EMP193,TL-098,A
M8021,MA1A**********021,WO11021,Hatch Z,GA-2,STN-05,2026-03-02 03:16,ENG-1165,SUP-081,EMP254,TL-035,C
M8022,MA1A**********022,WO11022,Sedan X,PAINT-1,Stn-03,2026-03-02 03:17,ENG-1073,SUP-004,EMP170,TL-067,C
M8023,MA1A**********023,WO11023,SUV Pro,TRIM-1,STN-04,2026-03-02 03:18,ENG-1174,SUP-042,EMP152,TL-028,B
M8024,MA1A**********024,WO11024,Hatch Z,GA-2,Stn-03,2026-03-02 03:20,ENG-1096,SUP-144,EMP369,TL-069,A
M8025,MA1A**********025,WO11025,SUV Pro,TRIM-1,STN-01,2026-03-02 03:21,ENG-1059,SUP-034,EMP108,TL-062,C
M8026,MA1A**********026,WO11026,SUV Pro,PAINT-1,STN-02,2026-03-02 03:22,ENG-1418,SUP-114,EMP367,TL-098,C
M8027,MA1A**********027,WO11027,Sedan X,PAINT-1,STN-01,2026-03-02 03:23,ENG-1381,SUP-031,EMP213,TL-017,B
M8028,MA1A**********028,WO11028,Hatch Z,GA-2,STN-03,2026-03-02 03:25,ENG-1064,SUP-054,EMP166,TL-011,
M8029,MA1A**********029,WO11029,Hatch Z,GA-1,STN-01,2026-03-02 03:26,ENG-1009,SUP-199,EMP347,TL-097,
M8030,MA1A**********030,WO11030,Sedan X,GA-2,STN-01,2026-03-02 03:27,ENG-1016,SUP-169,EMP362,TL-076,A
M8031,MA1A**********031,WO11031,SUV Pro,GA-1,STN-03,2026-03-02 03:28,ENG-1022,SUP-017,EMP254,TL-086,A
M8032,MA1A**********032,WO11032,Sedan X,GA-1,STN-05,2026-03-02 03:30,ENG-1105,SUP-151,EMP202,TL-024,C
M8033,MA1A**********033,WO11033,Sedan X,GA-1,STN-02,2026-03-02 03:31,ENG-1433,SUP-192,EMP242,TL-075,C
M8034,MA1A**********034,WO11034,SUV Pro,GA-2,Stn-03,2026-03-02 03:32,ENG-1256,SUP-200,EMP223,TL-065,A
M8035,MA1A**********035,WO11035,Sedan X,GA-1,STN-05,2026-03-02 03:33,ENG-1111,SUP-184,EMP198,TL-037,B
M8036,MA1A**********036,WO11036,Hatch Z,GA-1, stn-05 ,2026-03-02 03:35,ENG-1050,SUP-055,EMP358,TL-091,
M8037,MA1A**********037,WO11037,SUV Pro,GA-2,STN-04,2026-03-02 03:36,ENG-1344,SUP-028,EMP192,TL-046,
M8038,MA1A**********038,WO11038,SUV Pro,GA-2,STN-05,2026/03/02 03:37,ENG-1116,SUP-105,EMP157,TL-098,C
M8039,MA1A**********039,WO11039,Sedan X,TRIM-1,STN-01,2026-03-02 03:38,ENG-1266,SUP-035,EMP353,TL-098,C
M8040,MA1A**********040,WO11040,Hatch Z,PAINT-1,STN-05,2026-03-02 03:40,ENG-1369,SUP-011,EMP142,TL-042,
M8041,MA1A**********041,WO11041,Sedan X,TRIM-1,STN-03,2026-03-02 03:41,ENG-1233,SUP-154,EMP259,TL-088,
M8042,MA1A**********042,WO11042,Sedan X,TRIM-1,STN-03,2026-03-02 03:42,ENG-1437,SUP-110,EMP196,TL-009,
M8043,MA1A**********043,WO11043,Hatch Z,PAINT-1,STN-02,2026-03-02 03:43,ENG-1006,SUP-173,EMP351,TL-087,A
M8044,MA1A**********044,WO11044,SUV Pro,TRIM-1,STN-05,2026-03-02 03:45,ENG-1337,SUP-174,EMP143,TL-016,B
M8045,MA1A**********045,WO11045,SUV Pro,TRIM-1, stn-05 ,2026-03-02 03:46,ENG-1302,SUP-027,EMP186,TL-009,C
M8046,MA1A**********046,WO11046,Sedan X,PAINT-1,STN-02,2026-03-02 03:47,ENG-1304,SUP-104,EMP162,TL-030,
M8047,MA1A**********047,WO11047,Hatch Z,TRIM-1,STN-03,2026-03-02 03:48,ENG-1391,SUP-183,EMP397,TL-076,C
M8048,MA1A**********048,WO11048,Hatch Z,TRIM-1,STN-03,2026-03-02 03:50,ENG-1243,SUP-171,EMP307,TL-063,C
M8049,MA1A**********049,WO11049,Sedan X,TRIM-1,STN-01,2026-03-02 03:51,ENG-1062,SUP-065,EMP350,TL-064,B
M8050,MA1A**********050,WO11050,Hatch Z,GA-2,STN-01,2026-03-02 03:52,ENG-1050,SUP-189,EMP127,TL-009,
M8051,MA1A**********051,WO11051,Hatch Z,GA-1,STN-02,2026-03-02 03:53,ENG-1195,SUP-155,EMP267,TL-020,C
M8052,MA1A**********052,WO11052,Hatch Z,GA-1,Stn-03,2026-03-02 03:55,ENG-1039,SUP-170,EMP366,TL-099,
M8053,MA1A**********053,WO11053,SUV Pro,GA-2,STN-03,2026-03-02 03:56,ENG-1338,SUP-128,EMP351,TL-065,C
M8054,MA1A**********054,WO11054,Hatch Z,PAINT-1,Stn-03,2026-03-02 03:57,ENG-1440,SUP-139,EMP379,TL-003,A
M8055,MA1A**********055,WO11055,SUV Pro,GA-1,STN-04,2026-03-02 03:70,ENG-1230,SUP-081,EMP292,TL-057,
M8056,MA1A**********056,WO11056,Sedan X,GA-1,STN-02,2026-03-02 04:00,ENG-1285,SUP-169,EMP255,TL-091,B
M8057,MA1A**********057,WO11057,SUV Pro,TRIM-1,STN-02,2026-03-02 04:01,ENG-1159,SUP-184,EMP299,TL-063,A
M8058,MA1A**********058,WO11058,Hatch Z,TRIM-1, stn-05 ,2026-03-02 04:02,ENG-1283,SUP-176,EMP376,TL-074,
M8059,MA1A**********059,WO11059,SUV Pro,GA-2,STN-05,2026-03-02 04:03,ENG-1028,SUP-101,EMP234,TL-064,
M8060,MA1A**********060,WO11060,Hatch Z,PAINT-1,Stn-03,2026-03-02 04:05,ENG-1145,SUP-083,EMP131,TL-004,A
M8061,MA1A**********061,WO11061,Sedan X,PAINT-1,STN-03,2026-03-02 04:06,ENG-1414,SUP-190,EMP398,TL-004,C
M8062,MA1A**********062,WO11062,SUV Pro,GA-1,STN-04,2026-03-02 04:07,ENG-1176,SUP-092,EMP310,TL-045,A
M8063,MA1A**********063,WO11063,Hatch Z,GA-2,STN-02,2026-03-02 04:08,ENG-1120,SUP-166,EMP259,TL-076,A
M8064,MA1A**********064,WO11064,Hatch Z,GA-1,Stn-03,2026-03-02 04:10,ENG-1156,SUP-030,EMP272,TL-022,A
M8065,MA1A**********065,WO11065,Hatch Z,PAINT-1,STN-01,2026-03-02 04:11,ENG-1235,SUP-169,EMP316,TL-073,
M8066,MA1A**********066,WO11066,SUV Pro,GA-1, stn-05 ,2026-03-02 04:12,ENG-1240,SUP-151,EMP111,TL-041,
M8067,MA1A**********067,WO11067,Hatch Z,TRIM-1,STN-03,2026-03-02 04:13,ENG-1293,SUP-026,EMP350,TL-013,B
M8068,MA1A**********068,WO11068,SUV Pro,TRIM-1,STN-05,2026-03-02 04:15,ENG-1415,SUP-196,EMP273,TL-022,C
M8069,MA1A**********069,WO11069,SUV Pro,TRIM-1,STN-02,2026-03-02 04:16,ENG-1254,SUP-163,EMP138,TL-069,B
M8070,MA1A**********070,WO11070,SUV Pro,PAINT-1,STN-01,2026-03-02 04:17,ENG-1152,SUP-147,EMP305,TL-029,A
M8071,MA1A**********071,WO11071,Hatch Z,GA-1,STN-05,2026-03-02 04:18,ENG-1172,SUP-070,EMP134,TL-073,
M8072,MA1A**********072,WO11072,SUV Pro,GA-2,STN-03,2026-03-02 04:20,ENG-1407,SUP-020,EMP254,TL-065,C
M8073,MA1A**********073,WO11073,SUV Pro,PAINT-1,STN-02,2026-03-02 04:21,ENG-1212,SUP-103,EMP228,TL-080,
M8074,MA1A**********074,WO11074,Hatch Z,GA-2,STN-01,2026-03-02 04:22,ENG-1321,SUP-181,EMP364,TL-024,
M8075,MA1A**********075,WO11075,Sedan X,TRIM-1,STN-03,2026-03-02 04:23,ENG-1479,SUP-164,EMP372,TL-079,
M8076,MA1A**********076,WO11076,Hatch Z,GA-1,STN-05,2026-03-02 04:25,ENG-1102,SUP-094,EMP336,TL-019,B
M8077,MA1A**********077,WO11077,Sedan X,PAINT-1,Stn-03,2026-03-02 04:26,ENG-1222,SUP-106,EMP263,TL-009,B
M8078,MA1A**********078,WO11078,SUV Pro,PAINT-1,Stn-03,2026-03-02 04:27,ENG-1146,SUP-166,EMP182,TL-033,B
M8079,MA1A**********079,WO11079,SUV Pro,GA-2,STN-01,2026-03-02 04:28,ENG-1076,SUP-050,EMP114,TL-032,C
M8080,MA1A**********080,WO11080,SUV Pro,TRIM-1,STN-05,2026-03-02 04:30,ENG-1223,SUP-109,EMP118,TL-026,B
M8081,MA1A**********081,WO11081,SUV Pro,GA-2,STN-01,2026-03-02 04:31,ENG-1132,SUP-072,EMP381,TL-023,A
M8082,MA1A**********082,WO11082,Hatch Z,TRIM-1,Stn-03,2026-03-02 04:32,ENG-1010,SUP-015,EMP142,TL-041,C
M8083,MA1A**********083,WO11083,Sedan X,TRIM-1,STN-03,2026-03-02 04:33,ENG-1343,SUP-169,EMP146,TL-051,B
M8084,MA1A**********084,WO11084,Sedan X,GA-1,STN-05,2026-03-02 04:35,ENG-1376,SUP-129,EMP161,TL-067,C
M8085,MA1A**********085,WO11085,SUV Pro,GA-1,STN-02,2026-03-02 04:36,ENG-1307,SUP-032,EMP260,TL-043,
M8086,MA1A**********086,WO11086,Hatch Z,GA-2,STN-04,2026-03-02 04:37,ENG-1111,SUP-037,EMP154,TL-023,B
M8087,MA1A**********087,WO11087,SUV Pro,TRIM-1,STN-04,2026-03-02 04:38,ENG-1130,SUP-151,EMP128,TL-063,C
M8088,MA1A**********088,WO11088,Hatch Z,GA-1,STN-03,2026-03-02 04:40,ENG-1279,SUP-109,EMP343,TL-088,B
M8089,MA1A**********089,WO11089,SUV Pro,GA-2,STN-03,2026-03-02 04:41,ENG-1243,SUP-184,EMP288,TL-040,A
M8090,MA1A**********090,WO11090,Hatch Z,GA-1,Stn-03,2026-03-02 04:42,ENG-1378,SUP-170,EMP127,TL-089,B
M8091,MA1A**********091,WO11091,SUV Pro,TRIM-1,STN-03,2026-03-02 04:43,ENG-1327,SUP-180,EMP285,TL-088,A
M8092,MA1A**********092,WO11092,Hatch Z,GA-2,Stn-03,2026-03-02 04:45,ENG-1226,SUP-100,EMP104,TL-051,C
M8093,MA1A**********093,WO11093,SUV Pro,GA-1,Stn-03,2026-03-02 04:46,ENG-1387,SUP-061,EMP252,TL-027,B
M8094,MA1A**********094,WO11094,SUV Pro,PAINT-1,Stn-03,2026-03-02 04:47,ENG-1392,SUP-165,EMP308,TL-005,C
M8095,MA1A**********095,WO11095,Sedan X,TRIM-1,STN-04,2026-03-02 04:48,ENG-1377,SUP-106,EMP270,TL-092,
M8096,MA1A**********096,WO11096,Sedan X,GA-2, stn-05 ,2026-03-02 04:50,ENG-1133,SUP-130,EMP133,TL-046,
M8097,MA1A**********097,WO11097,Hatch Z,PAINT-1,STN-04,2026-03-02 04:51,ENG-1355,SUP-008,EMP126,TL-083,B
M8098,MA1A**********098,WO11098,Hatch Z,TRIM-1,Stn-03,2026-03-02 04:52,ENG-1328,SUP-035,EMP101,TL-052,B
M8099,MA1A**********099,WO11099,Hatch Z,PAINT-1,STN-03,2026-03-02 04:53,ENG-1294,SUP-022,EMP156,TL-021,B
M8100,MA1A**********100,WO11100,Hatch Z,GA-2,Stn-03,2026-03-02 04:55,ENG-1304,SUP-176,EMP310,TL-041,
M8101,MA1A**********101,WO11101,SUV Pro,GA-2,STN-03,2026-03-02 04:56,ENG-1088,SUP-176,EMP267,TL-037,B
M8102,MA1A**********102,WO11102,Sedan X,TRIM-1,STN-03,2026-03-02 04:57,ENG-1093,SUP-101,EMP293,TL-074,B
M8103,MA1A**********103,WO11103,Sedan X,GA-1,STN-05,2026-03-02 04:58,ENG-1331,SUP-157,EMP217,TL-012,
M8104,MA1A**********104,WO11104,Sedan X,PAINT-1, stn-05 ,2026-03-02 05:00,ENG-1436,SUP-044,EMP125,TL-052,
M8105,MA1A**********105,WO11105,Hatch Z,PAINT-1,STN-02,2026-03-02 05:01,ENG-1045,SUP-095,EMP187,TL-073,A
M8106,MA1A**********106,WO11106,Sedan X,TRIM-1,Stn-03,2026-03-02 05:02,ENG-1471,SUP-117,EMP353,TL-016,B
M8107,MA1A**********107,WO11107,Hatch Z,GA-2,STN-02,2026-03-02 05:03,ENG-1484,SUP-069,EMP247,TL-096,
M8108,MA1A**********108,WO11108,SUV Pro,GA-2,STN-04,2026-03-02 05:05,ENG-1438,SUP-053,EMP210,TL-037,B
M8109,MA1A**********109,WO11109,SUV Pro,GA-2,STN-04,2026-03-02 05:06,ENG-1405,SUP-038,EMP114,TL-038,C
M8110,MA1A**********110,WO11110,Sedan X,TRIM-1,STN-02,2026-03-02 05:07,ENG-1189,,EMP398,TL-088,
M8111,MA1A**********111,WO11111,Sedan X,GA-1,STN-04,2026-03-02 05:08,ENG-1068,SUP-083,EMP303,TL-088,B
M8112,MA1A**********112,WO11112,Hatch Z,TRIM-1, stn-05 ,2026-03-02 05:10,ENG-1216,SUP-189,EMP231,TL-010,A
M8113,MA1A**********113,WO11113,Hatch Z,GA-1,STN-01,2026-03-02 05:11,ENG-1170,SUP-061,EMP341,TL-046,A
M8114,MA1A**********114,WO11114,Sedan X,PAINT-1,STN-05,2026-03-02 05:12,ENG-1317,SUP-098,EMP254,TL-051,C
M8115,MA1A**********115,WO11115,Sedan X,GA-1,STN-05,2026-03-02 05:13,ENG-1091,SUP-067,EMP186,TL-065,
M8116,MA1A**********116,WO11116,SUV Pro,TRIM-1,STN-02,2026-03-02 05:15,ENG-1045,SUP-082,EMP371,TL-056,B
M8117,MA1A**********117,WO11117,SUV Pro,GA-1,STN-03,2026-03-02 05:16,ENG-1022,SUP-033,EMP355,TL-036,C
M8118,MA1A**********118,WO11118,SUV Pro,PAINT-1,STN-03,2026-03-02 05:17,ENG-1313,SUP-195,EMP235,TL-067,C
M8119,MA1A**********119,WO11119,SUV Pro,GA-2,STN-03,2026-03-02 05:18,ENG-1377,SUP-126,EMP177,TL-072,
M8120,MA1A**********120,WO11120,Sedan X,GA-2,STN-02,2026-03-02 05:20,ENG-1027,SUP-059,EMP193,TL-005,
M8121,MA1A**********121,WO11121,SUV Pro,GA-2, stn-05 ,2026-03-02 05:21,ENG-1239,SUP-112,EMP159,TL-064,A
M8122,MA1A**********122,WO11122,SUV Pro,PAINT-1, stn-05 ,2026-03-02 05:22,ENG-1287,SUP-125,EMP334,TL-064,A
M8123,MA1A**********123,WO11123,Hatch Z,GA-2,STN-01,2026-03-02 05:23,ENG-1178,SUP-024,EMP204,TL-037,B
M8124,MA1A**********124,WO11124,Sedan X,PAINT-1,STN-05,2026-03-02 05:25,ENG-1456,SUP-170,EMP399,TL-028,A
M8125,MA1A**********125,WO11125,Hatch Z,GA-2,STN-04,2026-03-02 05:26,ENG-1471,SUP-020,EMP226,TL-099,
M8126,MA1A**********126,WO11126,Hatch Z,GA-1,STN-03,2026-03-02 05:27,ENG-1013,SUP-073,EMP162,TL-051,C
M8127,MA1A**********127,WO11127,Hatch Z,GA-1,Stn-03,2026-03-02 05:28,ENG-1165,SUP-040,EMP114,TL-011,
M8128,MA1A**********128,WO11128,Hatch Z,TRIM-1,STN-04,2026-03-02 05:30,ENG-1321,SUP-069,EMP102,TL-043,A
M8129,MA1A**********129,WO11129,Hatch Z,TRIM-1,STN-03,2026-03-02 05:31,ENG-1485,SUP-188,EMP391,TL-017,B
M8130,MA1A**********130,WO11130,Sedan X,PAINT-1,STN-03,2026-03-02 05:32,ENG-1408,SUP-015,EMP136,TL-071,
M8131,MA1A**********131,WO11131,Sedan X,TRIM-1,STN-03,2026-03-02 05:33,ENG-1091,SUP-062,EMP304,TL-012,A
M8132,MA1A**********132,WO11132,Sedan X,GA-2,STN-04,2026-03-02 05:35,ENG-1399,SUP-104,EMP245,TL-083,B
M8133,MA1A**********133,WO11133,Sedan X,PAINT-1,STN-04,2026-03-02 05:36,ENG-1410,SUP-111,EMP258,TL-088,B
M8134,MA1A**********134,WO11134,SUV Pro,GA-1,Stn-03,2026-03-02 05:37,ENG-1188,SUP-132,EMP202,TL-063,
M8135,MA1A**********135,WO11135,SUV Pro,TRIM-1,STN-03,2026-03-02 05:38,ENG-1288,SUP-154,EMP316,TL-012,
M8136,MA1A**********136,WO11136,SUV Pro,GA-2,STN-04,2026-03-02 05:40,ENG-1322,SUP-110,EMP147,TL-006,C
M8137,MA1A**********137,WO11137,SUV Pro,GA-2, stn-05 ,2026-03-02 05:41,ENG-1351,SUP-183,EMP179,TL-064,A
M8138,MA1A**********138,WO11138,SUV Pro,TRIM-1,STN-04,2026-03-02 05:42,ENG-1040,SUP-123,EMP253,TL-020,B
M8139,MA1A**********139,WO11139,Hatch Z,PAINT-1,Stn-03,2026-03-02 05:43,ENG-1127,SUP-134,EMP318,TL-038,A
M8140,MA1A**********140,WO11140,Hatch Z,GA-1,STN-01,2026-03-02 05:45,ENG-1262,SUP-028,EMP361,TL-055,
M8141,MA1A**********141,WO11141,Sedan X,TRIM-1, stn-05 ,2026-03-02 05:46,ENG-1368,SUP-146,EMP229,TL-046,C
M8142,MA1A**********142,WO11142,Hatch Z,GA-1,Stn-03,2026-03-02 05:47,ENG-1257,SUP-005,EMP158,TL-095,
M8143,MA1A**********143,WO11143,Sedan X,GA-2,Stn-03,2026-03-02 05:48,ENG-1201,SUP-012,EMP142,TL-054,C
M8144,MA1A**********144,WO11144,SUV Pro,TRIM-1,Stn-03,2026-03-02 05:50,ENG-1343,SUP-116,EMP235,TL-044,B
M8145,MA1A**********145,WO11145,Sedan X,GA-2,STN-01,2026-03-02 05:51,ENG-1382,SUP-155,EMP232,TL-087,A
M8146,MA1A**********146,WO11146,SUV Pro,GA-1,STN-01,2026-03-02 05:52,ENG-1202,SUP-030,EMP106,TL-022,
M8147,MA1A**********147,WO11147,SUV Pro,TRIM-1,Stn-03,2026-03-02 05:53,ENG-1336,SUP-191,EMP349,TL-039,C
M8148,MA1A**********148,WO11148,Hatch Z,TRIM-1,Stn-03,2026-03-02 05:55,ENG-1154,SUP-023,EMP164,TL-018,A
M8149,MA1A**********149,WO11149,Sedan X,GA-1,Stn-03,2026-03-02 05:56,ENG-1008,SUP-179,EMP196,TL-004,B
M8150,MA1A**********150,WO11150,SUV Pro,GA-2, stn-05 ,2026-03-02 05:57,ENG-1123,SUP-112,EMP375,TL-025,A
M8151,MA1A**********151,WO11151,SUV Pro,TRIM-1,STN-02,2026-03-02 05:58,ENG-1242,SUP-109,EMP111,TL-015,B
M8152,MA1A**********152,WO11152,Sedan X,TRIM-1,STN-04,2026-03-02 06:00,ENG-1241,SUP-006,EMP330,TL-075,B
M8153,MA1A**********153,WO11153,Sedan X,PAINT-1,STN-05,2026-03-02 06:01,ENG-1424,SUP-101,EMP126,TL-043,A
M8154,MA1A**********154,WO11154,Sedan X,TRIM-1,STN-04,2026-03-02 06:02,ENG-1434,SUP-127,EMP396,TL-077,C
M8155,MA1A**********155,WO11155,Sedan X,TRIM-1,STN-04,2026-03-02 06:03,ENG-1248,SUP-132,EMP349,TL-030,A
M8156,MA1A**********156,WO11156,Hatch Z,GA-1,STN-04,2026-03-02 06:05,ENG-1295,SUP-081,EMP383,TL-009,C
M8157,MA1A**********157,WO11157,Hatch Z,TRIM-1,STN-04,2026-03-02 06:06,ENG-1059,SUP-127,EMP277,TL-058,
M8158,MA1A**********158,WO11158,Sedan X,GA-2,STN-03,2026-03-02 06:07,ENG-1371,SUP-050,EMP340,TL-045,
M8159,MA1A**********159,WO11159,Sedan X,GA-2,STN-05,2026-03-02 06:08,ENG-1465,SUP-176,EMP273,TL-078,
M8160,MA1A**********160,WO11160,Sedan X,PAINT-1, stn-05 ,2026-03-02 06:10, eng-1001 ,SUP-183,EMP299,TL-054,C
M8161,MA1A**********161,WO11161,SUV Pro,GA-2,STN-05,2026-03-02 06:11,ENG-1106,SUP-073,EMP144,TL-086,
M8162,MA1A**********162,WO11162,Sedan X,GA-2,STN-02,2026-03-02 06:12,ENG-1080,SUP-156,EMP351,TL-013,
M8163,MA1A**********163,WO11163,SUV Pro,PAINT-1,STN-02,2026-03-02 06:13,ENG-1107,SUP-143,EMP124,TL-003,C
M8164,MA1A**********164,WO11164,SUV Pro,PAINT-1, stn-05 ,2026-03-02 06:15,ENG-1081,SUP-045,EMP357,TL-005,A
M8165,MA1A**********165,WO11165,SUV Pro,TRIM-1,STN-01,2026-03-02 06:16,ENG-1316,SUP-059,EMP161,TL-072,B
M8166,MA1A**********166,WO11166,SUV Pro,PAINT-1,STN-03,2026-03-02 06:17,ENG-1401,SUP-091,EMP123,TL-099,C
M8167,MA1A**********167,WO11167,Sedan X,GA-1, stn-05 ,2026-03-02 06:18,ENG-1025,SUP-113,EMP334,TL-097,A
M8168,MA1A**********168,WO11168,Sedan X,GA-1,Stn-03,2026-03-02 06:20,ENG-1287,SUP-011,EMP359,TL-014,B
M8169,MA1A**********169,WO11169,Hatch Z,GA-1,Stn-03,2026-03-02 06:21,ENG-1105,SUP-093,EMP180,TL-094,C
M8170,MA1A**********170,WO11170,Hatch Z,TRIM-1,Stn-03,2026-03-02 06:22,ENG-1259,SUP-128,EMP150,TL-020,C
M8171,MA1A**********171,WO11171,SUV Pro,GA-2,STN-01,2026-03-02 06:23,ENG-1434,SUP-052,EMP324,TL-054,A
M8172,MA1A**********172,WO11172,Sedan X,TRIM-1,STN-03,2026-03-02 06:25,ENG-1146,SUP-130,EMP187,TL-011,C
M8173,MA1A**********173,WO11173,SUV Pro,TRIM-1,STN-03,2026-03-02 06:26,ENG-1322,SUP-171,EMP225,TL-020,
M8174,MA1A**********174,WO11174,Sedan X,GA-2,Stn-03,2026-03-02 06:27,ENG-1219,SUP-106,EMP309,TL-059,C
M8175,MA1A**********175,WO11175,Sedan X,TRIM-1,STN-02,2026-03-02 06:28,ENG-1394,SUP-003,EMP364,TL-009,A
M8176,MA1A**********176,WO11176,SUV Pro,PAINT-1,STN-04,2026-03-02 06:30,ENG-1395,SUP-043,EMP322,TL-008,
M8177,MA1A**********177,WO11177,Sedan X,GA-2,STN-05,2026-03-02 06:31,ENG-1029,SUP-162,EMP366,TL-038,
M8178,MA1A**********178,WO11178,SUV Pro,PAINT-1, stn-05 ,2026-03-02 06:32,ENG-1380,SUP-081,EMP276,TL-002,C
M8179,MA1A**********179,WO11179,Hatch Z,GA-2, stn-05 ,2026-03-02 06:33,ENG-1206,SUP-115,EMP205,TL-070,
M8180,MA1A**********180,WO11180,Hatch Z,PAINT-1,Stn-03,2026-03-02 06:35,ENG-1400,SUP-167,EMP307,TL-100,B
M8181,MA1A**********181,WO11181,SUV Pro,GA-1,STN-01,2026-03-02 06:36,ENG-1275,SUP-086,EMP299,TL-093,B
M8182,MA1A**********182,WO11182,Hatch Z,PAINT-1,STN-02,2026-03-02 06:37,ENG-1047,SUP-131,EMP382,TL-040,C
M8183,MA1A**********183,WO11183,Hatch Z,GA-2,STN-01,2026-03-02 06:38,ENG-1014,SUP-139,EMP232,TL-031,C
M8184,MA1A**********184,WO11184,Hatch Z,TRIM-1,STN-05,2026-03-02 06:40,ENG-1056,SUP-188,EMP130,TL-048,C
M8185,MA1A**********185,WO11185,Hatch Z,PAINT-1,STN-01,2026-03-02 06:41,ENG-1024,SUP-194,EMP163,TL-058,C
M8186,MA1A**********186,WO11186,Hatch Z,GA-1,STN-04,2026-03-02 06:42,ENG-1173,SUP-061,EMP397,TL-073,B
M8187,MA1A**********187,WO11187,SUV Pro,PAINT-1,STN-03,2026-03-02 06:43,ENG-1341,SUP-184,EMP393,TL-087,B
M8188,MA1A**********188,WO11188,Hatch Z,TRIM-1,STN-05,2026-03-02 06:45,ENG-1377,SUP-064,EMP153,TL-042,B
M8189,MA1A**********189,WO11189,SUV Pro,TRIM-1,STN-01,2026-03-02 06:46,ENG-1075,SUP-183,EMP317,TL-053,A
M8190,MA1A**********190,WO11190,Sedan X,GA-1,STN-04,2026-03-02 06:47,ENG-1454,SUP-034,EMP343,TL-028,
M8191,MA1A**********191,WO11191,Sedan X,PAINT-1, stn-05 ,2026-03-02 06:48,ENG-1269,SUP-104,EMP386,TL-067,
M8192,MA1A**********192,WO11192,SUV Pro,TRIM-1, stn-05 ,2026-03-02 06:50,ENG-1216,SUP-113,EMP350,TL-094,
M8193,MA1A**********193,WO11193,Sedan X,GA-2,STN-05,2026-03-02 06:51,ENG-1065,SUP-125,EMP334,TL-017,A
M8194,MA1A**********194,WO11194,Hatch Z,GA-2,STN-04,2026-03-02 06:52,ENG-1242,SUP-009,EMP180,TL-072,C
M8195,MA1A**********195,WO11195,Sedan X,TRIM-1,STN-01,2026-03-02 06:53,ENG-1061,SUP-095,EMP392,TL-038,A
M8196,MA1A**********196,WO11196,Hatch Z,GA-2,STN-01,2026-03-02 06:55,ENG-1190,SUP-079,EMP291,TL-039,C
M8197,MA1A**********197,WO11197,SUV Pro,GA-1,Stn-03,2026-03-02 06:56,ENG-1073,SUP-037,EMP315,TL-007,C
M8198,MA1A**********198,WO11198,SUV Pro,GA-2,STN-02,2026-03-02 06:57,ENG-1419,SUP-190,EMP350,TL-001,A
M8199,MA1A**********199,WO11199,Hatch Z,PAINT-1,STN-01,2026-03-02 06:58,ENG-1445,SUP-012,EMP313,TL-062,C
M8200,MA1A**********200,WO11200,Hatch Z,TRIM-1,STN-03,2026-03-02 07:00,ENG-1400,SUP-097,EMP343,TL-093,B
M8201,MA1A**********201,WO11201,Sedan X,TRIM-1,Stn-03,2026-03-02 07:01,ENG-1230,SUP-171,EMP329,TL-020,C
M8202,MA1A**********202,WO11202,Sedan X,TRIM-1,STN-04,2026-03-02 07:02,ENG-1119,SUP-102,EMP273,TL-070,A
M8203,MA1A**********203,WO11203,Hatch Z,TRIM-1, stn-05 ,2026-03-02 07:03,ENG-1142,SUP-166,EMP145,TL-022,A
M8204,MA1A**********204,WO11204,Hatch Z,PAINT-1,STN-05,2026-03-02 07:05,ENG-1330,SUP-032,EMP386,TL-011,B
M8205,MA1A**********205,WO11205,Hatch Z,GA-1,STN-05,2026-03-02 07:06,ENG-1267,SUP-049,EMP343,TL-065,A
M8206,MA1A**********206,WO11206,Sedan X,GA-2,STN-01,2026-03-02 07:07,ENG-1140,SUP-053,EMP225,TL-091,
M8207,MA1A**********207,WO11207,Sedan X,PAINT-1,STN-04,2026-03-02 07:08,ENG-1301,SUP-012,EMP351,TL-003,C
M8208,MA1A**********208,WO11208,SUV Pro,GA-2,STN-04,2026-03-02 07:10,ENG-1012,SUP-136,EMP262,TL-049,C
M8209,MA1A**********209,WO11209,Sedan X,GA-1,STN-01,2026-03-02 07:11,ENG-1277,SUP-044,EMP246,TL-019,B
M8210,MA1A**********210,WO11210,SUV Pro,GA-1,STN-02,2026-03-02 07:12,ENG-1157,SUP-105,EMP186,TL-008,C
M8211,MA1A**********211,WO11211,Sedan X,GA-1, stn-05 ,2026/03/02 07:13,ENG-1029,SUP-077,EMP299,TL-013,C
M8212,MA1A**********212,WO11212,Sedan X,TRIM-1,STN-03,2026-03-02 07:15,ENG-1132,SUP-097,EMP161,TL-007,B
M8213,MA1A**********213,WO11213,Sedan X,GA-2,STN-04,2026-03-02 07:16,ENG-1260,SUP-193,EMP358,TL-050,A
M8214,MA1A**********214,WO11214,SUV Pro,GA-1,STN-03,2026-03-02 07:17,ENG-1237,SUP-142,EMP308,TL-009,
M8215,MA1A**********215,WO11215,Sedan X,TRIM-1, stn-05 ,2026-03-02 07:18,ENG-1119,SUP-005,EMP237,TL-071,A
M8216,MA1A**********216,WO11216,Sedan X,GA-2,STN-03,2026-03-02 07:20,ENG-1290,SUP-105,EMP328,TL-011,B
M8217,MA1A**********217,WO11217,Sedan X,PAINT-1,STN-05,2026-03-02 07:21,ENG-1086,SUP-063,EMP375,TL-055,
M8218,MA1A**********218,WO11218,Sedan X,GA-1,Stn-03,2026-03-02 07:22,ENG-1237,SUP-159,EMP248,TL-084,B
M8219,MA1A**********219,WO11219,Sedan X,GA-1,STN-04,2026-03-02 07:23,ENG-1139,SUP-154,EMP228,TL-088,
M8220,MA1A**********220,WO11220,SUV Pro,GA-2,STN-05,2026-03-02 07:25,ENG-1430,SUP-131,EMP244,TL-006,B
M8221,MA1A**********221,WO11221,Hatch Z,GA-1,STN-03,2026-03-02 07:26,ENG-1045,SUP-102,EMP162,TL-018,C
M8222,MA1A**********222,WO11222,SUV Pro,GA-2,STN-05,2026-03-02 07:27,ENG-1258,SUP-082,EMP275,TL-082,C
M8223,MA1A**********223,WO11223,Hatch Z,TRIM-1,STN-03,2026-03-02 07:28,ENG-1125,SUP-170,EMP264,TL-044,B
M8224,MA1A**********224,WO11224,SUV Pro,PAINT-1,STN-01,2026-03-02 07:30,ENG-1467,SUP-178,EMP168,TL-083,A
M8225,MA1A**********225,WO11225,Hatch Z,TRIM-1,STN-01,2026-03-02 07:31,ENG-1461,SUP-003,EMP188,TL-053,
M8226,MA1A**********226,WO11226,SUV Pro,GA-1,Stn-03,2026-03-02 07:32,ENG-1448,SUP-167,EMP139,TL-069,A
M8227,MA1A**********227,WO11227,Hatch Z,TRIM-1, stn-05 ,2026-03-02 07:33,ENG-1063,SUP-091,EMP292,TL-077,C
M8228,MA1A**********228,WO11228,SUV Pro,GA-2,Stn-03,2026-03-02 07:35,ENG-1393,SUP-179,EMP104,TL-016,
M8229,MA1A**********229,WO11229,SUV Pro,GA-2,STN-04,2026-03-02 07:36,ENG-1004,SUP-057,EMP110,TL-098,C
M8230,MA1A**********230,WO11230,Hatch Z,PAINT-1,STN-02,2026-03-02 07:37,ENG-1046,SUP-158,EMP255,TL-092,B
M8231,MA1A**********231,WO11231,Sedan X,TRIM-1,STN-03,2026-03-02 07:38,ENG-1018,SUP-072,EMP352,TL-091,B
M8232,MA1A**********232,WO11232,Sedan X,GA-2,Stn-03,2026-03-02 07:40,ENG-1326,SUP-102,EMP156,TL-036,
M8233,MA1A**********233,WO11233,Sedan X,GA-2, stn-05 ,2026-03-02 07:41,ENG-1378,SUP-145,EMP389,TL-023,A
M8234,MA1A**********234,WO11234,Hatch Z,GA-2, stn-05 ,2026-03-02 07:42,ENG-1033,SUP-033,EMP232,TL-073,B
M8235,MA1A**********235,WO11235,Hatch Z,PAINT-1,STN-02,2026-03-02 07:43,ENG-1434,SUP-174,EMP111,TL-089,C
M8236,MA1A**********236,WO11236,Hatch Z,TRIM-1,STN-01,2026-03-02 07:45,ENG-1480,SUP-110,EMP126,TL-042,
M8237,MA1A**********237,WO11237,SUV Pro,PAINT-1,STN-01,2026-03-02 07:46,ENG-1348,SUP-133,EMP338,TL-064,C
M8238,MA1A**********238,WO11238,Hatch Z,GA-1, stn-05 ,2026-03-02 07:47,ENG-1114,SUP-013,EMP242,TL-054,
M8239,MA1A**********239,WO11239,SUV Pro,GA-1,STN-04,2026-03-02 07:48,ENG-1099,SUP-086,EMP141,TL-074,A
M8240,MA1A**********240,WO11240,Hatch Z,GA-2, stn-05 ,2026-03-02 07:50,ENG-1216,SUP-020,EMP227,TL-026,B
M8241,MA1A**********241,WO11241,SUV Pro,PAINT-1,STN-01,2026-03-02 07:51,ENG-1320,SUP-161,EMP149,TL-004,
M8242,MA1A**********242,WO11242,SUV Pro,GA-1,STN-05,2026-03-02 07:52,ENG-1408,SUP-161,EMP271,TL-033,B
M8243,MA1A**********243,WO11243,Sedan X,TRIM-1,STN-02,2026-03-02 07:53,ENG-1490,SUP-088,EMP127,TL-043,B
M8244,MA1A**********244,WO11244,Sedan X,TRIM-1,Stn-03,2026-03-02 07:55,ENG-1048,SUP-161,EMP328,TL-075,A
M8245,MA1A**********245,WO11245,Sedan X,GA-1,STN-01,2026-03-02 07:56,ENG-1193,SUP-081,EMP133,TL-999,B
M8246,MA1A**********246,WO11246,Sedan X,TRIM-1,STN-01,2026-03-02 07:57,ENG-1154,SUP-157,EMP321,TL-009,A
M8247,MA1A**********247,WO11247,Hatch Z,GA-1,STN-05,2026-03-02 07:58,ENG-1026,SUP-076,EMP295,TL-052,A
M8248,MA1A**********248,WO11248,Hatch Z,TRIM-1,STN-02,2026-03-02 08:00,ENG-1442,SUP-154,EMP105,TL-059,
M8249,MA1A**********249,WO11249,SUV Pro,TRIM-1,STN-05,2026-03-02 08:01,ENG-1317,SUP-026,EMP273,TL-084,A
M8250,MA1A**********250,WO11250,SUV Pro,PAINT-1,STN-05,2026-03-02 08:02,ENG-1098,SUP-028,EMP152,TL-002,A
M8251,MA1A**********251,WO11251,Hatch Z,GA-2,STN-05,2026-03-02 08:03,ENG-1064,SUP-164,EMP360,TL-033,C
M8252,MA1A**********252,WO11252,SUV Pro,TRIM-1, stn-05 ,2026-03-02 08:05,ENG-1317,SUP-114,EMP195,TL-032,B
M8253,MA1A**********253,WO11253,Sedan X,GA-1,STN-02,2026-03-02 08:06,ENG-1159,SUP-150,EMP323,TL-066,C
M8254,MA1A**********254,WO11254,SUV Pro,GA-2,STN-02,2026-03-02 08:07,ENG-1240,SUP-080,EMP275,TL-038,C
M8255,MA1A**********255,WO11255,Sedan X,GA-2,STN-01,2026-03-02 08:08,ENG-1121,SUP-130,EMP386,TL-007,
M8256,MA1A**********256,WO11256,SUV Pro,GA-2,STN-02,2026-03-02 08:10,ENG-1327,SUP-052,EMP135,TL-044,B
M8257,MA1A**********257,WO11257,Hatch Z,TRIM-1, stn-05 ,2026-03-02 08:11,ENG-1354,SUP-120,EMP269,TL-075,C
M8258,MA1A**********258,WO11258,Hatch Z,PAINT-1,STN-04,2026-03-02 08:12,ENG-1168,SUP-042,EMP153,TL-059,A
M8259,MA1A**********259,WO11259,SUV Pro,GA-2,STN-01,2026-03-02 08:13,ENG-1327,SUP-058,EMP217,TL-060,B
M8260,MA1A**********260,WO11260,Sedan X,TRIM-1, stn-05 ,2026-03-02 08:15,ENG-1393,SUP-085,EMP292,TL-027,
M8261,MA1A**********261,WO11261,Sedan X,GA-1,STN-03,2026-03-02 08:16,ENG-1005,SUP-019,EMP283,TL-004,A
M8262,MA1A**********262,WO11262,Sedan X,PAINT-1,STN-04,2026-03-02 08:17,ENG-1099,SUP-162,EMP399,TL-098,C
M8263,MA1A**********263,WO11263,Sedan X,GA-1,STN-02,2026-03-02 08:18,ENG-1101,SUP-073,EMP189,TL-029,C
M8264,MA1A**********264,WO11264,Hatch Z,GA-2,STN-03,2026-03-02 08:20,ENG-1433,SUP-142,EMP225,TL-023,B
M8265,MA1A**********265,WO11265,Sedan X,GA-2,Stn-03,2026-03-02 08:21,ENG-1134,SUP-026,EMP110,TL-087,B
M8266,MA1A**********266,WO11266,SUV Pro,GA-1,STN-03,2026-03-02 08:70,ENG-1479,SUP-054,EMP256,TL-059,B
M8267,MA1A**********267,WO11267,SUV Pro,PAINT-1, stn-05 ,2026-03-02 08:23,ENG-1087,SUP-135,EMP322,TL-092,A
M8268,MA1A**********268,WO11268,Sedan X,GA-2,STN-02,2026-03-02 08:25,ENG-1406,SUP-049,EMP198,TL-069,
M8269,MA1A**********269,WO11269,Hatch Z,PAINT-1,STN-03,2026-03-02 08:26,ENG-1306,SUP-110,EMP225,TL-006,B
M8270,MA1A**********270,WO11270,Hatch Z,PAINT-1,Stn-03,2026-03-02 08:27,ENG-1076,SUP-084,EMP226,TL-007,C
M8271,MA1A**********271,WO11271,Sedan X,TRIM-1,STN-02,2026-03-02 08:28,ENG-1372,SUP-021,EMP340,TL-085,A
M8272,MA1A**********272,WO11272,Sedan X,TRIM-1,Stn-03,2026-03-02 08:30,ENG-1451,SUP-166,EMP360,TL-048,
M8273,MA1A**********273,WO11273,Hatch Z,TRIM-1,STN-02,2026-03-02 08:31,ENG-1164,SUP-183,EMP291,TL-068,
M8274,MA1A**********274,WO11274,Hatch Z,TRIM-1,STN-04,2026-03-02 08:32,ENG-1137,SUP-149,EMP305,TL-082,A
M8275,MA1A**********275,WO11275,Sedan X,GA-2,STN-02,2026-03-02 08:33,ENG-1231,SUP-061,EMP302,TL-028,C
M8276,MA1A**********276,WO11276,SUV Pro,TRIM-1,STN-05,2026-03-02 08:35,ENG-1080,SUP-096,EMP230,TL-071,A
M8277,MA1A**********277,WO11277,Sedan X,GA-1,STN-03,2026-03-02 08:36,ENG-1227,SUP-133,EMP280,TL-030,A
M8278,MA1A**********278,WO11278,SUV Pro,PAINT-1,STN-04,2026-03-02 08:37,ENG-1230,SUP-120,EMP321,TL-053,C
M8279,MA1A**********279,WO11279,SUV Pro,PAINT-1,STN-03,2026-03-02 08:38,ENG-1195,SUP-007,EMP191,TL-057,B
M8280,MA1A**********280,WO11280,SUV Pro,GA-1,STN-03,2026-03-02 08:40,ENG-1461,SUP-022,EMP250,TL-065,A
M8281,MA1A**********281,WO11281,SUV Pro,GA-2,STN-01,2026-03-02 08:41,ENG-1060,SUP-019,EMP284,TL-005,B
M8282,MA1A**********282,WO11282,SUV Pro,GA-2, stn-05 ,2026-03-02 08:42,ENG-1168,SUP-065,EMP254,TL-096,C
M8283,MA1A**********283,WO11283,Sedan X,GA-2,Stn-03,2026-03-02 08:43,ENG-1385,SUP-184,EMP378,TL-034,A
M8284,MA1A**********284,WO11284,SUV Pro,PAINT-1,Stn-03,2026-03-02 08:45,ENG-1177,SUP-104,EMP307,TL-075,A
M8285,MA1A**********285,WO11285,SUV Pro,GA-2,Stn-03,2026-03-02 08:46,ENG-1203,SUP-059,EMP216,TL-093,B
M8286,MA1A**********286,WO11286,SUV Pro,GA-2,STN-05,2026-03-02 08:47,ENG-1300,SUP-142,EMP339,TL-093,
M8287,MA1A**********287,WO11287,SUV Pro,GA-1,STN-03,2026-03-02 08:48,ENG-1433,SUP-049,EMP319,TL-099,
M8288,MA1A**********288,WO11288,Sedan X,TRIM-1,STN-04,2026-03-02 08:50,ENG-1436,SUP-143,EMP115,TL-048,B
M8289,MA1A**********289,WO11289,Hatch Z,GA-2,STN-03,2026-03-02 08:51,ENG-1482,SUP-189,EMP104,TL-064,C
M8290,MA1A**********290,WO11290,SUV Pro,GA-2,STN-04,2026-03-02 08:52,ENG-1217,SUP-176,EMP306,TL-098,C
M8291,MA1A**********291,WO11291,SUV Pro,GA-1,STN-05,2026-03-02 08:53,ENG-1402,SUP-009,EMP171,TL-020,C
M8292,MA1A**********292,WO11292,Hatch Z,TRIM-1,STN-04,2026-03-02 08:55,ENG-1104,SUP-101,EMP132,TL-069,
M8293,MA1A**********293,WO11293,Sedan X,TRIM-1,STN-01,2026-03-02 08:56,ENG-1168,SUP-146,EMP331,TL-082,C
M8294,MA1A**********294,WO11294,Sedan X,GA-2,STN-01,2026-03-02 08:57,ENG-1345,SUP-142,EMP190,TL-005,
M8295,MA1A**********295,WO11295,Sedan X,GA-2,STN-02,2026-03-02 08:58,ENG-1035,SUP-099,EMP245,TL-027,B
M8296,MA1A**********296,WO11296,SUV Pro,GA-1,STN-04,2026-03-02 09:00,ENG-1029,SUP-095,EMP365,TL-002,B
M8297,MA1A**********297,WO11297,SUV Pro,TRIM-1,STN-04,2026-03-02 09:01,ENG-1080,SUP-029,EMP166,TL-069,
M8298,MA1A**********298,WO11298,SUV Pro,GA-1,STN-04,2026-03-02 09:02,ENG-1489,SUP-053,EMP166,TL-027,C
M8299,MA1A**********299,WO11299,SUV Pro,TRIM-1,STN-02,2026-03-02 09:03,ENG-1309,SUP-148,EMP258,TL-076,B
M8300,MA1A**********300,WO11300,Hatch Z,TRIM-1,STN-03,2026-03-02 09:05,ENG-1103,SUP-002,EMP173,TL-058,A
M8301,MA1A**********301,WO11301,SUV Pro,GA-2,STN-05,2026-03-02 09:06,ENG-1168,SUP-146,EMP351,TL-059,
M8302,MA1A**********302,WO11302,Hatch Z,GA-1, stn-05 ,2026-03-02 09:07,ENG-1046,SUP-074,EMP333,TL-045,C
M8303,MA1A**********303,WO11303,SUV Pro,GA-2,STN-04,2026-03-02 09:08,ENG-1127,SUP-046,EMP321,TL-059,
M8304,MA1A**********304,WO11304,Hatch Z,GA-2, stn-05 ,2026-03-02 09:10,ENG-1291,SUP-025,EMP301,TL-090,A
M8305,MA1A**********305,WO11305,Sedan X,GA-2,STN-03,2026-03-02 09:11, eng-1001 ,SUP-161,EMP375,TL-038,A
M8306,MA1A**********306,WO11306,Hatch Z,GA-2,STN-04,2026-03-02 09:12,ENG-1210,SUP-196,EMP383,TL-016,C
M8307,MA1A**********307,WO11307,Sedan X,GA-1,STN-05,2026-03-02 09:13,ENG-1392,SUP-200,EMP266,TL-053,
M8308,MA1A**********308,WO11308,Sedan X,PAINT-1,STN-02,2026-03-02 09:15,ENG-1259,SUP-012,EMP336,TL-004,A
M8309,MA1A**********309,WO11309,Hatch Z,TRIM-1,STN-04,2026-03-02 09:16,ENG-1175,SUP-191,EMP304,TL-025,
M8310,MA1A**********310,WO11310,Sedan X,GA-1,STN-03,2026-03-02 09:17,ENG-1058,SUP-182,EMP169,TL-042,
M8311,MA1A**********311,WO11311,SUV Pro,TRIM-1,STN-01,2026-03-02 09:18,ENG-1042,SUP-141,EMP224,TL-092,
M8312,MA1A**********312,WO11312,Sedan X,TRIM-1,Stn-03,2026-03-02 09:20,ENG-1142,SUP-042,EMP187,TL-003,A
M8313,MA1A**********313,WO11313,Sedan X,PAINT-1,STN-01,2026-03-02 09:21,ENG-1273,SUP-190,EMP300,TL-022,A
M8314,MA1A**********314,WO11314,Hatch Z,GA-1, stn-05 ,2026-03-02 09:22,ENG-1139,SUP-040,EMP325,TL-046,B
M8315,MA1A**********315,WO11315,Sedan X,GA-1, stn-05 ,2026-03-02 09:23,ENG-1272,SUP-056,EMP326,TL-090,A
M8316,MA1A**********316,WO11316,Hatch Z,GA-1,STN-04,2026-03-02 09:25,ENG-1353,SUP-079,EMP327,TL-007,A
M8317,MA1A**********317,WO11317,Sedan X,TRIM-1,Stn-03,2026-03-02 09:26,ENG-1103,SUP-064,EMP291,TL-031,B
M8318,MA1A**********318,WO11318,Sedan X,GA-1,STN-04,2026-03-02 09:27,ENG-1014,SUP-004,EMP272,TL-025,A
M8319,MA1A**********319,WO11319,Sedan X,GA-1,Stn-03,2026-03-02 09:28,ENG-1427,SUP-171,EMP185,TL-093,B
M8320,MA1A**********320,WO11320,Sedan X,TRIM-1,STN-05,2026-03-02 09:30,ENG-1055,SUP-084,EMP265,TL-072,B
M8321,MA1A**********321,WO11321,Hatch Z,GA-2,STN-05,2026-03-02 09:31,ENG-1202,SUP-110,EMP161,TL-030,B
M8322,MA1A**********322,WO11322,Sedan X,PAINT-1,STN-03,2026-03-02 09:32,ENG-1088,SUP-004,EMP305,TL-084,C
M8323,MA1A**********323,WO11323,Sedan X,TRIM-1,STN-02,2026-03-02 09:33,ENG-1234,SUP-057,EMP133,TL-085,C
M8324,MA1A**********324,WO11324,Hatch Z,PAINT-1,STN-01,2026-03-02 09:35,ENG-1034,SUP-056,EMP310,TL-039,
M8325,MA1A**********325,WO11325,Sedan X,GA-2,STN-03,2026-03-02 09:36,ENG-1491,SUP-025,EMP266,TL-081,
M8326,MA1A**********326,WO11326,Hatch Z,GA-2,STN-03,2026-03-02 09:37,ENG-1089,SUP-163,EMP262,TL-086,
M8327,MA1A**********327,WO11327,Sedan X,PAINT-1,STN-01,2026-03-02 09:38,ENG-1311,SUP-150,EMP329,TL-049,B
M8328,MA1A**********328,WO11328,Hatch Z,GA-1,STN-02,2026-03-02 09:40,ENG-1010,SUP-158,EMP163,TL-040,B
M8329,MA1A**********329,WO11329,Hatch Z,TRIM-1,Stn-03,2026-03-02 09:41,ENG-1124,SUP-159,EMP140,TL-008,B
M8330,MA1A**********330,WO11330,SUV Pro,TRIM-1,STN-03,2026-03-02 09:42,ENG-1103,SUP-039,EMP292,TL-027,A
M8331,MA1A**********331,WO11331,Sedan X,TRIM-1, stn-05 ,2026-03-02 09:43,ENG-1449,SUP-085,EMP168,TL-036,C
M8332,XX1 **3 4,WO11332,Hatch Z,GA-1,STN-05,2026-03-02 09:45,ENG-1405,,EMP312,TL-083,C
M8333,MA1A**********333,WO11333,Sedan X,GA-2,Stn-03,2026-03-02 09:46,ENG-1375,SUP-085,EMP275,TL-032,B
M8334,MA1A**********334,WO11334,Hatch Z,GA-1, stn-05 ,2026-03-02 09:47,ENG-1127,SUP-176,EMP213,TL-078,
M8335,MA1A**********335,WO11335,Hatch Z,PAINT-1,STN-02,2026-03-02 09:48,ENG-1226,SUP-162,EMP103,TL-009,
M8336,MA1A**********336,WO11336,Sedan X,GA-2,STN-01,2026-03-02 09:50,ENG-1324,SUP-037,EMP204,TL-017,A
M8337,MA1A**********337,WO11337,Sedan X,GA-2,STN-02,2026-03-02 09:51,ENG-1259,SUP-021,EMP318,TL-093,
M8338,MA1A**********338,WO11338,SUV Pro,GA-2, stn-05 ,2026-03-02 09:52,ENG-1101,SUP-063,EMP317,TL-023,B
M8339,MA1A**********339,WO11339,SUV Pro,PAINT-1,STN-05,2026-03-02 09:53,ENG-1229,SUP-163,EMP203,TL-035,
M8340,MA1A**********340,WO11340,Sedan X,PAINT-1,STN-04,2026-03-02 09:55,ENG-1193,SUP-043,EMP341,TL-057,
M8341,MA1A**********341,WO11341,Hatch Z,TRIM-1,Stn-03,2026-03-02 09:56,ENG-1079,SUP-124,EMP110,TL-098,
M8342,MA1A**********342,WO11342,SUV Pro,GA-1,Stn-03,2026-03-02 09:57,ENG-1464,SUP-077,EMP375,TL-020,B
M8343,MA1A**********343,WO11343,SUV Pro,TRIM-1,STN-04,2026-03-02 09:58,ENG-1156,SUP-117,EMP245,TL-049,
M8344,MA1A**********344,WO11344,Sedan X,PAINT-1,STN-02,2026-03-02 10:00,ENG-1366,SUP-121,EMP200,TL-020,B
M8345,MA1A**********345,WO11345,Sedan X,GA-1,Stn-03,2026-03-02 10:01,ENG-1256,SUP-187,EMP291,TL-063,
M8346,MA1A**********346,WO11346,SUV Pro,TRIM-1, stn-05 ,2026-03-02 10:02,ENG-1191,SUP-099,EMP350,TL-040,A
M8347,MA1A**********347,WO11347,SUV Pro,GA-1,STN-01,2026-03-02 10:03,ENG-1197,SUP-145,EMP183,TL-025,
M8348,MA1A**********348,WO11348,SUV Pro,PAINT-1,STN-05,2026-03-02 10:05,ENG-1363,SUP-126,EMP288,TL-090,A
M8349,MA1A**********349,WO11349,Hatch Z,TRIM-1,STN-04,2026-03-02 10:06,ENG-1376,SUP-064,EMP224,TL-062,A
M8350,MA1A**********350,WO11350,SUV Pro,GA-1, stn-05 ,2026-03-02 10:07,ENG-1340,SUP-166,EMP175,TL-034,
M8351,MA1A**********351,WO11351,Hatch Z,GA-2,STN-03,2026-03-02 10:08,ENG-1126,SUP-155,EMP396,TL-085,B
M8352,MA1A**********352,WO11352,Sedan X,GA-1,Stn-03,2026-03-02 10:10,ENG-1047,SUP-165,EMP296,TL-051,A
M8353,MA1A**********353,WO11353,Hatch Z,GA-2,STN-04,2026-03-02 10:11,ENG-1084,SUP-110,EMP229,TL-089,C
M8354,MA1A**********354,WO11354,Hatch Z,TRIM-1,STN-05,2026-03-02 10:12,ENG-1157,SUP-188,EMP310,TL-097,A
M8355,MA1A**********355,WO11355,Sedan X,PAINT-1,Stn-03,2026-03-02 10:13,ENG-1073,SUP-069,EMP207,TL-096,
M8356,MA1A**********356,WO11356,Hatch Z,PAINT-1,STN-01,2026-03-02 10:15,ENG-1086,SUP-126,EMP100,TL-013,A
M8357,MA1A**********357,WO11357,Hatch Z,TRIM-1,STN-05,2026-03-02 10:16,ENG-1213,SUP-168,EMP247,TL-094,
M8358,MA1A**********358,WO11358,Sedan X,GA-2,STN-03,2026-03-02 10:17,ENG-1095,SUP-181,EMP168,TL-026,
M8359,MA1A**********359,WO11359,Sedan X,GA-1,STN-04,2026-03-02 10:18,ENG-1290,SUP-055,EMP195,TL-026,A
M8360,MA1A**********360,WO11360,Hatch Z,GA-2,Stn-03,2026-03-02 10:20,ENG-1388,SUP-050,EMP232,TL-053,
M8361,MA1A**********361,WO11361,Hatch Z,GA-1,Stn-03,2026-03-02 10:21,ENG-1325,SUP-043,EMP140,TL-038,A
M8362,MA1A**********362,WO11362,SUV Pro,GA-1,STN-03,2026-03-02 10:22,ENG-1032,SUP-088,EMP115,TL-075,B
M8363,MA1A**********363,WO11363,SUV Pro,TRIM-1, stn-05 ,2026-03-02 10:23,ENG-1389,SUP-026,EMP104,TL-008,C
M8364,MA1A**********364,WO11364,Sedan X,GA-1,STN-01,2026-03-02 10:25,ENG-1108,SUP-134,EMP103,TL-049,C
M8365,MA1A**********365,WO11365,SUV Pro,TRIM-1,Stn-03,2026-03-02 10:26,ENG-1172,SUP-155,EMP319,TL-044,C
M8366,MA1A**********366,WO11366,Hatch Z,PAINT-1,STN-03,2026-03-02 10:27,ENG-1418,SUP-062,EMP284,TL-086,
M8367,MA1A**********367,WO11367,SUV Pro,GA-1,STN-03,2026-03-02 10:28,ENG-1447,SUP-085,EMP151,TL-001,
M8368,MA1A**********368,WO11368,Hatch Z,TRIM-1, stn-05 ,2026-03-02 10:30,ENG-1427,SUP-036,EMP113,TL-078,A
M8369,MA1A**********369,WO11369,Hatch Z,PAINT-1, stn-05 ,2026-03-02 10:31,ENG-1384,SUP-064,EMP288,TL-058,
M8370,MA1A**********370,WO11370,Hatch Z,TRIM-1, stn-05 ,2026-03-02 10:32,ENG-1096,SUP-001,EMP264,TL-003,C
M8371,MA1A**********371,WO11371,Sedan X,PAINT-1, stn-05 ,2026-03-02 10:33,ENG-1227,SUP-060,EMP348,TL-052,A
M8372,MA1A**********372,WO11372,SUV Pro,TRIM-1,STN-04,2026-03-02 10:35,ENG-1337,SUP-180,EMP151,TL-094,
M8373,MA1A**********373,WO11373,SUV Pro,GA-2, stn-05 ,2026-03-02 10:36,ENG-1073,SUP-134,EMP392,TL-999,A
M8374,MA1A**********374,WO11374,Sedan X,TRIM-1,Stn-03,2026-03-02 10:37,ENG-1044,SUP-078,EMP380,TL-060,B
M8375,MA1A**********375,WO11375,SUV Pro,GA-1,STN-04,2026-03-02 10:38,ENG-1339,SUP-139,EMP223,TL-032,B
M8376,MA1A**********376,WO11376,Sedan X,GA-1,STN-01,2026-03-02 10:40,ENG-1222,SUP-184,EMP114,TL-021,C
M8377,MA1A**********377,WO11377,SUV Pro,PAINT-1,STN-02,2026-03-02 10:41,ENG-1368,SUP-066,EMP343,TL-086,A
M8378,MA1A**********378,WO11378,Hatch Z,GA-2,STN-05,2026-03-02 10:42,ENG-1324,SUP-186,EMP351,TL-012,C
M8379,MA1A**********379,WO11379,Sedan X,GA-1, stn-05 ,2026-03-02 10:43,ENG-1175,SUP-097,EMP295,TL-084,
M8380,MA1A**********380,WO11380,Sedan X,GA-2,STN-03,2026-03-02 10:45,ENG-1059,SUP-075,EMP144,TL-015,A
M8381,MA1A**********381,WO11381,SUV Pro,GA-2, stn-05 ,2026-03-02 10:46,ENG-1482,SUP-030,EMP393,TL-048,B
M8382,MA1A**********382,WO11382,SUV Pro,TRIM-1,STN-05,2026-03-02 10:47,ENG-1377,SUP-001,EMP259,TL-008,B
M8383,MA1A**********383,WO11383,SUV Pro,TRIM-1,STN-03,2026-03-02 10:48,ENG-1394,SUP-094,EMP164,TL-067,B
M8384,MA1A**********384,WO11384,Sedan X,TRIM-1,STN-01,2026/03/02 10:50,ENG-1275,SUP-118,EMP261,TL-019,C
M8385,MA1A**********385,WO11385,Sedan X,TRIM-1, stn-05 ,2026-03-02 10:51,ENG-1233,SUP-038,EMP245,TL-019,A
M8386,MA1A**********386,WO11386,Hatch Z,PAINT-1,STN-03,2026-03-02 10:52,ENG-1257,SUP-177,EMP163,TL-036,
M8387,MA1A**********387,WO11387,Hatch Z,GA-2,STN-04,2026-03-02 10:53,ENG-1149,SUP-181,EMP292,TL-008,C
M8388,MA1A**********388,WO11388,Sedan X,GA-2,Stn-03,2026-03-02 10:55,ENG-1375,SUP-058,EMP126,TL-100,B
M8389,MA1A**********389,WO11389,SUV Pro,TRIM-1,STN-03,2026-03-02 10:56,ENG-1417,SUP-169,EMP181,TL-003,
M8390,MA1A**********390,WO11390,SUV Pro,TRIM-1, stn-05 ,2026-03-02 10:57,ENG-1242,SUP-090,EMP300,TL-051,A
M8391,MA1A**********391,WO11391,Hatch Z,PAINT-1,STN-03,2026-03-02 10:58,ENG-1356,SUP-050,EMP380,TL-051,A
M8392,MA1A**********392,WO11392,Sedan X,PAINT-1,Stn-03,2026-03-02 11:00,ENG-1405,SUP-149,EMP127,TL-091,C
M8393,MA1A**********393,WO11393,SUV Pro,GA-2,STN-05,2026-03-02 11:01,ENG-1070,SUP-114,EMP347,TL-038,B
M8394,MA1A**********394,WO11394,Sedan X,GA-2,Stn-03,2026-03-02 11:02,ENG-1383,SUP-051,EMP104,TL-047,A
M8395,MA1A**********395,WO11395,Hatch Z,GA-2,STN-04,2026-03-02 11:03,ENG-1486,SUP-110,EMP186,TL-008,A
M8396,MA1A**********396,WO11396,SUV Pro,TRIM-1,STN-02,2026-03-02 11:05,ENG-1483,SUP-014,EMP160,TL-066,C
M8397,MA1A**********397,WO11397,Hatch Z,TRIM-1,STN-02,2026-03-02 11:06,ENG-1321,SUP-185,EMP306,TL-032,A
M8398,MA1A**********398,WO11398,Sedan X,GA-2,STN-04,2026-03-02 11:07,ENG-1250,SUP-078,EMP188,TL-084,
M8399,MA1A**********399,WO11399,Hatch Z,GA-1,Stn-03,2026-03-02 11:08,ENG-1237,SUP-167,EMP295,TL-036,
M8400,MA1A**********400,WO11400,SUV Pro,GA-1,STN-01,2026-03-02 11:10,ENG-1059,SUP-022,EMP162,TL-063,B
M8401,MA1A**********401,WO11401,Sedan X,TRIM-1,STN-03,2026-03-02 11:11,ENG-1355,SUP-191,EMP148,TL-076,B
M8402,MA1A**********402,WO11402,SUV Pro,TRIM-1, stn-05 ,2026-03-02 11:12,ENG-1359,SUP-112,EMP252,TL-074,B
M8403,MA1A**********403,WO11403,Sedan X,PAINT-1,STN-01,2026-03-02 11:13,ENG-1365,SUP-138,EMP194,TL-052,A
M8404,MA1A**********404,WO11404,SUV Pro,TRIM-1,STN-01,2026-03-02 11:15,ENG-1265,SUP-150,EMP375,TL-092,A
M8405,MA1A**********405,WO11405,Sedan X,GA-1,STN-02,2026-03-02 11:16,ENG-1441,SUP-154,EMP192,TL-001,
M8406,MA1A**********406,WO11406,SUV Pro,GA-1,STN-01,2026-03-02 11:17,ENG-1065,SUP-148,EMP205,TL-084,B
M8407,MA1A**********407,WO11407,Sedan X,PAINT-1,Stn-03,2026-03-02 11:18,ENG-1385,SUP-009,EMP143,TL-016,C
M8408,MA1A**********408,WO11408,SUV Pro,GA-2,STN-04,2026-03-02 11:20,ENG-1483,SUP-169,EMP100,TL-032,C
M8409,MA1A**********409,WO11409,Sedan X,PAINT-1, stn-05 ,2026-03-02 11:21,ENG-1273,SUP-114,EMP171,TL-074,
M8410,MA1A**********410,WO11410,Hatch Z,PAINT-1,STN-05,2026-03-02 11:22,ENG-1466,SUP-091,EMP375,TL-066,B
M8411,MA1A**********411,WO11411,Hatch Z,GA-1, stn-05 ,2026-03-02 11:23,ENG-1419,SUP-012,EMP221,TL-005,B
M8412,MA1A**********412,WO11412,Sedan X,PAINT-1,Stn-03,2026-03-02 11:25,ENG-1426,SUP-056,EMP168,TL-078,B
M8413,MA1A**********413,WO11413,Hatch Z,PAINT-1,STN-03,2026-03-02 11:26,ENG-1065,SUP-187,EMP316,TL-010,C
M8414,MA1A**********414,WO11414,SUV Pro,TRIM-1, stn-05 ,2026-03-02 11:27,ENG-1462,SUP-042,EMP304,TL-059,A
M8415,MA1A**********415,WO11415,SUV Pro,TRIM-1, stn-05 ,2026-03-02 11:28,ENG-1073,SUP-138,EMP204,TL-010,C
M8416,MA1A**********416,WO11416,Hatch Z,GA-2, stn-05 ,2026-03-02 11:30,ENG-1190,SUP-145,EMP361,TL-078,B
M8417,MA1A**********417,WO11417,SUV Pro,GA-2,STN-03,2026-03-02 11:31,ENG-1403,SUP-112,EMP294,TL-004,B
M8418,MA1A**********418,WO11418,Sedan X,PAINT-1,STN-01,2026-03-02 11:32,ENG-1272,SUP-029,EMP380,TL-053,A
M8419,MA1A**********419,WO11419,SUV Pro,GA-1,STN-03,2026-03-02 11:33,ENG-1465,SUP-086,EMP239,TL-019,B
M8420,MA1A**********420,WO11420,SUV Pro,GA-1,STN-01,2026-03-02 11:35,ENG-1193,SUP-057,EMP293,TL-014,A
M8421,MA1A**********421,WO11421,Sedan X,PAINT-1,STN-05,2026-03-02 11:36,ENG-1420,SUP-126,EMP148,TL-068,C
M8422,MA1A**********422,WO11422,Hatch Z,PAINT-1,STN-05,2026-03-02 11:37,ENG-1138,SUP-156,EMP150,TL-007,B
M8423,MA1A**********423,WO11423,SUV Pro,TRIM-1,STN-02,2026-03-02 11:38,ENG-1176,SUP-190,EMP372,TL-071,
M8424,MA1A**********424,WO11424,SUV Pro,GA-2,STN-03,2026-03-02 11:40,ENG-1004,SUP-176,EMP362,TL-092,B
M8425,MA1A**********425,WO11425,Hatch Z,GA-2,STN-02,2026-03-02 11:41,ENG-1193,SUP-146,EMP236,TL-007,C
M8426,MA1A**********426,WO11426,Hatch Z,GA-2, stn-05 ,2026-03-02 11:42,ENG-1311,SUP-108,EMP334,TL-024,
M8427,MA1A**********427,WO11427,SUV Pro,TRIM-1,STN-05,2026-03-02 11:43,ENG-1146,SUP-071,EMP319,TL-067,B
M8428,MA1A**********428,WO11428,SUV Pro,GA-1,STN-03,2026-03-02 11:45,ENG-1208,SUP-198,EMP260,TL-012,A
M8429,MA1A**********429,WO11429,Sedan X,GA-2,STN-01,2026-03-02 11:46,ENG-1084,SUP-148,EMP129,TL-011,C
M8430,MA1A**********430,WO11430,Hatch Z,TRIM-1,Stn-03,2026-03-02 11:47,ENG-1447,SUP-003,EMP317,TL-087,B
M8431,MA1A**********431,WO11431,SUV Pro,TRIM-1,STN-05,2026-03-02 11:48,ENG-1350,SUP-174,EMP372,TL-090,A
M8432,MA1A**********432,WO11432,SUV Pro,GA-1,STN-05,2026-03-02 11:50,ENG-1097,SUP-191,EMP103,TL-092,
M8433,MA1A**********433,WO11433,Hatch Z,PAINT-1,STN-02,2026-03-02 11:51,ENG-1378,SUP-170,EMP370,TL-088,A
M8434,MA1A**********434,WO11434,Hatch Z,TRIM-1,STN-02,2026-03-02 11:52,ENG-1345,SUP-196,EMP368,TL-029,B
M8435,MA1A**********435,WO11435,Sedan X,PAINT-1,Stn-03,2026-03-02 11:53,ENG-1068,SUP-132,EMP280,TL-007,
M8436,MA1A**********436,WO11436,SUV Pro,TRIM-1,STN-02,2026-03-02 11:55,ENG-1191,SUP-029,EMP273,TL-087,B
M8437,MA1A**********437,WO11437,Hatch Z,GA-1,STN-03,2026-03-02 11:56,ENG-1153,SUP-124,EMP250,TL-034,B
M8438,MA1A**********438,WO11438,Sedan X,TRIM-1,STN-02,2026-03-02 11:57,ENG-1472,SUP-079,EMP363,TL-005,
M8439,MA1A**********439,WO11439,Hatch Z,TRIM-1,STN-01,2026-03-02 11:58,ENG-1182,SUP-002,EMP335,TL-043,C
M8440,MA1A**********440,WO11440,SUV Pro,GA-1,STN-01,2026-03-02 12:00,ENG-1179,SUP-185,EMP195,TL-052,C
M8441,MA1A**********441,WO11441,Sedan X,GA-1,STN-04,2026-03-02 12:01,ENG-1251,SUP-051,EMP143,TL-068,B
M8442,MA1A**********442,WO11442,SUV Pro,GA-1,STN-04,2026-03-02 12:02,ENG-1003,SUP-040,EMP228,TL-029,
M8443,MA1A**********443,WO11443,SUV Pro,PAINT-1,STN-03,2026-03-02 12:03,ENG-1186,SUP-110,EMP193,TL-069,C
M8444,MA1A**********444,WO11444,Sedan X,TRIM-1, stn-05 ,2026-03-02 12:05,ENG-1429,SUP-113,EMP182,TL-018,C
M8445,MA1A**********445,WO11445,Hatch Z,TRIM-1,STN-01,2026-03-02 12:06,ENG-1183,SUP-182,EMP201,TL-015,B
M8446,MA1A**********446,WO11446,SUV Pro,GA-1,STN-02,2026-03-02 12:07,ENG-1202,SUP-108,EMP269,TL-005,B
M8447,MA1A**********447,WO11447,Hatch Z,GA-2,STN-04,2026-03-02 12:08,ENG-1491,SUP-171,EMP236,TL-016,
M8448,MA1A**********448,WO11448,SUV Pro,TRIM-1,Stn-03,2026-03-02 12:10,ENG-1349,SUP-183,EMP165,TL-042,
M8449,MA1A**********449,WO11449,Hatch Z,TRIM-1,STN-02,2026-03-02 12:11,ENG-1056,SUP-028,EMP110,TL-017,B
M8450,MA1A**********450,WO11450,SUV Pro,GA-1,Stn-03,2026-03-02 12:12, eng-1001 ,SUP-176,EMP221,TL-007,C
M8451,MA1A**********451,WO11451,SUV Pro,GA-1,STN-04,2026-03-02 12:13,ENG-1245,SUP-075,EMP244,TL-063,A
M8452,MA1A**********452,WO11452,SUV Pro,GA-2,STN-05,2026-03-02 12:15,ENG-1078,SUP-187,EMP361,TL-024,B
M8453,MA1A**********453,WO11453,SUV Pro,GA-1,Stn-03,2026-03-02 12:16,ENG-1134,SUP-180,EMP226,TL-086,
M8454,MA1A**********454,WO11454,Sedan X,TRIM-1, stn-05 ,2026-03-02 12:17,ENG-1400,SUP-027,EMP357,TL-079,B
M8455,MA1A**********455,WO11455,Sedan X,GA-2,STN-02,2026-03-02 12:18,ENG-1061,SUP-034,EMP305,TL-005,C
M8456,MA1A**********456,WO11456,Sedan X,GA-2,STN-04,2026-03-02 12:20,ENG-1009,SUP-158,EMP202,TL-012,A
M8457,MA1A**********457,WO11457,SUV Pro,TRIM-1,STN-05,2026-03-02 12:21,ENG-1156,SUP-180,EMP218,TL-029,C
M8458,MA1A**********458,WO11458,SUV Pro,TRIM-1,STN-01,2026-03-02 12:22,ENG-1261,SUP-110,EMP126,TL-039,A
M8459,MA1A**********459,WO11459,SUV Pro,PAINT-1,STN-03,2026-03-02 12:23,ENG-1482,SUP-090,EMP314,TL-032,C
M8460,MA1A**********460,WO11460,Sedan X,GA-2,STN-01,2026-03-02 12:25,ENG-1000,SUP-014,EMP264,TL-028,C
M8461,MA1A**********461,WO11461,SUV Pro,PAINT-1,STN-05,2026-03-02 12:26,ENG-1051,SUP-111,EMP194,TL-033,
M8462,MA1A**********462,WO11462,SUV Pro,PAINT-1,STN-03,2026-03-02 12:27,ENG-1057,SUP-025,EMP106,TL-088,B
M8463,MA1A**********463,WO11463,SUV Pro,PAINT-1, stn-05 ,2026-03-02 12:28,ENG-1414,SUP-093,EMP370,TL-078,C
M8464,MA1A**********464,WO11464,Sedan X,PAINT-1,STN-02,2026-03-02 12:30,ENG-1299,SUP-099,EMP144,TL-014,B
M8465,MA1A**********465,WO11465,Hatch Z,GA-1,STN-01,2026-03-02 12:31,ENG-1300,SUP-168,EMP197,TL-025,
M8466,MA1A**********466,WO11466,Sedan X,GA-1,STN-05,2026-03-02 12:32,ENG-1316,SUP-088,EMP254,TL-093,
M8467,MA1A**********467,WO11467,Sedan X,GA-2,STN-01,2026-03-02 12:33,ENG-1065,SUP-050,EMP314,TL-071,C
M8468,MA1A**********468,WO11468,Hatch Z,PAINT-1,STN-03,2026-03-02 12:35,ENG-1229,SUP-162,EMP160,TL-056,A
M8469,MA1A**********469,WO11469,SUV Pro,TRIM-1,STN-05,2026-03-02 12:36,ENG-1476,SUP-129,EMP111,TL-022,C
M8470,MA1A**********470,WO11470,Hatch Z,GA-2,STN-03,2026-03-02 12:37,ENG-1023,SUP-145,EMP131,TL-089,B
M8471,MA1A**********471,WO11471,Hatch Z,TRIM-1,STN-04,2026-03-02 12:38,ENG-1350,SUP-137,EMP362,TL-010,B
M8472,MA1A**********472,WO11472,SUV Pro,TRIM-1,STN-05,2026-03-02 12:40,ENG-1399,SUP-100,EMP305,TL-078,C
M8473,MA1A**********473,WO11473,Sedan X,GA-2,STN-01,2026-03-02 12:41,ENG-1081,SUP-147,EMP211,TL-076,A
M8474,MA1A**********474,WO11474,Hatch Z,TRIM-1,STN-05,2026-03-02 12:42,ENG-1362,SUP-185,EMP368,TL-034,C
M8475,MA1A**********475,WO11475,Sedan X,PAINT-1, stn-05 ,2026-03-02 12:43,ENG-1137,SUP-142,EMP160,TL-022,B
M8476,MA1A**********476,WO11476,Sedan X,GA-2,STN-03,2026-03-02 12:45,ENG-1020,SUP-164,EMP175,TL-036,B
M8477,MA1A**********477,WO11477,SUV Pro,GA-1, stn-05 ,2026-03-02 12:70,ENG-1127,SUP-054,EMP373,TL-015,A
M8478,MA1A**********478,WO11478,Hatch Z,PAINT-1, stn-05 ,2026-03-02 12:47,ENG-1309,SUP-095,EMP266,TL-011,C
M8479,MA1A**********479,WO11479,Hatch Z,GA-2,STN-04,2026-03-02 12:48,ENG-1459,SUP-157,EMP250,TL-042,A
M8480,MA1A**********480,WO11480,Hatch Z,GA-1,Stn-03,2026-03-02 12:50,ENG-1182,SUP-057,EMP243,TL-023,C
M8481,MA1A**********481,WO11481,Sedan X,GA-1, stn-05 ,2026-03-02 12:51,ENG-1381,SUP-177,EMP295,TL-084,C
M8482,MA1A**********482,WO11482,Hatch Z,GA-2,Stn-03,2026-03-02 12:52,ENG-1226,SUP-057,EMP266,TL-035,B
M8483,MA1A**********483,WO11483,Hatch Z,TRIM-1,STN-02,2026-03-02 12:53,ENG-1228,SUP-060,EMP322,TL-048,B
M8484,MA1A**********484,WO11484,SUV Pro,GA-1,STN-04,2026-03-02 12:55,ENG-1092,SUP-118,EMP194,TL-023,B
M8485,MA1A**********485,WO11485,Hatch Z,TRIM-1, stn-05 ,2026-03-02 12:56,ENG-1092,SUP-166,EMP244,TL-003,C
M8486,MA1A**********486,WO11486,Sedan X,GA-2,Stn-03,2026-03-02 12:57,ENG-1201,SUP-176,EMP196,TL-009,B
M8487,MA1A**********487,WO11487,Sedan X,TRIM-1,STN-02,2026-03-02 12:58,ENG-1232,SUP-166,EMP306,TL-013,B
M8488,MA1A**********488,WO11488,Hatch Z,GA-1,STN-05,2026-03-02 13:00,ENG-1051,SUP-097,EMP296,TL-003,A
M8489,MA1A**********489,WO11489,Sedan X,GA-1,STN-02,2026-03-02 13:01,ENG-1127,SUP-198,EMP142,TL-035,B
M8490,MA1A**********490,WO11490,Hatch Z,GA-1,Stn-03,2026-03-02 13:02,ENG-1494,SUP-003,EMP154,TL-070,C
M8491,MA1A**********491,WO11491,Hatch Z,GA-1,STN-02,2026-03-02 13:03,ENG-1071,SUP-123,EMP388,TL-057,B
M8492,MA1A**********492,WO11492,SUV Pro,PAINT-1,STN-04,2026-03-02 13:05,ENG-1079,SUP-063,EMP128,TL-070,C
M8493,MA1A**********493,WO11493,Hatch Z,GA-1,STN-01,2026-03-02 13:06,ENG-1422,SUP-012,EMP152,TL-070,C
M8494,MA1A**********494,WO11494,Sedan X,TRIM-1,STN-02,2026-03-02 13:07,ENG-1000,SUP-058,EMP112,TL-030,
M8495,MA1A**********495,WO11495,SUV Pro,GA-2,STN-03,2026-03-02 13:08,ENG-1335,SUP-074,EMP215,TL-088,
M8496,MA1A**********496,WO11496,Hatch Z,GA-1,STN-04,2026-03-02 13:10,ENG-1086,SUP-029,EMP214,TL-014,C
M8497,MA1A**********497,WO11497,SUV Pro,GA-1,STN-05,2026-03-02 13:11,ENG-1170,SUP-031,EMP284,TL-011,A
M8498,MA1A**********498,WO11498,Hatch Z,GA-2,STN-02,2026-03-02 13:12,ENG-1219,SUP-136,EMP271,TL-077,B
M8499,MA1A**********499,WO11499,Hatch Z,TRIM-1,STN-02,2026-03-02 13:13,ENG-1457,SUP-171,EMP254,TL-080,C
M8500,MA1A**********500,WO11500,SUV Pro,GA-1,STN-03,2026-03-02 13:15,ENG-1469,SUP-128,EMP288,TL-034,A
M8501,MA1A**********501,WO11501,Sedan X,GA-2,Stn-03,2026-03-02 13:16,ENG-1335,SUP-038,EMP263,TL-019,
M8502,MA1A**********502,WO11502,SUV Pro,TRIM-1,Stn-03,2026-03-02 13:17,ENG-1034,SUP-029,EMP395,TL-055,C
M8503,MA1A**********503,WO11503,Sedan X,GA-1,STN-03,2026-03-02 13:18,ENG-1065,SUP-047,EMP297,TL-046,C
M8504,MA1A**********504,WO11504,SUV Pro,TRIM-1,STN-04,2026-03-02 13:20,ENG-1355,SUP-106,EMP270,TL-018,B
M8505,MA1A**********505,WO11505,SUV Pro,TRIM-1,STN-05,2026-03-02 13:21,ENG-1254,SUP-138,EMP373,TL-064,B
M8506,MA1A**********506,WO11506,SUV Pro,GA-1,STN-05,2026-03-02 13:22,ENG-1366,SUP-108,EMP369,TL-074,B
M8507,MA1A**********507,WO11507,Hatch Z,GA-1,STN-02,2026-03-02 13:23,ENG-1185,SUP-001,EMP204,TL-003,C
M8508,MA1A**********508,WO11508,Hatch Z,TRIM-1,STN-02,2026-03-02 13:25,ENG-1471,SUP-029,EMP130,TL-045,C
M8509,MA1A**********509,WO11509,Sedan X,PAINT-1,STN-04,2026-03-02 13:26,ENG-1073,SUP-142,EMP315,TL-032,B
M8510,MA1A**********510,WO11510,Sedan X,GA-1, stn-05 ,2026-03-02 13:27,ENG-1070,SUP-031,EMP173,TL-049,A
M8511,MA1A**********511,WO11511,Hatch Z,TRIM-1,STN-03,2026-03-02 13:28,ENG-1027,SUP-180,EMP154,TL-085,A
M8512,MA1A**********512,WO11512,SUV Pro,GA-2,STN-01,2026-03-02 13:30,ENG-1075,SUP-094,EMP172,TL-011,B
M8513,MA1A**********513,WO11513,Sedan X,GA-1,STN-05,2026-03-02 13:31,ENG-1425,SUP-107,EMP176,TL-098,B
M8514,MA1A**********514,WO11514,SUV Pro,GA-2, stn-05 ,2026-03-02 13:32,ENG-1270,SUP-179,EMP253,TL-061,
M8515,MA1A**********515,WO11515,Hatch Z,PAINT-1,STN-04,2026-03-02 13:33,ENG-1400,SUP-166,EMP106,TL-037,A
M8516,MA1A**********516,WO11516,Sedan X,GA-1, stn-05 ,2026-03-02 13:35,ENG-1016,SUP-155,EMP188,TL-065,B
M8517,MA1A**********517,WO11517,Sedan X,TRIM-1,Stn-03,2026-03-02 13:36,ENG-1216,SUP-175,EMP332,TL-071,C
M8518,MA1A**********518,WO11518,Hatch Z,PAINT-1, stn-05 ,2026-03-02 13:37,ENG-1116,SUP-109,EMP180,TL-035,A
M8519,MA1A**********519,WO11519,Hatch Z,TRIM-1,STN-02,2026-03-02 13:38,ENG-1380,SUP-055,EMP305,TL-080,A
M8520,MA1A**********520,WO11520,Sedan X,TRIM-1,STN-02,2026-03-02 13:40,ENG-1421,SUP-191,EMP386,TL-078,A
M8521,MA1A**********521,WO11521,Hatch Z,TRIM-1,STN-04,2026-03-02 13:41,ENG-1160,SUP-168,EMP307,TL-049,B
M8522,MA1A**********522,WO11522,Sedan X,PAINT-1, stn-05 ,2026-03-02 13:42,ENG-1217,SUP-050,EMP238,TL-014,A
M8523,MA1A**********523,WO11523,Sedan X,PAINT-1,STN-05,2026-03-02 13:43,ENG-1398,SUP-086,EMP114,TL-031,C
M8524,MA1A**********524,WO11524,Sedan X,GA-1,STN-01,2026-03-02 13:45,ENG-1108,SUP-153,EMP105,TL-097,C
M8525,MA1A**********525,WO11525,Sedan X,GA-2, stn-05 ,2026-03-02 13:46,ENG-1475,SUP-009,EMP223,TL-035,A
M8526,MA1A**********526,WO11526,Hatch Z,GA-1,STN-05,2026-03-02 13:47,ENG-1404,SUP-124,EMP123,TL-007,C
M8527,MA1A**********527,WO11527,Sedan X,PAINT-1,STN-01,2026-03-02 13:48,ENG-1182,SUP-193,EMP244,TL-051,B
M8528,MA1A**********528,WO11528,SUV Pro,TRIM-1, stn-05 ,2026-03-02 13:50,ENG-1182,SUP-034,EMP149,TL-043,
M8529,MA1A**********529,WO11529,Hatch Z,GA-1,STN-05,2026-03-02 13:51,ENG-1413,SUP-199,EMP176,TL-004,
M8530,MA1A**********530,WO11530,SUV Pro,GA-1,STN-03,2026-03-02 13:52,ENG-1082,SUP-039,EMP337,TL-011,A
M8531,MA1A**********531,WO11531,Hatch Z,GA-2,STN-02,2026-03-02 13:53,ENG-1413,SUP-175,EMP172,TL-099,B
M8532,MA1A**********532,WO11532,Hatch Z,PAINT-1,STN-04,2026-03-02 13:55,ENG-1402,SUP-034,EMP273,TL-038,C
M8533,MA1A**********533,WO11533,Hatch Z,TRIM-1,STN-01,2026-03-02 13:56,ENG-1456,SUP-183,EMP298,TL-031,B
M8534,MA1A**********534,WO11534,Hatch Z,GA-1,STN-02,2026-03-02 13:57,ENG-1290,SUP-161,EMP354,TL-013,A
M8535,MA1A**********535,WO11535,Sedan X,PAINT-1,STN-05,2026-03-02 13:58,ENG-1444,SUP-023,EMP355,TL-013,
M8536,MA1A**********536,WO11536,SUV Pro,GA-2,STN-03,2026-03-02 14:00,ENG-1082,SUP-018,EMP243,TL-074,C
M8537,MA1A**********537,WO11537,SUV Pro,GA-1,STN-01,2026-03-02 14:01,ENG-1091,SUP-182,EMP335,TL-034,
M8538,MA1A**********538,WO11538,SUV Pro,TRIM-1, stn-05 ,2026-03-02 14:02,ENG-1473,SUP-036,EMP163,TL-073,
M8539,MA1A**********539,WO11539,Sedan X,PAINT-1,Stn-03,2026-03-02 14:03,ENG-1146,SUP-103,EMP309,TL-080,B
M8540,MA1A**********540,WO11540,SUV Pro,PAINT-1,STN-05,2026-03-02 14:05,ENG-1432,SUP-160,EMP260,TL-048,A
M8541,MA1A**********541,WO11541,Hatch Z,TRIM-1,STN-05,2026-03-02 14:06,ENG-1230,SUP-068,EMP121,TL-080,A
M8542,MA1A**********542,WO11542,Hatch Z,GA-2, stn-05 ,2026-03-02 14:07,ENG-1420,SUP-144,EMP104,TL-020,A
M8543,MA1A**********543,WO11543,SUV Pro,TRIM-1,STN-02,2026-03-02 14:08,ENG-1291,SUP-103,EMP137,TL-029,
M8544,MA1A**********544,WO11544,SUV Pro,GA-1,STN-03,2026-03-02 14:10,ENG-1238,SUP-120,EMP373,TL-060,A
M8545,MA1A**********545,WO11545,Sedan X,GA-2, stn-05 ,2026-03-02 14:11,ENG-1055,SUP-102,EMP321,TL-026,
M8546,MA1A**********546,WO11546,SUV Pro,GA-1,STN-03,2026-03-02 14:12,ENG-1175,SUP-155,EMP348,TL-028,
M8547,MA1A**********547,WO11547,Sedan X,PAINT-1,STN-04,2026-03-02 14:13,ENG-1019,SUP-140,EMP179,TL-061,B
M8548,MA1A**********548,WO11548,Hatch Z,GA-2,STN-03,2026-03-02 14:15,ENG-1290,SUP-009,EMP294,TL-008,C
M8549,MA1A**********549,WO11549,SUV Pro,TRIM-1,STN-02,2026-03-02 14:16,ENG-1027,SUP-055,EMP111,TL-098,
M8550,MA1A**********550,WO11550,SUV Pro,PAINT-1, stn-05 ,2026-03-02 14:17,ENG-1090,SUP-022,EMP172,TL-009,C
M8551,MA1A**********551,WO11551,SUV Pro,GA-1,STN-03,2026-03-02 14:18,ENG-1447,SUP-183,EMP331,TL-054,B
M8552,MA1A**********552,WO11552,Hatch Z,PAINT-1,STN-02,2026-03-02 14:20,ENG-1425,SUP-014,EMP147,TL-055,C
M8553,MA1A**********553,WO11553,SUV Pro,GA-2,STN-02,2026-03-02 14:21,ENG-1178,SUP-108,EMP346,TL-061,B
M8554,MA1A**********554,WO11554,Hatch Z,TRIM-1,STN-03,2026-03-02 14:22,ENG-1467,,EMP392,TL-050,A
M8555,MA1A**********555,WO11555,Hatch Z,GA-2,STN-01,2026-03-02 14:23,ENG-1370,SUP-171,EMP396,TL-079,B
M8556,MA1A**********556,WO11556,SUV Pro,PAINT-1,STN-01,2026-03-02 14:25,ENG-1077,SUP-118,EMP175,TL-064,C
M8557,MA1A**********557,WO11557,Sedan X,TRIM-1,STN-03,2026/03/02 14:26,ENG-1266,SUP-185,EMP101,TL-058,B
M8558,MA1A**********558,WO11558,Hatch Z,TRIM-1, stn-05 ,2026-03-02 14:27,ENG-1496,SUP-149,EMP149,TL-005,B
M8559,MA1A**********559,WO11559,Hatch Z,GA-2,STN-04,2026-03-02 14:28,ENG-1356,SUP-140,EMP185,TL-077,
M8560,MA1A**********560,WO11560,Sedan X,PAINT-1,STN-02,2026-03-02 14:30,ENG-1487,SUP-049,EMP395,TL-002,C
M8561,MA1A**********561,WO11561,SUV Pro,GA-1,STN-03,2026-03-02 14:31,ENG-1459,SUP-079,EMP357,TL-016,
M8562,MA1A**********562,WO11562,Hatch Z,TRIM-1,STN-04,2026-03-02 14:32,ENG-1210,SUP-091,EMP280,TL-070,
M8563,MA1A**********563,WO11563,Hatch Z,PAINT-1,STN-01,2026-03-02 14:33,ENG-1474,SUP-046,EMP334,TL-055,C
M8564,MA1A**********564,WO11564,Sedan X,GA-2,STN-05,2026-03-02 14:35,ENG-1223,SUP-098,EMP245,TL-085,
M8565,MA1A**********565,WO11565,Hatch Z,PAINT-1, stn-05 ,2026-03-02 14:36,ENG-1317,SUP-026,EMP144,TL-014,A
M8566,MA1A**********566,WO11566,Hatch Z,GA-1,STN-05,2026-03-02 14:37,ENG-1477,SUP-106,EMP153,TL-064,A
M8567,MA1A**********567,WO11567,Hatch Z,TRIM-1,STN-05,2026-03-02 14:38,ENG-1297,SUP-009,EMP248,TL-054,B
M8568,MA1A**********568,WO11568,Sedan X,TRIM-1,STN-05,2026-03-02 14:40,ENG-1195,SUP-030,EMP200,TL-061,A
M8569,MA1A**********569,WO11569,SUV Pro,TRIM-1,STN-04,2026-03-02 14:41,ENG-1464,SUP-166,EMP302,TL-001,C
M8570,MA1A**********570,WO11570,Sedan X,PAINT-1,STN-03,2026-03-02 14:42,ENG-1450,SUP-169,EMP235,TL-040,
M8571,MA1A**********571,WO11571,Hatch Z,GA-2,STN-01,2026-03-02 14:43,ENG-1460,SUP-107,EMP116,TL-002,A
M8572,MA1A**********572,WO11572,Sedan X,PAINT-1,Stn-03,2026-03-02 14:45,ENG-1418,SUP-133,EMP262,TL-043,B
M8573,MA1A**********573,WO11573,Hatch Z,TRIM-1,STN-02,2026-03-02 14:46,ENG-1284,SUP-101,EMP198,TL-079,
M8574,MA1A**********574,WO11574,Sedan X,TRIM-1,STN-02,2026-03-02 14:47,ENG-1480,SUP-163,EMP299,TL-094,B
M8575,MA1A**********575,WO11575,SUV Pro,PAINT-1,STN-05,2026-03-02 14:48,ENG-1081,SUP-112,EMP218,TL-013,B
M8576,MA1A**********576,WO11576,Hatch Z,GA-1, stn-05 ,2026-03-02 14:50,ENG-1295,SUP-101,EMP233,TL-071,B
M8577,MA1A**********577,WO11577,SUV Pro,GA-2,STN-01,2026-03-02 14:51,ENG-1047,SUP-007,EMP323,TL-002,B
M8578,MA1A**********578,WO11578,Sedan X,GA-1,STN-05,2026-03-02 14:52,ENG-1195,SUP-007,EMP166,TL-059,C
M8579,MA1A**********579,WO11579,Sedan X,GA-2, stn-05 ,2026-03-02 14:53,ENG-1459,SUP-057,EMP252,TL-025,B
M8580,MA1A**********580,WO11580,Hatch Z,TRIM-1,Stn-03,2026-03-02 14:55,ENG-1133,SUP-169,EMP126,TL-036,A
M8581,MA1A**********581,WO11581,Sedan X,GA-1, stn-05 ,2026-03-02 14:56,ENG-1296,SUP-027,EMP156,TL-059,A
M8582,MA1A**********582,WO11582,Sedan X,GA-2,STN-03,2026-03-02 14:57,ENG-1134,SUP-047,EMP147,TL-010,
M8583,MA1A**********583,WO11583,SUV Pro,GA-2,STN-04,2026-03-02 14:58,ENG-1051,SUP-126,EMP111,TL-053,A
M8584,MA1A**********584,WO11584,SUV Pro,GA-1,STN-02,2026-03-02 15:00,ENG-1351,SUP-108,EMP292,TL-041,
M8585,MA1A**********585,WO11585,Sedan X,GA-2,STN-03,2026-03-02 15:01,ENG-1005,SUP-046,EMP390,TL-081,A
M8586,MA1A**********586,WO11586,Sedan X,PAINT-1,STN-03,2026-03-02 15:02,ENG-1247,SUP-158,EMP379,TL-001,B
M8587,MA1A**********587,WO11587,Hatch Z,PAINT-1,STN-01,2026-03-02 15:03,ENG-1098,SUP-156,EMP115,TL-069,A
M8588,MA1A**********588,WO11588,Hatch Z,GA-2,STN-02,2026-03-02 15:05,ENG-1443,SUP-094,EMP158,TL-028,A
M8589,MA1A**********589,WO11589,SUV Pro,GA-2,STN-02,2026-03-02 15:06,ENG-1042,SUP-187,EMP164,TL-035,C
M8590,MA1A**********590,WO11590,SUV Pro,GA-2,STN-01,2026-03-02 15:07,ENG-1178,SUP-182,EMP382,TL-084,C
M8591,MA1A**********591,WO11591,SUV Pro,TRIM-1,STN-04,2026-03-02 15:08,ENG-1262,SUP-103,EMP198,TL-033,B
M8592,MA1A**********592,WO11592,Sedan X,PAINT-1,STN-04,2026-03-02 15:10,ENG-1052,SUP-150,EMP259,TL-022,B
M8593,MA1A**********593,WO11593,Hatch Z,TRIM-1,STN-04,2026-03-02 15:11,ENG-1452,SUP-115,EMP316,TL-077,C
M8594,MA1A**********594,WO11594,SUV Pro,GA-1,STN-05,2026-03-02 15:12,ENG-1196,SUP-110,EMP202,TL-073,C
M8595,MA1A**********595,WO11595,SUV Pro,GA-1,STN-04,2026-03-02 15:13, eng-1001 ,SUP-043,EMP117,TL-066,C
M8596,MA1A**********596,WO11596,Hatch Z,TRIM-1,STN-03,2026-03-02 15:15,ENG-1309,SUP-166,EMP371,TL-046,
M8597,MA1A**********597,WO11597,Sedan X,GA-1,STN-02,2026-03-02 15:16,ENG-1414,SUP-083,EMP319,TL-024,C
M8598,MA1A**********598,WO11598,Sedan X,GA-1,STN-02,2026-03-02 15:17,ENG-1336,SUP-096,EMP290,TL-019,C
M8599,MA1A**********599,WO11599,Sedan X,GA-1,STN-03,2026-03-02 15:18,ENG-1352,SUP-003,EMP268,TL-028,
M8600,MA1A**********600,WO11600,Hatch Z,PAINT-1,STN-02,2026-03-02 15:20,ENG-1287,SUP-017,EMP297,TL-037,B
M8601,MA1A**********601,WO11601,Hatch Z,GA-2,STN-01,2026-03-02 15:21,ENG-1287,SUP-072,EMP138,TL-074,
M8602,MA1A**********602,WO11602,Hatch Z,TRIM-1,STN-03,2026-03-02 15:22,ENG-1416,SUP-082,EMP201,TL-026,A
M8603,MA1A**********603,WO11603,SUV Pro,TRIM-1,STN-01,2026-03-02 15:23,ENG-1140,SUP-108,EMP161,TL-016,
M8604,MA1A**********604,WO11604,Sedan X,PAINT-1,STN-05,2026-03-02 15:25,ENG-1196,SUP-061,EMP395,TL-003,C
M8605,MA1A**********605,WO11605,Sedan X,GA-1,STN-04,2026-03-02 15:26,ENG-1145,SUP-034,EMP306,TL-005,A
M8606,MA1A**********606,WO11606,SUV Pro,GA-1,STN-01,2026-03-02 15:27,ENG-1240,SUP-025,EMP312,TL-093,C
M8607,MA1A**********607,WO11607,SUV Pro,PAINT-1,Stn-03,2026-03-02 15:28,ENG-1177,SUP-103,EMP140,TL-072,C
M8608,MA1A**********608,WO11608,SUV Pro,GA-1,STN-04,2026-03-02 15:30,ENG-1152,SUP-179,EMP332,TL-064,A
M8609,MA1A**********609,WO11609,SUV Pro,GA-1,STN-01,2026-03-02 15:31,ENG-1114,SUP-013,EMP105,TL-018,A
M8610,MA1A**********610,WO11610,SUV Pro,TRIM-1,STN-02,2026-03-02 15:32,ENG-1087,SUP-023,EMP197,TL-093,C
M8611,MA1A**********611,WO11611,Hatch Z,GA-1, stn-05 ,2026-03-02 15:33,ENG-1444,SUP-014,EMP232,TL-999,A
M8612,MA1A**********612,WO11612,Sedan X,GA-1,STN-03,2026-03-02 15:35,ENG-1038,SUP-068,EMP268,TL-089,
M8613,MA1A**********613,WO11613,SUV Pro,GA-2,STN-02,2026-03-02 15:36,ENG-1298,SUP-118,EMP161,TL-017,C
M8614,MA1A**********614,WO11614,Sedan X,TRIM-1, stn-05 ,2026-03-02 15:37,ENG-1228,SUP-172,EMP162,TL-067,B
M8615,MA1A**********615,WO11615,Hatch Z,TRIM-1, stn-05 ,2026-03-02 15:38,ENG-1250,SUP-072,EMP264,TL-099,
M8616,MA1A**********616,WO11616,Sedan X,GA-1,STN-03,2026-03-02 15:40,ENG-1392,SUP-076,EMP142,TL-046,B
M8617,MA1A**********617,WO11617,Hatch Z,GA-2, stn-05 ,2026-03-02 15:41,ENG-1039,SUP-020,EMP353,TL-008,B
M8618,MA1A**********618,WO11618,Sedan X,GA-2,STN-04,2026-03-02 15:42,ENG-1419,SUP-099,EMP196,TL-063,A
M8619,MA1A**********619,WO11619,SUV Pro,GA-2,Stn-03,2026-03-02 15:43,ENG-1302,SUP-195,EMP370,TL-066,C
M8620,MA1A**********620,WO11620,SUV Pro,TRIM-1, stn-05 ,2026-03-02 15:45,ENG-1078,SUP-130,EMP154,TL-017,B
M8621,MA1A**********621,WO11621,SUV Pro,TRIM-1,STN-04,2026-03-02 15:46,ENG-1444,SUP-159,EMP362,TL-026,
M8622,MA1A**********622,WO11622,Sedan X,GA-1,STN-03,2026-03-02 15:47,ENG-1216,SUP-043,EMP257,TL-074,A
M8623,MA1A**********623,WO11623,Sedan X,TRIM-1,STN-01,2026-03-02 15:48,ENG-1381,SUP-029,EMP223,TL-003,
M8624,MA1A**********624,WO11624,Sedan X,PAINT-1,STN-01,2026-03-02 15:50,ENG-1243,SUP-170,EMP371,TL-058,C
M8625,MA1A**********625,WO11625,SUV Pro,GA-1,STN-05,2026-03-02 15:51,ENG-1043,SUP-091,EMP320,TL-028,B
M8626,MA1A**********626,WO11626,SUV Pro,TRIM-1,STN-05,2026-03-02 15:52,ENG-1170,SUP-014,EMP325,TL-035,C
M8627,MA1A**********627,WO11627,Sedan X,GA-1, stn-05 ,2026-03-02 15:53,ENG-1195,SUP-188,EMP316,TL-025,C
M8628,MA1A**********628,WO11628,Sedan X,TRIM-1,STN-02,2026-03-02 15:55,ENG-1304,SUP-071,EMP371,TL-078,
M8629,MA1A**********629,WO11629,Hatch Z,TRIM-1,STN-01,2026-03-02 15:56,ENG-1348,SUP-013,EMP227,TL-015,B
M8630,MA1A**********630,WO11630,Sedan X,GA-1,STN-01,2026-03-02 15:57,ENG-1294,SUP-069,EMP222,TL-009,A
M8631,MA1A**********631,WO11631,SUV Pro,GA-2,STN-05,2026-03-02 15:58,ENG-1358,SUP-184,EMP307,TL-051,
M8632,MA1A**********632,WO11632,Sedan X,GA-2, stn-05 ,2026-03-02 16:00,ENG-1421,SUP-178,EMP237,TL-064,B
M8633,MA1A**********633,WO11633,Sedan X,GA-2,STN-03,2026-03-02 16:01,ENG-1326,SUP-074,EMP247,TL-094,A
M8634,MA1A**********634,WO11634,Sedan X,GA-2,STN-05,2026-03-02 16:02,ENG-1464,SUP-180,EMP344,TL-095,C
M8635,MA1A**********635,WO11635,Hatch Z,GA-2,STN-02,2026-03-02 16:03,ENG-1161,SUP-175,EMP135,TL-022,B
M8636,MA1A**********636,WO11636,SUV Pro,TRIM-1,STN-02,2026-03-02 16:05,ENG-1492,SUP-004,EMP342,TL-055,C
M8637,MA1A**********637,WO11637,Sedan X,GA-2,STN-03,2026-03-02 16:06,ENG-1451,SUP-020,EMP187,TL-087,A
M8638,MA1A**********638,WO11638,Hatch Z,PAINT-1,STN-04,2026-03-02 16:07,ENG-1298,SUP-001,EMP350,TL-032,
M8639,MA1A**********639,WO11639,Sedan X,GA-1,Stn-03,2026-03-02 16:08,ENG-1008,SUP-146,EMP248,TL-030,B
M8640,MA1A**********640,WO11640,Sedan X,GA-1,STN-01,2026-03-02 16:10,ENG-1155,SUP-189,EMP271,TL-058,
M8641,MA1A**********641,WO11641,Hatch Z,PAINT-1,STN-05,2026-03-02 16:11,ENG-1131,SUP-170,EMP349,TL-033,C
M8642,MA1A**********642,WO11642,SUV Pro,GA-1,Stn-03,2026-03-02 16:12,ENG-1180,SUP-078,EMP270,TL-067,
M8643,MA1A**********643,WO11643,Sedan X,PAINT-1, stn-05 ,2026-03-02 16:13,ENG-1265,SUP-187,EMP110,TL-019,
M8644,MA1A**********644,WO11644,Sedan X,GA-2,STN-03,2026-03-02 16:15,ENG-1254,SUP-008,EMP225,TL-074,
M8645,MA1A**********645,WO11645,SUV Pro,GA-2, stn-05 ,2026-03-02 16:16,ENG-1045,SUP-050,EMP293,TL-082,A
M8646,MA1A**********646,WO11646,SUV Pro,TRIM-1,STN-05,2026-03-02 16:17,ENG-1089,SUP-068,EMP278,TL-043,
M8647,MA1A**********647,WO11647,Hatch Z,TRIM-1,STN-03,2026-03-02 16:18,ENG-1158,SUP-049,EMP121,TL-075,C
M8648,MA1A**********648,WO11648,Hatch Z,GA-1,STN-04,2026-03-02 16:20,ENG-1407,SUP-117,EMP390,TL-045,C
M8649,MA1A**********649,WO11649,Sedan X,GA-1,STN-04,2026-03-02 16:21,ENG-1474,SUP-176,EMP175,TL-060,B
M8650,MA1A**********650,WO11650,Hatch Z,PAINT-1,STN-05,2026-03-02 16:22,ENG-1285,SUP-171,EMP183,TL-039,
M8651,MA1A**********651,WO11651,SUV Pro,GA-1,Stn-03,2026-03-02 16:23,ENG-1150,SUP-004,EMP332,TL-006,B
M8652,MA1A**********652,WO11652,SUV Pro,GA-1,STN-01,2026-03-02 16:25,ENG-1250,SUP-079,EMP102,TL-056,C
M8653,MA1A**********653,WO11653,Hatch Z,GA-1,STN-01,2026-03-02 16:26,ENG-1128,SUP-036,EMP279,TL-037,B
M8654,MA1A**********654,WO11654,Sedan X,PAINT-1,STN-02,2026-03-02 16:27,ENG-1375,SUP-051,EMP321,TL-075,A
M8655,MA1A**********655,WO11655,SUV Pro,GA-2,STN-01,2026-03-02 16:28,ENG-1242,SUP-091,EMP227,TL-087,
M8656,MA1A**********656,WO11656,SUV Pro,TRIM-1,STN-01,2026-03-02 16:30,ENG-1457,SUP-067,EMP254,TL-077,C
M8657,MA1A**********657,WO11657,Sedan X,TRIM-1, stn-05 ,2026-03-02 16:31,ENG-1448,SUP-083,EMP396,TL-018,B
M8658,MA1A**********658,WO11658,SUV Pro,GA-2,STN-04,2026-03-02 16:32,ENG-1283,SUP-052,EMP254,TL-040,A
M8659,MA1A**********659,WO11659,SUV Pro,TRIM-1,STN-05,2026-03-02 16:33,ENG-1093,SUP-097,EMP323,TL-013,B
M8660,MA1A**********660,WO11660,Hatch Z,TRIM-1, stn-05 ,2026-03-02 16:35,ENG-1160,SUP-129,EMP283,TL-060,C
M8661,MA1A**********661,WO11661,SUV Pro,TRIM-1,STN-04,2026-03-02 16:36,ENG-1492,SUP-106,EMP336,TL-004,A
M8662,MA1A**********662,WO11662,SUV Pro,GA-1,Stn-03,2026-03-02 16:37,ENG-1071,SUP-158,EMP254,TL-999,B
M8663,MA1A**********663,WO11663,Hatch Z,PAINT-1,STN-02,2026-03-02 16:38,ENG-1317,SUP-140,EMP389,TL-038,A
M8664,MA1A**********664,WO11664,SUV Pro,GA-2,STN-04,2026-03-02 16:40,ENG-1343,SUP-002,EMP336,TL-098,
M8665,XX1 **3 4,WO11665,Sedan X,GA-1,STN-01,2026-03-02 16:41,ENG-1138,SUP-167,EMP154,TL-043,A
M8666,MA1A**********666,WO11666,SUV Pro,TRIM-1, stn-05 ,2026-03-02 16:42,ENG-1169,SUP-016,EMP162,TL-095,A
M8667,MA1A**********667,WO11667,Hatch Z,GA-2,STN-05,2026-03-02 16:43,ENG-1073,SUP-144,EMP353,TL-018,B
M8668,MA1A**********668,WO11668,Hatch Z,GA-2,STN-03,2026-03-02 16:45,ENG-1321,SUP-080,EMP103,TL-063,B
M8669,MA1A**********669,WO11669,Sedan X,GA-1,STN-01,2026-03-02 16:46,ENG-1078,SUP-155,EMP161,TL-067,A
M8670,MA1A**********670,WO11670,Sedan X,GA-2,STN-01,2026-03-02 16:47,ENG-1242,SUP-007,EMP358,TL-057,
M8671,MA1A**********671,WO11671,Sedan X,GA-1,STN-03,2026-03-02 16:48,ENG-1207,SUP-124,EMP194,TL-031,C
M8672,MA1A**********672,WO11672,Hatch Z,TRIM-1,Stn-03,2026-03-02 16:50,ENG-1336,SUP-158,EMP163,TL-056,B
M8673,MA1A**********673,WO11673,Hatch Z,GA-1,STN-02,2026-03-02 16:51,ENG-1072,SUP-191,EMP223,TL-022,B
M8674,MA1A**********674,WO11674,SUV Pro,TRIM-1,STN-03,2026-03-02 16:52,ENG-1148,SUP-171,EMP151,TL-076,
M8675,MA1A**********675,WO11675,SUV Pro,PAINT-1,STN-04,2026-03-02 16:53,ENG-1197,SUP-179,EMP154,TL-060,
M8676,MA1A**********676,WO11676,SUV Pro,GA-2,STN-01,2026-03-02 16:55,ENG-1145,SUP-118,EMP161,TL-073,
M8677,MA1A**********677,WO11677,Sedan X,PAINT-1,STN-01,2026-03-02 16:56,ENG-1330,SUP-167,EMP327,TL-006,C
M8678,MA1A**********678,WO11678,Sedan X,TRIM-1, stn-05 ,2026-03-02 16:57,ENG-1234,SUP-071,EMP104,TL-021,C
M8679,MA1A**********679,WO11679,Hatch Z,GA-2,STN-03,2026-03-02 16:58,ENG-1462,SUP-181,EMP368,TL-050,A
M8680,MA1A**********680,WO11680,Sedan X,GA-2,STN-03,2026-03-02 17:00,ENG-1335,SUP-185,EMP388,TL-044,
M8681,MA1A**********681,WO11681,Hatch Z,GA-2,STN-03,2026-03-02 17:01,ENG-1401,SUP-196,EMP255,TL-051,A
M8682,MA1A**********682,WO11682,Hatch Z,TRIM-1,STN-04,2026-03-02 17:02,ENG-1492,SUP-121,EMP192,TL-074,C
M8683,MA1A**********683,WO11683,Sedan X,PAINT-1,STN-05,2026-03-02 17:03,ENG-1489,SUP-149,EMP278,TL-075,
M8684,MA1A**********684,WO11684,Sedan X,GA-1,STN-01,2026-03-02 17:05,ENG-1436,SUP-188,EMP181,TL-030,A
M8685,MA1A**********685,WO11685,Hatch Z,GA-1,STN-04,2026-03-02 17:06,ENG-1478,SUP-174,EMP343,TL-042,B
M8686,MA1A**********686,WO11686,Hatch Z,GA-2,STN-01,2026-03-02 17:07,ENG-1460,SUP-045,EMP296,TL-097,
M8687,MA1A**********687,WO11687,Sedan X,GA-1,STN-05,2026-03-02 17:08,ENG-1128,SUP-030,EMP119,TL-096,A
M8688,MA1A**********688,WO11688,SUV Pro,PAINT-1,STN-05,2026-03-02 17:70,ENG-1323,SUP-008,EMP189,TL-042,A
M8689,MA1A**********689,WO11689,Hatch Z,TRIM-1,STN-04,2026-03-02 17:11,ENG-1068,SUP-164,EMP393,TL-072,B
M8690,MA1A**********690,WO11690,Sedan X,PAINT-1,STN-04,2026-03-02 17:12,ENG-1224,SUP-174,EMP246,TL-029,B
M8691,MA1A**********691,WO11691,Hatch Z,GA-2,STN-04,2026-03-02 17:13,ENG-1416,SUP-136,EMP198,TL-012,A
M8692,MA1A**********692,WO11692,Hatch Z,GA-1,STN-02,2026-03-02 17:15,ENG-1017,SUP-036,EMP102,TL-047,
M8693,MA1A**********693,WO11693,Hatch Z,GA-1,STN-03,2026-03-02 17:16,ENG-1094,SUP-175,EMP370,TL-064,B
M8694,MA1A**********694,WO11694,Sedan X,TRIM-1,STN-05,2026-03-02 17:17,ENG-1180,SUP-092,EMP386,TL-018,A
M8695,MA1A**********695,WO11695,SUV Pro,TRIM-1, stn-05 ,2026-03-02 17:18,ENG-1192,SUP-019,EMP391,TL-011,B
M8696,MA1A**********696,WO11696,Hatch Z,PAINT-1,STN-01,2026-03-02 17:20,ENG-1060,SUP-128,EMP218,TL-007,C
M8697,MA1A**********697,WO11697,Sedan X,GA-2,Stn-03,2026-03-02 17:21,ENG-1481,SUP-075,EMP228,TL-050,C
M8698,MA1A**********698,WO11698,Sedan X,GA-2,STN-03,2026-03-02 17:22,ENG-1038,SUP-137,EMP394,TL-031,C
M8699,MA1A**********699,WO11699,SUV Pro,GA-1,STN-05,2026-03-02 17:23,ENG-1357,SUP-029,EMP398,TL-061,C
M8700,MA1A**********700,WO11700,Hatch Z,GA-1,STN-01,2026-03-02 17:25,ENG-1173,SUP-108,EMP233,TL-026,C
M8701,MA1A**********701,WO11701,Sedan X,GA-2,STN-02,2026-03-02 17:26,ENG-1280,SUP-188,EMP268,TL-097,A
M8702,MA1A**********702,WO11702,Sedan X,TRIM-1,STN-01,2026-03-02 17:27,ENG-1412,SUP-145,EMP118,TL-045,A
M8703,MA1A**********703,WO11703,SUV Pro,GA-1,STN-05,2026-03-02 17:28,ENG-1245,SUP-034,EMP238,TL-093,A
M8704,MA1A**********704,WO11704,Sedan X,GA-1,STN-04,2026-03-02 17:30,ENG-1259,SUP-058,EMP279,TL-056,
M8705,MA1A**********705,WO11705,SUV Pro,GA-2,STN-01,2026-03-02 17:31,ENG-1476,SUP-015,EMP113,TL-100,B
M8706,MA1A**********706,WO11706,Hatch Z,TRIM-1, stn-05 ,2026-03-02 17:32,ENG-1350,SUP-189,EMP109,TL-071,
M8707,MA1A**********707,WO11707,Sedan X,TRIM-1,Stn-03,2026-03-02 17:33,ENG-1193,SUP-179,EMP164,TL-056,
M8708,MA1A**********708,WO11708,Hatch Z,GA-2,STN-01,2026-03-02 17:35,ENG-1224,SUP-031,EMP288,TL-046,B
M8709,MA1A**********709,WO11709,SUV Pro,TRIM-1,STN-01,2026-03-02 17:36,ENG-1121,SUP-060,EMP147,TL-076,A
M8710,MA1A**********710,WO11710,Sedan X,TRIM-1, stn-05 ,2026-03-02 17:37,ENG-1385,SUP-138,EMP390,TL-006,A
M8711,MA1A**********711,WO11711,Hatch Z,GA-2,Stn-03,2026-03-02 17:38,ENG-1029,SUP-020,EMP129,TL-017,
M8712,MA1A**********712,WO11712,Sedan X,PAINT-1,STN-01,2026-03-02 17:40,ENG-1160,SUP-090,EMP225,TL-038,B
M8713,MA1A**********713,WO11713,Hatch Z,TRIM-1,STN-04,2026-03-02 17:41,ENG-1336,SUP-032,EMP139,TL-010,C
M8714,MA1A**********714,WO11714,Hatch Z,GA-2,STN-04,2026-03-02 17:42,ENG-1361,SUP-189,EMP282,TL-029,
M8715,MA1A**********715,WO11715,Hatch Z,PAINT-1,STN-03,2026-03-02 17:43,ENG-1399,SUP-142,EMP249,TL-084,B
M8716,MA1A**********716,WO11716,Hatch Z,PAINT-1,STN-03,2026-03-02 17:45,ENG-1357,SUP-139,EMP357,TL-014,A
M8717,MA1A**********717,WO11717,SUV Pro,TRIM-1, stn-05 ,2026-03-02 17:46,ENG-1486,SUP-160,EMP348,TL-036,A
M8718,MA1A**********718,WO11718,Sedan X,GA-2,Stn-03,2026-03-02 17:47,ENG-1499,SUP-134,EMP218,TL-040,B
M8719,MA1A**********719,WO11719,Sedan X,PAINT-1, stn-05 ,2026-03-02 17:48,ENG-1417,SUP-037,EMP118,TL-031,
M8720,MA1A**********720,WO11720,Hatch Z,TRIM-1,STN-01,2026-03-02 17:50,ENG-1010,SUP-128,EMP117,TL-035,C
M8721,MA1A**********721,WO11721,Hatch Z,TRIM-1,STN-03,2026-03-02 17:51,ENG-1423,SUP-022,EMP130,TL-036,
M8722,MA1A**********722,WO11722,SUV Pro,GA-1,Stn-03,2026-03-02 17:52,ENG-1195,SUP-099,EMP327,TL-006,B
M8723,MA1A**********723,WO11723,Sedan X,TRIM-1,STN-02,2026-03-02 17:53,ENG-1337,SUP-111,EMP372,TL-007,C
M8724,MA1A**********724,WO11724,Sedan X,PAINT-1,STN-01,2026-03-02 17:55,ENG-1465,SUP-156,EMP272,TL-034,B
M8725,MA1A**********725,WO11725,Sedan X,PAINT-1, stn-05 ,2026-03-02 17:56,ENG-1424,SUP-160,EMP322,TL-055,A
M8726,MA1A**********726,WO11726,Sedan X,TRIM-1, stn-05 ,2026-03-02 17:57,ENG-1477,SUP-174,EMP247,TL-069,
M8727,MA1A**********727,WO11727,SUV Pro,PAINT-1,STN-02,2026-03-02 17:58,ENG-1491,SUP-098,EMP339,TL-096,B
M8728,MA1A**********728,WO11728,Sedan X,GA-1,STN-03,2026-03-02 18:00,ENG-1409,SUP-175,EMP240,TL-011,B
M8729,MA1A**********729,WO11729,Hatch Z,PAINT-1,STN-03,2026-03-02 18:01,ENG-1292,SUP-102,EMP119,TL-079,C
M8730,MA1A**********730,WO11730,SUV Pro,PAINT-1, stn-05 ,2026/03/02 18:02,ENG-1128,SUP-168,EMP106,TL-016,C
M8731,MA1A**********731,WO11731,Hatch Z,PAINT-1,Stn-03,2026-03-02 18:03,ENG-1135,SUP-046,EMP327,TL-060,A
M8732,MA1A**********732,WO11732,SUV Pro,GA-1,STN-04,2026-03-02 18:05,ENG-1018,SUP-092,EMP345,TL-082,B
M8733,MA1A**********733,WO11733,SUV Pro,GA-1,STN-05,2026-03-02 18:06,ENG-1480,SUP-021,EMP241,TL-079,C
M8734,MA1A**********734,WO11734,Sedan X,TRIM-1,STN-02,2026-03-02 18:07,ENG-1132,SUP-197,EMP241,TL-034,
M8735,MA1A**********735,WO11735,Sedan X,GA-2, stn-05 ,2026-03-02 18:08,ENG-1089,SUP-038,EMP125,TL-030,A
M8736,MA1A**********736,WO11736,Hatch Z,GA-1,STN-02,2026-03-02 18:10,ENG-1350,SUP-130,EMP325,TL-075,C
M8737,MA1A**********737,WO11737,Sedan X,GA-2,STN-01,2026-03-02 18:11,ENG-1487,SUP-183,EMP232,TL-033,A
M8738,MA1A**********738,WO11738,Hatch Z,PAINT-1,STN-05,2026-03-02 18:12,ENG-1367,SUP-012,EMP220,TL-045,A
M8739,MA1A**********739,WO11739,Sedan X,TRIM-1,STN-01,2026-03-02 18:13,ENG-1261,SUP-020,EMP221,TL-027,C
M8740,MA1A**********740,WO11740,Hatch Z,PAINT-1,Stn-03,2026-03-02 18:15, eng-1001 ,SUP-175,EMP312,TL-010,
M8741,MA1A**********741,WO11741,SUV Pro,GA-2,STN-01,2026-03-02 18:16,ENG-1167,SUP-156,EMP284,TL-043,
M8742,MA1A**********742,WO11742,Hatch Z,PAINT-1,STN-04,2026-03-02 18:17,ENG-1482,SUP-076,EMP115,TL-021,C
M8743,MA1A**********743,WO11743,Sedan X,PAINT-1,STN-02,2026-03-02 18:18,ENG-1466,SUP-152,EMP113,TL-014,B
M8744,MA1A**********744,WO11744,SUV Pro,PAINT-1,STN-02,2026-03-02 18:20,ENG-1193,SUP-150,EMP116,TL-085,B
M8745,MA1A**********745,WO11745,SUV Pro,GA-1,STN-01,2026-03-02 18:21,ENG-1490,SUP-058,EMP389,TL-065,
M8746,MA1A**********746,WO11746,Hatch Z,GA-1,Stn-03,2026-03-02 18:22,ENG-1449,SUP-136,EMP126,TL-078,
M8747,MA1A**********747,WO11747,Hatch Z,TRIM-1,STN-03,2026-03-02 18:23,ENG-1137,SUP-050,EMP394,TL-038,B
M8748,MA1A**********748,WO11748,SUV Pro,GA-2,Stn-03,2026-03-02 18:25,ENG-1393,SUP-093,EMP218,TL-059,C
M8749,MA1A**********749,WO11749,Hatch Z,GA-1, stn-05 ,2026-03-02 18:26,ENG-1123,SUP-114,EMP309,TL-047,A
M8750,MA1A**********750,WO11750,SUV Pro,GA-1,STN-03,2026-03-02 18:27,ENG-1334,SUP-124,EMP217,TL-058,
M8751,MA1A**********751,WO11751,Sedan X,GA-2,STN-05,2026-03-02 18:28,ENG-1125,SUP-199,EMP308,TL-087,B
M8752,MA1A**********752,WO11752,Hatch Z,PAINT-1,Stn-03,2026-03-02 18:30,ENG-1146,SUP-088,EMP260,TL-016,A
M8753,MA1A**********753,WO11753,SUV Pro,TRIM-1,STN-05,2026-03-02 18:31,ENG-1075,SUP-148,EMP353,TL-081,B
M8754,MA1A**********754,WO11754,Sedan X,TRIM-1,STN-01,2026-03-02 18:32,ENG-1085,SUP-031,EMP314,TL-034,
M8755,MA1A**********755,WO11755,Hatch Z,GA-1,STN-02,2026-03-02 18:33,ENG-1445,SUP-009,EMP320,TL-004,B
M8756,MA1A**********756,WO11756,Sedan X,GA-2,STN-05,2026-03-02 18:35,ENG-1443,SUP-136,EMP298,TL-055,C
M8757,MA1A**********757,WO11757,Sedan X,TRIM-1, stn-05 ,2026-03-02 18:36,ENG-1285,SUP-062,EMP250,TL-016,C
M8758,MA1A**********758,WO11758,SUV Pro,GA-1, stn-05 ,2026-03-02 18:37,ENG-1023,SUP-019,EMP281,TL-058,
M8759,MA1A**********759,WO11759,Hatch Z,TRIM-1, stn-05 ,2026-03-02 18:38,ENG-1427,SUP-112,EMP248,TL-097,
M8760,MA1A**********760,WO11760,Hatch Z,GA-2, stn-05 ,2026-03-02 18:40,ENG-1093,SUP-186,EMP360,TL-011,B
M8761,MA1A**********761,WO11761,Sedan X,PAINT-1, stn-05 ,2026-03-02 18:41,ENG-1332,SUP-117,EMP294,TL-042,
M8762,MA1A**********762,WO11762,Sedan X,PAINT-1,Stn-03,2026-03-02 18:42,ENG-1049,SUP-060,EMP252,TL-064,C
M8763,MA1A**********763,WO11763,Sedan X,TRIM-1,STN-03,2026-03-02 18:43,ENG-1165,SUP-099,EMP263,TL-097,B
M8764,MA1A**********764,WO11764,Sedan X,GA-1,Stn-03,2026-03-02 18:45,ENG-1483,SUP-189,EMP207,TL-056,C
M8765,MA1A**********765,WO11765,Hatch Z,PAINT-1,STN-01,2026-03-02 18:46,ENG-1177,SUP-073,EMP184,TL-016,C
M8766,MA1A**********766,WO11766,SUV Pro,TRIM-1,STN-04,2026-03-02 18:47,ENG-1114,SUP-044,EMP247,TL-034,A
M8767,MA1A**********767,WO11767,Sedan X,PAINT-1,STN-02,2026-03-02 18:48,ENG-1049,SUP-053,EMP382,TL-066,B
M8768,MA1A**********768,WO11768,Sedan X,GA-1,STN-05,2026-03-02 18:50,ENG-1275,SUP-050,EMP103,TL-063,A
M8769,MA1A**********769,WO11769,SUV Pro,GA-2,STN-03,2026-03-02 18:51,ENG-1482,SUP-147,EMP318,TL-094,
M8770,MA1A**********770,WO11770,Hatch Z,GA-2,Stn-03,2026-03-02 18:52,ENG-1232,SUP-076,EMP156,TL-092,A
M8771,MA1A**********771,WO11771,SUV Pro,TRIM-1,STN-04,2026-03-02 18:53,ENG-1134,SUP-023,EMP170,TL-036,A
M8772,MA1A**********772,WO11772,SUV Pro,GA-1, stn-05 ,2026-03-02 18:55,ENG-1406,SUP-057,EMP138,TL-042,B
M8773,MA1A**********773,WO11773,Hatch Z,PAINT-1,STN-03,2026-03-02 18:56,ENG-1232,SUP-162,EMP362,TL-087,A
M8774,MA1A**********774,WO11774,Hatch Z,PAINT-1,STN-01,2026-03-02 18:57,ENG-1221,SUP-026,EMP366,TL-041,B
M8775,MA1A**********775,WO11775,Hatch Z,GA-1, stn-05 ,2026-03-02 18:58,ENG-1321,SUP-003,EMP225,TL-018,
M8776,MA1A**********776,WO11776,Sedan X,GA-2,STN-03,2026-03-02 19:00,ENG-1240,,EMP177,TL-063,B
M8777,MA1A**********777,WO11777,Hatch Z,TRIM-1,STN-03,2026-03-02 19:01,ENG-1067,SUP-051,EMP145,TL-067,B
M8778,MA1A**********778,WO11778,Sedan X,TRIM-1,STN-01,2026-03-02 19:02,ENG-1251,SUP-143,EMP206,TL-091,B
M8779,MA1A**********779,WO11779,Sedan X,TRIM-1, stn-05 ,2026-03-02 19:03,ENG-1134,SUP-158,EMP294,TL-081,B
M8780,MA1A**********780,WO11780,Hatch Z,PAINT-1,STN-04,2026-03-02 19:05,ENG-1271,SUP-169,EMP192,TL-039,B
M8781,MA1A**********781,WO11781,SUV Pro,TRIM-1,STN-04,2026-03-02 19:06,ENG-1407,SUP-162,EMP300,TL-077,C
M8782,MA1A**********782,WO11782,Hatch Z,TRIM-1,STN-03,2026-03-02 19:07,ENG-1049,SUP-057,EMP157,TL-097,C
M8783,MA1A**********783,WO11783,SUV Pro,TRIM-1,STN-03,2026-03-02 19:08,ENG-1126,SUP-170,EMP317,TL-015,B
M8784,MA1A**********784,WO11784,SUV Pro,PAINT-1, stn-05 ,2026-03-02 19:10,ENG-1058,SUP-089,EMP303,TL-091,B
M8785,MA1A**********785,WO11785,SUV Pro,TRIM-1,STN-05,2026-03-02 19:11,ENG-1210,SUP-176,EMP220,TL-004,C
M8786,MA1A**********786,WO11786,SUV Pro,GA-2,Stn-03,2026-03-02 19:12,ENG-1400,SUP-105,EMP131,TL-072,C
M8787,MA1A**********787,WO11787,SUV Pro,PAINT-1,STN-04,2026-03-02 19:13,ENG-1200,SUP-114,EMP317,TL-052,C
M8788,MA1A**********788,WO11788,Sedan X,PAINT-1,STN-04,2026-03-02 19:15,ENG-1372,SUP-057,EMP273,TL-082,A
M8789,MA1A**********789,WO11789,SUV Pro,TRIM-1,STN-04,2026-03-02 19:16,ENG-1113,SUP-147,EMP185,TL-069,B
M8790,MA1A**********790,WO11790,Hatch Z,GA-1,STN-05,2026-03-02 19:17,ENG-1312,SUP-085,EMP166,TL-078,A
M8791,MA1A**********791,WO11791,Hatch Z,GA-1,Stn-03,2026-03-02 19:18,ENG-1194,SUP-024,EMP270,TL-046,A
M8792,MA1A**********792,WO11792,Hatch Z,GA-1,STN-05,2026-03-02 19:20,ENG-1107,SUP-093,EMP374,TL-026,B
M8793,MA1A**********793,WO11793,Hatch Z,TRIM-1,Stn-03,2026-03-02 19:21,ENG-1367,SUP-059,EMP248,TL-021,C
M8794,MA1A**********794,WO11794,SUV Pro,TRIM-1,STN-02,2026-03-02 19:22,ENG-1283,SUP-188,EMP227,TL-002,A
M8795,MA1A**********795,WO11795,Sedan X,GA-1,STN-05,2026-03-02 19:23,ENG-1203,SUP-125,EMP121,TL-021,C
M8796,MA1A**********796,WO11796,SUV Pro,GA-1,STN-02,2026-03-02 19:25,ENG-1323,SUP-198,EMP226,TL-005,C
M8797,MA1A**********797,WO11797,Hatch Z,GA-1,Stn-03,2026-03-02 19:26,ENG-1401,SUP-097,EMP305,TL-017,C
M8798,MA1A**********798,WO11798,Sedan X,GA-1,STN-01,2026-03-02 19:27,ENG-1258,SUP-185,EMP312,TL-003,A
M8799,MA1A**********799,WO11799,Hatch Z,GA-2,STN-01,2026-03-02 19:28,ENG-1376,SUP-151,EMP300,TL-025,C
M8800,MA1A**********800,WO11800,SUV Pro,TRIM-1,STN-05,2026-03-02 19:30,ENG-1380,SUP-006,EMP254,TL-036,
M8801,MA1A**********801,WO11801,Sedan X,GA-1,STN-03,2026-03-02 19:31,ENG-1496,SUP-168,EMP395,TL-061,
M8802,MA1A**********802,WO11802,SUV Pro,TRIM-1,STN-01,2026-03-02 19:32,ENG-1113,SUP-105,EMP387,TL-036,
M8803,MA1A**********803,WO11803,SUV Pro,GA-2,STN-04,2026-03-02 19:33,ENG-1008,SUP-128,EMP301,TL-048,A
M8804,MA1A**********804,WO11804,SUV Pro,GA-2,STN-05,2026-03-02 19:35,ENG-1499,SUP-007,EMP303,TL-099,B
M8805,MA1A**********805,WO11805,SUV Pro,PAINT-1,STN-04,2026-03-02 19:36,ENG-1288,SUP-028,EMP259,TL-043,B
M8806,MA1A**********806,WO11806,Hatch Z,GA-1,STN-01,2026-03-02 19:37,ENG-1287,SUP-044,EMP206,TL-063,B
M8807,MA1A**********807,WO11807,Sedan X,GA-2,STN-04,2026-03-02 19:38,ENG-1315,SUP-122,EMP367,TL-093,B
M8808,MA1A**********808,WO11808,Sedan X,TRIM-1,STN-03,2026-03-02 19:40,ENG-1210,SUP-080,EMP272,TL-020,A
M8809,MA1A**********809,WO11809,SUV Pro,TRIM-1,Stn-03,2026-03-02 19:41,ENG-1002,SUP-069,EMP207,TL-097,
M8810,MA1A**********810,WO11810,Hatch Z,TRIM-1,STN-03,2026-03-02 19:42,ENG-1491,SUP-167,EMP220,TL-042,
M8811,MA1A**********811,WO11811,Hatch Z,TRIM-1,STN-05,2026-03-02 19:43,ENG-1284,SUP-190,EMP141,TL-014,
M8812,MA1A**********812,WO11812,Hatch Z,GA-1,STN-04,2026-03-02 19:45,ENG-1065,SUP-194,EMP106,TL-021,A
M8813,MA1A**********813,WO11813,Sedan X,GA-2,STN-04,2026-03-02 19:46,ENG-1445,SUP-030,EMP119,TL-055,
M8814,MA1A**********814,WO11814,Sedan X,TRIM-1,STN-02,2026-03-02 19:47,ENG-1383,SUP-141,EMP314,TL-052,A
M8815,MA1A**********815,WO11815,SUV Pro,GA-1,STN-04,2026-03-02 19:48,ENG-1150,SUP-185,EMP238,TL-067,C
M8816,MA1A**********816,WO11816,Hatch Z,PAINT-1,STN-05,2026-03-02 19:50,ENG-1332,SUP-043,EMP172,TL-038,B
M8817,MA1A**********817,WO11817,Hatch Z,PAINT-1,STN-05,2026-03-02 19:51,ENG-1309,SUP-065,EMP341,TL-060,B
M8818,MA1A**********818,WO11818,SUV Pro,GA-2,STN-02,2026-03-02 19:52,ENG-1268,SUP-184,EMP342,TL-002,C
M8819,MA1A**********819,WO11819,SUV Pro,GA-2,STN-02,2026-03-02 19:53,ENG-1240,SUP-018,EMP102,TL-040,B
M8820,MA1A**********820,WO11820,Sedan X,GA-1,STN-05,2026-03-02 19:55,ENG-1234,SUP-085,EMP148,TL-008,
M8821,MA1A**********821,WO11821,Hatch Z,GA-2,STN-01,2026-03-02 19:56,ENG-1179,SUP-163,EMP386,TL-029,C
M8822,MA1A**********822,WO11822,Hatch Z,GA-1,STN-02,2026-03-02 19:57,ENG-1140,SUP-073,EMP318,TL-075,C
M8823,MA1A**********823,WO11823,SUV Pro,TRIM-1,STN-03,2026-03-02 19:58,ENG-1287,SUP-139,EMP203,TL-010,B
M8824,MA1A**********824,WO11824,Sedan X,GA-2,STN-03,2026-03-02 20:00,ENG-1091,SUP-068,EMP388,TL-014,B
M8825,MA1A**********825,WO11825,Hatch Z,TRIM-1,STN-03,2026-03-02 20:01,ENG-1294,SUP-198,EMP241,TL-095,
M8826,MA1A**********826,WO11826,Sedan X,GA-2,STN-01,2026-03-02 20:02,ENG-1401,SUP-060,EMP210,TL-012,B
M8827,MA1A**********827,WO11827,Sedan X,GA-2,STN-04,2026-03-02 20:03,ENG-1447,SUP-001,EMP265,TL-010,A
M8828,MA1A**********828,WO11828,Sedan X,TRIM-1,STN-04,2026-03-02 20:05,ENG-1340,SUP-121,EMP267,TL-039,A
M8829,MA1A**********829,WO11829,Sedan X,TRIM-1,STN-04,2026-03-02 20:06,ENG-1396,SUP-099,EMP342,TL-046,C
M8830,MA1A**********830,WO11830,Hatch Z,PAINT-1,STN-05,2026-03-02 20:07,ENG-1040,SUP-155,EMP209,TL-022,C
M8831,MA1A**********831,WO11831,Hatch Z,GA-2,Stn-03,2026-03-02 20:08,ENG-1223,SUP-144,EMP326,TL-063,C
M8832,MA1A**********832,WO11832,Hatch Z,GA-1,STN-05,2026-03-02 20:10,ENG-1460,SUP-112,EMP278,TL-023,A
M8833,MA1A**********833,WO11833,SUV Pro,TRIM-1,Stn-03,2026-03-02 20:11,ENG-1343,SUP-089,EMP317,TL-028,B
M8834,MA1A**********834,WO11834,SUV Pro,PAINT-1,STN-02,2026-03-02 20:12,ENG-1477,SUP-192,EMP105,TL-026,
M8835,MA1A**********835,WO11835,SUV Pro,GA-2,STN-01,2026-03-02 20:13,ENG-1300,SUP-080,EMP268,TL-013,C
M8836,MA1A**********836,WO11836,SUV Pro,GA-1,STN-05,2026-03-02 20:15,ENG-1139,SUP-009,EMP240,TL-083,
M8837,MA1A**********837,WO11837,SUV Pro,GA-1, stn-05 ,2026-03-02 20:16,ENG-1360,SUP-065,EMP240,TL-081,A
M8838,MA1A**********838,WO11838,Hatch Z,GA-1,Stn-03,2026-03-02 20:17,ENG-1367,SUP-121,EMP332,TL-063,B
M8839,MA1A**********839,WO11839,SUV Pro,GA-1,STN-01,2026-03-02 20:18,ENG-1189,SUP-008,EMP178,TL-091,B
M8840,MA1A**********840,WO11840,Sedan X,GA-1,STN-04,2026-03-02 20:20,ENG-1427,SUP-031,EMP128,TL-057,A
M8841,MA1A**********841,WO11841,SUV Pro,GA-1,Stn-03,2026-03-02 20:21,ENG-1278,SUP-072,EMP199,TL-084,A
M8842,MA1A**********842,WO11842,SUV Pro,PAINT-1, stn-05 ,2026-03-02 20:22,ENG-1086,SUP-151,EMP287,TL-067,A
M8843,MA1A**********843,WO11843,Hatch Z,TRIM-1,STN-04,2026-03-02 20:23,ENG-1428,SUP-171,EMP131,TL-009,B
M8844,MA1A**********844,WO11844,Hatch Z,GA-2, stn-05 ,2026-03-02 20:25,ENG-1136,SUP-022,EMP188,TL-057,A
M8845,MA1A**********845,WO11845,SUV Pro,GA-2, stn-05 ,2026-03-02 20:26,ENG-1258,SUP-105,EMP188,TL-082,A
M8846,MA1A**********846,WO11846,SUV Pro,PAINT-1,STN-05,2026-03-02 20:27,ENG-1179,SUP-031,EMP274,TL-060,A
M8847,MA1A**********847,WO11847,Hatch Z,TRIM-1,STN-01,2026-03-02 20:28,ENG-1059,SUP-024,EMP193,TL-094,A
M8848,MA1A**********848,WO11848,Sedan X,PAINT-1,STN-05,2026-03-02 20:30,ENG-1320,SUP-006,EMP186,TL-999,A
M8849,MA1A**********849,WO11849,Sedan X,PAINT-1,STN-04,2026-03-02 20:31,ENG-1041,SUP-186,EMP226,TL-040,B
M8850,MA1A**********850,WO11850,Hatch Z,GA-2,STN-03,2026-03-02 20:32,ENG-1027,SUP-098,EMP246,TL-023,C
M8851,MA1A**********851,WO11851,Sedan X,PAINT-1,STN-04,2026-03-02 20:33,ENG-1115,SUP-049,EMP239,TL-026,B
M8852,MA1A**********852,WO11852,SUV Pro,PAINT-1, stn-05 ,2026-03-02 20:35,ENG-1225,SUP-068,EMP147,TL-063,C
M8853,MA1A**********853,WO11853,Hatch Z,PAINT-1,STN-03,2026-03-02 20:36,ENG-1395,SUP-165,EMP367,TL-058,B
M8854,MA1A**********854,WO11854,Sedan X,TRIM-1,STN-02,2026-03-02 20:37,ENG-1275,SUP-146,EMP207,TL-090,
M8855,MA1A**********855,WO11855,SUV Pro,PAINT-1,STN-02,2026-03-02 20:38,ENG-1175,SUP-180,EMP357,TL-071,C
M8856,MA1A**********856,WO11856,Sedan X,GA-2,STN-03,2026-03-02 20:40,ENG-1111,SUP-120,EMP233,TL-005,A
M8857,MA1A**********857,WO11857,Hatch Z,GA-2,STN-04,2026-03-02 20:41,ENG-1071,SUP-120,EMP265,TL-048,
M8858,MA1A**********858,WO11858,Hatch Z,GA-1,STN-03,2026-03-02 20:42,ENG-1359,SUP-027,EMP283,TL-002,B
M8859,MA1A**********859,WO11859,SUV Pro,TRIM-1,STN-03,2026-03-02 20:43,ENG-1172,SUP-166,EMP151,TL-024,C
M8860,MA1A**********860,WO11860,SUV Pro,GA-2,STN-04,2026-03-02 20:45,ENG-1279,SUP-048,EMP111,TL-057,
M8861,MA1A**********861,WO11861,Hatch Z,TRIM-1, stn-05 ,2026-03-02 20:46,ENG-1204,SUP-122,EMP224,TL-033,C
M8862,MA1A**********862,WO11862,Hatch Z,PAINT-1,STN-04,2026-03-02 20:47,ENG-1347,SUP-103,EMP253,TL-006,B
M8863,MA1A**********863,WO11863,Hatch Z,GA-1,STN-04,2026-03-02 20:48,ENG-1218,SUP-199,EMP237,TL-074,
M8864,MA1A**********864,WO11864,Hatch Z,GA-1,STN-02,2026-03-02 20:50,ENG-1262,SUP-043,EMP253,TL-077,B
M8865,MA1A**********865,WO11865,Hatch Z,GA-2,STN-02,2026-03-02 20:51,ENG-1339,SUP-086,EMP127,TL-012,C
M8866,MA1A**********866,WO11866,Sedan X,PAINT-1,STN-04,2026-03-02 20:52,ENG-1202,SUP-043,EMP335,TL-001,B
M8867,MA1A**********867,WO11867,Sedan X,GA-2,STN-03,2026-03-02 20:53,ENG-1157,SUP-021,EMP194,TL-031,B
M8868,MA1A**********868,WO11868,SUV Pro,GA-1, stn-05 ,2026-03-02 20:55,ENG-1125,SUP-040,EMP384,TL-100,C
M8869,MA1A**********869,WO11869,Sedan X,TRIM-1,STN-02,2026-03-02 20:56,ENG-1176,SUP-026,EMP341,TL-071,
M8870,MA1A**********870,WO11870,Hatch Z,GA-2,STN-04,2026-03-02 20:57,ENG-1342,SUP-097,EMP337,TL-091,B
M8871,MA1A**********871,WO11871,Sedan X,TRIM-1,STN-02,2026-03-02 20:58,ENG-1162,SUP-196,EMP168,TL-052,C
M8872,MA1A**********872,WO11872,SUV Pro,TRIM-1,STN-05,2026-03-02 21:00,ENG-1201,SUP-137,EMP136,TL-045,
M8873,MA1A**********873,WO11873,Hatch Z,GA-1,STN-02,2026-03-02 21:01,ENG-1453,SUP-156,EMP191,TL-099,B
M8874,MA1A**********874,WO11874,SUV Pro,PAINT-1,STN-03,2026-03-02 21:02,ENG-1256,SUP-001,EMP303,TL-010,B
M8875,MA1A**********875,WO11875,Sedan X,TRIM-1,STN-02,2026-03-02 21:03,ENG-1022,SUP-055,EMP254,TL-056,A
M8876,MA1A**********876,WO11876,SUV Pro,TRIM-1, stn-05 ,2026-03-02 21:05,ENG-1092,SUP-109,EMP177,TL-037,C
M8877,MA1A**********877,WO11877,SUV Pro,TRIM-1,STN-01,2026-03-02 21:06,ENG-1133,SUP-108,EMP191,TL-021,
M8878,MA1A**********878,WO11878,Hatch Z,GA-1,STN-04,2026-03-02 21:07,ENG-1412,SUP-022,EMP277,TL-088,A
M8879,MA1A**********879,WO11879,Hatch Z,TRIM-1,Stn-03,2026-03-02 21:08,ENG-1413,SUP-004,EMP182,TL-041,B
M8880,MA1A**********880,WO11880,Hatch Z,TRIM-1, stn-05 ,2026-03-02 21:10,ENG-1232,SUP-003,EMP348,TL-084,
M8881,MA1A**********881,WO11881,SUV Pro,GA-1,STN-03,2026-03-02 21:11,ENG-1217,SUP-067,EMP159,TL-078,
M8882,MA1A**********882,WO11882,Hatch Z,PAINT-1,Stn-03,2026-03-02 21:12,ENG-1242,SUP-183,EMP271,TL-069,C
M8883,MA1A**********883,WO11883,Sedan X,GA-2,STN-04,2026-03-02 21:13,ENG-1272,SUP-195,EMP296,TL-087,A
M8884,MA1A**********884,WO11884,Sedan X,GA-1,STN-03,2026-03-02 21:15,ENG-1485,SUP-182,EMP232,TL-026,
M8885,MA1A**********885,WO11885,SUV Pro,GA-1,STN-04,2026-03-02 21:16, eng-1001 ,SUP-073,EMP120,TL-016,
M8886,MA1A**********886,WO11886,SUV Pro,PAINT-1,STN-01,2026-03-02 21:17,ENG-1455,SUP-154,EMP289,TL-033,
M8887,MA1A**********887,WO11887,SUV Pro,PAINT-1,Stn-03,2026-03-02 21:18,ENG-1419,SUP-007,EMP377,TL-035,B
M8888,MA1A**********888,WO11888,SUV Pro,PAINT-1,STN-04,2026-03-02 21:20,ENG-1008,SUP-115,EMP266,TL-039,A
M8889,MA1A**********889,WO11889,Hatch Z,GA-1,STN-03,2026-03-02 21:21,ENG-1374,SUP-010,EMP372,TL-095,
M8890,MA1A**********890,WO11890,Sedan X,GA-2,STN-01,2026-03-02 21:22,ENG-1273,SUP-025,EMP164,TL-094,B
M8891,MA1A**********891,WO11891,Hatch Z,TRIM-1,STN-04,2026-03-02 21:23,ENG-1457,SUP-071,EMP276,TL-059,B
M8892,MA1A**********892,WO11892,Hatch Z,TRIM-1,STN-01,2026-03-02 21:25,ENG-1039,SUP-084,EMP290,TL-005,B
M8893,MA1A**********893,WO11893,Hatch Z,GA-1,STN-04,2026-03-02 21:26,ENG-1262,SUP-186,EMP140,TL-044,C
M8894,MA1A**********894,WO11894,SUV Pro,TRIM-1,STN-01,2026-03-02 21:27,ENG-1094,SUP-192,EMP231,TL-093,A
M8895,MA1A**********895,WO11895,SUV Pro,GA-1,Stn-03,2026-03-02 21:28,ENG-1098,SUP-147,EMP233,TL-039,B
M8896,MA1A**********896,WO11896,Hatch Z,GA-1,STN-03,2026-03-02 21:30,ENG-1293,SUP-122,EMP210,TL-098,
M8897,MA1A**********897,WO11897,SUV Pro,GA-2,STN-03,2026-03-02 21:31,ENG-1256,SUP-172,EMP123,TL-078,
M8898,MA1A**********898,WO11898,Sedan X,PAINT-1,STN-03,2026-03-02 21:32,ENG-1002,SUP-105,EMP206,TL-003,
M8899,MA1A**********899,WO11899,Hatch Z,GA-2,STN-03,2026-03-02 21:70,ENG-1136,SUP-119,EMP262,TL-013,B
M8900,MA1A**********900,WO11900,Sedan X,GA-1, stn-05 ,2026-03-02 21:35,ENG-1166,SUP-057,EMP132,TL-079,C
M8901,MA1A**********901,WO11901,Hatch Z,TRIM-1,STN-05,2026-03-02 21:36,ENG-1215,SUP-163,EMP268,TL-070,
M8902,MA1A**********902,WO11902,SUV Pro,GA-1,STN-03,2026-03-02 21:37,ENG-1174,SUP-082,EMP277,TL-057,B
M8903,MA1A**********903,WO11903,SUV Pro,TRIM-1,STN-02,2026/03/02 21:38,ENG-1272,SUP-179,EMP187,TL-087,
M8904,MA1A**********904,WO11904,SUV Pro,TRIM-1,STN-01,2026-03-02 21:40,ENG-1338,SUP-147,EMP140,TL-081,
M8905,MA1A**********905,WO11905,Hatch Z,PAINT-1,STN-01,2026-03-02 21:41,ENG-1106,SUP-192,EMP371,TL-048,C
M8906,MA1A**********906,WO11906,SUV Pro,PAINT-1,STN-04,2026-03-02 21:42,ENG-1345,SUP-120,EMP115,TL-020,B
M8907,MA1A**********907,WO11907,Hatch Z,PAINT-1,STN-05,2026-03-02 21:43,ENG-1220,SUP-107,EMP111,TL-097,C
M8908,MA1A**********908,WO11908,Hatch Z,TRIM-1,STN-02,2026-03-02 21:45,ENG-1192,SUP-138,EMP167,TL-049,A
M8909,MA1A**********909,WO11909,Sedan X,TRIM-1,STN-02,2026-03-02 21:46,ENG-1108,SUP-029,EMP392,TL-038,B
M8910,MA1A**********910,WO11910,Sedan X,TRIM-1,STN-05,2026-03-02 21:47,ENG-1209,SUP-091,EMP211,TL-054,C
M8911,MA1A**********911,WO11911,SUV Pro,PAINT-1, stn-05 ,2026-03-02 21:48,ENG-1054,SUP-171,EMP262,TL-065,
M8912,MA1A**********912,WO11912,Sedan X,TRIM-1,STN-04,2026-03-02 21:50,ENG-1387,SUP-119,EMP246,TL-058,B
M8913,MA1A**********913,WO11913,Sedan X,TRIM-1,STN-03,2026-03-02 21:51,ENG-1001,SUP-137,EMP271,TL-098,
M8914,MA1A**********914,WO11914,Hatch Z,GA-2, stn-05 ,2026-03-02 21:52,ENG-1464,SUP-026,EMP296,TL-075,
M8915,MA1A**********915,WO11915,SUV Pro,TRIM-1,STN-02,2026-03-02 21:53,ENG-1325,SUP-008,EMP214,TL-018,A
M8916,MA1A**********916,WO11916,Hatch Z,TRIM-1,STN-01,2026-03-02 21:55,ENG-1166,SUP-157,EMP227,TL-022,
M8917,MA1A**********917,WO11917,Hatch Z,GA-1,STN-03,2026-03-02 21:56,ENG-1011,SUP-191,EMP299,TL-071,B
M8918,MA1A**********918,WO11918,Sedan X,TRIM-1,STN-03,2026-03-02 21:57,ENG-1370,SUP-062,EMP189,TL-061,B
M8919,MA1A**********919,WO11919,SUV Pro,GA-2,STN-03,2026-03-02 21:58,ENG-1033,SUP-008,EMP205,TL-074,
M8920,MA1A**********920,WO11920,SUV Pro,GA-2, stn-05 ,2026-03-02 22:00,ENG-1308,SUP-114,EMP223,TL-023,
M8921,MA1A**********921,WO11921,Hatch Z,GA-1,Stn-03,2026-03-02 22:01,ENG-1309,SUP-085,EMP181,TL-032,
M8922,MA1A**********922,WO11922,Hatch Z,GA-1,STN-01,2026-03-02 22:02,ENG-1383,SUP-009,EMP308,TL-067,
M8923,MA1A**********923,WO11923,SUV Pro,GA-1,Stn-03,2026-03-02 22:03,ENG-1213,SUP-067,EMP375,TL-016,A
M8924,MA1A**********924,WO11924,SUV Pro,TRIM-1,Stn-03,2026-03-02 22:05,ENG-1371,SUP-016,EMP249,TL-051,A
M8925,MA1A**********925,WO11925,SUV Pro,TRIM-1, stn-05 ,2026-03-02 22:06,ENG-1474,SUP-131,EMP325,TL-055,A
M8926,MA1A**********926,WO11926,Sedan X,GA-2,Stn-03,2026-03-02 22:07,ENG-1134,SUP-195,EMP396,TL-097,A
M8927,MA1A**********927,WO11927,Hatch Z,GA-2,STN-03,2026-03-02 22:08,ENG-1211,SUP-169,EMP273,TL-019,B
M8928,MA1A**********928,WO11928,SUV Pro,GA-2,STN-03,2026-03-02 22:10,ENG-1049,SUP-085,EMP137,TL-059,
M8929,MA1A**********929,WO11929,Sedan X,PAINT-1,STN-03,2026-03-02 22:11,ENG-1151,SUP-177,EMP327,TL-043,
M8930,MA1A**********930,WO11930,Hatch Z,PAINT-1,STN-05,2026-03-02 22:12,ENG-1140,SUP-153,EMP118,TL-098,B
M8931,MA1A**********931,WO11931,Sedan X,PAINT-1,STN-01,2026-03-02 22:13,ENG-1113,SUP-095,EMP388,TL-047,C
M8932,MA1A**********932,WO11932,SUV Pro,GA-2,STN-05,2026-03-02 22:15,ENG-1324,SUP-079,EMP343,TL-092,
M8933,MA1A**********933,WO11933,Hatch Z,PAINT-1,STN-02,2026-03-02 22:16,ENG-1380,SUP-178,EMP165,TL-019,C
M8934,MA1A**********934,WO11934,SUV Pro,PAINT-1, stn-05 ,2026-03-02 22:17,ENG-1116,SUP-008,EMP208,TL-075,C
M8935,MA1A**********935,WO11935,Sedan X,GA-1,STN-03,2026-03-02 22:18,ENG-1186,SUP-185,EMP360,TL-096,
M8936,MA1A**********936,WO11936,SUV Pro,GA-2,STN-03,2026-03-02 22:20,ENG-1329,SUP-040,EMP356,TL-041,C
M8937,MA1A**********937,WO11937,SUV Pro,TRIM-1, stn-05 ,2026-03-02 22:21,ENG-1086,SUP-135,EMP346,TL-023,
M8938,MA1A**********938,WO11938,SUV Pro,GA-1, stn-05 ,2026-03-02 22:22,ENG-1484,SUP-017,EMP275,TL-029,C
M8939,MA1A**********939,WO11939,Sedan X,GA-2,STN-02,2026-03-02 22:23,ENG-1142,SUP-156,EMP161,TL-084,B
M8940,MA1A**********940,WO11940,SUV Pro,TRIM-1,STN-04,2026-03-02 22:25,ENG-1291,SUP-164,EMP106,TL-096,B
M8941,MA1A**********941,WO11941,Hatch Z,GA-2,STN-03,2026-03-02 22:26,ENG-1340,SUP-009,EMP304,TL-081,A
M8942,MA1A**********942,WO11942,SUV Pro,GA-1,STN-03,2026-03-02 22:27,ENG-1283,SUP-137,EMP375,TL-011,A
M8943,MA1A**********943,WO11943,SUV Pro,GA-2,STN-02,2026-03-02 22:28,ENG-1131,SUP-190,EMP193,TL-089,B
M8944,MA1A**********944,WO11944,Sedan X,TRIM-1,STN-02,2026-03-02 22:30,ENG-1020,SUP-156,EMP236,TL-071,C
M8945,MA1A**********945,WO11945,Sedan X,GA-2, stn-05 ,2026-03-02 22:31,ENG-1425,SUP-017,EMP167,TL-067,C
M8946,MA1A**********946,WO11946,Sedan X,GA-2,STN-02,2026-03-02 22:32,ENG-1124,SUP-150,EMP397,TL-062,
M8947,MA1A**********947,WO11947,Sedan X,GA-1,STN-03,2026-03-02 22:33,ENG-1404,SUP-163,EMP137,TL-026,
M8948,MA1A**********948,WO11948,Sedan X,TRIM-1,STN-01,2026-03-02 22:35,ENG-1243,SUP-051,EMP151,TL-070,B
M8949,MA1A**********949,WO11949,Hatch Z,TRIM-1,STN-03,2026-03-02 22:36,ENG-1291,SUP-003,EMP397,TL-056,A
M8950,MA1A**********950,WO11950,Hatch Z,TRIM-1,Stn-03,2026-03-02 22:37,ENG-1329,SUP-050,EMP333,TL-001,C
M8951,MA1A**********951,WO11951,SUV Pro,PAINT-1,STN-04,2026-03-02 22:38,ENG-1323,SUP-046,EMP268,TL-065,
M8952,MA1A**********952,WO11952,Hatch Z,PAINT-1, stn-05 ,2026-03-02 22:40,ENG-1153,SUP-068,EMP372,TL-032,C
M8953,MA1A**********953,WO11953,SUV Pro,PAINT-1, stn-05 ,2026-03-02 22:41,ENG-1225,SUP-029,EMP193,TL-063,A
M8954,MA1A**********954,WO11954,SUV Pro,TRIM-1,STN-04,2026-03-02 22:42,ENG-1083,SUP-046,EMP133,TL-098,
M8955,MA1A**********955,WO11955,Hatch Z,PAINT-1,STN-01,2026-03-02 22:43,ENG-1473,SUP-114,EMP275,TL-082,B
M8956,MA1A**********956,WO11956,Sedan X,GA-1,Stn-03,2026-03-02 22:45,ENG-1118,SUP-055,EMP257,TL-065,C
M8957,MA1A**********957,WO11957,SUV Pro,TRIM-1,STN-01,2026-03-02 22:46,ENG-1350,SUP-077,EMP207,TL-074,B
M8958,MA1A**********958,WO11958,SUV Pro,GA-2,STN-02,2026-03-02 22:47,ENG-1392,SUP-102,EMP187,TL-021,B
M8959,MA1A**********959,WO11959,SUV Pro,TRIM-1, stn-05 ,2026-03-02 22:48,ENG-1304,SUP-107,EMP237,TL-030,C
M8960,MA1A**********960,WO11960,SUV Pro,PAINT-1,STN-03,2026-03-02 22:50,ENG-1074,SUP-079,EMP270,TL-094,C
M8961,MA1A**********961,WO11961,Hatch Z,PAINT-1,STN-04,2026-03-02 22:51,ENG-1157,SUP-109,EMP388,TL-051,
M8962,MA1A**********962,WO11962,Sedan X,TRIM-1,STN-01,2026-03-02 22:52,ENG-1495,SUP-105,EMP281,TL-083,B
M8963,MA1A**********963,WO11963,SUV Pro,PAINT-1,STN-01,2026-03-02 22:53,ENG-1419,SUP-181,EMP203,TL-027,C
M8964,MA1A**********964,WO11964,SUV Pro,PAINT-1,STN-01,2026-03-02 22:55,ENG-1164,SUP-110,EMP295,TL-042,B
M8965,MA1A**********965,WO11965,Sedan X,TRIM-1,Stn-03,2026-03-02 22:56,ENG-1140,SUP-028,EMP138,TL-032,B
M8966,MA1A**********966,WO11966,SUV Pro,TRIM-1, stn-05 ,2026-03-02 22:57,ENG-1303,SUP-121,EMP123,TL-100,
M8967,MA1A**********967,WO11967,Hatch Z,TRIM-1,STN-02,2026-03-02 22:58,ENG-1143,SUP-156,EMP292,TL-008,A
M8968,MA1A**********968,WO11968,Sedan X,PAINT-1,STN-03,2026-03-02 23:00,ENG-1275,SUP-095,EMP324,TL-037,A
M8969,MA1A**********969,WO11969,SUV Pro,GA-2, stn-05 ,2026-03-02 23:01,ENG-1037,SUP-084,EMP311,TL-020,B
M8970,MA1A**********970,WO11970,Hatch Z,PAINT-1,STN-05,2026-03-02 23:02,ENG-1102,SUP-144,EMP145,TL-057,B
M8971,MA1A**********971,WO11971,SUV Pro,PAINT-1,STN-05,2026-03-02 23:03,ENG-1271,SUP-075,EMP111,TL-018,A
M8972,MA1A**********972,WO11972,Hatch Z,PAINT-1,Stn-03,2026-03-02 23:05,ENG-1184,SUP-198,EMP328,TL-096,B
M8973,MA1A**********973,WO11973,Sedan X,PAINT-1,STN-04,2026-03-02 23:06,ENG-1116,SUP-118,EMP285,TL-043,B
M8974,MA1A**********974,WO11974,Hatch Z,PAINT-1,STN-03,2026-03-02 23:07,ENG-1309,SUP-192,EMP111,TL-018,A
M8975,MA1A**********975,WO11975,Hatch Z,TRIM-1,STN-04,2026-03-02 23:08,ENG-1202,SUP-125,EMP124,TL-068,A
M8976,MA1A**********976,WO11976,Hatch Z,PAINT-1,STN-01,2026-03-02 23:10,ENG-1289,SUP-112,EMP116,TL-065,C
M8977,MA1A**********977,WO11977,Hatch Z,TRIM-1,STN-03,2026-03-02 23:11,ENG-1294,SUP-086,EMP134,TL-095,A
M8978,MA1A**********978,WO11978,Hatch Z,GA-1,STN-05,2026-03-02 23:12,ENG-1399,SUP-029,EMP372,TL-021,A
M8979,MA1A**********979,WO11979,Hatch Z,TRIM-1,STN-05,2026-03-02 23:13,ENG-1332,SUP-049,EMP137,TL-099,
M8980,MA1A**********980,WO11980,SUV Pro,TRIM-1,STN-04,2026-03-02 23:15,ENG-1455,SUP-190,EMP177,TL-084,C
M8981,MA1A**********981,WO11981,Sedan X,GA-2, stn-05 ,2026-03-02 23:16,ENG-1294,SUP-087,EMP332,TL-068,
M8982,MA1A**********982,WO11982,Sedan X,TRIM-1,STN-05,2026-03-02 23:17,ENG-1150,SUP-002,EMP299,TL-003,A
M8983,MA1A**********983,WO11983,Sedan X,PAINT-1,STN-04,2026-03-02 23:18,ENG-1077,SUP-067,EMP214,TL-075,C
M8984,MA1A**********984,WO11984,Hatch Z,TRIM-1, stn-05 ,2026-03-02 23:20,ENG-1340,SUP-052,EMP394,TL-046,B
M8985,MA1A**********985,WO11985,Sedan X,GA-2,STN-02,2026-03-02 23:21,ENG-1157,SUP-047,EMP151,TL-004,A
M8986,MA1A**********986,WO11986,Sedan X,PAINT-1,STN-01,2026-03-02 23:22,ENG-1167,SUP-081,EMP217,TL-085,B
M8987,MA1A**********987,WO11987,Sedan X,PAINT-1,STN-02,2026-03-02 23:23,ENG-1217,SUP-070,EMP219,TL-028,C
M8988,MA1A**********988,WO11988,Sedan X,GA-2,STN-04,2026-03-02 23:25,ENG-1063,SUP-097,EMP113,TL-057,B
M8989,MA1A**********989,WO11989,SUV Pro,GA-1,STN-04,2026-03-02 23:26,ENG-1224,SUP-103,EMP201,TL-027,
M8990,MA1A**********990,WO11990,Hatch Z,GA-1,STN-01,2026-03-02 23:27,ENG-1496,SUP-045,EMP359,TL-075,A
M8991,MA1A**********991,WO11991,Sedan X,GA-2,STN-01,2026-03-02 23:28,ENG-1481,SUP-126,EMP283,TL-096,C
M8992,MA1A**********992,WO11992,SUV Pro,GA-2,STN-02,2026-03-02 23:30,ENG-1046,SUP-130,EMP284,TL-062,C
M8993,MA1A**********993,WO11993,Hatch Z,GA-1,STN-04,2026-03-02 23:31,ENG-1008,SUP-002,EMP294,TL-054,
M8994,MA1A**********994,WO11994,Sedan X,PAINT-1,STN-03,2026-03-02 23:32,ENG-1484,SUP-080,EMP133,TL-056,C
M8995,MA1A**********995,WO11995,Sedan X,GA-1, stn-05 ,2026-03-02 23:33,ENG-1329,SUP-100,EMP341,TL-003,C
M8996,MA1A**********996,WO11996,Hatch Z,PAINT-1,STN-01,2026-03-02 23:35,ENG-1072,SUP-064,EMP190,TL-073,A
M8997,MA1A**********997,WO11997,Sedan X,GA-2,STN-02,2026-03-02 23:36,ENG-1355,SUP-121,EMP119,TL-008,B
M8998,XX1 **3 4,WO11998,Hatch Z,PAINT-1,STN-03,2026-03-02 23:37,ENG-1316,,EMP312,TL-021,
M8999,MA1A**********999,WO11999,Sedan X,GA-2,STN-05,2026-03-02 23:38,ENG-1494,SUP-039,EMP192,TL-047,A
M9000,MA1A**********000,WO12000,Sedan X,GA-1,STN-04,2026-03-02 23:40,ENG-1104,SUP-079,EMP306,TL-081,C
M9001,MA1A**********001,WO12001,SUV Pro,PAINT-1,STN-01,2026-03-02 23:41,ENG-1401,SUP-007,EMP269,TL-004,
M9002,MA1A**********002,WO12002,Sedan X,GA-2,STN-04,2026-03-02 23:42,ENG-1023,SUP-139,EMP293,TL-098,B
M9003,MA1A**********003,WO12003,Sedan X,GA-1,STN-01,2026-03-02 23:43,ENG-1178,SUP-058,EMP147,TL-054,A
M9004,MA1A**********004,WO12004,Sedan X,TRIM-1,STN-04,2026-03-02 23:45,ENG-1212,SUP-138,EMP325,TL-018,A
M9005,MA1A**********005,WO12005,SUV Pro,TRIM-1,STN-04,2026-03-02 23:46,ENG-1460,SUP-066,EMP165,TL-042,C
M9006,MA1A**********006,WO12006,Hatch Z,GA-1,STN-04,2026-03-02 23:47,ENG-1252,SUP-192,EMP392,TL-026,B
M9007,MA1A**********007,WO12007,Sedan X,GA-2,Stn-03,2026-03-02 23:48,ENG-1482,SUP-037,EMP215,TL-085,A
M9008,MA1A**********008,WO12008,Hatch Z,GA-1, stn-05 ,2026-03-02 23:50,ENG-1206,SUP-073,EMP153,TL-032,B
M9009,MA1A**********009,WO12009,SUV Pro,GA-2, stn-05 ,2026-03-02 23:51,ENG-1337,SUP-078,EMP268,TL-091,
M9010,MA1A**********010,WO12010,Hatch Z,PAINT-1,Stn-03,2026-03-02 23:52,ENG-1460,SUP-034,EMP267,TL-055,C
M9011,MA1A**********011,WO12011,Hatch Z,GA-2,STN-05,2026-03-02 23:53,ENG-1377,SUP-009,EMP297,TL-081,A
M9012,MA1A**********012,WO12012,Sedan X,GA-2,STN-01,2026-03-02 23:55,ENG-1073,SUP-163,EMP117,TL-031,B
M9013,MA1A**********013,WO12013,SUV Pro,PAINT-1,STN-01,2026-03-02 23:56,ENG-1292,SUP-124,EMP347,TL-045,B
M9014,MA1A**********014,WO12014,Hatch Z,TRIM-1,STN-04,2026-03-02 23:57,ENG-1109,SUP-117,EMP234,TL-070,
M9015,MA1A**********015,WO12015,Sedan X,PAINT-1, stn-05 ,2026-03-02 23:58,ENG-1393,SUP-132,EMP272,TL-044,B
M9016,MA1A**********016,WO12016,SUV Pro,PAINT-1,Stn-03,2026-03-03 00:00,ENG-1446,SUP-125,EMP381,TL-059,A
M9017,MA1A**********017,WO12017,Hatch Z,PAINT-1,Stn-03,2026-03-03 00:01,ENG-1265,SUP-068,EMP132,TL-999,C
M9018,MA1A**********018,WO12018,SUV Pro,GA-1,STN-05,2026-03-03 00:02,ENG-1064,SUP-025,EMP216,TL-059,A
M9019,MA1A**********019,WO12019,Sedan X,PAINT-1,STN-02,2026-03-03 00:03,ENG-1447,SUP-089,EMP257,TL-058,
M9020,MA1A**********020,WO12020,Hatch Z,GA-1,Stn-03,2026-03-03 00:05,ENG-1497,SUP-130,EMP193,TL-051,B
M9021,MA1A**********021,WO12021,Sedan X,GA-2,Stn-03,2026-03-03 00:06,ENG-1008,SUP-051,EMP281,TL-068,B
M9022,MA1A**********022,WO12022,Hatch Z,GA-1,Stn-03,2026-03-03 00:07,ENG-1272,SUP-093,EMP376,TL-030,B
M9023,MA1A**********023,WO12023,SUV Pro,GA-2,STN-01,2026-03-03 00:08,ENG-1348,SUP-043,EMP215,TL-097,B
M9024,MA1A**********024,WO12024,Hatch Z,TRIM-1,Stn-03,2026-03-03 00:10,ENG-1103,SUP-072,EMP125,TL-052,C
M9025,MA1A**********025,WO12025,SUV Pro,TRIM-1,STN-04,2026-03-03 00:11,ENG-1239,SUP-083,EMP169,TL-093,C
M9026,MA1A**********026,WO12026,Sedan X,GA-1,STN-03,2026-03-03 00:12,ENG-1362,SUP-143,EMP259,TL-027,A
M9027,MA1A**********027,WO12027,Sedan X,TRIM-1,STN-02,2026-03-03 00:13,ENG-1073,SUP-124,EMP182,TL-098,B
M9028,MA1A**********028,WO12028,SUV Pro,GA-2, stn-05 ,2026-03-03 00:15,ENG-1214,SUP-101,EMP199,TL-032,C
M9029,MA1A**********029,WO12029,Sedan X,GA-2,STN-03,2026-03-03 00:16,ENG-1071,SUP-103,EMP163,TL-093,B
M9030,MA1A**********030,WO12030,Sedan X,TRIM-1,STN-02,2026-03-03 00:17, eng-1001 ,SUP-173,EMP241,TL-098,C
M9031,MA1A**********031,WO12031,Sedan X,GA-1,STN-05,2026-03-03 00:18,ENG-1159,SUP-135,EMP152,TL-099,
M9032,MA1A**********032,WO12032,Sedan X,TRIM-1,STN-03,2026-03-03 00:20,ENG-1420,SUP-032,EMP377,TL-096,
M9033,MA1A**********033,WO12033,Sedan X,GA-1,Stn-03,2026-03-03 00:21,ENG-1466,SUP-185,EMP274,TL-035,A
M9034,MA1A**********034,WO12034,SUV Pro,PAINT-1,STN-01,2026-03-03 00:22,ENG-1320,SUP-120,EMP318,TL-075,B
M9035,MA1A**********035,WO12035,Hatch Z,TRIM-1,Stn-03,2026-03-03 00:23,ENG-1149,SUP-058,EMP367,TL-014,A
M9036,MA1A**********036,WO12036,Hatch Z,PAINT-1,STN-02,2026-03-03 00:25,ENG-1445,SUP-171,EMP353,TL-090,
M9037,MA1A**********037,WO12037,SUV Pro,GA-1, stn-05 ,2026-03-03 00:26,ENG-1053,SUP-198,EMP243,TL-093,C
M9038,MA1A**********038,WO12038,SUV Pro,PAINT-1,STN-04,2026-03-03 00:27,ENG-1341,SUP-065,EMP282,TL-011,A
M9039,MA1A**********039,WO12039,Sedan X,TRIM-1,STN-02,2026-03-03 00:28,ENG-1299,SUP-127,EMP213,TL-076,
M9040,MA1A**********040,WO12040,Hatch Z,PAINT-1,STN-01,2026-03-03 00:30,ENG-1399,SUP-182,EMP349,TL-072,
M9041,MA1A**********041,WO12041,Hatch Z,TRIM-1,STN-01,2026-03-03 00:31,ENG-1308,SUP-028,EMP150,TL-074,A
M9042,MA1A**********042,WO12042,Sedan X,GA-2,STN-03,2026-03-03 00:32,ENG-1297,SUP-173,EMP315,TL-051,A
M9043,MA1A**********043,WO12043,SUV Pro,TRIM-1,Stn-03,2026-03-03 00:33,ENG-1235,SUP-147,EMP367,TL-005,
M9044,MA1A**********044,WO12044,Hatch Z,TRIM-1, stn-05 ,2026-03-03 00:35,ENG-1464,SUP-007,EMP210,TL-073,B
M9045,MA1A**********045,WO12045,Sedan X,PAINT-1,STN-01,2026-03-03 00:36,ENG-1149,SUP-106,EMP114,TL-094,
M9046,MA1A**********046,WO12046,SUV Pro,PAINT-1,Stn-03,2026-03-03 00:37,ENG-1349,SUP-089,EMP280,TL-032,C
M9047,MA1A**********047,WO12047,SUV Pro,GA-1,STN-03,2026-03-03 00:38,ENG-1234,SUP-179,EMP234,TL-099,B
M9048,MA1A**********048,WO12048,Sedan X,PAINT-1, stn-05 ,2026-03-03 00:40,ENG-1205,SUP-193,EMP278,TL-100,B
M9049,MA1A**********049,WO12049,SUV Pro,GA-1,STN-03,2026-03-03 00:41,ENG-1180,SUP-158,EMP375,TL-095,B
M9050,MA1A**********050,WO12050,SUV Pro,PAINT-1,STN-01,2026-03-03 00:42,ENG-1468,SUP-185,EMP146,TL-082,
M9051,MA1A**********051,WO12051,SUV Pro,TRIM-1, stn-05 ,2026-03-03 00:43,ENG-1095,SUP-194,EMP295,TL-026,C
M9052,MA1A**********052,WO12052,Hatch Z,TRIM-1,STN-03,2026-03-03 00:45,ENG-1172,SUP-113,EMP285,TL-097,B
M9053,MA1A**********053,WO12053,Sedan X,PAINT-1,STN-01,2026-03-03 00:46,ENG-1057,SUP-049,EMP397,TL-040,C
M9054,MA1A**********054,WO12054,Hatch Z,GA-2,STN-04,2026-03-03 00:47,ENG-1316,SUP-179,EMP138,TL-026,A
M9055,MA1A**********055,WO12055,Sedan X,TRIM-1,Stn-03,2026-03-03 00:48,ENG-1134,SUP-038,EMP274,TL-069,C
M9056,MA1A**********056,WO12056,SUV Pro,GA-2,STN-04,2026-03-03 00:50,ENG-1053,SUP-189,EMP250,TL-079,A
M9057,MA1A**********057,WO12057,SUV Pro,GA-2,STN-04,2026-03-03 00:51,ENG-1422,SUP-011,EMP225,TL-071,B
M9058,MA1A**********058,WO12058,Hatch Z,PAINT-1,STN-01,2026-03-03 00:52,ENG-1253,SUP-058,EMP212,TL-032,B
M9059,MA1A**********059,WO12059,SUV Pro,GA-2,STN-02,2026-03-03 00:53,ENG-1006,SUP-076,EMP224,TL-003,
M9060,MA1A**********060,WO12060,SUV Pro,TRIM-1,STN-05,2026-03-03 00:55,ENG-1282,SUP-146,EMP198,TL-053,B
M9061,MA1A**********061,WO12061,Hatch Z,TRIM-1, stn-05 ,2026-03-03 00:56,ENG-1294,SUP-100,EMP233,TL-091,C
M9062,MA1A**********062,WO12062,SUV Pro,TRIM-1,STN-03,2026-03-03 00:57,ENG-1186,SUP-061,EMP263,TL-070,C
M9063,MA1A**********063,WO12063,Sedan X,GA-2,STN-03,2026-03-03 00:58,ENG-1440,SUP-180,EMP226,TL-069,B
M9064,MA1A**********064,WO12064,Sedan X,TRIM-1,STN-05,2026-03-03 01:00,ENG-1160,SUP-027,EMP216,TL-093,C
M9065,MA1A**********065,WO12065,Hatch Z,GA-2,STN-04,2026-03-03 01:01,ENG-1137,SUP-148,EMP127,TL-059,
M9066,MA1A**********066,WO12066,SUV Pro,TRIM-1,STN-01,2026-03-03 01:02,ENG-1488,SUP-044,EMP111,TL-072,
M9067,MA1A**********067,WO12067,Hatch Z,GA-1,STN-03,2026-03-03 01:03,ENG-1244,SUP-181,EMP175,TL-009,C
M9068,MA1A**********068,WO12068,Sedan X,PAINT-1,STN-05,2026-03-03 01:05,ENG-1129,SUP-187,EMP114,TL-092,
M9069,MA1A**********069,WO12069,SUV Pro,GA-2,STN-04,2026-03-03 01:06,ENG-1110,SUP-170,EMP331,TL-040,C
M9070,MA1A**********070,WO12070,SUV Pro,GA-2,STN-05,2026-03-03 01:07,ENG-1408,SUP-131,EMP308,TL-019,C
M9071,MA1A**********071,WO12071,Sedan X,GA-1, stn-05 ,2026-03-03 01:08,ENG-1386,SUP-092,EMP161,TL-100,A
M9072,MA1A**********072,WO12072,Hatch Z,GA-1,STN-05,2026-03-03 01:10,ENG-1211,SUP-187,EMP182,TL-094,B
M9073,MA1A**********073,WO12073,Sedan X,GA-2,Stn-03,2026-03-03 01:11,ENG-1092,SUP-008,EMP353,TL-094,A
M9074,MA1A**********074,WO12074,SUV Pro,GA-1,STN-01,2026-03-03 01:12,ENG-1484,SUP-104,EMP393,TL-090,
M9075,MA1A**********075,WO12075,SUV Pro,TRIM-1, stn-05 ,2026-03-03 01:13,ENG-1242,SUP-036,EMP275,TL-024,A
M9076,MA1A**********076,WO12076,SUV Pro,PAINT-1,STN-02,2026/03/03 01:15,ENG-1362,SUP-111,EMP229,TL-064,A
M9077,MA1A**********077,WO12077,Sedan X,PAINT-1,STN-04,2026-03-03 01:16,ENG-1102,SUP-059,EMP279,TL-083,A
M9078,MA1A**********078,WO12078,SUV Pro,TRIM-1,Stn-03,2026-03-03 01:17,ENG-1048,SUP-135,EMP231,TL-003,A
M9079,MA1A**********079,WO12079,Hatch Z,GA-1, stn-05 ,2026-03-03 01:18,ENG-1191,SUP-025,EMP186,TL-001,A
M9080,MA1A**********080,WO12080,Sedan X,PAINT-1,STN-04,2026-03-03 01:20,ENG-1156,SUP-008,EMP390,TL-073,C
M9081,MA1A**********081,WO12081,Sedan X,GA-2,STN-02,2026-03-03 01:21,ENG-1325,SUP-159,EMP355,TL-024,B
M9082,MA1A**********082,WO12082,SUV Pro,GA-1,Stn-03,2026-03-03 01:22,ENG-1349,SUP-040,EMP291,TL-074,B
M9083,MA1A**********083,WO12083,SUV Pro,GA-2,STN-05,2026-03-03 01:23,ENG-1076,SUP-114,EMP115,TL-080,A
M9084,MA1A**********084,WO12084,Hatch Z,GA-1,Stn-03,2026-03-03 01:25,ENG-1478,SUP-080,EMP249,TL-014,C
M9085,MA1A**********085,WO12085,Hatch Z,GA-2,STN-05,2026-03-03 01:26,ENG-1265,SUP-043,EMP151,TL-064,B
M9086,MA1A**********086,WO12086,Hatch Z,GA-2,STN-05,2026-03-03 01:27,ENG-1471,SUP-087,EMP332,TL-085,
M9087,MA1A**********087,WO12087,SUV Pro,GA-1, stn-05 ,2026-03-03 01:28,ENG-1283,SUP-017,EMP273,TL-032,C
M9088,MA1A**********088,WO12088,Sedan X,GA-2,Stn-03,2026-03-03 01:30,ENG-1251,SUP-049,EMP306,TL-006,C
M9089,MA1A**********089,WO12089,Sedan X,TRIM-1,Stn-03,2026-03-03 01:31,ENG-1431,SUP-169,EMP150,TL-067,A
M9090,MA1A**********090,WO12090,Hatch Z,PAINT-1,STN-05,2026-03-03 01:32,ENG-1288,SUP-148,EMP372,TL-067,
M9091,MA1A**********091,WO12091,Hatch Z,GA-2,STN-03,2026-03-03 01:33,ENG-1164,SUP-035,EMP329,TL-098,B
M9092,MA1A**********092,WO12092,SUV Pro,TRIM-1,STN-04,2026-03-03 01:35,ENG-1222,SUP-097,EMP142,TL-063,A
M9093,MA1A**********093,WO12093,SUV Pro,GA-1,STN-03,2026-03-03 01:36,ENG-1287,SUP-124,EMP299,TL-040,
M9094,MA1A**********094,WO12094,SUV Pro,GA-1,STN-05,2026-03-03 01:37,ENG-1425,SUP-011,EMP196,TL-012,C
M9095,MA1A**********095,WO12095,Hatch Z,GA-2, stn-05 ,2026-03-03 01:38,ENG-1160,SUP-190,EMP124,TL-069,A
M9096,MA1A**********096,WO12096,Sedan X,PAINT-1,STN-04,2026-03-03 01:40,ENG-1096,SUP-091,EMP375,TL-007,
M9097,MA1A**********097,WO12097,Hatch Z,GA-2,STN-05,2026-03-03 01:41,ENG-1189,SUP-175,EMP122,TL-028,A
M9098,MA1A**********098,WO12098,SUV Pro,GA-2,STN-02,2026-03-03 01:42,ENG-1364,SUP-082,EMP137,TL-092,B
M9099,MA1A**********099,WO12099,SUV Pro,GA-2,STN-05,2026-03-03 01:43,ENG-1327,SUP-157,EMP107,TL-006,
M9100,MA1A**********100,WO12100,Sedan X,GA-1,STN-03,2026-03-03 01:45,ENG-1002,SUP-062,EMP269,TL-023,
M9101,MA1A**********101,WO12101,Sedan X,PAINT-1,Stn-03,2026-03-03 01:46,ENG-1205,SUP-012,EMP179,TL-019,B
M9102,MA1A**********102,WO12102,Hatch Z,PAINT-1,STN-04,2026-03-03 01:47,ENG-1348,SUP-147,EMP258,TL-027,C
M9103,MA1A**********103,WO12103,SUV Pro,GA-1,STN-04,2026-03-03 01:48,ENG-1421,SUP-106,EMP293,TL-036,B
M9104,MA1A**********104,WO12104,SUV Pro,PAINT-1,STN-05,2026-03-03 01:50,ENG-1005,SUP-161,EMP302,TL-006,
M9105,MA1A**********105,WO12105,Sedan X,GA-2,STN-01,2026-03-03 01:51,ENG-1326,SUP-030,EMP159,TL-021,
M9106,MA1A**********106,WO12106,Sedan X,GA-2,STN-05,2026-03-03 01:52,ENG-1167,SUP-043,EMP231,TL-088,
M9107,MA1A**********107,WO12107,SUV Pro,PAINT-1,STN-03,2026-03-03 01:53,ENG-1438,SUP-146,EMP233,TL-014,A
M9108,MA1A**********108,WO12108,SUV Pro,GA-2,STN-01,2026-03-03 01:55,ENG-1284,SUP-128,EMP202,TL-017,A
M9109,MA1A**********109,WO12109,SUV Pro,TRIM-1,STN-01,2026-03-03 01:56,ENG-1057,SUP-059,EMP119,TL-050,B
M9110,MA1A**********110,WO12110,Sedan X,GA-1,STN-02,2026-03-03 01:70,ENG-1223,SUP-158,EMP289,TL-057,B
M9111,MA1A**********111,WO12111,SUV Pro,GA-1, stn-05 ,2026-03-03 01:58,ENG-1478,SUP-129,EMP196,TL-099,B
M9112,MA1A**********112,WO12112,Hatch Z,PAINT-1,STN-01,2026-03-03 02:00,ENG-1291,SUP-004,EMP178,TL-044,C
M9113,MA1A**********113,WO12113,Sedan X,PAINT-1,STN-04,2026-03-03 02:01,ENG-1102,SUP-165,EMP128,TL-051,
M9114,MA1A**********114,WO12114,Sedan X,PAINT-1,STN-05,2026-03-03 02:02,ENG-1032,SUP-058,EMP194,TL-081,B
M9115,MA1A**********115,WO12115,SUV Pro,TRIM-1,STN-01,2026-03-03 02:03,ENG-1446,SUP-113,EMP135,TL-032,C
M9116,MA1A**********116,WO12116,Hatch Z,GA-2,STN-02,2026-03-03 02:05,ENG-1280,SUP-082,EMP129,TL-015,A
M9117,MA1A**********117,WO12117,SUV Pro,GA-1,STN-05,2026-03-03 02:06,ENG-1368,SUP-044,EMP264,TL-048,A
M9118,MA1A**********118,WO12118,Sedan X,GA-1, stn-05 ,2026-03-03 02:07,ENG-1119,SUP-002,EMP295,TL-001,A
M9119,MA1A**********119,WO12119,SUV Pro,GA-1,Stn-03,2026-03-03 02:08,ENG-1114,SUP-196,EMP118,TL-073,A
M9120,MA1A**********120,WO12120,Sedan X,TRIM-1,STN-05,2026-03-03 02:10,ENG-1330,SUP-099,EMP244,TL-088,
M9121,MA1A**********121,WO12121,SUV Pro,GA-2, stn-05 ,2026-03-03 02:11,ENG-1251,SUP-157,EMP228,TL-045,
M9122,MA1A**********122,WO12122,SUV Pro,GA-2,STN-04,2026-03-03 02:12,ENG-1274,SUP-093,EMP214,TL-019,C
M9123,MA1A**********123,WO12123,Hatch Z,GA-2,STN-04,2026-03-03 02:13,ENG-1131,SUP-042,EMP288,TL-095,A
M9124,MA1A**********124,WO12124,SUV Pro,PAINT-1,STN-02,2026-03-03 02:15,ENG-1021,SUP-118,EMP310,TL-091,B
M9125,MA1A**********125,WO12125,SUV Pro,GA-2,Stn-03,2026-03-03 02:16,ENG-1320,SUP-091,EMP206,TL-052,
M9126,MA1A**********126,WO12126,SUV Pro,TRIM-1, stn-05 ,2026-03-03 02:17,ENG-1231,SUP-114,EMP298,TL-060,C
M9127,MA1A**********127,WO12127,SUV Pro,PAINT-1, stn-05 ,2026-03-03 02:18,ENG-1204,SUP-035,EMP371,TL-027,B
M9128,MA1A**********128,WO12128,Sedan X,GA-2,STN-05,2026-03-03 02:20,ENG-1099,SUP-187,EMP286,TL-060,
M9129,MA1A**********129,WO12129,SUV Pro,PAINT-1,STN-02,2026-03-03 02:21,ENG-1201,SUP-037,EMP340,TL-014,
M9130,MA1A**********130,WO12130,SUV Pro,TRIM-1,STN-01,2026-03-03 02:22,ENG-1102,SUP-056,EMP272,TL-071,B
M9131,MA1A**********131,WO12131,Hatch Z,TRIM-1,STN-05,2026-03-03 02:23,ENG-1221,SUP-047,EMP326,TL-004,B
M9132,MA1A**********132,WO12132,SUV Pro,GA-2,STN-03,2026-03-03 02:25,ENG-1381,SUP-175,EMP388,TL-099,B
M9133,MA1A**********133,WO12133,Hatch Z,TRIM-1,STN-05,2026-03-03 02:26,ENG-1400,SUP-051,EMP177,TL-053,C
M9134,MA1A**********134,WO12134,SUV Pro,GA-2,Stn-03,2026-03-03 02:27,ENG-1378,SUP-034,EMP349,TL-041,A
M9135,MA1A**********135,WO12135,Hatch Z,GA-1,Stn-03,2026-03-03 02:28,ENG-1033,SUP-022,EMP110,TL-002,A
M9136,MA1A**********136,WO12136,SUV Pro,GA-1,STN-03,2026-03-03 02:30,ENG-1476,SUP-092,EMP203,TL-096,B
M9137,MA1A**********137,WO12137,Sedan X,PAINT-1,Stn-03,2026-03-03 02:31,ENG-1033,SUP-093,EMP261,TL-075,
M9138,MA1A**********138,WO12138,SUV Pro,PAINT-1, stn-05 ,2026-03-03 02:32,ENG-1089,SUP-075,EMP255,TL-013,B
M9139,MA1A**********139,WO12139,Sedan X,GA-2,STN-04,2026-03-03 02:33,ENG-1060,SUP-137,EMP309,TL-021,
M9140,MA1A**********140,WO12140,Hatch Z,PAINT-1, stn-05 ,2026-03-03 02:35,ENG-1434,SUP-064,EMP158,TL-085,B
M9141,MA1A**********141,WO12141,SUV Pro,GA-1,Stn-03,2026-03-03 02:36,ENG-1020,SUP-035,EMP295,TL-061,
M9142,MA1A**********142,WO12142,SUV Pro,GA-2,Stn-03,2026-03-03 02:37,ENG-1010,SUP-151,EMP285,TL-057,B
M9143,MA1A**********143,WO12143,SUV Pro,GA-1,STN-04,2026-03-03 02:38,ENG-1484,SUP-172,EMP390,TL-045,C
M9144,MA1A**********144,WO12144,Sedan X,PAINT-1,STN-01,2026-03-03 02:40,ENG-1090,SUP-035,EMP253,TL-087,
M9145,MA1A**********145,WO12145,Sedan X,GA-1,Stn-03,2026-03-03 02:41,ENG-1491,SUP-172,EMP200,TL-082,C
M9146,MA1A**********146,WO12146,SUV Pro,GA-1,STN-03,2026-03-03 02:42,ENG-1308,SUP-127,EMP108,TL-080,
M9147,MA1A**********147,WO12147,Sedan X,PAINT-1,Stn-03,2026-03-03 02:43,ENG-1129,SUP-050,EMP362,TL-036,A
M9148,MA1A**********148,WO12148,SUV Pro,PAINT-1,STN-02,2026-03-03 02:45,ENG-1026,SUP-167,EMP222,TL-090,C
M9149,MA1A**********149,WO12149,SUV Pro,TRIM-1,STN-04,2026-03-03 02:46,ENG-1172,SUP-011,EMP239,TL-096,
M9150,MA1A**********150,WO12150,Hatch Z,GA-1,STN-03,2026-03-03 02:47,ENG-1282,SUP-009,EMP166,TL-080,A
M9151,MA1A**********151,WO12151,Hatch Z,GA-1,STN-03,2026-03-03 02:48,ENG-1194,SUP-052,EMP340,TL-049,
M9152,MA1A**********152,WO12152,Sedan X,PAINT-1, stn-05 ,2026-03-03 02:50,ENG-1192,SUP-086,EMP287,TL-066,
M9153,MA1A**********153,WO12153,SUV Pro,PAINT-1,STN-02,2026-03-03 02:51,ENG-1482,SUP-089,EMP233,TL-071,B
M9154,MA1A**********154,WO12154,SUV Pro,PAINT-1,STN-03,2026-03-03 02:52,ENG-1042,SUP-116,EMP143,TL-086,C
M9155,MA1A**********155,WO12155,Hatch Z,GA-1,STN-01,2026-03-03 02:53,ENG-1415,SUP-033,EMP154,TL-032,A
M9156,MA1A**********156,WO12156,Sedan X,PAINT-1,STN-01,2026-03-03 02:55,ENG-1078,SUP-147,EMP221,TL-100,A
M9157,MA1A**********157,WO12157,Sedan X,GA-1, stn-05 ,2026-03-03 02:56,ENG-1006,SUP-189,EMP274,TL-080,A
M9158,MA1A**********158,WO12158,Sedan X,TRIM-1, stn-05 ,2026-03-03 02:57,ENG-1447,SUP-085,EMP154,TL-079,A
M9159,MA1A**********159,WO12159,Sedan X,GA-2,STN-02,2026-03-03 02:58,ENG-1470,SUP-191,EMP141,TL-024,A
M9160,MA1A**********160,WO12160,Hatch Z,GA-1,STN-01,2026-03-03 03:00,ENG-1221,SUP-176,EMP219,TL-027,A
M9161,MA1A**********161,WO12161,Hatch Z,GA-1,STN-04,2026-03-03 03:01,ENG-1164,SUP-161,EMP371,TL-025,
M9162,MA1A**********162,WO12162,Sedan X,TRIM-1,STN-05,2026-03-03 03:02,ENG-1361,SUP-048,EMP340,TL-037,A
M9163,MA1A**********163,WO12163,SUV Pro,GA-2,STN-05,2026-03-03 03:03,ENG-1003,SUP-021,EMP190,TL-026,C
M9164,MA1A**********164,WO12164,Sedan X,GA-2, stn-05 ,2026-03-03 03:05,ENG-1063,SUP-180,EMP138,TL-025,B
M9165,MA1A**********165,WO12165,SUV Pro,GA-2,STN-02,2026-03-03 03:06,ENG-1202,SUP-163,EMP251,TL-077,
M9166,MA1A**********166,WO12166,Hatch Z,PAINT-1,STN-02,2026-03-03 03:07,ENG-1218,SUP-065,EMP276,TL-095,B
M9167,MA1A**********167,WO12167,Hatch Z,GA-1, stn-05 ,2026-03-03 03:08,ENG-1455,SUP-175,EMP228,TL-037,B
M9168,MA1A**********168,WO12168,Sedan X,GA-1,STN-01,2026-03-03 03:10,ENG-1252,SUP-089,EMP130,TL-080,
M9169,MA1A**********169,WO12169,Sedan X,TRIM-1,STN-01,2026-03-03 03:11,ENG-1381,SUP-173,EMP145,TL-041,C
M9170,MA1A**********170,WO12170,Hatch Z,GA-1,STN-05,2026-03-03 03:12,ENG-1134,SUP-187,EMP263,TL-058,C
M9171,MA1A**********171,WO12171,Hatch Z,TRIM-1,STN-03,2026-03-03 03:13,ENG-1255,SUP-077,EMP350,TL-041,B
M9172,MA1A**********172,WO12172,Sedan X,GA-2,STN-01,2026-03-03 03:15,ENG-1353,SUP-091,EMP309,TL-060,
M9173,MA1A**********173,WO12173,SUV Pro,TRIM-1,STN-04,2026-03-03 03:16,ENG-1444,SUP-119,EMP331,TL-020,B
M9174,MA1A**********174,WO12174,Hatch Z,TRIM-1,STN-04,2026-03-03 03:17,ENG-1486,SUP-007,EMP171,TL-999,C
M9175,MA1A**********175,WO12175,SUV Pro,GA-2,STN-04,2026-03-03 03:18, eng-1001 ,SUP-094,EMP107,TL-056,B
M9176,MA1A**********176,WO12176,Sedan X,GA-2,STN-02,2026-03-03 03:20,ENG-1048,SUP-005,EMP300,TL-061,B
M9177,MA1A**********177,WO12177,SUV Pro,PAINT-1,STN-02,2026-03-03 03:21,ENG-1011,SUP-128,EMP300,TL-021,C
M9178,MA1A**********178,WO12178,Hatch Z,PAINT-1,STN-02,2026-03-03 03:22,ENG-1097,SUP-125,EMP355,TL-056,
M9179,MA1A**********179,WO12179,Sedan X,TRIM-1, stn-05 ,2026-03-03 03:23,ENG-1030,SUP-091,EMP154,TL-009,C
M9180,MA1A**********180,WO12180,Hatch Z,TRIM-1,STN-05,2026-03-03 03:25,ENG-1148,SUP-037,EMP220,TL-067,
M9181,MA1A**********181,WO12181,Sedan X,TRIM-1,STN-04,2026-03-03 03:26,ENG-1006,SUP-079,EMP181,TL-044,C
M9182,MA1A**********182,WO12182,Hatch Z,TRIM-1,STN-05,2026-03-03 03:27,ENG-1062,SUP-154,EMP166,TL-068,C
M9183,MA1A**********183,WO12183,SUV Pro,PAINT-1,Stn-03,2026-03-03 03:28,ENG-1352,SUP-033,EMP289,TL-073,
M9184,MA1A**********184,WO12184,Sedan X,GA-1,STN-04,2026-03-03 03:30,ENG-1189,SUP-107,EMP226,TL-027,C
M9185,MA1A**********185,WO12185,Hatch Z,GA-2,Stn-03,2026-03-03 03:31,ENG-1462,SUP-081,EMP343,TL-999,C
M9186,MA1A**********186,WO12186,Hatch Z,PAINT-1,STN-05,2026-03-03 03:32,ENG-1406,SUP-085,EMP199,TL-017,C
M9187,MA1A**********187,WO12187,Hatch Z,GA-2, stn-05 ,2026-03-03 03:33,ENG-1303,SUP-157,EMP221,TL-032,
M9188,MA1A**********188,WO12188,Hatch Z,TRIM-1,STN-01,2026-03-03 03:35,ENG-1160,SUP-131,EMP148,TL-050,B
M9189,MA1A**********189,WO12189,Hatch Z,PAINT-1,STN-01,2026-03-03 03:36,ENG-1270,SUP-126,EMP336,TL-078,C
M9190,MA1A**********190,WO12190,Sedan X,TRIM-1,STN-04,2026-03-03 03:37,ENG-1398,SUP-050,EMP241,TL-092,B
M9191,MA1A**********191,WO12191,SUV Pro,GA-1,STN-04,2026-03-03 03:38,ENG-1126,SUP-058,EMP101,TL-042,C
M9192,MA1A**********192,WO12192,Hatch Z,TRIM-1,STN-05,2026-03-03 03:40,ENG-1074,SUP-070,EMP263,TL-063,C
M9193,MA1A**********193,WO12193,Hatch Z,GA-2,Stn-03,2026-03-03 03:41,ENG-1415,SUP-166,EMP196,TL-077,A
M9194,MA1A**********194,WO12194,SUV Pro,GA-1, stn-05 ,2026-03-03 03:42,ENG-1453,SUP-050,EMP368,TL-065,C
M9195,MA1A**********195,WO12195,Sedan X,TRIM-1,STN-04,2026-03-03 03:43,ENG-1358,SUP-003,EMP252,TL-034,B
M9196,MA1A**********196,WO12196,Sedan X,PAINT-1,STN-01,2026-03-03 03:45,ENG-1014,SUP-167,EMP315,TL-011,C
M9197,MA1A**********197,WO12197,SUV Pro,GA-2,STN-04,2026-03-03 03:46,ENG-1320,SUP-098,EMP384,TL-021,
M9198,MA1A**********198,WO12198,SUV Pro,GA-1,STN-03,2026-03-03 03:47,ENG-1233,SUP-071,EMP201,TL-091,
M9199,MA1A**********199,WO12199,SUV Pro,GA-2,STN-05,2026-03-03 03:48,ENG-1065,SUP-083,EMP108,TL-016,A
M9200,MA1A**********200,WO12200,SUV Pro,TRIM-1,STN-03,2026-03-03 03:50,ENG-1072,SUP-081,EMP292,TL-071,A
M9201,MA1A**********201,WO12201,Hatch Z,TRIM-1, stn-05 ,2026-03-03 03:51,ENG-1165,SUP-102,EMP191,TL-042,A
M9202,MA1A**********202,WO12202,Hatch Z,PAINT-1,STN-03,2026-03-03 03:52,ENG-1289,SUP-194,EMP391,TL-006,A
M9203,MA1A**********203,WO12203,Hatch Z,GA-2,STN-04,2026-03-03 03:53,ENG-1032,SUP-018,EMP171,TL-020,A
M9204,MA1A**********204,WO12204,Hatch Z,GA-2, stn-05 ,2026-03-03 03:55,ENG-1120,SUP-024,EMP284,TL-046,C
M9205,MA1A**********205,WO12205,Sedan X,TRIM-1,STN-03,2026-03-03 03:56,ENG-1384,SUP-018,EMP352,TL-052,A
M9206,MA1A**********206,WO12206,Hatch Z,TRIM-1, stn-05 ,2026-03-03 03:57,ENG-1404,SUP-102,EMP179,TL-071,A
M9207,MA1A**********207,WO12207,Sedan X,TRIM-1,STN-02,2026-03-03 03:58,ENG-1059,SUP-196,EMP233,TL-030,B
M9208,MA1A**********208,WO12208,Sedan X,GA-1,STN-01,2026-03-03 04:00,ENG-1329,SUP-179,EMP215,TL-062,A
M9209,MA1A**********209,WO12209,Sedan X,GA-2,Stn-03,2026-03-03 04:01,ENG-1119,SUP-040,EMP170,TL-065,C
M9210,MA1A**********210,WO12210,SUV Pro,TRIM-1,Stn-03,2026-03-03 04:02,ENG-1324,SUP-172,EMP302,TL-003,C
M9211,MA1A**********211,WO12211,SUV Pro,GA-1, stn-05 ,2026-03-03 04:03,ENG-1365,SUP-179,EMP312,TL-071,A
M9212,MA1A**********212,WO12212,Sedan X,GA-2,STN-05,2026-03-03 04:05,ENG-1018,SUP-054,EMP217,TL-075,
M9213,MA1A**********213,WO12213,Sedan X,PAINT-1, stn-05 ,2026-03-03 04:06,ENG-1041,SUP-149,EMP288,TL-066,B
M9214,MA1A**********214,WO12214,SUV Pro,GA-2,STN-02,2026-03-03 04:07,ENG-1274,SUP-002,EMP244,TL-035,C
M9215,MA1A**********215,WO12215,Hatch Z,TRIM-1,STN-02,2026-03-03 04:08,ENG-1427,SUP-052,EMP231,TL-043,B
M9216,MA1A**********216,WO12216,SUV Pro,PAINT-1,STN-04,2026-03-03 04:10,ENG-1061,SUP-167,EMP246,TL-058,A
M9217,MA1A**********217,WO12217,SUV Pro,TRIM-1,STN-02,2026-03-03 04:11,ENG-1094,SUP-029,EMP121,TL-050,A
M9218,MA1A**********218,WO12218,Hatch Z,GA-2,STN-02,2026-03-03 04:12,ENG-1388,SUP-146,EMP252,TL-089,B
M9219,MA1A**********219,WO12219,Hatch Z,PAINT-1,STN-03,2026-03-03 04:13,ENG-1237,SUP-014,EMP217,TL-073,C
M9220,MA1A**********220,WO12220,Sedan X,GA-1,STN-03,2026-03-03 04:15,ENG-1006,,EMP210,TL-024,C
M9221,MA1A**********221,WO12221,Sedan X,TRIM-1, stn-05 ,2026-03-03 04:16,ENG-1198,SUP-185,EMP267,TL-059,
M9222,MA1A**********222,WO12222,Hatch Z,GA-2,STN-04,2026-03-03 04:17,ENG-1245,SUP-144,EMP246,TL-086,B
M9223,MA1A**********223,WO12223,Sedan X,GA-1,STN-01,2026-03-03 04:18,ENG-1436,SUP-008,EMP125,TL-002,C
M9224,MA1A**********224,WO12224,Sedan X,PAINT-1,STN-04,2026-03-03 04:20,ENG-1195,SUP-187,EMP390,TL-021,A
M9225,MA1A**********225,WO12225,Sedan X,PAINT-1,STN-02,2026-03-03 04:21,ENG-1330,SUP-049,EMP316,TL-095,C
M9226,MA1A**********226,WO12226,Sedan X,PAINT-1,STN-04,2026-03-03 04:22,ENG-1334,SUP-006,EMP252,TL-099,A
M9227,MA1A**********227,WO12227,Sedan X,PAINT-1,STN-02,2026-03-03 04:23,ENG-1134,SUP-117,EMP204,TL-016,A
M9228,MA1A**********228,WO12228,SUV Pro,GA-2,STN-01,2026-03-03 04:25,ENG-1057,SUP-023,EMP220,TL-059,C
M9229,MA1A**********229,WO12229,SUV Pro,GA-1, stn-05 ,2026-03-03 04:26,ENG-1288,SUP-123,EMP132,TL-094,B
M9230,MA1A**********230,WO12230,Sedan X,GA-1,STN-04,2026-03-03 04:27,ENG-1347,SUP-097,EMP115,TL-005,
M9231,MA1A**********231,WO12231,SUV Pro,TRIM-1,STN-04,2026-03-03 04:28,ENG-1089,SUP-004,EMP395,TL-006,A
M9232,MA1A**********232,WO12232,SUV Pro,PAINT-1, stn-05 ,2026-03-03 04:30,ENG-1245,SUP-052,EMP236,TL-004,C
M9233,MA1A**********233,WO12233,Sedan X,GA-2, stn-05 ,2026-03-03 04:31,ENG-1229,SUP-001,EMP122,TL-073,
M9234,MA1A**********234,WO12234,Hatch Z,TRIM-1,Stn-03,2026-03-03 04:32,ENG-1118,SUP-184,EMP124,TL-037,C
M9235,MA1A**********235,WO12235,Sedan X,PAINT-1,STN-04,2026-03-03 04:33,ENG-1420,SUP-121,EMP378,TL-021,C
M9236,MA1A**********236,WO12236,Hatch Z,PAINT-1, stn-05 ,2026-03-03 04:35,ENG-1282,SUP-139,EMP174,TL-042,C
M9237,MA1A**********237,WO12237,SUV Pro,GA-2,STN-05,2026-03-03 04:36,ENG-1205,SUP-096,EMP339,TL-045,C
M9238,MA1A**********238,WO12238,Sedan X,TRIM-1, stn-05 ,2026-03-03 04:37,ENG-1277,SUP-105,EMP284,TL-056,A
M9239,MA1A**********239,WO12239,Hatch Z,PAINT-1,STN-02,2026-03-03 04:38,ENG-1170,SUP-092,EMP338,TL-058,B
M9240,MA1A**********240,WO12240,Sedan X,PAINT-1,STN-05,2026-03-03 04:40,ENG-1470,SUP-161,EMP174,TL-077,C
M9241,MA1A**********241,WO12241,Hatch Z,GA-2,Stn-03,2026-03-03 04:41,ENG-1408,SUP-147,EMP171,TL-027,
M9242,MA1A**********242,WO12242,Sedan X,TRIM-1,STN-01,2026-03-03 04:42,ENG-1256,SUP-140,EMP121,TL-067,A
M9243,MA1A**********243,WO12243,Hatch Z,GA-1,STN-03,2026-03-03 04:43,ENG-1478,SUP-141,EMP184,TL-095,B
M9244,MA1A**********244,WO12244,Hatch Z,PAINT-1,STN-04,2026-03-03 04:45,ENG-1059,SUP-084,EMP291,TL-071,
M9245,MA1A**********245,WO12245,Hatch Z,TRIM-1,STN-02,2026-03-03 04:46,ENG-1295,SUP-090,EMP308,TL-089,A
M9246,MA1A**********246,WO12246,Sedan X,TRIM-1,STN-02,2026-03-03 04:47,ENG-1427,SUP-178,EMP196,TL-092,A
M9247,MA1A**********247,WO12247,Hatch Z,GA-1,STN-04,2026-03-03 04:48,ENG-1073,SUP-019,EMP256,TL-031,
M9248,MA1A**********248,WO12248,SUV Pro,GA-2,STN-05,2026-03-03 04:50,ENG-1326,SUP-025,EMP197,TL-004,A
M9249,MA1A**********249,WO12249,Sedan X,PAINT-1,STN-01,2026/03/03 04:51,ENG-1106,SUP-048,EMP136,TL-009,C
M9250,MA1A**********250,WO12250,SUV Pro,GA-1,STN-04,2026-03-03 04:52,ENG-1483,SUP-092,EMP306,TL-002,C
M9251,MA1A**********251,WO12251,SUV Pro,TRIM-1,STN-03,2026-03-03 04:53,ENG-1106,SUP-078,EMP319,TL-080,
M9252,MA1A**********252,WO12252,Hatch Z,GA-1, stn-05 ,2026-03-03 04:55,ENG-1251,SUP-009,EMP355,TL-041,C
M9253,MA1A**********253,WO12253,Sedan X,PAINT-1, stn-05 ,2026-03-03 04:56,ENG-1242,SUP-099,EMP375,TL-099,A
M9254,MA1A**********254,WO12254,SUV Pro,PAINT-1, stn-05 ,2026-03-03 04:57,ENG-1251,SUP-007,EMP294,TL-005,
M9255,MA1A**********255,WO12255,Sedan X,TRIM-1,STN-03,2026-03-03 04:58,ENG-1278,SUP-024,EMP142,TL-032,A
M9256,MA1A**********256,WO12256,SUV Pro,TRIM-1, stn-05 ,2026-03-03 05:00,ENG-1172,SUP-062,EMP340,TL-005,C
M9257,MA1A**********257,WO12257,SUV Pro,TRIM-1,STN-02,2026-03-03 05:01,ENG-1314,SUP-106,EMP148,TL-002,B
M9258,MA1A**********258,WO12258,Hatch Z,GA-1,STN-05,2026-03-03 05:02,ENG-1227,SUP-018,EMP357,TL-024,
M9259,MA1A**********259,WO12259,SUV Pro,TRIM-1,Stn-03,2026-03-03 05:03,ENG-1473,SUP-138,EMP124,TL-033,A
M9260,MA1A**********260,WO12260,Hatch Z,TRIM-1,STN-02,2026-03-03 05:05,ENG-1461,SUP-116,EMP250,TL-021,A
M9261,MA1A**********261,WO12261,SUV Pro,PAINT-1,STN-04,2026-03-03 05:06,ENG-1056,SUP-176,EMP179,TL-010,B
M9262,MA1A**********262,WO12262,SUV Pro,TRIM-1,STN-02,2026-03-03 05:07,ENG-1002,SUP-100,EMP190,TL-099,
M9263,MA1A**********263,WO12263,Sedan X,PAINT-1,STN-02,2026-03-03 05:08,ENG-1114,SUP-088,EMP398,TL-064,B
M9264,MA1A**********264,WO12264,Hatch Z,TRIM-1,Stn-03,2026-03-03 05:10,ENG-1358,SUP-030,EMP151,TL-022,B
M9265,MA1A**********265,WO12265,Sedan X,GA-1,STN-04,2026-03-03 05:11,ENG-1254,SUP-094,EMP320,TL-003,C
M9266,MA1A**********266,WO12266,Hatch Z,GA-1,STN-04,2026-03-03 05:12,ENG-1242,SUP-009,EMP242,TL-056,
M9267,MA1A**********267,WO12267,Sedan X,GA-1,STN-01,2026-03-03 05:13,ENG-1134,SUP-171,EMP283,TL-061,
M9268,MA1A**********268,WO12268,Hatch Z,GA-2,STN-02,2026-03-03 05:15,ENG-1061,SUP-007,EMP182,TL-012,B
M9269,MA1A**********269,WO12269,Hatch Z,GA-2,STN-04,2026-03-03 05:16,ENG-1337,SUP-140,EMP291,TL-072,C
M9270,MA1A**********270,WO12270,SUV Pro,GA-1,Stn-03,2026-03-03 05:17,ENG-1336,SUP-048,EMP398,TL-053,A
M9271,MA1A**********271,WO12271,Hatch Z,GA-1,STN-02,2026-03-03 05:18,ENG-1103,SUP-038,EMP253,TL-018,
M9272,MA1A**********272,WO12272,Sedan X,PAINT-1,STN-01,2026-03-03 05:20,ENG-1261,SUP-004,EMP157,TL-068,C
M9273,MA1A**********273,WO12273,Hatch Z,GA-1,STN-03,2026-03-03 05:21,ENG-1450,SUP-036,EMP263,TL-032,
M9274,MA1A**********274,WO12274,Sedan X,GA-2, stn-05 ,2026-03-03 05:22,ENG-1243,SUP-123,EMP345,TL-028,A
M9275,MA1A**********275,WO12275,Sedan X,TRIM-1,STN-05,2026-03-03 05:23,ENG-1324,SUP-161,EMP377,TL-010,B
M9276,MA1A**********276,WO12276,Hatch Z,GA-2,Stn-03,2026-03-03 05:25,ENG-1261,SUP-038,EMP134,TL-062,A
M9277,MA1A**********277,WO12277,Hatch Z,GA-2,STN-02,2026-03-03 05:26,ENG-1320,SUP-193,EMP311,TL-081,C
M9278,MA1A**********278,WO12278,Sedan X,PAINT-1,STN-04,2026-03-03 05:27,ENG-1030,SUP-193,EMP321,TL-006,C
M9279,MA1A**********279,WO12279,SUV Pro,GA-1,STN-02,2026-03-03 05:28,ENG-1343,SUP-186,EMP291,TL-051,
M9280,MA1A**********280,WO12280,Hatch Z,GA-2, stn-05 ,2026-03-03 05:30,ENG-1464,SUP-033,EMP345,TL-079,
M9281,MA1A**********281,WO12281,Hatch Z,GA-2,STN-02,2026-03-03 05:31,ENG-1306,SUP-134,EMP247,TL-064,A
M9282,MA1A**********282,WO12282,SUV Pro,GA-1,STN-04,2026-03-03 05:32,ENG-1033,SUP-144,EMP143,TL-091,B
M9283,MA1A**********283,WO12283,Hatch Z,GA-1,STN-03,2026-03-03 05:33,ENG-1142,SUP-101,EMP243,TL-060,C
M9284,MA1A**********284,WO12284,SUV Pro,PAINT-1,STN-03,2026-03-03 05:35,ENG-1437,SUP-121,EMP361,TL-063,
M9285,MA1A**********285,WO12285,Hatch Z,GA-2,STN-04,2026-03-03 05:36,ENG-1172,SUP-024,EMP350,TL-044,A
M9286,MA1A**********286,WO12286,SUV Pro,PAINT-1,STN-03,2026-03-03 05:37,ENG-1447,SUP-074,EMP362,TL-030,C
M9287,MA1A**********287,WO12287,SUV Pro,GA-2,STN-05,2026-03-03 05:38,ENG-1097,SUP-090,EMP256,TL-025,C
M9288,MA1A**********288,WO12288,Hatch Z,TRIM-1,STN-03,2026-03-03 05:40,ENG-1135,SUP-154,EMP317,TL-086,B
M9289,MA1A**********289,WO12289,Hatch Z,GA-2,Stn-03,2026-03-03 05:41,ENG-1394,SUP-177,EMP251,TL-025,C
M9290,MA1A**********290,WO12290,Hatch Z,PAINT-1,STN-02,2026-03-03 05:42,ENG-1408,SUP-119,EMP397,TL-067,B
M9291,MA1A**********291,WO12291,Sedan X,PAINT-1, stn-05 ,2026-03-03 05:43,ENG-1126,SUP-053,EMP272,TL-024,
M9292,MA1A**********292,WO12292,SUV Pro,GA-2,STN-04,2026-03-03 05:45,ENG-1247,SUP-184,EMP238,TL-073,
M9293,MA1A**********293,WO12293,Hatch Z,PAINT-1,STN-02,2026-03-03 05:46,ENG-1130,SUP-156,EMP136,TL-033,A
M9294,MA1A**********294,WO12294,SUV Pro,TRIM-1,STN-01,2026-03-03 05:47,ENG-1034,SUP-049,EMP230,TL-064,
M9295,MA1A**********295,WO12295,Hatch Z,PAINT-1,STN-05,2026-03-03 05:48,ENG-1290,SUP-108,EMP201,TL-035,A
M9296,MA1A**********296,WO12296,SUV Pro,TRIM-1,STN-05,2026-03-03 05:50,ENG-1055,SUP-122,EMP323,TL-050,C
M9297,MA1A**********297,WO12297,Sedan X,GA-2,STN-02,2026-03-03 05:51,ENG-1062,SUP-093,EMP127,TL-006,A
M9298,MA1A**********298,WO12298,SUV Pro,GA-1,STN-05,2026-03-03 05:52,ENG-1274,SUP-069,EMP165,TL-999,A
M9299,MA1A**********299,WO12299,Hatch Z,TRIM-1,STN-02,2026-03-03 05:53,ENG-1020,SUP-170,EMP390,TL-008,A
M9300,MA1A**********300,WO12300,Sedan X,PAINT-1,STN-05,2026-03-03 05:55,ENG-1368,SUP-071,EMP245,TL-056,B
M9301,MA1A**********301,WO12301,Sedan X,GA-2,STN-05,2026-03-03 05:56,ENG-1309,SUP-147,EMP236,TL-071,C
M9302,MA1A**********302,WO12302,Sedan X,GA-2,STN-01,2026-03-03 05:57,ENG-1283,SUP-150,EMP262,TL-098,B
M9303,MA1A**********303,WO12303,Sedan X,TRIM-1,STN-02,2026-03-03 05:58,ENG-1277,SUP-158,EMP108,TL-021,A
M9304,MA1A**********304,WO12304,Hatch Z,PAINT-1,Stn-03,2026-03-03 06:00,ENG-1248,SUP-032,EMP148,TL-032,
M9305,MA1A**********305,WO12305,Sedan X,GA-2,STN-04,2026-03-03 06:01,ENG-1312,SUP-043,EMP188,TL-029,C
M9306,MA1A**********306,WO12306,Sedan X,GA-1,STN-02,2026-03-03 06:02,ENG-1343,SUP-079,EMP322,TL-075,
M9307,MA1A**********307,WO12307,SUV Pro,GA-2,STN-02,2026-03-03 06:03,ENG-1051,SUP-021,EMP309,TL-092,
M9308,MA1A**********308,WO12308,SUV Pro,GA-2, stn-05 ,2026-03-03 06:05,ENG-1454,SUP-099,EMP294,TL-003,C
M9309,MA1A**********309,WO12309,Sedan X,TRIM-1,STN-04,2026-03-03 06:06,ENG-1404,SUP-135,EMP275,TL-042,A
M9310,MA1A**********310,WO12310,SUV Pro,TRIM-1,Stn-03,2026-03-03 06:07,ENG-1226,SUP-156,EMP205,TL-048,B
M9311,MA1A**********311,WO12311,Hatch Z,GA-1,STN-05,2026-03-03 06:08,ENG-1428,SUP-179,EMP293,TL-022,
M9312,MA1A**********312,WO12312,Sedan X,GA-2,STN-03,2026-03-03 06:10,ENG-1180,SUP-104,EMP240,TL-032,C
M9313,MA1A**********313,WO12313,Sedan X,TRIM-1,STN-05,2026-03-03 06:11,ENG-1449,SUP-121,EMP112,TL-088,B
M9314,MA1A**********314,WO12314,Hatch Z,GA-1,STN-04,2026-03-03 06:12,ENG-1365,SUP-006,EMP299,TL-074,C
M9315,MA1A**********315,WO12315,SUV Pro,TRIM-1,STN-01,2026-03-03 06:13,ENG-1251,SUP-112,EMP328,TL-055,A
M9316,MA1A**********316,WO12316,SUV Pro,PAINT-1,STN-03,2026-03-03 06:15,ENG-1117,SUP-069,EMP287,TL-034,
M9317,MA1A**********317,WO12317,Sedan X,GA-2,STN-02,2026-03-03 06:16,ENG-1437,SUP-150,EMP364,TL-077,B
M9318,MA1A**********318,WO12318,Sedan X,TRIM-1,STN-03,2026-03-03 06:17,ENG-1024,SUP-195,EMP217,TL-012,B
M9319,MA1A**********319,WO12319,Sedan X,GA-1,STN-03,2026-03-03 06:18,ENG-1040,SUP-135,EMP230,TL-058,B
M9320,MA1A**********320,WO12320,SUV Pro,GA-2,Stn-03,2026-03-03 06:20, eng-1001 ,SUP-112,EMP242,TL-024,B
M9321,MA1A**********321,WO12321,SUV Pro,PAINT-1,STN-02,2026-03-03 06:70,ENG-1266,SUP-018,EMP218,TL-012,A
M9322,MA1A**********322,WO12322,Hatch Z,GA-2,STN-03,2026-03-03 06:22,ENG-1280,SUP-121,EMP316,TL-022,B
M9323,MA1A**********323,WO12323,Sedan X,GA-2,STN-05,2026-03-03 06:23,ENG-1364,SUP-020,EMP134,TL-099,A
M9324,MA1A**********324,WO12324,SUV Pro,GA-2,STN-05,2026-03-03 06:25,ENG-1063,SUP-200,EMP336,TL-071,C
M9325,MA1A**********325,WO12325,Hatch Z,GA-2,STN-02,2026-03-03 06:26,ENG-1273,SUP-048,EMP225,TL-999,A
M9326,MA1A**********326,WO12326,SUV Pro,GA-2,Stn-03,2026-03-03 06:27,ENG-1139,SUP-132,EMP110,TL-065,A
M9327,MA1A**********327,WO12327,SUV Pro,GA-2,STN-02,2026-03-03 06:28,ENG-1024,SUP-121,EMP179,TL-017,B
M9328,MA1A**********328,WO12328,Hatch Z,PAINT-1,STN-05,2026-03-03 06:30,ENG-1400,SUP-072,EMP336,TL-032,
M9329,MA1A**********329,WO12329,Sedan X,GA-1, stn-05 ,2026-03-03 06:31,ENG-1127,SUP-042,EMP121,TL-009,
M9330,MA1A**********330,WO12330,Sedan X,GA-1,STN-03,2026-03-03 06:32,ENG-1235,SUP-136,EMP350,TL-087,
M9331,XX1 **3 4,WO12331,Hatch Z,TRIM-1,STN-05,2026-03-03 06:33,ENG-1238,SUP-166,EMP366,TL-046,
M9332,MA1A**********332,WO12332,SUV Pro,TRIM-1,STN-02,2026-03-03 06:35,ENG-1257,SUP-128,EMP164,TL-005,B
M9333,MA1A**********333,WO12333,Sedan X,PAINT-1,Stn-03,2026-03-03 06:36,ENG-1152,SUP-030,EMP311,TL-049,
M9334,MA1A**********334,WO12334,SUV Pro,PAINT-1,STN-01,2026-03-03 06:37,ENG-1161,SUP-125,EMP201,TL-097,A
M9335,MA1A**********335,WO12335,Sedan X,TRIM-1,Stn-03,2026-03-03 06:38,ENG-1326,SUP-193,EMP175,TL-058,B
M9336,MA1A**********336,WO12336,Hatch Z,PAINT-1,STN-04,2026-03-03 06:40,ENG-1125,SUP-037,EMP108,TL-030,
M9337,MA1A**********337,WO12337,SUV Pro,TRIM-1,STN-04,2026-03-03 06:41,ENG-1238,SUP-183,EMP338,TL-048,B
M9338,MA1A**********338,WO12338,SUV Pro,GA-2,STN-04,2026-03-03 06:42,ENG-1491,SUP-014,EMP225,TL-019,A
M9339,MA1A**********339,WO12339,SUV Pro,PAINT-1,STN-01,2026-03-03 06:43,ENG-1179,SUP-120,EMP297,TL-084,
M9340,MA1A**********340,WO12340,Sedan X,PAINT-1,STN-03,2026-03-03 06:45,ENG-1420,SUP-132,EMP382,TL-062,A
M9341,MA1A**********341,WO12341,SUV Pro,GA-1,STN-03,2026-03-03 06:46,ENG-1169,SUP-050,EMP258,TL-065,B
M9342,MA1A**********342,WO12342,Sedan X,GA-1,STN-02,2026-03-03 06:47,ENG-1381,SUP-183,EMP387,TL-035,A
M9343,MA1A**********343,WO12343,Sedan X,GA-2, stn-05 ,2026-03-03 06:48,ENG-1266,SUP-096,EMP112,TL-058,
M9344,MA1A**********344,WO12344,SUV Pro,TRIM-1,STN-03,2026-03-03 06:50,ENG-1318,SUP-084,EMP245,TL-048,A
M9345,MA1A**********345,WO12345,Hatch Z,GA-1,STN-04,2026-03-03 06:51,ENG-1388,SUP-125,EMP321,TL-098,A
M9346,MA1A**********346,WO12346,Hatch Z,GA-1,STN-02,2026-03-03 06:52,ENG-1477,SUP-097,EMP269,TL-085,
M9347,MA1A**********347,WO12347,Hatch Z,PAINT-1,STN-02,2026-03-03 06:53,ENG-1072,SUP-196,EMP200,TL-012,
M9348,MA1A**********348,WO12348,SUV Pro,TRIM-1,STN-02,2026-03-03 06:55,ENG-1021,SUP-012,EMP255,TL-002,B
M9349,MA1A**********349,WO12349,Sedan X,TRIM-1,STN-05,2026-03-03 06:56,ENG-1099,SUP-107,EMP177,TL-055,C
M9350,MA1A**********350,WO12350,Sedan X,GA-1,STN-01,2026-03-03 06:57,ENG-1083,SUP-010,EMP235,TL-094,
M9351,MA1A**********351,WO12351,Sedan X,GA-2,STN-04,2026-03-03 06:58,ENG-1468,SUP-043,EMP352,TL-015,A
M9352,MA1A**********352,WO12352,Hatch Z,TRIM-1,Stn-03,2026-03-03 07:00,ENG-1460,SUP-088,EMP290,TL-061,C
M9353,MA1A**********353,WO12353,Hatch Z,PAINT-1, stn-05 ,2026-03-03 07:01,ENG-1340,SUP-084,EMP369,TL-020,C
M9354,MA1A**********354,WO12354,Hatch Z,GA-2,STN-02,2026-03-03 07:02,ENG-1417,SUP-006,EMP322,TL-062,C
M9355,MA1A**********355,WO12355,SUV Pro,PAINT-1,STN-04,2026-03-03 07:03,ENG-1498,SUP-186,EMP307,TL-007,C
M9356,MA1A**********356,WO12356,SUV Pro,GA-1,Stn-03,2026-03-03 07:05,ENG-1075,SUP-143,EMP214,TL-999,B
M9357,MA1A**********357,WO12357,Sedan X,TRIM-1,STN-02,2026-03-03 07:06,ENG-1474,SUP-026,EMP377,TL-065,C
M9358,MA1A**********358,WO12358,SUV Pro,TRIM-1,STN-04,2026-03-03 07:07,ENG-1290,SUP-085,EMP253,TL-011,B
M9359,MA1A**********359,WO12359,Sedan X,TRIM-1, stn-05 ,2026-03-03 07:08,ENG-1033,SUP-199,EMP260,TL-008,
M9360,MA1A**********360,WO12360,SUV Pro,TRIM-1,STN-02,2026-03-03 07:10,ENG-1212,SUP-122,EMP115,TL-043,C
M9361,MA1A**********361,WO12361,Sedan X,PAINT-1,STN-02,2026-03-03 07:11,ENG-1249,SUP-126,EMP302,TL-076,B
M9362,MA1A**********362,WO12362,SUV Pro,TRIM-1,Stn-03,2026-03-03 07:12,ENG-1120,SUP-074,EMP224,TL-079,B
M9363,MA1A**********363,WO12363,SUV Pro,GA-2,STN-05,2026-03-03 07:13,ENG-1167,SUP-152,EMP292,TL-011,A
M9364,MA1A**********364,WO12364,Sedan X,GA-1,Stn-03,2026-03-03 07:15,ENG-1377,SUP-003,EMP176,TL-070,
M9365,MA1A**********365,WO12365,SUV Pro,GA-1,Stn-03,2026-03-03 07:16,ENG-1413,SUP-179,EMP177,TL-007,A
M9366,MA1A**********366,WO12366,SUV Pro,GA-2,STN-01,2026-03-03 07:17,ENG-1068,SUP-075,EMP287,TL-087,C
M9367,MA1A**********367,WO12367,Hatch Z,GA-1,STN-01,2026-03-03 07:18,ENG-1084,SUP-080,EMP269,TL-013,A
M9368,MA1A**********368,WO12368,Hatch Z,GA-1,STN-01,2026-03-03 07:20,ENG-1314,SUP-001,EMP198,TL-022,
M9369,MA1A**********369,WO12369,SUV Pro,GA-1,STN-03,2026-03-03 07:21,ENG-1303,SUP-075,EMP369,TL-010,C
M9370,MA1A**********370,WO12370,Sedan X,GA-1,STN-04,2026-03-03 07:22,ENG-1310,SUP-067,EMP180,TL-083,A
M9371,MA1A**********371,WO12371,SUV Pro,GA-2, stn-05 ,2026-03-03 07:23,ENG-1145,SUP-009,EMP301,TL-044,B
M9372,MA1A**********372,WO12372,Hatch Z,TRIM-1,Stn-03,2026-03-03 07:25,ENG-1231,SUP-092,EMP360,TL-040,C
M9373,MA1A**********373,WO12373,Hatch Z,TRIM-1,STN-04,2026-03-03 07:26,ENG-1413,SUP-061,EMP258,TL-086,C
M9374,MA1A**********374,WO12374,Sedan X,GA-2,STN-04,2026-03-03 07:27,ENG-1076,SUP-181,EMP179,TL-005,A
M9375,MA1A**********375,WO12375,Sedan X,GA-1,STN-02,2026-03-03 07:28,ENG-1055,SUP-115,EMP164,TL-020,A
M9376,MA1A**********376,WO12376,SUV Pro,PAINT-1, stn-05 ,2026-03-03 07:30,ENG-1163,SUP-149,EMP222,TL-092,
M9377,MA1A**********377,WO12377,SUV Pro,TRIM-1,STN-01,2026-03-03 07:31,ENG-1476,SUP-165,EMP382,TL-094,C
M9378,MA1A**********378,WO12378,Hatch Z,GA-2,STN-04,2026-03-03 07:32,ENG-1335,SUP-009,EMP286,TL-021,
M9379,MA1A**********379,WO12379,Sedan X,PAINT-1,STN-01,2026-03-03 07:33,ENG-1025,SUP-009,EMP229,TL-050,B
M9380,MA1A**********380,WO12380,SUV Pro,TRIM-1, stn-05 ,2026-03-03 07:35,ENG-1494,SUP-102,EMP265,TL-058,B
M9381,MA1A**********381,WO12381,SUV Pro,TRIM-1, stn-05 ,2026-03-03 07:36,ENG-1161,SUP-193,EMP390,TL-090,B
M9382,MA1A**********382,WO12382,Sedan X,GA-2,STN-03,2026-03-03 07:37,ENG-1212,SUP-024,EMP349,TL-043,B
M9383,MA1A**********383,WO12383,Sedan X,GA-2,STN-02,2026-03-03 07:38,ENG-1262,SUP-155,EMP353,TL-036,B
M9384,MA1A**********384,WO12384,Hatch Z,GA-2,STN-04,2026-03-03 07:40,ENG-1019,SUP-198,EMP104,TL-081,C
M9385,MA1A**********385,WO12385,Hatch Z,PAINT-1,Stn-03,2026-03-03 07:41,ENG-1314,SUP-096,EMP272,TL-001,A
M9386,MA1A**********386,WO12386,SUV Pro,GA-2,STN-02,2026-03-03 07:42,ENG-1075,SUP-086,EMP358,TL-036,
M9387,MA1A**********387,WO12387,Hatch Z,GA-2,STN-04,2026-03-03 07:43,ENG-1394,SUP-188,EMP120,TL-059,C
M9388,MA1A**********388,WO12388,Hatch Z,TRIM-1,STN-01,2026-03-03 07:45,ENG-1145,SUP-086,EMP109,TL-053,A
M9389,MA1A**********389,WO12389,SUV Pro,TRIM-1,STN-04,2026-03-03 07:46,ENG-1468,SUP-156,EMP392,TL-030,C
M9390,MA1A**********390,WO12390,Hatch Z,GA-2,STN-04,2026-03-03 07:47,ENG-1135,SUP-077,EMP119,TL-030,C
M9391,MA1A**********391,WO12391,SUV Pro,PAINT-1,STN-01,2026-03-03 07:48,ENG-1271,SUP-059,EMP120,TL-029,
M9392,MA1A**********392,WO12392,Sedan X,TRIM-1,STN-01,2026-03-03 07:50,ENG-1220,SUP-013,EMP138,TL-036,
M9393,MA1A**********393,WO12393,Sedan X,PAINT-1,Stn-03,2026-03-03 07:51,ENG-1307,SUP-170,EMP126,TL-064,B
M9394,MA1A**********394,WO12394,Hatch Z,PAINT-1,Stn-03,2026-03-03 07:52,ENG-1059,SUP-061,EMP299,TL-072,C
M9395,MA1A**********395,WO12395,Sedan X,GA-2,STN-01,2026-03-03 07:53,ENG-1350,SUP-110,EMP140,TL-043,B
M9396,MA1A**********396,WO12396,SUV Pro,GA-1,STN-01,2026-03-03 07:55,ENG-1066,SUP-192,EMP232,TL-022,C
M9397,MA1A**********397,WO12397,Hatch Z,PAINT-1,STN-04,2026-03-03 07:56,ENG-1082,SUP-110,EMP204,TL-094,B
M9398,MA1A**********398,WO12398,SUV Pro,GA-1,Stn-03,2026-03-03 07:57,ENG-1477,SUP-074,EMP258,TL-070,A
M9399,MA1A**********399,WO12399,Sedan X,GA-2,Stn-03,2026-03-03 07:58,ENG-1062,SUP-001,EMP222,TL-009,C
M9400,MA1A**********400,WO12400,Sedan X,GA-1,Stn-03,2026-03-03 08:00,ENG-1231,SUP-087,EMP162,TL-065,
M9401,MA1A**********401,WO12401,Hatch Z,GA-1,STN-04,2026-03-03 08:01,ENG-1342,SUP-158,EMP242,TL-999,A
M9402,MA1A**********402,WO12402,SUV Pro,GA-1,STN-03,2026-03-03 08:02,ENG-1090,SUP-100,EMP196,TL-070,C
M9403,MA1A**********403,WO12403,Hatch Z,GA-1,STN-05,2026-03-03 08:03,ENG-1411,SUP-197,EMP144,TL-009,B
M9404,MA1A**********404,WO12404,Sedan X,PAINT-1,STN-02,2026-03-03 08:05,ENG-1267,SUP-177,EMP373,TL-025,
M9405,MA1A**********405,WO12405,Hatch Z,PAINT-1,STN-01,2026-03-03 08:06,ENG-1174,SUP-100,EMP321,TL-014,
M9406,MA1A**********406,WO12406,Sedan X,GA-2,STN-02,2026-03-03 08:07,ENG-1317,SUP-164,EMP347,TL-100,A
M9407,MA1A**********407,WO12407,Hatch Z,GA-2,Stn-03,2026-03-03 08:08,ENG-1336,SUP-200,EMP353,TL-072,
M9408,MA1A**********408,WO12408,SUV Pro,PAINT-1, stn-05 ,2026-03-03 08:10,ENG-1188,SUP-051,EMP121,TL-005,
M9409,MA1A**********409,WO12409,Sedan X,GA-1,STN-05,2026-03-03 08:11,ENG-1181,SUP-005,EMP290,TL-084,C
M9410,MA1A**********410,WO12410,SUV Pro,GA-1,STN-03,2026-03-03 08:12,ENG-1441,SUP-119,EMP143,TL-018,A
M9411,MA1A**********411,WO12411,Hatch Z,GA-1,STN-05,2026-03-03 08:13,ENG-1069,SUP-122,EMP353,TL-071,C
M9412,MA1A**********412,WO12412,Sedan X,GA-1,Stn-03,2026-03-03 08:15,ENG-1427,SUP-164,EMP262,TL-032,C
M9413,MA1A**********413,WO12413,Hatch Z,TRIM-1,STN-03,2026-03-03 08:16,ENG-1019,SUP-028,EMP128,TL-039,B
M9414,MA1A**********414,WO12414,Hatch Z,PAINT-1,Stn-03,2026-03-03 08:17,ENG-1194,SUP-040,EMP243,TL-044,
M9415,MA1A**********415,WO12415,Sedan X,PAINT-1,STN-01,2026-03-03 08:18,ENG-1255,SUP-079,EMP253,TL-053,A
M9416,MA1A**********416,WO12416,Sedan X,PAINT-1,STN-03,2026-03-03 08:20,ENG-1094,SUP-183,EMP147,TL-018,A
M9417,MA1A**********417,WO12417,SUV Pro,GA-1,STN-01,2026-03-03 08:21,ENG-1499,SUP-068,EMP270,TL-041,A
M9418,MA1A**********418,WO12418,Sedan X,GA-2,STN-05,2026-03-03 08:22,ENG-1409,SUP-021,EMP218,TL-007,C
M9419,MA1A**********419,WO12419,SUV Pro,GA-1,Stn-03,2026-03-03 08:23,ENG-1364,SUP-141,EMP395,TL-089,C
M9420,MA1A**********420,WO12420,Hatch Z,PAINT-1,STN-01,2026-03-03 08:25,ENG-1458,SUP-104,EMP120,TL-040,
M9421,MA1A**********421,WO12421,Sedan X,PAINT-1,STN-03,2026-03-03 08:26,ENG-1379,SUP-014,EMP170,TL-009,A
M9422,MA1A**********422,WO12422,Hatch Z,GA-1,STN-01,2026/03/03 08:27,ENG-1456,SUP-123,EMP121,TL-061,C
M9423,MA1A**********423,WO12423,SUV Pro,GA-1,STN-03,2026-03-03 08:28,ENG-1081,SUP-152,EMP387,TL-032,A
M9424,MA1A**********424,WO12424,SUV Pro,GA-2,STN-02,2026-03-03 08:30,ENG-1332,SUP-146,EMP153,TL-081,A
M9425,MA1A**********425,WO12425,SUV Pro,GA-2, stn-05 ,2026-03-03 08:31,ENG-1362,SUP-033,EMP186,TL-095,B
M9426,MA1A**********426,WO12426,SUV Pro,GA-1, stn-05 ,2026-03-03 08:32,ENG-1267,SUP-070,EMP395,TL-094,B
M9427,MA1A**********427,WO12427,SUV Pro,GA-2,STN-01,2026-03-03 08:33,ENG-1220,SUP-055,EMP298,TL-025,C
M9428,MA1A**********428,WO12428,SUV Pro,GA-2,STN-04,2026-03-03 08:35,ENG-1498,SUP-152,EMP310,TL-075,C
M9429,MA1A**********429,WO12429,SUV Pro,GA-2,STN-05,2026-03-03 08:36,ENG-1438,SUP-032,EMP315,TL-033,
M9430,MA1A**********430,WO12430,Sedan X,GA-1,STN-04,2026-03-03 08:37,ENG-1302,SUP-049,EMP229,TL-089,B
M9431,MA1A**********431,WO12431,Hatch Z,GA-2,Stn-03,2026-03-03 08:38,ENG-1328,SUP-149,EMP161,TL-086,B
M9432,MA1A**********432,WO12432,Sedan X,GA-1,STN-02,2026-03-03 08:40,ENG-1127,SUP-191,EMP123,TL-094,A
M9433,MA1A**********433,WO12433,Hatch Z,TRIM-1,STN-02,2026-03-03 08:41,ENG-1494,SUP-056,EMP241,TL-015,A
M9434,MA1A**********434,WO12434,Hatch Z,GA-2, stn-05 ,2026-03-03 08:42,ENG-1056,SUP-179,EMP107,TL-053,A
M9435,MA1A**********435,WO12435,SUV Pro,GA-2,STN-04,2026-03-03 08:43,ENG-1073,SUP-038,EMP163,TL-048,C
M9436,MA1A**********436,WO12436,SUV Pro,TRIM-1, stn-05 ,2026-03-03 08:45,ENG-1265,SUP-175,EMP240,TL-057,B
M9437,MA1A**********437,WO12437,Hatch Z,GA-2,STN-02,2026-03-03 08:46,ENG-1199,SUP-091,EMP196,TL-086,B
M9438,MA1A**********438,WO12438,SUV Pro,TRIM-1,STN-03,2026-03-03 08:47,ENG-1223,SUP-013,EMP229,TL-001,
M9439,MA1A**********439,WO12439,SUV Pro,GA-2,STN-01,2026-03-03 08:48,ENG-1400,SUP-016,EMP334,TL-068,C
M9440,MA1A**********440,WO12440,Sedan X,TRIM-1,STN-01,2026-03-03 08:50,ENG-1451,SUP-074,EMP172,TL-037,C
M9441,MA1A**********441,WO12441,Sedan X,TRIM-1,Stn-03,2026-03-03 08:51,ENG-1007,SUP-122,EMP371,TL-009,
M9442,MA1A**********442,WO12442,SUV Pro,PAINT-1, stn-05 ,2026-03-03 08:52,ENG-1114,,EMP330,TL-026,C
M9443,MA1A**********443,WO12443,SUV Pro,TRIM-1,STN-03,2026-03-03 08:53,ENG-1082,SUP-123,EMP212,TL-057,B
M9444,MA1A**********444,WO12444,Sedan X,GA-2, stn-05 ,2026-03-03 08:55,ENG-1248,SUP-099,EMP212,TL-071,B
M9445,MA1A**********445,WO12445,Sedan X,PAINT-1, stn-05 ,2026-03-03 08:56,ENG-1189,SUP-134,EMP230,TL-089,A
M9446,MA1A**********446,WO12446,SUV Pro,PAINT-1, stn-05 ,2026-03-03 08:57,ENG-1206,SUP-006,EMP132,TL-073,A
M9447,MA1A**********447,WO12447,Sedan X,PAINT-1,STN-03,2026-03-03 08:58,ENG-1414,SUP-063,EMP384,TL-079,B
M9448,MA1A**********448,WO12448,Hatch Z,TRIM-1,STN-05,2026-03-03 09:00,ENG-1001,SUP-039,EMP110,TL-042,
M9449,MA1A**********449,WO12449,Hatch Z,PAINT-1,STN-01,2026-03-03 09:01,ENG-1246,SUP-050,EMP195,TL-014,C
M9450,MA1A**********450,WO12450,Hatch Z,TRIM-1,STN-03,2026-03-03 09:02,ENG-1356,SUP-070,EMP202,TL-081,
M9451,MA1A**********451,WO12451,Hatch Z,PAINT-1,STN-01,2026-03-03 09:03,ENG-1194,SUP-121,EMP200,TL-032,C
M9452,MA1A**********452,WO12452,Sedan X,PAINT-1,STN-03,2026-03-03 09:05,ENG-1241,SUP-195,EMP223,TL-069,C
M9453,MA1A**********453,WO12453,SUV Pro,GA-2,STN-04,2026-03-03 09:06,ENG-1490,SUP-144,EMP108,TL-089,A
M9454,MA1A**********454,WO12454,Sedan X,GA-2,STN-02,2026-03-03 09:07,ENG-1210,SUP-012,EMP204,TL-060,
M9455,MA1A**********455,WO12455,Hatch Z,GA-1,STN-01,2026-03-03 09:08,ENG-1348,SUP-141,EMP325,TL-092,B
M9456,MA1A**********456,WO12456,Sedan X,GA-2,STN-02,2026-03-03 09:10,ENG-1189,SUP-025,EMP118,TL-033,A
M9457,MA1A**********457,WO12457,Hatch Z,TRIM-1,STN-01,2026-03-03 09:11,ENG-1143,SUP-165,EMP330,TL-027,A
M9458,MA1A**********458,WO12458,SUV Pro,GA-2,STN-05,2026-03-03 09:12,ENG-1060,SUP-024,EMP228,TL-077,B
M9459,MA1A**********459,WO12459,Sedan X,TRIM-1, stn-05 ,2026-03-03 09:13,ENG-1141,SUP-139,EMP185,TL-085,A
M9460,MA1A**********460,WO12460,SUV Pro,GA-2,Stn-03,2026-03-03 09:15,ENG-1210,SUP-085,EMP151,TL-012,B
M9461,MA1A**********461,WO12461,Hatch Z,PAINT-1,STN-01,2026-03-03 09:16,ENG-1218,SUP-179,EMP278,TL-046,
M9462,MA1A**********462,WO12462,Hatch Z,GA-2,STN-01,2026-03-03 09:17,ENG-1378,SUP-025,EMP392,TL-003,C
M9463,MA1A**********463,WO12463,Sedan X,GA-2,Stn-03,2026-03-03 09:18,ENG-1080,SUP-060,EMP123,TL-094,B
M9464,MA1A**********464,WO12464,Sedan X,GA-2,STN-02,2026-03-03 09:20,ENG-1067,SUP-076,EMP335,TL-008,
M9465,MA1A**********465,WO12465,Sedan X,GA-2,STN-01,2026-03-03 09:21, eng-1001 ,SUP-031,EMP204,TL-047,C
M9466,MA1A**********466,WO12466,Hatch Z,TRIM-1,STN-02,2026-03-03 09:22,ENG-1352,SUP-017,EMP181,TL-061,
M9467,MA1A**********467,WO12467,Sedan X,GA-2,STN-03,2026-03-03 09:23,ENG-1017,SUP-137,EMP189,TL-088,
M9468,MA1A**********468,WO12468,Sedan X,GA-1,Stn-03,2026-03-03 09:25,ENG-1080,SUP-055,EMP137,TL-020,
M9469,MA1A**********469,WO12469,Sedan X,TRIM-1,STN-02,2026-03-03 09:26,ENG-1358,SUP-043,EMP236,TL-092,C
M9470,MA1A**********470,WO12470,SUV Pro,GA-2,Stn-03,2026-03-03 09:27,ENG-1304,SUP-137,EMP390,TL-028,
M9471,MA1A**********471,WO12471,SUV Pro,GA-2,STN-05,2026-03-03 09:28,ENG-1428,SUP-114,EMP242,TL-041,C
M9472,MA1A**********472,WO12472,Hatch Z,GA-2, stn-05 ,2026-03-03 09:30,ENG-1408,SUP-198,EMP110,TL-026,
M9473,MA1A**********473,WO12473,SUV Pro,TRIM-1,Stn-03,2026-03-03 09:31,ENG-1274,SUP-120,EMP146,TL-075,A
M9474,MA1A**********474,WO12474,Hatch Z,GA-2,STN-01,2026-03-03 09:32,ENG-1117,SUP-189,EMP373,TL-015,
M9475,MA1A**********475,WO12475,SUV Pro,GA-2,STN-01,2026-03-03 09:33,ENG-1265,SUP-047,EMP375,TL-030,B
M9476,MA1A**********476,WO12476,Sedan X,GA-1,STN-05,2026-03-03 09:35,ENG-1439,SUP-156,EMP378,TL-010,B
M9477,MA1A**********477,WO12477,Hatch Z,GA-1,STN-03,2026-03-03 09:36,ENG-1268,SUP-138,EMP147,TL-034,C
M9478,MA1A**********478,WO12478,SUV Pro,GA-2,Stn-03,2026-03-03 09:37,ENG-1091,SUP-012,EMP318,TL-063,B
M9479,MA1A**********479,WO12479,Sedan X,GA-2, stn-05 ,2026-03-03 09:38,ENG-1325,SUP-023,EMP365,TL-019,
M9480,MA1A**********480,WO12480,Sedan X,TRIM-1, stn-05 ,2026-03-03 09:40,ENG-1324,SUP-140,EMP141,TL-095,C
M9481,MA1A**********481,WO12481,SUV Pro,GA-2, stn-05 ,2026-03-03 09:41,ENG-1141,SUP-087,EMP115,TL-005,A
M9482,MA1A**********482,WO12482,Sedan X,GA-1,Stn-03,2026-03-03 09:42,ENG-1414,SUP-186,EMP115,TL-011,C
M9483,MA1A**********483,WO12483,Sedan X,GA-1,STN-01,2026-03-03 09:43,ENG-1352,SUP-049,EMP346,TL-013,
M9484,MA1A**********484,WO12484,Hatch Z,PAINT-1,STN-01,2026-03-03 09:45,ENG-1403,SUP-162,EMP113,TL-093,B
M9485,MA1A**********485,WO12485,SUV Pro,PAINT-1,STN-04,2026-03-03 09:46,ENG-1344,SUP-030,EMP358,TL-083,C
M9486,MA1A**********486,WO12486,SUV Pro,PAINT-1,STN-02,2026-03-03 09:47,ENG-1043,SUP-140,EMP175,TL-077,
M9487,MA1A**********487,WO12487,SUV Pro,TRIM-1,STN-05,2026-03-03 09:48,ENG-1466,SUP-197,EMP139,TL-020,B
M9488,MA1A**********488,WO12488,SUV Pro,GA-1,STN-03,2026-03-03 09:50,ENG-1194,SUP-121,EMP120,TL-065,
M9489,MA1A**********489,WO12489,SUV Pro,GA-1,STN-01,2026-03-03 09:51,ENG-1306,SUP-013,EMP101,TL-085,C
M9490,MA1A**********490,WO12490,Sedan X,TRIM-1,STN-03,2026-03-03 09:52,ENG-1325,SUP-088,EMP145,TL-047,C
M9491,MA1A**********491,WO12491,Hatch Z,GA-2,STN-04,2026-03-03 09:53,ENG-1193,SUP-145,EMP162,TL-031,
M9492,MA1A**********492,WO12492,Sedan X,PAINT-1,STN-05,2026-03-03 09:55,ENG-1116,SUP-083,EMP289,TL-085,A
M9493,MA1A**********493,WO12493,SUV Pro,PAINT-1,Stn-03,2026-03-03 09:56,ENG-1087,SUP-148,EMP292,TL-094,A
M9494,MA1A**********494,WO12494,Hatch Z,GA-1, stn-05 ,2026-03-03 09:57,ENG-1240,SUP-014,EMP308,TL-027,B
M9495,MA1A**********495,WO12495,SUV Pro,TRIM-1,STN-05,2026-03-03 09:58,ENG-1181,SUP-005,EMP369,TL-024,B
M9496,MA1A**********496,WO12496,Sedan X,GA-1,STN-03,2026-03-03 10:00,ENG-1410,SUP-013,EMP162,TL-051,C
M9497,MA1A**********497,WO12497,Hatch Z,GA-1,STN-05,2026-03-03 10:01,ENG-1468,SUP-136,EMP102,TL-034,C
M9498,MA1A**********498,WO12498,Hatch Z,GA-2,STN-05,2026-03-03 10:02,ENG-1485,SUP-122,EMP355,TL-032,B
M9499,MA1A**********499,WO12499,SUV Pro,GA-2,STN-05,2026-03-03 10:03,ENG-1331,SUP-017,EMP304,TL-035,B
M9500,MA1A**********500,WO12500,Sedan X,GA-1,STN-02,2026-03-03 10:05,ENG-1356,SUP-103,EMP251,TL-093,B
M9501,MA1A**********501,WO12501,Hatch Z,PAINT-1,STN-04,2026-03-03 10:06,ENG-1152,SUP-041,EMP110,TL-032,
M9502,MA1A**********502,WO12502,Hatch Z,GA-2,STN-03,2026-03-03 10:07,ENG-1369,SUP-186,EMP370,TL-056,B
M9503,MA1A**********503,WO12503,Sedan X,PAINT-1,Stn-03,2026-03-03 10:08,ENG-1128,SUP-022,EMP336,TL-006,
M9504,MA1A**********504,WO12504,SUV Pro,TRIM-1,STN-02,2026-03-03 10:10,ENG-1181,SUP-193,EMP291,TL-097,C
M9505,MA1A**********505,WO12505,Sedan X,GA-2,STN-04,2026-03-03 10:11,ENG-1403,SUP-059,EMP288,TL-044,B
M9506,MA1A**********506,WO12506,SUV Pro,GA-2,Stn-03,2026-03-03 10:12,ENG-1466,SUP-187,EMP111,TL-086,A
M9507,MA1A**********507,WO12507,SUV Pro,TRIM-1,STN-03,2026-03-03 10:13,ENG-1210,SUP-072,EMP248,TL-066,A
M9508,MA1A**********508,WO12508,Sedan X,GA-1,STN-03,2026-03-03 10:15,ENG-1123,SUP-143,EMP356,TL-067,B
M9509,MA1A**********509,WO12509,SUV Pro,PAINT-1, stn-05 ,2026-03-03 10:16,ENG-1497,SUP-035,EMP338,TL-079,A
M9510,MA1A**********510,WO12510,Hatch Z,PAINT-1,STN-01,2026-03-03 10:17,ENG-1148,SUP-176,EMP129,TL-038,B
M9511,MA1A**********511,WO12511,Sedan X,GA-2,STN-02,2026-03-03 10:18,ENG-1496,SUP-196,EMP281,TL-025,C
M9512,MA1A**********512,WO12512,Hatch Z,PAINT-1, stn-05 ,2026-03-03 10:20,ENG-1062,SUP-102,EMP213,TL-019,A
M9513,MA1A**********513,WO12513,Sedan X,GA-1, stn-05 ,2026-03-03 10:21,ENG-1307,SUP-117,EMP369,TL-060,A
M9514,MA1A**********514,WO12514,Hatch Z,GA-1,STN-05,2026-03-03 10:22,ENG-1499,SUP-051,EMP223,TL-076,A
M9515,MA1A**********515,WO12515,Hatch Z,GA-2,STN-04,2026-03-03 10:23,ENG-1110,SUP-035,EMP307,TL-083,C
M9516,MA1A**********516,WO12516,Sedan X,GA-1,STN-04,2026-03-03 10:25,ENG-1437,SUP-009,EMP139,TL-011,
M9517,MA1A**********517,WO12517,SUV Pro,TRIM-1,STN-01,2026-03-03 10:26,ENG-1236,SUP-129,EMP308,TL-100,A
M9518,MA1A**********518,WO12518,Sedan X,GA-2,STN-02,2026-03-03 10:27,ENG-1420,SUP-007,EMP115,TL-076,A
M9519,MA1A**********519,WO12519,SUV Pro,TRIM-1,STN-01,2026-03-03 10:28,ENG-1281,SUP-033,EMP368,TL-002,B
M9520,MA1A**********520,WO12520,Hatch Z,TRIM-1,STN-03,2026-03-03 10:30,ENG-1241,SUP-164,EMP354,TL-034,C
M9521,MA1A**********521,WO12521,Hatch Z,GA-1, stn-05 ,2026-03-03 10:31,ENG-1464,SUP-107,EMP101,TL-080,B
M9522,MA1A**********522,WO12522,SUV Pro,PAINT-1,STN-05,2026-03-03 10:32,ENG-1405,SUP-089,EMP168,TL-008,A
M9523,MA1A**********523,WO12523,SUV Pro,GA-1,Stn-03,2026-03-03 10:33,ENG-1063,SUP-135,EMP394,TL-037,A
M9524,MA1A**********524,WO12524,Hatch Z,PAINT-1,STN-02,2026-03-03 10:35,ENG-1118,SUP-102,EMP371,TL-062,C
M9525,MA1A**********525,WO12525,Sedan X,GA-2,Stn-03,2026-03-03 10:36,ENG-1208,SUP-050,EMP187,TL-093,B
M9526,MA1A**********526,WO12526,Sedan X,GA-2,STN-01,2026-03-03 10:37,ENG-1122,SUP-116,EMP240,TL-043,C
M9527,MA1A**********527,WO12527,SUV Pro,GA-1,STN-01,2026-03-03 10:38,ENG-1130,SUP-010,EMP250,TL-017,
M9528,MA1A**********528,WO12528,Hatch Z,GA-1,Stn-03,2026-03-03 10:40,ENG-1187,SUP-162,EMP110,TL-100,C
M9529,MA1A**********529,WO12529,Sedan X,TRIM-1,STN-04,2026-03-03 10:41,ENG-1219,SUP-112,EMP123,TL-067,A
M9530,MA1A**********530,WO12530,Sedan X,GA-2,STN-04,2026-03-03 10:42,ENG-1399,SUP-005,EMP121,TL-025,A
M9531,MA1A**********531,WO12531,Hatch Z,GA-2,STN-03,2026-03-03 10:43,ENG-1199,SUP-102,EMP145,TL-098,A
M9532,MA1A**********532,WO12532,SUV Pro,GA-2, stn-05 ,2026-03-03 10:70,ENG-1233,SUP-019,EMP264,TL-096,B
M9533,MA1A**********533,WO12533,Sedan X,GA-2,Stn-03,2026-03-03 10:46,ENG-1111,SUP-066,EMP274,TL-046,A
M9534,MA1A**********534,WO12534,SUV Pro,GA-2,STN-04,2026-03-03 10:47,ENG-1292,SUP-028,EMP348,TL-081,
M9535,MA1A**********535,WO12535,SUV Pro,GA-2,STN-05,2026-03-03 10:48,ENG-1107,SUP-135,EMP235,TL-038,A
M9536,MA1A**********536,WO12536,Sedan X,GA-2,STN-03,2026-03-03 10:50,ENG-1458,SUP-142,EMP102,TL-068,
M9537,MA1A**********537,WO12537,Sedan X,PAINT-1,STN-03,2026-03-03 10:51,ENG-1121,SUP-123,EMP381,TL-095,B
M9538,MA1A**********538,WO12538,SUV Pro,GA-1,STN-02,2026-03-03 10:52,ENG-1119,SUP-166,EMP291,TL-079,A
M9539,MA1A**********539,WO12539,Sedan X,GA-1, stn-05 ,2026-03-03 10:53,ENG-1189,SUP-116,EMP109,TL-078,A
M9540,MA1A**********540,WO12540,Hatch Z,PAINT-1,STN-05,2026-03-03 10:55,ENG-1297,SUP-182,EMP133,TL-038,C
M9541,MA1A**********541,WO12541,Hatch Z,GA-2,STN-01,2026-03-03 10:56,ENG-1365,SUP-116,EMP230,TL-075,B
M9542,MA1A**********542,WO12542,SUV Pro,TRIM-1,Stn-03,2026-03-03 10:57,ENG-1319,SUP-147,EMP292,TL-100,C
M9543,MA1A**********543,WO12543,Hatch Z,TRIM-1,STN-01,2026-03-03 10:58,ENG-1455,SUP-134,EMP251,TL-019,C
M9544,MA1A**********544,WO12544,Hatch Z,TRIM-1, stn-05 ,2026-03-03 11:00,ENG-1487,SUP-146,EMP227,TL-019,C
M9545,MA1A**********545,WO12545,Hatch Z,GA-1,STN-03,2026-03-03 11:01,ENG-1010,SUP-198,EMP356,TL-040,B
M9546,MA1A**********546,WO12546,Sedan X,GA-2,STN-01,2026-03-03 11:02,ENG-1094,SUP-200,EMP214,TL-038,B
M9547,MA1A**********547,WO12547,SUV Pro,TRIM-1,STN-05,2026-03-03 11:03,ENG-1286,SUP-015,EMP308,TL-080,A
M9548,MA1A**********548,WO12548,Hatch Z,TRIM-1,STN-02,2026-03-03 11:05,ENG-1203,SUP-164,EMP160,TL-059,
M9549,MA1A**********549,WO12549,Sedan X,TRIM-1,STN-02,2026-03-03 11:06,ENG-1383,SUP-056,EMP258,TL-072,B
M9550,MA1A**********550,WO12550,Hatch Z,GA-2,STN-03,2026-03-03 11:07,ENG-1343,SUP-170,EMP285,TL-084,B
M9551,MA1A**********551,WO12551,Hatch Z,GA-2, stn-05 ,2026-03-03 11:08,ENG-1459,SUP-144,EMP108,TL-037,A
M9552,MA1A**********552,WO12552,SUV Pro,TRIM-1, stn-05 ,2026-03-03 11:10,ENG-1060,SUP-037,EMP389,TL-079,
M9553,MA1A**********553,WO12553,SUV Pro,GA-1,STN-05,2026-03-03 11:11,ENG-1411,SUP-038,EMP307,TL-076,C
M9554,MA1A**********554,WO12554,Hatch Z,GA-2,STN-04,2026-03-03 11:12,ENG-1338,SUP-069,EMP147,TL-999,
M9555,MA1A**********555,WO12555,Hatch Z,TRIM-1,STN-03,2026-03-03 11:13,ENG-1208,SUP-162,EMP137,TL-028,A
M9556,MA1A**********556,WO12556,Hatch Z,TRIM-1,Stn-03,2026-03-03 11:15,ENG-1218,SUP-026,EMP174,TL-099,B
M9557,MA1A**********557,WO12557,Hatch Z,PAINT-1,STN-05,2026-03-03 11:16,ENG-1172,SUP-193,EMP161,TL-033,B
M9558,MA1A**********558,WO12558,SUV Pro,TRIM-1,STN-05,2026-03-03 11:17,ENG-1076,SUP-062,EMP259,TL-066,C
M9559,MA1A**********559,WO12559,Hatch Z,GA-1,Stn-03,2026-03-03 11:18,ENG-1015,SUP-043,EMP344,TL-097,B
M9560,MA1A**********560,WO12560,Sedan X,GA-1, stn-05 ,2026-03-03 11:20,ENG-1436,SUP-132,EMP322,TL-077,
M9561,MA1A**********561,WO12561,SUV Pro,GA-1,STN-01,2026-03-03 11:21,ENG-1059,SUP-196,EMP298,TL-065,B
M9562,MA1A**********562,WO12562,Sedan X,GA-1, stn-05 ,2026-03-03 11:22,ENG-1098,SUP-157,EMP271,TL-004,A
M9563,MA1A**********563,WO12563,Sedan X,TRIM-1,STN-05,2026-03-03 11:23,ENG-1028,SUP-157,EMP242,TL-011,C
M9564,MA1A**********564,WO12564,Hatch Z,GA-1,Stn-03,2026-03-03 11:25,ENG-1377,SUP-083,EMP127,TL-059,
M9565,MA1A**********565,WO12565,Sedan X,GA-2,Stn-03,2026-03-03 11:26,ENG-1298,SUP-114,EMP310,TL-081,B
M9566,MA1A**********566,WO12566,Sedan X,PAINT-1,STN-02,2026-03-03 11:27,ENG-1326,SUP-072,EMP238,TL-003,
M9567,MA1A**********567,WO12567,SUV Pro,TRIM-1,STN-05,2026-03-03 11:28,ENG-1144,SUP-101,EMP183,TL-008,
M9568,MA1A**********568,WO12568,Sedan X,TRIM-1,Stn-03,2026-03-03 11:30,ENG-1441,SUP-106,EMP166,TL-077,B
M9569,MA1A**********569,WO12569,SUV Pro,GA-1,STN-05,2026-03-03 11:31,ENG-1408,SUP-024,EMP351,TL-093,
M9570,MA1A**********570,WO12570,SUV Pro,GA-1,STN-02,2026-03-03 11:32,ENG-1289,SUP-180,EMP134,TL-099,C
M9571,MA1A**********571,WO12571,Sedan X,TRIM-1,STN-05,2026-03-03 11:33,ENG-1345,SUP-137,EMP234,TL-009,B
M9572,MA1A**********572,WO12572,Sedan X,GA-2,STN-04,2026-03-03 11:35,ENG-1118,SUP-023,EMP167,TL-041,C
M9573,MA1A**********573,WO12573,Hatch Z,GA-2,STN-02,2026-03-03 11:36,ENG-1176,SUP-103,EMP155,TL-060,A
M9574,MA1A**********574,WO12574,SUV Pro,GA-1,STN-02,2026-03-03 11:37,ENG-1434,SUP-043,EMP152,TL-011,B
M9575,MA1A**********575,WO12575,Sedan X,TRIM-1,STN-01,2026-03-03 11:38,ENG-1112,SUP-193,EMP316,TL-031,C
M9576,MA1A**********576,WO12576,Sedan X,TRIM-1,STN-04,2026-03-03 11:40,ENG-1279,SUP-147,EMP276,TL-049,A
M9577,MA1A**********577,WO12577,Sedan X,GA-2,STN-04,2026-03-03 11:41,ENG-1038,SUP-171,EMP379,TL-038,C
M9578,MA1A**********578,WO12578,SUV Pro,GA-1, stn-05 ,2026-03-03 11:42,ENG-1492,SUP-044,EMP396,TL-042,A
M9579,MA1A**********579,WO12579,Sedan X,TRIM-1,STN-03,2026-03-03 11:43,ENG-1261,SUP-012,EMP148,TL-056,C
M9580,MA1A**********580,WO12580,SUV Pro,GA-1,STN-02,2026-03-03 11:45,ENG-1231,SUP-053,EMP228,TL-014,
M9581,MA1A**********581,WO12581,SUV Pro,GA-1,STN-02,2026-03-03 11:46,ENG-1463,SUP-119,EMP355,TL-086,B
M9582,MA1A**********582,WO12582,Sedan X,GA-1,STN-01,2026-03-03 11:47,ENG-1426,SUP-042,EMP147,TL-063,B
M9583,MA1A**********583,WO12583,Sedan X,GA-2,STN-03,2026-03-03 11:48,ENG-1265,SUP-108,EMP187,TL-074,C
M9584,MA1A**********584,WO12584,Hatch Z,TRIM-1,Stn-03,2026-03-03 11:50,ENG-1374,SUP-176,EMP324,TL-030,
M9585,MA1A**********585,WO12585,Sedan X,GA-2,STN-01,2026-03-03 11:51,ENG-1434,SUP-132,EMP190,TL-070,C
M9586,MA1A**********586,WO12586,SUV Pro,GA-1,STN-03,2026-03-03 11:52,ENG-1117,SUP-147,EMP330,TL-095,A
M9587,MA1A**********587,WO12587,SUV Pro,TRIM-1,STN-04,2026-03-03 11:53,ENG-1348,SUP-031,EMP332,TL-062,A
M9588,MA1A**********588,WO12588,SUV Pro,TRIM-1,STN-02,2026-03-03 11:55,ENG-1460,SUP-104,EMP365,TL-100,B
M9589,MA1A**********589,WO12589,Sedan X,PAINT-1,Stn-03,2026-03-03 11:56,ENG-1001,SUP-097,EMP376,TL-019,A
M9590,MA1A**********590,WO12590,Hatch Z,GA-2,STN-02,2026-03-03 11:57,ENG-1114,SUP-162,EMP278,TL-042,B
M9591,MA1A**********591,WO12591,Sedan X,TRIM-1, stn-05 ,2026-03-03 11:58,ENG-1447,SUP-169,EMP287,TL-002,C
M9592,MA1A**********592,WO12592,Hatch Z,TRIM-1,STN-01,2026-03-03 12:00,ENG-1351,SUP-068,EMP307,TL-073,B
M9593,MA1A**********593,WO12593,Hatch Z,GA-1,STN-05,2026-03-03 12:01,ENG-1333,SUP-198,EMP189,TL-010,B
M9594,MA1A**********594,WO12594,SUV Pro,TRIM-1,STN-04,2026-03-03 12:02,ENG-1386,SUP-153,EMP120,TL-072,C
M9595,MA1A**********595,WO12595,Sedan X,TRIM-1,STN-05,2026/03/03 12:03,ENG-1311,SUP-139,EMP247,TL-999,A
M9596,MA1A**********596,WO12596,Sedan X,GA-2,STN-01,2026-03-03 12:05,ENG-1435,SUP-085,EMP117,TL-078,B
M9597,MA1A**********597,WO12597,Hatch Z,TRIM-1, stn-05 ,2026-03-03 12:06,ENG-1306,SUP-184,EMP228,TL-065,C
M9598,MA1A**********598,WO12598,Hatch Z,GA-2,STN-03,2026-03-03 12:07,ENG-1451,SUP-156,EMP272,TL-095,A
M9599,MA1A**********599,WO12599,Hatch Z,GA-1,STN-03,2026-03-03 12:08,ENG-1177,SUP-116,EMP379,TL-065,
M9600,MA1A**********600,WO12600,Sedan X,TRIM-1,STN-01,2026-03-03 12:10,ENG-1182,SUP-046,EMP220,TL-070,
M9601,MA1A**********601,WO12601,SUV Pro,TRIM-1,STN-04,2026-03-03 12:11,ENG-1100,SUP-139,EMP195,TL-004,
M9602,MA1A**********602,WO12602,SUV Pro,TRIM-1,Stn-03,2026-03-03 12:12,ENG-1039,SUP-158,EMP132,TL-093,
M9603,MA1A**********603,WO12603,SUV Pro,TRIM-1,STN-04,2026-03-03 12:13,ENG-1277,SUP-039,EMP394,TL-056,
M9604,MA1A**********604,WO12604,Hatch Z,GA-2,Stn-03,2026-03-03 12:15,ENG-1427,SUP-034,EMP263,TL-067,B
M9605,MA1A**********605,WO12605,SUV Pro,GA-1,Stn-03,2026-03-03 12:16,ENG-1329,SUP-137,EMP262,TL-088,A
M9606,MA1A**********606,WO12606,SUV Pro,GA-2, stn-05 ,2026-03-03 12:17,ENG-1320,SUP-061,EMP288,TL-007,C
M9607,MA1A**********607,WO12607,Sedan X,PAINT-1,Stn-03,2026-03-03 12:18,ENG-1199,SUP-098,EMP269,TL-088,
M9608,MA1A**********608,WO12608,Hatch Z,GA-1,STN-01,2026-03-03 12:20,ENG-1344,SUP-032,EMP185,TL-036,B
M9609,MA1A**********609,WO12609,Hatch Z,PAINT-1,Stn-03,2026-03-03 12:21,ENG-1191,SUP-069,EMP228,TL-024,
M9610,MA1A**********610,WO12610,SUV Pro,TRIM-1,STN-02,2026-03-03 12:22, eng-1001 ,SUP-036,EMP280,TL-079,C
M9611,MA1A**********611,WO12611,Sedan X,GA-2, stn-05 ,2026-03-03 12:23,ENG-1487,SUP-035,EMP372,TL-095,C
M9612,MA1A**********612,WO12612,SUV Pro,GA-2,Stn-03,2026-03-03 12:25,ENG-1481,SUP-050,EMP379,TL-074,A
M9613,MA1A**********613,WO12613,SUV Pro,TRIM-1,STN-02,2026-03-03 12:26,ENG-1133,SUP-021,EMP267,TL-024,C
M9614,MA1A**********614,WO12614,Hatch Z,TRIM-1,STN-02,2026-03-03 12:27,ENG-1467,SUP-088,EMP299,TL-022,B
M9615,MA1A**********615,WO12615,SUV Pro,GA-2,Stn-03,2026-03-03 12:28,ENG-1355,SUP-057,EMP275,TL-068,C
M9616,MA1A**********616,WO12616,Sedan X,GA-2,Stn-03,2026-03-03 12:30,ENG-1481,SUP-130,EMP154,TL-072,
M9617,MA1A**********617,WO12617,SUV Pro,PAINT-1,STN-01,2026-03-03 12:31,ENG-1487,SUP-166,EMP350,TL-067,C
M9618,MA1A**********618,WO12618,SUV Pro,PAINT-1,STN-01,2026-03-03 12:32,ENG-1312,SUP-083,EMP349,TL-099,C
M9619,MA1A**********619,WO12619,SUV Pro,GA-2,STN-01,2026-03-03 12:33,ENG-1099,SUP-079,EMP161,TL-087,A
M9620,MA1A**********620,WO12620,Sedan X,TRIM-1,STN-05,2026-03-03 12:35,ENG-1247,SUP-043,EMP124,TL-026,C
M9621,MA1A**********621,WO12621,Hatch Z,GA-2,STN-03,2026-03-03 12:36,ENG-1406,SUP-010,EMP144,TL-047,B
M9622,MA1A**********622,WO12622,SUV Pro,PAINT-1,STN-01,2026-03-03 12:37,ENG-1166,SUP-076,EMP332,TL-014,C
M9623,MA1A**********623,WO12623,SUV Pro,GA-2,STN-01,2026-03-03 12:38,ENG-1110,SUP-187,EMP188,TL-047,B
M9624,MA1A**********624,WO12624,SUV Pro,TRIM-1, stn-05 ,2026-03-03 12:40,ENG-1433,SUP-135,EMP149,TL-031,
M9625,MA1A**********625,WO12625,SUV Pro,PAINT-1,STN-01,2026-03-03 12:41,ENG-1008,SUP-159,EMP236,TL-020,A
M9626,MA1A**********626,WO12626,SUV Pro,GA-1,STN-01,2026-03-03 12:42,ENG-1397,SUP-091,EMP190,TL-059,
M9627,MA1A**********627,WO12627,Hatch Z,GA-1, stn-05 ,2026-03-03 12:43,ENG-1302,SUP-135,EMP342,TL-072,A
M9628,MA1A**********628,WO12628,Hatch Z,GA-2,Stn-03,2026-03-03 12:45,ENG-1244,SUP-002,EMP239,TL-047,B
M9629,MA1A**********629,WO12629,Sedan X,PAINT-1,STN-04,2026-03-03 12:46,ENG-1083,SUP-036,EMP269,TL-072,
M9630,MA1A**********630,WO12630,SUV Pro,GA-1,STN-03,2026-03-03 12:47,ENG-1442,SUP-198,EMP398,TL-065,
M9631,MA1A**********631,WO12631,SUV Pro,TRIM-1,STN-03,2026-03-03 12:48,ENG-1152,SUP-043,EMP170,TL-064,C
M9632,MA1A**********632,WO12632,Hatch Z,PAINT-1, stn-05 ,2026-03-03 12:50,ENG-1457,SUP-172,EMP243,TL-070,C
M9633,MA1A**********633,WO12633,Hatch Z,TRIM-1,STN-03,2026-03-03 12:51,ENG-1407,SUP-082,EMP247,TL-023,B
M9634,MA1A**********634,WO12634,SUV Pro,GA-1,STN-01,2026-03-03 12:52,ENG-1415,SUP-178,EMP319,TL-043,A
M9635,MA1A**********635,WO12635,Sedan X,GA-1,STN-01,2026-03-03 12:53,ENG-1021,SUP-040,EMP257,TL-048,B
M9636,MA1A**********636,WO12636,Hatch Z,GA-2,STN-01,2026-03-03 12:55,ENG-1490,SUP-061,EMP167,TL-083,A
M9637,MA1A**********637,WO12637,SUV Pro,PAINT-1,STN-01,2026-03-03 12:56,ENG-1106,SUP-002,EMP265,TL-044,
M9638,MA1A**********638,WO12638,Sedan X,GA-2, stn-05 ,2026-03-03 12:57,ENG-1324,SUP-109,EMP384,TL-095,B
M9639,MA1A**********639,WO12639,Hatch Z,GA-1,STN-03,2026-03-03 12:58,ENG-1155,SUP-073,EMP366,TL-068,
M9640,MA1A**********640,WO12640,SUV Pro,TRIM-1,STN-02,2026-03-03 13:00,ENG-1255,SUP-177,EMP213,TL-055,
M9641,MA1A**********641,WO12641,Hatch Z,TRIM-1, stn-05 ,2026-03-03 13:01,ENG-1486,SUP-075,EMP311,TL-020,A
M9642,MA1A**********642,WO12642,Sedan X,PAINT-1,Stn-03,2026-03-03 13:02,ENG-1263,SUP-190,EMP185,TL-048,C
M9643,MA1A**********643,WO12643,Sedan X,GA-1,STN-05,2026-03-03 13:03,ENG-1111,SUP-045,EMP378,TL-014,B
M9644,MA1A**********644,WO12644,Sedan X,GA-1,STN-02,2026-03-03 13:05,ENG-1102,SUP-156,EMP173,TL-083,A
M9645,MA1A**********645,WO12645,Hatch Z,PAINT-1,STN-05,2026-03-03 13:06,ENG-1047,SUP-016,EMP293,TL-095,A
M9646,MA1A**********646,WO12646,Sedan X,GA-2,STN-04,2026-03-03 13:07,ENG-1134,SUP-126,EMP181,TL-027,
M9647,MA1A**********647,WO12647,SUV Pro,GA-1,STN-05,2026-03-03 13:08,ENG-1084,SUP-197,EMP341,TL-052,A
M9648,MA1A**********648,WO12648,Hatch Z,TRIM-1,STN-02,2026-03-03 13:10,ENG-1402,SUP-047,EMP279,TL-062,
M9649,MA1A**********649,WO12649,SUV Pro,PAINT-1, stn-05 ,2026-03-03 13:11,ENG-1498,SUP-093,EMP387,TL-081,C
M9650,MA1A**********650,WO12650,SUV Pro,GA-2,STN-04,2026-03-03 13:12,ENG-1079,SUP-147,EMP116,TL-042,B
M9651,MA1A**********651,WO12651,Hatch Z,GA-1,STN-05,2026-03-03 13:13,ENG-1418,SUP-199,EMP332,TL-049,B
M9652,MA1A**********652,WO12652,Hatch Z,GA-1,STN-04,2026-03-03 13:15,ENG-1027,SUP-141,EMP193,TL-092,
M9653,MA1A**********653,WO12653,Sedan X,TRIM-1,STN-02,2026-03-03 13:16,ENG-1032,SUP-118,EMP210,TL-026,
M9654,MA1A**********654,WO12654,Hatch Z,GA-2,STN-05,2026-03-03 13:17,ENG-1335,SUP-150,EMP195,TL-004,C
M9655,MA1A**********655,WO12655,Sedan X,GA-2,STN-02,2026-03-03 13:18,ENG-1295,SUP-146,EMP209,TL-095,
M9656,MA1A**********656,WO12656,Sedan X,GA-1, stn-05 ,2026-03-03 13:20,ENG-1218,SUP-084,EMP399,TL-010,C
M9657,MA1A**********657,WO12657,Sedan X,GA-2,STN-02,2026-03-03 13:21,ENG-1459,SUP-043,EMP266,TL-084,C
M9658,MA1A**********658,WO12658,Hatch Z,GA-2,Stn-03,2026-03-03 13:22,ENG-1295,SUP-139,EMP204,TL-041,C
M9659,MA1A**********659,WO12659,SUV Pro,TRIM-1,STN-01,2026-03-03 13:23,ENG-1250,SUP-186,EMP337,TL-095,
M9660,MA1A**********660,WO12660,Sedan X,GA-2,Stn-03,2026-03-03 13:25,ENG-1201,SUP-075,EMP226,TL-003,C
M9661,MA1A**********661,WO12661,SUV Pro,PAINT-1,STN-05,2026-03-03 13:26,ENG-1415,SUP-199,EMP355,TL-079,A
M9662,MA1A**********662,WO12662,Sedan X,TRIM-1,STN-05,2026-03-03 13:27,ENG-1422,SUP-150,EMP324,TL-001,B
M9663,MA1A**********663,WO12663,Hatch Z,GA-2,STN-04,2026-03-03 13:28,ENG-1035,SUP-042,EMP128,TL-043,B
M9664,XX1 **3 4,WO12664,Hatch Z,TRIM-1,Stn-03,2026-03-03 13:30,ENG-1269,,EMP354,TL-093,A
M9665,MA1A**********665,WO12665,Sedan X,TRIM-1, stn-05 ,2026-03-03 13:31,ENG-1458,SUP-084,EMP170,TL-075,B
M9666,MA1A**********666,WO12666,Sedan X,GA-2,STN-01,2026-03-03 13:32,ENG-1415,SUP-173,EMP150,TL-018,C
M9667,MA1A**********667,WO12667,SUV Pro,GA-1,STN-05,2026-03-03 13:33,ENG-1096,SUP-045,EMP119,TL-006,C
M9668,MA1A**********668,WO12668,Hatch Z,TRIM-1,STN-05,2026-03-03 13:35,ENG-1415,SUP-176,EMP338,TL-067,
M9669,MA1A**********669,WO12669,SUV Pro,GA-2, stn-05 ,2026-03-03 13:36,ENG-1378,SUP-185,EMP290,TL-086,C
M9670,MA1A**********670,WO12670,Sedan X,GA-2, stn-05 ,2026-03-03 13:37,ENG-1273,SUP-101,EMP131,TL-097,A
M9671,MA1A**********671,WO12671,Sedan X,GA-1,STN-03,2026-03-03 13:38,ENG-1154,SUP-061,EMP298,TL-083,A
M9672,MA1A**********672,WO12672,Hatch Z,PAINT-1,STN-01,2026-03-03 13:40,ENG-1235,SUP-018,EMP277,TL-021,B
M9673,MA1A**********673,WO12673,Hatch Z,GA-1,STN-01,2026-03-03 13:41,ENG-1398,SUP-039,EMP395,TL-022,C
M9674,MA1A**********674,WO12674,Hatch Z,GA-1,STN-01,2026-03-03 13:42,ENG-1155,SUP-051,EMP344,TL-036,B
M9675,MA1A**********675,WO12675,Sedan X,GA-2,STN-01,2026-03-03 13:43,ENG-1295,SUP-107,EMP340,TL-011,B
M9676,MA1A**********676,WO12676,Hatch Z,TRIM-1,STN-01,2026-03-03 13:45,ENG-1311,SUP-030,EMP174,TL-051,A
M9677,MA1A**********677,WO12677,Hatch Z,GA-2, stn-05 ,2026-03-03 13:46,ENG-1077,SUP-030,EMP206,TL-021,A
M9678,MA1A**********678,WO12678,Hatch Z,TRIM-1,STN-04,2026-03-03 13:47,ENG-1238,SUP-193,EMP171,TL-007,A
M9679,MA1A**********679,WO12679,Hatch Z,GA-1,STN-01,2026-03-03 13:48,ENG-1057,SUP-098,EMP306,TL-014,B
M9680,MA1A**********680,WO12680,Sedan X,GA-1,STN-01,2026-03-03 13:50,ENG-1316,SUP-185,EMP116,TL-058,B
M9681,MA1A**********681,WO12681,Hatch Z,PAINT-1, stn-05 ,2026-03-03 13:51,ENG-1380,SUP-136,EMP324,TL-032,B
M9682,MA1A**********682,WO12682,Hatch Z,GA-2,STN-01,2026-03-03 13:52,ENG-1150,SUP-147,EMP198,TL-056,
M9683,MA1A**********683,WO12683,SUV Pro,GA-2,STN-05,2026-03-03 13:53,ENG-1006,SUP-170,EMP191,TL-059,C
M9684,MA1A**********684,WO12684,Hatch Z,GA-1,STN-02,2026-03-03 13:55,ENG-1391,SUP-073,EMP190,TL-013,A
M9685,MA1A**********685,WO12685,SUV Pro,GA-1,Stn-03,2026-03-03 13:56,ENG-1285,SUP-175,EMP302,TL-081,B
M9686,MA1A**********686,WO12686,SUV Pro,GA-1,STN-05,2026-03-03 13:57,ENG-1340,SUP-084,EMP168,TL-020,C
M9687,MA1A**********687,WO12687,SUV Pro,GA-2,STN-01,2026-03-03 13:58,ENG-1430,SUP-152,EMP199,TL-090,C
M9688,MA1A**********688,WO12688,SUV Pro,TRIM-1,Stn-03,2026-03-03 14:00,ENG-1404,SUP-017,EMP100,TL-028,C
M9689,MA1A**********689,WO12689,Sedan X,TRIM-1,Stn-03,2026-03-03 14:01,ENG-1008,SUP-199,EMP149,TL-030,
M9690,MA1A**********690,WO12690,Sedan X,GA-2,STN-03,2026-03-03 14:02,ENG-1097,SUP-109,EMP283,TL-071,C
M9691,MA1A**********691,WO12691,Hatch Z,PAINT-1,STN-04,2026-03-03 14:03,ENG-1157,SUP-196,EMP166,TL-028,A
M9692,MA1A**********692,WO12692,SUV Pro,GA-1, stn-05 ,2026-03-03 14:05,ENG-1398,SUP-040,EMP113,TL-019,
M9693,MA1A**********693,WO12693,Sedan X,TRIM-1,STN-01,2026-03-03 14:06,ENG-1185,SUP-158,EMP182,TL-062,B
M9694,MA1A**********694,WO12694,Hatch Z,TRIM-1,STN-03,2026-03-03 14:07,ENG-1030,SUP-043,EMP131,TL-057,A
M9695,MA1A**********695,WO12695,SUV Pro,TRIM-1,Stn-03,2026-03-03 14:08,ENG-1302,SUP-006,EMP311,TL-030,B
M9696,MA1A**********696,WO12696,Sedan X,PAINT-1,STN-05,2026-03-03 14:10,ENG-1332,SUP-028,EMP275,TL-041,C
M9697,MA1A**********697,WO12697,Sedan X,GA-1,STN-02,2026-03-03 14:11,ENG-1359,SUP-182,EMP246,TL-005,B
M9698,MA1A**********698,WO12698,Sedan X,GA-1,STN-01,2026-03-03 14:12,ENG-1315,SUP-093,EMP307,TL-064,
M9699,MA1A**********699,WO12699,SUV Pro,TRIM-1,Stn-03,2026-03-03 14:13,ENG-1157,SUP-160,EMP133,TL-048,
M9700,MA1A**********700,WO12700,Hatch Z,PAINT-1,STN-03,2026-03-03 14:15,ENG-1145,SUP-109,EMP188,TL-032,C
M9701,MA1A**********701,WO12701,SUV Pro,GA-1,STN-02,2026-03-03 14:16,ENG-1428,SUP-065,EMP336,TL-056,A
M9702,MA1A**********702,WO12702,Sedan X,GA-1,STN-05,2026-03-03 14:17,ENG-1030,SUP-197,EMP160,TL-999,A
M9703,MA1A**********703,WO12703,Sedan X,GA-2,STN-01,2026-03-03 14:18,ENG-1412,SUP-189,EMP311,TL-071,B
M9704,MA1A**********704,WO12704,Sedan X,TRIM-1,STN-04,2026-03-03 14:20,ENG-1141,SUP-196,EMP146,TL-063,B
M9705,MA1A**********705,WO12705,SUV Pro,GA-1,STN-05,2026-03-03 14:21,ENG-1006,SUP-133,EMP149,TL-094,C
M9706,MA1A**********706,WO12706,SUV Pro,GA-1,STN-02,2026-03-03 14:22,ENG-1303,SUP-008,EMP155,TL-044,A
M9707,MA1A**********707,WO12707,SUV Pro,GA-1,STN-02,2026-03-03 14:23,ENG-1260,SUP-011,EMP309,TL-058,A
M9708,MA1A**********708,WO12708,Sedan X,GA-1,STN-04,2026-03-03 14:25,ENG-1364,SUP-059,EMP270,TL-011,A
M9709,MA1A**********709,WO12709,SUV Pro,PAINT-1,STN-05,2026-03-03 14:26,ENG-1488,SUP-071,EMP351,TL-039,B
M9710,MA1A**********710,WO12710,SUV Pro,GA-2,STN-01,2026-03-03 14:27,ENG-1360,SUP-051,EMP112,TL-003,
M9711,MA1A**********711,WO12711,Sedan X,PAINT-1,STN-05,2026-03-03 14:28,ENG-1440,SUP-136,EMP281,TL-058,
M9712,MA1A**********712,WO12712,Hatch Z,TRIM-1,STN-05,2026-03-03 14:30,ENG-1129,SUP-128,EMP115,TL-027,A
M9713,MA1A**********713,WO12713,Hatch Z,GA-1,STN-03,2026-03-03 14:31,ENG-1101,SUP-172,EMP202,TL-078,
M9714,MA1A**********714,WO12714,Sedan X,TRIM-1,STN-03,2026-03-03 14:32,ENG-1429,SUP-112,EMP301,TL-056,B
M9715,MA1A**********715,WO12715,Sedan X,PAINT-1,STN-05,2026-03-03 14:33,ENG-1032,SUP-135,EMP223,TL-018,
M9716,MA1A**********716,WO12716,Sedan X,GA-1,STN-01,2026-03-03 14:35,ENG-1136,SUP-104,EMP312,TL-055,A
M9717,MA1A**********717,WO12717,SUV Pro,PAINT-1, stn-05 ,2026-03-03 14:36,ENG-1301,SUP-007,EMP134,TL-015,A
M9718,MA1A**********718,WO12718,SUV Pro,TRIM-1, stn-05 ,2026-03-03 14:37,ENG-1239,SUP-032,EMP229,TL-005,A
M9719,MA1A**********719,WO12719,Hatch Z,PAINT-1,STN-05,2026-03-03 14:38,ENG-1120,SUP-140,EMP382,TL-009,C
M9720,MA1A**********720,WO12720,Hatch Z,GA-1,STN-03,2026-03-03 14:40,ENG-1127,SUP-171,EMP133,TL-041,B
M9721,MA1A**********721,WO12721,Sedan X,PAINT-1,STN-05,2026-03-03 14:41,ENG-1311,SUP-129,EMP119,TL-076,C
M9722,MA1A**********722,WO12722,Hatch Z,TRIM-1,STN-04,2026-03-03 14:42,ENG-1401,SUP-156,EMP370,TL-064,B
M9723,MA1A**********723,WO12723,Hatch Z,GA-1,STN-02,2026-03-03 14:43,ENG-1237,SUP-152,EMP324,TL-088,A
M9724,MA1A**********724,WO12724,SUV Pro,TRIM-1,STN-05,2026-03-03 14:45,ENG-1284,SUP-192,EMP249,TL-014,
M9725,MA1A**********725,WO12725,SUV Pro,GA-1,STN-02,2026-03-03 14:46,ENG-1110,SUP-125,EMP246,TL-007,
M9726,MA1A**********726,WO12726,SUV Pro,PAINT-1,STN-02,2026-03-03 14:47,ENG-1119,SUP-045,EMP265,TL-056,B
M9727,MA1A**********727,WO12727,Sedan X,PAINT-1,STN-05,2026-03-03 14:48,ENG-1291,SUP-030,EMP328,TL-002,A
M9728,MA1A**********728,WO12728,Hatch Z,PAINT-1,STN-02,2026-03-03 14:50,ENG-1452,SUP-111,EMP171,TL-004,B
M9729,MA1A**********729,WO12729,SUV Pro,GA-1,STN-05,2026-03-03 14:51,ENG-1235,SUP-139,EMP187,TL-014,A
M9730,MA1A**********730,WO12730,SUV Pro,GA-1,Stn-03,2026-03-03 14:52,ENG-1081,SUP-170,EMP114,TL-081,C
M9731,MA1A**********731,WO12731,Sedan X,GA-1,STN-02,2026-03-03 14:53,ENG-1189,SUP-176,EMP392,TL-066,
M9732,MA1A**********732,WO12732,Sedan X,GA-1,STN-01,2026-03-03 14:55,ENG-1499,SUP-114,EMP111,TL-094,C
M9733,MA1A**********733,WO12733,Hatch Z,GA-1,Stn-03,2026-03-03 14:56,ENG-1420,SUP-019,EMP379,TL-052,C
M9734,MA1A**********734,WO12734,SUV Pro,GA-2,STN-02,2026-03-03 14:57,ENG-1388,SUP-031,EMP331,TL-046,B
M9735,MA1A**********735,WO12735,Hatch Z,TRIM-1,STN-05,2026-03-03 14:58,ENG-1191,SUP-113,EMP105,TL-070,B
M9736,MA1A**********736,WO12736,Sedan X,GA-1,STN-03,2026-03-03 15:00,ENG-1276,SUP-012,EMP314,TL-061,C
M9737,MA1A**********737,WO12737,SUV Pro,GA-1,Stn-03,2026-03-03 15:01,ENG-1431,SUP-047,EMP196,TL-049,A
M9738,MA1A**********738,WO12738,SUV Pro,TRIM-1,STN-01,2026-03-03 15:02,ENG-1391,SUP-166,EMP143,TL-021,
M9739,MA1A**********739,WO12739,Hatch Z,PAINT-1,Stn-03,2026-03-03 15:03,ENG-1084,SUP-154,EMP316,TL-072,B
M9740,MA1A**********740,WO12740,SUV Pro,TRIM-1,STN-05,2026-03-03 15:05,ENG-1482,SUP-172,EMP344,TL-086,A
M9741,MA1A**********741,WO12741,SUV Pro,GA-1,STN-05,2026-03-03 15:06,ENG-1181,SUP-059,EMP160,TL-034,A
M9742,MA1A**********742,WO12742,Hatch Z,TRIM-1,STN-01,2026-03-03 15:07,ENG-1181,SUP-110,EMP122,TL-064,B
M9743,MA1A**********743,WO12743,Sedan X,TRIM-1,STN-03,2026-03-03 15:70,ENG-1345,SUP-177,EMP383,TL-072,B
M9744,MA1A**********744,WO12744,SUV Pro,TRIM-1,STN-03,2026-03-03 15:10,ENG-1054,SUP-200,EMP335,TL-075,
M9745,MA1A**********745,WO12745,Sedan X,PAINT-1, stn-05 ,2026-03-03 15:11,ENG-1023,SUP-155,EMP315,TL-090,C
M9746,MA1A**********746,WO12746,Hatch Z,TRIM-1,STN-04,2026-03-03 15:12,ENG-1279,SUP-064,EMP235,TL-079,
M9747,MA1A**********747,WO12747,Sedan X,PAINT-1,STN-04,2026-03-03 15:13,ENG-1261,SUP-080,EMP177,TL-009,
M9748,MA1A**********748,WO12748,Sedan X,GA-2,STN-05,2026-03-03 15:15,ENG-1173,SUP-027,EMP297,TL-019,B
M9749,MA1A**********749,WO12749,SUV Pro,GA-2,Stn-03,2026-03-03 15:16,ENG-1322,SUP-105,EMP240,TL-070,B
M9750,MA1A**********750,WO12750,Sedan X,GA-2,STN-03,2026-03-03 15:17,ENG-1273,SUP-103,EMP372,TL-090,B
M9751,MA1A**********751,WO12751,Hatch Z,GA-1,STN-04,2026-03-03 15:18,ENG-1070,SUP-067,EMP302,TL-062,B
M9752,MA1A**********752,WO12752,Hatch Z,TRIM-1,STN-05,2026-03-03 15:20,ENG-1294,SUP-018,EMP317,TL-003,A
M9753,MA1A**********753,WO12753,Sedan X,PAINT-1,STN-01,2026-03-03 15:21,ENG-1109,SUP-029,EMP227,TL-046,B
M9754,MA1A**********754,WO12754,Sedan X,TRIM-1,STN-01,2026-03-03 15:22,ENG-1119,SUP-055,EMP343,TL-093,
M9755,MA1A**********755,WO12755,Sedan X,PAINT-1,STN-02,2026-03-03 15:23, eng-1001 ,SUP-064,EMP122,TL-033,C
M9756,MA1A**********756,WO12756,Hatch Z,GA-1,STN-04,2026-03-03 15:25,ENG-1170,SUP-200,EMP111,TL-022,C
M9757,MA1A**********757,WO12757,SUV Pro,PAINT-1,STN-04,2026-03-03 15:26,ENG-1074,SUP-068,EMP163,TL-079,A
M9758,MA1A**********758,WO12758,SUV Pro,PAINT-1, stn-05 ,2026-03-03 15:27,ENG-1016,SUP-050,EMP248,TL-036,A
M9759,MA1A**********759,WO12759,Hatch Z,TRIM-1,STN-04,2026-03-03 15:28,ENG-1432,SUP-017,EMP340,TL-097,
M9760,MA1A**********760,WO12760,Hatch Z,GA-1,Stn-03,2026-03-03 15:30,ENG-1264,SUP-033,EMP232,TL-077,A
M9761,MA1A**********761,WO12761,Hatch Z,GA-1,Stn-03,2026-03-03 15:31,ENG-1205,SUP-119,EMP382,TL-019,A
M9762,MA1A**********762,WO12762,SUV Pro,GA-1,STN-04,2026-03-03 15:32,ENG-1138,SUP-106,EMP364,TL-014,B
M9763,MA1A**********763,WO12763,SUV Pro,GA-2,STN-04,2026-03-03 15:33,ENG-1320,SUP-097,EMP235,TL-070,
M9764,MA1A**********764,WO12764,Hatch Z,GA-2, stn-05 ,2026-03-03 15:35,ENG-1499,SUP-149,EMP302,TL-090,
M9765,MA1A**********765,WO12765,SUV Pro,TRIM-1,STN-05,2026-03-03 15:36,ENG-1159,SUP-177,EMP146,TL-042,C
M9766,MA1A**********766,WO12766,Hatch Z,PAINT-1,STN-03,2026-03-03 15:37,ENG-1411,SUP-169,EMP125,TL-015,A
M9767,MA1A**********767,WO12767,Hatch Z,GA-2, stn-05 ,2026-03-03 15:38,ENG-1306,SUP-174,EMP192,TL-008,
M9768,MA1A**********768,WO12768,SUV Pro,GA-2, stn-05 ,2026/03/03 15:40,ENG-1475,SUP-098,EMP122,TL-045,A
M9769,MA1A**********769,WO12769,Sedan X,TRIM-1,STN-01,2026-03-03 15:41,ENG-1216,SUP-175,EMP131,TL-030,
M9770,MA1A**********770,WO12770,Sedan X,TRIM-1,STN-03,2026-03-03 15:42,ENG-1127,SUP-106,EMP164,TL-013,C
M9771,MA1A**********771,WO12771,SUV Pro,PAINT-1,STN-05,2026-03-03 15:43,ENG-1028,SUP-098,EMP348,TL-001,A
M9772,MA1A**********772,WO12772,Sedan X,PAINT-1,Stn-03,2026-03-03 15:45,ENG-1069,SUP-077,EMP371,TL-075,C
M9773,MA1A**********773,WO12773,Sedan X,GA-1,STN-03,2026-03-03 15:46,ENG-1471,SUP-097,EMP292,TL-088,C
M9774,MA1A**********774,WO12774,Hatch Z,TRIM-1,STN-04,2026-03-03 15:47,ENG-1254,SUP-106,EMP125,TL-042,
M9775,MA1A**********775,WO12775,SUV Pro,GA-2,STN-01,2026-03-03 15:48,ENG-1419,SUP-080,EMP261,TL-055,C
M9776,MA1A**********776,WO12776,SUV Pro,TRIM-1,STN-03,2026-03-03 15:50,ENG-1275,SUP-008,EMP392,TL-058,C
M9777,MA1A**********777,WO12777,SUV Pro,GA-2,STN-02,2026-03-03 15:51,ENG-1400,SUP-130,EMP114,TL-055,B
M9778,MA1A**********778,WO12778,Sedan X,PAINT-1,STN-03,2026-03-03 15:52,ENG-1409,SUP-104,EMP295,TL-999,B
M9779,MA1A**********779,WO12779,Hatch Z,GA-2,Stn-03,2026-03-03 15:53,ENG-1214,SUP-087,EMP248,TL-007,A
M9780,MA1A**********780,WO12780,SUV Pro,PAINT-1,STN-05,2026-03-03 15:55,ENG-1311,SUP-089,EMP217,TL-007,A
M9781,MA1A**********781,WO12781,Hatch Z,TRIM-1,STN-02,2026-03-03 15:56,ENG-1438,SUP-048,EMP160,TL-023,B
M9782,MA1A**********782,WO12782,SUV Pro,GA-2,Stn-03,2026-03-03 15:57,ENG-1408,SUP-116,EMP319,TL-062,
M9783,MA1A**********783,WO12783,SUV Pro,TRIM-1,STN-02,2026-03-03 15:58,ENG-1391,SUP-081,EMP134,TL-050,A
M9784,MA1A**********784,WO12784,Sedan X,GA-1,STN-02,2026-03-03 16:00,ENG-1143,SUP-182,EMP151,TL-012,C
M9785,MA1A**********785,WO12785,Hatch Z,PAINT-1,STN-05,2026-03-03 16:01,ENG-1408,SUP-133,EMP298,TL-008,A
M9786,MA1A**********786,WO12786,Hatch Z,GA-1,STN-01,2026-03-03 16:02,ENG-1242,SUP-151,EMP364,TL-051,
M9787,MA1A**********787,WO12787,Hatch Z,TRIM-1,STN-05,2026-03-03 16:03,ENG-1065,SUP-051,EMP140,TL-023,C
M9788,MA1A**********788,WO12788,SUV Pro,GA-1,Stn-03,2026-03-03 16:05,ENG-1139,SUP-115,EMP169,TL-092,
M9789,MA1A**********789,WO12789,SUV Pro,GA-2, stn-05 ,2026-03-03 16:06,ENG-1415,SUP-109,EMP138,TL-019,A
M9790,MA1A**********790,WO12790,Sedan X,GA-1,STN-02,2026-03-03 16:07,ENG-1270,SUP-065,EMP217,TL-095,
M9791,MA1A**********791,WO12791,SUV Pro,GA-2,STN-04,2026-03-03 16:08,ENG-1177,SUP-179,EMP297,TL-097,A
M9792,MA1A**********792,WO12792,SUV Pro,PAINT-1,Stn-03,2026-03-03 16:10,ENG-1325,SUP-044,EMP288,TL-034,B
M9793,MA1A**********793,WO12793,SUV Pro,GA-2,STN-01,2026-03-03 16:11,ENG-1343,SUP-143,EMP219,TL-065,C
M9794,MA1A**********794,WO12794,SUV Pro,PAINT-1,Stn-03,2026-03-03 16:12,ENG-1385,SUP-069,EMP124,TL-005,
M9795,MA1A**********795,WO12795,SUV Pro,PAINT-1, stn-05 ,2026-03-03 16:13,ENG-1188,SUP-074,EMP339,TL-044,B
M9796,MA1A**********796,WO12796,Sedan X,GA-1,STN-01,2026-03-03 16:15,ENG-1071,SUP-050,EMP178,TL-092,
M9797,MA1A**********797,WO12797,SUV Pro,TRIM-1, stn-05 ,2026-03-03 16:16,ENG-1481,SUP-159,EMP143,TL-058,
M9798,MA1A**********798,WO12798,SUV Pro,GA-2,STN-02,2026-03-03 16:17,ENG-1340,SUP-076,EMP185,TL-063,B
M9799,MA1A**********799,WO12799,Sedan X,GA-2,Stn-03,2026-03-03 16:18,ENG-1426,SUP-143,EMP375,TL-049,B
M9800,MA1A**********800,WO12800,Sedan X,TRIM-1,STN-03,2026-03-03 16:20,ENG-1365,SUP-004,EMP377,TL-008,A
M9801,MA1A**********801,WO12801,Hatch Z,TRIM-1,STN-02,2026-03-03 16:21,ENG-1423,SUP-011,EMP230,TL-043,B
M9802,MA1A**********802,WO12802,Sedan X,TRIM-1,STN-05,2026-03-03 16:22,ENG-1405,SUP-059,EMP266,TL-093,B
M9803,MA1A**********803,WO12803,SUV Pro,GA-2,STN-03,2026-03-03 16:23,ENG-1434,SUP-059,EMP256,TL-002,A
M9804,MA1A**********804,WO12804,Hatch Z,GA-1,STN-05,2026-03-03 16:25,ENG-1035,SUP-184,EMP302,TL-057,
M9805,MA1A**********805,WO12805,Hatch Z,PAINT-1,STN-05,2026-03-03 16:26,ENG-1463,SUP-018,EMP317,TL-045,B
M9806,MA1A**********806,WO12806,SUV Pro,PAINT-1,STN-03,2026-03-03 16:27,ENG-1469,SUP-172,EMP284,TL-034,C
M9807,MA1A**********807,WO12807,SUV Pro,GA-1,Stn-03,2026-03-03 16:28,ENG-1272,SUP-054,EMP373,TL-047,A
M9808,MA1A**********808,WO12808,SUV Pro,GA-2,STN-04,2026-03-03 16:30,ENG-1360,SUP-142,EMP154,TL-002,C
M9809,MA1A**********809,WO12809,Sedan X,GA-1,STN-02,2026-03-03 16:31,ENG-1274,SUP-117,EMP357,TL-066,C
M9810,MA1A**********810,WO12810,Hatch Z,TRIM-1,Stn-03,2026-03-03 16:32,ENG-1318,SUP-146,EMP396,TL-055,B
M9811,MA1A**********811,WO12811,Hatch Z,GA-1,STN-03,2026-03-03 16:33,ENG-1161,SUP-124,EMP396,TL-090,B
M9812,MA1A**********812,WO12812,SUV Pro,GA-1,STN-03,2026-03-03 16:35,ENG-1429,SUP-116,EMP170,TL-033,
M9813,MA1A**********813,WO12813,Sedan X,GA-1,Stn-03,2026-03-03 16:36,ENG-1045,SUP-187,EMP376,TL-096,
M9814,MA1A**********814,WO12814,Hatch Z,PAINT-1,STN-02,2026-03-03 16:37,ENG-1137,SUP-034,EMP204,TL-072,B
M9815,MA1A**********815,WO12815,Hatch Z,TRIM-1,STN-02,2026-03-03 16:38,ENG-1266,SUP-061,EMP221,TL-073,A
M9816,MA1A**********816,WO12816,Sedan X,GA-1, stn-05 ,2026-03-03 16:40,ENG-1337,SUP-141,EMP355,TL-004,
M9817,MA1A**********817,WO12817,Sedan X,GA-2,STN-02,2026-03-03 16:41,ENG-1264,SUP-132,EMP125,TL-092,B
M9818,MA1A**********818,WO12818,Sedan X,GA-2,STN-01,2026-03-03 16:42,ENG-1022,SUP-030,EMP107,TL-024,B
M9819,MA1A**********819,WO12819,Sedan X,GA-1,STN-01,2026-03-03 16:43,ENG-1032,SUP-178,EMP367,TL-050,
M9820,MA1A**********820,WO12820,SUV Pro,TRIM-1,STN-01,2026-03-03 16:45,ENG-1023,SUP-008,EMP360,TL-081,
M9821,MA1A**********821,WO12821,Hatch Z,TRIM-1,STN-01,2026-03-03 16:46,ENG-1005,SUP-141,EMP142,TL-038,B
M9822,MA1A**********822,WO12822,SUV Pro,TRIM-1,Stn-03,2026-03-03 16:47,ENG-1047,SUP-074,EMP131,TL-093,B
M9823,MA1A**********823,WO12823,Hatch Z,PAINT-1,STN-03,2026-03-03 16:48,ENG-1332,SUP-063,EMP143,TL-076,A
M9824,MA1A**********824,WO12824,SUV Pro,PAINT-1,STN-04,2026-03-03 16:50,ENG-1400,SUP-193,EMP381,TL-083,B
M9825,MA1A**********825,WO12825,Sedan X,PAINT-1,STN-03,2026-03-03 16:51,ENG-1209,SUP-151,EMP261,TL-087,A
M9826,MA1A**********826,WO12826,Sedan X,GA-1,STN-02,2026-03-03 16:52,ENG-1375,SUP-198,EMP108,TL-059,
M9827,MA1A**********827,WO12827,Sedan X,GA-1,STN-03,2026-03-03 16:53,ENG-1418,SUP-072,EMP268,TL-096,
M9828,MA1A**********828,WO12828,SUV Pro,GA-1,STN-03,2026-03-03 16:55,ENG-1010,SUP-177,EMP123,TL-056,
M9829,MA1A**********829,WO12829,Hatch Z,TRIM-1,STN-04,2026-03-03 16:56,ENG-1137,SUP-024,EMP137,TL-002,
M9830,MA1A**********830,WO12830,SUV Pro,PAINT-1,Stn-03,2026-03-03 16:57,ENG-1044,SUP-182,EMP146,TL-091,B
M9831,MA1A**********831,WO12831,SUV Pro,GA-1,Stn-03,2026-03-03 16:58,ENG-1228,SUP-139,EMP265,TL-013,
M9832,MA1A**********832,WO12832,Hatch Z,PAINT-1,Stn-03,2026-03-03 17:00,ENG-1316,SUP-121,EMP121,TL-067,A
M9833,MA1A**********833,WO12833,SUV Pro,GA-2,STN-04,2026-03-03 17:01,ENG-1214,SUP-141,EMP203,TL-038,B
M9834,MA1A**********834,WO12834,SUV Pro,TRIM-1,STN-02,2026-03-03 17:02,ENG-1198,SUP-156,EMP335,TL-999,A
M9835,MA1A**********835,WO12835,Hatch Z,GA-2,STN-05,2026-03-03 17:03,ENG-1221,SUP-143,EMP384,TL-067,A
M9836,MA1A**********836,WO12836,SUV Pro,TRIM-1,Stn-03,2026-03-03 17:05,ENG-1314,SUP-019,EMP286,TL-004,C
M9837,MA1A**********837,WO12837,Hatch Z,TRIM-1,STN-02,2026-03-03 17:06,ENG-1185,SUP-117,EMP139,TL-073,
M9838,MA1A**********838,WO12838,SUV Pro,GA-1, stn-05 ,2026-03-03 17:07,ENG-1304,SUP-061,EMP164,TL-003,A
M9839,MA1A**********839,WO12839,Sedan X,TRIM-1, stn-05 ,2026-03-03 17:08,ENG-1391,SUP-092,EMP332,TL-081,B
M9840,MA1A**********840,WO12840,SUV Pro,GA-1,STN-03,2026-03-03 17:10,ENG-1040,SUP-142,EMP102,TL-098,C
M9841,MA1A**********841,WO12841,Sedan X,GA-1,Stn-03,2026-03-03 17:11,ENG-1236,SUP-093,EMP271,TL-066,C
M9842,MA1A**********842,WO12842,Sedan X,TRIM-1,STN-04,2026-03-03 17:12,ENG-1233,SUP-075,EMP146,TL-086,B
M9843,MA1A**********843,WO12843,SUV Pro,PAINT-1,STN-04,2026-03-03 17:13,ENG-1308,SUP-048,EMP138,TL-013,B
M9844,MA1A**********844,WO12844,SUV Pro,GA-1,STN-05,2026-03-03 17:15,ENG-1364,SUP-152,EMP306,TL-018,
M9845,MA1A**********845,WO12845,SUV Pro,GA-2,STN-02,2026-03-03 17:16,ENG-1072,SUP-155,EMP344,TL-043,A
M9846,MA1A**********846,WO12846,SUV Pro,GA-1,Stn-03,2026-03-03 17:17,ENG-1362,SUP-068,EMP287,TL-035,B
M9847,MA1A**********847,WO12847,Sedan X,PAINT-1, stn-05 ,2026-03-03 17:18,ENG-1150,SUP-096,EMP348,TL-006,C
M9848,MA1A**********848,WO12848,SUV Pro,GA-2,STN-01,2026-03-03 17:20,ENG-1432,SUP-148,EMP172,TL-017,C
M9849,MA1A**********849,WO12849,SUV Pro,GA-1, stn-05 ,2026-03-03 17:21,ENG-1294,SUP-005,EMP125,TL-009,
M9850,MA1A**********850,WO12850,Sedan X,PAINT-1,STN-04,2026-03-03 17:22,ENG-1140,SUP-014,EMP335,TL-022,B
M9851,MA1A**********851,WO12851,Sedan X,PAINT-1,Stn-03,2026-03-03 17:23,ENG-1442,SUP-121,EMP190,TL-065,B
M9852,MA1A**********852,WO12852,Hatch Z,PAINT-1, stn-05 ,2026-03-03 17:25,ENG-1453,SUP-072,EMP102,TL-008,A
M9853,MA1A**********853,WO12853,SUV Pro,GA-2,STN-02,2026-03-03 17:26,ENG-1352,SUP-068,EMP331,TL-031,A
M9854,MA1A**********854,WO12854,Sedan X,TRIM-1,STN-01,2026-03-03 17:27,ENG-1199,SUP-139,EMP291,TL-001,
M9855,MA1A**********855,WO12855,Sedan X,GA-1,Stn-03,2026-03-03 17:28,ENG-1179,SUP-144,EMP130,TL-012,A
M9856,MA1A**********856,WO12856,Hatch Z,PAINT-1,STN-01,2026-03-03 17:30,ENG-1312,SUP-046,EMP337,TL-014,A
M9857,MA1A**********857,WO12857,SUV Pro,GA-2,STN-04,2026-03-03 17:31,ENG-1041,SUP-192,EMP122,TL-096,C
M9858,MA1A**********858,WO12858,Sedan X,TRIM-1,STN-01,2026-03-03 17:32,ENG-1420,SUP-146,EMP169,TL-026,A
M9859,MA1A**********859,WO12859,Sedan X,TRIM-1,STN-01,2026-03-03 17:33,ENG-1414,SUP-111,EMP260,TL-088,A
M9860,MA1A**********860,WO12860,Sedan X,TRIM-1,STN-03,2026-03-03 17:35,ENG-1463,SUP-180,EMP144,TL-065,C
M9861,MA1A**********861,WO12861,Hatch Z,PAINT-1, stn-05 ,2026-03-03 17:36,ENG-1150,SUP-059,EMP172,TL-073,
M9862,MA1A**********862,WO12862,SUV Pro,GA-2,Stn-03,2026-03-03 17:37,ENG-1439,SUP-106,EMP276,TL-017,C
M9863,MA1A**********863,WO12863,SUV Pro,TRIM-1,Stn-03,2026-03-03 17:38,ENG-1059,SUP-106,EMP145,TL-080,B
M9864,MA1A**********864,WO12864,SUV Pro,GA-2,Stn-03,2026-03-03 17:40,ENG-1159,SUP-138,EMP142,TL-028,A
M9865,MA1A**********865,WO12865,Sedan X,PAINT-1,STN-03,2026-03-03 17:41,ENG-1023,SUP-040,EMP280,TL-100,
M9866,MA1A**********866,WO12866,Sedan X,GA-2,STN-01,2026-03-03 17:42,ENG-1239,SUP-076,EMP209,TL-999,C
M9867,MA1A**********867,WO12867,SUV Pro,PAINT-1,STN-05,2026-03-03 17:43,ENG-1391,SUP-062,EMP272,TL-020,
M9868,MA1A**********868,WO12868,Hatch Z,GA-1,STN-04,2026-03-03 17:45,ENG-1441,SUP-070,EMP379,TL-056,A
M9869,MA1A**********869,WO12869,Hatch Z,TRIM-1,STN-04,2026-03-03 17:46,ENG-1099,SUP-151,EMP380,TL-029,C
M9870,MA1A**********870,WO12870,SUV Pro,GA-2,STN-05,2026-03-03 17:47,ENG-1155,SUP-046,EMP262,TL-030,
M9871,MA1A**********871,WO12871,Hatch Z,PAINT-1,STN-04,2026-03-03 17:48,ENG-1468,SUP-036,EMP376,TL-007,C
M9872,MA1A**********872,WO12872,SUV Pro,GA-1,STN-04,2026-03-03 17:50,ENG-1417,SUP-114,EMP241,TL-091,A
M9873,MA1A**********873,WO12873,SUV Pro,PAINT-1,STN-04,2026-03-03 17:51,ENG-1317,SUP-086,EMP280,TL-011,C
M9874,MA1A**********874,WO12874,SUV Pro,GA-2,STN-02,2026-03-03 17:52,ENG-1289,SUP-047,EMP104,TL-077,A
M9875,MA1A**********875,WO12875,Hatch Z,PAINT-1,Stn-03,2026-03-03 17:53,ENG-1166,SUP-028,EMP121,TL-064,C
M9876,MA1A**********876,WO12876,Hatch Z,GA-1, stn-05 ,2026-03-03 17:55,ENG-1307,SUP-027,EMP219,TL-013,A
M9877,MA1A**********877,WO12877,Sedan X,TRIM-1,Stn-03,2026-03-03 17:56,ENG-1259,SUP-100,EMP148,TL-077,A
M9878,MA1A**********878,WO12878,Sedan X,PAINT-1,Stn-03,2026-03-03 17:57,ENG-1151,SUP-181,EMP327,TL-088,
M9879,MA1A**********879,WO12879,Sedan X,GA-2,STN-02,2026-03-03 17:58,ENG-1324,SUP-007,EMP307,TL-092,C
M9880,MA1A**********880,WO12880,Sedan X,PAINT-1,Stn-03,2026-03-03 18:00,ENG-1470,SUP-069,EMP142,TL-088,B
M9881,MA1A**********881,WO12881,Sedan X,GA-1, stn-05 ,2026-03-03 18:01,ENG-1069,SUP-047,EMP324,TL-041,C
M9882,MA1A**********882,WO12882,Sedan X,GA-1,STN-02,2026-03-03 18:02,ENG-1440,SUP-107,EMP125,TL-011,C
M9883,MA1A**********883,WO12883,Sedan X,PAINT-1,STN-02,2026-03-03 18:03,ENG-1441,SUP-185,EMP193,TL-045,C
M9884,MA1A**********884,WO12884,SUV Pro,PAINT-1,STN-01,2026-03-03 18:05,ENG-1224,SUP-073,EMP122,TL-064,A
M9885,MA1A**********885,WO12885,SUV Pro,GA-2,Stn-03,2026-03-03 18:06,ENG-1066,SUP-119,EMP381,TL-007,C
M9886,MA1A**********886,WO12886,Hatch Z,PAINT-1, stn-05 ,2026-03-03 18:07,ENG-1014,,EMP218,TL-086,A
M9887,MA1A**********887,WO12887,Sedan X,GA-1,STN-04,2026-03-03 18:08,ENG-1147,SUP-174,EMP210,TL-039,A
M9888,MA1A**********888,WO12888,Sedan X,GA-1,STN-01,2026-03-03 18:10,ENG-1142,SUP-090,EMP164,TL-005,B
M9889,MA1A**********889,WO12889,SUV Pro,GA-1,STN-05,2026-03-03 18:11,ENG-1313,SUP-179,EMP245,TL-009,A
M9890,MA1A**********890,WO12890,Hatch Z,PAINT-1, stn-05 ,2026-03-03 18:12,ENG-1314,SUP-025,EMP213,TL-084,C
M9891,MA1A**********891,WO12891,Hatch Z,GA-2,STN-05,2026-03-03 18:13,ENG-1183,SUP-089,EMP224,TL-048,C
M9892,MA1A**********892,WO12892,Sedan X,GA-1,STN-03,2026-03-03 18:15,ENG-1198,SUP-019,EMP117,TL-008,
M9893,MA1A**********893,WO12893,SUV Pro,GA-1, stn-05 ,2026-03-03 18:16,ENG-1009,SUP-102,EMP392,TL-055,A
M9894,MA1A**********894,WO12894,Sedan X,TRIM-1, stn-05 ,2026-03-03 18:17,ENG-1224,SUP-123,EMP234,TL-006,B
M9895,MA1A**********895,WO12895,SUV Pro,PAINT-1, stn-05 ,2026-03-03 18:18,ENG-1348,SUP-033,EMP211,TL-085,B
M9896,MA1A**********896,WO12896,Hatch Z,PAINT-1,STN-03,2026-03-03 18:20,ENG-1297,SUP-179,EMP291,TL-029,A
M9897,MA1A**********897,WO12897,Sedan X,TRIM-1,STN-04,2026-03-03 18:21,ENG-1234,SUP-097,EMP180,TL-043,C
M9898,MA1A**********898,WO12898,Sedan X,GA-2,STN-02,2026-03-03 18:22,ENG-1324,SUP-090,EMP105,TL-010,
M9899,MA1A**********899,WO12899,Sedan X,TRIM-1,STN-03,2026-03-03 18:23,ENG-1130,SUP-034,EMP300,TL-024,C
M9900,MA1A**********900,WO12900,Sedan X,TRIM-1,STN-05,2026-03-03 18:25, eng-1001 ,SUP-066,EMP194,TL-075,A
M9901,MA1A**********901,WO12901,Hatch Z,GA-2, stn-05 ,2026-03-03 18:26,ENG-1484,SUP-147,EMP176,TL-029,B
M9902,MA1A**********902,WO12902,SUV Pro,PAINT-1,Stn-03,2026-03-03 18:27,ENG-1048,SUP-018,EMP107,TL-095,A
M9903,MA1A**********903,WO12903,Hatch Z,GA-1, stn-05 ,2026-03-03 18:28,ENG-1458,SUP-108,EMP123,TL-046,B
M9904,MA1A**********904,WO12904,Sedan X,TRIM-1,STN-05,2026-03-03 18:30,ENG-1129,SUP-063,EMP107,TL-020,A
M9905,MA1A**********905,WO12905,Sedan X,TRIM-1,STN-04,2026-03-03 18:31,ENG-1227,SUP-057,EMP169,TL-079,A
M9906,MA1A**********906,WO12906,SUV Pro,PAINT-1,STN-04,2026-03-03 18:32,ENG-1171,SUP-194,EMP388,TL-072,
M9907,MA1A**********907,WO12907,SUV Pro,GA-2,STN-01,2026-03-03 18:33,ENG-1087,SUP-152,EMP316,TL-040,B
M9908,MA1A**********908,WO12908,SUV Pro,GA-1,STN-02,2026-03-03 18:35,ENG-1488,SUP-062,EMP314,TL-086,B
M9909,MA1A**********909,WO12909,Sedan X,GA-2,STN-04,2026-03-03 18:36,ENG-1189,SUP-091,EMP366,TL-024,A
M9910,MA1A**********910,WO12910,SUV Pro,TRIM-1,STN-04,2026-03-03 18:37,ENG-1455,SUP-007,EMP164,TL-001,
M9911,MA1A**********911,WO12911,Sedan X,GA-1,Stn-03,2026-03-03 18:38,ENG-1176,SUP-042,EMP215,TL-092,A
M9912,MA1A**********912,WO12912,Sedan X,GA-2,STN-04,2026-03-03 18:40,ENG-1358,SUP-044,EMP150,TL-083,B
M9913,MA1A**********913,WO12913,Sedan X,PAINT-1,STN-05,2026-03-03 18:41,ENG-1402,SUP-032,EMP367,TL-074,
M9914,MA1A**********914,WO12914,Hatch Z,GA-1, stn-05 ,2026-03-03 18:42,ENG-1187,SUP-145,EMP148,TL-056,A
M9915,MA1A**********915,WO12915,Sedan X,TRIM-1,STN-02,2026-03-03 18:43,ENG-1274,SUP-096,EMP270,TL-071,A
M9916,MA1A**********916,WO12916,Hatch Z,PAINT-1,STN-05,2026-03-03 18:45,ENG-1383,SUP-119,EMP340,TL-022,A
M9917,MA1A**********917,WO12917,SUV Pro,GA-1, stn-05 ,2026-03-03 18:46,ENG-1025,SUP-193,EMP273,TL-031,
M9918,MA1A**********918,WO12918,Hatch Z,GA-2,STN-01,2026-03-03 18:47,ENG-1280,SUP-097,EMP179,TL-066,
M9919,MA1A**********919,WO12919,Sedan X,PAINT-1,STN-03,2026-03-03 18:48,ENG-1492,SUP-080,EMP127,TL-085,A
M9920,MA1A**********920,WO12920,Hatch Z,GA-2,STN-02,2026-03-03 18:50,ENG-1369,SUP-194,EMP344,TL-021,A
M9921,MA1A**********921,WO12921,Sedan X,GA-2,STN-05,2026-03-03 18:51,ENG-1109,SUP-158,EMP250,TL-069,B
M9922,MA1A**********922,WO12922,Hatch Z,GA-2,STN-02,2026-03-03 18:52,ENG-1339,SUP-040,EMP130,TL-033,A
M9923,MA1A**********923,WO12923,SUV Pro,PAINT-1,STN-04,2026-03-03 18:53,ENG-1142,SUP-168,EMP208,TL-094,B
M9924,MA1A**********924,WO12924,Hatch Z,GA-1,STN-01,2026-03-03 18:55,ENG-1215,SUP-093,EMP395,TL-078,B
M9925,MA1A**********925,WO12925,Hatch Z,GA-1, stn-05 ,2026-03-03 18:56,ENG-1064,SUP-189,EMP106,TL-017,A
M9926,MA1A**********926,WO12926,Hatch Z,GA-2,STN-01,2026-03-03 18:57,ENG-1141,SUP-183,EMP176,TL-029,B
M9927,MA1A**********927,WO12927,Sedan X,TRIM-1,STN-04,2026-03-03 18:58,ENG-1183,SUP-033,EMP152,TL-032,C
M9928,MA1A**********928,WO12928,Hatch Z,GA-2,STN-01,2026-03-03 19:00,ENG-1460,SUP-199,EMP166,TL-065,A
M9929,MA1A**********929,WO12929,SUV Pro,PAINT-1,STN-01,2026-03-03 19:01,ENG-1208,SUP-065,EMP302,TL-026,A
M9930,MA1A**********930,WO12930,Hatch Z,GA-1,STN-03,2026-03-03 19:02,ENG-1366,SUP-153,EMP218,TL-057,
M9931,MA1A**********931,WO12931,SUV Pro,PAINT-1,STN-04,2026-03-03 19:03,ENG-1462,SUP-150,EMP149,TL-079,B
M9932,MA1A**********932,WO12932,Sedan X,GA-1, stn-05 ,2026-03-03 19:05,ENG-1011,SUP-167,EMP182,TL-077,A
M9933,MA1A**********933,WO12933,SUV Pro,GA-1,STN-04,2026-03-03 19:06,ENG-1152,SUP-097,EMP120,TL-021,B
M9934,MA1A**********934,WO12934,Sedan X,GA-1,STN-03,2026-03-03 19:07,ENG-1126,SUP-190,EMP377,TL-036,A
M9935,MA1A**********935,WO12935,Hatch Z,TRIM-1,STN-04,2026-03-03 19:08,ENG-1083,SUP-039,EMP390,TL-011,B
M9936,MA1A**********936,WO12936,Sedan X,TRIM-1,STN-04,2026-03-03 19:10,ENG-1007,SUP-129,EMP128,TL-047,
M9937,MA1A**********937,WO12937,Hatch Z,PAINT-1,Stn-03,2026-03-03 19:11,ENG-1213,SUP-101,EMP335,TL-097,A
M9938,MA1A**********938,WO12938,SUV Pro,GA-2, stn-05 ,2026-03-03 19:12,ENG-1201,SUP-040,EMP143,TL-074,
M9939,MA1A**********939,WO12939,SUV Pro,PAINT-1,STN-01,2026-03-03 19:13,ENG-1155,SUP-149,EMP246,TL-100,C
M9940,MA1A**********940,WO12940,SUV Pro,GA-1,STN-04,2026-03-03 19:15,ENG-1494,SUP-111,EMP300,TL-026,C
M9941,MA1A**********941,WO12941,Hatch Z,GA-2, stn-05 ,2026/03/03 19:16,ENG-1115,SUP-146,EMP313,TL-045,A
M9942,MA1A**********942,WO12942,SUV Pro,TRIM-1,STN-02,2026-03-03 19:17,ENG-1232,SUP-049,EMP166,TL-022,
M9943,MA1A**********943,WO12943,Sedan X,TRIM-1,Stn-03,2026-03-03 19:18,ENG-1060,SUP-023,EMP251,TL-019,C
M9944,MA1A**********944,WO12944,Sedan X,TRIM-1, stn-05 ,2026-03-03 19:20,ENG-1070,SUP-190,EMP275,TL-084,C
M9945,MA1A**********945,WO12945,SUV Pro,GA-2,STN-01,2026-03-03 19:21,ENG-1347,SUP-132,EMP362,TL-082,A
M9946,MA1A**********946,WO12946,Hatch Z,TRIM-1,STN-05,2026-03-03 19:22,ENG-1486,SUP-176,EMP150,TL-095,
M9947,MA1A**********947,WO12947,Sedan X,GA-2, stn-05 ,2026-03-03 19:23,ENG-1159,SUP-183,EMP143,TL-085,
M9948,MA1A**********948,WO12948,SUV Pro,GA-2,STN-02,2026-03-03 19:25,ENG-1286,SUP-087,EMP222,TL-018,C
M9949,MA1A**********949,WO12949,SUV Pro,GA-2,STN-03,2026-03-03 19:26,ENG-1341,SUP-015,EMP286,TL-069,B
M9950,MA1A**********950,WO12950,Sedan X,GA-2,STN-03,2026-03-03 19:27,ENG-1486,SUP-052,EMP117,TL-089,B
M9951,MA1A**********951,WO12951,Sedan X,GA-1, stn-05 ,2026-03-03 19:28,ENG-1427,SUP-094,EMP370,TL-064,
M9952,MA1A**********952,WO12952,Sedan X,PAINT-1, stn-05 ,2026-03-03 19:30,ENG-1136,SUP-095,EMP339,TL-100,
M9953,MA1A**********953,WO12953,Hatch Z,PAINT-1,STN-04,2026-03-03 19:31,ENG-1169,SUP-117,EMP305,TL-076,C
M9954,MA1A**********954,WO12954,Hatch Z,PAINT-1,STN-02,2026-03-03 19:70,ENG-1184,SUP-062,EMP323,TL-048,
M9955,MA1A**********955,WO12955,SUV Pro,TRIM-1,STN-04,2026-03-03 19:33,ENG-1476,SUP-187,EMP357,TL-049,A
M9956,MA1A**********956,WO12956,SUV Pro,GA-2,STN-03,2026-03-03 19:35,ENG-1064,SUP-021,EMP190,TL-044,C
M9957,MA1A**********957,WO12957,SUV Pro,GA-1,STN-05,2026-03-03 19:36,ENG-1357,SUP-003,EMP393,TL-043,C
M9958,MA1A**********958,WO12958,Hatch Z,GA-1,Stn-03,2026-03-03 19:37,ENG-1174,SUP-048,EMP304,TL-077,B
M9959,MA1A**********959,WO12959,SUV Pro,PAINT-1,STN-05,2026-03-03 19:38,ENG-1195,SUP-102,EMP254,TL-058,B
M9960,MA1A**********960,WO12960,Sedan X,GA-2,STN-01,2026-03-03 19:40,ENG-1232,SUP-071,EMP169,TL-031,C
M9961,MA1A**********961,WO12961,Hatch Z,GA-1,STN-03,2026-03-03 19:41,ENG-1092,SUP-099,EMP162,TL-037,A
M9962,MA1A**********962,WO12962,Hatch Z,PAINT-1, stn-05 ,2026-03-03 19:42,ENG-1278,SUP-150,EMP200,TL-032,B
M9963,MA1A**********963,WO12963,SUV Pro,GA-1,STN-03,2026-03-03 19:43,ENG-1397,SUP-082,EMP258,TL-028,A
M9964,MA1A**********964,WO12964,SUV Pro,TRIM-1,STN-02,2026-03-03 19:45,ENG-1336,SUP-198,EMP334,TL-029,A
M9965,MA1A**********965,WO12965,Hatch Z,GA-1,STN-01,2026-03-03 19:46,ENG-1273,SUP-166,EMP162,TL-064,C
M9966,MA1A**********966,WO12966,Sedan X,GA-2,STN-01,2026-03-03 19:47,ENG-1040,SUP-095,EMP381,TL-058,A
M9967,MA1A**********967,WO12967,Hatch Z,PAINT-1,STN-03,2026-03-03 19:48,ENG-1080,SUP-054,EMP285,TL-085,C
M9968,MA1A**********968,WO12968,Hatch Z,GA-2,STN-04,2026-03-03 19:50,ENG-1455,SUP-130,EMP335,TL-034,C
M9969,MA1A**********969,WO12969,Hatch Z,TRIM-1,STN-01,2026-03-03 19:51,ENG-1057,SUP-128,EMP199,TL-083,B
M9970,MA1A**********970,WO12970,Hatch Z,GA-1, stn-05 ,2026-03-03 19:52,ENG-1270,SUP-106,EMP274,TL-095,B
M9971,MA1A**********971,WO12971,Sedan X,TRIM-1,STN-04,2026-03-03 19:53,ENG-1231,SUP-034,EMP395,TL-056,
M9972,MA1A**********972,WO12972,Hatch Z,PAINT-1,STN-04,2026-03-03 19:55,ENG-1096,SUP-050,EMP339,TL-001,A
M9973,MA1A**********973,WO12973,SUV Pro,GA-1, stn-05 ,2026-03-03 19:56,ENG-1423,SUP-012,EMP282,TL-020,
M9974,MA1A**********974,WO12974,Hatch Z,GA-1,STN-01,2026-03-03 19:57,ENG-1474,SUP-095,EMP266,TL-084,A
M9975,MA1A**********975,WO12975,Sedan X,GA-1,STN-02,2026-03-03 19:58,ENG-1247,SUP-175,EMP191,TL-094,B
M9976,MA1A**********976,WO12976,Sedan X,PAINT-1,STN-02,2026-03-03 20:00,ENG-1163,SUP-119,EMP199,TL-016,
M9977,MA1A**********977,WO12977,Sedan X,PAINT-1,STN-02,2026-03-03 20:01,ENG-1495,SUP-147,EMP163,TL-099,B
M9978,MA1A**********978,WO12978,SUV Pro,GA-1,STN-04,2026-03-03 20:02,ENG-1084,SUP-009,EMP201,TL-016,B
M9979,MA1A**********979,WO12979,SUV Pro,PAINT-1,STN-03,2026-03-03 20:03,ENG-1363,SUP-040,EMP365,TL-100,
M9980,MA1A**********980,WO12980,Sedan X,GA-1,STN-05,2026-03-03 20:05,ENG-1330,SUP-048,EMP394,TL-093,
M9981,MA1A**********981,WO12981,Sedan X,PAINT-1,STN-02,2026-03-03 20:06,ENG-1368,SUP-096,EMP280,TL-085,B
M9982,MA1A**********982,WO12982,Sedan X,GA-2,STN-02,2026-03-03 20:07,ENG-1077,SUP-164,EMP326,TL-030,B
M9983,MA1A**********983,WO12983,Hatch Z,GA-2,STN-01,2026-03-03 20:08,ENG-1147,SUP-094,EMP342,TL-089,B
M9984,MA1A**********984,WO12984,SUV Pro,GA-2,STN-02,2026-03-03 20:10,ENG-1116,SUP-109,EMP318,TL-012,C
M9985,MA1A**********985,WO12985,Sedan X,TRIM-1,STN-04,2026-03-03 20:11,ENG-1046,SUP-013,EMP382,TL-059,A
M9986,MA1A**********986,WO12986,Hatch Z,GA-2,STN-04,2026-03-03 20:12,ENG-1310,SUP-128,EMP161,TL-098,B
M9987,MA1A**********987,WO12987,Sedan X,TRIM-1,STN-01,2026-03-03 20:13,ENG-1050,SUP-004,EMP351,TL-016,B
M9988,MA1A**********988,WO12988,SUV Pro,GA-1,STN-03,2026-03-03 20:15,ENG-1330,SUP-142,EMP213,TL-072,B
M9989,MA1A**********989,WO12989,Hatch Z,GA-1,Stn-03,2026-03-03 20:16,ENG-1252,SUP-171,EMP322,TL-091,C
M9990,MA1A**********990,WO12990,Hatch Z,PAINT-1,Stn-03,2026-03-03 20:17,ENG-1206,SUP-123,EMP202,TL-042,
M9991,MA1A**********991,WO12991,SUV Pro,GA-2,STN-02,2026-03-03 20:18,ENG-1107,SUP-056,EMP178,TL-019,B
M9992,MA1A**********992,WO12992,Hatch Z,GA-1, stn-05 ,2026-03-03 20:20,ENG-1054,SUP-194,EMP249,TL-033,B
M9993,MA1A**********993,WO12993,SUV Pro,GA-2, stn-05 ,2026-03-03 20:21,ENG-1417,SUP-171,EMP194,TL-023,C
M9994,MA1A**********994,WO12994,SUV Pro,GA-1,STN-04,2026-03-03 20:22,ENG-1093,SUP-159,EMP272,TL-028,C
M9995,MA1A**********995,WO12995,Hatch Z,GA-1,STN-04,2026-03-03 20:23,ENG-1124,SUP-163,EMP345,TL-032,A
M9996,MA1A**********996,WO12996,Hatch Z,GA-1,STN-05,2026-03-03 20:25,ENG-1028,SUP-070,EMP303,TL-088,
M9997,XX1 **3 4,WO12997,SUV Pro,GA-1,Stn-03,2026-03-03 20:26,ENG-1120,SUP-002,EMP348,TL-086,C
M9998,MA1A**********998,WO12998,Sedan X,PAINT-1,Stn-03,2026-03-03 20:27,ENG-1062,SUP-168,EMP387,TL-042,B
M9999,MA1A**********999,WO12999,Sedan X,GA-1,STN-02,2026-03-03 20:28,ENG-1396,SUP-099,EMP189,TL-052,A
M10000,MA1A**********000,WO13000,Hatch Z,PAINT-1, stn-05 ,2026-03-03 20:30,ENG-1204,SUP-059,EMP392,TL-093,
M10001,MA1A**********001,WO13001,Hatch Z,PAINT-1,STN-04,2026-03-03 20:31,ENG-1032,SUP-081,EMP241,TL-061,A
M10002,MA1A**********002,WO13002,SUV Pro,PAINT-1,STN-03,2026-03-03 20:32,ENG-1291,SUP-019,EMP189,TL-081,A
M10003,MA1A**********003,WO13003,SUV Pro,GA-1,STN-04,2026-03-03 20:33,ENG-1368,SUP-069,EMP136,TL-010,C
M10004,MA1A**********004,WO13004,SUV Pro,TRIM-1,STN-03,2026-03-03 20:35,ENG-1008,SUP-146,EMP146,TL-074,
M10005,MA1A**********005,WO13005,Hatch Z,GA-2,STN-05,2026-03-03 20:36,ENG-1164,SUP-116,EMP380,TL-064,C
M10006,MA1A**********006,WO13006,Sedan X,GA-1,STN-04,2026-03-03 20:37,ENG-1411,SUP-001,EMP170,TL-003,C
M10007,MA1A**********007,WO13007,Sedan X,TRIM-1,STN-02,2026-03-03 20:38,ENG-1341,SUP-004,EMP136,TL-080,
M10008,MA1A**********008,WO13008,Sedan X,GA-2, stn-05 ,2026-03-03 20:40,ENG-1338,SUP-023,EMP176,TL-040,A
M10009,MA1A**********009,WO13009,Sedan X,GA-2,Stn-03,2026-03-03 20:41,ENG-1366,SUP-111,EMP306,TL-060,
M10010,MA1A**********010,WO13010,SUV Pro,GA-1,STN-05,2026-03-03 20:42,ENG-1488,SUP-134,EMP342,TL-028,A
M10011,MA1A**********011,WO13011,Sedan X,TRIM-1,STN-04,2026-03-03 20:43,ENG-1457,SUP-124,EMP218,TL-011,B
M10012,MA1A**********012,WO13012,Sedan X,TRIM-1, stn-05 ,2026-03-03 20:45,ENG-1199,SUP-173,EMP114,TL-059,C
M10013,MA1A**********013,WO13013,Hatch Z,TRIM-1, stn-05 ,2026-03-03 20:46,ENG-1278,SUP-108,EMP280,TL-031,B
M10014,MA1A**********014,WO13014,Hatch Z,PAINT-1,STN-02,2026-03-03 20:47,ENG-1059,SUP-155,EMP146,TL-081,
M10015,MA1A**********015,WO13015,SUV Pro,PAINT-1,STN-02,2026-03-03 20:48,ENG-1015,SUP-132,EMP396,TL-082,C
M10016,MA1A**********016,WO13016,Sedan X,GA-2,STN-01,2026-03-03 20:50,ENG-1074,SUP-012,EMP181,TL-016,A
M10017,MA1A**********017,WO13017,SUV Pro,GA-1,Stn-03,2026-03-03 20:51,ENG-1178,SUP-125,EMP293,TL-035,C
M10018,MA1A**********018,WO13018,Hatch Z,TRIM-1,Stn-03,2026-03-03 20:52,ENG-1471,SUP-073,EMP345,TL-001,A
M10019,MA1A**********019,WO13019,Sedan X,GA-2,STN-04,2026-03-03 20:53,ENG-1495,SUP-144,EMP337,TL-051,C
M10020,MA1A**********020,WO13020,SUV Pro,TRIM-1,STN-04,2026-03-03 20:55,ENG-1205,SUP-077,EMP393,TL-058,
M10021,MA1A**********021,WO13021,SUV Pro,GA-1,STN-04,2026-03-03 20:56,ENG-1417,SUP-052,EMP297,TL-045,
M10022,MA1A**********022,WO13022,Hatch Z,GA-1,STN-03,2026-03-03 20:57,ENG-1439,SUP-085,EMP116,TL-003,
M10023,MA1A**********023,WO13023,Sedan X,PAINT-1,STN-03,2026-03-03 20:58,ENG-1357,SUP-057,EMP340,TL-026,A
M10024,MA1A**********024,WO13024,Hatch Z,TRIM-1,STN-03,2026-03-03 21:00,ENG-1289,SUP-110,EMP195,TL-060,
M10025,MA1A**********025,WO13025,Sedan X,GA-1, stn-05 ,2026-03-03 21:01,ENG-1289,SUP-167,EMP283,TL-018,
M10026,MA1A**********026,WO13026,Sedan X,PAINT-1,STN-02,2026-03-03 21:02,ENG-1025,SUP-178,EMP289,TL-076,
M10027,MA1A**********027,WO13027,Hatch Z,GA-1,STN-02,2026-03-03 21:03,ENG-1188,SUP-090,EMP156,TL-021,B
M10028,MA1A**********028,WO13028,SUV Pro,TRIM-1, stn-05 ,2026-03-03 21:05,ENG-1105,SUP-110,EMP253,TL-031,A
M10029,MA1A**********029,WO13029,SUV Pro,PAINT-1,STN-05,2026-03-03 21:06,ENG-1317,SUP-144,EMP391,TL-098,C
M10030,MA1A**********030,WO13030,Hatch Z,TRIM-1,STN-03,2026-03-03 21:07,ENG-1472,SUP-073,EMP311,TL-085,
M10031,MA1A**********031,WO13031,Sedan X,PAINT-1,STN-03,2026-03-03 21:08,ENG-1385,SUP-068,EMP249,TL-096,B
M10032,MA1A**********032,WO13032,SUV Pro,PAINT-1,Stn-03,2026-03-03 21:10,ENG-1037,SUP-079,EMP162,TL-051,B
M10033,MA1A**********033,WO13033,Hatch Z,GA-2,Stn-03,2026-03-03 21:11,ENG-1361,SUP-067,EMP241,TL-075,
M10034,MA1A**********034,WO13034,SUV Pro,GA-2,STN-05,2026-03-03 21:12,ENG-1451,SUP-070,EMP309,TL-034,A
M10035,MA1A**********035,WO13035,Hatch Z,GA-2,STN-02,2026-03-03 21:13,ENG-1114,SUP-013,EMP268,TL-065,
M10036,MA1A**********036,WO13036,Sedan X,TRIM-1, stn-05 ,2026-03-03 21:15,ENG-1478,SUP-056,EMP394,TL-086,C
M10037,MA1A**********037,WO13037,Sedan X,GA-2,STN-02,2026-03-03 21:16,ENG-1053,SUP-003,EMP392,TL-058,B
M10038,MA1A**********038,WO13038,Sedan X,GA-2,STN-01,2026-03-03 21:17,ENG-1440,SUP-123,EMP122,TL-062,C
M10039,MA1A**********039,WO13039,SUV Pro,PAINT-1,STN-02,2026-03-03 21:18,ENG-1146,SUP-162,EMP311,TL-048,C
M10040,MA1A**********040,WO13040,SUV Pro,GA-2,Stn-03,2026-03-03 21:20,ENG-1398,SUP-033,EMP119,TL-032,A
M10041,MA1A**********041,WO13041,Sedan X,PAINT-1,STN-03,2026-03-03 21:21,ENG-1290,SUP-111,EMP255,TL-049,A
M10042,MA1A**********042,WO13042,Sedan X,GA-2,STN-05,2026-03-03 21:22,ENG-1027,SUP-008,EMP172,TL-095,C
M10043,MA1A**********043,WO13043,Sedan X,GA-2,Stn-03,2026-03-03 21:23,ENG-1058,SUP-053,EMP336,TL-043,
M10044,MA1A**********044,WO13044,SUV Pro,TRIM-1,STN-02,2026-03-03 21:25,ENG-1169,SUP-150,EMP272,TL-081,
M10045,MA1A**********045,WO13045,Sedan X,TRIM-1,Stn-03,2026-03-03 21:26, eng-1001 ,SUP-021,EMP393,TL-079,B
M10046,MA1A**********046,WO13046,Sedan X,PAINT-1, stn-05 ,2026-03-03 21:27,ENG-1184,SUP-142,EMP252,TL-025,C
M10047,MA1A**********047,WO13047,Hatch Z,PAINT-1,STN-04,2026-03-03 21:28,ENG-1198,SUP-057,EMP143,TL-010,B
M10048,MA1A**********048,WO13048,Hatch Z,PAINT-1,STN-01,2026-03-03 21:30,ENG-1453,SUP-053,EMP251,TL-024,B
M10049,MA1A**********049,WO13049,SUV Pro,GA-2, stn-05 ,2026-03-03 21:31,ENG-1379,SUP-035,EMP117,TL-032,B
M10050,MA1A**********050,WO13050,SUV Pro,TRIM-1,STN-03,2026-03-03 21:32,ENG-1093,SUP-068,EMP308,TL-027,A
M10051,MA1A**********051,WO13051,Sedan X,PAINT-1,STN-02,2026-03-03 21:33,ENG-1339,SUP-116,EMP396,TL-054,
M10052,MA1A**********052,WO13052,Hatch Z,GA-1,STN-01,2026-03-03 21:35,ENG-1282,SUP-167,EMP260,TL-091,B
M10053,MA1A**********053,WO13053,Hatch Z,PAINT-1,STN-04,2026-03-03 21:36,ENG-1385,SUP-150,EMP125,TL-020,A
M10054,MA1A**********054,WO13054,Hatch Z,TRIM-1,STN-04,2026-03-03 21:37,ENG-1455,SUP-074,EMP132,TL-060,C
M10055,MA1A**********055,WO13055,Sedan X,GA-1,STN-03,2026-03-03 21:38,ENG-1106,SUP-082,EMP129,TL-020,B
M10056,MA1A**********056,WO13056,Hatch Z,PAINT-1,STN-01,2026-03-03 21:40,ENG-1083,SUP-042,EMP386,TL-079,C
M10057,MA1A**********057,WO13057,SUV Pro,TRIM-1,STN-03,2026-03-03 21:41,ENG-1092,SUP-115,EMP272,TL-094,B
M10058,MA1A**********058,WO13058,Sedan X,GA-2,STN-02,2026-03-03 21:42,ENG-1266,SUP-040,EMP219,TL-002,B
M10059,MA1A**********059,WO13059,Sedan X,GA-2,STN-03,2026-03-03 21:43,ENG-1205,SUP-147,EMP155,TL-028,B
M10060,MA1A**********060,WO13060,Sedan X,GA-2,STN-01,2026-03-03 21:45,ENG-1112,SUP-051,EMP229,TL-053,
M10061,MA1A**********061,WO13061,SUV Pro,GA-1, stn-05 ,2026-03-03 21:46,ENG-1354,SUP-032,EMP319,TL-999,
M10062,MA1A**********062,WO13062,SUV Pro,GA-1,STN-04,2026-03-03 21:47,ENG-1438,SUP-110,EMP172,TL-100,
M10063,MA1A**********063,WO13063,Hatch Z,PAINT-1,Stn-03,2026-03-03 21:48,ENG-1416,SUP-081,EMP227,TL-096,A
M10064,MA1A**********064,WO13064,Sedan X,PAINT-1, stn-05 ,2026-03-03 21:50,ENG-1189,SUP-054,EMP128,TL-011,B
M10065,MA1A**********065,WO13065,Sedan X,PAINT-1,Stn-03,2026-03-03 21:51,ENG-1249,SUP-044,EMP220,TL-004,B
M10066,MA1A**********066,WO13066,SUV Pro,GA-2,STN-01,2026-03-03 21:52,ENG-1065,SUP-139,EMP251,TL-059,A
M10067,MA1A**********067,WO13067,Hatch Z,GA-1,STN-01,2026-03-03 21:53,ENG-1232,SUP-184,EMP183,TL-021,B
M10068,MA1A**********068,WO13068,SUV Pro,GA-1,STN-03,2026-03-03 21:55,ENG-1029,SUP-113,EMP311,TL-034,
M10069,MA1A**********069,WO13069,Hatch Z,GA-1,Stn-03,2026-03-03 21:56,ENG-1469,SUP-122,EMP353,TL-042,C
M10070,MA1A**********070,WO13070,SUV Pro,GA-1,STN-05,2026-03-03 21:57,ENG-1402,SUP-154,EMP193,TL-034,A
M10071,MA1A**********071,WO13071,SUV Pro,PAINT-1, stn-05 ,2026-03-03 21:58,ENG-1277,SUP-059,EMP374,TL-057,B
M10072,MA1A**********072,WO13072,Hatch Z,TRIM-1, stn-05 ,2026-03-03 22:00,ENG-1075,SUP-087,EMP358,TL-009,B
M10073,MA1A**********073,WO13073,Sedan X,PAINT-1,STN-05,2026-03-03 22:01,ENG-1020,SUP-150,EMP275,TL-050,
M10074,MA1A**********074,WO13074,Hatch Z,PAINT-1, stn-05 ,2026-03-03 22:02,ENG-1130,SUP-130,EMP175,TL-032,
M10075,MA1A**********075,WO13075,Sedan X,GA-2,STN-04,2026-03-03 22:03,ENG-1293,SUP-197,EMP139,TL-024,A
M10076,MA1A**********076,WO13076,Sedan X,GA-1,STN-01,2026-03-03 22:05,ENG-1024,SUP-031,EMP371,TL-059,A
M10077,MA1A**********077,WO13077,Sedan X,PAINT-1, stn-05 ,2026-03-03 22:06,ENG-1283,SUP-107,EMP125,TL-086,A
M10078,MA1A**********078,WO13078,SUV Pro,GA-1,Stn-03,2026-03-03 22:07,ENG-1422,SUP-125,EMP249,TL-089,A
M10079,MA1A**********079,WO13079,Hatch Z,GA-2,STN-05,2026-03-03 22:08,ENG-1077,SUP-091,EMP153,TL-076,C
M10080,MA1A**********080,WO13080,Hatch Z,PAINT-1,STN-02,2026-03-03 22:10,ENG-1306,SUP-082,EMP156,TL-064,A
M10081,MA1A**********081,WO13081,Sedan X,GA-2,STN-02,2026-03-03 22:11,ENG-1463,SUP-127,EMP298,TL-096,C
M10082,MA1A**********082,WO13082,Sedan X,GA-2,STN-05,2026-03-03 22:12,ENG-1232,SUP-047,EMP183,TL-003,C
M10083,MA1A**********083,WO13083,SUV Pro,GA-2,STN-02,2026-03-03 22:13,ENG-1057,SUP-097,EMP190,TL-049,C
M10084,MA1A**********084,WO13084,Hatch Z,PAINT-1,STN-05,2026-03-03 22:15,ENG-1450,SUP-166,EMP295,TL-025,B
M10085,MA1A**********085,WO13085,Hatch Z,GA-1, stn-05 ,2026-03-03 22:16,ENG-1276,SUP-051,EMP203,TL-038,C
M10086,MA1A**********086,WO13086,SUV Pro,TRIM-1,Stn-03,2026-03-03 22:17,ENG-1009,SUP-079,EMP357,TL-067,
M10087,MA1A**********087,WO13087,Hatch Z,PAINT-1,STN-01,2026-03-03 22:18,ENG-1138,SUP-119,EMP110,TL-022,A
M10088,MA1A**********088,WO13088,SUV Pro,TRIM-1,Stn-03,2026-03-03 22:20,ENG-1259,SUP-176,EMP278,TL-010,C
M10089,MA1A**********089,WO13089,Sedan X,TRIM-1,STN-04,2026-03-03 22:21,ENG-1131,SUP-160,EMP193,TL-051,
M10090,MA1A**********090,WO13090,Hatch Z,GA-2,STN-02,2026-03-03 22:22,ENG-1485,SUP-154,EMP262,TL-054,B
M10091,MA1A**********091,WO13091,SUV Pro,GA-2,STN-04,2026-03-03 22:23,ENG-1471,SUP-128,EMP342,TL-041,B
M10092,MA1A**********092,WO13092,Sedan X,PAINT-1,STN-05,2026-03-03 22:25,ENG-1078,SUP-005,EMP314,TL-011,
M10093,MA1A**********093,WO13093,SUV Pro,GA-1,STN-02,2026-03-03 22:26,ENG-1414,SUP-155,EMP168,TL-004,C
M10094,MA1A**********094,WO13094,Hatch Z,GA-2,STN-02,2026-03-03 22:27,ENG-1303,SUP-074,EMP159,TL-010,C
M10095,MA1A**********095,WO13095,SUV Pro,GA-2,STN-01,2026-03-03 22:28,ENG-1077,SUP-152,EMP262,TL-041,
M10096,MA1A**********096,WO13096,Sedan X,TRIM-1,STN-02,2026-03-03 22:30,ENG-1237,SUP-172,EMP178,TL-083,
M10097,MA1A**********097,WO13097,Sedan X,PAINT-1, stn-05 ,2026-03-03 22:31,ENG-1391,SUP-047,EMP121,TL-056,
M10098,MA1A**********098,WO13098,Sedan X,PAINT-1, stn-05 ,2026-03-03 22:32,ENG-1132,SUP-160,EMP363,TL-004,C
M10099,MA1A**********099,WO13099,Sedan X,GA-2,STN-02,2026-03-03 22:33,ENG-1370,SUP-028,EMP214,TL-084,A
M10100,MA1A**********100,WO13100,Sedan X,PAINT-1,STN-05,2026-03-03 22:35,ENG-1273,SUP-058,EMP180,TL-009,A
M10101,MA1A**********101,WO13101,Sedan X,GA-2,STN-01,2026-03-03 22:36,ENG-1486,SUP-045,EMP139,TL-048,C
M10102,MA1A**********102,WO13102,Hatch Z,GA-1, stn-05 ,2026-03-03 22:37,ENG-1190,SUP-138,EMP178,TL-056,
M10103,MA1A**********103,WO13103,Hatch Z,TRIM-1,STN-04,2026-03-03 22:38,ENG-1152,SUP-003,EMP153,TL-098,A
M10104,MA1A**********104,WO13104,Hatch Z,PAINT-1,STN-03,2026-03-03 22:40,ENG-1284,SUP-138,EMP129,TL-050,C
M10105,MA1A**********105,WO13105,SUV Pro,GA-2,Stn-03,2026-03-03 22:41,ENG-1428,SUP-173,EMP100,TL-006,
M10106,MA1A**********106,WO13106,Sedan X,TRIM-1,STN-04,2026-03-03 22:42,ENG-1326,SUP-135,EMP345,TL-032,C
M10107,MA1A**********107,WO13107,Hatch Z,PAINT-1,Stn-03,2026-03-03 22:43,ENG-1377,SUP-100,EMP305,TL-037,
M10108,MA1A**********108,WO13108,Hatch Z,PAINT-1,Stn-03,2026-03-03 22:45,ENG-1381,,EMP160,TL-077,
M10109,MA1A**********109,WO13109,Hatch Z,GA-2,STN-02,2026-03-03 22:46,ENG-1151,SUP-169,EMP192,TL-015,B
M10110,MA1A**********110,WO13110,Hatch Z,TRIM-1,Stn-03,2026-03-03 22:47,ENG-1074,SUP-046,EMP138,TL-025,B
M10111,MA1A**********111,WO13111,Sedan X,PAINT-1, stn-05 ,2026-03-03 22:48,ENG-1032,SUP-012,EMP245,TL-021,C
M10112,MA1A**********112,WO13112,Hatch Z,GA-2,Stn-03,2026-03-03 22:50,ENG-1497,SUP-029,EMP244,TL-094,
M10113,MA1A**********113,WO13113,Hatch Z,GA-1,STN-01,2026-03-03 22:51,ENG-1241,SUP-158,EMP328,TL-020,
M10114,MA1A**********114,WO13114,Hatch Z,PAINT-1,STN-05,2026/03/03 22:52,ENG-1353,SUP-135,EMP149,TL-084,B
M10115,MA1A**********115,WO13115,Hatch Z,GA-2,STN-01,2026-03-03 22:53,ENG-1376,SUP-141,EMP110,TL-008,B
M10116,MA1A**********116,WO13116,SUV Pro,TRIM-1,STN-04,2026-03-03 22:55,ENG-1010,SUP-189,EMP186,TL-091,A
M10117,MA1A**********117,WO13117,Sedan X,GA-1,STN-03,2026-03-03 22:56,ENG-1479,SUP-051,EMP182,TL-070,C
M10118,MA1A**********118,WO13118,Sedan X,TRIM-1,STN-02,2026-03-03 22:57,ENG-1446,SUP-025,EMP101,TL-042,A
M10119,MA1A**********119,WO13119,SUV Pro,GA-2,STN-03,2026-03-03 22:58,ENG-1125,SUP-136,EMP220,TL-071,A
M10120,MA1A**********120,WO13120,SUV Pro,GA-2,STN-04,2026-03-03 23:00,ENG-1431,SUP-158,EMP187,TL-085,A
M10121,MA1A**********121,WO13121,Sedan X,TRIM-1,STN-04,2026-03-03 23:01,ENG-1273,SUP-179,EMP321,TL-021,
M10122,MA1A**********122,WO13122,SUV Pro,GA-2,Stn-03,2026-03-03 23:02,ENG-1116,SUP-046,EMP384,TL-027,
M10123,MA1A**********123,WO13123,Hatch Z,GA-2,STN-02,2026-03-03 23:03,ENG-1417,SUP-124,EMP308,TL-096,A
M10124,MA1A**********124,WO13124,Hatch Z,PAINT-1, stn-05 ,2026-03-03 23:05,ENG-1058,SUP-162,EMP377,TL-097,
M10125,MA1A**********125,WO13125,Sedan X,TRIM-1,STN-04,2026-03-03 23:06,ENG-1053,SUP-064,EMP322,TL-071,C
M10126,MA1A**********126,WO13126,Sedan X,GA-1,STN-01,2026-03-03 23:07,ENG-1097,SUP-040,EMP358,TL-021,B
M10127,MA1A**********127,WO13127,Sedan X,GA-2,STN-01,2026-03-03 23:08,ENG-1344,SUP-139,EMP360,TL-094,B
M10128,MA1A**********128,WO13128,SUV Pro,GA-2,STN-04,2026-03-03 23:10,ENG-1377,SUP-154,EMP132,TL-068,
M10129,MA1A**********129,WO13129,SUV Pro,GA-1,STN-04,2026-03-03 23:11,ENG-1487,SUP-124,EMP352,TL-050,A
M10130,MA1A**********130,WO13130,Hatch Z,GA-1,STN-04,2026-03-03 23:12,ENG-1386,SUP-162,EMP289,TL-075,B
M10131,MA1A**********131,WO13131,Sedan X,GA-1,Stn-03,2026-03-03 23:13,ENG-1334,SUP-069,EMP226,TL-099,A
M10132,MA1A**********132,WO13132,Hatch Z,GA-2,STN-04,2026-03-03 23:15,ENG-1310,SUP-114,EMP309,TL-015,
M10133,MA1A**********133,WO13133,Hatch Z,GA-1,STN-03,2026-03-03 23:16,ENG-1496,SUP-152,EMP314,TL-075,B
M10134,MA1A**********134,WO13134,Hatch Z,PAINT-1,STN-03,2026-03-03 23:17,ENG-1338,SUP-128,EMP191,TL-095,A
M10135,MA1A**********135,WO13135,Hatch Z,GA-2, stn-05 ,2026-03-03 23:18,ENG-1200,SUP-097,EMP288,TL-090,
M10136,MA1A**********136,WO13136,Hatch Z,TRIM-1,Stn-03,2026-03-03 23:20,ENG-1087,SUP-157,EMP281,TL-074,A
M10137,MA1A**********137,WO13137,Sedan X,PAINT-1,STN-04,2026-03-03 23:21,ENG-1104,SUP-079,EMP359,TL-076,B
M10138,MA1A**********138,WO13138,SUV Pro,PAINT-1,STN-02,2026-03-03 23:22,ENG-1308,SUP-070,EMP322,TL-081,A
M10139,MA1A**********139,WO13139,SUV Pro,PAINT-1,STN-02,2026-03-03 23:23,ENG-1296,SUP-156,EMP111,TL-057,C
M10140,MA1A**********140,WO13140,Hatch Z,TRIM-1,STN-02,2026-03-03 23:25,ENG-1391,SUP-159,EMP310,TL-055,C
M10141,MA1A**********141,WO13141,Sedan X,TRIM-1,STN-05,2026-03-03 23:26,ENG-1316,SUP-102,EMP348,TL-003,A
M10142,MA1A**********142,WO13142,Hatch Z,TRIM-1,STN-03,2026-03-03 23:27,ENG-1351,SUP-175,EMP354,TL-033,C
M10143,MA1A**********143,WO13143,Hatch Z,PAINT-1,STN-04,2026-03-03 23:28,ENG-1141,SUP-020,EMP360,TL-025,C
M10144,MA1A**********144,WO13144,Sedan X,TRIM-1,STN-04,2026-03-03 23:30,ENG-1124,SUP-074,EMP334,TL-067,C
M10145,MA1A**********145,WO13145,Sedan X,TRIM-1, stn-05 ,2026-03-03 23:31,ENG-1297,SUP-138,EMP373,TL-014,
M10146,MA1A**********146,WO13146,SUV Pro,GA-1,STN-03,2026-03-03 23:32,ENG-1148,SUP-081,EMP105,TL-078,B
M10147,MA1A**********147,WO13147,Hatch Z,TRIM-1,STN-01,2026-03-03 23:33,ENG-1167,SUP-044,EMP160,TL-005,B
M10148,MA1A**********148,WO13148,SUV Pro,GA-2,STN-04,2026-03-03 23:35,ENG-1020,SUP-102,EMP304,TL-038,A
M10149,MA1A**********149,WO13149,Sedan X,GA-2,STN-03,2026-03-03 23:36,ENG-1273,SUP-065,EMP283,TL-067,A
M10150,MA1A**********150,WO13150,Sedan X,GA-1,STN-05,2026-03-03 23:37,ENG-1449,SUP-139,EMP393,TL-072,B
M10151,MA1A**********151,WO13151,Hatch Z,GA-1,STN-03,2026-03-03 23:38,ENG-1247,SUP-079,EMP376,TL-071,B
M10152,MA1A**********152,WO13152,Hatch Z,TRIM-1,STN-03,2026-03-03 23:40,ENG-1426,SUP-191,EMP154,TL-071,C
M10153,MA1A**********153,WO13153,SUV Pro,GA-2,STN-01,2026-03-03 23:41,ENG-1076,SUP-115,EMP289,TL-002,A
M10154,MA1A**********154,WO13154,Sedan X,GA-2,STN-01,2026-03-03 23:42,ENG-1347,SUP-089,EMP299,TL-098,
M10155,MA1A**********155,WO13155,Sedan X,PAINT-1, stn-05 ,2026-03-03 23:43,ENG-1104,SUP-005,EMP283,TL-050,C
M10156,MA1A**********156,WO13156,Sedan X,PAINT-1,Stn-03,2026-03-03 23:45,ENG-1289,SUP-050,EMP324,TL-070,C
M10157,MA1A**********157,WO13157,SUV Pro,TRIM-1,STN-05,2026-03-03 23:46,ENG-1026,SUP-129,EMP345,TL-093,A
M10158,MA1A**********158,WO13158,Hatch Z,GA-1,STN-05,2026-03-03 23:47,ENG-1241,SUP-042,EMP312,TL-083,A
M10159,MA1A**********159,WO13159,Sedan X,GA-1, stn-05 ,2026-03-03 23:48,ENG-1384,SUP-053,EMP318,TL-048,A
M10160,MA1A**********160,WO13160,Sedan X,GA-2,STN-03,2026-03-03 23:50,ENG-1470,SUP-076,EMP255,TL-033,B
M10161,MA1A**********161,WO13161,Hatch Z,GA-1,STN-04,2026-03-03 23:51,ENG-1247,SUP-071,EMP275,TL-055,
M10162,MA1A**********162,WO13162,SUV Pro,GA-2,STN-03,2026-03-03 23:52,ENG-1481,SUP-010,EMP293,TL-019,B
M10163,MA1A**********163,WO13163,Sedan X,PAINT-1,STN-03,2026-03-03 23:53,ENG-1312,SUP-153,EMP323,TL-062,B
M10164,MA1A**********164,WO13164,SUV Pro,TRIM-1,Stn-03,2026-03-03 23:55,ENG-1091,SUP-048,EMP192,TL-016,A
M10165,MA1A**********165,WO13165,SUV Pro,GA-2,STN-02,2026-03-03 23:70,ENG-1477,SUP-163,EMP250,TL-057,A
M10166,MA1A**********166,WO13166,SUV Pro,TRIM-1,STN-03,2026-03-03 23:57,ENG-1245,SUP-100,EMP255,TL-070,C
M10167,MA1A**********167,WO13167,Hatch Z,PAINT-1,STN-03,2026-03-03 23:58,ENG-1305,SUP-058,EMP323,TL-042,B
M10168,MA1A**********168,WO13168,Sedan X,GA-2,STN-05,2026-03-04 00:00,ENG-1115,SUP-081,EMP103,TL-063,A
M10169,MA1A**********169,WO13169,Sedan X,PAINT-1,STN-03,2026-03-04 00:01,ENG-1373,SUP-090,EMP211,TL-014,B
M10170,MA1A**********170,WO13170,Hatch Z,GA-1,STN-01,2026-03-04 00:02,ENG-1379,SUP-064,EMP301,TL-017,B
M10171,MA1A**********171,WO13171,Sedan X,GA-1, stn-05 ,2026-03-04 00:03,ENG-1398,SUP-121,EMP221,TL-100,B
M10172,MA1A**********172,WO13172,Hatch Z,TRIM-1,STN-04,2026-03-04 00:05,ENG-1080,SUP-109,EMP238,TL-069,B
M10173,MA1A**********173,WO13173,Hatch Z,PAINT-1,STN-05,2026-03-04 00:06,ENG-1164,SUP-183,EMP264,TL-071,C
M10174,MA1A**********174,WO13174,Sedan X,GA-2,STN-05,2026-03-04 00:07,ENG-1342,SUP-079,EMP187,TL-088,C
M10175,MA1A**********175,WO13175,Sedan X,PAINT-1,STN-01,2026-03-04 00:08,ENG-1207,SUP-030,EMP357,TL-042,
M10176,MA1A**********176,WO13176,SUV Pro,GA-1,STN-04,2026-03-04 00:10,ENG-1034,SUP-015,EMP272,TL-007,A
M10177,MA1A**********177,WO13177,SUV Pro,PAINT-1,STN-05,2026-03-04 00:11,ENG-1047,SUP-067,EMP329,TL-059,C
M10178,MA1A**********178,WO13178,SUV Pro,TRIM-1,STN-02,2026-03-04 00:12,ENG-1391,SUP-094,EMP209,TL-046,B
M10179,MA1A**********179,WO13179,SUV Pro,TRIM-1,Stn-03,2026-03-04 00:13,ENG-1270,SUP-188,EMP251,TL-015,
M10180,MA1A**********180,WO13180,Sedan X,PAINT-1,STN-05,2026-03-04 00:15,ENG-1153,SUP-180,EMP392,TL-059,B
M10181,MA1A**********181,WO13181,SUV Pro,PAINT-1,Stn-03,2026-03-04 00:16,ENG-1461,SUP-155,EMP204,TL-005,C
M10182,MA1A**********182,WO13182,Sedan X,TRIM-1,STN-05,2026-03-04 00:17,ENG-1273,SUP-008,EMP213,TL-025,A
M10183,MA1A**********183,WO13183,Hatch Z,GA-2,STN-04,2026-03-04 00:18,ENG-1042,SUP-018,EMP202,TL-031,B
M10184,MA1A**********184,WO13184,SUV Pro,GA-1,STN-05,2026-03-04 00:20,ENG-1242,SUP-130,EMP373,TL-023,A
M10185,MA1A**********185,WO13185,SUV Pro,GA-2,STN-04,2026-03-04 00:21,ENG-1278,SUP-122,EMP200,TL-002,C
M10186,MA1A**********186,WO13186,Hatch Z,TRIM-1,STN-02,2026-03-04 00:22,ENG-1161,SUP-176,EMP132,TL-041,B
M10187,MA1A**********187,WO13187,Sedan X,TRIM-1, stn-05 ,2026-03-04 00:23,ENG-1156,SUP-105,EMP267,TL-085,B
M10188,MA1A**********188,WO13188,SUV Pro,GA-2,STN-04,2026-03-04 00:25,ENG-1415,SUP-132,EMP125,TL-013,A
M10189,MA1A**********189,WO13189,SUV Pro,TRIM-1, stn-05 ,2026-03-04 00:26,ENG-1244,SUP-049,EMP249,TL-036,
M10190,MA1A**********190,WO13190,SUV Pro,GA-1, stn-05 ,2026-03-04 00:27, eng-1001 ,SUP-123,EMP326,TL-096,
M10191,MA1A**********191,WO13191,Sedan X,TRIM-1,STN-05,2026-03-04 00:28,ENG-1477,SUP-017,EMP258,TL-029,B
M10192,MA1A**********192,WO13192,SUV Pro,GA-2,STN-05,2026-03-04 00:30,ENG-1309,SUP-148,EMP231,TL-049,
M10193,MA1A**********193,WO13193,SUV Pro,PAINT-1,STN-01,2026-03-04 00:31,ENG-1312,SUP-151,EMP394,TL-075,A
M10194,MA1A**********194,WO13194,Hatch Z,GA-1,STN-01,2026-03-04 00:32,ENG-1024,SUP-137,EMP383,TL-044,
M10195,MA1A**********195,WO13195,Sedan X,GA-1,STN-05,2026-03-04 00:33,ENG-1463,SUP-060,EMP274,TL-021,A
M10196,MA1A**********196,WO13196,Hatch Z,GA-1,STN-05,2026-03-04 00:35,ENG-1304,SUP-105,EMP367,TL-038,C
M10197,MA1A**********197,WO13197,Sedan X,PAINT-1,STN-04,2026-03-04 00:36,ENG-1141,SUP-189,EMP363,TL-100,C
M10198,MA1A**********198,WO13198,Hatch Z,TRIM-1,STN-05,2026-03-04 00:37,ENG-1189,SUP-113,EMP187,TL-072,C
M10199,MA1A**********199,WO13199,SUV Pro,PAINT-1, stn-05 ,2026-03-04 00:38,ENG-1363,SUP-147,EMP278,TL-097,B
M10200,MA1A**********200,WO13200,Hatch Z,GA-1,Stn-03,2026-03-04 00:40,ENG-1303,SUP-014,EMP191,TL-019,A
M10201,MA1A**********201,WO13201,SUV Pro,TRIM-1, stn-05 ,2026-03-04 00:41,ENG-1275,SUP-156,EMP137,TL-018,C
M10202,MA1A**********202,WO13202,Hatch Z,GA-2, stn-05 ,2026-03-04 00:42,ENG-1311,SUP-116,EMP141,TL-060,A
M10203,MA1A**********203,WO13203,SUV Pro,PAINT-1,STN-03,2026-03-04 00:43,ENG-1473,SUP-085,EMP150,TL-035,B
M10204,MA1A**********204,WO13204,SUV Pro,TRIM-1,Stn-03,2026-03-04 00:45,ENG-1447,SUP-041,EMP367,TL-051,A
M10205,MA1A**********205,WO13205,Sedan X,GA-2, stn-05 ,2026-03-04 00:46,ENG-1111,SUP-164,EMP115,TL-027,C
M10206,MA1A**********206,WO13206,SUV Pro,GA-1,Stn-03,2026-03-04 00:47,ENG-1041,SUP-148,EMP225,TL-079,
M10207,MA1A**********207,WO13207,Hatch Z,GA-1,STN-03,2026-03-04 00:48,ENG-1483,SUP-087,EMP395,TL-002,A
M10208,MA1A**********208,WO13208,Hatch Z,GA-2,Stn-03,2026-03-04 00:50,ENG-1053,SUP-114,EMP339,TL-074,A
M10209,MA1A**********209,WO13209,SUV Pro,PAINT-1,STN-02,2026-03-04 00:51,ENG-1286,SUP-109,EMP316,TL-075,B
M10210,MA1A**********210,WO13210,Sedan X,PAINT-1,STN-01,2026-03-04 00:52,ENG-1321,SUP-169,EMP260,TL-096,A
M10211,MA1A**********211,WO13211,Hatch Z,TRIM-1, stn-05 ,2026-03-04 00:53,ENG-1006,SUP-197,EMP263,TL-025,B
M10212,MA1A**********212,WO13212,Hatch Z,TRIM-1,STN-01,2026-03-04 00:55,ENG-1382,SUP-191,EMP162,TL-016,B
M10213,MA1A**********213,WO13213,Hatch Z,GA-1,STN-01,2026-03-04 00:56,ENG-1127,SUP-137,EMP164,TL-074,
M10214,MA1A**********214,WO13214,SUV Pro,GA-2, stn-05 ,2026-03-04 00:57,ENG-1443,SUP-081,EMP278,TL-016,B
M10215,MA1A**********215,WO13215,Hatch Z,TRIM-1,STN-01,2026-03-04 00:58,ENG-1293,SUP-016,EMP371,TL-042,A
M10216,MA1A**********216,WO13216,Hatch Z,GA-1,STN-01,2026-03-04 01:00,ENG-1145,SUP-084,EMP131,TL-018,C
M10217,MA1A**********217,WO13217,Sedan X,TRIM-1,STN-02,2026-03-04 01:01,ENG-1205,SUP-018,EMP275,TL-090,
M10218,MA1A**********218,WO13218,Sedan X,TRIM-1,Stn-03,2026-03-04 01:02,ENG-1205,SUP-036,EMP325,TL-011,B
M10219,MA1A**********219,WO13219,Hatch Z,PAINT-1,STN-05,2026-03-04 01:03,ENG-1368,SUP-154,EMP305,TL-073,B
M10220,MA1A**********220,WO13220,Sedan X,PAINT-1,STN-02,2026-03-04 01:05,ENG-1408,SUP-159,EMP130,TL-091,A
M10221,MA1A**********221,WO13221,Hatch Z,PAINT-1,STN-05,2026-03-04 01:06,ENG-1164,SUP-193,EMP320,TL-012,C
M10222,MA1A**********222,WO13222,Hatch Z,PAINT-1,STN-04,2026-03-04 01:07,ENG-1340,SUP-064,EMP144,TL-084,C
M10223,MA1A**********223,WO13223,SUV Pro,TRIM-1,STN-02,2026-03-04 01:08,ENG-1299,SUP-125,EMP390,TL-024,C
M10224,MA1A**********224,WO13224,SUV Pro,GA-1,STN-01,2026-03-04 01:10,ENG-1194,SUP-075,EMP226,TL-051,A
M10225,MA1A**********225,WO13225,Hatch Z,GA-2,Stn-03,2026-03-04 01:11,ENG-1260,SUP-062,EMP341,TL-063,B
M10226,MA1A**********226,WO13226,SUV Pro,GA-1,Stn-03,2026-03-04 01:12,ENG-1081,SUP-140,EMP315,TL-099,
M10227,MA1A**********227,WO13227,SUV Pro,GA-1,STN-03,2026-03-04 01:13,ENG-1468,SUP-064,EMP251,TL-023,A
M10228,MA1A**********228,WO13228,SUV Pro,PAINT-1,STN-03,2026-03-04 01:15,ENG-1035,SUP-181,EMP311,TL-010,A
M10229,MA1A**********229,WO13229,Sedan X,TRIM-1,STN-03,2026-03-04 01:16,ENG-1324,SUP-053,EMP271,TL-069,C
M10230,MA1A**********230,WO13230,SUV Pro,PAINT-1,STN-01,2026-03-04 01:17,ENG-1499,SUP-096,EMP163,TL-005,B
M10231,MA1A**********231,WO13231,Hatch Z,GA-1,STN-02,2026-03-04 01:18,ENG-1251,SUP-055,EMP104,TL-034,B
M10232,MA1A**********232,WO13232,SUV Pro,TRIM-1,STN-02,2026-03-04 01:20,ENG-1216,SUP-035,EMP360,TL-014,C
M10233,MA1A**********233,WO13233,Hatch Z,PAINT-1, stn-05 ,2026-03-04 01:21,ENG-1138,SUP-117,EMP159,TL-068,B
M10234,MA1A**********234,WO13234,Hatch Z,PAINT-1,Stn-03,2026-03-04 01:22,ENG-1108,SUP-006,EMP394,TL-053,A
M10235,MA1A**********235,WO13235,SUV Pro,TRIM-1,STN-04,2026-03-04 01:23,ENG-1133,SUP-178,EMP101,TL-073,B
M10236,MA1A**********236,WO13236,Sedan X,PAINT-1,STN-05,2026-03-04 01:25,ENG-1260,SUP-117,EMP238,TL-041,C
M10237,MA1A**********237,WO13237,Sedan X,GA-2,Stn-03,2026-03-04 01:26,ENG-1425,SUP-197,EMP268,TL-069,
M10238,MA1A**********238,WO13238,Sedan X,TRIM-1,STN-01,2026-03-04 01:27,ENG-1232,SUP-069,EMP200,TL-003,
M10239,MA1A**********239,WO13239,Hatch Z,GA-1,Stn-03,2026-03-04 01:28,ENG-1054,SUP-194,EMP296,TL-035,A
M10240,MA1A**********240,WO13240,Sedan X,PAINT-1,STN-02,2026-03-04 01:30,ENG-1302,SUP-129,EMP367,TL-009,
M10241,MA1A**********241,WO13241,Sedan X,TRIM-1,STN-04,2026-03-04 01:31,ENG-1333,SUP-192,EMP283,TL-066,B
M10242,MA1A**********242,WO13242,Hatch Z,GA-2,STN-02,2026-03-04 01:32,ENG-1207,SUP-073,EMP343,TL-058,A
M10243,MA1A**********243,WO13243,SUV Pro,GA-1,STN-02,2026-03-04 01:33,ENG-1367,SUP-003,EMP106,TL-080,A
M10244,MA1A**********244,WO13244,SUV Pro,GA-2,STN-05,2026-03-04 01:35,ENG-1422,SUP-164,EMP314,TL-003,B
M10245,MA1A**********245,WO13245,Hatch Z,GA-2,STN-04,2026-03-04 01:36,ENG-1068,SUP-090,EMP235,TL-999,B
M10246,MA1A**********246,WO13246,Sedan X,PAINT-1,STN-01,2026-03-04 01:37,ENG-1335,SUP-044,EMP219,TL-011,A
M10247,MA1A**********247,WO13247,Hatch Z,PAINT-1,STN-04,2026-03-04 01:38,ENG-1236,SUP-035,EMP103,TL-035,C
M10248,MA1A**********248,WO13248,Sedan X,GA-1,STN-01,2026-03-04 01:40,ENG-1362,SUP-177,EMP353,TL-089,C
M10249,MA1A**********249,WO13249,Sedan X,GA-2,STN-02,2026-03-04 01:41,ENG-1138,SUP-096,EMP222,TL-071,A
M10250,MA1A**********250,WO13250,Sedan X,TRIM-1, stn-05 ,2026-03-04 01:42,ENG-1315,SUP-080,EMP150,TL-082,B
M10251,MA1A**********251,WO13251,Sedan X,PAINT-1,STN-05,2026-03-04 01:43,ENG-1487,SUP-120,EMP114,TL-076,
M10252,MA1A**********252,WO13252,Sedan X,TRIM-1,STN-03,2026-03-04 01:45,ENG-1443,SUP-148,EMP308,TL-027,B
M10253,MA1A**********253,WO13253,Sedan X,PAINT-1,STN-01,2026-03-04 01:46,ENG-1253,SUP-077,EMP173,TL-024,C
M10254,MA1A**********254,WO13254,Sedan X,PAINT-1,Stn-03,2026-03-04 01:47,ENG-1455,SUP-178,EMP209,TL-023,
M10255,MA1A**********255,WO13255,Sedan X,GA-1,STN-05,2026-03-04 01:48,ENG-1424,SUP-160,EMP126,TL-005,B
M10256,MA1A**********256,WO13256,SUV Pro,TRIM-1,STN-05,2026-03-04 01:50,ENG-1220,SUP-026,EMP295,TL-028,A
M10257,MA1A**********257,WO13257,SUV Pro,GA-1,STN-02,2026-03-04 01:51,ENG-1279,SUP-103,EMP329,TL-089,B
M10258,MA1A**********258,WO13258,Sedan X,GA-2,Stn-03,2026-03-04 01:52,ENG-1017,SUP-009,EMP271,TL-100,B
M10259,MA1A**********259,WO13259,SUV Pro,TRIM-1, stn-05 ,2026-03-04 01:53,ENG-1069,SUP-018,EMP392,TL-047,B
M10260,MA1A**********260,WO13260,SUV Pro,GA-1,STN-01,2026-03-04 01:55,ENG-1173,SUP-120,EMP343,TL-078,C
M10261,MA1A**********261,WO13261,Sedan X,GA-1,STN-01,2026-03-04 01:56,ENG-1253,SUP-063,EMP169,TL-043,A
M10262,MA1A**********262,WO13262,Sedan X,TRIM-1,STN-02,2026-03-04 01:57,ENG-1315,SUP-119,EMP145,TL-025,A
M10263,MA1A**********263,WO13263,Hatch Z,TRIM-1,STN-02,2026-03-04 01:58,ENG-1082,SUP-024,EMP155,TL-027,
M10264,MA1A**********264,WO13264,Hatch Z,GA-1, stn-05 ,2026-03-04 02:00,ENG-1260,SUP-121,EMP138,TL-084,
M10265,MA1A**********265,WO13265,SUV Pro,GA-2,STN-02,2026-03-04 02:01,ENG-1061,SUP-007,EMP229,TL-041,C
M10266,MA1A**********266,WO13266,Hatch Z,TRIM-1,Stn-03,2026-03-04 02:02,ENG-1057,SUP-127,EMP156,TL-073,B
M10267,MA1A**********267,WO13267,Hatch Z,GA-1,STN-04,2026-03-04 02:03,ENG-1427,SUP-002,EMP332,TL-033,C
M10268,MA1A**********268,WO13268,Sedan X,TRIM-1,STN-01,2026-03-04 02:05,ENG-1074,SUP-058,EMP254,TL-038,B
M10269,MA1A**********269,WO13269,Sedan X,PAINT-1,STN-02,2026-03-04 02:06,ENG-1047,SUP-166,EMP303,TL-002,B
M10270,MA1A**********270,WO13270,SUV Pro,GA-2,STN-02,2026-03-04 02:07,ENG-1466,SUP-151,EMP238,TL-097,A
M10271,MA1A**********271,WO13271,Sedan X,GA-1,STN-05,2026-03-04 02:08,ENG-1139,SUP-079,EMP328,TL-061,B
M10272,MA1A**********272,WO13272,SUV Pro,GA-1,STN-02,2026-03-04 02:10,ENG-1345,SUP-047,EMP315,TL-083,C
M10273,MA1A**********273,WO13273,SUV Pro,GA-1,STN-02,2026-03-04 02:11,ENG-1472,SUP-034,EMP340,TL-053,A
M10274,MA1A**********274,WO13274,Hatch Z,TRIM-1,STN-05,2026-03-04 02:12,ENG-1418,SUP-077,EMP385,TL-004,B
M10275,MA1A**********275,WO13275,SUV Pro,PAINT-1,Stn-03,2026-03-04 02:13,ENG-1354,SUP-092,EMP399,TL-070,C
M10276,MA1A**********276,WO13276,Sedan X,TRIM-1,STN-01,2026-03-04 02:15,ENG-1067,SUP-028,EMP154,TL-074,A
M10277,MA1A**********277,WO13277,SUV Pro,GA-1,STN-02,2026-03-04 02:16,ENG-1412,SUP-111,EMP376,TL-052,C
M10278,MA1A**********278,WO13278,Hatch Z,TRIM-1,STN-03,2026-03-04 02:17,ENG-1245,SUP-143,EMP319,TL-066,
M10279,MA1A**********279,WO13279,Sedan X,GA-2,STN-04,2026-03-04 02:18,ENG-1194,SUP-016,EMP104,TL-065,C
M10280,MA1A**********280,WO13280,SUV Pro,TRIM-1,STN-03,2026-03-04 02:20,ENG-1012,SUP-131,EMP218,TL-057,A
M10281,MA1A**********281,WO13281,Hatch Z,GA-1,STN-05,2026-03-04 02:21,ENG-1016,SUP-126,EMP249,TL-080,B
M10282,MA1A**********282,WO13282,Sedan X,TRIM-1,STN-03,2026-03-04 02:22,ENG-1022,SUP-013,EMP306,TL-074,B
M10283,MA1A**********283,WO13283,SUV Pro,GA-2,Stn-03,2026-03-04 02:23,ENG-1101,SUP-084,EMP217,TL-036,C
M10284,MA1A**********284,WO13284,Hatch Z,TRIM-1,STN-03,2026-03-04 02:25,ENG-1229,SUP-011,EMP358,TL-021,A
M10285,MA1A**********285,WO13285,Sedan X,TRIM-1,STN-03,2026-03-04 02:26,ENG-1140,SUP-111,EMP195,TL-019,A
M10286,MA1A**********286,WO13286,Sedan X,GA-1,STN-02,2026-03-04 02:27,ENG-1102,SUP-191,EMP351,TL-088,B
M10287,MA1A**********287,WO13287,Sedan X,PAINT-1,STN-03,2026/03/04 02:28,ENG-1000,SUP-054,EMP211,TL-001,A
M10288,MA1A**********288,WO13288,Sedan X,GA-1,STN-05,2026-03-04 02:30,ENG-1265,SUP-097,EMP227,TL-038,
M10289,MA1A**********289,WO13289,SUV Pro,GA-2,STN-05,2026-03-04 02:31,ENG-1056,SUP-157,EMP102,TL-001,A
M10290,MA1A**********290,WO13290,Sedan X,PAINT-1,STN-01,2026-03-04 02:32,ENG-1207,SUP-001,EMP111,TL-075,A
M10291,MA1A**********291,WO13291,SUV Pro,GA-2,Stn-03,2026-03-04 02:33,ENG-1120,SUP-036,EMP353,TL-026,
M10292,MA1A**********292,WO13292,Hatch Z,TRIM-1, stn-05 ,2026-03-04 02:35,ENG-1366,SUP-159,EMP122,TL-050,A
M10293,MA1A**********293,WO13293,Hatch Z,PAINT-1,STN-03,2026-03-04 02:36,ENG-1278,SUP-022,EMP380,TL-055,
M10294,MA1A**********294,WO13294,SUV Pro,TRIM-1,STN-02,2026-03-04 02:37,ENG-1020,SUP-013,EMP111,TL-077,C
M10295,MA1A**********295,WO13295,Hatch Z,GA-2,STN-02,2026-03-04 02:38,ENG-1222,SUP-031,EMP149,TL-093,B
M10296,MA1A**********296,WO13296,SUV Pro,GA-1,STN-01,2026-03-04 02:40,ENG-1267,SUP-022,EMP262,TL-012,C
M10297,MA1A**********297,WO13297,Hatch Z,PAINT-1,STN-03,2026-03-04 02:41,ENG-1256,SUP-037,EMP393,TL-040,B
M10298,MA1A**********298,WO13298,Sedan X,GA-2, stn-05 ,2026-03-04 02:42,ENG-1133,SUP-171,EMP106,TL-009,C
M10299,MA1A**********299,WO13299,Sedan X,PAINT-1,Stn-03,2026-03-04 02:43,ENG-1122,SUP-072,EMP311,TL-053,A
M10300,MA1A**********300,WO13300,SUV Pro,PAINT-1,STN-04,2026-03-04 02:45,ENG-1483,SUP-148,EMP228,TL-037,C
M10301,MA1A**********301,WO13301,SUV Pro,TRIM-1,STN-04,2026-03-04 02:46,ENG-1075,SUP-184,EMP127,TL-013,A
M10302,MA1A**********302,WO13302,Hatch Z,GA-2,STN-03,2026-03-04 02:47,ENG-1451,SUP-165,EMP108,TL-018,A
M10303,MA1A**********303,WO13303,Hatch Z,GA-2,STN-02,2026-03-04 02:48,ENG-1334,SUP-057,EMP362,TL-058,C
M10304,MA1A**********304,WO13304,Sedan X,GA-2,STN-04,2026-03-04 02:50,ENG-1072,SUP-009,EMP371,TL-045,A
M10305,MA1A**********305,WO13305,SUV Pro,PAINT-1, stn-05 ,2026-03-04 02:51,ENG-1166,SUP-035,EMP339,TL-030,C
M10306,MA1A**********306,WO13306,Hatch Z,GA-2,STN-04,2026-03-04 02:52,ENG-1159,SUP-041,EMP213,TL-045,
M10307,MA1A**********307,WO13307,Sedan X,GA-1,STN-03,2026-03-04 02:53,ENG-1044,SUP-041,EMP148,TL-099,B
M10308,MA1A**********308,WO13308,Hatch Z,PAINT-1,STN-01,2026-03-04 02:55,ENG-1281,SUP-030,EMP314,TL-009,B
M10309,MA1A**********309,WO13309,Hatch Z,PAINT-1,STN-03,2026-03-04 02:56,ENG-1289,SUP-005,EMP246,TL-086,
M10310,MA1A**********310,WO13310,Sedan X,GA-1,STN-01,2026-03-04 02:57,ENG-1237,SUP-155,EMP188,TL-029,A
M10311,MA1A**********311,WO13311,SUV Pro,TRIM-1,STN-04,2026-03-04 02:58,ENG-1012,SUP-014,EMP143,TL-017,B
M10312,MA1A**********312,WO13312,Hatch Z,GA-2,STN-04,2026-03-04 03:00,ENG-1044,SUP-008,EMP145,TL-093,B
M10313,MA1A**********313,WO13313,Sedan X,GA-2,STN-05,2026-03-04 03:01,ENG-1376,SUP-161,EMP318,TL-009,C
M10314,MA1A**********314,WO13314,Sedan X,GA-2,STN-01,2026-03-04 03:02,ENG-1335,SUP-068,EMP372,TL-092,C
M10315,MA1A**********315,WO13315,Sedan X,TRIM-1, stn-05 ,2026-03-04 03:03,ENG-1219,SUP-112,EMP266,TL-029,C
M10316,MA1A**********316,WO13316,SUV Pro,TRIM-1, stn-05 ,2026-03-04 03:05,ENG-1023,SUP-079,EMP190,TL-019,
M10317,MA1A**********317,WO13317,SUV Pro,GA-2,Stn-03,2026-03-04 03:06,ENG-1324,SUP-077,EMP296,TL-004,A
M10318,MA1A**********318,WO13318,Hatch Z,GA-1,STN-03,2026-03-04 03:07,ENG-1121,SUP-002,EMP287,TL-064,B
M10319,MA1A**********319,WO13319,Hatch Z,PAINT-1,STN-04,2026-03-04 03:08,ENG-1432,SUP-039,EMP232,TL-031,C
M10320,MA1A**********320,WO13320,Hatch Z,TRIM-1,STN-01,2026-03-04 03:10,ENG-1251,SUP-105,EMP373,TL-022,B
M10321,MA1A**********321,WO13321,SUV Pro,GA-1, stn-05 ,2026-03-04 03:11,ENG-1347,SUP-033,EMP334,TL-086,B
M10322,MA1A**********322,WO13322,SUV Pro,TRIM-1,STN-01,2026-03-04 03:12,ENG-1260,SUP-101,EMP314,TL-091,
M10323,MA1A**********323,WO13323,SUV Pro,TRIM-1,STN-02,2026-03-04 03:13,ENG-1438,SUP-034,EMP241,TL-010,
M10324,MA1A**********324,WO13324,SUV Pro,TRIM-1,STN-05,2026-03-04 03:15,ENG-1438,SUP-070,EMP250,TL-061,
M10325,MA1A**********325,WO13325,Sedan X,GA-2,STN-05,2026-03-04 03:16,ENG-1030,SUP-164,EMP206,TL-047,A
M10326,MA1A**********326,WO13326,Sedan X,TRIM-1,STN-01,2026-03-04 03:17,ENG-1412,SUP-131,EMP255,TL-065,
M10327,MA1A**********327,WO13327,SUV Pro,GA-2,STN-02,2026-03-04 03:18,ENG-1120,SUP-081,EMP239,TL-027,C
M10328,MA1A**********328,WO13328,Sedan X,PAINT-1, stn-05 ,2026-03-04 03:20,ENG-1214,SUP-190,EMP293,TL-071,B
M10329,MA1A**********329,WO13329,Sedan X,GA-2,STN-01,2026-03-04 03:21,ENG-1172,SUP-164,EMP321,TL-033,C
M10330,XX1 **3 4,WO13330,Sedan X,PAINT-1,STN-03,2026-03-04 03:22,ENG-1294,,EMP188,TL-003,
M10331,MA1A**********331,WO13331,Hatch Z,PAINT-1,Stn-03,2026-03-04 03:23,ENG-1144,SUP-165,EMP145,TL-099,A
M10332,MA1A**********332,WO13332,Sedan X,TRIM-1,Stn-03,2026-03-04 03:25,ENG-1100,SUP-140,EMP381,TL-011,B
M10333,MA1A**********333,WO13333,SUV Pro,GA-2,STN-01,2026-03-04 03:26,ENG-1438,SUP-172,EMP319,TL-030,C
M10334,MA1A**********334,WO13334,Sedan X,PAINT-1, stn-05 ,2026-03-04 03:27,ENG-1300,SUP-074,EMP356,TL-065,B
M10335,MA1A**********335,WO13335,Hatch Z,GA-1,STN-05,2026-03-04 03:28, eng-1001 ,SUP-133,EMP241,TL-076,
M10336,MA1A**********336,WO13336,Hatch Z,GA-1,STN-04,2026-03-04 03:30,ENG-1207,SUP-067,EMP109,TL-045,A
M10337,MA1A**********337,WO13337,Sedan X,GA-1,STN-02,2026-03-04 03:31,ENG-1046,SUP-042,EMP289,TL-040,B
M10338,MA1A**********338,WO13338,Hatch Z,PAINT-1,STN-01,2026-03-04 03:32,ENG-1410,SUP-186,EMP195,TL-032,A
M10339,MA1A**********339,WO13339,Sedan X,TRIM-1,STN-01,2026-03-04 03:33,ENG-1159,SUP-157,EMP370,TL-055,A
M10340,MA1A**********340,WO13340,Sedan X,TRIM-1,STN-02,2026-03-04 03:35,ENG-1051,SUP-183,EMP358,TL-050,A
M10341,MA1A**********341,WO13341,Sedan X,GA-2,STN-02,2026-03-04 03:36,ENG-1031,SUP-179,EMP203,TL-014,
M10342,MA1A**********342,WO13342,Hatch Z,GA-1,STN-01,2026-03-04 03:37,ENG-1045,SUP-071,EMP116,TL-002,B
M10343,MA1A**********343,WO13343,SUV Pro,TRIM-1,Stn-03,2026-03-04 03:38,ENG-1059,SUP-062,EMP154,TL-097,
M10344,MA1A**********344,WO13344,Hatch Z,GA-1,STN-05,2026-03-04 03:40,ENG-1421,SUP-120,EMP384,TL-054,A
M10345,MA1A**********345,WO13345,Hatch Z,GA-1, stn-05 ,2026-03-04 03:41,ENG-1387,SUP-100,EMP179,TL-098,C
M10346,MA1A**********346,WO13346,Hatch Z,GA-1, stn-05 ,2026-03-04 03:42,ENG-1259,SUP-067,EMP150,TL-075,C
M10347,MA1A**********347,WO13347,Hatch Z,TRIM-1,Stn-03,2026-03-04 03:43,ENG-1268,SUP-085,EMP286,TL-002,A
M10348,MA1A**********348,WO13348,Sedan X,GA-2,STN-04,2026-03-04 03:45,ENG-1174,SUP-058,EMP272,TL-068,B
M10349,MA1A**********349,WO13349,Hatch Z,GA-1,STN-01,2026-03-04 03:46,ENG-1241,SUP-043,EMP385,TL-068,
M10350,MA1A**********350,WO13350,Hatch Z,GA-1,STN-04,2026-03-04 03:47,ENG-1070,SUP-200,EMP339,TL-077,A
M10351,MA1A**********351,WO13351,Hatch Z,GA-2,STN-04,2026-03-04 03:48,ENG-1057,SUP-107,EMP154,TL-055,A
M10352,MA1A**********352,WO13352,Hatch Z,GA-1,Stn-03,2026-03-04 03:50,ENG-1315,SUP-121,EMP179,TL-017,B
M10353,MA1A**********353,WO13353,Hatch Z,TRIM-1,STN-03,2026-03-04 03:51,ENG-1246,SUP-126,EMP161,TL-069,B
M10354,MA1A**********354,WO13354,SUV Pro,PAINT-1,Stn-03,2026-03-04 03:52,ENG-1116,SUP-011,EMP329,TL-054,A
M10355,MA1A**********355,WO13355,Sedan X,GA-2,Stn-03,2026-03-04 03:53,ENG-1146,SUP-141,EMP107,TL-087,C
M10356,MA1A**********356,WO13356,SUV Pro,TRIM-1,Stn-03,2026-03-04 03:55,ENG-1496,SUP-129,EMP116,TL-002,B
M10357,MA1A**********357,WO13357,Hatch Z,PAINT-1, stn-05 ,2026-03-04 03:56,ENG-1444,SUP-076,EMP199,TL-099,B
M10358,MA1A**********358,WO13358,Sedan X,TRIM-1,STN-02,2026-03-04 03:57,ENG-1083,SUP-032,EMP300,TL-075,A
M10359,MA1A**********359,WO13359,SUV Pro,TRIM-1,STN-05,2026-03-04 03:58,ENG-1180,SUP-117,EMP232,TL-051,
M10360,MA1A**********360,WO13360,Sedan X,TRIM-1,Stn-03,2026-03-04 04:00,ENG-1226,SUP-175,EMP282,TL-009,
M10361,MA1A**********361,WO13361,Hatch Z,GA-1,STN-02,2026-03-04 04:01,ENG-1295,SUP-094,EMP172,TL-012,C
M10362,MA1A**********362,WO13362,Sedan X,GA-1,Stn-03,2026-03-04 04:02,ENG-1208,SUP-077,EMP174,TL-050,A
M10363,MA1A**********363,WO13363,Sedan X,TRIM-1,STN-01,2026-03-04 04:03,ENG-1111,SUP-051,EMP286,TL-006,C
M10364,MA1A**********364,WO13364,Sedan X,PAINT-1,Stn-03,2026-03-04 04:05,ENG-1108,SUP-180,EMP157,TL-080,B
M10365,MA1A**********365,WO13365,Hatch Z,GA-2,STN-03,2026-03-04 04:06,ENG-1277,SUP-075,EMP357,TL-009,B
M10366,MA1A**********366,WO13366,Sedan X,GA-1,STN-03,2026-03-04 04:07,ENG-1467,SUP-028,EMP317,TL-077,A
M10367,MA1A**********367,WO13367,Sedan X,PAINT-1,Stn-03,2026-03-04 04:08,ENG-1117,SUP-012,EMP175,TL-013,C
M10368,MA1A**********368,WO13368,Sedan X,TRIM-1,STN-04,2026-03-04 04:10,ENG-1368,SUP-094,EMP381,TL-050,C
M10369,MA1A**********369,WO13369,SUV Pro,GA-2,STN-02,2026-03-04 04:11,ENG-1341,SUP-158,EMP268,TL-030,C
M10370,MA1A**********370,WO13370,Hatch Z,GA-1,STN-01,2026-03-04 04:12,ENG-1001,SUP-084,EMP108,TL-016,C
M10371,MA1A**********371,WO13371,SUV Pro,TRIM-1,STN-03,2026-03-04 04:13,ENG-1393,SUP-040,EMP351,TL-065,
M10372,MA1A**********372,WO13372,Sedan X,PAINT-1,STN-04,2026-03-04 04:15,ENG-1126,SUP-142,EMP272,TL-042,A
M10373,MA1A**********373,WO13373,Sedan X,GA-1,STN-04,2026-03-04 04:16,ENG-1464,SUP-127,EMP268,TL-013,B
M10374,MA1A**********374,WO13374,Sedan X,PAINT-1,Stn-03,2026-03-04 04:17,ENG-1288,SUP-128,EMP359,TL-013,C
M10375,MA1A**********375,WO13375,SUV Pro,PAINT-1,STN-02,2026-03-04 04:18,ENG-1192,SUP-164,EMP123,TL-098,
M10376,MA1A**********376,WO13376,Sedan X,GA-2, stn-05 ,2026-03-04 04:70,ENG-1196,SUP-005,EMP178,TL-038,C
M10377,MA1A**********377,WO13377,SUV Pro,PAINT-1,Stn-03,2026-03-04 04:21,ENG-1143,SUP-109,EMP336,TL-060,B
M10378,MA1A**********378,WO13378,Sedan X,PAINT-1,STN-01,2026-03-04 04:22,ENG-1226,SUP-027,EMP113,TL-059,B
M10379,MA1A**********379,WO13379,Sedan X,TRIM-1,STN-01,2026-03-04 04:23,ENG-1185,SUP-099,EMP234,TL-097,
M10380,MA1A**********380,WO13380,Hatch Z,GA-2,STN-04,2026-03-04 04:25,ENG-1340,SUP-186,EMP131,TL-028,A
M10381,MA1A**********381,WO13381,SUV Pro,PAINT-1,STN-03,2026-03-04 04:26,ENG-1116,SUP-136,EMP108,TL-100,B
M10382,MA1A**********382,WO13382,SUV Pro,PAINT-1,Stn-03,2026-03-04 04:27,ENG-1037,SUP-078,EMP357,TL-042,
M10383,MA1A**********383,WO13383,Hatch Z,GA-2,STN-04,2026-03-04 04:28,ENG-1025,SUP-042,EMP388,TL-023,C
M10384,MA1A**********384,WO13384,SUV Pro,TRIM-1, stn-05 ,2026-03-04 04:30,ENG-1270,SUP-104,EMP175,TL-058,B
M10385,MA1A**********385,WO13385,Hatch Z,PAINT-1,STN-01,2026-03-04 04:31,ENG-1229,SUP-107,EMP319,TL-033,B
M10386,MA1A**********386,WO13386,Sedan X,TRIM-1, stn-05 ,2026-03-04 04:32,ENG-1456,SUP-097,EMP205,TL-019,
M10387,MA1A**********387,WO13387,Sedan X,GA-2,STN-03,2026-03-04 04:33,ENG-1106,SUP-187,EMP380,TL-052,
M10388,MA1A**********388,WO13388,SUV Pro,GA-2,STN-03,2026-03-04 04:35,ENG-1309,SUP-033,EMP211,TL-068,
M10389,MA1A**********389,WO13389,Hatch Z,TRIM-1,STN-05,2026-03-04 04:36,ENG-1026,SUP-105,EMP115,TL-034,
M10390,MA1A**********390,WO13390,Hatch Z,GA-2,STN-02,2026-03-04 04:37,ENG-1029,SUP-178,EMP271,TL-100,C
M10391,MA1A**********391,WO13391,Sedan X,PAINT-1,STN-01,2026-03-04 04:38,ENG-1177,SUP-007,EMP368,TL-078,B
M10392,MA1A**********392,WO13392,SUV Pro,GA-2,STN-05,2026-03-04 04:40,ENG-1214,SUP-191,EMP142,TL-042,
M10393,MA1A**********393,WO13393,SUV Pro,PAINT-1,Stn-03,2026-03-04 04:41,ENG-1004,SUP-081,EMP198,TL-088,C
M10394,MA1A**********394,WO13394,SUV Pro,TRIM-1,STN-01,2026-03-04 04:42,ENG-1377,SUP-122,EMP356,TL-077,
M10395,MA1A**********395,WO13395,SUV Pro,PAINT-1,STN-03,2026-03-04 04:43,ENG-1130,SUP-041,EMP323,TL-010,A
M10396,MA1A**********396,WO13396,Sedan X,PAINT-1,STN-02,2026-03-04 04:45,ENG-1432,SUP-047,EMP344,TL-027,
M10397,MA1A**********397,WO13397,Hatch Z,GA-2,STN-04,2026-03-04 04:46,ENG-1373,SUP-053,EMP192,TL-008,B
M10398,MA1A**********398,WO13398,Sedan X,GA-2,STN-04,2026-03-04 04:47,ENG-1052,SUP-028,EMP138,TL-060,C
M10399,MA1A**********399,WO13399,Hatch Z,TRIM-1,STN-04,2026-03-04 04:48,ENG-1310,SUP-031,EMP351,TL-014,
M10400,MA1A**********400,WO13400,Sedan X,GA-1,Stn-03,2026-03-04 04:50,ENG-1150,SUP-041,EMP378,TL-048,A
M10401,MA1A**********401,WO13401,SUV Pro,PAINT-1,Stn-03,2026-03-04 04:51,ENG-1282,SUP-104,EMP395,TL-071,B
M10402,MA1A**********402,WO13402,Sedan X,PAINT-1,STN-02,2026-03-04 04:52,ENG-1481,SUP-027,EMP317,TL-075,A
M10403,MA1A**********403,WO13403,Sedan X,GA-2,STN-02,2026-03-04 04:53,ENG-1015,SUP-047,EMP311,TL-073,A
M10404,MA1A**********404,WO13404,Sedan X,PAINT-1,STN-02,2026-03-04 04:55,ENG-1347,SUP-102,EMP237,TL-064,A
M10405,MA1A**********405,WO13405,Sedan X,TRIM-1,STN-05,2026-03-04 04:56,ENG-1012,SUP-019,EMP330,TL-060,A
M10406,MA1A**********406,WO13406,Sedan X,GA-1,STN-04,2026-03-04 04:57,ENG-1473,SUP-050,EMP328,TL-100,A
M10407,MA1A**********407,WO13407,SUV Pro,GA-1,STN-01,2026-03-04 04:58,ENG-1149,SUP-150,EMP201,TL-027,B
M10408,MA1A**********408,WO13408,SUV Pro,TRIM-1,STN-02,2026-03-04 05:00,ENG-1129,SUP-072,EMP292,TL-074,B
M10409,MA1A**********409,WO13409,Sedan X,TRIM-1,STN-02,2026-03-04 05:01,ENG-1288,SUP-072,EMP327,TL-056,B
M10410,MA1A**********410,WO13410,Hatch Z,GA-1,STN-05,2026-03-04 05:02,ENG-1113,SUP-145,EMP116,TL-095,
M10411,MA1A**********411,WO13411,SUV Pro,PAINT-1,STN-01,2026-03-04 05:03,ENG-1080,SUP-090,EMP381,TL-042,A
M10412,MA1A**********412,WO13412,Hatch Z,GA-2, stn-05 ,2026-03-04 05:05,ENG-1309,SUP-058,EMP165,TL-060,B
M10413,MA1A**********413,WO13413,SUV Pro,GA-2,STN-05,2026-03-04 05:06,ENG-1440,SUP-023,EMP181,TL-074,A
M10414,MA1A**********414,WO13414,SUV Pro,GA-2,STN-03,2026-03-04 05:07,ENG-1333,SUP-013,EMP252,TL-099,
M10415,MA1A**********415,WO13415,Sedan X,GA-2,Stn-03,2026-03-04 05:08,ENG-1220,SUP-184,EMP314,TL-058,
M10416,MA1A**********416,WO13416,Hatch Z,PAINT-1,Stn-03,2026-03-04 05:10,ENG-1087,SUP-117,EMP185,TL-071,C
M10417,MA1A**********417,WO13417,SUV Pro,GA-2,STN-05,2026-03-04 05:11,ENG-1250,SUP-068,EMP291,TL-003,
M10418,MA1A**********418,WO13418,Hatch Z,GA-1,STN-05,2026-03-04 05:12,ENG-1439,SUP-140,EMP322,TL-039,A
M10419,MA1A**********419,WO13419,SUV Pro,TRIM-1,STN-03,2026-03-04 05:13,ENG-1385,SUP-106,EMP111,TL-022,A
M10420,MA1A**********420,WO13420,Hatch Z,GA-1, stn-05 ,2026-03-04 05:15,ENG-1366,SUP-027,EMP389,TL-022,A
M10421,MA1A**********421,WO13421,Sedan X,GA-2,Stn-03,2026-03-04 05:16,ENG-1039,SUP-096,EMP253,TL-031,A
M10422,MA1A**********422,WO13422,SUV Pro,PAINT-1,STN-05,2026-03-04 05:17,ENG-1293,SUP-009,EMP399,TL-029,B
M10423,MA1A**********423,WO13423,Sedan X,PAINT-1,STN-02,2026-03-04 05:18,ENG-1126,SUP-053,EMP188,TL-001,B
M10424,MA1A**********424,WO13424,Sedan X,PAINT-1,STN-01,2026-03-04 05:20,ENG-1020,SUP-040,EMP291,TL-084,C
M10425,MA1A**********425,WO13425,SUV Pro,GA-1,STN-01,2026-03-04 05:21,ENG-1316,SUP-187,EMP215,TL-044,C
M10426,MA1A**********426,WO13426,SUV Pro,GA-1,STN-02,2026-03-04 05:22,ENG-1437,SUP-104,EMP397,TL-065,C
M10427,MA1A**********427,WO13427,Hatch Z,GA-2,STN-05,2026-03-04 05:23,ENG-1099,SUP-194,EMP225,TL-025,B
M10428,MA1A**********428,WO13428,SUV Pro,GA-2,STN-04,2026-03-04 05:25,ENG-1470,SUP-042,EMP318,TL-017,A
M10429,MA1A**********429,WO13429,Hatch Z,GA-1,STN-03,2026-03-04 05:26,ENG-1288,SUP-192,EMP375,TL-083,B
M10430,MA1A**********430,WO13430,Sedan X,GA-2,Stn-03,2026-03-04 05:27,ENG-1494,SUP-069,EMP238,TL-012,B
M10431,MA1A**********431,WO13431,Hatch Z,GA-1,STN-04,2026-03-04 05:28,ENG-1399,SUP-086,EMP301,TL-041,B
M10432,MA1A**********432,WO13432,Sedan X,GA-1,STN-02,2026-03-04 05:30,ENG-1124,SUP-128,EMP305,TL-026,A
M10433,MA1A**********433,WO13433,SUV Pro,TRIM-1,STN-03,2026-03-04 05:31,ENG-1301,SUP-096,EMP242,TL-021,A
M10434,MA1A**********434,WO13434,Sedan X,TRIM-1,STN-02,2026-03-04 05:32,ENG-1304,SUP-199,EMP237,TL-083,A
M10435,MA1A**********435,WO13435,Hatch Z,GA-2,STN-04,2026-03-04 05:33,ENG-1175,SUP-160,EMP150,TL-076,B
M10436,MA1A**********436,WO13436,Sedan X,TRIM-1,STN-04,2026-03-04 05:35,ENG-1038,SUP-180,EMP217,TL-013,
M10437,MA1A**********437,WO13437,SUV Pro,GA-2, stn-05 ,2026-03-04 05:36,ENG-1205,SUP-033,EMP316,TL-036,
M10438,MA1A**********438,WO13438,SUV Pro,GA-2, stn-05 ,2026-03-04 05:37,ENG-1436,SUP-131,EMP304,TL-033,
M10439,MA1A**********439,WO13439,Sedan X,GA-2, stn-05 ,2026-03-04 05:38,ENG-1013,SUP-159,EMP317,TL-016,
M10440,MA1A**********440,WO13440,Sedan X,GA-1,STN-01,2026-03-04 05:40,ENG-1292,SUP-152,EMP181,TL-085,C
M10441,MA1A**********441,WO13441,SUV Pro,GA-2,STN-03,2026-03-04 05:41,ENG-1031,SUP-049,EMP185,TL-091,A
M10442,MA1A**********442,WO13442,Sedan X,PAINT-1, stn-05 ,2026-03-04 05:42,ENG-1117,SUP-085,EMP281,TL-002,C
M10443,MA1A**********443,WO13443,Sedan X,PAINT-1,STN-02,2026-03-04 05:43,ENG-1368,SUP-198,EMP171,TL-013,A
M10444,MA1A**********444,WO13444,SUV Pro,GA-2, stn-05 ,2026-03-04 05:45,ENG-1430,SUP-013,EMP364,TL-057,
M10445,MA1A**********445,WO13445,Hatch Z,TRIM-1, stn-05 ,2026-03-04 05:46,ENG-1071,SUP-067,EMP338,TL-078,B
M10446,MA1A**********446,WO13446,SUV Pro,PAINT-1,Stn-03,2026-03-04 05:47,ENG-1067,SUP-040,EMP147,TL-065,B
M10447,MA1A**********447,WO13447,Hatch Z,PAINT-1, stn-05 ,2026-03-04 05:48,ENG-1408,SUP-173,EMP264,TL-090,A
M10448,MA1A**********448,WO13448,Hatch Z,GA-2, stn-05 ,2026-03-04 05:50,ENG-1474,SUP-002,EMP254,TL-099,
M10449,MA1A**********449,WO13449,SUV Pro,GA-1,STN-04,2026-03-04 05:51,ENG-1252,SUP-163,EMP295,TL-074,B
M10450,MA1A**********450,WO13450,Sedan X,GA-2,Stn-03,2026-03-04 05:52,ENG-1087,SUP-151,EMP385,TL-056,C
M10451,MA1A**********451,WO13451,Sedan X,PAINT-1,Stn-03,2026-03-04 05:53,ENG-1316,SUP-015,EMP184,TL-044,
M10452,MA1A**********452,WO13452,Hatch Z,PAINT-1,STN-04,2026-03-04 05:55,ENG-1140,SUP-015,EMP366,TL-043,C
M10453,MA1A**********453,WO13453,Hatch Z,GA-2,Stn-03,2026-03-04 05:56,ENG-1378,SUP-139,EMP187,TL-100,C
M10454,MA1A**********454,WO13454,Hatch Z,TRIM-1, stn-05 ,2026-03-04 05:57,ENG-1406,SUP-123,EMP169,TL-052,B
M10455,MA1A**********455,WO13455,Sedan X,PAINT-1,STN-04,2026-03-04 05:58,ENG-1246,SUP-033,EMP399,TL-100,B
M10456,MA1A**********456,WO13456,SUV Pro,PAINT-1,STN-02,2026-03-04 06:00,ENG-1441,SUP-200,EMP263,TL-095,C
M10457,MA1A**********457,WO13457,Sedan X,TRIM-1,STN-02,2026-03-04 06:01,ENG-1284,SUP-041,EMP188,TL-024,C
M10458,MA1A**********458,WO13458,Sedan X,GA-1,STN-05,2026-03-04 06:02,ENG-1093,SUP-091,EMP307,TL-022,C
M10459,MA1A**********459,WO13459,SUV Pro,GA-2,STN-05,2026-03-04 06:03,ENG-1210,SUP-049,EMP228,TL-024,A
M10460,MA1A**********460,WO13460,Sedan X,GA-2,Stn-03,2026/03/04 06:05,ENG-1083,SUP-063,EMP240,TL-012,C
M10461,MA1A**********461,WO13461,Hatch Z,GA-2,STN-05,2026-03-04 06:06,ENG-1005,SUP-004,EMP313,TL-051,B
M10462,MA1A**********462,WO13462,Hatch Z,TRIM-1,STN-01,2026-03-04 06:07,ENG-1068,SUP-105,EMP304,TL-001,C
M10463,MA1A**********463,WO13463,SUV Pro,GA-1,STN-05,2026-03-04 06:08,ENG-1184,SUP-111,EMP199,TL-024,A
M10464,MA1A**********464,WO13464,SUV Pro,PAINT-1, stn-05 ,2026-03-04 06:10,ENG-1020,SUP-005,EMP218,TL-079,A
M10465,MA1A**********465,WO13465,Sedan X,GA-1,STN-05,2026-03-04 06:11,ENG-1112,SUP-063,EMP289,TL-098,B
M10466,MA1A**********466,WO13466,Hatch Z,GA-2,STN-02,2026-03-04 06:12,ENG-1082,SUP-077,EMP337,TL-012,A
M10467,MA1A**********467,WO13467,Hatch Z,GA-2,STN-04,2026-03-04 06:13,ENG-1436,SUP-002,EMP123,TL-054,A
M10468,MA1A**********468,WO13468,Hatch Z,GA-2,STN-04,2026-03-04 06:15,ENG-1248,SUP-169,EMP119,TL-042,
M10469,MA1A**********469,WO13469,SUV Pro,TRIM-1,STN-01,2026-03-04 06:16,ENG-1472,SUP-176,EMP314,TL-008,
M10470,MA1A**********470,WO13470,SUV Pro,GA-2,STN-04,2026-03-04 06:17,ENG-1144,SUP-056,EMP369,TL-092,C
M10471,MA1A**********471,WO13471,Sedan X,GA-1,STN-05,2026-03-04 06:18,ENG-1166,SUP-059,EMP337,TL-023,B
M10472,MA1A**********472,WO13472,SUV Pro,TRIM-1,STN-01,2026-03-04 06:20,ENG-1227,SUP-109,EMP175,TL-029,A
M10473,MA1A**********473,WO13473,Sedan X,GA-2,Stn-03,2026-03-04 06:21,ENG-1210,SUP-030,EMP106,TL-083,C
M10474,MA1A**********474,WO13474,SUV Pro,GA-1,STN-04,2026-03-04 06:22,ENG-1153,SUP-036,EMP202,TL-092,A
M10475,MA1A**********475,WO13475,SUV Pro,PAINT-1,STN-03,2026-03-04 06:23,ENG-1460,SUP-074,EMP159,TL-096,B
M10476,MA1A**********476,WO13476,SUV Pro,GA-2,STN-04,2026-03-04 06:25,ENG-1240,SUP-169,EMP298,TL-067,C
M10477,MA1A**********477,WO13477,SUV Pro,TRIM-1,Stn-03,2026-03-04 06:26,ENG-1016,SUP-109,EMP206,TL-033,C
M10478,MA1A**********478,WO13478,Sedan X,GA-1,Stn-03,2026-03-04 06:27,ENG-1142,SUP-110,EMP135,TL-061,C
M10479,MA1A**********479,WO13479,SUV Pro,GA-1,STN-05,2026-03-04 06:28,ENG-1281,SUP-113,EMP110,TL-012,
M10480,MA1A**********480,WO13480,Hatch Z,GA-2,STN-02,2026-03-04 06:30, eng-1001 ,SUP-077,EMP193,TL-006,B
M10481,MA1A**********481,WO13481,SUV Pro,GA-2,STN-04,2026-03-04 06:31,ENG-1157,SUP-069,EMP236,TL-010,
M10482,MA1A**********482,WO13482,Sedan X,GA-2,STN-03,2026-03-04 06:32,ENG-1176,SUP-110,EMP271,TL-026,
M10483,MA1A**********483,WO13483,Hatch Z,PAINT-1,STN-04,2026-03-04 06:33,ENG-1291,SUP-195,EMP105,TL-022,C
M10484,MA1A**********484,WO13484,SUV Pro,PAINT-1, stn-05 ,2026-03-04 06:35,ENG-1115,SUP-097,EMP170,TL-054,A
M10485,MA1A**********485,WO13485,SUV Pro,TRIM-1,STN-02,2026-03-04 06:36,ENG-1101,SUP-133,EMP322,TL-094,C
M10486,MA1A**********486,WO13486,Sedan X,GA-1,STN-01,2026-03-04 06:37,ENG-1304,SUP-087,EMP216,TL-065,C
M10487,MA1A**********487,WO13487,Hatch Z,PAINT-1,STN-04,2026-03-04 06:38,ENG-1379,SUP-069,EMP189,TL-012,
M10488,MA1A**********488,WO13488,Hatch Z,PAINT-1,STN-02,2026-03-04 06:40,ENG-1164,SUP-200,EMP108,TL-005,B
M10489,MA1A**********489,WO13489,SUV Pro,GA-1,STN-03,2026-03-04 06:41,ENG-1344,SUP-110,EMP125,TL-040,
M10490,MA1A**********490,WO13490,Hatch Z,TRIM-1, stn-05 ,2026-03-04 06:42,ENG-1048,SUP-076,EMP213,TL-059,C
M10491,MA1A**********491,WO13491,SUV Pro,GA-2,STN-04,2026-03-04 06:43,ENG-1026,SUP-102,EMP292,TL-011,
M10492,MA1A**********492,WO13492,Hatch Z,PAINT-1,STN-04,2026-03-04 06:45,ENG-1131,SUP-107,EMP339,TL-017,
M10493,MA1A**********493,WO13493,Sedan X,TRIM-1,STN-05,2026-03-04 06:46,ENG-1473,SUP-018,EMP288,TL-085,C
M10494,MA1A**********494,WO13494,Hatch Z,GA-1,STN-05,2026-03-04 06:47,ENG-1190,SUP-133,EMP392,TL-005,A
M10495,MA1A**********495,WO13495,Sedan X,TRIM-1,STN-04,2026-03-04 06:48,ENG-1473,SUP-179,EMP185,TL-074,A
M10496,MA1A**********496,WO13496,Sedan X,PAINT-1,STN-03,2026-03-04 06:50,ENG-1020,SUP-179,EMP332,TL-084,
M10497,MA1A**********497,WO13497,Sedan X,PAINT-1,STN-02,2026-03-04 06:51,ENG-1186,SUP-106,EMP319,TL-005,C
M10498,MA1A**********498,WO13498,Sedan X,GA-2, stn-05 ,2026-03-04 06:52,ENG-1126,SUP-114,EMP236,TL-055,B
M10499,MA1A**********499,WO13499,Sedan X,GA-1,STN-04,2026-03-04 06:53,ENG-1247,SUP-166,EMP325,TL-086,B
M10500,MA1A**********500,WO13500,Sedan X,TRIM-1,STN-04,2026-03-04 06:55,ENG-1358,SUP-031,EMP380,TL-018,B
M10501,MA1A**********501,WO13501,Hatch Z,GA-2,STN-04,2026-03-04 06:56,ENG-1210,SUP-122,EMP394,TL-083,C
M10502,MA1A**********502,WO13502,Sedan X,GA-1,Stn-03,2026-03-04 06:57,ENG-1262,SUP-116,EMP360,TL-083,
M10503,MA1A**********503,WO13503,SUV Pro,GA-2,STN-05,2026-03-04 06:58,ENG-1389,SUP-085,EMP123,TL-050,
M10504,MA1A**********504,WO13504,Sedan X,TRIM-1,STN-02,2026-03-04 07:00,ENG-1155,SUP-175,EMP186,TL-090,
M10505,MA1A**********505,WO13505,SUV Pro,GA-1, stn-05 ,2026-03-04 07:01,ENG-1432,SUP-081,EMP265,TL-003,C
M10506,MA1A**********506,WO13506,Hatch Z,GA-2,STN-02,2026-03-04 07:02,ENG-1424,SUP-031,EMP333,TL-008,C
M10507,MA1A**********507,WO13507,Hatch Z,TRIM-1,Stn-03,2026-03-04 07:03,ENG-1358,SUP-196,EMP139,TL-070,
M10508,MA1A**********508,WO13508,Hatch Z,TRIM-1,STN-01,2026-03-04 07:05,ENG-1208,SUP-101,EMP205,TL-024,A
M10509,MA1A**********509,WO13509,Sedan X,TRIM-1,Stn-03,2026-03-04 07:06,ENG-1083,SUP-148,EMP107,TL-061,B
M10510,MA1A**********510,WO13510,Hatch Z,GA-2,Stn-03,2026-03-04 07:07,ENG-1428,SUP-131,EMP141,TL-087,B
M10511,MA1A**********511,WO13511,SUV Pro,GA-1,STN-05,2026-03-04 07:08,ENG-1078,SUP-108,EMP265,TL-099,B
M10512,MA1A**********512,WO13512,Sedan X,TRIM-1,STN-01,2026-03-04 07:10,ENG-1234,SUP-189,EMP103,TL-069,
M10513,MA1A**********513,WO13513,SUV Pro,PAINT-1,STN-02,2026-03-04 07:11,ENG-1207,SUP-151,EMP249,TL-021,A
M10514,MA1A**********514,WO13514,Sedan X,GA-2,STN-01,2026-03-04 07:12,ENG-1345,SUP-198,EMP221,TL-042,C
M10515,MA1A**********515,WO13515,Hatch Z,GA-1,STN-01,2026-03-04 07:13,ENG-1144,SUP-092,EMP389,TL-079,
M10516,MA1A**********516,WO13516,SUV Pro,GA-1,STN-04,2026-03-04 07:15,ENG-1306,SUP-046,EMP132,TL-079,C
M10517,MA1A**********517,WO13517,Hatch Z,TRIM-1,STN-02,2026-03-04 07:16,ENG-1001,SUP-095,EMP232,TL-078,B
M10518,MA1A**********518,WO13518,SUV Pro,GA-2,STN-05,2026-03-04 07:17,ENG-1467,SUP-132,EMP242,TL-085,B
M10519,MA1A**********519,WO13519,Sedan X,GA-2,Stn-03,2026-03-04 07:18,ENG-1446,SUP-178,EMP138,TL-060,A
M10520,MA1A**********520,WO13520,SUV Pro,TRIM-1,STN-05,2026-03-04 07:20,ENG-1440,SUP-002,EMP297,TL-082,
M10521,MA1A**********521,WO13521,Hatch Z,PAINT-1, stn-05 ,2026-03-04 07:21,ENG-1113,SUP-174,EMP158,TL-044,A
M10522,MA1A**********522,WO13522,Sedan X,TRIM-1, stn-05 ,2026-03-04 07:22,ENG-1435,SUP-065,EMP397,TL-093,B
M10523,MA1A**********523,WO13523,Hatch Z,GA-1,STN-03,2026-03-04 07:23,ENG-1000,SUP-052,EMP329,TL-100,A
M10524,MA1A**********524,WO13524,Sedan X,TRIM-1,STN-01,2026-03-04 07:25,ENG-1479,SUP-154,EMP179,TL-053,C
M10525,MA1A**********525,WO13525,Sedan X,TRIM-1,STN-01,2026-03-04 07:26,ENG-1104,SUP-008,EMP362,TL-081,A
M10526,MA1A**********526,WO13526,Hatch Z,GA-1,STN-04,2026-03-04 07:27,ENG-1081,SUP-103,EMP176,TL-068,B
M10527,MA1A**********527,WO13527,Hatch Z,TRIM-1,STN-05,2026-03-04 07:28,ENG-1089,SUP-167,EMP251,TL-039,C
M10528,MA1A**********528,WO13528,Sedan X,GA-1,STN-04,2026-03-04 07:30,ENG-1075,SUP-133,EMP359,TL-085,C
M10529,MA1A**********529,WO13529,Hatch Z,GA-2, stn-05 ,2026-03-04 07:31,ENG-1331,SUP-120,EMP241,TL-012,A
M10530,MA1A**********530,WO13530,SUV Pro,GA-1,STN-04,2026-03-04 07:32,ENG-1479,SUP-152,EMP157,TL-093,
M10531,MA1A**********531,WO13531,Sedan X,GA-2,Stn-03,2026-03-04 07:33,ENG-1241,SUP-104,EMP300,TL-017,A
M10532,MA1A**********532,WO13532,Hatch Z,GA-1,STN-05,2026-03-04 07:35,ENG-1068,SUP-005,EMP222,TL-080,A
M10533,MA1A**********533,WO13533,SUV Pro,GA-1, stn-05 ,2026-03-04 07:36,ENG-1387,SUP-045,EMP315,TL-025,C
M10534,MA1A**********534,WO13534,SUV Pro,PAINT-1,STN-02,2026-03-04 07:37,ENG-1166,SUP-153,EMP295,TL-081,B
M10535,MA1A**********535,WO13535,Hatch Z,PAINT-1,STN-03,2026-03-04 07:38,ENG-1267,SUP-175,EMP348,TL-001,A
M10536,MA1A**********536,WO13536,Sedan X,GA-1, stn-05 ,2026-03-04 07:40,ENG-1382,SUP-076,EMP173,TL-039,B
M10537,MA1A**********537,WO13537,Hatch Z,PAINT-1,STN-02,2026-03-04 07:41,ENG-1208,SUP-153,EMP109,TL-075,A
M10538,MA1A**********538,WO13538,Sedan X,GA-2,STN-04,2026-03-04 07:42,ENG-1186,SUP-064,EMP104,TL-024,C
M10539,MA1A**********539,WO13539,Hatch Z,TRIM-1,STN-04,2026-03-04 07:43,ENG-1421,SUP-181,EMP130,TL-032,
M10540,MA1A**********540,WO13540,Hatch Z,TRIM-1,STN-01,2026-03-04 07:45,ENG-1067,SUP-194,EMP250,TL-032,
M10541,MA1A**********541,WO13541,SUV Pro,GA-2,Stn-03,2026-03-04 07:46,ENG-1391,SUP-177,EMP257,TL-006,C
M10542,MA1A**********542,WO13542,SUV Pro,GA-2, stn-05 ,2026-03-04 07:47,ENG-1391,SUP-109,EMP230,TL-065,A
M10543,MA1A**********543,WO13543,Hatch Z,TRIM-1,Stn-03,2026-03-04 07:48,ENG-1188,SUP-200,EMP242,TL-087,A
M10544,MA1A**********544,WO13544,Sedan X,TRIM-1,Stn-03,2026-03-04 07:50,ENG-1359,SUP-070,EMP361,TL-070,B
M10545,MA1A**********545,WO13545,Sedan X,PAINT-1,Stn-03,2026-03-04 07:51,ENG-1367,SUP-146,EMP331,TL-064,B
M10546,MA1A**********546,WO13546,Hatch Z,PAINT-1,STN-03,2026-03-04 07:52,ENG-1480,SUP-183,EMP304,TL-053,B
M10547,MA1A**********547,WO13547,Sedan X,GA-2,STN-02,2026-03-04 07:53,ENG-1219,SUP-010,EMP295,TL-052,
M10548,MA1A**********548,WO13548,Hatch Z,TRIM-1,STN-03,2026-03-04 07:55,ENG-1299,SUP-019,EMP166,TL-048,C
M10549,MA1A**********549,WO13549,Hatch Z,TRIM-1,Stn-03,2026-03-04 07:56,ENG-1454,SUP-171,EMP189,TL-018,A
M10550,MA1A**********550,WO13550,SUV Pro,GA-2,STN-05,2026-03-04 07:57,ENG-1268,SUP-100,EMP194,TL-022,
M10551,MA1A**********551,WO13551,Hatch Z,GA-2,STN-01,2026-03-04 07:58,ENG-1196,SUP-107,EMP303,TL-010,
M10552,MA1A**********552,WO13552,Hatch Z,TRIM-1,STN-02,2026-03-04 08:00,ENG-1096,,EMP276,TL-049,B
M10553,MA1A**********553,WO13553,Hatch Z,GA-2,STN-02,2026-03-04 08:01,ENG-1164,SUP-193,EMP383,TL-095,
M10554,MA1A**********554,WO13554,SUV Pro,TRIM-1, stn-05 ,2026-03-04 08:02,ENG-1253,SUP-116,EMP195,TL-048,
M10555,MA1A**********555,WO13555,Sedan X,PAINT-1,STN-01,2026-03-04 08:03,ENG-1126,SUP-066,EMP368,TL-023,A
M10556,MA1A**********556,WO13556,Hatch Z,PAINT-1,STN-05,2026-03-04 08:05,ENG-1416,SUP-064,EMP148,TL-042,B
M10557,MA1A**********557,WO13557,Hatch Z,GA-2,Stn-03,2026-03-04 08:06,ENG-1306,SUP-022,EMP179,TL-017,
M10558,MA1A**********558,WO13558,Sedan X,GA-1,STN-01,2026-03-04 08:07,ENG-1459,SUP-018,EMP248,TL-039,A
M10559,MA1A**********559,WO13559,Hatch Z,TRIM-1,STN-04,2026-03-04 08:08,ENG-1075,SUP-158,EMP134,TL-040,B
M10560,MA1A**********560,WO13560,Sedan X,PAINT-1, stn-05 ,2026-03-04 08:10,ENG-1479,SUP-145,EMP136,TL-028,C
M10561,MA1A**********561,WO13561,Sedan X,GA-1,STN-02,2026-03-04 08:11,ENG-1264,SUP-148,EMP353,TL-042,B
M10562,MA1A**********562,WO13562,Hatch Z,TRIM-1,STN-02,2026-03-04 08:12,ENG-1016,SUP-152,EMP376,TL-056,C
M10563,MA1A**********563,WO13563,Hatch Z,TRIM-1,STN-03,2026-03-04 08:13,ENG-1081,SUP-191,EMP169,TL-038,A
M10564,MA1A**********564,WO13564,SUV Pro,GA-2,STN-01,2026-03-04 08:15,ENG-1265,SUP-047,EMP219,TL-044,B
M10565,MA1A**********565,WO13565,Sedan X,TRIM-1,STN-04,2026-03-04 08:16,ENG-1219,SUP-156,EMP152,TL-080,C
M10566,MA1A**********566,WO13566,Hatch Z,TRIM-1,STN-02,2026-03-04 08:17,ENG-1468,SUP-146,EMP379,TL-005,C
M10567,MA1A**********567,WO13567,SUV Pro,GA-2,STN-01,2026-03-04 08:18,ENG-1043,SUP-122,EMP286,TL-032,A
M10568,MA1A**********568,WO13568,SUV Pro,TRIM-1,STN-04,2026-03-04 08:20,ENG-1051,SUP-135,EMP320,TL-074,C
M10569,MA1A**********569,WO13569,SUV Pro,GA-2,Stn-03,2026-03-04 08:21,ENG-1391,SUP-167,EMP248,TL-001,C
M10570,MA1A**********570,WO13570,Sedan X,PAINT-1,STN-04,2026-03-04 08:22,ENG-1131,SUP-031,EMP183,TL-041,B
M10571,MA1A**********571,WO13571,Sedan X,GA-2,STN-04,2026-03-04 08:23,ENG-1338,SUP-159,EMP261,TL-052,A
M10572,MA1A**********572,WO13572,Sedan X,GA-1,STN-04,2026-03-04 08:25,ENG-1250,SUP-127,EMP200,TL-083,B
M10573,MA1A**********573,WO13573,Sedan X,TRIM-1,STN-03,2026-03-04 08:26,ENG-1031,SUP-058,EMP314,TL-012,B
M10574,MA1A**********574,WO13574,Sedan X,GA-2, stn-05 ,2026-03-04 08:27,ENG-1170,SUP-160,EMP398,TL-077,A
M10575,MA1A**********575,WO13575,Hatch Z,GA-2,STN-05,2026-03-04 08:28,ENG-1247,SUP-050,EMP207,TL-059,A
M10576,MA1A**********576,WO13576,Sedan X,PAINT-1, stn-05 ,2026-03-04 08:30,ENG-1094,SUP-076,EMP258,TL-036,
M10577,MA1A**********577,WO13577,SUV Pro,GA-1,Stn-03,2026-03-04 08:31,ENG-1138,SUP-127,EMP320,TL-004,
M10578,MA1A**********578,WO13578,Hatch Z,TRIM-1,Stn-03,2026-03-04 08:32,ENG-1065,SUP-199,EMP215,TL-041,A
M10579,MA1A**********579,WO13579,Sedan X,TRIM-1,STN-04,2026-03-04 08:33,ENG-1164,SUP-020,EMP136,TL-999,
M10580,MA1A**********580,WO13580,Hatch Z,GA-1, stn-05 ,2026-03-04 08:35,ENG-1285,SUP-200,EMP282,TL-012,
M10581,MA1A**********581,WO13581,Hatch Z,GA-2, stn-05 ,2026-03-04 08:36,ENG-1085,SUP-138,EMP277,TL-011,C
M10582,MA1A**********582,WO13582,SUV Pro,TRIM-1,STN-02,2026-03-04 08:37,ENG-1497,SUP-066,EMP118,TL-078,A
M10583,MA1A**********583,WO13583,Hatch Z,PAINT-1,STN-05,2026-03-04 08:38,ENG-1000,SUP-089,EMP277,TL-070,A
M10584,MA1A**********584,WO13584,Hatch Z,GA-1,STN-03,2026-03-04 08:40,ENG-1458,SUP-116,EMP233,TL-035,
M10585,MA1A**********585,WO13585,Hatch Z,PAINT-1,STN-02,2026-03-04 08:41,ENG-1308,SUP-171,EMP159,TL-051,A
M10586,MA1A**********586,WO13586,Hatch Z,TRIM-1,Stn-03,2026-03-04 08:42,ENG-1242,SUP-001,EMP125,TL-037,A
M10587,MA1A**********587,WO13587,Hatch Z,GA-2,Stn-03,2026-03-04 08:70,ENG-1410,SUP-004,EMP259,TL-041,C
M10588,MA1A**********588,WO13588,Sedan X,PAINT-1,STN-01,2026-03-04 08:45,ENG-1389,SUP-064,EMP379,TL-020,B
M10589,MA1A**********589,WO13589,Sedan X,GA-1, stn-05 ,2026-03-04 08:46,ENG-1107,SUP-151,EMP295,TL-051,B
M10590,MA1A**********590,WO13590,Hatch Z,GA-1,STN-02,2026-03-04 08:47,ENG-1263,SUP-096,EMP378,TL-071,
M10591,MA1A**********591,WO13591,Hatch Z,PAINT-1, stn-05 ,2026-03-04 08:48,ENG-1497,SUP-178,EMP110,TL-085,
M10592,MA1A**********592,WO13592,Hatch Z,GA-1,STN-02,2026-03-04 08:50,ENG-1200,SUP-083,EMP180,TL-078,C
M10593,MA1A**********593,WO13593,Sedan X,TRIM-1,STN-03,2026-03-04 08:51,ENG-1354,SUP-112,EMP205,TL-027,B
M10594,MA1A**********594,WO13594,SUV Pro,TRIM-1,STN-02,2026-03-04 08:52,ENG-1102,SUP-015,EMP197,TL-078,
M10595,MA1A**********595,WO13595,SUV Pro,PAINT-1,Stn-03,2026-03-04 08:53,ENG-1010,SUP-129,EMP359,TL-007,
M10596,MA1A**********596,WO13596,SUV Pro,GA-1,STN-05,2026-03-04 08:55,ENG-1368,SUP-155,EMP385,TL-062,A
M10597,MA1A**********597,WO13597,Hatch Z,GA-2,STN-01,2026-03-04 08:56,ENG-1347,SUP-184,EMP160,TL-077,A
M10598,MA1A**********598,WO13598,Hatch Z,PAINT-1,Stn-03,2026-03-04 08:57,ENG-1113,SUP-021,EMP147,TL-026,B
M10599,MA1A**********599,WO13599,SUV Pro,TRIM-1,STN-01,2026-03-04 08:58,ENG-1049,SUP-086,EMP375,TL-036,C
M10600,MA1A**********600,WO13600,Hatch Z,GA-1,STN-03,2026-03-04 09:00,ENG-1083,SUP-103,EMP223,TL-024,A
M10601,MA1A**********601,WO13601,Sedan X,TRIM-1,STN-01,2026-03-04 09:01,ENG-1151,SUP-117,EMP181,TL-019,A
M10602,MA1A**********602,WO13602,SUV Pro,GA-2,STN-05,2026-03-04 09:02,ENG-1463,SUP-121,EMP103,TL-061,
M10603,MA1A**********603,WO13603,SUV Pro,PAINT-1, stn-05 ,2026-03-04 09:03,ENG-1142,SUP-076,EMP345,TL-093,A
M10604,MA1A**********604,WO13604,Hatch Z,GA-2, stn-05 ,2026-03-04 09:05,ENG-1458,SUP-051,EMP140,TL-057,A
M10605,MA1A**********605,WO13605,SUV Pro,TRIM-1, stn-05 ,2026-03-04 09:06,ENG-1037,SUP-159,EMP393,TL-044,B
M10606,MA1A**********606,WO13606,Hatch Z,PAINT-1,STN-04,2026-03-04 09:07,ENG-1448,SUP-125,EMP298,TL-053,B
M10607,MA1A**********607,WO13607,SUV Pro,GA-2,STN-02,2026-03-04 09:08,ENG-1167,SUP-180,EMP395,TL-049,A
M10608,MA1A**********608,WO13608,SUV Pro,GA-2,STN-01,2026-03-04 09:10,ENG-1070,SUP-192,EMP296,TL-010,C
M10609,MA1A**********609,WO13609,Sedan X,GA-2,STN-03,2026-03-04 09:11,ENG-1248,SUP-143,EMP329,TL-001,B
M10610,MA1A**********610,WO13610,SUV Pro,TRIM-1,STN-01,2026-03-04 09:12,ENG-1169,SUP-014,EMP301,TL-031,A
M10611,MA1A**********611,WO13611,SUV Pro,TRIM-1,STN-02,2026-03-04 09:13,ENG-1222,SUP-003,EMP289,TL-006,B
M10612,MA1A**********612,WO13612,Hatch Z,GA-1, stn-05 ,2026-03-04 09:15,ENG-1324,SUP-110,EMP236,TL-002,A
M10613,MA1A**********613,WO13613,Sedan X,GA-2,STN-05,2026-03-04 09:16,ENG-1022,SUP-152,EMP160,TL-022,A
M10614,MA1A**********614,WO13614,Hatch Z,GA-2, stn-05 ,2026-03-04 09:17,ENG-1014,SUP-037,EMP286,TL-018,A
M10615,MA1A**********615,WO13615,Hatch Z,PAINT-1,STN-03,2026-03-04 09:18,ENG-1080,SUP-177,EMP202,TL-099,
M10616,MA1A**********616,WO13616,SUV Pro,TRIM-1, stn-05 ,2026-03-04 09:20,ENG-1305,SUP-094,EMP218,TL-015,B
M10617,MA1A**********617,WO13617,SUV Pro,GA-1,STN-01,2026-03-04 09:21,ENG-1319,SUP-184,EMP373,TL-056,A
M10618,MA1A**********618,WO13618,Sedan X,TRIM-1,STN-03,2026-03-04 09:22,ENG-1469,SUP-127,EMP251,TL-085,C
M10619,MA1A**********619,WO13619,SUV Pro,PAINT-1, stn-05 ,2026-03-04 09:23,ENG-1302,SUP-036,EMP122,TL-041,C
M10620,MA1A**********620,WO13620,Hatch Z,PAINT-1, stn-05 ,2026-03-04 09:25,ENG-1146,SUP-085,EMP215,TL-066,A
M10621,MA1A**********621,WO13621,Sedan X,GA-1, stn-05 ,2026-03-04 09:26,ENG-1287,SUP-031,EMP380,TL-077,
M10622,MA1A**********622,WO13622,SUV Pro,PAINT-1,STN-05,2026-03-04 09:27,ENG-1108,SUP-073,EMP244,TL-098,C
M10623,MA1A**********623,WO13623,SUV Pro,TRIM-1,STN-02,2026-03-04 09:28,ENG-1443,SUP-043,EMP289,TL-020,A
M10624,MA1A**********624,WO13624,SUV Pro,TRIM-1,STN-01,2026-03-04 09:30,ENG-1161,SUP-180,EMP308,TL-049,A
M10625,MA1A**********625,WO13625,Sedan X,TRIM-1,STN-01,2026-03-04 09:31, eng-1001 ,SUP-108,EMP171,TL-040,
M10626,MA1A**********626,WO13626,Sedan X,TRIM-1,STN-01,2026-03-04 09:32,ENG-1151,SUP-115,EMP178,TL-097,
M10627,MA1A**********627,WO13627,SUV Pro,GA-1,STN-02,2026-03-04 09:33,ENG-1100,SUP-091,EMP132,TL-047,C
M10628,MA1A**********628,WO13628,Sedan X,GA-1,STN-03,2026-03-04 09:35,ENG-1488,SUP-051,EMP102,TL-009,
M10629,MA1A**********629,WO13629,Sedan X,GA-1,STN-04,2026-03-04 09:36,ENG-1254,SUP-025,EMP261,TL-055,A
M10630,MA1A**********630,WO13630,SUV Pro,TRIM-1,STN-05,2026-03-04 09:37,ENG-1031,SUP-096,EMP166,TL-023,C
M10631,MA1A**********631,WO13631,SUV Pro,GA-1,STN-02,2026-03-04 09:38,ENG-1125,SUP-152,EMP267,TL-040,
M10632,MA1A**********632,WO13632,Hatch Z,PAINT-1,STN-01,2026-03-04 09:40,ENG-1363,SUP-097,EMP235,TL-094,C
M10633,MA1A**********633,WO13633,Sedan X,GA-1, stn-05 ,2026/03/04 09:41,ENG-1415,SUP-082,EMP339,TL-075,A
M10634,MA1A**********634,WO13634,SUV Pro,TRIM-1,STN-01,2026-03-04 09:42,ENG-1293,SUP-189,EMP140,TL-098,
M10635,MA1A**********635,WO13635,SUV Pro,PAINT-1,Stn-03,2026-03-04 09:43,ENG-1367,SUP-104,EMP397,TL-028,
M10636,MA1A**********636,WO13636,SUV Pro,TRIM-1,STN-01,2026-03-04 09:45,ENG-1283,SUP-061,EMP199,TL-042,
M10637,MA1A**********637,WO13637,SUV Pro,TRIM-1,STN-04,2026-03-04 09:46,ENG-1280,SUP-002,EMP291,TL-088,
M10638,MA1A**********638,WO13638,Sedan X,GA-2,STN-02,2026-03-04 09:47,ENG-1381,SUP-178,EMP344,TL-061,A
M10639,MA1A**********639,WO13639,Hatch Z,PAINT-1,STN-02,2026-03-04 09:48,ENG-1438,SUP-002,EMP151,TL-073,B
M10640,MA1A**********640,WO13640,Sedan X,GA-1,STN-05,2026-03-04 09:50,ENG-1184,SUP-111,EMP350,TL-031,B
M10641,MA1A**********641,WO13641,Sedan X,GA-2, stn-05 ,2026-03-04 09:51,ENG-1361,SUP-155,EMP345,TL-028,B
M10642,MA1A**********642,WO13642,Sedan X,TRIM-1,STN-03,2026-03-04 09:52,ENG-1132,SUP-011,EMP195,TL-072,B
M10643,MA1A**********643,WO13643,SUV Pro,GA-2,Stn-03,2026-03-04 09:53,ENG-1083,SUP-102,EMP335,TL-049,B
M10644,MA1A**********644,WO13644,SUV Pro,GA-2,STN-04,2026-03-04 09:55,ENG-1242,SUP-061,EMP181,TL-029,C
M10645,MA1A**********645,WO13645,Hatch Z,GA-2,STN-01,2026-03-04 09:56,ENG-1069,SUP-062,EMP193,TL-003,A
M10646,MA1A**********646,WO13646,SUV Pro,GA-1,STN-01,2026-03-04 09:57,ENG-1216,SUP-158,EMP196,TL-030,B
M10647,MA1A**********647,WO13647,Hatch Z,PAINT-1,STN-03,2026-03-04 09:58,ENG-1070,SUP-055,EMP252,TL-064,A
M10648,MA1A**********648,WO13648,Hatch Z,GA-2,STN-05,2026-03-04 10:00,ENG-1004,SUP-173,EMP347,TL-043,C
M10649,MA1A**********649,WO13649,Sedan X,PAINT-1,Stn-03,2026-03-04 10:01,ENG-1137,SUP-177,EMP275,TL-017,
M10650,MA1A**********650,WO13650,Sedan X,TRIM-1,STN-03,2026-03-04 10:02,ENG-1223,SUP-146,EMP135,TL-026,B
M10651,MA1A**********651,WO13651,Sedan X,GA-1,STN-01,2026-03-04 10:03,ENG-1366,SUP-101,EMP245,TL-032,B
M10652,MA1A**********652,WO13652,Hatch Z,GA-2,STN-02,2026-03-04 10:05,ENG-1396,SUP-195,EMP321,TL-081,B
M10653,MA1A**********653,WO13653,Sedan X,TRIM-1,STN-04,2026-03-04 10:06,ENG-1239,SUP-120,EMP211,TL-027,A
M10654,MA1A**********654,WO13654,SUV Pro,GA-1,STN-04,2026-03-04 10:07,ENG-1205,SUP-077,EMP344,TL-004,
M10655,MA1A**********655,WO13655,Sedan X,GA-2,STN-05,2026-03-04 10:08,ENG-1185,SUP-014,EMP221,TL-049,A
M10656,MA1A**********656,WO13656,SUV Pro,PAINT-1,STN-02,2026-03-04 10:10,ENG-1319,SUP-129,EMP255,TL-018,C
M10657,MA1A**********657,WO13657,Sedan X,GA-1, stn-05 ,2026-03-04 10:11,ENG-1242,SUP-182,EMP252,TL-094,A
M10658,MA1A**********658,WO13658,Sedan X,TRIM-1,STN-03,2026-03-04 10:12,ENG-1009,SUP-173,EMP322,TL-061,C
M10659,MA1A**********659,WO13659,Hatch Z,GA-2,STN-04,2026-03-04 10:13,ENG-1232,SUP-108,EMP170,TL-048,A
M10660,MA1A**********660,WO13660,SUV Pro,GA-2,STN-01,2026-03-04 10:15,ENG-1431,SUP-011,EMP225,TL-091,
M10661,MA1A**********661,WO13661,Sedan X,PAINT-1, stn-05 ,2026-03-04 10:16,ENG-1433,SUP-104,EMP234,TL-053,A
M10662,MA1A**********662,WO13662,SUV Pro,TRIM-1,STN-03,2026-03-04 10:17,ENG-1161,SUP-153,EMP348,TL-083,B
M10663,XX1 **3 4,WO13663,Sedan X,GA-2,STN-05,2026-03-04 10:18,ENG-1357,SUP-198,EMP392,TL-087,
M10664,MA1A**********664,WO13664,Hatch Z,PAINT-1,Stn-03,2026-03-04 10:20,ENG-1306,SUP-020,EMP231,TL-077,
M10665,MA1A**********665,WO13665,Sedan X,PAINT-1,Stn-03,2026-03-04 10:21,ENG-1160,SUP-004,EMP244,TL-077,B
M10666,MA1A**********666,WO13666,Sedan X,TRIM-1,Stn-03,2026-03-04 10:22,ENG-1446,SUP-112,EMP251,TL-028,B
M10667,MA1A**********667,WO13667,Sedan X,GA-2,STN-05,2026-03-04 10:23,ENG-1131,SUP-098,EMP151,TL-017,A
M10668,MA1A**********668,WO13668,Sedan X,GA-1, stn-05 ,2026-03-04 10:25,ENG-1443,SUP-027,EMP268,TL-079,C
M10669,MA1A**********669,WO13669,Hatch Z,PAINT-1,STN-02,2026-03-04 10:26,ENG-1128,SUP-005,EMP102,TL-090,A
M10670,MA1A**********670,WO13670,Sedan X,TRIM-1,STN-04,2026-03-04 10:27,ENG-1379,SUP-179,EMP183,TL-018,B
M10671,MA1A**********671,WO13671,Hatch Z,PAINT-1,STN-04,2026-03-04 10:28,ENG-1153,SUP-045,EMP182,TL-044,
M10672,MA1A**********672,WO13672,Hatch Z,TRIM-1, stn-05 ,2026-03-04 10:30,ENG-1258,SUP-179,EMP351,TL-009,B
M10673,MA1A**********673,WO13673,Sedan X,GA-2,STN-04,2026-03-04 10:31,ENG-1269,SUP-165,EMP379,TL-084,
M10674,MA1A**********674,WO13674,Sedan X,PAINT-1, stn-05 ,2026-03-04 10:32,ENG-1279,SUP-075,EMP134,TL-050,A
M10675,MA1A**********675,WO13675,SUV Pro,GA-1, stn-05 ,2026-03-04 10:33,ENG-1102,SUP-179,EMP230,TL-074,C
M10676,MA1A**********676,WO13676,SUV Pro,PAINT-1,STN-04,2026-03-04 10:35,ENG-1382,SUP-148,EMP374,TL-035,
M10677,MA1A**********677,WO13677,Sedan X,PAINT-1,STN-05,2026-03-04 10:36,ENG-1219,SUP-176,EMP327,TL-080,C
M10678,MA1A**********678,WO13678,Hatch Z,TRIM-1,STN-02,2026-03-04 10:37,ENG-1452,SUP-174,EMP377,TL-031,A
M10679,MA1A**********679,WO13679,Hatch Z,TRIM-1,STN-02,2026-03-04 10:38,ENG-1103,SUP-102,EMP161,TL-007,A
M10680,MA1A**********680,WO13680,Hatch Z,GA-2,STN-04,2026-03-04 10:40,ENG-1042,SUP-099,EMP305,TL-017,A
M10681,MA1A**********681,WO13681,Sedan X,TRIM-1,STN-03,2026-03-04 10:41,ENG-1182,SUP-082,EMP330,TL-088,
M10682,MA1A**********682,WO13682,SUV Pro,PAINT-1,STN-04,2026-03-04 10:42,ENG-1340,SUP-134,EMP304,TL-042,C
M10683,MA1A**********683,WO13683,SUV Pro,TRIM-1,STN-03,2026-03-04 10:43,ENG-1051,SUP-045,EMP230,TL-061,
M10684,MA1A**********684,WO13684,SUV Pro,GA-1,STN-01,2026-03-04 10:45,ENG-1026,SUP-099,EMP368,TL-058,C
M10685,MA1A**********685,WO13685,Hatch Z,TRIM-1,Stn-03,2026-03-04 10:46,ENG-1271,SUP-034,EMP249,TL-088,A
M10686,MA1A**********686,WO13686,SUV Pro,GA-1,STN-04,2026-03-04 10:47,ENG-1195,SUP-091,EMP230,TL-042,A
M10687,MA1A**********687,WO13687,Sedan X,GA-2,STN-03,2026-03-04 10:48,ENG-1441,SUP-078,EMP233,TL-009,
M10688,MA1A**********688,WO13688,SUV Pro,GA-1,STN-02,2026-03-04 10:50,ENG-1410,SUP-052,EMP203,TL-068,
M10689,MA1A**********689,WO13689,Hatch Z,TRIM-1,STN-01,2026-03-04 10:51,ENG-1262,SUP-199,EMP219,TL-041,
M10690,MA1A**********690,WO13690,Sedan X,GA-1,STN-04,2026-03-04 10:52,ENG-1010,SUP-063,EMP309,TL-025,A
M10691,MA1A**********691,WO13691,Hatch Z,PAINT-1,Stn-03,2026-03-04 10:53,ENG-1479,SUP-069,EMP178,TL-028,
M10692,MA1A**********692,WO13692,Sedan X,GA-2,STN-01,2026-03-04 10:55,ENG-1408,SUP-178,EMP270,TL-094,A
M10693,MA1A**********693,WO13693,Hatch Z,GA-2,STN-01,2026-03-04 10:56,ENG-1311,SUP-199,EMP242,TL-096,A
M10694,MA1A**********694,WO13694,Sedan X,PAINT-1, stn-05 ,2026-03-04 10:57,ENG-1296,SUP-004,EMP398,TL-099,
M10695,MA1A**********695,WO13695,Hatch Z,GA-1,Stn-03,2026-03-04 10:58,ENG-1310,SUP-122,EMP348,TL-074,
M10696,MA1A**********696,WO13696,Sedan X,PAINT-1,STN-03,2026-03-04 11:00,ENG-1078,SUP-143,EMP237,TL-015,B
M10697,MA1A**********697,WO13697,SUV Pro,TRIM-1,STN-05,2026-03-04 11:01,ENG-1138,SUP-135,EMP106,TL-039,C
M10698,MA1A**********698,WO13698,Sedan X,TRIM-1,STN-02,2026-03-04 11:02,ENG-1181,SUP-193,EMP293,TL-097,
M10699,MA1A**********699,WO13699,SUV Pro,GA-1,STN-05,2026-03-04 11:03,ENG-1164,SUP-128,EMP214,TL-074,C
M10700,MA1A**********700,WO13700,Hatch Z,GA-1,STN-03,2026-03-04 11:05,ENG-1299,SUP-161,EMP380,TL-006,B
M10701,MA1A**********701,WO13701,Hatch Z,TRIM-1,STN-01,2026-03-04 11:06,ENG-1086,SUP-184,EMP228,TL-035,B
M10702,MA1A**********702,WO13702,Hatch Z,GA-1,Stn-03,2026-03-04 11:07,ENG-1119,SUP-024,EMP281,TL-068,B
M10703,MA1A**********703,WO13703,SUV Pro,PAINT-1,STN-05,2026-03-04 11:08,ENG-1430,SUP-005,EMP339,TL-025,C
M10704,MA1A**********704,WO13704,Sedan X,GA-1,STN-02,2026-03-04 11:10,ENG-1049,SUP-145,EMP325,TL-086,
M10705,MA1A**********705,WO13705,SUV Pro,PAINT-1,STN-05,2026-03-04 11:11,ENG-1223,SUP-118,EMP285,TL-079,C
M10706,MA1A**********706,WO13706,Sedan X,PAINT-1,STN-01,2026-03-04 11:12,ENG-1262,SUP-109,EMP236,TL-088,B
M10707,MA1A**********707,WO13707,Sedan X,GA-1,STN-05,2026-03-04 11:13,ENG-1267,SUP-194,EMP166,TL-078,C
M10708,MA1A**********708,WO13708,Hatch Z,TRIM-1, stn-05 ,2026-03-04 11:15,ENG-1263,SUP-071,EMP154,TL-074,
M10709,MA1A**********709,WO13709,Sedan X,GA-2, stn-05 ,2026-03-04 11:16,ENG-1392,SUP-057,EMP186,TL-055,A
M10710,MA1A**********710,WO13710,Hatch Z,PAINT-1, stn-05 ,2026-03-04 11:17,ENG-1280,SUP-097,EMP243,TL-022,
M10711,MA1A**********711,WO13711,SUV Pro,TRIM-1,STN-03,2026-03-04 11:18,ENG-1475,SUP-133,EMP207,TL-013,
M10712,MA1A**********712,WO13712,Sedan X,GA-1,STN-04,2026-03-04 11:20,ENG-1206,SUP-047,EMP209,TL-085,A
M10713,MA1A**********713,WO13713,SUV Pro,GA-1,Stn-03,2026-03-04 11:21,ENG-1271,SUP-196,EMP146,TL-060,B
M10714,MA1A**********714,WO13714,SUV Pro,GA-2,STN-04,2026-03-04 11:22,ENG-1421,SUP-093,EMP274,TL-073,C
M10715,MA1A**********715,WO13715,SUV Pro,GA-1,STN-04,2026-03-04 11:23,ENG-1475,SUP-040,EMP220,TL-018,
M10716,MA1A**********716,WO13716,Hatch Z,GA-2,STN-02,2026-03-04 11:25,ENG-1334,SUP-122,EMP160,TL-058,A
M10717,MA1A**********717,WO13717,Sedan X,GA-2,STN-02,2026-03-04 11:26,ENG-1241,SUP-174,EMP393,TL-008,A
M10718,MA1A**********718,WO13718,Hatch Z,TRIM-1,STN-03,2026-03-04 11:27,ENG-1421,SUP-070,EMP377,TL-081,
M10719,MA1A**********719,WO13719,Sedan X,PAINT-1,Stn-03,2026-03-04 11:28,ENG-1238,SUP-115,EMP397,TL-042,C
M10720,MA1A**********720,WO13720,Sedan X,TRIM-1,STN-04,2026-03-04 11:30,ENG-1254,SUP-081,EMP260,TL-026,A
M10721,MA1A**********721,WO13721,Hatch Z,GA-1,Stn-03,2026-03-04 11:31,ENG-1231,SUP-192,EMP207,TL-060,A
M10722,MA1A**********722,WO13722,SUV Pro,GA-1,STN-03,2026-03-04 11:32,ENG-1252,SUP-155,EMP129,TL-072,C
M10723,MA1A**********723,WO13723,SUV Pro,TRIM-1,STN-02,2026-03-04 11:33,ENG-1207,SUP-141,EMP207,TL-065,C
M10724,MA1A**********724,WO13724,Hatch Z,TRIM-1,STN-04,2026-03-04 11:35,ENG-1105,SUP-135,EMP111,TL-020,A
M10725,MA1A**********725,WO13725,Hatch Z,TRIM-1,STN-04,2026-03-04 11:36,ENG-1040,SUP-039,EMP221,TL-076,
M10726,MA1A**********726,WO13726,Hatch Z,GA-1,STN-02,2026-03-04 11:37,ENG-1058,SUP-162,EMP114,TL-081,C
M10727,MA1A**********727,WO13727,Hatch Z,GA-1,STN-05,2026-03-04 11:38,ENG-1449,SUP-140,EMP151,TL-020,
M10728,MA1A**********728,WO13728,Hatch Z,GA-1,STN-05,2026-03-04 11:40,ENG-1392,SUP-035,EMP113,TL-084,
M10729,MA1A**********729,WO13729,Sedan X,TRIM-1,STN-04,2026-03-04 11:41,ENG-1366,SUP-195,EMP118,TL-016,A
M10730,MA1A**********730,WO13730,SUV Pro,GA-2,STN-02,2026-03-04 11:42,ENG-1246,SUP-200,EMP175,TL-076,B
M10731,MA1A**********731,WO13731,SUV Pro,GA-2,STN-02,2026-03-04 11:43,ENG-1140,SUP-181,EMP361,TL-085,
M10732,MA1A**********732,WO13732,Hatch Z,PAINT-1,STN-05,2026-03-04 11:45,ENG-1461,SUP-117,EMP123,TL-032,C
M10733,MA1A**********733,WO13733,Sedan X,TRIM-1,STN-04,2026-03-04 11:46,ENG-1167,SUP-118,EMP361,TL-079,
M10734,MA1A**********734,WO13734,Hatch Z,GA-2,STN-02,2026-03-04 11:47,ENG-1173,SUP-091,EMP328,TL-002,
M10735,MA1A**********735,WO13735,SUV Pro,GA-2, stn-05 ,2026-03-04 11:48,ENG-1051,SUP-197,EMP187,TL-085,B
M10736,MA1A**********736,WO13736,Sedan X,PAINT-1,STN-03,2026-03-04 11:50,ENG-1174,SUP-162,EMP121,TL-088,C
M10737,MA1A**********737,WO13737,SUV Pro,GA-1,STN-03,2026-03-04 11:51,ENG-1065,SUP-165,EMP147,TL-068,
M10738,MA1A**********738,WO13738,Hatch Z,GA-2,STN-05,2026-03-04 11:52,ENG-1140,SUP-182,EMP243,TL-034,A
M10739,MA1A**********739,WO13739,SUV Pro,PAINT-1,STN-05,2026-03-04 11:53,ENG-1275,SUP-054,EMP153,TL-010,C
M10740,MA1A**********740,WO13740,Sedan X,PAINT-1,STN-04,2026-03-04 11:55,ENG-1486,SUP-014,EMP152,TL-097,B
M10741,MA1A**********741,WO13741,Sedan X,PAINT-1,Stn-03,2026-03-04 11:56,ENG-1025,SUP-051,EMP305,TL-069,
M10742,MA1A**********742,WO13742,Sedan X,PAINT-1, stn-05 ,2026-03-04 11:57,ENG-1384,SUP-101,EMP373,TL-078,A
M10743,MA1A**********743,WO13743,Hatch Z,GA-1,STN-05,2026-03-04 11:58,ENG-1327,SUP-113,EMP330,TL-080,
M10744,MA1A**********744,WO13744,Hatch Z,GA-1,Stn-03,2026-03-04 12:00,ENG-1451,SUP-037,EMP218,TL-082,C
M10745,MA1A**********745,WO13745,Hatch Z,PAINT-1,STN-03,2026-03-04 12:01,ENG-1218,SUP-132,EMP249,TL-034,
M10746,MA1A**********746,WO13746,SUV Pro,PAINT-1,STN-01,2026-03-04 12:02,ENG-1468,SUP-195,EMP218,TL-099,
M10747,MA1A**********747,WO13747,Hatch Z,TRIM-1,STN-03,2026-03-04 12:03,ENG-1416,SUP-006,EMP133,TL-056,B
M10748,MA1A**********748,WO13748,Sedan X,PAINT-1,STN-04,2026-03-04 12:05,ENG-1111,SUP-195,EMP355,TL-065,B
M10749,MA1A**********749,WO13749,Sedan X,PAINT-1,STN-05,2026-03-04 12:06,ENG-1483,SUP-128,EMP287,TL-058,B
M10750,MA1A**********750,WO13750,Hatch Z,GA-2, stn-05 ,2026-03-04 12:07,ENG-1224,SUP-060,EMP153,TL-066,
M10751,MA1A**********751,WO13751,Hatch Z,GA-2, stn-05 ,2026-03-04 12:08,ENG-1019,SUP-035,EMP389,TL-012,C
M10752,MA1A**********752,WO13752,Hatch Z,PAINT-1, stn-05 ,2026-03-04 12:10,ENG-1338,SUP-078,EMP183,TL-030,B
M10753,MA1A**********753,WO13753,Sedan X,PAINT-1,STN-01,2026-03-04 12:11,ENG-1192,SUP-189,EMP290,TL-009,C
M10754,MA1A**********754,WO13754,Hatch Z,PAINT-1,STN-05,2026-03-04 12:12,ENG-1126,SUP-150,EMP321,TL-050,A
M10755,MA1A**********755,WO13755,SUV Pro,GA-2,STN-03,2026-03-04 12:13,ENG-1149,SUP-099,EMP341,TL-091,C
M10756,MA1A**********756,WO13756,SUV Pro,GA-2, stn-05 ,2026-03-04 12:15,ENG-1062,SUP-089,EMP393,TL-046,C
M10757,MA1A**********757,WO13757,Hatch Z,GA-1, stn-05 ,2026-03-04 12:16,ENG-1249,SUP-069,EMP158,TL-055,A
M10758,MA1A**********758,WO13758,SUV Pro,GA-1,STN-03,2026-03-04 12:17,ENG-1006,SUP-042,EMP184,TL-010,A
M10759,MA1A**********759,WO13759,SUV Pro,GA-1, stn-05 ,2026-03-04 12:18,ENG-1427,SUP-074,EMP150,TL-030,C
M10760,MA1A**********760,WO13760,SUV Pro,TRIM-1,STN-04,2026-03-04 12:20,ENG-1357,SUP-015,EMP230,TL-072,B
M10761,MA1A**********761,WO13761,Hatch Z,TRIM-1,Stn-03,2026-03-04 12:21,ENG-1230,SUP-074,EMP113,TL-095,B
M10762,MA1A**********762,WO13762,Hatch Z,GA-2,STN-05,2026-03-04 12:22,ENG-1207,SUP-074,EMP223,TL-026,A
M10763,MA1A**********763,WO13763,Sedan X,TRIM-1,Stn-03,2026-03-04 12:23,ENG-1324,SUP-090,EMP115,TL-074,
M10764,MA1A**********764,WO13764,Hatch Z,GA-2,STN-01,2026-03-04 12:25,ENG-1285,SUP-049,EMP312,TL-049,
M10765,MA1A**********765,WO13765,SUV Pro,GA-1,STN-05,2026-03-04 12:26,ENG-1382,SUP-097,EMP312,TL-053,
M10766,MA1A**********766,WO13766,Sedan X,GA-1,STN-02,2026-03-04 12:27,ENG-1160,SUP-192,EMP301,TL-031,C
M10767,MA1A**********767,WO13767,Sedan X,GA-1,STN-02,2026-03-04 12:28,ENG-1406,SUP-033,EMP168,TL-088,B
M10768,MA1A**********768,WO13768,SUV Pro,GA-1,STN-01,2026-03-04 12:30,ENG-1460,SUP-054,EMP324,TL-055,B
M10769,MA1A**********769,WO13769,SUV Pro,TRIM-1,STN-03,2026-03-04 12:31,ENG-1316,SUP-190,EMP108,TL-013,
M10770,MA1A**********770,WO13770,SUV Pro,GA-1,STN-03,2026-03-04 12:32, eng-1001 ,SUP-039,EMP255,TL-036,
M10771,MA1A**********771,WO13771,Sedan X,PAINT-1,STN-03,2026-03-04 12:33,ENG-1013,SUP-158,EMP184,TL-028,B
M10772,MA1A**********772,WO13772,SUV Pro,GA-1,STN-04,2026-03-04 12:35,ENG-1155,SUP-102,EMP284,TL-056,C
M10773,MA1A**********773,WO13773,Sedan X,TRIM-1,Stn-03,2026-03-04 12:36,ENG-1026,SUP-029,EMP381,TL-050,B
M10774,MA1A**********774,WO13774,SUV Pro,GA-2,STN-04,2026-03-04 12:37,ENG-1111,,EMP134,TL-073,C
M10775,MA1A**********775,WO13775,Hatch Z,TRIM-1,STN-05,2026-03-04 12:38,ENG-1324,SUP-086,EMP282,TL-075,B
M10776,MA1A**********776,WO13776,Hatch Z,GA-2,STN-04,2026-03-04 12:40,ENG-1350,SUP-113,EMP292,TL-034,A
M10777,MA1A**********777,WO13777,SUV Pro,GA-1,STN-01,2026-03-04 12:41,ENG-1110,SUP-141,EMP265,TL-001,B
M10778,MA1A**********778,WO13778,Hatch Z,PAINT-1,STN-03,2026-03-04 12:42,ENG-1032,SUP-187,EMP206,TL-999,C
M10779,MA1A**********779,WO13779,SUV Pro,PAINT-1,STN-05,2026-03-04 12:43,ENG-1204,SUP-124,EMP172,TL-024,B
M10780,MA1A**********780,WO13780,Hatch Z,GA-1,STN-03,2026-03-04 12:45,ENG-1240,SUP-194,EMP223,TL-030,A
M10781,MA1A**********781,WO13781,SUV Pro,PAINT-1,STN-03,2026-03-04 12:46,ENG-1193,SUP-188,EMP142,TL-048,
M10782,MA1A**********782,WO13782,SUV Pro,GA-2,STN-02,2026-03-04 12:47,ENG-1183,SUP-024,EMP158,TL-034,
M10783,MA1A**********783,WO13783,Hatch Z,TRIM-1,STN-05,2026-03-04 12:48,ENG-1421,SUP-082,EMP209,TL-009,B
M10784,MA1A**********784,WO13784,Hatch Z,GA-1,STN-03,2026-03-04 12:50,ENG-1007,SUP-150,EMP264,TL-037,B
M10785,MA1A**********785,WO13785,SUV Pro,TRIM-1, stn-05 ,2026-03-04 12:51,ENG-1222,SUP-109,EMP148,TL-066,B
M10786,MA1A**********786,WO13786,Sedan X,PAINT-1,STN-05,2026-03-04 12:52,ENG-1026,SUP-016,EMP151,TL-093,
M10787,MA1A**********787,WO13787,Sedan X,GA-1,STN-03,2026-03-04 12:53,ENG-1105,SUP-150,EMP143,TL-042,A
M10788,MA1A**********788,WO13788,Sedan X,PAINT-1,STN-02,2026-03-04 12:55,ENG-1221,SUP-124,EMP373,TL-053,B
M10789,MA1A**********789,WO13789,Hatch Z,GA-1,Stn-03,2026-03-04 12:56,ENG-1007,SUP-125,EMP380,TL-010,
M10790,MA1A**********790,WO13790,Sedan X,GA-1,STN-05,2026-03-04 12:57,ENG-1343,SUP-104,EMP368,TL-041,
M10791,MA1A**********791,WO13791,SUV Pro,GA-2,STN-03,2026-03-04 12:58,ENG-1389,SUP-117,EMP127,TL-053,A
M10792,MA1A**********792,WO13792,Sedan X,TRIM-1,Stn-03,2026-03-04 13:00,ENG-1296,SUP-169,EMP201,TL-032,A
M10793,MA1A**********793,WO13793,SUV Pro,PAINT-1,STN-02,2026-03-04 13:01,ENG-1361,SUP-191,EMP200,TL-002,
M10794,MA1A**********794,WO13794,Sedan X,GA-1,STN-02,2026-03-04 13:02,ENG-1099,SUP-014,EMP194,TL-065,
M10795,MA1A**********795,WO13795,SUV Pro,PAINT-1, stn-05 ,2026-03-04 13:03,ENG-1009,SUP-173,EMP267,TL-018,B
M10796,MA1A**********796,WO13796,SUV Pro,GA-1,STN-01,2026-03-04 13:05,ENG-1148,SUP-040,EMP113,TL-052,
M10797,MA1A**********797,WO13797,SUV Pro,GA-1,STN-01,2026-03-04 13:06,ENG-1161,SUP-020,EMP231,TL-041,B
M10798,MA1A**********798,WO13798,Sedan X,GA-1,Stn-03,2026-03-04 13:70,ENG-1205,SUP-109,EMP227,TL-027,B
M10799,MA1A**********799,WO13799,Sedan X,GA-2,Stn-03,2026-03-04 13:08,ENG-1069,SUP-072,EMP119,TL-005,C
M10800,MA1A**********800,WO13800,Sedan X,GA-2,STN-02,2026-03-04 13:10,ENG-1340,SUP-046,EMP124,TL-048,
M10801,MA1A**********801,WO13801,Sedan X,GA-1,STN-01,2026-03-04 13:11,ENG-1491,SUP-170,EMP123,TL-010,A
M10802,MA1A**********802,WO13802,Sedan X,PAINT-1,STN-05,2026-03-04 13:12,ENG-1157,SUP-054,EMP214,TL-074,A
M10803,MA1A**********803,WO13803,Sedan X,GA-2, stn-05 ,2026-03-04 13:13,ENG-1089,SUP-094,EMP192,TL-067,
M10804,MA1A**********804,WO13804,Sedan X,GA-2,STN-02,2026-03-04 13:15,ENG-1124,SUP-188,EMP230,TL-043,
M10805,MA1A**********805,WO13805,Hatch Z,PAINT-1,STN-03,2026-03-04 13:16,ENG-1064,SUP-056,EMP255,TL-024,
M10806,MA1A**********806,WO13806,SUV Pro,PAINT-1,STN-05,2026/03/04 13:17,ENG-1226,SUP-110,EMP102,TL-023,C
M10807,MA1A**********807,WO13807,Hatch Z,TRIM-1,STN-04,2026-03-04 13:18,ENG-1098,SUP-069,EMP189,TL-096,A
M10808,MA1A**********808,WO13808,Hatch Z,PAINT-1,STN-02,2026-03-04 13:20,ENG-1223,SUP-193,EMP332,TL-082,
M10809,MA1A**********809,WO13809,Hatch Z,GA-2,STN-03,2026-03-04 13:21,ENG-1338,SUP-147,EMP381,TL-082,C
M10810,MA1A**********810,WO13810,Sedan X,TRIM-1,Stn-03,2026-03-04 13:22,ENG-1118,SUP-092,EMP307,TL-100,A
M10811,MA1A**********811,WO13811,SUV Pro,GA-2,STN-04,2026-03-04 13:23,ENG-1491,SUP-104,EMP289,TL-043,A
M10812,MA1A**********812,WO13812,SUV Pro,TRIM-1,Stn-03,2026-03-04 13:25,ENG-1459,SUP-100,EMP180,TL-048,B
M10813,MA1A**********813,WO13813,Hatch Z,GA-1,STN-05,2026-03-04 13:26,ENG-1469,SUP-107,EMP313,TL-039,A
M10814,MA1A**********814,WO13814,SUV Pro,TRIM-1,Stn-03,2026-03-04 13:27,ENG-1189,SUP-057,EMP227,TL-052,C
M10815,MA1A**********815,WO13815,Sedan X,PAINT-1,STN-04,2026-03-04 13:28,ENG-1398,SUP-070,EMP301,TL-056,C
M10816,MA1A**********816,WO13816,Hatch Z,GA-2,STN-03,2026-03-04 13:30,ENG-1106,SUP-144,EMP397,TL-090,
M10817,MA1A**********817,WO13817,Sedan X,PAINT-1, stn-05 ,2026-03-04 13:31,ENG-1127,SUP-040,EMP248,TL-026,
M10818,MA1A**********818,WO13818,SUV Pro,GA-2,STN-03,2026-03-04 13:32,ENG-1052,SUP-087,EMP343,TL-011,B
M10819,MA1A**********819,WO13819,Hatch Z,TRIM-1,Stn-03,2026-03-04 13:33,ENG-1330,SUP-179,EMP314,TL-026,B
M10820,MA1A**********820,WO13820,SUV Pro,PAINT-1,STN-02,2026-03-04 13:35,ENG-1481,SUP-169,EMP246,TL-053,C
M10821,MA1A**********821,WO13821,Hatch Z,TRIM-1,STN-02,2026-03-04 13:36,ENG-1342,SUP-148,EMP113,TL-053,A
M10822,MA1A**********822,WO13822,SUV Pro,GA-2,STN-03,2026-03-04 13:37,ENG-1289,SUP-121,EMP221,TL-079,A
M10823,MA1A**********823,WO13823,SUV Pro,GA-1,STN-03,2026-03-04 13:38,ENG-1440,SUP-058,EMP356,TL-011,A
M10824,MA1A**********824,WO13824,SUV Pro,GA-2, stn-05 ,2026-03-04 13:40,ENG-1236,SUP-023,EMP114,TL-032,A
M10825,MA1A**********825,WO13825,SUV Pro,GA-2,STN-04,2026-03-04 13:41,ENG-1066,SUP-098,EMP130,TL-061,B
M10826,MA1A**********826,WO13826,Sedan X,GA-1,STN-03,2026-03-04 13:42,ENG-1274,SUP-158,EMP316,TL-062,A
M10827,MA1A**********827,WO13827,Hatch Z,GA-2,STN-04,2026-03-04 13:43,ENG-1374,SUP-071,EMP393,TL-027,A
M10828,MA1A**********828,WO13828,Sedan X,GA-1,STN-03,2026-03-04 13:45,ENG-1203,SUP-051,EMP252,TL-999,
M10829,MA1A**********829,WO13829,SUV Pro,GA-2,STN-03,2026-03-04 13:46,ENG-1328,SUP-072,EMP173,TL-096,B
M10830,MA1A**********830,WO13830,SUV Pro,PAINT-1,STN-03,2026-03-04 13:47,ENG-1384,SUP-104,EMP205,TL-025,A
M10831,MA1A**********831,WO13831,SUV Pro,GA-2, stn-05 ,2026-03-04 13:48,ENG-1476,SUP-150,EMP253,TL-002,B
M10832,MA1A**********832,WO13832,SUV Pro,PAINT-1,STN-05,2026-03-04 13:50,ENG-1433,SUP-171,EMP140,TL-086,A
M10833,MA1A**********833,WO13833,Sedan X,TRIM-1, stn-05 ,2026-03-04 13:51,ENG-1466,SUP-099,EMP249,TL-073,
M10834,MA1A**********834,WO13834,Sedan X,TRIM-1,STN-04,2026-03-04 13:52,ENG-1344,SUP-007,EMP310,TL-088,B
M10835,MA1A**********835,WO13835,Sedan X,PAINT-1,STN-02,2026-03-04 13:53,ENG-1307,SUP-029,EMP116,TL-014,
M10836,MA1A**********836,WO13836,Sedan X,GA-2,STN-03,2026-03-04 13:55,ENG-1402,SUP-198,EMP392,TL-004,A
M10837,MA1A**********837,WO13837,SUV Pro,GA-2,STN-05,2026-03-04 13:56,ENG-1308,SUP-070,EMP399,TL-005,A
M10838,MA1A**********838,WO13838,Sedan X,GA-2,STN-02,2026-03-04 13:57,ENG-1139,SUP-070,EMP210,TL-061,
M10839,MA1A**********839,WO13839,SUV Pro,GA-2, stn-05 ,2026-03-04 13:58,ENG-1140,SUP-137,EMP151,TL-037,A
M10840,MA1A**********840,WO13840,Hatch Z,PAINT-1,STN-01,2026-03-04 14:00,ENG-1372,SUP-016,EMP136,TL-056,
M10841,MA1A**********841,WO13841,Hatch Z,GA-2,STN-01,2026-03-04 14:01,ENG-1037,SUP-065,EMP378,TL-012,A
M10842,MA1A**********842,WO13842,SUV Pro,GA-1,STN-03,2026-03-04 14:02,ENG-1296,SUP-168,EMP142,TL-099,A
M10843,MA1A**********843,WO13843,Sedan X,PAINT-1, stn-05 ,2026-03-04 14:03,ENG-1460,SUP-042,EMP119,TL-020,
M10844,MA1A**********844,WO13844,SUV Pro,GA-1,STN-04,2026-03-04 14:05,ENG-1468,SUP-140,EMP116,TL-096,A
M10845,MA1A**********845,WO13845,Hatch Z,GA-1,STN-02,2026-03-04 14:06,ENG-1149,SUP-037,EMP162,TL-099,B
M10846,MA1A**********846,WO13846,SUV Pro,PAINT-1,STN-03,2026-03-04 14:07,ENG-1283,SUP-067,EMP179,TL-008,B
M10847,MA1A**********847,WO13847,SUV Pro,GA-2,STN-01,2026-03-04 14:08,ENG-1217,SUP-016,EMP344,TL-073,A
M10848,MA1A**********848,WO13848,SUV Pro,GA-1,STN-02,2026-03-04 14:10,ENG-1471,SUP-140,EMP295,TL-008,A
M10849,MA1A**********849,WO13849,SUV Pro,TRIM-1,STN-01,2026-03-04 14:11,ENG-1437,SUP-180,EMP144,TL-064,A
M10850,MA1A**********850,WO13850,Sedan X,GA-2,Stn-03,2026-03-04 14:12,ENG-1361,SUP-026,EMP398,TL-088,C
M10851,MA1A**********851,WO13851,Sedan X,GA-2,STN-03,2026-03-04 14:13,ENG-1463,SUP-119,EMP102,TL-021,A
M10852,MA1A**********852,WO13852,SUV Pro,GA-1,STN-01,2026-03-04 14:15,ENG-1067,SUP-137,EMP335,TL-081,C
M10853,MA1A**********853,WO13853,SUV Pro,GA-2,STN-04,2026-03-04 14:16,ENG-1478,SUP-179,EMP138,TL-099,B
M10854,MA1A**********854,WO13854,SUV Pro,TRIM-1,Stn-03,2026-03-04 14:17,ENG-1261,SUP-095,EMP351,TL-049,C
M10855,MA1A**********855,WO13855,SUV Pro,GA-2,STN-05,2026-03-04 14:18,ENG-1036,SUP-062,EMP383,TL-999,A
M10856,MA1A**********856,WO13856,Sedan X,TRIM-1,STN-03,2026-03-04 14:20,ENG-1314,SUP-029,EMP294,TL-016,C
M10857,MA1A**********857,WO13857,Sedan X,GA-2, stn-05 ,2026-03-04 14:21,ENG-1077,SUP-031,EMP278,TL-037,A
M10858,MA1A**********858,WO13858,Sedan X,GA-2,STN-01,2026-03-04 14:22,ENG-1471,SUP-086,EMP211,TL-043,A
M10859,MA1A**********859,WO13859,SUV Pro,TRIM-1, stn-05 ,2026-03-04 14:23,ENG-1094,SUP-100,EMP134,TL-053,C
M10860,MA1A**********860,WO13860,SUV Pro,PAINT-1,STN-02,2026-03-04 14:25,ENG-1165,SUP-045,EMP354,TL-095,C
M10861,MA1A**********861,WO13861,Sedan X,GA-1,STN-02,2026-03-04 14:26,ENG-1324,SUP-094,EMP244,TL-063,A
M10862,MA1A**********862,WO13862,Hatch Z,TRIM-1,STN-05,2026-03-04 14:27,ENG-1277,SUP-153,EMP241,TL-067,C
M10863,MA1A**********863,WO13863,SUV Pro,TRIM-1,STN-05,2026-03-04 14:28,ENG-1144,SUP-130,EMP391,TL-077,B
M10864,MA1A**********864,WO13864,Sedan X,GA-1,STN-03,2026-03-04 14:30,ENG-1054,SUP-152,EMP274,TL-056,
M10865,MA1A**********865,WO13865,SUV Pro,TRIM-1,STN-02,2026-03-04 14:31,ENG-1187,SUP-094,EMP358,TL-038,B
M10866,MA1A**********866,WO13866,Sedan X,TRIM-1, stn-05 ,2026-03-04 14:32,ENG-1370,SUP-023,EMP333,TL-020,
M10867,MA1A**********867,WO13867,SUV Pro,GA-2,Stn-03,2026-03-04 14:33,ENG-1334,SUP-093,EMP307,TL-047,A
M10868,MA1A**********868,WO13868,SUV Pro,TRIM-1,Stn-03,2026-03-04 14:35,ENG-1004,SUP-122,EMP111,TL-085,A
M10869,MA1A**********869,WO13869,Sedan X,PAINT-1,Stn-03,2026-03-04 14:36,ENG-1334,SUP-071,EMP156,TL-029,A
M10870,MA1A**********870,WO13870,SUV Pro,TRIM-1,Stn-03,2026-03-04 14:37,ENG-1092,SUP-067,EMP120,TL-999,
M10871,MA1A**********871,WO13871,Sedan X,GA-1,STN-01,2026-03-04 14:38,ENG-1495,SUP-164,EMP310,TL-053,A
M10872,MA1A**********872,WO13872,Hatch Z,PAINT-1,Stn-03,2026-03-04 14:40,ENG-1388,SUP-026,EMP348,TL-018,B
M10873,MA1A**********873,WO13873,Sedan X,TRIM-1,STN-04,2026-03-04 14:41,ENG-1086,SUP-050,EMP356,TL-093,A
M10874,MA1A**********874,WO13874,Sedan X,PAINT-1,Stn-03,2026-03-04 14:42,ENG-1405,SUP-169,EMP182,TL-018,B
M10875,MA1A**********875,WO13875,Sedan X,GA-2,STN-02,2026-03-04 14:43,ENG-1089,SUP-143,EMP179,TL-037,A
M10876,MA1A**********876,WO13876,Hatch Z,PAINT-1,STN-04,2026-03-04 14:45,ENG-1167,SUP-040,EMP369,TL-025,C
M10877,MA1A**********877,WO13877,Hatch Z,PAINT-1,STN-01,2026-03-04 14:46,ENG-1000,SUP-070,EMP147,TL-005,C
M10878,MA1A**********878,WO13878,SUV Pro,GA-1,STN-02,2026-03-04 14:47,ENG-1190,SUP-027,EMP159,TL-032,C
M10879,MA1A**********879,WO13879,Hatch Z,GA-1,Stn-03,2026-03-04 14:48,ENG-1436,SUP-199,EMP260,TL-025,C
M10880,MA1A**********880,WO13880,SUV Pro,GA-2,STN-02,2026-03-04 14:50,ENG-1392,SUP-165,EMP371,TL-076,B
M10881,MA1A**********881,WO13881,Sedan X,TRIM-1,STN-03,2026-03-04 14:51,ENG-1060,SUP-164,EMP284,TL-063,A
M10882,MA1A**********882,WO13882,Hatch Z,TRIM-1,STN-05,2026-03-04 14:52,ENG-1123,SUP-008,EMP165,TL-070,A
M10883,MA1A**********883,WO13883,Sedan X,GA-1,STN-03,2026-03-04 14:53,ENG-1052,SUP-160,EMP247,TL-092,C
M10884,MA1A**********884,WO13884,Sedan X,PAINT-1,STN-01,2026-03-04 14:55,ENG-1313,SUP-086,EMP164,TL-999,A
M10885,MA1A**********885,WO13885,Hatch Z,PAINT-1,STN-03,2026-03-04 14:56,ENG-1240,SUP-143,EMP309,TL-059,C
M10886,MA1A**********886,WO13886,Hatch Z,GA-2,STN-05,2026-03-04 14:57,ENG-1018,SUP-045,EMP143,TL-083,B
M10887,MA1A**********887,WO13887,Sedan X,TRIM-1,STN-02,2026-03-04 14:58,ENG-1387,SUP-089,EMP354,TL-072,A
M10888,MA1A**********888,WO13888,Hatch Z,GA-2,STN-04,2026-03-04 15:00,ENG-1285,SUP-150,EMP159,TL-086,B
M10889,MA1A**********889,WO13889,Sedan X,GA-2,Stn-03,2026-03-04 15:01,ENG-1338,SUP-159,EMP327,TL-033,B
M10890,MA1A**********890,WO13890,Hatch Z,TRIM-1,STN-05,2026-03-04 15:02,ENG-1294,SUP-004,EMP263,TL-043,C
M10891,MA1A**********891,WO13891,SUV Pro,TRIM-1,Stn-03,2026-03-04 15:03,ENG-1190,SUP-152,EMP392,TL-040,A
M10892,MA1A**********892,WO13892,Hatch Z,PAINT-1,STN-02,2026-03-04 15:05,ENG-1294,SUP-189,EMP100,TL-054,
M10893,MA1A**********893,WO13893,Hatch Z,GA-1, stn-05 ,2026-03-04 15:06,ENG-1152,SUP-092,EMP178,TL-067,
M10894,MA1A**********894,WO13894,Sedan X,TRIM-1,STN-01,2026-03-04 15:07,ENG-1372,SUP-013,EMP298,TL-043,
M10895,MA1A**********895,WO13895,SUV Pro,GA-2,STN-02,2026-03-04 15:08,ENG-1231,SUP-194,EMP239,TL-048,
M10896,MA1A**********896,WO13896,Sedan X,GA-1,STN-04,2026-03-04 15:10,ENG-1162,SUP-037,EMP327,TL-054,A
M10897,MA1A**********897,WO13897,Sedan X,TRIM-1, stn-05 ,2026-03-04 15:11,ENG-1286,SUP-018,EMP253,TL-076,A
M10898,MA1A**********898,WO13898,Sedan X,PAINT-1,STN-02,2026-03-04 15:12,ENG-1325,SUP-006,EMP362,TL-036,B
M10899,MA1A**********899,WO13899,SUV Pro,TRIM-1,STN-05,2026-03-04 15:13,ENG-1314,SUP-042,EMP303,TL-038,C
M10900,MA1A**********900,WO13900,SUV Pro,TRIM-1,Stn-03,2026-03-04 15:15,ENG-1428,SUP-128,EMP192,TL-042,A
M10901,MA1A**********901,WO13901,Hatch Z,PAINT-1, stn-05 ,2026-03-04 15:16,ENG-1094,SUP-062,EMP172,TL-033,B
M10902,MA1A**********902,WO13902,Sedan X,PAINT-1,STN-05,2026-03-04 15:17,ENG-1002,SUP-197,EMP116,TL-036,A
M10903,MA1A**********903,WO13903,SUV Pro,GA-2,STN-03,2026-03-04 15:18,ENG-1056,SUP-185,EMP269,TL-044,B
M10904,MA1A**********904,WO13904,SUV Pro,GA-1,STN-03,2026-03-04 15:20,ENG-1273,SUP-087,EMP261,TL-059,C
M10905,MA1A**********905,WO13905,Hatch Z,GA-1,STN-04,2026-03-04 15:21,ENG-1089,SUP-128,EMP388,TL-049,A
M10906,MA1A**********906,WO13906,Sedan X,PAINT-1,STN-02,2026-03-04 15:22,ENG-1188,SUP-116,EMP131,TL-031,B
M10907,MA1A**********907,WO13907,Sedan X,GA-2,STN-05,2026-03-04 15:23,ENG-1406,SUP-087,EMP249,TL-046,B
M10908,MA1A**********908,WO13908,Sedan X,GA-1,STN-03,2026-03-04 15:25,ENG-1327,SUP-138,EMP171,TL-068,
M10909,MA1A**********909,WO13909,Sedan X,GA-1,STN-03,2026-03-04 15:26,ENG-1010,SUP-036,EMP322,TL-051,B
M10910,MA1A**********910,WO13910,Hatch Z,GA-1,STN-04,2026-03-04 15:27,ENG-1080,SUP-026,EMP348,TL-038,B
M10911,MA1A**********911,WO13911,Hatch Z,GA-2,Stn-03,2026-03-04 15:28,ENG-1067,SUP-007,EMP254,TL-012,
M10912,MA1A**********912,WO13912,SUV Pro,GA-2,STN-01,2026-03-04 15:30,ENG-1183,SUP-176,EMP223,TL-076,B
M10913,MA1A**********913,WO13913,SUV Pro,TRIM-1,STN-05,2026-03-04 15:31,ENG-1107,SUP-122,EMP102,TL-051,B
M10914,MA1A**********914,WO13914,Sedan X,PAINT-1,Stn-03,2026-03-04 15:32,ENG-1016,SUP-056,EMP162,TL-030,B
M10915,MA1A**********915,WO13915,Hatch Z,GA-1,STN-03,2026-03-04 15:33, eng-1001 ,SUP-137,EMP283,TL-001,B
M10916,MA1A**********916,WO13916,Sedan X,GA-1,STN-04,2026-03-04 15:35,ENG-1048,SUP-172,EMP399,TL-007,A
M10917,MA1A**********917,WO13917,Hatch Z,GA-2, stn-05 ,2026-03-04 15:36,ENG-1124,SUP-055,EMP291,TL-080,B
M10918,MA1A**********918,WO13918,SUV Pro,TRIM-1,STN-01,2026-03-04 15:37,ENG-1309,SUP-016,EMP101,TL-008,A
M10919,MA1A**********919,WO13919,Sedan X,PAINT-1,STN-04,2026-03-04 15:38,ENG-1050,SUP-097,EMP174,TL-024,C
M10920,MA1A**********920,WO13920,SUV Pro,PAINT-1, stn-05 ,2026-03-04 15:40,ENG-1252,SUP-017,EMP363,TL-095,C
M10921,MA1A**********921,WO13921,SUV Pro,PAINT-1,STN-01,2026-03-04 15:41,ENG-1372,SUP-116,EMP396,TL-080,B
M10922,MA1A**********922,WO13922,Sedan X,GA-1,STN-03,2026-03-04 15:42,ENG-1406,SUP-200,EMP276,TL-094,B
M10923,MA1A**********923,WO13923,Sedan X,GA-2,STN-01,2026-03-04 15:43,ENG-1492,SUP-099,EMP339,TL-060,A
M10924,MA1A**********924,WO13924,SUV Pro,PAINT-1,STN-04,2026-03-04 15:45,ENG-1148,SUP-113,EMP247,TL-032,
M10925,MA1A**********925,WO13925,Sedan X,GA-1,STN-05,2026-03-04 15:46,ENG-1151,SUP-194,EMP280,TL-026,A
M10926,MA1A**********926,WO13926,Sedan X,TRIM-1,STN-04,2026-03-04 15:47,ENG-1219,SUP-108,EMP319,TL-044,A
M10927,MA1A**********927,WO13927,SUV Pro,GA-2, stn-05 ,2026-03-04 15:48,ENG-1241,SUP-166,EMP314,TL-009,B
M10928,MA1A**********928,WO13928,Sedan X,GA-2,STN-05,2026-03-04 15:50,ENG-1044,SUP-180,EMP264,TL-062,A
M10929,MA1A**********929,WO13929,SUV Pro,GA-1,Stn-03,2026-03-04 15:51,ENG-1369,SUP-160,EMP130,TL-020,B
M10930,MA1A**********930,WO13930,Sedan X,GA-1, stn-05 ,2026-03-04 15:52,ENG-1058,SUP-101,EMP344,TL-081,
M10931,MA1A**********931,WO13931,Sedan X,TRIM-1, stn-05 ,2026-03-04 15:53,ENG-1422,SUP-123,EMP318,TL-027,C
M10932,MA1A**********932,WO13932,Sedan X,GA-2,STN-02,2026-03-04 15:55,ENG-1101,SUP-176,EMP348,TL-016,C
M10933,MA1A**********933,WO13933,Hatch Z,GA-2,STN-01,2026-03-04 15:56,ENG-1444,SUP-036,EMP293,TL-082,C
M10934,MA1A**********934,WO13934,Hatch Z,PAINT-1,STN-04,2026-03-04 15:57,ENG-1112,SUP-128,EMP142,TL-011,C
M10935,MA1A**********935,WO13935,Sedan X,PAINT-1,STN-02,2026-03-04 15:58,ENG-1011,SUP-011,EMP114,TL-096,B
M10936,MA1A**********936,WO13936,SUV Pro,PAINT-1,Stn-03,2026-03-04 16:00,ENG-1465,SUP-063,EMP391,TL-097,B
M10937,MA1A**********937,WO13937,Sedan X,GA-1,STN-02,2026-03-04 16:01,ENG-1073,SUP-067,EMP323,TL-045,
M10938,MA1A**********938,WO13938,SUV Pro,GA-2,STN-02,2026-03-04 16:02,ENG-1497,SUP-123,EMP374,TL-092,C
M10939,MA1A**********939,WO13939,Sedan X,TRIM-1, stn-05 ,2026-03-04 16:03,ENG-1283,SUP-052,EMP354,TL-053,C
M10940,MA1A**********940,WO13940,Hatch Z,GA-1,STN-03,2026-03-04 16:05,ENG-1458,SUP-054,EMP368,TL-018,A
M10941,MA1A**********941,WO13941,Sedan X,GA-1,Stn-03,2026-03-04 16:06,ENG-1140,SUP-171,EMP115,TL-050,C
M10942,MA1A**********942,WO13942,Sedan X,TRIM-1,STN-04,2026-03-04 16:07,ENG-1149,SUP-048,EMP320,TL-057,B
M10943,MA1A**********943,WO13943,SUV Pro,GA-1,Stn-03,2026-03-04 16:08,ENG-1073,SUP-125,EMP193,TL-036,C
M10944,MA1A**********944,WO13944,SUV Pro,GA-2,Stn-03,2026-03-04 16:10,ENG-1465,SUP-064,EMP350,TL-047,
M10945,MA1A**********945,WO13945,SUV Pro,TRIM-1,STN-05,2026-03-04 16:11,ENG-1240,SUP-106,EMP233,TL-068,
M10946,MA1A**********946,WO13946,Hatch Z,PAINT-1,STN-05,2026-03-04 16:12,ENG-1218,SUP-041,EMP184,TL-036,C
M10947,MA1A**********947,WO13947,Hatch Z,PAINT-1,Stn-03,2026-03-04 16:13,ENG-1061,SUP-006,EMP257,TL-053,B
M10948,MA1A**********948,WO13948,SUV Pro,GA-1,STN-04,2026-03-04 16:15,ENG-1296,SUP-034,EMP390,TL-054,C
M10949,MA1A**********949,WO13949,SUV Pro,PAINT-1,Stn-03,2026-03-04 16:16,ENG-1056,SUP-037,EMP127,TL-054,B
M10950,MA1A**********950,WO13950,SUV Pro,TRIM-1, stn-05 ,2026-03-04 16:17,ENG-1252,SUP-046,EMP218,TL-095,C
M10951,MA1A**********951,WO13951,Hatch Z,GA-1,STN-05,2026-03-04 16:18,ENG-1225,SUP-150,EMP210,TL-033,C
M10952,MA1A**********952,WO13952,Sedan X,GA-1,STN-02,2026-03-04 16:20,ENG-1294,SUP-029,EMP254,TL-056,C
M10953,MA1A**********953,WO13953,Sedan X,GA-2,STN-02,2026-03-04 16:21,ENG-1403,SUP-051,EMP249,TL-064,
M10954,MA1A**********954,WO13954,Hatch Z,GA-1,STN-03,2026-03-04 16:22,ENG-1466,SUP-089,EMP352,TL-093,
M10955,MA1A**********955,WO13955,Sedan X,PAINT-1,STN-01,2026-03-04 16:23,ENG-1442,SUP-134,EMP249,TL-090,A
M10956,MA1A**********956,WO13956,SUV Pro,GA-1,STN-02,2026-03-04 16:25,ENG-1117,SUP-167,EMP371,TL-018,A
M10957,MA1A**********957,WO13957,SUV Pro,TRIM-1,STN-05,2026-03-04 16:26,ENG-1348,SUP-037,EMP224,TL-025,
M10958,MA1A**********958,WO13958,Hatch Z,GA-2, stn-05 ,2026-03-04 16:27,ENG-1028,SUP-146,EMP238,TL-041,A
M10959,MA1A**********959,WO13959,Hatch Z,TRIM-1,STN-04,2026-03-04 16:28,ENG-1204,SUP-197,EMP327,TL-002,
M10960,MA1A**********960,WO13960,Sedan X,TRIM-1, stn-05 ,2026-03-04 16:30,ENG-1112,SUP-172,EMP171,TL-999,
M10961,MA1A**********961,WO13961,Sedan X,GA-1,STN-01,2026-03-04 16:31,ENG-1034,SUP-036,EMP177,TL-004,A
M10962,MA1A**********962,WO13962,Hatch Z,PAINT-1,STN-05,2026-03-04 16:32,ENG-1470,SUP-069,EMP164,TL-050,C
M10963,MA1A**********963,WO13963,Hatch Z,GA-2,STN-02,2026-03-04 16:33,ENG-1385,SUP-055,EMP316,TL-058,
M10964,MA1A**********964,WO13964,Sedan X,GA-2, stn-05 ,2026-03-04 16:35,ENG-1276,SUP-155,EMP307,TL-064,A
M10965,MA1A**********965,WO13965,Hatch Z,GA-2,STN-04,2026-03-04 16:36,ENG-1004,SUP-086,EMP229,TL-078,C
M10966,MA1A**********966,WO13966,SUV Pro,GA-2,STN-01,2026-03-04 16:37,ENG-1287,SUP-095,EMP314,TL-036,A
M10967,MA1A**********967,WO13967,Sedan X,GA-2,STN-02,2026-03-04 16:38,ENG-1133,SUP-160,EMP289,TL-098,A
M10968,MA1A**********968,WO13968,Hatch Z,GA-2,STN-03,2026-03-04 16:40,ENG-1025,SUP-168,EMP100,TL-010,A
M10969,MA1A**********969,WO13969,SUV Pro,PAINT-1,STN-04,2026-03-04 16:41,ENG-1056,SUP-122,EMP276,TL-999,A
M10970,MA1A**********970,WO13970,Hatch Z,GA-1,STN-02,2026-03-04 16:42,ENG-1487,SUP-135,EMP360,TL-074,A
M10971,MA1A**********971,WO13971,SUV Pro,PAINT-1, stn-05 ,2026-03-04 16:43,ENG-1034,SUP-016,EMP244,TL-008,C
M10972,MA1A**********972,WO13972,Sedan X,GA-1,STN-03,2026-03-04 16:45,ENG-1207,SUP-099,EMP360,TL-044,A
M10973,MA1A**********973,WO13973,Hatch Z,GA-2,Stn-03,2026-03-04 16:46,ENG-1169,SUP-049,EMP367,TL-082,A
M10974,MA1A**********974,WO13974,SUV Pro,GA-2,STN-04,2026-03-04 16:47,ENG-1158,SUP-118,EMP263,TL-046,A
M10975,MA1A**********975,WO13975,Sedan X,GA-1,STN-05,2026-03-04 16:48,ENG-1327,SUP-004,EMP152,TL-052,C
M10976,MA1A**********976,WO13976,SUV Pro,PAINT-1,STN-04,2026-03-04 16:50,ENG-1056,SUP-125,EMP330,TL-071,C
M10977,MA1A**********977,WO13977,Sedan X,GA-1,STN-05,2026-03-04 16:51,ENG-1019,SUP-040,EMP336,TL-085,A
M10978,MA1A**********978,WO13978,SUV Pro,GA-2,STN-04,2026-03-04 16:52,ENG-1359,SUP-027,EMP323,TL-012,A
M10979,MA1A**********979,WO13979,SUV Pro,TRIM-1,STN-04,2026/03/04 16:53,ENG-1409,SUP-133,EMP316,TL-015,A
M10980,MA1A**********980,WO13980,Hatch Z,TRIM-1,Stn-03,2026-03-04 16:55,ENG-1425,SUP-099,EMP324,TL-046,B
M10981,MA1A**********981,WO13981,Hatch Z,GA-2,STN-02,2026-03-04 16:56,ENG-1211,SUP-017,EMP343,TL-006,C
M10982,MA1A**********982,WO13982,Sedan X,PAINT-1,STN-05,2026-03-04 16:57,ENG-1106,SUP-096,EMP197,TL-033,C
M10983,MA1A**********983,WO13983,Hatch Z,GA-1,STN-05,2026-03-04 16:58,ENG-1178,SUP-109,EMP267,TL-057,B
M10984,MA1A**********984,WO13984,Hatch Z,PAINT-1,STN-02,2026-03-04 17:00,ENG-1186,SUP-062,EMP226,TL-075,B
M10985,MA1A**********985,WO13985,SUV Pro,GA-2,STN-04,2026-03-04 17:01,ENG-1204,SUP-169,EMP172,TL-013,
M10986,MA1A**********986,WO13986,Hatch Z,TRIM-1,STN-03,2026-03-04 17:02,ENG-1286,SUP-012,EMP134,TL-088,C
M10987,MA1A**********987,WO13987,Hatch Z,PAINT-1,STN-04,2026-03-04 17:03,ENG-1219,SUP-141,EMP348,TL-078,B
M10988,MA1A**********988,WO13988,Sedan X,GA-2,STN-01,2026-03-04 17:05,ENG-1077,SUP-132,EMP274,TL-027,B
M10989,MA1A**********989,WO13989,SUV Pro,GA-2,STN-04,2026-03-04 17:06,ENG-1386,SUP-099,EMP320,TL-076,B
M10990,MA1A**********990,WO13990,SUV Pro,PAINT-1,STN-01,2026-03-04 17:07,ENG-1326,SUP-095,EMP131,TL-022,C
M10991,MA1A**********991,WO13991,Sedan X,PAINT-1,STN-03,2026-03-04 17:08,ENG-1218,SUP-028,EMP222,TL-001,
M10992,MA1A**********992,WO13992,Sedan X,GA-1,STN-05,2026-03-04 17:10,ENG-1469,SUP-145,EMP341,TL-017,A
M10993,MA1A**********993,WO13993,Hatch Z,TRIM-1,Stn-03,2026-03-04 17:11,ENG-1424,SUP-058,EMP384,TL-092,B
M10994,MA1A**********994,WO13994,SUV Pro,TRIM-1,STN-04,2026-03-04 17:12,ENG-1233,SUP-192,EMP159,TL-016,C
M10995,MA1A**********995,WO13995,Sedan X,PAINT-1,STN-02,2026-03-04 17:13,ENG-1354,SUP-188,EMP346,TL-084,
M10996,XX1 **3 4,WO13996,Sedan X,GA-1,Stn-03,2026-03-04 17:15,ENG-1308,,EMP131,TL-002,
M10997,MA1A**********997,WO13997,Sedan X,GA-2,STN-01,2026-03-04 17:16,ENG-1024,SUP-037,EMP242,TL-019,B
M10998,MA1A**********998,WO13998,SUV Pro,PAINT-1,STN-04,2026-03-04 17:17,ENG-1110,SUP-174,EMP126,TL-045,
M10999,MA1A**********999,WO13999,Hatch Z,TRIM-1,STN-04,2026-03-04 17:18,ENG-1048,SUP-194,EMP318,TL-016,
M11000,MA1A**********000,WO14000,Sedan X,TRIM-1,STN-03,2026-03-04 17:20,ENG-1363,SUP-157,EMP322,TL-045,
M11001,MA1A**********001,WO14001,SUV Pro,TRIM-1,STN-04,2026-03-04 17:21,ENG-1151,SUP-011,EMP293,TL-068,B
M11002,MA1A**********002,WO14002,Sedan X,PAINT-1,Stn-03,2026-03-04 17:22,ENG-1136,SUP-005,EMP108,TL-079,C
M11003,MA1A**********003,WO14003,Sedan X,GA-2,Stn-03,2026-03-04 17:23,ENG-1429,SUP-073,EMP170,TL-087,
M11004,MA1A**********004,WO14004,Hatch Z,PAINT-1,STN-02,2026-03-04 17:25,ENG-1399,SUP-118,EMP202,TL-089,B
M11005,MA1A**********005,WO14005,Sedan X,GA-1,STN-05,2026-03-04 17:26,ENG-1038,SUP-195,EMP232,TL-032,A
M11006,MA1A**********006,WO14006,SUV Pro,GA-1,STN-03,2026-03-04 17:27,ENG-1354,SUP-073,EMP344,TL-086,B
M11007,MA1A**********007,WO14007,SUV Pro,GA-1,Stn-03,2026-03-04 17:28,ENG-1058,SUP-086,EMP352,TL-999,A
M11008,MA1A**********008,WO14008,Sedan X,PAINT-1,STN-01,2026-03-04 17:30,ENG-1381,SUP-180,EMP149,TL-006,A
M11009,MA1A**********009,WO14009,SUV Pro,GA-2,STN-04,2026-03-04 17:70,ENG-1004,SUP-008,EMP358,TL-005,B
M11010,MA1A**********010,WO14010,SUV Pro,PAINT-1,STN-05,2026-03-04 17:32,ENG-1292,SUP-184,EMP206,TL-086,C
M11011,MA1A**********011,WO14011,SUV Pro,PAINT-1,STN-05,2026-03-04 17:33,ENG-1233,SUP-143,EMP204,TL-029,C
M11012,MA1A**********012,WO14012,SUV Pro,GA-2,STN-03,2026-03-04 17:35,ENG-1251,SUP-023,EMP195,TL-014,C
M11013,MA1A**********013,WO14013,Hatch Z,TRIM-1,STN-04,2026-03-04 17:36,ENG-1291,SUP-024,EMP229,TL-050,B
M11014,MA1A**********014,WO14014,Hatch Z,TRIM-1, stn-05 ,2026-03-04 17:37,ENG-1198,SUP-073,EMP222,TL-020,A
M11015,MA1A**********015,WO14015,Sedan X,GA-1,STN-04,2026-03-04 17:38,ENG-1354,SUP-036,EMP308,TL-055,C
M11016,MA1A**********016,WO14016,Sedan X,GA-2,STN-03,2026-03-04 17:40,ENG-1201,SUP-138,EMP270,TL-034,B
M11017,MA1A**********017,WO14017,Hatch Z,TRIM-1, stn-05 ,2026-03-04 17:41,ENG-1065,SUP-075,EMP101,TL-006,A
M11018,MA1A**********018,WO14018,Hatch Z,GA-2,STN-01,2026-03-04 17:42,ENG-1279,SUP-101,EMP125,TL-012,C
M11019,MA1A**********019,WO14019,Hatch Z,TRIM-1,Stn-03,2026-03-04 17:43,ENG-1008,SUP-082,EMP144,TL-076,A
M11020,MA1A**********020,WO14020,Hatch Z,PAINT-1,STN-03,2026-03-04 17:45,ENG-1106,SUP-037,EMP353,TL-015,
M11021,MA1A**********021,WO14021,Hatch Z,GA-2, stn-05 ,2026-03-04 17:46,ENG-1029,SUP-166,EMP201,TL-031,C
M11022,MA1A**********022,WO14022,SUV Pro,GA-2,STN-04,2026-03-04 17:47,ENG-1306,SUP-183,EMP202,TL-002,A
M11023,MA1A**********023,WO14023,Sedan X,GA-1, stn-05 ,2026-03-04 17:48,ENG-1019,SUP-151,EMP126,TL-068,B
M11024,MA1A**********024,WO14024,Sedan X,TRIM-1,STN-05,2026-03-04 17:50,ENG-1058,SUP-187,EMP101,TL-040,A
M11025,MA1A**********025,WO14025,Sedan X,GA-2,STN-03,2026-03-04 17:51,ENG-1357,SUP-072,EMP133,TL-043,B
M11026,MA1A**********026,WO14026,Hatch Z,GA-1,STN-05,2026-03-04 17:52,ENG-1378,SUP-059,EMP125,TL-034,B
M11027,MA1A**********027,WO14027,Hatch Z,TRIM-1,STN-04,2026-03-04 17:53,ENG-1217,SUP-023,EMP224,TL-099,
M11028,MA1A**********028,WO14028,SUV Pro,GA-2,STN-05,2026-03-04 17:55,ENG-1469,SUP-165,EMP112,TL-066,A
M11029,MA1A**********029,WO14029,Sedan X,GA-2, stn-05 ,2026-03-04 17:56,ENG-1325,SUP-110,EMP366,TL-009,C
M11030,MA1A**********030,WO14030,Hatch Z,PAINT-1,Stn-03,2026-03-04 17:57,ENG-1234,SUP-179,EMP231,TL-099,
M11031,MA1A**********031,WO14031,Sedan X,PAINT-1, stn-05 ,2026-03-04 17:58,ENG-1112,SUP-019,EMP145,TL-005,C
M11032,MA1A**********032,WO14032,Hatch Z,GA-2, stn-05 ,2026-03-04 18:00,ENG-1399,SUP-190,EMP225,TL-002,
M11033,MA1A**********033,WO14033,SUV Pro,GA-2,STN-05,2026-03-04 18:01,ENG-1229,SUP-159,EMP357,TL-038,B
M11034,MA1A**********034,WO14034,Sedan X,GA-1, stn-05 ,2026-03-04 18:02,ENG-1157,SUP-036,EMP316,TL-078,B
M11035,MA1A**********035,WO14035,SUV Pro,TRIM-1, stn-05 ,2026-03-04 18:03,ENG-1442,SUP-092,EMP114,TL-097,A
M11036,MA1A**********036,WO14036,SUV Pro,TRIM-1,STN-04,2026-03-04 18:05,ENG-1245,SUP-177,EMP150,TL-066,
M11037,MA1A**********037,WO14037,SUV Pro,TRIM-1,Stn-03,2026-03-04 18:06,ENG-1459,SUP-033,EMP371,TL-070,B
M11038,MA1A**********038,WO14038,SUV Pro,GA-2,STN-04,2026-03-04 18:07,ENG-1278,SUP-135,EMP283,TL-004,A
M11039,MA1A**********039,WO14039,Hatch Z,TRIM-1,Stn-03,2026-03-04 18:08,ENG-1400,SUP-164,EMP182,TL-059,
M11040,MA1A**********040,WO14040,Sedan X,GA-2,STN-02,2026-03-04 18:10,ENG-1217,SUP-111,EMP322,TL-057,A
M11041,MA1A**********041,WO14041,Hatch Z,GA-2,STN-04,2026-03-04 18:11,ENG-1329,SUP-102,EMP143,TL-051,C
M11042,MA1A**********042,WO14042,Sedan X,GA-2,STN-05,2026-03-04 18:12,ENG-1469,SUP-165,EMP375,TL-078,A
M11043,MA1A**********043,WO14043,SUV Pro,PAINT-1,STN-05,2026-03-04 18:13,ENG-1298,SUP-062,EMP262,TL-073,A
M11044,MA1A**********044,WO14044,Sedan X,PAINT-1,STN-03,2026-03-04 18:15,ENG-1318,SUP-123,EMP345,TL-060,B
M11045,MA1A**********045,WO14045,SUV Pro,PAINT-1,STN-05,2026-03-04 18:16,ENG-1428,SUP-127,EMP294,TL-038,A
M11046,MA1A**********046,WO14046,Hatch Z,GA-2,STN-05,2026-03-04 18:17,ENG-1189,SUP-190,EMP372,TL-004,C
M11047,MA1A**********047,WO14047,Sedan X,GA-1, stn-05 ,2026-03-04 18:18,ENG-1481,SUP-075,EMP163,TL-099,
M11048,MA1A**********048,WO14048,Sedan X,TRIM-1,STN-03,2026-03-04 18:20,ENG-1247,SUP-142,EMP398,TL-025,A
M11049,MA1A**********049,WO14049,Sedan X,PAINT-1,Stn-03,2026-03-04 18:21,ENG-1202,SUP-090,EMP147,TL-069,
M11050,MA1A**********050,WO14050,Sedan X,GA-1,Stn-03,2026-03-04 18:22,ENG-1157,SUP-135,EMP319,TL-006,A
M11051,MA1A**********051,WO14051,Hatch Z,PAINT-1,Stn-03,2026-03-04 18:23,ENG-1022,SUP-002,EMP194,TL-034,C
M11052,MA1A**********052,WO14052,Hatch Z,GA-2,STN-05,2026-03-04 18:25,ENG-1485,SUP-115,EMP387,TL-063,C
M11053,MA1A**********053,WO14053,Hatch Z,TRIM-1,STN-01,2026-03-04 18:26,ENG-1320,SUP-060,EMP108,TL-100,B
M11054,MA1A**********054,WO14054,Hatch Z,GA-2,STN-01,2026-03-04 18:27,ENG-1063,SUP-027,EMP176,TL-044,A
M11055,MA1A**********055,WO14055,Sedan X,TRIM-1,Stn-03,2026-03-04 18:28,ENG-1320,SUP-010,EMP352,TL-036,B
M11056,MA1A**********056,WO14056,Hatch Z,GA-1,STN-04,2026-03-04 18:30,ENG-1338,SUP-165,EMP276,TL-020,B
M11057,MA1A**********057,WO14057,Sedan X,GA-2,Stn-03,2026-03-04 18:31,ENG-1096,SUP-105,EMP207,TL-016,A
M11058,MA1A**********058,WO14058,SUV Pro,GA-2,STN-01,2026-03-04 18:32,ENG-1006,SUP-128,EMP200,TL-003,B
M11059,MA1A**********059,WO14059,SUV Pro,GA-2,STN-04,2026-03-04 18:33,ENG-1333,SUP-182,EMP316,TL-018,C
M11060,MA1A**********060,WO14060,Hatch Z,TRIM-1,STN-03,2026-03-04 18:35, eng-1001 ,SUP-062,EMP340,TL-095,C
M11061,MA1A**********061,WO14061,Sedan X,PAINT-1,STN-04,2026-03-04 18:36,ENG-1452,SUP-177,EMP147,TL-083,C
M11062,MA1A**********062,WO14062,SUV Pro,TRIM-1, stn-05 ,2026-03-04 18:37,ENG-1492,SUP-153,EMP288,TL-053,
M11063,MA1A**********063,WO14063,SUV Pro,GA-1, stn-05 ,2026-03-04 18:38,ENG-1194,SUP-139,EMP352,TL-999,B
M11064,MA1A**********064,WO14064,SUV Pro,PAINT-1,STN-03,2026-03-04 18:40,ENG-1481,SUP-096,EMP212,TL-033,C
M11065,MA1A**********065,WO14065,Hatch Z,GA-1,STN-03,2026-03-04 18:41,ENG-1194,SUP-168,EMP319,TL-071,
M11066,MA1A**********066,WO14066,SUV Pro,GA-2, stn-05 ,2026-03-04 18:42,ENG-1382,SUP-069,EMP359,TL-026,C
M11067,MA1A**********067,WO14067,Hatch Z,GA-2, stn-05 ,2026-03-04 18:43,ENG-1481,SUP-091,EMP380,TL-055,B
M11068,MA1A**********068,WO14068,SUV Pro,TRIM-1,STN-02,2026-03-04 18:45,ENG-1222,SUP-101,EMP253,TL-067,C
M11069,MA1A**********069,WO14069,Sedan X,GA-2,STN-01,2026-03-04 18:46,ENG-1440,SUP-170,EMP335,TL-061,C
M11070,MA1A**********070,WO14070,Hatch Z,TRIM-1,STN-01,2026-03-04 18:47,ENG-1473,SUP-131,EMP248,TL-032,B
M11071,MA1A**********071,WO14071,Hatch Z,TRIM-1,Stn-03,2026-03-04 18:48,ENG-1411,SUP-157,EMP387,TL-028,C
M11072,MA1A**********072,WO14072,SUV Pro,GA-2,Stn-03,2026-03-04 18:50,ENG-1499,SUP-187,EMP320,TL-077,C
M11073,MA1A**********073,WO14073,Hatch Z,GA-1,STN-03,2026-03-04 18:51,ENG-1012,SUP-196,EMP256,TL-041,A
M11074,MA1A**********074,WO14074,SUV Pro,GA-1,STN-05,2026-03-04 18:52,ENG-1089,SUP-137,EMP237,TL-052,
M11075,MA1A**********075,WO14075,Sedan X,GA-1,STN-01,2026-03-04 18:53,ENG-1234,SUP-051,EMP243,TL-023,B
M11076,MA1A**********076,WO14076,Hatch Z,GA-1, stn-05 ,2026-03-04 18:55,ENG-1239,SUP-115,EMP216,TL-095,
M11077,MA1A**********077,WO14077,Sedan X,PAINT-1,STN-03,2026-03-04 18:56,ENG-1325,SUP-089,EMP102,TL-031,A
M11078,MA1A**********078,WO14078,Sedan X,TRIM-1,STN-02,2026-03-04 18:57,ENG-1171,SUP-144,EMP279,TL-015,C
M11079,MA1A**********079,WO14079,Sedan X,GA-2, stn-05 ,2026-03-04 18:58,ENG-1356,SUP-163,EMP102,TL-039,C
M11080,MA1A**********080,WO14080,Sedan X,GA-2,STN-05,2026-03-04 19:00,ENG-1048,SUP-080,EMP207,TL-044,B
M11081,MA1A**********081,WO14081,Sedan X,GA-2,STN-04,2026-03-04 19:01,ENG-1305,SUP-068,EMP219,TL-029,
M11082,MA1A**********082,WO14082,Hatch Z,PAINT-1,STN-02,2026-03-04 19:02,ENG-1040,SUP-185,EMP151,TL-015,B
M11083,MA1A**********083,WO14083,Sedan X,PAINT-1,STN-05,2026-03-04 19:03,ENG-1014,SUP-071,EMP185,TL-052,C
M11084,MA1A**********084,WO14084,Sedan X,TRIM-1,Stn-03,2026-03-04 19:05,ENG-1135,SUP-039,EMP382,TL-056,
M11085,MA1A**********085,WO14085,Sedan X,PAINT-1,STN-01,2026-03-04 19:06,ENG-1354,SUP-014,EMP368,TL-047,
M11086,MA1A**********086,WO14086,Sedan X,GA-2,STN-05,2026-03-04 19:07,ENG-1366,SUP-174,EMP279,TL-045,C
M11087,MA1A**********087,WO14087,SUV Pro,GA-1,STN-03,2026-03-04 19:08,ENG-1323,SUP-194,EMP320,TL-006,A
M11088,MA1A**********088,WO14088,Hatch Z,GA-2,STN-03,2026-03-04 19:10,ENG-1048,SUP-021,EMP344,TL-086,C
M11089,MA1A**********089,WO14089,SUV Pro,PAINT-1,STN-03,2026-03-04 19:11,ENG-1386,SUP-176,EMP212,TL-089,
M11090,MA1A**********090,WO14090,Hatch Z,GA-1,Stn-03,2026-03-04 19:12,ENG-1213,SUP-035,EMP342,TL-024,A
M11091,MA1A**********091,WO14091,SUV Pro,TRIM-1,STN-02,2026-03-04 19:13,ENG-1126,SUP-114,EMP228,TL-050,A
M11092,MA1A**********092,WO14092,Sedan X,GA-1, stn-05 ,2026-03-04 19:15,ENG-1162,SUP-122,EMP291,TL-055,B
M11093,MA1A**********093,WO14093,SUV Pro,PAINT-1,STN-01,2026-03-04 19:16,ENG-1088,SUP-193,EMP317,TL-004,C
M11094,MA1A**********094,WO14094,Hatch Z,GA-1,STN-05,2026-03-04 19:17,ENG-1499,SUP-168,EMP326,TL-051,B
M11095,MA1A**********095,WO14095,Sedan X,GA-1,STN-04,2026-03-04 19:18,ENG-1292,SUP-060,EMP142,TL-078,
M11096,MA1A**********096,WO14096,Sedan X,GA-1,Stn-03,2026-03-04 19:20,ENG-1432,SUP-061,EMP272,TL-010,
M11097,MA1A**********097,WO14097,Hatch Z,TRIM-1,STN-01,2026-03-04 19:21,ENG-1159,SUP-086,EMP116,TL-092,C
M11098,MA1A**********098,WO14098,Hatch Z,GA-2,Stn-03,2026-03-04 19:22,ENG-1064,SUP-174,EMP314,TL-057,B
M11099,MA1A**********099,WO14099,Hatch Z,GA-1,STN-02,2026-03-04 19:23,ENG-1487,SUP-195,EMP210,TL-036,B
M11100,MA1A**********100,WO14100,Hatch Z,GA-1,STN-03,2026-03-04 19:25,ENG-1257,SUP-089,EMP146,TL-085,C
M11101,MA1A**********101,WO14101,Hatch Z,GA-2,STN-01,2026-03-04 19:26,ENG-1074,SUP-095,EMP224,TL-052,C
M11102,MA1A**********102,WO14102,SUV Pro,GA-1,Stn-03,2026-03-04 19:27,ENG-1347,SUP-038,EMP383,TL-023,B
M11103,MA1A**********103,WO14103,Sedan X,GA-2,STN-03,2026-03-04 19:28,ENG-1067,SUP-121,EMP285,TL-099,C
M11104,MA1A**********104,WO14104,SUV Pro,TRIM-1,STN-04,2026-03-04 19:30,ENG-1094,SUP-156,EMP132,TL-015,C
M11105,MA1A**********105,WO14105,SUV Pro,GA-1, stn-05 ,2026-03-04 19:31,ENG-1146,SUP-161,EMP232,TL-025,A
M11106,MA1A**********106,WO14106,Hatch Z,GA-2, stn-05 ,2026-03-04 19:32,ENG-1153,SUP-064,EMP323,TL-079,C
M11107,MA1A**********107,WO14107,Sedan X,GA-1,STN-01,2026-03-04 19:33,ENG-1351,SUP-168,EMP180,TL-086,
M11108,MA1A**********108,WO14108,SUV Pro,GA-1, stn-05 ,2026-03-04 19:35,ENG-1328,SUP-028,EMP264,TL-003,
M11109,MA1A**********109,WO14109,Sedan X,GA-1, stn-05 ,2026-03-04 19:36,ENG-1479,SUP-120,EMP164,TL-050,C
M11110,MA1A**********110,WO14110,Sedan X,TRIM-1,STN-02,2026-03-04 19:37,ENG-1438,SUP-042,EMP360,TL-015,
M11111,MA1A**********111,WO14111,Sedan X,GA-1, stn-05 ,2026-03-04 19:38,ENG-1027,SUP-188,EMP357,TL-063,B
M11112,MA1A**********112,WO14112,Hatch Z,GA-2,STN-02,2026-03-04 19:40,ENG-1050,SUP-152,EMP381,TL-032,
M11113,MA1A**********113,WO14113,Hatch Z,GA-1,Stn-03,2026-03-04 19:41,ENG-1164,SUP-114,EMP211,TL-087,
M11114,MA1A**********114,WO14114,SUV Pro,TRIM-1,STN-01,2026-03-04 19:42,ENG-1395,SUP-007,EMP283,TL-018,
M11115,MA1A**********115,WO14115,SUV Pro,GA-1,STN-04,2026-03-04 19:43,ENG-1329,SUP-075,EMP277,TL-077,A
M11116,MA1A**********116,WO14116,SUV Pro,GA-2,STN-01,2026-03-04 19:45,ENG-1130,SUP-071,EMP262,TL-007,A
M11117,MA1A**********117,WO14117,Sedan X,GA-1,STN-02,2026-03-04 19:46,ENG-1397,SUP-166,EMP293,TL-096,B
M11118,MA1A**********118,WO14118,Hatch Z,TRIM-1,STN-05,2026-03-04 19:47,ENG-1313,SUP-009,EMP209,TL-096,C
M11119,MA1A**********119,WO14119,Hatch Z,PAINT-1,STN-01,2026-03-04 19:48,ENG-1087,SUP-153,EMP261,TL-065,
M11120,MA1A**********120,WO14120,SUV Pro,TRIM-1,STN-01,2026-03-04 19:50,ENG-1121,SUP-167,EMP124,TL-035,A
M11121,MA1A**********121,WO14121,Hatch Z,GA-2,STN-03,2026-03-04 19:51,ENG-1208,SUP-176,EMP335,TL-087,C
M11122,MA1A**********122,WO14122,SUV Pro,GA-1,STN-05,2026-03-04 19:52,ENG-1364,SUP-186,EMP174,TL-031,
M11123,MA1A**********123,WO14123,Hatch Z,GA-1,STN-01,2026-03-04 19:53,ENG-1038,SUP-063,EMP381,TL-086,B
M11124,MA1A**********124,WO14124,SUV Pro,GA-2,STN-01,2026-03-04 19:55,ENG-1024,SUP-193,EMP260,TL-013,B
M11125,MA1A**********125,WO14125,Sedan X,PAINT-1,STN-04,2026-03-04 19:56,ENG-1030,SUP-026,EMP379,TL-040,B
M11126,MA1A**********126,WO14126,Sedan X,GA-1,STN-01,2026-03-04 19:57,ENG-1120,SUP-138,EMP380,TL-022,C
M11127,MA1A**********127,WO14127,Sedan X,GA-2,STN-01,2026-03-04 19:58,ENG-1394,SUP-141,EMP200,TL-088,A
M11128,MA1A**********128,WO14128,Hatch Z,TRIM-1,STN-05,2026-03-04 20:00,ENG-1062,SUP-186,EMP310,TL-029,
M11129,MA1A**********129,WO14129,Sedan X,GA-2,STN-05,2026-03-04 20:01,ENG-1289,SUP-174,EMP144,TL-084,
M11130,MA1A**********130,WO14130,Sedan X,TRIM-1,STN-05,2026-03-04 20:02,ENG-1006,SUP-120,EMP361,TL-076,C
M11131,MA1A**********131,WO14131,Hatch Z,TRIM-1,STN-04,2026-03-04 20:03,ENG-1246,SUP-048,EMP123,TL-006,A
M11132,MA1A**********132,WO14132,SUV Pro,GA-2,STN-01,2026-03-04 20:05,ENG-1131,SUP-179,EMP151,TL-100,A
M11133,MA1A**********133,WO14133,SUV Pro,GA-1,STN-04,2026-03-04 20:06,ENG-1058,SUP-112,EMP223,TL-035,C
M11134,MA1A**********134,WO14134,Sedan X,PAINT-1,STN-01,2026-03-04 20:07,ENG-1092,SUP-056,EMP334,TL-001,C
M11135,MA1A**********135,WO14135,Sedan X,GA-1,Stn-03,2026-03-04 20:08,ENG-1299,SUP-193,EMP141,TL-080,C
M11136,MA1A**********136,WO14136,Hatch Z,PAINT-1,STN-03,2026-03-04 20:10,ENG-1132,SUP-094,EMP315,TL-078,
M11137,MA1A**********137,WO14137,Sedan X,TRIM-1,STN-03,2026-03-04 20:11,ENG-1173,SUP-100,EMP158,TL-077,B
M11138,MA1A**********138,WO14138,SUV Pro,TRIM-1,STN-04,2026-03-04 20:12,ENG-1040,SUP-061,EMP324,TL-058,A
M11139,MA1A**********139,WO14139,Hatch Z,TRIM-1,Stn-03,2026-03-04 20:13,ENG-1072,SUP-109,EMP223,TL-075,C
M11140,MA1A**********140,WO14140,SUV Pro,GA-1,STN-02,2026-03-04 20:15,ENG-1379,SUP-103,EMP295,TL-100,
M11141,MA1A**********141,WO14141,Hatch Z,GA-2,STN-01,2026-03-04 20:16,ENG-1190,SUP-094,EMP353,TL-027,
M11142,MA1A**********142,WO14142,Sedan X,GA-2,STN-05,2026-03-04 20:17,ENG-1433,SUP-135,EMP344,TL-096,C
M11143,MA1A**********143,WO14143,Sedan X,GA-2, stn-05 ,2026-03-04 20:18,ENG-1071,SUP-056,EMP247,TL-086,
M11144,MA1A**********144,WO14144,Sedan X,PAINT-1,STN-03,2026-03-04 20:20,ENG-1403,SUP-101,EMP295,TL-023,
M11145,MA1A**********145,WO14145,SUV Pro,GA-2, stn-05 ,2026-03-04 20:21,ENG-1111,SUP-001,EMP251,TL-088,A
M11146,MA1A**********146,WO14146,Sedan X,TRIM-1,STN-04,2026-03-04 20:22,ENG-1398,SUP-025,EMP252,TL-023,A
M11147,MA1A**********147,WO14147,SUV Pro,GA-2,STN-03,2026-03-04 20:23,ENG-1261,SUP-059,EMP157,TL-077,
M11148,MA1A**********148,WO14148,Hatch Z,TRIM-1,STN-02,2026-03-04 20:25,ENG-1454,SUP-107,EMP234,TL-062,A
M11149,MA1A**********149,WO14149,SUV Pro,TRIM-1,STN-03,2026-03-04 20:26,ENG-1193,SUP-138,EMP389,TL-050,
M11150,MA1A**********150,WO14150,Sedan X,GA-2,STN-04,2026-03-04 20:27,ENG-1282,SUP-144,EMP218,TL-001,A
M11151,MA1A**********151,WO14151,SUV Pro,GA-2,STN-04,2026-03-04 20:28,ENG-1349,SUP-155,EMP216,TL-052,B
M11152,MA1A**********152,WO14152,Hatch Z,GA-1,Stn-03,2026/03/04 20:30,ENG-1176,SUP-148,EMP192,TL-096,B
M11153,MA1A**********153,WO14153,Hatch Z,GA-1, stn-05 ,2026-03-04 20:31,ENG-1329,SUP-043,EMP347,TL-008,
M11154,MA1A**********154,WO14154,SUV Pro,GA-2,STN-03,2026-03-04 20:32,ENG-1032,SUP-012,EMP235,TL-007,
M11155,MA1A**********155,WO14155,Hatch Z,GA-2,STN-05,2026-03-04 20:33,ENG-1048,SUP-021,EMP378,TL-058,B
M11156,MA1A**********156,WO14156,Sedan X,GA-2,STN-03,2026-03-04 20:35,ENG-1245,SUP-032,EMP365,TL-025,A
M11157,MA1A**********157,WO14157,Sedan X,GA-1,STN-04,2026-03-04 20:36,ENG-1356,SUP-150,EMP305,TL-084,A
M11158,MA1A**********158,WO14158,SUV Pro,PAINT-1, stn-05 ,2026-03-04 20:37,ENG-1229,SUP-135,EMP366,TL-084,C
M11159,MA1A**********159,WO14159,Hatch Z,TRIM-1,STN-03,2026-03-04 20:38,ENG-1297,SUP-158,EMP329,TL-080,A
M11160,MA1A**********160,WO14160,SUV Pro,GA-2,Stn-03,2026-03-04 20:40,ENG-1069,SUP-028,EMP351,TL-016,A
M11161,MA1A**********161,WO14161,SUV Pro,TRIM-1,Stn-03,2026-03-04 20:41,ENG-1171,SUP-107,EMP282,TL-067,A
M11162,MA1A**********162,WO14162,Hatch Z,GA-1,STN-01,2026-03-04 20:42,ENG-1221,SUP-020,EMP352,TL-028,C
M11163,MA1A**********163,WO14163,SUV Pro,GA-2,STN-01,2026-03-04 20:43,ENG-1208,SUP-052,EMP148,TL-022,
M11164,MA1A**********164,WO14164,SUV Pro,PAINT-1,STN-04,2026-03-04 20:45,ENG-1418,SUP-046,EMP312,TL-014,
M11165,MA1A**********165,WO14165,Hatch Z,PAINT-1,STN-05,2026-03-04 20:46,ENG-1210,SUP-056,EMP349,TL-072,A
M11166,MA1A**********166,WO14166,Sedan X,GA-2,STN-05,2026-03-04 20:47,ENG-1436,SUP-177,EMP397,TL-075,A
M11167,MA1A**********167,WO14167,SUV Pro,GA-2, stn-05 ,2026-03-04 20:48,ENG-1024,SUP-030,EMP206,TL-083,A
M11168,MA1A**********168,WO14168,SUV Pro,GA-1,STN-04,2026-03-04 20:50,ENG-1252,SUP-090,EMP196,TL-088,B
M11169,MA1A**********169,WO14169,Sedan X,TRIM-1,STN-02,2026-03-04 20:51,ENG-1410,SUP-177,EMP199,TL-054,A
M11170,MA1A**********170,WO14170,Sedan X,GA-1,STN-04,2026-03-04 20:52,ENG-1314,SUP-135,EMP268,TL-035,A
M11171,MA1A**********171,WO14171,Sedan X,PAINT-1, stn-05 ,2026-03-04 20:53,ENG-1308,SUP-015,EMP224,TL-061,B
M11172,MA1A**********172,WO14172,Hatch Z,PAINT-1, stn-05 ,2026-03-04 20:55,ENG-1151,SUP-096,EMP364,TL-100,C
M11173,MA1A**********173,WO14173,Hatch Z,GA-2,STN-03,2026-03-04 20:56,ENG-1355,SUP-108,EMP220,TL-088,A
M11174,MA1A**********174,WO14174,Sedan X,TRIM-1,Stn-03,2026-03-04 20:57,ENG-1142,SUP-188,EMP211,TL-078,B
M11175,MA1A**********175,WO14175,Sedan X,PAINT-1,Stn-03,2026-03-04 20:58,ENG-1492,SUP-088,EMP154,TL-057,C
M11176,MA1A**********176,WO14176,Sedan X,GA-2,STN-03,2026-03-04 21:00,ENG-1285,SUP-018,EMP230,TL-064,
M11177,MA1A**********177,WO14177,Sedan X,GA-1,Stn-03,2026-03-04 21:01,ENG-1360,SUP-047,EMP196,TL-052,A
M11178,MA1A**********178,WO14178,Sedan X,TRIM-1,STN-02,2026-03-04 21:02,ENG-1292,SUP-154,EMP233,TL-046,C
M11179,MA1A**********179,WO14179,Sedan X,GA-2, stn-05 ,2026-03-04 21:03,ENG-1395,SUP-143,EMP228,TL-041,B
M11180,MA1A**********180,WO14180,Sedan X,PAINT-1,STN-04,2026-03-04 21:05,ENG-1111,SUP-199,EMP126,TL-078,B
M11181,MA1A**********181,WO14181,Sedan X,TRIM-1,STN-05,2026-03-04 21:06,ENG-1204,SUP-134,EMP272,TL-100,A
M11182,MA1A**********182,WO14182,Hatch Z,TRIM-1, stn-05 ,2026-03-04 21:07,ENG-1338,SUP-079,EMP285,TL-999,
M11183,MA1A**********183,WO14183,Sedan X,PAINT-1, stn-05 ,2026-03-04 21:08,ENG-1016,SUP-144,EMP190,TL-090,A
M11184,MA1A**********184,WO14184,SUV Pro,TRIM-1, stn-05 ,2026-03-04 21:10,ENG-1397,SUP-049,EMP268,TL-084,A
M11185,MA1A**********185,WO14185,SUV Pro,TRIM-1,STN-05,2026-03-04 21:11,ENG-1032,SUP-018,EMP205,TL-028,
M11186,MA1A**********186,WO14186,Sedan X,TRIM-1,STN-04,2026-03-04 21:12,ENG-1014,SUP-123,EMP169,TL-016,
M11187,MA1A**********187,WO14187,Hatch Z,GA-2, stn-05 ,2026-03-04 21:13,ENG-1150,SUP-003,EMP192,TL-040,B
M11188,MA1A**********188,WO14188,Hatch Z,GA-2, stn-05 ,2026-03-04 21:15,ENG-1087,SUP-189,EMP238,TL-013,B
M11189,MA1A**********189,WO14189,Sedan X,TRIM-1, stn-05 ,2026-03-04 21:16,ENG-1467,SUP-063,EMP194,TL-094,B
M11190,MA1A**********190,WO14190,SUV Pro,PAINT-1,STN-03,2026-03-04 21:17,ENG-1461,SUP-004,EMP148,TL-070,A
M11191,MA1A**********191,WO14191,Hatch Z,PAINT-1,STN-03,2026-03-04 21:18,ENG-1137,SUP-044,EMP251,TL-098,C
M11192,MA1A**********192,WO14192,Sedan X,GA-1,STN-02,2026-03-04 21:20,ENG-1354,SUP-072,EMP225,TL-097,C
M11193,MA1A**********193,WO14193,Sedan X,PAINT-1,STN-04,2026-03-04 21:21,ENG-1210,SUP-090,EMP146,TL-016,
M11194,MA1A**********194,WO14194,Hatch Z,GA-1,STN-03,2026-03-04 21:22,ENG-1213,SUP-071,EMP104,TL-079,C
M11195,MA1A**********195,WO14195,Sedan X,PAINT-1,STN-04,2026-03-04 21:23,ENG-1179,SUP-050,EMP376,TL-080,A
M11196,MA1A**********196,WO14196,Sedan X,TRIM-1,STN-01,2026-03-04 21:25,ENG-1163,SUP-080,EMP168,TL-039,C
M11197,MA1A**********197,WO14197,Sedan X,GA-1,STN-05,2026-03-04 21:26,ENG-1465,SUP-046,EMP297,TL-010,A
M11198,MA1A**********198,WO14198,Sedan X,GA-2,STN-03,2026-03-04 21:27,ENG-1196,SUP-082,EMP236,TL-024,B
M11199,MA1A**********199,WO14199,Sedan X,GA-2,STN-02,2026-03-04 21:28,ENG-1245,SUP-098,EMP295,TL-056,
M11200,MA1A**********200,WO14200,Hatch Z,GA-2,Stn-03,2026-03-04 21:30,ENG-1085,SUP-146,EMP277,TL-030,B
M11201,MA1A**********201,WO14201,Hatch Z,TRIM-1,STN-01,2026-03-04 21:31,ENG-1291,SUP-065,EMP147,TL-009,B
M11202,MA1A**********202,WO14202,Hatch Z,GA-1,Stn-03,2026-03-04 21:32,ENG-1318,SUP-060,EMP256,TL-017,C
M11203,MA1A**********203,WO14203,Hatch Z,GA-2,STN-03,2026-03-04 21:33,ENG-1001,SUP-097,EMP317,TL-087,B
M11204,MA1A**********204,WO14204,Hatch Z,GA-2,STN-03,2026-03-04 21:35,ENG-1209,SUP-049,EMP203,TL-039,B
M11205,MA1A**********205,WO14205,Sedan X,PAINT-1,STN-02,2026-03-04 21:36, eng-1001 ,SUP-121,EMP289,TL-014,
M11206,MA1A**********206,WO14206,SUV Pro,PAINT-1, stn-05 ,2026-03-04 21:37,ENG-1019,SUP-130,EMP322,TL-100,C
M11207,MA1A**********207,WO14207,SUV Pro,GA-2,STN-03,2026-03-04 21:38,ENG-1127,SUP-187,EMP387,TL-023,
M11208,MA1A**********208,WO14208,Hatch Z,GA-2,STN-05,2026-03-04 21:40,ENG-1168,SUP-088,EMP110,TL-058,C
M11209,MA1A**********209,WO14209,Sedan X,PAINT-1,Stn-03,2026-03-04 21:41,ENG-1426,SUP-006,EMP395,TL-045,B
M11210,MA1A**********210,WO14210,Hatch Z,PAINT-1,STN-05,2026-03-04 21:42,ENG-1139,SUP-123,EMP104,TL-032,
M11211,MA1A**********211,WO14211,Hatch Z,TRIM-1,STN-03,2026-03-04 21:43,ENG-1167,SUP-054,EMP265,TL-077,A
M11212,MA1A**********212,WO14212,SUV Pro,TRIM-1,STN-03,2026-03-04 21:45,ENG-1022,SUP-067,EMP334,TL-016,B
M11213,MA1A**********213,WO14213,Sedan X,GA-1,Stn-03,2026-03-04 21:46,ENG-1303,SUP-151,EMP274,TL-036,B
M11214,MA1A**********214,WO14214,Hatch Z,TRIM-1,STN-02,2026-03-04 21:47,ENG-1478,SUP-071,EMP245,TL-095,
M11215,MA1A**********215,WO14215,Hatch Z,TRIM-1,STN-05,2026-03-04 21:48,ENG-1492,SUP-112,EMP320,TL-058,C
M11216,MA1A**********216,WO14216,SUV Pro,GA-1,STN-04,2026-03-04 21:50,ENG-1358,SUP-028,EMP334,TL-090,A
M11217,MA1A**********217,WO14217,SUV Pro,GA-1,STN-01,2026-03-04 21:51,ENG-1433,SUP-067,EMP325,TL-011,A
M11218,MA1A**********218,WO14218,Sedan X,GA-2,Stn-03,2026-03-04 21:52,ENG-1268,,EMP233,TL-092,
M11219,MA1A**********219,WO14219,Sedan X,PAINT-1,STN-04,2026-03-04 21:53,ENG-1245,SUP-092,EMP314,TL-056,C
M11220,MA1A**********220,WO14220,Sedan X,PAINT-1,STN-01,2026-03-04 21:70,ENG-1277,SUP-187,EMP358,TL-055,A
M11221,MA1A**********221,WO14221,Hatch Z,GA-1,STN-04,2026-03-04 21:56,ENG-1251,SUP-170,EMP249,TL-034,B
M11222,MA1A**********222,WO14222,Sedan X,PAINT-1, stn-05 ,2026-03-04 21:57,ENG-1106,SUP-095,EMP322,TL-074,C
M11223,MA1A**********223,WO14223,Sedan X,PAINT-1,STN-03,2026-03-04 21:58,ENG-1388,SUP-005,EMP271,TL-999,
M11224,MA1A**********224,WO14224,SUV Pro,GA-2,STN-04,2026-03-04 22:00,ENG-1175,SUP-080,EMP123,TL-018,C
M11225,MA1A**********225,WO14225,Sedan X,TRIM-1,STN-01,2026-03-04 22:01,ENG-1241,SUP-180,EMP374,TL-076,B
M11226,MA1A**********226,WO14226,SUV Pro,TRIM-1,STN-01,2026-03-04 22:02,ENG-1153,SUP-009,EMP166,TL-043,A
M11227,MA1A**********227,WO14227,Hatch Z,GA-2,STN-05,2026-03-04 22:03,ENG-1165,SUP-181,EMP351,TL-055,B
M11228,MA1A**********228,WO14228,SUV Pro,PAINT-1,STN-05,2026-03-04 22:05,ENG-1404,SUP-019,EMP310,TL-098,B
M11229,MA1A**********229,WO14229,Hatch Z,PAINT-1,STN-05,2026-03-04 22:06,ENG-1125,SUP-195,EMP308,TL-072,A
M11230,MA1A**********230,WO14230,Hatch Z,TRIM-1,STN-02,2026-03-04 22:07,ENG-1165,SUP-132,EMP279,TL-029,A
M11231,MA1A**********231,WO14231,Hatch Z,GA-1,STN-01,2026-03-04 22:08,ENG-1394,SUP-021,EMP172,TL-057,
M11232,MA1A**********232,WO14232,Hatch Z,PAINT-1,STN-01,2026-03-04 22:10,ENG-1495,SUP-157,EMP206,TL-001,C
M11233,MA1A**********233,WO14233,Hatch Z,PAINT-1,STN-02,2026-03-04 22:11,ENG-1464,SUP-182,EMP350,TL-059,C
M11234,MA1A**********234,WO14234,Hatch Z,TRIM-1,Stn-03,2026-03-04 22:12,ENG-1243,SUP-013,EMP210,TL-050,C
M11235,MA1A**********235,WO14235,SUV Pro,GA-2,STN-01,2026-03-04 22:13,ENG-1484,SUP-050,EMP316,TL-028,C
M11236,MA1A**********236,WO14236,SUV Pro,PAINT-1,STN-02,2026-03-04 22:15,ENG-1321,SUP-153,EMP232,TL-052,
M11237,MA1A**********237,WO14237,Hatch Z,GA-2,STN-02,2026-03-04 22:16,ENG-1053,SUP-138,EMP136,TL-087,B
M11238,MA1A**********238,WO14238,Sedan X,GA-2,STN-03,2026-03-04 22:17,ENG-1225,SUP-174,EMP315,TL-012,
M11239,MA1A**********239,WO14239,Hatch Z,GA-1,STN-04,2026-03-04 22:18,ENG-1451,SUP-057,EMP163,TL-058,C
M11240,MA1A**********240,WO14240,SUV Pro,PAINT-1,STN-04,2026-03-04 22:20,ENG-1236,SUP-110,EMP188,TL-087,
M11241,MA1A**********241,WO14241,Sedan X,TRIM-1,STN-02,2026-03-04 22:21,ENG-1482,SUP-101,EMP327,TL-069,C
M11242,MA1A**********242,WO14242,Hatch Z,GA-1,STN-05,2026-03-04 22:22,ENG-1314,SUP-142,EMP350,TL-064,C
M11243,MA1A**********243,WO14243,SUV Pro,PAINT-1,STN-05,2026-03-04 22:23,ENG-1139,SUP-176,EMP246,TL-084,B
M11244,MA1A**********244,WO14244,SUV Pro,PAINT-1,STN-02,2026-03-04 22:25,ENG-1300,SUP-091,EMP197,TL-058,
M11245,MA1A**********245,WO14245,SUV Pro,GA-1,Stn-03,2026-03-04 22:26,ENG-1401,SUP-062,EMP343,TL-050,
M11246,MA1A**********246,WO14246,SUV Pro,TRIM-1,STN-03,2026-03-04 22:27,ENG-1012,SUP-068,EMP176,TL-003,
M11247,MA1A**********247,WO14247,SUV Pro,TRIM-1,STN-03,2026-03-04 22:28,ENG-1041,SUP-079,EMP327,TL-045,B
M11248,MA1A**********248,WO14248,SUV Pro,GA-1,STN-01,2026-03-04 22:30,ENG-1162,SUP-194,EMP341,TL-099,B
M11249,MA1A**********249,WO14249,Hatch Z,GA-2,STN-01,2026-03-04 22:31,ENG-1318,SUP-151,EMP129,TL-999,A
M11250,MA1A**********250,WO14250,Hatch Z,GA-1,STN-05,2026-03-04 22:32,ENG-1435,SUP-072,EMP117,TL-053,C
M11251,MA1A**********251,WO14251,SUV Pro,PAINT-1, stn-05 ,2026-03-04 22:33,ENG-1259,SUP-039,EMP223,TL-096,C
M11252,MA1A**********252,WO14252,Hatch Z,PAINT-1,STN-03,2026-03-04 22:35,ENG-1125,SUP-135,EMP270,TL-084,
M11253,MA1A**********253,WO14253,SUV Pro,GA-2,STN-03,2026-03-04 22:36,ENG-1488,SUP-047,EMP202,TL-087,B
M11254,MA1A**********254,WO14254,SUV Pro,TRIM-1,STN-01,2026-03-04 22:37,ENG-1323,SUP-175,EMP106,TL-005,C
M11255,MA1A**********255,WO14255,SUV Pro,GA-1,Stn-03,2026-03-04 22:38,ENG-1292,SUP-189,EMP140,TL-009,A
M11256,MA1A**********256,WO14256,Hatch Z,GA-2,Stn-03,2026-03-04 22:40,ENG-1157,SUP-150,EMP285,TL-054,A
M11257,MA1A**********257,WO14257,Sedan X,TRIM-1,Stn-03,2026-03-04 22:41,ENG-1160,SUP-021,EMP144,TL-071,A
M11258,MA1A**********258,WO14258,Hatch Z,PAINT-1,STN-05,2026-03-04 22:42,ENG-1110,SUP-192,EMP329,TL-999,C
M11259,MA1A**********259,WO14259,SUV Pro,TRIM-1,STN-01,2026-03-04 22:43,ENG-1159,SUP-187,EMP256,TL-061,
M11260,MA1A**********260,WO14260,SUV Pro,GA-1,STN-05,2026-03-04 22:45,ENG-1329,SUP-196,EMP309,TL-066,
M11261,MA1A**********261,WO14261,Hatch Z,GA-1,STN-03,2026-03-04 22:46,ENG-1368,SUP-119,EMP398,TL-053,
M11262,MA1A**********262,WO14262,Hatch Z,TRIM-1,STN-05,2026-03-04 22:47,ENG-1453,SUP-038,EMP108,TL-095,C
M11263,MA1A**********263,WO14263,Hatch Z,GA-2,STN-03,2026-03-04 22:48,ENG-1206,SUP-088,EMP291,TL-003,A
M11264,MA1A**********264,WO14264,SUV Pro,GA-2, stn-05 ,2026-03-04 22:50,ENG-1119,SUP-178,EMP218,TL-001,B
M11265,MA1A**********265,WO14265,Hatch Z,GA-2,STN-04,2026-03-04 22:51,ENG-1216,SUP-074,EMP108,TL-041,C
M11266,MA1A**********266,WO14266,SUV Pro,GA-2,STN-05,2026-03-04 22:52,ENG-1273,SUP-109,EMP189,TL-020,A
M11267,MA1A**********267,WO14267,SUV Pro,GA-1,STN-03,2026-03-04 22:53,ENG-1034,SUP-056,EMP145,TL-069,
M11268,MA1A**********268,WO14268,SUV Pro,GA-1,STN-03,2026-03-04 22:55,ENG-1248,SUP-079,EMP330,TL-032,B
M11269,MA1A**********269,WO14269,Hatch Z,GA-1,STN-03,2026-03-04 22:56,ENG-1232,SUP-188,EMP356,TL-044,B
M11270,MA1A**********270,WO14270,SUV Pro,TRIM-1,STN-03,2026-03-04 22:57,ENG-1442,SUP-078,EMP165,TL-001,B
M11271,MA1A**********271,WO14271,SUV Pro,PAINT-1,STN-03,2026-03-04 22:58,ENG-1052,SUP-005,EMP185,TL-093,B
M11272,MA1A**********272,WO14272,Hatch Z,TRIM-1, stn-05 ,2026-03-04 23:00,ENG-1115,SUP-092,EMP142,TL-069,
M11273,MA1A**********273,WO14273,SUV Pro,PAINT-1,Stn-03,2026-03-04 23:01,ENG-1442,SUP-128,EMP345,TL-039,A
M11274,MA1A**********274,WO14274,Sedan X,GA-1,STN-02,2026-03-04 23:02,ENG-1470,SUP-094,EMP139,TL-065,B
M11275,MA1A**********275,WO14275,Sedan X,GA-2,STN-03,2026-03-04 23:03,ENG-1263,SUP-096,EMP200,TL-035,
M11276,MA1A**********276,WO14276,SUV Pro,GA-1,STN-03,2026-03-04 23:05,ENG-1107,SUP-160,EMP369,TL-100,C
M11277,MA1A**********277,WO14277,Hatch Z,GA-2, stn-05 ,2026-03-04 23:06,ENG-1060,SUP-126,EMP381,TL-078,C
M11278,MA1A**********278,WO14278,SUV Pro,GA-1,Stn-03,2026-03-04 23:07,ENG-1295,SUP-134,EMP255,TL-091,A
M11279,MA1A**********279,WO14279,Sedan X,TRIM-1,STN-03,2026-03-04 23:08,ENG-1184,SUP-133,EMP156,TL-049,
M11280,MA1A**********280,WO14280,SUV Pro,GA-2,STN-02,2026-03-04 23:10,ENG-1275,SUP-053,EMP149,TL-076,B
M11281,MA1A**********281,WO14281,SUV Pro,GA-1,STN-05,2026-03-04 23:11,ENG-1456,SUP-184,EMP121,TL-094,A
M11282,MA1A**********282,WO14282,Sedan X,GA-1,Stn-03,2026-03-04 23:12,ENG-1132,SUP-099,EMP196,TL-034,B
M11283,MA1A**********283,WO14283,Hatch Z,GA-2,STN-03,2026-03-04 23:13,ENG-1468,SUP-041,EMP152,TL-089,C
M11284,MA1A**********284,WO14284,Hatch Z,TRIM-1, stn-05 ,2026-03-04 23:15,ENG-1430,SUP-062,EMP126,TL-076,A
M11285,MA1A**********285,WO14285,Sedan X,GA-1,STN-05,2026-03-04 23:16,ENG-1160,SUP-040,EMP341,TL-025,C
M11286,MA1A**********286,WO14286,Sedan X,GA-1,STN-03,2026-03-04 23:17,ENG-1370,SUP-103,EMP145,TL-026,B
M11287,MA1A**********287,WO14287,Sedan X,PAINT-1, stn-05 ,2026-03-04 23:18,ENG-1182,SUP-093,EMP200,TL-007,A
M11288,MA1A**********288,WO14288,SUV Pro,GA-2,STN-01,2026-03-04 23:20,ENG-1097,SUP-016,EMP257,TL-038,A
M11289,MA1A**********289,WO14289,SUV Pro,TRIM-1,STN-05,2026-03-04 23:21,ENG-1045,SUP-172,EMP151,TL-007,
M11290,MA1A**********290,WO14290,SUV Pro,PAINT-1, stn-05 ,2026-03-04 23:22,ENG-1393,SUP-081,EMP263,TL-059,
M11291,MA1A**********291,WO14291,Hatch Z,TRIM-1,STN-02,2026-03-04 23:23,ENG-1383,SUP-079,EMP266,TL-039,A
M11292,MA1A**********292,WO14292,Hatch Z,GA-2,STN-05,2026-03-04 23:25,ENG-1302,SUP-026,EMP172,TL-053,C
M11293,MA1A**********293,WO14293,SUV Pro,GA-2,STN-01,2026-03-04 23:26,ENG-1213,SUP-079,EMP142,TL-080,A
M11294,MA1A**********294,WO14294,Sedan X,TRIM-1,STN-01,2026-03-04 23:27,ENG-1469,SUP-178,EMP295,TL-083,
M11295,MA1A**********295,WO14295,Hatch Z,GA-1,STN-01,2026-03-04 23:28,ENG-1030,SUP-193,EMP369,TL-082,B
M11296,MA1A**********296,WO14296,Sedan X,PAINT-1,STN-02,2026-03-04 23:30,ENG-1409,SUP-190,EMP163,TL-052,B
M11297,MA1A**********297,WO14297,SUV Pro,GA-2,STN-02,2026-03-04 23:31,ENG-1351,SUP-022,EMP355,TL-046,
M11298,MA1A**********298,WO14298,Sedan X,TRIM-1,Stn-03,2026-03-04 23:32,ENG-1316,SUP-146,EMP295,TL-019,A
M11299,MA1A**********299,WO14299,Hatch Z,GA-2, stn-05 ,2026-03-04 23:33,ENG-1138,SUP-128,EMP393,TL-091,A
M11300,MA1A**********300,WO14300,Hatch Z,GA-1,STN-01,2026-03-04 23:35,ENG-1176,SUP-146,EMP217,TL-018,C
M11301,MA1A**********301,WO14301,SUV Pro,GA-2,Stn-03,2026-03-04 23:36,ENG-1067,SUP-142,EMP333,TL-007,B
M11302,MA1A**********302,WO14302,Sedan X,GA-2,STN-01,2026-03-04 23:37,ENG-1023,SUP-166,EMP337,TL-035,C
M11303,MA1A**********303,WO14303,Hatch Z,TRIM-1, stn-05 ,2026-03-04 23:38,ENG-1065,SUP-066,EMP197,TL-072,
M11304,MA1A**********304,WO14304,Sedan X,GA-2,STN-05,2026-03-04 23:40,ENG-1179,SUP-023,EMP251,TL-043,B
M11305,MA1A**********305,WO14305,Hatch Z,GA-1,STN-03,2026-03-04 23:41,ENG-1346,SUP-132,EMP111,TL-091,B
M11306,MA1A**********306,WO14306,Hatch Z,TRIM-1,STN-01,2026-03-04 23:42,ENG-1412,SUP-098,EMP122,TL-037,A
M11307,MA1A**********307,WO14307,Sedan X,GA-2,STN-03,2026-03-04 23:43,ENG-1006,SUP-108,EMP283,TL-039,
M11308,MA1A**********308,WO14308,SUV Pro,TRIM-1,Stn-03,2026-03-04 23:45,ENG-1204,SUP-178,EMP274,TL-006,A
M11309,MA1A**********309,WO14309,SUV Pro,GA-1, stn-05 ,2026-03-04 23:46,ENG-1257,SUP-187,EMP399,TL-065,C
M11310,MA1A**********310,WO14310,SUV Pro,TRIM-1, stn-05 ,2026-03-04 23:47,ENG-1132,SUP-053,EMP118,TL-013,
M11311,MA1A**********311,WO14311,SUV Pro,PAINT-1,STN-04,2026-03-04 23:48,ENG-1412,SUP-035,EMP212,TL-066,
M11312,MA1A**********312,WO14312,Hatch Z,TRIM-1, stn-05 ,2026-03-04 23:50,ENG-1450,SUP-098,EMP277,TL-055,B
M11313,MA1A**********313,WO14313,Sedan X,GA-2,STN-04,2026-03-04 23:51,ENG-1337,SUP-014,EMP313,TL-083,B
M11314,MA1A**********314,WO14314,Sedan X,GA-1,STN-01,2026-03-04 23:52,ENG-1050,SUP-187,EMP199,TL-072,
M11315,MA1A**********315,WO14315,Sedan X,PAINT-1,STN-04,2026-03-04 23:53,ENG-1425,SUP-151,EMP241,TL-086,
M11316,MA1A**********316,WO14316,Sedan X,GA-1,STN-02,2026-03-04 23:55,ENG-1260,SUP-005,EMP206,TL-043,A
M11317,MA1A**********317,WO14317,Hatch Z,PAINT-1,Stn-03,2026-03-04 23:56,ENG-1266,SUP-151,EMP265,TL-094,B
M11318,MA1A**********318,WO14318,Hatch Z,GA-2, stn-05 ,2026-03-04 23:57,ENG-1291,SUP-075,EMP257,TL-010,A
M11319,MA1A**********319,WO14319,SUV Pro,TRIM-1,Stn-03,2026-03-04 23:58,ENG-1288,SUP-188,EMP124,TL-047,B
M11320,MA1A**********320,WO14320,SUV Pro,TRIM-1,STN-02,2026-03-05 00:00,ENG-1287,SUP-062,EMP283,TL-012,
M11321,MA1A**********321,WO14321,SUV Pro,GA-2, stn-05 ,2026-03-05 00:01,ENG-1028,SUP-145,EMP269,TL-094,B
M11322,MA1A**********322,WO14322,Sedan X,TRIM-1,STN-04,2026-03-05 00:02,ENG-1004,SUP-143,EMP230,TL-066,
M11323,MA1A**********323,WO14323,Hatch Z,TRIM-1,Stn-03,2026-03-05 00:03,ENG-1409,SUP-085,EMP294,TL-089,B
M11324,MA1A**********324,WO14324,Hatch Z,GA-2,STN-03,2026-03-05 00:05,ENG-1396,SUP-170,EMP373,TL-085,B
M11325,MA1A**********325,WO14325,Sedan X,GA-2, stn-05 ,2026/03/05 00:06,ENG-1274,SUP-001,EMP156,TL-068,B
M11326,MA1A**********326,WO14326,Sedan X,GA-2,STN-03,2026-03-05 00:07,ENG-1107,SUP-011,EMP323,TL-066,C
M11327,MA1A**********327,WO14327,SUV Pro,PAINT-1, stn-05 ,2026-03-05 00:08,ENG-1482,SUP-109,EMP348,TL-053,
M11328,MA1A**********328,WO14328,Hatch Z,GA-1,STN-05,2026-03-05 00:10,ENG-1485,SUP-103,EMP242,TL-042,B
M11329,XX1 **3 4,WO14329,SUV Pro,PAINT-1, stn-05 ,2026-03-05 00:11,ENG-1143,SUP-148,EMP266,TL-074,
M11330,MA1A**********330,WO14330,SUV Pro,GA-2,STN-01,2026-03-05 00:12,ENG-1118,SUP-092,EMP202,TL-011,
M11331,MA1A**********331,WO14331,SUV Pro,PAINT-1, stn-05 ,2026-03-05 00:13,ENG-1403,SUP-182,EMP268,TL-077,B
M11332,MA1A**********332,WO14332,Hatch Z,TRIM-1,STN-03,2026-03-05 00:15,ENG-1275,SUP-182,EMP334,TL-036,A
M11333,MA1A**********333,WO14333,Hatch Z,GA-1, stn-05 ,2026-03-05 00:16,ENG-1325,SUP-075,EMP369,TL-050,B
M11334,MA1A**********334,WO14334,SUV Pro,TRIM-1,STN-03,2026-03-05 00:17,ENG-1389,SUP-031,EMP160,TL-079,
M11335,MA1A**********335,WO14335,SUV Pro,PAINT-1,STN-03,2026-03-05 00:18,ENG-1114,SUP-069,EMP308,TL-046,C
M11336,MA1A**********336,WO14336,Sedan X,PAINT-1,Stn-03,2026-03-05 00:20,ENG-1328,SUP-112,EMP259,TL-015,
M11337,MA1A**********337,WO14337,SUV Pro,TRIM-1,STN-02,2026-03-05 00:21,ENG-1478,SUP-185,EMP104,TL-007,B
M11338,MA1A**********338,WO14338,SUV Pro,GA-2,STN-01,2026-03-05 00:22,ENG-1427,SUP-029,EMP302,TL-999,B
M11339,MA1A**********339,WO14339,Sedan X,GA-1,Stn-03,2026-03-05 00:23,ENG-1377,SUP-084,EMP394,TL-061,B
M11340,MA1A**********340,WO14340,Sedan X,PAINT-1,STN-02,2026-03-05 00:25,ENG-1064,SUP-135,EMP243,TL-098,B
M11341,MA1A**********341,WO14341,SUV Pro,GA-2,STN-04,2026-03-05 00:26,ENG-1195,SUP-106,EMP383,TL-007,C
M11342,MA1A**********342,WO14342,SUV Pro,GA-1,STN-01,2026-03-05 00:27,ENG-1411,SUP-163,EMP359,TL-005,C
M11343,MA1A**********343,WO14343,Sedan X,GA-2,STN-02,2026-03-05 00:28,ENG-1465,SUP-077,EMP383,TL-001,A
M11344,MA1A**********344,WO14344,SUV Pro,GA-2,STN-04,2026-03-05 00:30,ENG-1382,SUP-062,EMP291,TL-068,
M11345,MA1A**********345,WO14345,SUV Pro,TRIM-1,STN-01,2026-03-05 00:31,ENG-1475,SUP-089,EMP267,TL-034,C
M11346,MA1A**********346,WO14346,SUV Pro,GA-1,STN-03,2026-03-05 00:32,ENG-1125,SUP-150,EMP178,TL-051,A
M11347,MA1A**********347,WO14347,Hatch Z,TRIM-1,STN-04,2026-03-05 00:33,ENG-1438,SUP-069,EMP306,TL-082,B
M11348,MA1A**********348,WO14348,SUV Pro,GA-2,STN-01,2026-03-05 00:35,ENG-1322,SUP-086,EMP205,TL-051,C
M11349,MA1A**********349,WO14349,Hatch Z,GA-1,STN-01,2026-03-05 00:36,ENG-1306,SUP-177,EMP178,TL-091,C
M11350,MA1A**********350,WO14350,SUV Pro,TRIM-1, stn-05 ,2026-03-05 00:37, eng-1001 ,SUP-161,EMP178,TL-065,C
M11351,MA1A**********351,WO14351,Hatch Z,GA-1,STN-02,2026-03-05 00:38,ENG-1043,SUP-092,EMP264,TL-093,B
M11352,MA1A**********352,WO14352,Hatch Z,GA-2,Stn-03,2026-03-05 00:40,ENG-1010,SUP-173,EMP354,TL-059,C
M11353,MA1A**********353,WO14353,SUV Pro,GA-2,STN-01,2026-03-05 00:41,ENG-1468,SUP-041,EMP297,TL-024,
M11354,MA1A**********354,WO14354,SUV Pro,GA-2,STN-05,2026-03-05 00:42,ENG-1189,SUP-102,EMP344,TL-083,C
M11355,MA1A**********355,WO14355,SUV Pro,TRIM-1,STN-01,2026-03-05 00:43,ENG-1228,SUP-144,EMP111,TL-062,C
M11356,MA1A**********356,WO14356,Sedan X,GA-1,STN-05,2026-03-05 00:45,ENG-1258,SUP-017,EMP333,TL-062,C
M11357,MA1A**********357,WO14357,SUV Pro,GA-1,STN-02,2026-03-05 00:46,ENG-1293,SUP-174,EMP241,TL-039,A
M11358,MA1A**********358,WO14358,SUV Pro,GA-2,STN-03,2026-03-05 00:47,ENG-1105,SUP-173,EMP151,TL-055,C
M11359,MA1A**********359,WO14359,Hatch Z,GA-2,STN-05,2026-03-05 00:48,ENG-1388,SUP-173,EMP225,TL-067,C
M11360,MA1A**********360,WO14360,Hatch Z,TRIM-1,STN-03,2026-03-05 00:50,ENG-1225,SUP-114,EMP322,TL-045,
M11361,MA1A**********361,WO14361,SUV Pro,GA-1,STN-04,2026-03-05 00:51,ENG-1009,SUP-093,EMP266,TL-039,C
M11362,MA1A**********362,WO14362,Hatch Z,GA-2, stn-05 ,2026-03-05 00:52,ENG-1427,SUP-079,EMP213,TL-099,
M11363,MA1A**********363,WO14363,Hatch Z,TRIM-1, stn-05 ,2026-03-05 00:53,ENG-1252,SUP-027,EMP272,TL-053,B
M11364,MA1A**********364,WO14364,Sedan X,GA-1,Stn-03,2026-03-05 00:55,ENG-1298,SUP-069,EMP127,TL-063,
M11365,MA1A**********365,WO14365,Hatch Z,GA-2,STN-03,2026-03-05 00:56,ENG-1442,SUP-029,EMP277,TL-027,C
M11366,MA1A**********366,WO14366,Hatch Z,TRIM-1,STN-04,2026-03-05 00:57,ENG-1063,SUP-014,EMP124,TL-015,A
M11367,MA1A**********367,WO14367,SUV Pro,PAINT-1,STN-04,2026-03-05 00:58,ENG-1232,SUP-059,EMP247,TL-079,C
M11368,MA1A**********368,WO14368,Sedan X,GA-1,Stn-03,2026-03-05 01:00,ENG-1457,SUP-169,EMP234,TL-089,
M11369,MA1A**********369,WO14369,Sedan X,GA-2,STN-03,2026-03-05 01:01,ENG-1482,SUP-094,EMP339,TL-065,C
M11370,MA1A**********370,WO14370,SUV Pro,PAINT-1,STN-01,2026-03-05 01:02,ENG-1114,SUP-088,EMP238,TL-083,
M11371,MA1A**********371,WO14371,SUV Pro,GA-1,STN-04,2026-03-05 01:03,ENG-1273,SUP-085,EMP291,TL-060,B
M11372,MA1A**********372,WO14372,Hatch Z,PAINT-1,STN-02,2026-03-05 01:05,ENG-1121,SUP-038,EMP374,TL-047,C
M11373,MA1A**********373,WO14373,SUV Pro,GA-1,Stn-03,2026-03-05 01:06,ENG-1396,SUP-173,EMP398,TL-999,C
M11374,MA1A**********374,WO14374,SUV Pro,PAINT-1,Stn-03,2026-03-05 01:07,ENG-1249,SUP-093,EMP356,TL-013,
M11375,MA1A**********375,WO14375,SUV Pro,GA-1,STN-02,2026-03-05 01:08,ENG-1403,SUP-136,EMP234,TL-081,A
M11376,MA1A**********376,WO14376,Sedan X,TRIM-1,STN-02,2026-03-05 01:10,ENG-1122,SUP-055,EMP254,TL-057,A
M11377,MA1A**********377,WO14377,SUV Pro,GA-1,STN-04,2026-03-05 01:11,ENG-1052,SUP-065,EMP305,TL-076,
M11378,MA1A**********378,WO14378,Hatch Z,GA-1,STN-03,2026-03-05 01:12,ENG-1373,SUP-127,EMP350,TL-093,B
M11379,MA1A**********379,WO14379,SUV Pro,GA-1,STN-05,2026-03-05 01:13,ENG-1178,SUP-183,EMP263,TL-074,C
M11380,MA1A**********380,WO14380,Sedan X,GA-2,STN-04,2026-03-05 01:15,ENG-1480,SUP-073,EMP290,TL-092,
M11381,MA1A**********381,WO14381,Sedan X,GA-1,STN-04,2026-03-05 01:16,ENG-1013,SUP-049,EMP298,TL-013,A
M11382,MA1A**********382,WO14382,Sedan X,TRIM-1,STN-03,2026-03-05 01:17,ENG-1315,SUP-174,EMP115,TL-085,A
M11383,MA1A**********383,WO14383,Sedan X,TRIM-1, stn-05 ,2026-03-05 01:18,ENG-1018,SUP-099,EMP335,TL-074,C
M11384,MA1A**********384,WO14384,Hatch Z,GA-1,STN-04,2026-03-05 01:20,ENG-1278,SUP-111,EMP191,TL-068,C
M11385,MA1A**********385,WO14385,SUV Pro,GA-1,STN-04,2026-03-05 01:21,ENG-1462,SUP-181,EMP179,TL-015,C
M11386,MA1A**********386,WO14386,Hatch Z,GA-2, stn-05 ,2026-03-05 01:22,ENG-1281,SUP-198,EMP399,TL-055,
M11387,MA1A**********387,WO14387,SUV Pro,GA-2,STN-03,2026-03-05 01:23,ENG-1101,SUP-110,EMP349,TL-031,C
M11388,MA1A**********388,WO14388,Hatch Z,PAINT-1, stn-05 ,2026-03-05 01:25,ENG-1269,SUP-153,EMP308,TL-006,
M11389,MA1A**********389,WO14389,Sedan X,TRIM-1,STN-02,2026-03-05 01:26,ENG-1068,SUP-137,EMP375,TL-028,C
M11390,MA1A**********390,WO14390,Sedan X,GA-2,STN-02,2026-03-05 01:27,ENG-1410,SUP-089,EMP154,TL-097,B
M11391,MA1A**********391,WO14391,Hatch Z,GA-1,STN-01,2026-03-05 01:28,ENG-1139,SUP-049,EMP124,TL-078,
M11392,MA1A**********392,WO14392,SUV Pro,GA-2,STN-04,2026-03-05 01:30,ENG-1325,SUP-080,EMP216,TL-056,
M11393,MA1A**********393,WO14393,Hatch Z,GA-2,STN-03,2026-03-05 01:31,ENG-1245,SUP-183,EMP390,TL-053,
M11394,MA1A**********394,WO14394,Sedan X,PAINT-1,STN-05,2026-03-05 01:32,ENG-1493,SUP-006,EMP200,TL-091,A
M11395,MA1A**********395,WO14395,Hatch Z,GA-1,STN-04,2026-03-05 01:33,ENG-1344,SUP-185,EMP216,TL-047,
M11396,MA1A**********396,WO14396,SUV Pro,GA-2,STN-04,2026-03-05 01:35,ENG-1422,SUP-007,EMP362,TL-023,C
M11397,MA1A**********397,WO14397,Sedan X,TRIM-1,STN-02,2026-03-05 01:36,ENG-1459,SUP-187,EMP341,TL-076,C
M11398,MA1A**********398,WO14398,Hatch Z,GA-1,STN-02,2026-03-05 01:37,ENG-1453,SUP-130,EMP367,TL-050,
M11399,MA1A**********399,WO14399,Hatch Z,GA-1,STN-01,2026-03-05 01:38,ENG-1414,SUP-033,EMP165,TL-026,B
M11400,MA1A**********400,WO14400,Sedan X,PAINT-1, stn-05 ,2026-03-05 01:40,ENG-1336,SUP-043,EMP265,TL-021,
M11401,MA1A**********401,WO14401,Sedan X,GA-1,STN-05,2026-03-05 01:41,ENG-1250,SUP-165,EMP379,TL-073,B
M11402,MA1A**********402,WO14402,SUV Pro,PAINT-1,STN-04,2026-03-05 01:42,ENG-1388,SUP-195,EMP263,TL-058,C
M11403,MA1A**********403,WO14403,Hatch Z,PAINT-1,STN-04,2026-03-05 01:43,ENG-1468,SUP-096,EMP209,TL-024,C
M11404,MA1A**********404,WO14404,Hatch Z,PAINT-1,STN-03,2026-03-05 01:45,ENG-1146,SUP-020,EMP156,TL-067,A
M11405,MA1A**********405,WO14405,Hatch Z,PAINT-1,STN-01,2026-03-05 01:46,ENG-1109,SUP-098,EMP330,TL-025,A
M11406,MA1A**********406,WO14406,Hatch Z,PAINT-1,STN-02,2026-03-05 01:47,ENG-1029,SUP-053,EMP382,TL-083,A
M11407,MA1A**********407,WO14407,Hatch Z,GA-2,STN-04,2026-03-05 01:48,ENG-1428,SUP-185,EMP319,TL-066,C
M11408,MA1A**********408,WO14408,Sedan X,PAINT-1,Stn-03,2026-03-05 01:50,ENG-1254,SUP-021,EMP233,TL-049,B
M11409,MA1A**********409,WO14409,Sedan X,GA-1,STN-01,2026-03-05 01:51,ENG-1133,SUP-170,EMP367,TL-032,B
M11410,MA1A**********410,WO14410,Sedan X,PAINT-1,STN-03,2026-03-05 01:52,ENG-1499,SUP-016,EMP149,TL-015,B
M11411,MA1A**********411,WO14411,SUV Pro,GA-2,STN-05,2026-03-05 01:53,ENG-1106,SUP-100,EMP105,TL-026,A
M11412,MA1A**********412,WO14412,Hatch Z,TRIM-1,Stn-03,2026-03-05 01:55,ENG-1202,SUP-075,EMP339,TL-062,A
M11413,MA1A**********413,WO14413,Hatch Z,GA-1,STN-04,2026-03-05 01:56,ENG-1338,SUP-171,EMP347,TL-056,A
M11414,MA1A**********414,WO14414,Hatch Z,GA-2,Stn-03,2026-03-05 01:57,ENG-1238,SUP-097,EMP173,TL-095,C
M11415,MA1A**********415,WO14415,Sedan X,TRIM-1,STN-04,2026-03-05 01:58,ENG-1334,SUP-124,EMP133,TL-082,
M11416,MA1A**********416,WO14416,Sedan X,GA-1,STN-04,2026-03-05 02:00,ENG-1075,SUP-011,EMP244,TL-070,
M11417,MA1A**********417,WO14417,Hatch Z,GA-1, stn-05 ,2026-03-05 02:01,ENG-1153,SUP-027,EMP356,TL-050,B
M11418,MA1A**********418,WO14418,Sedan X,GA-2,Stn-03,2026-03-05 02:02,ENG-1343,SUP-042,EMP298,TL-039,C
M11419,MA1A**********419,WO14419,SUV Pro,PAINT-1,STN-05,2026-03-05 02:03,ENG-1219,SUP-120,EMP252,TL-014,A
M11420,MA1A**********420,WO14420,SUV Pro,GA-1,STN-03,2026-03-05 02:05,ENG-1367,SUP-176,EMP218,TL-078,A
M11421,MA1A**********421,WO14421,SUV Pro,PAINT-1,Stn-03,2026-03-05 02:06,ENG-1408,SUP-146,EMP116,TL-073,
M11422,MA1A**********422,WO14422,Hatch Z,GA-1,STN-02,2026-03-05 02:07,ENG-1152,SUP-034,EMP272,TL-085,A
M11423,MA1A**********423,WO14423,Hatch Z,TRIM-1, stn-05 ,2026-03-05 02:08,ENG-1027,SUP-032,EMP382,TL-009,C
M11424,MA1A**********424,WO14424,Hatch Z,GA-1,STN-02,2026-03-05 02:10,ENG-1203,SUP-140,EMP172,TL-075,
M11425,MA1A**********425,WO14425,SUV Pro,GA-1,STN-04,2026-03-05 02:11,ENG-1141,SUP-045,EMP160,TL-043,B
M11426,MA1A**********426,WO14426,Sedan X,GA-2, stn-05 ,2026-03-05 02:12,ENG-1461,SUP-102,EMP170,TL-100,C
M11427,MA1A**********427,WO14427,Sedan X,TRIM-1,Stn-03,2026-03-05 02:13,ENG-1001,SUP-036,EMP189,TL-015,
M11428,MA1A**********428,WO14428,Hatch Z,GA-1,STN-05,2026-03-05 02:15,ENG-1362,SUP-131,EMP333,TL-047,C
M11429,MA1A**********429,WO14429,Hatch Z,GA-1,STN-02,2026-03-05 02:16,ENG-1442,SUP-155,EMP218,TL-026,C
M11430,MA1A**********430,WO14430,Hatch Z,GA-2,Stn-03,2026-03-05 02:17,ENG-1257,SUP-077,EMP198,TL-088,A
M11431,MA1A**********431,WO14431,Sedan X,TRIM-1,STN-03,2026-03-05 02:70,ENG-1229,SUP-062,EMP267,TL-011,
M11432,MA1A**********432,WO14432,SUV Pro,PAINT-1,STN-03,2026-03-05 02:20,ENG-1193,SUP-147,EMP211,TL-099,C
M11433,MA1A**********433,WO14433,Sedan X,GA-1,STN-02,2026-03-05 02:21,ENG-1376,SUP-021,EMP255,TL-007,A
M11434,MA1A**********434,WO14434,Sedan X,GA-2,STN-02,2026-03-05 02:22,ENG-1044,SUP-147,EMP269,TL-048,
M11435,MA1A**********435,WO14435,Hatch Z,GA-1,STN-02,2026-03-05 02:23,ENG-1173,SUP-195,EMP332,TL-013,
M11436,MA1A**********436,WO14436,SUV Pro,GA-1,Stn-03,2026-03-05 02:25,ENG-1248,SUP-180,EMP113,TL-025,A
M11437,MA1A**********437,WO14437,SUV Pro,TRIM-1,STN-05,2026-03-05 02:26,ENG-1231,SUP-015,EMP393,TL-039,A
M11438,MA1A**********438,WO14438,Sedan X,PAINT-1, stn-05 ,2026-03-05 02:27,ENG-1195,SUP-002,EMP268,TL-012,
M11439,MA1A**********439,WO14439,SUV Pro,GA-2,Stn-03,2026-03-05 02:28,ENG-1324,SUP-162,EMP384,TL-076,C
M11440,MA1A**********440,WO14440,Sedan X,GA-2,STN-04,2026-03-05 02:30,ENG-1197,,EMP386,TL-034,A
M11441,MA1A**********441,WO14441,Hatch Z,TRIM-1,Stn-03,2026-03-05 02:31,ENG-1426,SUP-104,EMP334,TL-060,
M11442,MA1A**********442,WO14442,Sedan X,GA-1,STN-04,2026-03-05 02:32,ENG-1143,SUP-058,EMP258,TL-042,
M11443,MA1A**********443,WO14443,Hatch Z,GA-2,Stn-03,2026-03-05 02:33,ENG-1040,SUP-164,EMP341,TL-098,B
M11444,MA1A**********444,WO14444,Sedan X,GA-2,STN-02,2026-03-05 02:35,ENG-1090,SUP-068,EMP397,TL-054,
M11445,MA1A**********445,WO14445,SUV Pro,TRIM-1,STN-03,2026-03-05 02:36,ENG-1444,SUP-088,EMP159,TL-100,A
M11446,MA1A**********446,WO14446,SUV Pro,PAINT-1,STN-05,2026-03-05 02:37,ENG-1439,SUP-012,EMP255,TL-090,
M11447,MA1A**********447,WO14447,Hatch Z,GA-2,Stn-03,2026-03-05 02:38,ENG-1059,SUP-139,EMP147,TL-045,
M11448,MA1A**********448,WO14448,Sedan X,PAINT-1,Stn-03,2026-03-05 02:40,ENG-1148,SUP-042,EMP347,TL-007,
M11449,MA1A**********449,WO14449,Hatch Z,PAINT-1,Stn-03,2026-03-05 02:41,ENG-1296,SUP-184,EMP253,TL-062,
M11450,MA1A**********450,WO14450,Sedan X,GA-1,STN-01,2026-03-05 02:42,ENG-1026,SUP-124,EMP394,TL-061,
M11451,MA1A**********451,WO14451,SUV Pro,TRIM-1,STN-03,2026-03-05 02:43,ENG-1148,SUP-173,EMP279,TL-054,C
M11452,MA1A**********452,WO14452,SUV Pro,GA-2,STN-05,2026-03-05 02:45,ENG-1289,SUP-117,EMP177,TL-022,
M11453,MA1A**********453,WO14453,Hatch Z,GA-2,STN-03,2026-03-05 02:46,ENG-1259,SUP-087,EMP237,TL-088,A
M11454,MA1A**********454,WO14454,Sedan X,GA-1,STN-05,2026-03-05 02:47,ENG-1259,SUP-067,EMP294,TL-068,C
M11455,MA1A**********455,WO14455,Hatch Z,TRIM-1,STN-01,2026-03-05 02:48,ENG-1431,SUP-112,EMP294,TL-093,B
M11456,MA1A**********456,WO14456,Hatch Z,TRIM-1,STN-01,2026-03-05 02:50,ENG-1111,SUP-133,EMP167,TL-053,
M11457,MA1A**********457,WO14457,Sedan X,TRIM-1,STN-04,2026-03-05 02:51,ENG-1455,SUP-117,EMP324,TL-077,C
M11458,MA1A**********458,WO14458,SUV Pro,GA-1,Stn-03,2026-03-05 02:52,ENG-1334,SUP-053,EMP391,TL-073,
M11459,MA1A**********459,WO14459,Sedan X,TRIM-1,STN-02,2026-03-05 02:53,ENG-1254,SUP-120,EMP194,TL-096,
M11460,MA1A**********460,WO14460,Sedan X,GA-1,STN-01,2026-03-05 02:55,ENG-1484,SUP-113,EMP222,TL-046,A
M11461,MA1A**********461,WO14461,Sedan X,TRIM-1,STN-02,2026-03-05 02:56,ENG-1095,SUP-170,EMP116,TL-053,B
M11462,MA1A**********462,WO14462,SUV Pro,GA-2,STN-02,2026-03-05 02:57,ENG-1118,SUP-050,EMP223,TL-007,B
M11463,MA1A**********463,WO14463,Sedan X,GA-2,STN-03,2026-03-05 02:58,ENG-1143,SUP-098,EMP111,TL-999,
M11464,MA1A**********464,WO14464,Hatch Z,GA-1,Stn-03,2026-03-05 03:00,ENG-1434,SUP-097,EMP389,TL-034,B
M11465,MA1A**********465,WO14465,Hatch Z,GA-1,STN-04,2026-03-05 03:01,ENG-1313,SUP-089,EMP166,TL-025,C
M11466,MA1A**********466,WO14466,SUV Pro,TRIM-1,STN-03,2026-03-05 03:02,ENG-1398,SUP-036,EMP256,TL-012,B
M11467,MA1A**********467,WO14467,Hatch Z,PAINT-1,STN-02,2026-03-05 03:03,ENG-1246,SUP-184,EMP124,TL-005,
M11468,MA1A**********468,WO14468,SUV Pro,PAINT-1,STN-05,2026-03-05 03:05,ENG-1453,SUP-143,EMP272,TL-037,
M11469,MA1A**********469,WO14469,SUV Pro,GA-2,STN-01,2026-03-05 03:06,ENG-1059,SUP-149,EMP366,TL-999,A
M11470,MA1A**********470,WO14470,SUV Pro,GA-2,STN-03,2026-03-05 03:07,ENG-1179,SUP-080,EMP173,TL-068,A
M11471,MA1A**********471,WO14471,SUV Pro,GA-2,STN-04,2026-03-05 03:08,ENG-1210,SUP-195,EMP254,TL-017,C
M11472,MA1A**********472,WO14472,SUV Pro,GA-1,STN-04,2026-03-05 03:10,ENG-1285,SUP-109,EMP381,TL-068,
M11473,MA1A**********473,WO14473,Hatch Z,TRIM-1,STN-01,2026-03-05 03:11,ENG-1347,SUP-047,EMP121,TL-030,B
M11474,MA1A**********474,WO14474,Sedan X,GA-1,STN-02,2026-03-05 03:12,ENG-1454,SUP-020,EMP346,TL-005,A
M11475,MA1A**********475,WO14475,Hatch Z,PAINT-1,STN-05,2026-03-05 03:13,ENG-1205,SUP-107,EMP206,TL-076,B
M11476,MA1A**********476,WO14476,Hatch Z,TRIM-1,STN-05,2026-03-05 03:15,ENG-1268,SUP-199,EMP347,TL-021,
M11477,MA1A**********477,WO14477,Sedan X,GA-1,STN-03,2026-03-05 03:16,ENG-1410,SUP-041,EMP258,TL-073,C
M11478,MA1A**********478,WO14478,SUV Pro,GA-2,STN-05,2026-03-05 03:17,ENG-1418,SUP-029,EMP342,TL-086,
M11479,MA1A**********479,WO14479,SUV Pro,PAINT-1,STN-01,2026-03-05 03:18,ENG-1218,SUP-003,EMP220,TL-025,B
M11480,MA1A**********480,WO14480,Hatch Z,GA-1,STN-04,2026-03-05 03:20,ENG-1002,SUP-005,EMP265,TL-011,A
M11481,MA1A**********481,WO14481,Sedan X,TRIM-1,STN-03,2026-03-05 03:21,ENG-1173,SUP-176,EMP140,TL-020,A
M11482,MA1A**********482,WO14482,Sedan X,GA-2, stn-05 ,2026-03-05 03:22,ENG-1360,SUP-168,EMP101,TL-011,
M11483,MA1A**********483,WO14483,SUV Pro,PAINT-1,STN-03,2026-03-05 03:23,ENG-1484,SUP-070,EMP134,TL-051,C
M11484,MA1A**********484,WO14484,Hatch Z,TRIM-1,STN-05,2026-03-05 03:25,ENG-1070,SUP-169,EMP134,TL-008,C
M11485,MA1A**********485,WO14485,SUV Pro,TRIM-1,STN-02,2026-03-05 03:26,ENG-1447,SUP-120,EMP263,TL-084,A
M11486,MA1A**********486,WO14486,Sedan X,PAINT-1,STN-02,2026-03-05 03:27,ENG-1207,SUP-175,EMP392,TL-058,C
M11487,MA1A**********487,WO14487,SUV Pro,GA-2,Stn-03,2026-03-05 03:28,ENG-1026,SUP-059,EMP303,TL-008,
M11488,MA1A**********488,WO14488,Hatch Z,PAINT-1,STN-03,2026-03-05 03:30,ENG-1376,SUP-139,EMP196,TL-026,A
M11489,MA1A**********489,WO14489,Hatch Z,PAINT-1,STN-05,2026-03-05 03:31,ENG-1487,SUP-127,EMP172,TL-031,B
M11490,MA1A**********490,WO14490,SUV Pro,GA-1,STN-04,2026-03-05 03:32,ENG-1025,SUP-023,EMP232,TL-043,
M11491,MA1A**********491,WO14491,Hatch Z,GA-2,STN-02,2026-03-05 03:33,ENG-1068,SUP-103,EMP348,TL-010,C
M11492,MA1A**********492,WO14492,Hatch Z,PAINT-1,STN-05,2026-03-05 03:35,ENG-1360,SUP-026,EMP335,TL-001,A
M11493,MA1A**********493,WO14493,SUV Pro,GA-1, stn-05 ,2026-03-05 03:36,ENG-1054,SUP-145,EMP321,TL-064,
M11494,MA1A**********494,WO14494,Hatch Z,GA-2,STN-01,2026-03-05 03:37,ENG-1316,SUP-034,EMP279,TL-010,B
M11495,MA1A**********495,WO14495,Sedan X,GA-1,Stn-03,2026-03-05 03:38, eng-1001 ,SUP-144,EMP179,TL-071,C
M11496,MA1A**********496,WO14496,Sedan X,GA-2,STN-02,2026-03-05 03:40,ENG-1360,SUP-039,EMP389,TL-058,A
M11497,MA1A**********497,WO14497,SUV Pro,GA-2,Stn-03,2026-03-05 03:41,ENG-1244,SUP-150,EMP274,TL-065,B
M11498,MA1A**********498,WO14498,Hatch Z,GA-1,STN-03,2026/03/05 03:42,ENG-1274,SUP-162,EMP290,TL-042,A
M11499,MA1A**********499,WO14499,Sedan X,TRIM-1,Stn-03,2026-03-05 03:43,ENG-1108,SUP-155,EMP327,TL-011,C
M11500,MA1A**********500,WO14500,Hatch Z,GA-2,STN-01,2026-03-05 03:45,ENG-1462,SUP-120,EMP271,TL-059,C
M11501,MA1A**********501,WO14501,Hatch Z,GA-1,Stn-03,2026-03-05 03:46,ENG-1493,SUP-080,EMP193,TL-039,
M11502,MA1A**********502,WO14502,Sedan X,TRIM-1,STN-02,2026-03-05 03:47,ENG-1197,SUP-034,EMP277,TL-077,A
M11503,MA1A**********503,WO14503,Hatch Z,GA-2, stn-05 ,2026-03-05 03:48,ENG-1035,SUP-046,EMP253,TL-084,
M11504,MA1A**********504,WO14504,Hatch Z,TRIM-1,STN-02,2026-03-05 03:50,ENG-1388,SUP-166,EMP322,TL-091,
M11505,MA1A**********505,WO14505,SUV Pro,GA-2,Stn-03,2026-03-05 03:51,ENG-1132,SUP-077,EMP197,TL-082,C
M11506,MA1A**********506,WO14506,Sedan X,PAINT-1,Stn-03,2026-03-05 03:52,ENG-1155,SUP-160,EMP336,TL-067,
M11507,MA1A**********507,WO14507,Sedan X,TRIM-1,STN-03,2026-03-05 03:53,ENG-1243,SUP-029,EMP272,TL-052,C
M11508,MA1A**********508,WO14508,Sedan X,GA-1,Stn-03,2026-03-05 03:55,ENG-1080,SUP-158,EMP392,TL-007,B
M11509,MA1A**********509,WO14509,SUV Pro,GA-1, stn-05 ,2026-03-05 03:56,ENG-1151,SUP-033,EMP250,TL-061,
M11510,MA1A**********510,WO14510,Sedan X,GA-1, stn-05 ,2026-03-05 03:57,ENG-1025,SUP-146,EMP246,TL-002,A
M11511,MA1A**********511,WO14511,SUV Pro,PAINT-1,STN-04,2026-03-05 03:58,ENG-1116,SUP-123,EMP312,TL-017,C
M11512,MA1A**********512,WO14512,Sedan X,TRIM-1,STN-04,2026-03-05 04:00,ENG-1355,SUP-200,EMP170,TL-017,C
M11513,MA1A**********513,WO14513,SUV Pro,GA-2,STN-01,2026-03-05 04:01,ENG-1113,SUP-106,EMP218,TL-007,A
M11514,MA1A**********514,WO14514,Hatch Z,PAINT-1,Stn-03,2026-03-05 04:02,ENG-1322,SUP-016,EMP151,TL-087,C
M11515,MA1A**********515,WO14515,Sedan X,TRIM-1,STN-02,2026-03-05 04:03,ENG-1055,SUP-182,EMP158,TL-097,
M11516,MA1A**********516,WO14516,Sedan X,GA-2,STN-04,2026-03-05 04:05,ENG-1159,SUP-017,EMP232,TL-063,C
M11517,MA1A**********517,WO14517,SUV Pro,GA-1,STN-01,2026-03-05 04:06,ENG-1324,SUP-017,EMP367,TL-035,B
M11518,MA1A**********518,WO14518,Hatch Z,GA-2,STN-02,2026-03-05 04:07,ENG-1168,SUP-157,EMP370,TL-095,C
M11519,MA1A**********519,WO14519,SUV Pro,PAINT-1,STN-02,2026-03-05 04:08,ENG-1080,SUP-148,EMP375,TL-082,B
M11520,MA1A**********520,WO14520,Hatch Z,PAINT-1,STN-05,2026-03-05 04:10,ENG-1213,SUP-176,EMP312,TL-089,
M11521,MA1A**********521,WO14521,SUV Pro,GA-1,STN-03,2026-03-05 04:11,ENG-1127,SUP-153,EMP110,TL-022,B
M11522,MA1A**********522,WO14522,SUV Pro,GA-2, stn-05 ,2026-03-05 04:12,ENG-1154,SUP-120,EMP220,TL-052,C
M11523,MA1A**********523,WO14523,Sedan X,GA-1, stn-05 ,2026-03-05 04:13,ENG-1103,SUP-037,EMP388,TL-003,A
M11524,MA1A**********524,WO14524,Hatch Z,GA-1,STN-04,2026-03-05 04:15,ENG-1153,SUP-117,EMP308,TL-009,C
M11525,MA1A**********525,WO14525,SUV Pro,GA-2,STN-04,2026-03-05 04:16,ENG-1257,SUP-126,EMP227,TL-095,C
M11526,MA1A**********526,WO14526,SUV Pro,PAINT-1, stn-05 ,2026-03-05 04:17,ENG-1480,SUP-014,EMP245,TL-023,B
M11527,MA1A**********527,WO14527,Sedan X,TRIM-1,STN-05,2026-03-05 04:18,ENG-1252,SUP-154,EMP173,TL-093,A
M11528,MA1A**********528,WO14528,Hatch Z,TRIM-1,STN-04,2026-03-05 04:20,ENG-1486,SUP-094,EMP237,TL-074,B
M11529,MA1A**********529,WO14529,Hatch Z,GA-2,STN-03,2026-03-05 04:21,ENG-1489,SUP-060,EMP394,TL-052,A
M11530,MA1A**********530,WO14530,SUV Pro,PAINT-1,Stn-03,2026-03-05 04:22,ENG-1108,SUP-190,EMP193,TL-089,C
M11531,MA1A**********531,WO14531,Sedan X,TRIM-1,STN-05,2026-03-05 04:23,ENG-1355,SUP-057,EMP271,TL-059,B
M11532,MA1A**********532,WO14532,Sedan X,GA-1,STN-02,2026-03-05 04:25,ENG-1126,SUP-006,EMP346,TL-030,C
M11533,MA1A**********533,WO14533,SUV Pro,GA-2, stn-05 ,2026-03-05 04:26,ENG-1459,SUP-174,EMP206,TL-007,B
M11534,MA1A**********534,WO14534,Sedan X,TRIM-1,STN-03,2026-03-05 04:27,ENG-1051,SUP-046,EMP178,TL-038,
M11535,MA1A**********535,WO14535,SUV Pro,GA-1, stn-05 ,2026-03-05 04:28,ENG-1291,SUP-138,EMP291,TL-025,
M11536,MA1A**********536,WO14536,Sedan X,GA-1,STN-02,2026-03-05 04:30,ENG-1117,SUP-089,EMP122,TL-042,A
M11537,MA1A**********537,WO14537,SUV Pro,GA-1,STN-02,2026-03-05 04:31,ENG-1127,SUP-034,EMP267,TL-013,A
M11538,MA1A**********538,WO14538,SUV Pro,GA-1,STN-03,2026-03-05 04:32,ENG-1484,SUP-092,EMP266,TL-069,
M11539,MA1A**********539,WO14539,Sedan X,PAINT-1, stn-05 ,2026-03-05 04:33,ENG-1357,SUP-014,EMP239,TL-020,B
M11540,MA1A**********540,WO14540,Hatch Z,PAINT-1,STN-03,2026-03-05 04:35,ENG-1201,SUP-079,EMP136,TL-011,B
M11541,MA1A**********541,WO14541,SUV Pro,PAINT-1,Stn-03,2026-03-05 04:36,ENG-1044,SUP-034,EMP264,TL-030,A
M11542,MA1A**********542,WO14542,SUV Pro,GA-1,STN-05,2026-03-05 04:37,ENG-1046,SUP-064,EMP276,TL-003,C
M11543,MA1A**********543,WO14543,Hatch Z,GA-2, stn-05 ,2026-03-05 04:38,ENG-1352,SUP-080,EMP230,TL-098,A
M11544,MA1A**********544,WO14544,Hatch Z,TRIM-1,STN-01,2026-03-05 04:40,ENG-1170,SUP-178,EMP354,TL-097,C
M11545,MA1A**********545,WO14545,SUV Pro,TRIM-1,STN-01,2026-03-05 04:41,ENG-1457,SUP-101,EMP321,TL-030,B
M11546,MA1A**********546,WO14546,Hatch Z,GA-2,STN-03,2026-03-05 04:42,ENG-1209,SUP-063,EMP108,TL-999,
M11547,MA1A**********547,WO14547,Sedan X,TRIM-1,STN-02,2026-03-05 04:43,ENG-1432,SUP-020,EMP374,TL-085,C
M11548,MA1A**********548,WO14548,Hatch Z,TRIM-1,STN-02,2026-03-05 04:45,ENG-1161,SUP-034,EMP104,TL-100,A
M11549,MA1A**********549,WO14549,SUV Pro,TRIM-1,STN-01,2026-03-05 04:46,ENG-1160,SUP-011,EMP248,TL-020,A
M11550,MA1A**********550,WO14550,SUV Pro,TRIM-1,STN-05,2026-03-05 04:47,ENG-1414,SUP-092,EMP315,TL-077,
M11551,MA1A**********551,WO14551,SUV Pro,GA-1,STN-03,2026-03-05 04:48,ENG-1097,SUP-176,EMP210,TL-089,
M11552,MA1A**********552,WO14552,Sedan X,GA-1, stn-05 ,2026-03-05 04:50,ENG-1391,SUP-152,EMP119,TL-014,A
M11553,MA1A**********553,WO14553,Sedan X,PAINT-1,Stn-03,2026-03-05 04:51,ENG-1386,SUP-107,EMP149,TL-007,B
M11554,MA1A**********554,WO14554,Hatch Z,GA-2,STN-04,2026-03-05 04:52,ENG-1425,SUP-132,EMP368,TL-065,A
M11555,MA1A**********555,WO14555,Hatch Z,GA-2,STN-01,2026-03-05 04:53,ENG-1143,SUP-101,EMP158,TL-050,B
M11556,MA1A**********556,WO14556,Hatch Z,GA-1,STN-04,2026-03-05 04:55,ENG-1495,SUP-131,EMP342,TL-091,C
M11557,MA1A**********557,WO14557,Sedan X,PAINT-1,STN-04,2026-03-05 04:56,ENG-1476,SUP-153,EMP123,TL-045,A
M11558,MA1A**********558,WO14558,Hatch Z,TRIM-1,STN-03,2026-03-05 04:57,ENG-1204,SUP-195,EMP385,TL-069,B
M11559,MA1A**********559,WO14559,SUV Pro,TRIM-1,STN-02,2026-03-05 04:58,ENG-1268,SUP-009,EMP106,TL-062,B
M11560,MA1A**********560,WO14560,Hatch Z,TRIM-1,STN-02,2026-03-05 05:00,ENG-1421,SUP-001,EMP383,TL-015,C
M11561,MA1A**********561,WO14561,SUV Pro,GA-2, stn-05 ,2026-03-05 05:01,ENG-1098,SUP-118,EMP207,TL-046,
M11562,MA1A**********562,WO14562,SUV Pro,GA-1,STN-04,2026-03-05 05:02,ENG-1264,SUP-058,EMP114,TL-069,B
M11563,MA1A**********563,WO14563,Sedan X,TRIM-1,STN-05,2026-03-05 05:03,ENG-1227,SUP-134,EMP399,TL-081,C
M11564,MA1A**********564,WO14564,Sedan X,PAINT-1,STN-03,2026-03-05 05:05,ENG-1145,SUP-156,EMP380,TL-027,
M11565,MA1A**********565,WO14565,SUV Pro,GA-1,STN-03,2026-03-05 05:06,ENG-1198,SUP-124,EMP234,TL-073,A
M11566,MA1A**********566,WO14566,SUV Pro,TRIM-1,STN-05,2026-03-05 05:07,ENG-1263,SUP-186,EMP313,TL-058,C
M11567,MA1A**********567,WO14567,Sedan X,PAINT-1,Stn-03,2026-03-05 05:08,ENG-1251,SUP-026,EMP143,TL-055,C
M11568,MA1A**********568,WO14568,SUV Pro,TRIM-1,STN-01,2026-03-05 05:10,ENG-1179,SUP-172,EMP287,TL-052,B
M11569,MA1A**********569,WO14569,SUV Pro,GA-2,Stn-03,2026-03-05 05:11,ENG-1045,SUP-129,EMP124,TL-081,
M11570,MA1A**********570,WO14570,Sedan X,GA-2,STN-01,2026-03-05 05:12,ENG-1368,SUP-009,EMP168,TL-045,C
M11571,MA1A**********571,WO14571,SUV Pro,PAINT-1,Stn-03,2026-03-05 05:13,ENG-1404,SUP-055,EMP222,TL-099,
M11572,MA1A**********572,WO14572,Hatch Z,TRIM-1,STN-04,2026-03-05 05:15,ENG-1406,SUP-062,EMP109,TL-087,B
M11573,MA1A**********573,WO14573,Sedan X,TRIM-1,STN-04,2026-03-05 05:16,ENG-1352,SUP-143,EMP346,TL-014,B
M11574,MA1A**********574,WO14574,SUV Pro,GA-1,STN-03,2026-03-05 05:17,ENG-1144,SUP-141,EMP346,TL-087,B
M11575,MA1A**********575,WO14575,Sedan X,GA-1,STN-02,2026-03-05 05:18,ENG-1134,SUP-171,EMP129,TL-018,C
M11576,MA1A**********576,WO14576,SUV Pro,PAINT-1,STN-03,2026-03-05 05:20,ENG-1012,SUP-169,EMP129,TL-044,C
M11577,MA1A**********577,WO14577,Hatch Z,GA-1,STN-05,2026-03-05 05:21,ENG-1381,SUP-185,EMP118,TL-086,B
M11578,MA1A**********578,WO14578,Hatch Z,TRIM-1,STN-04,2026-03-05 05:22,ENG-1323,SUP-118,EMP221,TL-067,
M11579,MA1A**********579,WO14579,Sedan X,PAINT-1,STN-04,2026-03-05 05:23,ENG-1049,SUP-101,EMP209,TL-002,B
M11580,MA1A**********580,WO14580,SUV Pro,GA-2,STN-05,2026-03-05 05:25,ENG-1112,SUP-198,EMP130,TL-004,A
M11581,MA1A**********581,WO14581,Hatch Z,GA-1,STN-03,2026-03-05 05:26,ENG-1114,SUP-081,EMP180,TL-079,C
M11582,MA1A**********582,WO14582,Hatch Z,GA-2,STN-01,2026-03-05 05:27,ENG-1251,SUP-178,EMP242,TL-014,
M11583,MA1A**********583,WO14583,Hatch Z,TRIM-1,STN-03,2026-03-05 05:28,ENG-1138,SUP-106,EMP298,TL-020,
M11584,MA1A**********584,WO14584,Hatch Z,GA-2,STN-03,2026-03-05 05:30,ENG-1051,SUP-134,EMP293,TL-021,B
M11585,MA1A**********585,WO14585,SUV Pro,GA-2,STN-04,2026-03-05 05:31,ENG-1398,SUP-084,EMP306,TL-008,A
M11586,MA1A**********586,WO14586,Sedan X,GA-2,STN-02,2026-03-05 05:32,ENG-1019,SUP-034,EMP214,TL-037,A
M11587,MA1A**********587,WO14587,SUV Pro,TRIM-1, stn-05 ,2026-03-05 05:33,ENG-1239,SUP-116,EMP152,TL-024,C
M11588,MA1A**********588,WO14588,Sedan X,PAINT-1,STN-05,2026-03-05 05:35,ENG-1288,SUP-189,EMP122,TL-034,A
M11589,MA1A**********589,WO14589,Hatch Z,GA-2,Stn-03,2026-03-05 05:36,ENG-1441,SUP-130,EMP106,TL-044,A
M11590,MA1A**********590,WO14590,SUV Pro,TRIM-1,STN-04,2026-03-05 05:37,ENG-1022,SUP-182,EMP377,TL-015,B
M11591,MA1A**********591,WO14591,Sedan X,GA-2,STN-04,2026-03-05 05:38,ENG-1269,SUP-142,EMP250,TL-099,C
M11592,MA1A**********592,WO14592,SUV Pro,GA-1,STN-05,2026-03-05 05:40,ENG-1285,SUP-098,EMP199,TL-054,A
M11593,MA1A**********593,WO14593,SUV Pro,GA-2,STN-04,2026-03-05 05:41,ENG-1200,SUP-157,EMP265,TL-071,C
M11594,MA1A**********594,WO14594,SUV Pro,PAINT-1,STN-02,2026-03-05 05:42,ENG-1007,SUP-038,EMP181,TL-034,B
M11595,MA1A**********595,WO14595,SUV Pro,TRIM-1,STN-02,2026-03-05 05:43,ENG-1370,SUP-019,EMP225,TL-060,B
M11596,MA1A**********596,WO14596,SUV Pro,GA-1,STN-03,2026-03-05 05:45,ENG-1187,SUP-011,EMP215,TL-010,A
M11597,MA1A**********597,WO14597,Hatch Z,GA-1, stn-05 ,2026-03-05 05:46,ENG-1078,SUP-098,EMP294,TL-081,A
M11598,MA1A**********598,WO14598,SUV Pro,GA-1,STN-05,2026-03-05 05:47,ENG-1390,SUP-064,EMP393,TL-053,A
M11599,MA1A**********599,WO14599,SUV Pro,GA-1,STN-01,2026-03-05 05:48,ENG-1135,SUP-117,EMP147,TL-065,A
M11600,MA1A**********600,WO14600,Sedan X,GA-2, stn-05 ,2026-03-05 05:50,ENG-1161,SUP-097,EMP173,TL-039,
M11601,MA1A**********601,WO14601,SUV Pro,GA-2,STN-03,2026-03-05 05:51,ENG-1032,SUP-012,EMP212,TL-034,A
M11602,MA1A**********602,WO14602,SUV Pro,GA-1,STN-02,2026-03-05 05:52,ENG-1386,SUP-018,EMP364,TL-014,A
M11603,MA1A**********603,WO14603,Hatch Z,GA-1,STN-03,2026-03-05 05:53,ENG-1004,SUP-088,EMP143,TL-090,B
M11604,MA1A**********604,WO14604,Sedan X,PAINT-1, stn-05 ,2026-03-05 05:55,ENG-1059,SUP-114,EMP101,TL-040,C
M11605,MA1A**********605,WO14605,SUV Pro,GA-1,STN-05,2026-03-05 05:56,ENG-1184,SUP-107,EMP100,TL-074,C
M11606,MA1A**********606,WO14606,Sedan X,TRIM-1,STN-04,2026-03-05 05:57,ENG-1051,SUP-076,EMP357,TL-059,B
M11607,MA1A**********607,WO14607,Sedan X,GA-1,STN-02,2026-03-05 05:58,ENG-1053,SUP-068,EMP281,TL-098,
M11608,MA1A**********608,WO14608,SUV Pro,PAINT-1,STN-04,2026-03-05 06:00,ENG-1064,SUP-196,EMP178,TL-059,C
M11609,MA1A**********609,WO14609,Hatch Z,TRIM-1,STN-05,2026-03-05 06:01,ENG-1137,SUP-014,EMP332,TL-093,C
M11610,MA1A**********610,WO14610,Sedan X,GA-2,STN-02,2026-03-05 06:02,ENG-1439,SUP-116,EMP235,TL-034,
M11611,MA1A**********611,WO14611,Sedan X,GA-2,STN-02,2026-03-05 06:03,ENG-1311,SUP-028,EMP217,TL-051,C
M11612,MA1A**********612,WO14612,Sedan X,GA-2,Stn-03,2026-03-05 06:05,ENG-1322,SUP-104,EMP253,TL-010,A
M11613,MA1A**********613,WO14613,SUV Pro,GA-1,STN-02,2026-03-05 06:06,ENG-1085,SUP-110,EMP330,TL-045,B
M11614,MA1A**********614,WO14614,Sedan X,GA-1,STN-03,2026-03-05 06:07,ENG-1250,SUP-102,EMP223,TL-012,A
M11615,MA1A**********615,WO14615,Sedan X,GA-1,STN-05,2026-03-05 06:08,ENG-1308,SUP-104,EMP270,TL-038,
M11616,MA1A**********616,WO14616,Sedan X,GA-2,STN-03,2026-03-05 06:10,ENG-1115,SUP-102,EMP119,TL-050,C
M11617,MA1A**********617,WO14617,Sedan X,GA-1,STN-03,2026-03-05 06:11,ENG-1225,SUP-075,EMP366,TL-052,
M11618,MA1A**********618,WO14618,Hatch Z,PAINT-1,STN-05,2026-03-05 06:12,ENG-1193,SUP-199,EMP398,TL-067,C
M11619,MA1A**********619,WO14619,Hatch Z,PAINT-1,STN-05,2026-03-05 06:13,ENG-1035,SUP-120,EMP106,TL-084,B
M11620,MA1A**********620,WO14620,SUV Pro,GA-1,STN-01,2026-03-05 06:15,ENG-1027,SUP-117,EMP339,TL-001,A
M11621,MA1A**********621,WO14621,SUV Pro,TRIM-1,Stn-03,2026-03-05 06:16,ENG-1441,SUP-057,EMP346,TL-041,C
M11622,MA1A**********622,WO14622,Hatch Z,GA-2,Stn-03,2026-03-05 06:17,ENG-1103,SUP-010,EMP327,TL-068,A
M11623,MA1A**********623,WO14623,Sedan X,GA-1,STN-04,2026-03-05 06:18,ENG-1054,SUP-147,EMP316,TL-007,A
M11624,MA1A**********624,WO14624,SUV Pro,GA-1,STN-02,2026-03-05 06:20,ENG-1472,SUP-024,EMP237,TL-037,C
M11625,MA1A**********625,WO14625,Sedan X,PAINT-1,STN-03,2026-03-05 06:21,ENG-1434,SUP-152,EMP316,TL-058,C
M11626,MA1A**********626,WO14626,Sedan X,GA-2,STN-02,2026-03-05 06:22,ENG-1340,SUP-170,EMP365,TL-039,
M11627,MA1A**********627,WO14627,Hatch Z,PAINT-1,STN-03,2026-03-05 06:23,ENG-1481,SUP-042,EMP217,TL-073,A
M11628,MA1A**********628,WO14628,SUV Pro,GA-1,Stn-03,2026-03-05 06:25,ENG-1108,SUP-187,EMP219,TL-047,B
M11629,MA1A**********629,WO14629,Sedan X,GA-1,STN-03,2026-03-05 06:26,ENG-1316,SUP-178,EMP399,TL-075,B
M11630,MA1A**********630,WO14630,SUV Pro,TRIM-1,STN-03,2026-03-05 06:27,ENG-1109,SUP-185,EMP297,TL-092,A
M11631,MA1A**********631,WO14631,Hatch Z,TRIM-1, stn-05 ,2026-03-05 06:28,ENG-1425,SUP-117,EMP220,TL-014,
M11632,MA1A**********632,WO14632,Sedan X,PAINT-1,Stn-03,2026-03-05 06:30,ENG-1218,SUP-178,EMP179,TL-035,
M11633,MA1A**********633,WO14633,Hatch Z,GA-2,STN-02,2026-03-05 06:31,ENG-1405,SUP-192,EMP386,TL-045,
M11634,MA1A**********634,WO14634,SUV Pro,GA-2,Stn-03,2026-03-05 06:32,ENG-1318,SUP-040,EMP345,TL-085,
M11635,MA1A**********635,WO14635,Hatch Z,TRIM-1, stn-05 ,2026-03-05 06:33,ENG-1047,SUP-067,EMP140,TL-031,C
M11636,MA1A**********636,WO14636,Hatch Z,GA-2,Stn-03,2026-03-05 06:35,ENG-1063,SUP-196,EMP346,TL-078,
M11637,MA1A**********637,WO14637,SUV Pro,GA-1,STN-04,2026-03-05 06:36,ENG-1003,SUP-094,EMP286,TL-072,A
M11638,MA1A**********638,WO14638,SUV Pro,GA-2,Stn-03,2026-03-05 06:37,ENG-1163,SUP-119,EMP164,TL-016,A
M11639,MA1A**********639,WO14639,SUV Pro,GA-2,STN-03,2026-03-05 06:38,ENG-1012,SUP-101,EMP385,TL-079,B
M11640,MA1A**********640,WO14640,SUV Pro,PAINT-1,STN-04,2026-03-05 06:40, eng-1001 ,SUP-078,EMP305,TL-027,
M11641,MA1A**********641,WO14641,Sedan X,GA-1,STN-03,2026-03-05 06:41,ENG-1339,SUP-161,EMP267,TL-047,
M11642,MA1A**********642,WO14642,Sedan X,GA-2,STN-05,2026-03-05 06:70,ENG-1367,SUP-061,EMP228,TL-085,B
M11643,MA1A**********643,WO14643,SUV Pro,GA-1, stn-05 ,2026-03-05 06:43,ENG-1276,SUP-102,EMP303,TL-096,B
M11644,MA1A**********644,WO14644,SUV Pro,PAINT-1,STN-02,2026-03-05 06:45,ENG-1309,SUP-167,EMP128,TL-043,A
M11645,MA1A**********645,WO14645,Hatch Z,GA-2,STN-04,2026-03-05 06:46,ENG-1027,SUP-002,EMP124,TL-086,A
M11646,MA1A**********646,WO14646,Sedan X,GA-1,STN-01,2026-03-05 06:47,ENG-1418,SUP-084,EMP317,TL-010,
M11647,MA1A**********647,WO14647,Sedan X,TRIM-1,STN-02,2026-03-05 06:48,ENG-1287,SUP-067,EMP229,TL-099,A
M11648,MA1A**********648,WO14648,Sedan X,GA-1,Stn-03,2026-03-05 06:50,ENG-1118,SUP-001,EMP124,TL-087,B
M11649,MA1A**********649,WO14649,Hatch Z,GA-2,STN-05,2026-03-05 06:51,ENG-1437,SUP-078,EMP292,TL-074,A
M11650,MA1A**********650,WO14650,Hatch Z,TRIM-1,STN-04,2026-03-05 06:52,ENG-1065,SUP-051,EMP211,TL-010,A
M11651,MA1A**********651,WO14651,SUV Pro,PAINT-1,STN-05,2026-03-05 06:53,ENG-1063,SUP-127,EMP338,TL-081,B
M11652,MA1A**********652,WO14652,Hatch Z,TRIM-1,Stn-03,2026-03-05 06:55,ENG-1461,SUP-093,EMP262,TL-093,
M11653,MA1A**********653,WO14653,Sedan X,GA-2,STN-02,2026-03-05 06:56,ENG-1036,SUP-198,EMP371,TL-071,B
M11654,MA1A**********654,WO14654,Sedan X,GA-1,STN-04,2026-03-05 06:57,ENG-1109,SUP-193,EMP141,TL-068,
M11655,MA1A**********655,WO14655,SUV Pro,GA-1,STN-04,2026-03-05 06:58,ENG-1196,SUP-017,EMP214,TL-004,B
M11656,MA1A**********656,WO14656,Sedan X,TRIM-1,STN-03,2026-03-05 07:00,ENG-1391,SUP-030,EMP323,TL-078,B
M11657,MA1A**********657,WO14657,SUV Pro,GA-2,STN-03,2026-03-05 07:01,ENG-1467,SUP-161,EMP133,TL-053,
M11658,MA1A**********658,WO14658,SUV Pro,PAINT-1,STN-01,2026-03-05 07:02,ENG-1428,SUP-063,EMP175,TL-029,A
M11659,MA1A**********659,WO14659,Hatch Z,GA-2, stn-05 ,2026-03-05 07:03,ENG-1091,SUP-088,EMP171,TL-999,B
M11660,MA1A**********660,WO14660,Hatch Z,TRIM-1,Stn-03,2026-03-05 07:05,ENG-1232,SUP-027,EMP189,TL-049,B
M11661,MA1A**********661,WO14661,SUV Pro,PAINT-1,STN-05,2026-03-05 07:06,ENG-1433,SUP-160,EMP390,TL-042,B
M11662,XX1 **3 4,WO14662,Sedan X,PAINT-1,STN-02,2026-03-05 07:07,ENG-1464,,EMP312,TL-098,C
M11663,MA1A**********663,WO14663,SUV Pro,PAINT-1, stn-05 ,2026-03-05 07:08,ENG-1266,SUP-072,EMP227,TL-096,
M11664,MA1A**********664,WO14664,Hatch Z,TRIM-1,STN-05,2026-03-05 07:10,ENG-1057,SUP-030,EMP138,TL-040,B
M11665,MA1A**********665,WO14665,Sedan X,GA-1,STN-04,2026-03-05 07:11,ENG-1131,SUP-007,EMP366,TL-004,C
M11666,MA1A**********666,WO14666,Hatch Z,TRIM-1,STN-04,2026-03-05 07:12,ENG-1043,SUP-086,EMP262,TL-090,C
M11667,MA1A**********667,WO14667,Hatch Z,GA-1,Stn-03,2026-03-05 07:13,ENG-1327,SUP-100,EMP185,TL-100,
M11668,MA1A**********668,WO14668,Hatch Z,TRIM-1,STN-05,2026-03-05 07:15,ENG-1026,SUP-044,EMP282,TL-074,A
M11669,MA1A**********669,WO14669,Hatch Z,GA-2,STN-01,2026-03-05 07:16,ENG-1365,SUP-187,EMP236,TL-050,B
M11670,MA1A**********670,WO14670,SUV Pro,GA-2,STN-01,2026-03-05 07:17,ENG-1211,SUP-046,EMP303,TL-051,A
M11671,MA1A**********671,WO14671,Sedan X,GA-2,STN-02,2026/03/05 07:18,ENG-1165,SUP-131,EMP252,TL-010,A
M11672,MA1A**********672,WO14672,Sedan X,PAINT-1,STN-03,2026-03-05 07:20,ENG-1336,SUP-159,EMP390,TL-063,
M11673,MA1A**********673,WO14673,Sedan X,TRIM-1,Stn-03,2026-03-05 07:21,ENG-1292,SUP-051,EMP283,TL-063,C
M11674,MA1A**********674,WO14674,SUV Pro,GA-1,STN-05,2026-03-05 07:22,ENG-1492,SUP-165,EMP174,TL-033,
M11675,MA1A**********675,WO14675,SUV Pro,GA-1,STN-01,2026-03-05 07:23,ENG-1032,SUP-123,EMP210,TL-051,
M11676,MA1A**********676,WO14676,Sedan X,GA-2, stn-05 ,2026-03-05 07:25,ENG-1270,SUP-109,EMP175,TL-046,
M11677,MA1A**********677,WO14677,Hatch Z,TRIM-1,Stn-03,2026-03-05 07:26,ENG-1220,SUP-027,EMP152,TL-021,C
M11678,MA1A**********678,WO14678,Hatch Z,PAINT-1, stn-05 ,2026-03-05 07:27,ENG-1435,SUP-042,EMP205,TL-027,A
M11679,MA1A**********679,WO14679,Sedan X,GA-1,STN-03,2026-03-05 07:28,ENG-1203,SUP-064,EMP116,TL-096,B
M11680,MA1A**********680,WO14680,Hatch Z,GA-2, stn-05 ,2026-03-05 07:30,ENG-1129,SUP-164,EMP386,TL-018,
M11681,MA1A**********681,WO14681,Sedan X,GA-2,Stn-03,2026-03-05 07:31,ENG-1056,SUP-011,EMP341,TL-088,B
M11682,MA1A**********682,WO14682,Sedan X,GA-2, stn-05 ,2026-03-05 07:32,ENG-1225,SUP-059,EMP318,TL-046,C
M11683,MA1A**********683,WO14683,Hatch Z,PAINT-1,STN-02,2026-03-05 07:33,ENG-1094,SUP-001,EMP341,TL-018,A
M11684,MA1A**********684,WO14684,Sedan X,TRIM-1,Stn-03,2026-03-05 07:35,ENG-1011,SUP-141,EMP251,TL-018,
M11685,MA1A**********685,WO14685,SUV Pro,GA-1,STN-04,2026-03-05 07:36,ENG-1349,SUP-184,EMP182,TL-063,
M11686,MA1A**********686,WO14686,Sedan X,TRIM-1,STN-03,2026-03-05 07:37,ENG-1033,SUP-041,EMP267,TL-046,C
M11687,MA1A**********687,WO14687,Sedan X,GA-1,STN-01,2026-03-05 07:38,ENG-1489,SUP-094,EMP141,TL-005,A
M11688,MA1A**********688,WO14688,Hatch Z,PAINT-1, stn-05 ,2026-03-05 07:40,ENG-1275,SUP-197,EMP231,TL-091,B
M11689,MA1A**********689,WO14689,Sedan X,TRIM-1,STN-02,2026-03-05 07:41,ENG-1106,SUP-177,EMP124,TL-002,B
M11690,MA1A**********690,WO14690,SUV Pro,GA-1,STN-04,2026-03-05 07:42,ENG-1068,SUP-034,EMP223,TL-042,A
M11691,MA1A**********691,WO14691,Sedan X,GA-2,STN-01,2026-03-05 07:43,ENG-1361,SUP-049,EMP239,TL-088,B
M11692,MA1A**********692,WO14692,Hatch Z,PAINT-1,STN-02,2026-03-05 07:45,ENG-1233,SUP-085,EMP204,TL-074,A
M11693,MA1A**********693,WO14693,SUV Pro,GA-2,Stn-03,2026-03-05 07:46,ENG-1489,SUP-144,EMP115,TL-078,A
M11694,MA1A**********694,WO14694,SUV Pro,TRIM-1,STN-02,2026-03-05 07:47,ENG-1063,SUP-109,EMP318,TL-079,
M11695,MA1A**********695,WO14695,Hatch Z,TRIM-1, stn-05 ,2026-03-05 07:48,ENG-1346,SUP-079,EMP104,TL-032,B
M11696,MA1A**********696,WO14696,Sedan X,PAINT-1,STN-03,2026-03-05 07:50,ENG-1142,SUP-065,EMP132,TL-003,
M11697,MA1A**********697,WO14697,Sedan X,TRIM-1,STN-04,2026-03-05 07:51,ENG-1135,SUP-149,EMP337,TL-001,A
M11698,MA1A**********698,WO14698,Hatch Z,PAINT-1,STN-03,2026-03-05 07:52,ENG-1403,SUP-189,EMP269,TL-071,A
M11699,MA1A**********699,WO14699,Sedan X,PAINT-1, stn-05 ,2026-03-05 07:53,ENG-1335,SUP-025,EMP350,TL-053,C
M11700,MA1A**********700,WO14700,Sedan X,TRIM-1,Stn-03,2026-03-05 07:55,ENG-1354,SUP-044,EMP364,TL-001,B
M11701,MA1A**********701,WO14701,SUV Pro,GA-1,STN-01,2026-03-05 07:56,ENG-1183,SUP-002,EMP262,TL-003,
M11702,MA1A**********702,WO14702,Hatch Z,TRIM-1,STN-01,2026-03-05 07:57,ENG-1374,SUP-185,EMP199,TL-016,C
M11703,MA1A**********703,WO14703,Sedan X,PAINT-1,STN-03,2026-03-05 07:58,ENG-1081,SUP-179,EMP225,TL-090,B
M11704,MA1A**********704,WO14704,Sedan X,GA-1,STN-03,2026-03-05 08:00,ENG-1257,SUP-141,EMP198,TL-059,
M11705,MA1A**********705,WO14705,Hatch Z,PAINT-1,STN-02,2026-03-05 08:01,ENG-1179,SUP-070,EMP129,TL-090,C
M11706,MA1A**********706,WO14706,SUV Pro,TRIM-1,STN-02,2026-03-05 08:02,ENG-1480,SUP-088,EMP201,TL-077,C
M11707,MA1A**********707,WO14707,Sedan X,GA-1,STN-01,2026-03-05 08:03,ENG-1059,SUP-085,EMP181,TL-042,C
M11708,MA1A**********708,WO14708,Hatch Z,TRIM-1,Stn-03,2026-03-05 08:05,ENG-1092,SUP-119,EMP328,TL-091,B
M11709,MA1A**********709,WO14709,SUV Pro,GA-1,STN-02,2026-03-05 08:06,ENG-1042,SUP-114,EMP241,TL-069,A
M11710,MA1A**********710,WO14710,Sedan X,GA-1,STN-03,2026-03-05 08:07,ENG-1465,SUP-092,EMP373,TL-065,A
M11711,MA1A**********711,WO14711,Hatch Z,TRIM-1,STN-01,2026-03-05 08:08,ENG-1428,SUP-140,EMP321,TL-009,C
M11712,MA1A**********712,WO14712,Sedan X,GA-2,STN-05,2026-03-05 08:10,ENG-1457,SUP-057,EMP288,TL-090,C
M11713,MA1A**********713,WO14713,Hatch Z,PAINT-1, stn-05 ,2026-03-05 08:11,ENG-1374,SUP-094,EMP192,TL-006,C
M11714,MA1A**********714,WO14714,Hatch Z,PAINT-1,STN-05,2026-03-05 08:12,ENG-1208,SUP-114,EMP264,TL-057,
M11715,MA1A**********715,WO14715,Hatch Z,GA-1,STN-01,2026-03-05 08:13,ENG-1348,SUP-049,EMP329,TL-076,B
M11716,MA1A**********716,WO14716,Sedan X,PAINT-1,Stn-03,2026-03-05 08:15,ENG-1169,SUP-120,EMP310,TL-019,
M11717,MA1A**********717,WO14717,SUV Pro,PAINT-1,Stn-03,2026-03-05 08:16,ENG-1444,SUP-175,EMP153,TL-012,
M11718,MA1A**********718,WO14718,Sedan X,PAINT-1,STN-05,2026-03-05 08:17,ENG-1292,SUP-119,EMP119,TL-097,A
M11719,MA1A**********719,WO14719,SUV Pro,GA-2,STN-02,2026-03-05 08:18,ENG-1059,SUP-199,EMP205,TL-026,
M11720,MA1A**********720,WO14720,Hatch Z,TRIM-1,STN-01,2026-03-05 08:20,ENG-1003,SUP-132,EMP200,TL-035,
M11721,MA1A**********721,WO14721,SUV Pro,GA-1,STN-02,2026-03-05 08:21,ENG-1343,SUP-130,EMP395,TL-067,B
M11722,MA1A**********722,WO14722,Sedan X,TRIM-1,STN-03,2026-03-05 08:22,ENG-1199,SUP-028,EMP159,TL-096,B
M11723,MA1A**********723,WO14723,Hatch Z,TRIM-1,STN-05,2026-03-05 08:23,ENG-1452,SUP-153,EMP164,TL-060,A
M11724,MA1A**********724,WO14724,Hatch Z,PAINT-1, stn-05 ,2026-03-05 08:25,ENG-1201,SUP-013,EMP212,TL-028,
M11725,MA1A**********725,WO14725,Hatch Z,PAINT-1,Stn-03,2026-03-05 08:26,ENG-1074,SUP-132,EMP287,TL-094,
M11726,MA1A**********726,WO14726,Hatch Z,GA-1,STN-05,2026-03-05 08:27,ENG-1395,SUP-197,EMP232,TL-100,B
M11727,MA1A**********727,WO14727,Hatch Z,TRIM-1,STN-04,2026-03-05 08:28,ENG-1356,SUP-063,EMP126,TL-092,A
M11728,MA1A**********728,WO14728,Hatch Z,GA-1,STN-04,2026-03-05 08:30,ENG-1121,SUP-128,EMP245,TL-079,C
M11729,MA1A**********729,WO14729,SUV Pro,PAINT-1,STN-04,2026-03-05 08:31,ENG-1350,SUP-165,EMP229,TL-040,C
M11730,MA1A**********730,WO14730,Sedan X,GA-1,STN-04,2026-03-05 08:32,ENG-1206,SUP-149,EMP187,TL-096,
M11731,MA1A**********731,WO14731,Sedan X,TRIM-1, stn-05 ,2026-03-05 08:33,ENG-1394,SUP-088,EMP245,TL-084,B
M11732,MA1A**********732,WO14732,SUV Pro,TRIM-1,Stn-03,2026-03-05 08:35,ENG-1181,SUP-146,EMP155,TL-089,
M11733,MA1A**********733,WO14733,Sedan X,PAINT-1,STN-02,2026-03-05 08:36,ENG-1174,SUP-149,EMP363,TL-027,C
M11734,MA1A**********734,WO14734,Hatch Z,GA-1,STN-04,2026-03-05 08:37,ENG-1415,SUP-156,EMP393,TL-055,C
M11735,MA1A**********735,WO14735,Hatch Z,PAINT-1,STN-04,2026-03-05 08:38,ENG-1259,SUP-194,EMP214,TL-087,
M11736,MA1A**********736,WO14736,SUV Pro,TRIM-1, stn-05 ,2026-03-05 08:40,ENG-1408,SUP-142,EMP136,TL-049,
M11737,MA1A**********737,WO14737,Hatch Z,PAINT-1,Stn-03,2026-03-05 08:41,ENG-1111,SUP-079,EMP119,TL-063,B
M11738,MA1A**********738,WO14738,Sedan X,TRIM-1, stn-05 ,2026-03-05 08:42,ENG-1343,SUP-026,EMP338,TL-060,
M11739,MA1A**********739,WO14739,Sedan X,GA-2,STN-03,2026-03-05 08:43,ENG-1336,SUP-007,EMP101,TL-063,B
M11740,MA1A**********740,WO14740,SUV Pro,GA-2,STN-02,2026-03-05 08:45,ENG-1097,SUP-051,EMP356,TL-042,C
M11741,MA1A**********741,WO14741,Sedan X,GA-2,STN-02,2026-03-05 08:46,ENG-1209,SUP-149,EMP274,TL-017,C
M11742,MA1A**********742,WO14742,Hatch Z,GA-1, stn-05 ,2026-03-05 08:47,ENG-1095,SUP-058,EMP144,TL-098,B
M11743,MA1A**********743,WO14743,Hatch Z,TRIM-1,STN-03,2026-03-05 08:48,ENG-1100,SUP-041,EMP334,TL-031,C
M11744,MA1A**********744,WO14744,Hatch Z,PAINT-1,Stn-03,2026-03-05 08:50,ENG-1060,SUP-073,EMP330,TL-020,C
M11745,MA1A**********745,WO14745,Hatch Z,GA-1,STN-02,2026-03-05 08:51,ENG-1071,SUP-033,EMP225,TL-035,
M11746,MA1A**********746,WO14746,SUV Pro,GA-1,STN-03,2026-03-05 08:52,ENG-1217,SUP-157,EMP268,TL-005,B
M11747,MA1A**********747,WO14747,Hatch Z,PAINT-1,STN-03,2026-03-05 08:53,ENG-1188,SUP-089,EMP331,TL-006,B
M11748,MA1A**********748,WO14748,Sedan X,GA-1,STN-04,2026-03-05 08:55,ENG-1058,SUP-121,EMP228,TL-010,B
M11749,MA1A**********749,WO14749,SUV Pro,PAINT-1,STN-03,2026-03-05 08:56,ENG-1479,SUP-093,EMP388,TL-036,
M11750,MA1A**********750,WO14750,SUV Pro,GA-1,Stn-03,2026-03-05 08:57,ENG-1081,SUP-028,EMP382,TL-073,B
M11751,MA1A**********751,WO14751,Hatch Z,GA-1, stn-05 ,2026-03-05 08:58,ENG-1075,SUP-123,EMP107,TL-054,C
M11752,MA1A**********752,WO14752,Sedan X,TRIM-1, stn-05 ,2026-03-05 09:00,ENG-1207,SUP-027,EMP178,TL-022,B
M11753,MA1A**********753,WO14753,Hatch Z,GA-2, stn-05 ,2026-03-05 09:01,ENG-1363,SUP-162,EMP113,TL-047,
M11754,MA1A**********754,WO14754,SUV Pro,PAINT-1,STN-04,2026-03-05 09:02,ENG-1285,SUP-178,EMP280,TL-032,A
M11755,MA1A**********755,WO14755,SUV Pro,PAINT-1,STN-03,2026-03-05 09:03,ENG-1165,SUP-088,EMP397,TL-043,A
M11756,MA1A**********756,WO14756,Sedan X,TRIM-1,STN-02,2026-03-05 09:05,ENG-1361,SUP-086,EMP319,TL-001,
M11757,MA1A**********757,WO14757,SUV Pro,TRIM-1,Stn-03,2026-03-05 09:06,ENG-1275,SUP-156,EMP259,TL-028,B
M11758,MA1A**********758,WO14758,Hatch Z,GA-2,STN-04,2026-03-05 09:07,ENG-1209,SUP-050,EMP395,TL-093,A
M11759,MA1A**********759,WO14759,SUV Pro,TRIM-1,STN-01,2026-03-05 09:08,ENG-1014,SUP-134,EMP191,TL-089,B
M11760,MA1A**********760,WO14760,SUV Pro,TRIM-1, stn-05 ,2026-03-05 09:10,ENG-1338,SUP-037,EMP317,TL-073,A
M11761,MA1A**********761,WO14761,Sedan X,GA-2,STN-02,2026-03-05 09:11,ENG-1031,SUP-145,EMP327,TL-048,C
M11762,MA1A**********762,WO14762,Hatch Z,GA-1,STN-04,2026-03-05 09:12,ENG-1053,SUP-118,EMP119,TL-056,
M11763,MA1A**********763,WO14763,Sedan X,GA-1,STN-03,2026-03-05 09:13,ENG-1347,SUP-028,EMP188,TL-005,A
M11764,MA1A**********764,WO14764,Sedan X,GA-2,STN-03,2026-03-05 09:15,ENG-1158,SUP-157,EMP116,TL-059,
M11765,MA1A**********765,WO14765,Hatch Z,TRIM-1,STN-02,2026-03-05 09:16,ENG-1467,SUP-030,EMP295,TL-024,A
M11766,MA1A**********766,WO14766,Hatch Z,GA-2, stn-05 ,2026-03-05 09:17,ENG-1121,SUP-194,EMP218,TL-076,A
M11767,MA1A**********767,WO14767,Hatch Z,GA-2,STN-05,2026-03-05 09:18,ENG-1470,SUP-097,EMP175,TL-015,A
M11768,MA1A**********768,WO14768,SUV Pro,GA-2,STN-01,2026-03-05 09:20,ENG-1245,SUP-022,EMP181,TL-023,
M11769,MA1A**********769,WO14769,Sedan X,GA-1,STN-05,2026-03-05 09:21,ENG-1064,SUP-038,EMP361,TL-030,
M11770,MA1A**********770,WO14770,SUV Pro,PAINT-1,STN-02,2026-03-05 09:22,ENG-1232,SUP-200,EMP127,TL-041,C
M11771,MA1A**********771,WO14771,Hatch Z,PAINT-1,STN-04,2026-03-05 09:23,ENG-1376,SUP-139,EMP374,TL-057,B
M11772,MA1A**********772,WO14772,Hatch Z,GA-2,STN-01,2026-03-05 09:25,ENG-1204,SUP-050,EMP177,TL-021,A
M11773,MA1A**********773,WO14773,Sedan X,GA-2,STN-04,2026-03-05 09:26,ENG-1499,SUP-148,EMP383,TL-007,C
M11774,MA1A**********774,WO14774,SUV Pro,TRIM-1, stn-05 ,2026-03-05 09:27,ENG-1214,SUP-094,EMP357,TL-075,C
M11775,MA1A**********775,WO14775,Sedan X,PAINT-1,STN-04,2026-03-05 09:28,ENG-1209,SUP-004,EMP390,TL-054,A
M11776,MA1A**********776,WO14776,Hatch Z,TRIM-1,Stn-03,2026-03-05 09:30,ENG-1486,SUP-068,EMP325,TL-020,C
M11777,MA1A**********777,WO14777,SUV Pro,GA-2,STN-03,2026-03-05 09:31,ENG-1236,SUP-056,EMP331,TL-071,
M11778,MA1A**********778,WO14778,Hatch Z,PAINT-1,STN-04,2026-03-05 09:32,ENG-1253,SUP-141,EMP374,TL-034,A
M11779,MA1A**********779,WO14779,SUV Pro,GA-1,Stn-03,2026-03-05 09:33,ENG-1356,SUP-179,EMP239,TL-054,C
M11780,MA1A**********780,WO14780,SUV Pro,TRIM-1,STN-04,2026-03-05 09:35,ENG-1397,SUP-014,EMP322,TL-012,B
M11781,MA1A**********781,WO14781,Hatch Z,TRIM-1,STN-02,2026-03-05 09:36,ENG-1279,SUP-079,EMP179,TL-052,A
M11782,MA1A**********782,WO14782,Hatch Z,GA-2,STN-05,2026-03-05 09:37,ENG-1407,SUP-038,EMP305,TL-088,A
M11783,MA1A**********783,WO14783,Hatch Z,TRIM-1,STN-03,2026-03-05 09:38,ENG-1061,SUP-113,EMP113,TL-001,C
M11784,MA1A**********784,WO14784,Sedan X,TRIM-1,STN-01,2026-03-05 09:40,ENG-1330,SUP-133,EMP317,TL-005,C
M11785,MA1A**********785,WO14785,SUV Pro,TRIM-1,STN-05,2026-03-05 09:41, eng-1001 ,SUP-132,EMP105,TL-026,A
M11786,MA1A**********786,WO14786,Hatch Z,TRIM-1,STN-04,2026-03-05 09:42,ENG-1156,SUP-121,EMP395,TL-048,A
M11787,MA1A**********787,WO14787,Sedan X,TRIM-1,STN-05,2026-03-05 09:43,ENG-1268,SUP-049,EMP163,TL-023,C
M11788,MA1A**********788,WO14788,Sedan X,PAINT-1,STN-02,2026-03-05 09:45,ENG-1191,SUP-173,EMP238,TL-011,
M11789,MA1A**********789,WO14789,Sedan X,GA-1,STN-05,2026-03-05 09:46,ENG-1309,SUP-022,EMP384,TL-088,C
M11790,MA1A**********790,WO14790,Hatch Z,GA-1,STN-05,2026-03-05 09:47,ENG-1225,SUP-001,EMP160,TL-061,A
M11791,MA1A**********791,WO14791,Hatch Z,TRIM-1,STN-04,2026-03-05 09:48,ENG-1446,SUP-027,EMP287,TL-022,A
M11792,MA1A**********792,WO14792,SUV Pro,TRIM-1, stn-05 ,2026-03-05 09:50,ENG-1052,SUP-186,EMP128,TL-061,C
M11793,MA1A**********793,WO14793,Sedan X,PAINT-1,STN-02,2026-03-05 09:51,ENG-1115,SUP-109,EMP380,TL-075,C
M11794,MA1A**********794,WO14794,Hatch Z,TRIM-1,STN-05,2026-03-05 09:52,ENG-1194,SUP-116,EMP177,TL-083,C
M11795,MA1A**********795,WO14795,SUV Pro,GA-1, stn-05 ,2026-03-05 09:53,ENG-1027,SUP-084,EMP134,TL-012,A
M11796,MA1A**********796,WO14796,Hatch Z,GA-1,STN-01,2026-03-05 09:55,ENG-1346,SUP-121,EMP126,TL-014,
M11797,MA1A**********797,WO14797,Hatch Z,PAINT-1,STN-01,2026-03-05 09:56,ENG-1371,SUP-046,EMP106,TL-048,A
M11798,MA1A**********798,WO14798,Sedan X,PAINT-1, stn-05 ,2026-03-05 09:57,ENG-1147,SUP-145,EMP342,TL-021,B
M11799,MA1A**********799,WO14799,Hatch Z,GA-2,STN-01,2026-03-05 09:58,ENG-1041,SUP-004,EMP188,TL-080,
M11800,MA1A**********800,WO14800,SUV Pro,TRIM-1,STN-03,2026-03-05 10:00,ENG-1331,SUP-118,EMP270,TL-082,B
M11801,MA1A**********801,WO14801,Hatch Z,TRIM-1,STN-03,2026-03-05 10:01,ENG-1304,SUP-192,EMP331,TL-096,C
M11802,MA1A**********802,WO14802,SUV Pro,GA-2,STN-03,2026-03-05 10:02,ENG-1077,SUP-099,EMP232,TL-086,B
M11803,MA1A**********803,WO14803,Sedan X,PAINT-1,STN-01,2026-03-05 10:03,ENG-1207,SUP-073,EMP157,TL-045,B
M11804,MA1A**********804,WO14804,SUV Pro,PAINT-1,STN-01,2026-03-05 10:05,ENG-1481,SUP-175,EMP287,TL-012,B
M11805,MA1A**********805,WO14805,Sedan X,TRIM-1,Stn-03,2026-03-05 10:06,ENG-1313,SUP-197,EMP217,TL-057,
M11806,MA1A**********806,WO14806,SUV Pro,TRIM-1,STN-04,2026-03-05 10:07,ENG-1273,SUP-030,EMP292,TL-099,A
M11807,MA1A**********807,WO14807,Hatch Z,PAINT-1,STN-03,2026-03-05 10:08,ENG-1254,SUP-197,EMP145,TL-059,C
M11808,MA1A**********808,WO14808,Hatch Z,GA-1,Stn-03,2026-03-05 10:10,ENG-1185,SUP-134,EMP252,TL-079,
M11809,MA1A**********809,WO14809,Hatch Z,GA-1,STN-03,2026-03-05 10:11,ENG-1139,SUP-151,EMP117,TL-066,A
M11810,MA1A**********810,WO14810,Sedan X,PAINT-1,STN-05,2026-03-05 10:12,ENG-1205,SUP-044,EMP245,TL-095,A
M11811,MA1A**********811,WO14811,Hatch Z,PAINT-1,STN-04,2026-03-05 10:13,ENG-1130,SUP-068,EMP269,TL-004,
M11812,MA1A**********812,WO14812,Sedan X,GA-2,STN-03,2026-03-05 10:15,ENG-1191,SUP-196,EMP224,TL-041,B
M11813,MA1A**********813,WO14813,SUV Pro,GA-1,STN-01,2026-03-05 10:16,ENG-1461,SUP-030,EMP146,TL-089,A
M11814,MA1A**********814,WO14814,Hatch Z,PAINT-1,Stn-03,2026-03-05 10:17,ENG-1354,SUP-019,EMP373,TL-033,
M11815,MA1A**********815,WO14815,Hatch Z,TRIM-1,STN-05,2026-03-05 10:18,ENG-1312,SUP-142,EMP264,TL-077,B
M11816,MA1A**********816,WO14816,Sedan X,GA-1,STN-02,2026-03-05 10:20,ENG-1182,SUP-148,EMP310,TL-016,B
M11817,MA1A**********817,WO14817,Sedan X,TRIM-1, stn-05 ,2026-03-05 10:21,ENG-1355,SUP-051,EMP240,TL-089,A
M11818,MA1A**********818,WO14818,Sedan X,GA-2,STN-02,2026-03-05 10:22,ENG-1336,SUP-108,EMP235,TL-020,C
M11819,MA1A**********819,WO14819,Hatch Z,TRIM-1, stn-05 ,2026-03-05 10:23,ENG-1477,SUP-035,EMP104,TL-043,C
M11820,MA1A**********820,WO14820,SUV Pro,GA-2,Stn-03,2026-03-05 10:25,ENG-1294,SUP-133,EMP347,TL-071,A
M11821,MA1A**********821,WO14821,Hatch Z,GA-2,STN-01,2026-03-05 10:26,ENG-1437,SUP-195,EMP244,TL-061,C
M11822,MA1A**********822,WO14822,Hatch Z,PAINT-1,STN-04,2026-03-05 10:27,ENG-1156,SUP-099,EMP102,TL-038,B
M11823,MA1A**********823,WO14823,Hatch Z,GA-2,STN-04,2026-03-05 10:28,ENG-1490,SUP-027,EMP346,TL-093,C
M11824,MA1A**********824,WO14824,Hatch Z,TRIM-1,Stn-03,2026-03-05 10:30,ENG-1450,SUP-047,EMP141,TL-034,
M11825,MA1A**********825,WO14825,Sedan X,TRIM-1,STN-02,2026-03-05 10:31,ENG-1255,SUP-087,EMP374,TL-007,C
M11826,MA1A**********826,WO14826,SUV Pro,GA-2,STN-05,2026-03-05 10:32,ENG-1426,SUP-047,EMP316,TL-058,
M11827,MA1A**********827,WO14827,Hatch Z,TRIM-1,STN-05,2026-03-05 10:33,ENG-1277,SUP-135,EMP336,TL-061,C
M11828,MA1A**********828,WO14828,SUV Pro,PAINT-1,STN-03,2026-03-05 10:35,ENG-1262,SUP-067,EMP331,TL-098,C
M11829,MA1A**********829,WO14829,Sedan X,GA-2,STN-03,2026-03-05 10:36,ENG-1002,SUP-030,EMP169,TL-093,B
M11830,MA1A**********830,WO14830,SUV Pro,GA-1, stn-05 ,2026-03-05 10:37,ENG-1168,SUP-155,EMP322,TL-024,
M11831,MA1A**********831,WO14831,SUV Pro,GA-1, stn-05 ,2026-03-05 10:38,ENG-1297,SUP-054,EMP228,TL-049,B
M11832,MA1A**********832,WO14832,Hatch Z,GA-1,STN-01,2026-03-05 10:40,ENG-1078,SUP-072,EMP370,TL-037,C
M11833,MA1A**********833,WO14833,SUV Pro,GA-2,STN-04,2026-03-05 10:41,ENG-1368,SUP-172,EMP278,TL-053,A
M11834,MA1A**********834,WO14834,Sedan X,PAINT-1,STN-04,2026-03-05 10:42,ENG-1283,SUP-103,EMP169,TL-091,B
M11835,MA1A**********835,WO14835,Hatch Z,GA-2,Stn-03,2026-03-05 10:43,ENG-1458,SUP-016,EMP338,TL-004,
M11836,MA1A**********836,WO14836,SUV Pro,PAINT-1,STN-05,2026-03-05 10:45,ENG-1015,SUP-081,EMP218,TL-014,
M11837,MA1A**********837,WO14837,Sedan X,GA-2, stn-05 ,2026-03-05 10:46,ENG-1066,SUP-116,EMP253,TL-031,B
M11838,MA1A**********838,WO14838,Sedan X,GA-2,Stn-03,2026-03-05 10:47,ENG-1225,SUP-173,EMP190,TL-084,
M11839,MA1A**********839,WO14839,Sedan X,TRIM-1, stn-05 ,2026-03-05 10:48,ENG-1332,SUP-042,EMP245,TL-039,
M11840,MA1A**********840,WO14840,SUV Pro,TRIM-1,STN-02,2026-03-05 10:50,ENG-1441,SUP-017,EMP153,TL-017,A
M11841,MA1A**********841,WO14841,Sedan X,GA-1,STN-04,2026-03-05 10:51,ENG-1278,SUP-048,EMP385,TL-063,A
M11842,MA1A**********842,WO14842,SUV Pro,TRIM-1,STN-01,2026-03-05 10:52,ENG-1163,SUP-179,EMP252,TL-045,C
M11843,MA1A**********843,WO14843,Hatch Z,TRIM-1,STN-04,2026-03-05 10:53,ENG-1118,SUP-091,EMP321,TL-042,C
M11844,MA1A**********844,WO14844,Sedan X,GA-1,STN-02,2026/03/05 10:55,ENG-1321,SUP-142,EMP367,TL-023,C
M11845,MA1A**********845,WO14845,Sedan X,GA-1,STN-02,2026-03-05 10:56,ENG-1468,SUP-170,EMP367,TL-091,
M11846,MA1A**********846,WO14846,SUV Pro,GA-1,STN-03,2026-03-05 10:57,ENG-1427,SUP-158,EMP239,TL-050,C
M11847,MA1A**********847,WO14847,Sedan X,GA-2, stn-05 ,2026-03-05 10:58,ENG-1430,SUP-137,EMP246,TL-058,A
M11848,MA1A**********848,WO14848,SUV Pro,GA-2,STN-01,2026-03-05 11:00,ENG-1124,SUP-021,EMP212,TL-087,B
M11849,MA1A**********849,WO14849,Hatch Z,TRIM-1,STN-01,2026-03-05 11:01,ENG-1405,SUP-188,EMP185,TL-027,B
M11850,MA1A**********850,WO14850,Sedan X,GA-2,Stn-03,2026-03-05 11:02,ENG-1221,SUP-098,EMP367,TL-056,C
M11851,MA1A**********851,WO14851,Sedan X,TRIM-1,Stn-03,2026-03-05 11:03,ENG-1383,SUP-124,EMP379,TL-050,B
M11852,MA1A**********852,WO14852,SUV Pro,PAINT-1,STN-02,2026-03-05 11:05,ENG-1241,SUP-037,EMP370,TL-060,
M11853,MA1A**********853,WO14853,Sedan X,GA-2,STN-02,2026-03-05 11:70,ENG-1003,SUP-130,EMP347,TL-058,B
M11854,MA1A**********854,WO14854,SUV Pro,TRIM-1,STN-01,2026-03-05 11:07,ENG-1489,SUP-191,EMP103,TL-053,B
M11855,MA1A**********855,WO14855,Hatch Z,GA-2,Stn-03,2026-03-05 11:08,ENG-1113,SUP-069,EMP277,TL-097,C
M11856,MA1A**********856,WO14856,SUV Pro,GA-2,STN-03,2026-03-05 11:10,ENG-1456,SUP-109,EMP188,TL-025,B
M11857,MA1A**********857,WO14857,SUV Pro,TRIM-1, stn-05 ,2026-03-05 11:11,ENG-1365,SUP-197,EMP118,TL-008,C
M11858,MA1A**********858,WO14858,SUV Pro,GA-2,STN-03,2026-03-05 11:12,ENG-1271,SUP-092,EMP399,TL-061,B
M11859,MA1A**********859,WO14859,Sedan X,GA-2,Stn-03,2026-03-05 11:13,ENG-1236,SUP-057,EMP164,TL-022,C
M11860,MA1A**********860,WO14860,SUV Pro,GA-1,STN-03,2026-03-05 11:15,ENG-1363,SUP-042,EMP230,TL-006,B
M11861,MA1A**********861,WO14861,SUV Pro,PAINT-1,STN-03,2026-03-05 11:16,ENG-1148,SUP-106,EMP366,TL-078,B
M11862,MA1A**********862,WO14862,Hatch Z,TRIM-1,STN-04,2026-03-05 11:17,ENG-1332,SUP-010,EMP250,TL-014,A
M11863,MA1A**********863,WO14863,SUV Pro,TRIM-1,STN-05,2026-03-05 11:18,ENG-1275,SUP-018,EMP284,TL-999,
M11864,MA1A**********864,WO14864,Hatch Z,PAINT-1,STN-04,2026-03-05 11:20,ENG-1445,SUP-166,EMP335,TL-030,
M11865,MA1A**********865,WO14865,SUV Pro,TRIM-1,STN-05,2026-03-05 11:21,ENG-1005,SUP-077,EMP242,TL-066,C
M11866,MA1A**********866,WO14866,Hatch Z,TRIM-1,STN-04,2026-03-05 11:22,ENG-1382,SUP-059,EMP206,TL-024,B
M11867,MA1A**********867,WO14867,Hatch Z,GA-1, stn-05 ,2026-03-05 11:23,ENG-1083,SUP-073,EMP378,TL-078,C
M11868,MA1A**********868,WO14868,SUV Pro,TRIM-1, stn-05 ,2026-03-05 11:25,ENG-1224,SUP-008,EMP105,TL-085,
M11869,MA1A**********869,WO14869,Sedan X,GA-2, stn-05 ,2026-03-05 11:26,ENG-1314,SUP-068,EMP260,TL-075,C
M11870,MA1A**********870,WO14870,Sedan X,TRIM-1,STN-03,2026-03-05 11:27,ENG-1016,SUP-125,EMP311,TL-004,C
M11871,MA1A**********871,WO14871,Sedan X,GA-1,STN-01,2026-03-05 11:28,ENG-1065,SUP-184,EMP124,TL-029,B
M11872,MA1A**********872,WO14872,Hatch Z,GA-1, stn-05 ,2026-03-05 11:30,ENG-1060,SUP-062,EMP358,TL-064,A
M11873,MA1A**********873,WO14873,SUV Pro,GA-2,STN-05,2026-03-05 11:31,ENG-1114,SUP-064,EMP282,TL-055,A
M11874,MA1A**********874,WO14874,SUV Pro,GA-1,STN-01,2026-03-05 11:32,ENG-1276,SUP-173,EMP108,TL-015,C
M11875,MA1A**********875,WO14875,Sedan X,GA-2,STN-04,2026-03-05 11:33,ENG-1143,SUP-051,EMP266,TL-052,
M11876,MA1A**********876,WO14876,Sedan X,GA-2, stn-05 ,2026-03-05 11:35,ENG-1335,SUP-116,EMP351,TL-022,
M11877,MA1A**********877,WO14877,Sedan X,PAINT-1,STN-04,2026-03-05 11:36,ENG-1187,SUP-156,EMP320,TL-085,C
M11878,MA1A**********878,WO14878,SUV Pro,PAINT-1,STN-03,2026-03-05 11:37,ENG-1491,SUP-127,EMP274,TL-073,C
M11879,MA1A**********879,WO14879,Hatch Z,PAINT-1,STN-03,2026-03-05 11:38,ENG-1013,SUP-088,EMP265,TL-084,B
M11880,MA1A**********880,WO14880,Hatch Z,TRIM-1,STN-02,2026-03-05 11:40,ENG-1288,SUP-182,EMP142,TL-057,A
M11881,MA1A**********881,WO14881,SUV Pro,PAINT-1,Stn-03,2026-03-05 11:41,ENG-1146,SUP-020,EMP386,TL-029,C
M11882,MA1A**********882,WO14882,Sedan X,PAINT-1,STN-02,2026-03-05 11:42,ENG-1378,SUP-170,EMP287,TL-019,A
M11883,MA1A**********883,WO14883,SUV Pro,GA-2,Stn-03,2026-03-05 11:43,ENG-1388,SUP-020,EMP301,TL-084,C
M11884,MA1A**********884,WO14884,Sedan X,GA-1,STN-05,2026-03-05 11:45,ENG-1322,,EMP194,TL-012,C
M11885,MA1A**********885,WO14885,SUV Pro,TRIM-1,STN-03,2026-03-05 11:46,ENG-1363,SUP-076,EMP263,TL-020,A
M11886,MA1A**********886,WO14886,Sedan X,GA-1,Stn-03,2026-03-05 11:47,ENG-1413,SUP-171,EMP169,TL-061,
M11887,MA1A**********887,WO14887,Hatch Z,PAINT-1,STN-04,2026-03-05 11:48,ENG-1103,SUP-007,EMP362,TL-094,B
M11888,MA1A**********888,WO14888,SUV Pro,GA-1,STN-02,2026-03-05 11:50,ENG-1421,SUP-187,EMP285,TL-088,B
M11889,MA1A**********889,WO14889,Sedan X,GA-1,Stn-03,2026-03-05 11:51,ENG-1086,SUP-189,EMP245,TL-037,A
M11890,MA1A**********890,WO14890,Hatch Z,GA-2,STN-05,2026-03-05 11:52,ENG-1102,SUP-198,EMP323,TL-030,C
M11891,MA1A**********891,WO14891,Hatch Z,GA-1,STN-05,2026-03-05 11:53,ENG-1128,SUP-024,EMP190,TL-092,A
M11892,MA1A**********892,WO14892,Hatch Z,GA-1,STN-03,2026-03-05 11:55,ENG-1367,SUP-169,EMP184,TL-046,
M11893,MA1A**********893,WO14893,Hatch Z,PAINT-1,STN-05,2026-03-05 11:56,ENG-1290,SUP-016,EMP113,TL-037,
M11894,MA1A**********894,WO14894,Hatch Z,PAINT-1,STN-01,2026-03-05 11:57,ENG-1069,SUP-168,EMP221,TL-020,C
M11895,MA1A**********895,WO14895,SUV Pro,TRIM-1,STN-01,2026-03-05 11:58,ENG-1044,SUP-142,EMP144,TL-999,A
M11896,MA1A**********896,WO14896,Sedan X,PAINT-1, stn-05 ,2026-03-05 12:00,ENG-1493,SUP-187,EMP219,TL-034,C
M11897,MA1A**********897,WO14897,SUV Pro,GA-1,STN-02,2026-03-05 12:01,ENG-1109,SUP-154,EMP321,TL-089,B
M11898,MA1A**********898,WO14898,SUV Pro,TRIM-1,STN-05,2026-03-05 12:02,ENG-1212,SUP-023,EMP195,TL-064,B
M11899,MA1A**********899,WO14899,SUV Pro,GA-2,STN-01,2026-03-05 12:03,ENG-1393,SUP-030,EMP177,TL-004,B
M11900,MA1A**********900,WO14900,Hatch Z,GA-1, stn-05 ,2026-03-05 12:05,ENG-1362,SUP-053,EMP357,TL-011,B
M11901,MA1A**********901,WO14901,Sedan X,GA-1,STN-03,2026-03-05 12:06,ENG-1303,SUP-079,EMP386,TL-005,B
M11902,MA1A**********902,WO14902,Hatch Z,GA-1,STN-05,2026-03-05 12:07,ENG-1279,SUP-166,EMP370,TL-092,A
M11903,MA1A**********903,WO14903,Hatch Z,TRIM-1, stn-05 ,2026-03-05 12:08,ENG-1211,SUP-078,EMP284,TL-021,B
M11904,MA1A**********904,WO14904,Sedan X,GA-1, stn-05 ,2026-03-05 12:10,ENG-1294,SUP-152,EMP118,TL-066,B
M11905,MA1A**********905,WO14905,Sedan X,GA-2,STN-02,2026-03-05 12:11,ENG-1164,SUP-101,EMP387,TL-094,B
M11906,MA1A**********906,WO14906,Sedan X,TRIM-1,STN-02,2026-03-05 12:12,ENG-1119,SUP-195,EMP320,TL-081,
M11907,MA1A**********907,WO14907,SUV Pro,GA-1,STN-03,2026-03-05 12:13,ENG-1498,SUP-183,EMP135,TL-062,A
M11908,MA1A**********908,WO14908,Sedan X,GA-2, stn-05 ,2026-03-05 12:15,ENG-1280,SUP-145,EMP147,TL-080,A
M11909,MA1A**********909,WO14909,Hatch Z,TRIM-1,STN-03,2026-03-05 12:16,ENG-1018,SUP-083,EMP115,TL-015,B
M11910,MA1A**********910,WO14910,Hatch Z,GA-2,Stn-03,2026-03-05 12:17,ENG-1081,SUP-006,EMP227,TL-035,C
M11911,MA1A**********911,WO14911,Hatch Z,PAINT-1,STN-04,2026-03-05 12:18,ENG-1014,SUP-127,EMP139,TL-033,
M11912,MA1A**********912,WO14912,SUV Pro,PAINT-1,STN-01,2026-03-05 12:20,ENG-1423,SUP-184,EMP353,TL-059,C
M11913,MA1A**********913,WO14913,Hatch Z,GA-2,STN-03,2026-03-05 12:21,ENG-1362,SUP-168,EMP335,TL-020,B
M11914,MA1A**********914,WO14914,Sedan X,TRIM-1,Stn-03,2026-03-05 12:22,ENG-1382,SUP-054,EMP160,TL-051,A
M11915,MA1A**********915,WO14915,Sedan X,TRIM-1, stn-05 ,2026-03-05 12:23,ENG-1257,SUP-187,EMP139,TL-012,A
M11916,MA1A**********916,WO14916,SUV Pro,TRIM-1,Stn-03,2026-03-05 12:25,ENG-1497,SUP-008,EMP196,TL-098,
M11917,MA1A**********917,WO14917,Sedan X,GA-1,STN-04,2026-03-05 12:26,ENG-1204,SUP-119,EMP111,TL-002,C
M11918,MA1A**********918,WO14918,Hatch Z,PAINT-1,STN-04,2026-03-05 12:27,ENG-1467,SUP-153,EMP303,TL-051,B
M11919,MA1A**********919,WO14919,Hatch Z,GA-2,Stn-03,2026-03-05 12:28,ENG-1126,SUP-056,EMP336,TL-008,A
M11920,MA1A**********920,WO14920,SUV Pro,GA-1, stn-05 ,2026-03-05 12:30,ENG-1348,SUP-082,EMP367,TL-002,A
M11921,MA1A**********921,WO14921,Hatch Z,TRIM-1,Stn-03,2026-03-05 12:31,ENG-1467,SUP-017,EMP240,TL-084,A
M11922,MA1A**********922,WO14922,Hatch Z,TRIM-1,STN-02,2026-03-05 12:32,ENG-1127,SUP-047,EMP210,TL-039,B
M11923,MA1A**********923,WO14923,Sedan X,TRIM-1,STN-03,2026-03-05 12:33,ENG-1455,SUP-137,EMP351,TL-038,C
M11924,MA1A**********924,WO14924,Hatch Z,GA-2,STN-05,2026-03-05 12:35,ENG-1448,SUP-167,EMP187,TL-032,
M11925,MA1A**********925,WO14925,SUV Pro,GA-1,Stn-03,2026-03-05 12:36,ENG-1295,SUP-127,EMP195,TL-019,C
M11926,MA1A**********926,WO14926,Hatch Z,GA-2, stn-05 ,2026-03-05 12:37,ENG-1191,SUP-141,EMP272,TL-096,C
M11927,MA1A**********927,WO14927,SUV Pro,PAINT-1,Stn-03,2026-03-05 12:38,ENG-1057,SUP-055,EMP158,TL-074,
M11928,MA1A**********928,WO14928,Sedan X,GA-2,STN-03,2026-03-05 12:40,ENG-1265,SUP-043,EMP220,TL-055,
M11929,MA1A**********929,WO14929,Hatch Z,GA-2,STN-05,2026-03-05 12:41,ENG-1363,SUP-126,EMP200,TL-051,B
M11930,MA1A**********930,WO14930,Sedan X,GA-2,STN-05,2026-03-05 12:42, eng-1001 ,SUP-005,EMP116,TL-034,B
M11931,MA1A**********931,WO14931,SUV Pro,PAINT-1,STN-04,2026-03-05 12:43,ENG-1186,SUP-133,EMP259,TL-053,
M11932,MA1A**********932,WO14932,SUV Pro,TRIM-1, stn-05 ,2026-03-05 12:45,ENG-1245,SUP-183,EMP236,TL-013,
M11933,MA1A**********933,WO14933,Sedan X,TRIM-1,Stn-03,2026-03-05 12:46,ENG-1045,SUP-034,EMP119,TL-052,B
M11934,MA1A**********934,WO14934,Sedan X,TRIM-1,STN-03,2026-03-05 12:47,ENG-1176,SUP-044,EMP394,TL-057,
M11935,MA1A**********935,WO14935,SUV Pro,GA-1,STN-01,2026-03-05 12:48,ENG-1133,SUP-092,EMP362,TL-039,A
M11936,MA1A**********936,WO14936,Hatch Z,GA-1,STN-01,2026-03-05 12:50,ENG-1383,SUP-199,EMP237,TL-033,A
M11937,MA1A**********937,WO14937,SUV Pro,TRIM-1,STN-02,2026-03-05 12:51,ENG-1278,SUP-029,EMP259,TL-092,B
M11938,MA1A**********938,WO14938,Hatch Z,TRIM-1,STN-01,2026-03-05 12:52,ENG-1037,SUP-107,EMP375,TL-049,A
M11939,MA1A**********939,WO14939,Sedan X,PAINT-1,STN-04,2026-03-05 12:53,ENG-1469,SUP-008,EMP201,TL-049,A
M11940,MA1A**********940,WO14940,Sedan X,GA-2,STN-04,2026-03-05 12:55,ENG-1383,SUP-192,EMP111,TL-999,C
M11941,MA1A**********941,WO14941,SUV Pro,PAINT-1, stn-05 ,2026-03-05 12:56,ENG-1322,SUP-070,EMP294,TL-045,C
M11942,MA1A**********942,WO14942,Sedan X,TRIM-1,STN-05,2026-03-05 12:57,ENG-1496,SUP-064,EMP294,TL-065,C
M11943,MA1A**********943,WO14943,Sedan X,TRIM-1,STN-04,2026-03-05 12:58,ENG-1045,SUP-069,EMP113,TL-026,C
M11944,MA1A**********944,WO14944,Hatch Z,PAINT-1, stn-05 ,2026-03-05 13:00,ENG-1351,SUP-081,EMP243,TL-044,C
M11945,MA1A**********945,WO14945,Hatch Z,TRIM-1,Stn-03,2026-03-05 13:01,ENG-1217,SUP-008,EMP104,TL-030,A
M11946,MA1A**********946,WO14946,Sedan X,GA-1,STN-05,2026-03-05 13:02,ENG-1489,SUP-106,EMP170,TL-020,
M11947,MA1A**********947,WO14947,Sedan X,GA-2,STN-05,2026-03-05 13:03,ENG-1192,SUP-151,EMP341,TL-035,B
M11948,MA1A**********948,WO14948,Hatch Z,GA-1, stn-05 ,2026-03-05 13:05,ENG-1438,SUP-187,EMP327,TL-096,B
M11949,MA1A**********949,WO14949,SUV Pro,GA-2,STN-05,2026-03-05 13:06,ENG-1188,SUP-169,EMP128,TL-075,C
M11950,MA1A**********950,WO14950,Hatch Z,TRIM-1,STN-01,2026-03-05 13:07,ENG-1404,SUP-150,EMP199,TL-034,A
M11951,MA1A**********951,WO14951,Hatch Z,GA-1,STN-04,2026-03-05 13:08,ENG-1349,SUP-093,EMP116,TL-070,A
M11952,MA1A**********952,WO14952,Sedan X,GA-2,STN-04,2026-03-05 13:10,ENG-1411,SUP-178,EMP232,TL-097,A
M11953,MA1A**********953,WO14953,Sedan X,PAINT-1,Stn-03,2026-03-05 13:11,ENG-1270,SUP-161,EMP228,TL-072,C
M11954,MA1A**********954,WO14954,Sedan X,TRIM-1,Stn-03,2026-03-05 13:12,ENG-1237,SUP-009,EMP107,TL-089,
M11955,MA1A**********955,WO14955,Sedan X,TRIM-1,STN-05,2026-03-05 13:13,ENG-1169,SUP-183,EMP395,TL-043,A
M11956,MA1A**********956,WO14956,SUV Pro,GA-2,STN-05,2026-03-05 13:15,ENG-1488,SUP-091,EMP230,TL-037,
M11957,MA1A**********957,WO14957,SUV Pro,PAINT-1,STN-03,2026-03-05 13:16,ENG-1070,SUP-022,EMP343,TL-090,C
M11958,MA1A**********958,WO14958,SUV Pro,GA-2,STN-04,2026-03-05 13:17,ENG-1175,SUP-044,EMP356,TL-001,A
M11959,MA1A**********959,WO14959,Sedan X,TRIM-1, stn-05 ,2026-03-05 13:18,ENG-1455,SUP-184,EMP134,TL-083,
M11960,MA1A**********960,WO14960,Sedan X,PAINT-1,STN-03,2026-03-05 13:20,ENG-1236,SUP-149,EMP245,TL-090,C
M11961,MA1A**********961,WO14961,Hatch Z,GA-2,STN-02,2026-03-05 13:21,ENG-1160,SUP-173,EMP160,TL-053,B
M11962,MA1A**********962,WO14962,Hatch Z,GA-2,Stn-03,2026-03-05 13:22,ENG-1083,SUP-109,EMP242,TL-094,
M11963,MA1A**********963,WO14963,Hatch Z,GA-1, stn-05 ,2026-03-05 13:23,ENG-1489,SUP-175,EMP123,TL-007,A
M11964,MA1A**********964,WO14964,SUV Pro,GA-1,STN-04,2026-03-05 13:25,ENG-1284,SUP-027,EMP164,TL-088,C
M11965,MA1A**********965,WO14965,Hatch Z,PAINT-1,STN-04,2026-03-05 13:26,ENG-1207,SUP-020,EMP222,TL-006,C
M11966,MA1A**********966,WO14966,Hatch Z,PAINT-1,STN-05,2026-03-05 13:27,ENG-1144,SUP-024,EMP247,TL-023,B
M11967,MA1A**********967,WO14967,SUV Pro,PAINT-1,Stn-03,2026-03-05 13:28,ENG-1076,SUP-139,EMP203,TL-082,B
M11968,MA1A**********968,WO14968,SUV Pro,GA-2, stn-05 ,2026-03-05 13:30,ENG-1273,SUP-121,EMP283,TL-052,
M11969,MA1A**********969,WO14969,Hatch Z,GA-1, stn-05 ,2026-03-05 13:31,ENG-1106,SUP-013,EMP170,TL-054,C
M11970,MA1A**********970,WO14970,SUV Pro,PAINT-1, stn-05 ,2026-03-05 13:32,ENG-1233,SUP-183,EMP341,TL-013,A
M11971,MA1A**********971,WO14971,SUV Pro,GA-2, stn-05 ,2026-03-05 13:33,ENG-1373,SUP-017,EMP368,TL-060,A
M11972,MA1A**********972,WO14972,Hatch Z,PAINT-1,STN-01,2026-03-05 13:35,ENG-1477,SUP-185,EMP101,TL-063,A
M11973,MA1A**********973,WO14973,Sedan X,TRIM-1,STN-01,2026-03-05 13:36,ENG-1038,SUP-077,EMP305,TL-033,C
M11974,MA1A**********974,WO14974,SUV Pro,GA-1,STN-01,2026-03-05 13:37,ENG-1298,SUP-130,EMP223,TL-008,
M11975,MA1A**********975,WO14975,SUV Pro,PAINT-1,STN-02,2026-03-05 13:38,ENG-1374,SUP-197,EMP254,TL-063,B
M11976,MA1A**********976,WO14976,Hatch Z,PAINT-1, stn-05 ,2026-03-05 13:40,ENG-1094,SUP-062,EMP354,TL-093,
M11977,MA1A**********977,WO14977,SUV Pro,TRIM-1,STN-04,2026-03-05 13:41,ENG-1002,SUP-015,EMP340,TL-072,A
M11978,MA1A**********978,WO14978,Hatch Z,GA-2,STN-03,2026-03-05 13:42,ENG-1124,SUP-045,EMP271,TL-013,B
M11979,MA1A**********979,WO14979,Sedan X,GA-1,STN-05,2026-03-05 13:43,ENG-1496,SUP-042,EMP184,TL-052,
M11980,MA1A**********980,WO14980,Hatch Z,GA-1,STN-05,2026-03-05 13:45,ENG-1209,SUP-171,EMP307,TL-053,A
M11981,MA1A**********981,WO14981,Sedan X,TRIM-1,STN-03,2026-03-05 13:46,ENG-1466,SUP-185,EMP204,TL-071,B
M11982,MA1A**********982,WO14982,Hatch Z,PAINT-1,STN-04,2026-03-05 13:47,ENG-1032,SUP-105,EMP257,TL-052,B
M11983,MA1A**********983,WO14983,Sedan X,GA-1,Stn-03,2026-03-05 13:48,ENG-1007,SUP-049,EMP341,TL-002,A
M11984,MA1A**********984,WO14984,SUV Pro,GA-1,Stn-03,2026-03-05 13:50,ENG-1125,SUP-125,EMP366,TL-100,A
M11985,MA1A**********985,WO14985,Hatch Z,TRIM-1, stn-05 ,2026-03-05 13:51,ENG-1360,SUP-196,EMP322,TL-097,B
M11986,MA1A**********986,WO14986,Sedan X,GA-1,STN-04,2026-03-05 13:52,ENG-1409,SUP-193,EMP117,TL-074,B
M11987,MA1A**********987,WO14987,SUV Pro,PAINT-1,STN-05,2026-03-05 13:53,ENG-1079,SUP-173,EMP322,TL-063,C
M11988,MA1A**********988,WO14988,Hatch Z,TRIM-1,Stn-03,2026-03-05 13:55,ENG-1209,SUP-176,EMP190,TL-079,
M11989,MA1A**********989,WO14989,SUV Pro,GA-1,Stn-03,2026-03-05 13:56,ENG-1243,SUP-074,EMP237,TL-044,
M11990,MA1A**********990,WO14990,SUV Pro,TRIM-1,STN-02,2026-03-05 13:57,ENG-1218,SUP-121,EMP302,TL-047,C
M11991,MA1A**********991,WO14991,Sedan X,GA-2,STN-05,2026-03-05 13:58,ENG-1052,SUP-115,EMP238,TL-064,
M11992,MA1A**********992,WO14992,Hatch Z,PAINT-1,STN-01,2026-03-05 14:00,ENG-1439,SUP-011,EMP199,TL-040,C
M11993,MA1A**********993,WO14993,Sedan X,GA-2,STN-01,2026-03-05 14:01,ENG-1095,SUP-112,EMP191,TL-051,B
M11994,MA1A**********994,WO14994,Sedan X,GA-2,STN-02,2026-03-05 14:02,ENG-1432,SUP-191,EMP299,TL-085,C
M11995,XX1 **3 4,WO14995,SUV Pro,GA-2,STN-03,2026-03-05 14:03,ENG-1487,SUP-114,EMP214,TL-031,A
M11996,MA1A**********996,WO14996,Hatch Z,GA-1,STN-04,2026-03-05 14:05,ENG-1385,SUP-199,EMP232,TL-100,A
M11997,MA1A**********997,WO14997,Hatch Z,TRIM-1,STN-02,2026-03-05 14:06,ENG-1171,SUP-023,EMP321,TL-066,C
M11998,MA1A**********998,WO14998,Sedan X,GA-2,STN-03,2026-03-05 14:07,ENG-1238,SUP-103,EMP345,TL-048,A
M11999,MA1A**********999,WO14999,Sedan X,PAINT-1, stn-05 ,2026-03-05 14:08,ENG-1285,SUP-052,EMP346,TL-098,A
M7000,XX1 **3 4,WO10000,Hatch Z,GA-1,STN-01,2026/03/01 06:70, eng-1001 ,,EMP240,TL-032,B
M7001,MA1A**********001,WO10001,Sedan X,GA-1, stn-05 ,2026-03-01 06:01,ENG-1379,SUP-140,EMP144,TL-076,
M7002,MA1A**********002,WO10002,Sedan X,GA-1,STN-01,2026-03-01 06:02,ENG-1111,SUP-060,EMP358,TL-078,A
M7003,MA1A**********003,WO10003,Hatch Z,GA-2, stn-05 ,2026-03-01 06:03,ENG-1332,SUP-180,EMP379,TL-054,B
M7004,MA1A**********004,WO10004,SUV Pro,PAINT-1,Stn-03,2026-03-01 06:05,ENG-1445,SUP-002,EMP181,TL-090,
M7005,MA1A**********005,WO10005,SUV Pro,PAINT-1,STN-02,2026-03-01 06:06,ENG-1110,SUP-196,EMP272,TL-014,A
M7006,MA1A**********006,WO10006,SUV Pro,GA-1,STN-03,2026-03-01 06:07,ENG-1433,SUP-089,EMP235,TL-006,
M7007,MA1A**********007,WO10007,Hatch Z,GA-1,STN-04,2026-03-01 06:08,ENG-1040,SUP-142,EMP250,TL-081,C
M7008,MA1A**********008,WO10008,Hatch Z,GA-2, stn-05 ,2026-03-01 06:10,ENG-1035,SUP-012,EMP216,TL-099,C
M7009,MA1A**********009,WO10009,Sedan X,GA-2,Stn-03,2026-03-01 06:11,ENG-1051,SUP-098,EMP242,TL-059,C
M7010,MA1A**********010,WO10010,Sedan X,PAINT-1,STN-03,2026-03-01 06:12,ENG-1107,SUP-172,EMP236,TL-090,A
M7011,MA1A**********011,WO10011,Hatch Z,GA-2,STN-05,2026-03-01 06:13,ENG-1373,SUP-063,EMP183,TL-060,
M7012,MA1A**********012,WO10012,SUV Pro,GA-2, stn-05 ,2026-03-01 06:15,ENG-1166,SUP-197,EMP128,TL-030,A
M7013,MA1A**********013,WO10013,SUV Pro,TRIM-1,STN-03,2026-03-01 06:16,ENG-1033,SUP-055,EMP390,TL-092,C
M7014,MA1A**********014,WO10014,Sedan X,TRIM-1,STN-04,2026-03-01 06:17,ENG-1452,SUP-165,EMP334,TL-019,C
M7015,MA1A**********015,WO10015,Sedan X,GA-2, stn-05 ,2026-03-01 06:18,ENG-1287,SUP-138,EMP234,TL-096,
M7016,MA1A**********016,WO10016,Hatch Z,TRIM-1,STN-03,2026-03-01 06:20,ENG-1112,SUP-036,EMP360,TL-064,A
M7017,MA1A**********017,WO10017,Sedan X,GA-1,STN-02,2026-03-01 06:21,ENG-1321,SUP-041,EMP316,TL-077,A
M7018,MA1A**********018,WO10018,SUV Pro,TRIM-1,STN-05,2026-03-01 06:22,ENG-1239,SUP-136,EMP228,TL-071,A
M7019,MA1A**********019,WO10019,Hatch Z,GA-1, stn-05 ,2026-03-01 06:23,ENG-1453,SUP-138,EMP236,TL-099,C
M7020,MA1A**********020,WO10020,Sedan X,PAINT-1,STN-04,2026-03-01 06:25,ENG-1080,SUP-117,EMP101,TL-093,C
M7021,MA1A**********021,WO10021,Hatch Z,GA-2,STN-05,2026-03-01 06:26,ENG-1467,SUP-028,EMP252,TL-082,B
M7022,MA1A**********022,WO10022,Sedan X,PAINT-1,Stn-03,2026-03-01 06:27,ENG-1082,SUP-139,EMP371,TL-001,C
M7023,MA1A**********023,WO10023,SUV Pro,GA-1,STN-01,2026-03-01 06:28,ENG-1475,SUP-093,EMP257,TL-031,A
M7024,MA1A**********024,WO10024,Sedan X,GA-1,STN-01,2026-03-01 06:30,ENG-1374,SUP-125,EMP135,TL-098,B
M7025,MA1A**********025,WO10025,Sedan X,TRIM-1,STN-05,2026-03-01 06:31,ENG-1084,SUP-068,EMP370,TL-078,
M7026,MA1A**********026,WO10026,Sedan X,GA-2, stn-05 ,2026-03-01 06:32,ENG-1159,SUP-103,EMP291,TL-057,
M7027,MA1A**********027,WO10027,Sedan X,GA-2,STN-02,2026-03-01 06:33,ENG-1032,SUP-087,EMP110,TL-076,B
M7028,MA1A**********028,WO10028,Hatch Z,GA-2,STN-01,2026-03-01 06:35,ENG-1036,SUP-182,EMP130,TL-030,A
M7029,MA1A**********029,WO10029,Sedan X,PAINT-1,STN-01,2026-03-01 06:36,ENG-1263,SUP-061,EMP242,TL-086,
M7030,MA1A**********030,WO10030,Sedan X,GA-2, stn-05 ,2026-03-01 06:37,ENG-1478,SUP-147,EMP395,TL-061,B
M7031,MA1A**********031,WO10031,SUV Pro,TRIM-1,STN-02,2026-03-01 06:38,ENG-1048,SUP-025,EMP320,TL-046,
M7032,MA1A**********032,WO10032,SUV Pro,TRIM-1,Stn-03,2026-03-01 06:40,ENG-1373,SUP-014,EMP150,TL-008,
M7033,MA1A**********033,WO10033,Hatch Z,PAINT-1,Stn-03,2026-03-01 06:41,ENG-1441,SUP-028,EMP227,TL-025,B
M7034,MA1A**********034,WO10034,Hatch Z,TRIM-1,STN-02,2026-03-01 06:42,ENG-1216,SUP-047,EMP242,TL-060,B
M7035,MA1A**********035,WO10035,Sedan X,TRIM-1,Stn-03,2026-03-01 06:43,ENG-1441,SUP-141,EMP150,TL-007,A
M7036,MA1A**********036,WO10036,Sedan X,GA-2,STN-02,2026-03-01 06:45,ENG-1208,SUP-125,EMP346,TL-028,
M7037,MA1A**********037,WO10037,Sedan X,GA-2,STN-04,2026-03-01 06:46,ENG-1001,SUP-100,EMP235,TL-999,
M7038,MA1A**********038,WO10038,SUV Pro,TRIM-1, stn-05 ,2026-03-01 06:47,ENG-1490,SUP-188,EMP384,TL-085,
M7039,MA1A**********039,WO10039,Sedan X,GA-2,STN-03,2026-03-01 06:48,ENG-1111,SUP-015,EMP396,TL-095,A
M7040,MA1A**********040,WO10040,Hatch Z,PAINT-1,STN-01,2026-03-01 06:50,ENG-1025,SUP-150,EMP344,TL-065,B
M7041,MA1A**********041,WO10041,Sedan X,GA-1,Stn-03,2026-03-01 06:51,ENG-1095,SUP-018,EMP134,TL-087,B
M7042,MA1A**********042,WO10042,SUV Pro,GA-1,STN-05,2026-03-01 06:52,ENG-1126,SUP-149,EMP120,TL-080,A
M7043,MA1A**********043,WO10043,SUV Pro,PAINT-1,STN-03,2026-03-01 06:53,ENG-1104,SUP-172,EMP260,TL-031,C
M7044,MA1A**********044,WO10044,SUV Pro,GA-2, stn-05 ,2026-03-01 06:55,ENG-1330,SUP-077,EMP334,TL-041,A
M7045,MA1A**********045,WO10045,Sedan X,TRIM-1,STN-05,2026-03-01 06:56,ENG-1288,SUP-026,EMP137,TL-069,B
M7046,MA1A**********046,WO10046,Hatch Z,PAINT-1,STN-02,2026-03-01 06:57,ENG-1477,SUP-090,EMP135,TL-032,C
M7047,MA1A**********047,WO10047,SUV Pro,GA-2,STN-04,2026-03-01 06:58,ENG-1426,SUP-140,EMP254,TL-079,A
M7048,MA1A**********048,WO10048,Hatch Z,PAINT-1, stn-05 ,2026-03-01 07:00,ENG-1053,SUP-035,EMP235,TL-015,A
M7049,MA1A**********049,WO10049,Hatch Z,GA-2,STN-03,2026-03-01 07:01,ENG-1144,SUP-155,EMP207,TL-092,C
