Event_ID,VIN,Work_Order,Model,Line,Station,Timestamp,Part_Number,Supplier_Code,Operator_ID,Tool_ID,Shift,BOM_Status,VIN_Status
M7000,,WO10000,Hatch Z,GA-1,STN-01,2026-03-01 06:59,ENG-1001,,EMP240,TL-032,B,Valid,Invalid
M7001,*************0001,WO10001,Sedan X,GA-1,STN-05,2026-03-01 06:01,ENG-1379,SUP-140,EMP144,TL-076,,Valid,Valid
M7002,*************0002,WO10002,Sedan X,GA-1,STN-01,2026-03-01 06:59,ENG-1111,SUP-060,EMP358,TL-078,A,Valid,Valid
M7003,*************0003,WO10003,Hatch Z,GA-2,STN-05,2026-03-01 06:03,ENG-1332,SUP-180,EMP379,TL-054,B,Valid,Valid
M7004,*************0004,WO10004,SUV Pro,PAINT-1,STN-03,2026-03-01 06:05,ENG-1445,SUP-002,EMP181,TL-090,,Valid,Valid
M7005,*************0005,WO10005,SUV Pro,PAINT-1,STN-02,2026-03-01 06:06,ENG-1110,SUP-196,EMP272,TL-014,A,Valid,Valid
M7006,*************0006,WO10006,SUV Pro,GA-1,STN-03,2026-03-01 06:59,ENG-1433,SUP-089,EMP235,TL-006,,Valid,Valid
M7007,*************0007,WO10007,Hatch Z,GA-1,STN-04,2026-03-01 06:08,ENG-1040,SUP-142,EMP250,TL-081,C,Valid,Valid
M7008,*************0008,WO10008,Hatch Z,GA-2,STN-05,2026-03-01 06:10,ENG-1035,SUP-012,EMP216,TL-099,C,Valid,Valid
M7009,*************0009,WO10009,Sedan X,GA-2,STN-03,2026-03-01 06:11,ENG-1051,SUP-098,EMP242,TL-059,C,Valid,Valid
M7010,*************0010,WO10010,Sedan X,PAINT-1,STN-03,2026-03-01 06:12,ENG-1107,SUP-172,EMP236,TL-090,A,Valid,Valid
M7011,*************0011,WO10011,Hatch Z,GA-2,STN-05,2026-03-01 06:13,ENG-1373,SUP-063,EMP183,TL-060,,Valid,Valid
M7012,*************0012,WO10012,SUV Pro,GA-2,STN-05,2026-03-01 06:15,ENG-1166,SUP-197,EMP128,TL-030,A,Valid,Valid
M7013,*************0013,WO10013,SUV Pro,TRIM-1,STN-03,2026-03-01 06:16,ENG-1033,SUP-055,EMP390,TL-092,C,Valid,Valid
M7014,*************0014,WO10014,Sedan X,TRIM-1,STN-04,2026-03-01 06:17,ENG-1452,SUP-165,EMP334,TL-019,C,Valid,Valid
M7015,*************0015,WO10015,Sedan X,GA-2,STN-05,2026-03-01 06:18,ENG-1287,SUP-138,EMP234,TL-096,,Valid,Valid
M7016,*************0016,WO10016,Hatch Z,TRIM-1,STN-03,2026-03-01 06:20,ENG-1112,SUP-036,EMP360,TL-064,A,Valid,Valid
M7017,*************0017,WO10017,Sedan X,GA-1,STN-02,2026-03-01 06:21,ENG-1321,SUP-041,EMP316,TL-077,A,Valid,Valid
M7018,*************0018,WO10018,SUV Pro,TRIM-1,STN-05,2026-03-01 06:22,ENG-1239,SUP-136,EMP228,TL-071,A,Valid,Valid
M7019,*************0019,WO10019,Hatch Z,GA-1,STN-05,2026-03-01 06:23,ENG-1453,SUP-138,EMP236,TL-099,C,Valid,Valid
M7020,*************0020,WO10020,Sedan X,PAINT-1,STN-04,2026-03-01 06:25,ENG-1080,SUP-117,EMP101,TL-093,C,Valid,Valid
M7021,*************0021,WO10021,Hatch Z,GA-2,STN-05,2026-03-01 06:26,ENG-1467,SUP-028,EMP252,TL-082,B,Valid,Valid
M7022,*************0022,WO10022,Sedan X,PAINT-1,STN-03,2026-03-01 06:27,ENG-1082,SUP-139,EMP371,TL-001,C,Valid,Valid
M7023,*************0023,WO10023,SUV Pro,GA-1,STN-01,2026-03-01 06:28,ENG-1475,SUP-093,EMP257,TL-031,A,Valid,Valid
M7024,*************0024,WO10024,Sedan X,GA-1,STN-01,2026-03-01 06:30,ENG-1374,SUP-125,EMP135,TL-098,B,Valid,Valid
M7025,*************0025,WO10025,Sedan X,TRIM-1,STN-05,2026-03-01 06:31,ENG-1084,SUP-068,EMP370,TL-078,,Valid,Valid
M7026,*************0026,WO10026,Sedan X,GA-2,STN-05,2026-03-01 06:32,ENG-1159,SUP-103,EMP291,TL-057,,Valid,Valid
M7027,*************0027,WO10027,Sedan X,GA-2,STN-02,2026-03-01 06:33,ENG-1032,SUP-087,EMP110,TL-076,B,Valid,Valid
M7028,*************0028,WO10028,Hatch Z,GA-2,STN-01,2026-03-01 06:35,ENG-1036,SUP-182,EMP130,TL-030,A,Valid,Valid
M7029,*************0029,WO10029,Sedan X,PAINT-1,STN-01,2026-03-01 06:36,ENG-1263,SUP-061,EMP242,TL-086,,Valid,Valid
M7030,*************0030,WO10030,Sedan X,GA-2,STN-05,2026-03-01 06:37,ENG-1478,SUP-147,EMP395,TL-061,B,Valid,Valid
M7031,*************0031,WO10031,SUV Pro,TRIM-1,STN-02,2026-03-01 06:38,ENG-1048,SUP-025,EMP320,TL-046,,Valid,Valid
M7032,*************0032,WO10032,SUV Pro,TRIM-1,STN-03,2026-03-01 06:40,ENG-1373,SUP-014,EMP150,TL-008,,Valid,Valid
M7033,*************0033,WO10033,Hatch Z,PAINT-1,STN-03,2026-03-01 06:41,ENG-1441,SUP-028,EMP227,TL-025,B,Valid,Valid
M7034,*************0034,WO10034,Hatch Z,TRIM-1,STN-02,2026-03-01 06:42,ENG-1216,SUP-047,EMP242,TL-060,B,Valid,Valid
M7035,*************0035,WO10035,Sedan X,TRIM-1,STN-03,2026-03-01 06:43,ENG-1441,SUP-141,EMP150,TL-007,A,Valid,Valid
M7036,*************0036,WO10036,Sedan X,GA-2,STN-02,2026-03-01 06:45,ENG-1208,SUP-125,EMP346,TL-028,,Valid,Valid
M7037,*************0037,WO10037,Sedan X,GA-2,STN-04,2026-03-01 06:46,ENG-1001,SUP-100,EMP235,TL-999,,Valid,Valid
M7038,*************0038,WO10038,SUV Pro,TRIM-1,STN-05,2026-03-01 06:47,ENG-1490,SUP-188,EMP384,TL-085,,Valid,Valid
M7039,*************0039,WO10039,Sedan X,GA-2,STN-03,2026-03-01 06:48,ENG-1111,SUP-015,EMP396,TL-095,A,Valid,Valid
M7040,*************0040,WO10040,Hatch Z,PAINT-1,STN-01,2026-03-01 06:50,ENG-1025,SUP-150,EMP344,TL-065,B,Valid,Valid
M7041,*************0041,WO10041,Sedan X,GA-1,STN-03,2026-03-01 06:51,ENG-1095,SUP-018,EMP134,TL-087,B,Valid,Valid
M7042,*************0042,WO10042,SUV Pro,GA-1,STN-05,2026-03-01 06:52,ENG-1126,SUP-149,EMP120,TL-080,A,Valid,Valid
M7043,*************0043,WO10043,SUV Pro,PAINT-1,STN-03,2026-03-01 06:53,ENG-1104,SUP-172,EMP260,TL-031,C,Valid,Valid
M7044,*************0044,WO10044,SUV Pro,GA-2,STN-05,2026-03-01 06:55,ENG-1330,SUP-077,EMP334,TL-041,A,Valid,Valid
M7045,*************0045,WO10045,Sedan X,TRIM-1,STN-05,2026-03-01 06:56,ENG-1288,SUP-026,EMP137,TL-069,B,Valid,Valid
M7046,*************0046,WO10046,Hatch Z,PAINT-1,STN-02,2026-03-01 06:57,ENG-1477,SUP-090,EMP135,TL-032,C,Valid,Valid
M7047,*************0047,WO10047,SUV Pro,GA-2,STN-04,2026-03-01 06:58,ENG-1426,SUP-140,EMP254,TL-079,A,Valid,Valid
M7048,*************0048,WO10048,Hatch Z,PAINT-1,STN-05,2026-03-01 07:00,ENG-1053,SUP-035,EMP235,TL-015,A,Valid,Valid
M7049,*************0049,WO10049,Hatch Z,GA-2,STN-03,2026-03-01 07:01,ENG-1144,SUP-155,EMP207,TL-092,C,Valid,Valid
M7050,*************0050,WO10050,Sedan X,PAINT-1,STN-05,2026-03-01 07:02,ENG-1250,SUP-065,EMP126,TL-012,,Valid,Valid
M7051,*************0051,WO10051,SUV Pro,GA-1,STN-01,2026-03-01 07:03,ENG-1170,SUP-198,EMP166,TL-082,C,Valid,Valid
M7052,*************0052,WO10052,Sedan X,TRIM-1,STN-05,2026-03-01 07:05,ENG-1361,SUP-110,EMP387,TL-002,A,Valid,Valid
M7053,*************0053,WO10053,Sedan X,GA-2,STN-05,2026-03-01 07:06,ENG-1018,SUP-095,EMP398,TL-071,B,Valid,Valid
M7054,*************0054,WO10054,SUV Pro,GA-2,STN-01,2026-03-01 07:07,ENG-1157,SUP-094,EMP120,TL-046,B,Valid,Valid
M7055,*************0055,WO10055,Hatch Z,GA-2,STN-05,2026-03-01 07:08,ENG-1052,SUP-091,EMP386,TL-053,B,Valid,Valid
M7056,*************0056,WO10056,Sedan X,GA-2,STN-03,2026-03-01 07:10,ENG-1415,SUP-046,EMP311,TL-004,B,Valid,Valid
M7057,*************0057,WO10057,Hatch Z,PAINT-1,STN-03,2026-03-01 07:11,ENG-1476,SUP-106,EMP227,TL-035,B,Valid,Valid
M7058,*************0058,WO10058,Hatch Z,GA-1,STN-04,2026-03-01 07:12,ENG-1446,SUP-010,EMP340,TL-029,B,Valid,Valid
M7059,*************0059,WO10059,SUV Pro,PAINT-1,STN-03,2026-03-01 07:13,ENG-1420,SUP-059,EMP214,TL-004,B,Valid,Valid
M7060,*************0060,WO10060,SUV Pro,PAINT-1,STN-03,2026-03-01 07:15,ENG-1442,SUP-018,EMP242,TL-045,,Valid,Valid
M7061,*************0061,WO10061,Hatch Z,PAINT-1,STN-01,2026-03-01 07:16,ENG-1059,SUP-067,EMP191,TL-075,C,Valid,Valid
M7062,*************0062,WO10062,Sedan X,GA-1,STN-05,2026-03-01 07:17,ENG-1222,SUP-089,EMP260,TL-056,A,Valid,Valid
M7063,*************0063,WO10063,SUV Pro,GA-2,STN-03,2026-03-01 07:18,ENG-1022,SUP-182,EMP323,TL-001,B,Valid,Valid
M7064,*************0064,WO10064,SUV Pro,TRIM-1,STN-01,2026-03-01 07:20,ENG-1485,SUP-171,EMP269,TL-080,C,Valid,Valid
M7065,*************0065,WO10065,Hatch Z,GA-1,STN-05,2026-03-01 07:21,ENG-1460,SUP-077,EMP359,TL-040,,Valid,Valid
M7066,*************0066,WO10066,SUV Pro,TRIM-1,STN-05,2026-03-01 07:22,ENG-1151,SUP-142,EMP165,TL-025,,Valid,Valid
M7067,*************0067,WO10067,Hatch Z,TRIM-1,STN-05,2026-03-01 07:23,ENG-1383,SUP-045,EMP391,TL-039,,Valid,Valid
M7068,*************0068,WO10068,Hatch Z,GA-1,STN-03,2026-03-01 07:25,ENG-1146,SUP-054,EMP320,TL-999,C,Valid,Valid
M7069,*************0069,WO10069,SUV Pro,TRIM-1,STN-04,2026-03-01 07:26,ENG-1345,SUP-055,EMP361,TL-061,B,Valid,Valid
M7070,*************0070,WO10070,Hatch Z,GA-1,STN-03,2026-03-01 07:27,ENG-1263,SUP-170,EMP271,TL-012,B,Valid,Valid
M7071,*************0071,WO10071,Hatch Z,PAINT-1,STN-02,2026-03-01 07:28,ENG-1412,SUP-051,EMP175,TL-004,A,Valid,Valid
M7072,*************0072,WO10072,Sedan X,TRIM-1,STN-05,2026-03-01 07:30,ENG-1435,SUP-197,EMP137,TL-059,,Valid,Valid
M7073,*************0073,WO10073,Hatch Z,GA-2,STN-05,2026-03-01 07:31,ENG-1356,SUP-099,EMP353,TL-052,B,Valid,Valid
M7074,*************0074,WO10074,Sedan X,GA-1,STN-03,2026-03-01 07:32,ENG-1440,SUP-198,EMP154,TL-100,,Valid,Valid
M7075,*************0075,WO10075,Sedan X,GA-2,STN-03,2026-03-01 07:33,ENG-1490,SUP-179,EMP365,TL-060,A,Valid,Valid
M7076,*************0076,WO10076,Hatch Z,GA-2,STN-03,2026-03-01 07:35,ENG-1062,SUP-117,EMP168,TL-060,C,Valid,Valid
M7077,*************0077,WO10077,SUV Pro,TRIM-1,STN-03,2026-03-01 07:36,ENG-1464,SUP-141,EMP328,TL-021,,Valid,Valid
M7078,*************0078,WO10078,SUV Pro,PAINT-1,STN-03,2026-03-01 07:37,ENG-1126,SUP-164,EMP241,TL-099,,Valid,Valid
M7079,*************0079,WO10079,Hatch Z,GA-2,STN-03,2026-03-01 07:38,ENG-1225,SUP-020,EMP246,TL-031,C,Valid,Valid
M7080,*************0080,WO10080,SUV Pro,PAINT-1,STN-05,2026-03-01 07:40,ENG-1041,SUP-036,EMP177,TL-030,,Valid,Valid
M7081,*************0081,WO10081,Hatch Z,GA-2,STN-05,2026-03-01 07:41,ENG-1109,SUP-017,EMP312,TL-053,C,Valid,Valid
M7082,*************0082,WO10082,Hatch Z,TRIM-1,STN-04,2026-03-01 07:42,ENG-1031,SUP-053,EMP315,TL-050,A,Valid,Valid
M7083,*************0083,WO10083,Hatch Z,TRIM-1,STN-04,2026-03-01 07:43,ENG-1003,SUP-091,EMP252,TL-097,,Valid,Valid
M7084,*************0084,WO10084,SUV Pro,GA-2,STN-04,2026-03-01 07:45,ENG-1112,SUP-070,EMP323,TL-063,A,Valid,Valid
M7085,*************0085,WO10085,SUV Pro,PAINT-1,STN-05,2026-03-01 07:46,ENG-1347,SUP-104,EMP184,TL-060,B,Valid,Valid
M7086,*************0086,WO10086,Hatch Z,GA-1,STN-04,2026-03-01 07:47,ENG-1303,SUP-145,EMP113,TL-011,,Valid,Valid
M7087,*************0087,WO10087,Sedan X,TRIM-1,STN-02,2026-03-01 07:48,ENG-1025,SUP-067,EMP294,TL-042,B,Valid,Valid
M7088,*************0088,WO10088,SUV Pro,PAINT-1,STN-03,2026-03-01 07:50,ENG-1389,SUP-098,EMP242,TL-097,,Valid,Valid
M7089,*************0089,WO10089,SUV Pro,GA-1,STN-04,2026-03-01 07:51,ENG-1009,SUP-192,EMP376,TL-007,C,Valid,Valid
M7090,*************0090,WO10090,Sedan X,GA-1,STN-03,2026-03-01 07:52,ENG-1490,SUP-167,EMP120,TL-097,A,Valid,Valid
M7091,*************0091,WO10091,Sedan X,GA-2,STN-03,2026-03-01 07:53,ENG-1010,SUP-160,EMP178,TL-031,B,Valid,Valid
M7092,*************0092,WO10092,SUV Pro,GA-1,STN-05,2026-03-01 07:55,ENG-1485,SUP-056,EMP338,TL-090,C,Valid,Valid
M7093,*************0093,WO10093,SUV Pro,GA-2,STN-05,2026-03-01 07:56,ENG-1310,SUP-192,EMP158,TL-100,B,Valid,Valid
M7094,*************0094,WO10094,SUV Pro,GA-1,STN-05,2026-03-01 07:57,ENG-1013,SUP-080,EMP394,TL-087,,Valid,Valid
M7095,*************0095,WO10095,SUV Pro,GA-2,STN-01,2026-03-01 07:58,ENG-1303,SUP-177,EMP224,TL-014,C,Valid,Valid
M7096,*************0096,WO10096,Hatch Z,GA-1,STN-03,2026-03-01 08:00,ENG-1289,SUP-011,EMP277,TL-069,,Valid,Valid
M7097,*************0097,WO10097,Hatch Z,PAINT-1,STN-01,2026-03-01 08:01,ENG-1259,SUP-166,EMP274,TL-002,,Valid,Valid
M7098,*************0098,WO10098,SUV Pro,GA-1,STN-04,2026-03-01 08:02,ENG-1491,SUP-093,EMP335,TL-091,B,Valid,Valid
M7099,*************0099,WO10099,SUV Pro,GA-2,STN-05,2026-03-01 08:03,ENG-1267,SUP-167,EMP238,TL-079,,Valid,Valid
M7100,*************0100,WO10100,SUV Pro,TRIM-1,STN-03,2026-03-01 08:05,ENG-1374,SUP-152,EMP237,TL-042,B,Valid,Valid
M7101,*************0101,WO10101,Sedan X,PAINT-1,STN-04,2026-03-01 08:06,ENG-1124,SUP-193,EMP337,TL-073,,Valid,Valid
M7102,*************0102,WO10102,SUV Pro,GA-1,STN-04,2026-03-01 08:07,ENG-1435,SUP-084,EMP193,TL-063,B,Valid,Valid
M7103,*************0103,WO10103,SUV Pro,PAINT-1,STN-03,2026-03-01 08:08,ENG-1143,SUP-153,EMP241,TL-072,A,Valid,Valid
M7104,*************0104,WO10104,Hatch Z,GA-2,STN-01,2026-03-01 08:10,ENG-1123,SUP-185,EMP308,TL-063,B,Valid,Valid
M7105,*************0105,WO10105,Hatch Z,TRIM-1,STN-05,2026-03-01 08:11,ENG-1364,SUP-126,EMP329,TL-003,A,Valid,Valid
M7106,*************0106,WO10106,SUV Pro,GA-2,STN-04,2026-03-01 08:12,ENG-1354,SUP-063,EMP256,TL-085,C,Valid,Valid
M7107,*************0107,WO10107,SUV Pro,PAINT-1,STN-04,2026-03-01 08:13,ENG-1381,SUP-141,EMP269,TL-046,,Valid,Valid
M7108,*************0108,WO10108,SUV Pro,PAINT-1,STN-03,2026-03-01 08:15,ENG-1118,SUP-031,EMP198,TL-041,A,Valid,Valid
M7109,*************0109,WO10109,Hatch Z,GA-2,STN-02,2026-03-01 08:16,ENG-1110,SUP-190,EMP347,TL-036,C,Valid,Valid
M7110,*************0110,WO10110,Sedan X,GA-2,STN-03,2026-03-01 08:17,ENG-1116,SUP-093,EMP191,TL-039,A,Valid,Valid
M7111,*************0111,WO10111,Hatch Z,GA-2,STN-03,2026-03-01 08:18,ENG-1023,SUP-014,EMP383,TL-038,B,Valid,Valid
M7112,*************0112,WO10112,Hatch Z,TRIM-1,STN-01,2026-03-01 08:20,ENG-1446,SUP-004,EMP393,TL-037,,Valid,Valid
M7113,*************0113,WO10113,SUV Pro,TRIM-1,STN-03,2026-03-01 08:21,ENG-1094,SUP-014,EMP229,TL-062,A,Valid,Valid
M7114,*************0114,WO10114,Sedan X,TRIM-1,STN-04,2026-03-01 08:22,ENG-1037,SUP-148,EMP127,TL-020,B,Valid,Valid
M7115,*************0115,WO10115,Hatch Z,PAINT-1,STN-01,2026-03-01 08:23,ENG-1127,SUP-031,EMP385,TL-098,,Valid,Valid
M7116,*************0116,WO10116,Hatch Z,GA-2,STN-03,2026-03-01 08:25,ENG-1267,SUP-098,EMP330,TL-057,C,Valid,Valid
M7117,*************0117,WO10117,Hatch Z,TRIM-1,STN-03,2026-03-01 08:26,ENG-1291,SUP-159,EMP130,TL-079,A,Valid,Valid
M7118,*************0118,WO10118,Sedan X,GA-2,STN-03,2026-03-01 08:27,ENG-1338,SUP-021,EMP180,TL-031,B,Valid,Valid
M7119,*************0119,WO10119,Hatch Z,GA-1,STN-02,2026-03-01 08:28,ENG-1001,SUP-105,EMP330,TL-089,,Valid,Valid
M7120,*************0120,WO10120,SUV Pro,GA-1,STN-02,2026-03-01 08:30,ENG-1147,SUP-181,EMP244,TL-090,,Valid,Valid
M7121,*************0121,WO10121,Sedan X,GA-2,STN-03,2026-03-01 08:31,ENG-1403,SUP-161,EMP201,TL-055,A,Valid,Valid
M7122,*************0122,WO10122,Hatch Z,GA-2,STN-05,2026-03-01 08:32,ENG-1076,SUP-069,EMP172,TL-010,A,Valid,Valid
M7123,*************0123,WO10123,Sedan X,PAINT-1,STN-05,2026-03-01 08:33,ENG-1383,SUP-146,EMP247,TL-057,A,Valid,Valid
M7124,*************0124,WO10124,SUV Pro,PAINT-1,STN-05,2026-03-01 08:35,ENG-1206,SUP-070,EMP356,TL-070,,Valid,Valid
M7125,*************0125,WO10125,SUV Pro,GA-1,STN-05,2026-03-01 08:36,ENG-1020,SUP-111,EMP265,TL-078,C,Valid,Valid
M7126,*************0126,WO10126,Sedan X,GA-1,STN-02,2026-03-01 08:37,ENG-1492,SUP-173,EMP394,TL-076,A,Valid,Valid
M7127,*************0127,WO10127,Hatch Z,PAINT-1,STN-05,2026-03-01 08:38,ENG-1020,SUP-196,EMP189,TL-061,,Valid,Valid
M7128,*************0128,WO10128,SUV Pro,GA-2,STN-05,2026-03-01 08:40,ENG-1223,SUP-163,EMP351,TL-012,,Valid,Valid
M7129,*************0129,WO10129,SUV Pro,TRIM-1,STN-03,2026-03-01 08:41,ENG-1164,SUP-172,EMP153,TL-021,C,Valid,Valid
M7130,*************0130,WO10130,SUV Pro,TRIM-1,STN-03,2026-03-01 08:42,ENG-1339,SUP-103,EMP381,TL-005,,Valid,Valid
M7131,*************0131,WO10131,Sedan X,PAINT-1,STN-03,2026-03-01 08:43,ENG-1165,SUP-030,EMP306,TL-066,A,Valid,Valid
M7132,*************0132,WO10132,Hatch Z,TRIM-1,STN-04,2026-03-01 08:45,ENG-1027,SUP-049,EMP365,TL-047,,Valid,Valid
M7133,*************0133,WO10133,Hatch Z,TRIM-1,STN-03,2026-03-01 08:46,ENG-1026,SUP-053,EMP236,TL-071,B,Valid,Valid
M7134,*************0134,WO10134,SUV Pro,TRIM-1,STN-05,2026-03-01 08:47,ENG-1248,SUP-032,EMP114,TL-081,B,Valid,Valid
M7135,*************0135,WO10135,Hatch Z,GA-2,STN-03,2026-03-01 08:48,ENG-1282,SUP-004,EMP382,TL-053,A,Valid,Valid
M7136,*************0136,WO10136,Sedan X,GA-1,STN-04,2026-03-01 08:50,ENG-1484,SUP-031,EMP178,TL-064,C,Valid,Valid
M7137,*************0137,WO10137,Hatch Z,PAINT-1,STN-04,2026-03-01 08:51,ENG-1427,SUP-124,EMP341,TL-032,,Valid,Valid
M7138,*************0138,WO10138,Hatch Z,GA-2,STN-04,2026-03-01 08:52,ENG-1097,SUP-154,EMP360,TL-096,B,Valid,Valid
M7139,*************0139,WO10139,Sedan X,PAINT-1,STN-03,2026-03-01 08:53,ENG-1404,SUP-107,EMP274,TL-999,C,Valid,Valid
M7140,*************0140,WO10140,Sedan X,PAINT-1,STN-05,2026-03-01 08:55,ENG-1152,SUP-151,EMP396,TL-085,,Valid,Valid
M7141,*************0141,WO10141,Sedan X,TRIM-1,STN-05,2026-03-01 08:56,ENG-1247,SUP-089,EMP270,TL-071,,Valid,Valid
M7142,*************0142,WO10142,SUV Pro,PAINT-1,STN-03,2026-03-01 08:57,ENG-1096,SUP-179,EMP222,TL-074,,Valid,Valid
M7143,*************0143,WO10143,Sedan X,TRIM-1,STN-01,2026-03-01 08:58,ENG-1162,SUP-191,EMP342,TL-091,,Valid,Valid
M7144,*************0144,WO10144,SUV Pro,GA-2,STN-04,2026-03-01 09:00,ENG-1493,SUP-010,EMP164,TL-065,C,Valid,Valid
M7145,*************0145,WO10145,Sedan X,TRIM-1,STN-01,2026-03-01 09:01,ENG-1001,SUP-135,EMP333,TL-002,B,Valid,Valid
M7146,*************0146,WO10146,SUV Pro,GA-2,STN-01,2026-03-01 09:02,ENG-1240,SUP-068,EMP273,TL-080,,Valid,Valid
M7147,*************0147,WO10147,Hatch Z,GA-1,STN-03,2026-03-01 09:03,ENG-1168,SUP-173,EMP373,TL-049,C,Valid,Valid
M7148,*************0148,WO10148,Hatch Z,TRIM-1,STN-03,2026-03-01 09:05,ENG-1277,SUP-010,EMP135,TL-031,C,Valid,Valid
M7149,*************0149,WO10149,Sedan X,GA-1,STN-04,2026-03-01 09:06,ENG-1050,SUP-195,EMP151,TL-057,B,Valid,Valid
M7150,*************0150,WO10150,Hatch Z,PAINT-1,STN-01,2026-03-01 09:07,ENG-1023,SUP-084,EMP128,TL-038,C,Valid,Valid
M7151,*************0151,WO10151,SUV Pro,TRIM-1,STN-02,2026-03-01 09:08,ENG-1125,SUP-136,EMP310,TL-073,B,Valid,Valid
M7152,*************0152,WO10152,Sedan X,GA-2,STN-01,2026-03-01 09:10,ENG-1312,SUP-098,EMP223,TL-064,B,Valid,Valid
M7153,*************0153,WO10153,Sedan X,TRIM-1,STN-05,2026-03-01 09:11,ENG-1130,SUP-118,EMP230,TL-086,A,Valid,Valid
M7154,*************0154,WO10154,SUV Pro,PAINT-1,STN-05,2026-03-01 09:12,ENG-1279,SUP-041,EMP137,TL-057,C,Valid,Valid
M7155,*************0155,WO10155,Hatch Z,PAINT-1,STN-05,2026-03-01 09:13,ENG-1492,SUP-109,EMP228,TL-059,C,Valid,Valid
M7156,*************0156,WO10156,Sedan X,TRIM-1,STN-03,2026-03-01 09:15,ENG-1247,SUP-028,EMP221,TL-049,C,Valid,Valid
M7157,*************0157,WO10157,Hatch Z,PAINT-1,STN-05,2026-03-01 09:16,ENG-1151,SUP-006,EMP302,TL-036,A,Valid,Valid
M7158,*************0158,WO10158,Hatch Z,GA-1,STN-05,2026-03-01 09:17,ENG-1381,SUP-128,EMP246,TL-100,B,Valid,Valid
M7159,*************0159,WO10159,Hatch Z,PAINT-1,STN-02,2026-03-01 09:18,ENG-1325,SUP-049,EMP228,TL-087,B,Valid,Valid
M7160,*************0160,WO10160,Hatch Z,GA-1,STN-05,2026-03-01 09:20,ENG-1330,SUP-011,EMP258,TL-999,,Valid,Valid
M7161,*************0161,WO10161,Sedan X,PAINT-1,STN-05,2026-03-01 09:21,ENG-1067,SUP-024,EMP251,TL-042,,Valid,Valid
M7162,*************0162,WO10162,Sedan X,GA-2,STN-02,2026-03-01 09:22,ENG-1402,SUP-139,EMP287,TL-068,C,Valid,Valid
M7163,*************0163,WO10163,Sedan X,PAINT-1,STN-03,2026-03-01 09:23,ENG-1483,SUP-124,EMP251,TL-096,C,Valid,Valid
M7164,*************0164,WO10164,Sedan X,TRIM-1,STN-01,2026-03-01 09:25,ENG-1072,SUP-194,EMP215,TL-087,,Valid,Valid
M7165,*************0165,WO10165,Hatch Z,PAINT-1,STN-01,2026-03-01 09:26,ENG-1404,SUP-102,EMP107,TL-034,A,Valid,Valid
M7166,*************0166,WO10166,SUV Pro,PAINT-1,STN-05,2026-03-01 09:27,ENG-1383,SUP-173,EMP234,TL-075,,Valid,Valid
M7167,*************0167,WO10167,Hatch Z,PAINT-1,STN-01,2026-03-01 09:28,ENG-1345,SUP-060,EMP341,TL-004,C,Valid,Valid
M7168,*************0168,WO10168,Hatch Z,GA-2,STN-05,2026-03-01 09:30,ENG-1032,SUP-163,EMP337,TL-090,C,Valid,Valid
M7169,*************0169,WO10169,Hatch Z,TRIM-1,STN-01,2026-03-01 09:31,ENG-1071,SUP-012,EMP119,TL-039,,Valid,Valid
M7170,*************0170,WO10170,Sedan X,GA-1,STN-02,2026-03-01 09:32,ENG-1454,SUP-138,EMP169,TL-050,,Valid,Valid
M7171,*************0171,WO10171,SUV Pro,TRIM-1,STN-05,2026-03-01 09:33,ENG-1380,SUP-187,EMP179,TL-054,A,Valid,Valid
M7172,*************0172,WO10172,SUV Pro,TRIM-1,STN-03,2026-03-01 09:35,ENG-1016,SUP-177,EMP289,TL-028,,Valid,Valid
M7173,*************0173,WO10173,SUV Pro,GA-2,STN-03,2026-03-01 09:36,ENG-1185,SUP-026,EMP288,TL-070,C,Valid,Valid
M7174,*************0174,WO10174,Sedan X,TRIM-1,STN-03,2026-03-01 09:37,ENG-1097,SUP-032,EMP332,TL-012,B,Valid,Valid
M7175,*************0175,WO10175,Hatch Z,GA-1,STN-01,2026-03-01 09:38,ENG-1402,SUP-086,EMP224,TL-017,B,Valid,Valid
M7176,*************0176,WO10176,Sedan X,GA-2,STN-05,2026-03-01 09:40,ENG-1110,SUP-060,EMP268,TL-100,B,Valid,Valid
M7177,*************0177,WO10177,Hatch Z,GA-1,STN-03,2026-03-01 09:41,ENG-1439,SUP-038,EMP166,TL-070,C,Valid,Valid
M7178,*************0178,WO10178,Sedan X,GA-1,STN-05,2026-03-01 09:42,ENG-1443,SUP-007,EMP167,TL-002,C,Valid,Valid
M7179,*************0179,WO10179,Sedan X,PAINT-1,STN-01,2026-03-01 09:43,ENG-1089,SUP-068,EMP126,TL-017,,Valid,Valid
M7180,*************0180,WO10180,Hatch Z,GA-1,STN-05,2026-03-01 09:45,ENG-1032,SUP-122,EMP329,TL-100,C,Valid,Valid
M7181,*************0181,WO10181,Hatch Z,GA-1,STN-04,2026-03-01 09:46,ENG-1257,SUP-057,EMP122,TL-094,C,Valid,Valid
M7182,*************0182,WO10182,SUV Pro,GA-1,STN-01,2026-03-01 09:47,ENG-1245,SUP-103,EMP318,TL-088,A,Valid,Valid
M7183,*************0183,WO10183,SUV Pro,TRIM-1,STN-01,2026-03-01 09:48,ENG-1460,SUP-021,EMP264,TL-078,B,Valid,Valid
M7184,*************0184,WO10184,Sedan X,GA-2,STN-03,2026-03-01 09:50,ENG-1319,SUP-163,EMP399,TL-071,C,Valid,Valid
M7185,*************0185,WO10185,SUV Pro,PAINT-1,STN-04,2026-03-01 09:51,ENG-1258,SUP-155,EMP320,TL-013,A,Valid,Valid
M7186,*************0186,WO10186,Hatch Z,GA-2,STN-04,2026-03-01 09:52,ENG-1231,SUP-059,EMP311,TL-044,,Valid,Valid
M7187,*************0187,WO10187,SUV Pro,TRIM-1,STN-05,2026-03-01 09:53,ENG-1048,SUP-081,EMP318,TL-041,C,Valid,Valid
M7188,*************0188,WO10188,SUV Pro,GA-2,STN-05,2026-03-01 09:55,ENG-1472,SUP-122,EMP134,TL-012,A,Valid,Valid
M7189,*************0189,WO10189,Sedan X,TRIM-1,STN-01,2026-03-01 09:56,ENG-1381,SUP-190,EMP290,TL-017,A,Valid,Valid
M7190,*************0190,WO10190,Hatch Z,PAINT-1,STN-05,2026-03-01 09:57,ENG-1062,SUP-106,EMP281,TL-086,,Valid,Valid
M7191,*************0191,WO10191,Hatch Z,GA-1,STN-03,2026-03-01 09:58,ENG-1307,SUP-080,EMP280,TL-014,B,Valid,Valid
M7192,*************0192,WO10192,Sedan X,TRIM-1,STN-02,2026-03-01 10:00,ENG-1433,SUP-028,EMP279,TL-072,C,Valid,Valid
M7193,*************0193,WO10193,Sedan X,PAINT-1,STN-05,2026-03-01 10:01,ENG-1115,SUP-110,EMP387,TL-099,A,Valid,Valid
M7194,*************0194,WO10194,Hatch Z,PAINT-1,STN-01,2026-03-01 10:02,ENG-1092,SUP-070,EMP258,TL-044,C,Valid,Valid
M7195,*************0195,WO10195,Sedan X,GA-2,STN-03,2026-03-01 10:03,ENG-1073,SUP-145,EMP305,TL-009,B,Valid,Valid
M7196,*************0196,WO10196,Hatch Z,GA-1,STN-01,2026-03-01 10:05,ENG-1382,SUP-136,EMP210,TL-049,,Valid,Valid
M7197,*************0197,WO10197,SUV Pro,PAINT-1,STN-02,2026-03-01 10:06,ENG-1189,SUP-080,EMP266,TL-100,A,Valid,Valid
M7198,*************0198,WO10198,Sedan X,GA-2,STN-02,2026-03-01 10:07,ENG-1386,SUP-159,EMP125,TL-087,A,Valid,Valid
M7199,*************0199,WO10199,SUV Pro,TRIM-1,STN-05,2026-03-01 10:08,ENG-1217,SUP-125,EMP326,TL-054,C,Valid,Valid
M7200,*************0200,WO10200,Sedan X,GA-1,STN-03,2026-03-01 10:10,ENG-1220,SUP-029,EMP245,TL-087,,Valid,Valid
M7201,*************0201,WO10201,Hatch Z,PAINT-1,STN-01,2026-03-01 10:11,ENG-1112,SUP-102,EMP128,TL-001,B,Valid,Valid
M7202,*************0202,WO10202,SUV Pro,GA-2,STN-03,2026-03-01 10:12,ENG-1070,SUP-196,EMP230,TL-038,C,Valid,Valid
M7203,*************0203,WO10203,Sedan X,GA-1,STN-04,2026-03-01 10:13,ENG-1382,SUP-111,EMP189,TL-017,,Valid,Valid
M7204,*************0204,WO10204,Hatch Z,GA-2,STN-05,2026-03-01 10:15,ENG-1286,SUP-172,EMP281,TL-010,,Valid,Valid
M7205,*************0205,WO10205,Hatch Z,GA-1,STN-04,2026-03-01 10:16,ENG-1009,SUP-118,EMP139,TL-041,,Valid,Valid
M7206,*************0206,WO10206,Hatch Z,TRIM-1,STN-05,2026-03-01 10:17,ENG-1327,SUP-107,EMP248,TL-015,,Valid,Valid
M7207,*************0207,WO10207,Sedan X,PAINT-1,STN-02,2026-03-01 10:18,ENG-1410,SUP-159,EMP335,TL-089,C,Valid,Valid
M7208,*************0208,WO10208,Sedan X,TRIM-1,STN-03,2026-03-01 10:20,ENG-1054,SUP-063,EMP323,TL-076,,Valid,Valid
M7209,*************0209,WO10209,Hatch Z,GA-1,STN-04,2026-03-01 10:21,ENG-1445,SUP-080,EMP273,TL-029,C,Valid,Valid
M7210,*************0210,WO10210,Sedan X,GA-1,STN-05,2026-03-01 10:22,ENG-1324,SUP-030,EMP371,TL-066,B,Valid,Valid
M7211,*************0211,WO10211,SUV Pro,PAINT-1,STN-05,2026-03-01 10:59,ENG-1490,SUP-166,EMP175,TL-031,A,Valid,Valid
M7212,*************0212,WO10212,Sedan X,PAINT-1,STN-02,2026-03-01 10:25,ENG-1088,SUP-155,EMP178,TL-098,A,Valid,Valid
M7213,*************0213,WO10213,Sedan X,TRIM-1,STN-04,2026-03-01 10:26,ENG-1386,SUP-145,EMP396,TL-058,C,Valid,Valid
M7214,*************0214,WO10214,Hatch Z,PAINT-1,STN-02,2026-03-01 10:27,ENG-1225,SUP-018,EMP340,TL-057,C,Valid,Valid
M7215,*************0215,WO10215,SUV Pro,GA-1,STN-03,2026-03-01 10:28,ENG-1259,SUP-019,EMP258,TL-060,,Valid,Valid
M7216,*************0216,WO10216,Sedan X,GA-1,STN-03,2026-03-01 10:30,ENG-1425,SUP-074,EMP139,TL-083,A,Valid,Valid
M7217,*************0217,WO10217,Hatch Z,TRIM-1,STN-04,2026-03-01 10:31,ENG-1297,SUP-142,EMP121,TL-058,B,Valid,Valid
M7218,*************0218,WO10218,SUV Pro,TRIM-1,STN-05,2026-03-01 10:32,ENG-1077,SUP-016,EMP330,TL-014,C,Valid,Valid
M7219,*************0219,WO10219,Hatch Z,GA-1,STN-05,2026-03-01 10:33,ENG-1330,SUP-045,EMP120,TL-032,,Valid,Valid
M7220,*************0220,WO10220,SUV Pro,GA-2,STN-03,2026-03-01 10:35,ENG-1190,SUP-073,EMP298,TL-053,C,Valid,Valid
M7221,*************0221,WO10221,Hatch Z,GA-1,STN-03,2026-03-01 10:36,ENG-1323,SUP-166,EMP271,TL-009,C,Valid,Valid
M7222,*************0222,WO10222,Sedan X,TRIM-1,STN-03,2026-03-01 10:37,ENG-1129,,EMP176,TL-043,A,Valid,Valid
M7223,*************0223,WO10223,Hatch Z,GA-2,STN-03,2026-03-01 10:38,ENG-1158,SUP-168,EMP300,TL-017,A,Valid,Valid
M7224,*************0224,WO10224,SUV Pro,TRIM-1,STN-05,2026-03-01 10:40,ENG-1405,SUP-085,EMP165,TL-086,A,Valid,Valid
M7225,*************0225,WO10225,Hatch Z,TRIM-1,STN-05,2026-03-01 10:41,ENG-1185,SUP-005,EMP285,TL-040,B,Valid,Valid
M7226,*************0226,WO10226,Sedan X,PAINT-1,STN-03,2026-03-01 10:42,ENG-1248,SUP-050,EMP215,TL-018,B,Valid,Valid
M7227,*************0227,WO10227,Sedan X,PAINT-1,STN-03,2026-03-01 10:43,ENG-1403,SUP-026,EMP359,TL-099,A,Valid,Valid
M7228,*************0228,WO10228,Hatch Z,PAINT-1,STN-03,2026-03-01 10:45,ENG-1316,SUP-034,EMP292,TL-020,B,Valid,Valid
M7229,*************0229,WO10229,Sedan X,GA-2,STN-05,2026-03-01 10:46,ENG-1224,SUP-012,EMP310,TL-047,B,Valid,Valid
M7230,*************0230,WO10230,SUV Pro,PAINT-1,STN-03,2026-03-01 10:47,ENG-1383,SUP-115,EMP219,TL-069,B,Valid,Valid
M7231,*************0231,WO10231,SUV Pro,TRIM-1,STN-03,2026-03-01 10:48,ENG-1099,SUP-095,EMP392,TL-057,,Valid,Valid
M7232,*************0232,WO10232,SUV Pro,TRIM-1,STN-05,2026-03-01 10:50,ENG-1270,SUP-108,EMP182,TL-026,B,Valid,Valid
M7233,*************0233,WO10233,SUV Pro,GA-1,STN-05,2026-03-01 10:51,ENG-1246,SUP-096,EMP383,TL-014,A,Valid,Valid
M7234,*************0234,WO10234,SUV Pro,GA-1,STN-03,2026-03-01 10:52,ENG-1082,SUP-070,EMP330,TL-066,B,Valid,Valid
M7235,*************0235,WO10235,SUV Pro,GA-1,STN-02,2026-03-01 10:53,ENG-1418,SUP-116,EMP278,TL-004,,Valid,Valid
M7236,*************0236,WO10236,Sedan X,TRIM-1,STN-05,2026-03-01 10:55,ENG-1191,SUP-061,EMP297,TL-011,C,Valid,Valid
M7237,*************0237,WO10237,Sedan X,GA-1,STN-03,2026-03-01 10:56,ENG-1476,SUP-026,EMP271,TL-019,B,Valid,Valid
M7238,*************0238,WO10238,Sedan X,PAINT-1,STN-03,2026-03-01 10:57,ENG-1241,SUP-179,EMP171,TL-098,,Valid,Valid
M7239,*************0239,WO10239,SUV Pro,GA-1,STN-01,2026-03-01 10:58,ENG-1009,SUP-066,EMP210,TL-020,,Valid,Valid
M7240,*************0240,WO10240,Sedan X,PAINT-1,STN-02,2026-03-01 11:00,ENG-1154,SUP-032,EMP124,TL-031,,Valid,Valid
M7241,*************0241,WO10241,Hatch Z,TRIM-1,STN-01,2026-03-01 11:01,ENG-1056,SUP-128,EMP374,TL-003,B,Valid,Valid
M7242,*************0242,WO10242,Hatch Z,GA-2,STN-03,2026-03-01 11:02,ENG-1219,SUP-001,EMP280,TL-031,,Valid,Valid
M7243,*************0243,WO10243,Sedan X,GA-1,STN-05,2026-03-01 11:03,ENG-1499,SUP-093,EMP134,TL-068,A,Valid,Valid
M7244,*************0244,WO10244,SUV Pro,TRIM-1,STN-01,2026-03-01 11:05,ENG-1325,SUP-100,EMP291,TL-033,A,Valid,Valid
M7245,*************0245,WO10245,SUV Pro,GA-1,STN-03,2026-03-01 11:06,ENG-1123,SUP-188,EMP153,TL-099,C,Valid,Valid
M7246,*************0246,WO10246,Sedan X,GA-1,STN-03,2026-03-01 11:07,ENG-1279,SUP-087,EMP189,TL-100,,Valid,Valid
M7247,*************0247,WO10247,Hatch Z,TRIM-1,STN-05,2026-03-01 11:08,ENG-1093,SUP-035,EMP132,TL-092,,Valid,Valid
M7248,*************0248,WO10248,Sedan X,PAINT-1,STN-02,2026-03-01 11:10,ENG-1022,SUP-052,EMP121,TL-041,C,Valid,Valid
M7249,*************0249,WO10249,Hatch Z,TRIM-1,STN-03,2026-03-01 11:11,ENG-1278,SUP-122,EMP229,TL-005,B,Valid,Valid
M7250,*************0250,WO10250,SUV Pro,PAINT-1,STN-03,2026-03-01 11:12,ENG-1399,SUP-013,EMP269,TL-035,A,Valid,Valid
M7251,*************0251,WO10251,SUV Pro,TRIM-1,STN-04,2026-03-01 11:13,ENG-1380,SUP-113,EMP297,TL-044,B,Valid,Valid
M7252,*************0252,WO10252,SUV Pro,TRIM-1,STN-03,2026-03-01 11:15,ENG-1473,SUP-133,EMP236,TL-011,,Valid,Valid
M7253,*************0253,WO10253,Sedan X,TRIM-1,STN-05,2026-03-01 11:16,ENG-1421,SUP-047,EMP379,TL-038,C,Valid,Valid
M7254,*************0254,WO10254,Sedan X,GA-1,STN-03,2026-03-01 11:17,ENG-1338,SUP-076,EMP256,TL-058,,Valid,Valid
M7255,*************0255,WO10255,Sedan X,TRIM-1,STN-03,2026-03-01 11:18,ENG-1228,SUP-011,EMP280,TL-079,,Valid,Valid
M7256,*************0256,WO10256,SUV Pro,GA-1,STN-01,2026-03-01 11:20,ENG-1343,SUP-164,EMP307,TL-047,B,Valid,Valid
M7257,*************0257,WO10257,Sedan X,GA-2,STN-03,2026-03-01 11:21,ENG-1311,SUP-174,EMP324,TL-005,B,Valid,Valid
M7258,*************0258,WO10258,Sedan X,GA-2,STN-03,2026-03-01 11:22,ENG-1330,SUP-094,EMP285,TL-050,A,Valid,Valid
M7259,*************0259,WO10259,Hatch Z,GA-2,STN-05,2026-03-01 11:23,ENG-1230,SUP-095,EMP290,TL-057,A,Valid,Valid
M7260,*************0260,WO10260,Hatch Z,GA-2,STN-05,2026-03-01 11:25,ENG-1187,SUP-102,EMP260,TL-084,C,Valid,Valid
M7261,*************0261,WO10261,Sedan X,GA-1,STN-01,2026-03-01 11:26,ENG-1376,SUP-048,EMP355,TL-067,,Valid,Valid
M7262,*************0262,WO10262,Hatch Z,GA-1,STN-03,2026-03-01 11:27,ENG-1396,SUP-067,EMP328,TL-028,C,Valid,Valid
M7263,*************0263,WO10263,Hatch Z,TRIM-1,STN-02,2026-03-01 11:28,ENG-1062,SUP-035,EMP137,TL-058,B,Valid,Valid
M7264,*************0264,WO10264,Hatch Z,TRIM-1,STN-01,2026-03-01 11:30,ENG-1414,SUP-175,EMP263,TL-086,C,Valid,Valid
M7265,*************0265,WO10265,Hatch Z,GA-1,STN-05,2026-03-01 11:31,ENG-1277,SUP-075,EMP253,TL-021,B,Valid,Valid
M7266,*************0266,WO10266,SUV Pro,GA-2,STN-01,2026-03-01 11:32,ENG-1102,SUP-036,EMP221,TL-064,A,Valid,Valid
M7267,*************0267,WO10267,SUV Pro,PAINT-1,STN-04,2026-03-01 11:33,ENG-1411,SUP-142,EMP166,TL-079,A,Valid,Valid
M7268,*************0268,WO10268,Sedan X,PAINT-1,STN-04,2026-03-01 11:35,ENG-1367,SUP-185,EMP345,TL-068,,Valid,Valid
M7269,*************0269,WO10269,SUV Pro,GA-1,STN-02,2026-03-01 11:36,ENG-1497,SUP-082,EMP137,TL-058,,Valid,Valid
M7270,*************0270,WO10270,Hatch Z,PAINT-1,STN-02,2026-03-01 11:37,ENG-1449,SUP-200,EMP382,TL-082,B,Valid,Valid
M7271,*************0271,WO10271,Sedan X,TRIM-1,STN-05,2026-03-01 11:38,ENG-1466,SUP-015,EMP163,TL-067,B,Valid,Valid
M7272,*************0272,WO10272,SUV Pro,GA-2,STN-02,2026-03-01 11:40,ENG-1165,SUP-182,EMP215,TL-045,C,Valid,Valid
M7273,*************0273,WO10273,Sedan X,PAINT-1,STN-02,2026-03-01 11:41,ENG-1325,SUP-142,EMP240,TL-017,C,Valid,Valid
M7274,*************0274,WO10274,Hatch Z,GA-1,STN-05,2026-03-01 11:42,ENG-1328,SUP-044,EMP397,TL-020,B,Valid,Valid
M7275,*************0275,WO10275,Hatch Z,PAINT-1,STN-03,2026-03-01 11:43,ENG-1473,SUP-145,EMP121,TL-004,A,Valid,Valid
M7276,*************0276,WO10276,Sedan X,PAINT-1,STN-05,2026-03-01 11:45,ENG-1107,SUP-197,EMP392,TL-054,A,Valid,Valid
M7277,*************0277,WO10277,SUV Pro,PAINT-1,STN-05,2026-03-01 11:46,ENG-1489,SUP-078,EMP347,TL-032,,Valid,Valid
M7278,*************0278,WO10278,SUV Pro,TRIM-1,STN-01,2026-03-01 11:47,ENG-1352,SUP-016,EMP180,TL-057,,Valid,Valid
M7279,*************0279,WO10279,SUV Pro,TRIM-1,STN-02,2026-03-01 11:48,ENG-1174,SUP-156,EMP173,TL-041,C,Valid,Valid
M7280,*************0280,WO10280,Hatch Z,PAINT-1,STN-04,2026-03-01 11:50,ENG-1066,SUP-195,EMP289,TL-066,A,Valid,Valid
M7281,*************0281,WO10281,SUV Pro,GA-2,STN-04,2026-03-01 11:51,ENG-1062,SUP-069,EMP330,TL-032,B,Valid,Valid
M7282,*************0282,WO10282,Sedan X,GA-1,STN-03,2026-03-01 11:52,ENG-1484,SUP-099,EMP314,TL-032,B,Valid,Valid
M7283,*************0283,WO10283,SUV Pro,PAINT-1,STN-02,2026-03-01 11:53,ENG-1390,SUP-041,EMP355,TL-066,,Valid,Valid
M7284,*************0284,WO10284,SUV Pro,PAINT-1,STN-04,2026-03-01 11:55,ENG-1011,SUP-024,EMP301,TL-065,,Valid,Valid
M7285,*************0285,WO10285,Sedan X,GA-2,STN-05,2026-03-01 11:56,ENG-1180,SUP-013,EMP125,TL-037,,Valid,Valid
M7286,*************0286,WO10286,Hatch Z,TRIM-1,STN-03,2026-03-01 11:57,ENG-1274,SUP-003,EMP155,TL-056,B,Valid,Valid
M7287,*************0287,WO10287,SUV Pro,PAINT-1,STN-03,2026-03-01 11:58,ENG-1206,SUP-094,EMP123,TL-052,A,Valid,Valid
M7288,*************0288,WO10288,Hatch Z,GA-2,STN-03,2026-03-01 12:00,ENG-1283,SUP-074,EMP137,TL-050,,Valid,Valid
M7289,*************0289,WO10289,Hatch Z,PAINT-1,STN-03,2026-03-01 12:01,ENG-1319,SUP-175,EMP160,TL-017,A,Valid,Valid
M7290,*************0290,WO10290,SUV Pro,PAINT-1,STN-03,2026-03-01 12:02,ENG-1001,SUP-087,EMP385,TL-047,B,Valid,Valid
M7291,*************0291,WO10291,Sedan X,TRIM-1,STN-05,2026-03-01 12:03,ENG-1020,SUP-012,EMP119,TL-018,C,Valid,Valid
M7292,*************0292,WO10292,SUV Pro,TRIM-1,STN-02,2026-03-01 12:05,ENG-1310,SUP-132,EMP171,TL-042,C,Valid,Valid
M7293,*************0293,WO10293,Sedan X,TRIM-1,STN-05,2026-03-01 12:06,ENG-1378,SUP-077,EMP272,TL-065,,Valid,Valid
M7294,*************0294,WO10294,Hatch Z,PAINT-1,STN-04,2026-03-01 12:07,ENG-1417,SUP-005,EMP288,TL-043,A,Valid,Valid
M7295,*************0295,WO10295,SUV Pro,PAINT-1,STN-03,2026-03-01 12:08,ENG-1460,SUP-186,EMP113,TL-077,,Valid,Valid
M7296,*************0296,WO10296,SUV Pro,GA-2,STN-05,2026-03-01 12:10,ENG-1026,SUP-150,EMP345,TL-022,,Valid,Valid
M7297,*************0297,WO10297,Sedan X,GA-2,STN-01,2026-03-01 12:11,ENG-1293,SUP-180,EMP156,TL-025,A,Valid,Valid
M7298,*************0298,WO10298,SUV Pro,PAINT-1,STN-04,2026-03-01 12:12,ENG-1077,SUP-106,EMP204,TL-053,,Valid,Valid
M7299,*************0299,WO10299,Hatch Z,GA-1,STN-05,2026-03-01 12:13,ENG-1070,SUP-133,EMP206,TL-072,C,Valid,Valid
M7300,*************0300,WO10300,Hatch Z,TRIM-1,STN-05,2026-03-01 12:15,ENG-1192,SUP-081,EMP188,TL-059,C,Valid,Valid
M7301,*************0301,WO10301,Hatch Z,PAINT-1,STN-05,2026-03-01 12:16,ENG-1395,SUP-185,EMP235,TL-079,,Valid,Valid
M7302,*************0302,WO10302,Sedan X,GA-2,STN-03,2026-03-01 12:17,ENG-1285,SUP-077,EMP215,TL-039,C,Valid,Valid
M7303,*************0303,WO10303,Hatch Z,GA-2,STN-05,2026-03-01 12:18,ENG-1360,SUP-126,EMP262,TL-062,C,Valid,Valid
M7304,*************0304,WO10304,Hatch Z,PAINT-1,STN-03,2026-03-01 12:20,ENG-1062,SUP-147,EMP378,TL-049,,Valid,Valid
M7305,*************0305,WO10305,SUV Pro,GA-2,STN-03,2026-03-01 12:21,ENG-1021,SUP-074,EMP140,TL-045,,Valid,Valid
M7306,*************0306,WO10306,Hatch Z,PAINT-1,STN-05,2026-03-01 12:22,ENG-1245,SUP-055,EMP203,TL-069,C,Valid,Valid
M7307,*************0307,WO10307,Hatch Z,PAINT-1,STN-02,2026-03-01 12:23,ENG-1055,SUP-158,EMP222,TL-032,A,Valid,Valid
M7308,*************0308,WO10308,Hatch Z,GA-2,STN-05,2026-03-01 12:25,ENG-1119,SUP-014,EMP151,TL-053,C,Valid,Valid
M7309,*************0309,WO10309,Hatch Z,TRIM-1,STN-01,2026-03-01 12:26,ENG-1348,SUP-198,EMP170,TL-001,B,Valid,Valid
M7310,*************0310,WO10310,SUV Pro,TRIM-1,STN-04,2026-03-01 12:27,ENG-1333,SUP-052,EMP247,TL-042,C,Valid,Valid
M7311,*************0311,WO10311,Hatch Z,GA-1,STN-03,2026-03-01 12:28,ENG-1045,SUP-167,EMP393,TL-030,A,Valid,Valid
M7312,*************0312,WO10312,Sedan X,TRIM-1,STN-03,2026-03-01 12:30,ENG-1090,SUP-010,EMP303,TL-999,,Valid,Valid
M7313,*************0313,WO10313,Sedan X,PAINT-1,STN-01,2026-03-01 12:31,ENG-1004,SUP-077,EMP390,TL-078,A,Valid,Valid
M7314,*************0314,WO10314,SUV Pro,PAINT-1,STN-04,2026-03-01 12:32,ENG-1328,SUP-140,EMP368,TL-064,B,Valid,Valid
M7315,*************0315,WO10315,Hatch Z,TRIM-1,STN-03,2026-03-01 12:33,ENG-1098,SUP-029,EMP269,TL-021,,Valid,Valid
M7316,*************0316,WO10316,Hatch Z,PAINT-1,STN-05,2026-03-01 12:35,ENG-1095,SUP-004,EMP272,TL-038,B,Valid,Valid
M7317,*************0317,WO10317,Sedan X,TRIM-1,STN-03,2026-03-01 12:36,ENG-1218,SUP-132,EMP267,TL-012,,Valid,Valid
M7318,*************0318,WO10318,Hatch Z,GA-1,STN-02,2026-03-01 12:37,ENG-1071,SUP-123,EMP265,TL-032,A,Valid,Valid
M7319,*************0319,WO10319,SUV Pro,TRIM-1,STN-02,2026-03-01 12:38,ENG-1228,SUP-193,EMP236,TL-043,C,Valid,Valid
M7320,*************0320,WO10320,Hatch Z,GA-1,STN-03,2026-03-01 12:40,ENG-1334,SUP-093,EMP220,TL-008,A,Valid,Valid
M7321,*************0321,WO10321,SUV Pro,PAINT-1,STN-02,2026-03-01 12:41,ENG-1207,SUP-176,EMP357,TL-091,C,Valid,Valid
M7322,*************0322,WO10322,Hatch Z,GA-1,STN-05,2026-03-01 12:42,ENG-1469,SUP-076,EMP288,TL-079,B,Valid,Valid
M7323,*************0323,WO10323,Sedan X,GA-2,STN-04,2026-03-01 12:43,ENG-1078,SUP-117,EMP291,TL-054,,Valid,Valid
M7324,*************0324,WO10324,Hatch Z,GA-2,STN-03,2026-03-01 12:45,ENG-1126,SUP-175,EMP141,TL-068,,Valid,Valid
M7325,*************0325,WO10325,Hatch Z,PAINT-1,STN-01,2026-03-01 12:46,ENG-1469,SUP-145,EMP157,TL-008,B,Valid,Valid
M7326,*************0326,WO10326,Hatch Z,GA-2,STN-02,2026-03-01 12:47,ENG-1167,SUP-134,EMP326,TL-015,B,Valid,Valid
M7327,*************0327,WO10327,Hatch Z,TRIM-1,STN-01,2026-03-01 12:48,ENG-1460,SUP-131,EMP328,TL-008,,Valid,Valid
M7328,*************0328,WO10328,Sedan X,TRIM-1,STN-04,2026-03-01 12:50,ENG-1288,SUP-015,EMP386,TL-060,C,Valid,Valid
M7329,*************0329,WO10329,Hatch Z,GA-1,STN-04,2026-03-01 12:51,ENG-1130,SUP-001,EMP211,TL-075,A,Valid,Valid
M7330,*************0330,WO10330,Sedan X,TRIM-1,STN-03,2026-03-01 12:52,ENG-1358,SUP-017,EMP377,TL-008,A,Valid,Valid
M7331,*************0331,WO10331,SUV Pro,GA-1,STN-03,2026-03-01 12:53,ENG-1209,SUP-047,EMP169,TL-099,,Valid,Valid
M7332,*************0332,WO10332,SUV Pro,TRIM-1,STN-04,2026-03-01 12:55,ENG-1445,SUP-097,EMP292,TL-011,B,Valid,Valid
M7333,,WO10333,Hatch Z,PAINT-1,STN-01,2026-03-01 12:56,ENG-1091,SUP-138,EMP301,TL-068,B,Valid,Invalid
M7334,*************0334,WO10334,Hatch Z,GA-2,STN-03,2026-03-01 12:57,ENG-1001,SUP-194,EMP111,TL-039,,Valid,Valid
M7335,*************0335,WO10335,Hatch Z,TRIM-1,STN-05,2026-03-01 12:58,ENG-1194,SUP-059,EMP226,TL-059,C,Valid,Valid
M7336,*************0336,WO10336,Sedan X,PAINT-1,STN-02,2026-03-01 13:00,ENG-1479,SUP-186,EMP157,TL-005,,Valid,Valid
M7337,*************0337,WO10337,Hatch Z,GA-1,STN-02,2026-03-01 13:01,ENG-1105,SUP-018,EMP151,TL-077,A,Valid,Valid
M7338,*************0338,WO10338,SUV Pro,GA-1,STN-02,2026-03-01 13:02,ENG-1379,SUP-012,EMP305,TL-057,B,Valid,Valid
M7339,*************0339,WO10339,Hatch Z,GA-2,STN-03,2026-03-01 13:03,ENG-1442,SUP-199,EMP128,TL-018,C,Valid,Valid
M7340,*************0340,WO10340,Sedan X,PAINT-1,STN-05,2026-03-01 13:05,ENG-1306,SUP-198,EMP264,TL-031,C,Valid,Valid
M7341,*************0341,WO10341,Sedan X,GA-2,STN-04,2026-03-01 13:06,ENG-1153,SUP-071,EMP131,TL-072,B,Valid,Valid
M7342,*************0342,WO10342,Hatch Z,TRIM-1,STN-05,2026-03-01 13:07,ENG-1253,SUP-013,EMP276,TL-083,,Valid,Valid
M7343,*************0343,WO10343,Hatch Z,PAINT-1,STN-05,2026-03-01 13:08,ENG-1213,SUP-105,EMP176,TL-039,,Valid,Valid
M7344,*************0344,WO10344,Sedan X,TRIM-1,STN-02,2026-03-01 13:10,ENG-1434,SUP-058,EMP253,TL-091,B,Valid,Valid
M7345,*************0345,WO10345,SUV Pro,GA-1,STN-05,2026-03-01 13:11,ENG-1211,SUP-107,EMP385,TL-068,B,Valid,Valid
M7346,*************0346,WO10346,SUV Pro,GA-2,STN-03,2026-03-01 13:12,ENG-1104,SUP-085,EMP140,TL-058,C,Valid,Valid
M7347,*************0347,WO10347,Sedan X,GA-2,STN-01,2026-03-01 13:13,ENG-1137,SUP-097,EMP120,TL-010,B,Valid,Valid
M7348,*************0348,WO10348,Hatch Z,GA-2,STN-04,2026-03-01 13:15,ENG-1106,SUP-086,EMP255,TL-002,B,Valid,Valid
M7349,*************0349,WO10349,Sedan X,GA-1,STN-05,2026-03-01 13:16,ENG-1386,SUP-123,EMP224,TL-090,B,Valid,Valid
M7350,*************0350,WO10350,SUV Pro,GA-2,STN-05,2026-03-01 13:17,ENG-1164,SUP-199,EMP244,TL-049,,Valid,Valid
M7351,*************0351,WO10351,Hatch Z,PAINT-1,STN-03,2026-03-01 13:18,ENG-1133,SUP-093,EMP362,TL-064,,Valid,Valid
M7352,*************0352,WO10352,Sedan X,TRIM-1,STN-03,2026-03-01 13:20,ENG-1429,SUP-082,EMP204,TL-048,C,Valid,Valid
M7353,*************0353,WO10353,SUV Pro,GA-1,STN-05,2026-03-01 13:21,ENG-1442,SUP-057,EMP174,TL-003,C,Valid,Valid
M7354,*************0354,WO10354,Hatch Z,TRIM-1,STN-03,2026-03-01 13:22,ENG-1078,SUP-051,EMP268,TL-030,,Valid,Valid
M7355,*************0355,WO10355,Hatch Z,GA-2,STN-04,2026-03-01 13:23,ENG-1281,SUP-168,EMP272,TL-033,,Valid,Valid
M7356,*************0356,WO10356,Hatch Z,TRIM-1,STN-04,2026-03-01 13:25,ENG-1086,SUP-188,EMP280,TL-022,B,Valid,Valid
M7357,*************0357,WO10357,Hatch Z,TRIM-1,STN-02,2026-03-01 13:26,ENG-1469,SUP-139,EMP130,TL-068,A,Valid,Valid
M7358,*************0358,WO10358,Sedan X,GA-1,STN-03,2026-03-01 13:27,ENG-1003,SUP-106,EMP170,TL-081,B,Valid,Valid
M7359,*************0359,WO10359,Sedan X,GA-2,STN-01,2026-03-01 13:28,ENG-1111,SUP-130,EMP333,TL-048,A,Valid,Valid
M7360,*************0360,WO10360,Hatch Z,TRIM-1,STN-05,2026-03-01 13:30,ENG-1249,SUP-005,EMP103,TL-069,,Valid,Valid
M7361,*************0361,WO10361,Sedan X,GA-1,STN-05,2026-03-01 13:31,ENG-1369,SUP-071,EMP374,TL-037,A,Valid,Valid
M7362,*************0362,WO10362,Hatch Z,TRIM-1,STN-03,2026-03-01 13:32,ENG-1481,SUP-046,EMP154,TL-013,B,Valid,Valid
M7363,*************0363,WO10363,Sedan X,GA-2,STN-05,2026-03-01 13:33,ENG-1269,SUP-065,EMP281,TL-035,,Valid,Valid
M7364,*************0364,WO10364,Sedan X,PAINT-1,STN-04,2026-03-01 13:35,ENG-1235,SUP-145,EMP224,TL-090,B,Valid,Valid
M7365,*************0365,WO10365,SUV Pro,GA-1,STN-05,2026-03-01 13:36,ENG-1439,SUP-167,EMP116,TL-012,,Valid,Valid
M7366,*************0366,WO10366,SUV Pro,TRIM-1,STN-05,2026-03-01 13:37,ENG-1243,SUP-015,EMP104,TL-090,B,Valid,Valid
M7367,*************0367,WO10367,Sedan X,TRIM-1,STN-03,2026-03-01 13:38,ENG-1222,SUP-166,EMP269,TL-073,A,Valid,Valid
M7368,*************0368,WO10368,Hatch Z,GA-1,STN-02,2026-03-01 13:40,ENG-1108,SUP-178,EMP390,TL-061,C,Valid,Valid
M7369,*************0369,WO10369,Sedan X,GA-1,STN-05,2026-03-01 13:41,ENG-1473,SUP-072,EMP378,TL-073,A,Valid,Valid
M7370,*************0370,WO10370,Sedan X,PAINT-1,STN-01,2026-03-01 13:42,ENG-1492,SUP-054,EMP173,TL-097,,Valid,Valid
M7371,*************0371,WO10371,Sedan X,PAINT-1,STN-02,2026-03-01 13:43,ENG-1288,SUP-062,EMP390,TL-050,C,Valid,Valid
M7372,*************0372,WO10372,SUV Pro,GA-2,STN-03,2026-03-01 13:45,ENG-1352,SUP-186,EMP140,TL-065,C,Valid,Valid
M7373,*************0373,WO10373,Sedan X,GA-1,STN-04,2026-03-01 13:46,ENG-1118,SUP-020,EMP274,TL-078,,Valid,Valid
M7374,*************0374,WO10374,SUV Pro,GA-1,STN-05,2026-03-01 13:47,ENG-1139,SUP-116,EMP351,TL-030,C,Valid,Valid
M7375,*************0375,WO10375,Hatch Z,TRIM-1,STN-04,2026-03-01 13:48,ENG-1095,SUP-175,EMP399,TL-085,,Valid,Valid
M7376,*************0376,WO10376,Sedan X,PAINT-1,STN-03,2026-03-01 13:50,ENG-1126,SUP-183,EMP137,TL-011,C,Valid,Valid
M7377,*************0377,WO10377,Sedan X,TRIM-1,STN-05,2026-03-01 13:51,ENG-1401,SUP-163,EMP178,TL-095,,Valid,Valid
M7378,*************0378,WO10378,SUV Pro,PAINT-1,STN-01,2026-03-01 13:52,ENG-1046,SUP-002,EMP257,TL-057,C,Valid,Valid
M7379,*************0379,WO10379,SUV Pro,GA-1,STN-02,2026-03-01 13:53,ENG-1044,SUP-048,EMP320,TL-058,,Valid,Valid
M7380,*************0380,WO10380,Sedan X,GA-1,STN-01,2026-03-01 13:55,ENG-1181,SUP-142,EMP147,TL-077,C,Valid,Valid
M7381,*************0381,WO10381,SUV Pro,GA-1,STN-03,2026-03-01 13:56,ENG-1211,SUP-100,EMP143,TL-093,B,Valid,Valid
M7382,*************0382,WO10382,Hatch Z,GA-2,STN-05,2026-03-01 13:57,ENG-1194,SUP-044,EMP171,TL-035,C,Valid,Valid
M7383,*************0383,WO10383,SUV Pro,TRIM-1,STN-02,2026-03-01 13:58,ENG-1032,SUP-043,EMP322,TL-036,,Valid,Valid
M7384,*************0384,WO10384,SUV Pro,TRIM-1,STN-03,2026-03-01 14:00,ENG-1039,SUP-093,EMP228,TL-032,,Valid,Valid
M7385,*************0385,WO10385,Hatch Z,GA-2,STN-04,2026-03-01 14:01,ENG-1054,SUP-035,EMP255,TL-001,,Valid,Valid
M7386,*************0386,WO10386,SUV Pro,TRIM-1,STN-03,2026-03-01 14:02,ENG-1441,SUP-085,EMP325,TL-043,,Valid,Valid
M7387,*************0387,WO10387,Hatch Z,GA-2,STN-03,2026-03-01 14:03,ENG-1164,SUP-155,EMP202,TL-062,C,Valid,Valid
M7388,*************0388,WO10388,Sedan X,TRIM-1,STN-03,2026-03-01 14:05,ENG-1149,SUP-189,EMP351,TL-074,B,Valid,Valid
M7389,*************0389,WO10389,SUV Pro,TRIM-1,STN-03,2026-03-01 14:06,ENG-1418,SUP-101,EMP286,TL-015,B,Valid,Valid
M7390,*************0390,WO10390,Hatch Z,GA-2,STN-05,2026-03-01 14:07,ENG-1393,SUP-141,EMP113,TL-094,,Valid,Valid
M7391,*************0391,WO10391,Hatch Z,GA-2,STN-04,2026-03-01 14:08,ENG-1408,SUP-075,EMP135,TL-053,,Valid,Valid
M7392,*************0392,WO10392,Sedan X,PAINT-1,STN-02,2026-03-01 14:10,ENG-1129,SUP-169,EMP178,TL-092,,Valid,Valid
M7393,*************0393,WO10393,SUV Pro,GA-1,STN-04,2026-03-01 14:11,ENG-1306,SUP-123,EMP398,TL-052,,Valid,Valid
M7394,*************0394,WO10394,Hatch Z,GA-1,STN-03,2026-03-01 14:12,ENG-1495,SUP-093,EMP374,TL-077,A,Valid,Valid
M7395,*************0395,WO10395,Sedan X,GA-2,STN-05,2026-03-01 14:13,ENG-1340,SUP-091,EMP185,TL-083,A,Valid,Valid
M7396,*************0396,WO10396,Hatch Z,TRIM-1,STN-03,2026-03-01 14:15,ENG-1169,SUP-111,EMP154,TL-002,A,Valid,Valid
M7397,*************0397,WO10397,SUV Pro,GA-2,STN-05,2026-03-01 14:16,ENG-1382,SUP-133,EMP385,TL-075,B,Valid,Valid
M7398,*************0398,WO10398,SUV Pro,PAINT-1,STN-04,2026-03-01 14:17,ENG-1237,SUP-198,EMP356,TL-020,C,Valid,Valid
M7399,*************0399,WO10399,Sedan X,TRIM-1,STN-01,2026-03-01 14:18,ENG-1151,SUP-107,EMP143,TL-015,B,Valid,Valid
M7400,*************0400,WO10400,SUV Pro,PAINT-1,STN-03,2026-03-01 14:20,ENG-1233,SUP-053,EMP366,TL-062,C,Valid,Valid
M7401,*************0401,WO10401,SUV Pro,GA-1,STN-04,2026-03-01 14:21,ENG-1369,SUP-179,EMP331,TL-041,A,Valid,Valid
M7402,*************0402,WO10402,SUV Pro,GA-1,STN-03,2026-03-01 14:22,ENG-1363,SUP-030,EMP111,TL-044,A,Valid,Valid
M7403,*************0403,WO10403,Hatch Z,GA-2,STN-05,2026-03-01 14:23,ENG-1124,SUP-133,EMP189,TL-071,B,Valid,Valid
M7404,*************0404,WO10404,SUV Pro,TRIM-1,STN-04,2026-03-01 14:25,ENG-1118,SUP-104,EMP194,TL-024,,Valid,Valid
M7405,*************0405,WO10405,SUV Pro,GA-1,STN-05,2026-03-01 14:26,ENG-1314,SUP-051,EMP330,TL-076,,Valid,Valid
M7406,*************0406,WO10406,SUV Pro,GA-1,STN-05,2026-03-01 14:27,ENG-1109,SUP-053,EMP242,TL-097,A,Valid,Valid
M7407,*************0407,WO10407,Hatch Z,GA-1,STN-03,2026-03-01 14:28,ENG-1446,SUP-138,EMP195,TL-047,C,Valid,Valid
M7408,*************0408,WO10408,Sedan X,TRIM-1,STN-01,2026-03-01 14:30,ENG-1134,SUP-172,EMP350,TL-068,C,Valid,Valid
M7409,*************0409,WO10409,Hatch Z,TRIM-1,STN-05,2026-03-01 14:31,ENG-1200,SUP-151,EMP158,TL-045,C,Valid,Valid
M7410,*************0410,WO10410,SUV Pro,GA-2,STN-03,2026-03-01 14:32,ENG-1344,SUP-181,EMP252,TL-079,A,Valid,Valid
M7411,*************0411,WO10411,Hatch Z,GA-2,STN-03,2026-03-01 14:33,ENG-1060,SUP-062,EMP256,TL-015,B,Valid,Valid
M7412,*************0412,WO10412,SUV Pro,GA-2,STN-05,2026-03-01 14:35,ENG-1198,SUP-108,EMP170,TL-074,,Valid,Valid
M7413,*************0413,WO10413,SUV Pro,GA-2,STN-04,2026-03-01 14:36,ENG-1325,SUP-138,EMP188,TL-072,B,Valid,Valid
M7414,*************0414,WO10414,SUV Pro,PAINT-1,STN-02,2026-03-01 14:37,ENG-1095,SUP-081,EMP330,TL-080,A,Valid,Valid
M7415,*************0415,WO10415,SUV Pro,GA-1,STN-04,2026-03-01 14:38,ENG-1069,SUP-050,EMP296,TL-072,,Valid,Valid
M7416,*************0416,WO10416,SUV Pro,TRIM-1,STN-04,2026-03-01 14:40,ENG-1363,SUP-114,EMP350,TL-022,A,Valid,Valid
M7417,*************0417,WO10417,Hatch Z,GA-1,STN-03,2026-03-01 14:41,ENG-1389,SUP-057,EMP249,TL-005,C,Valid,Valid
M7418,*************0418,WO10418,Sedan X,PAINT-1,STN-02,2026-03-01 14:42,ENG-1399,SUP-118,EMP389,TL-096,,Valid,Valid
M7419,*************0419,WO10419,Hatch Z,GA-1,STN-05,2026-03-01 14:43,ENG-1058,SUP-069,EMP378,TL-047,A,Valid,Valid
M7420,*************0420,WO10420,Hatch Z,TRIM-1,STN-05,2026-03-01 14:45,ENG-1111,SUP-109,EMP152,TL-095,B,Valid,Valid
M7421,*************0421,WO10421,SUV Pro,GA-1,STN-04,2026-03-01 14:46,ENG-1134,SUP-090,EMP144,TL-057,A,Valid,Valid
M7422,*************0422,WO10422,Sedan X,GA-2,STN-03,2026-03-01 14:59,ENG-1377,SUP-151,EMP279,TL-091,,Valid,Valid
M7423,*************0423,WO10423,Sedan X,GA-2,STN-03,2026-03-01 14:48,ENG-1105,SUP-053,EMP130,TL-073,C,Valid,Valid
M7424,*************0424,WO10424,Hatch Z,PAINT-1,STN-05,2026-03-01 14:50,ENG-1275,SUP-044,EMP265,TL-091,C,Valid,Valid
M7425,*************0425,WO10425,SUV Pro,PAINT-1,STN-03,2026-03-01 14:51,ENG-1263,SUP-174,EMP148,TL-018,,Valid,Valid
M7426,*************0426,WO10426,Sedan X,PAINT-1,STN-03,2026-03-01 14:52,ENG-1335,SUP-033,EMP167,TL-032,B,Valid,Valid
M7427,*************0427,WO10427,Hatch Z,PAINT-1,STN-03,2026-03-01 14:53,ENG-1126,SUP-195,EMP301,TL-063,B,Valid,Valid
M7428,*************0428,WO10428,Hatch Z,PAINT-1,STN-05,2026-03-01 14:55,ENG-1212,SUP-097,EMP331,TL-010,A,Valid,Valid
M7429,*************0429,WO10429,SUV Pro,PAINT-1,STN-05,2026-03-01 14:56,ENG-1479,SUP-095,EMP332,TL-063,C,Valid,Valid
M7430,*************0430,WO10430,Hatch Z,GA-1,STN-03,2026-03-01 14:57,ENG-1396,SUP-188,EMP147,TL-094,,Valid,Valid
M7431,*************0431,WO10431,Hatch Z,PAINT-1,STN-03,2026-03-01 14:58,ENG-1032,SUP-137,EMP303,TL-028,,Valid,Valid
M7432,*************0432,WO10432,Sedan X,TRIM-1,STN-03,2026-03-01 15:00,ENG-1165,SUP-073,EMP272,TL-071,B,Valid,Valid
M7433,*************0433,WO10433,Hatch Z,TRIM-1,STN-03,2026-03-01 15:01,ENG-1175,SUP-175,EMP124,TL-006,A,Valid,Valid
M7434,*************0434,WO10434,Hatch Z,TRIM-1,STN-01,2026-03-01 15:02,ENG-1063,SUP-041,EMP325,TL-059,A,Valid,Valid
M7435,*************0435,WO10435,SUV Pro,GA-2,STN-05,2026-03-01 15:03,ENG-1001,SUP-034,EMP254,TL-021,C,Valid,Valid
M7436,*************0436,WO10436,Sedan X,PAINT-1,STN-03,2026-03-01 15:05,ENG-1042,SUP-096,EMP184,TL-007,,Valid,Valid
M7437,*************0437,WO10437,Hatch Z,PAINT-1,STN-05,2026-03-01 15:06,ENG-1358,SUP-194,EMP219,TL-055,A,Valid,Valid
M7438,*************0438,WO10438,Hatch Z,GA-1,STN-01,2026-03-01 15:07,ENG-1109,SUP-123,EMP139,TL-017,B,Valid,Valid
M7439,*************0439,WO10439,Hatch Z,TRIM-1,STN-01,2026-03-01 15:08,ENG-1004,SUP-179,EMP275,TL-016,,Valid,Valid
M7440,*************0440,WO10440,Hatch Z,GA-2,STN-04,2026-03-01 15:10,ENG-1036,SUP-059,EMP296,TL-012,A,Valid,Valid
M7441,*************0441,WO10441,Sedan X,PAINT-1,STN-03,2026-03-01 15:11,ENG-1451,SUP-077,EMP170,TL-049,B,Valid,Valid
M7442,*************0442,WO10442,Hatch Z,GA-2,STN-01,2026-03-01 15:12,ENG-1271,SUP-145,EMP104,TL-079,B,Valid,Valid
M7443,*************0443,WO10443,SUV Pro,PAINT-1,STN-05,2026-03-01 15:13,ENG-1109,SUP-161,EMP177,TL-053,,Valid,Valid
M7444,*************0444,WO10444,Sedan X,GA-1,STN-01,2026-03-01 15:15,ENG-1071,,EMP163,TL-076,,Valid,Valid
M7445,*************0445,WO10445,SUV Pro,TRIM-1,STN-03,2026-03-01 15:16,ENG-1405,SUP-036,EMP226,TL-036,A,Valid,Valid
M7446,*************0446,WO10446,Sedan X,PAINT-1,STN-03,2026-03-01 15:17,ENG-1481,SUP-177,EMP113,TL-085,C,Valid,Valid
M7447,*************0447,WO10447,Sedan X,GA-2,STN-05,2026-03-01 15:18,ENG-1200,SUP-076,EMP127,TL-999,B,Valid,Valid
M7448,*************0448,WO10448,SUV Pro,TRIM-1,STN-01,2026-03-01 15:20,ENG-1123,SUP-128,EMP136,TL-068,A,Valid,Valid
M7449,*************0449,WO10449,SUV Pro,PAINT-1,STN-02,2026-03-01 15:21,ENG-1198,SUP-146,EMP315,TL-047,B,Valid,Valid
M7450,*************0450,WO10450,SUV Pro,GA-1,STN-01,2026-03-01 15:22,ENG-1300,SUP-018,EMP107,TL-034,B,Valid,Valid
M7451,*************0451,WO10451,Sedan X,GA-1,STN-03,2026-03-01 15:23,ENG-1203,SUP-130,EMP246,TL-081,,Valid,Valid
M7452,*************0452,WO10452,SUV Pro,TRIM-1,STN-01,2026-03-01 15:25,ENG-1327,SUP-138,EMP375,TL-079,B,Valid,Valid
M7453,*************0453,WO10453,SUV Pro,GA-1,STN-03,2026-03-01 15:26,ENG-1040,SUP-131,EMP204,TL-020,C,Valid,Valid
M7454,*************0454,WO10454,SUV Pro,GA-1,STN-03,2026-03-01 15:27,ENG-1357,SUP-112,EMP222,TL-008,B,Valid,Valid
M7455,*************0455,WO10455,Sedan X,TRIM-1,STN-01,2026-03-01 15:28,ENG-1232,SUP-157,EMP128,TL-040,B,Valid,Valid
M7456,*************0456,WO10456,Sedan X,GA-1,STN-05,2026-03-01 15:30,ENG-1070,SUP-180,EMP105,TL-021,,Valid,Valid
M7457,*************0457,WO10457,SUV Pro,PAINT-1,STN-02,2026-03-01 15:31,ENG-1190,SUP-033,EMP237,TL-094,A,Valid,Valid
M7458,*************0458,WO10458,Sedan X,PAINT-1,STN-03,2026-03-01 15:32,ENG-1219,SUP-070,EMP368,TL-009,C,Valid,Valid
M7459,*************0459,WO10459,Hatch Z,GA-1,STN-04,2026-03-01 15:33,ENG-1233,SUP-131,EMP284,TL-008,,Valid,Valid
M7460,*************0460,WO10460,Hatch Z,GA-2,STN-03,2026-03-01 15:35,ENG-1080,SUP-066,EMP152,TL-074,A,Valid,Valid
M7461,*************0461,WO10461,Sedan X,GA-1,STN-01,2026-03-01 15:36,ENG-1439,SUP-004,EMP225,TL-006,,Valid,Valid
M7462,*************0462,WO10462,SUV Pro,TRIM-1,STN-02,2026-03-01 15:37,ENG-1091,SUP-010,EMP383,TL-092,,Valid,Valid
M7463,*************0463,WO10463,Sedan X,PAINT-1,STN-02,2026-03-01 15:38,ENG-1213,SUP-185,EMP263,TL-035,A,Valid,Valid
M7464,*************0464,WO10464,Hatch Z,PAINT-1,STN-01,2026-03-01 15:40,ENG-1257,SUP-173,EMP126,TL-023,B,Valid,Valid
M7465,*************0465,WO10465,Hatch Z,GA-1,STN-04,2026-03-01 15:41,ENG-1035,SUP-120,EMP244,TL-100,C,Valid,Valid
M7466,*************0466,WO10466,SUV Pro,GA-1,STN-05,2026-03-01 15:42,ENG-1233,SUP-003,EMP288,TL-026,C,Valid,Valid
M7467,*************0467,WO10467,Hatch Z,PAINT-1,STN-05,2026-03-01 15:43,ENG-1318,SUP-063,EMP337,TL-048,,Valid,Valid
M7468,*************0468,WO10468,Sedan X,GA-2,STN-02,2026-03-01 15:45,ENG-1003,SUP-105,EMP112,TL-030,C,Valid,Valid
M7469,*************0469,WO10469,Hatch Z,GA-1,STN-03,2026-03-01 15:46,ENG-1000,SUP-195,EMP292,TL-095,C,Valid,Valid
M7470,*************0470,WO10470,Sedan X,GA-2,STN-05,2026-03-01 15:47,ENG-1121,SUP-108,EMP351,TL-008,B,Valid,Valid
M7471,*************0471,WO10471,Hatch Z,PAINT-1,STN-01,2026-03-01 15:48,ENG-1022,SUP-060,EMP366,TL-053,C,Valid,Valid
M7472,*************0472,WO10472,SUV Pro,GA-1,STN-05,2026-03-01 15:50,ENG-1048,SUP-130,EMP168,TL-082,,Valid,Valid
M7473,*************0473,WO10473,Sedan X,GA-1,STN-04,2026-03-01 15:51,ENG-1339,SUP-034,EMP221,TL-038,C,Valid,Valid
M7474,*************0474,WO10474,SUV Pro,TRIM-1,STN-05,2026-03-01 15:52,ENG-1425,SUP-189,EMP267,TL-041,,Valid,Valid
M7475,*************0475,WO10475,SUV Pro,GA-2,STN-01,2026-03-01 15:53,ENG-1483,SUP-052,EMP169,TL-100,A,Valid,Valid
M7476,*************0476,WO10476,Sedan X,GA-1,STN-02,2026-03-01 15:55,ENG-1230,SUP-120,EMP260,TL-053,A,Valid,Valid
M7477,*************0477,WO10477,Hatch Z,PAINT-1,STN-03,2026-03-01 15:56,ENG-1106,SUP-116,EMP257,TL-060,C,Valid,Valid
M7478,*************0478,WO10478,Sedan X,GA-1,STN-02,2026-03-01 15:57,ENG-1413,SUP-176,EMP255,TL-091,A,Valid,Valid
M7479,*************0479,WO10479,Sedan X,PAINT-1,STN-02,2026-03-01 15:58,ENG-1046,SUP-183,EMP227,TL-046,,Valid,Valid
M7480,*************0480,WO10480,Hatch Z,GA-1,STN-05,2026-03-01 16:00,ENG-1153,SUP-067,EMP189,TL-004,,Valid,Valid
M7481,*************0481,WO10481,SUV Pro,GA-2,STN-01,2026-03-01 16:01,ENG-1236,SUP-027,EMP171,TL-016,A,Valid,Valid
M7482,*************0482,WO10482,Sedan X,GA-2,STN-02,2026-03-01 16:02,ENG-1101,SUP-103,EMP290,TL-088,A,Valid,Valid
M7483,*************0483,WO10483,Hatch Z,PAINT-1,STN-03,2026-03-01 16:03,ENG-1038,SUP-006,EMP133,TL-026,,Valid,Valid
M7484,*************0484,WO10484,Sedan X,GA-1,STN-03,2026-03-01 16:05,ENG-1424,SUP-085,EMP162,TL-006,,Valid,Valid
M7485,*************0485,WO10485,Sedan X,GA-2,STN-05,2026-03-01 16:06,ENG-1221,SUP-186,EMP302,TL-064,A,Valid,Valid
M7486,*************0486,WO10486,SUV Pro,TRIM-1,STN-02,2026-03-01 16:07,ENG-1181,SUP-055,EMP195,TL-036,C,Valid,Valid
M7487,*************0487,WO10487,SUV Pro,GA-2,STN-01,2026-03-01 16:08,ENG-1314,SUP-159,EMP225,TL-083,C,Valid,Valid
M7488,*************0488,WO10488,SUV Pro,TRIM-1,STN-05,2026-03-01 16:10,ENG-1245,SUP-016,EMP144,TL-036,,Valid,Valid
M7489,*************0489,WO10489,Sedan X,TRIM-1,STN-02,2026-03-01 16:11,ENG-1329,SUP-135,EMP227,TL-081,A,Valid,Valid
M7490,*************0490,WO10490,SUV Pro,PAINT-1,STN-04,2026-03-01 16:12,ENG-1278,SUP-125,EMP276,TL-073,C,Valid,Valid
M7491,*************0491,WO10491,SUV Pro,PAINT-1,STN-02,2026-03-01 16:13,ENG-1013,SUP-082,EMP212,TL-004,C,Valid,Valid
M7492,*************0492,WO10492,Sedan X,TRIM-1,STN-05,2026-03-01 16:15,ENG-1183,SUP-197,EMP399,TL-030,B,Valid,Valid
M7493,*************0493,WO10493,Sedan X,GA-2,STN-05,2026-03-01 16:16,ENG-1123,SUP-069,EMP373,TL-095,A,Valid,Valid
M7494,*************0494,WO10494,Sedan X,TRIM-1,STN-03,2026-03-01 16:17,ENG-1478,SUP-045,EMP190,TL-031,C,Valid,Valid
M7495,*************0495,WO10495,Hatch Z,PAINT-1,STN-05,2026-03-01 16:18,ENG-1014,SUP-181,EMP280,TL-073,B,Valid,Valid
M7496,*************0496,WO10496,Hatch Z,GA-2,STN-03,2026-03-01 16:20,ENG-1414,SUP-127,EMP377,TL-040,B,Valid,Valid
M7497,*************0497,WO10497,SUV Pro,GA-1,STN-01,2026-03-01 16:21,ENG-1028,SUP-060,EMP212,TL-003,,Valid,Valid
M7498,*************0498,WO10498,Sedan X,PAINT-1,STN-05,2026-03-01 16:22,ENG-1103,SUP-034,EMP274,TL-092,B,Valid,Valid
M7499,*************0499,WO10499,SUV Pro,GA-1,STN-01,2026-03-01 16:23,ENG-1075,SUP-151,EMP172,TL-100,A,Valid,Valid
M7500,*************0500,WO10500,Hatch Z,PAINT-1,STN-01,2026-03-01 16:25,ENG-1191,SUP-181,EMP302,TL-076,A,Valid,Valid
M7501,*************0501,WO10501,SUV Pro,PAINT-1,STN-03,2026-03-01 16:26,ENG-1069,SUP-041,EMP323,TL-082,,Valid,Valid
M7502,*************0502,WO10502,Hatch Z,PAINT-1,STN-02,2026-03-01 16:27,ENG-1362,SUP-144,EMP282,TL-029,B,Valid,Valid
M7503,*************0503,WO10503,SUV Pro,PAINT-1,STN-05,2026-03-01 16:28,ENG-1352,SUP-076,EMP165,TL-023,A,Valid,Valid
M7504,*************0504,WO10504,Hatch Z,TRIM-1,STN-03,2026-03-01 16:30,ENG-1394,SUP-146,EMP116,TL-024,C,Valid,Valid
M7505,*************0505,WO10505,Hatch Z,GA-2,STN-05,2026-03-01 16:31,ENG-1289,SUP-027,EMP354,TL-019,C,Valid,Valid
M7506,*************0506,WO10506,Hatch Z,GA-1,STN-02,2026-03-01 16:32,ENG-1177,SUP-082,EMP185,TL-082,A,Valid,Valid
M7507,*************0507,WO10507,Hatch Z,PAINT-1,STN-04,2026-03-01 16:33,ENG-1005,SUP-068,EMP207,TL-032,A,Valid,Valid
M7508,*************0508,WO10508,SUV Pro,PAINT-1,STN-03,2026-03-01 16:35,ENG-1055,SUP-185,EMP100,TL-007,,Valid,Valid
M7509,*************0509,WO10509,SUV Pro,TRIM-1,STN-02,2026-03-01 16:36,ENG-1452,SUP-106,EMP352,TL-049,C,Valid,Valid
M7510,*************0510,WO10510,Hatch Z,TRIM-1,STN-01,2026-03-01 16:37,ENG-1424,SUP-123,EMP395,TL-084,B,Valid,Valid
M7511,*************0511,WO10511,Sedan X,TRIM-1,STN-01,2026-03-01 16:38,ENG-1409,SUP-009,EMP250,TL-003,C,Valid,Valid
M7512,*************0512,WO10512,SUV Pro,GA-1,STN-01,2026-03-01 16:40,ENG-1175,SUP-044,EMP292,TL-021,A,Valid,Valid
M7513,*************0513,WO10513,Hatch Z,GA-1,STN-03,2026-03-01 16:41,ENG-1304,SUP-158,EMP347,TL-091,A,Valid,Valid
M7514,*************0514,WO10514,SUV Pro,GA-2,STN-05,2026-03-01 16:42,ENG-1455,SUP-112,EMP180,TL-007,A,Valid,Valid
M7515,*************0515,WO10515,SUV Pro,GA-2,STN-02,2026-03-01 16:43,ENG-1209,SUP-179,EMP383,TL-093,C,Valid,Valid
M7516,*************0516,WO10516,Hatch Z,PAINT-1,STN-03,2026-03-01 16:45,ENG-1121,SUP-025,EMP125,TL-051,,Valid,Valid
M7517,*************0517,WO10517,Sedan X,GA-1,STN-03,2026-03-01 16:46,ENG-1001,SUP-110,EMP144,TL-038,,Valid,Valid
M7518,*************0518,WO10518,Sedan X,GA-1,STN-01,2026-03-01 16:47,ENG-1105,SUP-044,EMP249,TL-011,,Valid,Valid
M7519,*************0519,WO10519,Sedan X,PAINT-1,STN-03,2026-03-01 16:48,ENG-1203,SUP-121,EMP350,TL-085,C,Valid,Valid
M7520,*************0520,WO10520,Sedan X,TRIM-1,STN-02,2026-03-01 16:50,ENG-1189,SUP-098,EMP289,TL-024,,Valid,Valid
M7521,*************0521,WO10521,Sedan X,PAINT-1,STN-04,2026-03-01 16:51,ENG-1238,SUP-068,EMP215,TL-035,A,Valid,Valid
M7522,*************0522,WO10522,Sedan X,GA-1,STN-01,2026-03-01 16:52,ENG-1342,SUP-089,EMP377,TL-053,B,Valid,Valid
M7523,*************0523,WO10523,Hatch Z,GA-1,STN-03,2026-03-01 16:53,ENG-1198,SUP-134,EMP314,TL-069,,Valid,Valid
M7524,*************0524,WO10524,Hatch Z,GA-2,STN-04,2026-03-01 16:55,ENG-1153,SUP-021,EMP302,TL-092,A,Valid,Valid
M7525,*************0525,WO10525,Hatch Z,GA-2,STN-01,2026-03-01 16:56,ENG-1486,SUP-194,EMP329,TL-023,B,Valid,Valid
M7526,*************0526,WO10526,Sedan X,GA-2,STN-02,2026-03-01 16:57,ENG-1021,SUP-109,EMP140,TL-088,,Valid,Valid
M7527,*************0527,WO10527,Sedan X,GA-2,STN-03,2026-03-01 16:58,ENG-1304,SUP-067,EMP263,TL-094,A,Valid,Valid
M7528,*************0528,WO10528,Sedan X,TRIM-1,STN-05,2026-03-01 17:00,ENG-1203,SUP-142,EMP266,TL-036,,Valid,Valid
M7529,*************0529,WO10529,Sedan X,TRIM-1,STN-01,2026-03-01 17:01,ENG-1212,SUP-039,EMP175,TL-073,A,Valid,Valid
M7530,*************0530,WO10530,Sedan X,GA-1,STN-03,2026-03-01 17:02,ENG-1146,SUP-138,EMP276,TL-053,C,Valid,Valid
M7531,*************0531,WO10531,SUV Pro,TRIM-1,STN-05,2026-03-01 17:03,ENG-1311,SUP-122,EMP119,TL-023,C,Valid,Valid
M7532,*************0532,WO10532,SUV Pro,GA-2,STN-05,2026-03-01 17:05,ENG-1311,SUP-175,EMP305,TL-005,,Valid,Valid
M7533,*************0533,WO10533,SUV Pro,GA-2,STN-01,2026-03-01 17:06,ENG-1381,SUP-122,EMP237,TL-048,A,Valid,Valid
M7534,*************0534,WO10534,SUV Pro,PAINT-1,STN-03,2026-03-01 17:07,ENG-1143,SUP-126,EMP150,TL-030,B,Valid,Valid
M7535,*************0535,WO10535,SUV Pro,TRIM-1,STN-03,2026-03-01 17:08,ENG-1422,SUP-083,EMP237,TL-094,,Valid,Valid
M7536,*************0536,WO10536,Hatch Z,GA-1,STN-02,2026-03-01 17:10,ENG-1226,SUP-055,EMP308,TL-095,,Valid,Valid
M7537,*************0537,WO10537,Hatch Z,PAINT-1,STN-03,2026-03-01 17:11,ENG-1028,SUP-132,EMP181,TL-009,C,Valid,Valid
M7538,*************0538,WO10538,Hatch Z,TRIM-1,STN-02,2026-03-01 17:12,ENG-1399,SUP-135,EMP391,TL-004,B,Valid,Valid
M7539,*************0539,WO10539,Sedan X,GA-2,STN-03,2026-03-01 17:13,ENG-1029,SUP-064,EMP116,TL-059,A,Valid,Valid
M7540,*************0540,WO10540,SUV Pro,GA-2,STN-03,2026-03-01 17:15,ENG-1188,SUP-119,EMP358,TL-051,A,Valid,Valid
M7541,*************0541,WO10541,Hatch Z,GA-1,STN-02,2026-03-01 17:16,ENG-1190,SUP-126,EMP328,TL-023,,Valid,Valid
M7542,*************0542,WO10542,Hatch Z,PAINT-1,STN-03,2026-03-01 17:17,ENG-1083,SUP-067,EMP146,TL-037,A,Valid,Valid
M7543,*************0543,WO10543,SUV Pro,GA-1,STN-02,2026-03-01 17:18,ENG-1437,SUP-147,EMP209,TL-029,B,Valid,Valid
M7544,*************0544,WO10544,Hatch Z,GA-2,STN-03,2026-03-01 17:20,ENG-1333,SUP-105,EMP362,TL-003,A,Valid,Valid
M7545,*************0545,WO10545,SUV Pro,GA-2,STN-05,2026-03-01 17:21,ENG-1088,SUP-154,EMP104,TL-029,C,Valid,Valid
M7546,*************0546,WO10546,Hatch Z,PAINT-1,STN-05,2026-03-01 17:22,ENG-1495,SUP-182,EMP240,TL-055,,Valid,Valid
M7547,*************0547,WO10547,SUV Pro,TRIM-1,STN-03,2026-03-01 17:23,ENG-1111,SUP-120,EMP254,TL-087,,Valid,Valid
M7548,*************0548,WO10548,Hatch Z,GA-1,STN-01,2026-03-01 17:25,ENG-1261,SUP-170,EMP291,TL-072,C,Valid,Valid
M7549,*************0549,WO10549,SUV Pro,GA-1,STN-04,2026-03-01 17:26,ENG-1032,SUP-087,EMP241,TL-082,C,Valid,Valid
M7550,*************0550,WO10550,SUV Pro,PAINT-1,STN-05,2026-03-01 17:27,ENG-1364,SUP-167,EMP252,TL-025,B,Valid,Valid
M7551,*************0551,WO10551,Hatch Z,GA-2,STN-01,2026-03-01 17:28,ENG-1412,SUP-154,EMP306,TL-085,C,Valid,Valid
M7552,*************0552,WO10552,Hatch Z,GA-2,STN-05,2026-03-01 17:30,ENG-1013,SUP-168,EMP354,TL-038,C,Valid,Valid
M7553,*************0553,WO10553,SUV Pro,TRIM-1,STN-04,2026-03-01 17:31,ENG-1377,SUP-010,EMP398,TL-091,B,Valid,Valid
M7554,*************0554,WO10554,SUV Pro,GA-2,STN-05,2026-03-01 17:32,ENG-1273,SUP-164,EMP343,TL-086,C,Valid,Valid
M7555,*************0555,WO10555,Hatch Z,PAINT-1,STN-03,2026-03-01 17:33,ENG-1087,SUP-169,EMP385,TL-024,C,Valid,Valid
M7556,*************0556,WO10556,Sedan X,TRIM-1,STN-02,2026-03-01 17:35,ENG-1379,SUP-067,EMP386,TL-098,B,Valid,Valid
M7557,*************0557,WO10557,Hatch Z,PAINT-1,STN-05,2026-03-01 17:36,ENG-1045,SUP-057,EMP281,TL-029,C,Valid,Valid
M7558,*************0558,WO10558,SUV Pro,PAINT-1,STN-03,2026-03-01 17:37,ENG-1133,SUP-150,EMP250,TL-060,A,Valid,Valid
M7559,*************0559,WO10559,SUV Pro,GA-1,STN-03,2026-03-01 17:38,ENG-1324,SUP-150,EMP397,TL-080,A,Valid,Valid
M7560,*************0560,WO10560,SUV Pro,GA-2,STN-05,2026-03-01 17:40,ENG-1061,SUP-175,EMP295,TL-068,C,Valid,Valid
M7561,*************0561,WO10561,SUV Pro,GA-1,STN-03,2026-03-01 17:41,ENG-1437,SUP-039,EMP170,TL-026,C,Valid,Valid
M7562,*************0562,WO10562,SUV Pro,TRIM-1,STN-02,2026-03-01 17:42,ENG-1161,SUP-184,EMP192,TL-100,A,Valid,Valid
M7563,*************0563,WO10563,SUV Pro,PAINT-1,STN-05,2026-03-01 17:43,ENG-1090,SUP-081,EMP129,TL-001,,Valid,Valid
M7564,*************0564,WO10564,SUV Pro,GA-2,STN-03,2026-03-01 17:45,ENG-1396,SUP-044,EMP395,TL-098,B,Valid,Valid
M7565,*************0565,WO10565,SUV Pro,GA-1,STN-02,2026-03-01 17:46,ENG-1314,SUP-112,EMP319,TL-052,,Valid,Valid
M7566,*************0566,WO10566,SUV Pro,TRIM-1,STN-01,2026-03-01 17:47,ENG-1019,SUP-137,EMP202,TL-094,C,Valid,Valid
M7567,*************0567,WO10567,Sedan X,PAINT-1,STN-03,2026-03-01 17:48,ENG-1426,SUP-136,EMP197,TL-003,A,Valid,Valid
M7568,*************0568,WO10568,Hatch Z,GA-2,STN-02,2026-03-01 17:50,ENG-1355,SUP-089,EMP259,TL-017,A,Valid,Valid
M7569,*************0569,WO10569,SUV Pro,PAINT-1,STN-02,2026-03-01 17:51,ENG-1033,SUP-012,EMP252,TL-038,,Valid,Valid
M7570,*************0570,WO10570,Hatch Z,PAINT-1,STN-04,2026-03-01 17:52,ENG-1454,SUP-176,EMP168,TL-044,,Valid,Valid
M7571,*************0571,WO10571,SUV Pro,GA-2,STN-02,2026-03-01 17:53,ENG-1485,SUP-104,EMP109,TL-030,B,Valid,Valid
M7572,*************0572,WO10572,Hatch Z,GA-2,STN-02,2026-03-01 17:55,ENG-1375,SUP-006,EMP358,TL-022,A,Valid,Valid
M7573,*************0573,WO10573,SUV Pro,GA-1,STN-04,2026-03-01 17:56,ENG-1448,SUP-164,EMP230,TL-099,A,Valid,Valid
M7574,*************0574,WO10574,Hatch Z,GA-1,STN-05,2026-03-01 17:57,ENG-1055,SUP-168,EMP110,TL-007,A,Valid,Valid
M7575,*************0575,WO10575,SUV Pro,TRIM-1,STN-04,2026-03-01 17:58,ENG-1063,SUP-141,EMP229,TL-061,B,Valid,Valid
M7576,*************0576,WO10576,Sedan X,GA-1,STN-03,2026-03-01 18:00,ENG-1215,SUP-170,EMP151,TL-085,C,Valid,Valid
M7577,*************0577,WO10577,Hatch Z,GA-2,STN-04,2026-03-01 18:01,ENG-1425,SUP-027,EMP361,TL-093,A,Valid,Valid
M7578,*************0578,WO10578,SUV Pro,GA-1,STN-03,2026-03-01 18:02,ENG-1054,SUP-128,EMP201,TL-078,B,Valid,Valid
M7579,*************0579,WO10579,SUV Pro,GA-2,STN-03,2026-03-01 18:03,ENG-1360,SUP-105,EMP251,TL-021,A,Valid,Valid
M7580,*************0580,WO10580,Hatch Z,TRIM-1,STN-02,2026-03-01 18:05,ENG-1001,SUP-177,EMP346,TL-043,B,Valid,Valid
M7581,*************0581,WO10581,Sedan X,GA-1,STN-05,2026-03-01 18:06,ENG-1045,SUP-029,EMP393,TL-086,,Valid,Valid
M7582,*************0582,WO10582,Sedan X,GA-1,STN-03,2026-03-01 18:07,ENG-1261,SUP-020,EMP151,TL-033,B,Valid,Valid
M7583,*************0583,WO10583,SUV Pro,PAINT-1,STN-03,2026-03-01 18:08,ENG-1237,SUP-013,EMP151,TL-023,A,Valid,Valid
M7584,*************0584,WO10584,SUV Pro,PAINT-1,STN-03,2026-03-01 18:10,ENG-1346,SUP-081,EMP318,TL-095,A,Valid,Valid
M7585,*************0585,WO10585,Sedan X,GA-1,STN-01,2026-03-01 18:11,ENG-1436,SUP-036,EMP187,TL-043,C,Valid,Valid
M7586,*************0586,WO10586,SUV Pro,PAINT-1,STN-05,2026-03-01 18:12,ENG-1047,SUP-096,EMP275,TL-024,A,Valid,Valid
M7587,*************0587,WO10587,SUV Pro,TRIM-1,STN-04,2026-03-01 18:13,ENG-1139,SUP-099,EMP344,TL-054,B,Valid,Valid
M7588,*************0588,WO10588,Sedan X,GA-2,STN-05,2026-03-01 18:15,ENG-1371,SUP-016,EMP181,TL-014,,Valid,Valid
M7589,*************0589,WO10589,Hatch Z,TRIM-1,STN-03,2026-03-01 18:16,ENG-1291,SUP-174,EMP324,TL-024,,Valid,Valid
M7590,*************0590,WO10590,SUV Pro,GA-1,STN-03,2026-03-01 18:17,ENG-1350,SUP-187,EMP166,TL-062,,Valid,Valid
M7591,*************0591,WO10591,Sedan X,TRIM-1,STN-04,2026-03-01 18:18,ENG-1023,SUP-017,EMP233,TL-084,C,Valid,Valid
M7592,*************0592,WO10592,Sedan X,GA-2,STN-05,2026-03-01 18:20,ENG-1447,SUP-087,EMP365,TL-067,A,Valid,Valid
M7593,*************0593,WO10593,SUV Pro,GA-2,STN-04,2026-03-01 18:21,ENG-1177,SUP-170,EMP297,TL-020,A,Valid,Valid
M7594,*************0594,WO10594,Sedan X,GA-2,STN-05,2026-03-01 18:22,ENG-1434,SUP-121,EMP353,TL-022,A,Valid,Valid
M7595,*************0595,WO10595,SUV Pro,PAINT-1,STN-02,2026-03-01 18:23,ENG-1169,SUP-072,EMP125,TL-065,B,Valid,Valid
M7596,*************0596,WO10596,Hatch Z,TRIM-1,STN-04,2026-03-01 18:25,ENG-1418,SUP-061,EMP140,TL-059,,Valid,Valid
M7597,*************0597,WO10597,Hatch Z,TRIM-1,STN-01,2026-03-01 18:26,ENG-1438,SUP-128,EMP328,TL-041,A,Valid,Valid
M7598,*************0598,WO10598,SUV Pro,GA-1,STN-01,2026-03-01 18:27,ENG-1206,SUP-106,EMP118,TL-072,A,Valid,Valid
M7599,*************0599,WO10599,Sedan X,PAINT-1,STN-05,2026-03-01 18:28,ENG-1287,SUP-053,EMP333,TL-044,C,Valid,Valid
M7600,*************0600,WO10600,Sedan X,GA-2,STN-03,2026-03-01 18:30,ENG-1232,SUP-085,EMP386,TL-099,,Valid,Valid
M7601,*************0601,WO10601,Hatch Z,PAINT-1,STN-05,2026-03-01 18:31,ENG-1231,SUP-030,EMP149,TL-098,B,Valid,Valid
M7602,*************0602,WO10602,Sedan X,PAINT-1,STN-03,2026-03-01 18:32,ENG-1424,SUP-163,EMP249,TL-071,C,Valid,Valid
M7603,*************0603,WO10603,Hatch Z,GA-1,STN-01,2026-03-01 18:33,ENG-1459,SUP-043,EMP352,TL-018,,Valid,Valid
M7604,*************0604,WO10604,Sedan X,PAINT-1,STN-05,2026-03-01 18:35,ENG-1100,SUP-049,EMP161,TL-051,B,Valid,Valid
M7605,*************0605,WO10605,SUV Pro,GA-2,STN-05,2026-03-01 18:36,ENG-1173,SUP-028,EMP312,TL-006,A,Valid,Valid
M7606,*************0606,WO10606,SUV Pro,TRIM-1,STN-05,2026-03-01 18:37,ENG-1301,SUP-130,EMP168,TL-064,A,Valid,Valid
M7607,*************0607,WO10607,Hatch Z,GA-1,STN-05,2026-03-01 18:38,ENG-1478,SUP-111,EMP399,TL-062,B,Valid,Valid
M7608,*************0608,WO10608,Hatch Z,GA-2,STN-05,2026-03-01 18:40,ENG-1417,SUP-033,EMP153,TL-050,C,Valid,Valid
M7609,*************0609,WO10609,Hatch Z,TRIM-1,STN-04,2026-03-01 18:41,ENG-1311,SUP-178,EMP227,TL-036,,Valid,Valid
M7610,*************0610,WO10610,SUV Pro,PAINT-1,STN-04,2026-03-01 18:42,ENG-1412,SUP-035,EMP170,TL-053,C,Valid,Valid
M7611,*************0611,WO10611,Hatch Z,PAINT-1,STN-05,2026-03-01 18:43,ENG-1377,SUP-142,EMP211,TL-026,B,Valid,Valid
M7612,*************0612,WO10612,Hatch Z,PAINT-1,STN-05,2026-03-01 18:45,ENG-1176,SUP-173,EMP167,TL-091,B,Valid,Valid
M7613,*************0613,WO10613,Hatch Z,PAINT-1,STN-05,2026-03-01 18:46,ENG-1059,SUP-195,EMP280,TL-072,,Valid,Valid
M7614,*************0614,WO10614,Hatch Z,TRIM-1,STN-05,2026-03-01 18:47,ENG-1382,SUP-137,EMP246,TL-055,A,Valid,Valid
M7615,*************0615,WO10615,Hatch Z,GA-1,STN-01,2026-03-01 18:48,ENG-1195,SUP-038,EMP127,TL-086,A,Valid,Valid
M7616,*************0616,WO10616,Sedan X,PAINT-1,STN-03,2026-03-01 18:50,ENG-1402,SUP-042,EMP246,TL-088,C,Valid,Valid
M7617,*************0617,WO10617,Sedan X,GA-1,STN-05,2026-03-01 18:51,ENG-1401,SUP-076,EMP204,TL-097,A,Valid,Valid
M7618,*************0618,WO10618,SUV Pro,TRIM-1,STN-01,2026-03-01 18:52,ENG-1315,SUP-173,EMP387,TL-029,,Valid,Valid
M7619,*************0619,WO10619,Sedan X,PAINT-1,STN-05,2026-03-01 18:53,ENG-1340,SUP-013,EMP295,TL-050,,Valid,Valid
M7620,*************0620,WO10620,Hatch Z,PAINT-1,STN-05,2026-03-01 18:55,ENG-1027,SUP-004,EMP228,TL-026,,Valid,Valid
M7621,*************0621,WO10621,Sedan X,PAINT-1,STN-03,2026-03-01 18:56,ENG-1301,SUP-140,EMP200,TL-100,B,Valid,Valid
M7622,*************0622,WO10622,SUV Pro,TRIM-1,STN-02,2026-03-01 18:57,ENG-1349,SUP-020,EMP195,TL-023,A,Valid,Valid
M7623,*************0623,WO10623,SUV Pro,GA-1,STN-04,2026-03-01 18:58,ENG-1142,SUP-143,EMP235,TL-017,B,Valid,Valid
M7624,*************0624,WO10624,Hatch Z,PAINT-1,STN-01,2026-03-01 19:00,ENG-1169,SUP-120,EMP179,TL-006,B,Valid,Valid
M7625,*************0625,WO10625,SUV Pro,GA-1,STN-03,2026-03-01 19:01,ENG-1477,SUP-161,EMP254,TL-063,C,Valid,Valid
M7626,*************0626,WO10626,Sedan X,PAINT-1,STN-05,2026-03-01 19:02,ENG-1112,SUP-048,EMP366,TL-009,B,Valid,Valid
M7627,*************0627,WO10627,SUV Pro,TRIM-1,STN-01,2026-03-01 19:03,ENG-1178,SUP-057,EMP209,TL-085,C,Valid,Valid
M7628,*************0628,WO10628,SUV Pro,PAINT-1,STN-03,2026-03-01 19:05,ENG-1111,SUP-193,EMP371,TL-061,A,Valid,Valid
M7629,*************0629,WO10629,Sedan X,PAINT-1,STN-04,2026-03-01 19:06,ENG-1123,SUP-165,EMP224,TL-006,C,Valid,Valid
M7630,*************0630,WO10630,SUV Pro,GA-1,STN-04,2026-03-01 19:07,ENG-1131,SUP-139,EMP244,TL-004,C,Valid,Valid
M7631,*************0631,WO10631,Hatch Z,TRIM-1,STN-04,2026-03-01 19:08,ENG-1022,SUP-076,EMP198,TL-042,A,Valid,Valid
M7632,*************0632,WO10632,Sedan X,GA-2,STN-03,2026-03-01 19:10,ENG-1275,SUP-137,EMP103,TL-081,A,Valid,Valid
M7633,*************0633,WO10633,Sedan X,GA-2,STN-03,2026-03-01 19:59,ENG-1350,SUP-109,EMP153,TL-027,,Valid,Valid
M7634,*************0634,WO10634,Hatch Z,GA-1,STN-05,2026-03-01 19:12,ENG-1351,SUP-040,EMP112,TL-059,C,Valid,Valid
M7635,*************0635,WO10635,Sedan X,GA-1,STN-01,2026-03-01 19:13,ENG-1027,SUP-046,EMP228,TL-072,A,Valid,Valid
M7636,*************0636,WO10636,Hatch Z,GA-2,STN-03,2026-03-01 19:15,ENG-1208,SUP-100,EMP330,TL-081,,Valid,Valid
M7637,*************0637,WO10637,SUV Pro,PAINT-1,STN-01,2026-03-01 19:16,ENG-1199,SUP-173,EMP160,TL-069,A,Valid,Valid
M7638,*************0638,WO10638,Hatch Z,GA-1,STN-03,2026-03-01 19:17,ENG-1381,SUP-150,EMP123,TL-090,A,Valid,Valid
M7639,*************0639,WO10639,SUV Pro,GA-1,STN-03,2026-03-01 19:18,ENG-1402,SUP-176,EMP254,TL-078,A,Valid,Valid
M7640,*************0640,WO10640,SUV Pro,TRIM-1,STN-04,2026-03-01 19:20,ENG-1202,SUP-170,EMP115,TL-061,B,Valid,Valid
M7641,*************0641,WO10641,Hatch Z,GA-2,STN-02,2026-03-01 19:21,ENG-1382,SUP-101,EMP379,TL-038,B,Valid,Valid
M7642,*************0642,WO10642,SUV Pro,PAINT-1,STN-01,2026-03-01 19:22,ENG-1283,SUP-143,EMP172,TL-016,A,Valid,Valid
M7643,*************0643,WO10643,Sedan X,TRIM-1,STN-05,2026-03-01 19:23,ENG-1280,SUP-022,EMP256,TL-027,C,Valid,Valid
M7644,*************0644,WO10644,Sedan X,TRIM-1,STN-05,2026-03-01 19:25,ENG-1435,SUP-132,EMP172,TL-021,B,Valid,Valid
M7645,*************0645,WO10645,Sedan X,PAINT-1,STN-02,2026-03-01 19:26,ENG-1058,SUP-047,EMP390,TL-007,,Valid,Valid
M7646,*************0646,WO10646,Hatch Z,GA-1,STN-03,2026-03-01 19:27,ENG-1343,SUP-018,EMP228,TL-013,B,Valid,Valid
M7647,*************0647,WO10647,Hatch Z,TRIM-1,STN-03,2026-03-01 19:28,ENG-1182,SUP-033,EMP220,TL-013,C,Valid,Valid
M7648,*************0648,WO10648,Hatch Z,GA-1,STN-02,2026-03-01 19:30,ENG-1162,SUP-125,EMP330,TL-043,C,Valid,Valid
M7649,*************0649,WO10649,Hatch Z,GA-2,STN-05,2026-03-01 19:31,ENG-1290,SUP-094,EMP261,TL-055,B,Valid,Valid
M7650,*************0650,WO10650,Sedan X,PAINT-1,STN-02,2026-03-01 19:32,ENG-1402,SUP-057,EMP323,TL-036,C,Valid,Valid
M7651,*************0651,WO10651,Sedan X,PAINT-1,STN-04,2026-03-01 19:33,ENG-1236,SUP-115,EMP283,TL-100,C,Valid,Valid
M7652,*************0652,WO10652,SUV Pro,GA-1,STN-02,2026-03-01 19:35,ENG-1330,SUP-156,EMP141,TL-036,B,Valid,Valid
M7653,*************0653,WO10653,Hatch Z,GA-2,STN-03,2026-03-01 19:36,ENG-1375,SUP-161,EMP139,TL-094,A,Valid,Valid
M7654,*************0654,WO10654,Sedan X,GA-1,STN-03,2026-03-01 19:37,ENG-1297,SUP-149,EMP307,TL-099,B,Valid,Valid
M7655,*************0655,WO10655,Sedan X,PAINT-1,STN-05,2026-03-01 19:38,ENG-1457,SUP-139,EMP341,TL-084,B,Valid,Valid
M7656,*************0656,WO10656,SUV Pro,TRIM-1,STN-02,2026-03-01 19:40,ENG-1456,SUP-198,EMP248,TL-018,,Valid,Valid
M7657,*************0657,WO10657,Hatch Z,GA-1,STN-04,2026-03-01 19:41,ENG-1186,SUP-129,EMP105,TL-085,B,Valid,Valid
M7658,*************0658,WO10658,Hatch Z,GA-2,STN-03,2026-03-01 19:42,ENG-1263,SUP-036,EMP328,TL-021,B,Valid,Valid
M7659,*************0659,WO10659,Hatch Z,GA-2,STN-05,2026-03-01 19:43,ENG-1374,SUP-124,EMP283,TL-006,B,Valid,Valid
M7660,*************0660,WO10660,SUV Pro,GA-2,STN-01,2026-03-01 19:45,ENG-1135,SUP-095,EMP219,TL-006,B,Valid,Valid
M7661,*************0661,WO10661,Hatch Z,PAINT-1,STN-04,2026-03-01 19:46,ENG-1240,SUP-117,EMP123,TL-006,C,Valid,Valid
M7662,*************0662,WO10662,Sedan X,PAINT-1,STN-03,2026-03-01 19:47,ENG-1379,SUP-068,EMP396,TL-070,B,Valid,Valid
M7663,*************0663,WO10663,SUV Pro,TRIM-1,STN-03,2026-03-01 19:48,ENG-1300,SUP-168,EMP139,TL-067,C,Valid,Valid
M7664,*************0664,WO10664,SUV Pro,GA-2,STN-05,2026-03-01 19:50,ENG-1207,SUP-091,EMP276,TL-063,,Valid,Valid
M7665,*************0665,WO10665,Hatch Z,GA-1,STN-05,2026-03-01 19:51,ENG-1451,SUP-036,EMP325,TL-022,B,Valid,Valid
M7666,,WO10666,Sedan X,PAINT-1,STN-02,2026-03-01 19:52,ENG-1076,,EMP195,TL-021,C,Valid,Invalid
M7667,*************0667,WO10667,Hatch Z,GA-1,STN-05,2026-03-01 19:53,ENG-1117,SUP-107,EMP269,TL-093,A,Valid,Valid
M7668,*************0668,WO10668,SUV Pro,TRIM-1,STN-04,2026-03-01 19:55,ENG-1107,SUP-152,EMP182,TL-083,,Valid,Valid
M7669,*************0669,WO10669,Sedan X,GA-2,STN-01,2026-03-01 19:56,ENG-1065,SUP-147,EMP182,TL-018,A,Valid,Valid
M7670,*************0670,WO10670,Hatch Z,GA-2,STN-01,2026-03-01 19:57,ENG-1085,SUP-067,EMP192,TL-067,,Valid,Valid
M7671,*************0671,WO10671,Hatch Z,GA-1,STN-05,2026-03-01 19:58,ENG-1372,SUP-170,EMP245,TL-011,B,Valid,Valid
M7672,*************0672,WO10672,SUV Pro,TRIM-1,STN-03,2026-03-01 20:00,ENG-1246,SUP-044,EMP212,TL-053,B,Valid,Valid
M7673,*************0673,WO10673,Hatch Z,GA-2,STN-05,2026-03-01 20:01,ENG-1337,SUP-131,EMP235,TL-022,C,Valid,Valid
M7674,*************0674,WO10674,SUV Pro,GA-1,STN-02,2026-03-01 20:02,ENG-1193,SUP-099,EMP167,TL-014,A,Valid,Valid
M7675,*************0675,WO10675,Sedan X,TRIM-1,STN-03,2026-03-01 20:03,ENG-1076,SUP-156,EMP149,TL-023,,Valid,Valid
M7676,*************0676,WO10676,Hatch Z,GA-1,STN-03,2026-03-01 20:05,ENG-1272,SUP-129,EMP160,TL-012,,Valid,Valid
M7677,*************0677,WO10677,Hatch Z,GA-2,STN-05,2026-03-01 20:06,ENG-1276,SUP-001,EMP320,TL-067,,Valid,Valid
M7678,*************0678,WO10678,SUV Pro,GA-1,STN-05,2026-03-01 20:07,ENG-1271,SUP-110,EMP217,TL-062,,Valid,Valid
M7679,*************0679,WO10679,SUV Pro,GA-1,STN-04,2026-03-01 20:08,ENG-1068,SUP-066,EMP344,TL-099,B,Valid,Valid
M7680,*************0680,WO10680,Sedan X,PAINT-1,STN-05,2026-03-01 20:10,ENG-1448,SUP-140,EMP309,TL-033,B,Valid,Valid
M7681,*************0681,WO10681,Sedan X,GA-1,STN-05,2026-03-01 20:11,ENG-1267,SUP-031,EMP366,TL-001,,Valid,Valid
M7682,*************0682,WO10682,Hatch Z,GA-2,STN-05,2026-03-01 20:12,ENG-1411,SUP-081,EMP309,TL-047,A,Valid,Valid
M7683,*************0683,WO10683,Sedan X,TRIM-1,STN-05,2026-03-01 20:13,ENG-1299,SUP-065,EMP233,TL-069,,Valid,Valid
M7684,*************0684,WO10684,Hatch Z,PAINT-1,STN-05,2026-03-01 20:15,ENG-1141,SUP-175,EMP303,TL-097,B,Valid,Valid
M7685,*************0685,WO10685,SUV Pro,TRIM-1,STN-02,2026-03-01 20:16,ENG-1189,SUP-144,EMP384,TL-062,C,Valid,Valid
M7686,*************0686,WO10686,SUV Pro,PAINT-1,STN-03,2026-03-01 20:17,ENG-1361,SUP-102,EMP170,TL-085,A,Valid,Valid
M7687,*************0687,WO10687,Hatch Z,GA-2,STN-04,2026-03-01 20:18,ENG-1400,SUP-180,EMP182,TL-013,B,Valid,Valid
M7688,*************0688,WO10688,Hatch Z,TRIM-1,STN-03,2026-03-01 20:20,ENG-1173,SUP-141,EMP126,TL-021,,Valid,Valid
M7689,*************0689,WO10689,Hatch Z,GA-1,STN-03,2026-03-01 20:21,ENG-1046,SUP-038,EMP341,TL-077,,Valid,Valid
M7690,*************0690,WO10690,Sedan X,GA-1,STN-03,2026-03-01 20:22,ENG-1113,SUP-095,EMP140,TL-078,A,Valid,Valid
M7691,*************0691,WO10691,Hatch Z,TRIM-1,STN-04,2026-03-01 20:23,ENG-1314,SUP-168,EMP366,TL-037,A,Valid,Valid
M7692,*************0692,WO10692,Sedan X,TRIM-1,STN-04,2026-03-01 20:25,ENG-1005,SUP-052,EMP365,TL-037,B,Valid,Valid
M7693,*************0693,WO10693,Sedan X,GA-2,STN-05,2026-03-01 20:26,ENG-1086,SUP-173,EMP118,TL-047,B,Valid,Valid
M7694,*************0694,WO10694,Hatch Z,GA-1,STN-02,2026-03-01 20:27,ENG-1044,SUP-071,EMP304,TL-046,,Valid,Valid
M7695,*************0695,WO10695,SUV Pro,GA-2,STN-05,2026-03-01 20:28,ENG-1007,SUP-189,EMP135,TL-012,C,Valid,Valid
M7696,*************0696,WO10696,Hatch Z,PAINT-1,STN-03,2026-03-01 20:30,ENG-1493,SUP-071,EMP215,TL-078,B,Valid,Valid
M7697,*************0697,WO10697,SUV Pro,TRIM-1,STN-05,2026-03-01 20:31,ENG-1002,SUP-067,EMP189,TL-053,A,Valid,Valid
M7698,*************0698,WO10698,Hatch Z,GA-1,STN-05,2026-03-01 20:32,ENG-1150,SUP-088,EMP159,TL-066,C,Valid,Valid
M7699,*************0699,WO10699,Hatch Z,PAINT-1,STN-05,2026-03-01 20:33,ENG-1226,SUP-097,EMP388,TL-062,B,Valid,Valid
M7700,*************0700,WO10700,SUV Pro,TRIM-1,STN-05,2026-03-01 20:35,ENG-1235,SUP-151,EMP114,TL-062,A,Valid,Valid
M7701,*************0701,WO10701,SUV Pro,GA-1,STN-04,2026-03-01 20:36,ENG-1324,SUP-057,EMP217,TL-041,,Valid,Valid
M7702,*************0702,WO10702,SUV Pro,GA-1,STN-05,2026-03-01 20:37,ENG-1426,SUP-068,EMP227,TL-037,A,Valid,Valid
M7703,*************0703,WO10703,SUV Pro,PAINT-1,STN-01,2026-03-01 20:38,ENG-1283,SUP-046,EMP343,TL-041,C,Valid,Valid
M7704,*************0704,WO10704,Sedan X,PAINT-1,STN-02,2026-03-01 20:40,ENG-1484,SUP-192,EMP197,TL-064,B,Valid,Valid
M7705,*************0705,WO10705,Sedan X,GA-2,STN-03,2026-03-01 20:41,ENG-1135,SUP-053,EMP217,TL-026,B,Valid,Valid
M7706,*************0706,WO10706,Hatch Z,PAINT-1,STN-02,2026-03-01 20:42,ENG-1398,SUP-028,EMP161,TL-011,,Valid,Valid
M7707,*************0707,WO10707,Hatch Z,GA-1,STN-03,2026-03-01 20:43,ENG-1438,SUP-139,EMP121,TL-062,C,Valid,Valid
M7708,*************0708,WO10708,Hatch Z,PAINT-1,STN-04,2026-03-01 20:45,ENG-1459,SUP-148,EMP240,TL-063,B,Valid,Valid
M7709,*************0709,WO10709,Hatch Z,PAINT-1,STN-04,2026-03-01 20:46,ENG-1113,SUP-193,EMP395,TL-017,A,Valid,Valid
M7710,*************0710,WO10710,Hatch Z,TRIM-1,STN-04,2026-03-01 20:47,ENG-1481,SUP-139,EMP116,TL-065,C,Valid,Valid
M7711,*************0711,WO10711,SUV Pro,GA-2,STN-04,2026-03-01 20:48,ENG-1499,SUP-031,EMP365,TL-059,C,Valid,Valid
M7712,*************0712,WO10712,Hatch Z,GA-1,STN-01,2026-03-01 20:50,ENG-1345,SUP-054,EMP294,TL-075,A,Valid,Valid
M7713,*************0713,WO10713,SUV Pro,PAINT-1,STN-05,2026-03-01 20:51,ENG-1441,SUP-067,EMP195,TL-071,C,Valid,Valid
M7714,*************0714,WO10714,Sedan X,PAINT-1,STN-04,2026-03-01 20:52,ENG-1490,SUP-157,EMP275,TL-047,B,Valid,Valid
M7715,*************0715,WO10715,SUV Pro,TRIM-1,STN-02,2026-03-01 20:53,ENG-1214,SUP-180,EMP290,TL-047,,Valid,Valid
M7716,*************0716,WO10716,SUV Pro,TRIM-1,STN-02,2026-03-01 20:55,ENG-1292,SUP-034,EMP394,TL-088,B,Valid,Valid
M7717,*************0717,WO10717,Sedan X,PAINT-1,STN-03,2026-03-01 20:56,ENG-1120,SUP-143,EMP321,TL-049,B,Valid,Valid
M7718,*************0718,WO10718,Sedan X,GA-2,STN-04,2026-03-01 20:57,ENG-1412,SUP-003,EMP190,TL-054,,Valid,Valid
M7719,*************0719,WO10719,Sedan X,PAINT-1,STN-03,2026-03-01 20:58,ENG-1249,SUP-077,EMP228,TL-072,A,Valid,Valid
M7720,*************0720,WO10720,SUV Pro,GA-1,STN-05,2026-03-01 21:00,ENG-1083,SUP-016,EMP210,TL-033,,Valid,Valid
M7721,*************0721,WO10721,Hatch Z,GA-1,STN-04,2026-03-01 21:01,ENG-1381,SUP-086,EMP233,TL-047,C,Valid,Valid
M7722,*************0722,WO10722,Hatch Z,PAINT-1,STN-03,2026-03-01 21:02,ENG-1010,SUP-106,EMP162,TL-045,B,Valid,Valid
M7723,*************0723,WO10723,Hatch Z,GA-2,STN-03,2026-03-01 21:03,ENG-1145,SUP-091,EMP266,TL-087,,Valid,Valid
M7724,*************0724,WO10724,Hatch Z,TRIM-1,STN-01,2026-03-01 21:05,ENG-1195,SUP-158,EMP246,TL-060,B,Valid,Valid
M7725,*************0725,WO10725,Sedan X,PAINT-1,STN-04,2026-03-01 21:06,ENG-1001,SUP-162,EMP392,TL-052,A,Valid,Valid
M7726,*************0726,WO10726,Sedan X,GA-2,STN-03,2026-03-01 21:07,ENG-1116,SUP-081,EMP262,TL-084,C,Valid,Valid
M7727,*************0727,WO10727,Hatch Z,PAINT-1,STN-05,2026-03-01 21:08,ENG-1330,SUP-102,EMP238,TL-057,C,Valid,Valid
M7728,*************0728,WO10728,Hatch Z,TRIM-1,STN-04,2026-03-01 21:10,ENG-1085,SUP-048,EMP111,TL-017,B,Valid,Valid
M7729,*************0729,WO10729,Hatch Z,PAINT-1,STN-05,2026-03-01 21:11,ENG-1358,SUP-192,EMP140,TL-027,B,Valid,Valid
M7730,*************0730,WO10730,SUV Pro,GA-1,STN-01,2026-03-01 21:12,ENG-1032,SUP-122,EMP380,TL-007,A,Valid,Valid
M7731,*************0731,WO10731,SUV Pro,GA-1,STN-01,2026-03-01 21:13,ENG-1134,SUP-159,EMP179,TL-011,,Valid,Valid
M7732,*************0732,WO10732,SUV Pro,GA-2,STN-02,2026-03-01 21:15,ENG-1377,SUP-073,EMP326,TL-081,B,Valid,Valid
M7733,*************0733,WO10733,Sedan X,GA-2,STN-01,2026-03-01 21:16,ENG-1017,SUP-170,EMP282,TL-042,,Valid,Valid
M7734,*************0734,WO10734,SUV Pro,PAINT-1,STN-05,2026-03-01 21:17,ENG-1227,SUP-035,EMP376,TL-023,,Valid,Valid
M7735,*************0735,WO10735,Hatch Z,TRIM-1,STN-05,2026-03-01 21:18,ENG-1327,SUP-164,EMP373,TL-040,C,Valid,Valid
M7736,*************0736,WO10736,SUV Pro,GA-2,STN-03,2026-03-01 21:20,ENG-1045,SUP-114,EMP257,TL-047,,Valid,Valid
M7737,*************0737,WO10737,SUV Pro,GA-2,STN-03,2026-03-01 21:21,ENG-1005,SUP-001,EMP367,TL-098,B,Valid,Valid
M7738,*************0738,WO10738,SUV Pro,PAINT-1,STN-04,2026-03-01 21:22,ENG-1273,SUP-003,EMP351,TL-097,,Valid,Valid
M7739,*************0739,WO10739,SUV Pro,GA-1,STN-03,2026-03-01 21:23,ENG-1220,SUP-075,EMP218,TL-001,C,Valid,Valid
M7740,*************0740,WO10740,Sedan X,TRIM-1,STN-05,2026-03-01 21:25,ENG-1223,SUP-102,EMP227,TL-021,,Valid,Valid
M7741,*************0741,WO10741,SUV Pro,GA-2,STN-03,2026-03-01 21:26,ENG-1040,SUP-109,EMP222,TL-067,C,Valid,Valid
M7742,*************0742,WO10742,SUV Pro,PAINT-1,STN-04,2026-03-01 21:27,ENG-1096,SUP-018,EMP193,TL-018,C,Valid,Valid
M7743,*************0743,WO10743,Sedan X,TRIM-1,STN-05,2026-03-01 21:28,ENG-1231,SUP-070,EMP351,TL-025,C,Valid,Valid
M7744,*************0744,WO10744,Sedan X,GA-2,STN-01,2026-03-01 21:30,ENG-1496,SUP-137,EMP111,TL-024,A,Valid,Valid
M7745,*************0745,WO10745,SUV Pro,PAINT-1,STN-02,2026-03-01 21:31,ENG-1366,SUP-113,EMP104,TL-030,A,Valid,Valid
M7746,*************0746,WO10746,Sedan X,GA-1,STN-04,2026-03-01 21:32,ENG-1111,SUP-088,EMP315,TL-040,,Valid,Valid
M7747,*************0747,WO10747,SUV Pro,TRIM-1,STN-05,2026-03-01 21:33,ENG-1405,SUP-009,EMP269,TL-011,B,Valid,Valid
M7748,*************0748,WO10748,Sedan X,PAINT-1,STN-03,2026-03-01 21:35,ENG-1200,SUP-019,EMP378,TL-061,B,Valid,Valid
M7749,*************0749,WO10749,Sedan X,PAINT-1,STN-03,2026-03-01 21:36,ENG-1195,SUP-004,EMP162,TL-099,B,Valid,Valid
M7750,*************0750,WO10750,SUV Pro,TRIM-1,STN-02,2026-03-01 21:37,ENG-1377,SUP-009,EMP201,TL-059,A,Valid,Valid
M7751,*************0751,WO10751,Hatch Z,GA-2,STN-04,2026-03-01 21:38,ENG-1199,SUP-175,EMP259,TL-042,B,Valid,Valid
M7752,*************0752,WO10752,Hatch Z,GA-1,STN-05,2026-03-01 21:40,ENG-1479,SUP-141,EMP366,TL-016,C,Valid,Valid
M7753,*************0753,WO10753,SUV Pro,PAINT-1,STN-02,2026-03-01 21:41,ENG-1184,SUP-014,EMP211,TL-015,B,Valid,Valid
M7754,*************0754,WO10754,Hatch Z,TRIM-1,STN-03,2026-03-01 21:42,ENG-1007,SUP-043,EMP241,TL-075,A,Valid,Valid
M7755,*************0755,WO10755,SUV Pro,GA-2,STN-01,2026-03-01 21:43,ENG-1496,SUP-011,EMP397,TL-999,,Valid,Valid
M7756,*************0756,WO10756,Hatch Z,GA-2,STN-03,2026-03-01 21:45,ENG-1394,SUP-023,EMP227,TL-021,,Valid,Valid
M7757,*************0757,WO10757,Sedan X,PAINT-1,STN-03,2026-03-01 21:46,ENG-1320,SUP-016,EMP130,TL-046,B,Valid,Valid
M7758,*************0758,WO10758,Hatch Z,GA-1,STN-02,2026-03-01 21:47,ENG-1249,SUP-060,EMP262,TL-072,C,Valid,Valid
M7759,*************0759,WO10759,SUV Pro,GA-2,STN-01,2026-03-01 21:48,ENG-1352,SUP-097,EMP283,TL-093,B,Valid,Valid
M7760,*************0760,WO10760,SUV Pro,GA-1,STN-04,2026-03-01 21:50,ENG-1361,SUP-113,EMP386,TL-038,,Valid,Valid
M7761,*************0761,WO10761,Sedan X,GA-2,STN-05,2026-03-01 21:51,ENG-1178,SUP-083,EMP339,TL-036,B,Valid,Valid
M7762,*************0762,WO10762,Sedan X,GA-2,STN-04,2026-03-01 21:52,ENG-1151,SUP-068,EMP377,TL-047,,Valid,Valid
M7763,*************0763,WO10763,Sedan X,TRIM-1,STN-05,2026-03-01 21:53,ENG-1094,SUP-005,EMP286,TL-100,B,Valid,Valid
M7764,*************0764,WO10764,SUV Pro,GA-1,STN-05,2026-03-01 21:55,ENG-1495,SUP-138,EMP298,TL-025,,Valid,Valid
M7765,*************0765,WO10765,Hatch Z,GA-2,STN-05,2026-03-01 21:56,ENG-1144,SUP-083,EMP309,TL-083,C,Valid,Valid
M7766,*************0766,WO10766,Sedan X,GA-1,STN-05,2026-03-01 21:57,ENG-1337,SUP-018,EMP122,TL-017,B,Valid,Valid
M7767,*************0767,WO10767,Sedan X,GA-2,STN-01,2026-03-01 21:58,ENG-1248,SUP-050,EMP150,TL-005,,Valid,Valid
M7768,*************0768,WO10768,Hatch Z,TRIM-1,STN-05,2026-03-01 22:00,ENG-1319,SUP-180,EMP231,TL-007,C,Valid,Valid
M7769,*************0769,WO10769,Sedan X,GA-1,STN-01,2026-03-01 22:01,ENG-1476,SUP-054,EMP351,TL-011,,Valid,Valid
M7770,*************0770,WO10770,Hatch Z,GA-1,STN-03,2026-03-01 22:02,ENG-1285,SUP-191,EMP312,TL-048,A,Valid,Valid
M7771,*************0771,WO10771,Hatch Z,PAINT-1,STN-05,2026-03-01 22:03,ENG-1020,SUP-188,EMP136,TL-039,A,Valid,Valid
M7772,*************0772,WO10772,Sedan X,GA-1,STN-01,2026-03-01 22:05,ENG-1371,SUP-060,EMP372,TL-050,B,Valid,Valid
M7773,*************0773,WO10773,Sedan X,GA-2,STN-05,2026-03-01 22:06,ENG-1320,SUP-046,EMP385,TL-096,,Valid,Valid
M7774,*************0774,WO10774,Hatch Z,GA-1,STN-03,2026-03-01 22:07,ENG-1326,SUP-148,EMP283,TL-087,,Valid,Valid
M7775,*************0775,WO10775,Hatch Z,TRIM-1,STN-01,2026-03-01 22:08,ENG-1085,SUP-047,EMP381,TL-052,C,Valid,Valid
M7776,*************0776,WO10776,Hatch Z,GA-2,STN-05,2026-03-01 22:10,ENG-1307,SUP-114,EMP280,TL-041,C,Valid,Valid
M7777,*************0777,WO10777,SUV Pro,TRIM-1,STN-03,2026-03-01 22:11,ENG-1324,SUP-111,EMP265,TL-078,B,Valid,Valid
M7778,*************0778,WO10778,Hatch Z,GA-2,STN-04,2026-03-01 22:12,ENG-1392,SUP-141,EMP230,TL-047,,Valid,Valid
M7779,*************0779,WO10779,SUV Pro,TRIM-1,STN-01,2026-03-01 22:13,ENG-1371,SUP-009,EMP245,TL-077,A,Valid,Valid
M7780,*************0780,WO10780,Hatch Z,GA-2,STN-03,2026-03-01 22:15,ENG-1003,SUP-077,EMP213,TL-028,C,Valid,Valid
M7781,*************0781,WO10781,Sedan X,PAINT-1,STN-05,2026-03-01 22:16,ENG-1261,SUP-143,EMP392,TL-074,B,Valid,Valid
M7782,*************0782,WO10782,Sedan X,GA-1,STN-04,2026-03-01 22:17,ENG-1182,SUP-040,EMP170,TL-034,C,Valid,Valid
M7783,*************0783,WO10783,Hatch Z,GA-2,STN-02,2026-03-01 22:18,ENG-1131,SUP-077,EMP147,TL-074,,Valid,Valid
M7784,*************0784,WO10784,Hatch Z,GA-2,STN-05,2026-03-01 22:20,ENG-1039,SUP-186,EMP266,TL-062,B,Valid,Valid
M7785,*************0785,WO10785,SUV Pro,GA-1,STN-05,2026-03-01 22:21,ENG-1328,SUP-077,EMP119,TL-094,,Valid,Valid
M7786,*************0786,WO10786,Sedan X,GA-1,STN-03,2026-03-01 22:22,ENG-1171,SUP-090,EMP322,TL-054,A,Valid,Valid
M7787,*************0787,WO10787,Sedan X,GA-1,STN-05,2026-03-01 22:23,ENG-1398,SUP-162,EMP295,TL-007,C,Valid,Valid
M7788,*************0788,WO10788,Hatch Z,GA-1,STN-03,2026-03-01 22:25,ENG-1276,SUP-145,EMP176,TL-042,B,Valid,Valid
M7789,*************0789,WO10789,Sedan X,GA-1,STN-05,2026-03-01 22:26,ENG-1374,SUP-101,EMP328,TL-097,A,Valid,Valid
M7790,*************0790,WO10790,Sedan X,TRIM-1,STN-03,2026-03-01 22:27,ENG-1402,SUP-101,EMP175,TL-017,C,Valid,Valid
M7791,*************0791,WO10791,Sedan X,TRIM-1,STN-05,2026-03-01 22:28,ENG-1381,SUP-013,EMP380,TL-052,C,Valid,Valid
M7792,*************0792,WO10792,Sedan X,TRIM-1,STN-05,2026-03-01 22:30,ENG-1222,SUP-199,EMP166,TL-098,B,Valid,Valid
M7793,*************0793,WO10793,SUV Pro,GA-2,STN-04,2026-03-01 22:31,ENG-1202,SUP-167,EMP392,TL-026,B,Valid,Valid
M7794,*************0794,WO10794,Sedan X,GA-1,STN-03,2026-03-01 22:32,ENG-1397,SUP-111,EMP265,TL-088,A,Valid,Valid
M7795,*************0795,WO10795,Sedan X,TRIM-1,STN-04,2026-03-01 22:33,ENG-1187,SUP-090,EMP197,TL-042,C,Valid,Valid
M7796,*************0796,WO10796,Hatch Z,GA-1,STN-03,2026-03-01 22:35,ENG-1156,SUP-044,EMP279,TL-079,,Valid,Valid
M7797,*************0797,WO10797,Hatch Z,GA-2,STN-04,2026-03-01 22:36,ENG-1022,SUP-060,EMP202,TL-088,C,Valid,Valid
M7798,*************0798,WO10798,Sedan X,GA-1,STN-01,2026-03-01 22:37,ENG-1378,SUP-014,EMP224,TL-080,B,Valid,Valid
M7799,*************0799,WO10799,SUV Pro,GA-1,STN-03,2026-03-01 22:38,ENG-1355,SUP-029,EMP256,TL-058,,Valid,Valid
M7800,*************0800,WO10800,Sedan X,PAINT-1,STN-02,2026-03-01 22:40,ENG-1378,SUP-138,EMP208,TL-027,C,Valid,Valid
M7801,*************0801,WO10801,Hatch Z,TRIM-1,STN-05,2026-03-01 22:41,ENG-1373,SUP-037,EMP109,TL-049,A,Valid,Valid
M7802,*************0802,WO10802,SUV Pro,GA-2,STN-01,2026-03-01 22:42,ENG-1145,SUP-052,EMP238,TL-007,,Valid,Valid
M7803,*************0803,WO10803,Hatch Z,GA-1,STN-01,2026-03-01 22:43,ENG-1198,SUP-170,EMP238,TL-085,C,Valid,Valid
M7804,*************0804,WO10804,Sedan X,GA-1,STN-03,2026-03-01 22:45,ENG-1444,SUP-167,EMP297,TL-030,,Valid,Valid
M7805,*************0805,WO10805,Hatch Z,GA-1,STN-03,2026-03-01 22:46,ENG-1248,SUP-153,EMP372,TL-012,B,Valid,Valid
M7806,*************0806,WO10806,Sedan X,TRIM-1,STN-05,2026-03-01 22:47,ENG-1474,SUP-183,EMP111,TL-006,B,Valid,Valid
M7807,*************0807,WO10807,Hatch Z,PAINT-1,STN-03,2026-03-01 22:48,ENG-1250,SUP-101,EMP180,TL-003,C,Valid,Valid
M7808,*************0808,WO10808,Hatch Z,PAINT-1,STN-03,2026-03-01 22:50,ENG-1320,SUP-078,EMP220,TL-065,C,Valid,Valid
M7809,*************0809,WO10809,Sedan X,PAINT-1,STN-04,2026-03-01 22:51,ENG-1455,SUP-008,EMP384,TL-036,B,Valid,Valid
M7810,*************0810,WO10810,Sedan X,PAINT-1,STN-04,2026-03-01 22:52,ENG-1336,SUP-036,EMP144,TL-094,,Valid,Valid
M7811,*************0811,WO10811,Hatch Z,GA-2,STN-04,2026-03-01 22:53,ENG-1123,SUP-147,EMP178,TL-055,C,Valid,Valid
M7812,*************0812,WO10812,Hatch Z,PAINT-1,STN-04,2026-03-01 22:55,ENG-1277,SUP-034,EMP205,TL-084,B,Valid,Valid
M7813,*************0813,WO10813,Hatch Z,GA-2,STN-03,2026-03-01 22:56,ENG-1070,SUP-080,EMP368,TL-018,,Valid,Valid
M7814,*************0814,WO10814,Sedan X,GA-2,STN-03,2026-03-01 22:57,ENG-1034,SUP-143,EMP372,TL-093,A,Valid,Valid
M7815,*************0815,WO10815,Sedan X,PAINT-1,STN-03,2026-03-01 22:58,ENG-1450,SUP-038,EMP115,TL-098,C,Valid,Valid
M7816,*************0816,WO10816,SUV Pro,TRIM-1,STN-03,2026-03-01 23:00,ENG-1226,SUP-191,EMP240,TL-020,B,Valid,Valid
M7817,*************0817,WO10817,Sedan X,GA-2,STN-02,2026-03-01 23:01,ENG-1013,SUP-196,EMP236,TL-078,B,Valid,Valid
M7818,*************0818,WO10818,Hatch Z,GA-2,STN-02,2026-03-01 23:02,ENG-1351,SUP-007,EMP283,TL-011,,Valid,Valid
M7819,*************0819,WO10819,Sedan X,TRIM-1,STN-05,2026-03-01 23:03,ENG-1332,SUP-096,EMP194,TL-050,,Valid,Valid
M7820,*************0820,WO10820,SUV Pro,GA-2,STN-02,2026-03-01 23:05,ENG-1098,SUP-058,EMP116,TL-053,A,Valid,Valid
M7821,*************0821,WO10821,SUV Pro,TRIM-1,STN-02,2026-03-01 23:06,ENG-1380,SUP-172,EMP203,TL-097,B,Valid,Valid
M7822,*************0822,WO10822,Sedan X,GA-2,STN-04,2026-03-01 23:07,ENG-1443,SUP-158,EMP350,TL-089,C,Valid,Valid
M7823,*************0823,WO10823,SUV Pro,GA-2,STN-04,2026-03-01 23:08,ENG-1207,SUP-199,EMP121,TL-078,,Valid,Valid
M7824,*************0824,WO10824,Hatch Z,PAINT-1,STN-04,2026-03-01 23:10,ENG-1313,SUP-191,EMP392,TL-077,A,Valid,Valid
M7825,*************0825,WO10825,Hatch Z,GA-1,STN-04,2026-03-01 23:11,ENG-1233,SUP-011,EMP225,TL-067,,Valid,Valid
M7826,*************0826,WO10826,Hatch Z,GA-1,STN-05,2026-03-01 23:12,ENG-1198,SUP-133,EMP125,TL-025,C,Valid,Valid
M7827,*************0827,WO10827,SUV Pro,TRIM-1,STN-03,2026-03-01 23:13,ENG-1396,SUP-074,EMP336,TL-022,,Valid,Valid
M7828,*************0828,WO10828,SUV Pro,GA-1,STN-05,2026-03-01 23:15,ENG-1264,SUP-037,EMP337,TL-083,,Valid,Valid
M7829,*************0829,WO10829,Sedan X,GA-1,STN-02,2026-03-01 23:16,ENG-1398,SUP-150,EMP379,TL-018,,Valid,Valid
M7830,*************0830,WO10830,SUV Pro,PAINT-1,STN-04,2026-03-01 23:17,ENG-1012,SUP-046,EMP332,TL-076,B,Valid,Valid
M7831,*************0831,WO10831,SUV Pro,GA-1,STN-03,2026-03-01 23:18,ENG-1165,SUP-178,EMP183,TL-092,A,Valid,Valid
M7832,*************0832,WO10832,Sedan X,GA-1,STN-05,2026-03-01 23:20,ENG-1230,SUP-163,EMP285,TL-011,,Valid,Valid
M7833,*************0833,WO10833,Hatch Z,GA-2,STN-04,2026-03-01 23:21,ENG-1281,SUP-098,EMP122,TL-099,B,Valid,Valid
M7834,*************0834,WO10834,SUV Pro,GA-2,STN-02,2026-03-01 23:22,ENG-1444,SUP-038,EMP191,TL-099,A,Valid,Valid
M7835,*************0835,WO10835,SUV Pro,PAINT-1,STN-03,2026-03-01 23:23,ENG-1373,SUP-197,EMP328,TL-037,B,Valid,Valid
M7836,*************0836,WO10836,Sedan X,GA-2,STN-02,2026-03-01 23:25,ENG-1001,SUP-160,EMP229,TL-002,,Valid,Valid
M7837,*************0837,WO10837,SUV Pro,TRIM-1,STN-05,2026-03-01 23:26,ENG-1413,SUP-002,EMP352,TL-031,B,Valid,Valid
M7838,*************0838,WO10838,Hatch Z,TRIM-1,STN-04,2026-03-01 23:27,ENG-1209,SUP-114,EMP140,TL-077,A,Valid,Valid
M7839,*************0839,WO10839,Sedan X,PAINT-1,STN-05,2026-03-01 23:28,ENG-1321,SUP-143,EMP206,TL-007,B,Valid,Valid
M7840,*************0840,WO10840,Sedan X,GA-1,STN-05,2026-03-01 23:30,ENG-1178,SUP-010,EMP174,TL-005,C,Valid,Valid
M7841,*************0841,WO10841,SUV Pro,GA-1,STN-01,2026-03-01 23:31,ENG-1055,SUP-107,EMP191,TL-021,C,Valid,Valid
M7842,*************0842,WO10842,Hatch Z,GA-2,STN-04,2026-03-01 23:32,ENG-1383,SUP-149,EMP284,TL-005,A,Valid,Valid
M7843,*************0843,WO10843,SUV Pro,PAINT-1,STN-03,2026-03-01 23:33,ENG-1459,SUP-098,EMP134,TL-098,,Valid,Valid
M7844,*************0844,WO10844,Hatch Z,GA-1,STN-03,2026-03-01 23:59,ENG-1241,SUP-035,EMP162,TL-089,C,Valid,Valid
M7845,*************0845,WO10845,SUV Pro,TRIM-1,STN-05,2026-03-01 23:36,ENG-1107,SUP-179,EMP207,TL-079,A,Valid,Valid
M7846,*************0846,WO10846,Sedan X,GA-1,STN-04,2026-03-01 23:37,ENG-1370,SUP-177,EMP247,TL-055,C,Valid,Valid
M7847,*************0847,WO10847,SUV Pro,PAINT-1,STN-02,2026-03-01 23:38,ENG-1314,SUP-145,EMP354,TL-067,,Valid,Valid
M7848,*************0848,WO10848,SUV Pro,GA-2,STN-05,2026-03-01 23:40,ENG-1119,SUP-182,EMP248,TL-025,A,Valid,Valid
M7849,*************0849,WO10849,Sedan X,GA-1,STN-04,2026-03-01 23:41,ENG-1320,SUP-031,EMP206,TL-079,,Valid,Valid
M7850,*************0850,WO10850,SUV Pro,GA-1,STN-03,2026-03-01 23:42,ENG-1179,SUP-144,EMP208,TL-002,B,Valid,Valid
M7851,*************0851,WO10851,Hatch Z,PAINT-1,STN-03,2026-03-01 23:43,ENG-1404,SUP-018,EMP257,TL-039,C,Valid,Valid
M7852,*************0852,WO10852,Sedan X,GA-1,STN-05,2026-03-01 23:45,ENG-1170,SUP-088,EMP302,TL-093,A,Valid,Valid
M7853,*************0853,WO10853,Sedan X,GA-2,STN-03,2026-03-01 23:46,ENG-1426,SUP-087,EMP345,TL-061,A,Valid,Valid
M7854,*************0854,WO10854,Hatch Z,GA-2,STN-04,2026-03-01 23:47,ENG-1079,SUP-161,EMP335,TL-069,C,Valid,Valid
M7855,*************0855,WO10855,SUV Pro,TRIM-1,STN-05,2026-03-01 23:48,ENG-1028,SUP-134,EMP253,TL-073,C,Valid,Valid
M7856,*************0856,WO10856,Hatch Z,GA-1,STN-02,2026-03-01 23:50,ENG-1295,SUP-176,EMP269,TL-046,A,Valid,Valid
M7857,*************0857,WO10857,Sedan X,PAINT-1,STN-03,2026-03-01 23:51,ENG-1015,SUP-087,EMP292,TL-081,B,Valid,Valid
M7858,*************0858,WO10858,Hatch Z,TRIM-1,STN-02,2026-03-01 23:52,ENG-1304,SUP-030,EMP257,TL-091,C,Valid,Valid
M7859,*************0859,WO10859,Hatch Z,GA-1,STN-03,2026-03-01 23:53,ENG-1211,SUP-023,EMP354,TL-031,C,Valid,Valid
M7860,*************0860,WO10860,SUV Pro,PAINT-1,STN-02,2026-03-01 23:55,ENG-1268,SUP-078,EMP189,TL-015,C,Valid,Valid
M7861,*************0861,WO10861,Sedan X,GA-2,STN-01,2026-03-01 23:56,ENG-1227,SUP-130,EMP112,TL-062,B,Valid,Valid
M7862,*************0862,WO10862,Sedan X,PAINT-1,STN-04,2026-03-01 23:57,ENG-1375,SUP-135,EMP258,TL-100,C,Valid,Valid
M7863,*************0863,WO10863,Sedan X,GA-1,STN-03,2026-03-01 23:58,ENG-1480,SUP-133,EMP167,TL-027,A,Valid,Valid
M7864,*************0864,WO10864,SUV Pro,TRIM-1,STN-05,2026-03-02 00:00,ENG-1442,SUP-134,EMP159,TL-001,C,Valid,Valid
M7865,*************0865,WO10865,Sedan X,GA-1,STN-03,2026-03-02 00:01,ENG-1239,SUP-012,EMP152,TL-067,C,Valid,Valid
M7866,*************0866,WO10866,Sedan X,PAINT-1,STN-05,2026-03-02 00:02,ENG-1456,SUP-054,EMP264,TL-026,B,Valid,Valid
M7867,*************0867,WO10867,SUV Pro,PAINT-1,STN-05,2026-03-02 00:03,ENG-1163,SUP-198,EMP325,TL-086,A,Valid,Valid
M7868,*************0868,WO10868,SUV Pro,GA-2,STN-02,2026-03-02 00:05,ENG-1140,SUP-030,EMP107,TL-080,A,Valid,Valid
M7869,*************0869,WO10869,Sedan X,PAINT-1,STN-05,2026-03-02 00:06,ENG-1163,SUP-070,EMP172,TL-091,C,Valid,Valid
M7870,*************0870,WO10870,Hatch Z,GA-2,STN-02,2026-03-02 00:07,ENG-1001,SUP-019,EMP259,TL-079,C,Valid,Valid
M7871,*************0871,WO10871,Hatch Z,TRIM-1,STN-01,2026-03-02 00:08,ENG-1066,SUP-008,EMP341,TL-087,A,Valid,Valid
M7872,*************0872,WO10872,Sedan X,TRIM-1,STN-01,2026-03-02 00:10,ENG-1044,SUP-110,EMP300,TL-023,,Valid,Valid
M7873,*************0873,WO10873,Hatch Z,PAINT-1,STN-03,2026-03-02 00:11,ENG-1170,SUP-051,EMP373,TL-011,,Valid,Valid
M7874,*************0874,WO10874,Hatch Z,GA-2,STN-01,2026-03-02 00:12,ENG-1416,SUP-179,EMP339,TL-013,,Valid,Valid
M7875,*************0875,WO10875,SUV Pro,TRIM-1,STN-04,2026-03-02 00:13,ENG-1118,SUP-058,EMP173,TL-079,C,Valid,Valid
M7876,*************0876,WO10876,SUV Pro,TRIM-1,STN-02,2026-03-02 00:15,ENG-1358,SUP-171,EMP269,TL-999,C,Valid,Valid
M7877,*************0877,WO10877,SUV Pro,TRIM-1,STN-01,2026-03-02 00:16,ENG-1033,SUP-122,EMP157,TL-045,,Valid,Valid
M7878,*************0878,WO10878,SUV Pro,GA-2,STN-03,2026-03-02 00:17,ENG-1393,SUP-090,EMP394,TL-017,A,Valid,Valid
M7879,*************0879,WO10879,SUV Pro,GA-1,STN-03,2026-03-02 00:18,ENG-1284,SUP-167,EMP136,TL-039,,Valid,Valid
M7880,*************0880,WO10880,SUV Pro,TRIM-1,STN-02,2026-03-02 00:20,ENG-1317,SUP-063,EMP380,TL-021,,Valid,Valid
M7881,*************0881,WO10881,SUV Pro,GA-1,STN-03,2026-03-02 00:21,ENG-1106,SUP-178,EMP320,TL-999,,Valid,Valid
M7882,*************0882,WO10882,Hatch Z,PAINT-1,STN-05,2026-03-02 00:22,ENG-1355,SUP-061,EMP188,TL-085,A,Valid,Valid
M7883,*************0883,WO10883,Hatch Z,TRIM-1,STN-01,2026-03-02 00:23,ENG-1303,SUP-153,EMP337,TL-042,A,Valid,Valid
M7884,*************0884,WO10884,SUV Pro,GA-2,STN-03,2026-03-02 00:25,ENG-1489,SUP-104,EMP135,TL-077,A,Valid,Valid
M7885,*************0885,WO10885,Hatch Z,TRIM-1,STN-03,2026-03-02 00:26,ENG-1253,SUP-166,EMP131,TL-012,B,Valid,Valid
M7886,*************0886,WO10886,Sedan X,GA-1,STN-03,2026-03-02 00:27,ENG-1075,SUP-170,EMP176,TL-058,C,Valid,Valid
M7887,*************0887,WO10887,SUV Pro,TRIM-1,STN-02,2026-03-02 00:28,ENG-1105,SUP-175,EMP262,TL-039,C,Valid,Valid
M7888,*************0888,WO10888,SUV Pro,PAINT-1,STN-01,2026-03-02 00:30,ENG-1298,,EMP104,TL-079,,Valid,Valid
M7889,*************0889,WO10889,Sedan X,PAINT-1,STN-01,2026-03-02 00:31,ENG-1189,SUP-141,EMP127,TL-001,C,Valid,Valid
M7890,*************0890,WO10890,Sedan X,PAINT-1,STN-03,2026-03-02 00:32,ENG-1015,SUP-061,EMP321,TL-090,,Valid,Valid
M7891,*************0891,WO10891,Hatch Z,PAINT-1,STN-05,2026-03-02 00:33,ENG-1195,SUP-104,EMP295,TL-056,B,Valid,Valid
M7892,*************0892,WO10892,Hatch Z,GA-2,STN-04,2026-03-02 00:35,ENG-1071,SUP-049,EMP384,TL-050,C,Valid,Valid
M7893,*************0893,WO10893,SUV Pro,GA-2,STN-03,2026-03-02 00:36,ENG-1446,SUP-172,EMP164,TL-018,A,Valid,Valid
M7894,*************0894,WO10894,Sedan X,GA-1,STN-02,2026-03-02 00:37,ENG-1369,SUP-125,EMP323,TL-018,A,Valid,Valid
M7895,*************0895,WO10895,Sedan X,TRIM-1,STN-03,2026-03-02 00:38,ENG-1233,SUP-179,EMP317,TL-080,B,Valid,Valid
M7896,*************0896,WO10896,SUV Pro,TRIM-1,STN-05,2026-03-02 00:40,ENG-1419,SUP-116,EMP296,TL-046,B,Valid,Valid
M7897,*************0897,WO10897,Sedan X,TRIM-1,STN-05,2026-03-02 00:41,ENG-1003,SUP-148,EMP355,TL-094,B,Valid,Valid
M7898,*************0898,WO10898,Hatch Z,PAINT-1,STN-04,2026-03-02 00:42,ENG-1474,SUP-140,EMP395,TL-047,A,Valid,Valid
M7899,*************0899,WO10899,Sedan X,TRIM-1,STN-05,2026-03-02 00:43,ENG-1188,SUP-029,EMP397,TL-062,A,Valid,Valid
M7900,*************0900,WO10900,Sedan X,PAINT-1,STN-04,2026-03-02 00:45,ENG-1264,SUP-021,EMP367,TL-079,A,Valid,Valid
M7901,*************0901,WO10901,Sedan X,TRIM-1,STN-05,2026-03-02 00:46,ENG-1379,SUP-170,EMP139,TL-088,C,Valid,Valid
M7902,*************0902,WO10902,Hatch Z,GA-1,STN-03,2026-03-02 00:47,ENG-1273,SUP-200,EMP105,TL-061,,Valid,Valid
M7903,*************0903,WO10903,Hatch Z,TRIM-1,STN-05,2026-03-02 00:48,ENG-1375,SUP-085,EMP315,TL-046,C,Valid,Valid
M7904,*************0904,WO10904,SUV Pro,GA-2,STN-01,2026-03-02 00:50,ENG-1355,SUP-153,EMP255,TL-094,C,Valid,Valid
M7905,*************0905,WO10905,Sedan X,TRIM-1,STN-05,2026-03-02 00:51,ENG-1086,SUP-147,EMP126,TL-085,C,Valid,Valid
M7906,*************0906,WO10906,Hatch Z,GA-1,STN-03,2026-03-02 00:52,ENG-1248,SUP-022,EMP164,TL-065,A,Valid,Valid
M7907,*************0907,WO10907,SUV Pro,PAINT-1,STN-02,2026-03-02 00:53,ENG-1315,SUP-072,EMP240,TL-033,A,Valid,Valid
M7908,*************0908,WO10908,Hatch Z,GA-1,STN-05,2026-03-02 00:55,ENG-1089,SUP-152,EMP177,TL-085,,Valid,Valid
M7909,*************0909,WO10909,SUV Pro,GA-2,STN-03,2026-03-02 00:56,ENG-1400,SUP-180,EMP220,TL-063,B,Valid,Valid
M7910,*************0910,WO10910,Hatch Z,GA-1,STN-03,2026-03-02 00:57,ENG-1043,SUP-038,EMP178,TL-064,,Valid,Valid
M7911,*************0911,WO10911,SUV Pro,GA-2,STN-05,2026-03-02 00:58,ENG-1225,SUP-186,EMP185,TL-027,C,Valid,Valid
M7912,*************0912,WO10912,Sedan X,PAINT-1,STN-03,2026-03-02 01:00,ENG-1419,SUP-030,EMP126,TL-022,,Valid,Valid
M7913,*************0913,WO10913,SUV Pro,TRIM-1,STN-03,2026-03-02 01:01,ENG-1243,SUP-192,EMP372,TL-030,,Valid,Valid
M7914,*************0914,WO10914,Hatch Z,TRIM-1,STN-04,2026-03-02 01:02,ENG-1134,SUP-038,EMP371,TL-056,A,Valid,Valid
M7915,*************0915,WO10915,SUV Pro,TRIM-1,STN-04,2026-03-02 01:03,ENG-1347,SUP-081,EMP371,TL-088,A,Valid,Valid
M7916,*************0916,WO10916,Sedan X,PAINT-1,STN-03,2026-03-02 01:05,ENG-1221,SUP-157,EMP239,TL-043,C,Valid,Valid
M7917,*************0917,WO10917,SUV Pro,GA-1,STN-03,2026-03-02 01:06,ENG-1335,SUP-150,EMP300,TL-060,B,Valid,Valid
M7918,*************0918,WO10918,Hatch Z,GA-2,STN-05,2026-03-02 01:07,ENG-1172,SUP-174,EMP192,TL-041,A,Valid,Valid
M7919,*************0919,WO10919,Hatch Z,GA-1,STN-03,2026-03-02 01:08,ENG-1034,SUP-004,EMP310,TL-013,A,Valid,Valid
M7920,*************0920,WO10920,Hatch Z,TRIM-1,STN-03,2026-03-02 01:10,ENG-1112,SUP-186,EMP245,TL-033,B,Valid,Valid
M7921,*************0921,WO10921,Sedan X,GA-1,STN-05,2026-03-02 01:11,ENG-1047,SUP-015,EMP211,TL-077,A,Valid,Valid
M7922,*************0922,WO10922,Hatch Z,GA-1,STN-01,2026-03-02 01:12,ENG-1438,SUP-155,EMP166,TL-049,B,Valid,Valid
M7923,*************0923,WO10923,Sedan X,GA-2,STN-03,2026-03-02 01:13,ENG-1150,SUP-120,EMP138,TL-082,,Valid,Valid
M7924,*************0924,WO10924,SUV Pro,TRIM-1,STN-05,2026-03-02 01:15,ENG-1462,SUP-171,EMP265,TL-033,B,Valid,Valid
M7925,*************0925,WO10925,Sedan X,PAINT-1,STN-03,2026-03-02 01:16,ENG-1031,SUP-098,EMP298,TL-043,A,Valid,Valid
M7926,*************0926,WO10926,SUV Pro,PAINT-1,STN-02,2026-03-02 01:17,ENG-1225,SUP-018,EMP351,TL-026,,Valid,Valid
M7927,*************0927,WO10927,Sedan X,TRIM-1,STN-01,2026-03-02 01:18,ENG-1073,SUP-139,EMP320,TL-028,A,Valid,Valid
M7928,*************0928,WO10928,SUV Pro,PAINT-1,STN-01,2026-03-02 01:20,ENG-1017,SUP-019,EMP136,TL-074,C,Valid,Valid
M7929,*************0929,WO10929,SUV Pro,GA-1,STN-04,2026-03-02 01:21,ENG-1076,SUP-168,EMP100,TL-005,,Valid,Valid
M7930,*************0930,WO10930,SUV Pro,GA-2,STN-05,2026-03-02 01:22,ENG-1168,SUP-101,EMP394,TL-001,,Valid,Valid
M7931,*************0931,WO10931,SUV Pro,TRIM-1,STN-04,2026-03-02 01:23,ENG-1432,SUP-187,EMP135,TL-070,B,Valid,Valid
M7932,*************0932,WO10932,Sedan X,TRIM-1,STN-05,2026-03-02 01:25,ENG-1418,SUP-200,EMP346,TL-016,C,Valid,Valid
M7933,*************0933,WO10933,SUV Pro,PAINT-1,STN-04,2026-03-02 01:26,ENG-1028,SUP-162,EMP146,TL-047,C,Valid,Valid
M7934,*************0934,WO10934,Sedan X,TRIM-1,STN-03,2026-03-02 01:27,ENG-1392,SUP-075,EMP203,TL-023,A,Valid,Valid
M7935,*************0935,WO10935,SUV Pro,GA-2,STN-03,2026-03-02 01:28,ENG-1356,SUP-100,EMP154,TL-081,C,Valid,Valid
M7936,*************0936,WO10936,SUV Pro,GA-1,STN-05,2026-03-02 01:30,ENG-1224,SUP-189,EMP197,TL-018,A,Valid,Valid
M7937,*************0937,WO10937,Sedan X,GA-1,STN-05,2026-03-02 01:31,ENG-1303,SUP-062,EMP350,TL-050,A,Valid,Valid
M7938,*************0938,WO10938,Hatch Z,PAINT-1,STN-04,2026-03-02 01:32,ENG-1273,SUP-116,EMP108,TL-005,C,Valid,Valid
M7939,*************0939,WO10939,Sedan X,PAINT-1,STN-03,2026-03-02 01:33,ENG-1369,SUP-011,EMP307,TL-016,B,Valid,Valid
M7940,*************0940,WO10940,Hatch Z,TRIM-1,STN-05,2026-03-02 01:35,ENG-1445,SUP-138,EMP176,TL-095,B,Valid,Valid
M7941,*************0941,WO10941,Sedan X,GA-1,STN-05,2026-03-02 01:36,ENG-1072,SUP-126,EMP109,TL-061,A,Valid,Valid
M7942,*************0942,WO10942,Sedan X,GA-2,STN-01,2026-03-02 01:37,ENG-1088,SUP-162,EMP125,TL-040,A,Valid,Valid
M7943,*************0943,WO10943,SUV Pro,GA-2,STN-03,2026-03-02 01:38,ENG-1302,SUP-017,EMP154,TL-015,,Valid,Valid
M7944,*************0944,WO10944,Hatch Z,GA-2,STN-01,2026-03-02 01:40,ENG-1411,SUP-052,EMP318,TL-044,,Valid,Valid
M7945,*************0945,WO10945,SUV Pro,GA-1,STN-05,2026-03-02 01:41,ENG-1294,SUP-140,EMP170,TL-042,B,Valid,Valid
M7946,*************0946,WO10946,Sedan X,GA-2,STN-03,2026-03-02 01:42,ENG-1032,SUP-031,EMP240,TL-019,,Valid,Valid
M7947,*************0947,WO10947,Sedan X,PAINT-1,STN-05,2026-03-02 01:43,ENG-1084,SUP-113,EMP224,TL-075,A,Valid,Valid
M7948,*************0948,WO10948,Sedan X,GA-1,STN-03,2026-03-02 01:45,ENG-1433,SUP-162,EMP292,TL-100,B,Valid,Valid
M7949,*************0949,WO10949,Sedan X,TRIM-1,STN-01,2026-03-02 01:46,ENG-1003,SUP-002,EMP191,TL-012,C,Valid,Valid
M7950,*************0950,WO10950,SUV Pro,TRIM-1,STN-05,2026-03-02 01:47,ENG-1064,SUP-053,EMP173,TL-082,C,Valid,Valid
M7951,*************0951,WO10951,Hatch Z,TRIM-1,STN-04,2026-03-02 01:48,ENG-1122,SUP-045,EMP119,TL-077,B,Valid,Valid
M7952,*************0952,WO10952,Hatch Z,TRIM-1,STN-05,2026-03-02 01:50,ENG-1486,SUP-023,EMP254,TL-045,,Valid,Valid
M7953,*************0953,WO10953,Sedan X,GA-2,STN-02,2026-03-02 01:51,ENG-1060,SUP-136,EMP148,TL-080,C,Valid,Valid
M7954,*************0954,WO10954,Hatch Z,GA-2,STN-04,2026-03-02 01:52,ENG-1394,SUP-161,EMP206,TL-036,A,Valid,Valid
M7955,*************0955,WO10955,Sedan X,GA-1,STN-03,2026-03-02 01:53,ENG-1076,SUP-176,EMP342,TL-064,B,Valid,Valid
M7956,*************0956,WO10956,Sedan X,GA-1,STN-01,2026-03-02 01:55,ENG-1330,SUP-094,EMP245,TL-027,,Valid,Valid
M7957,*************0957,WO10957,SUV Pro,PAINT-1,STN-05,2026-03-02 01:56,ENG-1412,SUP-195,EMP332,TL-006,A,Valid,Valid
M7958,*************0958,WO10958,Hatch Z,GA-1,STN-05,2026-03-02 01:57,ENG-1090,SUP-041,EMP114,TL-063,A,Valid,Valid
M7959,*************0959,WO10959,Sedan X,GA-2,STN-05,2026-03-02 01:58,ENG-1227,SUP-152,EMP396,TL-042,,Valid,Valid
M7960,*************0960,WO10960,Sedan X,PAINT-1,STN-02,2026-03-02 02:00,ENG-1398,SUP-029,EMP266,TL-030,A,Valid,Valid
M7961,*************0961,WO10961,Sedan X,TRIM-1,STN-03,2026-03-02 02:01,ENG-1102,SUP-097,EMP212,TL-010,,Valid,Valid
M7962,*************0962,WO10962,Hatch Z,TRIM-1,STN-01,2026-03-02 02:02,ENG-1455,SUP-112,EMP174,TL-028,,Valid,Valid
M7963,*************0963,WO10963,Sedan X,TRIM-1,STN-03,2026-03-02 02:03,ENG-1069,SUP-118,EMP199,TL-081,C,Valid,Valid
M7964,*************0964,WO10964,SUV Pro,GA-2,STN-03,2026-03-02 02:05,ENG-1065,SUP-009,EMP391,TL-008,C,Valid,Valid
M7965,*************0965,WO10965,Sedan X,GA-1,STN-03,2026-03-02 02:06,ENG-1238,SUP-118,EMP314,TL-022,C,Valid,Valid
M7966,*************0966,WO10966,Sedan X,PAINT-1,STN-05,2026-03-02 02:07,ENG-1080,SUP-164,EMP187,TL-074,B,Valid,Valid
M7967,*************0967,WO10967,Sedan X,TRIM-1,STN-03,2026-03-02 02:08,ENG-1267,SUP-126,EMP210,TL-076,,Valid,Valid
M7968,*************0968,WO10968,SUV Pro,PAINT-1,STN-01,2026-03-02 02:10,ENG-1373,SUP-110,EMP226,TL-032,C,Valid,Valid
M7969,*************0969,WO10969,SUV Pro,GA-2,STN-05,2026-03-02 02:11,ENG-1484,SUP-039,EMP393,TL-001,,Valid,Valid
M7970,*************0970,WO10970,Sedan X,GA-1,STN-04,2026-03-02 02:12,ENG-1375,SUP-197,EMP358,TL-005,,Valid,Valid
M7971,*************0971,WO10971,Hatch Z,TRIM-1,STN-04,2026-03-02 02:13,ENG-1414,SUP-179,EMP150,TL-058,,Valid,Valid
M7972,*************0972,WO10972,Sedan X,GA-1,STN-05,2026-03-02 02:15,ENG-1385,SUP-004,EMP308,TL-028,B,Valid,Valid
M7973,*************0973,WO10973,SUV Pro,PAINT-1,STN-02,2026-03-02 02:16,ENG-1331,SUP-024,EMP108,TL-062,C,Valid,Valid
M7974,*************0974,WO10974,Sedan X,TRIM-1,STN-03,2026-03-02 02:17,ENG-1292,SUP-192,EMP398,TL-004,,Valid,Valid
M7975,*************0975,WO10975,SUV Pro,GA-2,STN-03,2026-03-02 02:18,ENG-1360,SUP-104,EMP194,TL-048,,Valid,Valid
M7976,*************0976,WO10976,Hatch Z,GA-1,STN-03,2026-03-02 02:20,ENG-1321,SUP-019,EMP297,TL-089,C,Valid,Valid
M7977,*************0977,WO10977,Hatch Z,GA-1,STN-03,2026-03-02 02:21,ENG-1218,SUP-193,EMP238,TL-090,B,Valid,Valid
M7978,*************0978,WO10978,Hatch Z,GA-1,STN-05,2026-03-02 02:22,ENG-1450,SUP-086,EMP128,TL-066,C,Valid,Valid
M7979,*************0979,WO10979,Sedan X,GA-1,STN-04,2026-03-02 02:23,ENG-1187,SUP-120,EMP120,TL-047,C,Valid,Valid
M7980,*************0980,WO10980,Sedan X,GA-1,STN-05,2026-03-02 02:25,ENG-1363,SUP-199,EMP204,TL-018,C,Valid,Valid
M7981,*************0981,WO10981,Sedan X,GA-1,STN-05,2026-03-02 02:26,ENG-1244,SUP-189,EMP397,TL-090,B,Valid,Valid
M7982,*************0982,WO10982,Hatch Z,GA-2,STN-03,2026-03-02 02:27,ENG-1180,SUP-069,EMP357,TL-088,,Valid,Valid
M7983,*************0983,WO10983,SUV Pro,GA-1,STN-01,2026-03-02 02:28,ENG-1190,SUP-089,EMP331,TL-063,A,Valid,Valid
M7984,*************0984,WO10984,SUV Pro,PAINT-1,STN-04,2026-03-02 02:30,ENG-1317,SUP-095,EMP133,TL-025,,Valid,Valid
M7985,*************0985,WO10985,Sedan X,GA-1,STN-04,2026-03-02 02:31,ENG-1459,SUP-046,EMP247,TL-010,A,Valid,Valid
M7986,*************0986,WO10986,Sedan X,PAINT-1,STN-01,2026-03-02 02:32,ENG-1356,SUP-038,EMP354,TL-020,B,Valid,Valid
M7987,*************0987,WO10987,Hatch Z,GA-1,STN-03,2026-03-02 02:33,ENG-1213,SUP-175,EMP377,TL-017,,Valid,Valid
M7988,*************0988,WO10988,SUV Pro,TRIM-1,STN-04,2026-03-02 02:35,ENG-1377,SUP-166,EMP110,TL-038,B,Valid,Valid
M7989,*************0989,WO10989,Sedan X,GA-1,STN-03,2026-03-02 02:36,ENG-1410,SUP-060,EMP366,TL-083,C,Valid,Valid
M7990,*************0990,WO10990,SUV Pro,PAINT-1,STN-05,2026-03-02 02:37,ENG-1330,SUP-084,EMP348,TL-076,,Valid,Valid
M7991,*************0991,WO10991,SUV Pro,PAINT-1,STN-05,2026-03-02 02:38,ENG-1067,SUP-079,EMP187,TL-034,B,Valid,Valid
M7992,*************0992,WO10992,SUV Pro,PAINT-1,STN-03,2026-03-02 02:40,ENG-1394,SUP-013,EMP175,TL-046,C,Valid,Valid
M7993,*************0993,WO10993,SUV Pro,GA-2,STN-05,2026-03-02 02:41,ENG-1473,SUP-042,EMP374,TL-037,B,Valid,Valid
M7994,*************0994,WO10994,Sedan X,GA-2,STN-02,2026-03-02 02:42,ENG-1121,SUP-030,EMP121,TL-041,B,Valid,Valid
M7995,*************0995,WO10995,SUV Pro,PAINT-1,STN-03,2026-03-02 02:43,ENG-1094,SUP-053,EMP387,TL-091,A,Valid,Valid
M7996,*************0996,WO10996,Hatch Z,PAINT-1,STN-03,2026-03-02 02:45,ENG-1075,SUP-096,EMP329,TL-070,B,Valid,Valid
M7997,*************0997,WO10997,Hatch Z,PAINT-1,STN-01,2026-03-02 02:46,ENG-1471,SUP-007,EMP307,TL-064,B,Valid,Valid
M7998,*************0998,WO10998,SUV Pro,PAINT-1,STN-02,2026-03-02 02:47,ENG-1002,SUP-190,EMP379,TL-065,C,Valid,Valid
M7999,,WO10999,Hatch Z,PAINT-1,STN-04,2026-03-02 02:48,ENG-1458,SUP-075,EMP393,TL-086,B,Valid,Invalid
M8000,*************1000,WO11000,Hatch Z,TRIM-1,STN-03,2026-03-02 02:50,ENG-1352,SUP-029,EMP345,TL-006,B,Valid,Valid
M8001,*************1001,WO11001,Hatch Z,GA-1,STN-03,2026-03-02 02:51,ENG-1012,SUP-103,EMP212,TL-058,C,Valid,Valid
M8002,*************1002,WO11002,Sedan X,PAINT-1,STN-01,2026-03-02 02:52,ENG-1311,SUP-165,EMP199,TL-075,B,Valid,Valid
M8003,*************1003,WO11003,SUV Pro,GA-2,STN-01,2026-03-02 02:53,ENG-1042,SUP-138,EMP328,TL-087,A,Valid,Valid
M8004,*************1004,WO11004,Hatch Z,TRIM-1,STN-02,2026-03-02 02:55,ENG-1251,SUP-082,EMP361,TL-008,C,Valid,Valid
M8005,*************1005,WO11005,SUV Pro,GA-2,STN-05,2026-03-02 02:56,ENG-1437,SUP-110,EMP289,TL-050,C,Valid,Valid
M8006,*************1006,WO11006,Sedan X,PAINT-1,STN-03,2026-03-02 02:57,ENG-1179,SUP-079,EMP328,TL-072,A,Valid,Valid
M8007,*************1007,WO11007,Sedan X,TRIM-1,STN-05,2026-03-02 02:58,ENG-1212,SUP-114,EMP247,TL-021,,Valid,Valid
M8008,*************1008,WO11008,Hatch Z,TRIM-1,STN-02,2026-03-02 03:00,ENG-1427,SUP-151,EMP144,TL-019,B,Valid,Valid
M8009,*************1009,WO11009,SUV Pro,TRIM-1,STN-03,2026-03-02 03:01,ENG-1268,SUP-086,EMP133,TL-076,,Valid,Valid
M8010,*************1010,WO11010,Sedan X,GA-1,STN-04,2026-03-02 03:02,ENG-1327,SUP-070,EMP312,TL-023,,Valid,Valid
M8011,*************1011,WO11011,Hatch Z,GA-2,STN-02,2026-03-02 03:03,ENG-1095,SUP-098,EMP248,TL-071,,Valid,Valid
M8012,*************1012,WO11012,Sedan X,PAINT-1,STN-03,2026-03-02 03:05,ENG-1299,SUP-078,EMP352,TL-072,,Valid,Valid
M8013,*************1013,WO11013,Sedan X,GA-1,STN-03,2026-03-02 03:06,ENG-1001,SUP-040,EMP234,TL-039,,Valid,Valid
M8014,*************1014,WO11014,Sedan X,PAINT-1,STN-04,2026-03-02 03:07,ENG-1091,SUP-126,EMP225,TL-004,A,Valid,Valid
M8015,*************1015,WO11015,SUV Pro,TRIM-1,STN-01,2026-03-02 03:08,ENG-1001,SUP-154,EMP285,TL-075,,Valid,Valid
M8016,*************1016,WO11016,Hatch Z,TRIM-1,STN-03,2026-03-02 03:10,ENG-1132,SUP-161,EMP343,TL-089,A,Valid,Valid
M8017,*************1017,WO11017,SUV Pro,GA-1,STN-03,2026-03-02 03:11,ENG-1132,SUP-042,EMP397,TL-008,B,Valid,Valid
M8018,*************1018,WO11018,SUV Pro,TRIM-1,STN-05,2026-03-02 03:12,ENG-1069,SUP-092,EMP183,TL-007,C,Valid,Valid
M8019,*************1019,WO11019,SUV Pro,TRIM-1,STN-05,2026-03-02 03:13,ENG-1466,SUP-092,EMP124,TL-038,C,Valid,Valid
M8020,*************1020,WO11020,Hatch Z,GA-1,STN-05,2026-03-02 03:15,ENG-1099,SUP-197,EMP193,TL-098,A,Valid,Valid
M8021,*************1021,WO11021,Hatch Z,GA-2,STN-05,2026-03-02 03:16,ENG-1165,SUP-081,EMP254,TL-035,C,Valid,Valid
M8022,*************1022,WO11022,Sedan X,PAINT-1,STN-03,2026-03-02 03:17,ENG-1073,SUP-004,EMP170,TL-067,C,Valid,Valid
M8023,*************1023,WO11023,SUV Pro,TRIM-1,STN-04,2026-03-02 03:18,ENG-1174,SUP-042,EMP152,TL-028,B,Valid,Valid
M8024,*************1024,WO11024,Hatch Z,GA-2,STN-03,2026-03-02 03:20,ENG-1096,SUP-144,EMP369,TL-069,A,Valid,Valid
M8025,*************1025,WO11025,SUV Pro,TRIM-1,STN-01,2026-03-02 03:21,ENG-1059,SUP-034,EMP108,TL-062,C,Valid,Valid
M8026,*************1026,WO11026,SUV Pro,PAINT-1,STN-02,2026-03-02 03:22,ENG-1418,SUP-114,EMP367,TL-098,C,Valid,Valid
M8027,*************1027,WO11027,Sedan X,PAINT-1,STN-01,2026-03-02 03:23,ENG-1381,SUP-031,EMP213,TL-017,B,Valid,Valid
M8028,*************1028,WO11028,Hatch Z,GA-2,STN-03,2026-03-02 03:25,ENG-1064,SUP-054,EMP166,TL-011,,Valid,Valid
M8029,*************1029,WO11029,Hatch Z,GA-1,STN-01,2026-03-02 03:26,ENG-1009,SUP-199,EMP347,TL-097,,Valid,Valid
M8030,*************1030,WO11030,Sedan X,GA-2,STN-01,2026-03-02 03:27,ENG-1016,SUP-169,EMP362,TL-076,A,Valid,Valid
M8031,*************1031,WO11031,SUV Pro,GA-1,STN-03,2026-03-02 03:28,ENG-1022,SUP-017,EMP254,TL-086,A,Valid,Valid
M8032,*************1032,WO11032,Sedan X,GA-1,STN-05,2026-03-02 03:30,ENG-1105,SUP-151,EMP202,TL-024,C,Valid,Valid
M8033,*************1033,WO11033,Sedan X,GA-1,STN-02,2026-03-02 03:31,ENG-1433,SUP-192,EMP242,TL-075,C,Valid,Valid
M8034,*************1034,WO11034,SUV Pro,GA-2,STN-03,2026-03-02 03:32,ENG-1256,SUP-200,EMP223,TL-065,A,Valid,Valid
M8035,*************1035,WO11035,Sedan X,GA-1,STN-05,2026-03-02 03:33,ENG-1111,SUP-184,EMP198,TL-037,B,Valid,Valid
M8036,*************1036,WO11036,Hatch Z,GA-1,STN-05,2026-03-02 03:35,ENG-1050,SUP-055,EMP358,TL-091,,Valid,Valid
M8037,*************1037,WO11037,SUV Pro,GA-2,STN-04,2026-03-02 03:36,ENG-1344,SUP-028,EMP192,TL-046,,Valid,Valid
M8038,*************1038,WO11038,SUV Pro,GA-2,STN-05,2026-03-02 03:37,ENG-1116,SUP-105,EMP157,TL-098,C,Valid,Valid
M8039,*************1039,WO11039,Sedan X,TRIM-1,STN-01,2026-03-02 03:38,ENG-1266,SUP-035,EMP353,TL-098,C,Valid,Valid
M8040,*************1040,WO11040,Hatch Z,PAINT-1,STN-05,2026-03-02 03:40,ENG-1369,SUP-011,EMP142,TL-042,,Valid,Valid
M8041,*************1041,WO11041,Sedan X,TRIM-1,STN-03,2026-03-02 03:41,ENG-1233,SUP-154,EMP259,TL-088,,Valid,Valid
M8042,*************1042,WO11042,Sedan X,TRIM-1,STN-03,2026-03-02 03:42,ENG-1437,SUP-110,EMP196,TL-009,,Valid,Valid
M8043,*************1043,WO11043,Hatch Z,PAINT-1,STN-02,2026-03-02 03:43,ENG-1006,SUP-173,EMP351,TL-087,A,Valid,Valid
M8044,*************1044,WO11044,SUV Pro,TRIM-1,STN-05,2026-03-02 03:45,ENG-1337,SUP-174,EMP143,TL-016,B,Valid,Valid
M8045,*************1045,WO11045,SUV Pro,TRIM-1,STN-05,2026-03-02 03:46,ENG-1302,SUP-027,EMP186,TL-009,C,Valid,Valid
M8046,*************1046,WO11046,Sedan X,PAINT-1,STN-02,2026-03-02 03:47,ENG-1304,SUP-104,EMP162,TL-030,,Valid,Valid
M8047,*************1047,WO11047,Hatch Z,TRIM-1,STN-03,2026-03-02 03:48,ENG-1391,SUP-183,EMP397,TL-076,C,Valid,Valid
M8048,*************1048,WO11048,Hatch Z,TRIM-1,STN-03,2026-03-02 03:50,ENG-1243,SUP-171,EMP307,TL-063,C,Valid,Valid
M8049,*************1049,WO11049,Sedan X,TRIM-1,STN-01,2026-03-02 03:51,ENG-1062,SUP-065,EMP350,TL-064,B,Valid,Valid
M8050,*************1050,WO11050,Hatch Z,GA-2,STN-01,2026-03-02 03:52,ENG-1050,SUP-189,EMP127,TL-009,,Valid,Valid
M8051,*************1051,WO11051,Hatch Z,GA-1,STN-02,2026-03-02 03:53,ENG-1195,SUP-155,EMP267,TL-020,C,Valid,Valid
M8052,*************1052,WO11052,Hatch Z,GA-1,STN-03,2026-03-02 03:55,ENG-1039,SUP-170,EMP366,TL-099,,Valid,Valid
M8053,*************1053,WO11053,SUV Pro,GA-2,STN-03,2026-03-02 03:56,ENG-1338,SUP-128,EMP351,TL-065,C,Valid,Valid
M8054,*************1054,WO11054,Hatch Z,PAINT-1,STN-03,2026-03-02 03:57,ENG-1440,SUP-139,EMP379,TL-003,A,Valid,Valid
M8055,*************1055,WO11055,SUV Pro,GA-1,STN-04,2026-03-02 03:59,ENG-1230,SUP-081,EMP292,TL-057,,Valid,Valid
M8056,*************1056,WO11056,Sedan X,GA-1,STN-02,2026-03-02 04:00,ENG-1285,SUP-169,EMP255,TL-091,B,Valid,Valid
M8057,*************1057,WO11057,SUV Pro,TRIM-1,STN-02,2026-03-02 04:01,ENG-1159,SUP-184,EMP299,TL-063,A,Valid,Valid
M8058,*************1058,WO11058,Hatch Z,TRIM-1,STN-05,2026-03-02 04:02,ENG-1283,SUP-176,EMP376,TL-074,,Valid,Valid
M8059,*************1059,WO11059,SUV Pro,GA-2,STN-05,2026-03-02 04:03,ENG-1028,SUP-101,EMP234,TL-064,,Valid,Valid
M8060,*************1060,WO11060,Hatch Z,PAINT-1,STN-03,2026-03-02 04:05,ENG-1145,SUP-083,EMP131,TL-004,A,Valid,Valid
M8061,*************1061,WO11061,Sedan X,PAINT-1,STN-03,2026-03-02 04:06,ENG-1414,SUP-190,EMP398,TL-004,C,Valid,Valid
M8062,*************1062,WO11062,SUV Pro,GA-1,STN-04,2026-03-02 04:07,ENG-1176,SUP-092,EMP310,TL-045,A,Valid,Valid
M8063,*************1063,WO11063,Hatch Z,GA-2,STN-02,2026-03-02 04:08,ENG-1120,SUP-166,EMP259,TL-076,A,Valid,Valid
M8064,*************1064,WO11064,Hatch Z,GA-1,STN-03,2026-03-02 04:10,ENG-1156,SUP-030,EMP272,TL-022,A,Valid,Valid
M8065,*************1065,WO11065,Hatch Z,PAINT-1,STN-01,2026-03-02 04:11,ENG-1235,SUP-169,EMP316,TL-073,,Valid,Valid
M8066,*************1066,WO11066,SUV Pro,GA-1,STN-05,2026-03-02 04:12,ENG-1240,SUP-151,EMP111,TL-041,,Valid,Valid
M8067,*************1067,WO11067,Hatch Z,TRIM-1,STN-03,2026-03-02 04:13,ENG-1293,SUP-026,EMP350,TL-013,B,Valid,Valid
M8068,*************1068,WO11068,SUV Pro,TRIM-1,STN-05,2026-03-02 04:15,ENG-1415,SUP-196,EMP273,TL-022,C,Valid,Valid
M8069,*************1069,WO11069,SUV Pro,TRIM-1,STN-02,2026-03-02 04:16,ENG-1254,SUP-163,EMP138,TL-069,B,Valid,Valid
M8070,*************1070,WO11070,SUV Pro,PAINT-1,STN-01,2026-03-02 04:17,ENG-1152,SUP-147,EMP305,TL-029,A,Valid,Valid
M8071,*************1071,WO11071,Hatch Z,GA-1,STN-05,2026-03-02 04:18,ENG-1172,SUP-070,EMP134,TL-073,,Valid,Valid
M8072,*************1072,WO11072,SUV Pro,GA-2,STN-03,2026-03-02 04:20,ENG-1407,SUP-020,EMP254,TL-065,C,Valid,Valid
M8073,*************1073,WO11073,SUV Pro,PAINT-1,STN-02,2026-03-02 04:21,ENG-1212,SUP-103,EMP228,TL-080,,Valid,Valid
M8074,*************1074,WO11074,Hatch Z,GA-2,STN-01,2026-03-02 04:22,ENG-1321,SUP-181,EMP364,TL-024,,Valid,Valid
M8075,*************1075,WO11075,Sedan X,TRIM-1,STN-03,2026-03-02 04:23,ENG-1479,SUP-164,EMP372,TL-079,,Valid,Valid
M8076,*************1076,WO11076,Hatch Z,GA-1,STN-05,2026-03-02 04:25,ENG-1102,SUP-094,EMP336,TL-019,B,Valid,Valid
M8077,*************1077,WO11077,Sedan X,PAINT-1,STN-03,2026-03-02 04:26,ENG-1222,SUP-106,EMP263,TL-009,B,Valid,Valid
M8078,*************1078,WO11078,SUV Pro,PAINT-1,STN-03,2026-03-02 04:27,ENG-1146,SUP-166,EMP182,TL-033,B,Valid,Valid
M8079,*************1079,WO11079,SUV Pro,GA-2,STN-01,2026-03-02 04:28,ENG-1076,SUP-050,EMP114,TL-032,C,Valid,Valid
M8080,*************1080,WO11080,SUV Pro,TRIM-1,STN-05,2026-03-02 04:30,ENG-1223,SUP-109,EMP118,TL-026,B,Valid,Valid
M8081,*************1081,WO11081,SUV Pro,GA-2,STN-01,2026-03-02 04:31,ENG-1132,SUP-072,EMP381,TL-023,A,Valid,Valid
M8082,*************1082,WO11082,Hatch Z,TRIM-1,STN-03,2026-03-02 04:32,ENG-1010,SUP-015,EMP142,TL-041,C,Valid,Valid
M8083,*************1083,WO11083,Sedan X,TRIM-1,STN-03,2026-03-02 04:33,ENG-1343,SUP-169,EMP146,TL-051,B,Valid,Valid
M8084,*************1084,WO11084,Sedan X,GA-1,STN-05,2026-03-02 04:35,ENG-1376,SUP-129,EMP161,TL-067,C,Valid,Valid
M8085,*************1085,WO11085,SUV Pro,GA-1,STN-02,2026-03-02 04:36,ENG-1307,SUP-032,EMP260,TL-043,,Valid,Valid
M8086,*************1086,WO11086,Hatch Z,GA-2,STN-04,2026-03-02 04:37,ENG-1111,SUP-037,EMP154,TL-023,B,Valid,Valid
M8087,*************1087,WO11087,SUV Pro,TRIM-1,STN-04,2026-03-02 04:38,ENG-1130,SUP-151,EMP128,TL-063,C,Valid,Valid
M8088,*************1088,WO11088,Hatch Z,GA-1,STN-03,2026-03-02 04:40,ENG-1279,SUP-109,EMP343,TL-088,B,Valid,Valid
M8089,*************1089,WO11089,SUV Pro,GA-2,STN-03,2026-03-02 04:41,ENG-1243,SUP-184,EMP288,TL-040,A,Valid,Valid
M8090,*************1090,WO11090,Hatch Z,GA-1,STN-03,2026-03-02 04:42,ENG-1378,SUP-170,EMP127,TL-089,B,Valid,Valid
M8091,*************1091,WO11091,SUV Pro,TRIM-1,STN-03,2026-03-02 04:43,ENG-1327,SUP-180,EMP285,TL-088,A,Valid,Valid
M8092,*************1092,WO11092,Hatch Z,GA-2,STN-03,2026-03-02 04:45,ENG-1226,SUP-100,EMP104,TL-051,C,Valid,Valid
M8093,*************1093,WO11093,SUV Pro,GA-1,STN-03,2026-03-02 04:46,ENG-1387,SUP-061,EMP252,TL-027,B,Valid,Valid
M8094,*************1094,WO11094,SUV Pro,PAINT-1,STN-03,2026-03-02 04:47,ENG-1392,SUP-165,EMP308,TL-005,C,Valid,Valid
M8095,*************1095,WO11095,Sedan X,TRIM-1,STN-04,2026-03-02 04:48,ENG-1377,SUP-106,EMP270,TL-092,,Valid,Valid
M8096,*************1096,WO11096,Sedan X,GA-2,STN-05,2026-03-02 04:50,ENG-1133,SUP-130,EMP133,TL-046,,Valid,Valid
M8097,*************1097,WO11097,Hatch Z,PAINT-1,STN-04,2026-03-02 04:51,ENG-1355,SUP-008,EMP126,TL-083,B,Valid,Valid
M8098,*************1098,WO11098,Hatch Z,TRIM-1,STN-03,2026-03-02 04:52,ENG-1328,SUP-035,EMP101,TL-052,B,Valid,Valid
M8099,*************1099,WO11099,Hatch Z,PAINT-1,STN-03,2026-03-02 04:53,ENG-1294,SUP-022,EMP156,TL-021,B,Valid,Valid
M8100,*************1100,WO11100,Hatch Z,GA-2,STN-03,2026-03-02 04:55,ENG-1304,SUP-176,EMP310,TL-041,,Valid,Valid
M8101,*************1101,WO11101,SUV Pro,GA-2,STN-03,2026-03-02 04:56,ENG-1088,SUP-176,EMP267,TL-037,B,Valid,Valid
M8102,*************1102,WO11102,Sedan X,TRIM-1,STN-03,2026-03-02 04:57,ENG-1093,SUP-101,EMP293,TL-074,B,Valid,Valid
M8103,*************1103,WO11103,Sedan X,GA-1,STN-05,2026-03-02 04:58,ENG-1331,SUP-157,EMP217,TL-012,,Valid,Valid
M8104,*************1104,WO11104,Sedan X,PAINT-1,STN-05,2026-03-02 05:00,ENG-1436,SUP-044,EMP125,TL-052,,Valid,Valid
M8105,*************1105,WO11105,Hatch Z,PAINT-1,STN-02,2026-03-02 05:01,ENG-1045,SUP-095,EMP187,TL-073,A,Valid,Valid
M8106,*************1106,WO11106,Sedan X,TRIM-1,STN-03,2026-03-02 05:02,ENG-1471,SUP-117,EMP353,TL-016,B,Valid,Valid
M8107,*************1107,WO11107,Hatch Z,GA-2,STN-02,2026-03-02 05:03,ENG-1484,SUP-069,EMP247,TL-096,,Valid,Valid
M8108,*************1108,WO11108,SUV Pro,GA-2,STN-04,2026-03-02 05:05,ENG-1438,SUP-053,EMP210,TL-037,B,Valid,Valid
M8109,*************1109,WO11109,SUV Pro,GA-2,STN-04,2026-03-02 05:06,ENG-1405,SUP-038,EMP114,TL-038,C,Valid,Valid
M8110,*************1110,WO11110,Sedan X,TRIM-1,STN-02,2026-03-02 05:07,ENG-1189,,EMP398,TL-088,,Valid,Valid
M8111,*************1111,WO11111,Sedan X,GA-1,STN-04,2026-03-02 05:08,ENG-1068,SUP-083,EMP303,TL-088,B,Valid,Valid
M8112,*************1112,WO11112,Hatch Z,TRIM-1,STN-05,2026-03-02 05:10,ENG-1216,SUP-189,EMP231,TL-010,A,Valid,Valid
M8113,*************1113,WO11113,Hatch Z,GA-1,STN-01,2026-03-02 05:11,ENG-1170,SUP-061,EMP341,TL-046,A,Valid,Valid
M8114,*************1114,WO11114,Sedan X,PAINT-1,STN-05,2026-03-02 05:12,ENG-1317,SUP-098,EMP254,TL-051,C,Valid,Valid
M8115,*************1115,WO11115,Sedan X,GA-1,STN-05,2026-03-02 05:13,ENG-1091,SUP-067,EMP186,TL-065,,Valid,Valid
M8116,*************1116,WO11116,SUV Pro,TRIM-1,STN-02,2026-03-02 05:15,ENG-1045,SUP-082,EMP371,TL-056,B,Valid,Valid
M8117,*************1117,WO11117,SUV Pro,GA-1,STN-03,2026-03-02 05:16,ENG-1022,SUP-033,EMP355,TL-036,C,Valid,Valid
M8118,*************1118,WO11118,SUV Pro,PAINT-1,STN-03,2026-03-02 05:17,ENG-1313,SUP-195,EMP235,TL-067,C,Valid,Valid
M8119,*************1119,WO11119,SUV Pro,GA-2,STN-03,2026-03-02 05:18,ENG-1377,SUP-126,EMP177,TL-072,,Valid,Valid
M8120,*************1120,WO11120,Sedan X,GA-2,STN-02,2026-03-02 05:20,ENG-1027,SUP-059,EMP193,TL-005,,Valid,Valid
M8121,*************1121,WO11121,SUV Pro,GA-2,STN-05,2026-03-02 05:21,ENG-1239,SUP-112,EMP159,TL-064,A,Valid,Valid
M8122,*************1122,WO11122,SUV Pro,PAINT-1,STN-05,2026-03-02 05:22,ENG-1287,SUP-125,EMP334,TL-064,A,Valid,Valid
M8123,*************1123,WO11123,Hatch Z,GA-2,STN-01,2026-03-02 05:23,ENG-1178,SUP-024,EMP204,TL-037,B,Valid,Valid
M8124,*************1124,WO11124,Sedan X,PAINT-1,STN-05,2026-03-02 05:25,ENG-1456,SUP-170,EMP399,TL-028,A,Valid,Valid
M8125,*************1125,WO11125,Hatch Z,GA-2,STN-04,2026-03-02 05:26,ENG-1471,SUP-020,EMP226,TL-099,,Valid,Valid
M8126,*************1126,WO11126,Hatch Z,GA-1,STN-03,2026-03-02 05:27,ENG-1013,SUP-073,EMP162,TL-051,C,Valid,Valid
M8127,*************1127,WO11127,Hatch Z,GA-1,STN-03,2026-03-02 05:28,ENG-1165,SUP-040,EMP114,TL-011,,Valid,Valid
M8128,*************1128,WO11128,Hatch Z,TRIM-1,STN-04,2026-03-02 05:30,ENG-1321,SUP-069,EMP102,TL-043,A,Valid,Valid
M8129,*************1129,WO11129,Hatch Z,TRIM-1,STN-03,2026-03-02 05:31,ENG-1485,SUP-188,EMP391,TL-017,B,Valid,Valid
M8130,*************1130,WO11130,Sedan X,PAINT-1,STN-03,2026-03-02 05:32,ENG-1408,SUP-015,EMP136,TL-071,,Valid,Valid
M8131,*************1131,WO11131,Sedan X,TRIM-1,STN-03,2026-03-02 05:33,ENG-1091,SUP-062,EMP304,TL-012,A,Valid,Valid
M8132,*************1132,WO11132,Sedan X,GA-2,STN-04,2026-03-02 05:35,ENG-1399,SUP-104,EMP245,TL-083,B,Valid,Valid
M8133,*************1133,WO11133,Sedan X,PAINT-1,STN-04,2026-03-02 05:36,ENG-1410,SUP-111,EMP258,TL-088,B,Valid,Valid
M8134,*************1134,WO11134,SUV Pro,GA-1,STN-03,2026-03-02 05:37,ENG-1188,SUP-132,EMP202,TL-063,,Valid,Valid
M8135,*************1135,WO11135,SUV Pro,TRIM-1,STN-03,2026-03-02 05:38,ENG-1288,SUP-154,EMP316,TL-012,,Valid,Valid
M8136,*************1136,WO11136,SUV Pro,GA-2,STN-04,2026-03-02 05:40,ENG-1322,SUP-110,EMP147,TL-006,C,Valid,Valid
M8137,*************1137,WO11137,SUV Pro,GA-2,STN-05,2026-03-02 05:41,ENG-1351,SUP-183,EMP179,TL-064,A,Valid,Valid
M8138,*************1138,WO11138,SUV Pro,TRIM-1,STN-04,2026-03-02 05:42,ENG-1040,SUP-123,EMP253,TL-020,B,Valid,Valid
M8139,*************1139,WO11139,Hatch Z,PAINT-1,STN-03,2026-03-02 05:43,ENG-1127,SUP-134,EMP318,TL-038,A,Valid,Valid
M8140,*************1140,WO11140,Hatch Z,GA-1,STN-01,2026-03-02 05:45,ENG-1262,SUP-028,EMP361,TL-055,,Valid,Valid
M8141,*************1141,WO11141,Sedan X,TRIM-1,STN-05,2026-03-02 05:46,ENG-1368,SUP-146,EMP229,TL-046,C,Valid,Valid
M8142,*************1142,WO11142,Hatch Z,GA-1,STN-03,2026-03-02 05:47,ENG-1257,SUP-005,EMP158,TL-095,,Valid,Valid
M8143,*************1143,WO11143,Sedan X,GA-2,STN-03,2026-03-02 05:48,ENG-1201,SUP-012,EMP142,TL-054,C,Valid,Valid
M8144,*************1144,WO11144,SUV Pro,TRIM-1,STN-03,2026-03-02 05:50,ENG-1343,SUP-116,EMP235,TL-044,B,Valid,Valid
M8145,*************1145,WO11145,Sedan X,GA-2,STN-01,2026-03-02 05:51,ENG-1382,SUP-155,EMP232,TL-087,A,Valid,Valid
M8146,*************1146,WO11146,SUV Pro,GA-1,STN-01,2026-03-02 05:52,ENG-1202,SUP-030,EMP106,TL-022,,Valid,Valid
M8147,*************1147,WO11147,SUV Pro,TRIM-1,STN-03,2026-03-02 05:53,ENG-1336,SUP-191,EMP349,TL-039,C,Valid,Valid
M8148,*************1148,WO11148,Hatch Z,TRIM-1,STN-03,2026-03-02 05:55,ENG-1154,SUP-023,EMP164,TL-018,A,Valid,Valid
M8149,*************1149,WO11149,Sedan X,GA-1,STN-03,2026-03-02 05:56,ENG-1008,SUP-179,EMP196,TL-004,B,Valid,Valid
M8150,*************1150,WO11150,SUV Pro,GA-2,STN-05,2026-03-02 05:57,ENG-1123,SUP-112,EMP375,TL-025,A,Valid,Valid
M8151,*************1151,WO11151,SUV Pro,TRIM-1,STN-02,2026-03-02 05:58,ENG-1242,SUP-109,EMP111,TL-015,B,Valid,Valid
M8152,*************1152,WO11152,Sedan X,TRIM-1,STN-04,2026-03-02 06:00,ENG-1241,SUP-006,EMP330,TL-075,B,Valid,Valid
M8153,*************1153,WO11153,Sedan X,PAINT-1,STN-05,2026-03-02 06:01,ENG-1424,SUP-101,EMP126,TL-043,A,Valid,Valid
M8154,*************1154,WO11154,Sedan X,TRIM-1,STN-04,2026-03-02 06:02,ENG-1434,SUP-127,EMP396,TL-077,C,Valid,Valid
M8155,*************1155,WO11155,Sedan X,TRIM-1,STN-04,2026-03-02 06:03,ENG-1248,SUP-132,EMP349,TL-030,A,Valid,Valid
M8156,*************1156,WO11156,Hatch Z,GA-1,STN-04,2026-03-02 06:05,ENG-1295,SUP-081,EMP383,TL-009,C,Valid,Valid
M8157,*************1157,WO11157,Hatch Z,TRIM-1,STN-04,2026-03-02 06:06,ENG-1059,SUP-127,EMP277,TL-058,,Valid,Valid
M8158,*************1158,WO11158,Sedan X,GA-2,STN-03,2026-03-02 06:07,ENG-1371,SUP-050,EMP340,TL-045,,Valid,Valid
M8159,*************1159,WO11159,Sedan X,GA-2,STN-05,2026-03-02 06:08,ENG-1465,SUP-176,EMP273,TL-078,,Valid,Valid
M8160,*************1160,WO11160,Sedan X,PAINT-1,STN-05,2026-03-02 06:10,ENG-1001,SUP-183,EMP299,TL-054,C,Valid,Valid
M8161,*************1161,WO11161,SUV Pro,GA-2,STN-05,2026-03-02 06:11,ENG-1106,SUP-073,EMP144,TL-086,,Valid,Valid
M8162,*************1162,WO11162,Sedan X,GA-2,STN-02,2026-03-02 06:12,ENG-1080,SUP-156,EMP351,TL-013,,Valid,Valid
M8163,*************1163,WO11163,SUV Pro,PAINT-1,STN-02,2026-03-02 06:13,ENG-1107,SUP-143,EMP124,TL-003,C,Valid,Valid
M8164,*************1164,WO11164,SUV Pro,PAINT-1,STN-05,2026-03-02 06:15,ENG-1081,SUP-045,EMP357,TL-005,A,Valid,Valid
M8165,*************1165,WO11165,SUV Pro,TRIM-1,STN-01,2026-03-02 06:16,ENG-1316,SUP-059,EMP161,TL-072,B,Valid,Valid
M8166,*************1166,WO11166,SUV Pro,PAINT-1,STN-03,2026-03-02 06:17,ENG-1401,SUP-091,EMP123,TL-099,C,Valid,Valid
M8167,*************1167,WO11167,Sedan X,GA-1,STN-05,2026-03-02 06:18,ENG-1025,SUP-113,EMP334,TL-097,A,Valid,Valid
M8168,*************1168,WO11168,Sedan X,GA-1,STN-03,2026-03-02 06:20,ENG-1287,SUP-011,EMP359,TL-014,B,Valid,Valid
M8169,*************1169,WO11169,Hatch Z,GA-1,STN-03,2026-03-02 06:21,ENG-1105,SUP-093,EMP180,TL-094,C,Valid,Valid
M8170,*************1170,WO11170,Hatch Z,TRIM-1,STN-03,2026-03-02 06:22,ENG-1259,SUP-128,EMP150,TL-020,C,Valid,Valid
M8171,*************1171,WO11171,SUV Pro,GA-2,STN-01,2026-03-02 06:23,ENG-1434,SUP-052,EMP324,TL-054,A,Valid,Valid
M8172,*************1172,WO11172,Sedan X,TRIM-1,STN-03,2026-03-02 06:25,ENG-1146,SUP-130,EMP187,TL-011,C,Valid,Valid
M8173,*************1173,WO11173,SUV Pro,TRIM-1,STN-03,2026-03-02 06:26,ENG-1322,SUP-171,EMP225,TL-020,,Valid,Valid
M8174,*************1174,WO11174,Sedan X,GA-2,STN-03,2026-03-02 06:27,ENG-1219,SUP-106,EMP309,TL-059,C,Valid,Valid
M8175,*************1175,WO11175,Sedan X,TRIM-1,STN-02,2026-03-02 06:28,ENG-1394,SUP-003,EMP364,TL-009,A,Valid,Valid
M8176,*************1176,WO11176,SUV Pro,PAINT-1,STN-04,2026-03-02 06:30,ENG-1395,SUP-043,EMP322,TL-008,,Valid,Valid
M8177,*************1177,WO11177,Sedan X,GA-2,STN-05,2026-03-02 06:31,ENG-1029,SUP-162,EMP366,TL-038,,Valid,Valid
M8178,*************1178,WO11178,SUV Pro,PAINT-1,STN-05,2026-03-02 06:32,ENG-1380,SUP-081,EMP276,TL-002,C,Valid,Valid
M8179,*************1179,WO11179,Hatch Z,GA-2,STN-05,2026-03-02 06:33,ENG-1206,SUP-115,EMP205,TL-070,,Valid,Valid
M8180,*************1180,WO11180,Hatch Z,PAINT-1,STN-03,2026-03-02 06:35,ENG-1400,SUP-167,EMP307,TL-100,B,Valid,Valid
M8181,*************1181,WO11181,SUV Pro,GA-1,STN-01,2026-03-02 06:36,ENG-1275,SUP-086,EMP299,TL-093,B,Valid,Valid
M8182,*************1182,WO11182,Hatch Z,PAINT-1,STN-02,2026-03-02 06:37,ENG-1047,SUP-131,EMP382,TL-040,C,Valid,Valid
M8183,*************1183,WO11183,Hatch Z,GA-2,STN-01,2026-03-02 06:38,ENG-1014,SUP-139,EMP232,TL-031,C,Valid,Valid
M8184,*************1184,WO11184,Hatch Z,TRIM-1,STN-05,2026-03-02 06:40,ENG-1056,SUP-188,EMP130,TL-048,C,Valid,Valid
M8185,*************1185,WO11185,Hatch Z,PAINT-1,STN-01,2026-03-02 06:41,ENG-1024,SUP-194,EMP163,TL-058,C,Valid,Valid
M8186,*************1186,WO11186,Hatch Z,GA-1,STN-04,2026-03-02 06:42,ENG-1173,SUP-061,EMP397,TL-073,B,Valid,Valid
M8187,*************1187,WO11187,SUV Pro,PAINT-1,STN-03,2026-03-02 06:43,ENG-1341,SUP-184,EMP393,TL-087,B,Valid,Valid
M8188,*************1188,WO11188,Hatch Z,TRIM-1,STN-05,2026-03-02 06:45,ENG-1377,SUP-064,EMP153,TL-042,B,Valid,Valid
M8189,*************1189,WO11189,SUV Pro,TRIM-1,STN-01,2026-03-02 06:46,ENG-1075,SUP-183,EMP317,TL-053,A,Valid,Valid
M8190,*************1190,WO11190,Sedan X,GA-1,STN-04,2026-03-02 06:47,ENG-1454,SUP-034,EMP343,TL-028,,Valid,Valid
M8191,*************1191,WO11191,Sedan X,PAINT-1,STN-05,2026-03-02 06:48,ENG-1269,SUP-104,EMP386,TL-067,,Valid,Valid
M8192,*************1192,WO11192,SUV Pro,TRIM-1,STN-05,2026-03-02 06:50,ENG-1216,SUP-113,EMP350,TL-094,,Valid,Valid
M8193,*************1193,WO11193,Sedan X,GA-2,STN-05,2026-03-02 06:51,ENG-1065,SUP-125,EMP334,TL-017,A,Valid,Valid
M8194,*************1194,WO11194,Hatch Z,GA-2,STN-04,2026-03-02 06:52,ENG-1242,SUP-009,EMP180,TL-072,C,Valid,Valid
M8195,*************1195,WO11195,Sedan X,TRIM-1,STN-01,2026-03-02 06:53,ENG-1061,SUP-095,EMP392,TL-038,A,Valid,Valid
M8196,*************1196,WO11196,Hatch Z,GA-2,STN-01,2026-03-02 06:55,ENG-1190,SUP-079,EMP291,TL-039,C,Valid,Valid
M8197,*************1197,WO11197,SUV Pro,GA-1,STN-03,2026-03-02 06:56,ENG-1073,SUP-037,EMP315,TL-007,C,Valid,Valid
M8198,*************1198,WO11198,SUV Pro,GA-2,STN-02,2026-03-02 06:57,ENG-1419,SUP-190,EMP350,TL-001,A,Valid,Valid
M8199,*************1199,WO11199,Hatch Z,PAINT-1,STN-01,2026-03-02 06:58,ENG-1445,SUP-012,EMP313,TL-062,C,Valid,Valid
M8200,*************1200,WO11200,Hatch Z,TRIM-1,STN-03,2026-03-02 07:00,ENG-1400,SUP-097,EMP343,TL-093,B,Valid,Valid
M8201,*************1201,WO11201,Sedan X,TRIM-1,STN-03,2026-03-02 07:01,ENG-1230,SUP-171,EMP329,TL-020,C,Valid,Valid
M8202,*************1202,WO11202,Sedan X,TRIM-1,STN-04,2026-03-02 07:02,ENG-1119,SUP-102,EMP273,TL-070,A,Valid,Valid
M8203,*************1203,WO11203,Hatch Z,TRIM-1,STN-05,2026-03-02 07:03,ENG-1142,SUP-166,EMP145,TL-022,A,Valid,Valid
M8204,*************1204,WO11204,Hatch Z,PAINT-1,STN-05,2026-03-02 07:05,ENG-1330,SUP-032,EMP386,TL-011,B,Valid,Valid
M8205,*************1205,WO11205,Hatch Z,GA-1,STN-05,2026-03-02 07:06,ENG-1267,SUP-049,EMP343,TL-065,A,Valid,Valid
M8206,*************1206,WO11206,Sedan X,GA-2,STN-01,2026-03-02 07:07,ENG-1140,SUP-053,EMP225,TL-091,,Valid,Valid
M8207,*************1207,WO11207,Sedan X,PAINT-1,STN-04,2026-03-02 07:08,ENG-1301,SUP-012,EMP351,TL-003,C,Valid,Valid
M8208,*************1208,WO11208,SUV Pro,GA-2,STN-04,2026-03-02 07:10,ENG-1012,SUP-136,EMP262,TL-049,C,Valid,Valid
M8209,*************1209,WO11209,Sedan X,GA-1,STN-01,2026-03-02 07:11,ENG-1277,SUP-044,EMP246,TL-019,B,Valid,Valid
M8210,*************1210,WO11210,SUV Pro,GA-1,STN-02,2026-03-02 07:12,ENG-1157,SUP-105,EMP186,TL-008,C,Valid,Valid
M8211,*************1211,WO11211,Sedan X,GA-1,STN-05,2026-03-02 07:13,ENG-1029,SUP-077,EMP299,TL-013,C,Valid,Valid
M8212,*************1212,WO11212,Sedan X,TRIM-1,STN-03,2026-03-02 07:15,ENG-1132,SUP-097,EMP161,TL-007,B,Valid,Valid
M8213,*************1213,WO11213,Sedan X,GA-2,STN-04,2026-03-02 07:16,ENG-1260,SUP-193,EMP358,TL-050,A,Valid,Valid
M8214,*************1214,WO11214,SUV Pro,GA-1,STN-03,2026-03-02 07:17,ENG-1237,SUP-142,EMP308,TL-009,,Valid,Valid
M8215,*************1215,WO11215,Sedan X,TRIM-1,STN-05,2026-03-02 07:18,ENG-1119,SUP-005,EMP237,TL-071,A,Valid,Valid
M8216,*************1216,WO11216,Sedan X,GA-2,STN-03,2026-03-02 07:20,ENG-1290,SUP-105,EMP328,TL-011,B,Valid,Valid
M8217,*************1217,WO11217,Sedan X,PAINT-1,STN-05,2026-03-02 07:21,ENG-1086,SUP-063,EMP375,TL-055,,Valid,Valid
M8218,*************1218,WO11218,Sedan X,GA-1,STN-03,2026-03-02 07:22,ENG-1237,SUP-159,EMP248,TL-084,B,Valid,Valid
M8219,*************1219,WO11219,Sedan X,GA-1,STN-04,2026-03-02 07:23,ENG-1139,SUP-154,EMP228,TL-088,,Valid,Valid
M8220,*************1220,WO11220,SUV Pro,GA-2,STN-05,2026-03-02 07:25,ENG-1430,SUP-131,EMP244,TL-006,B,Valid,Valid
M8221,*************1221,WO11221,Hatch Z,GA-1,STN-03,2026-03-02 07:26,ENG-1045,SUP-102,EMP162,TL-018,C,Valid,Valid
M8222,*************1222,WO11222,SUV Pro,GA-2,STN-05,2026-03-02 07:27,ENG-1258,SUP-082,EMP275,TL-082,C,Valid,Valid
M8223,*************1223,WO11223,Hatch Z,TRIM-1,STN-03,2026-03-02 07:28,ENG-1125,SUP-170,EMP264,TL-044,B,Valid,Valid
M8224,*************1224,WO11224,SUV Pro,PAINT-1,STN-01,2026-03-02 07:30,ENG-1467,SUP-178,EMP168,TL-083,A,Valid,Valid
M8225,*************1225,WO11225,Hatch Z,TRIM-1,STN-01,2026-03-02 07:31,ENG-1461,SUP-003,EMP188,TL-053,,Valid,Valid
M8226,*************1226,WO11226,SUV Pro,GA-1,STN-03,2026-03-02 07:32,ENG-1448,SUP-167,EMP139,TL-069,A,Valid,Valid
M8227,*************1227,WO11227,Hatch Z,TRIM-1,STN-05,2026-03-02 07:33,ENG-1063,SUP-091,EMP292,TL-077,C,Valid,Valid
M8228,*************1228,WO11228,SUV Pro,GA-2,STN-03,2026-03-02 07:35,ENG-1393,SUP-179,EMP104,TL-016,,Valid,Valid
M8229,*************1229,WO11229,SUV Pro,GA-2,STN-04,2026-03-02 07:36,ENG-1004,SUP-057,EMP110,TL-098,C,Valid,Valid
M8230,*************1230,WO11230,Hatch Z,PAINT-1,STN-02,2026-03-02 07:37,ENG-1046,SUP-158,EMP255,TL-092,B,Valid,Valid
M8231,*************1231,WO11231,Sedan X,TRIM-1,STN-03,2026-03-02 07:38,ENG-1018,SUP-072,EMP352,TL-091,B,Valid,Valid
M8232,*************1232,WO11232,Sedan X,GA-2,STN-03,2026-03-02 07:40,ENG-1326,SUP-102,EMP156,TL-036,,Valid,Valid
M8233,*************1233,WO11233,Sedan X,GA-2,STN-05,2026-03-02 07:41,ENG-1378,SUP-145,EMP389,TL-023,A,Valid,Valid
M8234,*************1234,WO11234,Hatch Z,GA-2,STN-05,2026-03-02 07:42,ENG-1033,SUP-033,EMP232,TL-073,B,Valid,Valid
M8235,*************1235,WO11235,Hatch Z,PAINT-1,STN-02,2026-03-02 07:43,ENG-1434,SUP-174,EMP111,TL-089,C,Valid,Valid
M8236,*************1236,WO11236,Hatch Z,TRIM-1,STN-01,2026-03-02 07:45,ENG-1480,SUP-110,EMP126,TL-042,,Valid,Valid
M8237,*************1237,WO11237,SUV Pro,PAINT-1,STN-01,2026-03-02 07:46,ENG-1348,SUP-133,EMP338,TL-064,C,Valid,Valid
M8238,*************1238,WO11238,Hatch Z,GA-1,STN-05,2026-03-02 07:47,ENG-1114,SUP-013,EMP242,TL-054,,Valid,Valid
M8239,*************1239,WO11239,SUV Pro,GA-1,STN-04,2026-03-02 07:48,ENG-1099,SUP-086,EMP141,TL-074,A,Valid,Valid
M8240,*************1240,WO11240,Hatch Z,GA-2,STN-05,2026-03-02 07:50,ENG-1216,SUP-020,EMP227,TL-026,B,Valid,Valid
M8241,*************1241,WO11241,SUV Pro,PAINT-1,STN-01,2026-03-02 07:51,ENG-1320,SUP-161,EMP149,TL-004,,Valid,Valid
M8242,*************1242,WO11242,SUV Pro,GA-1,STN-05,2026-03-02 07:52,ENG-1408,SUP-161,EMP271,TL-033,B,Valid,Valid
M8243,*************1243,WO11243,Sedan X,TRIM-1,STN-02,2026-03-02 07:53,ENG-1490,SUP-088,EMP127,TL-043,B,Valid,Valid
M8244,*************1244,WO11244,Sedan X,TRIM-1,STN-03,2026-03-02 07:55,ENG-1048,SUP-161,EMP328,TL-075,A,Valid,Valid
M8245,*************1245,WO11245,Sedan X,GA-1,STN-01,2026-03-02 07:56,ENG-1193,SUP-081,EMP133,TL-999,B,Valid,Valid
M8246,*************1246,WO11246,Sedan X,TRIM-1,STN-01,2026-03-02 07:57,ENG-1154,SUP-157,EMP321,TL-009,A,Valid,Valid
M8247,*************1247,WO11247,Hatch Z,GA-1,STN-05,2026-03-02 07:58,ENG-1026,SUP-076,EMP295,TL-052,A,Valid,Valid
M8248,*************1248,WO11248,Hatch Z,TRIM-1,STN-02,2026-03-02 08:00,ENG-1442,SUP-154,EMP105,TL-059,,Valid,Valid
M8249,*************1249,WO11249,SUV Pro,TRIM-1,STN-05,2026-03-02 08:01,ENG-1317,SUP-026,EMP273,TL-084,A,Valid,Valid
M8250,*************1250,WO11250,SUV Pro,PAINT-1,STN-05,2026-03-02 08:02,ENG-1098,SUP-028,EMP152,TL-002,A,Valid,Valid
M8251,*************1251,WO11251,Hatch Z,GA-2,STN-05,2026-03-02 08:03,ENG-1064,SUP-164,EMP360,TL-033,C,Valid,Valid
M8252,*************1252,WO11252,SUV Pro,TRIM-1,STN-05,2026-03-02 08:05,ENG-1317,SUP-114,EMP195,TL-032,B,Valid,Valid
M8253,*************1253,WO11253,Sedan X,GA-1,STN-02,2026-03-02 08:06,ENG-1159,SUP-150,EMP323,TL-066,C,Valid,Valid
M8254,*************1254,WO11254,SUV Pro,GA-2,STN-02,2026-03-02 08:07,ENG-1240,SUP-080,EMP275,TL-038,C,Valid,Valid
M8255,*************1255,WO11255,Sedan X,GA-2,STN-01,2026-03-02 08:08,ENG-1121,SUP-130,EMP386,TL-007,,Valid,Valid
M8256,*************1256,WO11256,SUV Pro,GA-2,STN-02,2026-03-02 08:10,ENG-1327,SUP-052,EMP135,TL-044,B,Valid,Valid
M8257,*************1257,WO11257,Hatch Z,TRIM-1,STN-05,2026-03-02 08:11,ENG-1354,SUP-120,EMP269,TL-075,C,Valid,Valid
M8258,*************1258,WO11258,Hatch Z,PAINT-1,STN-04,2026-03-02 08:12,ENG-1168,SUP-042,EMP153,TL-059,A,Valid,Valid
M8259,*************1259,WO11259,SUV Pro,GA-2,STN-01,2026-03-02 08:13,ENG-1327,SUP-058,EMP217,TL-060,B,Valid,Valid
M8260,*************1260,WO11260,Sedan X,TRIM-1,STN-05,2026-03-02 08:15,ENG-1393,SUP-085,EMP292,TL-027,,Valid,Valid
M8261,*************1261,WO11261,Sedan X,GA-1,STN-03,2026-03-02 08:16,ENG-1005,SUP-019,EMP283,TL-004,A,Valid,Valid
M8262,*************1262,WO11262,Sedan X,PAINT-1,STN-04,2026-03-02 08:17,ENG-1099,SUP-162,EMP399,TL-098,C,Valid,Valid
M8263,*************1263,WO11263,Sedan X,GA-1,STN-02,2026-03-02 08:18,ENG-1101,SUP-073,EMP189,TL-029,C,Valid,Valid
M8264,*************1264,WO11264,Hatch Z,GA-2,STN-03,2026-03-02 08:20,ENG-1433,SUP-142,EMP225,TL-023,B,Valid,Valid
M8265,*************1265,WO11265,Sedan X,GA-2,STN-03,2026-03-02 08:21,ENG-1134,SUP-026,EMP110,TL-087,B,Valid,Valid
M8266,*************1266,WO11266,SUV Pro,GA-1,STN-03,2026-03-02 08:59,ENG-1479,SUP-054,EMP256,TL-059,B,Valid,Valid
M8267,*************1267,WO11267,SUV Pro,PAINT-1,STN-05,2026-03-02 08:23,ENG-1087,SUP-135,EMP322,TL-092,A,Valid,Valid
M8268,*************1268,WO11268,Sedan X,GA-2,STN-02,2026-03-02 08:25,ENG-1406,SUP-049,EMP198,TL-069,,Valid,Valid
M8269,*************1269,WO11269,Hatch Z,PAINT-1,STN-03,2026-03-02 08:26,ENG-1306,SUP-110,EMP225,TL-006,B,Valid,Valid
M8270,*************1270,WO11270,Hatch Z,PAINT-1,STN-03,2026-03-02 08:27,ENG-1076,SUP-084,EMP226,TL-007,C,Valid,Valid
M8271,*************1271,WO11271,Sedan X,TRIM-1,STN-02,2026-03-02 08:28,ENG-1372,SUP-021,EMP340,TL-085,A,Valid,Valid
M8272,*************1272,WO11272,Sedan X,TRIM-1,STN-03,2026-03-02 08:30,ENG-1451,SUP-166,EMP360,TL-048,,Valid,Valid
M8273,*************1273,WO11273,Hatch Z,TRIM-1,STN-02,2026-03-02 08:31,ENG-1164,SUP-183,EMP291,TL-068,,Valid,Valid
M8274,*************1274,WO11274,Hatch Z,TRIM-1,STN-04,2026-03-02 08:32,ENG-1137,SUP-149,EMP305,TL-082,A,Valid,Valid
M8275,*************1275,WO11275,Sedan X,GA-2,STN-02,2026-03-02 08:33,ENG-1231,SUP-061,EMP302,TL-028,C,Valid,Valid
M8276,*************1276,WO11276,SUV Pro,TRIM-1,STN-05,2026-03-02 08:35,ENG-1080,SUP-096,EMP230,TL-071,A,Valid,Valid
M8277,*************1277,WO11277,Sedan X,GA-1,STN-03,2026-03-02 08:36,ENG-1227,SUP-133,EMP280,TL-030,A,Valid,Valid
M8278,*************1278,WO11278,SUV Pro,PAINT-1,STN-04,2026-03-02 08:37,ENG-1230,SUP-120,EMP321,TL-053,C,Valid,Valid
M8279,*************1279,WO11279,SUV Pro,PAINT-1,STN-03,2026-03-02 08:38,ENG-1195,SUP-007,EMP191,TL-057,B,Valid,Valid
M8280,*************1280,WO11280,SUV Pro,GA-1,STN-03,2026-03-02 08:40,ENG-1461,SUP-022,EMP250,TL-065,A,Valid,Valid
M8281,*************1281,WO11281,SUV Pro,GA-2,STN-01,2026-03-02 08:41,ENG-1060,SUP-019,EMP284,TL-005,B,Valid,Valid
M8282,*************1282,WO11282,SUV Pro,GA-2,STN-05,2026-03-02 08:42,ENG-1168,SUP-065,EMP254,TL-096,C,Valid,Valid
M8283,*************1283,WO11283,Sedan X,GA-2,STN-03,2026-03-02 08:43,ENG-1385,SUP-184,EMP378,TL-034,A,Valid,Valid
M8284,*************1284,WO11284,SUV Pro,PAINT-1,STN-03,2026-03-02 08:45,ENG-1177,SUP-104,EMP307,TL-075,A,Valid,Valid
M8285,*************1285,WO11285,SUV Pro,GA-2,STN-03,2026-03-02 08:46,ENG-1203,SUP-059,EMP216,TL-093,B,Valid,Valid
M8286,*************1286,WO11286,SUV Pro,GA-2,STN-05,2026-03-02 08:47,ENG-1300,SUP-142,EMP339,TL-093,,Valid,Valid
M8287,*************1287,WO11287,SUV Pro,GA-1,STN-03,2026-03-02 08:48,ENG-1433,SUP-049,EMP319,TL-099,,Valid,Valid
M8288,*************1288,WO11288,Sedan X,TRIM-1,STN-04,2026-03-02 08:50,ENG-1436,SUP-143,EMP115,TL-048,B,Valid,Valid
M8289,*************1289,WO11289,Hatch Z,GA-2,STN-03,2026-03-02 08:51,ENG-1482,SUP-189,EMP104,TL-064,C,Valid,Valid
M8290,*************1290,WO11290,SUV Pro,GA-2,STN-04,2026-03-02 08:52,ENG-1217,SUP-176,EMP306,TL-098,C,Valid,Valid
M8291,*************1291,WO11291,SUV Pro,GA-1,STN-05,2026-03-02 08:53,ENG-1402,SUP-009,EMP171,TL-020,C,Valid,Valid
M8292,*************1292,WO11292,Hatch Z,TRIM-1,STN-04,2026-03-02 08:55,ENG-1104,SUP-101,EMP132,TL-069,,Valid,Valid
M8293,*************1293,WO11293,Sedan X,TRIM-1,STN-01,2026-03-02 08:56,ENG-1168,SUP-146,EMP331,TL-082,C,Valid,Valid
M8294,*************1294,WO11294,Sedan X,GA-2,STN-01,2026-03-02 08:57,ENG-1345,SUP-142,EMP190,TL-005,,Valid,Valid
M8295,*************1295,WO11295,Sedan X,GA-2,STN-02,2026-03-02 08:58,ENG-1035,SUP-099,EMP245,TL-027,B,Valid,Valid
M8296,*************1296,WO11296,SUV Pro,GA-1,STN-04,2026-03-02 09:00,ENG-1029,SUP-095,EMP365,TL-002,B,Valid,Valid
M8297,*************1297,WO11297,SUV Pro,TRIM-1,STN-04,2026-03-02 09:01,ENG-1080,SUP-029,EMP166,TL-069,,Valid,Valid
M8298,*************1298,WO11298,SUV Pro,GA-1,STN-04,2026-03-02 09:02,ENG-1489,SUP-053,EMP166,TL-027,C,Valid,Valid
M8299,*************1299,WO11299,SUV Pro,TRIM-1,STN-02,2026-03-02 09:03,ENG-1309,SUP-148,EMP258,TL-076,B,Valid,Valid
M8300,*************1300,WO11300,Hatch Z,TRIM-1,STN-03,2026-03-02 09:05,ENG-1103,SUP-002,EMP173,TL-058,A,Valid,Valid
M8301,*************1301,WO11301,SUV Pro,GA-2,STN-05,2026-03-02 09:06,ENG-1168,SUP-146,EMP351,TL-059,,Valid,Valid
M8302,*************1302,WO11302,Hatch Z,GA-1,STN-05,2026-03-02 09:07,ENG-1046,SUP-074,EMP333,TL-045,C,Valid,Valid
M8303,*************1303,WO11303,SUV Pro,GA-2,STN-04,2026-03-02 09:08,ENG-1127,SUP-046,EMP321,TL-059,,Valid,Valid
M8304,*************1304,WO11304,Hatch Z,GA-2,STN-05,2026-03-02 09:10,ENG-1291,SUP-025,EMP301,TL-090,A,Valid,Valid
M8305,*************1305,WO11305,Sedan X,GA-2,STN-03,2026-03-02 09:11,ENG-1001,SUP-161,EMP375,TL-038,A,Valid,Valid
M8306,*************1306,WO11306,Hatch Z,GA-2,STN-04,2026-03-02 09:12,ENG-1210,SUP-196,EMP383,TL-016,C,Valid,Valid
M8307,*************1307,WO11307,Sedan X,GA-1,STN-05,2026-03-02 09:13,ENG-1392,SUP-200,EMP266,TL-053,,Valid,Valid
M8308,*************1308,WO11308,Sedan X,PAINT-1,STN-02,2026-03-02 09:15,ENG-1259,SUP-012,EMP336,TL-004,A,Valid,Valid
M8309,*************1309,WO11309,Hatch Z,TRIM-1,STN-04,2026-03-02 09:16,ENG-1175,SUP-191,EMP304,TL-025,,Valid,Valid
M8310,*************1310,WO11310,Sedan X,GA-1,STN-03,2026-03-02 09:17,ENG-1058,SUP-182,EMP169,TL-042,,Valid,Valid
M8311,*************1311,WO11311,SUV Pro,TRIM-1,STN-01,2026-03-02 09:18,ENG-1042,SUP-141,EMP224,TL-092,,Valid,Valid
M8312,*************1312,WO11312,Sedan X,TRIM-1,STN-03,2026-03-02 09:20,ENG-1142,SUP-042,EMP187,TL-003,A,Valid,Valid
M8313,*************1313,WO11313,Sedan X,PAINT-1,STN-01,2026-03-02 09:21,ENG-1273,SUP-190,EMP300,TL-022,A,Valid,Valid
M8314,*************1314,WO11314,Hatch Z,GA-1,STN-05,2026-03-02 09:22,ENG-1139,SUP-040,EMP325,TL-046,B,Valid,Valid
M8315,*************1315,WO11315,Sedan X,GA-1,STN-05,2026-03-02 09:23,ENG-1272,SUP-056,EMP326,TL-090,A,Valid,Valid
M8316,*************1316,WO11316,Hatch Z,GA-1,STN-04,2026-03-02 09:25,ENG-1353,SUP-079,EMP327,TL-007,A,Valid,Valid
M8317,*************1317,WO11317,Sedan X,TRIM-1,STN-03,2026-03-02 09:26,ENG-1103,SUP-064,EMP291,TL-031,B,Valid,Valid
M8318,*************1318,WO11318,Sedan X,GA-1,STN-04,2026-03-02 09:27,ENG-1014,SUP-004,EMP272,TL-025,A,Valid,Valid
M8319,*************1319,WO11319,Sedan X,GA-1,STN-03,2026-03-02 09:28,ENG-1427,SUP-171,EMP185,TL-093,B,Valid,Valid
M8320,*************1320,WO11320,Sedan X,TRIM-1,STN-05,2026-03-02 09:30,ENG-1055,SUP-084,EMP265,TL-072,B,Valid,Valid
M8321,*************1321,WO11321,Hatch Z,GA-2,STN-05,2026-03-02 09:31,ENG-1202,SUP-110,EMP161,TL-030,B,Valid,Valid
M8322,*************1322,WO11322,Sedan X,PAINT-1,STN-03,2026-03-02 09:32,ENG-1088,SUP-004,EMP305,TL-084,C,Valid,Valid
M8323,*************1323,WO11323,Sedan X,TRIM-1,STN-02,2026-03-02 09:33,ENG-1234,SUP-057,EMP133,TL-085,C,Valid,Valid
M8324,*************1324,WO11324,Hatch Z,PAINT-1,STN-01,2026-03-02 09:35,ENG-1034,SUP-056,EMP310,TL-039,,Valid,Valid
M8325,*************1325,WO11325,Sedan X,GA-2,STN-03,2026-03-02 09:36,ENG-1491,SUP-025,EMP266,TL-081,,Valid,Valid
M8326,*************1326,WO11326,Hatch Z,GA-2,STN-03,2026-03-02 09:37,ENG-1089,SUP-163,EMP262,TL-086,,Valid,Valid
M8327,*************1327,WO11327,Sedan X,PAINT-1,STN-01,2026-03-02 09:38,ENG-1311,SUP-150,EMP329,TL-049,B,Valid,Valid
M8328,*************1328,WO11328,Hatch Z,GA-1,STN-02,2026-03-02 09:40,ENG-1010,SUP-158,EMP163,TL-040,B,Valid,Valid
M8329,*************1329,WO11329,Hatch Z,TRIM-1,STN-03,2026-03-02 09:41,ENG-1124,SUP-159,EMP140,TL-008,B,Valid,Valid
M8330,*************1330,WO11330,SUV Pro,TRIM-1,STN-03,2026-03-02 09:42,ENG-1103,SUP-039,EMP292,TL-027,A,Valid,Valid
M8331,*************1331,WO11331,Sedan X,TRIM-1,STN-05,2026-03-02 09:43,ENG-1449,SUP-085,EMP168,TL-036,C,Valid,Valid
M8332,,WO11332,Hatch Z,GA-1,STN-05,2026-03-02 09:45,ENG-1405,,EMP312,TL-083,C,Valid,Invalid
M8333,*************1333,WO11333,Sedan X,GA-2,STN-03,2026-03-02 09:46,ENG-1375,SUP-085,EMP275,TL-032,B,Valid,Valid
M8334,*************1334,WO11334,Hatch Z,GA-1,STN-05,2026-03-02 09:47,ENG-1127,SUP-176,EMP213,TL-078,,Valid,Valid
M8335,*************1335,WO11335,Hatch Z,PAINT-1,STN-02,2026-03-02 09:48,ENG-1226,SUP-162,EMP103,TL-009,,Valid,Valid
M8336,*************1336,WO11336,Sedan X,GA-2,STN-01,2026-03-02 09:50,ENG-1324,SUP-037,EMP204,TL-017,A,Valid,Valid
M8337,*************1337,WO11337,Sedan X,GA-2,STN-02,2026-03-02 09:51,ENG-1259,SUP-021,EMP318,TL-093,,Valid,Valid
M8338,*************1338,WO11338,SUV Pro,GA-2,STN-05,2026-03-02 09:52,ENG-1101,SUP-063,EMP317,TL-023,B,Valid,Valid
M8339,*************1339,WO11339,SUV Pro,PAINT-1,STN-05,2026-03-02 09:53,ENG-1229,SUP-163,EMP203,TL-035,,Valid,Valid
M8340,*************1340,WO11340,Sedan X,PAINT-1,STN-04,2026-03-02 09:55,ENG-1193,SUP-043,EMP341,TL-057,,Valid,Valid
M8341,*************1341,WO11341,Hatch Z,TRIM-1,STN-03,2026-03-02 09:56,ENG-1079,SUP-124,EMP110,TL-098,,Valid,Valid
M8342,*************1342,WO11342,SUV Pro,GA-1,STN-03,2026-03-02 09:57,ENG-1464,SUP-077,EMP375,TL-020,B,Valid,Valid
M8343,*************1343,WO11343,SUV Pro,TRIM-1,STN-04,2026-03-02 09:58,ENG-1156,SUP-117,EMP245,TL-049,,Valid,Valid
M8344,*************1344,WO11344,Sedan X,PAINT-1,STN-02,2026-03-02 10:00,ENG-1366,SUP-121,EMP200,TL-020,B,Valid,Valid
M8345,*************1345,WO11345,Sedan X,GA-1,STN-03,2026-03-02 10:01,ENG-1256,SUP-187,EMP291,TL-063,,Valid,Valid
M8346,*************1346,WO11346,SUV Pro,TRIM-1,STN-05,2026-03-02 10:02,ENG-1191,SUP-099,EMP350,TL-040,A,Valid,Valid
M8347,*************1347,WO11347,SUV Pro,GA-1,STN-01,2026-03-02 10:03,ENG-1197,SUP-145,EMP183,TL-025,,Valid,Valid
M8348,*************1348,WO11348,SUV Pro,PAINT-1,STN-05,2026-03-02 10:05,ENG-1363,SUP-126,EMP288,TL-090,A,Valid,Valid
M8349,*************1349,WO11349,Hatch Z,TRIM-1,STN-04,2026-03-02 10:06,ENG-1376,SUP-064,EMP224,TL-062,A,Valid,Valid
M8350,*************1350,WO11350,SUV Pro,GA-1,STN-05,2026-03-02 10:07,ENG-1340,SUP-166,EMP175,TL-034,,Valid,Valid
M8351,*************1351,WO11351,Hatch Z,GA-2,STN-03,2026-03-02 10:08,ENG-1126,SUP-155,EMP396,TL-085,B,Valid,Valid
M8352,*************1352,WO11352,Sedan X,GA-1,STN-03,2026-03-02 10:10,ENG-1047,SUP-165,EMP296,TL-051,A,Valid,Valid
M8353,*************1353,WO11353,Hatch Z,GA-2,STN-04,2026-03-02 10:11,ENG-1084,SUP-110,EMP229,TL-089,C,Valid,Valid
M8354,*************1354,WO11354,Hatch Z,TRIM-1,STN-05,2026-03-02 10:12,ENG-1157,SUP-188,EMP310,TL-097,A,Valid,Valid
M8355,*************1355,WO11355,Sedan X,PAINT-1,STN-03,2026-03-02 10:13,ENG-1073,SUP-069,EMP207,TL-096,,Valid,Valid
M8356,*************1356,WO11356,Hatch Z,PAINT-1,STN-01,2026-03-02 10:15,ENG-1086,SUP-126,EMP100,TL-013,A,Valid,Valid
M8357,*************1357,WO11357,Hatch Z,TRIM-1,STN-05,2026-03-02 10:16,ENG-1213,SUP-168,EMP247,TL-094,,Valid,Valid
M8358,*************1358,WO11358,Sedan X,GA-2,STN-03,2026-03-02 10:17,ENG-1095,SUP-181,EMP168,TL-026,,Valid,Valid
M8359,*************1359,WO11359,Sedan X,GA-1,STN-04,2026-03-02 10:18,ENG-1290,SUP-055,EMP195,TL-026,A,Valid,Valid
M8360,*************1360,WO11360,Hatch Z,GA-2,STN-03,2026-03-02 10:20,ENG-1388,SUP-050,EMP232,TL-053,,Valid,Valid
M8361,*************1361,WO11361,Hatch Z,GA-1,STN-03,2026-03-02 10:21,ENG-1325,SUP-043,EMP140,TL-038,A,Valid,Valid
M8362,*************1362,WO11362,SUV Pro,GA-1,STN-03,2026-03-02 10:22,ENG-1032,SUP-088,EMP115,TL-075,B,Valid,Valid
M8363,*************1363,WO11363,SUV Pro,TRIM-1,STN-05,2026-03-02 10:23,ENG-1389,SUP-026,EMP104,TL-008,C,Valid,Valid
M8364,*************1364,WO11364,Sedan X,GA-1,STN-01,2026-03-02 10:25,ENG-1108,SUP-134,EMP103,TL-049,C,Valid,Valid
M8365,*************1365,WO11365,SUV Pro,TRIM-1,STN-03,2026-03-02 10:26,ENG-1172,SUP-155,EMP319,TL-044,C,Valid,Valid
M8366,*************1366,WO11366,Hatch Z,PAINT-1,STN-03,2026-03-02 10:27,ENG-1418,SUP-062,EMP284,TL-086,,Valid,Valid
M8367,*************1367,WO11367,SUV Pro,GA-1,STN-03,2026-03-02 10:28,ENG-1447,SUP-085,EMP151,TL-001,,Valid,Valid
M8368,*************1368,WO11368,Hatch Z,TRIM-1,STN-05,2026-03-02 10:30,ENG-1427,SUP-036,EMP113,TL-078,A,Valid,Valid
M8369,*************1369,WO11369,Hatch Z,PAINT-1,STN-05,2026-03-02 10:31,ENG-1384,SUP-064,EMP288,TL-058,,Valid,Valid
M8370,*************1370,WO11370,Hatch Z,TRIM-1,STN-05,2026-03-02 10:32,ENG-1096,SUP-001,EMP264,TL-003,C,Valid,Valid
M8371,*************1371,WO11371,Sedan X,PAINT-1,STN-05,2026-03-02 10:33,ENG-1227,SUP-060,EMP348,TL-052,A,Valid,Valid
M8372,*************1372,WO11372,SUV Pro,TRIM-1,STN-04,2026-03-02 10:35,ENG-1337,SUP-180,EMP151,TL-094,,Valid,Valid
M8373,*************1373,WO11373,SUV Pro,GA-2,STN-05,2026-03-02 10:36,ENG-1073,SUP-134,EMP392,TL-999,A,Valid,Valid
M8374,*************1374,WO11374,Sedan X,TRIM-1,STN-03,2026-03-02 10:37,ENG-1044,SUP-078,EMP380,TL-060,B,Valid,Valid
M8375,*************1375,WO11375,SUV Pro,GA-1,STN-04,2026-03-02 10:38,ENG-1339,SUP-139,EMP223,TL-032,B,Valid,Valid
M8376,*************1376,WO11376,Sedan X,GA-1,STN-01,2026-03-02 10:40,ENG-1222,SUP-184,EMP114,TL-021,C,Valid,Valid
M8377,*************1377,WO11377,SUV Pro,PAINT-1,STN-02,2026-03-02 10:41,ENG-1368,SUP-066,EMP343,TL-086,A,Valid,Valid
M8378,*************1378,WO11378,Hatch Z,GA-2,STN-05,2026-03-02 10:42,ENG-1324,SUP-186,EMP351,TL-012,C,Valid,Valid
M8379,*************1379,WO11379,Sedan X,GA-1,STN-05,2026-03-02 10:43,ENG-1175,SUP-097,EMP295,TL-084,,Valid,Valid
M8380,*************1380,WO11380,Sedan X,GA-2,STN-03,2026-03-02 10:45,ENG-1059,SUP-075,EMP144,TL-015,A,Valid,Valid
M8381,*************1381,WO11381,SUV Pro,GA-2,STN-05,2026-03-02 10:46,ENG-1482,SUP-030,EMP393,TL-048,B,Valid,Valid
M8382,*************1382,WO11382,SUV Pro,TRIM-1,STN-05,2026-03-02 10:47,ENG-1377,SUP-001,EMP259,TL-008,B,Valid,Valid
M8383,*************1383,WO11383,SUV Pro,TRIM-1,STN-03,2026-03-02 10:48,ENG-1394,SUP-094,EMP164,TL-067,B,Valid,Valid
M8384,*************1384,WO11384,Sedan X,TRIM-1,STN-01,2026-03-02 10:50,ENG-1275,SUP-118,EMP261,TL-019,C,Valid,Valid
M8385,*************1385,WO11385,Sedan X,TRIM-1,STN-05,2026-03-02 10:51,ENG-1233,SUP-038,EMP245,TL-019,A,Valid,Valid
M8386,*************1386,WO11386,Hatch Z,PAINT-1,STN-03,2026-03-02 10:52,ENG-1257,SUP-177,EMP163,TL-036,,Valid,Valid
M8387,*************1387,WO11387,Hatch Z,GA-2,STN-04,2026-03-02 10:53,ENG-1149,SUP-181,EMP292,TL-008,C,Valid,Valid
M8388,*************1388,WO11388,Sedan X,GA-2,STN-03,2026-03-02 10:55,ENG-1375,SUP-058,EMP126,TL-100,B,Valid,Valid
M8389,*************1389,WO11389,SUV Pro,TRIM-1,STN-03,2026-03-02 10:56,ENG-1417,SUP-169,EMP181,TL-003,,Valid,Valid
M8390,*************1390,WO11390,SUV Pro,TRIM-1,STN-05,2026-03-02 10:57,ENG-1242,SUP-090,EMP300,TL-051,A,Valid,Valid
M8391,*************1391,WO11391,Hatch Z,PAINT-1,STN-03,2026-03-02 10:58,ENG-1356,SUP-050,EMP380,TL-051,A,Valid,Valid
M8392,*************1392,WO11392,Sedan X,PAINT-1,STN-03,2026-03-02 11:00,ENG-1405,SUP-149,EMP127,TL-091,C,Valid,Valid
M8393,*************1393,WO11393,SUV Pro,GA-2,STN-05,2026-03-02 11:01,ENG-1070,SUP-114,EMP347,TL-038,B,Valid,Valid
M8394,*************1394,WO11394,Sedan X,GA-2,STN-03,2026-03-02 11:02,ENG-1383,SUP-051,EMP104,TL-047,A,Valid,Valid
M8395,*************1395,WO11395,Hatch Z,GA-2,STN-04,2026-03-02 11:03,ENG-1486,SUP-110,EMP186,TL-008,A,Valid,Valid
M8396,*************1396,WO11396,SUV Pro,TRIM-1,STN-02,2026-03-02 11:05,ENG-1483,SUP-014,EMP160,TL-066,C,Valid,Valid
M8397,*************1397,WO11397,Hatch Z,TRIM-1,STN-02,2026-03-02 11:06,ENG-1321,SUP-185,EMP306,TL-032,A,Valid,Valid
M8398,*************1398,WO11398,Sedan X,GA-2,STN-04,2026-03-02 11:07,ENG-1250,SUP-078,EMP188,TL-084,,Valid,Valid
M8399,*************1399,WO11399,Hatch Z,GA-1,STN-03,2026-03-02 11:08,ENG-1237,SUP-167,EMP295,TL-036,,Valid,Valid
M8400,*************1400,WO11400,SUV Pro,GA-1,STN-01,2026-03-02 11:10,ENG-1059,SUP-022,EMP162,TL-063,B,Valid,Valid
M8401,*************1401,WO11401,Sedan X,TRIM-1,STN-03,2026-03-02 11:11,ENG-1355,SUP-191,EMP148,TL-076,B,Valid,Valid
M8402,*************1402,WO11402,SUV Pro,TRIM-1,STN-05,2026-03-02 11:12,ENG-1359,SUP-112,EMP252,TL-074,B,Valid,Valid
M8403,*************1403,WO11403,Sedan X,PAINT-1,STN-01,2026-03-02 11:13,ENG-1365,SUP-138,EMP194,TL-052,A,Valid,Valid
M8404,*************1404,WO11404,SUV Pro,TRIM-1,STN-01,2026-03-02 11:15,ENG-1265,SUP-150,EMP375,TL-092,A,Valid,Valid
M8405,*************1405,WO11405,Sedan X,GA-1,STN-02,2026-03-02 11:16,ENG-1441,SUP-154,EMP192,TL-001,,Valid,Valid
M8406,*************1406,WO11406,SUV Pro,GA-1,STN-01,2026-03-02 11:17,ENG-1065,SUP-148,EMP205,TL-084,B,Valid,Valid
M8407,*************1407,WO11407,Sedan X,PAINT-1,STN-03,2026-03-02 11:18,ENG-1385,SUP-009,EMP143,TL-016,C,Valid,Valid
M8408,*************1408,WO11408,SUV Pro,GA-2,STN-04,2026-03-02 11:20,ENG-1483,SUP-169,EMP100,TL-032,C,Valid,Valid
M8409,*************1409,WO11409,Sedan X,PAINT-1,STN-05,2026-03-02 11:21,ENG-1273,SUP-114,EMP171,TL-074,,Valid,Valid
M8410,*************1410,WO11410,Hatch Z,PAINT-1,STN-05,2026-03-02 11:22,ENG-1466,SUP-091,EMP375,TL-066,B,Valid,Valid
M8411,*************1411,WO11411,Hatch Z,GA-1,STN-05,2026-03-02 11:23,ENG-1419,SUP-012,EMP221,TL-005,B,Valid,Valid
M8412,*************1412,WO11412,Sedan X,PAINT-1,STN-03,2026-03-02 11:25,ENG-1426,SUP-056,EMP168,TL-078,B,Valid,Valid
M8413,*************1413,WO11413,Hatch Z,PAINT-1,STN-03,2026-03-02 11:26,ENG-1065,SUP-187,EMP316,TL-010,C,Valid,Valid
M8414,*************1414,WO11414,SUV Pro,TRIM-1,STN-05,2026-03-02 11:27,ENG-1462,SUP-042,EMP304,TL-059,A,Valid,Valid
M8415,*************1415,WO11415,SUV Pro,TRIM-1,STN-05,2026-03-02 11:28,ENG-1073,SUP-138,EMP204,TL-010,C,Valid,Valid
M8416,*************1416,WO11416,Hatch Z,GA-2,STN-05,2026-03-02 11:30,ENG-1190,SUP-145,EMP361,TL-078,B,Valid,Valid
M8417,*************1417,WO11417,SUV Pro,GA-2,STN-03,2026-03-02 11:31,ENG-1403,SUP-112,EMP294,TL-004,B,Valid,Valid
M8418,*************1418,WO11418,Sedan X,PAINT-1,STN-01,2026-03-02 11:32,ENG-1272,SUP-029,EMP380,TL-053,A,Valid,Valid
M8419,*************1419,WO11419,SUV Pro,GA-1,STN-03,2026-03-02 11:33,ENG-1465,SUP-086,EMP239,TL-019,B,Valid,Valid
M8420,*************1420,WO11420,SUV Pro,GA-1,STN-01,2026-03-02 11:35,ENG-1193,SUP-057,EMP293,TL-014,A,Valid,Valid
M8421,*************1421,WO11421,Sedan X,PAINT-1,STN-05,2026-03-02 11:36,ENG-1420,SUP-126,EMP148,TL-068,C,Valid,Valid
M8422,*************1422,WO11422,Hatch Z,PAINT-1,STN-05,2026-03-02 11:37,ENG-1138,SUP-156,EMP150,TL-007,B,Valid,Valid
M8423,*************1423,WO11423,SUV Pro,TRIM-1,STN-02,2026-03-02 11:38,ENG-1176,SUP-190,EMP372,TL-071,,Valid,Valid
M8424,*************1424,WO11424,SUV Pro,GA-2,STN-03,2026-03-02 11:40,ENG-1004,SUP-176,EMP362,TL-092,B,Valid,Valid
M8425,*************1425,WO11425,Hatch Z,GA-2,STN-02,2026-03-02 11:41,ENG-1193,SUP-146,EMP236,TL-007,C,Valid,Valid
M8426,*************1426,WO11426,Hatch Z,GA-2,STN-05,2026-03-02 11:42,ENG-1311,SUP-108,EMP334,TL-024,,Valid,Valid
M8427,*************1427,WO11427,SUV Pro,TRIM-1,STN-05,2026-03-02 11:43,ENG-1146,SUP-071,EMP319,TL-067,B,Valid,Valid
M8428,*************1428,WO11428,SUV Pro,GA-1,STN-03,2026-03-02 11:45,ENG-1208,SUP-198,EMP260,TL-012,A,Valid,Valid
M8429,*************1429,WO11429,Sedan X,GA-2,STN-01,2026-03-02 11:46,ENG-1084,SUP-148,EMP129,TL-011,C,Valid,Valid
M8430,*************1430,WO11430,Hatch Z,TRIM-1,STN-03,2026-03-02 11:47,ENG-1447,SUP-003,EMP317,TL-087,B,Valid,Valid
M8431,*************1431,WO11431,SUV Pro,TRIM-1,STN-05,2026-03-02 11:48,ENG-1350,SUP-174,EMP372,TL-090,A,Valid,Valid
M8432,*************1432,WO11432,SUV Pro,GA-1,STN-05,2026-03-02 11:50,ENG-1097,SUP-191,EMP103,TL-092,,Valid,Valid
M8433,*************1433,WO11433,Hatch Z,PAINT-1,STN-02,2026-03-02 11:51,ENG-1378,SUP-170,EMP370,TL-088,A,Valid,Valid
M8434,*************1434,WO11434,Hatch Z,TRIM-1,STN-02,2026-03-02 11:52,ENG-1345,SUP-196,EMP368,TL-029,B,Valid,Valid
M8435,*************1435,WO11435,Sedan X,PAINT-1,STN-03,2026-03-02 11:53,ENG-1068,SUP-132,EMP280,TL-007,,Valid,Valid
M8436,*************1436,WO11436,SUV Pro,TRIM-1,STN-02,2026-03-02 11:55,ENG-1191,SUP-029,EMP273,TL-087,B,Valid,Valid
M8437,*************1437,WO11437,Hatch Z,GA-1,STN-03,2026-03-02 11:56,ENG-1153,SUP-124,EMP250,TL-034,B,Valid,Valid
M8438,*************1438,WO11438,Sedan X,TRIM-1,STN-02,2026-03-02 11:57,ENG-1472,SUP-079,EMP363,TL-005,,Valid,Valid
M8439,*************1439,WO11439,Hatch Z,TRIM-1,STN-01,2026-03-02 11:58,ENG-1182,SUP-002,EMP335,TL-043,C,Valid,Valid
M8440,*************1440,WO11440,SUV Pro,GA-1,STN-01,2026-03-02 12:00,ENG-1179,SUP-185,EMP195,TL-052,C,Valid,Valid
M8441,*************1441,WO11441,Sedan X,GA-1,STN-04,2026-03-02 12:01,ENG-1251,SUP-051,EMP143,TL-068,B,Valid,Valid
M8442,*************1442,WO11442,SUV Pro,GA-1,STN-04,2026-03-02 12:02,ENG-1003,SUP-040,EMP228,TL-029,,Valid,Valid
M8443,*************1443,WO11443,SUV Pro,PAINT-1,STN-03,2026-03-02 12:03,ENG-1186,SUP-110,EMP193,TL-069,C,Valid,Valid
M8444,*************1444,WO11444,Sedan X,TRIM-1,STN-05,2026-03-02 12:05,ENG-1429,SUP-113,EMP182,TL-018,C,Valid,Valid
M8445,*************1445,WO11445,Hatch Z,TRIM-1,STN-01,2026-03-02 12:06,ENG-1183,SUP-182,EMP201,TL-015,B,Valid,Valid
M8446,*************1446,WO11446,SUV Pro,GA-1,STN-02,2026-03-02 12:07,ENG-1202,SUP-108,EMP269,TL-005,B,Valid,Valid
M8447,*************1447,WO11447,Hatch Z,GA-2,STN-04,2026-03-02 12:08,ENG-1491,SUP-171,EMP236,TL-016,,Valid,Valid
M8448,*************1448,WO11448,SUV Pro,TRIM-1,STN-03,2026-03-02 12:10,ENG-1349,SUP-183,EMP165,TL-042,,Valid,Valid
M8449,*************1449,WO11449,Hatch Z,TRIM-1,STN-02,2026-03-02 12:11,ENG-1056,SUP-028,EMP110,TL-017,B,Valid,Valid
M8450,*************1450,WO11450,SUV Pro,GA-1,STN-03,2026-03-02 12:12,ENG-1001,SUP-176,EMP221,TL-007,C,Valid,Valid
M8451,*************1451,WO11451,SUV Pro,GA-1,STN-04,2026-03-02 12:13,ENG-1245,SUP-075,EMP244,TL-063,A,Valid,Valid
M8452,*************1452,WO11452,SUV Pro,GA-2,STN-05,2026-03-02 12:15,ENG-1078,SUP-187,EMP361,TL-024,B,Valid,Valid
M8453,*************1453,WO11453,SUV Pro,GA-1,STN-03,2026-03-02 12:16,ENG-1134,SUP-180,EMP226,TL-086,,Valid,Valid
M8454,*************1454,WO11454,Sedan X,TRIM-1,STN-05,2026-03-02 12:17,ENG-1400,SUP-027,EMP357,TL-079,B,Valid,Valid
M8455,*************1455,WO11455,Sedan X,GA-2,STN-02,2026-03-02 12:18,ENG-1061,SUP-034,EMP305,TL-005,C,Valid,Valid
M8456,*************1456,WO11456,Sedan X,GA-2,STN-04,2026-03-02 12:20,ENG-1009,SUP-158,EMP202,TL-012,A,Valid,Valid
M8457,*************1457,WO11457,SUV Pro,TRIM-1,STN-05,2026-03-02 12:21,ENG-1156,SUP-180,EMP218,TL-029,C,Valid,Valid
M8458,*************1458,WO11458,SUV Pro,TRIM-1,STN-01,2026-03-02 12:22,ENG-1261,SUP-110,EMP126,TL-039,A,Valid,Valid
M8459,*************1459,WO11459,SUV Pro,PAINT-1,STN-03,2026-03-02 12:23,ENG-1482,SUP-090,EMP314,TL-032,C,Valid,Valid
M8460,*************1460,WO11460,Sedan X,GA-2,STN-01,2026-03-02 12:25,ENG-1000,SUP-014,EMP264,TL-028,C,Valid,Valid
M8461,*************1461,WO11461,SUV Pro,PAINT-1,STN-05,2026-03-02 12:26,ENG-1051,SUP-111,EMP194,TL-033,,Valid,Valid
M8462,*************1462,WO11462,SUV Pro,PAINT-1,STN-03,2026-03-02 12:27,ENG-1057,SUP-025,EMP106,TL-088,B,Valid,Valid
M8463,*************1463,WO11463,SUV Pro,PAINT-1,STN-05,2026-03-02 12:28,ENG-1414,SUP-093,EMP370,TL-078,C,Valid,Valid
M8464,*************1464,WO11464,Sedan X,PAINT-1,STN-02,2026-03-02 12:30,ENG-1299,SUP-099,EMP144,TL-014,B,Valid,Valid
M8465,*************1465,WO11465,Hatch Z,GA-1,STN-01,2026-03-02 12:31,ENG-1300,SUP-168,EMP197,TL-025,,Valid,Valid
M8466,*************1466,WO11466,Sedan X,GA-1,STN-05,2026-03-02 12:32,ENG-1316,SUP-088,EMP254,TL-093,,Valid,Valid
M8467,*************1467,WO11467,Sedan X,GA-2,STN-01,2026-03-02 12:33,ENG-1065,SUP-050,EMP314,TL-071,C,Valid,Valid
M8468,*************1468,WO11468,Hatch Z,PAINT-1,STN-03,2026-03-02 12:35,ENG-1229,SUP-162,EMP160,TL-056,A,Valid,Valid
M8469,*************1469,WO11469,SUV Pro,TRIM-1,STN-05,2026-03-02 12:36,ENG-1476,SUP-129,EMP111,TL-022,C,Valid,Valid
M8470,*************1470,WO11470,Hatch Z,GA-2,STN-03,2026-03-02 12:37,ENG-1023,SUP-145,EMP131,TL-089,B,Valid,Valid
M8471,*************1471,WO11471,Hatch Z,TRIM-1,STN-04,2026-03-02 12:38,ENG-1350,SUP-137,EMP362,TL-010,B,Valid,Valid
M8472,*************1472,WO11472,SUV Pro,TRIM-1,STN-05,2026-03-02 12:40,ENG-1399,SUP-100,EMP305,TL-078,C,Valid,Valid
M8473,*************1473,WO11473,Sedan X,GA-2,STN-01,2026-03-02 12:41,ENG-1081,SUP-147,EMP211,TL-076,A,Valid,Valid
M8474,*************1474,WO11474,Hatch Z,TRIM-1,STN-05,2026-03-02 12:42,ENG-1362,SUP-185,EMP368,TL-034,C,Valid,Valid
M8475,*************1475,WO11475,Sedan X,PAINT-1,STN-05,2026-03-02 12:43,ENG-1137,SUP-142,EMP160,TL-022,B,Valid,Valid
M8476,*************1476,WO11476,Sedan X,GA-2,STN-03,2026-03-02 12:45,ENG-1020,SUP-164,EMP175,TL-036,B,Valid,Valid
M8477,*************1477,WO11477,SUV Pro,GA-1,STN-05,2026-03-02 12:59,ENG-1127,SUP-054,EMP373,TL-015,A,Valid,Valid
M8478,*************1478,WO11478,Hatch Z,PAINT-1,STN-05,2026-03-02 12:47,ENG-1309,SUP-095,EMP266,TL-011,C,Valid,Valid
M8479,*************1479,WO11479,Hatch Z,GA-2,STN-04,2026-03-02 12:48,ENG-1459,SUP-157,EMP250,TL-042,A,Valid,Valid
M8480,*************1480,WO11480,Hatch Z,GA-1,STN-03,2026-03-02 12:50,ENG-1182,SUP-057,EMP243,TL-023,C,Valid,Valid
M8481,*************1481,WO11481,Sedan X,GA-1,STN-05,2026-03-02 12:51,ENG-1381,SUP-177,EMP295,TL-084,C,Valid,Valid
M8482,*************1482,WO11482,Hatch Z,GA-2,STN-03,2026-03-02 12:52,ENG-1226,SUP-057,EMP266,TL-035,B,Valid,Valid
M8483,*************1483,WO11483,Hatch Z,TRIM-1,STN-02,2026-03-02 12:53,ENG-1228,SUP-060,EMP322,TL-048,B,Valid,Valid
M8484,*************1484,WO11484,SUV Pro,GA-1,STN-04,2026-03-02 12:55,ENG-1092,SUP-118,EMP194,TL-023,B,Valid,Valid
M8485,*************1485,WO11485,Hatch Z,TRIM-1,STN-05,2026-03-02 12:56,ENG-1092,SUP-166,EMP244,TL-003,C,Valid,Valid
M8486,*************1486,WO11486,Sedan X,GA-2,STN-03,2026-03-02 12:57,ENG-1201,SUP-176,EMP196,TL-009,B,Valid,Valid
M8487,*************1487,WO11487,Sedan X,TRIM-1,STN-02,2026-03-02 12:58,ENG-1232,SUP-166,EMP306,TL-013,B,Valid,Valid
M8488,*************1488,WO11488,Hatch Z,GA-1,STN-05,2026-03-02 13:00,ENG-1051,SUP-097,EMP296,TL-003,A,Valid,Valid
M8489,*************1489,WO11489,Sedan X,GA-1,STN-02,2026-03-02 13:01,ENG-1127,SUP-198,EMP142,TL-035,B,Valid,Valid
M8490,*************1490,WO11490,Hatch Z,GA-1,STN-03,2026-03-02 13:02,ENG-1494,SUP-003,EMP154,TL-070,C,Valid,Valid
M8491,*************1491,WO11491,Hatch Z,GA-1,STN-02,2026-03-02 13:03,ENG-1071,SUP-123,EMP388,TL-057,B,Valid,Valid
M8492,*************1492,WO11492,SUV Pro,PAINT-1,STN-04,2026-03-02 13:05,ENG-1079,SUP-063,EMP128,TL-070,C,Valid,Valid
M8493,*************1493,WO11493,Hatch Z,GA-1,STN-01,2026-03-02 13:06,ENG-1422,SUP-012,EMP152,TL-070,C,Valid,Valid
M8494,*************1494,WO11494,Sedan X,TRIM-1,STN-02,2026-03-02 13:07,ENG-1000,SUP-058,EMP112,TL-030,,Valid,Valid
M8495,*************1495,WO11495,SUV Pro,GA-2,STN-03,2026-03-02 13:08,ENG-1335,SUP-074,EMP215,TL-088,,Valid,Valid
M8496,*************1496,WO11496,Hatch Z,GA-1,STN-04,2026-03-02 13:10,ENG-1086,SUP-029,EMP214,TL-014,C,Valid,Valid
M8497,*************1497,WO11497,SUV Pro,GA-1,STN-05,2026-03-02 13:11,ENG-1170,SUP-031,EMP284,TL-011,A,Valid,Valid
M8498,*************1498,WO11498,Hatch Z,GA-2,STN-02,2026-03-02 13:12,ENG-1219,SUP-136,EMP271,TL-077,B,Valid,Valid
M8499,*************1499,WO11499,Hatch Z,TRIM-1,STN-02,2026-03-02 13:13,ENG-1457,SUP-171,EMP254,TL-080,C,Valid,Valid
M8500,*************1500,WO11500,SUV Pro,GA-1,STN-03,2026-03-02 13:15,ENG-1469,SUP-128,EMP288,TL-034,A,Valid,Valid
M8501,*************1501,WO11501,Sedan X,GA-2,STN-03,2026-03-02 13:16,ENG-1335,SUP-038,EMP263,TL-019,,Valid,Valid
M8502,*************1502,WO11502,SUV Pro,TRIM-1,STN-03,2026-03-02 13:17,ENG-1034,SUP-029,EMP395,TL-055,C,Valid,Valid
M8503,*************1503,WO11503,Sedan X,GA-1,STN-03,2026-03-02 13:18,ENG-1065,SUP-047,EMP297,TL-046,C,Valid,Valid
M8504,*************1504,WO11504,SUV Pro,TRIM-1,STN-04,2026-03-02 13:20,ENG-1355,SUP-106,EMP270,TL-018,B,Valid,Valid
M8505,*************1505,WO11505,SUV Pro,TRIM-1,STN-05,2026-03-02 13:21,ENG-1254,SUP-138,EMP373,TL-064,B,Valid,Valid
M8506,*************1506,WO11506,SUV Pro,GA-1,STN-05,2026-03-02 13:22,ENG-1366,SUP-108,EMP369,TL-074,B,Valid,Valid
M8507,*************1507,WO11507,Hatch Z,GA-1,STN-02,2026-03-02 13:23,ENG-1185,SUP-001,EMP204,TL-003,C,Valid,Valid
M8508,*************1508,WO11508,Hatch Z,TRIM-1,STN-02,2026-03-02 13:25,ENG-1471,SUP-029,EMP130,TL-045,C,Valid,Valid
M8509,*************1509,WO11509,Sedan X,PAINT-1,STN-04,2026-03-02 13:26,ENG-1073,SUP-142,EMP315,TL-032,B,Valid,Valid
M8510,*************1510,WO11510,Sedan X,GA-1,STN-05,2026-03-02 13:27,ENG-1070,SUP-031,EMP173,TL-049,A,Valid,Valid
M8511,*************1511,WO11511,Hatch Z,TRIM-1,STN-03,2026-03-02 13:28,ENG-1027,SUP-180,EMP154,TL-085,A,Valid,Valid
M8512,*************1512,WO11512,SUV Pro,GA-2,STN-01,2026-03-02 13:30,ENG-1075,SUP-094,EMP172,TL-011,B,Valid,Valid
M8513,*************1513,WO11513,Sedan X,GA-1,STN-05,2026-03-02 13:31,ENG-1425,SUP-107,EMP176,TL-098,B,Valid,Valid
M8514,*************1514,WO11514,SUV Pro,GA-2,STN-05,2026-03-02 13:32,ENG-1270,SUP-179,EMP253,TL-061,,Valid,Valid
M8515,*************1515,WO11515,Hatch Z,PAINT-1,STN-04,2026-03-02 13:33,ENG-1400,SUP-166,EMP106,TL-037,A,Valid,Valid
M8516,*************1516,WO11516,Sedan X,GA-1,STN-05,2026-03-02 13:35,ENG-1016,SUP-155,EMP188,TL-065,B,Valid,Valid
M8517,*************1517,WO11517,Sedan X,TRIM-1,STN-03,2026-03-02 13:36,ENG-1216,SUP-175,EMP332,TL-071,C,Valid,Valid
M8518,*************1518,WO11518,Hatch Z,PAINT-1,STN-05,2026-03-02 13:37,ENG-1116,SUP-109,EMP180,TL-035,A,Valid,Valid
M8519,*************1519,WO11519,Hatch Z,TRIM-1,STN-02,2026-03-02 13:38,ENG-1380,SUP-055,EMP305,TL-080,A,Valid,Valid
M8520,*************1520,WO11520,Sedan X,TRIM-1,STN-02,2026-03-02 13:40,ENG-1421,SUP-191,EMP386,TL-078,A,Valid,Valid
M8521,*************1521,WO11521,Hatch Z,TRIM-1,STN-04,2026-03-02 13:41,ENG-1160,SUP-168,EMP307,TL-049,B,Valid,Valid
M8522,*************1522,WO11522,Sedan X,PAINT-1,STN-05,2026-03-02 13:42,ENG-1217,SUP-050,EMP238,TL-014,A,Valid,Valid
M8523,*************1523,WO11523,Sedan X,PAINT-1,STN-05,2026-03-02 13:43,ENG-1398,SUP-086,EMP114,TL-031,C,Valid,Valid
M8524,*************1524,WO11524,Sedan X,GA-1,STN-01,2026-03-02 13:45,ENG-1108,SUP-153,EMP105,TL-097,C,Valid,Valid
M8525,*************1525,WO11525,Sedan X,GA-2,STN-05,2026-03-02 13:46,ENG-1475,SUP-009,EMP223,TL-035,A,Valid,Valid
M8526,*************1526,WO11526,Hatch Z,GA-1,STN-05,2026-03-02 13:47,ENG-1404,SUP-124,EMP123,TL-007,C,Valid,Valid
M8527,*************1527,WO11527,Sedan X,PAINT-1,STN-01,2026-03-02 13:48,ENG-1182,SUP-193,EMP244,TL-051,B,Valid,Valid
M8528,*************1528,WO11528,SUV Pro,TRIM-1,STN-05,2026-03-02 13:50,ENG-1182,SUP-034,EMP149,TL-043,,Valid,Valid
M8529,*************1529,WO11529,Hatch Z,GA-1,STN-05,2026-03-02 13:51,ENG-1413,SUP-199,EMP176,TL-004,,Valid,Valid
M8530,*************1530,WO11530,SUV Pro,GA-1,STN-03,2026-03-02 13:52,ENG-1082,SUP-039,EMP337,TL-011,A,Valid,Valid
M8531,*************1531,WO11531,Hatch Z,GA-2,STN-02,2026-03-02 13:53,ENG-1413,SUP-175,EMP172,TL-099,B,Valid,Valid
M8532,*************1532,WO11532,Hatch Z,PAINT-1,STN-04,2026-03-02 13:55,ENG-1402,SUP-034,EMP273,TL-038,C,Valid,Valid
M8533,*************1533,WO11533,Hatch Z,TRIM-1,STN-01,2026-03-02 13:56,ENG-1456,SUP-183,EMP298,TL-031,B,Valid,Valid
M8534,*************1534,WO11534,Hatch Z,GA-1,STN-02,2026-03-02 13:57,ENG-1290,SUP-161,EMP354,TL-013,A,Valid,Valid
M8535,*************1535,WO11535,Sedan X,PAINT-1,STN-05,2026-03-02 13:58,ENG-1444,SUP-023,EMP355,TL-013,,Valid,Valid
M8536,*************1536,WO11536,SUV Pro,GA-2,STN-03,2026-03-02 14:00,ENG-1082,SUP-018,EMP243,TL-074,C,Valid,Valid
M8537,*************1537,WO11537,SUV Pro,GA-1,STN-01,2026-03-02 14:01,ENG-1091,SUP-182,EMP335,TL-034,,Valid,Valid
M8538,*************1538,WO11538,SUV Pro,TRIM-1,STN-05,2026-03-02 14:02,ENG-1473,SUP-036,EMP163,TL-073,,Valid,Valid
M8539,*************1539,WO11539,Sedan X,PAINT-1,STN-03,2026-03-02 14:03,ENG-1146,SUP-103,EMP309,TL-080,B,Valid,Valid
M8540,*************1540,WO11540,SUV Pro,PAINT-1,STN-05,2026-03-02 14:05,ENG-1432,SUP-160,EMP260,TL-048,A,Valid,Valid
M8541,*************1541,WO11541,Hatch Z,TRIM-1,STN-05,2026-03-02 14:06,ENG-1230,SUP-068,EMP121,TL-080,A,Valid,Valid
M8542,*************1542,WO11542,Hatch Z,GA-2,STN-05,2026-03-02 14:07,ENG-1420,SUP-144,EMP104,TL-020,A,Valid,Valid
M8543,*************1543,WO11543,SUV Pro,TRIM-1,STN-02,2026-03-02 14:08,ENG-1291,SUP-103,EMP137,TL-029,,Valid,Valid
M8544,*************1544,WO11544,SUV Pro,GA-1,STN-03,2026-03-02 14:10,ENG-1238,SUP-120,EMP373,TL-060,A,Valid,Valid
M8545,*************1545,WO11545,Sedan X,GA-2,STN-05,2026-03-02 14:11,ENG-1055,SUP-102,EMP321,TL-026,,Valid,Valid
M8546,*************1546,WO11546,SUV Pro,GA-1,STN-03,2026-03-02 14:12,ENG-1175,SUP-155,EMP348,TL-028,,Valid,Valid
M8547,*************1547,WO11547,Sedan X,PAINT-1,STN-04,2026-03-02 14:13,ENG-1019,SUP-140,EMP179,TL-061,B,Valid,Valid
M8548,*************1548,WO11548,Hatch Z,GA-2,STN-03,2026-03-02 14:15,ENG-1290,SUP-009,EMP294,TL-008,C,Valid,Valid
M8549,*************1549,WO11549,SUV Pro,TRIM-1,STN-02,2026-03-02 14:16,ENG-1027,SUP-055,EMP111,TL-098,,Valid,Valid
M8550,*************1550,WO11550,SUV Pro,PAINT-1,STN-05,2026-03-02 14:17,ENG-1090,SUP-022,EMP172,TL-009,C,Valid,Valid
M8551,*************1551,WO11551,SUV Pro,GA-1,STN-03,2026-03-02 14:18,ENG-1447,SUP-183,EMP331,TL-054,B,Valid,Valid
M8552,*************1552,WO11552,Hatch Z,PAINT-1,STN-02,2026-03-02 14:20,ENG-1425,SUP-014,EMP147,TL-055,C,Valid,Valid
M8553,*************1553,WO11553,SUV Pro,GA-2,STN-02,2026-03-02 14:21,ENG-1178,SUP-108,EMP346,TL-061,B,Valid,Valid
M8554,*************1554,WO11554,Hatch Z,TRIM-1,STN-03,2026-03-02 14:22,ENG-1467,,EMP392,TL-050,A,Valid,Valid
M8555,*************1555,WO11555,Hatch Z,GA-2,STN-01,2026-03-02 14:23,ENG-1370,SUP-171,EMP396,TL-079,B,Valid,Valid
M8556,*************1556,WO11556,SUV Pro,PAINT-1,STN-01,2026-03-02 14:25,ENG-1077,SUP-118,EMP175,TL-064,C,Valid,Valid
M8557,*************1557,WO11557,Sedan X,TRIM-1,STN-03,2026-03-02 14:26,ENG-1266,SUP-185,EMP101,TL-058,B,Valid,Valid
M8558,*************1558,WO11558,Hatch Z,TRIM-1,STN-05,2026-03-02 14:27,ENG-1496,SUP-149,EMP149,TL-005,B,Valid,Valid
M8559,*************1559,WO11559,Hatch Z,GA-2,STN-04,2026-03-02 14:28,ENG-1356,SUP-140,EMP185,TL-077,,Valid,Valid
M8560,*************1560,WO11560,Sedan X,PAINT-1,STN-02,2026-03-02 14:30,ENG-1487,SUP-049,EMP395,TL-002,C,Valid,Valid
M8561,*************1561,WO11561,SUV Pro,GA-1,STN-03,2026-03-02 14:31,ENG-1459,SUP-079,EMP357,TL-016,,Valid,Valid
M8562,*************1562,WO11562,Hatch Z,TRIM-1,STN-04,2026-03-02 14:32,ENG-1210,SUP-091,EMP280,TL-070,,Valid,Valid
M8563,*************1563,WO11563,Hatch Z,PAINT-1,STN-01,2026-03-02 14:33,ENG-1474,SUP-046,EMP334,TL-055,C,Valid,Valid
M8564,*************1564,WO11564,Sedan X,GA-2,STN-05,2026-03-02 14:35,ENG-1223,SUP-098,EMP245,TL-085,,Valid,Valid
M8565,*************1565,WO11565,Hatch Z,PAINT-1,STN-05,2026-03-02 14:36,ENG-1317,SUP-026,EMP144,TL-014,A,Valid,Valid
M8566,*************1566,WO11566,Hatch Z,GA-1,STN-05,2026-03-02 14:37,ENG-1477,SUP-106,EMP153,TL-064,A,Valid,Valid
M8567,*************1567,WO11567,Hatch Z,TRIM-1,STN-05,2026-03-02 14:38,ENG-1297,SUP-009,EMP248,TL-054,B,Valid,Valid
M8568,*************1568,WO11568,Sedan X,TRIM-1,STN-05,2026-03-02 14:40,ENG-1195,SUP-030,EMP200,TL-061,A,Valid,Valid
M8569,*************1569,WO11569,SUV Pro,TRIM-1,STN-04,2026-03-02 14:41,ENG-1464,SUP-166,EMP302,TL-001,C,Valid,Valid
M8570,*************1570,WO11570,Sedan X,PAINT-1,STN-03,2026-03-02 14:42,ENG-1450,SUP-169,EMP235,TL-040,,Valid,Valid
M8571,*************1571,WO11571,Hatch Z,GA-2,STN-01,2026-03-02 14:43,ENG-1460,SUP-107,EMP116,TL-002,A,Valid,Valid
M8572,*************1572,WO11572,Sedan X,PAINT-1,STN-03,2026-03-02 14:45,ENG-1418,SUP-133,EMP262,TL-043,B,Valid,Valid
M8573,*************1573,WO11573,Hatch Z,TRIM-1,STN-02,2026-03-02 14:46,ENG-1284,SUP-101,EMP198,TL-079,,Valid,Valid
M8574,*************1574,WO11574,Sedan X,TRIM-1,STN-02,2026-03-02 14:47,ENG-1480,SUP-163,EMP299,TL-094,B,Valid,Valid
M8575,*************1575,WO11575,SUV Pro,PAINT-1,STN-05,2026-03-02 14:48,ENG-1081,SUP-112,EMP218,TL-013,B,Valid,Valid
M8576,*************1576,WO11576,Hatch Z,GA-1,STN-05,2026-03-02 14:50,ENG-1295,SUP-101,EMP233,TL-071,B,Valid,Valid
M8577,*************1577,WO11577,SUV Pro,GA-2,STN-01,2026-03-02 14:51,ENG-1047,SUP-007,EMP323,TL-002,B,Valid,Valid
M8578,*************1578,WO11578,Sedan X,GA-1,STN-05,2026-03-02 14:52,ENG-1195,SUP-007,EMP166,TL-059,C,Valid,Valid
M8579,*************1579,WO11579,Sedan X,GA-2,STN-05,2026-03-02 14:53,ENG-1459,SUP-057,EMP252,TL-025,B,Valid,Valid
M8580,*************1580,WO11580,Hatch Z,TRIM-1,STN-03,2026-03-02 14:55,ENG-1133,SUP-169,EMP126,TL-036,A,Valid,Valid
M8581,*************1581,WO11581,Sedan X,GA-1,STN-05,2026-03-02 14:56,ENG-1296,SUP-027,EMP156,TL-059,A,Valid,Valid
M8582,*************1582,WO11582,Sedan X,GA-2,STN-03,2026-03-02 14:57,ENG-1134,SUP-047,EMP147,TL-010,,Valid,Valid
M8583,*************1583,WO11583,SUV Pro,GA-2,STN-04,2026-03-02 14:58,ENG-1051,SUP-126,EMP111,TL-053,A,Valid,Valid
M8584,*************1584,WO11584,SUV Pro,GA-1,STN-02,2026-03-02 15:00,ENG-1351,SUP-108,EMP292,TL-041,,Valid,Valid
M8585,*************1585,WO11585,Sedan X,GA-2,STN-03,2026-03-02 15:01,ENG-1005,SUP-046,EMP390,TL-081,A,Valid,Valid
M8586,*************1586,WO11586,Sedan X,PAINT-1,STN-03,2026-03-02 15:02,ENG-1247,SUP-158,EMP379,TL-001,B,Valid,Valid
M8587,*************1587,WO11587,Hatch Z,PAINT-1,STN-01,2026-03-02 15:03,ENG-1098,SUP-156,EMP115,TL-069,A,Valid,Valid
M8588,*************1588,WO11588,Hatch Z,GA-2,STN-02,2026-03-02 15:05,ENG-1443,SUP-094,EMP158,TL-028,A,Valid,Valid
M8589,*************1589,WO11589,SUV Pro,GA-2,STN-02,2026-03-02 15:06,ENG-1042,SUP-187,EMP164,TL-035,C,Valid,Valid
M8590,*************1590,WO11590,SUV Pro,GA-2,STN-01,2026-03-02 15:07,ENG-1178,SUP-182,EMP382,TL-084,C,Valid,Valid
M8591,*************1591,WO11591,SUV Pro,TRIM-1,STN-04,2026-03-02 15:08,ENG-1262,SUP-103,EMP198,TL-033,B,Valid,Valid
M8592,*************1592,WO11592,Sedan X,PAINT-1,STN-04,2026-03-02 15:10,ENG-1052,SUP-150,EMP259,TL-022,B,Valid,Valid
M8593,*************1593,WO11593,Hatch Z,TRIM-1,STN-04,2026-03-02 15:11,ENG-1452,SUP-115,EMP316,TL-077,C,Valid,Valid
M8594,*************1594,WO11594,SUV Pro,GA-1,STN-05,2026-03-02 15:12,ENG-1196,SUP-110,EMP202,TL-073,C,Valid,Valid
M8595,*************1595,WO11595,SUV Pro,GA-1,STN-04,2026-03-02 15:13,ENG-1001,SUP-043,EMP117,TL-066,C,Valid,Valid
M8596,*************1596,WO11596,Hatch Z,TRIM-1,STN-03,2026-03-02 15:15,ENG-1309,SUP-166,EMP371,TL-046,,Valid,Valid
M8597,*************1597,WO11597,Sedan X,GA-1,STN-02,2026-03-02 15:16,ENG-1414,SUP-083,EMP319,TL-024,C,Valid,Valid
M8598,*************1598,WO11598,Sedan X,GA-1,STN-02,2026-03-02 15:17,ENG-1336,SUP-096,EMP290,TL-019,C,Valid,Valid
M8599,*************1599,WO11599,Sedan X,GA-1,STN-03,2026-03-02 15:18,ENG-1352,SUP-003,EMP268,TL-028,,Valid,Valid
M8600,*************1600,WO11600,Hatch Z,PAINT-1,STN-02,2026-03-02 15:20,ENG-1287,SUP-017,EMP297,TL-037,B,Valid,Valid
M8601,*************1601,WO11601,Hatch Z,GA-2,STN-01,2026-03-02 15:21,ENG-1287,SUP-072,EMP138,TL-074,,Valid,Valid
M8602,*************1602,WO11602,Hatch Z,TRIM-1,STN-03,2026-03-02 15:22,ENG-1416,SUP-082,EMP201,TL-026,A,Valid,Valid
M8603,*************1603,WO11603,SUV Pro,TRIM-1,STN-01,2026-03-02 15:23,ENG-1140,SUP-108,EMP161,TL-016,,Valid,Valid
M8604,*************1604,WO11604,Sedan X,PAINT-1,STN-05,2026-03-02 15:25,ENG-1196,SUP-061,EMP395,TL-003,C,Valid,Valid
M8605,*************1605,WO11605,Sedan X,GA-1,STN-04,2026-03-02 15:26,ENG-1145,SUP-034,EMP306,TL-005,A,Valid,Valid
M8606,*************1606,WO11606,SUV Pro,GA-1,STN-01,2026-03-02 15:27,ENG-1240,SUP-025,EMP312,TL-093,C,Valid,Valid
M8607,*************1607,WO11607,SUV Pro,PAINT-1,STN-03,2026-03-02 15:28,ENG-1177,SUP-103,EMP140,TL-072,C,Valid,Valid
M8608,*************1608,WO11608,SUV Pro,GA-1,STN-04,2026-03-02 15:30,ENG-1152,SUP-179,EMP332,TL-064,A,Valid,Valid
M8609,*************1609,WO11609,SUV Pro,GA-1,STN-01,2026-03-02 15:31,ENG-1114,SUP-013,EMP105,TL-018,A,Valid,Valid
M8610,*************1610,WO11610,SUV Pro,TRIM-1,STN-02,2026-03-02 15:32,ENG-1087,SUP-023,EMP197,TL-093,C,Valid,Valid
M8611,*************1611,WO11611,Hatch Z,GA-1,STN-05,2026-03-02 15:33,ENG-1444,SUP-014,EMP232,TL-999,A,Valid,Valid
M8612,*************1612,WO11612,Sedan X,GA-1,STN-03,2026-03-02 15:35,ENG-1038,SUP-068,EMP268,TL-089,,Valid,Valid
M8613,*************1613,WO11613,SUV Pro,GA-2,STN-02,2026-03-02 15:36,ENG-1298,SUP-118,EMP161,TL-017,C,Valid,Valid
M8614,*************1614,WO11614,Sedan X,TRIM-1,STN-05,2026-03-02 15:37,ENG-1228,SUP-172,EMP162,TL-067,B,Valid,Valid
M8615,*************1615,WO11615,Hatch Z,TRIM-1,STN-05,2026-03-02 15:38,ENG-1250,SUP-072,EMP264,TL-099,,Valid,Valid
M8616,*************1616,WO11616,Sedan X,GA-1,STN-03,2026-03-02 15:40,ENG-1392,SUP-076,EMP142,TL-046,B,Valid,Valid
M8617,*************1617,WO11617,Hatch Z,GA-2,STN-05,2026-03-02 15:41,ENG-1039,SUP-020,EMP353,TL-008,B,Valid,Valid
M8618,*************1618,WO11618,Sedan X,GA-2,STN-04,2026-03-02 15:42,ENG-1419,SUP-099,EMP196,TL-063,A,Valid,Valid
M8619,*************1619,WO11619,SUV Pro,GA-2,STN-03,2026-03-02 15:43,ENG-1302,SUP-195,EMP370,TL-066,C,Valid,Valid
M8620,*************1620,WO11620,SUV Pro,TRIM-1,STN-05,2026-03-02 15:45,ENG-1078,SUP-130,EMP154,TL-017,B,Valid,Valid
M8621,*************1621,WO11621,SUV Pro,TRIM-1,STN-04,2026-03-02 15:46,ENG-1444,SUP-159,EMP362,TL-026,,Valid,Valid
M8622,*************1622,WO11622,Sedan X,GA-1,STN-03,2026-03-02 15:47,ENG-1216,SUP-043,EMP257,TL-074,A,Valid,Valid
M8623,*************1623,WO11623,Sedan X,TRIM-1,STN-01,2026-03-02 15:48,ENG-1381,SUP-029,EMP223,TL-003,,Valid,Valid
M8624,*************1624,WO11624,Sedan X,PAINT-1,STN-01,2026-03-02 15:50,ENG-1243,SUP-170,EMP371,TL-058,C,Valid,Valid
M8625,*************1625,WO11625,SUV Pro,GA-1,STN-05,2026-03-02 15:51,ENG-1043,SUP-091,EMP320,TL-028,B,Valid,Valid
M8626,*************1626,WO11626,SUV Pro,TRIM-1,STN-05,2026-03-02 15:52,ENG-1170,SUP-014,EMP325,TL-035,C,Valid,Valid
M8627,*************1627,WO11627,Sedan X,GA-1,STN-05,2026-03-02 15:53,ENG-1195,SUP-188,EMP316,TL-025,C,Valid,Valid
M8628,*************1628,WO11628,Sedan X,TRIM-1,STN-02,2026-03-02 15:55,ENG-1304,SUP-071,EMP371,TL-078,,Valid,Valid
M8629,*************1629,WO11629,Hatch Z,TRIM-1,STN-01,2026-03-02 15:56,ENG-1348,SUP-013,EMP227,TL-015,B,Valid,Valid
M8630,*************1630,WO11630,Sedan X,GA-1,STN-01,2026-03-02 15:57,ENG-1294,SUP-069,EMP222,TL-009,A,Valid,Valid
M8631,*************1631,WO11631,SUV Pro,GA-2,STN-05,2026-03-02 15:58,ENG-1358,SUP-184,EMP307,TL-051,,Valid,Valid
M8632,*************1632,WO11632,Sedan X,GA-2,STN-05,2026-03-02 16:00,ENG-1421,SUP-178,EMP237,TL-064,B,Valid,Valid
M8633,*************1633,WO11633,Sedan X,GA-2,STN-03,2026-03-02 16:01,ENG-1326,SUP-074,EMP247,TL-094,A,Valid,Valid
M8634,*************1634,WO11634,Sedan X,GA-2,STN-05,2026-03-02 16:02,ENG-1464,SUP-180,EMP344,TL-095,C,Valid,Valid
M8635,*************1635,WO11635,Hatch Z,GA-2,STN-02,2026-03-02 16:03,ENG-1161,SUP-175,EMP135,TL-022,B,Valid,Valid
M8636,*************1636,WO11636,SUV Pro,TRIM-1,STN-02,2026-03-02 16:05,ENG-1492,SUP-004,EMP342,TL-055,C,Valid,Valid
M8637,*************1637,WO11637,Sedan X,GA-2,STN-03,2026-03-02 16:06,ENG-1451,SUP-020,EMP187,TL-087,A,Valid,Valid
M8638,*************1638,WO11638,Hatch Z,PAINT-1,STN-04,2026-03-02 16:07,ENG-1298,SUP-001,EMP350,TL-032,,Valid,Valid
M8639,*************1639,WO11639,Sedan X,GA-1,STN-03,2026-03-02 16:08,ENG-1008,SUP-146,EMP248,TL-030,B,Valid,Valid
M8640,*************1640,WO11640,Sedan X,GA-1,STN-01,2026-03-02 16:10,ENG-1155,SUP-189,EMP271,TL-058,,Valid,Valid
M8641,*************1641,WO11641,Hatch Z,PAINT-1,STN-05,2026-03-02 16:11,ENG-1131,SUP-170,EMP349,TL-033,C,Valid,Valid
M8642,*************1642,WO11642,SUV Pro,GA-1,STN-03,2026-03-02 16:12,ENG-1180,SUP-078,EMP270,TL-067,,Valid,Valid
M8643,*************1643,WO11643,Sedan X,PAINT-1,STN-05,2026-03-02 16:13,ENG-1265,SUP-187,EMP110,TL-019,,Valid,Valid
M8644,*************1644,WO11644,Sedan X,GA-2,STN-03,2026-03-02 16:15,ENG-1254,SUP-008,EMP225,TL-074,,Valid,Valid
M8645,*************1645,WO11645,SUV Pro,GA-2,STN-05,2026-03-02 16:16,ENG-1045,SUP-050,EMP293,TL-082,A,Valid,Valid
M8646,*************1646,WO11646,SUV Pro,TRIM-1,STN-05,2026-03-02 16:17,ENG-1089,SUP-068,EMP278,TL-043,,Valid,Valid
M8647,*************1647,WO11647,Hatch Z,TRIM-1,STN-03,2026-03-02 16:18,ENG-1158,SUP-049,EMP121,TL-075,C,Valid,Valid
M8648,*************1648,WO11648,Hatch Z,GA-1,STN-04,2026-03-02 16:20,ENG-1407,SUP-117,EMP390,TL-045,C,Valid,Valid
M8649,*************1649,WO11649,Sedan X,GA-1,STN-04,2026-03-02 16:21,ENG-1474,SUP-176,EMP175,TL-060,B,Valid,Valid
M8650,*************1650,WO11650,Hatch Z,PAINT-1,STN-05,2026-03-02 16:22,ENG-1285,SUP-171,EMP183,TL-039,,Valid,Valid
M8651,*************1651,WO11651,SUV Pro,GA-1,STN-03,2026-03-02 16:23,ENG-1150,SUP-004,EMP332,TL-006,B,Valid,Valid
M8652,*************1652,WO11652,SUV Pro,GA-1,STN-01,2026-03-02 16:25,ENG-1250,SUP-079,EMP102,TL-056,C,Valid,Valid
M8653,*************1653,WO11653,Hatch Z,GA-1,STN-01,2026-03-02 16:26,ENG-1128,SUP-036,EMP279,TL-037,B,Valid,Valid
M8654,*************1654,WO11654,Sedan X,PAINT-1,STN-02,2026-03-02 16:27,ENG-1375,SUP-051,EMP321,TL-075,A,Valid,Valid
M8655,*************1655,WO11655,SUV Pro,GA-2,STN-01,2026-03-02 16:28,ENG-1242,SUP-091,EMP227,TL-087,,Valid,Valid
M8656,*************1656,WO11656,SUV Pro,TRIM-1,STN-01,2026-03-02 16:30,ENG-1457,SUP-067,EMP254,TL-077,C,Valid,Valid
M8657,*************1657,WO11657,Sedan X,TRIM-1,STN-05,2026-03-02 16:31,ENG-1448,SUP-083,EMP396,TL-018,B,Valid,Valid
M8658,*************1658,WO11658,SUV Pro,GA-2,STN-04,2026-03-02 16:32,ENG-1283,SUP-052,EMP254,TL-040,A,Valid,Valid
M8659,*************1659,WO11659,SUV Pro,TRIM-1,STN-05,2026-03-02 16:33,ENG-1093,SUP-097,EMP323,TL-013,B,Valid,Valid
M8660,*************1660,WO11660,Hatch Z,TRIM-1,STN-05,2026-03-02 16:35,ENG-1160,SUP-129,EMP283,TL-060,C,Valid,Valid
M8661,*************1661,WO11661,SUV Pro,TRIM-1,STN-04,2026-03-02 16:36,ENG-1492,SUP-106,EMP336,TL-004,A,Valid,Valid
M8662,*************1662,WO11662,SUV Pro,GA-1,STN-03,2026-03-02 16:37,ENG-1071,SUP-158,EMP254,TL-999,B,Valid,Valid
M8663,*************1663,WO11663,Hatch Z,PAINT-1,STN-02,2026-03-02 16:38,ENG-1317,SUP-140,EMP389,TL-038,A,Valid,Valid
M8664,*************1664,WO11664,SUV Pro,GA-2,STN-04,2026-03-02 16:40,ENG-1343,SUP-002,EMP336,TL-098,,Valid,Valid
M8665,,WO11665,Sedan X,GA-1,STN-01,2026-03-02 16:41,ENG-1138,SUP-167,EMP154,TL-043,A,Valid,Invalid
M8666,*************1666,WO11666,SUV Pro,TRIM-1,STN-05,2026-03-02 16:42,ENG-1169,SUP-016,EMP162,TL-095,A,Valid,Valid
M8667,*************1667,WO11667,Hatch Z,GA-2,STN-05,2026-03-02 16:43,ENG-1073,SUP-144,EMP353,TL-018,B,Valid,Valid
M8668,*************1668,WO11668,Hatch Z,GA-2,STN-03,2026-03-02 16:45,ENG-1321,SUP-080,EMP103,TL-063,B,Valid,Valid
M8669,*************1669,WO11669,Sedan X,GA-1,STN-01,2026-03-02 16:46,ENG-1078,SUP-155,EMP161,TL-067,A,Valid,Valid
M8670,*************1670,WO11670,Sedan X,GA-2,STN-01,2026-03-02 16:47,ENG-1242,SUP-007,EMP358,TL-057,,Valid,Valid
M8671,*************1671,WO11671,Sedan X,GA-1,STN-03,2026-03-02 16:48,ENG-1207,SUP-124,EMP194,TL-031,C,Valid,Valid
M8672,*************1672,WO11672,Hatch Z,TRIM-1,STN-03,2026-03-02 16:50,ENG-1336,SUP-158,EMP163,TL-056,B,Valid,Valid
M8673,*************1673,WO11673,Hatch Z,GA-1,STN-02,2026-03-02 16:51,ENG-1072,SUP-191,EMP223,TL-022,B,Valid,Valid
M8674,*************1674,WO11674,SUV Pro,TRIM-1,STN-03,2026-03-02 16:52,ENG-1148,SUP-171,EMP151,TL-076,,Valid,Valid
M8675,*************1675,WO11675,SUV Pro,PAINT-1,STN-04,2026-03-02 16:53,ENG-1197,SUP-179,EMP154,TL-060,,Valid,Valid
M8676,*************1676,WO11676,SUV Pro,GA-2,STN-01,2026-03-02 16:55,ENG-1145,SUP-118,EMP161,TL-073,,Valid,Valid
M8677,*************1677,WO11677,Sedan X,PAINT-1,STN-01,2026-03-02 16:56,ENG-1330,SUP-167,EMP327,TL-006,C,Valid,Valid
M8678,*************1678,WO11678,Sedan X,TRIM-1,STN-05,2026-03-02 16:57,ENG-1234,SUP-071,EMP104,TL-021,C,Valid,Valid
M8679,*************1679,WO11679,Hatch Z,GA-2,STN-03,2026-03-02 16:58,ENG-1462,SUP-181,EMP368,TL-050,A,Valid,Valid
M8680,*************1680,WO11680,Sedan X,GA-2,STN-03,2026-03-02 17:00,ENG-1335,SUP-185,EMP388,TL-044,,Valid,Valid
M8681,*************1681,WO11681,Hatch Z,GA-2,STN-03,2026-03-02 17:01,ENG-1401,SUP-196,EMP255,TL-051,A,Valid,Valid
M8682,*************1682,WO11682,Hatch Z,TRIM-1,STN-04,2026-03-02 17:02,ENG-1492,SUP-121,EMP192,TL-074,C,Valid,Valid
M8683,*************1683,WO11683,Sedan X,PAINT-1,STN-05,2026-03-02 17:03,ENG-1489,SUP-149,EMP278,TL-075,,Valid,Valid
M8684,*************1684,WO11684,Sedan X,GA-1,STN-01,2026-03-02 17:05,ENG-1436,SUP-188,EMP181,TL-030,A,Valid,Valid
M8685,*************1685,WO11685,Hatch Z,GA-1,STN-04,2026-03-02 17:06,ENG-1478,SUP-174,EMP343,TL-042,B,Valid,Valid
M8686,*************1686,WO11686,Hatch Z,GA-2,STN-01,2026-03-02 17:07,ENG-1460,SUP-045,EMP296,TL-097,,Valid,Valid
M8687,*************1687,WO11687,Sedan X,GA-1,STN-05,2026-03-02 17:08,ENG-1128,SUP-030,EMP119,TL-096,A,Valid,Valid
M8688,*************1688,WO11688,SUV Pro,PAINT-1,STN-05,2026-03-02 17:59,ENG-1323,SUP-008,EMP189,TL-042,A,Valid,Valid
M8689,*************1689,WO11689,Hatch Z,TRIM-1,STN-04,2026-03-02 17:11,ENG-1068,SUP-164,EMP393,TL-072,B,Valid,Valid
M8690,*************1690,WO11690,Sedan X,PAINT-1,STN-04,2026-03-02 17:12,ENG-1224,SUP-174,EMP246,TL-029,B,Valid,Valid
M8691,*************1691,WO11691,Hatch Z,GA-2,STN-04,2026-03-02 17:13,ENG-1416,SUP-136,EMP198,TL-012,A,Valid,Valid
M8692,*************1692,WO11692,Hatch Z,GA-1,STN-02,2026-03-02 17:15,ENG-1017,SUP-036,EMP102,TL-047,,Valid,Valid
M8693,*************1693,WO11693,Hatch Z,GA-1,STN-03,2026-03-02 17:16,ENG-1094,SUP-175,EMP370,TL-064,B,Valid,Valid
M8694,*************1694,WO11694,Sedan X,TRIM-1,STN-05,2026-03-02 17:17,ENG-1180,SUP-092,EMP386,TL-018,A,Valid,Valid
M8695,*************1695,WO11695,SUV Pro,TRIM-1,STN-05,2026-03-02 17:18,ENG-1192,SUP-019,EMP391,TL-011,B,Valid,Valid
M8696,*************1696,WO11696,Hatch Z,PAINT-1,STN-01,2026-03-02 17:20,ENG-1060,SUP-128,EMP218,TL-007,C,Valid,Valid
M8697,*************1697,WO11697,Sedan X,GA-2,STN-03,2026-03-02 17:21,ENG-1481,SUP-075,EMP228,TL-050,C,Valid,Valid
M8698,*************1698,WO11698,Sedan X,GA-2,STN-03,2026-03-02 17:22,ENG-1038,SUP-137,EMP394,TL-031,C,Valid,Valid
M8699,*************1699,WO11699,SUV Pro,GA-1,STN-05,2026-03-02 17:23,ENG-1357,SUP-029,EMP398,TL-061,C,Valid,Valid
M8700,*************1700,WO11700,Hatch Z,GA-1,STN-01,2026-03-02 17:25,ENG-1173,SUP-108,EMP233,TL-026,C,Valid,Valid
M8701,*************1701,WO11701,Sedan X,GA-2,STN-02,2026-03-02 17:26,ENG-1280,SUP-188,EMP268,TL-097,A,Valid,Valid
M8702,*************1702,WO11702,Sedan X,TRIM-1,STN-01,2026-03-02 17:27,ENG-1412,SUP-145,EMP118,TL-045,A,Valid,Valid
M8703,*************1703,WO11703,SUV Pro,GA-1,STN-05,2026-03-02 17:28,ENG-1245,SUP-034,EMP238,TL-093,A,Valid,Valid
M8704,*************1704,WO11704,Sedan X,GA-1,STN-04,2026-03-02 17:30,ENG-1259,SUP-058,EMP279,TL-056,,Valid,Valid
M8705,*************1705,WO11705,SUV Pro,GA-2,STN-01,2026-03-02 17:31,ENG-1476,SUP-015,EMP113,TL-100,B,Valid,Valid
M8706,*************1706,WO11706,Hatch Z,TRIM-1,STN-05,2026-03-02 17:32,ENG-1350,SUP-189,EMP109,TL-071,,Valid,Valid
M8707,*************1707,WO11707,Sedan X,TRIM-1,STN-03,2026-03-02 17:33,ENG-1193,SUP-179,EMP164,TL-056,,Valid,Valid
M8708,*************1708,WO11708,Hatch Z,GA-2,STN-01,2026-03-02 17:35,ENG-1224,SUP-031,EMP288,TL-046,B,Valid,Valid
M8709,*************1709,WO11709,SUV Pro,TRIM-1,STN-01,2026-03-02 17:36,ENG-1121,SUP-060,EMP147,TL-076,A,Valid,Valid
M8710,*************1710,WO11710,Sedan X,TRIM-1,STN-05,2026-03-02 17:37,ENG-1385,SUP-138,EMP390,TL-006,A,Valid,Valid
M8711,*************1711,WO11711,Hatch Z,GA-2,STN-03,2026-03-02 17:38,ENG-1029,SUP-020,EMP129,TL-017,,Valid,Valid
M8712,*************1712,WO11712,Sedan X,PAINT-1,STN-01,2026-03-02 17:40,ENG-1160,SUP-090,EMP225,TL-038,B,Valid,Valid
M8713,*************1713,WO11713,Hatch Z,TRIM-1,STN-04,2026-03-02 17:41,ENG-1336,SUP-032,EMP139,TL-010,C,Valid,Valid
M8714,*************1714,WO11714,Hatch Z,GA-2,STN-04,2026-03-02 17:42,ENG-1361,SUP-189,EMP282,TL-029,,Valid,Valid
M8715,*************1715,WO11715,Hatch Z,PAINT-1,STN-03,2026-03-02 17:43,ENG-1399,SUP-142,EMP249,TL-084,B,Valid,Valid
M8716,*************1716,WO11716,Hatch Z,PAINT-1,STN-03,2026-03-02 17:45,ENG-1357,SUP-139,EMP357,TL-014,A,Valid,Valid
M8717,*************1717,WO11717,SUV Pro,TRIM-1,STN-05,2026-03-02 17:46,ENG-1486,SUP-160,EMP348,TL-036,A,Valid,Valid
M8718,*************1718,WO11718,Sedan X,GA-2,STN-03,2026-03-02 17:47,ENG-1499,SUP-134,EMP218,TL-040,B,Valid,Valid
M8719,*************1719,WO11719,Sedan X,PAINT-1,STN-05,2026-03-02 17:48,ENG-1417,SUP-037,EMP118,TL-031,,Valid,Valid
M8720,*************1720,WO11720,Hatch Z,TRIM-1,STN-01,2026-03-02 17:50,ENG-1010,SUP-128,EMP117,TL-035,C,Valid,Valid
M8721,*************1721,WO11721,Hatch Z,TRIM-1,STN-03,2026-03-02 17:51,ENG-1423,SUP-022,EMP130,TL-036,,Valid,Valid
M8722,*************1722,WO11722,SUV Pro,GA-1,STN-03,2026-03-02 17:52,ENG-1195,SUP-099,EMP327,TL-006,B,Valid,Valid
M8723,*************1723,WO11723,Sedan X,TRIM-1,STN-02,2026-03-02 17:53,ENG-1337,SUP-111,EMP372,TL-007,C,Valid,Valid
M8724,*************1724,WO11724,Sedan X,PAINT-1,STN-01,2026-03-02 17:55,ENG-1465,SUP-156,EMP272,TL-034,B,Valid,Valid
M8725,*************1725,WO11725,Sedan X,PAINT-1,STN-05,2026-03-02 17:56,ENG-1424,SUP-160,EMP322,TL-055,A,Valid,Valid
M8726,*************1726,WO11726,Sedan X,TRIM-1,STN-05,2026-03-02 17:57,ENG-1477,SUP-174,EMP247,TL-069,,Valid,Valid
M8727,*************1727,WO11727,SUV Pro,PAINT-1,STN-02,2026-03-02 17:58,ENG-1491,SUP-098,EMP339,TL-096,B,Valid,Valid
M8728,*************1728,WO11728,Sedan X,GA-1,STN-03,2026-03-02 18:00,ENG-1409,SUP-175,EMP240,TL-011,B,Valid,Valid
M8729,*************1729,WO11729,Hatch Z,PAINT-1,STN-03,2026-03-02 18:01,ENG-1292,SUP-102,EMP119,TL-079,C,Valid,Valid
M8730,*************1730,WO11730,SUV Pro,PAINT-1,STN-05,2026-03-02 18:02,ENG-1128,SUP-168,EMP106,TL-016,C,Valid,Valid
M8731,*************1731,WO11731,Hatch Z,PAINT-1,STN-03,2026-03-02 18:03,ENG-1135,SUP-046,EMP327,TL-060,A,Valid,Valid
M8732,*************1732,WO11732,SUV Pro,GA-1,STN-04,2026-03-02 18:05,ENG-1018,SUP-092,EMP345,TL-082,B,Valid,Valid
M8733,*************1733,WO11733,SUV Pro,GA-1,STN-05,2026-03-02 18:06,ENG-1480,SUP-021,EMP241,TL-079,C,Valid,Valid
M8734,*************1734,WO11734,Sedan X,TRIM-1,STN-02,2026-03-02 18:07,ENG-1132,SUP-197,EMP241,TL-034,,Valid,Valid
M8735,*************1735,WO11735,Sedan X,GA-2,STN-05,2026-03-02 18:08,ENG-1089,SUP-038,EMP125,TL-030,A,Valid,Valid
M8736,*************1736,WO11736,Hatch Z,GA-1,STN-02,2026-03-02 18:10,ENG-1350,SUP-130,EMP325,TL-075,C,Valid,Valid
M8737,*************1737,WO11737,Sedan X,GA-2,STN-01,2026-03-02 18:11,ENG-1487,SUP-183,EMP232,TL-033,A,Valid,Valid
M8738,*************1738,WO11738,Hatch Z,PAINT-1,STN-05,2026-03-02 18:12,ENG-1367,SUP-012,EMP220,TL-045,A,Valid,Valid
M8739,*************1739,WO11739,Sedan X,TRIM-1,STN-01,2026-03-02 18:13,ENG-1261,SUP-020,EMP221,TL-027,C,Valid,Valid
M8740,*************1740,WO11740,Hatch Z,PAINT-1,STN-03,2026-03-02 18:15,ENG-1001,SUP-175,EMP312,TL-010,,Valid,Valid
M8741,*************1741,WO11741,SUV Pro,GA-2,STN-01,2026-03-02 18:16,ENG-1167,SUP-156,EMP284,TL-043,,Valid,Valid
M8742,*************1742,WO11742,Hatch Z,PAINT-1,STN-04,2026-03-02 18:17,ENG-1482,SUP-076,EMP115,TL-021,C,Valid,Valid
M8743,*************1743,WO11743,Sedan X,PAINT-1,STN-02,2026-03-02 18:18,ENG-1466,SUP-152,EMP113,TL-014,B,Valid,Valid
M8744,*************1744,WO11744,SUV Pro,PAINT-1,STN-02,2026-03-02 18:20,ENG-1193,SUP-150,EMP116,TL-085,B,Valid,Valid
M8745,*************1745,WO11745,SUV Pro,GA-1,STN-01,2026-03-02 18:21,ENG-1490,SUP-058,EMP389,TL-065,,Valid,Valid
M8746,*************1746,WO11746,Hatch Z,GA-1,STN-03,2026-03-02 18:22,ENG-1449,SUP-136,EMP126,TL-078,,Valid,Valid
M8747,*************1747,WO11747,Hatch Z,TRIM-1,STN-03,2026-03-02 18:23,ENG-1137,SUP-050,EMP394,TL-038,B,Valid,Valid
M8748,*************1748,WO11748,SUV Pro,GA-2,STN-03,2026-03-02 18:25,ENG-1393,SUP-093,EMP218,TL-059,C,Valid,Valid
M8749,*************1749,WO11749,Hatch Z,GA-1,STN-05,2026-03-02 18:26,ENG-1123,SUP-114,EMP309,TL-047,A,Valid,Valid
M8750,*************1750,WO11750,SUV Pro,GA-1,STN-03,2026-03-02 18:27,ENG-1334,SUP-124,EMP217,TL-058,,Valid,Valid
M8751,*************1751,WO11751,Sedan X,GA-2,STN-05,2026-03-02 18:28,ENG-1125,SUP-199,EMP308,TL-087,B,Valid,Valid
M8752,*************1752,WO11752,Hatch Z,PAINT-1,STN-03,2026-03-02 18:30,ENG-1146,SUP-088,EMP260,TL-016,A,Valid,Valid
M8753,*************1753,WO11753,SUV Pro,TRIM-1,STN-05,2026-03-02 18:31,ENG-1075,SUP-148,EMP353,TL-081,B,Valid,Valid
M8754,*************1754,WO11754,Sedan X,TRIM-1,STN-01,2026-03-02 18:32,ENG-1085,SUP-031,EMP314,TL-034,,Valid,Valid
M8755,*************1755,WO11755,Hatch Z,GA-1,STN-02,2026-03-02 18:33,ENG-1445,SUP-009,EMP320,TL-004,B,Valid,Valid
M8756,*************1756,WO11756,Sedan X,GA-2,STN-05,2026-03-02 18:35,ENG-1443,SUP-136,EMP298,TL-055,C,Valid,Valid
M8757,*************1757,WO11757,Sedan X,TRIM-1,STN-05,2026-03-02 18:36,ENG-1285,SUP-062,EMP250,TL-016,C,Valid,Valid
M8758,*************1758,WO11758,SUV Pro,GA-1,STN-05,2026-03-02 18:37,ENG-1023,SUP-019,EMP281,TL-058,,Valid,Valid
M8759,*************1759,WO11759,Hatch Z,TRIM-1,STN-05,2026-03-02 18:38,ENG-1427,SUP-112,EMP248,TL-097,,Valid,Valid
M8760,*************1760,WO11760,Hatch Z,GA-2,STN-05,2026-03-02 18:40,ENG-1093,SUP-186,EMP360,TL-011,B,Valid,Valid
M8761,*************1761,WO11761,Sedan X,PAINT-1,STN-05,2026-03-02 18:41,ENG-1332,SUP-117,EMP294,TL-042,,Valid,Valid
M8762,*************1762,WO11762,Sedan X,PAINT-1,STN-03,2026-03-02 18:42,ENG-1049,SUP-060,EMP252,TL-064,C,Valid,Valid
M8763,*************1763,WO11763,Sedan X,TRIM-1,STN-03,2026-03-02 18:43,ENG-1165,SUP-099,EMP263,TL-097,B,Valid,Valid
M8764,*************1764,WO11764,Sedan X,GA-1,STN-03,2026-03-02 18:45,ENG-1483,SUP-189,EMP207,TL-056,C,Valid,Valid
M8765,*************1765,WO11765,Hatch Z,PAINT-1,STN-01,2026-03-02 18:46,ENG-1177,SUP-073,EMP184,TL-016,C,Valid,Valid
M8766,*************1766,WO11766,SUV Pro,TRIM-1,STN-04,2026-03-02 18:47,ENG-1114,SUP-044,EMP247,TL-034,A,Valid,Valid
M8767,*************1767,WO11767,Sedan X,PAINT-1,STN-02,2026-03-02 18:48,ENG-1049,SUP-053,EMP382,TL-066,B,Valid,Valid
M8768,*************1768,WO11768,Sedan X,GA-1,STN-05,2026-03-02 18:50,ENG-1275,SUP-050,EMP103,TL-063,A,Valid,Valid
M8769,*************1769,WO11769,SUV Pro,GA-2,STN-03,2026-03-02 18:51,ENG-1482,SUP-147,EMP318,TL-094,,Valid,Valid
M8770,*************1770,WO11770,Hatch Z,GA-2,STN-03,2026-03-02 18:52,ENG-1232,SUP-076,EMP156,TL-092,A,Valid,Valid
M8771,*************1771,WO11771,SUV Pro,TRIM-1,STN-04,2026-03-02 18:53,ENG-1134,SUP-023,EMP170,TL-036,A,Valid,Valid
M8772,*************1772,WO11772,SUV Pro,GA-1,STN-05,2026-03-02 18:55,ENG-1406,SUP-057,EMP138,TL-042,B,Valid,Valid
M8773,*************1773,WO11773,Hatch Z,PAINT-1,STN-03,2026-03-02 18:56,ENG-1232,SUP-162,EMP362,TL-087,A,Valid,Valid
M8774,*************1774,WO11774,Hatch Z,PAINT-1,STN-01,2026-03-02 18:57,ENG-1221,SUP-026,EMP366,TL-041,B,Valid,Valid
M8775,*************1775,WO11775,Hatch Z,GA-1,STN-05,2026-03-02 18:58,ENG-1321,SUP-003,EMP225,TL-018,,Valid,Valid
M8776,*************1776,WO11776,Sedan X,GA-2,STN-03,2026-03-02 19:00,ENG-1240,,EMP177,TL-063,B,Valid,Valid
M8777,*************1777,WO11777,Hatch Z,TRIM-1,STN-03,2026-03-02 19:01,ENG-1067,SUP-051,EMP145,TL-067,B,Valid,Valid
M8778,*************1778,WO11778,Sedan X,TRIM-1,STN-01,2026-03-02 19:02,ENG-1251,SUP-143,EMP206,TL-091,B,Valid,Valid
M8779,*************1779,WO11779,Sedan X,TRIM-1,STN-05,2026-03-02 19:03,ENG-1134,SUP-158,EMP294,TL-081,B,Valid,Valid
M8780,*************1780,WO11780,Hatch Z,PAINT-1,STN-04,2026-03-02 19:05,ENG-1271,SUP-169,EMP192,TL-039,B,Valid,Valid
M8781,*************1781,WO11781,SUV Pro,TRIM-1,STN-04,2026-03-02 19:06,ENG-1407,SUP-162,EMP300,TL-077,C,Valid,Valid
M8782,*************1782,WO11782,Hatch Z,TRIM-1,STN-03,2026-03-02 19:07,ENG-1049,SUP-057,EMP157,TL-097,C,Valid,Valid
M8783,*************1783,WO11783,SUV Pro,TRIM-1,STN-03,2026-03-02 19:08,ENG-1126,SUP-170,EMP317,TL-015,B,Valid,Valid
M8784,*************1784,WO11784,SUV Pro,PAINT-1,STN-05,2026-03-02 19:10,ENG-1058,SUP-089,EMP303,TL-091,B,Valid,Valid
M8785,*************1785,WO11785,SUV Pro,TRIM-1,STN-05,2026-03-02 19:11,ENG-1210,SUP-176,EMP220,TL-004,C,Valid,Valid
M8786,*************1786,WO11786,SUV Pro,GA-2,STN-03,2026-03-02 19:12,ENG-1400,SUP-105,EMP131,TL-072,C,Valid,Valid
M8787,*************1787,WO11787,SUV Pro,PAINT-1,STN-04,2026-03-02 19:13,ENG-1200,SUP-114,EMP317,TL-052,C,Valid,Valid
M8788,*************1788,WO11788,Sedan X,PAINT-1,STN-04,2026-03-02 19:15,ENG-1372,SUP-057,EMP273,TL-082,A,Valid,Valid
M8789,*************1789,WO11789,SUV Pro,TRIM-1,STN-04,2026-03-02 19:16,ENG-1113,SUP-147,EMP185,TL-069,B,Valid,Valid
M8790,*************1790,WO11790,Hatch Z,GA-1,STN-05,2026-03-02 19:17,ENG-1312,SUP-085,EMP166,TL-078,A,Valid,Valid
M8791,*************1791,WO11791,Hatch Z,GA-1,STN-03,2026-03-02 19:18,ENG-1194,SUP-024,EMP270,TL-046,A,Valid,Valid
M8792,*************1792,WO11792,Hatch Z,GA-1,STN-05,2026-03-02 19:20,ENG-1107,SUP-093,EMP374,TL-026,B,Valid,Valid
M8793,*************1793,WO11793,Hatch Z,TRIM-1,STN-03,2026-03-02 19:21,ENG-1367,SUP-059,EMP248,TL-021,C,Valid,Valid
M8794,*************1794,WO11794,SUV Pro,TRIM-1,STN-02,2026-03-02 19:22,ENG-1283,SUP-188,EMP227,TL-002,A,Valid,Valid
M8795,*************1795,WO11795,Sedan X,GA-1,STN-05,2026-03-02 19:23,ENG-1203,SUP-125,EMP121,TL-021,C,Valid,Valid
M8796,*************1796,WO11796,SUV Pro,GA-1,STN-02,2026-03-02 19:25,ENG-1323,SUP-198,EMP226,TL-005,C,Valid,Valid
M8797,*************1797,WO11797,Hatch Z,GA-1,STN-03,2026-03-02 19:26,ENG-1401,SUP-097,EMP305,TL-017,C,Valid,Valid
M8798,*************1798,WO11798,Sedan X,GA-1,STN-01,2026-03-02 19:27,ENG-1258,SUP-185,EMP312,TL-003,A,Valid,Valid
M8799,*************1799,WO11799,Hatch Z,GA-2,STN-01,2026-03-02 19:28,ENG-1376,SUP-151,EMP300,TL-025,C,Valid,Valid
M8800,*************1800,WO11800,SUV Pro,TRIM-1,STN-05,2026-03-02 19:30,ENG-1380,SUP-006,EMP254,TL-036,,Valid,Valid
M8801,*************1801,WO11801,Sedan X,GA-1,STN-03,2026-03-02 19:31,ENG-1496,SUP-168,EMP395,TL-061,,Valid,Valid
M8802,*************1802,WO11802,SUV Pro,TRIM-1,STN-01,2026-03-02 19:32,ENG-1113,SUP-105,EMP387,TL-036,,Valid,Valid
M8803,*************1803,WO11803,SUV Pro,GA-2,STN-04,2026-03-02 19:33,ENG-1008,SUP-128,EMP301,TL-048,A,Valid,Valid
M8804,*************1804,WO11804,SUV Pro,GA-2,STN-05,2026-03-02 19:35,ENG-1499,SUP-007,EMP303,TL-099,B,Valid,Valid
M8805,*************1805,WO11805,SUV Pro,PAINT-1,STN-04,2026-03-02 19:36,ENG-1288,SUP-028,EMP259,TL-043,B,Valid,Valid
M8806,*************1806,WO11806,Hatch Z,GA-1,STN-01,2026-03-02 19:37,ENG-1287,SUP-044,EMP206,TL-063,B,Valid,Valid
M8807,*************1807,WO11807,Sedan X,GA-2,STN-04,2026-03-02 19:38,ENG-1315,SUP-122,EMP367,TL-093,B,Valid,Valid
M8808,*************1808,WO11808,Sedan X,TRIM-1,STN-03,2026-03-02 19:40,ENG-1210,SUP-080,EMP272,TL-020,A,Valid,Valid
M8809,*************1809,WO11809,SUV Pro,TRIM-1,STN-03,2026-03-02 19:41,ENG-1002,SUP-069,EMP207,TL-097,,Valid,Valid
M8810,*************1810,WO11810,Hatch Z,TRIM-1,STN-03,2026-03-02 19:42,ENG-1491,SUP-167,EMP220,TL-042,,Valid,Valid
M8811,*************1811,WO11811,Hatch Z,TRIM-1,STN-05,2026-03-02 19:43,ENG-1284,SUP-190,EMP141,TL-014,,Valid,Valid
M8812,*************1812,WO11812,Hatch Z,GA-1,STN-04,2026-03-02 19:45,ENG-1065,SUP-194,EMP106,TL-021,A,Valid,Valid
M8813,*************1813,WO11813,Sedan X,GA-2,STN-04,2026-03-02 19:46,ENG-1445,SUP-030,EMP119,TL-055,,Valid,Valid
M8814,*************1814,WO11814,Sedan X,TRIM-1,STN-02,2026-03-02 19:47,ENG-1383,SUP-141,EMP314,TL-052,A,Valid,Valid
M8815,*************1815,WO11815,SUV Pro,GA-1,STN-04,2026-03-02 19:48,ENG-1150,SUP-185,EMP238,TL-067,C,Valid,Valid
M8816,*************1816,WO11816,Hatch Z,PAINT-1,STN-05,2026-03-02 19:50,ENG-1332,SUP-043,EMP172,TL-038,B,Valid,Valid
M8817,*************1817,WO11817,Hatch Z,PAINT-1,STN-05,2026-03-02 19:51,ENG-1309,SUP-065,EMP341,TL-060,B,Valid,Valid
M8818,*************1818,WO11818,SUV Pro,GA-2,STN-02,2026-03-02 19:52,ENG-1268,SUP-184,EMP342,TL-002,C,Valid,Valid
M8819,*************1819,WO11819,SUV Pro,GA-2,STN-02,2026-03-02 19:53,ENG-1240,SUP-018,EMP102,TL-040,B,Valid,Valid
M8820,*************1820,WO11820,Sedan X,GA-1,STN-05,2026-03-02 19:55,ENG-1234,SUP-085,EMP148,TL-008,,Valid,Valid
M8821,*************1821,WO11821,Hatch Z,GA-2,STN-01,2026-03-02 19:56,ENG-1179,SUP-163,EMP386,TL-029,C,Valid,Valid
M8822,*************1822,WO11822,Hatch Z,GA-1,STN-02,2026-03-02 19:57,ENG-1140,SUP-073,EMP318,TL-075,C,Valid,Valid
M8823,*************1823,WO11823,SUV Pro,TRIM-1,STN-03,2026-03-02 19:58,ENG-1287,SUP-139,EMP203,TL-010,B,Valid,Valid
M8824,*************1824,WO11824,Sedan X,GA-2,STN-03,2026-03-02 20:00,ENG-1091,SUP-068,EMP388,TL-014,B,Valid,Valid
M8825,*************1825,WO11825,Hatch Z,TRIM-1,STN-03,2026-03-02 20:01,ENG-1294,SUP-198,EMP241,TL-095,,Valid,Valid
M8826,*************1826,WO11826,Sedan X,GA-2,STN-01,2026-03-02 20:02,ENG-1401,SUP-060,EMP210,TL-012,B,Valid,Valid
M8827,*************1827,WO11827,Sedan X,GA-2,STN-04,2026-03-02 20:03,ENG-1447,SUP-001,EMP265,TL-010,A,Valid,Valid
M8828,*************1828,WO11828,Sedan X,TRIM-1,STN-04,2026-03-02 20:05,ENG-1340,SUP-121,EMP267,TL-039,A,Valid,Valid
M8829,*************1829,WO11829,Sedan X,TRIM-1,STN-04,2026-03-02 20:06,ENG-1396,SUP-099,EMP342,TL-046,C,Valid,Valid
M8830,*************1830,WO11830,Hatch Z,PAINT-1,STN-05,2026-03-02 20:07,ENG-1040,SUP-155,EMP209,TL-022,C,Valid,Valid
M8831,*************1831,WO11831,Hatch Z,GA-2,STN-03,2026-03-02 20:08,ENG-1223,SUP-144,EMP326,TL-063,C,Valid,Valid
M8832,*************1832,WO11832,Hatch Z,GA-1,STN-05,2026-03-02 20:10,ENG-1460,SUP-112,EMP278,TL-023,A,Valid,Valid
M8833,*************1833,WO11833,SUV Pro,TRIM-1,STN-03,2026-03-02 20:11,ENG-1343,SUP-089,EMP317,TL-028,B,Valid,Valid
M8834,*************1834,WO11834,SUV Pro,PAINT-1,STN-02,2026-03-02 20:12,ENG-1477,SUP-192,EMP105,TL-026,,Valid,Valid
M8835,*************1835,WO11835,SUV Pro,GA-2,STN-01,2026-03-02 20:13,ENG-1300,SUP-080,EMP268,TL-013,C,Valid,Valid
M8836,*************1836,WO11836,SUV Pro,GA-1,STN-05,2026-03-02 20:15,ENG-1139,SUP-009,EMP240,TL-083,,Valid,Valid
M8837,*************1837,WO11837,SUV Pro,GA-1,STN-05,2026-03-02 20:16,ENG-1360,SUP-065,EMP240,TL-081,A,Valid,Valid
M8838,*************1838,WO11838,Hatch Z,GA-1,STN-03,2026-03-02 20:17,ENG-1367,SUP-121,EMP332,TL-063,B,Valid,Valid
M8839,*************1839,WO11839,SUV Pro,GA-1,STN-01,2026-03-02 20:18,ENG-1189,SUP-008,EMP178,TL-091,B,Valid,Valid
M8840,*************1840,WO11840,Sedan X,GA-1,STN-04,2026-03-02 20:20,ENG-1427,SUP-031,EMP128,TL-057,A,Valid,Valid
M8841,*************1841,WO11841,SUV Pro,GA-1,STN-03,2026-03-02 20:21,ENG-1278,SUP-072,EMP199,TL-084,A,Valid,Valid
M8842,*************1842,WO11842,SUV Pro,PAINT-1,STN-05,2026-03-02 20:22,ENG-1086,SUP-151,EMP287,TL-067,A,Valid,Valid
M8843,*************1843,WO11843,Hatch Z,TRIM-1,STN-04,2026-03-02 20:23,ENG-1428,SUP-171,EMP131,TL-009,B,Valid,Valid
M8844,*************1844,WO11844,Hatch Z,GA-2,STN-05,2026-03-02 20:25,ENG-1136,SUP-022,EMP188,TL-057,A,Valid,Valid
M8845,*************1845,WO11845,SUV Pro,GA-2,STN-05,2026-03-02 20:26,ENG-1258,SUP-105,EMP188,TL-082,A,Valid,Valid
M8846,*************1846,WO11846,SUV Pro,PAINT-1,STN-05,2026-03-02 20:27,ENG-1179,SUP-031,EMP274,TL-060,A,Valid,Valid
M8847,*************1847,WO11847,Hatch Z,TRIM-1,STN-01,2026-03-02 20:28,ENG-1059,SUP-024,EMP193,TL-094,A,Valid,Valid
M8848,*************1848,WO11848,Sedan X,PAINT-1,STN-05,2026-03-02 20:30,ENG-1320,SUP-006,EMP186,TL-999,A,Valid,Valid
M8849,*************1849,WO11849,Sedan X,PAINT-1,STN-04,2026-03-02 20:31,ENG-1041,SUP-186,EMP226,TL-040,B,Valid,Valid
M8850,*************1850,WO11850,Hatch Z,GA-2,STN-03,2026-03-02 20:32,ENG-1027,SUP-098,EMP246,TL-023,C,Valid,Valid
M8851,*************1851,WO11851,Sedan X,PAINT-1,STN-04,2026-03-02 20:33,ENG-1115,SUP-049,EMP239,TL-026,B,Valid,Valid
M8852,*************1852,WO11852,SUV Pro,PAINT-1,STN-05,2026-03-02 20:35,ENG-1225,SUP-068,EMP147,TL-063,C,Valid,Valid
M8853,*************1853,WO11853,Hatch Z,PAINT-1,STN-03,2026-03-02 20:36,ENG-1395,SUP-165,EMP367,TL-058,B,Valid,Valid
M8854,*************1854,WO11854,Sedan X,TRIM-1,STN-02,2026-03-02 20:37,ENG-1275,SUP-146,EMP207,TL-090,,Valid,Valid
M8855,*************1855,WO11855,SUV Pro,PAINT-1,STN-02,2026-03-02 20:38,ENG-1175,SUP-180,EMP357,TL-071,C,Valid,Valid
M8856,*************1856,WO11856,Sedan X,GA-2,STN-03,2026-03-02 20:40,ENG-1111,SUP-120,EMP233,TL-005,A,Valid,Valid
M8857,*************1857,WO11857,Hatch Z,GA-2,STN-04,2026-03-02 20:41,ENG-1071,SUP-120,EMP265,TL-048,,Valid,Valid
M8858,*************1858,WO11858,Hatch Z,GA-1,STN-03,2026-03-02 20:42,ENG-1359,SUP-027,EMP283,TL-002,B,Valid,Valid
M8859,*************1859,WO11859,SUV Pro,TRIM-1,STN-03,2026-03-02 20:43,ENG-1172,SUP-166,EMP151,TL-024,C,Valid,Valid
M8860,*************1860,WO11860,SUV Pro,GA-2,STN-04,2026-03-02 20:45,ENG-1279,SUP-048,EMP111,TL-057,,Valid,Valid
M8861,*************1861,WO11861,Hatch Z,TRIM-1,STN-05,2026-03-02 20:46,ENG-1204,SUP-122,EMP224,TL-033,C,Valid,Valid
M8862,*************1862,WO11862,Hatch Z,PAINT-1,STN-04,2026-03-02 20:47,ENG-1347,SUP-103,EMP253,TL-006,B,Valid,Valid
M8863,*************1863,WO11863,Hatch Z,GA-1,STN-04,2026-03-02 20:48,ENG-1218,SUP-199,EMP237,TL-074,,Valid,Valid
M8864,*************1864,WO11864,Hatch Z,GA-1,STN-02,2026-03-02 20:50,ENG-1262,SUP-043,EMP253,TL-077,B,Valid,Valid
M8865,*************1865,WO11865,Hatch Z,GA-2,STN-02,2026-03-02 20:51,ENG-1339,SUP-086,EMP127,TL-012,C,Valid,Valid
M8866,*************1866,WO11866,Sedan X,PAINT-1,STN-04,2026-03-02 20:52,ENG-1202,SUP-043,EMP335,TL-001,B,Valid,Valid
M8867,*************1867,WO11867,Sedan X,GA-2,STN-03,2026-03-02 20:53,ENG-1157,SUP-021,EMP194,TL-031,B,Valid,Valid
M8868,*************1868,WO11868,SUV Pro,GA-1,STN-05,2026-03-02 20:55,ENG-1125,SUP-040,EMP384,TL-100,C,Valid,Valid
M8869,*************1869,WO11869,Sedan X,TRIM-1,STN-02,2026-03-02 20:56,ENG-1176,SUP-026,EMP341,TL-071,,Valid,Valid
M8870,*************1870,WO11870,Hatch Z,GA-2,STN-04,2026-03-02 20:57,ENG-1342,SUP-097,EMP337,TL-091,B,Valid,Valid
M8871,*************1871,WO11871,Sedan X,TRIM-1,STN-02,2026-03-02 20:58,ENG-1162,SUP-196,EMP168,TL-052,C,Valid,Valid
M8872,*************1872,WO11872,SUV Pro,TRIM-1,STN-05,2026-03-02 21:00,ENG-1201,SUP-137,EMP136,TL-045,,Valid,Valid
M8873,*************1873,WO11873,Hatch Z,GA-1,STN-02,2026-03-02 21:01,ENG-1453,SUP-156,EMP191,TL-099,B,Valid,Valid
M8874,*************1874,WO11874,SUV Pro,PAINT-1,STN-03,2026-03-02 21:02,ENG-1256,SUP-001,EMP303,TL-010,B,Valid,Valid
M8875,*************1875,WO11875,Sedan X,TRIM-1,STN-02,2026-03-02 21:03,ENG-1022,SUP-055,EMP254,TL-056,A,Valid,Valid
M8876,*************1876,WO11876,SUV Pro,TRIM-1,STN-05,2026-03-02 21:05,ENG-1092,SUP-109,EMP177,TL-037,C,Valid,Valid
M8877,*************1877,WO11877,SUV Pro,TRIM-1,STN-01,2026-03-02 21:06,ENG-1133,SUP-108,EMP191,TL-021,,Valid,Valid
M8878,*************1878,WO11878,Hatch Z,GA-1,STN-04,2026-03-02 21:07,ENG-1412,SUP-022,EMP277,TL-088,A,Valid,Valid
M8879,*************1879,WO11879,Hatch Z,TRIM-1,STN-03,2026-03-02 21:08,ENG-1413,SUP-004,EMP182,TL-041,B,Valid,Valid
M8880,*************1880,WO11880,Hatch Z,TRIM-1,STN-05,2026-03-02 21:10,ENG-1232,SUP-003,EMP348,TL-084,,Valid,Valid
M8881,*************1881,WO11881,SUV Pro,GA-1,STN-03,2026-03-02 21:11,ENG-1217,SUP-067,EMP159,TL-078,,Valid,Valid
M8882,*************1882,WO11882,Hatch Z,PAINT-1,STN-03,2026-03-02 21:12,ENG-1242,SUP-183,EMP271,TL-069,C,Valid,Valid
M8883,*************1883,WO11883,Sedan X,GA-2,STN-04,2026-03-02 21:13,ENG-1272,SUP-195,EMP296,TL-087,A,Valid,Valid
M8884,*************1884,WO11884,Sedan X,GA-1,STN-03,2026-03-02 21:15,ENG-1485,SUP-182,EMP232,TL-026,,Valid,Valid
M8885,*************1885,WO11885,SUV Pro,GA-1,STN-04,2026-03-02 21:16,ENG-1001,SUP-073,EMP120,TL-016,,Valid,Valid
M8886,*************1886,WO11886,SUV Pro,PAINT-1,STN-01,2026-03-02 21:17,ENG-1455,SUP-154,EMP289,TL-033,,Valid,Valid
M8887,*************1887,WO11887,SUV Pro,PAINT-1,STN-03,2026-03-02 21:18,ENG-1419,SUP-007,EMP377,TL-035,B,Valid,Valid
M8888,*************1888,WO11888,SUV Pro,PAINT-1,STN-04,2026-03-02 21:20,ENG-1008,SUP-115,EMP266,TL-039,A,Valid,Valid
M8889,*************1889,WO11889,Hatch Z,GA-1,STN-03,2026-03-02 21:21,ENG-1374,SUP-010,EMP372,TL-095,,Valid,Valid
M8890,*************1890,WO11890,Sedan X,GA-2,STN-01,2026-03-02 21:22,ENG-1273,SUP-025,EMP164,TL-094,B,Valid,Valid
M8891,*************1891,WO11891,Hatch Z,TRIM-1,STN-04,2026-03-02 21:23,ENG-1457,SUP-071,EMP276,TL-059,B,Valid,Valid
M8892,*************1892,WO11892,Hatch Z,TRIM-1,STN-01,2026-03-02 21:25,ENG-1039,SUP-084,EMP290,TL-005,B,Valid,Valid
M8893,*************1893,WO11893,Hatch Z,GA-1,STN-04,2026-03-02 21:26,ENG-1262,SUP-186,EMP140,TL-044,C,Valid,Valid
M8894,*************1894,WO11894,SUV Pro,TRIM-1,STN-01,2026-03-02 21:27,ENG-1094,SUP-192,EMP231,TL-093,A,Valid,Valid
M8895,*************1895,WO11895,SUV Pro,GA-1,STN-03,2026-03-02 21:28,ENG-1098,SUP-147,EMP233,TL-039,B,Valid,Valid
M8896,*************1896,WO11896,Hatch Z,GA-1,STN-03,2026-03-02 21:30,ENG-1293,SUP-122,EMP210,TL-098,,Valid,Valid
M8897,*************1897,WO11897,SUV Pro,GA-2,STN-03,2026-03-02 21:31,ENG-1256,SUP-172,EMP123,TL-078,,Valid,Valid
M8898,*************1898,WO11898,Sedan X,PAINT-1,STN-03,2026-03-02 21:32,ENG-1002,SUP-105,EMP206,TL-003,,Valid,Valid
M8899,*************1899,WO11899,Hatch Z,GA-2,STN-03,2026-03-02 21:59,ENG-1136,SUP-119,EMP262,TL-013,B,Valid,Valid
M8900,*************1900,WO11900,Sedan X,GA-1,STN-05,2026-03-02 21:35,ENG-1166,SUP-057,EMP132,TL-079,C,Valid,Valid
M8901,*************1901,WO11901,Hatch Z,TRIM-1,STN-05,2026-03-02 21:36,ENG-1215,SUP-163,EMP268,TL-070,,Valid,Valid
M8902,*************1902,WO11902,SUV Pro,GA-1,STN-03,2026-03-02 21:37,ENG-1174,SUP-082,EMP277,TL-057,B,Valid,Valid
M8903,*************1903,WO11903,SUV Pro,TRIM-1,STN-02,2026-03-02 21:38,ENG-1272,SUP-179,EMP187,TL-087,,Valid,Valid
M8904,*************1904,WO11904,SUV Pro,TRIM-1,STN-01,2026-03-02 21:40,ENG-1338,SUP-147,EMP140,TL-081,,Valid,Valid
M8905,*************1905,WO11905,Hatch Z,PAINT-1,STN-01,2026-03-02 21:41,ENG-1106,SUP-192,EMP371,TL-048,C,Valid,Valid
M8906,*************1906,WO11906,SUV Pro,PAINT-1,STN-04,2026-03-02 21:42,ENG-1345,SUP-120,EMP115,TL-020,B,Valid,Valid
M8907,*************1907,WO11907,Hatch Z,PAINT-1,STN-05,2026-03-02 21:43,ENG-1220,SUP-107,EMP111,TL-097,C,Valid,Valid
M8908,*************1908,WO11908,Hatch Z,TRIM-1,STN-02,2026-03-02 21:45,ENG-1192,SUP-138,EMP167,TL-049,A,Valid,Valid
M8909,*************1909,WO11909,Sedan X,TRIM-1,STN-02,2026-03-02 21:46,ENG-1108,SUP-029,EMP392,TL-038,B,Valid,Valid
M8910,*************1910,WO11910,Sedan X,TRIM-1,STN-05,2026-03-02 21:47,ENG-1209,SUP-091,EMP211,TL-054,C,Valid,Valid
M8911,*************1911,WO11911,SUV Pro,PAINT-1,STN-05,2026-03-02 21:48,ENG-1054,SUP-171,EMP262,TL-065,,Valid,Valid
M8912,*************1912,WO11912,Sedan X,TRIM-1,STN-04,2026-03-02 21:50,ENG-1387,SUP-119,EMP246,TL-058,B,Valid,Valid
M8913,*************1913,WO11913,Sedan X,TRIM-1,STN-03,2026-03-02 21:51,ENG-1001,SUP-137,EMP271,TL-098,,Valid,Valid
M8914,*************1914,WO11914,Hatch Z,GA-2,STN-05,2026-03-02 21:52,ENG-1464,SUP-026,EMP296,TL-075,,Valid,Valid
M8915,*************1915,WO11915,SUV Pro,TRIM-1,STN-02,2026-03-02 21:53,ENG-1325,SUP-008,EMP214,TL-018,A,Valid,Valid
M8916,*************1916,WO11916,Hatch Z,TRIM-1,STN-01,2026-03-02 21:55,ENG-1166,SUP-157,EMP227,TL-022,,Valid,Valid
M8917,*************1917,WO11917,Hatch Z,GA-1,STN-03,2026-03-02 21:56,ENG-1011,SUP-191,EMP299,TL-071,B,Valid,Valid
M8918,*************1918,WO11918,Sedan X,TRIM-1,STN-03,2026-03-02 21:57,ENG-1370,SUP-062,EMP189,TL-061,B,Valid,Valid
M8919,*************1919,WO11919,SUV Pro,GA-2,STN-03,2026-03-02 21:58,ENG-1033,SUP-008,EMP205,TL-074,,Valid,Valid
M8920,*************1920,WO11920,SUV Pro,GA-2,STN-05,2026-03-02 22:00,ENG-1308,SUP-114,EMP223,TL-023,,Valid,Valid
M8921,*************1921,WO11921,Hatch Z,GA-1,STN-03,2026-03-02 22:01,ENG-1309,SUP-085,EMP181,TL-032,,Valid,Valid
M8922,*************1922,WO11922,Hatch Z,GA-1,STN-01,2026-03-02 22:02,ENG-1383,SUP-009,EMP308,TL-067,,Valid,Valid
M8923,*************1923,WO11923,SUV Pro,GA-1,STN-03,2026-03-02 22:03,ENG-1213,SUP-067,EMP375,TL-016,A,Valid,Valid
M8924,*************1924,WO11924,SUV Pro,TRIM-1,STN-03,2026-03-02 22:05,ENG-1371,SUP-016,EMP249,TL-051,A,Valid,Valid
M8925,*************1925,WO11925,SUV Pro,TRIM-1,STN-05,2026-03-02 22:06,ENG-1474,SUP-131,EMP325,TL-055,A,Valid,Valid
M8926,*************1926,WO11926,Sedan X,GA-2,STN-03,2026-03-02 22:07,ENG-1134,SUP-195,EMP396,TL-097,A,Valid,Valid
M8927,*************1927,WO11927,Hatch Z,GA-2,STN-03,2026-03-02 22:08,ENG-1211,SUP-169,EMP273,TL-019,B,Valid,Valid
M8928,*************1928,WO11928,SUV Pro,GA-2,STN-03,2026-03-02 22:10,ENG-1049,SUP-085,EMP137,TL-059,,Valid,Valid
M8929,*************1929,WO11929,Sedan X,PAINT-1,STN-03,2026-03-02 22:11,ENG-1151,SUP-177,EMP327,TL-043,,Valid,Valid
M8930,*************1930,WO11930,Hatch Z,PAINT-1,STN-05,2026-03-02 22:12,ENG-1140,SUP-153,EMP118,TL-098,B,Valid,Valid
M8931,*************1931,WO11931,Sedan X,PAINT-1,STN-01,2026-03-02 22:13,ENG-1113,SUP-095,EMP388,TL-047,C,Valid,Valid
M8932,*************1932,WO11932,SUV Pro,GA-2,STN-05,2026-03-02 22:15,ENG-1324,SUP-079,EMP343,TL-092,,Valid,Valid
M8933,*************1933,WO11933,Hatch Z,PAINT-1,STN-02,2026-03-02 22:16,ENG-1380,SUP-178,EMP165,TL-019,C,Valid,Valid
M8934,*************1934,WO11934,SUV Pro,PAINT-1,STN-05,2026-03-02 22:17,ENG-1116,SUP-008,EMP208,TL-075,C,Valid,Valid
M8935,*************1935,WO11935,Sedan X,GA-1,STN-03,2026-03-02 22:18,ENG-1186,SUP-185,EMP360,TL-096,,Valid,Valid
M8936,*************1936,WO11936,SUV Pro,GA-2,STN-03,2026-03-02 22:20,ENG-1329,SUP-040,EMP356,TL-041,C,Valid,Valid
M8937,*************1937,WO11937,SUV Pro,TRIM-1,STN-05,2026-03-02 22:21,ENG-1086,SUP-135,EMP346,TL-023,,Valid,Valid
M8938,*************1938,WO11938,SUV Pro,GA-1,STN-05,2026-03-02 22:22,ENG-1484,SUP-017,EMP275,TL-029,C,Valid,Valid
M8939,*************1939,WO11939,Sedan X,GA-2,STN-02,2026-03-02 22:23,ENG-1142,SUP-156,EMP161,TL-084,B,Valid,Valid
M8940,*************1940,WO11940,SUV Pro,TRIM-1,STN-04,2026-03-02 22:25,ENG-1291,SUP-164,EMP106,TL-096,B,Valid,Valid
M8941,*************1941,WO11941,Hatch Z,GA-2,STN-03,2026-03-02 22:26,ENG-1340,SUP-009,EMP304,TL-081,A,Valid,Valid
M8942,*************1942,WO11942,SUV Pro,GA-1,STN-03,2026-03-02 22:27,ENG-1283,SUP-137,EMP375,TL-011,A,Valid,Valid
M8943,*************1943,WO11943,SUV Pro,GA-2,STN-02,2026-03-02 22:28,ENG-1131,SUP-190,EMP193,TL-089,B,Valid,Valid
M8944,*************1944,WO11944,Sedan X,TRIM-1,STN-02,2026-03-02 22:30,ENG-1020,SUP-156,EMP236,TL-071,C,Valid,Valid
M8945,*************1945,WO11945,Sedan X,GA-2,STN-05,2026-03-02 22:31,ENG-1425,SUP-017,EMP167,TL-067,C,Valid,Valid
M8946,*************1946,WO11946,Sedan X,GA-2,STN-02,2026-03-02 22:32,ENG-1124,SUP-150,EMP397,TL-062,,Valid,Valid
M8947,*************1947,WO11947,Sedan X,GA-1,STN-03,2026-03-02 22:33,ENG-1404,SUP-163,EMP137,TL-026,,Valid,Valid
M8948,*************1948,WO11948,Sedan X,TRIM-1,STN-01,2026-03-02 22:35,ENG-1243,SUP-051,EMP151,TL-070,B,Valid,Valid
M8949,*************1949,WO11949,Hatch Z,TRIM-1,STN-03,2026-03-02 22:36,ENG-1291,SUP-003,EMP397,TL-056,A,Valid,Valid
M8950,*************1950,WO11950,Hatch Z,TRIM-1,STN-03,2026-03-02 22:37,ENG-1329,SUP-050,EMP333,TL-001,C,Valid,Valid
M8951,*************1951,WO11951,SUV Pro,PAINT-1,STN-04,2026-03-02 22:38,ENG-1323,SUP-046,EMP268,TL-065,,Valid,Valid
M8952,*************1952,WO11952,Hatch Z,PAINT-1,STN-05,2026-03-02 22:40,ENG-1153,SUP-068,EMP372,TL-032,C,Valid,Valid
M8953,*************1953,WO11953,SUV Pro,PAINT-1,STN-05,2026-03-02 22:41,ENG-1225,SUP-029,EMP193,TL-063,A,Valid,Valid
M8954,*************1954,WO11954,SUV Pro,TRIM-1,STN-04,2026-03-02 22:42,ENG-1083,SUP-046,EMP133,TL-098,,Valid,Valid
M8955,*************1955,WO11955,Hatch Z,PAINT-1,STN-01,2026-03-02 22:43,ENG-1473,SUP-114,EMP275,TL-082,B,Valid,Valid
M8956,*************1956,WO11956,Sedan X,GA-1,STN-03,2026-03-02 22:45,ENG-1118,SUP-055,EMP257,TL-065,C,Valid,Valid
M8957,*************1957,WO11957,SUV Pro,TRIM-1,STN-01,2026-03-02 22:46,ENG-1350,SUP-077,EMP207,TL-074,B,Valid,Valid
M8958,*************1958,WO11958,SUV Pro,GA-2,STN-02,2026-03-02 22:47,ENG-1392,SUP-102,EMP187,TL-021,B,Valid,Valid
M8959,*************1959,WO11959,SUV Pro,TRIM-1,STN-05,2026-03-02 22:48,ENG-1304,SUP-107,EMP237,TL-030,C,Valid,Valid
M8960,*************1960,WO11960,SUV Pro,PAINT-1,STN-03,2026-03-02 22:50,ENG-1074,SUP-079,EMP270,TL-094,C,Valid,Valid
M8961,*************1961,WO11961,Hatch Z,PAINT-1,STN-04,2026-03-02 22:51,ENG-1157,SUP-109,EMP388,TL-051,,Valid,Valid
M8962,*************1962,WO11962,Sedan X,TRIM-1,STN-01,2026-03-02 22:52,ENG-1495,SUP-105,EMP281,TL-083,B,Valid,Valid
M8963,*************1963,WO11963,SUV Pro,PAINT-1,STN-01,2026-03-02 22:53,ENG-1419,SUP-181,EMP203,TL-027,C,Valid,Valid
M8964,*************1964,WO11964,SUV Pro,PAINT-1,STN-01,2026-03-02 22:55,ENG-1164,SUP-110,EMP295,TL-042,B,Valid,Valid
M8965,*************1965,WO11965,Sedan X,TRIM-1,STN-03,2026-03-02 22:56,ENG-1140,SUP-028,EMP138,TL-032,B,Valid,Valid
M8966,*************1966,WO11966,SUV Pro,TRIM-1,STN-05,2026-03-02 22:57,ENG-1303,SUP-121,EMP123,TL-100,,Valid,Valid
M8967,*************1967,WO11967,Hatch Z,TRIM-1,STN-02,2026-03-02 22:58,ENG-1143,SUP-156,EMP292,TL-008,A,Valid,Valid
M8968,*************1968,WO11968,Sedan X,PAINT-1,STN-03,2026-03-02 23:00,ENG-1275,SUP-095,EMP324,TL-037,A,Valid,Valid
M8969,*************1969,WO11969,SUV Pro,GA-2,STN-05,2026-03-02 23:01,ENG-1037,SUP-084,EMP311,TL-020,B,Valid,Valid
M8970,*************1970,WO11970,Hatch Z,PAINT-1,STN-05,2026-03-02 23:02,ENG-1102,SUP-144,EMP145,TL-057,B,Valid,Valid
M8971,*************1971,WO11971,SUV Pro,PAINT-1,STN-05,2026-03-02 23:03,ENG-1271,SUP-075,EMP111,TL-018,A,Valid,Valid
M8972,*************1972,WO11972,Hatch Z,PAINT-1,STN-03,2026-03-02 23:05,ENG-1184,SUP-198,EMP328,TL-096,B,Valid,Valid
M8973,*************1973,WO11973,Sedan X,PAINT-1,STN-04,2026-03-02 23:06,ENG-1116,SUP-118,EMP285,TL-043,B,Valid,Valid
M8974,*************1974,WO11974,Hatch Z,PAINT-1,STN-03,2026-03-02 23:07,ENG-1309,SUP-192,EMP111,TL-018,A,Valid,Valid
M8975,*************1975,WO11975,Hatch Z,TRIM-1,STN-04,2026-03-02 23:08,ENG-1202,SUP-125,EMP124,TL-068,A,Valid,Valid
M8976,*************1976,WO11976,Hatch Z,PAINT-1,STN-01,2026-03-02 23:10,ENG-1289,SUP-112,EMP116,TL-065,C,Valid,Valid
M8977,*************1977,WO11977,Hatch Z,TRIM-1,STN-03,2026-03-02 23:11,ENG-1294,SUP-086,EMP134,TL-095,A,Valid,Valid
M8978,*************1978,WO11978,Hatch Z,GA-1,STN-05,2026-03-02 23:12,ENG-1399,SUP-029,EMP372,TL-021,A,Valid,Valid
M8979,*************1979,WO11979,Hatch Z,TRIM-1,STN-05,2026-03-02 23:13,ENG-1332,SUP-049,EMP137,TL-099,,Valid,Valid
M8980,*************1980,WO11980,SUV Pro,TRIM-1,STN-04,2026-03-02 23:15,ENG-1455,SUP-190,EMP177,TL-084,C,Valid,Valid
M8981,*************1981,WO11981,Sedan X,GA-2,STN-05,2026-03-02 23:16,ENG-1294,SUP-087,EMP332,TL-068,,Valid,Valid
M8982,*************1982,WO11982,Sedan X,TRIM-1,STN-05,2026-03-02 23:17,ENG-1150,SUP-002,EMP299,TL-003,A,Valid,Valid
M8983,*************1983,WO11983,Sedan X,PAINT-1,STN-04,2026-03-02 23:18,ENG-1077,SUP-067,EMP214,TL-075,C,Valid,Valid
M8984,*************1984,WO11984,Hatch Z,TRIM-1,STN-05,2026-03-02 23:20,ENG-1340,SUP-052,EMP394,TL-046,B,Valid,Valid
M8985,*************1985,WO11985,Sedan X,GA-2,STN-02,2026-03-02 23:21,ENG-1157,SUP-047,EMP151,TL-004,A,Valid,Valid
M8986,*************1986,WO11986,Sedan X,PAINT-1,STN-01,2026-03-02 23:22,ENG-1167,SUP-081,EMP217,TL-085,B,Valid,Valid
M8987,*************1987,WO11987,Sedan X,PAINT-1,STN-02,2026-03-02 23:23,ENG-1217,SUP-070,EMP219,TL-028,C,Valid,Valid
M8988,*************1988,WO11988,Sedan X,GA-2,STN-04,2026-03-02 23:25,ENG-1063,SUP-097,EMP113,TL-057,B,Valid,Valid
M8989,*************1989,WO11989,SUV Pro,GA-1,STN-04,2026-03-02 23:26,ENG-1224,SUP-103,EMP201,TL-027,,Valid,Valid
M8990,*************1990,WO11990,Hatch Z,GA-1,STN-01,2026-03-02 23:27,ENG-1496,SUP-045,EMP359,TL-075,A,Valid,Valid
M8991,*************1991,WO11991,Sedan X,GA-2,STN-01,2026-03-02 23:28,ENG-1481,SUP-126,EMP283,TL-096,C,Valid,Valid
M8992,*************1992,WO11992,SUV Pro,GA-2,STN-02,2026-03-02 23:30,ENG-1046,SUP-130,EMP284,TL-062,C,Valid,Valid
M8993,*************1993,WO11993,Hatch Z,GA-1,STN-04,2026-03-02 23:31,ENG-1008,SUP-002,EMP294,TL-054,,Valid,Valid
M8994,*************1994,WO11994,Sedan X,PAINT-1,STN-03,2026-03-02 23:32,ENG-1484,SUP-080,EMP133,TL-056,C,Valid,Valid
M8995,*************1995,WO11995,Sedan X,GA-1,STN-05,2026-03-02 23:33,ENG-1329,SUP-100,EMP341,TL-003,C,Valid,Valid
M8996,*************1996,WO11996,Hatch Z,PAINT-1,STN-01,2026-03-02 23:35,ENG-1072,SUP-064,EMP190,TL-073,A,Valid,Valid
M8997,*************1997,WO11997,Sedan X,GA-2,STN-02,2026-03-02 23:36,ENG-1355,SUP-121,EMP119,TL-008,B,Valid,Valid
M8998,,WO11998,Hatch Z,PAINT-1,STN-03,2026-03-02 23:37,ENG-1316,,EMP312,TL-021,,Valid,Invalid
M8999,*************1999,WO11999,Sedan X,GA-2,STN-05,2026-03-02 23:38,ENG-1494,SUP-039,EMP192,TL-047,A,Valid,Valid
M9000,*************2000,WO12000,Sedan X,GA-1,STN-04,2026-03-02 23:40,ENG-1104,SUP-079,EMP306,TL-081,C,Valid,Valid
M9001,*************2001,WO12001,SUV Pro,PAINT-1,STN-01,2026-03-02 23:41,ENG-1401,SUP-007,EMP269,TL-004,,Valid,Valid
M9002,*************2002,WO12002,Sedan X,GA-2,STN-04,2026-03-02 23:42,ENG-1023,SUP-139,EMP293,TL-098,B,Valid,Valid
M9003,*************2003,WO12003,Sedan X,GA-1,STN-01,2026-03-02 23:43,ENG-1178,SUP-058,EMP147,TL-054,A,Valid,Valid
M9004,*************2004,WO12004,Sedan X,TRIM-1,STN-04,2026-03-02 23:45,ENG-1212,SUP-138,EMP325,TL-018,A,Valid,Valid
M9005,*************2005,WO12005,SUV Pro,TRIM-1,STN-04,2026-03-02 23:46,ENG-1460,SUP-066,EMP165,TL-042,C,Valid,Valid
M9006,*************2006,WO12006,Hatch Z,GA-1,STN-04,2026-03-02 23:47,ENG-1252,SUP-192,EMP392,TL-026,B,Valid,Valid
M9007,*************2007,WO12007,Sedan X,GA-2,STN-03,2026-03-02 23:48,ENG-1482,SUP-037,EMP215,TL-085,A,Valid,Valid
M9008,*************2008,WO12008,Hatch Z,GA-1,STN-05,2026-03-02 23:50,ENG-1206,SUP-073,EMP153,TL-032,B,Valid,Valid
M9009,*************2009,WO12009,SUV Pro,GA-2,STN-05,2026-03-02 23:51,ENG-1337,SUP-078,EMP268,TL-091,,Valid,Valid
M9010,*************2010,WO12010,Hatch Z,PAINT-1,STN-03,2026-03-02 23:52,ENG-1460,SUP-034,EMP267,TL-055,C,Valid,Valid
M9011,*************2011,WO12011,Hatch Z,GA-2,STN-05,2026-03-02 23:53,ENG-1377,SUP-009,EMP297,TL-081,A,Valid,Valid
M9012,*************2012,WO12012,Sedan X,GA-2,STN-01,2026-03-02 23:55,ENG-1073,SUP-163,EMP117,TL-031,B,Valid,Valid
M9013,*************2013,WO12013,SUV Pro,PAINT-1,STN-01,2026-03-02 23:56,ENG-1292,SUP-124,EMP347,TL-045,B,Valid,Valid
M9014,*************2014,WO12014,Hatch Z,TRIM-1,STN-04,2026-03-02 23:57,ENG-1109,SUP-117,EMP234,TL-070,,Valid,Valid
M9015,*************2015,WO12015,Sedan X,PAINT-1,STN-05,2026-03-02 23:58,ENG-1393,SUP-132,EMP272,TL-044,B,Valid,Valid
M9016,*************2016,WO12016,SUV Pro,PAINT-1,STN-03,2026-03-03 00:00,ENG-1446,SUP-125,EMP381,TL-059,A,Valid,Valid
M9017,*************2017,WO12017,Hatch Z,PAINT-1,STN-03,2026-03-03 00:01,ENG-1265,SUP-068,EMP132,TL-999,C,Valid,Valid
M9018,*************2018,WO12018,SUV Pro,GA-1,STN-05,2026-03-03 00:02,ENG-1064,SUP-025,EMP216,TL-059,A,Valid,Valid
M9019,*************2019,WO12019,Sedan X,PAINT-1,STN-02,2026-03-03 00:03,ENG-1447,SUP-089,EMP257,TL-058,,Valid,Valid
M9020,*************2020,WO12020,Hatch Z,GA-1,STN-03,2026-03-03 00:05,ENG-1497,SUP-130,EMP193,TL-051,B,Valid,Valid
M9021,*************2021,WO12021,Sedan X,GA-2,STN-03,2026-03-03 00:06,ENG-1008,SUP-051,EMP281,TL-068,B,Valid,Valid
M9022,*************2022,WO12022,Hatch Z,GA-1,STN-03,2026-03-03 00:07,ENG-1272,SUP-093,EMP376,TL-030,B,Valid,Valid
M9023,*************2023,WO12023,SUV Pro,GA-2,STN-01,2026-03-03 00:08,ENG-1348,SUP-043,EMP215,TL-097,B,Valid,Valid
M9024,*************2024,WO12024,Hatch Z,TRIM-1,STN-03,2026-03-03 00:10,ENG-1103,SUP-072,EMP125,TL-052,C,Valid,Valid
M9025,*************2025,WO12025,SUV Pro,TRIM-1,STN-04,2026-03-03 00:11,ENG-1239,SUP-083,EMP169,TL-093,C,Valid,Valid
M9026,*************2026,WO12026,Sedan X,GA-1,STN-03,2026-03-03 00:12,ENG-1362,SUP-143,EMP259,TL-027,A,Valid,Valid
M9027,*************2027,WO12027,Sedan X,TRIM-1,STN-02,2026-03-03 00:13,ENG-1073,SUP-124,EMP182,TL-098,B,Valid,Valid
M9028,*************2028,WO12028,SUV Pro,GA-2,STN-05,2026-03-03 00:15,ENG-1214,SUP-101,EMP199,TL-032,C,Valid,Valid
M9029,*************2029,WO12029,Sedan X,GA-2,STN-03,2026-03-03 00:16,ENG-1071,SUP-103,EMP163,TL-093,B,Valid,Valid
M9030,*************2030,WO12030,Sedan X,TRIM-1,STN-02,2026-03-03 00:17,ENG-1001,SUP-173,EMP241,TL-098,C,Valid,Valid
M9031,*************2031,WO12031,Sedan X,GA-1,STN-05,2026-03-03 00:18,ENG-1159,SUP-135,EMP152,TL-099,,Valid,Valid
M9032,*************2032,WO12032,Sedan X,TRIM-1,STN-03,2026-03-03 00:20,ENG-1420,SUP-032,EMP377,TL-096,,Valid,Valid
M9033,*************2033,WO12033,Sedan X,GA-1,STN-03,2026-03-03 00:21,ENG-1466,SUP-185,EMP274,TL-035,A,Valid,Valid
M9034,*************2034,WO12034,SUV Pro,PAINT-1,STN-01,2026-03-03 00:22,ENG-1320,SUP-120,EMP318,TL-075,B,Valid,Valid
M9035,*************2035,WO12035,Hatch Z,TRIM-1,STN-03,2026-03-03 00:23,ENG-1149,SUP-058,EMP367,TL-014,A,Valid,Valid
M9036,*************2036,WO12036,Hatch Z,PAINT-1,STN-02,2026-03-03 00:25,ENG-1445,SUP-171,EMP353,TL-090,,Valid,Valid
M9037,*************2037,WO12037,SUV Pro,GA-1,STN-05,2026-03-03 00:26,ENG-1053,SUP-198,EMP243,TL-093,C,Valid,Valid
M9038,*************2038,WO12038,SUV Pro,PAINT-1,STN-04,2026-03-03 00:27,ENG-1341,SUP-065,EMP282,TL-011,A,Valid,Valid
M9039,*************2039,WO12039,Sedan X,TRIM-1,STN-02,2026-03-03 00:28,ENG-1299,SUP-127,EMP213,TL-076,,Valid,Valid
M9040,*************2040,WO12040,Hatch Z,PAINT-1,STN-01,2026-03-03 00:30,ENG-1399,SUP-182,EMP349,TL-072,,Valid,Valid
M9041,*************2041,WO12041,Hatch Z,TRIM-1,STN-01,2026-03-03 00:31,ENG-1308,SUP-028,EMP150,TL-074,A,Valid,Valid
M9042,*************2042,WO12042,Sedan X,GA-2,STN-03,2026-03-03 00:32,ENG-1297,SUP-173,EMP315,TL-051,A,Valid,Valid
M9043,*************2043,WO12043,SUV Pro,TRIM-1,STN-03,2026-03-03 00:33,ENG-1235,SUP-147,EMP367,TL-005,,Valid,Valid
M9044,*************2044,WO12044,Hatch Z,TRIM-1,STN-05,2026-03-03 00:35,ENG-1464,SUP-007,EMP210,TL-073,B,Valid,Valid
M9045,*************2045,WO12045,Sedan X,PAINT-1,STN-01,2026-03-03 00:36,ENG-1149,SUP-106,EMP114,TL-094,,Valid,Valid
M9046,*************2046,WO12046,SUV Pro,PAINT-1,STN-03,2026-03-03 00:37,ENG-1349,SUP-089,EMP280,TL-032,C,Valid,Valid
M9047,*************2047,WO12047,SUV Pro,GA-1,STN-03,2026-03-03 00:38,ENG-1234,SUP-179,EMP234,TL-099,B,Valid,Valid
M9048,*************2048,WO12048,Sedan X,PAINT-1,STN-05,2026-03-03 00:40,ENG-1205,SUP-193,EMP278,TL-100,B,Valid,Valid
M9049,*************2049,WO12049,SUV Pro,GA-1,STN-03,2026-03-03 00:41,ENG-1180,SUP-158,EMP375,TL-095,B,Valid,Valid
M9050,*************2050,WO12050,SUV Pro,PAINT-1,STN-01,2026-03-03 00:42,ENG-1468,SUP-185,EMP146,TL-082,,Valid,Valid
M9051,*************2051,WO12051,SUV Pro,TRIM-1,STN-05,2026-03-03 00:43,ENG-1095,SUP-194,EMP295,TL-026,C,Valid,Valid
M9052,*************2052,WO12052,Hatch Z,TRIM-1,STN-03,2026-03-03 00:45,ENG-1172,SUP-113,EMP285,TL-097,B,Valid,Valid
M9053,*************2053,WO12053,Sedan X,PAINT-1,STN-01,2026-03-03 00:46,ENG-1057,SUP-049,EMP397,TL-040,C,Valid,Valid
M9054,*************2054,WO12054,Hatch Z,GA-2,STN-04,2026-03-03 00:47,ENG-1316,SUP-179,EMP138,TL-026,A,Valid,Valid
M9055,*************2055,WO12055,Sedan X,TRIM-1,STN-03,2026-03-03 00:48,ENG-1134,SUP-038,EMP274,TL-069,C,Valid,Valid
M9056,*************2056,WO12056,SUV Pro,GA-2,STN-04,2026-03-03 00:50,ENG-1053,SUP-189,EMP250,TL-079,A,Valid,Valid
M9057,*************2057,WO12057,SUV Pro,GA-2,STN-04,2026-03-03 00:51,ENG-1422,SUP-011,EMP225,TL-071,B,Valid,Valid
M9058,*************2058,WO12058,Hatch Z,PAINT-1,STN-01,2026-03-03 00:52,ENG-1253,SUP-058,EMP212,TL-032,B,Valid,Valid
M9059,*************2059,WO12059,SUV Pro,GA-2,STN-02,2026-03-03 00:53,ENG-1006,SUP-076,EMP224,TL-003,,Valid,Valid
M9060,*************2060,WO12060,SUV Pro,TRIM-1,STN-05,2026-03-03 00:55,ENG-1282,SUP-146,EMP198,TL-053,B,Valid,Valid
M9061,*************2061,WO12061,Hatch Z,TRIM-1,STN-05,2026-03-03 00:56,ENG-1294,SUP-100,EMP233,TL-091,C,Valid,Valid
M9062,*************2062,WO12062,SUV Pro,TRIM-1,STN-03,2026-03-03 00:57,ENG-1186,SUP-061,EMP263,TL-070,C,Valid,Valid
M9063,*************2063,WO12063,Sedan X,GA-2,STN-03,2026-03-03 00:58,ENG-1440,SUP-180,EMP226,TL-069,B,Valid,Valid
M9064,*************2064,WO12064,Sedan X,TRIM-1,STN-05,2026-03-03 01:00,ENG-1160,SUP-027,EMP216,TL-093,C,Valid,Valid
M9065,*************2065,WO12065,Hatch Z,GA-2,STN-04,2026-03-03 01:01,ENG-1137,SUP-148,EMP127,TL-059,,Valid,Valid
M9066,*************2066,WO12066,SUV Pro,TRIM-1,STN-01,2026-03-03 01:02,ENG-1488,SUP-044,EMP111,TL-072,,Valid,Valid
M9067,*************2067,WO12067,Hatch Z,GA-1,STN-03,2026-03-03 01:03,ENG-1244,SUP-181,EMP175,TL-009,C,Valid,Valid
M9068,*************2068,WO12068,Sedan X,PAINT-1,STN-05,2026-03-03 01:05,ENG-1129,SUP-187,EMP114,TL-092,,Valid,Valid
M9069,*************2069,WO12069,SUV Pro,GA-2,STN-04,2026-03-03 01:06,ENG-1110,SUP-170,EMP331,TL-040,C,Valid,Valid
M9070,*************2070,WO12070,SUV Pro,GA-2,STN-05,2026-03-03 01:07,ENG-1408,SUP-131,EMP308,TL-019,C,Valid,Valid
M9071,*************2071,WO12071,Sedan X,GA-1,STN-05,2026-03-03 01:08,ENG-1386,SUP-092,EMP161,TL-100,A,Valid,Valid
M9072,*************2072,WO12072,Hatch Z,GA-1,STN-05,2026-03-03 01:10,ENG-1211,SUP-187,EMP182,TL-094,B,Valid,Valid
M9073,*************2073,WO12073,Sedan X,GA-2,STN-03,2026-03-03 01:11,ENG-1092,SUP-008,EMP353,TL-094,A,Valid,Valid
M9074,*************2074,WO12074,SUV Pro,GA-1,STN-01,2026-03-03 01:12,ENG-1484,SUP-104,EMP393,TL-090,,Valid,Valid
M9075,*************2075,WO12075,SUV Pro,TRIM-1,STN-05,2026-03-03 01:13,ENG-1242,SUP-036,EMP275,TL-024,A,Valid,Valid
M9076,*************2076,WO12076,SUV Pro,PAINT-1,STN-02,2026-03-03 01:15,ENG-1362,SUP-111,EMP229,TL-064,A,Valid,Valid
M9077,*************2077,WO12077,Sedan X,PAINT-1,STN-04,2026-03-03 01:16,ENG-1102,SUP-059,EMP279,TL-083,A,Valid,Valid
M9078,*************2078,WO12078,SUV Pro,TRIM-1,STN-03,2026-03-03 01:17,ENG-1048,SUP-135,EMP231,TL-003,A,Valid,Valid
M9079,*************2079,WO12079,Hatch Z,GA-1,STN-05,2026-03-03 01:18,ENG-1191,SUP-025,EMP186,TL-001,A,Valid,Valid
M9080,*************2080,WO12080,Sedan X,PAINT-1,STN-04,2026-03-03 01:20,ENG-1156,SUP-008,EMP390,TL-073,C,Valid,Valid
M9081,*************2081,WO12081,Sedan X,GA-2,STN-02,2026-03-03 01:21,ENG-1325,SUP-159,EMP355,TL-024,B,Valid,Valid
M9082,*************2082,WO12082,SUV Pro,GA-1,STN-03,2026-03-03 01:22,ENG-1349,SUP-040,EMP291,TL-074,B,Valid,Valid
M9083,*************2083,WO12083,SUV Pro,GA-2,STN-05,2026-03-03 01:23,ENG-1076,SUP-114,EMP115,TL-080,A,Valid,Valid
M9084,*************2084,WO12084,Hatch Z,GA-1,STN-03,2026-03-03 01:25,ENG-1478,SUP-080,EMP249,TL-014,C,Valid,Valid
M9085,*************2085,WO12085,Hatch Z,GA-2,STN-05,2026-03-03 01:26,ENG-1265,SUP-043,EMP151,TL-064,B,Valid,Valid
M9086,*************2086,WO12086,Hatch Z,GA-2,STN-05,2026-03-03 01:27,ENG-1471,SUP-087,EMP332,TL-085,,Valid,Valid
M9087,*************2087,WO12087,SUV Pro,GA-1,STN-05,2026-03-03 01:28,ENG-1283,SUP-017,EMP273,TL-032,C,Valid,Valid
M9088,*************2088,WO12088,Sedan X,GA-2,STN-03,2026-03-03 01:30,ENG-1251,SUP-049,EMP306,TL-006,C,Valid,Valid
M9089,*************2089,WO12089,Sedan X,TRIM-1,STN-03,2026-03-03 01:31,ENG-1431,SUP-169,EMP150,TL-067,A,Valid,Valid
M9090,*************2090,WO12090,Hatch Z,PAINT-1,STN-05,2026-03-03 01:32,ENG-1288,SUP-148,EMP372,TL-067,,Valid,Valid
M9091,*************2091,WO12091,Hatch Z,GA-2,STN-03,2026-03-03 01:33,ENG-1164,SUP-035,EMP329,TL-098,B,Valid,Valid
M9092,*************2092,WO12092,SUV Pro,TRIM-1,STN-04,2026-03-03 01:35,ENG-1222,SUP-097,EMP142,TL-063,A,Valid,Valid
M9093,*************2093,WO12093,SUV Pro,GA-1,STN-03,2026-03-03 01:36,ENG-1287,SUP-124,EMP299,TL-040,,Valid,Valid
M9094,*************2094,WO12094,SUV Pro,GA-1,STN-05,2026-03-03 01:37,ENG-1425,SUP-011,EMP196,TL-012,C,Valid,Valid
M9095,*************2095,WO12095,Hatch Z,GA-2,STN-05,2026-03-03 01:38,ENG-1160,SUP-190,EMP124,TL-069,A,Valid,Valid
M9096,*************2096,WO12096,Sedan X,PAINT-1,STN-04,2026-03-03 01:40,ENG-1096,SUP-091,EMP375,TL-007,,Valid,Valid
M9097,*************2097,WO12097,Hatch Z,GA-2,STN-05,2026-03-03 01:41,ENG-1189,SUP-175,EMP122,TL-028,A,Valid,Valid
M9098,*************2098,WO12098,SUV Pro,GA-2,STN-02,2026-03-03 01:42,ENG-1364,SUP-082,EMP137,TL-092,B,Valid,Valid
M9099,*************2099,WO12099,SUV Pro,GA-2,STN-05,2026-03-03 01:43,ENG-1327,SUP-157,EMP107,TL-006,,Valid,Valid
M9100,*************2100,WO12100,Sedan X,GA-1,STN-03,2026-03-03 01:45,ENG-1002,SUP-062,EMP269,TL-023,,Valid,Valid
M9101,*************2101,WO12101,Sedan X,PAINT-1,STN-03,2026-03-03 01:46,ENG-1205,SUP-012,EMP179,TL-019,B,Valid,Valid
M9102,*************2102,WO12102,Hatch Z,PAINT-1,STN-04,2026-03-03 01:47,ENG-1348,SUP-147,EMP258,TL-027,C,Valid,Valid
M9103,*************2103,WO12103,SUV Pro,GA-1,STN-04,2026-03-03 01:48,ENG-1421,SUP-106,EMP293,TL-036,B,Valid,Valid
M9104,*************2104,WO12104,SUV Pro,PAINT-1,STN-05,2026-03-03 01:50,ENG-1005,SUP-161,EMP302,TL-006,,Valid,Valid
M9105,*************2105,WO12105,Sedan X,GA-2,STN-01,2026-03-03 01:51,ENG-1326,SUP-030,EMP159,TL-021,,Valid,Valid
M9106,*************2106,WO12106,Sedan X,GA-2,STN-05,2026-03-03 01:52,ENG-1167,SUP-043,EMP231,TL-088,,Valid,Valid
M9107,*************2107,WO12107,SUV Pro,PAINT-1,STN-03,2026-03-03 01:53,ENG-1438,SUP-146,EMP233,TL-014,A,Valid,Valid
M9108,*************2108,WO12108,SUV Pro,GA-2,STN-01,2026-03-03 01:55,ENG-1284,SUP-128,EMP202,TL-017,A,Valid,Valid
M9109,*************2109,WO12109,SUV Pro,TRIM-1,STN-01,2026-03-03 01:56,ENG-1057,SUP-059,EMP119,TL-050,B,Valid,Valid
M9110,*************2110,WO12110,Sedan X,GA-1,STN-02,2026-03-03 01:59,ENG-1223,SUP-158,EMP289,TL-057,B,Valid,Valid
M9111,*************2111,WO12111,SUV Pro,GA-1,STN-05,2026-03-03 01:58,ENG-1478,SUP-129,EMP196,TL-099,B,Valid,Valid
M9112,*************2112,WO12112,Hatch Z,PAINT-1,STN-01,2026-03-03 02:00,ENG-1291,SUP-004,EMP178,TL-044,C,Valid,Valid
M9113,*************2113,WO12113,Sedan X,PAINT-1,STN-04,2026-03-03 02:01,ENG-1102,SUP-165,EMP128,TL-051,,Valid,Valid
M9114,*************2114,WO12114,Sedan X,PAINT-1,STN-05,2026-03-03 02:02,ENG-1032,SUP-058,EMP194,TL-081,B,Valid,Valid
M9115,*************2115,WO12115,SUV Pro,TRIM-1,STN-01,2026-03-03 02:03,ENG-1446,SUP-113,EMP135,TL-032,C,Valid,Valid
M9116,*************2116,WO12116,Hatch Z,GA-2,STN-02,2026-03-03 02:05,ENG-1280,SUP-082,EMP129,TL-015,A,Valid,Valid
M9117,*************2117,WO12117,SUV Pro,GA-1,STN-05,2026-03-03 02:06,ENG-1368,SUP-044,EMP264,TL-048,A,Valid,Valid
M9118,*************2118,WO12118,Sedan X,GA-1,STN-05,2026-03-03 02:07,ENG-1119,SUP-002,EMP295,TL-001,A,Valid,Valid
M9119,*************2119,WO12119,SUV Pro,GA-1,STN-03,2026-03-03 02:08,ENG-1114,SUP-196,EMP118,TL-073,A,Valid,Valid
M9120,*************2120,WO12120,Sedan X,TRIM-1,STN-05,2026-03-03 02:10,ENG-1330,SUP-099,EMP244,TL-088,,Valid,Valid
M9121,*************2121,WO12121,SUV Pro,GA-2,STN-05,2026-03-03 02:11,ENG-1251,SUP-157,EMP228,TL-045,,Valid,Valid
M9122,*************2122,WO12122,SUV Pro,GA-2,STN-04,2026-03-03 02:12,ENG-1274,SUP-093,EMP214,TL-019,C,Valid,Valid
M9123,*************2123,WO12123,Hatch Z,GA-2,STN-04,2026-03-03 02:13,ENG-1131,SUP-042,EMP288,TL-095,A,Valid,Valid
M9124,*************2124,WO12124,SUV Pro,PAINT-1,STN-02,2026-03-03 02:15,ENG-1021,SUP-118,EMP310,TL-091,B,Valid,Valid
M9125,*************2125,WO12125,SUV Pro,GA-2,STN-03,2026-03-03 02:16,ENG-1320,SUP-091,EMP206,TL-052,,Valid,Valid
M9126,*************2126,WO12126,SUV Pro,TRIM-1,STN-05,2026-03-03 02:17,ENG-1231,SUP-114,EMP298,TL-060,C,Valid,Valid
M9127,*************2127,WO12127,SUV Pro,PAINT-1,STN-05,2026-03-03 02:18,ENG-1204,SUP-035,EMP371,TL-027,B,Valid,Valid
M9128,*************2128,WO12128,Sedan X,GA-2,STN-05,2026-03-03 02:20,ENG-1099,SUP-187,EMP286,TL-060,,Valid,Valid
M9129,*************2129,WO12129,SUV Pro,PAINT-1,STN-02,2026-03-03 02:21,ENG-1201,SUP-037,EMP340,TL-014,,Valid,Valid
M9130,*************2130,WO12130,SUV Pro,TRIM-1,STN-01,2026-03-03 02:22,ENG-1102,SUP-056,EMP272,TL-071,B,Valid,Valid
M9131,*************2131,WO12131,Hatch Z,TRIM-1,STN-05,2026-03-03 02:23,ENG-1221,SUP-047,EMP326,TL-004,B,Valid,Valid
M9132,*************2132,WO12132,SUV Pro,GA-2,STN-03,2026-03-03 02:25,ENG-1381,SUP-175,EMP388,TL-099,B,Valid,Valid
M9133,*************2133,WO12133,Hatch Z,TRIM-1,STN-05,2026-03-03 02:26,ENG-1400,SUP-051,EMP177,TL-053,C,Valid,Valid
M9134,*************2134,WO12134,SUV Pro,GA-2,STN-03,2026-03-03 02:27,ENG-1378,SUP-034,EMP349,TL-041,A,Valid,Valid
M9135,*************2135,WO12135,Hatch Z,GA-1,STN-03,2026-03-03 02:28,ENG-1033,SUP-022,EMP110,TL-002,A,Valid,Valid
M9136,*************2136,WO12136,SUV Pro,GA-1,STN-03,2026-03-03 02:30,ENG-1476,SUP-092,EMP203,TL-096,B,Valid,Valid
M9137,*************2137,WO12137,Sedan X,PAINT-1,STN-03,2026-03-03 02:31,ENG-1033,SUP-093,EMP261,TL-075,,Valid,Valid
M9138,*************2138,WO12138,SUV Pro,PAINT-1,STN-05,2026-03-03 02:32,ENG-1089,SUP-075,EMP255,TL-013,B,Valid,Valid
M9139,*************2139,WO12139,Sedan X,GA-2,STN-04,2026-03-03 02:33,ENG-1060,SUP-137,EMP309,TL-021,,Valid,Valid
M9140,*************2140,WO12140,Hatch Z,PAINT-1,STN-05,2026-03-03 02:35,ENG-1434,SUP-064,EMP158,TL-085,B,Valid,Valid
M9141,*************2141,WO12141,SUV Pro,GA-1,STN-03,2026-03-03 02:36,ENG-1020,SUP-035,EMP295,TL-061,,Valid,Valid
M9142,*************2142,WO12142,SUV Pro,GA-2,STN-03,2026-03-03 02:37,ENG-1010,SUP-151,EMP285,TL-057,B,Valid,Valid
M9143,*************2143,WO12143,SUV Pro,GA-1,STN-04,2026-03-03 02:38,ENG-1484,SUP-172,EMP390,TL-045,C,Valid,Valid
M9144,*************2144,WO12144,Sedan X,PAINT-1,STN-01,2026-03-03 02:40,ENG-1090,SUP-035,EMP253,TL-087,,Valid,Valid
M9145,*************2145,WO12145,Sedan X,GA-1,STN-03,2026-03-03 02:41,ENG-1491,SUP-172,EMP200,TL-082,C,Valid,Valid
M9146,*************2146,WO12146,SUV Pro,GA-1,STN-03,2026-03-03 02:42,ENG-1308,SUP-127,EMP108,TL-080,,Valid,Valid
M9147,*************2147,WO12147,Sedan X,PAINT-1,STN-03,2026-03-03 02:43,ENG-1129,SUP-050,EMP362,TL-036,A,Valid,Valid
M9148,*************2148,WO12148,SUV Pro,PAINT-1,STN-02,2026-03-03 02:45,ENG-1026,SUP-167,EMP222,TL-090,C,Valid,Valid
M9149,*************2149,WO12149,SUV Pro,TRIM-1,STN-04,2026-03-03 02:46,ENG-1172,SUP-011,EMP239,TL-096,,Valid,Valid
M9150,*************2150,WO12150,Hatch Z,GA-1,STN-03,2026-03-03 02:47,ENG-1282,SUP-009,EMP166,TL-080,A,Valid,Valid
M9151,*************2151,WO12151,Hatch Z,GA-1,STN-03,2026-03-03 02:48,ENG-1194,SUP-052,EMP340,TL-049,,Valid,Valid
M9152,*************2152,WO12152,Sedan X,PAINT-1,STN-05,2026-03-03 02:50,ENG-1192,SUP-086,EMP287,TL-066,,Valid,Valid
M9153,*************2153,WO12153,SUV Pro,PAINT-1,STN-02,2026-03-03 02:51,ENG-1482,SUP-089,EMP233,TL-071,B,Valid,Valid
M9154,*************2154,WO12154,SUV Pro,PAINT-1,STN-03,2026-03-03 02:52,ENG-1042,SUP-116,EMP143,TL-086,C,Valid,Valid
M9155,*************2155,WO12155,Hatch Z,GA-1,STN-01,2026-03-03 02:53,ENG-1415,SUP-033,EMP154,TL-032,A,Valid,Valid
M9156,*************2156,WO12156,Sedan X,PAINT-1,STN-01,2026-03-03 02:55,ENG-1078,SUP-147,EMP221,TL-100,A,Valid,Valid
M9157,*************2157,WO12157,Sedan X,GA-1,STN-05,2026-03-03 02:56,ENG-1006,SUP-189,EMP274,TL-080,A,Valid,Valid
M9158,*************2158,WO12158,Sedan X,TRIM-1,STN-05,2026-03-03 02:57,ENG-1447,SUP-085,EMP154,TL-079,A,Valid,Valid
M9159,*************2159,WO12159,Sedan X,GA-2,STN-02,2026-03-03 02:58,ENG-1470,SUP-191,EMP141,TL-024,A,Valid,Valid
M9160,*************2160,WO12160,Hatch Z,GA-1,STN-01,2026-03-03 03:00,ENG-1221,SUP-176,EMP219,TL-027,A,Valid,Valid
M9161,*************2161,WO12161,Hatch Z,GA-1,STN-04,2026-03-03 03:01,ENG-1164,SUP-161,EMP371,TL-025,,Valid,Valid
M9162,*************2162,WO12162,Sedan X,TRIM-1,STN-05,2026-03-03 03:02,ENG-1361,SUP-048,EMP340,TL-037,A,Valid,Valid
M9163,*************2163,WO12163,SUV Pro,GA-2,STN-05,2026-03-03 03:03,ENG-1003,SUP-021,EMP190,TL-026,C,Valid,Valid
M9164,*************2164,WO12164,Sedan X,GA-2,STN-05,2026-03-03 03:05,ENG-1063,SUP-180,EMP138,TL-025,B,Valid,Valid
M9165,*************2165,WO12165,SUV Pro,GA-2,STN-02,2026-03-03 03:06,ENG-1202,SUP-163,EMP251,TL-077,,Valid,Valid
M9166,*************2166,WO12166,Hatch Z,PAINT-1,STN-02,2026-03-03 03:07,ENG-1218,SUP-065,EMP276,TL-095,B,Valid,Valid
M9167,*************2167,WO12167,Hatch Z,GA-1,STN-05,2026-03-03 03:08,ENG-1455,SUP-175,EMP228,TL-037,B,Valid,Valid
M9168,*************2168,WO12168,Sedan X,GA-1,STN-01,2026-03-03 03:10,ENG-1252,SUP-089,EMP130,TL-080,,Valid,Valid
M9169,*************2169,WO12169,Sedan X,TRIM-1,STN-01,2026-03-03 03:11,ENG-1381,SUP-173,EMP145,TL-041,C,Valid,Valid
M9170,*************2170,WO12170,Hatch Z,GA-1,STN-05,2026-03-03 03:12,ENG-1134,SUP-187,EMP263,TL-058,C,Valid,Valid
M9171,*************2171,WO12171,Hatch Z,TRIM-1,STN-03,2026-03-03 03:13,ENG-1255,SUP-077,EMP350,TL-041,B,Valid,Valid
M9172,*************2172,WO12172,Sedan X,GA-2,STN-01,2026-03-03 03:15,ENG-1353,SUP-091,EMP309,TL-060,,Valid,Valid
M9173,*************2173,WO12173,SUV Pro,TRIM-1,STN-04,2026-03-03 03:16,ENG-1444,SUP-119,EMP331,TL-020,B,Valid,Valid
M9174,*************2174,WO12174,Hatch Z,TRIM-1,STN-04,2026-03-03 03:17,ENG-1486,SUP-007,EMP171,TL-999,C,Valid,Valid
M9175,*************2175,WO12175,SUV Pro,GA-2,STN-04,2026-03-03 03:18,ENG-1001,SUP-094,EMP107,TL-056,B,Valid,Valid
M9176,*************2176,WO12176,Sedan X,GA-2,STN-02,2026-03-03 03:20,ENG-1048,SUP-005,EMP300,TL-061,B,Valid,Valid
M9177,*************2177,WO12177,SUV Pro,PAINT-1,STN-02,2026-03-03 03:21,ENG-1011,SUP-128,EMP300,TL-021,C,Valid,Valid
M9178,*************2178,WO12178,Hatch Z,PAINT-1,STN-02,2026-03-03 03:22,ENG-1097,SUP-125,EMP355,TL-056,,Valid,Valid
M9179,*************2179,WO12179,Sedan X,TRIM-1,STN-05,2026-03-03 03:23,ENG-1030,SUP-091,EMP154,TL-009,C,Valid,Valid
M9180,*************2180,WO12180,Hatch Z,TRIM-1,STN-05,2026-03-03 03:25,ENG-1148,SUP-037,EMP220,TL-067,,Valid,Valid
M9181,*************2181,WO12181,Sedan X,TRIM-1,STN-04,2026-03-03 03:26,ENG-1006,SUP-079,EMP181,TL-044,C,Valid,Valid
M9182,*************2182,WO12182,Hatch Z,TRIM-1,STN-05,2026-03-03 03:27,ENG-1062,SUP-154,EMP166,TL-068,C,Valid,Valid
M9183,*************2183,WO12183,SUV Pro,PAINT-1,STN-03,2026-03-03 03:28,ENG-1352,SUP-033,EMP289,TL-073,,Valid,Valid
M9184,*************2184,WO12184,Sedan X,GA-1,STN-04,2026-03-03 03:30,ENG-1189,SUP-107,EMP226,TL-027,C,Valid,Valid
M9185,*************2185,WO12185,Hatch Z,GA-2,STN-03,2026-03-03 03:31,ENG-1462,SUP-081,EMP343,TL-999,C,Valid,Valid
M9186,*************2186,WO12186,Hatch Z,PAINT-1,STN-05,2026-03-03 03:32,ENG-1406,SUP-085,EMP199,TL-017,C,Valid,Valid
M9187,*************2187,WO12187,Hatch Z,GA-2,STN-05,2026-03-03 03:33,ENG-1303,SUP-157,EMP221,TL-032,,Valid,Valid
M9188,*************2188,WO12188,Hatch Z,TRIM-1,STN-01,2026-03-03 03:35,ENG-1160,SUP-131,EMP148,TL-050,B,Valid,Valid
M9189,*************2189,WO12189,Hatch Z,PAINT-1,STN-01,2026-03-03 03:36,ENG-1270,SUP-126,EMP336,TL-078,C,Valid,Valid
M9190,*************2190,WO12190,Sedan X,TRIM-1,STN-04,2026-03-03 03:37,ENG-1398,SUP-050,EMP241,TL-092,B,Valid,Valid
M9191,*************2191,WO12191,SUV Pro,GA-1,STN-04,2026-03-03 03:38,ENG-1126,SUP-058,EMP101,TL-042,C,Valid,Valid
M9192,*************2192,WO12192,Hatch Z,TRIM-1,STN-05,2026-03-03 03:40,ENG-1074,SUP-070,EMP263,TL-063,C,Valid,Valid
M9193,*************2193,WO12193,Hatch Z,GA-2,STN-03,2026-03-03 03:41,ENG-1415,SUP-166,EMP196,TL-077,A,Valid,Valid
M9194,*************2194,WO12194,SUV Pro,GA-1,STN-05,2026-03-03 03:42,ENG-1453,SUP-050,EMP368,TL-065,C,Valid,Valid
M9195,*************2195,WO12195,Sedan X,TRIM-1,STN-04,2026-03-03 03:43,ENG-1358,SUP-003,EMP252,TL-034,B,Valid,Valid
M9196,*************2196,WO12196,Sedan X,PAINT-1,STN-01,2026-03-03 03:45,ENG-1014,SUP-167,EMP315,TL-011,C,Valid,Valid
M9197,*************2197,WO12197,SUV Pro,GA-2,STN-04,2026-03-03 03:46,ENG-1320,SUP-098,EMP384,TL-021,,Valid,Valid
M9198,*************2198,WO12198,SUV Pro,GA-1,STN-03,2026-03-03 03:47,ENG-1233,SUP-071,EMP201,TL-091,,Valid,Valid
M9199,*************2199,WO12199,SUV Pro,GA-2,STN-05,2026-03-03 03:48,ENG-1065,SUP-083,EMP108,TL-016,A,Valid,Valid
M9200,*************2200,WO12200,SUV Pro,TRIM-1,STN-03,2026-03-03 03:50,ENG-1072,SUP-081,EMP292,TL-071,A,Valid,Valid
M9201,*************2201,WO12201,Hatch Z,TRIM-1,STN-05,2026-03-03 03:51,ENG-1165,SUP-102,EMP191,TL-042,A,Valid,Valid
M9202,*************2202,WO12202,Hatch Z,PAINT-1,STN-03,2026-03-03 03:52,ENG-1289,SUP-194,EMP391,TL-006,A,Valid,Valid
M9203,*************2203,WO12203,Hatch Z,GA-2,STN-04,2026-03-03 03:53,ENG-1032,SUP-018,EMP171,TL-020,A,Valid,Valid
M9204,*************2204,WO12204,Hatch Z,GA-2,STN-05,2026-03-03 03:55,ENG-1120,SUP-024,EMP284,TL-046,C,Valid,Valid
M9205,*************2205,WO12205,Sedan X,TRIM-1,STN-03,2026-03-03 03:56,ENG-1384,SUP-018,EMP352,TL-052,A,Valid,Valid
M9206,*************2206,WO12206,Hatch Z,TRIM-1,STN-05,2026-03-03 03:57,ENG-1404,SUP-102,EMP179,TL-071,A,Valid,Valid
M9207,*************2207,WO12207,Sedan X,TRIM-1,STN-02,2026-03-03 03:58,ENG-1059,SUP-196,EMP233,TL-030,B,Valid,Valid
M9208,*************2208,WO12208,Sedan X,GA-1,STN-01,2026-03-03 04:00,ENG-1329,SUP-179,EMP215,TL-062,A,Valid,Valid
M9209,*************2209,WO12209,Sedan X,GA-2,STN-03,2026-03-03 04:01,ENG-1119,SUP-040,EMP170,TL-065,C,Valid,Valid
M9210,*************2210,WO12210,SUV Pro,TRIM-1,STN-03,2026-03-03 04:02,ENG-1324,SUP-172,EMP302,TL-003,C,Valid,Valid
M9211,*************2211,WO12211,SUV Pro,GA-1,STN-05,2026-03-03 04:03,ENG-1365,SUP-179,EMP312,TL-071,A,Valid,Valid
M9212,*************2212,WO12212,Sedan X,GA-2,STN-05,2026-03-03 04:05,ENG-1018,SUP-054,EMP217,TL-075,,Valid,Valid
M9213,*************2213,WO12213,Sedan X,PAINT-1,STN-05,2026-03-03 04:06,ENG-1041,SUP-149,EMP288,TL-066,B,Valid,Valid
M9214,*************2214,WO12214,SUV Pro,GA-2,STN-02,2026-03-03 04:07,ENG-1274,SUP-002,EMP244,TL-035,C,Valid,Valid
M9215,*************2215,WO12215,Hatch Z,TRIM-1,STN-02,2026-03-03 04:08,ENG-1427,SUP-052,EMP231,TL-043,B,Valid,Valid
M9216,*************2216,WO12216,SUV Pro,PAINT-1,STN-04,2026-03-03 04:10,ENG-1061,SUP-167,EMP246,TL-058,A,Valid,Valid
M9217,*************2217,WO12217,SUV Pro,TRIM-1,STN-02,2026-03-03 04:11,ENG-1094,SUP-029,EMP121,TL-050,A,Valid,Valid
M9218,*************2218,WO12218,Hatch Z,GA-2,STN-02,2026-03-03 04:12,ENG-1388,SUP-146,EMP252,TL-089,B,Valid,Valid
M9219,*************2219,WO12219,Hatch Z,PAINT-1,STN-03,2026-03-03 04:13,ENG-1237,SUP-014,EMP217,TL-073,C,Valid,Valid
M9220,*************2220,WO12220,Sedan X,GA-1,STN-03,2026-03-03 04:15,ENG-1006,,EMP210,TL-024,C,Valid,Valid
M9221,*************2221,WO12221,Sedan X,TRIM-1,STN-05,2026-03-03 04:16,ENG-1198,SUP-185,EMP267,TL-059,,Valid,Valid
M9222,*************2222,WO12222,Hatch Z,GA-2,STN-04,2026-03-03 04:17,ENG-1245,SUP-144,EMP246,TL-086,B,Valid,Valid
M9223,*************2223,WO12223,Sedan X,GA-1,STN-01,2026-03-03 04:18,ENG-1436,SUP-008,EMP125,TL-002,C,Valid,Valid
M9224,*************2224,WO12224,Sedan X,PAINT-1,STN-04,2026-03-03 04:20,ENG-1195,SUP-187,EMP390,TL-021,A,Valid,Valid
M9225,*************2225,WO12225,Sedan X,PAINT-1,STN-02,2026-03-03 04:21,ENG-1330,SUP-049,EMP316,TL-095,C,Valid,Valid
M9226,*************2226,WO12226,Sedan X,PAINT-1,STN-04,2026-03-03 04:22,ENG-1334,SUP-006,EMP252,TL-099,A,Valid,Valid
M9227,*************2227,WO12227,Sedan X,PAINT-1,STN-02,2026-03-03 04:23,ENG-1134,SUP-117,EMP204,TL-016,A,Valid,Valid
M9228,*************2228,WO12228,SUV Pro,GA-2,STN-01,2026-03-03 04:25,ENG-1057,SUP-023,EMP220,TL-059,C,Valid,Valid
M9229,*************2229,WO12229,SUV Pro,GA-1,STN-05,2026-03-03 04:26,ENG-1288,SUP-123,EMP132,TL-094,B,Valid,Valid
M9230,*************2230,WO12230,Sedan X,GA-1,STN-04,2026-03-03 04:27,ENG-1347,SUP-097,EMP115,TL-005,,Valid,Valid
M9231,*************2231,WO12231,SUV Pro,TRIM-1,STN-04,2026-03-03 04:28,ENG-1089,SUP-004,EMP395,TL-006,A,Valid,Valid
M9232,*************2232,WO12232,SUV Pro,PAINT-1,STN-05,2026-03-03 04:30,ENG-1245,SUP-052,EMP236,TL-004,C,Valid,Valid
M9233,*************2233,WO12233,Sedan X,GA-2,STN-05,2026-03-03 04:31,ENG-1229,SUP-001,EMP122,TL-073,,Valid,Valid
M9234,*************2234,WO12234,Hatch Z,TRIM-1,STN-03,2026-03-03 04:32,ENG-1118,SUP-184,EMP124,TL-037,C,Valid,Valid
M9235,*************2235,WO12235,Sedan X,PAINT-1,STN-04,2026-03-03 04:33,ENG-1420,SUP-121,EMP378,TL-021,C,Valid,Valid
M9236,*************2236,WO12236,Hatch Z,PAINT-1,STN-05,2026-03-03 04:35,ENG-1282,SUP-139,EMP174,TL-042,C,Valid,Valid
M9237,*************2237,WO12237,SUV Pro,GA-2,STN-05,2026-03-03 04:36,ENG-1205,SUP-096,EMP339,TL-045,C,Valid,Valid
M9238,*************2238,WO12238,Sedan X,TRIM-1,STN-05,2026-03-03 04:37,ENG-1277,SUP-105,EMP284,TL-056,A,Valid,Valid
M9239,*************2239,WO12239,Hatch Z,PAINT-1,STN-02,2026-03-03 04:38,ENG-1170,SUP-092,EMP338,TL-058,B,Valid,Valid
M9240,*************2240,WO12240,Sedan X,PAINT-1,STN-05,2026-03-03 04:40,ENG-1470,SUP-161,EMP174,TL-077,C,Valid,Valid
M9241,*************2241,WO12241,Hatch Z,GA-2,STN-03,2026-03-03 04:41,ENG-1408,SUP-147,EMP171,TL-027,,Valid,Valid
M9242,*************2242,WO12242,Sedan X,TRIM-1,STN-01,2026-03-03 04:42,ENG-1256,SUP-140,EMP121,TL-067,A,Valid,Valid
M9243,*************2243,WO12243,Hatch Z,GA-1,STN-03,2026-03-03 04:43,ENG-1478,SUP-141,EMP184,TL-095,B,Valid,Valid
M9244,*************2244,WO12244,Hatch Z,PAINT-1,STN-04,2026-03-03 04:45,ENG-1059,SUP-084,EMP291,TL-071,,Valid,Valid
M9245,*************2245,WO12245,Hatch Z,TRIM-1,STN-02,2026-03-03 04:46,ENG-1295,SUP-090,EMP308,TL-089,A,Valid,Valid
M9246,*************2246,WO12246,Sedan X,TRIM-1,STN-02,2026-03-03 04:47,ENG-1427,SUP-178,EMP196,TL-092,A,Valid,Valid
M9247,*************2247,WO12247,Hatch Z,GA-1,STN-04,2026-03-03 04:48,ENG-1073,SUP-019,EMP256,TL-031,,Valid,Valid
M9248,*************2248,WO12248,SUV Pro,GA-2,STN-05,2026-03-03 04:50,ENG-1326,SUP-025,EMP197,TL-004,A,Valid,Valid
M9249,*************2249,WO12249,Sedan X,PAINT-1,STN-01,2026-03-03 04:51,ENG-1106,SUP-048,EMP136,TL-009,C,Valid,Valid
M9250,*************2250,WO12250,SUV Pro,GA-1,STN-04,2026-03-03 04:52,ENG-1483,SUP-092,EMP306,TL-002,C,Valid,Valid
M9251,*************2251,WO12251,SUV Pro,TRIM-1,STN-03,2026-03-03 04:53,ENG-1106,SUP-078,EMP319,TL-080,,Valid,Valid
M9252,*************2252,WO12252,Hatch Z,GA-1,STN-05,2026-03-03 04:55,ENG-1251,SUP-009,EMP355,TL-041,C,Valid,Valid
M9253,*************2253,WO12253,Sedan X,PAINT-1,STN-05,2026-03-03 04:56,ENG-1242,SUP-099,EMP375,TL-099,A,Valid,Valid
M9254,*************2254,WO12254,SUV Pro,PAINT-1,STN-05,2026-03-03 04:57,ENG-1251,SUP-007,EMP294,TL-005,,Valid,Valid
M9255,*************2255,WO12255,Sedan X,TRIM-1,STN-03,2026-03-03 04:58,ENG-1278,SUP-024,EMP142,TL-032,A,Valid,Valid
M9256,*************2256,WO12256,SUV Pro,TRIM-1,STN-05,2026-03-03 05:00,ENG-1172,SUP-062,EMP340,TL-005,C,Valid,Valid
M9257,*************2257,WO12257,SUV Pro,TRIM-1,STN-02,2026-03-03 05:01,ENG-1314,SUP-106,EMP148,TL-002,B,Valid,Valid
M9258,*************2258,WO12258,Hatch Z,GA-1,STN-05,2026-03-03 05:02,ENG-1227,SUP-018,EMP357,TL-024,,Valid,Valid
M9259,*************2259,WO12259,SUV Pro,TRIM-1,STN-03,2026-03-03 05:03,ENG-1473,SUP-138,EMP124,TL-033,A,Valid,Valid
M9260,*************2260,WO12260,Hatch Z,TRIM-1,STN-02,2026-03-03 05:05,ENG-1461,SUP-116,EMP250,TL-021,A,Valid,Valid
M9261,*************2261,WO12261,SUV Pro,PAINT-1,STN-04,2026-03-03 05:06,ENG-1056,SUP-176,EMP179,TL-010,B,Valid,Valid
M9262,*************2262,WO12262,SUV Pro,TRIM-1,STN-02,2026-03-03 05:07,ENG-1002,SUP-100,EMP190,TL-099,,Valid,Valid
M9263,*************2263,WO12263,Sedan X,PAINT-1,STN-02,2026-03-03 05:08,ENG-1114,SUP-088,EMP398,TL-064,B,Valid,Valid
M9264,*************2264,WO12264,Hatch Z,TRIM-1,STN-03,2026-03-03 05:10,ENG-1358,SUP-030,EMP151,TL-022,B,Valid,Valid
M9265,*************2265,WO12265,Sedan X,GA-1,STN-04,2026-03-03 05:11,ENG-1254,SUP-094,EMP320,TL-003,C,Valid,Valid
M9266,*************2266,WO12266,Hatch Z,GA-1,STN-04,2026-03-03 05:12,ENG-1242,SUP-009,EMP242,TL-056,,Valid,Valid
M9267,*************2267,WO12267,Sedan X,GA-1,STN-01,2026-03-03 05:13,ENG-1134,SUP-171,EMP283,TL-061,,Valid,Valid
M9268,*************2268,WO12268,Hatch Z,GA-2,STN-02,2026-03-03 05:15,ENG-1061,SUP-007,EMP182,TL-012,B,Valid,Valid
M9269,*************2269,WO12269,Hatch Z,GA-2,STN-04,2026-03-03 05:16,ENG-1337,SUP-140,EMP291,TL-072,C,Valid,Valid
M9270,*************2270,WO12270,SUV Pro,GA-1,STN-03,2026-03-03 05:17,ENG-1336,SUP-048,EMP398,TL-053,A,Valid,Valid
M9271,*************2271,WO12271,Hatch Z,GA-1,STN-02,2026-03-03 05:18,ENG-1103,SUP-038,EMP253,TL-018,,Valid,Valid
M9272,*************2272,WO12272,Sedan X,PAINT-1,STN-01,2026-03-03 05:20,ENG-1261,SUP-004,EMP157,TL-068,C,Valid,Valid
M9273,*************2273,WO12273,Hatch Z,GA-1,STN-03,2026-03-03 05:21,ENG-1450,SUP-036,EMP263,TL-032,,Valid,Valid
M9274,*************2274,WO12274,Sedan X,GA-2,STN-05,2026-03-03 05:22,ENG-1243,SUP-123,EMP345,TL-028,A,Valid,Valid
M9275,*************2275,WO12275,Sedan X,TRIM-1,STN-05,2026-03-03 05:23,ENG-1324,SUP-161,EMP377,TL-010,B,Valid,Valid
M9276,*************2276,WO12276,Hatch Z,GA-2,STN-03,2026-03-03 05:25,ENG-1261,SUP-038,EMP134,TL-062,A,Valid,Valid
M9277,*************2277,WO12277,Hatch Z,GA-2,STN-02,2026-03-03 05:26,ENG-1320,SUP-193,EMP311,TL-081,C,Valid,Valid
M9278,*************2278,WO12278,Sedan X,PAINT-1,STN-04,2026-03-03 05:27,ENG-1030,SUP-193,EMP321,TL-006,C,Valid,Valid
M9279,*************2279,WO12279,SUV Pro,GA-1,STN-02,2026-03-03 05:28,ENG-1343,SUP-186,EMP291,TL-051,,Valid,Valid
M9280,*************2280,WO12280,Hatch Z,GA-2,STN-05,2026-03-03 05:30,ENG-1464,SUP-033,EMP345,TL-079,,Valid,Valid
M9281,*************2281,WO12281,Hatch Z,GA-2,STN-02,2026-03-03 05:31,ENG-1306,SUP-134,EMP247,TL-064,A,Valid,Valid
M9282,*************2282,WO12282,SUV Pro,GA-1,STN-04,2026-03-03 05:32,ENG-1033,SUP-144,EMP143,TL-091,B,Valid,Valid
M9283,*************2283,WO12283,Hatch Z,GA-1,STN-03,2026-03-03 05:33,ENG-1142,SUP-101,EMP243,TL-060,C,Valid,Valid
M9284,*************2284,WO12284,SUV Pro,PAINT-1,STN-03,2026-03-03 05:35,ENG-1437,SUP-121,EMP361,TL-063,,Valid,Valid
M9285,*************2285,WO12285,Hatch Z,GA-2,STN-04,2026-03-03 05:36,ENG-1172,SUP-024,EMP350,TL-044,A,Valid,Valid
M9286,*************2286,WO12286,SUV Pro,PAINT-1,STN-03,2026-03-03 05:37,ENG-1447,SUP-074,EMP362,TL-030,C,Valid,Valid
M9287,*************2287,WO12287,SUV Pro,GA-2,STN-05,2026-03-03 05:38,ENG-1097,SUP-090,EMP256,TL-025,C,Valid,Valid
M9288,*************2288,WO12288,Hatch Z,TRIM-1,STN-03,2026-03-03 05:40,ENG-1135,SUP-154,EMP317,TL-086,B,Valid,Valid
M9289,*************2289,WO12289,Hatch Z,GA-2,STN-03,2026-03-03 05:41,ENG-1394,SUP-177,EMP251,TL-025,C,Valid,Valid
M9290,*************2290,WO12290,Hatch Z,PAINT-1,STN-02,2026-03-03 05:42,ENG-1408,SUP-119,EMP397,TL-067,B,Valid,Valid
M9291,*************2291,WO12291,Sedan X,PAINT-1,STN-05,2026-03-03 05:43,ENG-1126,SUP-053,EMP272,TL-024,,Valid,Valid
M9292,*************2292,WO12292,SUV Pro,GA-2,STN-04,2026-03-03 05:45,ENG-1247,SUP-184,EMP238,TL-073,,Valid,Valid
M9293,*************2293,WO12293,Hatch Z,PAINT-1,STN-02,2026-03-03 05:46,ENG-1130,SUP-156,EMP136,TL-033,A,Valid,Valid
M9294,*************2294,WO12294,SUV Pro,TRIM-1,STN-01,2026-03-03 05:47,ENG-1034,SUP-049,EMP230,TL-064,,Valid,Valid
M9295,*************2295,WO12295,Hatch Z,PAINT-1,STN-05,2026-03-03 05:48,ENG-1290,SUP-108,EMP201,TL-035,A,Valid,Valid
M9296,*************2296,WO12296,SUV Pro,TRIM-1,STN-05,2026-03-03 05:50,ENG-1055,SUP-122,EMP323,TL-050,C,Valid,Valid
M9297,*************2297,WO12297,Sedan X,GA-2,STN-02,2026-03-03 05:51,ENG-1062,SUP-093,EMP127,TL-006,A,Valid,Valid
M9298,*************2298,WO12298,SUV Pro,GA-1,STN-05,2026-03-03 05:52,ENG-1274,SUP-069,EMP165,TL-999,A,Valid,Valid
M9299,*************2299,WO12299,Hatch Z,TRIM-1,STN-02,2026-03-03 05:53,ENG-1020,SUP-170,EMP390,TL-008,A,Valid,Valid
M9300,*************2300,WO12300,Sedan X,PAINT-1,STN-05,2026-03-03 05:55,ENG-1368,SUP-071,EMP245,TL-056,B,Valid,Valid
M9301,*************2301,WO12301,Sedan X,GA-2,STN-05,2026-03-03 05:56,ENG-1309,SUP-147,EMP236,TL-071,C,Valid,Valid
M9302,*************2302,WO12302,Sedan X,GA-2,STN-01,2026-03-03 05:57,ENG-1283,SUP-150,EMP262,TL-098,B,Valid,Valid
M9303,*************2303,WO12303,Sedan X,TRIM-1,STN-02,2026-03-03 05:58,ENG-1277,SUP-158,EMP108,TL-021,A,Valid,Valid
M9304,*************2304,WO12304,Hatch Z,PAINT-1,STN-03,2026-03-03 06:00,ENG-1248,SUP-032,EMP148,TL-032,,Valid,Valid
M9305,*************2305,WO12305,Sedan X,GA-2,STN-04,2026-03-03 06:01,ENG-1312,SUP-043,EMP188,TL-029,C,Valid,Valid
M9306,*************2306,WO12306,Sedan X,GA-1,STN-02,2026-03-03 06:02,ENG-1343,SUP-079,EMP322,TL-075,,Valid,Valid
M9307,*************2307,WO12307,SUV Pro,GA-2,STN-02,2026-03-03 06:03,ENG-1051,SUP-021,EMP309,TL-092,,Valid,Valid
M9308,*************2308,WO12308,SUV Pro,GA-2,STN-05,2026-03-03 06:05,ENG-1454,SUP-099,EMP294,TL-003,C,Valid,Valid
M9309,*************2309,WO12309,Sedan X,TRIM-1,STN-04,2026-03-03 06:06,ENG-1404,SUP-135,EMP275,TL-042,A,Valid,Valid
M9310,*************2310,WO12310,SUV Pro,TRIM-1,STN-03,2026-03-03 06:07,ENG-1226,SUP-156,EMP205,TL-048,B,Valid,Valid
M9311,*************2311,WO12311,Hatch Z,GA-1,STN-05,2026-03-03 06:08,ENG-1428,SUP-179,EMP293,TL-022,,Valid,Valid
M9312,*************2312,WO12312,Sedan X,GA-2,STN-03,2026-03-03 06:10,ENG-1180,SUP-104,EMP240,TL-032,C,Valid,Valid
M9313,*************2313,WO12313,Sedan X,TRIM-1,STN-05,2026-03-03 06:11,ENG-1449,SUP-121,EMP112,TL-088,B,Valid,Valid
M9314,*************2314,WO12314,Hatch Z,GA-1,STN-04,2026-03-03 06:12,ENG-1365,SUP-006,EMP299,TL-074,C,Valid,Valid
M9315,*************2315,WO12315,SUV Pro,TRIM-1,STN-01,2026-03-03 06:13,ENG-1251,SUP-112,EMP328,TL-055,A,Valid,Valid
M9316,*************2316,WO12316,SUV Pro,PAINT-1,STN-03,2026-03-03 06:15,ENG-1117,SUP-069,EMP287,TL-034,,Valid,Valid
M9317,*************2317,WO12317,Sedan X,GA-2,STN-02,2026-03-03 06:16,ENG-1437,SUP-150,EMP364,TL-077,B,Valid,Valid
M9318,*************2318,WO12318,Sedan X,TRIM-1,STN-03,2026-03-03 06:17,ENG-1024,SUP-195,EMP217,TL-012,B,Valid,Valid
M9319,*************2319,WO12319,Sedan X,GA-1,STN-03,2026-03-03 06:18,ENG-1040,SUP-135,EMP230,TL-058,B,Valid,Valid
M9320,*************2320,WO12320,SUV Pro,GA-2,STN-03,2026-03-03 06:20,ENG-1001,SUP-112,EMP242,TL-024,B,Valid,Valid
M9321,*************2321,WO12321,SUV Pro,PAINT-1,STN-02,2026-03-03 06:59,ENG-1266,SUP-018,EMP218,TL-012,A,Valid,Valid
M9322,*************2322,WO12322,Hatch Z,GA-2,STN-03,2026-03-03 06:22,ENG-1280,SUP-121,EMP316,TL-022,B,Valid,Valid
M9323,*************2323,WO12323,Sedan X,GA-2,STN-05,2026-03-03 06:23,ENG-1364,SUP-020,EMP134,TL-099,A,Valid,Valid
M9324,*************2324,WO12324,SUV Pro,GA-2,STN-05,2026-03-03 06:25,ENG-1063,SUP-200,EMP336,TL-071,C,Valid,Valid
M9325,*************2325,WO12325,Hatch Z,GA-2,STN-02,2026-03-03 06:26,ENG-1273,SUP-048,EMP225,TL-999,A,Valid,Valid
M9326,*************2326,WO12326,SUV Pro,GA-2,STN-03,2026-03-03 06:27,ENG-1139,SUP-132,EMP110,TL-065,A,Valid,Valid
M9327,*************2327,WO12327,SUV Pro,GA-2,STN-02,2026-03-03 06:28,ENG-1024,SUP-121,EMP179,TL-017,B,Valid,Valid
M9328,*************2328,WO12328,Hatch Z,PAINT-1,STN-05,2026-03-03 06:30,ENG-1400,SUP-072,EMP336,TL-032,,Valid,Valid
M9329,*************2329,WO12329,Sedan X,GA-1,STN-05,2026-03-03 06:31,ENG-1127,SUP-042,EMP121,TL-009,,Valid,Valid
M9330,*************2330,WO12330,Sedan X,GA-1,STN-03,2026-03-03 06:32,ENG-1235,SUP-136,EMP350,TL-087,,Valid,Valid
M9331,,WO12331,Hatch Z,TRIM-1,STN-05,2026-03-03 06:33,ENG-1238,SUP-166,EMP366,TL-046,,Valid,Invalid
M9332,*************2332,WO12332,SUV Pro,TRIM-1,STN-02,2026-03-03 06:35,ENG-1257,SUP-128,EMP164,TL-005,B,Valid,Valid
M9333,*************2333,WO12333,Sedan X,PAINT-1,STN-03,2026-03-03 06:36,ENG-1152,SUP-030,EMP311,TL-049,,Valid,Valid
M9334,*************2334,WO12334,SUV Pro,PAINT-1,STN-01,2026-03-03 06:37,ENG-1161,SUP-125,EMP201,TL-097,A,Valid,Valid
M9335,*************2335,WO12335,Sedan X,TRIM-1,STN-03,2026-03-03 06:38,ENG-1326,SUP-193,EMP175,TL-058,B,Valid,Valid
M9336,*************2336,WO12336,Hatch Z,PAINT-1,STN-04,2026-03-03 06:40,ENG-1125,SUP-037,EMP108,TL-030,,Valid,Valid
M9337,*************2337,WO12337,SUV Pro,TRIM-1,STN-04,2026-03-03 06:41,ENG-1238,SUP-183,EMP338,TL-048,B,Valid,Valid
M9338,*************2338,WO12338,SUV Pro,GA-2,STN-04,2026-03-03 06:42,ENG-1491,SUP-014,EMP225,TL-019,A,Valid,Valid
M9339,*************2339,WO12339,SUV Pro,PAINT-1,STN-01,2026-03-03 06:43,ENG-1179,SUP-120,EMP297,TL-084,,Valid,Valid
M9340,*************2340,WO12340,Sedan X,PAINT-1,STN-03,2026-03-03 06:45,ENG-1420,SUP-132,EMP382,TL-062,A,Valid,Valid
M9341,*************2341,WO12341,SUV Pro,GA-1,STN-03,2026-03-03 06:46,ENG-1169,SUP-050,EMP258,TL-065,B,Valid,Valid
M9342,*************2342,WO12342,Sedan X,GA-1,STN-02,2026-03-03 06:47,ENG-1381,SUP-183,EMP387,TL-035,A,Valid,Valid
M9343,*************2343,WO12343,Sedan X,GA-2,STN-05,2026-03-03 06:48,ENG-1266,SUP-096,EMP112,TL-058,,Valid,Valid
M9344,*************2344,WO12344,SUV Pro,TRIM-1,STN-03,2026-03-03 06:50,ENG-1318,SUP-084,EMP245,TL-048,A,Valid,Valid
M9345,*************2345,WO12345,Hatch Z,GA-1,STN-04,2026-03-03 06:51,ENG-1388,SUP-125,EMP321,TL-098,A,Valid,Valid
M9346,*************2346,WO12346,Hatch Z,GA-1,STN-02,2026-03-03 06:52,ENG-1477,SUP-097,EMP269,TL-085,,Valid,Valid
M9347,*************2347,WO12347,Hatch Z,PAINT-1,STN-02,2026-03-03 06:53,ENG-1072,SUP-196,EMP200,TL-012,,Valid,Valid
M9348,*************2348,WO12348,SUV Pro,TRIM-1,STN-02,2026-03-03 06:55,ENG-1021,SUP-012,EMP255,TL-002,B,Valid,Valid
M9349,*************2349,WO12349,Sedan X,TRIM-1,STN-05,2026-03-03 06:56,ENG-1099,SUP-107,EMP177,TL-055,C,Valid,Valid
M9350,*************2350,WO12350,Sedan X,GA-1,STN-01,2026-03-03 06:57,ENG-1083,SUP-010,EMP235,TL-094,,Valid,Valid
M9351,*************2351,WO12351,Sedan X,GA-2,STN-04,2026-03-03 06:58,ENG-1468,SUP-043,EMP352,TL-015,A,Valid,Valid
M9352,*************2352,WO12352,Hatch Z,TRIM-1,STN-03,2026-03-03 07:00,ENG-1460,SUP-088,EMP290,TL-061,C,Valid,Valid
M9353,*************2353,WO12353,Hatch Z,PAINT-1,STN-05,2026-03-03 07:01,ENG-1340,SUP-084,EMP369,TL-020,C,Valid,Valid
M9354,*************2354,WO12354,Hatch Z,GA-2,STN-02,2026-03-03 07:02,ENG-1417,SUP-006,EMP322,TL-062,C,Valid,Valid
M9355,*************2355,WO12355,SUV Pro,PAINT-1,STN-04,2026-03-03 07:03,ENG-1498,SUP-186,EMP307,TL-007,C,Valid,Valid
M9356,*************2356,WO12356,SUV Pro,GA-1,STN-03,2026-03-03 07:05,ENG-1075,SUP-143,EMP214,TL-999,B,Valid,Valid
M9357,*************2357,WO12357,Sedan X,TRIM-1,STN-02,2026-03-03 07:06,ENG-1474,SUP-026,EMP377,TL-065,C,Valid,Valid
M9358,*************2358,WO12358,SUV Pro,TRIM-1,STN-04,2026-03-03 07:07,ENG-1290,SUP-085,EMP253,TL-011,B,Valid,Valid
M9359,*************2359,WO12359,Sedan X,TRIM-1,STN-05,2026-03-03 07:08,ENG-1033,SUP-199,EMP260,TL-008,,Valid,Valid
M9360,*************2360,WO12360,SUV Pro,TRIM-1,STN-02,2026-03-03 07:10,ENG-1212,SUP-122,EMP115,TL-043,C,Valid,Valid
M9361,*************2361,WO12361,Sedan X,PAINT-1,STN-02,2026-03-03 07:11,ENG-1249,SUP-126,EMP302,TL-076,B,Valid,Valid
M9362,*************2362,WO12362,SUV Pro,TRIM-1,STN-03,2026-03-03 07:12,ENG-1120,SUP-074,EMP224,TL-079,B,Valid,Valid
M9363,*************2363,WO12363,SUV Pro,GA-2,STN-05,2026-03-03 07:13,ENG-1167,SUP-152,EMP292,TL-011,A,Valid,Valid
M9364,*************2364,WO12364,Sedan X,GA-1,STN-03,2026-03-03 07:15,ENG-1377,SUP-003,EMP176,TL-070,,Valid,Valid
M9365,*************2365,WO12365,SUV Pro,GA-1,STN-03,2026-03-03 07:16,ENG-1413,SUP-179,EMP177,TL-007,A,Valid,Valid
M9366,*************2366,WO12366,SUV Pro,GA-2,STN-01,2026-03-03 07:17,ENG-1068,SUP-075,EMP287,TL-087,C,Valid,Valid
M9367,*************2367,WO12367,Hatch Z,GA-1,STN-01,2026-03-03 07:18,ENG-1084,SUP-080,EMP269,TL-013,A,Valid,Valid
M9368,*************2368,WO12368,Hatch Z,GA-1,STN-01,2026-03-03 07:20,ENG-1314,SUP-001,EMP198,TL-022,,Valid,Valid
M9369,*************2369,WO12369,SUV Pro,GA-1,STN-03,2026-03-03 07:21,ENG-1303,SUP-075,EMP369,TL-010,C,Valid,Valid
M9370,*************2370,WO12370,Sedan X,GA-1,STN-04,2026-03-03 07:22,ENG-1310,SUP-067,EMP180,TL-083,A,Valid,Valid
M9371,*************2371,WO12371,SUV Pro,GA-2,STN-05,2026-03-03 07:23,ENG-1145,SUP-009,EMP301,TL-044,B,Valid,Valid
M9372,*************2372,WO12372,Hatch Z,TRIM-1,STN-03,2026-03-03 07:25,ENG-1231,SUP-092,EMP360,TL-040,C,Valid,Valid
M9373,*************2373,WO12373,Hatch Z,TRIM-1,STN-04,2026-03-03 07:26,ENG-1413,SUP-061,EMP258,TL-086,C,Valid,Valid
M9374,*************2374,WO12374,Sedan X,GA-2,STN-04,2026-03-03 07:27,ENG-1076,SUP-181,EMP179,TL-005,A,Valid,Valid
M9375,*************2375,WO12375,Sedan X,GA-1,STN-02,2026-03-03 07:28,ENG-1055,SUP-115,EMP164,TL-020,A,Valid,Valid
M9376,*************2376,WO12376,SUV Pro,PAINT-1,STN-05,2026-03-03 07:30,ENG-1163,SUP-149,EMP222,TL-092,,Valid,Valid
M9377,*************2377,WO12377,SUV Pro,TRIM-1,STN-01,2026-03-03 07:31,ENG-1476,SUP-165,EMP382,TL-094,C,Valid,Valid
M9378,*************2378,WO12378,Hatch Z,GA-2,STN-04,2026-03-03 07:32,ENG-1335,SUP-009,EMP286,TL-021,,Valid,Valid
M9379,*************2379,WO12379,Sedan X,PAINT-1,STN-01,2026-03-03 07:33,ENG-1025,SUP-009,EMP229,TL-050,B,Valid,Valid
M9380,*************2380,WO12380,SUV Pro,TRIM-1,STN-05,2026-03-03 07:35,ENG-1494,SUP-102,EMP265,TL-058,B,Valid,Valid
M9381,*************2381,WO12381,SUV Pro,TRIM-1,STN-05,2026-03-03 07:36,ENG-1161,SUP-193,EMP390,TL-090,B,Valid,Valid
M9382,*************2382,WO12382,Sedan X,GA-2,STN-03,2026-03-03 07:37,ENG-1212,SUP-024,EMP349,TL-043,B,Valid,Valid
M9383,*************2383,WO12383,Sedan X,GA-2,STN-02,2026-03-03 07:38,ENG-1262,SUP-155,EMP353,TL-036,B,Valid,Valid
M9384,*************2384,WO12384,Hatch Z,GA-2,STN-04,2026-03-03 07:40,ENG-1019,SUP-198,EMP104,TL-081,C,Valid,Valid
M9385,*************2385,WO12385,Hatch Z,PAINT-1,STN-03,2026-03-03 07:41,ENG-1314,SUP-096,EMP272,TL-001,A,Valid,Valid
M9386,*************2386,WO12386,SUV Pro,GA-2,STN-02,2026-03-03 07:42,ENG-1075,SUP-086,EMP358,TL-036,,Valid,Valid
M9387,*************2387,WO12387,Hatch Z,GA-2,STN-04,2026-03-03 07:43,ENG-1394,SUP-188,EMP120,TL-059,C,Valid,Valid
M9388,*************2388,WO12388,Hatch Z,TRIM-1,STN-01,2026-03-03 07:45,ENG-1145,SUP-086,EMP109,TL-053,A,Valid,Valid
M9389,*************2389,WO12389,SUV Pro,TRIM-1,STN-04,2026-03-03 07:46,ENG-1468,SUP-156,EMP392,TL-030,C,Valid,Valid
M9390,*************2390,WO12390,Hatch Z,GA-2,STN-04,2026-03-03 07:47,ENG-1135,SUP-077,EMP119,TL-030,C,Valid,Valid
M9391,*************2391,WO12391,SUV Pro,PAINT-1,STN-01,2026-03-03 07:48,ENG-1271,SUP-059,EMP120,TL-029,,Valid,Valid
M9392,*************2392,WO12392,Sedan X,TRIM-1,STN-01,2026-03-03 07:50,ENG-1220,SUP-013,EMP138,TL-036,,Valid,Valid
M9393,*************2393,WO12393,Sedan X,PAINT-1,STN-03,2026-03-03 07:51,ENG-1307,SUP-170,EMP126,TL-064,B,Valid,Valid
M9394,*************2394,WO12394,Hatch Z,PAINT-1,STN-03,2026-03-03 07:52,ENG-1059,SUP-061,EMP299,TL-072,C,Valid,Valid
M9395,*************2395,WO12395,Sedan X,GA-2,STN-01,2026-03-03 07:53,ENG-1350,SUP-110,EMP140,TL-043,B,Valid,Valid
M9396,*************2396,WO12396,SUV Pro,GA-1,STN-01,2026-03-03 07:55,ENG-1066,SUP-192,EMP232,TL-022,C,Valid,Valid
M9397,*************2397,WO12397,Hatch Z,PAINT-1,STN-04,2026-03-03 07:56,ENG-1082,SUP-110,EMP204,TL-094,B,Valid,Valid
M9398,*************2398,WO12398,SUV Pro,GA-1,STN-03,2026-03-03 07:57,ENG-1477,SUP-074,EMP258,TL-070,A,Valid,Valid
M9399,*************2399,WO12399,Sedan X,GA-2,STN-03,2026-03-03 07:58,ENG-1062,SUP-001,EMP222,TL-009,C,Valid,Valid
M9400,*************2400,WO12400,Sedan X,GA-1,STN-03,2026-03-03 08:00,ENG-1231,SUP-087,EMP162,TL-065,,Valid,Valid
M9401,*************2401,WO12401,Hatch Z,GA-1,STN-04,2026-03-03 08:01,ENG-1342,SUP-158,EMP242,TL-999,A,Valid,Valid
M9402,*************2402,WO12402,SUV Pro,GA-1,STN-03,2026-03-03 08:02,ENG-1090,SUP-100,EMP196,TL-070,C,Valid,Valid
M9403,*************2403,WO12403,Hatch Z,GA-1,STN-05,2026-03-03 08:03,ENG-1411,SUP-197,EMP144,TL-009,B,Valid,Valid
M9404,*************2404,WO12404,Sedan X,PAINT-1,STN-02,2026-03-03 08:05,ENG-1267,SUP-177,EMP373,TL-025,,Valid,Valid
M9405,*************2405,WO12405,Hatch Z,PAINT-1,STN-01,2026-03-03 08:06,ENG-1174,SUP-100,EMP321,TL-014,,Valid,Valid
M9406,*************2406,WO12406,Sedan X,GA-2,STN-02,2026-03-03 08:07,ENG-1317,SUP-164,EMP347,TL-100,A,Valid,Valid
M9407,*************2407,WO12407,Hatch Z,GA-2,STN-03,2026-03-03 08:08,ENG-1336,SUP-200,EMP353,TL-072,,Valid,Valid
M9408,*************2408,WO12408,SUV Pro,PAINT-1,STN-05,2026-03-03 08:10,ENG-1188,SUP-051,EMP121,TL-005,,Valid,Valid
M9409,*************2409,WO12409,Sedan X,GA-1,STN-05,2026-03-03 08:11,ENG-1181,SUP-005,EMP290,TL-084,C,Valid,Valid
M9410,*************2410,WO12410,SUV Pro,GA-1,STN-03,2026-03-03 08:12,ENG-1441,SUP-119,EMP143,TL-018,A,Valid,Valid
M9411,*************2411,WO12411,Hatch Z,GA-1,STN-05,2026-03-03 08:13,ENG-1069,SUP-122,EMP353,TL-071,C,Valid,Valid
M9412,*************2412,WO12412,Sedan X,GA-1,STN-03,2026-03-03 08:15,ENG-1427,SUP-164,EMP262,TL-032,C,Valid,Valid
M9413,*************2413,WO12413,Hatch Z,TRIM-1,STN-03,2026-03-03 08:16,ENG-1019,SUP-028,EMP128,TL-039,B,Valid,Valid
M9414,*************2414,WO12414,Hatch Z,PAINT-1,STN-03,2026-03-03 08:17,ENG-1194,SUP-040,EMP243,TL-044,,Valid,Valid
M9415,*************2415,WO12415,Sedan X,PAINT-1,STN-01,2026-03-03 08:18,ENG-1255,SUP-079,EMP253,TL-053,A,Valid,Valid
M9416,*************2416,WO12416,Sedan X,PAINT-1,STN-03,2026-03-03 08:20,ENG-1094,SUP-183,EMP147,TL-018,A,Valid,Valid
M9417,*************2417,WO12417,SUV Pro,GA-1,STN-01,2026-03-03 08:21,ENG-1499,SUP-068,EMP270,TL-041,A,Valid,Valid
M9418,*************2418,WO12418,Sedan X,GA-2,STN-05,2026-03-03 08:22,ENG-1409,SUP-021,EMP218,TL-007,C,Valid,Valid
M9419,*************2419,WO12419,SUV Pro,GA-1,STN-03,2026-03-03 08:23,ENG-1364,SUP-141,EMP395,TL-089,C,Valid,Valid
M9420,*************2420,WO12420,Hatch Z,PAINT-1,STN-01,2026-03-03 08:25,ENG-1458,SUP-104,EMP120,TL-040,,Valid,Valid
M9421,*************2421,WO12421,Sedan X,PAINT-1,STN-03,2026-03-03 08:26,ENG-1379,SUP-014,EMP170,TL-009,A,Valid,Valid
M9422,*************2422,WO12422,Hatch Z,GA-1,STN-01,2026-03-03 08:27,ENG-1456,SUP-123,EMP121,TL-061,C,Valid,Valid
M9423,*************2423,WO12423,SUV Pro,GA-1,STN-03,2026-03-03 08:28,ENG-1081,SUP-152,EMP387,TL-032,A,Valid,Valid
M9424,*************2424,WO12424,SUV Pro,GA-2,STN-02,2026-03-03 08:30,ENG-1332,SUP-146,EMP153,TL-081,A,Valid,Valid
M9425,*************2425,WO12425,SUV Pro,GA-2,STN-05,2026-03-03 08:31,ENG-1362,SUP-033,EMP186,TL-095,B,Valid,Valid
M9426,*************2426,WO12426,SUV Pro,GA-1,STN-05,2026-03-03 08:32,ENG-1267,SUP-070,EMP395,TL-094,B,Valid,Valid
M9427,*************2427,WO12427,SUV Pro,GA-2,STN-01,2026-03-03 08:33,ENG-1220,SUP-055,EMP298,TL-025,C,Valid,Valid
M9428,*************2428,WO12428,SUV Pro,GA-2,STN-04,2026-03-03 08:35,ENG-1498,SUP-152,EMP310,TL-075,C,Valid,Valid
M9429,*************2429,WO12429,SUV Pro,GA-2,STN-05,2026-03-03 08:36,ENG-1438,SUP-032,EMP315,TL-033,,Valid,Valid
M9430,*************2430,WO12430,Sedan X,GA-1,STN-04,2026-03-03 08:37,ENG-1302,SUP-049,EMP229,TL-089,B,Valid,Valid
M9431,*************2431,WO12431,Hatch Z,GA-2,STN-03,2026-03-03 08:38,ENG-1328,SUP-149,EMP161,TL-086,B,Valid,Valid
M9432,*************2432,WO12432,Sedan X,GA-1,STN-02,2026-03-03 08:40,ENG-1127,SUP-191,EMP123,TL-094,A,Valid,Valid
M9433,*************2433,WO12433,Hatch Z,TRIM-1,STN-02,2026-03-03 08:41,ENG-1494,SUP-056,EMP241,TL-015,A,Valid,Valid
M9434,*************2434,WO12434,Hatch Z,GA-2,STN-05,2026-03-03 08:42,ENG-1056,SUP-179,EMP107,TL-053,A,Valid,Valid
M9435,*************2435,WO12435,SUV Pro,GA-2,STN-04,2026-03-03 08:43,ENG-1073,SUP-038,EMP163,TL-048,C,Valid,Valid
M9436,*************2436,WO12436,SUV Pro,TRIM-1,STN-05,2026-03-03 08:45,ENG-1265,SUP-175,EMP240,TL-057,B,Valid,Valid
M9437,*************2437,WO12437,Hatch Z,GA-2,STN-02,2026-03-03 08:46,ENG-1199,SUP-091,EMP196,TL-086,B,Valid,Valid
M9438,*************2438,WO12438,SUV Pro,TRIM-1,STN-03,2026-03-03 08:47,ENG-1223,SUP-013,EMP229,TL-001,,Valid,Valid
M9439,*************2439,WO12439,SUV Pro,GA-2,STN-01,2026-03-03 08:48,ENG-1400,SUP-016,EMP334,TL-068,C,Valid,Valid
M9440,*************2440,WO12440,Sedan X,TRIM-1,STN-01,2026-03-03 08:50,ENG-1451,SUP-074,EMP172,TL-037,C,Valid,Valid
M9441,*************2441,WO12441,Sedan X,TRIM-1,STN-03,2026-03-03 08:51,ENG-1007,SUP-122,EMP371,TL-009,,Valid,Valid
M9442,*************2442,WO12442,SUV Pro,PAINT-1,STN-05,2026-03-03 08:52,ENG-1114,,EMP330,TL-026,C,Valid,Valid
M9443,*************2443,WO12443,SUV Pro,TRIM-1,STN-03,2026-03-03 08:53,ENG-1082,SUP-123,EMP212,TL-057,B,Valid,Valid
M9444,*************2444,WO12444,Sedan X,GA-2,STN-05,2026-03-03 08:55,ENG-1248,SUP-099,EMP212,TL-071,B,Valid,Valid
M9445,*************2445,WO12445,Sedan X,PAINT-1,STN-05,2026-03-03 08:56,ENG-1189,SUP-134,EMP230,TL-089,A,Valid,Valid
M9446,*************2446,WO12446,SUV Pro,PAINT-1,STN-05,2026-03-03 08:57,ENG-1206,SUP-006,EMP132,TL-073,A,Valid,Valid
M9447,*************2447,WO12447,Sedan X,PAINT-1,STN-03,2026-03-03 08:58,ENG-1414,SUP-063,EMP384,TL-079,B,Valid,Valid
M9448,*************2448,WO12448,Hatch Z,TRIM-1,STN-05,2026-03-03 09:00,ENG-1001,SUP-039,EMP110,TL-042,,Valid,Valid
M9449,*************2449,WO12449,Hatch Z,PAINT-1,STN-01,2026-03-03 09:01,ENG-1246,SUP-050,EMP195,TL-014,C,Valid,Valid
M9450,*************2450,WO12450,Hatch Z,TRIM-1,STN-03,2026-03-03 09:02,ENG-1356,SUP-070,EMP202,TL-081,,Valid,Valid
M9451,*************2451,WO12451,Hatch Z,PAINT-1,STN-01,2026-03-03 09:03,ENG-1194,SUP-121,EMP200,TL-032,C,Valid,Valid
M9452,*************2452,WO12452,Sedan X,PAINT-1,STN-03,2026-03-03 09:05,ENG-1241,SUP-195,EMP223,TL-069,C,Valid,Valid
M9453,*************2453,WO12453,SUV Pro,GA-2,STN-04,2026-03-03 09:06,ENG-1490,SUP-144,EMP108,TL-089,A,Valid,Valid
M9454,*************2454,WO12454,Sedan X,GA-2,STN-02,2026-03-03 09:07,ENG-1210,SUP-012,EMP204,TL-060,,Valid,Valid
M9455,*************2455,WO12455,Hatch Z,GA-1,STN-01,2026-03-03 09:08,ENG-1348,SUP-141,EMP325,TL-092,B,Valid,Valid
M9456,*************2456,WO12456,Sedan X,GA-2,STN-02,2026-03-03 09:10,ENG-1189,SUP-025,EMP118,TL-033,A,Valid,Valid
M9457,*************2457,WO12457,Hatch Z,TRIM-1,STN-01,2026-03-03 09:11,ENG-1143,SUP-165,EMP330,TL-027,A,Valid,Valid
M9458,*************2458,WO12458,SUV Pro,GA-2,STN-05,2026-03-03 09:12,ENG-1060,SUP-024,EMP228,TL-077,B,Valid,Valid
M9459,*************2459,WO12459,Sedan X,TRIM-1,STN-05,2026-03-03 09:13,ENG-1141,SUP-139,EMP185,TL-085,A,Valid,Valid
M9460,*************2460,WO12460,SUV Pro,GA-2,STN-03,2026-03-03 09:15,ENG-1210,SUP-085,EMP151,TL-012,B,Valid,Valid
M9461,*************2461,WO12461,Hatch Z,PAINT-1,STN-01,2026-03-03 09:16,ENG-1218,SUP-179,EMP278,TL-046,,Valid,Valid
M9462,*************2462,WO12462,Hatch Z,GA-2,STN-01,2026-03-03 09:17,ENG-1378,SUP-025,EMP392,TL-003,C,Valid,Valid
M9463,*************2463,WO12463,Sedan X,GA-2,STN-03,2026-03-03 09:18,ENG-1080,SUP-060,EMP123,TL-094,B,Valid,Valid
M9464,*************2464,WO12464,Sedan X,GA-2,STN-02,2026-03-03 09:20,ENG-1067,SUP-076,EMP335,TL-008,,Valid,Valid
M9465,*************2465,WO12465,Sedan X,GA-2,STN-01,2026-03-03 09:21,ENG-1001,SUP-031,EMP204,TL-047,C,Valid,Valid
M9466,*************2466,WO12466,Hatch Z,TRIM-1,STN-02,2026-03-03 09:22,ENG-1352,SUP-017,EMP181,TL-061,,Valid,Valid
M9467,*************2467,WO12467,Sedan X,GA-2,STN-03,2026-03-03 09:23,ENG-1017,SUP-137,EMP189,TL-088,,Valid,Valid
M9468,*************2468,WO12468,Sedan X,GA-1,STN-03,2026-03-03 09:25,ENG-1080,SUP-055,EMP137,TL-020,,Valid,Valid
M9469,*************2469,WO12469,Sedan X,TRIM-1,STN-02,2026-03-03 09:26,ENG-1358,SUP-043,EMP236,TL-092,C,Valid,Valid
M9470,*************2470,WO12470,SUV Pro,GA-2,STN-03,2026-03-03 09:27,ENG-1304,SUP-137,EMP390,TL-028,,Valid,Valid
M9471,*************2471,WO12471,SUV Pro,GA-2,STN-05,2026-03-03 09:28,ENG-1428,SUP-114,EMP242,TL-041,C,Valid,Valid
M9472,*************2472,WO12472,Hatch Z,GA-2,STN-05,2026-03-03 09:30,ENG-1408,SUP-198,EMP110,TL-026,,Valid,Valid
M9473,*************2473,WO12473,SUV Pro,TRIM-1,STN-03,2026-03-03 09:31,ENG-1274,SUP-120,EMP146,TL-075,A,Valid,Valid
M9474,*************2474,WO12474,Hatch Z,GA-2,STN-01,2026-03-03 09:32,ENG-1117,SUP-189,EMP373,TL-015,,Valid,Valid
M9475,*************2475,WO12475,SUV Pro,GA-2,STN-01,2026-03-03 09:33,ENG-1265,SUP-047,EMP375,TL-030,B,Valid,Valid
M9476,*************2476,WO12476,Sedan X,GA-1,STN-05,2026-03-03 09:35,ENG-1439,SUP-156,EMP378,TL-010,B,Valid,Valid
M9477,*************2477,WO12477,Hatch Z,GA-1,STN-03,2026-03-03 09:36,ENG-1268,SUP-138,EMP147,TL-034,C,Valid,Valid
M9478,*************2478,WO12478,SUV Pro,GA-2,STN-03,2026-03-03 09:37,ENG-1091,SUP-012,EMP318,TL-063,B,Valid,Valid
M9479,*************2479,WO12479,Sedan X,GA-2,STN-05,2026-03-03 09:38,ENG-1325,SUP-023,EMP365,TL-019,,Valid,Valid
M9480,*************2480,WO12480,Sedan X,TRIM-1,STN-05,2026-03-03 09:40,ENG-1324,SUP-140,EMP141,TL-095,C,Valid,Valid
M9481,*************2481,WO12481,SUV Pro,GA-2,STN-05,2026-03-03 09:41,ENG-1141,SUP-087,EMP115,TL-005,A,Valid,Valid
M9482,*************2482,WO12482,Sedan X,GA-1,STN-03,2026-03-03 09:42,ENG-1414,SUP-186,EMP115,TL-011,C,Valid,Valid
M9483,*************2483,WO12483,Sedan X,GA-1,STN-01,2026-03-03 09:43,ENG-1352,SUP-049,EMP346,TL-013,,Valid,Valid
M9484,*************2484,WO12484,Hatch Z,PAINT-1,STN-01,2026-03-03 09:45,ENG-1403,SUP-162,EMP113,TL-093,B,Valid,Valid
M9485,*************2485,WO12485,SUV Pro,PAINT-1,STN-04,2026-03-03 09:46,ENG-1344,SUP-030,EMP358,TL-083,C,Valid,Valid
M9486,*************2486,WO12486,SUV Pro,PAINT-1,STN-02,2026-03-03 09:47,ENG-1043,SUP-140,EMP175,TL-077,,Valid,Valid
M9487,*************2487,WO12487,SUV Pro,TRIM-1,STN-05,2026-03-03 09:48,ENG-1466,SUP-197,EMP139,TL-020,B,Valid,Valid
M9488,*************2488,WO12488,SUV Pro,GA-1,STN-03,2026-03-03 09:50,ENG-1194,SUP-121,EMP120,TL-065,,Valid,Valid
M9489,*************2489,WO12489,SUV Pro,GA-1,STN-01,2026-03-03 09:51,ENG-1306,SUP-013,EMP101,TL-085,C,Valid,Valid
M9490,*************2490,WO12490,Sedan X,TRIM-1,STN-03,2026-03-03 09:52,ENG-1325,SUP-088,EMP145,TL-047,C,Valid,Valid
M9491,*************2491,WO12491,Hatch Z,GA-2,STN-04,2026-03-03 09:53,ENG-1193,SUP-145,EMP162,TL-031,,Valid,Valid
M9492,*************2492,WO12492,Sedan X,PAINT-1,STN-05,2026-03-03 09:55,ENG-1116,SUP-083,EMP289,TL-085,A,Valid,Valid
M9493,*************2493,WO12493,SUV Pro,PAINT-1,STN-03,2026-03-03 09:56,ENG-1087,SUP-148,EMP292,TL-094,A,Valid,Valid
M9494,*************2494,WO12494,Hatch Z,GA-1,STN-05,2026-03-03 09:57,ENG-1240,SUP-014,EMP308,TL-027,B,Valid,Valid
M9495,*************2495,WO12495,SUV Pro,TRIM-1,STN-05,2026-03-03 09:58,ENG-1181,SUP-005,EMP369,TL-024,B,Valid,Valid
M9496,*************2496,WO12496,Sedan X,GA-1,STN-03,2026-03-03 10:00,ENG-1410,SUP-013,EMP162,TL-051,C,Valid,Valid
M9497,*************2497,WO12497,Hatch Z,GA-1,STN-05,2026-03-03 10:01,ENG-1468,SUP-136,EMP102,TL-034,C,Valid,Valid
M9498,*************2498,WO12498,Hatch Z,GA-2,STN-05,2026-03-03 10:02,ENG-1485,SUP-122,EMP355,TL-032,B,Valid,Valid
M9499,*************2499,WO12499,SUV Pro,GA-2,STN-05,2026-03-03 10:03,ENG-1331,SUP-017,EMP304,TL-035,B,Valid,Valid
M9500,*************2500,WO12500,Sedan X,GA-1,STN-02,2026-03-03 10:05,ENG-1356,SUP-103,EMP251,TL-093,B,Valid,Valid
M9501,*************2501,WO12501,Hatch Z,PAINT-1,STN-04,2026-03-03 10:06,ENG-1152,SUP-041,EMP110,TL-032,,Valid,Valid
M9502,*************2502,WO12502,Hatch Z,GA-2,STN-03,2026-03-03 10:07,ENG-1369,SUP-186,EMP370,TL-056,B,Valid,Valid
M9503,*************2503,WO12503,Sedan X,PAINT-1,STN-03,2026-03-03 10:08,ENG-1128,SUP-022,EMP336,TL-006,,Valid,Valid
M9504,*************2504,WO12504,SUV Pro,TRIM-1,STN-02,2026-03-03 10:10,ENG-1181,SUP-193,EMP291,TL-097,C,Valid,Valid
M9505,*************2505,WO12505,Sedan X,GA-2,STN-04,2026-03-03 10:11,ENG-1403,SUP-059,EMP288,TL-044,B,Valid,Valid
M9506,*************2506,WO12506,SUV Pro,GA-2,STN-03,2026-03-03 10:12,ENG-1466,SUP-187,EMP111,TL-086,A,Valid,Valid
M9507,*************2507,WO12507,SUV Pro,TRIM-1,STN-03,2026-03-03 10:13,ENG-1210,SUP-072,EMP248,TL-066,A,Valid,Valid
M9508,*************2508,WO12508,Sedan X,GA-1,STN-03,2026-03-03 10:15,ENG-1123,SUP-143,EMP356,TL-067,B,Valid,Valid
M9509,*************2509,WO12509,SUV Pro,PAINT-1,STN-05,2026-03-03 10:16,ENG-1497,SUP-035,EMP338,TL-079,A,Valid,Valid
M9510,*************2510,WO12510,Hatch Z,PAINT-1,STN-01,2026-03-03 10:17,ENG-1148,SUP-176,EMP129,TL-038,B,Valid,Valid
M9511,*************2511,WO12511,Sedan X,GA-2,STN-02,2026-03-03 10:18,ENG-1496,SUP-196,EMP281,TL-025,C,Valid,Valid
M9512,*************2512,WO12512,Hatch Z,PAINT-1,STN-05,2026-03-03 10:20,ENG-1062,SUP-102,EMP213,TL-019,A,Valid,Valid
M9513,*************2513,WO12513,Sedan X,GA-1,STN-05,2026-03-03 10:21,ENG-1307,SUP-117,EMP369,TL-060,A,Valid,Valid
M9514,*************2514,WO12514,Hatch Z,GA-1,STN-05,2026-03-03 10:22,ENG-1499,SUP-051,EMP223,TL-076,A,Valid,Valid
M9515,*************2515,WO12515,Hatch Z,GA-2,STN-04,2026-03-03 10:23,ENG-1110,SUP-035,EMP307,TL-083,C,Valid,Valid
M9516,*************2516,WO12516,Sedan X,GA-1,STN-04,2026-03-03 10:25,ENG-1437,SUP-009,EMP139,TL-011,,Valid,Valid
M9517,*************2517,WO12517,SUV Pro,TRIM-1,STN-01,2026-03-03 10:26,ENG-1236,SUP-129,EMP308,TL-100,A,Valid,Valid
M9518,*************2518,WO12518,Sedan X,GA-2,STN-02,2026-03-03 10:27,ENG-1420,SUP-007,EMP115,TL-076,A,Valid,Valid
M9519,*************2519,WO12519,SUV Pro,TRIM-1,STN-01,2026-03-03 10:28,ENG-1281,SUP-033,EMP368,TL-002,B,Valid,Valid
M9520,*************2520,WO12520,Hatch Z,TRIM-1,STN-03,2026-03-03 10:30,ENG-1241,SUP-164,EMP354,TL-034,C,Valid,Valid
M9521,*************2521,WO12521,Hatch Z,GA-1,STN-05,2026-03-03 10:31,ENG-1464,SUP-107,EMP101,TL-080,B,Valid,Valid
M9522,*************2522,WO12522,SUV Pro,PAINT-1,STN-05,2026-03-03 10:32,ENG-1405,SUP-089,EMP168,TL-008,A,Valid,Valid
M9523,*************2523,WO12523,SUV Pro,GA-1,STN-03,2026-03-03 10:33,ENG-1063,SUP-135,EMP394,TL-037,A,Valid,Valid
M9524,*************2524,WO12524,Hatch Z,PAINT-1,STN-02,2026-03-03 10:35,ENG-1118,SUP-102,EMP371,TL-062,C,Valid,Valid
M9525,*************2525,WO12525,Sedan X,GA-2,STN-03,2026-03-03 10:36,ENG-1208,SUP-050,EMP187,TL-093,B,Valid,Valid
M9526,*************2526,WO12526,Sedan X,GA-2,STN-01,2026-03-03 10:37,ENG-1122,SUP-116,EMP240,TL-043,C,Valid,Valid
M9527,*************2527,WO12527,SUV Pro,GA-1,STN-01,2026-03-03 10:38,ENG-1130,SUP-010,EMP250,TL-017,,Valid,Valid
M9528,*************2528,WO12528,Hatch Z,GA-1,STN-03,2026-03-03 10:40,ENG-1187,SUP-162,EMP110,TL-100,C,Valid,Valid
M9529,*************2529,WO12529,Sedan X,TRIM-1,STN-04,2026-03-03 10:41,ENG-1219,SUP-112,EMP123,TL-067,A,Valid,Valid
M9530,*************2530,WO12530,Sedan X,GA-2,STN-04,2026-03-03 10:42,ENG-1399,SUP-005,EMP121,TL-025,A,Valid,Valid
M9531,*************2531,WO12531,Hatch Z,GA-2,STN-03,2026-03-03 10:43,ENG-1199,SUP-102,EMP145,TL-098,A,Valid,Valid
M9532,*************2532,WO12532,SUV Pro,GA-2,STN-05,2026-03-03 10:59,ENG-1233,SUP-019,EMP264,TL-096,B,Valid,Valid
M9533,*************2533,WO12533,Sedan X,GA-2,STN-03,2026-03-03 10:46,ENG-1111,SUP-066,EMP274,TL-046,A,Valid,Valid
M9534,*************2534,WO12534,SUV Pro,GA-2,STN-04,2026-03-03 10:47,ENG-1292,SUP-028,EMP348,TL-081,,Valid,Valid
M9535,*************2535,WO12535,SUV Pro,GA-2,STN-05,2026-03-03 10:48,ENG-1107,SUP-135,EMP235,TL-038,A,Valid,Valid
M9536,*************2536,WO12536,Sedan X,GA-2,STN-03,2026-03-03 10:50,ENG-1458,SUP-142,EMP102,TL-068,,Valid,Valid
M9537,*************2537,WO12537,Sedan X,PAINT-1,STN-03,2026-03-03 10:51,ENG-1121,SUP-123,EMP381,TL-095,B,Valid,Valid
M9538,*************2538,WO12538,SUV Pro,GA-1,STN-02,2026-03-03 10:52,ENG-1119,SUP-166,EMP291,TL-079,A,Valid,Valid
M9539,*************2539,WO12539,Sedan X,GA-1,STN-05,2026-03-03 10:53,ENG-1189,SUP-116,EMP109,TL-078,A,Valid,Valid
M9540,*************2540,WO12540,Hatch Z,PAINT-1,STN-05,2026-03-03 10:55,ENG-1297,SUP-182,EMP133,TL-038,C,Valid,Valid
M9541,*************2541,WO12541,Hatch Z,GA-2,STN-01,2026-03-03 10:56,ENG-1365,SUP-116,EMP230,TL-075,B,Valid,Valid
M9542,*************2542,WO12542,SUV Pro,TRIM-1,STN-03,2026-03-03 10:57,ENG-1319,SUP-147,EMP292,TL-100,C,Valid,Valid
M9543,*************2543,WO12543,Hatch Z,TRIM-1,STN-01,2026-03-03 10:58,ENG-1455,SUP-134,EMP251,TL-019,C,Valid,Valid
M9544,*************2544,WO12544,Hatch Z,TRIM-1,STN-05,2026-03-03 11:00,ENG-1487,SUP-146,EMP227,TL-019,C,Valid,Valid
M9545,*************2545,WO12545,Hatch Z,GA-1,STN-03,2026-03-03 11:01,ENG-1010,SUP-198,EMP356,TL-040,B,Valid,Valid
M9546,*************2546,WO12546,Sedan X,GA-2,STN-01,2026-03-03 11:02,ENG-1094,SUP-200,EMP214,TL-038,B,Valid,Valid
M9547,*************2547,WO12547,SUV Pro,TRIM-1,STN-05,2026-03-03 11:03,ENG-1286,SUP-015,EMP308,TL-080,A,Valid,Valid
M9548,*************2548,WO12548,Hatch Z,TRIM-1,STN-02,2026-03-03 11:05,ENG-1203,SUP-164,EMP160,TL-059,,Valid,Valid
M9549,*************2549,WO12549,Sedan X,TRIM-1,STN-02,2026-03-03 11:06,ENG-1383,SUP-056,EMP258,TL-072,B,Valid,Valid
M9550,*************2550,WO12550,Hatch Z,GA-2,STN-03,2026-03-03 11:07,ENG-1343,SUP-170,EMP285,TL-084,B,Valid,Valid
M9551,*************2551,WO12551,Hatch Z,GA-2,STN-05,2026-03-03 11:08,ENG-1459,SUP-144,EMP108,TL-037,A,Valid,Valid
M9552,*************2552,WO12552,SUV Pro,TRIM-1,STN-05,2026-03-03 11:10,ENG-1060,SUP-037,EMP389,TL-079,,Valid,Valid
M9553,*************2553,WO12553,SUV Pro,GA-1,STN-05,2026-03-03 11:11,ENG-1411,SUP-038,EMP307,TL-076,C,Valid,Valid
M9554,*************2554,WO12554,Hatch Z,GA-2,STN-04,2026-03-03 11:12,ENG-1338,SUP-069,EMP147,TL-999,,Valid,Valid
M9555,*************2555,WO12555,Hatch Z,TRIM-1,STN-03,2026-03-03 11:13,ENG-1208,SUP-162,EMP137,TL-028,A,Valid,Valid
M9556,*************2556,WO12556,Hatch Z,TRIM-1,STN-03,2026-03-03 11:15,ENG-1218,SUP-026,EMP174,TL-099,B,Valid,Valid
M9557,*************2557,WO12557,Hatch Z,PAINT-1,STN-05,2026-03-03 11:16,ENG-1172,SUP-193,EMP161,TL-033,B,Valid,Valid
M9558,*************2558,WO12558,SUV Pro,TRIM-1,STN-05,2026-03-03 11:17,ENG-1076,SUP-062,EMP259,TL-066,C,Valid,Valid
M9559,*************2559,WO12559,Hatch Z,GA-1,STN-03,2026-03-03 11:18,ENG-1015,SUP-043,EMP344,TL-097,B,Valid,Valid
M9560,*************2560,WO12560,Sedan X,GA-1,STN-05,2026-03-03 11:20,ENG-1436,SUP-132,EMP322,TL-077,,Valid,Valid
M9561,*************2561,WO12561,SUV Pro,GA-1,STN-01,2026-03-03 11:21,ENG-1059,SUP-196,EMP298,TL-065,B,Valid,Valid
M9562,*************2562,WO12562,Sedan X,GA-1,STN-05,2026-03-03 11:22,ENG-1098,SUP-157,EMP271,TL-004,A,Valid,Valid
M9563,*************2563,WO12563,Sedan X,TRIM-1,STN-05,2026-03-03 11:23,ENG-1028,SUP-157,EMP242,TL-011,C,Valid,Valid
M9564,*************2564,WO12564,Hatch Z,GA-1,STN-03,2026-03-03 11:25,ENG-1377,SUP-083,EMP127,TL-059,,Valid,Valid
M9565,*************2565,WO12565,Sedan X,GA-2,STN-03,2026-03-03 11:26,ENG-1298,SUP-114,EMP310,TL-081,B,Valid,Valid
M9566,*************2566,WO12566,Sedan X,PAINT-1,STN-02,2026-03-03 11:27,ENG-1326,SUP-072,EMP238,TL-003,,Valid,Valid
M9567,*************2567,WO12567,SUV Pro,TRIM-1,STN-05,2026-03-03 11:28,ENG-1144,SUP-101,EMP183,TL-008,,Valid,Valid
M9568,*************2568,WO12568,Sedan X,TRIM-1,STN-03,2026-03-03 11:30,ENG-1441,SUP-106,EMP166,TL-077,B,Valid,Valid
M9569,*************2569,WO12569,SUV Pro,GA-1,STN-05,2026-03-03 11:31,ENG-1408,SUP-024,EMP351,TL-093,,Valid,Valid
M9570,*************2570,WO12570,SUV Pro,GA-1,STN-02,2026-03-03 11:32,ENG-1289,SUP-180,EMP134,TL-099,C,Valid,Valid
M9571,*************2571,WO12571,Sedan X,TRIM-1,STN-05,2026-03-03 11:33,ENG-1345,SUP-137,EMP234,TL-009,B,Valid,Valid
M9572,*************2572,WO12572,Sedan X,GA-2,STN-04,2026-03-03 11:35,ENG-1118,SUP-023,EMP167,TL-041,C,Valid,Valid
M9573,*************2573,WO12573,Hatch Z,GA-2,STN-02,2026-03-03 11:36,ENG-1176,SUP-103,EMP155,TL-060,A,Valid,Valid
M9574,*************2574,WO12574,SUV Pro,GA-1,STN-02,2026-03-03 11:37,ENG-1434,SUP-043,EMP152,TL-011,B,Valid,Valid
M9575,*************2575,WO12575,Sedan X,TRIM-1,STN-01,2026-03-03 11:38,ENG-1112,SUP-193,EMP316,TL-031,C,Valid,Valid
M9576,*************2576,WO12576,Sedan X,TRIM-1,STN-04,2026-03-03 11:40,ENG-1279,SUP-147,EMP276,TL-049,A,Valid,Valid
M9577,*************2577,WO12577,Sedan X,GA-2,STN-04,2026-03-03 11:41,ENG-1038,SUP-171,EMP379,TL-038,C,Valid,Valid
M9578,*************2578,WO12578,SUV Pro,GA-1,STN-05,2026-03-03 11:42,ENG-1492,SUP-044,EMP396,TL-042,A,Valid,Valid
M9579,*************2579,WO12579,Sedan X,TRIM-1,STN-03,2026-03-03 11:43,ENG-1261,SUP-012,EMP148,TL-056,C,Valid,Valid
M9580,*************2580,WO12580,SUV Pro,GA-1,STN-02,2026-03-03 11:45,ENG-1231,SUP-053,EMP228,TL-014,,Valid,Valid
M9581,*************2581,WO12581,SUV Pro,GA-1,STN-02,2026-03-03 11:46,ENG-1463,SUP-119,EMP355,TL-086,B,Valid,Valid
M9582,*************2582,WO12582,Sedan X,GA-1,STN-01,2026-03-03 11:47,ENG-1426,SUP-042,EMP147,TL-063,B,Valid,Valid
M9583,*************2583,WO12583,Sedan X,GA-2,STN-03,2026-03-03 11:48,ENG-1265,SUP-108,EMP187,TL-074,C,Valid,Valid
M9584,*************2584,WO12584,Hatch Z,TRIM-1,STN-03,2026-03-03 11:50,ENG-1374,SUP-176,EMP324,TL-030,,Valid,Valid
M9585,*************2585,WO12585,Sedan X,GA-2,STN-01,2026-03-03 11:51,ENG-1434,SUP-132,EMP190,TL-070,C,Valid,Valid
M9586,*************2586,WO12586,SUV Pro,GA-1,STN-03,2026-03-03 11:52,ENG-1117,SUP-147,EMP330,TL-095,A,Valid,Valid
M9587,*************2587,WO12587,SUV Pro,TRIM-1,STN-04,2026-03-03 11:53,ENG-1348,SUP-031,EMP332,TL-062,A,Valid,Valid
M9588,*************2588,WO12588,SUV Pro,TRIM-1,STN-02,2026-03-03 11:55,ENG-1460,SUP-104,EMP365,TL-100,B,Valid,Valid
M9589,*************2589,WO12589,Sedan X,PAINT-1,STN-03,2026-03-03 11:56,ENG-1001,SUP-097,EMP376,TL-019,A,Valid,Valid
M9590,*************2590,WO12590,Hatch Z,GA-2,STN-02,2026-03-03 11:57,ENG-1114,SUP-162,EMP278,TL-042,B,Valid,Valid
M9591,*************2591,WO12591,Sedan X,TRIM-1,STN-05,2026-03-03 11:58,ENG-1447,SUP-169,EMP287,TL-002,C,Valid,Valid
M9592,*************2592,WO12592,Hatch Z,TRIM-1,STN-01,2026-03-03 12:00,ENG-1351,SUP-068,EMP307,TL-073,B,Valid,Valid
M9593,*************2593,WO12593,Hatch Z,GA-1,STN-05,2026-03-03 12:01,ENG-1333,SUP-198,EMP189,TL-010,B,Valid,Valid
M9594,*************2594,WO12594,SUV Pro,TRIM-1,STN-04,2026-03-03 12:02,ENG-1386,SUP-153,EMP120,TL-072,C,Valid,Valid
M9595,*************2595,WO12595,Sedan X,TRIM-1,STN-05,2026-03-03 12:03,ENG-1311,SUP-139,EMP247,TL-999,A,Valid,Valid
M9596,*************2596,WO12596,Sedan X,GA-2,STN-01,2026-03-03 12:05,ENG-1435,SUP-085,EMP117,TL-078,B,Valid,Valid
M9597,*************2597,WO12597,Hatch Z,TRIM-1,STN-05,2026-03-03 12:06,ENG-1306,SUP-184,EMP228,TL-065,C,Valid,Valid
M9598,*************2598,WO12598,Hatch Z,GA-2,STN-03,2026-03-03 12:07,ENG-1451,SUP-156,EMP272,TL-095,A,Valid,Valid
M9599,*************2599,WO12599,Hatch Z,GA-1,STN-03,2026-03-03 12:08,ENG-1177,SUP-116,EMP379,TL-065,,Valid,Valid
M9600,*************2600,WO12600,Sedan X,TRIM-1,STN-01,2026-03-03 12:10,ENG-1182,SUP-046,EMP220,TL-070,,Valid,Valid
M9601,*************2601,WO12601,SUV Pro,TRIM-1,STN-04,2026-03-03 12:11,ENG-1100,SUP-139,EMP195,TL-004,,Valid,Valid
M9602,*************2602,WO12602,SUV Pro,TRIM-1,STN-03,2026-03-03 12:12,ENG-1039,SUP-158,EMP132,TL-093,,Valid,Valid
M9603,*************2603,WO12603,SUV Pro,TRIM-1,STN-04,2026-03-03 12:13,ENG-1277,SUP-039,EMP394,TL-056,,Valid,Valid
M9604,*************2604,WO12604,Hatch Z,GA-2,STN-03,2026-03-03 12:15,ENG-1427,SUP-034,EMP263,TL-067,B,Valid,Valid
M9605,*************2605,WO12605,SUV Pro,GA-1,STN-03,2026-03-03 12:16,ENG-1329,SUP-137,EMP262,TL-088,A,Valid,Valid
M9606,*************2606,WO12606,SUV Pro,GA-2,STN-05,2026-03-03 12:17,ENG-1320,SUP-061,EMP288,TL-007,C,Valid,Valid
M9607,*************2607,WO12607,Sedan X,PAINT-1,STN-03,2026-03-03 12:18,ENG-1199,SUP-098,EMP269,TL-088,,Valid,Valid
M9608,*************2608,WO12608,Hatch Z,GA-1,STN-01,2026-03-03 12:20,ENG-1344,SUP-032,EMP185,TL-036,B,Valid,Valid
M9609,*************2609,WO12609,Hatch Z,PAINT-1,STN-03,2026-03-03 12:21,ENG-1191,SUP-069,EMP228,TL-024,,Valid,Valid
M9610,*************2610,WO12610,SUV Pro,TRIM-1,STN-02,2026-03-03 12:22,ENG-1001,SUP-036,EMP280,TL-079,C,Valid,Valid
M9611,*************2611,WO12611,Sedan X,GA-2,STN-05,2026-03-03 12:23,ENG-1487,SUP-035,EMP372,TL-095,C,Valid,Valid
M9612,*************2612,WO12612,SUV Pro,GA-2,STN-03,2026-03-03 12:25,ENG-1481,SUP-050,EMP379,TL-074,A,Valid,Valid
M9613,*************2613,WO12613,SUV Pro,TRIM-1,STN-02,2026-03-03 12:26,ENG-1133,SUP-021,EMP267,TL-024,C,Valid,Valid
M9614,*************2614,WO12614,Hatch Z,TRIM-1,STN-02,2026-03-03 12:27,ENG-1467,SUP-088,EMP299,TL-022,B,Valid,Valid
M9615,*************2615,WO12615,SUV Pro,GA-2,STN-03,2026-03-03 12:28,ENG-1355,SUP-057,EMP275,TL-068,C,Valid,Valid
M9616,*************2616,WO12616,Sedan X,GA-2,STN-03,2026-03-03 12:30,ENG-1481,SUP-130,EMP154,TL-072,,Valid,Valid
M9617,*************2617,WO12617,SUV Pro,PAINT-1,STN-01,2026-03-03 12:31,ENG-1487,SUP-166,EMP350,TL-067,C,Valid,Valid
M9618,*************2618,WO12618,SUV Pro,PAINT-1,STN-01,2026-03-03 12:32,ENG-1312,SUP-083,EMP349,TL-099,C,Valid,Valid
M9619,*************2619,WO12619,SUV Pro,GA-2,STN-01,2026-03-03 12:33,ENG-1099,SUP-079,EMP161,TL-087,A,Valid,Valid
M9620,*************2620,WO12620,Sedan X,TRIM-1,STN-05,2026-03-03 12:35,ENG-1247,SUP-043,EMP124,TL-026,C,Valid,Valid
M9621,*************2621,WO12621,Hatch Z,GA-2,STN-03,2026-03-03 12:36,ENG-1406,SUP-010,EMP144,TL-047,B,Valid,Valid
M9622,*************2622,WO12622,SUV Pro,PAINT-1,STN-01,2026-03-03 12:37,ENG-1166,SUP-076,EMP332,TL-014,C,Valid,Valid
M9623,*************2623,WO12623,SUV Pro,GA-2,STN-01,2026-03-03 12:38,ENG-1110,SUP-187,EMP188,TL-047,B,Valid,Valid
M9624,*************2624,WO12624,SUV Pro,TRIM-1,STN-05,2026-03-03 12:40,ENG-1433,SUP-135,EMP149,TL-031,,Valid,Valid
M9625,*************2625,WO12625,SUV Pro,PAINT-1,STN-01,2026-03-03 12:41,ENG-1008,SUP-159,EMP236,TL-020,A,Valid,Valid
M9626,*************2626,WO12626,SUV Pro,GA-1,STN-01,2026-03-03 12:42,ENG-1397,SUP-091,EMP190,TL-059,,Valid,Valid
M9627,*************2627,WO12627,Hatch Z,GA-1,STN-05,2026-03-03 12:43,ENG-1302,SUP-135,EMP342,TL-072,A,Valid,Valid
M9628,*************2628,WO12628,Hatch Z,GA-2,STN-03,2026-03-03 12:45,ENG-1244,SUP-002,EMP239,TL-047,B,Valid,Valid
M9629,*************2629,WO12629,Sedan X,PAINT-1,STN-04,2026-03-03 12:46,ENG-1083,SUP-036,EMP269,TL-072,,Valid,Valid
M9630,*************2630,WO12630,SUV Pro,GA-1,STN-03,2026-03-03 12:47,ENG-1442,SUP-198,EMP398,TL-065,,Valid,Valid
M9631,*************2631,WO12631,SUV Pro,TRIM-1,STN-03,2026-03-03 12:48,ENG-1152,SUP-043,EMP170,TL-064,C,Valid,Valid
M9632,*************2632,WO12632,Hatch Z,PAINT-1,STN-05,2026-03-03 12:50,ENG-1457,SUP-172,EMP243,TL-070,C,Valid,Valid
M9633,*************2633,WO12633,Hatch Z,TRIM-1,STN-03,2026-03-03 12:51,ENG-1407,SUP-082,EMP247,TL-023,B,Valid,Valid
M9634,*************2634,WO12634,SUV Pro,GA-1,STN-01,2026-03-03 12:52,ENG-1415,SUP-178,EMP319,TL-043,A,Valid,Valid
M9635,*************2635,WO12635,Sedan X,GA-1,STN-01,2026-03-03 12:53,ENG-1021,SUP-040,EMP257,TL-048,B,Valid,Valid
M9636,*************2636,WO12636,Hatch Z,GA-2,STN-01,2026-03-03 12:55,ENG-1490,SUP-061,EMP167,TL-083,A,Valid,Valid
M9637,*************2637,WO12637,SUV Pro,PAINT-1,STN-01,2026-03-03 12:56,ENG-1106,SUP-002,EMP265,TL-044,,Valid,Valid
M9638,*************2638,WO12638,Sedan X,GA-2,STN-05,2026-03-03 12:57,ENG-1324,SUP-109,EMP384,TL-095,B,Valid,Valid
M9639,*************2639,WO12639,Hatch Z,GA-1,STN-03,2026-03-03 12:58,ENG-1155,SUP-073,EMP366,TL-068,,Valid,Valid
M9640,*************2640,WO12640,SUV Pro,TRIM-1,STN-02,2026-03-03 13:00,ENG-1255,SUP-177,EMP213,TL-055,,Valid,Valid
M9641,*************2641,WO12641,Hatch Z,TRIM-1,STN-05,2026-03-03 13:01,ENG-1486,SUP-075,EMP311,TL-020,A,Valid,Valid
M9642,*************2642,WO12642,Sedan X,PAINT-1,STN-03,2026-03-03 13:02,ENG-1263,SUP-190,EMP185,TL-048,C,Valid,Valid
M9643,*************2643,WO12643,Sedan X,GA-1,STN-05,2026-03-03 13:03,ENG-1111,SUP-045,EMP378,TL-014,B,Valid,Valid
M9644,*************2644,WO12644,Sedan X,GA-1,STN-02,2026-03-03 13:05,ENG-1102,SUP-156,EMP173,TL-083,A,Valid,Valid
M9645,*************2645,WO12645,Hatch Z,PAINT-1,STN-05,2026-03-03 13:06,ENG-1047,SUP-016,EMP293,TL-095,A,Valid,Valid
M9646,*************2646,WO12646,Sedan X,GA-2,STN-04,2026-03-03 13:07,ENG-1134,SUP-126,EMP181,TL-027,,Valid,Valid
M9647,*************2647,WO12647,SUV Pro,GA-1,STN-05,2026-03-03 13:08,ENG-1084,SUP-197,EMP341,TL-052,A,Valid,Valid
M9648,*************2648,WO12648,Hatch Z,TRIM-1,STN-02,2026-03-03 13:10,ENG-1402,SUP-047,EMP279,TL-062,,Valid,Valid
M9649,*************2649,WO12649,SUV Pro,PAINT-1,STN-05,2026-03-03 13:11,ENG-1498,SUP-093,EMP387,TL-081,C,Valid,Valid
M9650,*************2650,WO12650,SUV Pro,GA-2,STN-04,2026-03-03 13:12,ENG-1079,SUP-147,EMP116,TL-042,B,Valid,Valid
M9651,*************2651,WO12651,Hatch Z,GA-1,STN-05,2026-03-03 13:13,ENG-1418,SUP-199,EMP332,TL-049,B,Valid,Valid
M9652,*************2652,WO12652,Hatch Z,GA-1,STN-04,2026-03-03 13:15,ENG-1027,SUP-141,EMP193,TL-092,,Valid,Valid
M9653,*************2653,WO12653,Sedan X,TRIM-1,STN-02,2026-03-03 13:16,ENG-1032,SUP-118,EMP210,TL-026,,Valid,Valid
M9654,*************2654,WO12654,Hatch Z,GA-2,STN-05,2026-03-03 13:17,ENG-1335,SUP-150,EMP195,TL-004,C,Valid,Valid
M9655,*************2655,WO12655,Sedan X,GA-2,STN-02,2026-03-03 13:18,ENG-1295,SUP-146,EMP209,TL-095,,Valid,Valid
M9656,*************2656,WO12656,Sedan X,GA-1,STN-05,2026-03-03 13:20,ENG-1218,SUP-084,EMP399,TL-010,C,Valid,Valid
M9657,*************2657,WO12657,Sedan X,GA-2,STN-02,2026-03-03 13:21,ENG-1459,SUP-043,EMP266,TL-084,C,Valid,Valid
M9658,*************2658,WO12658,Hatch Z,GA-2,STN-03,2026-03-03 13:22,ENG-1295,SUP-139,EMP204,TL-041,C,Valid,Valid
M9659,*************2659,WO12659,SUV Pro,TRIM-1,STN-01,2026-03-03 13:23,ENG-1250,SUP-186,EMP337,TL-095,,Valid,Valid
M9660,*************2660,WO12660,Sedan X,GA-2,STN-03,2026-03-03 13:25,ENG-1201,SUP-075,EMP226,TL-003,C,Valid,Valid
M9661,*************2661,WO12661,SUV Pro,PAINT-1,STN-05,2026-03-03 13:26,ENG-1415,SUP-199,EMP355,TL-079,A,Valid,Valid
M9662,*************2662,WO12662,Sedan X,TRIM-1,STN-05,2026-03-03 13:27,ENG-1422,SUP-150,EMP324,TL-001,B,Valid,Valid
M9663,*************2663,WO12663,Hatch Z,GA-2,STN-04,2026-03-03 13:28,ENG-1035,SUP-042,EMP128,TL-043,B,Valid,Valid
M9664,,WO12664,Hatch Z,TRIM-1,STN-03,2026-03-03 13:30,ENG-1269,,EMP354,TL-093,A,Valid,Invalid
M9665,*************2665,WO12665,Sedan X,TRIM-1,STN-05,2026-03-03 13:31,ENG-1458,SUP-084,EMP170,TL-075,B,Valid,Valid
M9666,*************2666,WO12666,Sedan X,GA-2,STN-01,2026-03-03 13:32,ENG-1415,SUP-173,EMP150,TL-018,C,Valid,Valid
M9667,*************2667,WO12667,SUV Pro,GA-1,STN-05,2026-03-03 13:33,ENG-1096,SUP-045,EMP119,TL-006,C,Valid,Valid
M9668,*************2668,WO12668,Hatch Z,TRIM-1,STN-05,2026-03-03 13:35,ENG-1415,SUP-176,EMP338,TL-067,,Valid,Valid
M9669,*************2669,WO12669,SUV Pro,GA-2,STN-05,2026-03-03 13:36,ENG-1378,SUP-185,EMP290,TL-086,C,Valid,Valid
M9670,*************2670,WO12670,Sedan X,GA-2,STN-05,2026-03-03 13:37,ENG-1273,SUP-101,EMP131,TL-097,A,Valid,Valid
M9671,*************2671,WO12671,Sedan X,GA-1,STN-03,2026-03-03 13:38,ENG-1154,SUP-061,EMP298,TL-083,A,Valid,Valid
M9672,*************2672,WO12672,Hatch Z,PAINT-1,STN-01,2026-03-03 13:40,ENG-1235,SUP-018,EMP277,TL-021,B,Valid,Valid
M9673,*************2673,WO12673,Hatch Z,GA-1,STN-01,2026-03-03 13:41,ENG-1398,SUP-039,EMP395,TL-022,C,Valid,Valid
M9674,*************2674,WO12674,Hatch Z,GA-1,STN-01,2026-03-03 13:42,ENG-1155,SUP-051,EMP344,TL-036,B,Valid,Valid
M9675,*************2675,WO12675,Sedan X,GA-2,STN-01,2026-03-03 13:43,ENG-1295,SUP-107,EMP340,TL-011,B,Valid,Valid
M9676,*************2676,WO12676,Hatch Z,TRIM-1,STN-01,2026-03-03 13:45,ENG-1311,SUP-030,EMP174,TL-051,A,Valid,Valid
M9677,*************2677,WO12677,Hatch Z,GA-2,STN-05,2026-03-03 13:46,ENG-1077,SUP-030,EMP206,TL-021,A,Valid,Valid
M9678,*************2678,WO12678,Hatch Z,TRIM-1,STN-04,2026-03-03 13:47,ENG-1238,SUP-193,EMP171,TL-007,A,Valid,Valid
M9679,*************2679,WO12679,Hatch Z,GA-1,STN-01,2026-03-03 13:48,ENG-1057,SUP-098,EMP306,TL-014,B,Valid,Valid
M9680,*************2680,WO12680,Sedan X,GA-1,STN-01,2026-03-03 13:50,ENG-1316,SUP-185,EMP116,TL-058,B,Valid,Valid
M9681,*************2681,WO12681,Hatch Z,PAINT-1,STN-05,2026-03-03 13:51,ENG-1380,SUP-136,EMP324,TL-032,B,Valid,Valid
M9682,*************2682,WO12682,Hatch Z,GA-2,STN-01,2026-03-03 13:52,ENG-1150,SUP-147,EMP198,TL-056,,Valid,Valid
M9683,*************2683,WO12683,SUV Pro,GA-2,STN-05,2026-03-03 13:53,ENG-1006,SUP-170,EMP191,TL-059,C,Valid,Valid
M9684,*************2684,WO12684,Hatch Z,GA-1,STN-02,2026-03-03 13:55,ENG-1391,SUP-073,EMP190,TL-013,A,Valid,Valid
M9685,*************2685,WO12685,SUV Pro,GA-1,STN-03,2026-03-03 13:56,ENG-1285,SUP-175,EMP302,TL-081,B,Valid,Valid
M9686,*************2686,WO12686,SUV Pro,GA-1,STN-05,2026-03-03 13:57,ENG-1340,SUP-084,EMP168,TL-020,C,Valid,Valid
M9687,*************2687,WO12687,SUV Pro,GA-2,STN-01,2026-03-03 13:58,ENG-1430,SUP-152,EMP199,TL-090,C,Valid,Valid
M9688,*************2688,WO12688,SUV Pro,TRIM-1,STN-03,2026-03-03 14:00,ENG-1404,SUP-017,EMP100,TL-028,C,Valid,Valid
M9689,*************2689,WO12689,Sedan X,TRIM-1,STN-03,2026-03-03 14:01,ENG-1008,SUP-199,EMP149,TL-030,,Valid,Valid
M9690,*************2690,WO12690,Sedan X,GA-2,STN-03,2026-03-03 14:02,ENG-1097,SUP-109,EMP283,TL-071,C,Valid,Valid
M9691,*************2691,WO12691,Hatch Z,PAINT-1,STN-04,2026-03-03 14:03,ENG-1157,SUP-196,EMP166,TL-028,A,Valid,Valid
M9692,*************2692,WO12692,SUV Pro,GA-1,STN-05,2026-03-03 14:05,ENG-1398,SUP-040,EMP113,TL-019,,Valid,Valid
M9693,*************2693,WO12693,Sedan X,TRIM-1,STN-01,2026-03-03 14:06,ENG-1185,SUP-158,EMP182,TL-062,B,Valid,Valid
M9694,*************2694,WO12694,Hatch Z,TRIM-1,STN-03,2026-03-03 14:07,ENG-1030,SUP-043,EMP131,TL-057,A,Valid,Valid
M9695,*************2695,WO12695,SUV Pro,TRIM-1,STN-03,2026-03-03 14:08,ENG-1302,SUP-006,EMP311,TL-030,B,Valid,Valid
M9696,*************2696,WO12696,Sedan X,PAINT-1,STN-05,2026-03-03 14:10,ENG-1332,SUP-028,EMP275,TL-041,C,Valid,Valid
M9697,*************2697,WO12697,Sedan X,GA-1,STN-02,2026-03-03 14:11,ENG-1359,SUP-182,EMP246,TL-005,B,Valid,Valid
M9698,*************2698,WO12698,Sedan X,GA-1,STN-01,2026-03-03 14:12,ENG-1315,SUP-093,EMP307,TL-064,,Valid,Valid
M9699,*************2699,WO12699,SUV Pro,TRIM-1,STN-03,2026-03-03 14:13,ENG-1157,SUP-160,EMP133,TL-048,,Valid,Valid
M9700,*************2700,WO12700,Hatch Z,PAINT-1,STN-03,2026-03-03 14:15,ENG-1145,SUP-109,EMP188,TL-032,C,Valid,Valid
M9701,*************2701,WO12701,SUV Pro,GA-1,STN-02,2026-03-03 14:16,ENG-1428,SUP-065,EMP336,TL-056,A,Valid,Valid
M9702,*************2702,WO12702,Sedan X,GA-1,STN-05,2026-03-03 14:17,ENG-1030,SUP-197,EMP160,TL-999,A,Valid,Valid
M9703,*************2703,WO12703,Sedan X,GA-2,STN-01,2026-03-03 14:18,ENG-1412,SUP-189,EMP311,TL-071,B,Valid,Valid
M9704,*************2704,WO12704,Sedan X,TRIM-1,STN-04,2026-03-03 14:20,ENG-1141,SUP-196,EMP146,TL-063,B,Valid,Valid
M9705,*************2705,WO12705,SUV Pro,GA-1,STN-05,2026-03-03 14:21,ENG-1006,SUP-133,EMP149,TL-094,C,Valid,Valid
M9706,*************2706,WO12706,SUV Pro,GA-1,STN-02,2026-03-03 14:22,ENG-1303,SUP-008,EMP155,TL-044,A,Valid,Valid
M9707,*************2707,WO12707,SUV Pro,GA-1,STN-02,2026-03-03 14:23,ENG-1260,SUP-011,EMP309,TL-058,A,Valid,Valid
M9708,*************2708,WO12708,Sedan X,GA-1,STN-04,2026-03-03 14:25,ENG-1364,SUP-059,EMP270,TL-011,A,Valid,Valid
M9709,*************2709,WO12709,SUV Pro,PAINT-1,STN-05,2026-03-03 14:26,ENG-1488,SUP-071,EMP351,TL-039,B,Valid,Valid
M9710,*************2710,WO12710,SUV Pro,GA-2,STN-01,2026-03-03 14:27,ENG-1360,SUP-051,EMP112,TL-003,,Valid,Valid
M9711,*************2711,WO12711,Sedan X,PAINT-1,STN-05,2026-03-03 14:28,ENG-1440,SUP-136,EMP281,TL-058,,Valid,Valid
M9712,*************2712,WO12712,Hatch Z,TRIM-1,STN-05,2026-03-03 14:30,ENG-1129,SUP-128,EMP115,TL-027,A,Valid,Valid
M9713,*************2713,WO12713,Hatch Z,GA-1,STN-03,2026-03-03 14:31,ENG-1101,SUP-172,EMP202,TL-078,,Valid,Valid
M9714,*************2714,WO12714,Sedan X,TRIM-1,STN-03,2026-03-03 14:32,ENG-1429,SUP-112,EMP301,TL-056,B,Valid,Valid
M9715,*************2715,WO12715,Sedan X,PAINT-1,STN-05,2026-03-03 14:33,ENG-1032,SUP-135,EMP223,TL-018,,Valid,Valid
M9716,*************2716,WO12716,Sedan X,GA-1,STN-01,2026-03-03 14:35,ENG-1136,SUP-104,EMP312,TL-055,A,Valid,Valid
M9717,*************2717,WO12717,SUV Pro,PAINT-1,STN-05,2026-03-03 14:36,ENG-1301,SUP-007,EMP134,TL-015,A,Valid,Valid
M9718,*************2718,WO12718,SUV Pro,TRIM-1,STN-05,2026-03-03 14:37,ENG-1239,SUP-032,EMP229,TL-005,A,Valid,Valid
M9719,*************2719,WO12719,Hatch Z,PAINT-1,STN-05,2026-03-03 14:38,ENG-1120,SUP-140,EMP382,TL-009,C,Valid,Valid
M9720,*************2720,WO12720,Hatch Z,GA-1,STN-03,2026-03-03 14:40,ENG-1127,SUP-171,EMP133,TL-041,B,Valid,Valid
M9721,*************2721,WO12721,Sedan X,PAINT-1,STN-05,2026-03-03 14:41,ENG-1311,SUP-129,EMP119,TL-076,C,Valid,Valid
M9722,*************2722,WO12722,Hatch Z,TRIM-1,STN-04,2026-03-03 14:42,ENG-1401,SUP-156,EMP370,TL-064,B,Valid,Valid
M9723,*************2723,WO12723,Hatch Z,GA-1,STN-02,2026-03-03 14:43,ENG-1237,SUP-152,EMP324,TL-088,A,Valid,Valid
M9724,*************2724,WO12724,SUV Pro,TRIM-1,STN-05,2026-03-03 14:45,ENG-1284,SUP-192,EMP249,TL-014,,Valid,Valid
M9725,*************2725,WO12725,SUV Pro,GA-1,STN-02,2026-03-03 14:46,ENG-1110,SUP-125,EMP246,TL-007,,Valid,Valid
M9726,*************2726,WO12726,SUV Pro,PAINT-1,STN-02,2026-03-03 14:47,ENG-1119,SUP-045,EMP265,TL-056,B,Valid,Valid
M9727,*************2727,WO12727,Sedan X,PAINT-1,STN-05,2026-03-03 14:48,ENG-1291,SUP-030,EMP328,TL-002,A,Valid,Valid
M9728,*************2728,WO12728,Hatch Z,PAINT-1,STN-02,2026-03-03 14:50,ENG-1452,SUP-111,EMP171,TL-004,B,Valid,Valid
M9729,*************2729,WO12729,SUV Pro,GA-1,STN-05,2026-03-03 14:51,ENG-1235,SUP-139,EMP187,TL-014,A,Valid,Valid
M9730,*************2730,WO12730,SUV Pro,GA-1,STN-03,2026-03-03 14:52,ENG-1081,SUP-170,EMP114,TL-081,C,Valid,Valid
M9731,*************2731,WO12731,Sedan X,GA-1,STN-02,2026-03-03 14:53,ENG-1189,SUP-176,EMP392,TL-066,,Valid,Valid
M9732,*************2732,WO12732,Sedan X,GA-1,STN-01,2026-03-03 14:55,ENG-1499,SUP-114,EMP111,TL-094,C,Valid,Valid
M9733,*************2733,WO12733,Hatch Z,GA-1,STN-03,2026-03-03 14:56,ENG-1420,SUP-019,EMP379,TL-052,C,Valid,Valid
M9734,*************2734,WO12734,SUV Pro,GA-2,STN-02,2026-03-03 14:57,ENG-1388,SUP-031,EMP331,TL-046,B,Valid,Valid
M9735,*************2735,WO12735,Hatch Z,TRIM-1,STN-05,2026-03-03 14:58,ENG-1191,SUP-113,EMP105,TL-070,B,Valid,Valid
M9736,*************2736,WO12736,Sedan X,GA-1,STN-03,2026-03-03 15:00,ENG-1276,SUP-012,EMP314,TL-061,C,Valid,Valid
M9737,*************2737,WO12737,SUV Pro,GA-1,STN-03,2026-03-03 15:01,ENG-1431,SUP-047,EMP196,TL-049,A,Valid,Valid
M9738,*************2738,WO12738,SUV Pro,TRIM-1,STN-01,2026-03-03 15:02,ENG-1391,SUP-166,EMP143,TL-021,,Valid,Valid
M9739,*************2739,WO12739,Hatch Z,PAINT-1,STN-03,2026-03-03 15:03,ENG-1084,SUP-154,EMP316,TL-072,B,Valid,Valid
M9740,*************2740,WO12740,SUV Pro,TRIM-1,STN-05,2026-03-03 15:05,ENG-1482,SUP-172,EMP344,TL-086,A,Valid,Valid
M9741,*************2741,WO12741,SUV Pro,GA-1,STN-05,2026-03-03 15:06,ENG-1181,SUP-059,EMP160,TL-034,A,Valid,Valid
M9742,*************2742,WO12742,Hatch Z,TRIM-1,STN-01,2026-03-03 15:07,ENG-1181,SUP-110,EMP122,TL-064,B,Valid,Valid
M9743,*************2743,WO12743,Sedan X,TRIM-1,STN-03,2026-03-03 15:59,ENG-1345,SUP-177,EMP383,TL-072,B,Valid,Valid
M9744,*************2744,WO12744,SUV Pro,TRIM-1,STN-03,2026-03-03 15:10,ENG-1054,SUP-200,EMP335,TL-075,,Valid,Valid
M9745,*************2745,WO12745,Sedan X,PAINT-1,STN-05,2026-03-03 15:11,ENG-1023,SUP-155,EMP315,TL-090,C,Valid,Valid
M9746,*************2746,WO12746,Hatch Z,TRIM-1,STN-04,2026-03-03 15:12,ENG-1279,SUP-064,EMP235,TL-079,,Valid,Valid
M9747,*************2747,WO12747,Sedan X,PAINT-1,STN-04,2026-03-03 15:13,ENG-1261,SUP-080,EMP177,TL-009,,Valid,Valid
M9748,*************2748,WO12748,Sedan X,GA-2,STN-05,2026-03-03 15:15,ENG-1173,SUP-027,EMP297,TL-019,B,Valid,Valid
M9749,*************2749,WO12749,SUV Pro,GA-2,STN-03,2026-03-03 15:16,ENG-1322,SUP-105,EMP240,TL-070,B,Valid,Valid
M9750,*************2750,WO12750,Sedan X,GA-2,STN-03,2026-03-03 15:17,ENG-1273,SUP-103,EMP372,TL-090,B,Valid,Valid
M9751,*************2751,WO12751,Hatch Z,GA-1,STN-04,2026-03-03 15:18,ENG-1070,SUP-067,EMP302,TL-062,B,Valid,Valid
M9752,*************2752,WO12752,Hatch Z,TRIM-1,STN-05,2026-03-03 15:20,ENG-1294,SUP-018,EMP317,TL-003,A,Valid,Valid
M9753,*************2753,WO12753,Sedan X,PAINT-1,STN-01,2026-03-03 15:21,ENG-1109,SUP-029,EMP227,TL-046,B,Valid,Valid
M9754,*************2754,WO12754,Sedan X,TRIM-1,STN-01,2026-03-03 15:22,ENG-1119,SUP-055,EMP343,TL-093,,Valid,Valid
M9755,*************2755,WO12755,Sedan X,PAINT-1,STN-02,2026-03-03 15:23,ENG-1001,SUP-064,EMP122,TL-033,C,Valid,Valid
M9756,*************2756,WO12756,Hatch Z,GA-1,STN-04,2026-03-03 15:25,ENG-1170,SUP-200,EMP111,TL-022,C,Valid,Valid
M9757,*************2757,WO12757,SUV Pro,PAINT-1,STN-04,2026-03-03 15:26,ENG-1074,SUP-068,EMP163,TL-079,A,Valid,Valid
M9758,*************2758,WO12758,SUV Pro,PAINT-1,STN-05,2026-03-03 15:27,ENG-1016,SUP-050,EMP248,TL-036,A,Valid,Valid
M9759,*************2759,WO12759,Hatch Z,TRIM-1,STN-04,2026-03-03 15:28,ENG-1432,SUP-017,EMP340,TL-097,,Valid,Valid
M9760,*************2760,WO12760,Hatch Z,GA-1,STN-03,2026-03-03 15:30,ENG-1264,SUP-033,EMP232,TL-077,A,Valid,Valid
M9761,*************2761,WO12761,Hatch Z,GA-1,STN-03,2026-03-03 15:31,ENG-1205,SUP-119,EMP382,TL-019,A,Valid,Valid
M9762,*************2762,WO12762,SUV Pro,GA-1,STN-04,2026-03-03 15:32,ENG-1138,SUP-106,EMP364,TL-014,B,Valid,Valid
M9763,*************2763,WO12763,SUV Pro,GA-2,STN-04,2026-03-03 15:33,ENG-1320,SUP-097,EMP235,TL-070,,Valid,Valid
M9764,*************2764,WO12764,Hatch Z,GA-2,STN-05,2026-03-03 15:35,ENG-1499,SUP-149,EMP302,TL-090,,Valid,Valid
M9765,*************2765,WO12765,SUV Pro,TRIM-1,STN-05,2026-03-03 15:36,ENG-1159,SUP-177,EMP146,TL-042,C,Valid,Valid
M9766,*************2766,WO12766,Hatch Z,PAINT-1,STN-03,2026-03-03 15:37,ENG-1411,SUP-169,EMP125,TL-015,A,Valid,Valid
M9767,*************2767,WO12767,Hatch Z,GA-2,STN-05,2026-03-03 15:38,ENG-1306,SUP-174,EMP192,TL-008,,Valid,Valid
M9768,*************2768,WO12768,SUV Pro,GA-2,STN-05,2026-03-03 15:40,ENG-1475,SUP-098,EMP122,TL-045,A,Valid,Valid
M9769,*************2769,WO12769,Sedan X,TRIM-1,STN-01,2026-03-03 15:41,ENG-1216,SUP-175,EMP131,TL-030,,Valid,Valid
M9770,*************2770,WO12770,Sedan X,TRIM-1,STN-03,2026-03-03 15:42,ENG-1127,SUP-106,EMP164,TL-013,C,Valid,Valid
M9771,*************2771,WO12771,SUV Pro,PAINT-1,STN-05,2026-03-03 15:43,ENG-1028,SUP-098,EMP348,TL-001,A,Valid,Valid
M9772,*************2772,WO12772,Sedan X,PAINT-1,STN-03,2026-03-03 15:45,ENG-1069,SUP-077,EMP371,TL-075,C,Valid,Valid
M9773,*************2773,WO12773,Sedan X,GA-1,STN-03,2026-03-03 15:46,ENG-1471,SUP-097,EMP292,TL-088,C,Valid,Valid
M9774,*************2774,WO12774,Hatch Z,TRIM-1,STN-04,2026-03-03 15:47,ENG-1254,SUP-106,EMP125,TL-042,,Valid,Valid
M9775,*************2775,WO12775,SUV Pro,GA-2,STN-01,2026-03-03 15:48,ENG-1419,SUP-080,EMP261,TL-055,C,Valid,Valid
M9776,*************2776,WO12776,SUV Pro,TRIM-1,STN-03,2026-03-03 15:50,ENG-1275,SUP-008,EMP392,TL-058,C,Valid,Valid
M9777,*************2777,WO12777,SUV Pro,GA-2,STN-02,2026-03-03 15:51,ENG-1400,SUP-130,EMP114,TL-055,B,Valid,Valid
M9778,*************2778,WO12778,Sedan X,PAINT-1,STN-03,2026-03-03 15:52,ENG-1409,SUP-104,EMP295,TL-999,B,Valid,Valid
M9779,*************2779,WO12779,Hatch Z,GA-2,STN-03,2026-03-03 15:53,ENG-1214,SUP-087,EMP248,TL-007,A,Valid,Valid
M9780,*************2780,WO12780,SUV Pro,PAINT-1,STN-05,2026-03-03 15:55,ENG-1311,SUP-089,EMP217,TL-007,A,Valid,Valid
M9781,*************2781,WO12781,Hatch Z,TRIM-1,STN-02,2026-03-03 15:56,ENG-1438,SUP-048,EMP160,TL-023,B,Valid,Valid
M9782,*************2782,WO12782,SUV Pro,GA-2,STN-03,2026-03-03 15:57,ENG-1408,SUP-116,EMP319,TL-062,,Valid,Valid
M9783,*************2783,WO12783,SUV Pro,TRIM-1,STN-02,2026-03-03 15:58,ENG-1391,SUP-081,EMP134,TL-050,A,Valid,Valid
M9784,*************2784,WO12784,Sedan X,GA-1,STN-02,2026-03-03 16:00,ENG-1143,SUP-182,EMP151,TL-012,C,Valid,Valid
M9785,*************2785,WO12785,Hatch Z,PAINT-1,STN-05,2026-03-03 16:01,ENG-1408,SUP-133,EMP298,TL-008,A,Valid,Valid
M9786,*************2786,WO12786,Hatch Z,GA-1,STN-01,2026-03-03 16:02,ENG-1242,SUP-151,EMP364,TL-051,,Valid,Valid
M9787,*************2787,WO12787,Hatch Z,TRIM-1,STN-05,2026-03-03 16:03,ENG-1065,SUP-051,EMP140,TL-023,C,Valid,Valid
M9788,*************2788,WO12788,SUV Pro,GA-1,STN-03,2026-03-03 16:05,ENG-1139,SUP-115,EMP169,TL-092,,Valid,Valid
M9789,*************2789,WO12789,SUV Pro,GA-2,STN-05,2026-03-03 16:06,ENG-1415,SUP-109,EMP138,TL-019,A,Valid,Valid
M9790,*************2790,WO12790,Sedan X,GA-1,STN-02,2026-03-03 16:07,ENG-1270,SUP-065,EMP217,TL-095,,Valid,Valid
M9791,*************2791,WO12791,SUV Pro,GA-2,STN-04,2026-03-03 16:08,ENG-1177,SUP-179,EMP297,TL-097,A,Valid,Valid
M9792,*************2792,WO12792,SUV Pro,PAINT-1,STN-03,2026-03-03 16:10,ENG-1325,SUP-044,EMP288,TL-034,B,Valid,Valid
M9793,*************2793,WO12793,SUV Pro,GA-2,STN-01,2026-03-03 16:11,ENG-1343,SUP-143,EMP219,TL-065,C,Valid,Valid
M9794,*************2794,WO12794,SUV Pro,PAINT-1,STN-03,2026-03-03 16:12,ENG-1385,SUP-069,EMP124,TL-005,,Valid,Valid
M9795,*************2795,WO12795,SUV Pro,PAINT-1,STN-05,2026-03-03 16:13,ENG-1188,SUP-074,EMP339,TL-044,B,Valid,Valid
M9796,*************2796,WO12796,Sedan X,GA-1,STN-01,2026-03-03 16:15,ENG-1071,SUP-050,EMP178,TL-092,,Valid,Valid
M9797,*************2797,WO12797,SUV Pro,TRIM-1,STN-05,2026-03-03 16:16,ENG-1481,SUP-159,EMP143,TL-058,,Valid,Valid
M9798,*************2798,WO12798,SUV Pro,GA-2,STN-02,2026-03-03 16:17,ENG-1340,SUP-076,EMP185,TL-063,B,Valid,Valid
M9799,*************2799,WO12799,Sedan X,GA-2,STN-03,2026-03-03 16:18,ENG-1426,SUP-143,EMP375,TL-049,B,Valid,Valid
M9800,*************2800,WO12800,Sedan X,TRIM-1,STN-03,2026-03-03 16:20,ENG-1365,SUP-004,EMP377,TL-008,A,Valid,Valid
M9801,*************2801,WO12801,Hatch Z,TRIM-1,STN-02,2026-03-03 16:21,ENG-1423,SUP-011,EMP230,TL-043,B,Valid,Valid
M9802,*************2802,WO12802,Sedan X,TRIM-1,STN-05,2026-03-03 16:22,ENG-1405,SUP-059,EMP266,TL-093,B,Valid,Valid
M9803,*************2803,WO12803,SUV Pro,GA-2,STN-03,2026-03-03 16:23,ENG-1434,SUP-059,EMP256,TL-002,A,Valid,Valid
M9804,*************2804,WO12804,Hatch Z,GA-1,STN-05,2026-03-03 16:25,ENG-1035,SUP-184,EMP302,TL-057,,Valid,Valid
M9805,*************2805,WO12805,Hatch Z,PAINT-1,STN-05,2026-03-03 16:26,ENG-1463,SUP-018,EMP317,TL-045,B,Valid,Valid
M9806,*************2806,WO12806,SUV Pro,PAINT-1,STN-03,2026-03-03 16:27,ENG-1469,SUP-172,EMP284,TL-034,C,Valid,Valid
M9807,*************2807,WO12807,SUV Pro,GA-1,STN-03,2026-03-03 16:28,ENG-1272,SUP-054,EMP373,TL-047,A,Valid,Valid
M9808,*************2808,WO12808,SUV Pro,GA-2,STN-04,2026-03-03 16:30,ENG-1360,SUP-142,EMP154,TL-002,C,Valid,Valid
M9809,*************2809,WO12809,Sedan X,GA-1,STN-02,2026-03-03 16:31,ENG-1274,SUP-117,EMP357,TL-066,C,Valid,Valid
M9810,*************2810,WO12810,Hatch Z,TRIM-1,STN-03,2026-03-03 16:32,ENG-1318,SUP-146,EMP396,TL-055,B,Valid,Valid
M9811,*************2811,WO12811,Hatch Z,GA-1,STN-03,2026-03-03 16:33,ENG-1161,SUP-124,EMP396,TL-090,B,Valid,Valid
M9812,*************2812,WO12812,SUV Pro,GA-1,STN-03,2026-03-03 16:35,ENG-1429,SUP-116,EMP170,TL-033,,Valid,Valid
M9813,*************2813,WO12813,Sedan X,GA-1,STN-03,2026-03-03 16:36,ENG-1045,SUP-187,EMP376,TL-096,,Valid,Valid
M9814,*************2814,WO12814,Hatch Z,PAINT-1,STN-02,2026-03-03 16:37,ENG-1137,SUP-034,EMP204,TL-072,B,Valid,Valid
M9815,*************2815,WO12815,Hatch Z,TRIM-1,STN-02,2026-03-03 16:38,ENG-1266,SUP-061,EMP221,TL-073,A,Valid,Valid
M9816,*************2816,WO12816,Sedan X,GA-1,STN-05,2026-03-03 16:40,ENG-1337,SUP-141,EMP355,TL-004,,Valid,Valid
M9817,*************2817,WO12817,Sedan X,GA-2,STN-02,2026-03-03 16:41,ENG-1264,SUP-132,EMP125,TL-092,B,Valid,Valid
M9818,*************2818,WO12818,Sedan X,GA-2,STN-01,2026-03-03 16:42,ENG-1022,SUP-030,EMP107,TL-024,B,Valid,Valid
M9819,*************2819,WO12819,Sedan X,GA-1,STN-01,2026-03-03 16:43,ENG-1032,SUP-178,EMP367,TL-050,,Valid,Valid
M9820,*************2820,WO12820,SUV Pro,TRIM-1,STN-01,2026-03-03 16:45,ENG-1023,SUP-008,EMP360,TL-081,,Valid,Valid
M9821,*************2821,WO12821,Hatch Z,TRIM-1,STN-01,2026-03-03 16:46,ENG-1005,SUP-141,EMP142,TL-038,B,Valid,Valid
M9822,*************2822,WO12822,SUV Pro,TRIM-1,STN-03,2026-03-03 16:47,ENG-1047,SUP-074,EMP131,TL-093,B,Valid,Valid
M9823,*************2823,WO12823,Hatch Z,PAINT-1,STN-03,2026-03-03 16:48,ENG-1332,SUP-063,EMP143,TL-076,A,Valid,Valid
M9824,*************2824,WO12824,SUV Pro,PAINT-1,STN-04,2026-03-03 16:50,ENG-1400,SUP-193,EMP381,TL-083,B,Valid,Valid
M9825,*************2825,WO12825,Sedan X,PAINT-1,STN-03,2026-03-03 16:51,ENG-1209,SUP-151,EMP261,TL-087,A,Valid,Valid
M9826,*************2826,WO12826,Sedan X,GA-1,STN-02,2026-03-03 16:52,ENG-1375,SUP-198,EMP108,TL-059,,Valid,Valid
M9827,*************2827,WO12827,Sedan X,GA-1,STN-03,2026-03-03 16:53,ENG-1418,SUP-072,EMP268,TL-096,,Valid,Valid
M9828,*************2828,WO12828,SUV Pro,GA-1,STN-03,2026-03-03 16:55,ENG-1010,SUP-177,EMP123,TL-056,,Valid,Valid
M9829,*************2829,WO12829,Hatch Z,TRIM-1,STN-04,2026-03-03 16:56,ENG-1137,SUP-024,EMP137,TL-002,,Valid,Valid
M9830,*************2830,WO12830,SUV Pro,PAINT-1,STN-03,2026-03-03 16:57,ENG-1044,SUP-182,EMP146,TL-091,B,Valid,Valid
M9831,*************2831,WO12831,SUV Pro,GA-1,STN-03,2026-03-03 16:58,ENG-1228,SUP-139,EMP265,TL-013,,Valid,Valid
M9832,*************2832,WO12832,Hatch Z,PAINT-1,STN-03,2026-03-03 17:00,ENG-1316,SUP-121,EMP121,TL-067,A,Valid,Valid
M9833,*************2833,WO12833,SUV Pro,GA-2,STN-04,2026-03-03 17:01,ENG-1214,SUP-141,EMP203,TL-038,B,Valid,Valid
M9834,*************2834,WO12834,SUV Pro,TRIM-1,STN-02,2026-03-03 17:02,ENG-1198,SUP-156,EMP335,TL-999,A,Valid,Valid
M9835,*************2835,WO12835,Hatch Z,GA-2,STN-05,2026-03-03 17:03,ENG-1221,SUP-143,EMP384,TL-067,A,Valid,Valid
M9836,*************2836,WO12836,SUV Pro,TRIM-1,STN-03,2026-03-03 17:05,ENG-1314,SUP-019,EMP286,TL-004,C,Valid,Valid
M9837,*************2837,WO12837,Hatch Z,TRIM-1,STN-02,2026-03-03 17:06,ENG-1185,SUP-117,EMP139,TL-073,,Valid,Valid
M9838,*************2838,WO12838,SUV Pro,GA-1,STN-05,2026-03-03 17:07,ENG-1304,SUP-061,EMP164,TL-003,A,Valid,Valid
M9839,*************2839,WO12839,Sedan X,TRIM-1,STN-05,2026-03-03 17:08,ENG-1391,SUP-092,EMP332,TL-081,B,Valid,Valid
M9840,*************2840,WO12840,SUV Pro,GA-1,STN-03,2026-03-03 17:10,ENG-1040,SUP-142,EMP102,TL-098,C,Valid,Valid
M9841,*************2841,WO12841,Sedan X,GA-1,STN-03,2026-03-03 17:11,ENG-1236,SUP-093,EMP271,TL-066,C,Valid,Valid
M9842,*************2842,WO12842,Sedan X,TRIM-1,STN-04,2026-03-03 17:12,ENG-1233,SUP-075,EMP146,TL-086,B,Valid,Valid
M9843,*************2843,WO12843,SUV Pro,PAINT-1,STN-04,2026-03-03 17:13,ENG-1308,SUP-048,EMP138,TL-013,B,Valid,Valid
M9844,*************2844,WO12844,SUV Pro,GA-1,STN-05,2026-03-03 17:15,ENG-1364,SUP-152,EMP306,TL-018,,Valid,Valid
M9845,*************2845,WO12845,SUV Pro,GA-2,STN-02,2026-03-03 17:16,ENG-1072,SUP-155,EMP344,TL-043,A,Valid,Valid
M9846,*************2846,WO12846,SUV Pro,GA-1,STN-03,2026-03-03 17:17,ENG-1362,SUP-068,EMP287,TL-035,B,Valid,Valid
M9847,*************2847,WO12847,Sedan X,PAINT-1,STN-05,2026-03-03 17:18,ENG-1150,SUP-096,EMP348,TL-006,C,Valid,Valid
M9848,*************2848,WO12848,SUV Pro,GA-2,STN-01,2026-03-03 17:20,ENG-1432,SUP-148,EMP172,TL-017,C,Valid,Valid
M9849,*************2849,WO12849,SUV Pro,GA-1,STN-05,2026-03-03 17:21,ENG-1294,SUP-005,EMP125,TL-009,,Valid,Valid
M9850,*************2850,WO12850,Sedan X,PAINT-1,STN-04,2026-03-03 17:22,ENG-1140,SUP-014,EMP335,TL-022,B,Valid,Valid
M9851,*************2851,WO12851,Sedan X,PAINT-1,STN-03,2026-03-03 17:23,ENG-1442,SUP-121,EMP190,TL-065,B,Valid,Valid
M9852,*************2852,WO12852,Hatch Z,PAINT-1,STN-05,2026-03-03 17:25,ENG-1453,SUP-072,EMP102,TL-008,A,Valid,Valid
M9853,*************2853,WO12853,SUV Pro,GA-2,STN-02,2026-03-03 17:26,ENG-1352,SUP-068,EMP331,TL-031,A,Valid,Valid
M9854,*************2854,WO12854,Sedan X,TRIM-1,STN-01,2026-03-03 17:27,ENG-1199,SUP-139,EMP291,TL-001,,Valid,Valid
M9855,*************2855,WO12855,Sedan X,GA-1,STN-03,2026-03-03 17:28,ENG-1179,SUP-144,EMP130,TL-012,A,Valid,Valid
M9856,*************2856,WO12856,Hatch Z,PAINT-1,STN-01,2026-03-03 17:30,ENG-1312,SUP-046,EMP337,TL-014,A,Valid,Valid
M9857,*************2857,WO12857,SUV Pro,GA-2,STN-04,2026-03-03 17:31,ENG-1041,SUP-192,EMP122,TL-096,C,Valid,Valid
M9858,*************2858,WO12858,Sedan X,TRIM-1,STN-01,2026-03-03 17:32,ENG-1420,SUP-146,EMP169,TL-026,A,Valid,Valid
M9859,*************2859,WO12859,Sedan X,TRIM-1,STN-01,2026-03-03 17:33,ENG-1414,SUP-111,EMP260,TL-088,A,Valid,Valid
M9860,*************2860,WO12860,Sedan X,TRIM-1,STN-03,2026-03-03 17:35,ENG-1463,SUP-180,EMP144,TL-065,C,Valid,Valid
M9861,*************2861,WO12861,Hatch Z,PAINT-1,STN-05,2026-03-03 17:36,ENG-1150,SUP-059,EMP172,TL-073,,Valid,Valid
M9862,*************2862,WO12862,SUV Pro,GA-2,STN-03,2026-03-03 17:37,ENG-1439,SUP-106,EMP276,TL-017,C,Valid,Valid
M9863,*************2863,WO12863,SUV Pro,TRIM-1,STN-03,2026-03-03 17:38,ENG-1059,SUP-106,EMP145,TL-080,B,Valid,Valid
M9864,*************2864,WO12864,SUV Pro,GA-2,STN-03,2026-03-03 17:40,ENG-1159,SUP-138,EMP142,TL-028,A,Valid,Valid
M9865,*************2865,WO12865,Sedan X,PAINT-1,STN-03,2026-03-03 17:41,ENG-1023,SUP-040,EMP280,TL-100,,Valid,Valid
M9866,*************2866,WO12866,Sedan X,GA-2,STN-01,2026-03-03 17:42,ENG-1239,SUP-076,EMP209,TL-999,C,Valid,Valid
M9867,*************2867,WO12867,SUV Pro,PAINT-1,STN-05,2026-03-03 17:43,ENG-1391,SUP-062,EMP272,TL-020,,Valid,Valid
M9868,*************2868,WO12868,Hatch Z,GA-1,STN-04,2026-03-03 17:45,ENG-1441,SUP-070,EMP379,TL-056,A,Valid,Valid
M9869,*************2869,WO12869,Hatch Z,TRIM-1,STN-04,2026-03-03 17:46,ENG-1099,SUP-151,EMP380,TL-029,C,Valid,Valid
M9870,*************2870,WO12870,SUV Pro,GA-2,STN-05,2026-03-03 17:47,ENG-1155,SUP-046,EMP262,TL-030,,Valid,Valid
M9871,*************2871,WO12871,Hatch Z,PAINT-1,STN-04,2026-03-03 17:48,ENG-1468,SUP-036,EMP376,TL-007,C,Valid,Valid
M9872,*************2872,WO12872,SUV Pro,GA-1,STN-04,2026-03-03 17:50,ENG-1417,SUP-114,EMP241,TL-091,A,Valid,Valid
M9873,*************2873,WO12873,SUV Pro,PAINT-1,STN-04,2026-03-03 17:51,ENG-1317,SUP-086,EMP280,TL-011,C,Valid,Valid
M9874,*************2874,WO12874,SUV Pro,GA-2,STN-02,2026-03-03 17:52,ENG-1289,SUP-047,EMP104,TL-077,A,Valid,Valid
M9875,*************2875,WO12875,Hatch Z,PAINT-1,STN-03,2026-03-03 17:53,ENG-1166,SUP-028,EMP121,TL-064,C,Valid,Valid
M9876,*************2876,WO12876,Hatch Z,GA-1,STN-05,2026-03-03 17:55,ENG-1307,SUP-027,EMP219,TL-013,A,Valid,Valid
M9877,*************2877,WO12877,Sedan X,TRIM-1,STN-03,2026-03-03 17:56,ENG-1259,SUP-100,EMP148,TL-077,A,Valid,Valid
M9878,*************2878,WO12878,Sedan X,PAINT-1,STN-03,2026-03-03 17:57,ENG-1151,SUP-181,EMP327,TL-088,,Valid,Valid
M9879,*************2879,WO12879,Sedan X,GA-2,STN-02,2026-03-03 17:58,ENG-1324,SUP-007,EMP307,TL-092,C,Valid,Valid
M9880,*************2880,WO12880,Sedan X,PAINT-1,STN-03,2026-03-03 18:00,ENG-1470,SUP-069,EMP142,TL-088,B,Valid,Valid
M9881,*************2881,WO12881,Sedan X,GA-1,STN-05,2026-03-03 18:01,ENG-1069,SUP-047,EMP324,TL-041,C,Valid,Valid
M9882,*************2882,WO12882,Sedan X,GA-1,STN-02,2026-03-03 18:02,ENG-1440,SUP-107,EMP125,TL-011,C,Valid,Valid
M9883,*************2883,WO12883,Sedan X,PAINT-1,STN-02,2026-03-03 18:03,ENG-1441,SUP-185,EMP193,TL-045,C,Valid,Valid
M9884,*************2884,WO12884,SUV Pro,PAINT-1,STN-01,2026-03-03 18:05,ENG-1224,SUP-073,EMP122,TL-064,A,Valid,Valid
M9885,*************2885,WO12885,SUV Pro,GA-2,STN-03,2026-03-03 18:06,ENG-1066,SUP-119,EMP381,TL-007,C,Valid,Valid
M9886,*************2886,WO12886,Hatch Z,PAINT-1,STN-05,2026-03-03 18:07,ENG-1014,,EMP218,TL-086,A,Valid,Valid
M9887,*************2887,WO12887,Sedan X,GA-1,STN-04,2026-03-03 18:08,ENG-1147,SUP-174,EMP210,TL-039,A,Valid,Valid
M9888,*************2888,WO12888,Sedan X,GA-1,STN-01,2026-03-03 18:10,ENG-1142,SUP-090,EMP164,TL-005,B,Valid,Valid
M9889,*************2889,WO12889,SUV Pro,GA-1,STN-05,2026-03-03 18:11,ENG-1313,SUP-179,EMP245,TL-009,A,Valid,Valid
M9890,*************2890,WO12890,Hatch Z,PAINT-1,STN-05,2026-03-03 18:12,ENG-1314,SUP-025,EMP213,TL-084,C,Valid,Valid
M9891,*************2891,WO12891,Hatch Z,GA-2,STN-05,2026-03-03 18:13,ENG-1183,SUP-089,EMP224,TL-048,C,Valid,Valid
M9892,*************2892,WO12892,Sedan X,GA-1,STN-03,2026-03-03 18:15,ENG-1198,SUP-019,EMP117,TL-008,,Valid,Valid
M9893,*************2893,WO12893,SUV Pro,GA-1,STN-05,2026-03-03 18:16,ENG-1009,SUP-102,EMP392,TL-055,A,Valid,Valid
M9894,*************2894,WO12894,Sedan X,TRIM-1,STN-05,2026-03-03 18:17,ENG-1224,SUP-123,EMP234,TL-006,B,Valid,Valid
M9895,*************2895,WO12895,SUV Pro,PAINT-1,STN-05,2026-03-03 18:18,ENG-1348,SUP-033,EMP211,TL-085,B,Valid,Valid
M9896,*************2896,WO12896,Hatch Z,PAINT-1,STN-03,2026-03-03 18:20,ENG-1297,SUP-179,EMP291,TL-029,A,Valid,Valid
M9897,*************2897,WO12897,Sedan X,TRIM-1,STN-04,2026-03-03 18:21,ENG-1234,SUP-097,EMP180,TL-043,C,Valid,Valid
M9898,*************2898,WO12898,Sedan X,GA-2,STN-02,2026-03-03 18:22,ENG-1324,SUP-090,EMP105,TL-010,,Valid,Valid
M9899,*************2899,WO12899,Sedan X,TRIM-1,STN-03,2026-03-03 18:23,ENG-1130,SUP-034,EMP300,TL-024,C,Valid,Valid
M9900,*************2900,WO12900,Sedan X,TRIM-1,STN-05,2026-03-03 18:25,ENG-1001,SUP-066,EMP194,TL-075,A,Valid,Valid
M9901,*************2901,WO12901,Hatch Z,GA-2,STN-05,2026-03-03 18:26,ENG-1484,SUP-147,EMP176,TL-029,B,Valid,Valid
M9902,*************2902,WO12902,SUV Pro,PAINT-1,STN-03,2026-03-03 18:27,ENG-1048,SUP-018,EMP107,TL-095,A,Valid,Valid
M9903,*************2903,WO12903,Hatch Z,GA-1,STN-05,2026-03-03 18:28,ENG-1458,SUP-108,EMP123,TL-046,B,Valid,Valid
M9904,*************2904,WO12904,Sedan X,TRIM-1,STN-05,2026-03-03 18:30,ENG-1129,SUP-063,EMP107,TL-020,A,Valid,Valid
M9905,*************2905,WO12905,Sedan X,TRIM-1,STN-04,2026-03-03 18:31,ENG-1227,SUP-057,EMP169,TL-079,A,Valid,Valid
M9906,*************2906,WO12906,SUV Pro,PAINT-1,STN-04,2026-03-03 18:32,ENG-1171,SUP-194,EMP388,TL-072,,Valid,Valid
M9907,*************2907,WO12907,SUV Pro,GA-2,STN-01,2026-03-03 18:33,ENG-1087,SUP-152,EMP316,TL-040,B,Valid,Valid
M9908,*************2908,WO12908,SUV Pro,GA-1,STN-02,2026-03-03 18:35,ENG-1488,SUP-062,EMP314,TL-086,B,Valid,Valid
M9909,*************2909,WO12909,Sedan X,GA-2,STN-04,2026-03-03 18:36,ENG-1189,SUP-091,EMP366,TL-024,A,Valid,Valid
M9910,*************2910,WO12910,SUV Pro,TRIM-1,STN-04,2026-03-03 18:37,ENG-1455,SUP-007,EMP164,TL-001,,Valid,Valid
M9911,*************2911,WO12911,Sedan X,GA-1,STN-03,2026-03-03 18:38,ENG-1176,SUP-042,EMP215,TL-092,A,Valid,Valid
M9912,*************2912,WO12912,Sedan X,GA-2,STN-04,2026-03-03 18:40,ENG-1358,SUP-044,EMP150,TL-083,B,Valid,Valid
M9913,*************2913,WO12913,Sedan X,PAINT-1,STN-05,2026-03-03 18:41,ENG-1402,SUP-032,EMP367,TL-074,,Valid,Valid
M9914,*************2914,WO12914,Hatch Z,GA-1,STN-05,2026-03-03 18:42,ENG-1187,SUP-145,EMP148,TL-056,A,Valid,Valid
M9915,*************2915,WO12915,Sedan X,TRIM-1,STN-02,2026-03-03 18:43,ENG-1274,SUP-096,EMP270,TL-071,A,Valid,Valid
M9916,*************2916,WO12916,Hatch Z,PAINT-1,STN-05,2026-03-03 18:45,ENG-1383,SUP-119,EMP340,TL-022,A,Valid,Valid
M9917,*************2917,WO12917,SUV Pro,GA-1,STN-05,2026-03-03 18:46,ENG-1025,SUP-193,EMP273,TL-031,,Valid,Valid
M9918,*************2918,WO12918,Hatch Z,GA-2,STN-01,2026-03-03 18:47,ENG-1280,SUP-097,EMP179,TL-066,,Valid,Valid
M9919,*************2919,WO12919,Sedan X,PAINT-1,STN-03,2026-03-03 18:48,ENG-1492,SUP-080,EMP127,TL-085,A,Valid,Valid
M9920,*************2920,WO12920,Hatch Z,GA-2,STN-02,2026-03-03 18:50,ENG-1369,SUP-194,EMP344,TL-021,A,Valid,Valid
M9921,*************2921,WO12921,Sedan X,GA-2,STN-05,2026-03-03 18:51,ENG-1109,SUP-158,EMP250,TL-069,B,Valid,Valid
M9922,*************2922,WO12922,Hatch Z,GA-2,STN-02,2026-03-03 18:52,ENG-1339,SUP-040,EMP130,TL-033,A,Valid,Valid
M9923,*************2923,WO12923,SUV Pro,PAINT-1,STN-04,2026-03-03 18:53,ENG-1142,SUP-168,EMP208,TL-094,B,Valid,Valid
M9924,*************2924,WO12924,Hatch Z,GA-1,STN-01,2026-03-03 18:55,ENG-1215,SUP-093,EMP395,TL-078,B,Valid,Valid
M9925,*************2925,WO12925,Hatch Z,GA-1,STN-05,2026-03-03 18:56,ENG-1064,SUP-189,EMP106,TL-017,A,Valid,Valid
M9926,*************2926,WO12926,Hatch Z,GA-2,STN-01,2026-03-03 18:57,ENG-1141,SUP-183,EMP176,TL-029,B,Valid,Valid
M9927,*************2927,WO12927,Sedan X,TRIM-1,STN-04,2026-03-03 18:58,ENG-1183,SUP-033,EMP152,TL-032,C,Valid,Valid
M9928,*************2928,WO12928,Hatch Z,GA-2,STN-01,2026-03-03 19:00,ENG-1460,SUP-199,EMP166,TL-065,A,Valid,Valid
M9929,*************2929,WO12929,SUV Pro,PAINT-1,STN-01,2026-03-03 19:01,ENG-1208,SUP-065,EMP302,TL-026,A,Valid,Valid
M9930,*************2930,WO12930,Hatch Z,GA-1,STN-03,2026-03-03 19:02,ENG-1366,SUP-153,EMP218,TL-057,,Valid,Valid
M9931,*************2931,WO12931,SUV Pro,PAINT-1,STN-04,2026-03-03 19:03,ENG-1462,SUP-150,EMP149,TL-079,B,Valid,Valid
M9932,*************2932,WO12932,Sedan X,GA-1,STN-05,2026-03-03 19:05,ENG-1011,SUP-167,EMP182,TL-077,A,Valid,Valid
M9933,*************2933,WO12933,SUV Pro,GA-1,STN-04,2026-03-03 19:06,ENG-1152,SUP-097,EMP120,TL-021,B,Valid,Valid
M9934,*************2934,WO12934,Sedan X,GA-1,STN-03,2026-03-03 19:07,ENG-1126,SUP-190,EMP377,TL-036,A,Valid,Valid
M9935,*************2935,WO12935,Hatch Z,TRIM-1,STN-04,2026-03-03 19:08,ENG-1083,SUP-039,EMP390,TL-011,B,Valid,Valid
M9936,*************2936,WO12936,Sedan X,TRIM-1,STN-04,2026-03-03 19:10,ENG-1007,SUP-129,EMP128,TL-047,,Valid,Valid
M9937,*************2937,WO12937,Hatch Z,PAINT-1,STN-03,2026-03-03 19:11,ENG-1213,SUP-101,EMP335,TL-097,A,Valid,Valid
M9938,*************2938,WO12938,SUV Pro,GA-2,STN-05,2026-03-03 19:12,ENG-1201,SUP-040,EMP143,TL-074,,Valid,Valid
M9939,*************2939,WO12939,SUV Pro,PAINT-1,STN-01,2026-03-03 19:13,ENG-1155,SUP-149,EMP246,TL-100,C,Valid,Valid
M9940,*************2940,WO12940,SUV Pro,GA-1,STN-04,2026-03-03 19:15,ENG-1494,SUP-111,EMP300,TL-026,C,Valid,Valid
M9941,*************2941,WO12941,Hatch Z,GA-2,STN-05,2026-03-03 19:16,ENG-1115,SUP-146,EMP313,TL-045,A,Valid,Valid
M9942,*************2942,WO12942,SUV Pro,TRIM-1,STN-02,2026-03-03 19:17,ENG-1232,SUP-049,EMP166,TL-022,,Valid,Valid
M9943,*************2943,WO12943,Sedan X,TRIM-1,STN-03,2026-03-03 19:18,ENG-1060,SUP-023,EMP251,TL-019,C,Valid,Valid
M9944,*************2944,WO12944,Sedan X,TRIM-1,STN-05,2026-03-03 19:20,ENG-1070,SUP-190,EMP275,TL-084,C,Valid,Valid
M9945,*************2945,WO12945,SUV Pro,GA-2,STN-01,2026-03-03 19:21,ENG-1347,SUP-132,EMP362,TL-082,A,Valid,Valid
M9946,*************2946,WO12946,Hatch Z,TRIM-1,STN-05,2026-03-03 19:22,ENG-1486,SUP-176,EMP150,TL-095,,Valid,Valid
M9947,*************2947,WO12947,Sedan X,GA-2,STN-05,2026-03-03 19:23,ENG-1159,SUP-183,EMP143,TL-085,,Valid,Valid
M9948,*************2948,WO12948,SUV Pro,GA-2,STN-02,2026-03-03 19:25,ENG-1286,SUP-087,EMP222,TL-018,C,Valid,Valid
M9949,*************2949,WO12949,SUV Pro,GA-2,STN-03,2026-03-03 19:26,ENG-1341,SUP-015,EMP286,TL-069,B,Valid,Valid
M9950,*************2950,WO12950,Sedan X,GA-2,STN-03,2026-03-03 19:27,ENG-1486,SUP-052,EMP117,TL-089,B,Valid,Valid
M9951,*************2951,WO12951,Sedan X,GA-1,STN-05,2026-03-03 19:28,ENG-1427,SUP-094,EMP370,TL-064,,Valid,Valid
M9952,*************2952,WO12952,Sedan X,PAINT-1,STN-05,2026-03-03 19:30,ENG-1136,SUP-095,EMP339,TL-100,,Valid,Valid
M9953,*************2953,WO12953,Hatch Z,PAINT-1,STN-04,2026-03-03 19:31,ENG-1169,SUP-117,EMP305,TL-076,C,Valid,Valid
M9954,*************2954,WO12954,Hatch Z,PAINT-1,STN-02,2026-03-03 19:59,ENG-1184,SUP-062,EMP323,TL-048,,Valid,Valid
M9955,*************2955,WO12955,SUV Pro,TRIM-1,STN-04,2026-03-03 19:33,ENG-1476,SUP-187,EMP357,TL-049,A,Valid,Valid
M9956,*************2956,WO12956,SUV Pro,GA-2,STN-03,2026-03-03 19:35,ENG-1064,SUP-021,EMP190,TL-044,C,Valid,Valid
M9957,*************2957,WO12957,SUV Pro,GA-1,STN-05,2026-03-03 19:36,ENG-1357,SUP-003,EMP393,TL-043,C,Valid,Valid
M9958,*************2958,WO12958,Hatch Z,GA-1,STN-03,2026-03-03 19:37,ENG-1174,SUP-048,EMP304,TL-077,B,Valid,Valid
M9959,*************2959,WO12959,SUV Pro,PAINT-1,STN-05,2026-03-03 19:38,ENG-1195,SUP-102,EMP254,TL-058,B,Valid,Valid
M9960,*************2960,WO12960,Sedan X,GA-2,STN-01,2026-03-03 19:40,ENG-1232,SUP-071,EMP169,TL-031,C,Valid,Valid
M9961,*************2961,WO12961,Hatch Z,GA-1,STN-03,2026-03-03 19:41,ENG-1092,SUP-099,EMP162,TL-037,A,Valid,Valid
M9962,*************2962,WO12962,Hatch Z,PAINT-1,STN-05,2026-03-03 19:42,ENG-1278,SUP-150,EMP200,TL-032,B,Valid,Valid
M9963,*************2963,WO12963,SUV Pro,GA-1,STN-03,2026-03-03 19:43,ENG-1397,SUP-082,EMP258,TL-028,A,Valid,Valid
M9964,*************2964,WO12964,SUV Pro,TRIM-1,STN-02,2026-03-03 19:45,ENG-1336,SUP-198,EMP334,TL-029,A,Valid,Valid
M9965,*************2965,WO12965,Hatch Z,GA-1,STN-01,2026-03-03 19:46,ENG-1273,SUP-166,EMP162,TL-064,C,Valid,Valid
M9966,*************2966,WO12966,Sedan X,GA-2,STN-01,2026-03-03 19:47,ENG-1040,SUP-095,EMP381,TL-058,A,Valid,Valid
M9967,*************2967,WO12967,Hatch Z,PAINT-1,STN-03,2026-03-03 19:48,ENG-1080,SUP-054,EMP285,TL-085,C,Valid,Valid
M9968,*************2968,WO12968,Hatch Z,GA-2,STN-04,2026-03-03 19:50,ENG-1455,SUP-130,EMP335,TL-034,C,Valid,Valid
M9969,*************2969,WO12969,Hatch Z,TRIM-1,STN-01,2026-03-03 19:51,ENG-1057,SUP-128,EMP199,TL-083,B,Valid,Valid
M9970,*************2970,WO12970,Hatch Z,GA-1,STN-05,2026-03-03 19:52,ENG-1270,SUP-106,EMP274,TL-095,B,Valid,Valid
M9971,*************2971,WO12971,Sedan X,TRIM-1,STN-04,2026-03-03 19:53,ENG-1231,SUP-034,EMP395,TL-056,,Valid,Valid
M9972,*************2972,WO12972,Hatch Z,PAINT-1,STN-04,2026-03-03 19:55,ENG-1096,SUP-050,EMP339,TL-001,A,Valid,Valid
M9973,*************2973,WO12973,SUV Pro,GA-1,STN-05,2026-03-03 19:56,ENG-1423,SUP-012,EMP282,TL-020,,Valid,Valid
M9974,*************2974,WO12974,Hatch Z,GA-1,STN-01,2026-03-03 19:57,ENG-1474,SUP-095,EMP266,TL-084,A,Valid,Valid
M9975,*************2975,WO12975,Sedan X,GA-1,STN-02,2026-03-03 19:58,ENG-1247,SUP-175,EMP191,TL-094,B,Valid,Valid
M9976,*************2976,WO12976,Sedan X,PAINT-1,STN-02,2026-03-03 20:00,ENG-1163,SUP-119,EMP199,TL-016,,Valid,Valid
M9977,*************2977,WO12977,Sedan X,PAINT-1,STN-02,2026-03-03 20:01,ENG-1495,SUP-147,EMP163,TL-099,B,Valid,Valid
M9978,*************2978,WO12978,SUV Pro,GA-1,STN-04,2026-03-03 20:02,ENG-1084,SUP-009,EMP201,TL-016,B,Valid,Valid
M9979,*************2979,WO12979,SUV Pro,PAINT-1,STN-03,2026-03-03 20:03,ENG-1363,SUP-040,EMP365,TL-100,,Valid,Valid
M9980,*************2980,WO12980,Sedan X,GA-1,STN-05,2026-03-03 20:05,ENG-1330,SUP-048,EMP394,TL-093,,Valid,Valid
M9981,*************2981,WO12981,Sedan X,PAINT-1,STN-02,2026-03-03 20:06,ENG-1368,SUP-096,EMP280,TL-085,B,Valid,Valid
M9982,*************2982,WO12982,Sedan X,GA-2,STN-02,2026-03-03 20:07,ENG-1077,SUP-164,EMP326,TL-030,B,Valid,Valid
M9983,*************2983,WO12983,Hatch Z,GA-2,STN-01,2026-03-03 20:08,ENG-1147,SUP-094,EMP342,TL-089,B,Valid,Valid
M9984,*************2984,WO12984,SUV Pro,GA-2,STN-02,2026-03-03 20:10,ENG-1116,SUP-109,EMP318,TL-012,C,Valid,Valid
M9985,*************2985,WO12985,Sedan X,TRIM-1,STN-04,2026-03-03 20:11,ENG-1046,SUP-013,EMP382,TL-059,A,Valid,Valid
M9986,*************2986,WO12986,Hatch Z,GA-2,STN-04,2026-03-03 20:12,ENG-1310,SUP-128,EMP161,TL-098,B,Valid,Valid
M9987,*************2987,WO12987,Sedan X,TRIM-1,STN-01,2026-03-03 20:13,ENG-1050,SUP-004,EMP351,TL-016,B,Valid,Valid
M9988,*************2988,WO12988,SUV Pro,GA-1,STN-03,2026-03-03 20:15,ENG-1330,SUP-142,EMP213,TL-072,B,Valid,Valid
M9989,*************2989,WO12989,Hatch Z,GA-1,STN-03,2026-03-03 20:16,ENG-1252,SUP-171,EMP322,TL-091,C,Valid,Valid
M9990,*************2990,WO12990,Hatch Z,PAINT-1,STN-03,2026-03-03 20:17,ENG-1206,SUP-123,EMP202,TL-042,,Valid,Valid
M9991,*************2991,WO12991,SUV Pro,GA-2,STN-02,2026-03-03 20:18,ENG-1107,SUP-056,EMP178,TL-019,B,Valid,Valid
M9992,*************2992,WO12992,Hatch Z,GA-1,STN-05,2026-03-03 20:20,ENG-1054,SUP-194,EMP249,TL-033,B,Valid,Valid
M9993,*************2993,WO12993,SUV Pro,GA-2,STN-05,2026-03-03 20:21,ENG-1417,SUP-171,EMP194,TL-023,C,Valid,Valid
M9994,*************2994,WO12994,SUV Pro,GA-1,STN-04,2026-03-03 20:22,ENG-1093,SUP-159,EMP272,TL-028,C,Valid,Valid
M9995,*************2995,WO12995,Hatch Z,GA-1,STN-04,2026-03-03 20:23,ENG-1124,SUP-163,EMP345,TL-032,A,Valid,Valid
M9996,*************2996,WO12996,Hatch Z,GA-1,STN-05,2026-03-03 20:25,ENG-1028,SUP-070,EMP303,TL-088,,Valid,Valid
M9997,,WO12997,SUV Pro,GA-1,STN-03,2026-03-03 20:26,ENG-1120,SUP-002,EMP348,TL-086,C,Valid,Invalid
M9998,*************2998,WO12998,Sedan X,PAINT-1,STN-03,2026-03-03 20:27,ENG-1062,SUP-168,EMP387,TL-042,B,Valid,Valid
M9999,*************2999,WO12999,Sedan X,GA-1,STN-02,2026-03-03 20:28,ENG-1396,SUP-099,EMP189,TL-052,A,Valid,Valid
M10000,*************3000,WO13000,Hatch Z,PAINT-1,STN-05,2026-03-03 20:30,ENG-1204,SUP-059,EMP392,TL-093,,Valid,Valid
M10001,*************3001,WO13001,Hatch Z,PAINT-1,STN-04,2026-03-03 20:31,ENG-1032,SUP-081,EMP241,TL-061,A,Valid,Valid
M10002,*************3002,WO13002,SUV Pro,PAINT-1,STN-03,2026-03-03 20:32,ENG-1291,SUP-019,EMP189,TL-081,A,Valid,Valid
M10003,*************3003,WO13003,SUV Pro,GA-1,STN-04,2026-03-03 20:33,ENG-1368,SUP-069,EMP136,TL-010,C,Valid,Valid
M10004,*************3004,WO13004,SUV Pro,TRIM-1,STN-03,2026-03-03 20:35,ENG-1008,SUP-146,EMP146,TL-074,,Valid,Valid
M10005,*************3005,WO13005,Hatch Z,GA-2,STN-05,2026-03-03 20:36,ENG-1164,SUP-116,EMP380,TL-064,C,Valid,Valid
M10006,*************3006,WO13006,Sedan X,GA-1,STN-04,2026-03-03 20:37,ENG-1411,SUP-001,EMP170,TL-003,C,Valid,Valid
M10007,*************3007,WO13007,Sedan X,TRIM-1,STN-02,2026-03-03 20:38,ENG-1341,SUP-004,EMP136,TL-080,,Valid,Valid
M10008,*************3008,WO13008,Sedan X,GA-2,STN-05,2026-03-03 20:40,ENG-1338,SUP-023,EMP176,TL-040,A,Valid,Valid
M10009,*************3009,WO13009,Sedan X,GA-2,STN-03,2026-03-03 20:41,ENG-1366,SUP-111,EMP306,TL-060,,Valid,Valid
M10010,*************3010,WO13010,SUV Pro,GA-1,STN-05,2026-03-03 20:42,ENG-1488,SUP-134,EMP342,TL-028,A,Valid,Valid
M10011,*************3011,WO13011,Sedan X,TRIM-1,STN-04,2026-03-03 20:43,ENG-1457,SUP-124,EMP218,TL-011,B,Valid,Valid
M10012,*************3012,WO13012,Sedan X,TRIM-1,STN-05,2026-03-03 20:45,ENG-1199,SUP-173,EMP114,TL-059,C,Valid,Valid
M10013,*************3013,WO13013,Hatch Z,TRIM-1,STN-05,2026-03-03 20:46,ENG-1278,SUP-108,EMP280,TL-031,B,Valid,Valid
M10014,*************3014,WO13014,Hatch Z,PAINT-1,STN-02,2026-03-03 20:47,ENG-1059,SUP-155,EMP146,TL-081,,Valid,Valid
M10015,*************3015,WO13015,SUV Pro,PAINT-1,STN-02,2026-03-03 20:48,ENG-1015,SUP-132,EMP396,TL-082,C,Valid,Valid
M10016,*************3016,WO13016,Sedan X,GA-2,STN-01,2026-03-03 20:50,ENG-1074,SUP-012,EMP181,TL-016,A,Valid,Valid
M10017,*************3017,WO13017,SUV Pro,GA-1,STN-03,2026-03-03 20:51,ENG-1178,SUP-125,EMP293,TL-035,C,Valid,Valid
M10018,*************3018,WO13018,Hatch Z,TRIM-1,STN-03,2026-03-03 20:52,ENG-1471,SUP-073,EMP345,TL-001,A,Valid,Valid
M10019,*************3019,WO13019,Sedan X,GA-2,STN-04,2026-03-03 20:53,ENG-1495,SUP-144,EMP337,TL-051,C,Valid,Valid
M10020,*************3020,WO13020,SUV Pro,TRIM-1,STN-04,2026-03-03 20:55,ENG-1205,SUP-077,EMP393,TL-058,,Valid,Valid
M10021,*************3021,WO13021,SUV Pro,GA-1,STN-04,2026-03-03 20:56,ENG-1417,SUP-052,EMP297,TL-045,,Valid,Valid
M10022,*************3022,WO13022,Hatch Z,GA-1,STN-03,2026-03-03 20:57,ENG-1439,SUP-085,EMP116,TL-003,,Valid,Valid
M10023,*************3023,WO13023,Sedan X,PAINT-1,STN-03,2026-03-03 20:58,ENG-1357,SUP-057,EMP340,TL-026,A,Valid,Valid
M10024,*************3024,WO13024,Hatch Z,TRIM-1,STN-03,2026-03-03 21:00,ENG-1289,SUP-110,EMP195,TL-060,,Valid,Valid
M10025,*************3025,WO13025,Sedan X,GA-1,STN-05,2026-03-03 21:01,ENG-1289,SUP-167,EMP283,TL-018,,Valid,Valid
M10026,*************3026,WO13026,Sedan X,PAINT-1,STN-02,2026-03-03 21:02,ENG-1025,SUP-178,EMP289,TL-076,,Valid,Valid
M10027,*************3027,WO13027,Hatch Z,GA-1,STN-02,2026-03-03 21:03,ENG-1188,SUP-090,EMP156,TL-021,B,Valid,Valid
M10028,*************3028,WO13028,SUV Pro,TRIM-1,STN-05,2026-03-03 21:05,ENG-1105,SUP-110,EMP253,TL-031,A,Valid,Valid
M10029,*************3029,WO13029,SUV Pro,PAINT-1,STN-05,2026-03-03 21:06,ENG-1317,SUP-144,EMP391,TL-098,C,Valid,Valid
M10030,*************3030,WO13030,Hatch Z,TRIM-1,STN-03,2026-03-03 21:07,ENG-1472,SUP-073,EMP311,TL-085,,Valid,Valid
M10031,*************3031,WO13031,Sedan X,PAINT-1,STN-03,2026-03-03 21:08,ENG-1385,SUP-068,EMP249,TL-096,B,Valid,Valid
M10032,*************3032,WO13032,SUV Pro,PAINT-1,STN-03,2026-03-03 21:10,ENG-1037,SUP-079,EMP162,TL-051,B,Valid,Valid
M10033,*************3033,WO13033,Hatch Z,GA-2,STN-03,2026-03-03 21:11,ENG-1361,SUP-067,EMP241,TL-075,,Valid,Valid
M10034,*************3034,WO13034,SUV Pro,GA-2,STN-05,2026-03-03 21:12,ENG-1451,SUP-070,EMP309,TL-034,A,Valid,Valid
M10035,*************3035,WO13035,Hatch Z,GA-2,STN-02,2026-03-03 21:13,ENG-1114,SUP-013,EMP268,TL-065,,Valid,Valid
M10036,*************3036,WO13036,Sedan X,TRIM-1,STN-05,2026-03-03 21:15,ENG-1478,SUP-056,EMP394,TL-086,C,Valid,Valid
M10037,*************3037,WO13037,Sedan X,GA-2,STN-02,2026-03-03 21:16,ENG-1053,SUP-003,EMP392,TL-058,B,Valid,Valid
M10038,*************3038,WO13038,Sedan X,GA-2,STN-01,2026-03-03 21:17,ENG-1440,SUP-123,EMP122,TL-062,C,Valid,Valid
M10039,*************3039,WO13039,SUV Pro,PAINT-1,STN-02,2026-03-03 21:18,ENG-1146,SUP-162,EMP311,TL-048,C,Valid,Valid
M10040,*************3040,WO13040,SUV Pro,GA-2,STN-03,2026-03-03 21:20,ENG-1398,SUP-033,EMP119,TL-032,A,Valid,Valid
M10041,*************3041,WO13041,Sedan X,PAINT-1,STN-03,2026-03-03 21:21,ENG-1290,SUP-111,EMP255,TL-049,A,Valid,Valid
M10042,*************3042,WO13042,Sedan X,GA-2,STN-05,2026-03-03 21:22,ENG-1027,SUP-008,EMP172,TL-095,C,Valid,Valid
M10043,*************3043,WO13043,Sedan X,GA-2,STN-03,2026-03-03 21:23,ENG-1058,SUP-053,EMP336,TL-043,,Valid,Valid
M10044,*************3044,WO13044,SUV Pro,TRIM-1,STN-02,2026-03-03 21:25,ENG-1169,SUP-150,EMP272,TL-081,,Valid,Valid
M10045,*************3045,WO13045,Sedan X,TRIM-1,STN-03,2026-03-03 21:26,ENG-1001,SUP-021,EMP393,TL-079,B,Valid,Valid
M10046,*************3046,WO13046,Sedan X,PAINT-1,STN-05,2026-03-03 21:27,ENG-1184,SUP-142,EMP252,TL-025,C,Valid,Valid
M10047,*************3047,WO13047,Hatch Z,PAINT-1,STN-04,2026-03-03 21:28,ENG-1198,SUP-057,EMP143,TL-010,B,Valid,Valid
M10048,*************3048,WO13048,Hatch Z,PAINT-1,STN-01,2026-03-03 21:30,ENG-1453,SUP-053,EMP251,TL-024,B,Valid,Valid
M10049,*************3049,WO13049,SUV Pro,GA-2,STN-05,2026-03-03 21:31,ENG-1379,SUP-035,EMP117,TL-032,B,Valid,Valid
M10050,*************3050,WO13050,SUV Pro,TRIM-1,STN-03,2026-03-03 21:32,ENG-1093,SUP-068,EMP308,TL-027,A,Valid,Valid
M10051,*************3051,WO13051,Sedan X,PAINT-1,STN-02,2026-03-03 21:33,ENG-1339,SUP-116,EMP396,TL-054,,Valid,Valid
M10052,*************3052,WO13052,Hatch Z,GA-1,STN-01,2026-03-03 21:35,ENG-1282,SUP-167,EMP260,TL-091,B,Valid,Valid
M10053,*************3053,WO13053,Hatch Z,PAINT-1,STN-04,2026-03-03 21:36,ENG-1385,SUP-150,EMP125,TL-020,A,Valid,Valid
M10054,*************3054,WO13054,Hatch Z,TRIM-1,STN-04,2026-03-03 21:37,ENG-1455,SUP-074,EMP132,TL-060,C,Valid,Valid
M10055,*************3055,WO13055,Sedan X,GA-1,STN-03,2026-03-03 21:38,ENG-1106,SUP-082,EMP129,TL-020,B,Valid,Valid
M10056,*************3056,WO13056,Hatch Z,PAINT-1,STN-01,2026-03-03 21:40,ENG-1083,SUP-042,EMP386,TL-079,C,Valid,Valid
M10057,*************3057,WO13057,SUV Pro,TRIM-1,STN-03,2026-03-03 21:41,ENG-1092,SUP-115,EMP272,TL-094,B,Valid,Valid
M10058,*************3058,WO13058,Sedan X,GA-2,STN-02,2026-03-03 21:42,ENG-1266,SUP-040,EMP219,TL-002,B,Valid,Valid
M10059,*************3059,WO13059,Sedan X,GA-2,STN-03,2026-03-03 21:43,ENG-1205,SUP-147,EMP155,TL-028,B,Valid,Valid
M10060,*************3060,WO13060,Sedan X,GA-2,STN-01,2026-03-03 21:45,ENG-1112,SUP-051,EMP229,TL-053,,Valid,Valid
M10061,*************3061,WO13061,SUV Pro,GA-1,STN-05,2026-03-03 21:46,ENG-1354,SUP-032,EMP319,TL-999,,Valid,Valid
M10062,*************3062,WO13062,SUV Pro,GA-1,STN-04,2026-03-03 21:47,ENG-1438,SUP-110,EMP172,TL-100,,Valid,Valid
M10063,*************3063,WO13063,Hatch Z,PAINT-1,STN-03,2026-03-03 21:48,ENG-1416,SUP-081,EMP227,TL-096,A,Valid,Valid
M10064,*************3064,WO13064,Sedan X,PAINT-1,STN-05,2026-03-03 21:50,ENG-1189,SUP-054,EMP128,TL-011,B,Valid,Valid
M10065,*************3065,WO13065,Sedan X,PAINT-1,STN-03,2026-03-03 21:51,ENG-1249,SUP-044,EMP220,TL-004,B,Valid,Valid
M10066,*************3066,WO13066,SUV Pro,GA-2,STN-01,2026-03-03 21:52,ENG-1065,SUP-139,EMP251,TL-059,A,Valid,Valid
M10067,*************3067,WO13067,Hatch Z,GA-1,STN-01,2026-03-03 21:53,ENG-1232,SUP-184,EMP183,TL-021,B,Valid,Valid
M10068,*************3068,WO13068,SUV Pro,GA-1,STN-03,2026-03-03 21:55,ENG-1029,SUP-113,EMP311,TL-034,,Valid,Valid
M10069,*************3069,WO13069,Hatch Z,GA-1,STN-03,2026-03-03 21:56,ENG-1469,SUP-122,EMP353,TL-042,C,Valid,Valid
M10070,*************3070,WO13070,SUV Pro,GA-1,STN-05,2026-03-03 21:57,ENG-1402,SUP-154,EMP193,TL-034,A,Valid,Valid
M10071,*************3071,WO13071,SUV Pro,PAINT-1,STN-05,2026-03-03 21:58,ENG-1277,SUP-059,EMP374,TL-057,B,Valid,Valid
M10072,*************3072,WO13072,Hatch Z,TRIM-1,STN-05,2026-03-03 22:00,ENG-1075,SUP-087,EMP358,TL-009,B,Valid,Valid
M10073,*************3073,WO13073,Sedan X,PAINT-1,STN-05,2026-03-03 22:01,ENG-1020,SUP-150,EMP275,TL-050,,Valid,Valid
M10074,*************3074,WO13074,Hatch Z,PAINT-1,STN-05,2026-03-03 22:02,ENG-1130,SUP-130,EMP175,TL-032,,Valid,Valid
M10075,*************3075,WO13075,Sedan X,GA-2,STN-04,2026-03-03 22:03,ENG-1293,SUP-197,EMP139,TL-024,A,Valid,Valid
M10076,*************3076,WO13076,Sedan X,GA-1,STN-01,2026-03-03 22:05,ENG-1024,SUP-031,EMP371,TL-059,A,Valid,Valid
M10077,*************3077,WO13077,Sedan X,PAINT-1,STN-05,2026-03-03 22:06,ENG-1283,SUP-107,EMP125,TL-086,A,Valid,Valid
M10078,*************3078,WO13078,SUV Pro,GA-1,STN-03,2026-03-03 22:07,ENG-1422,SUP-125,EMP249,TL-089,A,Valid,Valid
M10079,*************3079,WO13079,Hatch Z,GA-2,STN-05,2026-03-03 22:08,ENG-1077,SUP-091,EMP153,TL-076,C,Valid,Valid
M10080,*************3080,WO13080,Hatch Z,PAINT-1,STN-02,2026-03-03 22:10,ENG-1306,SUP-082,EMP156,TL-064,A,Valid,Valid
M10081,*************3081,WO13081,Sedan X,GA-2,STN-02,2026-03-03 22:11,ENG-1463,SUP-127,EMP298,TL-096,C,Valid,Valid
M10082,*************3082,WO13082,Sedan X,GA-2,STN-05,2026-03-03 22:12,ENG-1232,SUP-047,EMP183,TL-003,C,Valid,Valid
M10083,*************3083,WO13083,SUV Pro,GA-2,STN-02,2026-03-03 22:13,ENG-1057,SUP-097,EMP190,TL-049,C,Valid,Valid
M10084,*************3084,WO13084,Hatch Z,PAINT-1,STN-05,2026-03-03 22:15,ENG-1450,SUP-166,EMP295,TL-025,B,Valid,Valid
M10085,*************3085,WO13085,Hatch Z,GA-1,STN-05,2026-03-03 22:16,ENG-1276,SUP-051,EMP203,TL-038,C,Valid,Valid
M10086,*************3086,WO13086,SUV Pro,TRIM-1,STN-03,2026-03-03 22:17,ENG-1009,SUP-079,EMP357,TL-067,,Valid,Valid
M10087,*************3087,WO13087,Hatch Z,PAINT-1,STN-01,2026-03-03 22:18,ENG-1138,SUP-119,EMP110,TL-022,A,Valid,Valid
M10088,*************3088,WO13088,SUV Pro,TRIM-1,STN-03,2026-03-03 22:20,ENG-1259,SUP-176,EMP278,TL-010,C,Valid,Valid
M10089,*************3089,WO13089,Sedan X,TRIM-1,STN-04,2026-03-03 22:21,ENG-1131,SUP-160,EMP193,TL-051,,Valid,Valid
M10090,*************3090,WO13090,Hatch Z,GA-2,STN-02,2026-03-03 22:22,ENG-1485,SUP-154,EMP262,TL-054,B,Valid,Valid
M10091,*************3091,WO13091,SUV Pro,GA-2,STN-04,2026-03-03 22:23,ENG-1471,SUP-128,EMP342,TL-041,B,Valid,Valid
M10092,*************3092,WO13092,Sedan X,PAINT-1,STN-05,2026-03-03 22:25,ENG-1078,SUP-005,EMP314,TL-011,,Valid,Valid
M10093,*************3093,WO13093,SUV Pro,GA-1,STN-02,2026-03-03 22:26,ENG-1414,SUP-155,EMP168,TL-004,C,Valid,Valid
M10094,*************3094,WO13094,Hatch Z,GA-2,STN-02,2026-03-03 22:27,ENG-1303,SUP-074,EMP159,TL-010,C,Valid,Valid
M10095,*************3095,WO13095,SUV Pro,GA-2,STN-01,2026-03-03 22:28,ENG-1077,SUP-152,EMP262,TL-041,,Valid,Valid
M10096,*************3096,WO13096,Sedan X,TRIM-1,STN-02,2026-03-03 22:30,ENG-1237,SUP-172,EMP178,TL-083,,Valid,Valid
M10097,*************3097,WO13097,Sedan X,PAINT-1,STN-05,2026-03-03 22:31,ENG-1391,SUP-047,EMP121,TL-056,,Valid,Valid
M10098,*************3098,WO13098,Sedan X,PAINT-1,STN-05,2026-03-03 22:32,ENG-1132,SUP-160,EMP363,TL-004,C,Valid,Valid
M10099,*************3099,WO13099,Sedan X,GA-2,STN-02,2026-03-03 22:33,ENG-1370,SUP-028,EMP214,TL-084,A,Valid,Valid
M10100,*************3100,WO13100,Sedan X,PAINT-1,STN-05,2026-03-03 22:35,ENG-1273,SUP-058,EMP180,TL-009,A,Valid,Valid
M10101,*************3101,WO13101,Sedan X,GA-2,STN-01,2026-03-03 22:36,ENG-1486,SUP-045,EMP139,TL-048,C,Valid,Valid
M10102,*************3102,WO13102,Hatch Z,GA-1,STN-05,2026-03-03 22:37,ENG-1190,SUP-138,EMP178,TL-056,,Valid,Valid
M10103,*************3103,WO13103,Hatch Z,TRIM-1,STN-04,2026-03-03 22:38,ENG-1152,SUP-003,EMP153,TL-098,A,Valid,Valid
M10104,*************3104,WO13104,Hatch Z,PAINT-1,STN-03,2026-03-03 22:40,ENG-1284,SUP-138,EMP129,TL-050,C,Valid,Valid
M10105,*************3105,WO13105,SUV Pro,GA-2,STN-03,2026-03-03 22:41,ENG-1428,SUP-173,EMP100,TL-006,,Valid,Valid
M10106,*************3106,WO13106,Sedan X,TRIM-1,STN-04,2026-03-03 22:42,ENG-1326,SUP-135,EMP345,TL-032,C,Valid,Valid
M10107,*************3107,WO13107,Hatch Z,PAINT-1,STN-03,2026-03-03 22:43,ENG-1377,SUP-100,EMP305,TL-037,,Valid,Valid
M10108,*************3108,WO13108,Hatch Z,PAINT-1,STN-03,2026-03-03 22:45,ENG-1381,,EMP160,TL-077,,Valid,Valid
M10109,*************3109,WO13109,Hatch Z,GA-2,STN-02,2026-03-03 22:46,ENG-1151,SUP-169,EMP192,TL-015,B,Valid,Valid
M10110,*************3110,WO13110,Hatch Z,TRIM-1,STN-03,2026-03-03 22:47,ENG-1074,SUP-046,EMP138,TL-025,B,Valid,Valid
M10111,*************3111,WO13111,Sedan X,PAINT-1,STN-05,2026-03-03 22:48,ENG-1032,SUP-012,EMP245,TL-021,C,Valid,Valid
M10112,*************3112,WO13112,Hatch Z,GA-2,STN-03,2026-03-03 22:50,ENG-1497,SUP-029,EMP244,TL-094,,Valid,Valid
M10113,*************3113,WO13113,Hatch Z,GA-1,STN-01,2026-03-03 22:51,ENG-1241,SUP-158,EMP328,TL-020,,Valid,Valid
M10114,*************3114,WO13114,Hatch Z,PAINT-1,STN-05,2026-03-03 22:52,ENG-1353,SUP-135,EMP149,TL-084,B,Valid,Valid
M10115,*************3115,WO13115,Hatch Z,GA-2,STN-01,2026-03-03 22:53,ENG-1376,SUP-141,EMP110,TL-008,B,Valid,Valid
M10116,*************3116,WO13116,SUV Pro,TRIM-1,STN-04,2026-03-03 22:55,ENG-1010,SUP-189,EMP186,TL-091,A,Valid,Valid
M10117,*************3117,WO13117,Sedan X,GA-1,STN-03,2026-03-03 22:56,ENG-1479,SUP-051,EMP182,TL-070,C,Valid,Valid
M10118,*************3118,WO13118,Sedan X,TRIM-1,STN-02,2026-03-03 22:57,ENG-1446,SUP-025,EMP101,TL-042,A,Valid,Valid
M10119,*************3119,WO13119,SUV Pro,GA-2,STN-03,2026-03-03 22:58,ENG-1125,SUP-136,EMP220,TL-071,A,Valid,Valid
M10120,*************3120,WO13120,SUV Pro,GA-2,STN-04,2026-03-03 23:00,ENG-1431,SUP-158,EMP187,TL-085,A,Valid,Valid
M10121,*************3121,WO13121,Sedan X,TRIM-1,STN-04,2026-03-03 23:01,ENG-1273,SUP-179,EMP321,TL-021,,Valid,Valid
M10122,*************3122,WO13122,SUV Pro,GA-2,STN-03,2026-03-03 23:02,ENG-1116,SUP-046,EMP384,TL-027,,Valid,Valid
M10123,*************3123,WO13123,Hatch Z,GA-2,STN-02,2026-03-03 23:03,ENG-1417,SUP-124,EMP308,TL-096,A,Valid,Valid
M10124,*************3124,WO13124,Hatch Z,PAINT-1,STN-05,2026-03-03 23:05,ENG-1058,SUP-162,EMP377,TL-097,,Valid,Valid
M10125,*************3125,WO13125,Sedan X,TRIM-1,STN-04,2026-03-03 23:06,ENG-1053,SUP-064,EMP322,TL-071,C,Valid,Valid
M10126,*************3126,WO13126,Sedan X,GA-1,STN-01,2026-03-03 23:07,ENG-1097,SUP-040,EMP358,TL-021,B,Valid,Valid
M10127,*************3127,WO13127,Sedan X,GA-2,STN-01,2026-03-03 23:08,ENG-1344,SUP-139,EMP360,TL-094,B,Valid,Valid
M10128,*************3128,WO13128,SUV Pro,GA-2,STN-04,2026-03-03 23:10,ENG-1377,SUP-154,EMP132,TL-068,,Valid,Valid
M10129,*************3129,WO13129,SUV Pro,GA-1,STN-04,2026-03-03 23:11,ENG-1487,SUP-124,EMP352,TL-050,A,Valid,Valid
M10130,*************3130,WO13130,Hatch Z,GA-1,STN-04,2026-03-03 23:12,ENG-1386,SUP-162,EMP289,TL-075,B,Valid,Valid
M10131,*************3131,WO13131,Sedan X,GA-1,STN-03,2026-03-03 23:13,ENG-1334,SUP-069,EMP226,TL-099,A,Valid,Valid
M10132,*************3132,WO13132,Hatch Z,GA-2,STN-04,2026-03-03 23:15,ENG-1310,SUP-114,EMP309,TL-015,,Valid,Valid
M10133,*************3133,WO13133,Hatch Z,GA-1,STN-03,2026-03-03 23:16,ENG-1496,SUP-152,EMP314,TL-075,B,Valid,Valid
M10134,*************3134,WO13134,Hatch Z,PAINT-1,STN-03,2026-03-03 23:17,ENG-1338,SUP-128,EMP191,TL-095,A,Valid,Valid
M10135,*************3135,WO13135,Hatch Z,GA-2,STN-05,2026-03-03 23:18,ENG-1200,SUP-097,EMP288,TL-090,,Valid,Valid
M10136,*************3136,WO13136,Hatch Z,TRIM-1,STN-03,2026-03-03 23:20,ENG-1087,SUP-157,EMP281,TL-074,A,Valid,Valid
M10137,*************3137,WO13137,Sedan X,PAINT-1,STN-04,2026-03-03 23:21,ENG-1104,SUP-079,EMP359,TL-076,B,Valid,Valid
M10138,*************3138,WO13138,SUV Pro,PAINT-1,STN-02,2026-03-03 23:22,ENG-1308,SUP-070,EMP322,TL-081,A,Valid,Valid
M10139,*************3139,WO13139,SUV Pro,PAINT-1,STN-02,2026-03-03 23:23,ENG-1296,SUP-156,EMP111,TL-057,C,Valid,Valid
M10140,*************3140,WO13140,Hatch Z,TRIM-1,STN-02,2026-03-03 23:25,ENG-1391,SUP-159,EMP310,TL-055,C,Valid,Valid
M10141,*************3141,WO13141,Sedan X,TRIM-1,STN-05,2026-03-03 23:26,ENG-1316,SUP-102,EMP348,TL-003,A,Valid,Valid
M10142,*************3142,WO13142,Hatch Z,TRIM-1,STN-03,2026-03-03 23:27,ENG-1351,SUP-175,EMP354,TL-033,C,Valid,Valid
M10143,*************3143,WO13143,Hatch Z,PAINT-1,STN-04,2026-03-03 23:28,ENG-1141,SUP-020,EMP360,TL-025,C,Valid,Valid
M10144,*************3144,WO13144,Sedan X,TRIM-1,STN-04,2026-03-03 23:30,ENG-1124,SUP-074,EMP334,TL-067,C,Valid,Valid
M10145,*************3145,WO13145,Sedan X,TRIM-1,STN-05,2026-03-03 23:31,ENG-1297,SUP-138,EMP373,TL-014,,Valid,Valid
M10146,*************3146,WO13146,SUV Pro,GA-1,STN-03,2026-03-03 23:32,ENG-1148,SUP-081,EMP105,TL-078,B,Valid,Valid
M10147,*************3147,WO13147,Hatch Z,TRIM-1,STN-01,2026-03-03 23:33,ENG-1167,SUP-044,EMP160,TL-005,B,Valid,Valid
M10148,*************3148,WO13148,SUV Pro,GA-2,STN-04,2026-03-03 23:35,ENG-1020,SUP-102,EMP304,TL-038,A,Valid,Valid
M10149,*************3149,WO13149,Sedan X,GA-2,STN-03,2026-03-03 23:36,ENG-1273,SUP-065,EMP283,TL-067,A,Valid,Valid
M10150,*************3150,WO13150,Sedan X,GA-1,STN-05,2026-03-03 23:37,ENG-1449,SUP-139,EMP393,TL-072,B,Valid,Valid
M10151,*************3151,WO13151,Hatch Z,GA-1,STN-03,2026-03-03 23:38,ENG-1247,SUP-079,EMP376,TL-071,B,Valid,Valid
M10152,*************3152,WO13152,Hatch Z,TRIM-1,STN-03,2026-03-03 23:40,ENG-1426,SUP-191,EMP154,TL-071,C,Valid,Valid
M10153,*************3153,WO13153,SUV Pro,GA-2,STN-01,2026-03-03 23:41,ENG-1076,SUP-115,EMP289,TL-002,A,Valid,Valid
M10154,*************3154,WO13154,Sedan X,GA-2,STN-01,2026-03-03 23:42,ENG-1347,SUP-089,EMP299,TL-098,,Valid,Valid
M10155,*************3155,WO13155,Sedan X,PAINT-1,STN-05,2026-03-03 23:43,ENG-1104,SUP-005,EMP283,TL-050,C,Valid,Valid
M10156,*************3156,WO13156,Sedan X,PAINT-1,STN-03,2026-03-03 23:45,ENG-1289,SUP-050,EMP324,TL-070,C,Valid,Valid
M10157,*************3157,WO13157,SUV Pro,TRIM-1,STN-05,2026-03-03 23:46,ENG-1026,SUP-129,EMP345,TL-093,A,Valid,Valid
M10158,*************3158,WO13158,Hatch Z,GA-1,STN-05,2026-03-03 23:47,ENG-1241,SUP-042,EMP312,TL-083,A,Valid,Valid
M10159,*************3159,WO13159,Sedan X,GA-1,STN-05,2026-03-03 23:48,ENG-1384,SUP-053,EMP318,TL-048,A,Valid,Valid
M10160,*************3160,WO13160,Sedan X,GA-2,STN-03,2026-03-03 23:50,ENG-1470,SUP-076,EMP255,TL-033,B,Valid,Valid
M10161,*************3161,WO13161,Hatch Z,GA-1,STN-04,2026-03-03 23:51,ENG-1247,SUP-071,EMP275,TL-055,,Valid,Valid
M10162,*************3162,WO13162,SUV Pro,GA-2,STN-03,2026-03-03 23:52,ENG-1481,SUP-010,EMP293,TL-019,B,Valid,Valid
M10163,*************3163,WO13163,Sedan X,PAINT-1,STN-03,2026-03-03 23:53,ENG-1312,SUP-153,EMP323,TL-062,B,Valid,Valid
M10164,*************3164,WO13164,SUV Pro,TRIM-1,STN-03,2026-03-03 23:55,ENG-1091,SUP-048,EMP192,TL-016,A,Valid,Valid
M10165,*************3165,WO13165,SUV Pro,GA-2,STN-02,2026-03-03 23:59,ENG-1477,SUP-163,EMP250,TL-057,A,Valid,Valid
M10166,*************3166,WO13166,SUV Pro,TRIM-1,STN-03,2026-03-03 23:57,ENG-1245,SUP-100,EMP255,TL-070,C,Valid,Valid
M10167,*************3167,WO13167,Hatch Z,PAINT-1,STN-03,2026-03-03 23:58,ENG-1305,SUP-058,EMP323,TL-042,B,Valid,Valid
M10168,*************3168,WO13168,Sedan X,GA-2,STN-05,2026-03-04 00:00,ENG-1115,SUP-081,EMP103,TL-063,A,Valid,Valid
M10169,*************3169,WO13169,Sedan X,PAINT-1,STN-03,2026-03-04 00:01,ENG-1373,SUP-090,EMP211,TL-014,B,Valid,Valid
M10170,*************3170,WO13170,Hatch Z,GA-1,STN-01,2026-03-04 00:02,ENG-1379,SUP-064,EMP301,TL-017,B,Valid,Valid
M10171,*************3171,WO13171,Sedan X,GA-1,STN-05,2026-03-04 00:03,ENG-1398,SUP-121,EMP221,TL-100,B,Valid,Valid
M10172,*************3172,WO13172,Hatch Z,TRIM-1,STN-04,2026-03-04 00:05,ENG-1080,SUP-109,EMP238,TL-069,B,Valid,Valid
M10173,*************3173,WO13173,Hatch Z,PAINT-1,STN-05,2026-03-04 00:06,ENG-1164,SUP-183,EMP264,TL-071,C,Valid,Valid
M10174,*************3174,WO13174,Sedan X,GA-2,STN-05,2026-03-04 00:07,ENG-1342,SUP-079,EMP187,TL-088,C,Valid,Valid
M10175,*************3175,WO13175,Sedan X,PAINT-1,STN-01,2026-03-04 00:08,ENG-1207,SUP-030,EMP357,TL-042,,Valid,Valid
M10176,*************3176,WO13176,SUV Pro,GA-1,STN-04,2026-03-04 00:10,ENG-1034,SUP-015,EMP272,TL-007,A,Valid,Valid
M10177,*************3177,WO13177,SUV Pro,PAINT-1,STN-05,2026-03-04 00:11,ENG-1047,SUP-067,EMP329,TL-059,C,Valid,Valid
M10178,*************3178,WO13178,SUV Pro,TRIM-1,STN-02,2026-03-04 00:12,ENG-1391,SUP-094,EMP209,TL-046,B,Valid,Valid
M10179,*************3179,WO13179,SUV Pro,TRIM-1,STN-03,2026-03-04 00:13,ENG-1270,SUP-188,EMP251,TL-015,,Valid,Valid
M10180,*************3180,WO13180,Sedan X,PAINT-1,STN-05,2026-03-04 00:15,ENG-1153,SUP-180,EMP392,TL-059,B,Valid,Valid
M10181,*************3181,WO13181,SUV Pro,PAINT-1,STN-03,2026-03-04 00:16,ENG-1461,SUP-155,EMP204,TL-005,C,Valid,Valid
M10182,*************3182,WO13182,Sedan X,TRIM-1,STN-05,2026-03-04 00:17,ENG-1273,SUP-008,EMP213,TL-025,A,Valid,Valid
M10183,*************3183,WO13183,Hatch Z,GA-2,STN-04,2026-03-04 00:18,ENG-1042,SUP-018,EMP202,TL-031,B,Valid,Valid
M10184,*************3184,WO13184,SUV Pro,GA-1,STN-05,2026-03-04 00:20,ENG-1242,SUP-130,EMP373,TL-023,A,Valid,Valid
M10185,*************3185,WO13185,SUV Pro,GA-2,STN-04,2026-03-04 00:21,ENG-1278,SUP-122,EMP200,TL-002,C,Valid,Valid
M10186,*************3186,WO13186,Hatch Z,TRIM-1,STN-02,2026-03-04 00:22,ENG-1161,SUP-176,EMP132,TL-041,B,Valid,Valid
M10187,*************3187,WO13187,Sedan X,TRIM-1,STN-05,2026-03-04 00:23,ENG-1156,SUP-105,EMP267,TL-085,B,Valid,Valid
M10188,*************3188,WO13188,SUV Pro,GA-2,STN-04,2026-03-04 00:25,ENG-1415,SUP-132,EMP125,TL-013,A,Valid,Valid
M10189,*************3189,WO13189,SUV Pro,TRIM-1,STN-05,2026-03-04 00:26,ENG-1244,SUP-049,EMP249,TL-036,,Valid,Valid
M10190,*************3190,WO13190,SUV Pro,GA-1,STN-05,2026-03-04 00:27,ENG-1001,SUP-123,EMP326,TL-096,,Valid,Valid
M10191,*************3191,WO13191,Sedan X,TRIM-1,STN-05,2026-03-04 00:28,ENG-1477,SUP-017,EMP258,TL-029,B,Valid,Valid
M10192,*************3192,WO13192,SUV Pro,GA-2,STN-05,2026-03-04 00:30,ENG-1309,SUP-148,EMP231,TL-049,,Valid,Valid
M10193,*************3193,WO13193,SUV Pro,PAINT-1,STN-01,2026-03-04 00:31,ENG-1312,SUP-151,EMP394,TL-075,A,Valid,Valid
M10194,*************3194,WO13194,Hatch Z,GA-1,STN-01,2026-03-04 00:32,ENG-1024,SUP-137,EMP383,TL-044,,Valid,Valid
M10195,*************3195,WO13195,Sedan X,GA-1,STN-05,2026-03-04 00:33,ENG-1463,SUP-060,EMP274,TL-021,A,Valid,Valid
M10196,*************3196,WO13196,Hatch Z,GA-1,STN-05,2026-03-04 00:35,ENG-1304,SUP-105,EMP367,TL-038,C,Valid,Valid
M10197,*************3197,WO13197,Sedan X,PAINT-1,STN-04,2026-03-04 00:36,ENG-1141,SUP-189,EMP363,TL-100,C,Valid,Valid
M10198,*************3198,WO13198,Hatch Z,TRIM-1,STN-05,2026-03-04 00:37,ENG-1189,SUP-113,EMP187,TL-072,C,Valid,Valid
M10199,*************3199,WO13199,SUV Pro,PAINT-1,STN-05,2026-03-04 00:38,ENG-1363,SUP-147,EMP278,TL-097,B,Valid,Valid
M10200,*************3200,WO13200,Hatch Z,GA-1,STN-03,2026-03-04 00:40,ENG-1303,SUP-014,EMP191,TL-019,A,Valid,Valid
M10201,*************3201,WO13201,SUV Pro,TRIM-1,STN-05,2026-03-04 00:41,ENG-1275,SUP-156,EMP137,TL-018,C,Valid,Valid
M10202,*************3202,WO13202,Hatch Z,GA-2,STN-05,2026-03-04 00:42,ENG-1311,SUP-116,EMP141,TL-060,A,Valid,Valid
M10203,*************3203,WO13203,SUV Pro,PAINT-1,STN-03,2026-03-04 00:43,ENG-1473,SUP-085,EMP150,TL-035,B,Valid,Valid
M10204,*************3204,WO13204,SUV Pro,TRIM-1,STN-03,2026-03-04 00:45,ENG-1447,SUP-041,EMP367,TL-051,A,Valid,Valid
M10205,*************3205,WO13205,Sedan X,GA-2,STN-05,2026-03-04 00:46,ENG-1111,SUP-164,EMP115,TL-027,C,Valid,Valid
M10206,*************3206,WO13206,SUV Pro,GA-1,STN-03,2026-03-04 00:47,ENG-1041,SUP-148,EMP225,TL-079,,Valid,Valid
M10207,*************3207,WO13207,Hatch Z,GA-1,STN-03,2026-03-04 00:48,ENG-1483,SUP-087,EMP395,TL-002,A,Valid,Valid
M10208,*************3208,WO13208,Hatch Z,GA-2,STN-03,2026-03-04 00:50,ENG-1053,SUP-114,EMP339,TL-074,A,Valid,Valid
M10209,*************3209,WO13209,SUV Pro,PAINT-1,STN-02,2026-03-04 00:51,ENG-1286,SUP-109,EMP316,TL-075,B,Valid,Valid
M10210,*************3210,WO13210,Sedan X,PAINT-1,STN-01,2026-03-04 00:52,ENG-1321,SUP-169,EMP260,TL-096,A,Valid,Valid
M10211,*************3211,WO13211,Hatch Z,TRIM-1,STN-05,2026-03-04 00:53,ENG-1006,SUP-197,EMP263,TL-025,B,Valid,Valid
M10212,*************3212,WO13212,Hatch Z,TRIM-1,STN-01,2026-03-04 00:55,ENG-1382,SUP-191,EMP162,TL-016,B,Valid,Valid
M10213,*************3213,WO13213,Hatch Z,GA-1,STN-01,2026-03-04 00:56,ENG-1127,SUP-137,EMP164,TL-074,,Valid,Valid
M10214,*************3214,WO13214,SUV Pro,GA-2,STN-05,2026-03-04 00:57,ENG-1443,SUP-081,EMP278,TL-016,B,Valid,Valid
M10215,*************3215,WO13215,Hatch Z,TRIM-1,STN-01,2026-03-04 00:58,ENG-1293,SUP-016,EMP371,TL-042,A,Valid,Valid
M10216,*************3216,WO13216,Hatch Z,GA-1,STN-01,2026-03-04 01:00,ENG-1145,SUP-084,EMP131,TL-018,C,Valid,Valid
M10217,*************3217,WO13217,Sedan X,TRIM-1,STN-02,2026-03-04 01:01,ENG-1205,SUP-018,EMP275,TL-090,,Valid,Valid
M10218,*************3218,WO13218,Sedan X,TRIM-1,STN-03,2026-03-04 01:02,ENG-1205,SUP-036,EMP325,TL-011,B,Valid,Valid
M10219,*************3219,WO13219,Hatch Z,PAINT-1,STN-05,2026-03-04 01:03,ENG-1368,SUP-154,EMP305,TL-073,B,Valid,Valid
M10220,*************3220,WO13220,Sedan X,PAINT-1,STN-02,2026-03-04 01:05,ENG-1408,SUP-159,EMP130,TL-091,A,Valid,Valid
M10221,*************3221,WO13221,Hatch Z,PAINT-1,STN-05,2026-03-04 01:06,ENG-1164,SUP-193,EMP320,TL-012,C,Valid,Valid
M10222,*************3222,WO13222,Hatch Z,PAINT-1,STN-04,2026-03-04 01:07,ENG-1340,SUP-064,EMP144,TL-084,C,Valid,Valid
M10223,*************3223,WO13223,SUV Pro,TRIM-1,STN-02,2026-03-04 01:08,ENG-1299,SUP-125,EMP390,TL-024,C,Valid,Valid
M10224,*************3224,WO13224,SUV Pro,GA-1,STN-01,2026-03-04 01:10,ENG-1194,SUP-075,EMP226,TL-051,A,Valid,Valid
M10225,*************3225,WO13225,Hatch Z,GA-2,STN-03,2026-03-04 01:11,ENG-1260,SUP-062,EMP341,TL-063,B,Valid,Valid
M10226,*************3226,WO13226,SUV Pro,GA-1,STN-03,2026-03-04 01:12,ENG-1081,SUP-140,EMP315,TL-099,,Valid,Valid
M10227,*************3227,WO13227,SUV Pro,GA-1,STN-03,2026-03-04 01:13,ENG-1468,SUP-064,EMP251,TL-023,A,Valid,Valid
M10228,*************3228,WO13228,SUV Pro,PAINT-1,STN-03,2026-03-04 01:15,ENG-1035,SUP-181,EMP311,TL-010,A,Valid,Valid
M10229,*************3229,WO13229,Sedan X,TRIM-1,STN-03,2026-03-04 01:16,ENG-1324,SUP-053,EMP271,TL-069,C,Valid,Valid
M10230,*************3230,WO13230,SUV Pro,PAINT-1,STN-01,2026-03-04 01:17,ENG-1499,SUP-096,EMP163,TL-005,B,Valid,Valid
M10231,*************3231,WO13231,Hatch Z,GA-1,STN-02,2026-03-04 01:18,ENG-1251,SUP-055,EMP104,TL-034,B,Valid,Valid
M10232,*************3232,WO13232,SUV Pro,TRIM-1,STN-02,2026-03-04 01:20,ENG-1216,SUP-035,EMP360,TL-014,C,Valid,Valid
M10233,*************3233,WO13233,Hatch Z,PAINT-1,STN-05,2026-03-04 01:21,ENG-1138,SUP-117,EMP159,TL-068,B,Valid,Valid
M10234,*************3234,WO13234,Hatch Z,PAINT-1,STN-03,2026-03-04 01:22,ENG-1108,SUP-006,EMP394,TL-053,A,Valid,Valid
M10235,*************3235,WO13235,SUV Pro,TRIM-1,STN-04,2026-03-04 01:23,ENG-1133,SUP-178,EMP101,TL-073,B,Valid,Valid
M10236,*************3236,WO13236,Sedan X,PAINT-1,STN-05,2026-03-04 01:25,ENG-1260,SUP-117,EMP238,TL-041,C,Valid,Valid
M10237,*************3237,WO13237,Sedan X,GA-2,STN-03,2026-03-04 01:26,ENG-1425,SUP-197,EMP268,TL-069,,Valid,Valid
M10238,*************3238,WO13238,Sedan X,TRIM-1,STN-01,2026-03-04 01:27,ENG-1232,SUP-069,EMP200,TL-003,,Valid,Valid
M10239,*************3239,WO13239,Hatch Z,GA-1,STN-03,2026-03-04 01:28,ENG-1054,SUP-194,EMP296,TL-035,A,Valid,Valid
M10240,*************3240,WO13240,Sedan X,PAINT-1,STN-02,2026-03-04 01:30,ENG-1302,SUP-129,EMP367,TL-009,,Valid,Valid
M10241,*************3241,WO13241,Sedan X,TRIM-1,STN-04,2026-03-04 01:31,ENG-1333,SUP-192,EMP283,TL-066,B,Valid,Valid
M10242,*************3242,WO13242,Hatch Z,GA-2,STN-02,2026-03-04 01:32,ENG-1207,SUP-073,EMP343,TL-058,A,Valid,Valid
M10243,*************3243,WO13243,SUV Pro,GA-1,STN-02,2026-03-04 01:33,ENG-1367,SUP-003,EMP106,TL-080,A,Valid,Valid
M10244,*************3244,WO13244,SUV Pro,GA-2,STN-05,2026-03-04 01:35,ENG-1422,SUP-164,EMP314,TL-003,B,Valid,Valid
M10245,*************3245,WO13245,Hatch Z,GA-2,STN-04,2026-03-04 01:36,ENG-1068,SUP-090,EMP235,TL-999,B,Valid,Valid
M10246,*************3246,WO13246,Sedan X,PAINT-1,STN-01,2026-03-04 01:37,ENG-1335,SUP-044,EMP219,TL-011,A,Valid,Valid
M10247,*************3247,WO13247,Hatch Z,PAINT-1,STN-04,2026-03-04 01:38,ENG-1236,SUP-035,EMP103,TL-035,C,Valid,Valid
M10248,*************3248,WO13248,Sedan X,GA-1,STN-01,2026-03-04 01:40,ENG-1362,SUP-177,EMP353,TL-089,C,Valid,Valid
M10249,*************3249,WO13249,Sedan X,GA-2,STN-02,2026-03-04 01:41,ENG-1138,SUP-096,EMP222,TL-071,A,Valid,Valid
M10250,*************3250,WO13250,Sedan X,TRIM-1,STN-05,2026-03-04 01:42,ENG-1315,SUP-080,EMP150,TL-082,B,Valid,Valid
M10251,*************3251,WO13251,Sedan X,PAINT-1,STN-05,2026-03-04 01:43,ENG-1487,SUP-120,EMP114,TL-076,,Valid,Valid
M10252,*************3252,WO13252,Sedan X,TRIM-1,STN-03,2026-03-04 01:45,ENG-1443,SUP-148,EMP308,TL-027,B,Valid,Valid
M10253,*************3253,WO13253,Sedan X,PAINT-1,STN-01,2026-03-04 01:46,ENG-1253,SUP-077,EMP173,TL-024,C,Valid,Valid
M10254,*************3254,WO13254,Sedan X,PAINT-1,STN-03,2026-03-04 01:47,ENG-1455,SUP-178,EMP209,TL-023,,Valid,Valid
M10255,*************3255,WO13255,Sedan X,GA-1,STN-05,2026-03-04 01:48,ENG-1424,SUP-160,EMP126,TL-005,B,Valid,Valid
M10256,*************3256,WO13256,SUV Pro,TRIM-1,STN-05,2026-03-04 01:50,ENG-1220,SUP-026,EMP295,TL-028,A,Valid,Valid
M10257,*************3257,WO13257,SUV Pro,GA-1,STN-02,2026-03-04 01:51,ENG-1279,SUP-103,EMP329,TL-089,B,Valid,Valid
M10258,*************3258,WO13258,Sedan X,GA-2,STN-03,2026-03-04 01:52,ENG-1017,SUP-009,EMP271,TL-100,B,Valid,Valid
M10259,*************3259,WO13259,SUV Pro,TRIM-1,STN-05,2026-03-04 01:53,ENG-1069,SUP-018,EMP392,TL-047,B,Valid,Valid
M10260,*************3260,WO13260,SUV Pro,GA-1,STN-01,2026-03-04 01:55,ENG-1173,SUP-120,EMP343,TL-078,C,Valid,Valid
M10261,*************3261,WO13261,Sedan X,GA-1,STN-01,2026-03-04 01:56,ENG-1253,SUP-063,EMP169,TL-043,A,Valid,Valid
M10262,*************3262,WO13262,Sedan X,TRIM-1,STN-02,2026-03-04 01:57,ENG-1315,SUP-119,EMP145,TL-025,A,Valid,Valid
M10263,*************3263,WO13263,Hatch Z,TRIM-1,STN-02,2026-03-04 01:58,ENG-1082,SUP-024,EMP155,TL-027,,Valid,Valid
M10264,*************3264,WO13264,Hatch Z,GA-1,STN-05,2026-03-04 02:00,ENG-1260,SUP-121,EMP138,TL-084,,Valid,Valid
M10265,*************3265,WO13265,SUV Pro,GA-2,STN-02,2026-03-04 02:01,ENG-1061,SUP-007,EMP229,TL-041,C,Valid,Valid
M10266,*************3266,WO13266,Hatch Z,TRIM-1,STN-03,2026-03-04 02:02,ENG-1057,SUP-127,EMP156,TL-073,B,Valid,Valid
M10267,*************3267,WO13267,Hatch Z,GA-1,STN-04,2026-03-04 02:03,ENG-1427,SUP-002,EMP332,TL-033,C,Valid,Valid
M10268,*************3268,WO13268,Sedan X,TRIM-1,STN-01,2026-03-04 02:05,ENG-1074,SUP-058,EMP254,TL-038,B,Valid,Valid
M10269,*************3269,WO13269,Sedan X,PAINT-1,STN-02,2026-03-04 02:06,ENG-1047,SUP-166,EMP303,TL-002,B,Valid,Valid
M10270,*************3270,WO13270,SUV Pro,GA-2,STN-02,2026-03-04 02:07,ENG-1466,SUP-151,EMP238,TL-097,A,Valid,Valid
M10271,*************3271,WO13271,Sedan X,GA-1,STN-05,2026-03-04 02:08,ENG-1139,SUP-079,EMP328,TL-061,B,Valid,Valid
M10272,*************3272,WO13272,SUV Pro,GA-1,STN-02,2026-03-04 02:10,ENG-1345,SUP-047,EMP315,TL-083,C,Valid,Valid
M10273,*************3273,WO13273,SUV Pro,GA-1,STN-02,2026-03-04 02:11,ENG-1472,SUP-034,EMP340,TL-053,A,Valid,Valid
M10274,*************3274,WO13274,Hatch Z,TRIM-1,STN-05,2026-03-04 02:12,ENG-1418,SUP-077,EMP385,TL-004,B,Valid,Valid
M10275,*************3275,WO13275,SUV Pro,PAINT-1,STN-03,2026-03-04 02:13,ENG-1354,SUP-092,EMP399,TL-070,C,Valid,Valid
M10276,*************3276,WO13276,Sedan X,TRIM-1,STN-01,2026-03-04 02:15,ENG-1067,SUP-028,EMP154,TL-074,A,Valid,Valid
M10277,*************3277,WO13277,SUV Pro,GA-1,STN-02,2026-03-04 02:16,ENG-1412,SUP-111,EMP376,TL-052,C,Valid,Valid
M10278,*************3278,WO13278,Hatch Z,TRIM-1,STN-03,2026-03-04 02:17,ENG-1245,SUP-143,EMP319,TL-066,,Valid,Valid
M10279,*************3279,WO13279,Sedan X,GA-2,STN-04,2026-03-04 02:18,ENG-1194,SUP-016,EMP104,TL-065,C,Valid,Valid
M10280,*************3280,WO13280,SUV Pro,TRIM-1,STN-03,2026-03-04 02:20,ENG-1012,SUP-131,EMP218,TL-057,A,Valid,Valid
M10281,*************3281,WO13281,Hatch Z,GA-1,STN-05,2026-03-04 02:21,ENG-1016,SUP-126,EMP249,TL-080,B,Valid,Valid
M10282,*************3282,WO13282,Sedan X,TRIM-1,STN-03,2026-03-04 02:22,ENG-1022,SUP-013,EMP306,TL-074,B,Valid,Valid
M10283,*************3283,WO13283,SUV Pro,GA-2,STN-03,2026-03-04 02:23,ENG-1101,SUP-084,EMP217,TL-036,C,Valid,Valid
M10284,*************3284,WO13284,Hatch Z,TRIM-1,STN-03,2026-03-04 02:25,ENG-1229,SUP-011,EMP358,TL-021,A,Valid,Valid
M10285,*************3285,WO13285,Sedan X,TRIM-1,STN-03,2026-03-04 02:26,ENG-1140,SUP-111,EMP195,TL-019,A,Valid,Valid
M10286,*************3286,WO13286,Sedan X,GA-1,STN-02,2026-03-04 02:27,ENG-1102,SUP-191,EMP351,TL-088,B,Valid,Valid
M10287,*************3287,WO13287,Sedan X,PAINT-1,STN-03,2026-03-04 02:28,ENG-1000,SUP-054,EMP211,TL-001,A,Valid,Valid
M10288,*************3288,WO13288,Sedan X,GA-1,STN-05,2026-03-04 02:30,ENG-1265,SUP-097,EMP227,TL-038,,Valid,Valid
M10289,*************3289,WO13289,SUV Pro,GA-2,STN-05,2026-03-04 02:31,ENG-1056,SUP-157,EMP102,TL-001,A,Valid,Valid
M10290,*************3290,WO13290,Sedan X,PAINT-1,STN-01,2026-03-04 02:32,ENG-1207,SUP-001,EMP111,TL-075,A,Valid,Valid
M10291,*************3291,WO13291,SUV Pro,GA-2,STN-03,2026-03-04 02:33,ENG-1120,SUP-036,EMP353,TL-026,,Valid,Valid
M10292,*************3292,WO13292,Hatch Z,TRIM-1,STN-05,2026-03-04 02:35,ENG-1366,SUP-159,EMP122,TL-050,A,Valid,Valid
M10293,*************3293,WO13293,Hatch Z,PAINT-1,STN-03,2026-03-04 02:36,ENG-1278,SUP-022,EMP380,TL-055,,Valid,Valid
M10294,*************3294,WO13294,SUV Pro,TRIM-1,STN-02,2026-03-04 02:37,ENG-1020,SUP-013,EMP111,TL-077,C,Valid,Valid
M10295,*************3295,WO13295,Hatch Z,GA-2,STN-02,2026-03-04 02:38,ENG-1222,SUP-031,EMP149,TL-093,B,Valid,Valid
M10296,*************3296,WO13296,SUV Pro,GA-1,STN-01,2026-03-04 02:40,ENG-1267,SUP-022,EMP262,TL-012,C,Valid,Valid
M10297,*************3297,WO13297,Hatch Z,PAINT-1,STN-03,2026-03-04 02:41,ENG-1256,SUP-037,EMP393,TL-040,B,Valid,Valid
M10298,*************3298,WO13298,Sedan X,GA-2,STN-05,2026-03-04 02:42,ENG-1133,SUP-171,EMP106,TL-009,C,Valid,Valid
M10299,*************3299,WO13299,Sedan X,PAINT-1,STN-03,2026-03-04 02:43,ENG-1122,SUP-072,EMP311,TL-053,A,Valid,Valid
M10300,*************3300,WO13300,SUV Pro,PAINT-1,STN-04,2026-03-04 02:45,ENG-1483,SUP-148,EMP228,TL-037,C,Valid,Valid
M10301,*************3301,WO13301,SUV Pro,TRIM-1,STN-04,2026-03-04 02:46,ENG-1075,SUP-184,EMP127,TL-013,A,Valid,Valid
M10302,*************3302,WO13302,Hatch Z,GA-2,STN-03,2026-03-04 02:47,ENG-1451,SUP-165,EMP108,TL-018,A,Valid,Valid
M10303,*************3303,WO13303,Hatch Z,GA-2,STN-02,2026-03-04 02:48,ENG-1334,SUP-057,EMP362,TL-058,C,Valid,Valid
M10304,*************3304,WO13304,Sedan X,GA-2,STN-04,2026-03-04 02:50,ENG-1072,SUP-009,EMP371,TL-045,A,Valid,Valid
M10305,*************3305,WO13305,SUV Pro,PAINT-1,STN-05,2026-03-04 02:51,ENG-1166,SUP-035,EMP339,TL-030,C,Valid,Valid
M10306,*************3306,WO13306,Hatch Z,GA-2,STN-04,2026-03-04 02:52,ENG-1159,SUP-041,EMP213,TL-045,,Valid,Valid
M10307,*************3307,WO13307,Sedan X,GA-1,STN-03,2026-03-04 02:53,ENG-1044,SUP-041,EMP148,TL-099,B,Valid,Valid
M10308,*************3308,WO13308,Hatch Z,PAINT-1,STN-01,2026-03-04 02:55,ENG-1281,SUP-030,EMP314,TL-009,B,Valid,Valid
M10309,*************3309,WO13309,Hatch Z,PAINT-1,STN-03,2026-03-04 02:56,ENG-1289,SUP-005,EMP246,TL-086,,Valid,Valid
M10310,*************3310,WO13310,Sedan X,GA-1,STN-01,2026-03-04 02:57,ENG-1237,SUP-155,EMP188,TL-029,A,Valid,Valid
M10311,*************3311,WO13311,SUV Pro,TRIM-1,STN-04,2026-03-04 02:58,ENG-1012,SUP-014,EMP143,TL-017,B,Valid,Valid
M10312,*************3312,WO13312,Hatch Z,GA-2,STN-04,2026-03-04 03:00,ENG-1044,SUP-008,EMP145,TL-093,B,Valid,Valid
M10313,*************3313,WO13313,Sedan X,GA-2,STN-05,2026-03-04 03:01,ENG-1376,SUP-161,EMP318,TL-009,C,Valid,Valid
M10314,*************3314,WO13314,Sedan X,GA-2,STN-01,2026-03-04 03:02,ENG-1335,SUP-068,EMP372,TL-092,C,Valid,Valid
M10315,*************3315,WO13315,Sedan X,TRIM-1,STN-05,2026-03-04 03:03,ENG-1219,SUP-112,EMP266,TL-029,C,Valid,Valid
M10316,*************3316,WO13316,SUV Pro,TRIM-1,STN-05,2026-03-04 03:05,ENG-1023,SUP-079,EMP190,TL-019,,Valid,Valid
M10317,*************3317,WO13317,SUV Pro,GA-2,STN-03,2026-03-04 03:06,ENG-1324,SUP-077,EMP296,TL-004,A,Valid,Valid
M10318,*************3318,WO13318,Hatch Z,GA-1,STN-03,2026-03-04 03:07,ENG-1121,SUP-002,EMP287,TL-064,B,Valid,Valid
M10319,*************3319,WO13319,Hatch Z,PAINT-1,STN-04,2026-03-04 03:08,ENG-1432,SUP-039,EMP232,TL-031,C,Valid,Valid
M10320,*************3320,WO13320,Hatch Z,TRIM-1,STN-01,2026-03-04 03:10,ENG-1251,SUP-105,EMP373,TL-022,B,Valid,Valid
M10321,*************3321,WO13321,SUV Pro,GA-1,STN-05,2026-03-04 03:11,ENG-1347,SUP-033,EMP334,TL-086,B,Valid,Valid
M10322,*************3322,WO13322,SUV Pro,TRIM-1,STN-01,2026-03-04 03:12,ENG-1260,SUP-101,EMP314,TL-091,,Valid,Valid
M10323,*************3323,WO13323,SUV Pro,TRIM-1,STN-02,2026-03-04 03:13,ENG-1438,SUP-034,EMP241,TL-010,,Valid,Valid
M10324,*************3324,WO13324,SUV Pro,TRIM-1,STN-05,2026-03-04 03:15,ENG-1438,SUP-070,EMP250,TL-061,,Valid,Valid
M10325,*************3325,WO13325,Sedan X,GA-2,STN-05,2026-03-04 03:16,ENG-1030,SUP-164,EMP206,TL-047,A,Valid,Valid
M10326,*************3326,WO13326,Sedan X,TRIM-1,STN-01,2026-03-04 03:17,ENG-1412,SUP-131,EMP255,TL-065,,Valid,Valid
M10327,*************3327,WO13327,SUV Pro,GA-2,STN-02,2026-03-04 03:18,ENG-1120,SUP-081,EMP239,TL-027,C,Valid,Valid
M10328,*************3328,WO13328,Sedan X,PAINT-1,STN-05,2026-03-04 03:20,ENG-1214,SUP-190,EMP293,TL-071,B,Valid,Valid
M10329,*************3329,WO13329,Sedan X,GA-2,STN-01,2026-03-04 03:21,ENG-1172,SUP-164,EMP321,TL-033,C,Valid,Valid
M10330,,WO13330,Sedan X,PAINT-1,STN-03,2026-03-04 03:22,ENG-1294,,EMP188,TL-003,,Valid,Invalid
M10331,*************3331,WO13331,Hatch Z,PAINT-1,STN-03,2026-03-04 03:23,ENG-1144,SUP-165,EMP145,TL-099,A,Valid,Valid
M10332,*************3332,WO13332,Sedan X,TRIM-1,STN-03,2026-03-04 03:25,ENG-1100,SUP-140,EMP381,TL-011,B,Valid,Valid
M10333,*************3333,WO13333,SUV Pro,GA-2,STN-01,2026-03-04 03:26,ENG-1438,SUP-172,EMP319,TL-030,C,Valid,Valid
M10334,*************3334,WO13334,Sedan X,PAINT-1,STN-05,2026-03-04 03:27,ENG-1300,SUP-074,EMP356,TL-065,B,Valid,Valid
M10335,*************3335,WO13335,Hatch Z,GA-1,STN-05,2026-03-04 03:28,ENG-1001,SUP-133,EMP241,TL-076,,Valid,Valid
M10336,*************3336,WO13336,Hatch Z,GA-1,STN-04,2026-03-04 03:30,ENG-1207,SUP-067,EMP109,TL-045,A,Valid,Valid
M10337,*************3337,WO13337,Sedan X,GA-1,STN-02,2026-03-04 03:31,ENG-1046,SUP-042,EMP289,TL-040,B,Valid,Valid
M10338,*************3338,WO13338,Hatch Z,PAINT-1,STN-01,2026-03-04 03:32,ENG-1410,SUP-186,EMP195,TL-032,A,Valid,Valid
M10339,*************3339,WO13339,Sedan X,TRIM-1,STN-01,2026-03-04 03:33,ENG-1159,SUP-157,EMP370,TL-055,A,Valid,Valid
M10340,*************3340,WO13340,Sedan X,TRIM-1,STN-02,2026-03-04 03:35,ENG-1051,SUP-183,EMP358,TL-050,A,Valid,Valid
M10341,*************3341,WO13341,Sedan X,GA-2,STN-02,2026-03-04 03:36,ENG-1031,SUP-179,EMP203,TL-014,,Valid,Valid
M10342,*************3342,WO13342,Hatch Z,GA-1,STN-01,2026-03-04 03:37,ENG-1045,SUP-071,EMP116,TL-002,B,Valid,Valid
M10343,*************3343,WO13343,SUV Pro,TRIM-1,STN-03,2026-03-04 03:38,ENG-1059,SUP-062,EMP154,TL-097,,Valid,Valid
M10344,*************3344,WO13344,Hatch Z,GA-1,STN-05,2026-03-04 03:40,ENG-1421,SUP-120,EMP384,TL-054,A,Valid,Valid
M10345,*************3345,WO13345,Hatch Z,GA-1,STN-05,2026-03-04 03:41,ENG-1387,SUP-100,EMP179,TL-098,C,Valid,Valid
M10346,*************3346,WO13346,Hatch Z,GA-1,STN-05,2026-03-04 03:42,ENG-1259,SUP-067,EMP150,TL-075,C,Valid,Valid
M10347,*************3347,WO13347,Hatch Z,TRIM-1,STN-03,2026-03-04 03:43,ENG-1268,SUP-085,EMP286,TL-002,A,Valid,Valid
M10348,*************3348,WO13348,Sedan X,GA-2,STN-04,2026-03-04 03:45,ENG-1174,SUP-058,EMP272,TL-068,B,Valid,Valid
M10349,*************3349,WO13349,Hatch Z,GA-1,STN-01,2026-03-04 03:46,ENG-1241,SUP-043,EMP385,TL-068,,Valid,Valid
M10350,*************3350,WO13350,Hatch Z,GA-1,STN-04,2026-03-04 03:47,ENG-1070,SUP-200,EMP339,TL-077,A,Valid,Valid
M10351,*************3351,WO13351,Hatch Z,GA-2,STN-04,2026-03-04 03:48,ENG-1057,SUP-107,EMP154,TL-055,A,Valid,Valid
M10352,*************3352,WO13352,Hatch Z,GA-1,STN-03,2026-03-04 03:50,ENG-1315,SUP-121,EMP179,TL-017,B,Valid,Valid
M10353,*************3353,WO13353,Hatch Z,TRIM-1,STN-03,2026-03-04 03:51,ENG-1246,SUP-126,EMP161,TL-069,B,Valid,Valid
M10354,*************3354,WO13354,SUV Pro,PAINT-1,STN-03,2026-03-04 03:52,ENG-1116,SUP-011,EMP329,TL-054,A,Valid,Valid
M10355,*************3355,WO13355,Sedan X,GA-2,STN-03,2026-03-04 03:53,ENG-1146,SUP-141,EMP107,TL-087,C,Valid,Valid
M10356,*************3356,WO13356,SUV Pro,TRIM-1,STN-03,2026-03-04 03:55,ENG-1496,SUP-129,EMP116,TL-002,B,Valid,Valid
M10357,*************3357,WO13357,Hatch Z,PAINT-1,STN-05,2026-03-04 03:56,ENG-1444,SUP-076,EMP199,TL-099,B,Valid,Valid
M10358,*************3358,WO13358,Sedan X,TRIM-1,STN-02,2026-03-04 03:57,ENG-1083,SUP-032,EMP300,TL-075,A,Valid,Valid
M10359,*************3359,WO13359,SUV Pro,TRIM-1,STN-05,2026-03-04 03:58,ENG-1180,SUP-117,EMP232,TL-051,,Valid,Valid
M10360,*************3360,WO13360,Sedan X,TRIM-1,STN-03,2026-03-04 04:00,ENG-1226,SUP-175,EMP282,TL-009,,Valid,Valid
M10361,*************3361,WO13361,Hatch Z,GA-1,STN-02,2026-03-04 04:01,ENG-1295,SUP-094,EMP172,TL-012,C,Valid,Valid
M10362,*************3362,WO13362,Sedan X,GA-1,STN-03,2026-03-04 04:02,ENG-1208,SUP-077,EMP174,TL-050,A,Valid,Valid
M10363,*************3363,WO13363,Sedan X,TRIM-1,STN-01,2026-03-04 04:03,ENG-1111,SUP-051,EMP286,TL-006,C,Valid,Valid
M10364,*************3364,WO13364,Sedan X,PAINT-1,STN-03,2026-03-04 04:05,ENG-1108,SUP-180,EMP157,TL-080,B,Valid,Valid
M10365,*************3365,WO13365,Hatch Z,GA-2,STN-03,2026-03-04 04:06,ENG-1277,SUP-075,EMP357,TL-009,B,Valid,Valid
M10366,*************3366,WO13366,Sedan X,GA-1,STN-03,2026-03-04 04:07,ENG-1467,SUP-028,EMP317,TL-077,A,Valid,Valid
M10367,*************3367,WO13367,Sedan X,PAINT-1,STN-03,2026-03-04 04:08,ENG-1117,SUP-012,EMP175,TL-013,C,Valid,Valid
M10368,*************3368,WO13368,Sedan X,TRIM-1,STN-04,2026-03-04 04:10,ENG-1368,SUP-094,EMP381,TL-050,C,Valid,Valid
M10369,*************3369,WO13369,SUV Pro,GA-2,STN-02,2026-03-04 04:11,ENG-1341,SUP-158,EMP268,TL-030,C,Valid,Valid
M10370,*************3370,WO13370,Hatch Z,GA-1,STN-01,2026-03-04 04:12,ENG-1001,SUP-084,EMP108,TL-016,C,Valid,Valid
M10371,*************3371,WO13371,SUV Pro,TRIM-1,STN-03,2026-03-04 04:13,ENG-1393,SUP-040,EMP351,TL-065,,Valid,Valid
M10372,*************3372,WO13372,Sedan X,PAINT-1,STN-04,2026-03-04 04:15,ENG-1126,SUP-142,EMP272,TL-042,A,Valid,Valid
M10373,*************3373,WO13373,Sedan X,GA-1,STN-04,2026-03-04 04:16,ENG-1464,SUP-127,EMP268,TL-013,B,Valid,Valid
M10374,*************3374,WO13374,Sedan X,PAINT-1,STN-03,2026-03-04 04:17,ENG-1288,SUP-128,EMP359,TL-013,C,Valid,Valid
M10375,*************3375,WO13375,SUV Pro,PAINT-1,STN-02,2026-03-04 04:18,ENG-1192,SUP-164,EMP123,TL-098,,Valid,Valid
M10376,*************3376,WO13376,Sedan X,GA-2,STN-05,2026-03-04 04:59,ENG-1196,SUP-005,EMP178,TL-038,C,Valid,Valid
M10377,*************3377,WO13377,SUV Pro,PAINT-1,STN-03,2026-03-04 04:21,ENG-1143,SUP-109,EMP336,TL-060,B,Valid,Valid
M10378,*************3378,WO13378,Sedan X,PAINT-1,STN-01,2026-03-04 04:22,ENG-1226,SUP-027,EMP113,TL-059,B,Valid,Valid
M10379,*************3379,WO13379,Sedan X,TRIM-1,STN-01,2026-03-04 04:23,ENG-1185,SUP-099,EMP234,TL-097,,Valid,Valid
M10380,*************3380,WO13380,Hatch Z,GA-2,STN-04,2026-03-04 04:25,ENG-1340,SUP-186,EMP131,TL-028,A,Valid,Valid
M10381,*************3381,WO13381,SUV Pro,PAINT-1,STN-03,2026-03-04 04:26,ENG-1116,SUP-136,EMP108,TL-100,B,Valid,Valid
M10382,*************3382,WO13382,SUV Pro,PAINT-1,STN-03,2026-03-04 04:27,ENG-1037,SUP-078,EMP357,TL-042,,Valid,Valid
M10383,*************3383,WO13383,Hatch Z,GA-2,STN-04,2026-03-04 04:28,ENG-1025,SUP-042,EMP388,TL-023,C,Valid,Valid
M10384,*************3384,WO13384,SUV Pro,TRIM-1,STN-05,2026-03-04 04:30,ENG-1270,SUP-104,EMP175,TL-058,B,Valid,Valid
M10385,*************3385,WO13385,Hatch Z,PAINT-1,STN-01,2026-03-04 04:31,ENG-1229,SUP-107,EMP319,TL-033,B,Valid,Valid
M10386,*************3386,WO13386,Sedan X,TRIM-1,STN-05,2026-03-04 04:32,ENG-1456,SUP-097,EMP205,TL-019,,Valid,Valid
M10387,*************3387,WO13387,Sedan X,GA-2,STN-03,2026-03-04 04:33,ENG-1106,SUP-187,EMP380,TL-052,,Valid,Valid
M10388,*************3388,WO13388,SUV Pro,GA-2,STN-03,2026-03-04 04:35,ENG-1309,SUP-033,EMP211,TL-068,,Valid,Valid
M10389,*************3389,WO13389,Hatch Z,TRIM-1,STN-05,2026-03-04 04:36,ENG-1026,SUP-105,EMP115,TL-034,,Valid,Valid
M10390,*************3390,WO13390,Hatch Z,GA-2,STN-02,2026-03-04 04:37,ENG-1029,SUP-178,EMP271,TL-100,C,Valid,Valid
M10391,*************3391,WO13391,Sedan X,PAINT-1,STN-01,2026-03-04 04:38,ENG-1177,SUP-007,EMP368,TL-078,B,Valid,Valid
M10392,*************3392,WO13392,SUV Pro,GA-2,STN-05,2026-03-04 04:40,ENG-1214,SUP-191,EMP142,TL-042,,Valid,Valid
M10393,*************3393,WO13393,SUV Pro,PAINT-1,STN-03,2026-03-04 04:41,ENG-1004,SUP-081,EMP198,TL-088,C,Valid,Valid
M10394,*************3394,WO13394,SUV Pro,TRIM-1,STN-01,2026-03-04 04:42,ENG-1377,SUP-122,EMP356,TL-077,,Valid,Valid
M10395,*************3395,WO13395,SUV Pro,PAINT-1,STN-03,2026-03-04 04:43,ENG-1130,SUP-041,EMP323,TL-010,A,Valid,Valid
M10396,*************3396,WO13396,Sedan X,PAINT-1,STN-02,2026-03-04 04:45,ENG-1432,SUP-047,EMP344,TL-027,,Valid,Valid
M10397,*************3397,WO13397,Hatch Z,GA-2,STN-04,2026-03-04 04:46,ENG-1373,SUP-053,EMP192,TL-008,B,Valid,Valid
M10398,*************3398,WO13398,Sedan X,GA-2,STN-04,2026-03-04 04:47,ENG-1052,SUP-028,EMP138,TL-060,C,Valid,Valid
M10399,*************3399,WO13399,Hatch Z,TRIM-1,STN-04,2026-03-04 04:48,ENG-1310,SUP-031,EMP351,TL-014,,Valid,Valid
M10400,*************3400,WO13400,Sedan X,GA-1,STN-03,2026-03-04 04:50,ENG-1150,SUP-041,EMP378,TL-048,A,Valid,Valid
M10401,*************3401,WO13401,SUV Pro,PAINT-1,STN-03,2026-03-04 04:51,ENG-1282,SUP-104,EMP395,TL-071,B,Valid,Valid
M10402,*************3402,WO13402,Sedan X,PAINT-1,STN-02,2026-03-04 04:52,ENG-1481,SUP-027,EMP317,TL-075,A,Valid,Valid
M10403,*************3403,WO13403,Sedan X,GA-2,STN-02,2026-03-04 04:53,ENG-1015,SUP-047,EMP311,TL-073,A,Valid,Valid
M10404,*************3404,WO13404,Sedan X,PAINT-1,STN-02,2026-03-04 04:55,ENG-1347,SUP-102,EMP237,TL-064,A,Valid,Valid
M10405,*************3405,WO13405,Sedan X,TRIM-1,STN-05,2026-03-04 04:56,ENG-1012,SUP-019,EMP330,TL-060,A,Valid,Valid
M10406,*************3406,WO13406,Sedan X,GA-1,STN-04,2026-03-04 04:57,ENG-1473,SUP-050,EMP328,TL-100,A,Valid,Valid
M10407,*************3407,WO13407,SUV Pro,GA-1,STN-01,2026-03-04 04:58,ENG-1149,SUP-150,EMP201,TL-027,B,Valid,Valid
M10408,*************3408,WO13408,SUV Pro,TRIM-1,STN-02,2026-03-04 05:00,ENG-1129,SUP-072,EMP292,TL-074,B,Valid,Valid
M10409,*************3409,WO13409,Sedan X,TRIM-1,STN-02,2026-03-04 05:01,ENG-1288,SUP-072,EMP327,TL-056,B,Valid,Valid
M10410,*************3410,WO13410,Hatch Z,GA-1,STN-05,2026-03-04 05:02,ENG-1113,SUP-145,EMP116,TL-095,,Valid,Valid
M10411,*************3411,WO13411,SUV Pro,PAINT-1,STN-01,2026-03-04 05:03,ENG-1080,SUP-090,EMP381,TL-042,A,Valid,Valid
M10412,*************3412,WO13412,Hatch Z,GA-2,STN-05,2026-03-04 05:05,ENG-1309,SUP-058,EMP165,TL-060,B,Valid,Valid
M10413,*************3413,WO13413,SUV Pro,GA-2,STN-05,2026-03-04 05:06,ENG-1440,SUP-023,EMP181,TL-074,A,Valid,Valid
M10414,*************3414,WO13414,SUV Pro,GA-2,STN-03,2026-03-04 05:07,ENG-1333,SUP-013,EMP252,TL-099,,Valid,Valid
M10415,*************3415,WO13415,Sedan X,GA-2,STN-03,2026-03-04 05:08,ENG-1220,SUP-184,EMP314,TL-058,,Valid,Valid
M10416,*************3416,WO13416,Hatch Z,PAINT-1,STN-03,2026-03-04 05:10,ENG-1087,SUP-117,EMP185,TL-071,C,Valid,Valid
M10417,*************3417,WO13417,SUV Pro,GA-2,STN-05,2026-03-04 05:11,ENG-1250,SUP-068,EMP291,TL-003,,Valid,Valid
M10418,*************3418,WO13418,Hatch Z,GA-1,STN-05,2026-03-04 05:12,ENG-1439,SUP-140,EMP322,TL-039,A,Valid,Valid
M10419,*************3419,WO13419,SUV Pro,TRIM-1,STN-03,2026-03-04 05:13,ENG-1385,SUP-106,EMP111,TL-022,A,Valid,Valid
M10420,*************3420,WO13420,Hatch Z,GA-1,STN-05,2026-03-04 05:15,ENG-1366,SUP-027,EMP389,TL-022,A,Valid,Valid
M10421,*************3421,WO13421,Sedan X,GA-2,STN-03,2026-03-04 05:16,ENG-1039,SUP-096,EMP253,TL-031,A,Valid,Valid
M10422,*************3422,WO13422,SUV Pro,PAINT-1,STN-05,2026-03-04 05:17,ENG-1293,SUP-009,EMP399,TL-029,B,Valid,Valid
M10423,*************3423,WO13423,Sedan X,PAINT-1,STN-02,2026-03-04 05:18,ENG-1126,SUP-053,EMP188,TL-001,B,Valid,Valid
M10424,*************3424,WO13424,Sedan X,PAINT-1,STN-01,2026-03-04 05:20,ENG-1020,SUP-040,EMP291,TL-084,C,Valid,Valid
M10425,*************3425,WO13425,SUV Pro,GA-1,STN-01,2026-03-04 05:21,ENG-1316,SUP-187,EMP215,TL-044,C,Valid,Valid
M10426,*************3426,WO13426,SUV Pro,GA-1,STN-02,2026-03-04 05:22,ENG-1437,SUP-104,EMP397,TL-065,C,Valid,Valid
M10427,*************3427,WO13427,Hatch Z,GA-2,STN-05,2026-03-04 05:23,ENG-1099,SUP-194,EMP225,TL-025,B,Valid,Valid
M10428,*************3428,WO13428,SUV Pro,GA-2,STN-04,2026-03-04 05:25,ENG-1470,SUP-042,EMP318,TL-017,A,Valid,Valid
M10429,*************3429,WO13429,Hatch Z,GA-1,STN-03,2026-03-04 05:26,ENG-1288,SUP-192,EMP375,TL-083,B,Valid,Valid
M10430,*************3430,WO13430,Sedan X,GA-2,STN-03,2026-03-04 05:27,ENG-1494,SUP-069,EMP238,TL-012,B,Valid,Valid
M10431,*************3431,WO13431,Hatch Z,GA-1,STN-04,2026-03-04 05:28,ENG-1399,SUP-086,EMP301,TL-041,B,Valid,Valid
M10432,*************3432,WO13432,Sedan X,GA-1,STN-02,2026-03-04 05:30,ENG-1124,SUP-128,EMP305,TL-026,A,Valid,Valid
M10433,*************3433,WO13433,SUV Pro,TRIM-1,STN-03,2026-03-04 05:31,ENG-1301,SUP-096,EMP242,TL-021,A,Valid,Valid
M10434,*************3434,WO13434,Sedan X,TRIM-1,STN-02,2026-03-04 05:32,ENG-1304,SUP-199,EMP237,TL-083,A,Valid,Valid
M10435,*************3435,WO13435,Hatch Z,GA-2,STN-04,2026-03-04 05:33,ENG-1175,SUP-160,EMP150,TL-076,B,Valid,Valid
M10436,*************3436,WO13436,Sedan X,TRIM-1,STN-04,2026-03-04 05:35,ENG-1038,SUP-180,EMP217,TL-013,,Valid,Valid
M10437,*************3437,WO13437,SUV Pro,GA-2,STN-05,2026-03-04 05:36,ENG-1205,SUP-033,EMP316,TL-036,,Valid,Valid
M10438,*************3438,WO13438,SUV Pro,GA-2,STN-05,2026-03-04 05:37,ENG-1436,SUP-131,EMP304,TL-033,,Valid,Valid
M10439,*************3439,WO13439,Sedan X,GA-2,STN-05,2026-03-04 05:38,ENG-1013,SUP-159,EMP317,TL-016,,Valid,Valid
M10440,*************3440,WO13440,Sedan X,GA-1,STN-01,2026-03-04 05:40,ENG-1292,SUP-152,EMP181,TL-085,C,Valid,Valid
M10441,*************3441,WO13441,SUV Pro,GA-2,STN-03,2026-03-04 05:41,ENG-1031,SUP-049,EMP185,TL-091,A,Valid,Valid
M10442,*************3442,WO13442,Sedan X,PAINT-1,STN-05,2026-03-04 05:42,ENG-1117,SUP-085,EMP281,TL-002,C,Valid,Valid
M10443,*************3443,WO13443,Sedan X,PAINT-1,STN-02,2026-03-04 05:43,ENG-1368,SUP-198,EMP171,TL-013,A,Valid,Valid
M10444,*************3444,WO13444,SUV Pro,GA-2,STN-05,2026-03-04 05:45,ENG-1430,SUP-013,EMP364,TL-057,,Valid,Valid
M10445,*************3445,WO13445,Hatch Z,TRIM-1,STN-05,2026-03-04 05:46,ENG-1071,SUP-067,EMP338,TL-078,B,Valid,Valid
M10446,*************3446,WO13446,SUV Pro,PAINT-1,STN-03,2026-03-04 05:47,ENG-1067,SUP-040,EMP147,TL-065,B,Valid,Valid
M10447,*************3447,WO13447,Hatch Z,PAINT-1,STN-05,2026-03-04 05:48,ENG-1408,SUP-173,EMP264,TL-090,A,Valid,Valid
M10448,*************3448,WO13448,Hatch Z,GA-2,STN-05,2026-03-04 05:50,ENG-1474,SUP-002,EMP254,TL-099,,Valid,Valid
M10449,*************3449,WO13449,SUV Pro,GA-1,STN-04,2026-03-04 05:51,ENG-1252,SUP-163,EMP295,TL-074,B,Valid,Valid
M10450,*************3450,WO13450,Sedan X,GA-2,STN-03,2026-03-04 05:52,ENG-1087,SUP-151,EMP385,TL-056,C,Valid,Valid
M10451,*************3451,WO13451,Sedan X,PAINT-1,STN-03,2026-03-04 05:53,ENG-1316,SUP-015,EMP184,TL-044,,Valid,Valid
M10452,*************3452,WO13452,Hatch Z,PAINT-1,STN-04,2026-03-04 05:55,ENG-1140,SUP-015,EMP366,TL-043,C,Valid,Valid
M10453,*************3453,WO13453,Hatch Z,GA-2,STN-03,2026-03-04 05:56,ENG-1378,SUP-139,EMP187,TL-100,C,Valid,Valid
M10454,*************3454,WO13454,Hatch Z,TRIM-1,STN-05,2026-03-04 05:57,ENG-1406,SUP-123,EMP169,TL-052,B,Valid,Valid
M10455,*************3455,WO13455,Sedan X,PAINT-1,STN-04,2026-03-04 05:58,ENG-1246,SUP-033,EMP399,TL-100,B,Valid,Valid
M10456,*************3456,WO13456,SUV Pro,PAINT-1,STN-02,2026-03-04 06:00,ENG-1441,SUP-200,EMP263,TL-095,C,Valid,Valid
M10457,*************3457,WO13457,Sedan X,TRIM-1,STN-02,2026-03-04 06:01,ENG-1284,SUP-041,EMP188,TL-024,C,Valid,Valid
M10458,*************3458,WO13458,Sedan X,GA-1,STN-05,2026-03-04 06:02,ENG-1093,SUP-091,EMP307,TL-022,C,Valid,Valid
M10459,*************3459,WO13459,SUV Pro,GA-2,STN-05,2026-03-04 06:03,ENG-1210,SUP-049,EMP228,TL-024,A,Valid,Valid
M10460,*************3460,WO13460,Sedan X,GA-2,STN-03,2026-03-04 06:05,ENG-1083,SUP-063,EMP240,TL-012,C,Valid,Valid
M10461,*************3461,WO13461,Hatch Z,GA-2,STN-05,2026-03-04 06:06,ENG-1005,SUP-004,EMP313,TL-051,B,Valid,Valid
M10462,*************3462,WO13462,Hatch Z,TRIM-1,STN-01,2026-03-04 06:07,ENG-1068,SUP-105,EMP304,TL-001,C,Valid,Valid
M10463,*************3463,WO13463,SUV Pro,GA-1,STN-05,2026-03-04 06:08,ENG-1184,SUP-111,EMP199,TL-024,A,Valid,Valid
M10464,*************3464,WO13464,SUV Pro,PAINT-1,STN-05,2026-03-04 06:10,ENG-1020,SUP-005,EMP218,TL-079,A,Valid,Valid
M10465,*************3465,WO13465,Sedan X,GA-1,STN-05,2026-03-04 06:11,ENG-1112,SUP-063,EMP289,TL-098,B,Valid,Valid
M10466,*************3466,WO13466,Hatch Z,GA-2,STN-02,2026-03-04 06:12,ENG-1082,SUP-077,EMP337,TL-012,A,Valid,Valid
M10467,*************3467,WO13467,Hatch Z,GA-2,STN-04,2026-03-04 06:13,ENG-1436,SUP-002,EMP123,TL-054,A,Valid,Valid
M10468,*************3468,WO13468,Hatch Z,GA-2,STN-04,2026-03-04 06:15,ENG-1248,SUP-169,EMP119,TL-042,,Valid,Valid
M10469,*************3469,WO13469,SUV Pro,TRIM-1,STN-01,2026-03-04 06:16,ENG-1472,SUP-176,EMP314,TL-008,,Valid,Valid
M10470,*************3470,WO13470,SUV Pro,GA-2,STN-04,2026-03-04 06:17,ENG-1144,SUP-056,EMP369,TL-092,C,Valid,Valid
M10471,*************3471,WO13471,Sedan X,GA-1,STN-05,2026-03-04 06:18,ENG-1166,SUP-059,EMP337,TL-023,B,Valid,Valid
M10472,*************3472,WO13472,SUV Pro,TRIM-1,STN-01,2026-03-04 06:20,ENG-1227,SUP-109,EMP175,TL-029,A,Valid,Valid
M10473,*************3473,WO13473,Sedan X,GA-2,STN-03,2026-03-04 06:21,ENG-1210,SUP-030,EMP106,TL-083,C,Valid,Valid
M10474,*************3474,WO13474,SUV Pro,GA-1,STN-04,2026-03-04 06:22,ENG-1153,SUP-036,EMP202,TL-092,A,Valid,Valid
M10475,*************3475,WO13475,SUV Pro,PAINT-1,STN-03,2026-03-04 06:23,ENG-1460,SUP-074,EMP159,TL-096,B,Valid,Valid
M10476,*************3476,WO13476,SUV Pro,GA-2,STN-04,2026-03-04 06:25,ENG-1240,SUP-169,EMP298,TL-067,C,Valid,Valid
M10477,*************3477,WO13477,SUV Pro,TRIM-1,STN-03,2026-03-04 06:26,ENG-1016,SUP-109,EMP206,TL-033,C,Valid,Valid
M10478,*************3478,WO13478,Sedan X,GA-1,STN-03,2026-03-04 06:27,ENG-1142,SUP-110,EMP135,TL-061,C,Valid,Valid
M10479,*************3479,WO13479,SUV Pro,GA-1,STN-05,2026-03-04 06:28,ENG-1281,SUP-113,EMP110,TL-012,,Valid,Valid
M10480,*************3480,WO13480,Hatch Z,GA-2,STN-02,2026-03-04 06:30,ENG-1001,SUP-077,EMP193,TL-006,B,Valid,Valid
M10481,*************3481,WO13481,SUV Pro,GA-2,STN-04,2026-03-04 06:31,ENG-1157,SUP-069,EMP236,TL-010,,Valid,Valid
M10482,*************3482,WO13482,Sedan X,GA-2,STN-03,2026-03-04 06:32,ENG-1176,SUP-110,EMP271,TL-026,,Valid,Valid
M10483,*************3483,WO13483,Hatch Z,PAINT-1,STN-04,2026-03-04 06:33,ENG-1291,SUP-195,EMP105,TL-022,C,Valid,Valid
M10484,*************3484,WO13484,SUV Pro,PAINT-1,STN-05,2026-03-04 06:35,ENG-1115,SUP-097,EMP170,TL-054,A,Valid,Valid
M10485,*************3485,WO13485,SUV Pro,TRIM-1,STN-02,2026-03-04 06:36,ENG-1101,SUP-133,EMP322,TL-094,C,Valid,Valid
M10486,*************3486,WO13486,Sedan X,GA-1,STN-01,2026-03-04 06:37,ENG-1304,SUP-087,EMP216,TL-065,C,Valid,Valid
M10487,*************3487,WO13487,Hatch Z,PAINT-1,STN-04,2026-03-04 06:38,ENG-1379,SUP-069,EMP189,TL-012,,Valid,Valid
M10488,*************3488,WO13488,Hatch Z,PAINT-1,STN-02,2026-03-04 06:40,ENG-1164,SUP-200,EMP108,TL-005,B,Valid,Valid
M10489,*************3489,WO13489,SUV Pro,GA-1,STN-03,2026-03-04 06:41,ENG-1344,SUP-110,EMP125,TL-040,,Valid,Valid
M10490,*************3490,WO13490,Hatch Z,TRIM-1,STN-05,2026-03-04 06:42,ENG-1048,SUP-076,EMP213,TL-059,C,Valid,Valid
M10491,*************3491,WO13491,SUV Pro,GA-2,STN-04,2026-03-04 06:43,ENG-1026,SUP-102,EMP292,TL-011,,Valid,Valid
M10492,*************3492,WO13492,Hatch Z,PAINT-1,STN-04,2026-03-04 06:45,ENG-1131,SUP-107,EMP339,TL-017,,Valid,Valid
M10493,*************3493,WO13493,Sedan X,TRIM-1,STN-05,2026-03-04 06:46,ENG-1473,SUP-018,EMP288,TL-085,C,Valid,Valid
M10494,*************3494,WO13494,Hatch Z,GA-1,STN-05,2026-03-04 06:47,ENG-1190,SUP-133,EMP392,TL-005,A,Valid,Valid
M10495,*************3495,WO13495,Sedan X,TRIM-1,STN-04,2026-03-04 06:48,ENG-1473,SUP-179,EMP185,TL-074,A,Valid,Valid
M10496,*************3496,WO13496,Sedan X,PAINT-1,STN-03,2026-03-04 06:50,ENG-1020,SUP-179,EMP332,TL-084,,Valid,Valid
M10497,*************3497,WO13497,Sedan X,PAINT-1,STN-02,2026-03-04 06:51,ENG-1186,SUP-106,EMP319,TL-005,C,Valid,Valid
M10498,*************3498,WO13498,Sedan X,GA-2,STN-05,2026-03-04 06:52,ENG-1126,SUP-114,EMP236,TL-055,B,Valid,Valid
M10499,*************3499,WO13499,Sedan X,GA-1,STN-04,2026-03-04 06:53,ENG-1247,SUP-166,EMP325,TL-086,B,Valid,Valid
M10500,*************3500,WO13500,Sedan X,TRIM-1,STN-04,2026-03-04 06:55,ENG-1358,SUP-031,EMP380,TL-018,B,Valid,Valid
M10501,*************3501,WO13501,Hatch Z,GA-2,STN-04,2026-03-04 06:56,ENG-1210,SUP-122,EMP394,TL-083,C,Valid,Valid
M10502,*************3502,WO13502,Sedan X,GA-1,STN-03,2026-03-04 06:57,ENG-1262,SUP-116,EMP360,TL-083,,Valid,Valid
M10503,*************3503,WO13503,SUV Pro,GA-2,STN-05,2026-03-04 06:58,ENG-1389,SUP-085,EMP123,TL-050,,Valid,Valid
M10504,*************3504,WO13504,Sedan X,TRIM-1,STN-02,2026-03-04 07:00,ENG-1155,SUP-175,EMP186,TL-090,,Valid,Valid
M10505,*************3505,WO13505,SUV Pro,GA-1,STN-05,2026-03-04 07:01,ENG-1432,SUP-081,EMP265,TL-003,C,Valid,Valid
M10506,*************3506,WO13506,Hatch Z,GA-2,STN-02,2026-03-04 07:02,ENG-1424,SUP-031,EMP333,TL-008,C,Valid,Valid
M10507,*************3507,WO13507,Hatch Z,TRIM-1,STN-03,2026-03-04 07:03,ENG-1358,SUP-196,EMP139,TL-070,,Valid,Valid
M10508,*************3508,WO13508,Hatch Z,TRIM-1,STN-01,2026-03-04 07:05,ENG-1208,SUP-101,EMP205,TL-024,A,Valid,Valid
M10509,*************3509,WO13509,Sedan X,TRIM-1,STN-03,2026-03-04 07:06,ENG-1083,SUP-148,EMP107,TL-061,B,Valid,Valid
M10510,*************3510,WO13510,Hatch Z,GA-2,STN-03,2026-03-04 07:07,ENG-1428,SUP-131,EMP141,TL-087,B,Valid,Valid
M10511,*************3511,WO13511,SUV Pro,GA-1,STN-05,2026-03-04 07:08,ENG-1078,SUP-108,EMP265,TL-099,B,Valid,Valid
M10512,*************3512,WO13512,Sedan X,TRIM-1,STN-01,2026-03-04 07:10,ENG-1234,SUP-189,EMP103,TL-069,,Valid,Valid
M10513,*************3513,WO13513,SUV Pro,PAINT-1,STN-02,2026-03-04 07:11,ENG-1207,SUP-151,EMP249,TL-021,A,Valid,Valid
M10514,*************3514,WO13514,Sedan X,GA-2,STN-01,2026-03-04 07:12,ENG-1345,SUP-198,EMP221,TL-042,C,Valid,Valid
M10515,*************3515,WO13515,Hatch Z,GA-1,STN-01,2026-03-04 07:13,ENG-1144,SUP-092,EMP389,TL-079,,Valid,Valid
M10516,*************3516,WO13516,SUV Pro,GA-1,STN-04,2026-03-04 07:15,ENG-1306,SUP-046,EMP132,TL-079,C,Valid,Valid
M10517,*************3517,WO13517,Hatch Z,TRIM-1,STN-02,2026-03-04 07:16,ENG-1001,SUP-095,EMP232,TL-078,B,Valid,Valid
M10518,*************3518,WO13518,SUV Pro,GA-2,STN-05,2026-03-04 07:17,ENG-1467,SUP-132,EMP242,TL-085,B,Valid,Valid
M10519,*************3519,WO13519,Sedan X,GA-2,STN-03,2026-03-04 07:18,ENG-1446,SUP-178,EMP138,TL-060,A,Valid,Valid
M10520,*************3520,WO13520,SUV Pro,TRIM-1,STN-05,2026-03-04 07:20,ENG-1440,SUP-002,EMP297,TL-082,,Valid,Valid
M10521,*************3521,WO13521,Hatch Z,PAINT-1,STN-05,2026-03-04 07:21,ENG-1113,SUP-174,EMP158,TL-044,A,Valid,Valid
M10522,*************3522,WO13522,Sedan X,TRIM-1,STN-05,2026-03-04 07:22,ENG-1435,SUP-065,EMP397,TL-093,B,Valid,Valid
M10523,*************3523,WO13523,Hatch Z,GA-1,STN-03,2026-03-04 07:23,ENG-1000,SUP-052,EMP329,TL-100,A,Valid,Valid
M10524,*************3524,WO13524,Sedan X,TRIM-1,STN-01,2026-03-04 07:25,ENG-1479,SUP-154,EMP179,TL-053,C,Valid,Valid
M10525,*************3525,WO13525,Sedan X,TRIM-1,STN-01,2026-03-04 07:26,ENG-1104,SUP-008,EMP362,TL-081,A,Valid,Valid
M10526,*************3526,WO13526,Hatch Z,GA-1,STN-04,2026-03-04 07:27,ENG-1081,SUP-103,EMP176,TL-068,B,Valid,Valid
M10527,*************3527,WO13527,Hatch Z,TRIM-1,STN-05,2026-03-04 07:28,ENG-1089,SUP-167,EMP251,TL-039,C,Valid,Valid
M10528,*************3528,WO13528,Sedan X,GA-1,STN-04,2026-03-04 07:30,ENG-1075,SUP-133,EMP359,TL-085,C,Valid,Valid
M10529,*************3529,WO13529,Hatch Z,GA-2,STN-05,2026-03-04 07:31,ENG-1331,SUP-120,EMP241,TL-012,A,Valid,Valid
M10530,*************3530,WO13530,SUV Pro,GA-1,STN-04,2026-03-04 07:32,ENG-1479,SUP-152,EMP157,TL-093,,Valid,Valid
M10531,*************3531,WO13531,Sedan X,GA-2,STN-03,2026-03-04 07:33,ENG-1241,SUP-104,EMP300,TL-017,A,Valid,Valid
M10532,*************3532,WO13532,Hatch Z,GA-1,STN-05,2026-03-04 07:35,ENG-1068,SUP-005,EMP222,TL-080,A,Valid,Valid
M10533,*************3533,WO13533,SUV Pro,GA-1,STN-05,2026-03-04 07:36,ENG-1387,SUP-045,EMP315,TL-025,C,Valid,Valid
M10534,*************3534,WO13534,SUV Pro,PAINT-1,STN-02,2026-03-04 07:37,ENG-1166,SUP-153,EMP295,TL-081,B,Valid,Valid
M10535,*************3535,WO13535,Hatch Z,PAINT-1,STN-03,2026-03-04 07:38,ENG-1267,SUP-175,EMP348,TL-001,A,Valid,Valid
M10536,*************3536,WO13536,Sedan X,GA-1,STN-05,2026-03-04 07:40,ENG-1382,SUP-076,EMP173,TL-039,B,Valid,Valid
M10537,*************3537,WO13537,Hatch Z,PAINT-1,STN-02,2026-03-04 07:41,ENG-1208,SUP-153,EMP109,TL-075,A,Valid,Valid
M10538,*************3538,WO13538,Sedan X,GA-2,STN-04,2026-03-04 07:42,ENG-1186,SUP-064,EMP104,TL-024,C,Valid,Valid
M10539,*************3539,WO13539,Hatch Z,TRIM-1,STN-04,2026-03-04 07:43,ENG-1421,SUP-181,EMP130,TL-032,,Valid,Valid
M10540,*************3540,WO13540,Hatch Z,TRIM-1,STN-01,2026-03-04 07:45,ENG-1067,SUP-194,EMP250,TL-032,,Valid,Valid
M10541,*************3541,WO13541,SUV Pro,GA-2,STN-03,2026-03-04 07:46,ENG-1391,SUP-177,EMP257,TL-006,C,Valid,Valid
M10542,*************3542,WO13542,SUV Pro,GA-2,STN-05,2026-03-04 07:47,ENG-1391,SUP-109,EMP230,TL-065,A,Valid,Valid
M10543,*************3543,WO13543,Hatch Z,TRIM-1,STN-03,2026-03-04 07:48,ENG-1188,SUP-200,EMP242,TL-087,A,Valid,Valid
M10544,*************3544,WO13544,Sedan X,TRIM-1,STN-03,2026-03-04 07:50,ENG-1359,SUP-070,EMP361,TL-070,B,Valid,Valid
M10545,*************3545,WO13545,Sedan X,PAINT-1,STN-03,2026-03-04 07:51,ENG-1367,SUP-146,EMP331,TL-064,B,Valid,Valid
M10546,*************3546,WO13546,Hatch Z,PAINT-1,STN-03,2026-03-04 07:52,ENG-1480,SUP-183,EMP304,TL-053,B,Valid,Valid
M10547,*************3547,WO13547,Sedan X,GA-2,STN-02,2026-03-04 07:53,ENG-1219,SUP-010,EMP295,TL-052,,Valid,Valid
M10548,*************3548,WO13548,Hatch Z,TRIM-1,STN-03,2026-03-04 07:55,ENG-1299,SUP-019,EMP166,TL-048,C,Valid,Valid
M10549,*************3549,WO13549,Hatch Z,TRIM-1,STN-03,2026-03-04 07:56,ENG-1454,SUP-171,EMP189,TL-018,A,Valid,Valid
M10550,*************3550,WO13550,SUV Pro,GA-2,STN-05,2026-03-04 07:57,ENG-1268,SUP-100,EMP194,TL-022,,Valid,Valid
M10551,*************3551,WO13551,Hatch Z,GA-2,STN-01,2026-03-04 07:58,ENG-1196,SUP-107,EMP303,TL-010,,Valid,Valid
M10552,*************3552,WO13552,Hatch Z,TRIM-1,STN-02,2026-03-04 08:00,ENG-1096,,EMP276,TL-049,B,Valid,Valid
M10553,*************3553,WO13553,Hatch Z,GA-2,STN-02,2026-03-04 08:01,ENG-1164,SUP-193,EMP383,TL-095,,Valid,Valid
M10554,*************3554,WO13554,SUV Pro,TRIM-1,STN-05,2026-03-04 08:02,ENG-1253,SUP-116,EMP195,TL-048,,Valid,Valid
M10555,*************3555,WO13555,Sedan X,PAINT-1,STN-01,2026-03-04 08:03,ENG-1126,SUP-066,EMP368,TL-023,A,Valid,Valid
M10556,*************3556,WO13556,Hatch Z,PAINT-1,STN-05,2026-03-04 08:05,ENG-1416,SUP-064,EMP148,TL-042,B,Valid,Valid
M10557,*************3557,WO13557,Hatch Z,GA-2,STN-03,2026-03-04 08:06,ENG-1306,SUP-022,EMP179,TL-017,,Valid,Valid
M10558,*************3558,WO13558,Sedan X,GA-1,STN-01,2026-03-04 08:07,ENG-1459,SUP-018,EMP248,TL-039,A,Valid,Valid
M10559,*************3559,WO13559,Hatch Z,TRIM-1,STN-04,2026-03-04 08:08,ENG-1075,SUP-158,EMP134,TL-040,B,Valid,Valid
M10560,*************3560,WO13560,Sedan X,PAINT-1,STN-05,2026-03-04 08:10,ENG-1479,SUP-145,EMP136,TL-028,C,Valid,Valid
M10561,*************3561,WO13561,Sedan X,GA-1,STN-02,2026-03-04 08:11,ENG-1264,SUP-148,EMP353,TL-042,B,Valid,Valid
M10562,*************3562,WO13562,Hatch Z,TRIM-1,STN-02,2026-03-04 08:12,ENG-1016,SUP-152,EMP376,TL-056,C,Valid,Valid
M10563,*************3563,WO13563,Hatch Z,TRIM-1,STN-03,2026-03-04 08:13,ENG-1081,SUP-191,EMP169,TL-038,A,Valid,Valid
M10564,*************3564,WO13564,SUV Pro,GA-2,STN-01,2026-03-04 08:15,ENG-1265,SUP-047,EMP219,TL-044,B,Valid,Valid
M10565,*************3565,WO13565,Sedan X,TRIM-1,STN-04,2026-03-04 08:16,ENG-1219,SUP-156,EMP152,TL-080,C,Valid,Valid
M10566,*************3566,WO13566,Hatch Z,TRIM-1,STN-02,2026-03-04 08:17,ENG-1468,SUP-146,EMP379,TL-005,C,Valid,Valid
M10567,*************3567,WO13567,SUV Pro,GA-2,STN-01,2026-03-04 08:18,ENG-1043,SUP-122,EMP286,TL-032,A,Valid,Valid
M10568,*************3568,WO13568,SUV Pro,TRIM-1,STN-04,2026-03-04 08:20,ENG-1051,SUP-135,EMP320,TL-074,C,Valid,Valid
M10569,*************3569,WO13569,SUV Pro,GA-2,STN-03,2026-03-04 08:21,ENG-1391,SUP-167,EMP248,TL-001,C,Valid,Valid
M10570,*************3570,WO13570,Sedan X,PAINT-1,STN-04,2026-03-04 08:22,ENG-1131,SUP-031,EMP183,TL-041,B,Valid,Valid
M10571,*************3571,WO13571,Sedan X,GA-2,STN-04,2026-03-04 08:23,ENG-1338,SUP-159,EMP261,TL-052,A,Valid,Valid
M10572,*************3572,WO13572,Sedan X,GA-1,STN-04,2026-03-04 08:25,ENG-1250,SUP-127,EMP200,TL-083,B,Valid,Valid
M10573,*************3573,WO13573,Sedan X,TRIM-1,STN-03,2026-03-04 08:26,ENG-1031,SUP-058,EMP314,TL-012,B,Valid,Valid
M10574,*************3574,WO13574,Sedan X,GA-2,STN-05,2026-03-04 08:27,ENG-1170,SUP-160,EMP398,TL-077,A,Valid,Valid
M10575,*************3575,WO13575,Hatch Z,GA-2,STN-05,2026-03-04 08:28,ENG-1247,SUP-050,EMP207,TL-059,A,Valid,Valid
M10576,*************3576,WO13576,Sedan X,PAINT-1,STN-05,2026-03-04 08:30,ENG-1094,SUP-076,EMP258,TL-036,,Valid,Valid
M10577,*************3577,WO13577,SUV Pro,GA-1,STN-03,2026-03-04 08:31,ENG-1138,SUP-127,EMP320,TL-004,,Valid,Valid
M10578,*************3578,WO13578,Hatch Z,TRIM-1,STN-03,2026-03-04 08:32,ENG-1065,SUP-199,EMP215,TL-041,A,Valid,Valid
M10579,*************3579,WO13579,Sedan X,TRIM-1,STN-04,2026-03-04 08:33,ENG-1164,SUP-020,EMP136,TL-999,,Valid,Valid
M10580,*************3580,WO13580,Hatch Z,GA-1,STN-05,2026-03-04 08:35,ENG-1285,SUP-200,EMP282,TL-012,,Valid,Valid
M10581,*************3581,WO13581,Hatch Z,GA-2,STN-05,2026-03-04 08:36,ENG-1085,SUP-138,EMP277,TL-011,C,Valid,Valid
M10582,*************3582,WO13582,SUV Pro,TRIM-1,STN-02,2026-03-04 08:37,ENG-1497,SUP-066,EMP118,TL-078,A,Valid,Valid
M10583,*************3583,WO13583,Hatch Z,PAINT-1,STN-05,2026-03-04 08:38,ENG-1000,SUP-089,EMP277,TL-070,A,Valid,Valid
M10584,*************3584,WO13584,Hatch Z,GA-1,STN-03,2026-03-04 08:40,ENG-1458,SUP-116,EMP233,TL-035,,Valid,Valid
M10585,*************3585,WO13585,Hatch Z,PAINT-1,STN-02,2026-03-04 08:41,ENG-1308,SUP-171,EMP159,TL-051,A,Valid,Valid
M10586,*************3586,WO13586,Hatch Z,TRIM-1,STN-03,2026-03-04 08:42,ENG-1242,SUP-001,EMP125,TL-037,A,Valid,Valid
M10587,*************3587,WO13587,Hatch Z,GA-2,STN-03,2026-03-04 08:59,ENG-1410,SUP-004,EMP259,TL-041,C,Valid,Valid
M10588,*************3588,WO13588,Sedan X,PAINT-1,STN-01,2026-03-04 08:45,ENG-1389,SUP-064,EMP379,TL-020,B,Valid,Valid
M10589,*************3589,WO13589,Sedan X,GA-1,STN-05,2026-03-04 08:46,ENG-1107,SUP-151,EMP295,TL-051,B,Valid,Valid
M10590,*************3590,WO13590,Hatch Z,GA-1,STN-02,2026-03-04 08:47,ENG-1263,SUP-096,EMP378,TL-071,,Valid,Valid
M10591,*************3591,WO13591,Hatch Z,PAINT-1,STN-05,2026-03-04 08:48,ENG-1497,SUP-178,EMP110,TL-085,,Valid,Valid
M10592,*************3592,WO13592,Hatch Z,GA-1,STN-02,2026-03-04 08:50,ENG-1200,SUP-083,EMP180,TL-078,C,Valid,Valid
M10593,*************3593,WO13593,Sedan X,TRIM-1,STN-03,2026-03-04 08:51,ENG-1354,SUP-112,EMP205,TL-027,B,Valid,Valid
M10594,*************3594,WO13594,SUV Pro,TRIM-1,STN-02,2026-03-04 08:52,ENG-1102,SUP-015,EMP197,TL-078,,Valid,Valid
M10595,*************3595,WO13595,SUV Pro,PAINT-1,STN-03,2026-03-04 08:53,ENG-1010,SUP-129,EMP359,TL-007,,Valid,Valid
M10596,*************3596,WO13596,SUV Pro,GA-1,STN-05,2026-03-04 08:55,ENG-1368,SUP-155,EMP385,TL-062,A,Valid,Valid
M10597,*************3597,WO13597,Hatch Z,GA-2,STN-01,2026-03-04 08:56,ENG-1347,SUP-184,EMP160,TL-077,A,Valid,Valid
M10598,*************3598,WO13598,Hatch Z,PAINT-1,STN-03,2026-03-04 08:57,ENG-1113,SUP-021,EMP147,TL-026,B,Valid,Valid
M10599,*************3599,WO13599,SUV Pro,TRIM-1,STN-01,2026-03-04 08:58,ENG-1049,SUP-086,EMP375,TL-036,C,Valid,Valid
M10600,*************3600,WO13600,Hatch Z,GA-1,STN-03,2026-03-04 09:00,ENG-1083,SUP-103,EMP223,TL-024,A,Valid,Valid
M10601,*************3601,WO13601,Sedan X,TRIM-1,STN-01,2026-03-04 09:01,ENG-1151,SUP-117,EMP181,TL-019,A,Valid,Valid
M10602,*************3602,WO13602,SUV Pro,GA-2,STN-05,2026-03-04 09:02,ENG-1463,SUP-121,EMP103,TL-061,,Valid,Valid
M10603,*************3603,WO13603,SUV Pro,PAINT-1,STN-05,2026-03-04 09:03,ENG-1142,SUP-076,EMP345,TL-093,A,Valid,Valid
M10604,*************3604,WO13604,Hatch Z,GA-2,STN-05,2026-03-04 09:05,ENG-1458,SUP-051,EMP140,TL-057,A,Valid,Valid
M10605,*************3605,WO13605,SUV Pro,TRIM-1,STN-05,2026-03-04 09:06,ENG-1037,SUP-159,EMP393,TL-044,B,Valid,Valid
M10606,*************3606,WO13606,Hatch Z,PAINT-1,STN-04,2026-03-04 09:07,ENG-1448,SUP-125,EMP298,TL-053,B,Valid,Valid
M10607,*************3607,WO13607,SUV Pro,GA-2,STN-02,2026-03-04 09:08,ENG-1167,SUP-180,EMP395,TL-049,A,Valid,Valid
M10608,*************3608,WO13608,SUV Pro,GA-2,STN-01,2026-03-04 09:10,ENG-1070,SUP-192,EMP296,TL-010,C,Valid,Valid
M10609,*************3609,WO13609,Sedan X,GA-2,STN-03,2026-03-04 09:11,ENG-1248,SUP-143,EMP329,TL-001,B,Valid,Valid
M10610,*************3610,WO13610,SUV Pro,TRIM-1,STN-01,2026-03-04 09:12,ENG-1169,SUP-014,EMP301,TL-031,A,Valid,Valid
M10611,*************3611,WO13611,SUV Pro,TRIM-1,STN-02,2026-03-04 09:13,ENG-1222,SUP-003,EMP289,TL-006,B,Valid,Valid
M10612,*************3612,WO13612,Hatch Z,GA-1,STN-05,2026-03-04 09:15,ENG-1324,SUP-110,EMP236,TL-002,A,Valid,Valid
M10613,*************3613,WO13613,Sedan X,GA-2,STN-05,2026-03-04 09:16,ENG-1022,SUP-152,EMP160,TL-022,A,Valid,Valid
M10614,*************3614,WO13614,Hatch Z,GA-2,STN-05,2026-03-04 09:17,ENG-1014,SUP-037,EMP286,TL-018,A,Valid,Valid
M10615,*************3615,WO13615,Hatch Z,PAINT-1,STN-03,2026-03-04 09:18,ENG-1080,SUP-177,EMP202,TL-099,,Valid,Valid
M10616,*************3616,WO13616,SUV Pro,TRIM-1,STN-05,2026-03-04 09:20,ENG-1305,SUP-094,EMP218,TL-015,B,Valid,Valid
M10617,*************3617,WO13617,SUV Pro,GA-1,STN-01,2026-03-04 09:21,ENG-1319,SUP-184,EMP373,TL-056,A,Valid,Valid
M10618,*************3618,WO13618,Sedan X,TRIM-1,STN-03,2026-03-04 09:22,ENG-1469,SUP-127,EMP251,TL-085,C,Valid,Valid
M10619,*************3619,WO13619,SUV Pro,PAINT-1,STN-05,2026-03-04 09:23,ENG-1302,SUP-036,EMP122,TL-041,C,Valid,Valid
M10620,*************3620,WO13620,Hatch Z,PAINT-1,STN-05,2026-03-04 09:25,ENG-1146,SUP-085,EMP215,TL-066,A,Valid,Valid
M10621,*************3621,WO13621,Sedan X,GA-1,STN-05,2026-03-04 09:26,ENG-1287,SUP-031,EMP380,TL-077,,Valid,Valid
M10622,*************3622,WO13622,SUV Pro,PAINT-1,STN-05,2026-03-04 09:27,ENG-1108,SUP-073,EMP244,TL-098,C,Valid,Valid
M10623,*************3623,WO13623,SUV Pro,TRIM-1,STN-02,2026-03-04 09:28,ENG-1443,SUP-043,EMP289,TL-020,A,Valid,Valid
M10624,*************3624,WO13624,SUV Pro,TRIM-1,STN-01,2026-03-04 09:30,ENG-1161,SUP-180,EMP308,TL-049,A,Valid,Valid
M10625,*************3625,WO13625,Sedan X,TRIM-1,STN-01,2026-03-04 09:31,ENG-1001,SUP-108,EMP171,TL-040,,Valid,Valid
M10626,*************3626,WO13626,Sedan X,TRIM-1,STN-01,2026-03-04 09:32,ENG-1151,SUP-115,EMP178,TL-097,,Valid,Valid
M10627,*************3627,WO13627,SUV Pro,GA-1,STN-02,2026-03-04 09:33,ENG-1100,SUP-091,EMP132,TL-047,C,Valid,Valid
M10628,*************3628,WO13628,Sedan X,GA-1,STN-03,2026-03-04 09:35,ENG-1488,SUP-051,EMP102,TL-009,,Valid,Valid
M10629,*************3629,WO13629,Sedan X,GA-1,STN-04,2026-03-04 09:36,ENG-1254,SUP-025,EMP261,TL-055,A,Valid,Valid
M10630,*************3630,WO13630,SUV Pro,TRIM-1,STN-05,2026-03-04 09:37,ENG-1031,SUP-096,EMP166,TL-023,C,Valid,Valid
M10631,*************3631,WO13631,SUV Pro,GA-1,STN-02,2026-03-04 09:38,ENG-1125,SUP-152,EMP267,TL-040,,Valid,Valid
M10632,*************3632,WO13632,Hatch Z,PAINT-1,STN-01,2026-03-04 09:40,ENG-1363,SUP-097,EMP235,TL-094,C,Valid,Valid
M10633,*************3633,WO13633,Sedan X,GA-1,STN-05,2026-03-04 09:41,ENG-1415,SUP-082,EMP339,TL-075,A,Valid,Valid
M10634,*************3634,WO13634,SUV Pro,TRIM-1,STN-01,2026-03-04 09:42,ENG-1293,SUP-189,EMP140,TL-098,,Valid,Valid
M10635,*************3635,WO13635,SUV Pro,PAINT-1,STN-03,2026-03-04 09:43,ENG-1367,SUP-104,EMP397,TL-028,,Valid,Valid
M10636,*************3636,WO13636,SUV Pro,TRIM-1,STN-01,2026-03-04 09:45,ENG-1283,SUP-061,EMP199,TL-042,,Valid,Valid
M10637,*************3637,WO13637,SUV Pro,TRIM-1,STN-04,2026-03-04 09:46,ENG-1280,SUP-002,EMP291,TL-088,,Valid,Valid
M10638,*************3638,WO13638,Sedan X,GA-2,STN-02,2026-03-04 09:47,ENG-1381,SUP-178,EMP344,TL-061,A,Valid,Valid
M10639,*************3639,WO13639,Hatch Z,PAINT-1,STN-02,2026-03-04 09:48,ENG-1438,SUP-002,EMP151,TL-073,B,Valid,Valid
M10640,*************3640,WO13640,Sedan X,GA-1,STN-05,2026-03-04 09:50,ENG-1184,SUP-111,EMP350,TL-031,B,Valid,Valid
M10641,*************3641,WO13641,Sedan X,GA-2,STN-05,2026-03-04 09:51,ENG-1361,SUP-155,EMP345,TL-028,B,Valid,Valid
M10642,*************3642,WO13642,Sedan X,TRIM-1,STN-03,2026-03-04 09:52,ENG-1132,SUP-011,EMP195,TL-072,B,Valid,Valid
M10643,*************3643,WO13643,SUV Pro,GA-2,STN-03,2026-03-04 09:53,ENG-1083,SUP-102,EMP335,TL-049,B,Valid,Valid
M10644,*************3644,WO13644,SUV Pro,GA-2,STN-04,2026-03-04 09:55,ENG-1242,SUP-061,EMP181,TL-029,C,Valid,Valid
M10645,*************3645,WO13645,Hatch Z,GA-2,STN-01,2026-03-04 09:56,ENG-1069,SUP-062,EMP193,TL-003,A,Valid,Valid
M10646,*************3646,WO13646,SUV Pro,GA-1,STN-01,2026-03-04 09:57,ENG-1216,SUP-158,EMP196,TL-030,B,Valid,Valid
M10647,*************3647,WO13647,Hatch Z,PAINT-1,STN-03,2026-03-04 09:58,ENG-1070,SUP-055,EMP252,TL-064,A,Valid,Valid
M10648,*************3648,WO13648,Hatch Z,GA-2,STN-05,2026-03-04 10:00,ENG-1004,SUP-173,EMP347,TL-043,C,Valid,Valid
M10649,*************3649,WO13649,Sedan X,PAINT-1,STN-03,2026-03-04 10:01,ENG-1137,SUP-177,EMP275,TL-017,,Valid,Valid
M10650,*************3650,WO13650,Sedan X,TRIM-1,STN-03,2026-03-04 10:02,ENG-1223,SUP-146,EMP135,TL-026,B,Valid,Valid
M10651,*************3651,WO13651,Sedan X,GA-1,STN-01,2026-03-04 10:03,ENG-1366,SUP-101,EMP245,TL-032,B,Valid,Valid
M10652,*************3652,WO13652,Hatch Z,GA-2,STN-02,2026-03-04 10:05,ENG-1396,SUP-195,EMP321,TL-081,B,Valid,Valid
M10653,*************3653,WO13653,Sedan X,TRIM-1,STN-04,2026-03-04 10:06,ENG-1239,SUP-120,EMP211,TL-027,A,Valid,Valid
M10654,*************3654,WO13654,SUV Pro,GA-1,STN-04,2026-03-04 10:07,ENG-1205,SUP-077,EMP344,TL-004,,Valid,Valid
M10655,*************3655,WO13655,Sedan X,GA-2,STN-05,2026-03-04 10:08,ENG-1185,SUP-014,EMP221,TL-049,A,Valid,Valid
M10656,*************3656,WO13656,SUV Pro,PAINT-1,STN-02,2026-03-04 10:10,ENG-1319,SUP-129,EMP255,TL-018,C,Valid,Valid
M10657,*************3657,WO13657,Sedan X,GA-1,STN-05,2026-03-04 10:11,ENG-1242,SUP-182,EMP252,TL-094,A,Valid,Valid
M10658,*************3658,WO13658,Sedan X,TRIM-1,STN-03,2026-03-04 10:12,ENG-1009,SUP-173,EMP322,TL-061,C,Valid,Valid
M10659,*************3659,WO13659,Hatch Z,GA-2,STN-04,2026-03-04 10:13,ENG-1232,SUP-108,EMP170,TL-048,A,Valid,Valid
M10660,*************3660,WO13660,SUV Pro,GA-2,STN-01,2026-03-04 10:15,ENG-1431,SUP-011,EMP225,TL-091,,Valid,Valid
M10661,*************3661,WO13661,Sedan X,PAINT-1,STN-05,2026-03-04 10:16,ENG-1433,SUP-104,EMP234,TL-053,A,Valid,Valid
M10662,*************3662,WO13662,SUV Pro,TRIM-1,STN-03,2026-03-04 10:17,ENG-1161,SUP-153,EMP348,TL-083,B,Valid,Valid
M10663,,WO13663,Sedan X,GA-2,STN-05,2026-03-04 10:18,ENG-1357,SUP-198,EMP392,TL-087,,Valid,Invalid
M10664,*************3664,WO13664,Hatch Z,PAINT-1,STN-03,2026-03-04 10:20,ENG-1306,SUP-020,EMP231,TL-077,,Valid,Valid
M10665,*************3665,WO13665,Sedan X,PAINT-1,STN-03,2026-03-04 10:21,ENG-1160,SUP-004,EMP244,TL-077,B,Valid,Valid
M10666,*************3666,WO13666,Sedan X,TRIM-1,STN-03,2026-03-04 10:22,ENG-1446,SUP-112,EMP251,TL-028,B,Valid,Valid
M10667,*************3667,WO13667,Sedan X,GA-2,STN-05,2026-03-04 10:23,ENG-1131,SUP-098,EMP151,TL-017,A,Valid,Valid
M10668,*************3668,WO13668,Sedan X,GA-1,STN-05,2026-03-04 10:25,ENG-1443,SUP-027,EMP268,TL-079,C,Valid,Valid
M10669,*************3669,WO13669,Hatch Z,PAINT-1,STN-02,2026-03-04 10:26,ENG-1128,SUP-005,EMP102,TL-090,A,Valid,Valid
M10670,*************3670,WO13670,Sedan X,TRIM-1,STN-04,2026-03-04 10:27,ENG-1379,SUP-179,EMP183,TL-018,B,Valid,Valid
M10671,*************3671,WO13671,Hatch Z,PAINT-1,STN-04,2026-03-04 10:28,ENG-1153,SUP-045,EMP182,TL-044,,Valid,Valid
M10672,*************3672,WO13672,Hatch Z,TRIM-1,STN-05,2026-03-04 10:30,ENG-1258,SUP-179,EMP351,TL-009,B,Valid,Valid
M10673,*************3673,WO13673,Sedan X,GA-2,STN-04,2026-03-04 10:31,ENG-1269,SUP-165,EMP379,TL-084,,Valid,Valid
M10674,*************3674,WO13674,Sedan X,PAINT-1,STN-05,2026-03-04 10:32,ENG-1279,SUP-075,EMP134,TL-050,A,Valid,Valid
M10675,*************3675,WO13675,SUV Pro,GA-1,STN-05,2026-03-04 10:33,ENG-1102,SUP-179,EMP230,TL-074,C,Valid,Valid
M10676,*************3676,WO13676,SUV Pro,PAINT-1,STN-04,2026-03-04 10:35,ENG-1382,SUP-148,EMP374,TL-035,,Valid,Valid
M10677,*************3677,WO13677,Sedan X,PAINT-1,STN-05,2026-03-04 10:36,ENG-1219,SUP-176,EMP327,TL-080,C,Valid,Valid
M10678,*************3678,WO13678,Hatch Z,TRIM-1,STN-02,2026-03-04 10:37,ENG-1452,SUP-174,EMP377,TL-031,A,Valid,Valid
M10679,*************3679,WO13679,Hatch Z,TRIM-1,STN-02,2026-03-04 10:38,ENG-1103,SUP-102,EMP161,TL-007,A,Valid,Valid
M10680,*************3680,WO13680,Hatch Z,GA-2,STN-04,2026-03-04 10:40,ENG-1042,SUP-099,EMP305,TL-017,A,Valid,Valid
M10681,*************3681,WO13681,Sedan X,TRIM-1,STN-03,2026-03-04 10:41,ENG-1182,SUP-082,EMP330,TL-088,,Valid,Valid
M10682,*************3682,WO13682,SUV Pro,PAINT-1,STN-04,2026-03-04 10:42,ENG-1340,SUP-134,EMP304,TL-042,C,Valid,Valid
M10683,*************3683,WO13683,SUV Pro,TRIM-1,STN-03,2026-03-04 10:43,ENG-1051,SUP-045,EMP230,TL-061,,Valid,Valid
M10684,*************3684,WO13684,SUV Pro,GA-1,STN-01,2026-03-04 10:45,ENG-1026,SUP-099,EMP368,TL-058,C,Valid,Valid
M10685,*************3685,WO13685,Hatch Z,TRIM-1,STN-03,2026-03-04 10:46,ENG-1271,SUP-034,EMP249,TL-088,A,Valid,Valid
M10686,*************3686,WO13686,SUV Pro,GA-1,STN-04,2026-03-04 10:47,ENG-1195,SUP-091,EMP230,TL-042,A,Valid,Valid
M10687,*************3687,WO13687,Sedan X,GA-2,STN-03,2026-03-04 10:48,ENG-1441,SUP-078,EMP233,TL-009,,Valid,Valid
M10688,*************3688,WO13688,SUV Pro,GA-1,STN-02,2026-03-04 10:50,ENG-1410,SUP-052,EMP203,TL-068,,Valid,Valid
M10689,*************3689,WO13689,Hatch Z,TRIM-1,STN-01,2026-03-04 10:51,ENG-1262,SUP-199,EMP219,TL-041,,Valid,Valid
M10690,*************3690,WO13690,Sedan X,GA-1,STN-04,2026-03-04 10:52,ENG-1010,SUP-063,EMP309,TL-025,A,Valid,Valid
M10691,*************3691,WO13691,Hatch Z,PAINT-1,STN-03,2026-03-04 10:53,ENG-1479,SUP-069,EMP178,TL-028,,Valid,Valid
M10692,*************3692,WO13692,Sedan X,GA-2,STN-01,2026-03-04 10:55,ENG-1408,SUP-178,EMP270,TL-094,A,Valid,Valid
M10693,*************3693,WO13693,Hatch Z,GA-2,STN-01,2026-03-04 10:56,ENG-1311,SUP-199,EMP242,TL-096,A,Valid,Valid
M10694,*************3694,WO13694,Sedan X,PAINT-1,STN-05,2026-03-04 10:57,ENG-1296,SUP-004,EMP398,TL-099,,Valid,Valid
M10695,*************3695,WO13695,Hatch Z,GA-1,STN-03,2026-03-04 10:58,ENG-1310,SUP-122,EMP348,TL-074,,Valid,Valid
M10696,*************3696,WO13696,Sedan X,PAINT-1,STN-03,2026-03-04 11:00,ENG-1078,SUP-143,EMP237,TL-015,B,Valid,Valid
M10697,*************3697,WO13697,SUV Pro,TRIM-1,STN-05,2026-03-04 11:01,ENG-1138,SUP-135,EMP106,TL-039,C,Valid,Valid
M10698,*************3698,WO13698,Sedan X,TRIM-1,STN-02,2026-03-04 11:02,ENG-1181,SUP-193,EMP293,TL-097,,Valid,Valid
M10699,*************3699,WO13699,SUV Pro,GA-1,STN-05,2026-03-04 11:03,ENG-1164,SUP-128,EMP214,TL-074,C,Valid,Valid
M10700,*************3700,WO13700,Hatch Z,GA-1,STN-03,2026-03-04 11:05,ENG-1299,SUP-161,EMP380,TL-006,B,Valid,Valid
M10701,*************3701,WO13701,Hatch Z,TRIM-1,STN-01,2026-03-04 11:06,ENG-1086,SUP-184,EMP228,TL-035,B,Valid,Valid
M10702,*************3702,WO13702,Hatch Z,GA-1,STN-03,2026-03-04 11:07,ENG-1119,SUP-024,EMP281,TL-068,B,Valid,Valid
M10703,*************3703,WO13703,SUV Pro,PAINT-1,STN-05,2026-03-04 11:08,ENG-1430,SUP-005,EMP339,TL-025,C,Valid,Valid
M10704,*************3704,WO13704,Sedan X,GA-1,STN-02,2026-03-04 11:10,ENG-1049,SUP-145,EMP325,TL-086,,Valid,Valid
M10705,*************3705,WO13705,SUV Pro,PAINT-1,STN-05,2026-03-04 11:11,ENG-1223,SUP-118,EMP285,TL-079,C,Valid,Valid
M10706,*************3706,WO13706,Sedan X,PAINT-1,STN-01,2026-03-04 11:12,ENG-1262,SUP-109,EMP236,TL-088,B,Valid,Valid
M10707,*************3707,WO13707,Sedan X,GA-1,STN-05,2026-03-04 11:13,ENG-1267,SUP-194,EMP166,TL-078,C,Valid,Valid
M10708,*************3708,WO13708,Hatch Z,TRIM-1,STN-05,2026-03-04 11:15,ENG-1263,SUP-071,EMP154,TL-074,,Valid,Valid
M10709,*************3709,WO13709,Sedan X,GA-2,STN-05,2026-03-04 11:16,ENG-1392,SUP-057,EMP186,TL-055,A,Valid,Valid
M10710,*************3710,WO13710,Hatch Z,PAINT-1,STN-05,2026-03-04 11:17,ENG-1280,SUP-097,EMP243,TL-022,,Valid,Valid
M10711,*************3711,WO13711,SUV Pro,TRIM-1,STN-03,2026-03-04 11:18,ENG-1475,SUP-133,EMP207,TL-013,,Valid,Valid
M10712,*************3712,WO13712,Sedan X,GA-1,STN-04,2026-03-04 11:20,ENG-1206,SUP-047,EMP209,TL-085,A,Valid,Valid
M10713,*************3713,WO13713,SUV Pro,GA-1,STN-03,2026-03-04 11:21,ENG-1271,SUP-196,EMP146,TL-060,B,Valid,Valid
M10714,*************3714,WO13714,SUV Pro,GA-2,STN-04,2026-03-04 11:22,ENG-1421,SUP-093,EMP274,TL-073,C,Valid,Valid
M10715,*************3715,WO13715,SUV Pro,GA-1,STN-04,2026-03-04 11:23,ENG-1475,SUP-040,EMP220,TL-018,,Valid,Valid
M10716,*************3716,WO13716,Hatch Z,GA-2,STN-02,2026-03-04 11:25,ENG-1334,SUP-122,EMP160,TL-058,A,Valid,Valid
M10717,*************3717,WO13717,Sedan X,GA-2,STN-02,2026-03-04 11:26,ENG-1241,SUP-174,EMP393,TL-008,A,Valid,Valid
M10718,*************3718,WO13718,Hatch Z,TRIM-1,STN-03,2026-03-04 11:27,ENG-1421,SUP-070,EMP377,TL-081,,Valid,Valid
M10719,*************3719,WO13719,Sedan X,PAINT-1,STN-03,2026-03-04 11:28,ENG-1238,SUP-115,EMP397,TL-042,C,Valid,Valid
M10720,*************3720,WO13720,Sedan X,TRIM-1,STN-04,2026-03-04 11:30,ENG-1254,SUP-081,EMP260,TL-026,A,Valid,Valid
M10721,*************3721,WO13721,Hatch Z,GA-1,STN-03,2026-03-04 11:31,ENG-1231,SUP-192,EMP207,TL-060,A,Valid,Valid
M10722,*************3722,WO13722,SUV Pro,GA-1,STN-03,2026-03-04 11:32,ENG-1252,SUP-155,EMP129,TL-072,C,Valid,Valid
M10723,*************3723,WO13723,SUV Pro,TRIM-1,STN-02,2026-03-04 11:33,ENG-1207,SUP-141,EMP207,TL-065,C,Valid,Valid
M10724,*************3724,WO13724,Hatch Z,TRIM-1,STN-04,2026-03-04 11:35,ENG-1105,SUP-135,EMP111,TL-020,A,Valid,Valid
M10725,*************3725,WO13725,Hatch Z,TRIM-1,STN-04,2026-03-04 11:36,ENG-1040,SUP-039,EMP221,TL-076,,Valid,Valid
M10726,*************3726,WO13726,Hatch Z,GA-1,STN-02,2026-03-04 11:37,ENG-1058,SUP-162,EMP114,TL-081,C,Valid,Valid
M10727,*************3727,WO13727,Hatch Z,GA-1,STN-05,2026-03-04 11:38,ENG-1449,SUP-140,EMP151,TL-020,,Valid,Valid
M10728,*************3728,WO13728,Hatch Z,GA-1,STN-05,2026-03-04 11:40,ENG-1392,SUP-035,EMP113,TL-084,,Valid,Valid
M10729,*************3729,WO13729,Sedan X,TRIM-1,STN-04,2026-03-04 11:41,ENG-1366,SUP-195,EMP118,TL-016,A,Valid,Valid
M10730,*************3730,WO13730,SUV Pro,GA-2,STN-02,2026-03-04 11:42,ENG-1246,SUP-200,EMP175,TL-076,B,Valid,Valid
M10731,*************3731,WO13731,SUV Pro,GA-2,STN-02,2026-03-04 11:43,ENG-1140,SUP-181,EMP361,TL-085,,Valid,Valid
M10732,*************3732,WO13732,Hatch Z,PAINT-1,STN-05,2026-03-04 11:45,ENG-1461,SUP-117,EMP123,TL-032,C,Valid,Valid
M10733,*************3733,WO13733,Sedan X,TRIM-1,STN-04,2026-03-04 11:46,ENG-1167,SUP-118,EMP361,TL-079,,Valid,Valid
M10734,*************3734,WO13734,Hatch Z,GA-2,STN-02,2026-03-04 11:47,ENG-1173,SUP-091,EMP328,TL-002,,Valid,Valid
M10735,*************3735,WO13735,SUV Pro,GA-2,STN-05,2026-03-04 11:48,ENG-1051,SUP-197,EMP187,TL-085,B,Valid,Valid
M10736,*************3736,WO13736,Sedan X,PAINT-1,STN-03,2026-03-04 11:50,ENG-1174,SUP-162,EMP121,TL-088,C,Valid,Valid
M10737,*************3737,WO13737,SUV Pro,GA-1,STN-03,2026-03-04 11:51,ENG-1065,SUP-165,EMP147,TL-068,,Valid,Valid
M10738,*************3738,WO13738,Hatch Z,GA-2,STN-05,2026-03-04 11:52,ENG-1140,SUP-182,EMP243,TL-034,A,Valid,Valid
M10739,*************3739,WO13739,SUV Pro,PAINT-1,STN-05,2026-03-04 11:53,ENG-1275,SUP-054,EMP153,TL-010,C,Valid,Valid
M10740,*************3740,WO13740,Sedan X,PAINT-1,STN-04,2026-03-04 11:55,ENG-1486,SUP-014,EMP152,TL-097,B,Valid,Valid
M10741,*************3741,WO13741,Sedan X,PAINT-1,STN-03,2026-03-04 11:56,ENG-1025,SUP-051,EMP305,TL-069,,Valid,Valid
M10742,*************3742,WO13742,Sedan X,PAINT-1,STN-05,2026-03-04 11:57,ENG-1384,SUP-101,EMP373,TL-078,A,Valid,Valid
M10743,*************3743,WO13743,Hatch Z,GA-1,STN-05,2026-03-04 11:58,ENG-1327,SUP-113,EMP330,TL-080,,Valid,Valid
M10744,*************3744,WO13744,Hatch Z,GA-1,STN-03,2026-03-04 12:00,ENG-1451,SUP-037,EMP218,TL-082,C,Valid,Valid
M10745,*************3745,WO13745,Hatch Z,PAINT-1,STN-03,2026-03-04 12:01,ENG-1218,SUP-132,EMP249,TL-034,,Valid,Valid
M10746,*************3746,WO13746,SUV Pro,PAINT-1,STN-01,2026-03-04 12:02,ENG-1468,SUP-195,EMP218,TL-099,,Valid,Valid
M10747,*************3747,WO13747,Hatch Z,TRIM-1,STN-03,2026-03-04 12:03,ENG-1416,SUP-006,EMP133,TL-056,B,Valid,Valid
M10748,*************3748,WO13748,Sedan X,PAINT-1,STN-04,2026-03-04 12:05,ENG-1111,SUP-195,EMP355,TL-065,B,Valid,Valid
M10749,*************3749,WO13749,Sedan X,PAINT-1,STN-05,2026-03-04 12:06,ENG-1483,SUP-128,EMP287,TL-058,B,Valid,Valid
M10750,*************3750,WO13750,Hatch Z,GA-2,STN-05,2026-03-04 12:07,ENG-1224,SUP-060,EMP153,TL-066,,Valid,Valid
M10751,*************3751,WO13751,Hatch Z,GA-2,STN-05,2026-03-04 12:08,ENG-1019,SUP-035,EMP389,TL-012,C,Valid,Valid
M10752,*************3752,WO13752,Hatch Z,PAINT-1,STN-05,2026-03-04 12:10,ENG-1338,SUP-078,EMP183,TL-030,B,Valid,Valid
M10753,*************3753,WO13753,Sedan X,PAINT-1,STN-01,2026-03-04 12:11,ENG-1192,SUP-189,EMP290,TL-009,C,Valid,Valid
M10754,*************3754,WO13754,Hatch Z,PAINT-1,STN-05,2026-03-04 12:12,ENG-1126,SUP-150,EMP321,TL-050,A,Valid,Valid
M10755,*************3755,WO13755,SUV Pro,GA-2,STN-03,2026-03-04 12:13,ENG-1149,SUP-099,EMP341,TL-091,C,Valid,Valid
M10756,*************3756,WO13756,SUV Pro,GA-2,STN-05,2026-03-04 12:15,ENG-1062,SUP-089,EMP393,TL-046,C,Valid,Valid
M10757,*************3757,WO13757,Hatch Z,GA-1,STN-05,2026-03-04 12:16,ENG-1249,SUP-069,EMP158,TL-055,A,Valid,Valid
M10758,*************3758,WO13758,SUV Pro,GA-1,STN-03,2026-03-04 12:17,ENG-1006,SUP-042,EMP184,TL-010,A,Valid,Valid
M10759,*************3759,WO13759,SUV Pro,GA-1,STN-05,2026-03-04 12:18,ENG-1427,SUP-074,EMP150,TL-030,C,Valid,Valid
M10760,*************3760,WO13760,SUV Pro,TRIM-1,STN-04,2026-03-04 12:20,ENG-1357,SUP-015,EMP230,TL-072,B,Valid,Valid
M10761,*************3761,WO13761,Hatch Z,TRIM-1,STN-03,2026-03-04 12:21,ENG-1230,SUP-074,EMP113,TL-095,B,Valid,Valid
M10762,*************3762,WO13762,Hatch Z,GA-2,STN-05,2026-03-04 12:22,ENG-1207,SUP-074,EMP223,TL-026,A,Valid,Valid
M10763,*************3763,WO13763,Sedan X,TRIM-1,STN-03,2026-03-04 12:23,ENG-1324,SUP-090,EMP115,TL-074,,Valid,Valid
M10764,*************3764,WO13764,Hatch Z,GA-2,STN-01,2026-03-04 12:25,ENG-1285,SUP-049,EMP312,TL-049,,Valid,Valid
M10765,*************3765,WO13765,SUV Pro,GA-1,STN-05,2026-03-04 12:26,ENG-1382,SUP-097,EMP312,TL-053,,Valid,Valid
M10766,*************3766,WO13766,Sedan X,GA-1,STN-02,2026-03-04 12:27,ENG-1160,SUP-192,EMP301,TL-031,C,Valid,Valid
M10767,*************3767,WO13767,Sedan X,GA-1,STN-02,2026-03-04 12:28,ENG-1406,SUP-033,EMP168,TL-088,B,Valid,Valid
M10768,*************3768,WO13768,SUV Pro,GA-1,STN-01,2026-03-04 12:30,ENG-1460,SUP-054,EMP324,TL-055,B,Valid,Valid
M10769,*************3769,WO13769,SUV Pro,TRIM-1,STN-03,2026-03-04 12:31,ENG-1316,SUP-190,EMP108,TL-013,,Valid,Valid
M10770,*************3770,WO13770,SUV Pro,GA-1,STN-03,2026-03-04 12:32,ENG-1001,SUP-039,EMP255,TL-036,,Valid,Valid
M10771,*************3771,WO13771,Sedan X,PAINT-1,STN-03,2026-03-04 12:33,ENG-1013,SUP-158,EMP184,TL-028,B,Valid,Valid
M10772,*************3772,WO13772,SUV Pro,GA-1,STN-04,2026-03-04 12:35,ENG-1155,SUP-102,EMP284,TL-056,C,Valid,Valid
M10773,*************3773,WO13773,Sedan X,TRIM-1,STN-03,2026-03-04 12:36,ENG-1026,SUP-029,EMP381,TL-050,B,Valid,Valid
M10774,*************3774,WO13774,SUV Pro,GA-2,STN-04,2026-03-04 12:37,ENG-1111,,EMP134,TL-073,C,Valid,Valid
M10775,*************3775,WO13775,Hatch Z,TRIM-1,STN-05,2026-03-04 12:38,ENG-1324,SUP-086,EMP282,TL-075,B,Valid,Valid
M10776,*************3776,WO13776,Hatch Z,GA-2,STN-04,2026-03-04 12:40,ENG-1350,SUP-113,EMP292,TL-034,A,Valid,Valid
M10777,*************3777,WO13777,SUV Pro,GA-1,STN-01,2026-03-04 12:41,ENG-1110,SUP-141,EMP265,TL-001,B,Valid,Valid
M10778,*************3778,WO13778,Hatch Z,PAINT-1,STN-03,2026-03-04 12:42,ENG-1032,SUP-187,EMP206,TL-999,C,Valid,Valid
M10779,*************3779,WO13779,SUV Pro,PAINT-1,STN-05,2026-03-04 12:43,ENG-1204,SUP-124,EMP172,TL-024,B,Valid,Valid
M10780,*************3780,WO13780,Hatch Z,GA-1,STN-03,2026-03-04 12:45,ENG-1240,SUP-194,EMP223,TL-030,A,Valid,Valid
M10781,*************3781,WO13781,SUV Pro,PAINT-1,STN-03,2026-03-04 12:46,ENG-1193,SUP-188,EMP142,TL-048,,Valid,Valid
M10782,*************3782,WO13782,SUV Pro,GA-2,STN-02,2026-03-04 12:47,ENG-1183,SUP-024,EMP158,TL-034,,Valid,Valid
M10783,*************3783,WO13783,Hatch Z,TRIM-1,STN-05,2026-03-04 12:48,ENG-1421,SUP-082,EMP209,TL-009,B,Valid,Valid
M10784,*************3784,WO13784,Hatch Z,GA-1,STN-03,2026-03-04 12:50,ENG-1007,SUP-150,EMP264,TL-037,B,Valid,Valid
M10785,*************3785,WO13785,SUV Pro,TRIM-1,STN-05,2026-03-04 12:51,ENG-1222,SUP-109,EMP148,TL-066,B,Valid,Valid
M10786,*************3786,WO13786,Sedan X,PAINT-1,STN-05,2026-03-04 12:52,ENG-1026,SUP-016,EMP151,TL-093,,Valid,Valid
M10787,*************3787,WO13787,Sedan X,GA-1,STN-03,2026-03-04 12:53,ENG-1105,SUP-150,EMP143,TL-042,A,Valid,Valid
M10788,*************3788,WO13788,Sedan X,PAINT-1,STN-02,2026-03-04 12:55,ENG-1221,SUP-124,EMP373,TL-053,B,Valid,Valid
M10789,*************3789,WO13789,Hatch Z,GA-1,STN-03,2026-03-04 12:56,ENG-1007,SUP-125,EMP380,TL-010,,Valid,Valid
M10790,*************3790,WO13790,Sedan X,GA-1,STN-05,2026-03-04 12:57,ENG-1343,SUP-104,EMP368,TL-041,,Valid,Valid
M10791,*************3791,WO13791,SUV Pro,GA-2,STN-03,2026-03-04 12:58,ENG-1389,SUP-117,EMP127,TL-053,A,Valid,Valid
M10792,*************3792,WO13792,Sedan X,TRIM-1,STN-03,2026-03-04 13:00,ENG-1296,SUP-169,EMP201,TL-032,A,Valid,Valid
M10793,*************3793,WO13793,SUV Pro,PAINT-1,STN-02,2026-03-04 13:01,ENG-1361,SUP-191,EMP200,TL-002,,Valid,Valid
M10794,*************3794,WO13794,Sedan X,GA-1,STN-02,2026-03-04 13:02,ENG-1099,SUP-014,EMP194,TL-065,,Valid,Valid
M10795,*************3795,WO13795,SUV Pro,PAINT-1,STN-05,2026-03-04 13:03,ENG-1009,SUP-173,EMP267,TL-018,B,Valid,Valid
M10796,*************3796,WO13796,SUV Pro,GA-1,STN-01,2026-03-04 13:05,ENG-1148,SUP-040,EMP113,TL-052,,Valid,Valid
M10797,*************3797,WO13797,SUV Pro,GA-1,STN-01,2026-03-04 13:06,ENG-1161,SUP-020,EMP231,TL-041,B,Valid,Valid
M10798,*************3798,WO13798,Sedan X,GA-1,STN-03,2026-03-04 13:59,ENG-1205,SUP-109,EMP227,TL-027,B,Valid,Valid
M10799,*************3799,WO13799,Sedan X,GA-2,STN-03,2026-03-04 13:08,ENG-1069,SUP-072,EMP119,TL-005,C,Valid,Valid
M10800,*************3800,WO13800,Sedan X,GA-2,STN-02,2026-03-04 13:10,ENG-1340,SUP-046,EMP124,TL-048,,Valid,Valid
M10801,*************3801,WO13801,Sedan X,GA-1,STN-01,2026-03-04 13:11,ENG-1491,SUP-170,EMP123,TL-010,A,Valid,Valid
M10802,*************3802,WO13802,Sedan X,PAINT-1,STN-05,2026-03-04 13:12,ENG-1157,SUP-054,EMP214,TL-074,A,Valid,Valid
M10803,*************3803,WO13803,Sedan X,GA-2,STN-05,2026-03-04 13:13,ENG-1089,SUP-094,EMP192,TL-067,,Valid,Valid
M10804,*************3804,WO13804,Sedan X,GA-2,STN-02,2026-03-04 13:15,ENG-1124,SUP-188,EMP230,TL-043,,Valid,Valid
M10805,*************3805,WO13805,Hatch Z,PAINT-1,STN-03,2026-03-04 13:16,ENG-1064,SUP-056,EMP255,TL-024,,Valid,Valid
M10806,*************3806,WO13806,SUV Pro,PAINT-1,STN-05,2026-03-04 13:17,ENG-1226,SUP-110,EMP102,TL-023,C,Valid,Valid
M10807,*************3807,WO13807,Hatch Z,TRIM-1,STN-04,2026-03-04 13:18,ENG-1098,SUP-069,EMP189,TL-096,A,Valid,Valid
M10808,*************3808,WO13808,Hatch Z,PAINT-1,STN-02,2026-03-04 13:20,ENG-1223,SUP-193,EMP332,TL-082,,Valid,Valid
M10809,*************3809,WO13809,Hatch Z,GA-2,STN-03,2026-03-04 13:21,ENG-1338,SUP-147,EMP381,TL-082,C,Valid,Valid
M10810,*************3810,WO13810,Sedan X,TRIM-1,STN-03,2026-03-04 13:22,ENG-1118,SUP-092,EMP307,TL-100,A,Valid,Valid
M10811,*************3811,WO13811,SUV Pro,GA-2,STN-04,2026-03-04 13:23,ENG-1491,SUP-104,EMP289,TL-043,A,Valid,Valid
M10812,*************3812,WO13812,SUV Pro,TRIM-1,STN-03,2026-03-04 13:25,ENG-1459,SUP-100,EMP180,TL-048,B,Valid,Valid
M10813,*************3813,WO13813,Hatch Z,GA-1,STN-05,2026-03-04 13:26,ENG-1469,SUP-107,EMP313,TL-039,A,Valid,Valid
M10814,*************3814,WO13814,SUV Pro,TRIM-1,STN-03,2026-03-04 13:27,ENG-1189,SUP-057,EMP227,TL-052,C,Valid,Valid
M10815,*************3815,WO13815,Sedan X,PAINT-1,STN-04,2026-03-04 13:28,ENG-1398,SUP-070,EMP301,TL-056,C,Valid,Valid
M10816,*************3816,WO13816,Hatch Z,GA-2,STN-03,2026-03-04 13:30,ENG-1106,SUP-144,EMP397,TL-090,,Valid,Valid
M10817,*************3817,WO13817,Sedan X,PAINT-1,STN-05,2026-03-04 13:31,ENG-1127,SUP-040,EMP248,TL-026,,Valid,Valid
M10818,*************3818,WO13818,SUV Pro,GA-2,STN-03,2026-03-04 13:32,ENG-1052,SUP-087,EMP343,TL-011,B,Valid,Valid
M10819,*************3819,WO13819,Hatch Z,TRIM-1,STN-03,2026-03-04 13:33,ENG-1330,SUP-179,EMP314,TL-026,B,Valid,Valid
M10820,*************3820,WO13820,SUV Pro,PAINT-1,STN-02,2026-03-04 13:35,ENG-1481,SUP-169,EMP246,TL-053,C,Valid,Valid
M10821,*************3821,WO13821,Hatch Z,TRIM-1,STN-02,2026-03-04 13:36,ENG-1342,SUP-148,EMP113,TL-053,A,Valid,Valid
M10822,*************3822,WO13822,SUV Pro,GA-2,STN-03,2026-03-04 13:37,ENG-1289,SUP-121,EMP221,TL-079,A,Valid,Valid
M10823,*************3823,WO13823,SUV Pro,GA-1,STN-03,2026-03-04 13:38,ENG-1440,SUP-058,EMP356,TL-011,A,Valid,Valid
M10824,*************3824,WO13824,SUV Pro,GA-2,STN-05,2026-03-04 13:40,ENG-1236,SUP-023,EMP114,TL-032,A,Valid,Valid
M10825,*************3825,WO13825,SUV Pro,GA-2,STN-04,2026-03-04 13:41,ENG-1066,SUP-098,EMP130,TL-061,B,Valid,Valid
M10826,*************3826,WO13826,Sedan X,GA-1,STN-03,2026-03-04 13:42,ENG-1274,SUP-158,EMP316,TL-062,A,Valid,Valid
M10827,*************3827,WO13827,Hatch Z,GA-2,STN-04,2026-03-04 13:43,ENG-1374,SUP-071,EMP393,TL-027,A,Valid,Valid
M10828,*************3828,WO13828,Sedan X,GA-1,STN-03,2026-03-04 13:45,ENG-1203,SUP-051,EMP252,TL-999,,Valid,Valid
M10829,*************3829,WO13829,SUV Pro,GA-2,STN-03,2026-03-04 13:46,ENG-1328,SUP-072,EMP173,TL-096,B,Valid,Valid
M10830,*************3830,WO13830,SUV Pro,PAINT-1,STN-03,2026-03-04 13:47,ENG-1384,SUP-104,EMP205,TL-025,A,Valid,Valid
M10831,*************3831,WO13831,SUV Pro,GA-2,STN-05,2026-03-04 13:48,ENG-1476,SUP-150,EMP253,TL-002,B,Valid,Valid
M10832,*************3832,WO13832,SUV Pro,PAINT-1,STN-05,2026-03-04 13:50,ENG-1433,SUP-171,EMP140,TL-086,A,Valid,Valid
M10833,*************3833,WO13833,Sedan X,TRIM-1,STN-05,2026-03-04 13:51,ENG-1466,SUP-099,EMP249,TL-073,,Valid,Valid
M10834,*************3834,WO13834,Sedan X,TRIM-1,STN-04,2026-03-04 13:52,ENG-1344,SUP-007,EMP310,TL-088,B,Valid,Valid
M10835,*************3835,WO13835,Sedan X,PAINT-1,STN-02,2026-03-04 13:53,ENG-1307,SUP-029,EMP116,TL-014,,Valid,Valid
M10836,*************3836,WO13836,Sedan X,GA-2,STN-03,2026-03-04 13:55,ENG-1402,SUP-198,EMP392,TL-004,A,Valid,Valid
M10837,*************3837,WO13837,SUV Pro,GA-2,STN-05,2026-03-04 13:56,ENG-1308,SUP-070,EMP399,TL-005,A,Valid,Valid
M10838,*************3838,WO13838,Sedan X,GA-2,STN-02,2026-03-04 13:57,ENG-1139,SUP-070,EMP210,TL-061,,Valid,Valid
M10839,*************3839,WO13839,SUV Pro,GA-2,STN-05,2026-03-04 13:58,ENG-1140,SUP-137,EMP151,TL-037,A,Valid,Valid
M10840,*************3840,WO13840,Hatch Z,PAINT-1,STN-01,2026-03-04 14:00,ENG-1372,SUP-016,EMP136,TL-056,,Valid,Valid
M10841,*************3841,WO13841,Hatch Z,GA-2,STN-01,2026-03-04 14:01,ENG-1037,SUP-065,EMP378,TL-012,A,Valid,Valid
M10842,*************3842,WO13842,SUV Pro,GA-1,STN-03,2026-03-04 14:02,ENG-1296,SUP-168,EMP142,TL-099,A,Valid,Valid
M10843,*************3843,WO13843,Sedan X,PAINT-1,STN-05,2026-03-04 14:03,ENG-1460,SUP-042,EMP119,TL-020,,Valid,Valid
M10844,*************3844,WO13844,SUV Pro,GA-1,STN-04,2026-03-04 14:05,ENG-1468,SUP-140,EMP116,TL-096,A,Valid,Valid
M10845,*************3845,WO13845,Hatch Z,GA-1,STN-02,2026-03-04 14:06,ENG-1149,SUP-037,EMP162,TL-099,B,Valid,Valid
M10846,*************3846,WO13846,SUV Pro,PAINT-1,STN-03,2026-03-04 14:07,ENG-1283,SUP-067,EMP179,TL-008,B,Valid,Valid
M10847,*************3847,WO13847,SUV Pro,GA-2,STN-01,2026-03-04 14:08,ENG-1217,SUP-016,EMP344,TL-073,A,Valid,Valid
M10848,*************3848,WO13848,SUV Pro,GA-1,STN-02,2026-03-04 14:10,ENG-1471,SUP-140,EMP295,TL-008,A,Valid,Valid
M10849,*************3849,WO13849,SUV Pro,TRIM-1,STN-01,2026-03-04 14:11,ENG-1437,SUP-180,EMP144,TL-064,A,Valid,Valid
M10850,*************3850,WO13850,Sedan X,GA-2,STN-03,2026-03-04 14:12,ENG-1361,SUP-026,EMP398,TL-088,C,Valid,Valid
M10851,*************3851,WO13851,Sedan X,GA-2,STN-03,2026-03-04 14:13,ENG-1463,SUP-119,EMP102,TL-021,A,Valid,Valid
M10852,*************3852,WO13852,SUV Pro,GA-1,STN-01,2026-03-04 14:15,ENG-1067,SUP-137,EMP335,TL-081,C,Valid,Valid
M10853,*************3853,WO13853,SUV Pro,GA-2,STN-04,2026-03-04 14:16,ENG-1478,SUP-179,EMP138,TL-099,B,Valid,Valid
M10854,*************3854,WO13854,SUV Pro,TRIM-1,STN-03,2026-03-04 14:17,ENG-1261,SUP-095,EMP351,TL-049,C,Valid,Valid
M10855,*************3855,WO13855,SUV Pro,GA-2,STN-05,2026-03-04 14:18,ENG-1036,SUP-062,EMP383,TL-999,A,Valid,Valid
M10856,*************3856,WO13856,Sedan X,TRIM-1,STN-03,2026-03-04 14:20,ENG-1314,SUP-029,EMP294,TL-016,C,Valid,Valid
M10857,*************3857,WO13857,Sedan X,GA-2,STN-05,2026-03-04 14:21,ENG-1077,SUP-031,EMP278,TL-037,A,Valid,Valid
M10858,*************3858,WO13858,Sedan X,GA-2,STN-01,2026-03-04 14:22,ENG-1471,SUP-086,EMP211,TL-043,A,Valid,Valid
M10859,*************3859,WO13859,SUV Pro,TRIM-1,STN-05,2026-03-04 14:23,ENG-1094,SUP-100,EMP134,TL-053,C,Valid,Valid
M10860,*************3860,WO13860,SUV Pro,PAINT-1,STN-02,2026-03-04 14:25,ENG-1165,SUP-045,EMP354,TL-095,C,Valid,Valid
M10861,*************3861,WO13861,Sedan X,GA-1,STN-02,2026-03-04 14:26,ENG-1324,SUP-094,EMP244,TL-063,A,Valid,Valid
M10862,*************3862,WO13862,Hatch Z,TRIM-1,STN-05,2026-03-04 14:27,ENG-1277,SUP-153,EMP241,TL-067,C,Valid,Valid
M10863,*************3863,WO13863,SUV Pro,TRIM-1,STN-05,2026-03-04 14:28,ENG-1144,SUP-130,EMP391,TL-077,B,Valid,Valid
M10864,*************3864,WO13864,Sedan X,GA-1,STN-03,2026-03-04 14:30,ENG-1054,SUP-152,EMP274,TL-056,,Valid,Valid
M10865,*************3865,WO13865,SUV Pro,TRIM-1,STN-02,2026-03-04 14:31,ENG-1187,SUP-094,EMP358,TL-038,B,Valid,Valid
M10866,*************3866,WO13866,Sedan X,TRIM-1,STN-05,2026-03-04 14:32,ENG-1370,SUP-023,EMP333,TL-020,,Valid,Valid
M10867,*************3867,WO13867,SUV Pro,GA-2,STN-03,2026-03-04 14:33,ENG-1334,SUP-093,EMP307,TL-047,A,Valid,Valid
M10868,*************3868,WO13868,SUV Pro,TRIM-1,STN-03,2026-03-04 14:35,ENG-1004,SUP-122,EMP111,TL-085,A,Valid,Valid
M10869,*************3869,WO13869,Sedan X,PAINT-1,STN-03,2026-03-04 14:36,ENG-1334,SUP-071,EMP156,TL-029,A,Valid,Valid
M10870,*************3870,WO13870,SUV Pro,TRIM-1,STN-03,2026-03-04 14:37,ENG-1092,SUP-067,EMP120,TL-999,,Valid,Valid
M10871,*************3871,WO13871,Sedan X,GA-1,STN-01,2026-03-04 14:38,ENG-1495,SUP-164,EMP310,TL-053,A,Valid,Valid
M10872,*************3872,WO13872,Hatch Z,PAINT-1,STN-03,2026-03-04 14:40,ENG-1388,SUP-026,EMP348,TL-018,B,Valid,Valid
M10873,*************3873,WO13873,Sedan X,TRIM-1,STN-04,2026-03-04 14:41,ENG-1086,SUP-050,EMP356,TL-093,A,Valid,Valid
M10874,*************3874,WO13874,Sedan X,PAINT-1,STN-03,2026-03-04 14:42,ENG-1405,SUP-169,EMP182,TL-018,B,Valid,Valid
M10875,*************3875,WO13875,Sedan X,GA-2,STN-02,2026-03-04 14:43,ENG-1089,SUP-143,EMP179,TL-037,A,Valid,Valid
M10876,*************3876,WO13876,Hatch Z,PAINT-1,STN-04,2026-03-04 14:45,ENG-1167,SUP-040,EMP369,TL-025,C,Valid,Valid
M10877,*************3877,WO13877,Hatch Z,PAINT-1,STN-01,2026-03-04 14:46,ENG-1000,SUP-070,EMP147,TL-005,C,Valid,Valid
M10878,*************3878,WO13878,SUV Pro,GA-1,STN-02,2026-03-04 14:47,ENG-1190,SUP-027,EMP159,TL-032,C,Valid,Valid
M10879,*************3879,WO13879,Hatch Z,GA-1,STN-03,2026-03-04 14:48,ENG-1436,SUP-199,EMP260,TL-025,C,Valid,Valid
M10880,*************3880,WO13880,SUV Pro,GA-2,STN-02,2026-03-04 14:50,ENG-1392,SUP-165,EMP371,TL-076,B,Valid,Valid
M10881,*************3881,WO13881,Sedan X,TRIM-1,STN-03,2026-03-04 14:51,ENG-1060,SUP-164,EMP284,TL-063,A,Valid,Valid
M10882,*************3882,WO13882,Hatch Z,TRIM-1,STN-05,2026-03-04 14:52,ENG-1123,SUP-008,EMP165,TL-070,A,Valid,Valid
M10883,*************3883,WO13883,Sedan X,GA-1,STN-03,2026-03-04 14:53,ENG-1052,SUP-160,EMP247,TL-092,C,Valid,Valid
M10884,*************3884,WO13884,Sedan X,PAINT-1,STN-01,2026-03-04 14:55,ENG-1313,SUP-086,EMP164,TL-999,A,Valid,Valid
M10885,*************3885,WO13885,Hatch Z,PAINT-1,STN-03,2026-03-04 14:56,ENG-1240,SUP-143,EMP309,TL-059,C,Valid,Valid
M10886,*************3886,WO13886,Hatch Z,GA-2,STN-05,2026-03-04 14:57,ENG-1018,SUP-045,EMP143,TL-083,B,Valid,Valid
M10887,*************3887,WO13887,Sedan X,TRIM-1,STN-02,2026-03-04 14:58,ENG-1387,SUP-089,EMP354,TL-072,A,Valid,Valid
M10888,*************3888,WO13888,Hatch Z,GA-2,STN-04,2026-03-04 15:00,ENG-1285,SUP-150,EMP159,TL-086,B,Valid,Valid
M10889,*************3889,WO13889,Sedan X,GA-2,STN-03,2026-03-04 15:01,ENG-1338,SUP-159,EMP327,TL-033,B,Valid,Valid
M10890,*************3890,WO13890,Hatch Z,TRIM-1,STN-05,2026-03-04 15:02,ENG-1294,SUP-004,EMP263,TL-043,C,Valid,Valid
M10891,*************3891,WO13891,SUV Pro,TRIM-1,STN-03,2026-03-04 15:03,ENG-1190,SUP-152,EMP392,TL-040,A,Valid,Valid
M10892,*************3892,WO13892,Hatch Z,PAINT-1,STN-02,2026-03-04 15:05,ENG-1294,SUP-189,EMP100,TL-054,,Valid,Valid
M10893,*************3893,WO13893,Hatch Z,GA-1,STN-05,2026-03-04 15:06,ENG-1152,SUP-092,EMP178,TL-067,,Valid,Valid
M10894,*************3894,WO13894,Sedan X,TRIM-1,STN-01,2026-03-04 15:07,ENG-1372,SUP-013,EMP298,TL-043,,Valid,Valid
M10895,*************3895,WO13895,SUV Pro,GA-2,STN-02,2026-03-04 15:08,ENG-1231,SUP-194,EMP239,TL-048,,Valid,Valid
M10896,*************3896,WO13896,Sedan X,GA-1,STN-04,2026-03-04 15:10,ENG-1162,SUP-037,EMP327,TL-054,A,Valid,Valid
M10897,*************3897,WO13897,Sedan X,TRIM-1,STN-05,2026-03-04 15:11,ENG-1286,SUP-018,EMP253,TL-076,A,Valid,Valid
M10898,*************3898,WO13898,Sedan X,PAINT-1,STN-02,2026-03-04 15:12,ENG-1325,SUP-006,EMP362,TL-036,B,Valid,Valid
M10899,*************3899,WO13899,SUV Pro,TRIM-1,STN-05,2026-03-04 15:13,ENG-1314,SUP-042,EMP303,TL-038,C,Valid,Valid
M10900,*************3900,WO13900,SUV Pro,TRIM-1,STN-03,2026-03-04 15:15,ENG-1428,SUP-128,EMP192,TL-042,A,Valid,Valid
M10901,*************3901,WO13901,Hatch Z,PAINT-1,STN-05,2026-03-04 15:16,ENG-1094,SUP-062,EMP172,TL-033,B,Valid,Valid
M10902,*************3902,WO13902,Sedan X,PAINT-1,STN-05,2026-03-04 15:17,ENG-1002,SUP-197,EMP116,TL-036,A,Valid,Valid
M10903,*************3903,WO13903,SUV Pro,GA-2,STN-03,2026-03-04 15:18,ENG-1056,SUP-185,EMP269,TL-044,B,Valid,Valid
M10904,*************3904,WO13904,SUV Pro,GA-1,STN-03,2026-03-04 15:20,ENG-1273,SUP-087,EMP261,TL-059,C,Valid,Valid
M10905,*************3905,WO13905,Hatch Z,GA-1,STN-04,2026-03-04 15:21,ENG-1089,SUP-128,EMP388,TL-049,A,Valid,Valid
M10906,*************3906,WO13906,Sedan X,PAINT-1,STN-02,2026-03-04 15:22,ENG-1188,SUP-116,EMP131,TL-031,B,Valid,Valid
M10907,*************3907,WO13907,Sedan X,GA-2,STN-05,2026-03-04 15:23,ENG-1406,SUP-087,EMP249,TL-046,B,Valid,Valid
M10908,*************3908,WO13908,Sedan X,GA-1,STN-03,2026-03-04 15:25,ENG-1327,SUP-138,EMP171,TL-068,,Valid,Valid
M10909,*************3909,WO13909,Sedan X,GA-1,STN-03,2026-03-04 15:26,ENG-1010,SUP-036,EMP322,TL-051,B,Valid,Valid
M10910,*************3910,WO13910,Hatch Z,GA-1,STN-04,2026-03-04 15:27,ENG-1080,SUP-026,EMP348,TL-038,B,Valid,Valid
M10911,*************3911,WO13911,Hatch Z,GA-2,STN-03,2026-03-04 15:28,ENG-1067,SUP-007,EMP254,TL-012,,Valid,Valid
M10912,*************3912,WO13912,SUV Pro,GA-2,STN-01,2026-03-04 15:30,ENG-1183,SUP-176,EMP223,TL-076,B,Valid,Valid
M10913,*************3913,WO13913,SUV Pro,TRIM-1,STN-05,2026-03-04 15:31,ENG-1107,SUP-122,EMP102,TL-051,B,Valid,Valid
M10914,*************3914,WO13914,Sedan X,PAINT-1,STN-03,2026-03-04 15:32,ENG-1016,SUP-056,EMP162,TL-030,B,Valid,Valid
M10915,*************3915,WO13915,Hatch Z,GA-1,STN-03,2026-03-04 15:33,ENG-1001,SUP-137,EMP283,TL-001,B,Valid,Valid
M10916,*************3916,WO13916,Sedan X,GA-1,STN-04,2026-03-04 15:35,ENG-1048,SUP-172,EMP399,TL-007,A,Valid,Valid
M10917,*************3917,WO13917,Hatch Z,GA-2,STN-05,2026-03-04 15:36,ENG-1124,SUP-055,EMP291,TL-080,B,Valid,Valid
M10918,*************3918,WO13918,SUV Pro,TRIM-1,STN-01,2026-03-04 15:37,ENG-1309,SUP-016,EMP101,TL-008,A,Valid,Valid
M10919,*************3919,WO13919,Sedan X,PAINT-1,STN-04,2026-03-04 15:38,ENG-1050,SUP-097,EMP174,TL-024,C,Valid,Valid
M10920,*************3920,WO13920,SUV Pro,PAINT-1,STN-05,2026-03-04 15:40,ENG-1252,SUP-017,EMP363,TL-095,C,Valid,Valid
M10921,*************3921,WO13921,SUV Pro,PAINT-1,STN-01,2026-03-04 15:41,ENG-1372,SUP-116,EMP396,TL-080,B,Valid,Valid
M10922,*************3922,WO13922,Sedan X,GA-1,STN-03,2026-03-04 15:42,ENG-1406,SUP-200,EMP276,TL-094,B,Valid,Valid
M10923,*************3923,WO13923,Sedan X,GA-2,STN-01,2026-03-04 15:43,ENG-1492,SUP-099,EMP339,TL-060,A,Valid,Valid
M10924,*************3924,WO13924,SUV Pro,PAINT-1,STN-04,2026-03-04 15:45,ENG-1148,SUP-113,EMP247,TL-032,,Valid,Valid
M10925,*************3925,WO13925,Sedan X,GA-1,STN-05,2026-03-04 15:46,ENG-1151,SUP-194,EMP280,TL-026,A,Valid,Valid
M10926,*************3926,WO13926,Sedan X,TRIM-1,STN-04,2026-03-04 15:47,ENG-1219,SUP-108,EMP319,TL-044,A,Valid,Valid
M10927,*************3927,WO13927,SUV Pro,GA-2,STN-05,2026-03-04 15:48,ENG-1241,SUP-166,EMP314,TL-009,B,Valid,Valid
M10928,*************3928,WO13928,Sedan X,GA-2,STN-05,2026-03-04 15:50,ENG-1044,SUP-180,EMP264,TL-062,A,Valid,Valid
M10929,*************3929,WO13929,SUV Pro,GA-1,STN-03,2026-03-04 15:51,ENG-1369,SUP-160,EMP130,TL-020,B,Valid,Valid
M10930,*************3930,WO13930,Sedan X,GA-1,STN-05,2026-03-04 15:52,ENG-1058,SUP-101,EMP344,TL-081,,Valid,Valid
M10931,*************3931,WO13931,Sedan X,TRIM-1,STN-05,2026-03-04 15:53,ENG-1422,SUP-123,EMP318,TL-027,C,Valid,Valid
M10932,*************3932,WO13932,Sedan X,GA-2,STN-02,2026-03-04 15:55,ENG-1101,SUP-176,EMP348,TL-016,C,Valid,Valid
M10933,*************3933,WO13933,Hatch Z,GA-2,STN-01,2026-03-04 15:56,ENG-1444,SUP-036,EMP293,TL-082,C,Valid,Valid
M10934,*************3934,WO13934,Hatch Z,PAINT-1,STN-04,2026-03-04 15:57,ENG-1112,SUP-128,EMP142,TL-011,C,Valid,Valid
M10935,*************3935,WO13935,Sedan X,PAINT-1,STN-02,2026-03-04 15:58,ENG-1011,SUP-011,EMP114,TL-096,B,Valid,Valid
M10936,*************3936,WO13936,SUV Pro,PAINT-1,STN-03,2026-03-04 16:00,ENG-1465,SUP-063,EMP391,TL-097,B,Valid,Valid
M10937,*************3937,WO13937,Sedan X,GA-1,STN-02,2026-03-04 16:01,ENG-1073,SUP-067,EMP323,TL-045,,Valid,Valid
M10938,*************3938,WO13938,SUV Pro,GA-2,STN-02,2026-03-04 16:02,ENG-1497,SUP-123,EMP374,TL-092,C,Valid,Valid
M10939,*************3939,WO13939,Sedan X,TRIM-1,STN-05,2026-03-04 16:03,ENG-1283,SUP-052,EMP354,TL-053,C,Valid,Valid
M10940,*************3940,WO13940,Hatch Z,GA-1,STN-03,2026-03-04 16:05,ENG-1458,SUP-054,EMP368,TL-018,A,Valid,Valid
M10941,*************3941,WO13941,Sedan X,GA-1,STN-03,2026-03-04 16:06,ENG-1140,SUP-171,EMP115,TL-050,C,Valid,Valid
M10942,*************3942,WO13942,Sedan X,TRIM-1,STN-04,2026-03-04 16:07,ENG-1149,SUP-048,EMP320,TL-057,B,Valid,Valid
M10943,*************3943,WO13943,SUV Pro,GA-1,STN-03,2026-03-04 16:08,ENG-1073,SUP-125,EMP193,TL-036,C,Valid,Valid
M10944,*************3944,WO13944,SUV Pro,GA-2,STN-03,2026-03-04 16:10,ENG-1465,SUP-064,EMP350,TL-047,,Valid,Valid
M10945,*************3945,WO13945,SUV Pro,TRIM-1,STN-05,2026-03-04 16:11,ENG-1240,SUP-106,EMP233,TL-068,,Valid,Valid
M10946,*************3946,WO13946,Hatch Z,PAINT-1,STN-05,2026-03-04 16:12,ENG-1218,SUP-041,EMP184,TL-036,C,Valid,Valid
M10947,*************3947,WO13947,Hatch Z,PAINT-1,STN-03,2026-03-04 16:13,ENG-1061,SUP-006,EMP257,TL-053,B,Valid,Valid
M10948,*************3948,WO13948,SUV Pro,GA-1,STN-04,2026-03-04 16:15,ENG-1296,SUP-034,EMP390,TL-054,C,Valid,Valid
M10949,*************3949,WO13949,SUV Pro,PAINT-1,STN-03,2026-03-04 16:16,ENG-1056,SUP-037,EMP127,TL-054,B,Valid,Valid
M10950,*************3950,WO13950,SUV Pro,TRIM-1,STN-05,2026-03-04 16:17,ENG-1252,SUP-046,EMP218,TL-095,C,Valid,Valid
M10951,*************3951,WO13951,Hatch Z,GA-1,STN-05,2026-03-04 16:18,ENG-1225,SUP-150,EMP210,TL-033,C,Valid,Valid
M10952,*************3952,WO13952,Sedan X,GA-1,STN-02,2026-03-04 16:20,ENG-1294,SUP-029,EMP254,TL-056,C,Valid,Valid
M10953,*************3953,WO13953,Sedan X,GA-2,STN-02,2026-03-04 16:21,ENG-1403,SUP-051,EMP249,TL-064,,Valid,Valid
M10954,*************3954,WO13954,Hatch Z,GA-1,STN-03,2026-03-04 16:22,ENG-1466,SUP-089,EMP352,TL-093,,Valid,Valid
M10955,*************3955,WO13955,Sedan X,PAINT-1,STN-01,2026-03-04 16:23,ENG-1442,SUP-134,EMP249,TL-090,A,Valid,Valid
M10956,*************3956,WO13956,SUV Pro,GA-1,STN-02,2026-03-04 16:25,ENG-1117,SUP-167,EMP371,TL-018,A,Valid,Valid
M10957,*************3957,WO13957,SUV Pro,TRIM-1,STN-05,2026-03-04 16:26,ENG-1348,SUP-037,EMP224,TL-025,,Valid,Valid
M10958,*************3958,WO13958,Hatch Z,GA-2,STN-05,2026-03-04 16:27,ENG-1028,SUP-146,EMP238,TL-041,A,Valid,Valid
M10959,*************3959,WO13959,Hatch Z,TRIM-1,STN-04,2026-03-04 16:28,ENG-1204,SUP-197,EMP327,TL-002,,Valid,Valid
M10960,*************3960,WO13960,Sedan X,TRIM-1,STN-05,2026-03-04 16:30,ENG-1112,SUP-172,EMP171,TL-999,,Valid,Valid
M10961,*************3961,WO13961,Sedan X,GA-1,STN-01,2026-03-04 16:31,ENG-1034,SUP-036,EMP177,TL-004,A,Valid,Valid
M10962,*************3962,WO13962,Hatch Z,PAINT-1,STN-05,2026-03-04 16:32,ENG-1470,SUP-069,EMP164,TL-050,C,Valid,Valid
M10963,*************3963,WO13963,Hatch Z,GA-2,STN-02,2026-03-04 16:33,ENG-1385,SUP-055,EMP316,TL-058,,Valid,Valid
M10964,*************3964,WO13964,Sedan X,GA-2,STN-05,2026-03-04 16:35,ENG-1276,SUP-155,EMP307,TL-064,A,Valid,Valid
M10965,*************3965,WO13965,Hatch Z,GA-2,STN-04,2026-03-04 16:36,ENG-1004,SUP-086,EMP229,TL-078,C,Valid,Valid
M10966,*************3966,WO13966,SUV Pro,GA-2,STN-01,2026-03-04 16:37,ENG-1287,SUP-095,EMP314,TL-036,A,Valid,Valid
M10967,*************3967,WO13967,Sedan X,GA-2,STN-02,2026-03-04 16:38,ENG-1133,SUP-160,EMP289,TL-098,A,Valid,Valid
M10968,*************3968,WO13968,Hatch Z,GA-2,STN-03,2026-03-04 16:40,ENG-1025,SUP-168,EMP100,TL-010,A,Valid,Valid
M10969,*************3969,WO13969,SUV Pro,PAINT-1,STN-04,2026-03-04 16:41,ENG-1056,SUP-122,EMP276,TL-999,A,Valid,Valid
M10970,*************3970,WO13970,Hatch Z,GA-1,STN-02,2026-03-04 16:42,ENG-1487,SUP-135,EMP360,TL-074,A,Valid,Valid
M10971,*************3971,WO13971,SUV Pro,PAINT-1,STN-05,2026-03-04 16:43,ENG-1034,SUP-016,EMP244,TL-008,C,Valid,Valid
M10972,*************3972,WO13972,Sedan X,GA-1,STN-03,2026-03-04 16:45,ENG-1207,SUP-099,EMP360,TL-044,A,Valid,Valid
M10973,*************3973,WO13973,Hatch Z,GA-2,STN-03,2026-03-04 16:46,ENG-1169,SUP-049,EMP367,TL-082,A,Valid,Valid
M10974,*************3974,WO13974,SUV Pro,GA-2,STN-04,2026-03-04 16:47,ENG-1158,SUP-118,EMP263,TL-046,A,Valid,Valid
M10975,*************3975,WO13975,Sedan X,GA-1,STN-05,2026-03-04 16:48,ENG-1327,SUP-004,EMP152,TL-052,C,Valid,Valid
M10976,*************3976,WO13976,SUV Pro,PAINT-1,STN-04,2026-03-04 16:50,ENG-1056,SUP-125,EMP330,TL-071,C,Valid,Valid
M10977,*************3977,WO13977,Sedan X,GA-1,STN-05,2026-03-04 16:51,ENG-1019,SUP-040,EMP336,TL-085,A,Valid,Valid
M10978,*************3978,WO13978,SUV Pro,GA-2,STN-04,2026-03-04 16:52,ENG-1359,SUP-027,EMP323,TL-012,A,Valid,Valid
M10979,*************3979,WO13979,SUV Pro,TRIM-1,STN-04,2026-03-04 16:53,ENG-1409,SUP-133,EMP316,TL-015,A,Valid,Valid
M10980,*************3980,WO13980,Hatch Z,TRIM-1,STN-03,2026-03-04 16:55,ENG-1425,SUP-099,EMP324,TL-046,B,Valid,Valid
M10981,*************3981,WO13981,Hatch Z,GA-2,STN-02,2026-03-04 16:56,ENG-1211,SUP-017,EMP343,TL-006,C,Valid,Valid
M10982,*************3982,WO13982,Sedan X,PAINT-1,STN-05,2026-03-04 16:57,ENG-1106,SUP-096,EMP197,TL-033,C,Valid,Valid
M10983,*************3983,WO13983,Hatch Z,GA-1,STN-05,2026-03-04 16:58,ENG-1178,SUP-109,EMP267,TL-057,B,Valid,Valid
M10984,*************3984,WO13984,Hatch Z,PAINT-1,STN-02,2026-03-04 17:00,ENG-1186,SUP-062,EMP226,TL-075,B,Valid,Valid
M10985,*************3985,WO13985,SUV Pro,GA-2,STN-04,2026-03-04 17:01,ENG-1204,SUP-169,EMP172,TL-013,,Valid,Valid
M10986,*************3986,WO13986,Hatch Z,TRIM-1,STN-03,2026-03-04 17:02,ENG-1286,SUP-012,EMP134,TL-088,C,Valid,Valid
M10987,*************3987,WO13987,Hatch Z,PAINT-1,STN-04,2026-03-04 17:03,ENG-1219,SUP-141,EMP348,TL-078,B,Valid,Valid
M10988,*************3988,WO13988,Sedan X,GA-2,STN-01,2026-03-04 17:05,ENG-1077,SUP-132,EMP274,TL-027,B,Valid,Valid
M10989,*************3989,WO13989,SUV Pro,GA-2,STN-04,2026-03-04 17:06,ENG-1386,SUP-099,EMP320,TL-076,B,Valid,Valid
M10990,*************3990,WO13990,SUV Pro,PAINT-1,STN-01,2026-03-04 17:07,ENG-1326,SUP-095,EMP131,TL-022,C,Valid,Valid
M10991,*************3991,WO13991,Sedan X,PAINT-1,STN-03,2026-03-04 17:08,ENG-1218,SUP-028,EMP222,TL-001,,Valid,Valid
M10992,*************3992,WO13992,Sedan X,GA-1,STN-05,2026-03-04 17:10,ENG-1469,SUP-145,EMP341,TL-017,A,Valid,Valid
M10993,*************3993,WO13993,Hatch Z,TRIM-1,STN-03,2026-03-04 17:11,ENG-1424,SUP-058,EMP384,TL-092,B,Valid,Valid
M10994,*************3994,WO13994,SUV Pro,TRIM-1,STN-04,2026-03-04 17:12,ENG-1233,SUP-192,EMP159,TL-016,C,Valid,Valid
M10995,*************3995,WO13995,Sedan X,PAINT-1,STN-02,2026-03-04 17:13,ENG-1354,SUP-188,EMP346,TL-084,,Valid,Valid
M10996,,WO13996,Sedan X,GA-1,STN-03,2026-03-04 17:15,ENG-1308,,EMP131,TL-002,,Valid,Invalid
M10997,*************3997,WO13997,Sedan X,GA-2,STN-01,2026-03-04 17:16,ENG-1024,SUP-037,EMP242,TL-019,B,Valid,Valid
M10998,*************3998,WO13998,SUV Pro,PAINT-1,STN-04,2026-03-04 17:17,ENG-1110,SUP-174,EMP126,TL-045,,Valid,Valid
M10999,*************3999,WO13999,Hatch Z,TRIM-1,STN-04,2026-03-04 17:18,ENG-1048,SUP-194,EMP318,TL-016,,Valid,Valid
M11000,*************4000,WO14000,Sedan X,TRIM-1,STN-03,2026-03-04 17:20,ENG-1363,SUP-157,EMP322,TL-045,,Valid,Valid
M11001,*************4001,WO14001,SUV Pro,TRIM-1,STN-04,2026-03-04 17:21,ENG-1151,SUP-011,EMP293,TL-068,B,Valid,Valid
M11002,*************4002,WO14002,Sedan X,PAINT-1,STN-03,2026-03-04 17:22,ENG-1136,SUP-005,EMP108,TL-079,C,Valid,Valid
M11003,*************4003,WO14003,Sedan X,GA-2,STN-03,2026-03-04 17:23,ENG-1429,SUP-073,EMP170,TL-087,,Valid,Valid
M11004,*************4004,WO14004,Hatch Z,PAINT-1,STN-02,2026-03-04 17:25,ENG-1399,SUP-118,EMP202,TL-089,B,Valid,Valid
M11005,*************4005,WO14005,Sedan X,GA-1,STN-05,2026-03-04 17:26,ENG-1038,SUP-195,EMP232,TL-032,A,Valid,Valid
M11006,*************4006,WO14006,SUV Pro,GA-1,STN-03,2026-03-04 17:27,ENG-1354,SUP-073,EMP344,TL-086,B,Valid,Valid
M11007,*************4007,WO14007,SUV Pro,GA-1,STN-03,2026-03-04 17:28,ENG-1058,SUP-086,EMP352,TL-999,A,Valid,Valid
M11008,*************4008,WO14008,Sedan X,PAINT-1,STN-01,2026-03-04 17:30,ENG-1381,SUP-180,EMP149,TL-006,A,Valid,Valid
M11009,*************4009,WO14009,SUV Pro,GA-2,STN-04,2026-03-04 17:59,ENG-1004,SUP-008,EMP358,TL-005,B,Valid,Valid
M11010,*************4010,WO14010,SUV Pro,PAINT-1,STN-05,2026-03-04 17:32,ENG-1292,SUP-184,EMP206,TL-086,C,Valid,Valid
M11011,*************4011,WO14011,SUV Pro,PAINT-1,STN-05,2026-03-04 17:33,ENG-1233,SUP-143,EMP204,TL-029,C,Valid,Valid
M11012,*************4012,WO14012,SUV Pro,GA-2,STN-03,2026-03-04 17:35,ENG-1251,SUP-023,EMP195,TL-014,C,Valid,Valid
M11013,*************4013,WO14013,Hatch Z,TRIM-1,STN-04,2026-03-04 17:36,ENG-1291,SUP-024,EMP229,TL-050,B,Valid,Valid
M11014,*************4014,WO14014,Hatch Z,TRIM-1,STN-05,2026-03-04 17:37,ENG-1198,SUP-073,EMP222,TL-020,A,Valid,Valid
M11015,*************4015,WO14015,Sedan X,GA-1,STN-04,2026-03-04 17:38,ENG-1354,SUP-036,EMP308,TL-055,C,Valid,Valid
M11016,*************4016,WO14016,Sedan X,GA-2,STN-03,2026-03-04 17:40,ENG-1201,SUP-138,EMP270,TL-034,B,Valid,Valid
M11017,*************4017,WO14017,Hatch Z,TRIM-1,STN-05,2026-03-04 17:41,ENG-1065,SUP-075,EMP101,TL-006,A,Valid,Valid
M11018,*************4018,WO14018,Hatch Z,GA-2,STN-01,2026-03-04 17:42,ENG-1279,SUP-101,EMP125,TL-012,C,Valid,Valid
M11019,*************4019,WO14019,Hatch Z,TRIM-1,STN-03,2026-03-04 17:43,ENG-1008,SUP-082,EMP144,TL-076,A,Valid,Valid
M11020,*************4020,WO14020,Hatch Z,PAINT-1,STN-03,2026-03-04 17:45,ENG-1106,SUP-037,EMP353,TL-015,,Valid,Valid
M11021,*************4021,WO14021,Hatch Z,GA-2,STN-05,2026-03-04 17:46,ENG-1029,SUP-166,EMP201,TL-031,C,Valid,Valid
M11022,*************4022,WO14022,SUV Pro,GA-2,STN-04,2026-03-04 17:47,ENG-1306,SUP-183,EMP202,TL-002,A,Valid,Valid
M11023,*************4023,WO14023,Sedan X,GA-1,STN-05,2026-03-04 17:48,ENG-1019,SUP-151,EMP126,TL-068,B,Valid,Valid
M11024,*************4024,WO14024,Sedan X,TRIM-1,STN-05,2026-03-04 17:50,ENG-1058,SUP-187,EMP101,TL-040,A,Valid,Valid
M11025,*************4025,WO14025,Sedan X,GA-2,STN-03,2026-03-04 17:51,ENG-1357,SUP-072,EMP133,TL-043,B,Valid,Valid
M11026,*************4026,WO14026,Hatch Z,GA-1,STN-05,2026-03-04 17:52,ENG-1378,SUP-059,EMP125,TL-034,B,Valid,Valid
M11027,*************4027,WO14027,Hatch Z,TRIM-1,STN-04,2026-03-04 17:53,ENG-1217,SUP-023,EMP224,TL-099,,Valid,Valid
M11028,*************4028,WO14028,SUV Pro,GA-2,STN-05,2026-03-04 17:55,ENG-1469,SUP-165,EMP112,TL-066,A,Valid,Valid
M11029,*************4029,WO14029,Sedan X,GA-2,STN-05,2026-03-04 17:56,ENG-1325,SUP-110,EMP366,TL-009,C,Valid,Valid
M11030,*************4030,WO14030,Hatch Z,PAINT-1,STN-03,2026-03-04 17:57,ENG-1234,SUP-179,EMP231,TL-099,,Valid,Valid
M11031,*************4031,WO14031,Sedan X,PAINT-1,STN-05,2026-03-04 17:58,ENG-1112,SUP-019,EMP145,TL-005,C,Valid,Valid
M11032,*************4032,WO14032,Hatch Z,GA-2,STN-05,2026-03-04 18:00,ENG-1399,SUP-190,EMP225,TL-002,,Valid,Valid
M11033,*************4033,WO14033,SUV Pro,GA-2,STN-05,2026-03-04 18:01,ENG-1229,SUP-159,EMP357,TL-038,B,Valid,Valid
M11034,*************4034,WO14034,Sedan X,GA-1,STN-05,2026-03-04 18:02,ENG-1157,SUP-036,EMP316,TL-078,B,Valid,Valid
M11035,*************4035,WO14035,SUV Pro,TRIM-1,STN-05,2026-03-04 18:03,ENG-1442,SUP-092,EMP114,TL-097,A,Valid,Valid
M11036,*************4036,WO14036,SUV Pro,TRIM-1,STN-04,2026-03-04 18:05,ENG-1245,SUP-177,EMP150,TL-066,,Valid,Valid
M11037,*************4037,WO14037,SUV Pro,TRIM-1,STN-03,2026-03-04 18:06,ENG-1459,SUP-033,EMP371,TL-070,B,Valid,Valid
M11038,*************4038,WO14038,SUV Pro,GA-2,STN-04,2026-03-04 18:07,ENG-1278,SUP-135,EMP283,TL-004,A,Valid,Valid
M11039,*************4039,WO14039,Hatch Z,TRIM-1,STN-03,2026-03-04 18:08,ENG-1400,SUP-164,EMP182,TL-059,,Valid,Valid
M11040,*************4040,WO14040,Sedan X,GA-2,STN-02,2026-03-04 18:10,ENG-1217,SUP-111,EMP322,TL-057,A,Valid,Valid
M11041,*************4041,WO14041,Hatch Z,GA-2,STN-04,2026-03-04 18:11,ENG-1329,SUP-102,EMP143,TL-051,C,Valid,Valid
M11042,*************4042,WO14042,Sedan X,GA-2,STN-05,2026-03-04 18:12,ENG-1469,SUP-165,EMP375,TL-078,A,Valid,Valid
M11043,*************4043,WO14043,SUV Pro,PAINT-1,STN-05,2026-03-04 18:13,ENG-1298,SUP-062,EMP262,TL-073,A,Valid,Valid
M11044,*************4044,WO14044,Sedan X,PAINT-1,STN-03,2026-03-04 18:15,ENG-1318,SUP-123,EMP345,TL-060,B,Valid,Valid
M11045,*************4045,WO14045,SUV Pro,PAINT-1,STN-05,2026-03-04 18:16,ENG-1428,SUP-127,EMP294,TL-038,A,Valid,Valid
M11046,*************4046,WO14046,Hatch Z,GA-2,STN-05,2026-03-04 18:17,ENG-1189,SUP-190,EMP372,TL-004,C,Valid,Valid
M11047,*************4047,WO14047,Sedan X,GA-1,STN-05,2026-03-04 18:18,ENG-1481,SUP-075,EMP163,TL-099,,Valid,Valid
M11048,*************4048,WO14048,Sedan X,TRIM-1,STN-03,2026-03-04 18:20,ENG-1247,SUP-142,EMP398,TL-025,A,Valid,Valid
M11049,*************4049,WO14049,Sedan X,PAINT-1,STN-03,2026-03-04 18:21,ENG-1202,SUP-090,EMP147,TL-069,,Valid,Valid
M11050,*************4050,WO14050,Sedan X,GA-1,STN-03,2026-03-04 18:22,ENG-1157,SUP-135,EMP319,TL-006,A,Valid,Valid
M11051,*************4051,WO14051,Hatch Z,PAINT-1,STN-03,2026-03-04 18:23,ENG-1022,SUP-002,EMP194,TL-034,C,Valid,Valid
M11052,*************4052,WO14052,Hatch Z,GA-2,STN-05,2026-03-04 18:25,ENG-1485,SUP-115,EMP387,TL-063,C,Valid,Valid
M11053,*************4053,WO14053,Hatch Z,TRIM-1,STN-01,2026-03-04 18:26,ENG-1320,SUP-060,EMP108,TL-100,B,Valid,Valid
M11054,*************4054,WO14054,Hatch Z,GA-2,STN-01,2026-03-04 18:27,ENG-1063,SUP-027,EMP176,TL-044,A,Valid,Valid
M11055,*************4055,WO14055,Sedan X,TRIM-1,STN-03,2026-03-04 18:28,ENG-1320,SUP-010,EMP352,TL-036,B,Valid,Valid
M11056,*************4056,WO14056,Hatch Z,GA-1,STN-04,2026-03-04 18:30,ENG-1338,SUP-165,EMP276,TL-020,B,Valid,Valid
M11057,*************4057,WO14057,Sedan X,GA-2,STN-03,2026-03-04 18:31,ENG-1096,SUP-105,EMP207,TL-016,A,Valid,Valid
M11058,*************4058,WO14058,SUV Pro,GA-2,STN-01,2026-03-04 18:32,ENG-1006,SUP-128,EMP200,TL-003,B,Valid,Valid
M11059,*************4059,WO14059,SUV Pro,GA-2,STN-04,2026-03-04 18:33,ENG-1333,SUP-182,EMP316,TL-018,C,Valid,Valid
M11060,*************4060,WO14060,Hatch Z,TRIM-1,STN-03,2026-03-04 18:35,ENG-1001,SUP-062,EMP340,TL-095,C,Valid,Valid
M11061,*************4061,WO14061,Sedan X,PAINT-1,STN-04,2026-03-04 18:36,ENG-1452,SUP-177,EMP147,TL-083,C,Valid,Valid
M11062,*************4062,WO14062,SUV Pro,TRIM-1,STN-05,2026-03-04 18:37,ENG-1492,SUP-153,EMP288,TL-053,,Valid,Valid
M11063,*************4063,WO14063,SUV Pro,GA-1,STN-05,2026-03-04 18:38,ENG-1194,SUP-139,EMP352,TL-999,B,Valid,Valid
M11064,*************4064,WO14064,SUV Pro,PAINT-1,STN-03,2026-03-04 18:40,ENG-1481,SUP-096,EMP212,TL-033,C,Valid,Valid
M11065,*************4065,WO14065,Hatch Z,GA-1,STN-03,2026-03-04 18:41,ENG-1194,SUP-168,EMP319,TL-071,,Valid,Valid
M11066,*************4066,WO14066,SUV Pro,GA-2,STN-05,2026-03-04 18:42,ENG-1382,SUP-069,EMP359,TL-026,C,Valid,Valid
M11067,*************4067,WO14067,Hatch Z,GA-2,STN-05,2026-03-04 18:43,ENG-1481,SUP-091,EMP380,TL-055,B,Valid,Valid
M11068,*************4068,WO14068,SUV Pro,TRIM-1,STN-02,2026-03-04 18:45,ENG-1222,SUP-101,EMP253,TL-067,C,Valid,Valid
M11069,*************4069,WO14069,Sedan X,GA-2,STN-01,2026-03-04 18:46,ENG-1440,SUP-170,EMP335,TL-061,C,Valid,Valid
M11070,*************4070,WO14070,Hatch Z,TRIM-1,STN-01,2026-03-04 18:47,ENG-1473,SUP-131,EMP248,TL-032,B,Valid,Valid
M11071,*************4071,WO14071,Hatch Z,TRIM-1,STN-03,2026-03-04 18:48,ENG-1411,SUP-157,EMP387,TL-028,C,Valid,Valid
M11072,*************4072,WO14072,SUV Pro,GA-2,STN-03,2026-03-04 18:50,ENG-1499,SUP-187,EMP320,TL-077,C,Valid,Valid
M11073,*************4073,WO14073,Hatch Z,GA-1,STN-03,2026-03-04 18:51,ENG-1012,SUP-196,EMP256,TL-041,A,Valid,Valid
M11074,*************4074,WO14074,SUV Pro,GA-1,STN-05,2026-03-04 18:52,ENG-1089,SUP-137,EMP237,TL-052,,Valid,Valid
M11075,*************4075,WO14075,Sedan X,GA-1,STN-01,2026-03-04 18:53,ENG-1234,SUP-051,EMP243,TL-023,B,Valid,Valid
M11076,*************4076,WO14076,Hatch Z,GA-1,STN-05,2026-03-04 18:55,ENG-1239,SUP-115,EMP216,TL-095,,Valid,Valid
M11077,*************4077,WO14077,Sedan X,PAINT-1,STN-03,2026-03-04 18:56,ENG-1325,SUP-089,EMP102,TL-031,A,Valid,Valid
M11078,*************4078,WO14078,Sedan X,TRIM-1,STN-02,2026-03-04 18:57,ENG-1171,SUP-144,EMP279,TL-015,C,Valid,Valid
M11079,*************4079,WO14079,Sedan X,GA-2,STN-05,2026-03-04 18:58,ENG-1356,SUP-163,EMP102,TL-039,C,Valid,Valid
M11080,*************4080,WO14080,Sedan X,GA-2,STN-05,2026-03-04 19:00,ENG-1048,SUP-080,EMP207,TL-044,B,Valid,Valid
M11081,*************4081,WO14081,Sedan X,GA-2,STN-04,2026-03-04 19:01,ENG-1305,SUP-068,EMP219,TL-029,,Valid,Valid
M11082,*************4082,WO14082,Hatch Z,PAINT-1,STN-02,2026-03-04 19:02,ENG-1040,SUP-185,EMP151,TL-015,B,Valid,Valid
M11083,*************4083,WO14083,Sedan X,PAINT-1,STN-05,2026-03-04 19:03,ENG-1014,SUP-071,EMP185,TL-052,C,Valid,Valid
M11084,*************4084,WO14084,Sedan X,TRIM-1,STN-03,2026-03-04 19:05,ENG-1135,SUP-039,EMP382,TL-056,,Valid,Valid
M11085,*************4085,WO14085,Sedan X,PAINT-1,STN-01,2026-03-04 19:06,ENG-1354,SUP-014,EMP368,TL-047,,Valid,Valid
M11086,*************4086,WO14086,Sedan X,GA-2,STN-05,2026-03-04 19:07,ENG-1366,SUP-174,EMP279,TL-045,C,Valid,Valid
M11087,*************4087,WO14087,SUV Pro,GA-1,STN-03,2026-03-04 19:08,ENG-1323,SUP-194,EMP320,TL-006,A,Valid,Valid
M11088,*************4088,WO14088,Hatch Z,GA-2,STN-03,2026-03-04 19:10,ENG-1048,SUP-021,EMP344,TL-086,C,Valid,Valid
M11089,*************4089,WO14089,SUV Pro,PAINT-1,STN-03,2026-03-04 19:11,ENG-1386,SUP-176,EMP212,TL-089,,Valid,Valid
M11090,*************4090,WO14090,Hatch Z,GA-1,STN-03,2026-03-04 19:12,ENG-1213,SUP-035,EMP342,TL-024,A,Valid,Valid
M11091,*************4091,WO14091,SUV Pro,TRIM-1,STN-02,2026-03-04 19:13,ENG-1126,SUP-114,EMP228,TL-050,A,Valid,Valid
M11092,*************4092,WO14092,Sedan X,GA-1,STN-05,2026-03-04 19:15,ENG-1162,SUP-122,EMP291,TL-055,B,Valid,Valid
M11093,*************4093,WO14093,SUV Pro,PAINT-1,STN-01,2026-03-04 19:16,ENG-1088,SUP-193,EMP317,TL-004,C,Valid,Valid
M11094,*************4094,WO14094,Hatch Z,GA-1,STN-05,2026-03-04 19:17,ENG-1499,SUP-168,EMP326,TL-051,B,Valid,Valid
M11095,*************4095,WO14095,Sedan X,GA-1,STN-04,2026-03-04 19:18,ENG-1292,SUP-060,EMP142,TL-078,,Valid,Valid
M11096,*************4096,WO14096,Sedan X,GA-1,STN-03,2026-03-04 19:20,ENG-1432,SUP-061,EMP272,TL-010,,Valid,Valid
M11097,*************4097,WO14097,Hatch Z,TRIM-1,STN-01,2026-03-04 19:21,ENG-1159,SUP-086,EMP116,TL-092,C,Valid,Valid
M11098,*************4098,WO14098,Hatch Z,GA-2,STN-03,2026-03-04 19:22,ENG-1064,SUP-174,EMP314,TL-057,B,Valid,Valid
M11099,*************4099,WO14099,Hatch Z,GA-1,STN-02,2026-03-04 19:23,ENG-1487,SUP-195,EMP210,TL-036,B,Valid,Valid
M11100,*************4100,WO14100,Hatch Z,GA-1,STN-03,2026-03-04 19:25,ENG-1257,SUP-089,EMP146,TL-085,C,Valid,Valid
M11101,*************4101,WO14101,Hatch Z,GA-2,STN-01,2026-03-04 19:26,ENG-1074,SUP-095,EMP224,TL-052,C,Valid,Valid
M11102,*************4102,WO14102,SUV Pro,GA-1,STN-03,2026-03-04 19:27,ENG-1347,SUP-038,EMP383,TL-023,B,Valid,Valid
M11103,*************4103,WO14103,Sedan X,GA-2,STN-03,2026-03-04 19:28,ENG-1067,SUP-121,EMP285,TL-099,C,Valid,Valid
M11104,*************4104,WO14104,SUV Pro,TRIM-1,STN-04,2026-03-04 19:30,ENG-1094,SUP-156,EMP132,TL-015,C,Valid,Valid
M11105,*************4105,WO14105,SUV Pro,GA-1,STN-05,2026-03-04 19:31,ENG-1146,SUP-161,EMP232,TL-025,A,Valid,Valid
M11106,*************4106,WO14106,Hatch Z,GA-2,STN-05,2026-03-04 19:32,ENG-1153,SUP-064,EMP323,TL-079,C,Valid,Valid
M11107,*************4107,WO14107,Sedan X,GA-1,STN-01,2026-03-04 19:33,ENG-1351,SUP-168,EMP180,TL-086,,Valid,Valid
M11108,*************4108,WO14108,SUV Pro,GA-1,STN-05,2026-03-04 19:35,ENG-1328,SUP-028,EMP264,TL-003,,Valid,Valid
M11109,*************4109,WO14109,Sedan X,GA-1,STN-05,2026-03-04 19:36,ENG-1479,SUP-120,EMP164,TL-050,C,Valid,Valid
M11110,*************4110,WO14110,Sedan X,TRIM-1,STN-02,2026-03-04 19:37,ENG-1438,SUP-042,EMP360,TL-015,,Valid,Valid
M11111,*************4111,WO14111,Sedan X,GA-1,STN-05,2026-03-04 19:38,ENG-1027,SUP-188,EMP357,TL-063,B,Valid,Valid
M11112,*************4112,WO14112,Hatch Z,GA-2,STN-02,2026-03-04 19:40,ENG-1050,SUP-152,EMP381,TL-032,,Valid,Valid
M11113,*************4113,WO14113,Hatch Z,GA-1,STN-03,2026-03-04 19:41,ENG-1164,SUP-114,EMP211,TL-087,,Valid,Valid
M11114,*************4114,WO14114,SUV Pro,TRIM-1,STN-01,2026-03-04 19:42,ENG-1395,SUP-007,EMP283,TL-018,,Valid,Valid
M11115,*************4115,WO14115,SUV Pro,GA-1,STN-04,2026-03-04 19:43,ENG-1329,SUP-075,EMP277,TL-077,A,Valid,Valid
M11116,*************4116,WO14116,SUV Pro,GA-2,STN-01,2026-03-04 19:45,ENG-1130,SUP-071,EMP262,TL-007,A,Valid,Valid
M11117,*************4117,WO14117,Sedan X,GA-1,STN-02,2026-03-04 19:46,ENG-1397,SUP-166,EMP293,TL-096,B,Valid,Valid
M11118,*************4118,WO14118,Hatch Z,TRIM-1,STN-05,2026-03-04 19:47,ENG-1313,SUP-009,EMP209,TL-096,C,Valid,Valid
M11119,*************4119,WO14119,Hatch Z,PAINT-1,STN-01,2026-03-04 19:48,ENG-1087,SUP-153,EMP261,TL-065,,Valid,Valid
M11120,*************4120,WO14120,SUV Pro,TRIM-1,STN-01,2026-03-04 19:50,ENG-1121,SUP-167,EMP124,TL-035,A,Valid,Valid
M11121,*************4121,WO14121,Hatch Z,GA-2,STN-03,2026-03-04 19:51,ENG-1208,SUP-176,EMP335,TL-087,C,Valid,Valid
M11122,*************4122,WO14122,SUV Pro,GA-1,STN-05,2026-03-04 19:52,ENG-1364,SUP-186,EMP174,TL-031,,Valid,Valid
M11123,*************4123,WO14123,Hatch Z,GA-1,STN-01,2026-03-04 19:53,ENG-1038,SUP-063,EMP381,TL-086,B,Valid,Valid
M11124,*************4124,WO14124,SUV Pro,GA-2,STN-01,2026-03-04 19:55,ENG-1024,SUP-193,EMP260,TL-013,B,Valid,Valid
M11125,*************4125,WO14125,Sedan X,PAINT-1,STN-04,2026-03-04 19:56,ENG-1030,SUP-026,EMP379,TL-040,B,Valid,Valid
M11126,*************4126,WO14126,Sedan X,GA-1,STN-01,2026-03-04 19:57,ENG-1120,SUP-138,EMP380,TL-022,C,Valid,Valid
M11127,*************4127,WO14127,Sedan X,GA-2,STN-01,2026-03-04 19:58,ENG-1394,SUP-141,EMP200,TL-088,A,Valid,Valid
M11128,*************4128,WO14128,Hatch Z,TRIM-1,STN-05,2026-03-04 20:00,ENG-1062,SUP-186,EMP310,TL-029,,Valid,Valid
M11129,*************4129,WO14129,Sedan X,GA-2,STN-05,2026-03-04 20:01,ENG-1289,SUP-174,EMP144,TL-084,,Valid,Valid
M11130,*************4130,WO14130,Sedan X,TRIM-1,STN-05,2026-03-04 20:02,ENG-1006,SUP-120,EMP361,TL-076,C,Valid,Valid
M11131,*************4131,WO14131,Hatch Z,TRIM-1,STN-04,2026-03-04 20:03,ENG-1246,SUP-048,EMP123,TL-006,A,Valid,Valid
M11132,*************4132,WO14132,SUV Pro,GA-2,STN-01,2026-03-04 20:05,ENG-1131,SUP-179,EMP151,TL-100,A,Valid,Valid
M11133,*************4133,WO14133,SUV Pro,GA-1,STN-04,2026-03-04 20:06,ENG-1058,SUP-112,EMP223,TL-035,C,Valid,Valid
M11134,*************4134,WO14134,Sedan X,PAINT-1,STN-01,2026-03-04 20:07,ENG-1092,SUP-056,EMP334,TL-001,C,Valid,Valid
M11135,*************4135,WO14135,Sedan X,GA-1,STN-03,2026-03-04 20:08,ENG-1299,SUP-193,EMP141,TL-080,C,Valid,Valid
M11136,*************4136,WO14136,Hatch Z,PAINT-1,STN-03,2026-03-04 20:10,ENG-1132,SUP-094,EMP315,TL-078,,Valid,Valid
M11137,*************4137,WO14137,Sedan X,TRIM-1,STN-03,2026-03-04 20:11,ENG-1173,SUP-100,EMP158,TL-077,B,Valid,Valid
M11138,*************4138,WO14138,SUV Pro,TRIM-1,STN-04,2026-03-04 20:12,ENG-1040,SUP-061,EMP324,TL-058,A,Valid,Valid
M11139,*************4139,WO14139,Hatch Z,TRIM-1,STN-03,2026-03-04 20:13,ENG-1072,SUP-109,EMP223,TL-075,C,Valid,Valid
M11140,*************4140,WO14140,SUV Pro,GA-1,STN-02,2026-03-04 20:15,ENG-1379,SUP-103,EMP295,TL-100,,Valid,Valid
M11141,*************4141,WO14141,Hatch Z,GA-2,STN-01,2026-03-04 20:16,ENG-1190,SUP-094,EMP353,TL-027,,Valid,Valid
M11142,*************4142,WO14142,Sedan X,GA-2,STN-05,2026-03-04 20:17,ENG-1433,SUP-135,EMP344,TL-096,C,Valid,Valid
M11143,*************4143,WO14143,Sedan X,GA-2,STN-05,2026-03-04 20:18,ENG-1071,SUP-056,EMP247,TL-086,,Valid,Valid
M11144,*************4144,WO14144,Sedan X,PAINT-1,STN-03,2026-03-04 20:20,ENG-1403,SUP-101,EMP295,TL-023,,Valid,Valid
M11145,*************4145,WO14145,SUV Pro,GA-2,STN-05,2026-03-04 20:21,ENG-1111,SUP-001,EMP251,TL-088,A,Valid,Valid
M11146,*************4146,WO14146,Sedan X,TRIM-1,STN-04,2026-03-04 20:22,ENG-1398,SUP-025,EMP252,TL-023,A,Valid,Valid
M11147,*************4147,WO14147,SUV Pro,GA-2,STN-03,2026-03-04 20:23,ENG-1261,SUP-059,EMP157,TL-077,,Valid,Valid
M11148,*************4148,WO14148,Hatch Z,TRIM-1,STN-02,2026-03-04 20:25,ENG-1454,SUP-107,EMP234,TL-062,A,Valid,Valid
M11149,*************4149,WO14149,SUV Pro,TRIM-1,STN-03,2026-03-04 20:26,ENG-1193,SUP-138,EMP389,TL-050,,Valid,Valid
M11150,*************4150,WO14150,Sedan X,GA-2,STN-04,2026-03-04 20:27,ENG-1282,SUP-144,EMP218,TL-001,A,Valid,Valid
M11151,*************4151,WO14151,SUV Pro,GA-2,STN-04,2026-03-04 20:28,ENG-1349,SUP-155,EMP216,TL-052,B,Valid,Valid
M11152,*************4152,WO14152,Hatch Z,GA-1,STN-03,2026-03-04 20:30,ENG-1176,SUP-148,EMP192,TL-096,B,Valid,Valid
M11153,*************4153,WO14153,Hatch Z,GA-1,STN-05,2026-03-04 20:31,ENG-1329,SUP-043,EMP347,TL-008,,Valid,Valid
M11154,*************4154,WO14154,SUV Pro,GA-2,STN-03,2026-03-04 20:32,ENG-1032,SUP-012,EMP235,TL-007,,Valid,Valid
M11155,*************4155,WO14155,Hatch Z,GA-2,STN-05,2026-03-04 20:33,ENG-1048,SUP-021,EMP378,TL-058,B,Valid,Valid
M11156,*************4156,WO14156,Sedan X,GA-2,STN-03,2026-03-04 20:35,ENG-1245,SUP-032,EMP365,TL-025,A,Valid,Valid
M11157,*************4157,WO14157,Sedan X,GA-1,STN-04,2026-03-04 20:36,ENG-1356,SUP-150,EMP305,TL-084,A,Valid,Valid
M11158,*************4158,WO14158,SUV Pro,PAINT-1,STN-05,2026-03-04 20:37,ENG-1229,SUP-135,EMP366,TL-084,C,Valid,Valid
M11159,*************4159,WO14159,Hatch Z,TRIM-1,STN-03,2026-03-04 20:38,ENG-1297,SUP-158,EMP329,TL-080,A,Valid,Valid
M11160,*************4160,WO14160,SUV Pro,GA-2,STN-03,2026-03-04 20:40,ENG-1069,SUP-028,EMP351,TL-016,A,Valid,Valid
M11161,*************4161,WO14161,SUV Pro,TRIM-1,STN-03,2026-03-04 20:41,ENG-1171,SUP-107,EMP282,TL-067,A,Valid,Valid
M11162,*************4162,WO14162,Hatch Z,GA-1,STN-01,2026-03-04 20:42,ENG-1221,SUP-020,EMP352,TL-028,C,Valid,Valid
M11163,*************4163,WO14163,SUV Pro,GA-2,STN-01,2026-03-04 20:43,ENG-1208,SUP-052,EMP148,TL-022,,Valid,Valid
M11164,*************4164,WO14164,SUV Pro,PAINT-1,STN-04,2026-03-04 20:45,ENG-1418,SUP-046,EMP312,TL-014,,Valid,Valid
M11165,*************4165,WO14165,Hatch Z,PAINT-1,STN-05,2026-03-04 20:46,ENG-1210,SUP-056,EMP349,TL-072,A,Valid,Valid
M11166,*************4166,WO14166,Sedan X,GA-2,STN-05,2026-03-04 20:47,ENG-1436,SUP-177,EMP397,TL-075,A,Valid,Valid
M11167,*************4167,WO14167,SUV Pro,GA-2,STN-05,2026-03-04 20:48,ENG-1024,SUP-030,EMP206,TL-083,A,Valid,Valid
M11168,*************4168,WO14168,SUV Pro,GA-1,STN-04,2026-03-04 20:50,ENG-1252,SUP-090,EMP196,TL-088,B,Valid,Valid
M11169,*************4169,WO14169,Sedan X,TRIM-1,STN-02,2026-03-04 20:51,ENG-1410,SUP-177,EMP199,TL-054,A,Valid,Valid
M11170,*************4170,WO14170,Sedan X,GA-1,STN-04,2026-03-04 20:52,ENG-1314,SUP-135,EMP268,TL-035,A,Valid,Valid
M11171,*************4171,WO14171,Sedan X,PAINT-1,STN-05,2026-03-04 20:53,ENG-1308,SUP-015,EMP224,TL-061,B,Valid,Valid
M11172,*************4172,WO14172,Hatch Z,PAINT-1,STN-05,2026-03-04 20:55,ENG-1151,SUP-096,EMP364,TL-100,C,Valid,Valid
M11173,*************4173,WO14173,Hatch Z,GA-2,STN-03,2026-03-04 20:56,ENG-1355,SUP-108,EMP220,TL-088,A,Valid,Valid
M11174,*************4174,WO14174,Sedan X,TRIM-1,STN-03,2026-03-04 20:57,ENG-1142,SUP-188,EMP211,TL-078,B,Valid,Valid
M11175,*************4175,WO14175,Sedan X,PAINT-1,STN-03,2026-03-04 20:58,ENG-1492,SUP-088,EMP154,TL-057,C,Valid,Valid
M11176,*************4176,WO14176,Sedan X,GA-2,STN-03,2026-03-04 21:00,ENG-1285,SUP-018,EMP230,TL-064,,Valid,Valid
M11177,*************4177,WO14177,Sedan X,GA-1,STN-03,2026-03-04 21:01,ENG-1360,SUP-047,EMP196,TL-052,A,Valid,Valid
M11178,*************4178,WO14178,Sedan X,TRIM-1,STN-02,2026-03-04 21:02,ENG-1292,SUP-154,EMP233,TL-046,C,Valid,Valid
M11179,*************4179,WO14179,Sedan X,GA-2,STN-05,2026-03-04 21:03,ENG-1395,SUP-143,EMP228,TL-041,B,Valid,Valid
M11180,*************4180,WO14180,Sedan X,PAINT-1,STN-04,2026-03-04 21:05,ENG-1111,SUP-199,EMP126,TL-078,B,Valid,Valid
M11181,*************4181,WO14181,Sedan X,TRIM-1,STN-05,2026-03-04 21:06,ENG-1204,SUP-134,EMP272,TL-100,A,Valid,Valid
M11182,*************4182,WO14182,Hatch Z,TRIM-1,STN-05,2026-03-04 21:07,ENG-1338,SUP-079,EMP285,TL-999,,Valid,Valid
M11183,*************4183,WO14183,Sedan X,PAINT-1,STN-05,2026-03-04 21:08,ENG-1016,SUP-144,EMP190,TL-090,A,Valid,Valid
M11184,*************4184,WO14184,SUV Pro,TRIM-1,STN-05,2026-03-04 21:10,ENG-1397,SUP-049,EMP268,TL-084,A,Valid,Valid
M11185,*************4185,WO14185,SUV Pro,TRIM-1,STN-05,2026-03-04 21:11,ENG-1032,SUP-018,EMP205,TL-028,,Valid,Valid
M11186,*************4186,WO14186,Sedan X,TRIM-1,STN-04,2026-03-04 21:12,ENG-1014,SUP-123,EMP169,TL-016,,Valid,Valid
M11187,*************4187,WO14187,Hatch Z,GA-2,STN-05,2026-03-04 21:13,ENG-1150,SUP-003,EMP192,TL-040,B,Valid,Valid
M11188,*************4188,WO14188,Hatch Z,GA-2,STN-05,2026-03-04 21:15,ENG-1087,SUP-189,EMP238,TL-013,B,Valid,Valid
M11189,*************4189,WO14189,Sedan X,TRIM-1,STN-05,2026-03-04 21:16,ENG-1467,SUP-063,EMP194,TL-094,B,Valid,Valid
M11190,*************4190,WO14190,SUV Pro,PAINT-1,STN-03,2026-03-04 21:17,ENG-1461,SUP-004,EMP148,TL-070,A,Valid,Valid
M11191,*************4191,WO14191,Hatch Z,PAINT-1,STN-03,2026-03-04 21:18,ENG-1137,SUP-044,EMP251,TL-098,C,Valid,Valid
M11192,*************4192,WO14192,Sedan X,GA-1,STN-02,2026-03-04 21:20,ENG-1354,SUP-072,EMP225,TL-097,C,Valid,Valid
M11193,*************4193,WO14193,Sedan X,PAINT-1,STN-04,2026-03-04 21:21,ENG-1210,SUP-090,EMP146,TL-016,,Valid,Valid
M11194,*************4194,WO14194,Hatch Z,GA-1,STN-03,2026-03-04 21:22,ENG-1213,SUP-071,EMP104,TL-079,C,Valid,Valid
M11195,*************4195,WO14195,Sedan X,PAINT-1,STN-04,2026-03-04 21:23,ENG-1179,SUP-050,EMP376,TL-080,A,Valid,Valid
M11196,*************4196,WO14196,Sedan X,TRIM-1,STN-01,2026-03-04 21:25,ENG-1163,SUP-080,EMP168,TL-039,C,Valid,Valid
M11197,*************4197,WO14197,Sedan X,GA-1,STN-05,2026-03-04 21:26,ENG-1465,SUP-046,EMP297,TL-010,A,Valid,Valid
M11198,*************4198,WO14198,Sedan X,GA-2,STN-03,2026-03-04 21:27,ENG-1196,SUP-082,EMP236,TL-024,B,Valid,Valid
M11199,*************4199,WO14199,Sedan X,GA-2,STN-02,2026-03-04 21:28,ENG-1245,SUP-098,EMP295,TL-056,,Valid,Valid
M11200,*************4200,WO14200,Hatch Z,GA-2,STN-03,2026-03-04 21:30,ENG-1085,SUP-146,EMP277,TL-030,B,Valid,Valid
M11201,*************4201,WO14201,Hatch Z,TRIM-1,STN-01,2026-03-04 21:31,ENG-1291,SUP-065,EMP147,TL-009,B,Valid,Valid
M11202,*************4202,WO14202,Hatch Z,GA-1,STN-03,2026-03-04 21:32,ENG-1318,SUP-060,EMP256,TL-017,C,Valid,Valid
M11203,*************4203,WO14203,Hatch Z,GA-2,STN-03,2026-03-04 21:33,ENG-1001,SUP-097,EMP317,TL-087,B,Valid,Valid
M11204,*************4204,WO14204,Hatch Z,GA-2,STN-03,2026-03-04 21:35,ENG-1209,SUP-049,EMP203,TL-039,B,Valid,Valid
M11205,*************4205,WO14205,Sedan X,PAINT-1,STN-02,2026-03-04 21:36,ENG-1001,SUP-121,EMP289,TL-014,,Valid,Valid
M11206,*************4206,WO14206,SUV Pro,PAINT-1,STN-05,2026-03-04 21:37,ENG-1019,SUP-130,EMP322,TL-100,C,Valid,Valid
M11207,*************4207,WO14207,SUV Pro,GA-2,STN-03,2026-03-04 21:38,ENG-1127,SUP-187,EMP387,TL-023,,Valid,Valid
M11208,*************4208,WO14208,Hatch Z,GA-2,STN-05,2026-03-04 21:40,ENG-1168,SUP-088,EMP110,TL-058,C,Valid,Valid
M11209,*************4209,WO14209,Sedan X,PAINT-1,STN-03,2026-03-04 21:41,ENG-1426,SUP-006,EMP395,TL-045,B,Valid,Valid
M11210,*************4210,WO14210,Hatch Z,PAINT-1,STN-05,2026-03-04 21:42,ENG-1139,SUP-123,EMP104,TL-032,,Valid,Valid
M11211,*************4211,WO14211,Hatch Z,TRIM-1,STN-03,2026-03-04 21:43,ENG-1167,SUP-054,EMP265,TL-077,A,Valid,Valid
M11212,*************4212,WO14212,SUV Pro,TRIM-1,STN-03,2026-03-04 21:45,ENG-1022,SUP-067,EMP334,TL-016,B,Valid,Valid
M11213,*************4213,WO14213,Sedan X,GA-1,STN-03,2026-03-04 21:46,ENG-1303,SUP-151,EMP274,TL-036,B,Valid,Valid
M11214,*************4214,WO14214,Hatch Z,TRIM-1,STN-02,2026-03-04 21:47,ENG-1478,SUP-071,EMP245,TL-095,,Valid,Valid
M11215,*************4215,WO14215,Hatch Z,TRIM-1,STN-05,2026-03-04 21:48,ENG-1492,SUP-112,EMP320,TL-058,C,Valid,Valid
M11216,*************4216,WO14216,SUV Pro,GA-1,STN-04,2026-03-04 21:50,ENG-1358,SUP-028,EMP334,TL-090,A,Valid,Valid
M11217,*************4217,WO14217,SUV Pro,GA-1,STN-01,2026-03-04 21:51,ENG-1433,SUP-067,EMP325,TL-011,A,Valid,Valid
M11218,*************4218,WO14218,Sedan X,GA-2,STN-03,2026-03-04 21:52,ENG-1268,,EMP233,TL-092,,Valid,Valid
M11219,*************4219,WO14219,Sedan X,PAINT-1,STN-04,2026-03-04 21:53,ENG-1245,SUP-092,EMP314,TL-056,C,Valid,Valid
M11220,*************4220,WO14220,Sedan X,PAINT-1,STN-01,2026-03-04 21:59,ENG-1277,SUP-187,EMP358,TL-055,A,Valid,Valid
M11221,*************4221,WO14221,Hatch Z,GA-1,STN-04,2026-03-04 21:56,ENG-1251,SUP-170,EMP249,TL-034,B,Valid,Valid
M11222,*************4222,WO14222,Sedan X,PAINT-1,STN-05,2026-03-04 21:57,ENG-1106,SUP-095,EMP322,TL-074,C,Valid,Valid
M11223,*************4223,WO14223,Sedan X,PAINT-1,STN-03,2026-03-04 21:58,ENG-1388,SUP-005,EMP271,TL-999,,Valid,Valid
M11224,*************4224,WO14224,SUV Pro,GA-2,STN-04,2026-03-04 22:00,ENG-1175,SUP-080,EMP123,TL-018,C,Valid,Valid
M11225,*************4225,WO14225,Sedan X,TRIM-1,STN-01,2026-03-04 22:01,ENG-1241,SUP-180,EMP374,TL-076,B,Valid,Valid
M11226,*************4226,WO14226,SUV Pro,TRIM-1,STN-01,2026-03-04 22:02,ENG-1153,SUP-009,EMP166,TL-043,A,Valid,Valid
M11227,*************4227,WO14227,Hatch Z,GA-2,STN-05,2026-03-04 22:03,ENG-1165,SUP-181,EMP351,TL-055,B,Valid,Valid
M11228,*************4228,WO14228,SUV Pro,PAINT-1,STN-05,2026-03-04 22:05,ENG-1404,SUP-019,EMP310,TL-098,B,Valid,Valid
M11229,*************4229,WO14229,Hatch Z,PAINT-1,STN-05,2026-03-04 22:06,ENG-1125,SUP-195,EMP308,TL-072,A,Valid,Valid
M11230,*************4230,WO14230,Hatch Z,TRIM-1,STN-02,2026-03-04 22:07,ENG-1165,SUP-132,EMP279,TL-029,A,Valid,Valid
M11231,*************4231,WO14231,Hatch Z,GA-1,STN-01,2026-03-04 22:08,ENG-1394,SUP-021,EMP172,TL-057,,Valid,Valid
M11232,*************4232,WO14232,Hatch Z,PAINT-1,STN-01,2026-03-04 22:10,ENG-1495,SUP-157,EMP206,TL-001,C,Valid,Valid
M11233,*************4233,WO14233,Hatch Z,PAINT-1,STN-02,2026-03-04 22:11,ENG-1464,SUP-182,EMP350,TL-059,C,Valid,Valid
M11234,*************4234,WO14234,Hatch Z,TRIM-1,STN-03,2026-03-04 22:12,ENG-1243,SUP-013,EMP210,TL-050,C,Valid,Valid
M11235,*************4235,WO14235,SUV Pro,GA-2,STN-01,2026-03-04 22:13,ENG-1484,SUP-050,EMP316,TL-028,C,Valid,Valid
M11236,*************4236,WO14236,SUV Pro,PAINT-1,STN-02,2026-03-04 22:15,ENG-1321,SUP-153,EMP232,TL-052,,Valid,Valid
M11237,*************4237,WO14237,Hatch Z,GA-2,STN-02,2026-03-04 22:16,ENG-1053,SUP-138,EMP136,TL-087,B,Valid,Valid
M11238,*************4238,WO14238,Sedan X,GA-2,STN-03,2026-03-04 22:17,ENG-1225,SUP-174,EMP315,TL-012,,Valid,Valid
M11239,*************4239,WO14239,Hatch Z,GA-1,STN-04,2026-03-04 22:18,ENG-1451,SUP-057,EMP163,TL-058,C,Valid,Valid
M11240,*************4240,WO14240,SUV Pro,PAINT-1,STN-04,2026-03-04 22:20,ENG-1236,SUP-110,EMP188,TL-087,,Valid,Valid
M11241,*************4241,WO14241,Sedan X,TRIM-1,STN-02,2026-03-04 22:21,ENG-1482,SUP-101,EMP327,TL-069,C,Valid,Valid
M11242,*************4242,WO14242,Hatch Z,GA-1,STN-05,2026-03-04 22:22,ENG-1314,SUP-142,EMP350,TL-064,C,Valid,Valid
M11243,*************4243,WO14243,SUV Pro,PAINT-1,STN-05,2026-03-04 22:23,ENG-1139,SUP-176,EMP246,TL-084,B,Valid,Valid
M11244,*************4244,WO14244,SUV Pro,PAINT-1,STN-02,2026-03-04 22:25,ENG-1300,SUP-091,EMP197,TL-058,,Valid,Valid
M11245,*************4245,WO14245,SUV Pro,GA-1,STN-03,2026-03-04 22:26,ENG-1401,SUP-062,EMP343,TL-050,,Valid,Valid
M11246,*************4246,WO14246,SUV Pro,TRIM-1,STN-03,2026-03-04 22:27,ENG-1012,SUP-068,EMP176,TL-003,,Valid,Valid
M11247,*************4247,WO14247,SUV Pro,TRIM-1,STN-03,2026-03-04 22:28,ENG-1041,SUP-079,EMP327,TL-045,B,Valid,Valid
M11248,*************4248,WO14248,SUV Pro,GA-1,STN-01,2026-03-04 22:30,ENG-1162,SUP-194,EMP341,TL-099,B,Valid,Valid
M11249,*************4249,WO14249,Hatch Z,GA-2,STN-01,2026-03-04 22:31,ENG-1318,SUP-151,EMP129,TL-999,A,Valid,Valid
M11250,*************4250,WO14250,Hatch Z,GA-1,STN-05,2026-03-04 22:32,ENG-1435,SUP-072,EMP117,TL-053,C,Valid,Valid
M11251,*************4251,WO14251,SUV Pro,PAINT-1,STN-05,2026-03-04 22:33,ENG-1259,SUP-039,EMP223,TL-096,C,Valid,Valid
M11252,*************4252,WO14252,Hatch Z,PAINT-1,STN-03,2026-03-04 22:35,ENG-1125,SUP-135,EMP270,TL-084,,Valid,Valid
M11253,*************4253,WO14253,SUV Pro,GA-2,STN-03,2026-03-04 22:36,ENG-1488,SUP-047,EMP202,TL-087,B,Valid,Valid
M11254,*************4254,WO14254,SUV Pro,TRIM-1,STN-01,2026-03-04 22:37,ENG-1323,SUP-175,EMP106,TL-005,C,Valid,Valid
M11255,*************4255,WO14255,SUV Pro,GA-1,STN-03,2026-03-04 22:38,ENG-1292,SUP-189,EMP140,TL-009,A,Valid,Valid
M11256,*************4256,WO14256,Hatch Z,GA-2,STN-03,2026-03-04 22:40,ENG-1157,SUP-150,EMP285,TL-054,A,Valid,Valid
M11257,*************4257,WO14257,Sedan X,TRIM-1,STN-03,2026-03-04 22:41,ENG-1160,SUP-021,EMP144,TL-071,A,Valid,Valid
M11258,*************4258,WO14258,Hatch Z,PAINT-1,STN-05,2026-03-04 22:42,ENG-1110,SUP-192,EMP329,TL-999,C,Valid,Valid
M11259,*************4259,WO14259,SUV Pro,TRIM-1,STN-01,2026-03-04 22:43,ENG-1159,SUP-187,EMP256,TL-061,,Valid,Valid
M11260,*************4260,WO14260,SUV Pro,GA-1,STN-05,2026-03-04 22:45,ENG-1329,SUP-196,EMP309,TL-066,,Valid,Valid
M11261,*************4261,WO14261,Hatch Z,GA-1,STN-03,2026-03-04 22:46,ENG-1368,SUP-119,EMP398,TL-053,,Valid,Valid
M11262,*************4262,WO14262,Hatch Z,TRIM-1,STN-05,2026-03-04 22:47,ENG-1453,SUP-038,EMP108,TL-095,C,Valid,Valid
M11263,*************4263,WO14263,Hatch Z,GA-2,STN-03,2026-03-04 22:48,ENG-1206,SUP-088,EMP291,TL-003,A,Valid,Valid
M11264,*************4264,WO14264,SUV Pro,GA-2,STN-05,2026-03-04 22:50,ENG-1119,SUP-178,EMP218,TL-001,B,Valid,Valid
M11265,*************4265,WO14265,Hatch Z,GA-2,STN-04,2026-03-04 22:51,ENG-1216,SUP-074,EMP108,TL-041,C,Valid,Valid
M11266,*************4266,WO14266,SUV Pro,GA-2,STN-05,2026-03-04 22:52,ENG-1273,SUP-109,EMP189,TL-020,A,Valid,Valid
M11267,*************4267,WO14267,SUV Pro,GA-1,STN-03,2026-03-04 22:53,ENG-1034,SUP-056,EMP145,TL-069,,Valid,Valid
M11268,*************4268,WO14268,SUV Pro,GA-1,STN-03,2026-03-04 22:55,ENG-1248,SUP-079,EMP330,TL-032,B,Valid,Valid
M11269,*************4269,WO14269,Hatch Z,GA-1,STN-03,2026-03-04 22:56,ENG-1232,SUP-188,EMP356,TL-044,B,Valid,Valid
M11270,*************4270,WO14270,SUV Pro,TRIM-1,STN-03,2026-03-04 22:57,ENG-1442,SUP-078,EMP165,TL-001,B,Valid,Valid
M11271,*************4271,WO14271,SUV Pro,PAINT-1,STN-03,2026-03-04 22:58,ENG-1052,SUP-005,EMP185,TL-093,B,Valid,Valid
M11272,*************4272,WO14272,Hatch Z,TRIM-1,STN-05,2026-03-04 23:00,ENG-1115,SUP-092,EMP142,TL-069,,Valid,Valid
M11273,*************4273,WO14273,SUV Pro,PAINT-1,STN-03,2026-03-04 23:01,ENG-1442,SUP-128,EMP345,TL-039,A,Valid,Valid
M11274,*************4274,WO14274,Sedan X,GA-1,STN-02,2026-03-04 23:02,ENG-1470,SUP-094,EMP139,TL-065,B,Valid,Valid
M11275,*************4275,WO14275,Sedan X,GA-2,STN-03,2026-03-04 23:03,ENG-1263,SUP-096,EMP200,TL-035,,Valid,Valid
M11276,*************4276,WO14276,SUV Pro,GA-1,STN-03,2026-03-04 23:05,ENG-1107,SUP-160,EMP369,TL-100,C,Valid,Valid
M11277,*************4277,WO14277,Hatch Z,GA-2,STN-05,2026-03-04 23:06,ENG-1060,SUP-126,EMP381,TL-078,C,Valid,Valid
M11278,*************4278,WO14278,SUV Pro,GA-1,STN-03,2026-03-04 23:07,ENG-1295,SUP-134,EMP255,TL-091,A,Valid,Valid
M11279,*************4279,WO14279,Sedan X,TRIM-1,STN-03,2026-03-04 23:08,ENG-1184,SUP-133,EMP156,TL-049,,Valid,Valid
M11280,*************4280,WO14280,SUV Pro,GA-2,STN-02,2026-03-04 23:10,ENG-1275,SUP-053,EMP149,TL-076,B,Valid,Valid
M11281,*************4281,WO14281,SUV Pro,GA-1,STN-05,2026-03-04 23:11,ENG-1456,SUP-184,EMP121,TL-094,A,Valid,Valid
M11282,*************4282,WO14282,Sedan X,GA-1,STN-03,2026-03-04 23:12,ENG-1132,SUP-099,EMP196,TL-034,B,Valid,Valid
M11283,*************4283,WO14283,Hatch Z,GA-2,STN-03,2026-03-04 23:13,ENG-1468,SUP-041,EMP152,TL-089,C,Valid,Valid
M11284,*************4284,WO14284,Hatch Z,TRIM-1,STN-05,2026-03-04 23:15,ENG-1430,SUP-062,EMP126,TL-076,A,Valid,Valid
M11285,*************4285,WO14285,Sedan X,GA-1,STN-05,2026-03-04 23:16,ENG-1160,SUP-040,EMP341,TL-025,C,Valid,Valid
M11286,*************4286,WO14286,Sedan X,GA-1,STN-03,2026-03-04 23:17,ENG-1370,SUP-103,EMP145,TL-026,B,Valid,Valid
M11287,*************4287,WO14287,Sedan X,PAINT-1,STN-05,2026-03-04 23:18,ENG-1182,SUP-093,EMP200,TL-007,A,Valid,Valid
M11288,*************4288,WO14288,SUV Pro,GA-2,STN-01,2026-03-04 23:20,ENG-1097,SUP-016,EMP257,TL-038,A,Valid,Valid
M11289,*************4289,WO14289,SUV Pro,TRIM-1,STN-05,2026-03-04 23:21,ENG-1045,SUP-172,EMP151,TL-007,,Valid,Valid
M11290,*************4290,WO14290,SUV Pro,PAINT-1,STN-05,2026-03-04 23:22,ENG-1393,SUP-081,EMP263,TL-059,,Valid,Valid
M11291,*************4291,WO14291,Hatch Z,TRIM-1,STN-02,2026-03-04 23:23,ENG-1383,SUP-079,EMP266,TL-039,A,Valid,Valid
M11292,*************4292,WO14292,Hatch Z,GA-2,STN-05,2026-03-04 23:25,ENG-1302,SUP-026,EMP172,TL-053,C,Valid,Valid
M11293,*************4293,WO14293,SUV Pro,GA-2,STN-01,2026-03-04 23:26,ENG-1213,SUP-079,EMP142,TL-080,A,Valid,Valid
M11294,*************4294,WO14294,Sedan X,TRIM-1,STN-01,2026-03-04 23:27,ENG-1469,SUP-178,EMP295,TL-083,,Valid,Valid
M11295,*************4295,WO14295,Hatch Z,GA-1,STN-01,2026-03-04 23:28,ENG-1030,SUP-193,EMP369,TL-082,B,Valid,Valid
M11296,*************4296,WO14296,Sedan X,PAINT-1,STN-02,2026-03-04 23:30,ENG-1409,SUP-190,EMP163,TL-052,B,Valid,Valid
M11297,*************4297,WO14297,SUV Pro,GA-2,STN-02,2026-03-04 23:31,ENG-1351,SUP-022,EMP355,TL-046,,Valid,Valid
M11298,*************4298,WO14298,Sedan X,TRIM-1,STN-03,2026-03-04 23:32,ENG-1316,SUP-146,EMP295,TL-019,A,Valid,Valid
M11299,*************4299,WO14299,Hatch Z,GA-2,STN-05,2026-03-04 23:33,ENG-1138,SUP-128,EMP393,TL-091,A,Valid,Valid
M11300,*************4300,WO14300,Hatch Z,GA-1,STN-01,2026-03-04 23:35,ENG-1176,SUP-146,EMP217,TL-018,C,Valid,Valid
M11301,*************4301,WO14301,SUV Pro,GA-2,STN-03,2026-03-04 23:36,ENG-1067,SUP-142,EMP333,TL-007,B,Valid,Valid
M11302,*************4302,WO14302,Sedan X,GA-2,STN-01,2026-03-04 23:37,ENG-1023,SUP-166,EMP337,TL-035,C,Valid,Valid
M11303,*************4303,WO14303,Hatch Z,TRIM-1,STN-05,2026-03-04 23:38,ENG-1065,SUP-066,EMP197,TL-072,,Valid,Valid
M11304,*************4304,WO14304,Sedan X,GA-2,STN-05,2026-03-04 23:40,ENG-1179,SUP-023,EMP251,TL-043,B,Valid,Valid
M11305,*************4305,WO14305,Hatch Z,GA-1,STN-03,2026-03-04 23:41,ENG-1346,SUP-132,EMP111,TL-091,B,Valid,Valid
M11306,*************4306,WO14306,Hatch Z,TRIM-1,STN-01,2026-03-04 23:42,ENG-1412,SUP-098,EMP122,TL-037,A,Valid,Valid
M11307,*************4307,WO14307,Sedan X,GA-2,STN-03,2026-03-04 23:43,ENG-1006,SUP-108,EMP283,TL-039,,Valid,Valid
M11308,*************4308,WO14308,SUV Pro,TRIM-1,STN-03,2026-03-04 23:45,ENG-1204,SUP-178,EMP274,TL-006,A,Valid,Valid
M11309,*************4309,WO14309,SUV Pro,GA-1,STN-05,2026-03-04 23:46,ENG-1257,SUP-187,EMP399,TL-065,C,Valid,Valid
M11310,*************4310,WO14310,SUV Pro,TRIM-1,STN-05,2026-03-04 23:47,ENG-1132,SUP-053,EMP118,TL-013,,Valid,Valid
M11311,*************4311,WO14311,SUV Pro,PAINT-1,STN-04,2026-03-04 23:48,ENG-1412,SUP-035,EMP212,TL-066,,Valid,Valid
M11312,*************4312,WO14312,Hatch Z,TRIM-1,STN-05,2026-03-04 23:50,ENG-1450,SUP-098,EMP277,TL-055,B,Valid,Valid
M11313,*************4313,WO14313,Sedan X,GA-2,STN-04,2026-03-04 23:51,ENG-1337,SUP-014,EMP313,TL-083,B,Valid,Valid
M11314,*************4314,WO14314,Sedan X,GA-1,STN-01,2026-03-04 23:52,ENG-1050,SUP-187,EMP199,TL-072,,Valid,Valid
M11315,*************4315,WO14315,Sedan X,PAINT-1,STN-04,2026-03-04 23:53,ENG-1425,SUP-151,EMP241,TL-086,,Valid,Valid
M11316,*************4316,WO14316,Sedan X,GA-1,STN-02,2026-03-04 23:55,ENG-1260,SUP-005,EMP206,TL-043,A,Valid,Valid
M11317,*************4317,WO14317,Hatch Z,PAINT-1,STN-03,2026-03-04 23:56,ENG-1266,SUP-151,EMP265,TL-094,B,Valid,Valid
M11318,*************4318,WO14318,Hatch Z,GA-2,STN-05,2026-03-04 23:57,ENG-1291,SUP-075,EMP257,TL-010,A,Valid,Valid
M11319,*************4319,WO14319,SUV Pro,TRIM-1,STN-03,2026-03-04 23:58,ENG-1288,SUP-188,EMP124,TL-047,B,Valid,Valid
M11320,*************4320,WO14320,SUV Pro,TRIM-1,STN-02,2026-03-05 00:00,ENG-1287,SUP-062,EMP283,TL-012,,Valid,Valid
M11321,*************4321,WO14321,SUV Pro,GA-2,STN-05,2026-03-05 00:01,ENG-1028,SUP-145,EMP269,TL-094,B,Valid,Valid
M11322,*************4322,WO14322,Sedan X,TRIM-1,STN-04,2026-03-05 00:02,ENG-1004,SUP-143,EMP230,TL-066,,Valid,Valid
M11323,*************4323,WO14323,Hatch Z,TRIM-1,STN-03,2026-03-05 00:03,ENG-1409,SUP-085,EMP294,TL-089,B,Valid,Valid
M11324,*************4324,WO14324,Hatch Z,GA-2,STN-03,2026-03-05 00:05,ENG-1396,SUP-170,EMP373,TL-085,B,Valid,Valid
M11325,*************4325,WO14325,Sedan X,GA-2,STN-05,2026-03-05 00:06,ENG-1274,SUP-001,EMP156,TL-068,B,Valid,Valid
M11326,*************4326,WO14326,Sedan X,GA-2,STN-03,2026-03-05 00:07,ENG-1107,SUP-011,EMP323,TL-066,C,Valid,Valid
M11327,*************4327,WO14327,SUV Pro,PAINT-1,STN-05,2026-03-05 00:08,ENG-1482,SUP-109,EMP348,TL-053,,Valid,Valid
M11328,*************4328,WO14328,Hatch Z,GA-1,STN-05,2026-03-05 00:10,ENG-1485,SUP-103,EMP242,TL-042,B,Valid,Valid
M11329,,WO14329,SUV Pro,PAINT-1,STN-05,2026-03-05 00:11,ENG-1143,SUP-148,EMP266,TL-074,,Valid,Invalid
M11330,*************4330,WO14330,SUV Pro,GA-2,STN-01,2026-03-05 00:12,ENG-1118,SUP-092,EMP202,TL-011,,Valid,Valid
M11331,*************4331,WO14331,SUV Pro,PAINT-1,STN-05,2026-03-05 00:13,ENG-1403,SUP-182,EMP268,TL-077,B,Valid,Valid
M11332,*************4332,WO14332,Hatch Z,TRIM-1,STN-03,2026-03-05 00:15,ENG-1275,SUP-182,EMP334,TL-036,A,Valid,Valid
M11333,*************4333,WO14333,Hatch Z,GA-1,STN-05,2026-03-05 00:16,ENG-1325,SUP-075,EMP369,TL-050,B,Valid,Valid
M11334,*************4334,WO14334,SUV Pro,TRIM-1,STN-03,2026-03-05 00:17,ENG-1389,SUP-031,EMP160,TL-079,,Valid,Valid
M11335,*************4335,WO14335,SUV Pro,PAINT-1,STN-03,2026-03-05 00:18,ENG-1114,SUP-069,EMP308,TL-046,C,Valid,Valid
M11336,*************4336,WO14336,Sedan X,PAINT-1,STN-03,2026-03-05 00:20,ENG-1328,SUP-112,EMP259,TL-015,,Valid,Valid
M11337,*************4337,WO14337,SUV Pro,TRIM-1,STN-02,2026-03-05 00:21,ENG-1478,SUP-185,EMP104,TL-007,B,Valid,Valid
M11338,*************4338,WO14338,SUV Pro,GA-2,STN-01,2026-03-05 00:22,ENG-1427,SUP-029,EMP302,TL-999,B,Valid,Valid
M11339,*************4339,WO14339,Sedan X,GA-1,STN-03,2026-03-05 00:23,ENG-1377,SUP-084,EMP394,TL-061,B,Valid,Valid
M11340,*************4340,WO14340,Sedan X,PAINT-1,STN-02,2026-03-05 00:25,ENG-1064,SUP-135,EMP243,TL-098,B,Valid,Valid
M11341,*************4341,WO14341,SUV Pro,GA-2,STN-04,2026-03-05 00:26,ENG-1195,SUP-106,EMP383,TL-007,C,Valid,Valid
M11342,*************4342,WO14342,SUV Pro,GA-1,STN-01,2026-03-05 00:27,ENG-1411,SUP-163,EMP359,TL-005,C,Valid,Valid
M11343,*************4343,WO14343,Sedan X,GA-2,STN-02,2026-03-05 00:28,ENG-1465,SUP-077,EMP383,TL-001,A,Valid,Valid
M11344,*************4344,WO14344,SUV Pro,GA-2,STN-04,2026-03-05 00:30,ENG-1382,SUP-062,EMP291,TL-068,,Valid,Valid
M11345,*************4345,WO14345,SUV Pro,TRIM-1,STN-01,2026-03-05 00:31,ENG-1475,SUP-089,EMP267,TL-034,C,Valid,Valid
M11346,*************4346,WO14346,SUV Pro,GA-1,STN-03,2026-03-05 00:32,ENG-1125,SUP-150,EMP178,TL-051,A,Valid,Valid
M11347,*************4347,WO14347,Hatch Z,TRIM-1,STN-04,2026-03-05 00:33,ENG-1438,SUP-069,EMP306,TL-082,B,Valid,Valid
M11348,*************4348,WO14348,SUV Pro,GA-2,STN-01,2026-03-05 00:35,ENG-1322,SUP-086,EMP205,TL-051,C,Valid,Valid
M11349,*************4349,WO14349,Hatch Z,GA-1,STN-01,2026-03-05 00:36,ENG-1306,SUP-177,EMP178,TL-091,C,Valid,Valid
M11350,*************4350,WO14350,SUV Pro,TRIM-1,STN-05,2026-03-05 00:37,ENG-1001,SUP-161,EMP178,TL-065,C,Valid,Valid
M11351,*************4351,WO14351,Hatch Z,GA-1,STN-02,2026-03-05 00:38,ENG-1043,SUP-092,EMP264,TL-093,B,Valid,Valid
M11352,*************4352,WO14352,Hatch Z,GA-2,STN-03,2026-03-05 00:40,ENG-1010,SUP-173,EMP354,TL-059,C,Valid,Valid
M11353,*************4353,WO14353,SUV Pro,GA-2,STN-01,2026-03-05 00:41,ENG-1468,SUP-041,EMP297,TL-024,,Valid,Valid
M11354,*************4354,WO14354,SUV Pro,GA-2,STN-05,2026-03-05 00:42,ENG-1189,SUP-102,EMP344,TL-083,C,Valid,Valid
M11355,*************4355,WO14355,SUV Pro,TRIM-1,STN-01,2026-03-05 00:43,ENG-1228,SUP-144,EMP111,TL-062,C,Valid,Valid
M11356,*************4356,WO14356,Sedan X,GA-1,STN-05,2026-03-05 00:45,ENG-1258,SUP-017,EMP333,TL-062,C,Valid,Valid
M11357,*************4357,WO14357,SUV Pro,GA-1,STN-02,2026-03-05 00:46,ENG-1293,SUP-174,EMP241,TL-039,A,Valid,Valid
M11358,*************4358,WO14358,SUV Pro,GA-2,STN-03,2026-03-05 00:47,ENG-1105,SUP-173,EMP151,TL-055,C,Valid,Valid
M11359,*************4359,WO14359,Hatch Z,GA-2,STN-05,2026-03-05 00:48,ENG-1388,SUP-173,EMP225,TL-067,C,Valid,Valid
M11360,*************4360,WO14360,Hatch Z,TRIM-1,STN-03,2026-03-05 00:50,ENG-1225,SUP-114,EMP322,TL-045,,Valid,Valid
M11361,*************4361,WO14361,SUV Pro,GA-1,STN-04,2026-03-05 00:51,ENG-1009,SUP-093,EMP266,TL-039,C,Valid,Valid
M11362,*************4362,WO14362,Hatch Z,GA-2,STN-05,2026-03-05 00:52,ENG-1427,SUP-079,EMP213,TL-099,,Valid,Valid
M11363,*************4363,WO14363,Hatch Z,TRIM-1,STN-05,2026-03-05 00:53,ENG-1252,SUP-027,EMP272,TL-053,B,Valid,Valid
M11364,*************4364,WO14364,Sedan X,GA-1,STN-03,2026-03-05 00:55,ENG-1298,SUP-069,EMP127,TL-063,,Valid,Valid
M11365,*************4365,WO14365,Hatch Z,GA-2,STN-03,2026-03-05 00:56,ENG-1442,SUP-029,EMP277,TL-027,C,Valid,Valid
M11366,*************4366,WO14366,Hatch Z,TRIM-1,STN-04,2026-03-05 00:57,ENG-1063,SUP-014,EMP124,TL-015,A,Valid,Valid
M11367,*************4367,WO14367,SUV Pro,PAINT-1,STN-04,2026-03-05 00:58,ENG-1232,SUP-059,EMP247,TL-079,C,Valid,Valid
M11368,*************4368,WO14368,Sedan X,GA-1,STN-03,2026-03-05 01:00,ENG-1457,SUP-169,EMP234,TL-089,,Valid,Valid
M11369,*************4369,WO14369,Sedan X,GA-2,STN-03,2026-03-05 01:01,ENG-1482,SUP-094,EMP339,TL-065,C,Valid,Valid
M11370,*************4370,WO14370,SUV Pro,PAINT-1,STN-01,2026-03-05 01:02,ENG-1114,SUP-088,EMP238,TL-083,,Valid,Valid
M11371,*************4371,WO14371,SUV Pro,GA-1,STN-04,2026-03-05 01:03,ENG-1273,SUP-085,EMP291,TL-060,B,Valid,Valid
M11372,*************4372,WO14372,Hatch Z,PAINT-1,STN-02,2026-03-05 01:05,ENG-1121,SUP-038,EMP374,TL-047,C,Valid,Valid
M11373,*************4373,WO14373,SUV Pro,GA-1,STN-03,2026-03-05 01:06,ENG-1396,SUP-173,EMP398,TL-999,C,Valid,Valid
M11374,*************4374,WO14374,SUV Pro,PAINT-1,STN-03,2026-03-05 01:07,ENG-1249,SUP-093,EMP356,TL-013,,Valid,Valid
M11375,*************4375,WO14375,SUV Pro,GA-1,STN-02,2026-03-05 01:08,ENG-1403,SUP-136,EMP234,TL-081,A,Valid,Valid
M11376,*************4376,WO14376,Sedan X,TRIM-1,STN-02,2026-03-05 01:10,ENG-1122,SUP-055,EMP254,TL-057,A,Valid,Valid
M11377,*************4377,WO14377,SUV Pro,GA-1,STN-04,2026-03-05 01:11,ENG-1052,SUP-065,EMP305,TL-076,,Valid,Valid
M11378,*************4378,WO14378,Hatch Z,GA-1,STN-03,2026-03-05 01:12,ENG-1373,SUP-127,EMP350,TL-093,B,Valid,Valid
M11379,*************4379,WO14379,SUV Pro,GA-1,STN-05,2026-03-05 01:13,ENG-1178,SUP-183,EMP263,TL-074,C,Valid,Valid
M11380,*************4380,WO14380,Sedan X,GA-2,STN-04,2026-03-05 01:15,ENG-1480,SUP-073,EMP290,TL-092,,Valid,Valid
M11381,*************4381,WO14381,Sedan X,GA-1,STN-04,2026-03-05 01:16,ENG-1013,SUP-049,EMP298,TL-013,A,Valid,Valid
M11382,*************4382,WO14382,Sedan X,TRIM-1,STN-03,2026-03-05 01:17,ENG-1315,SUP-174,EMP115,TL-085,A,Valid,Valid
M11383,*************4383,WO14383,Sedan X,TRIM-1,STN-05,2026-03-05 01:18,ENG-1018,SUP-099,EMP335,TL-074,C,Valid,Valid
M11384,*************4384,WO14384,Hatch Z,GA-1,STN-04,2026-03-05 01:20,ENG-1278,SUP-111,EMP191,TL-068,C,Valid,Valid
M11385,*************4385,WO14385,SUV Pro,GA-1,STN-04,2026-03-05 01:21,ENG-1462,SUP-181,EMP179,TL-015,C,Valid,Valid
M11386,*************4386,WO14386,Hatch Z,GA-2,STN-05,2026-03-05 01:22,ENG-1281,SUP-198,EMP399,TL-055,,Valid,Valid
M11387,*************4387,WO14387,SUV Pro,GA-2,STN-03,2026-03-05 01:23,ENG-1101,SUP-110,EMP349,TL-031,C,Valid,Valid
M11388,*************4388,WO14388,Hatch Z,PAINT-1,STN-05,2026-03-05 01:25,ENG-1269,SUP-153,EMP308,TL-006,,Valid,Valid
M11389,*************4389,WO14389,Sedan X,TRIM-1,STN-02,2026-03-05 01:26,ENG-1068,SUP-137,EMP375,TL-028,C,Valid,Valid
M11390,*************4390,WO14390,Sedan X,GA-2,STN-02,2026-03-05 01:27,ENG-1410,SUP-089,EMP154,TL-097,B,Valid,Valid
M11391,*************4391,WO14391,Hatch Z,GA-1,STN-01,2026-03-05 01:28,ENG-1139,SUP-049,EMP124,TL-078,,Valid,Valid
M11392,*************4392,WO14392,SUV Pro,GA-2,STN-04,2026-03-05 01:30,ENG-1325,SUP-080,EMP216,TL-056,,Valid,Valid
M11393,*************4393,WO14393,Hatch Z,GA-2,STN-03,2026-03-05 01:31,ENG-1245,SUP-183,EMP390,TL-053,,Valid,Valid
M11394,*************4394,WO14394,Sedan X,PAINT-1,STN-05,2026-03-05 01:32,ENG-1493,SUP-006,EMP200,TL-091,A,Valid,Valid
M11395,*************4395,WO14395,Hatch Z,GA-1,STN-04,2026-03-05 01:33,ENG-1344,SUP-185,EMP216,TL-047,,Valid,Valid
M11396,*************4396,WO14396,SUV Pro,GA-2,STN-04,2026-03-05 01:35,ENG-1422,SUP-007,EMP362,TL-023,C,Valid,Valid
M11397,*************4397,WO14397,Sedan X,TRIM-1,STN-02,2026-03-05 01:36,ENG-1459,SUP-187,EMP341,TL-076,C,Valid,Valid
M11398,*************4398,WO14398,Hatch Z,GA-1,STN-02,2026-03-05 01:37,ENG-1453,SUP-130,EMP367,TL-050,,Valid,Valid
M11399,*************4399,WO14399,Hatch Z,GA-1,STN-01,2026-03-05 01:38,ENG-1414,SUP-033,EMP165,TL-026,B,Valid,Valid
M11400,*************4400,WO14400,Sedan X,PAINT-1,STN-05,2026-03-05 01:40,ENG-1336,SUP-043,EMP265,TL-021,,Valid,Valid
M11401,*************4401,WO14401,Sedan X,GA-1,STN-05,2026-03-05 01:41,ENG-1250,SUP-165,EMP379,TL-073,B,Valid,Valid
M11402,*************4402,WO14402,SUV Pro,PAINT-1,STN-04,2026-03-05 01:42,ENG-1388,SUP-195,EMP263,TL-058,C,Valid,Valid
M11403,*************4403,WO14403,Hatch Z,PAINT-1,STN-04,2026-03-05 01:43,ENG-1468,SUP-096,EMP209,TL-024,C,Valid,Valid
M11404,*************4404,WO14404,Hatch Z,PAINT-1,STN-03,2026-03-05 01:45,ENG-1146,SUP-020,EMP156,TL-067,A,Valid,Valid
M11405,*************4405,WO14405,Hatch Z,PAINT-1,STN-01,2026-03-05 01:46,ENG-1109,SUP-098,EMP330,TL-025,A,Valid,Valid
M11406,*************4406,WO14406,Hatch Z,PAINT-1,STN-02,2026-03-05 01:47,ENG-1029,SUP-053,EMP382,TL-083,A,Valid,Valid
M11407,*************4407,WO14407,Hatch Z,GA-2,STN-04,2026-03-05 01:48,ENG-1428,SUP-185,EMP319,TL-066,C,Valid,Valid
M11408,*************4408,WO14408,Sedan X,PAINT-1,STN-03,2026-03-05 01:50,ENG-1254,SUP-021,EMP233,TL-049,B,Valid,Valid
M11409,*************4409,WO14409,Sedan X,GA-1,STN-01,2026-03-05 01:51,ENG-1133,SUP-170,EMP367,TL-032,B,Valid,Valid
M11410,*************4410,WO14410,Sedan X,PAINT-1,STN-03,2026-03-05 01:52,ENG-1499,SUP-016,EMP149,TL-015,B,Valid,Valid
M11411,*************4411,WO14411,SUV Pro,GA-2,STN-05,2026-03-05 01:53,ENG-1106,SUP-100,EMP105,TL-026,A,Valid,Valid
M11412,*************4412,WO14412,Hatch Z,TRIM-1,STN-03,2026-03-05 01:55,ENG-1202,SUP-075,EMP339,TL-062,A,Valid,Valid
M11413,*************4413,WO14413,Hatch Z,GA-1,STN-04,2026-03-05 01:56,ENG-1338,SUP-171,EMP347,TL-056,A,Valid,Valid
M11414,*************4414,WO14414,Hatch Z,GA-2,STN-03,2026-03-05 01:57,ENG-1238,SUP-097,EMP173,TL-095,C,Valid,Valid
M11415,*************4415,WO14415,Sedan X,TRIM-1,STN-04,2026-03-05 01:58,ENG-1334,SUP-124,EMP133,TL-082,,Valid,Valid
M11416,*************4416,WO14416,Sedan X,GA-1,STN-04,2026-03-05 02:00,ENG-1075,SUP-011,EMP244,TL-070,,Valid,Valid
M11417,*************4417,WO14417,Hatch Z,GA-1,STN-05,2026-03-05 02:01,ENG-1153,SUP-027,EMP356,TL-050,B,Valid,Valid
M11418,*************4418,WO14418,Sedan X,GA-2,STN-03,2026-03-05 02:02,ENG-1343,SUP-042,EMP298,TL-039,C,Valid,Valid
M11419,*************4419,WO14419,SUV Pro,PAINT-1,STN-05,2026-03-05 02:03,ENG-1219,SUP-120,EMP252,TL-014,A,Valid,Valid
M11420,*************4420,WO14420,SUV Pro,GA-1,STN-03,2026-03-05 02:05,ENG-1367,SUP-176,EMP218,TL-078,A,Valid,Valid
M11421,*************4421,WO14421,SUV Pro,PAINT-1,STN-03,2026-03-05 02:06,ENG-1408,SUP-146,EMP116,TL-073,,Valid,Valid
M11422,*************4422,WO14422,Hatch Z,GA-1,STN-02,2026-03-05 02:07,ENG-1152,SUP-034,EMP272,TL-085,A,Valid,Valid
M11423,*************4423,WO14423,Hatch Z,TRIM-1,STN-05,2026-03-05 02:08,ENG-1027,SUP-032,EMP382,TL-009,C,Valid,Valid
M11424,*************4424,WO14424,Hatch Z,GA-1,STN-02,2026-03-05 02:10,ENG-1203,SUP-140,EMP172,TL-075,,Valid,Valid
M11425,*************4425,WO14425,SUV Pro,GA-1,STN-04,2026-03-05 02:11,ENG-1141,SUP-045,EMP160,TL-043,B,Valid,Valid
M11426,*************4426,WO14426,Sedan X,GA-2,STN-05,2026-03-05 02:12,ENG-1461,SUP-102,EMP170,TL-100,C,Valid,Valid
M11427,*************4427,WO14427,Sedan X,TRIM-1,STN-03,2026-03-05 02:13,ENG-1001,SUP-036,EMP189,TL-015,,Valid,Valid
M11428,*************4428,WO14428,Hatch Z,GA-1,STN-05,2026-03-05 02:15,ENG-1362,SUP-131,EMP333,TL-047,C,Valid,Valid
M11429,*************4429,WO14429,Hatch Z,GA-1,STN-02,2026-03-05 02:16,ENG-1442,SUP-155,EMP218,TL-026,C,Valid,Valid
M11430,*************4430,WO14430,Hatch Z,GA-2,STN-03,2026-03-05 02:17,ENG-1257,SUP-077,EMP198,TL-088,A,Valid,Valid
M11431,*************4431,WO14431,Sedan X,TRIM-1,STN-03,2026-03-05 02:59,ENG-1229,SUP-062,EMP267,TL-011,,Valid,Valid
M11432,*************4432,WO14432,SUV Pro,PAINT-1,STN-03,2026-03-05 02:20,ENG-1193,SUP-147,EMP211,TL-099,C,Valid,Valid
M11433,*************4433,WO14433,Sedan X,GA-1,STN-02,2026-03-05 02:21,ENG-1376,SUP-021,EMP255,TL-007,A,Valid,Valid
M11434,*************4434,WO14434,Sedan X,GA-2,STN-02,2026-03-05 02:22,ENG-1044,SUP-147,EMP269,TL-048,,Valid,Valid
M11435,*************4435,WO14435,Hatch Z,GA-1,STN-02,2026-03-05 02:23,ENG-1173,SUP-195,EMP332,TL-013,,Valid,Valid
M11436,*************4436,WO14436,SUV Pro,GA-1,STN-03,2026-03-05 02:25,ENG-1248,SUP-180,EMP113,TL-025,A,Valid,Valid
M11437,*************4437,WO14437,SUV Pro,TRIM-1,STN-05,2026-03-05 02:26,ENG-1231,SUP-015,EMP393,TL-039,A,Valid,Valid
M11438,*************4438,WO14438,Sedan X,PAINT-1,STN-05,2026-03-05 02:27,ENG-1195,SUP-002,EMP268,TL-012,,Valid,Valid
M11439,*************4439,WO14439,SUV Pro,GA-2,STN-03,2026-03-05 02:28,ENG-1324,SUP-162,EMP384,TL-076,C,Valid,Valid
M11440,*************4440,WO14440,Sedan X,GA-2,STN-04,2026-03-05 02:30,ENG-1197,,EMP386,TL-034,A,Valid,Valid
M11441,*************4441,WO14441,Hatch Z,TRIM-1,STN-03,2026-03-05 02:31,ENG-1426,SUP-104,EMP334,TL-060,,Valid,Valid
M11442,*************4442,WO14442,Sedan X,GA-1,STN-04,2026-03-05 02:32,ENG-1143,SUP-058,EMP258,TL-042,,Valid,Valid
M11443,*************4443,WO14443,Hatch Z,GA-2,STN-03,2026-03-05 02:33,ENG-1040,SUP-164,EMP341,TL-098,B,Valid,Valid
M11444,*************4444,WO14444,Sedan X,GA-2,STN-02,2026-03-05 02:35,ENG-1090,SUP-068,EMP397,TL-054,,Valid,Valid
M11445,*************4445,WO14445,SUV Pro,TRIM-1,STN-03,2026-03-05 02:36,ENG-1444,SUP-088,EMP159,TL-100,A,Valid,Valid
M11446,*************4446,WO14446,SUV Pro,PAINT-1,STN-05,2026-03-05 02:37,ENG-1439,SUP-012,EMP255,TL-090,,Valid,Valid
M11447,*************4447,WO14447,Hatch Z,GA-2,STN-03,2026-03-05 02:38,ENG-1059,SUP-139,EMP147,TL-045,,Valid,Valid
M11448,*************4448,WO14448,Sedan X,PAINT-1,STN-03,2026-03-05 02:40,ENG-1148,SUP-042,EMP347,TL-007,,Valid,Valid
M11449,*************4449,WO14449,Hatch Z,PAINT-1,STN-03,2026-03-05 02:41,ENG-1296,SUP-184,EMP253,TL-062,,Valid,Valid
M11450,*************4450,WO14450,Sedan X,GA-1,STN-01,2026-03-05 02:42,ENG-1026,SUP-124,EMP394,TL-061,,Valid,Valid
M11451,*************4451,WO14451,SUV Pro,TRIM-1,STN-03,2026-03-05 02:43,ENG-1148,SUP-173,EMP279,TL-054,C,Valid,Valid
M11452,*************4452,WO14452,SUV Pro,GA-2,STN-05,2026-03-05 02:45,ENG-1289,SUP-117,EMP177,TL-022,,Valid,Valid
M11453,*************4453,WO14453,Hatch Z,GA-2,STN-03,2026-03-05 02:46,ENG-1259,SUP-087,EMP237,TL-088,A,Valid,Valid
M11454,*************4454,WO14454,Sedan X,GA-1,STN-05,2026-03-05 02:47,ENG-1259,SUP-067,EMP294,TL-068,C,Valid,Valid
M11455,*************4455,WO14455,Hatch Z,TRIM-1,STN-01,2026-03-05 02:48,ENG-1431,SUP-112,EMP294,TL-093,B,Valid,Valid
M11456,*************4456,WO14456,Hatch Z,TRIM-1,STN-01,2026-03-05 02:50,ENG-1111,SUP-133,EMP167,TL-053,,Valid,Valid
M11457,*************4457,WO14457,Sedan X,TRIM-1,STN-04,2026-03-05 02:51,ENG-1455,SUP-117,EMP324,TL-077,C,Valid,Valid
M11458,*************4458,WO14458,SUV Pro,GA-1,STN-03,2026-03-05 02:52,ENG-1334,SUP-053,EMP391,TL-073,,Valid,Valid
M11459,*************4459,WO14459,Sedan X,TRIM-1,STN-02,2026-03-05 02:53,ENG-1254,SUP-120,EMP194,TL-096,,Valid,Valid
M11460,*************4460,WO14460,Sedan X,GA-1,STN-01,2026-03-05 02:55,ENG-1484,SUP-113,EMP222,TL-046,A,Valid,Valid
M11461,*************4461,WO14461,Sedan X,TRIM-1,STN-02,2026-03-05 02:56,ENG-1095,SUP-170,EMP116,TL-053,B,Valid,Valid
M11462,*************4462,WO14462,SUV Pro,GA-2,STN-02,2026-03-05 02:57,ENG-1118,SUP-050,EMP223,TL-007,B,Valid,Valid
M11463,*************4463,WO14463,Sedan X,GA-2,STN-03,2026-03-05 02:58,ENG-1143,SUP-098,EMP111,TL-999,,Valid,Valid
M11464,*************4464,WO14464,Hatch Z,GA-1,STN-03,2026-03-05 03:00,ENG-1434,SUP-097,EMP389,TL-034,B,Valid,Valid
M11465,*************4465,WO14465,Hatch Z,GA-1,STN-04,2026-03-05 03:01,ENG-1313,SUP-089,EMP166,TL-025,C,Valid,Valid
M11466,*************4466,WO14466,SUV Pro,TRIM-1,STN-03,2026-03-05 03:02,ENG-1398,SUP-036,EMP256,TL-012,B,Valid,Valid
M11467,*************4467,WO14467,Hatch Z,PAINT-1,STN-02,2026-03-05 03:03,ENG-1246,SUP-184,EMP124,TL-005,,Valid,Valid
M11468,*************4468,WO14468,SUV Pro,PAINT-1,STN-05,2026-03-05 03:05,ENG-1453,SUP-143,EMP272,TL-037,,Valid,Valid
M11469,*************4469,WO14469,SUV Pro,GA-2,STN-01,2026-03-05 03:06,ENG-1059,SUP-149,EMP366,TL-999,A,Valid,Valid
M11470,*************4470,WO14470,SUV Pro,GA-2,STN-03,2026-03-05 03:07,ENG-1179,SUP-080,EMP173,TL-068,A,Valid,Valid
M11471,*************4471,WO14471,SUV Pro,GA-2,STN-04,2026-03-05 03:08,ENG-1210,SUP-195,EMP254,TL-017,C,Valid,Valid
M11472,*************4472,WO14472,SUV Pro,GA-1,STN-04,2026-03-05 03:10,ENG-1285,SUP-109,EMP381,TL-068,,Valid,Valid
M11473,*************4473,WO14473,Hatch Z,TRIM-1,STN-01,2026-03-05 03:11,ENG-1347,SUP-047,EMP121,TL-030,B,Valid,Valid
M11474,*************4474,WO14474,Sedan X,GA-1,STN-02,2026-03-05 03:12,ENG-1454,SUP-020,EMP346,TL-005,A,Valid,Valid
M11475,*************4475,WO14475,Hatch Z,PAINT-1,STN-05,2026-03-05 03:13,ENG-1205,SUP-107,EMP206,TL-076,B,Valid,Valid
M11476,*************4476,WO14476,Hatch Z,TRIM-1,STN-05,2026-03-05 03:15,ENG-1268,SUP-199,EMP347,TL-021,,Valid,Valid
M11477,*************4477,WO14477,Sedan X,GA-1,STN-03,2026-03-05 03:16,ENG-1410,SUP-041,EMP258,TL-073,C,Valid,Valid
M11478,*************4478,WO14478,SUV Pro,GA-2,STN-05,2026-03-05 03:17,ENG-1418,SUP-029,EMP342,TL-086,,Valid,Valid
M11479,*************4479,WO14479,SUV Pro,PAINT-1,STN-01,2026-03-05 03:18,ENG-1218,SUP-003,EMP220,TL-025,B,Valid,Valid
M11480,*************4480,WO14480,Hatch Z,GA-1,STN-04,2026-03-05 03:20,ENG-1002,SUP-005,EMP265,TL-011,A,Valid,Valid
M11481,*************4481,WO14481,Sedan X,TRIM-1,STN-03,2026-03-05 03:21,ENG-1173,SUP-176,EMP140,TL-020,A,Valid,Valid
M11482,*************4482,WO14482,Sedan X,GA-2,STN-05,2026-03-05 03:22,ENG-1360,SUP-168,EMP101,TL-011,,Valid,Valid
M11483,*************4483,WO14483,SUV Pro,PAINT-1,STN-03,2026-03-05 03:23,ENG-1484,SUP-070,EMP134,TL-051,C,Valid,Valid
M11484,*************4484,WO14484,Hatch Z,TRIM-1,STN-05,2026-03-05 03:25,ENG-1070,SUP-169,EMP134,TL-008,C,Valid,Valid
M11485,*************4485,WO14485,SUV Pro,TRIM-1,STN-02,2026-03-05 03:26,ENG-1447,SUP-120,EMP263,TL-084,A,Valid,Valid
M11486,*************4486,WO14486,Sedan X,PAINT-1,STN-02,2026-03-05 03:27,ENG-1207,SUP-175,EMP392,TL-058,C,Valid,Valid
M11487,*************4487,WO14487,SUV Pro,GA-2,STN-03,2026-03-05 03:28,ENG-1026,SUP-059,EMP303,TL-008,,Valid,Valid
M11488,*************4488,WO14488,Hatch Z,PAINT-1,STN-03,2026-03-05 03:30,ENG-1376,SUP-139,EMP196,TL-026,A,Valid,Valid
M11489,*************4489,WO14489,Hatch Z,PAINT-1,STN-05,2026-03-05 03:31,ENG-1487,SUP-127,EMP172,TL-031,B,Valid,Valid
M11490,*************4490,WO14490,SUV Pro,GA-1,STN-04,2026-03-05 03:32,ENG-1025,SUP-023,EMP232,TL-043,,Valid,Valid
M11491,*************4491,WO14491,Hatch Z,GA-2,STN-02,2026-03-05 03:33,ENG-1068,SUP-103,EMP348,TL-010,C,Valid,Valid
M11492,*************4492,WO14492,Hatch Z,PAINT-1,STN-05,2026-03-05 03:35,ENG-1360,SUP-026,EMP335,TL-001,A,Valid,Valid
M11493,*************4493,WO14493,SUV Pro,GA-1,STN-05,2026-03-05 03:36,ENG-1054,SUP-145,EMP321,TL-064,,Valid,Valid
M11494,*************4494,WO14494,Hatch Z,GA-2,STN-01,2026-03-05 03:37,ENG-1316,SUP-034,EMP279,TL-010,B,Valid,Valid
M11495,*************4495,WO14495,Sedan X,GA-1,STN-03,2026-03-05 03:38,ENG-1001,SUP-144,EMP179,TL-071,C,Valid,Valid
M11496,*************4496,WO14496,Sedan X,GA-2,STN-02,2026-03-05 03:40,ENG-1360,SUP-039,EMP389,TL-058,A,Valid,Valid
M11497,*************4497,WO14497,SUV Pro,GA-2,STN-03,2026-03-05 03:41,ENG-1244,SUP-150,EMP274,TL-065,B,Valid,Valid
M11498,*************4498,WO14498,Hatch Z,GA-1,STN-03,2026-03-05 03:42,ENG-1274,SUP-162,EMP290,TL-042,A,Valid,Valid
M11499,*************4499,WO14499,Sedan X,TRIM-1,STN-03,2026-03-05 03:43,ENG-1108,SUP-155,EMP327,TL-011,C,Valid,Valid
M11500,*************4500,WO14500,Hatch Z,GA-2,STN-01,2026-03-05 03:45,ENG-1462,SUP-120,EMP271,TL-059,C,Valid,Valid
M11501,*************4501,WO14501,Hatch Z,GA-1,STN-03,2026-03-05 03:46,ENG-1493,SUP-080,EMP193,TL-039,,Valid,Valid
M11502,*************4502,WO14502,Sedan X,TRIM-1,STN-02,2026-03-05 03:47,ENG-1197,SUP-034,EMP277,TL-077,A,Valid,Valid
M11503,*************4503,WO14503,Hatch Z,GA-2,STN-05,2026-03-05 03:48,ENG-1035,SUP-046,EMP253,TL-084,,Valid,Valid
M11504,*************4504,WO14504,Hatch Z,TRIM-1,STN-02,2026-03-05 03:50,ENG-1388,SUP-166,EMP322,TL-091,,Valid,Valid
M11505,*************4505,WO14505,SUV Pro,GA-2,STN-03,2026-03-05 03:51,ENG-1132,SUP-077,EMP197,TL-082,C,Valid,Valid
M11506,*************4506,WO14506,Sedan X,PAINT-1,STN-03,2026-03-05 03:52,ENG-1155,SUP-160,EMP336,TL-067,,Valid,Valid
M11507,*************4507,WO14507,Sedan X,TRIM-1,STN-03,2026-03-05 03:53,ENG-1243,SUP-029,EMP272,TL-052,C,Valid,Valid
M11508,*************4508,WO14508,Sedan X,GA-1,STN-03,2026-03-05 03:55,ENG-1080,SUP-158,EMP392,TL-007,B,Valid,Valid
M11509,*************4509,WO14509,SUV Pro,GA-1,STN-05,2026-03-05 03:56,ENG-1151,SUP-033,EMP250,TL-061,,Valid,Valid
M11510,*************4510,WO14510,Sedan X,GA-1,STN-05,2026-03-05 03:57,ENG-1025,SUP-146,EMP246,TL-002,A,Valid,Valid
M11511,*************4511,WO14511,SUV Pro,PAINT-1,STN-04,2026-03-05 03:58,ENG-1116,SUP-123,EMP312,TL-017,C,Valid,Valid
M11512,*************4512,WO14512,Sedan X,TRIM-1,STN-04,2026-03-05 04:00,ENG-1355,SUP-200,EMP170,TL-017,C,Valid,Valid
M11513,*************4513,WO14513,SUV Pro,GA-2,STN-01,2026-03-05 04:01,ENG-1113,SUP-106,EMP218,TL-007,A,Valid,Valid
M11514,*************4514,WO14514,Hatch Z,PAINT-1,STN-03,2026-03-05 04:02,ENG-1322,SUP-016,EMP151,TL-087,C,Valid,Valid
M11515,*************4515,WO14515,Sedan X,TRIM-1,STN-02,2026-03-05 04:03,ENG-1055,SUP-182,EMP158,TL-097,,Valid,Valid
M11516,*************4516,WO14516,Sedan X,GA-2,STN-04,2026-03-05 04:05,ENG-1159,SUP-017,EMP232,TL-063,C,Valid,Valid
M11517,*************4517,WO14517,SUV Pro,GA-1,STN-01,2026-03-05 04:06,ENG-1324,SUP-017,EMP367,TL-035,B,Valid,Valid
M11518,*************4518,WO14518,Hatch Z,GA-2,STN-02,2026-03-05 04:07,ENG-1168,SUP-157,EMP370,TL-095,C,Valid,Valid
M11519,*************4519,WO14519,SUV Pro,PAINT-1,STN-02,2026-03-05 04:08,ENG-1080,SUP-148,EMP375,TL-082,B,Valid,Valid
M11520,*************4520,WO14520,Hatch Z,PAINT-1,STN-05,2026-03-05 04:10,ENG-1213,SUP-176,EMP312,TL-089,,Valid,Valid
M11521,*************4521,WO14521,SUV Pro,GA-1,STN-03,2026-03-05 04:11,ENG-1127,SUP-153,EMP110,TL-022,B,Valid,Valid
M11522,*************4522,WO14522,SUV Pro,GA-2,STN-05,2026-03-05 04:12,ENG-1154,SUP-120,EMP220,TL-052,C,Valid,Valid
M11523,*************4523,WO14523,Sedan X,GA-1,STN-05,2026-03-05 04:13,ENG-1103,SUP-037,EMP388,TL-003,A,Valid,Valid
M11524,*************4524,WO14524,Hatch Z,GA-1,STN-04,2026-03-05 04:15,ENG-1153,SUP-117,EMP308,TL-009,C,Valid,Valid
M11525,*************4525,WO14525,SUV Pro,GA-2,STN-04,2026-03-05 04:16,ENG-1257,SUP-126,EMP227,TL-095,C,Valid,Valid
M11526,*************4526,WO14526,SUV Pro,PAINT-1,STN-05,2026-03-05 04:17,ENG-1480,SUP-014,EMP245,TL-023,B,Valid,Valid
M11527,*************4527,WO14527,Sedan X,TRIM-1,STN-05,2026-03-05 04:18,ENG-1252,SUP-154,EMP173,TL-093,A,Valid,Valid
M11528,*************4528,WO14528,Hatch Z,TRIM-1,STN-04,2026-03-05 04:20,ENG-1486,SUP-094,EMP237,TL-074,B,Valid,Valid
M11529,*************4529,WO14529,Hatch Z,GA-2,STN-03,2026-03-05 04:21,ENG-1489,SUP-060,EMP394,TL-052,A,Valid,Valid
M11530,*************4530,WO14530,SUV Pro,PAINT-1,STN-03,2026-03-05 04:22,ENG-1108,SUP-190,EMP193,TL-089,C,Valid,Valid
M11531,*************4531,WO14531,Sedan X,TRIM-1,STN-05,2026-03-05 04:23,ENG-1355,SUP-057,EMP271,TL-059,B,Valid,Valid
M11532,*************4532,WO14532,Sedan X,GA-1,STN-02,2026-03-05 04:25,ENG-1126,SUP-006,EMP346,TL-030,C,Valid,Valid
M11533,*************4533,WO14533,SUV Pro,GA-2,STN-05,2026-03-05 04:26,ENG-1459,SUP-174,EMP206,TL-007,B,Valid,Valid
M11534,*************4534,WO14534,Sedan X,TRIM-1,STN-03,2026-03-05 04:27,ENG-1051,SUP-046,EMP178,TL-038,,Valid,Valid
M11535,*************4535,WO14535,SUV Pro,GA-1,STN-05,2026-03-05 04:28,ENG-1291,SUP-138,EMP291,TL-025,,Valid,Valid
M11536,*************4536,WO14536,Sedan X,GA-1,STN-02,2026-03-05 04:30,ENG-1117,SUP-089,EMP122,TL-042,A,Valid,Valid
M11537,*************4537,WO14537,SUV Pro,GA-1,STN-02,2026-03-05 04:31,ENG-1127,SUP-034,EMP267,TL-013,A,Valid,Valid
M11538,*************4538,WO14538,SUV Pro,GA-1,STN-03,2026-03-05 04:32,ENG-1484,SUP-092,EMP266,TL-069,,Valid,Valid
M11539,*************4539,WO14539,Sedan X,PAINT-1,STN-05,2026-03-05 04:33,ENG-1357,SUP-014,EMP239,TL-020,B,Valid,Valid
M11540,*************4540,WO14540,Hatch Z,PAINT-1,STN-03,2026-03-05 04:35,ENG-1201,SUP-079,EMP136,TL-011,B,Valid,Valid
M11541,*************4541,WO14541,SUV Pro,PAINT-1,STN-03,2026-03-05 04:36,ENG-1044,SUP-034,EMP264,TL-030,A,Valid,Valid
M11542,*************4542,WO14542,SUV Pro,GA-1,STN-05,2026-03-05 04:37,ENG-1046,SUP-064,EMP276,TL-003,C,Valid,Valid
M11543,*************4543,WO14543,Hatch Z,GA-2,STN-05,2026-03-05 04:38,ENG-1352,SUP-080,EMP230,TL-098,A,Valid,Valid
M11544,*************4544,WO14544,Hatch Z,TRIM-1,STN-01,2026-03-05 04:40,ENG-1170,SUP-178,EMP354,TL-097,C,Valid,Valid
M11545,*************4545,WO14545,SUV Pro,TRIM-1,STN-01,2026-03-05 04:41,ENG-1457,SUP-101,EMP321,TL-030,B,Valid,Valid
M11546,*************4546,WO14546,Hatch Z,GA-2,STN-03,2026-03-05 04:42,ENG-1209,SUP-063,EMP108,TL-999,,Valid,Valid
M11547,*************4547,WO14547,Sedan X,TRIM-1,STN-02,2026-03-05 04:43,ENG-1432,SUP-020,EMP374,TL-085,C,Valid,Valid
M11548,*************4548,WO14548,Hatch Z,TRIM-1,STN-02,2026-03-05 04:45,ENG-1161,SUP-034,EMP104,TL-100,A,Valid,Valid
M11549,*************4549,WO14549,SUV Pro,TRIM-1,STN-01,2026-03-05 04:46,ENG-1160,SUP-011,EMP248,TL-020,A,Valid,Valid
M11550,*************4550,WO14550,SUV Pro,TRIM-1,STN-05,2026-03-05 04:47,ENG-1414,SUP-092,EMP315,TL-077,,Valid,Valid
M11551,*************4551,WO14551,SUV Pro,GA-1,STN-03,2026-03-05 04:48,ENG-1097,SUP-176,EMP210,TL-089,,Valid,Valid
M11552,*************4552,WO14552,Sedan X,GA-1,STN-05,2026-03-05 04:50,ENG-1391,SUP-152,EMP119,TL-014,A,Valid,Valid
M11553,*************4553,WO14553,Sedan X,PAINT-1,STN-03,2026-03-05 04:51,ENG-1386,SUP-107,EMP149,TL-007,B,Valid,Valid
M11554,*************4554,WO14554,Hatch Z,GA-2,STN-04,2026-03-05 04:52,ENG-1425,SUP-132,EMP368,TL-065,A,Valid,Valid
M11555,*************4555,WO14555,Hatch Z,GA-2,STN-01,2026-03-05 04:53,ENG-1143,SUP-101,EMP158,TL-050,B,Valid,Valid
M11556,*************4556,WO14556,Hatch Z,GA-1,STN-04,2026-03-05 04:55,ENG-1495,SUP-131,EMP342,TL-091,C,Valid,Valid
M11557,*************4557,WO14557,Sedan X,PAINT-1,STN-04,2026-03-05 04:56,ENG-1476,SUP-153,EMP123,TL-045,A,Valid,Valid
M11558,*************4558,WO14558,Hatch Z,TRIM-1,STN-03,2026-03-05 04:57,ENG-1204,SUP-195,EMP385,TL-069,B,Valid,Valid
M11559,*************4559,WO14559,SUV Pro,TRIM-1,STN-02,2026-03-05 04:58,ENG-1268,SUP-009,EMP106,TL-062,B,Valid,Valid
M11560,*************4560,WO14560,Hatch Z,TRIM-1,STN-02,2026-03-05 05:00,ENG-1421,SUP-001,EMP383,TL-015,C,Valid,Valid
M11561,*************4561,WO14561,SUV Pro,GA-2,STN-05,2026-03-05 05:01,ENG-1098,SUP-118,EMP207,TL-046,,Valid,Valid
M11562,*************4562,WO14562,SUV Pro,GA-1,STN-04,2026-03-05 05:02,ENG-1264,SUP-058,EMP114,TL-069,B,Valid,Valid
M11563,*************4563,WO14563,Sedan X,TRIM-1,STN-05,2026-03-05 05:03,ENG-1227,SUP-134,EMP399,TL-081,C,Valid,Valid
M11564,*************4564,WO14564,Sedan X,PAINT-1,STN-03,2026-03-05 05:05,ENG-1145,SUP-156,EMP380,TL-027,,Valid,Valid
M11565,*************4565,WO14565,SUV Pro,GA-1,STN-03,2026-03-05 05:06,ENG-1198,SUP-124,EMP234,TL-073,A,Valid,Valid
M11566,*************4566,WO14566,SUV Pro,TRIM-1,STN-05,2026-03-05 05:07,ENG-1263,SUP-186,EMP313,TL-058,C,Valid,Valid
M11567,*************4567,WO14567,Sedan X,PAINT-1,STN-03,2026-03-05 05:08,ENG-1251,SUP-026,EMP143,TL-055,C,Valid,Valid
M11568,*************4568,WO14568,SUV Pro,TRIM-1,STN-01,2026-03-05 05:10,ENG-1179,SUP-172,EMP287,TL-052,B,Valid,Valid
M11569,*************4569,WO14569,SUV Pro,GA-2,STN-03,2026-03-05 05:11,ENG-1045,SUP-129,EMP124,TL-081,,Valid,Valid
M11570,*************4570,WO14570,Sedan X,GA-2,STN-01,2026-03-05 05:12,ENG-1368,SUP-009,EMP168,TL-045,C,Valid,Valid
M11571,*************4571,WO14571,SUV Pro,PAINT-1,STN-03,2026-03-05 05:13,ENG-1404,SUP-055,EMP222,TL-099,,Valid,Valid
M11572,*************4572,WO14572,Hatch Z,TRIM-1,STN-04,2026-03-05 05:15,ENG-1406,SUP-062,EMP109,TL-087,B,Valid,Valid
M11573,*************4573,WO14573,Sedan X,TRIM-1,STN-04,2026-03-05 05:16,ENG-1352,SUP-143,EMP346,TL-014,B,Valid,Valid
M11574,*************4574,WO14574,SUV Pro,GA-1,STN-03,2026-03-05 05:17,ENG-1144,SUP-141,EMP346,TL-087,B,Valid,Valid
M11575,*************4575,WO14575,Sedan X,GA-1,STN-02,2026-03-05 05:18,ENG-1134,SUP-171,EMP129,TL-018,C,Valid,Valid
M11576,*************4576,WO14576,SUV Pro,PAINT-1,STN-03,2026-03-05 05:20,ENG-1012,SUP-169,EMP129,TL-044,C,Valid,Valid
M11577,*************4577,WO14577,Hatch Z,GA-1,STN-05,2026-03-05 05:21,ENG-1381,SUP-185,EMP118,TL-086,B,Valid,Valid
M11578,*************4578,WO14578,Hatch Z,TRIM-1,STN-04,2026-03-05 05:22,ENG-1323,SUP-118,EMP221,TL-067,,Valid,Valid
M11579,*************4579,WO14579,Sedan X,PAINT-1,STN-04,2026-03-05 05:23,ENG-1049,SUP-101,EMP209,TL-002,B,Valid,Valid
M11580,*************4580,WO14580,SUV Pro,GA-2,STN-05,2026-03-05 05:25,ENG-1112,SUP-198,EMP130,TL-004,A,Valid,Valid
M11581,*************4581,WO14581,Hatch Z,GA-1,STN-03,2026-03-05 05:26,ENG-1114,SUP-081,EMP180,TL-079,C,Valid,Valid
M11582,*************4582,WO14582,Hatch Z,GA-2,STN-01,2026-03-05 05:27,ENG-1251,SUP-178,EMP242,TL-014,,Valid,Valid
M11583,*************4583,WO14583,Hatch Z,TRIM-1,STN-03,2026-03-05 05:28,ENG-1138,SUP-106,EMP298,TL-020,,Valid,Valid
M11584,*************4584,WO14584,Hatch Z,GA-2,STN-03,2026-03-05 05:30,ENG-1051,SUP-134,EMP293,TL-021,B,Valid,Valid
M11585,*************4585,WO14585,SUV Pro,GA-2,STN-04,2026-03-05 05:31,ENG-1398,SUP-084,EMP306,TL-008,A,Valid,Valid
M11586,*************4586,WO14586,Sedan X,GA-2,STN-02,2026-03-05 05:32,ENG-1019,SUP-034,EMP214,TL-037,A,Valid,Valid
M11587,*************4587,WO14587,SUV Pro,TRIM-1,STN-05,2026-03-05 05:33,ENG-1239,SUP-116,EMP152,TL-024,C,Valid,Valid
M11588,*************4588,WO14588,Sedan X,PAINT-1,STN-05,2026-03-05 05:35,ENG-1288,SUP-189,EMP122,TL-034,A,Valid,Valid
M11589,*************4589,WO14589,Hatch Z,GA-2,STN-03,2026-03-05 05:36,ENG-1441,SUP-130,EMP106,TL-044,A,Valid,Valid
M11590,*************4590,WO14590,SUV Pro,TRIM-1,STN-04,2026-03-05 05:37,ENG-1022,SUP-182,EMP377,TL-015,B,Valid,Valid
M11591,*************4591,WO14591,Sedan X,GA-2,STN-04,2026-03-05 05:38,ENG-1269,SUP-142,EMP250,TL-099,C,Valid,Valid
M11592,*************4592,WO14592,SUV Pro,GA-1,STN-05,2026-03-05 05:40,ENG-1285,SUP-098,EMP199,TL-054,A,Valid,Valid
M11593,*************4593,WO14593,SUV Pro,GA-2,STN-04,2026-03-05 05:41,ENG-1200,SUP-157,EMP265,TL-071,C,Valid,Valid
M11594,*************4594,WO14594,SUV Pro,PAINT-1,STN-02,2026-03-05 05:42,ENG-1007,SUP-038,EMP181,TL-034,B,Valid,Valid
M11595,*************4595,WO14595,SUV Pro,TRIM-1,STN-02,2026-03-05 05:43,ENG-1370,SUP-019,EMP225,TL-060,B,Valid,Valid
M11596,*************4596,WO14596,SUV Pro,GA-1,STN-03,2026-03-05 05:45,ENG-1187,SUP-011,EMP215,TL-010,A,Valid,Valid
M11597,*************4597,WO14597,Hatch Z,GA-1,STN-05,2026-03-05 05:46,ENG-1078,SUP-098,EMP294,TL-081,A,Valid,Valid
M11598,*************4598,WO14598,SUV Pro,GA-1,STN-05,2026-03-05 05:47,ENG-1390,SUP-064,EMP393,TL-053,A,Valid,Valid
M11599,*************4599,WO14599,SUV Pro,GA-1,STN-01,2026-03-05 05:48,ENG-1135,SUP-117,EMP147,TL-065,A,Valid,Valid
M11600,*************4600,WO14600,Sedan X,GA-2,STN-05,2026-03-05 05:50,ENG-1161,SUP-097,EMP173,TL-039,,Valid,Valid
M11601,*************4601,WO14601,SUV Pro,GA-2,STN-03,2026-03-05 05:51,ENG-1032,SUP-012,EMP212,TL-034,A,Valid,Valid
M11602,*************4602,WO14602,SUV Pro,GA-1,STN-02,2026-03-05 05:52,ENG-1386,SUP-018,EMP364,TL-014,A,Valid,Valid
M11603,*************4603,WO14603,Hatch Z,GA-1,STN-03,2026-03-05 05:53,ENG-1004,SUP-088,EMP143,TL-090,B,Valid,Valid
M11604,*************4604,WO14604,Sedan X,PAINT-1,STN-05,2026-03-05 05:55,ENG-1059,SUP-114,EMP101,TL-040,C,Valid,Valid
M11605,*************4605,WO14605,SUV Pro,GA-1,STN-05,2026-03-05 05:56,ENG-1184,SUP-107,EMP100,TL-074,C,Valid,Valid
M11606,*************4606,WO14606,Sedan X,TRIM-1,STN-04,2026-03-05 05:57,ENG-1051,SUP-076,EMP357,TL-059,B,Valid,Valid
M11607,*************4607,WO14607,Sedan X,GA-1,STN-02,2026-03-05 05:58,ENG-1053,SUP-068,EMP281,TL-098,,Valid,Valid
M11608,*************4608,WO14608,SUV Pro,PAINT-1,STN-04,2026-03-05 06:00,ENG-1064,SUP-196,EMP178,TL-059,C,Valid,Valid
M11609,*************4609,WO14609,Hatch Z,TRIM-1,STN-05,2026-03-05 06:01,ENG-1137,SUP-014,EMP332,TL-093,C,Valid,Valid
M11610,*************4610,WO14610,Sedan X,GA-2,STN-02,2026-03-05 06:02,ENG-1439,SUP-116,EMP235,TL-034,,Valid,Valid
M11611,*************4611,WO14611,Sedan X,GA-2,STN-02,2026-03-05 06:03,ENG-1311,SUP-028,EMP217,TL-051,C,Valid,Valid
M11612,*************4612,WO14612,Sedan X,GA-2,STN-03,2026-03-05 06:05,ENG-1322,SUP-104,EMP253,TL-010,A,Valid,Valid
M11613,*************4613,WO14613,SUV Pro,GA-1,STN-02,2026-03-05 06:06,ENG-1085,SUP-110,EMP330,TL-045,B,Valid,Valid
M11614,*************4614,WO14614,Sedan X,GA-1,STN-03,2026-03-05 06:07,ENG-1250,SUP-102,EMP223,TL-012,A,Valid,Valid
M11615,*************4615,WO14615,Sedan X,GA-1,STN-05,2026-03-05 06:08,ENG-1308,SUP-104,EMP270,TL-038,,Valid,Valid
M11616,*************4616,WO14616,Sedan X,GA-2,STN-03,2026-03-05 06:10,ENG-1115,SUP-102,EMP119,TL-050,C,Valid,Valid
M11617,*************4617,WO14617,Sedan X,GA-1,STN-03,2026-03-05 06:11,ENG-1225,SUP-075,EMP366,TL-052,,Valid,Valid
M11618,*************4618,WO14618,Hatch Z,PAINT-1,STN-05,2026-03-05 06:12,ENG-1193,SUP-199,EMP398,TL-067,C,Valid,Valid
M11619,*************4619,WO14619,Hatch Z,PAINT-1,STN-05,2026-03-05 06:13,ENG-1035,SUP-120,EMP106,TL-084,B,Valid,Valid
M11620,*************4620,WO14620,SUV Pro,GA-1,STN-01,2026-03-05 06:15,ENG-1027,SUP-117,EMP339,TL-001,A,Valid,Valid
M11621,*************4621,WO14621,SUV Pro,TRIM-1,STN-03,2026-03-05 06:16,ENG-1441,SUP-057,EMP346,TL-041,C,Valid,Valid
M11622,*************4622,WO14622,Hatch Z,GA-2,STN-03,2026-03-05 06:17,ENG-1103,SUP-010,EMP327,TL-068,A,Valid,Valid
M11623,*************4623,WO14623,Sedan X,GA-1,STN-04,2026-03-05 06:18,ENG-1054,SUP-147,EMP316,TL-007,A,Valid,Valid
M11624,*************4624,WO14624,SUV Pro,GA-1,STN-02,2026-03-05 06:20,ENG-1472,SUP-024,EMP237,TL-037,C,Valid,Valid
M11625,*************4625,WO14625,Sedan X,PAINT-1,STN-03,2026-03-05 06:21,ENG-1434,SUP-152,EMP316,TL-058,C,Valid,Valid
M11626,*************4626,WO14626,Sedan X,GA-2,STN-02,2026-03-05 06:22,ENG-1340,SUP-170,EMP365,TL-039,,Valid,Valid
M11627,*************4627,WO14627,Hatch Z,PAINT-1,STN-03,2026-03-05 06:23,ENG-1481,SUP-042,EMP217,TL-073,A,Valid,Valid
M11628,*************4628,WO14628,SUV Pro,GA-1,STN-03,2026-03-05 06:25,ENG-1108,SUP-187,EMP219,TL-047,B,Valid,Valid
M11629,*************4629,WO14629,Sedan X,GA-1,STN-03,2026-03-05 06:26,ENG-1316,SUP-178,EMP399,TL-075,B,Valid,Valid
M11630,*************4630,WO14630,SUV Pro,TRIM-1,STN-03,2026-03-05 06:27,ENG-1109,SUP-185,EMP297,TL-092,A,Valid,Valid
M11631,*************4631,WO14631,Hatch Z,TRIM-1,STN-05,2026-03-05 06:28,ENG-1425,SUP-117,EMP220,TL-014,,Valid,Valid
M11632,*************4632,WO14632,Sedan X,PAINT-1,STN-03,2026-03-05 06:30,ENG-1218,SUP-178,EMP179,TL-035,,Valid,Valid
M11633,*************4633,WO14633,Hatch Z,GA-2,STN-02,2026-03-05 06:31,ENG-1405,SUP-192,EMP386,TL-045,,Valid,Valid
M11634,*************4634,WO14634,SUV Pro,GA-2,STN-03,2026-03-05 06:32,ENG-1318,SUP-040,EMP345,TL-085,,Valid,Valid
M11635,*************4635,WO14635,Hatch Z,TRIM-1,STN-05,2026-03-05 06:33,ENG-1047,SUP-067,EMP140,TL-031,C,Valid,Valid
M11636,*************4636,WO14636,Hatch Z,GA-2,STN-03,2026-03-05 06:35,ENG-1063,SUP-196,EMP346,TL-078,,Valid,Valid
M11637,*************4637,WO14637,SUV Pro,GA-1,STN-04,2026-03-05 06:36,ENG-1003,SUP-094,EMP286,TL-072,A,Valid,Valid
M11638,*************4638,WO14638,SUV Pro,GA-2,STN-03,2026-03-05 06:37,ENG-1163,SUP-119,EMP164,TL-016,A,Valid,Valid
M11639,*************4639,WO14639,SUV Pro,GA-2,STN-03,2026-03-05 06:38,ENG-1012,SUP-101,EMP385,TL-079,B,Valid,Valid
M11640,*************4640,WO14640,SUV Pro,PAINT-1,STN-04,2026-03-05 06:40,ENG-1001,SUP-078,EMP305,TL-027,,Valid,Valid
M11641,*************4641,WO14641,Sedan X,GA-1,STN-03,2026-03-05 06:41,ENG-1339,SUP-161,EMP267,TL-047,,Valid,Valid
M11642,*************4642,WO14642,Sedan X,GA-2,STN-05,2026-03-05 06:59,ENG-1367,SUP-061,EMP228,TL-085,B,Valid,Valid
M11643,*************4643,WO14643,SUV Pro,GA-1,STN-05,2026-03-05 06:43,ENG-1276,SUP-102,EMP303,TL-096,B,Valid,Valid
M11644,*************4644,WO14644,SUV Pro,PAINT-1,STN-02,2026-03-05 06:45,ENG-1309,SUP-167,EMP128,TL-043,A,Valid,Valid
M11645,*************4645,WO14645,Hatch Z,GA-2,STN-04,2026-03-05 06:46,ENG-1027,SUP-002,EMP124,TL-086,A,Valid,Valid
M11646,*************4646,WO14646,Sedan X,GA-1,STN-01,2026-03-05 06:47,ENG-1418,SUP-084,EMP317,TL-010,,Valid,Valid
M11647,*************4647,WO14647,Sedan X,TRIM-1,STN-02,2026-03-05 06:48,ENG-1287,SUP-067,EMP229,TL-099,A,Valid,Valid
M11648,*************4648,WO14648,Sedan X,GA-1,STN-03,2026-03-05 06:50,ENG-1118,SUP-001,EMP124,TL-087,B,Valid,Valid
M11649,*************4649,WO14649,Hatch Z,GA-2,STN-05,2026-03-05 06:51,ENG-1437,SUP-078,EMP292,TL-074,A,Valid,Valid
M11650,*************4650,WO14650,Hatch Z,TRIM-1,STN-04,2026-03-05 06:52,ENG-1065,SUP-051,EMP211,TL-010,A,Valid,Valid
M11651,*************4651,WO14651,SUV Pro,PAINT-1,STN-05,2026-03-05 06:53,ENG-1063,SUP-127,EMP338,TL-081,B,Valid,Valid
M11652,*************4652,WO14652,Hatch Z,TRIM-1,STN-03,2026-03-05 06:55,ENG-1461,SUP-093,EMP262,TL-093,,Valid,Valid
M11653,*************4653,WO14653,Sedan X,GA-2,STN-02,2026-03-05 06:56,ENG-1036,SUP-198,EMP371,TL-071,B,Valid,Valid
M11654,*************4654,WO14654,Sedan X,GA-1,STN-04,2026-03-05 06:57,ENG-1109,SUP-193,EMP141,TL-068,,Valid,Valid
M11655,*************4655,WO14655,SUV Pro,GA-1,STN-04,2026-03-05 06:58,ENG-1196,SUP-017,EMP214,TL-004,B,Valid,Valid
M11656,*************4656,WO14656,Sedan X,TRIM-1,STN-03,2026-03-05 07:00,ENG-1391,SUP-030,EMP323,TL-078,B,Valid,Valid
M11657,*************4657,WO14657,SUV Pro,GA-2,STN-03,2026-03-05 07:01,ENG-1467,SUP-161,EMP133,TL-053,,Valid,Valid
M11658,*************4658,WO14658,SUV Pro,PAINT-1,STN-01,2026-03-05 07:02,ENG-1428,SUP-063,EMP175,TL-029,A,Valid,Valid
M11659,*************4659,WO14659,Hatch Z,GA-2,STN-05,2026-03-05 07:03,ENG-1091,SUP-088,EMP171,TL-999,B,Valid,Valid
M11660,*************4660,WO14660,Hatch Z,TRIM-1,STN-03,2026-03-05 07:05,ENG-1232,SUP-027,EMP189,TL-049,B,Valid,Valid
M11661,*************4661,WO14661,SUV Pro,PAINT-1,STN-05,2026-03-05 07:06,ENG-1433,SUP-160,EMP390,TL-042,B,Valid,Valid
M11662,,WO14662,Sedan X,PAINT-1,STN-02,2026-03-05 07:07,ENG-1464,,EMP312,TL-098,C,Valid,Invalid
M11663,*************4663,WO14663,SUV Pro,PAINT-1,STN-05,2026-03-05 07:08,ENG-1266,SUP-072,EMP227,TL-096,,Valid,Valid
M11664,*************4664,WO14664,Hatch Z,TRIM-1,STN-05,2026-03-05 07:10,ENG-1057,SUP-030,EMP138,TL-040,B,Valid,Valid
M11665,*************4665,WO14665,Sedan X,GA-1,STN-04,2026-03-05 07:11,ENG-1131,SUP-007,EMP366,TL-004,C,Valid,Valid
M11666,*************4666,WO14666,Hatch Z,TRIM-1,STN-04,2026-03-05 07:12,ENG-1043,SUP-086,EMP262,TL-090,C,Valid,Valid
M11667,*************4667,WO14667,Hatch Z,GA-1,STN-03,2026-03-05 07:13,ENG-1327,SUP-100,EMP185,TL-100,,Valid,Valid
M11668,*************4668,WO14668,Hatch Z,TRIM-1,STN-05,2026-03-05 07:15,ENG-1026,SUP-044,EMP282,TL-074,A,Valid,Valid
M11669,*************4669,WO14669,Hatch Z,GA-2,STN-01,2026-03-05 07:16,ENG-1365,SUP-187,EMP236,TL-050,B,Valid,Valid
M11670,*************4670,WO14670,SUV Pro,GA-2,STN-01,2026-03-05 07:17,ENG-1211,SUP-046,EMP303,TL-051,A,Valid,Valid
M11671,*************4671,WO14671,Sedan X,GA-2,STN-02,2026-03-05 07:18,ENG-1165,SUP-131,EMP252,TL-010,A,Valid,Valid
M11672,*************4672,WO14672,Sedan X,PAINT-1,STN-03,2026-03-05 07:20,ENG-1336,SUP-159,EMP390,TL-063,,Valid,Valid
M11673,*************4673,WO14673,Sedan X,TRIM-1,STN-03,2026-03-05 07:21,ENG-1292,SUP-051,EMP283,TL-063,C,Valid,Valid
M11674,*************4674,WO14674,SUV Pro,GA-1,STN-05,2026-03-05 07:22,ENG-1492,SUP-165,EMP174,TL-033,,Valid,Valid
M11675,*************4675,WO14675,SUV Pro,GA-1,STN-01,2026-03-05 07:23,ENG-1032,SUP-123,EMP210,TL-051,,Valid,Valid
M11676,*************4676,WO14676,Sedan X,GA-2,STN-05,2026-03-05 07:25,ENG-1270,SUP-109,EMP175,TL-046,,Valid,Valid
M11677,*************4677,WO14677,Hatch Z,TRIM-1,STN-03,2026-03-05 07:26,ENG-1220,SUP-027,EMP152,TL-021,C,Valid,Valid
M11678,*************4678,WO14678,Hatch Z,PAINT-1,STN-05,2026-03-05 07:27,ENG-1435,SUP-042,EMP205,TL-027,A,Valid,Valid
M11679,*************4679,WO14679,Sedan X,GA-1,STN-03,2026-03-05 07:28,ENG-1203,SUP-064,EMP116,TL-096,B,Valid,Valid
M11680,*************4680,WO14680,Hatch Z,GA-2,STN-05,2026-03-05 07:30,ENG-1129,SUP-164,EMP386,TL-018,,Valid,Valid
M11681,*************4681,WO14681,Sedan X,GA-2,STN-03,2026-03-05 07:31,ENG-1056,SUP-011,EMP341,TL-088,B,Valid,Valid
M11682,*************4682,WO14682,Sedan X,GA-2,STN-05,2026-03-05 07:32,ENG-1225,SUP-059,EMP318,TL-046,C,Valid,Valid
M11683,*************4683,WO14683,Hatch Z,PAINT-1,STN-02,2026-03-05 07:33,ENG-1094,SUP-001,EMP341,TL-018,A,Valid,Valid
M11684,*************4684,WO14684,Sedan X,TRIM-1,STN-03,2026-03-05 07:35,ENG-1011,SUP-141,EMP251,TL-018,,Valid,Valid
M11685,*************4685,WO14685,SUV Pro,GA-1,STN-04,2026-03-05 07:36,ENG-1349,SUP-184,EMP182,TL-063,,Valid,Valid
M11686,*************4686,WO14686,Sedan X,TRIM-1,STN-03,2026-03-05 07:37,ENG-1033,SUP-041,EMP267,TL-046,C,Valid,Valid
M11687,*************4687,WO14687,Sedan X,GA-1,STN-01,2026-03-05 07:38,ENG-1489,SUP-094,EMP141,TL-005,A,Valid,Valid
M11688,*************4688,WO14688,Hatch Z,PAINT-1,STN-05,2026-03-05 07:40,ENG-1275,SUP-197,EMP231,TL-091,B,Valid,Valid
M11689,*************4689,WO14689,Sedan X,TRIM-1,STN-02,2026-03-05 07:41,ENG-1106,SUP-177,EMP124,TL-002,B,Valid,Valid
M11690,*************4690,WO14690,SUV Pro,GA-1,STN-04,2026-03-05 07:42,ENG-1068,SUP-034,EMP223,TL-042,A,Valid,Valid
M11691,*************4691,WO14691,Sedan X,GA-2,STN-01,2026-03-05 07:43,ENG-1361,SUP-049,EMP239,TL-088,B,Valid,Valid
M11692,*************4692,WO14692,Hatch Z,PAINT-1,STN-02,2026-03-05 07:45,ENG-1233,SUP-085,EMP204,TL-074,A,Valid,Valid
M11693,*************4693,WO14693,SUV Pro,GA-2,STN-03,2026-03-05 07:46,ENG-1489,SUP-144,EMP115,TL-078,A,Valid,Valid
M11694,*************4694,WO14694,SUV Pro,TRIM-1,STN-02,2026-03-05 07:47,ENG-1063,SUP-109,EMP318,TL-079,,Valid,Valid
M11695,*************4695,WO14695,Hatch Z,TRIM-1,STN-05,2026-03-05 07:48,ENG-1346,SUP-079,EMP104,TL-032,B,Valid,Valid
M11696,*************4696,WO14696,Sedan X,PAINT-1,STN-03,2026-03-05 07:50,ENG-1142,SUP-065,EMP132,TL-003,,Valid,Valid
M11697,*************4697,WO14697,Sedan X,TRIM-1,STN-04,2026-03-05 07:51,ENG-1135,SUP-149,EMP337,TL-001,A,Valid,Valid
M11698,*************4698,WO14698,Hatch Z,PAINT-1,STN-03,2026-03-05 07:52,ENG-1403,SUP-189,EMP269,TL-071,A,Valid,Valid
M11699,*************4699,WO14699,Sedan X,PAINT-1,STN-05,2026-03-05 07:53,ENG-1335,SUP-025,EMP350,TL-053,C,Valid,Valid
M11700,*************4700,WO14700,Sedan X,TRIM-1,STN-03,2026-03-05 07:55,ENG-1354,SUP-044,EMP364,TL-001,B,Valid,Valid
M11701,*************4701,WO14701,SUV Pro,GA-1,STN-01,2026-03-05 07:56,ENG-1183,SUP-002,EMP262,TL-003,,Valid,Valid
M11702,*************4702,WO14702,Hatch Z,TRIM-1,STN-01,2026-03-05 07:57,ENG-1374,SUP-185,EMP199,TL-016,C,Valid,Valid
M11703,*************4703,WO14703,Sedan X,PAINT-1,STN-03,2026-03-05 07:58,ENG-1081,SUP-179,EMP225,TL-090,B,Valid,Valid
M11704,*************4704,WO14704,Sedan X,GA-1,STN-03,2026-03-05 08:00,ENG-1257,SUP-141,EMP198,TL-059,,Valid,Valid
M11705,*************4705,WO14705,Hatch Z,PAINT-1,STN-02,2026-03-05 08:01,ENG-1179,SUP-070,EMP129,TL-090,C,Valid,Valid
M11706,*************4706,WO14706,SUV Pro,TRIM-1,STN-02,2026-03-05 08:02,ENG-1480,SUP-088,EMP201,TL-077,C,Valid,Valid
M11707,*************4707,WO14707,Sedan X,GA-1,STN-01,2026-03-05 08:03,ENG-1059,SUP-085,EMP181,TL-042,C,Valid,Valid
M11708,*************4708,WO14708,Hatch Z,TRIM-1,STN-03,2026-03-05 08:05,ENG-1092,SUP-119,EMP328,TL-091,B,Valid,Valid
M11709,*************4709,WO14709,SUV Pro,GA-1,STN-02,2026-03-05 08:06,ENG-1042,SUP-114,EMP241,TL-069,A,Valid,Valid
M11710,*************4710,WO14710,Sedan X,GA-1,STN-03,2026-03-05 08:07,ENG-1465,SUP-092,EMP373,TL-065,A,Valid,Valid
M11711,*************4711,WO14711,Hatch Z,TRIM-1,STN-01,2026-03-05 08:08,ENG-1428,SUP-140,EMP321,TL-009,C,Valid,Valid
M11712,*************4712,WO14712,Sedan X,GA-2,STN-05,2026-03-05 08:10,ENG-1457,SUP-057,EMP288,TL-090,C,Valid,Valid
M11713,*************4713,WO14713,Hatch Z,PAINT-1,STN-05,2026-03-05 08:11,ENG-1374,SUP-094,EMP192,TL-006,C,Valid,Valid
M11714,*************4714,WO14714,Hatch Z,PAINT-1,STN-05,2026-03-05 08:12,ENG-1208,SUP-114,EMP264,TL-057,,Valid,Valid
M11715,*************4715,WO14715,Hatch Z,GA-1,STN-01,2026-03-05 08:13,ENG-1348,SUP-049,EMP329,TL-076,B,Valid,Valid
M11716,*************4716,WO14716,Sedan X,PAINT-1,STN-03,2026-03-05 08:15,ENG-1169,SUP-120,EMP310,TL-019,,Valid,Valid
M11717,*************4717,WO14717,SUV Pro,PAINT-1,STN-03,2026-03-05 08:16,ENG-1444,SUP-175,EMP153,TL-012,,Valid,Valid
M11718,*************4718,WO14718,Sedan X,PAINT-1,STN-05,2026-03-05 08:17,ENG-1292,SUP-119,EMP119,TL-097,A,Valid,Valid
M11719,*************4719,WO14719,SUV Pro,GA-2,STN-02,2026-03-05 08:18,ENG-1059,SUP-199,EMP205,TL-026,,Valid,Valid
M11720,*************4720,WO14720,Hatch Z,TRIM-1,STN-01,2026-03-05 08:20,ENG-1003,SUP-132,EMP200,TL-035,,Valid,Valid
M11721,*************4721,WO14721,SUV Pro,GA-1,STN-02,2026-03-05 08:21,ENG-1343,SUP-130,EMP395,TL-067,B,Valid,Valid
M11722,*************4722,WO14722,Sedan X,TRIM-1,STN-03,2026-03-05 08:22,ENG-1199,SUP-028,EMP159,TL-096,B,Valid,Valid
M11723,*************4723,WO14723,Hatch Z,TRIM-1,STN-05,2026-03-05 08:23,ENG-1452,SUP-153,EMP164,TL-060,A,Valid,Valid
M11724,*************4724,WO14724,Hatch Z,PAINT-1,STN-05,2026-03-05 08:25,ENG-1201,SUP-013,EMP212,TL-028,,Valid,Valid
M11725,*************4725,WO14725,Hatch Z,PAINT-1,STN-03,2026-03-05 08:26,ENG-1074,SUP-132,EMP287,TL-094,,Valid,Valid
M11726,*************4726,WO14726,Hatch Z,GA-1,STN-05,2026-03-05 08:27,ENG-1395,SUP-197,EMP232,TL-100,B,Valid,Valid
M11727,*************4727,WO14727,Hatch Z,TRIM-1,STN-04,2026-03-05 08:28,ENG-1356,SUP-063,EMP126,TL-092,A,Valid,Valid
M11728,*************4728,WO14728,Hatch Z,GA-1,STN-04,2026-03-05 08:30,ENG-1121,SUP-128,EMP245,TL-079,C,Valid,Valid
M11729,*************4729,WO14729,SUV Pro,PAINT-1,STN-04,2026-03-05 08:31,ENG-1350,SUP-165,EMP229,TL-040,C,Valid,Valid
M11730,*************4730,WO14730,Sedan X,GA-1,STN-04,2026-03-05 08:32,ENG-1206,SUP-149,EMP187,TL-096,,Valid,Valid
M11731,*************4731,WO14731,Sedan X,TRIM-1,STN-05,2026-03-05 08:33,ENG-1394,SUP-088,EMP245,TL-084,B,Valid,Valid
M11732,*************4732,WO14732,SUV Pro,TRIM-1,STN-03,2026-03-05 08:35,ENG-1181,SUP-146,EMP155,TL-089,,Valid,Valid
M11733,*************4733,WO14733,Sedan X,PAINT-1,STN-02,2026-03-05 08:36,ENG-1174,SUP-149,EMP363,TL-027,C,Valid,Valid
M11734,*************4734,WO14734,Hatch Z,GA-1,STN-04,2026-03-05 08:37,ENG-1415,SUP-156,EMP393,TL-055,C,Valid,Valid
M11735,*************4735,WO14735,Hatch Z,PAINT-1,STN-04,2026-03-05 08:38,ENG-1259,SUP-194,EMP214,TL-087,,Valid,Valid
M11736,*************4736,WO14736,SUV Pro,TRIM-1,STN-05,2026-03-05 08:40,ENG-1408,SUP-142,EMP136,TL-049,,Valid,Valid
M11737,*************4737,WO14737,Hatch Z,PAINT-1,STN-03,2026-03-05 08:41,ENG-1111,SUP-079,EMP119,TL-063,B,Valid,Valid
M11738,*************4738,WO14738,Sedan X,TRIM-1,STN-05,2026-03-05 08:42,ENG-1343,SUP-026,EMP338,TL-060,,Valid,Valid
M11739,*************4739,WO14739,Sedan X,GA-2,STN-03,2026-03-05 08:43,ENG-1336,SUP-007,EMP101,TL-063,B,Valid,Valid
M11740,*************4740,WO14740,SUV Pro,GA-2,STN-02,2026-03-05 08:45,ENG-1097,SUP-051,EMP356,TL-042,C,Valid,Valid
M11741,*************4741,WO14741,Sedan X,GA-2,STN-02,2026-03-05 08:46,ENG-1209,SUP-149,EMP274,TL-017,C,Valid,Valid
M11742,*************4742,WO14742,Hatch Z,GA-1,STN-05,2026-03-05 08:47,ENG-1095,SUP-058,EMP144,TL-098,B,Valid,Valid
M11743,*************4743,WO14743,Hatch Z,TRIM-1,STN-03,2026-03-05 08:48,ENG-1100,SUP-041,EMP334,TL-031,C,Valid,Valid
M11744,*************4744,WO14744,Hatch Z,PAINT-1,STN-03,2026-03-05 08:50,ENG-1060,SUP-073,EMP330,TL-020,C,Valid,Valid
M11745,*************4745,WO14745,Hatch Z,GA-1,STN-02,2026-03-05 08:51,ENG-1071,SUP-033,EMP225,TL-035,,Valid,Valid
M11746,*************4746,WO14746,SUV Pro,GA-1,STN-03,2026-03-05 08:52,ENG-1217,SUP-157,EMP268,TL-005,B,Valid,Valid
M11747,*************4747,WO14747,Hatch Z,PAINT-1,STN-03,2026-03-05 08:53,ENG-1188,SUP-089,EMP331,TL-006,B,Valid,Valid
M11748,*************4748,WO14748,Sedan X,GA-1,STN-04,2026-03-05 08:55,ENG-1058,SUP-121,EMP228,TL-010,B,Valid,Valid
M11749,*************4749,WO14749,SUV Pro,PAINT-1,STN-03,2026-03-05 08:56,ENG-1479,SUP-093,EMP388,TL-036,,Valid,Valid
M11750,*************4750,WO14750,SUV Pro,GA-1,STN-03,2026-03-05 08:57,ENG-1081,SUP-028,EMP382,TL-073,B,Valid,Valid
M11751,*************4751,WO14751,Hatch Z,GA-1,STN-05,2026-03-05 08:58,ENG-1075,SUP-123,EMP107,TL-054,C,Valid,Valid
M11752,*************4752,WO14752,Sedan X,TRIM-1,STN-05,2026-03-05 09:00,ENG-1207,SUP-027,EMP178,TL-022,B,Valid,Valid
M11753,*************4753,WO14753,Hatch Z,GA-2,STN-05,2026-03-05 09:01,ENG-1363,SUP-162,EMP113,TL-047,,Valid,Valid
M11754,*************4754,WO14754,SUV Pro,PAINT-1,STN-04,2026-03-05 09:02,ENG-1285,SUP-178,EMP280,TL-032,A,Valid,Valid
M11755,*************4755,WO14755,SUV Pro,PAINT-1,STN-03,2026-03-05 09:03,ENG-1165,SUP-088,EMP397,TL-043,A,Valid,Valid
M11756,*************4756,WO14756,Sedan X,TRIM-1,STN-02,2026-03-05 09:05,ENG-1361,SUP-086,EMP319,TL-001,,Valid,Valid
M11757,*************4757,WO14757,SUV Pro,TRIM-1,STN-03,2026-03-05 09:06,ENG-1275,SUP-156,EMP259,TL-028,B,Valid,Valid
M11758,*************4758,WO14758,Hatch Z,GA-2,STN-04,2026-03-05 09:07,ENG-1209,SUP-050,EMP395,TL-093,A,Valid,Valid
M11759,*************4759,WO14759,SUV Pro,TRIM-1,STN-01,2026-03-05 09:08,ENG-1014,SUP-134,EMP191,TL-089,B,Valid,Valid
M11760,*************4760,WO14760,SUV Pro,TRIM-1,STN-05,2026-03-05 09:10,ENG-1338,SUP-037,EMP317,TL-073,A,Valid,Valid
M11761,*************4761,WO14761,Sedan X,GA-2,STN-02,2026-03-05 09:11,ENG-1031,SUP-145,EMP327,TL-048,C,Valid,Valid
M11762,*************4762,WO14762,Hatch Z,GA-1,STN-04,2026-03-05 09:12,ENG-1053,SUP-118,EMP119,TL-056,,Valid,Valid
M11763,*************4763,WO14763,Sedan X,GA-1,STN-03,2026-03-05 09:13,ENG-1347,SUP-028,EMP188,TL-005,A,Valid,Valid
M11764,*************4764,WO14764,Sedan X,GA-2,STN-03,2026-03-05 09:15,ENG-1158,SUP-157,EMP116,TL-059,,Valid,Valid
M11765,*************4765,WO14765,Hatch Z,TRIM-1,STN-02,2026-03-05 09:16,ENG-1467,SUP-030,EMP295,TL-024,A,Valid,Valid
M11766,*************4766,WO14766,Hatch Z,GA-2,STN-05,2026-03-05 09:17,ENG-1121,SUP-194,EMP218,TL-076,A,Valid,Valid
M11767,*************4767,WO14767,Hatch Z,GA-2,STN-05,2026-03-05 09:18,ENG-1470,SUP-097,EMP175,TL-015,A,Valid,Valid
M11768,*************4768,WO14768,SUV Pro,GA-2,STN-01,2026-03-05 09:20,ENG-1245,SUP-022,EMP181,TL-023,,Valid,Valid
M11769,*************4769,WO14769,Sedan X,GA-1,STN-05,2026-03-05 09:21,ENG-1064,SUP-038,EMP361,TL-030,,Valid,Valid
M11770,*************4770,WO14770,SUV Pro,PAINT-1,STN-02,2026-03-05 09:22,ENG-1232,SUP-200,EMP127,TL-041,C,Valid,Valid
M11771,*************4771,WO14771,Hatch Z,PAINT-1,STN-04,2026-03-05 09:23,ENG-1376,SUP-139,EMP374,TL-057,B,Valid,Valid
M11772,*************4772,WO14772,Hatch Z,GA-2,STN-01,2026-03-05 09:25,ENG-1204,SUP-050,EMP177,TL-021,A,Valid,Valid
M11773,*************4773,WO14773,Sedan X,GA-2,STN-04,2026-03-05 09:26,ENG-1499,SUP-148,EMP383,TL-007,C,Valid,Valid
M11774,*************4774,WO14774,SUV Pro,TRIM-1,STN-05,2026-03-05 09:27,ENG-1214,SUP-094,EMP357,TL-075,C,Valid,Valid
M11775,*************4775,WO14775,Sedan X,PAINT-1,STN-04,2026-03-05 09:28,ENG-1209,SUP-004,EMP390,TL-054,A,Valid,Valid
M11776,*************4776,WO14776,Hatch Z,TRIM-1,STN-03,2026-03-05 09:30,ENG-1486,SUP-068,EMP325,TL-020,C,Valid,Valid
M11777,*************4777,WO14777,SUV Pro,GA-2,STN-03,2026-03-05 09:31,ENG-1236,SUP-056,EMP331,TL-071,,Valid,Valid
M11778,*************4778,WO14778,Hatch Z,PAINT-1,STN-04,2026-03-05 09:32,ENG-1253,SUP-141,EMP374,TL-034,A,Valid,Valid
M11779,*************4779,WO14779,SUV Pro,GA-1,STN-03,2026-03-05 09:33,ENG-1356,SUP-179,EMP239,TL-054,C,Valid,Valid
M11780,*************4780,WO14780,SUV Pro,TRIM-1,STN-04,2026-03-05 09:35,ENG-1397,SUP-014,EMP322,TL-012,B,Valid,Valid
M11781,*************4781,WO14781,Hatch Z,TRIM-1,STN-02,2026-03-05 09:36,ENG-1279,SUP-079,EMP179,TL-052,A,Valid,Valid
M11782,*************4782,WO14782,Hatch Z,GA-2,STN-05,2026-03-05 09:37,ENG-1407,SUP-038,EMP305,TL-088,A,Valid,Valid
M11783,*************4783,WO14783,Hatch Z,TRIM-1,STN-03,2026-03-05 09:38,ENG-1061,SUP-113,EMP113,TL-001,C,Valid,Valid
M11784,*************4784,WO14784,Sedan X,TRIM-1,STN-01,2026-03-05 09:40,ENG-1330,SUP-133,EMP317,TL-005,C,Valid,Valid
M11785,*************4785,WO14785,SUV Pro,TRIM-1,STN-05,2026-03-05 09:41,ENG-1001,SUP-132,EMP105,TL-026,A,Valid,Valid
M11786,*************4786,WO14786,Hatch Z,TRIM-1,STN-04,2026-03-05 09:42,ENG-1156,SUP-121,EMP395,TL-048,A,Valid,Valid
M11787,*************4787,WO14787,Sedan X,TRIM-1,STN-05,2026-03-05 09:43,ENG-1268,SUP-049,EMP163,TL-023,C,Valid,Valid
M11788,*************4788,WO14788,Sedan X,PAINT-1,STN-02,2026-03-05 09:45,ENG-1191,SUP-173,EMP238,TL-011,,Valid,Valid
M11789,*************4789,WO14789,Sedan X,GA-1,STN-05,2026-03-05 09:46,ENG-1309,SUP-022,EMP384,TL-088,C,Valid,Valid
M11790,*************4790,WO14790,Hatch Z,GA-1,STN-05,2026-03-05 09:47,ENG-1225,SUP-001,EMP160,TL-061,A,Valid,Valid
M11791,*************4791,WO14791,Hatch Z,TRIM-1,STN-04,2026-03-05 09:48,ENG-1446,SUP-027,EMP287,TL-022,A,Valid,Valid
M11792,*************4792,WO14792,SUV Pro,TRIM-1,STN-05,2026-03-05 09:50,ENG-1052,SUP-186,EMP128,TL-061,C,Valid,Valid
M11793,*************4793,WO14793,Sedan X,PAINT-1,STN-02,2026-03-05 09:51,ENG-1115,SUP-109,EMP380,TL-075,C,Valid,Valid
M11794,*************4794,WO14794,Hatch Z,TRIM-1,STN-05,2026-03-05 09:52,ENG-1194,SUP-116,EMP177,TL-083,C,Valid,Valid
M11795,*************4795,WO14795,SUV Pro,GA-1,STN-05,2026-03-05 09:53,ENG-1027,SUP-084,EMP134,TL-012,A,Valid,Valid
M11796,*************4796,WO14796,Hatch Z,GA-1,STN-01,2026-03-05 09:55,ENG-1346,SUP-121,EMP126,TL-014,,Valid,Valid
M11797,*************4797,WO14797,Hatch Z,PAINT-1,STN-01,2026-03-05 09:56,ENG-1371,SUP-046,EMP106,TL-048,A,Valid,Valid
M11798,*************4798,WO14798,Sedan X,PAINT-1,STN-05,2026-03-05 09:57,ENG-1147,SUP-145,EMP342,TL-021,B,Valid,Valid
M11799,*************4799,WO14799,Hatch Z,GA-2,STN-01,2026-03-05 09:58,ENG-1041,SUP-004,EMP188,TL-080,,Valid,Valid
M11800,*************4800,WO14800,SUV Pro,TRIM-1,STN-03,2026-03-05 10:00,ENG-1331,SUP-118,EMP270,TL-082,B,Valid,Valid
M11801,*************4801,WO14801,Hatch Z,TRIM-1,STN-03,2026-03-05 10:01,ENG-1304,SUP-192,EMP331,TL-096,C,Valid,Valid
M11802,*************4802,WO14802,SUV Pro,GA-2,STN-03,2026-03-05 10:02,ENG-1077,SUP-099,EMP232,TL-086,B,Valid,Valid
M11803,*************4803,WO14803,Sedan X,PAINT-1,STN-01,2026-03-05 10:03,ENG-1207,SUP-073,EMP157,TL-045,B,Valid,Valid
M11804,*************4804,WO14804,SUV Pro,PAINT-1,STN-01,2026-03-05 10:05,ENG-1481,SUP-175,EMP287,TL-012,B,Valid,Valid
M11805,*************4805,WO14805,Sedan X,TRIM-1,STN-03,2026-03-05 10:06,ENG-1313,SUP-197,EMP217,TL-057,,Valid,Valid
M11806,*************4806,WO14806,SUV Pro,TRIM-1,STN-04,2026-03-05 10:07,ENG-1273,SUP-030,EMP292,TL-099,A,Valid,Valid
M11807,*************4807,WO14807,Hatch Z,PAINT-1,STN-03,2026-03-05 10:08,ENG-1254,SUP-197,EMP145,TL-059,C,Valid,Valid
M11808,*************4808,WO14808,Hatch Z,GA-1,STN-03,2026-03-05 10:10,ENG-1185,SUP-134,EMP252,TL-079,,Valid,Valid
M11809,*************4809,WO14809,Hatch Z,GA-1,STN-03,2026-03-05 10:11,ENG-1139,SUP-151,EMP117,TL-066,A,Valid,Valid
M11810,*************4810,WO14810,Sedan X,PAINT-1,STN-05,2026-03-05 10:12,ENG-1205,SUP-044,EMP245,TL-095,A,Valid,Valid
M11811,*************4811,WO14811,Hatch Z,PAINT-1,STN-04,2026-03-05 10:13,ENG-1130,SUP-068,EMP269,TL-004,,Valid,Valid
M11812,*************4812,WO14812,Sedan X,GA-2,STN-03,2026-03-05 10:15,ENG-1191,SUP-196,EMP224,TL-041,B,Valid,Valid
M11813,*************4813,WO14813,SUV Pro,GA-1,STN-01,2026-03-05 10:16,ENG-1461,SUP-030,EMP146,TL-089,A,Valid,Valid
M11814,*************4814,WO14814,Hatch Z,PAINT-1,STN-03,2026-03-05 10:17,ENG-1354,SUP-019,EMP373,TL-033,,Valid,Valid
M11815,*************4815,WO14815,Hatch Z,TRIM-1,STN-05,2026-03-05 10:18,ENG-1312,SUP-142,EMP264,TL-077,B,Valid,Valid
M11816,*************4816,WO14816,Sedan X,GA-1,STN-02,2026-03-05 10:20,ENG-1182,SUP-148,EMP310,TL-016,B,Valid,Valid
M11817,*************4817,WO14817,Sedan X,TRIM-1,STN-05,2026-03-05 10:21,ENG-1355,SUP-051,EMP240,TL-089,A,Valid,Valid
M11818,*************4818,WO14818,Sedan X,GA-2,STN-02,2026-03-05 10:22,ENG-1336,SUP-108,EMP235,TL-020,C,Valid,Valid
M11819,*************4819,WO14819,Hatch Z,TRIM-1,STN-05,2026-03-05 10:23,ENG-1477,SUP-035,EMP104,TL-043,C,Valid,Valid
M11820,*************4820,WO14820,SUV Pro,GA-2,STN-03,2026-03-05 10:25,ENG-1294,SUP-133,EMP347,TL-071,A,Valid,Valid
M11821,*************4821,WO14821,Hatch Z,GA-2,STN-01,2026-03-05 10:26,ENG-1437,SUP-195,EMP244,TL-061,C,Valid,Valid
M11822,*************4822,WO14822,Hatch Z,PAINT-1,STN-04,2026-03-05 10:27,ENG-1156,SUP-099,EMP102,TL-038,B,Valid,Valid
M11823,*************4823,WO14823,Hatch Z,GA-2,STN-04,2026-03-05 10:28,ENG-1490,SUP-027,EMP346,TL-093,C,Valid,Valid
M11824,*************4824,WO14824,Hatch Z,TRIM-1,STN-03,2026-03-05 10:30,ENG-1450,SUP-047,EMP141,TL-034,,Valid,Valid
M11825,*************4825,WO14825,Sedan X,TRIM-1,STN-02,2026-03-05 10:31,ENG-1255,SUP-087,EMP374,TL-007,C,Valid,Valid
M11826,*************4826,WO14826,SUV Pro,GA-2,STN-05,2026-03-05 10:32,ENG-1426,SUP-047,EMP316,TL-058,,Valid,Valid
M11827,*************4827,WO14827,Hatch Z,TRIM-1,STN-05,2026-03-05 10:33,ENG-1277,SUP-135,EMP336,TL-061,C,Valid,Valid
M11828,*************4828,WO14828,SUV Pro,PAINT-1,STN-03,2026-03-05 10:35,ENG-1262,SUP-067,EMP331,TL-098,C,Valid,Valid
M11829,*************4829,WO14829,Sedan X,GA-2,STN-03,2026-03-05 10:36,ENG-1002,SUP-030,EMP169,TL-093,B,Valid,Valid
M11830,*************4830,WO14830,SUV Pro,GA-1,STN-05,2026-03-05 10:37,ENG-1168,SUP-155,EMP322,TL-024,,Valid,Valid
M11831,*************4831,WO14831,SUV Pro,GA-1,STN-05,2026-03-05 10:38,ENG-1297,SUP-054,EMP228,TL-049,B,Valid,Valid
M11832,*************4832,WO14832,Hatch Z,GA-1,STN-01,2026-03-05 10:40,ENG-1078,SUP-072,EMP370,TL-037,C,Valid,Valid
M11833,*************4833,WO14833,SUV Pro,GA-2,STN-04,2026-03-05 10:41,ENG-1368,SUP-172,EMP278,TL-053,A,Valid,Valid
M11834,*************4834,WO14834,Sedan X,PAINT-1,STN-04,2026-03-05 10:42,ENG-1283,SUP-103,EMP169,TL-091,B,Valid,Valid
M11835,*************4835,WO14835,Hatch Z,GA-2,STN-03,2026-03-05 10:43,ENG-1458,SUP-016,EMP338,TL-004,,Valid,Valid
M11836,*************4836,WO14836,SUV Pro,PAINT-1,STN-05,2026-03-05 10:45,ENG-1015,SUP-081,EMP218,TL-014,,Valid,Valid
M11837,*************4837,WO14837,Sedan X,GA-2,STN-05,2026-03-05 10:46,ENG-1066,SUP-116,EMP253,TL-031,B,Valid,Valid
M11838,*************4838,WO14838,Sedan X,GA-2,STN-03,2026-03-05 10:47,ENG-1225,SUP-173,EMP190,TL-084,,Valid,Valid
M11839,*************4839,WO14839,Sedan X,TRIM-1,STN-05,2026-03-05 10:48,ENG-1332,SUP-042,EMP245,TL-039,,Valid,Valid
M11840,*************4840,WO14840,SUV Pro,TRIM-1,STN-02,2026-03-05 10:50,ENG-1441,SUP-017,EMP153,TL-017,A,Valid,Valid
M11841,*************4841,WO14841,Sedan X,GA-1,STN-04,2026-03-05 10:51,ENG-1278,SUP-048,EMP385,TL-063,A,Valid,Valid
M11842,*************4842,WO14842,SUV Pro,TRIM-1,STN-01,2026-03-05 10:52,ENG-1163,SUP-179,EMP252,TL-045,C,Valid,Valid
M11843,*************4843,WO14843,Hatch Z,TRIM-1,STN-04,2026-03-05 10:53,ENG-1118,SUP-091,EMP321,TL-042,C,Valid,Valid
M11844,*************4844,WO14844,Sedan X,GA-1,STN-02,2026-03-05 10:55,ENG-1321,SUP-142,EMP367,TL-023,C,Valid,Valid
M11845,*************4845,WO14845,Sedan X,GA-1,STN-02,2026-03-05 10:56,ENG-1468,SUP-170,EMP367,TL-091,,Valid,Valid
M11846,*************4846,WO14846,SUV Pro,GA-1,STN-03,2026-03-05 10:57,ENG-1427,SUP-158,EMP239,TL-050,C,Valid,Valid
M11847,*************4847,WO14847,Sedan X,GA-2,STN-05,2026-03-05 10:58,ENG-1430,SUP-137,EMP246,TL-058,A,Valid,Valid
M11848,*************4848,WO14848,SUV Pro,GA-2,STN-01,2026-03-05 11:00,ENG-1124,SUP-021,EMP212,TL-087,B,Valid,Valid
M11849,*************4849,WO14849,Hatch Z,TRIM-1,STN-01,2026-03-05 11:01,ENG-1405,SUP-188,EMP185,TL-027,B,Valid,Valid
M11850,*************4850,WO14850,Sedan X,GA-2,STN-03,2026-03-05 11:02,ENG-1221,SUP-098,EMP367,TL-056,C,Valid,Valid
M11851,*************4851,WO14851,Sedan X,TRIM-1,STN-03,2026-03-05 11:03,ENG-1383,SUP-124,EMP379,TL-050,B,Valid,Valid
M11852,*************4852,WO14852,SUV Pro,PAINT-1,STN-02,2026-03-05 11:05,ENG-1241,SUP-037,EMP370,TL-060,,Valid,Valid
M11853,*************4853,WO14853,Sedan X,GA-2,STN-02,2026-03-05 11:59,ENG-1003,SUP-130,EMP347,TL-058,B,Valid,Valid
M11854,*************4854,WO14854,SUV Pro,TRIM-1,STN-01,2026-03-05 11:07,ENG-1489,SUP-191,EMP103,TL-053,B,Valid,Valid
M11855,*************4855,WO14855,Hatch Z,GA-2,STN-03,2026-03-05 11:08,ENG-1113,SUP-069,EMP277,TL-097,C,Valid,Valid
M11856,*************4856,WO14856,SUV Pro,GA-2,STN-03,2026-03-05 11:10,ENG-1456,SUP-109,EMP188,TL-025,B,Valid,Valid
M11857,*************4857,WO14857,SUV Pro,TRIM-1,STN-05,2026-03-05 11:11,ENG-1365,SUP-197,EMP118,TL-008,C,Valid,Valid
M11858,*************4858,WO14858,SUV Pro,GA-2,STN-03,2026-03-05 11:12,ENG-1271,SUP-092,EMP399,TL-061,B,Valid,Valid
M11859,*************4859,WO14859,Sedan X,GA-2,STN-03,2026-03-05 11:13,ENG-1236,SUP-057,EMP164,TL-022,C,Valid,Valid
M11860,*************4860,WO14860,SUV Pro,GA-1,STN-03,2026-03-05 11:15,ENG-1363,SUP-042,EMP230,TL-006,B,Valid,Valid
M11861,*************4861,WO14861,SUV Pro,PAINT-1,STN-03,2026-03-05 11:16,ENG-1148,SUP-106,EMP366,TL-078,B,Valid,Valid
M11862,*************4862,WO14862,Hatch Z,TRIM-1,STN-04,2026-03-05 11:17,ENG-1332,SUP-010,EMP250,TL-014,A,Valid,Valid
M11863,*************4863,WO14863,SUV Pro,TRIM-1,STN-05,2026-03-05 11:18,ENG-1275,SUP-018,EMP284,TL-999,,Valid,Valid
M11864,*************4864,WO14864,Hatch Z,PAINT-1,STN-04,2026-03-05 11:20,ENG-1445,SUP-166,EMP335,TL-030,,Valid,Valid
M11865,*************4865,WO14865,SUV Pro,TRIM-1,STN-05,2026-03-05 11:21,ENG-1005,SUP-077,EMP242,TL-066,C,Valid,Valid
M11866,*************4866,WO14866,Hatch Z,TRIM-1,STN-04,2026-03-05 11:22,ENG-1382,SUP-059,EMP206,TL-024,B,Valid,Valid
M11867,*************4867,WO14867,Hatch Z,GA-1,STN-05,2026-03-05 11:23,ENG-1083,SUP-073,EMP378,TL-078,C,Valid,Valid
M11868,*************4868,WO14868,SUV Pro,TRIM-1,STN-05,2026-03-05 11:25,ENG-1224,SUP-008,EMP105,TL-085,,Valid,Valid
M11869,*************4869,WO14869,Sedan X,GA-2,STN-05,2026-03-05 11:26,ENG-1314,SUP-068,EMP260,TL-075,C,Valid,Valid
M11870,*************4870,WO14870,Sedan X,TRIM-1,STN-03,2026-03-05 11:27,ENG-1016,SUP-125,EMP311,TL-004,C,Valid,Valid
M11871,*************4871,WO14871,Sedan X,GA-1,STN-01,2026-03-05 11:28,ENG-1065,SUP-184,EMP124,TL-029,B,Valid,Valid
M11872,*************4872,WO14872,Hatch Z,GA-1,STN-05,2026-03-05 11:30,ENG-1060,SUP-062,EMP358,TL-064,A,Valid,Valid
M11873,*************4873,WO14873,SUV Pro,GA-2,STN-05,2026-03-05 11:31,ENG-1114,SUP-064,EMP282,TL-055,A,Valid,Valid
M11874,*************4874,WO14874,SUV Pro,GA-1,STN-01,2026-03-05 11:32,ENG-1276,SUP-173,EMP108,TL-015,C,Valid,Valid
M11875,*************4875,WO14875,Sedan X,GA-2,STN-04,2026-03-05 11:33,ENG-1143,SUP-051,EMP266,TL-052,,Valid,Valid
M11876,*************4876,WO14876,Sedan X,GA-2,STN-05,2026-03-05 11:35,ENG-1335,SUP-116,EMP351,TL-022,,Valid,Valid
M11877,*************4877,WO14877,Sedan X,PAINT-1,STN-04,2026-03-05 11:36,ENG-1187,SUP-156,EMP320,TL-085,C,Valid,Valid
M11878,*************4878,WO14878,SUV Pro,PAINT-1,STN-03,2026-03-05 11:37,ENG-1491,SUP-127,EMP274,TL-073,C,Valid,Valid
M11879,*************4879,WO14879,Hatch Z,PAINT-1,STN-03,2026-03-05 11:38,ENG-1013,SUP-088,EMP265,TL-084,B,Valid,Valid
M11880,*************4880,WO14880,Hatch Z,TRIM-1,STN-02,2026-03-05 11:40,ENG-1288,SUP-182,EMP142,TL-057,A,Valid,Valid
M11881,*************4881,WO14881,SUV Pro,PAINT-1,STN-03,2026-03-05 11:41,ENG-1146,SUP-020,EMP386,TL-029,C,Valid,Valid
M11882,*************4882,WO14882,Sedan X,PAINT-1,STN-02,2026-03-05 11:42,ENG-1378,SUP-170,EMP287,TL-019,A,Valid,Valid
M11883,*************4883,WO14883,SUV Pro,GA-2,STN-03,2026-03-05 11:43,ENG-1388,SUP-020,EMP301,TL-084,C,Valid,Valid
M11884,*************4884,WO14884,Sedan X,GA-1,STN-05,2026-03-05 11:45,ENG-1322,,EMP194,TL-012,C,Valid,Valid
M11885,*************4885,WO14885,SUV Pro,TRIM-1,STN-03,2026-03-05 11:46,ENG-1363,SUP-076,EMP263,TL-020,A,Valid,Valid
M11886,*************4886,WO14886,Sedan X,GA-1,STN-03,2026-03-05 11:47,ENG-1413,SUP-171,EMP169,TL-061,,Valid,Valid
M11887,*************4887,WO14887,Hatch Z,PAINT-1,STN-04,2026-03-05 11:48,ENG-1103,SUP-007,EMP362,TL-094,B,Valid,Valid
M11888,*************4888,WO14888,SUV Pro,GA-1,STN-02,2026-03-05 11:50,ENG-1421,SUP-187,EMP285,TL-088,B,Valid,Valid
M11889,*************4889,WO14889,Sedan X,GA-1,STN-03,2026-03-05 11:51,ENG-1086,SUP-189,EMP245,TL-037,A,Valid,Valid
M11890,*************4890,WO14890,Hatch Z,GA-2,STN-05,2026-03-05 11:52,ENG-1102,SUP-198,EMP323,TL-030,C,Valid,Valid
M11891,*************4891,WO14891,Hatch Z,GA-1,STN-05,2026-03-05 11:53,ENG-1128,SUP-024,EMP190,TL-092,A,Valid,Valid
M11892,*************4892,WO14892,Hatch Z,GA-1,STN-03,2026-03-05 11:55,ENG-1367,SUP-169,EMP184,TL-046,,Valid,Valid
M11893,*************4893,WO14893,Hatch Z,PAINT-1,STN-05,2026-03-05 11:56,ENG-1290,SUP-016,EMP113,TL-037,,Valid,Valid
M11894,*************4894,WO14894,Hatch Z,PAINT-1,STN-01,2026-03-05 11:57,ENG-1069,SUP-168,EMP221,TL-020,C,Valid,Valid
M11895,*************4895,WO14895,SUV Pro,TRIM-1,STN-01,2026-03-05 11:58,ENG-1044,SUP-142,EMP144,TL-999,A,Valid,Valid
M11896,*************4896,WO14896,Sedan X,PAINT-1,STN-05,2026-03-05 12:00,ENG-1493,SUP-187,EMP219,TL-034,C,Valid,Valid
M11897,*************4897,WO14897,SUV Pro,GA-1,STN-02,2026-03-05 12:01,ENG-1109,SUP-154,EMP321,TL-089,B,Valid,Valid
M11898,*************4898,WO14898,SUV Pro,TRIM-1,STN-05,2026-03-05 12:02,ENG-1212,SUP-023,EMP195,TL-064,B,Valid,Valid
M11899,*************4899,WO14899,SUV Pro,GA-2,STN-01,2026-03-05 12:03,ENG-1393,SUP-030,EMP177,TL-004,B,Valid,Valid
M11900,*************4900,WO14900,Hatch Z,GA-1,STN-05,2026-03-05 12:05,ENG-1362,SUP-053,EMP357,TL-011,B,Valid,Valid
M11901,*************4901,WO14901,Sedan X,GA-1,STN-03,2026-03-05 12:06,ENG-1303,SUP-079,EMP386,TL-005,B,Valid,Valid
M11902,*************4902,WO14902,Hatch Z,GA-1,STN-05,2026-03-05 12:07,ENG-1279,SUP-166,EMP370,TL-092,A,Valid,Valid
M11903,*************4903,WO14903,Hatch Z,TRIM-1,STN-05,2026-03-05 12:08,ENG-1211,SUP-078,EMP284,TL-021,B,Valid,Valid
M11904,*************4904,WO14904,Sedan X,GA-1,STN-05,2026-03-05 12:10,ENG-1294,SUP-152,EMP118,TL-066,B,Valid,Valid
M11905,*************4905,WO14905,Sedan X,GA-2,STN-02,2026-03-05 12:11,ENG-1164,SUP-101,EMP387,TL-094,B,Valid,Valid
M11906,*************4906,WO14906,Sedan X,TRIM-1,STN-02,2026-03-05 12:12,ENG-1119,SUP-195,EMP320,TL-081,,Valid,Valid
M11907,*************4907,WO14907,SUV Pro,GA-1,STN-03,2026-03-05 12:13,ENG-1498,SUP-183,EMP135,TL-062,A,Valid,Valid
M11908,*************4908,WO14908,Sedan X,GA-2,STN-05,2026-03-05 12:15,ENG-1280,SUP-145,EMP147,TL-080,A,Valid,Valid
M11909,*************4909,WO14909,Hatch Z,TRIM-1,STN-03,2026-03-05 12:16,ENG-1018,SUP-083,EMP115,TL-015,B,Valid,Valid
M11910,*************4910,WO14910,Hatch Z,GA-2,STN-03,2026-03-05 12:17,ENG-1081,SUP-006,EMP227,TL-035,C,Valid,Valid
M11911,*************4911,WO14911,Hatch Z,PAINT-1,STN-04,2026-03-05 12:18,ENG-1014,SUP-127,EMP139,TL-033,,Valid,Valid
M11912,*************4912,WO14912,SUV Pro,PAINT-1,STN-01,2026-03-05 12:20,ENG-1423,SUP-184,EMP353,TL-059,C,Valid,Valid
M11913,*************4913,WO14913,Hatch Z,GA-2,STN-03,2026-03-05 12:21,ENG-1362,SUP-168,EMP335,TL-020,B,Valid,Valid
M11914,*************4914,WO14914,Sedan X,TRIM-1,STN-03,2026-03-05 12:22,ENG-1382,SUP-054,EMP160,TL-051,A,Valid,Valid
M11915,*************4915,WO14915,Sedan X,TRIM-1,STN-05,2026-03-05 12:23,ENG-1257,SUP-187,EMP139,TL-012,A,Valid,Valid
M11916,*************4916,WO14916,SUV Pro,TRIM-1,STN-03,2026-03-05 12:25,ENG-1497,SUP-008,EMP196,TL-098,,Valid,Valid
M11917,*************4917,WO14917,Sedan X,GA-1,STN-04,2026-03-05 12:26,ENG-1204,SUP-119,EMP111,TL-002,C,Valid,Valid
M11918,*************4918,WO14918,Hatch Z,PAINT-1,STN-04,2026-03-05 12:27,ENG-1467,SUP-153,EMP303,TL-051,B,Valid,Valid
M11919,*************4919,WO14919,Hatch Z,GA-2,STN-03,2026-03-05 12:28,ENG-1126,SUP-056,EMP336,TL-008,A,Valid,Valid
M11920,*************4920,WO14920,SUV Pro,GA-1,STN-05,2026-03-05 12:30,ENG-1348,SUP-082,EMP367,TL-002,A,Valid,Valid
M11921,*************4921,WO14921,Hatch Z,TRIM-1,STN-03,2026-03-05 12:31,ENG-1467,SUP-017,EMP240,TL-084,A,Valid,Valid
M11922,*************4922,WO14922,Hatch Z,TRIM-1,STN-02,2026-03-05 12:32,ENG-1127,SUP-047,EMP210,TL-039,B,Valid,Valid
M11923,*************4923,WO14923,Sedan X,TRIM-1,STN-03,2026-03-05 12:33,ENG-1455,SUP-137,EMP351,TL-038,C,Valid,Valid
M11924,*************4924,WO14924,Hatch Z,GA-2,STN-05,2026-03-05 12:35,ENG-1448,SUP-167,EMP187,TL-032,,Valid,Valid
M11925,*************4925,WO14925,SUV Pro,GA-1,STN-03,2026-03-05 12:36,ENG-1295,SUP-127,EMP195,TL-019,C,Valid,Valid
M11926,*************4926,WO14926,Hatch Z,GA-2,STN-05,2026-03-05 12:37,ENG-1191,SUP-141,EMP272,TL-096,C,Valid,Valid
M11927,*************4927,WO14927,SUV Pro,PAINT-1,STN-03,2026-03-05 12:38,ENG-1057,SUP-055,EMP158,TL-074,,Valid,Valid
M11928,*************4928,WO14928,Sedan X,GA-2,STN-03,2026-03-05 12:40,ENG-1265,SUP-043,EMP220,TL-055,,Valid,Valid
M11929,*************4929,WO14929,Hatch Z,GA-2,STN-05,2026-03-05 12:41,ENG-1363,SUP-126,EMP200,TL-051,B,Valid,Valid
M11930,*************4930,WO14930,Sedan X,GA-2,STN-05,2026-03-05 12:42,ENG-1001,SUP-005,EMP116,TL-034,B,Valid,Valid
M11931,*************4931,WO14931,SUV Pro,PAINT-1,STN-04,2026-03-05 12:43,ENG-1186,SUP-133,EMP259,TL-053,,Valid,Valid
M11932,*************4932,WO14932,SUV Pro,TRIM-1,STN-05,2026-03-05 12:45,ENG-1245,SUP-183,EMP236,TL-013,,Valid,Valid
M11933,*************4933,WO14933,Sedan X,TRIM-1,STN-03,2026-03-05 12:46,ENG-1045,SUP-034,EMP119,TL-052,B,Valid,Valid
M11934,*************4934,WO14934,Sedan X,TRIM-1,STN-03,2026-03-05 12:47,ENG-1176,SUP-044,EMP394,TL-057,,Valid,Valid
M11935,*************4935,WO14935,SUV Pro,GA-1,STN-01,2026-03-05 12:48,ENG-1133,SUP-092,EMP362,TL-039,A,Valid,Valid
M11936,*************4936,WO14936,Hatch Z,GA-1,STN-01,2026-03-05 12:50,ENG-1383,SUP-199,EMP237,TL-033,A,Valid,Valid
M11937,*************4937,WO14937,SUV Pro,TRIM-1,STN-02,2026-03-05 12:51,ENG-1278,SUP-029,EMP259,TL-092,B,Valid,Valid
M11938,*************4938,WO14938,Hatch Z,TRIM-1,STN-01,2026-03-05 12:52,ENG-1037,SUP-107,EMP375,TL-049,A,Valid,Valid
M11939,*************4939,WO14939,Sedan X,PAINT-1,STN-04,2026-03-05 12:53,ENG-1469,SUP-008,EMP201,TL-049,A,Valid,Valid
M11940,*************4940,WO14940,Sedan X,GA-2,STN-04,2026-03-05 12:55,ENG-1383,SUP-192,EMP111,TL-999,C,Valid,Valid
M11941,*************4941,WO14941,SUV Pro,PAINT-1,STN-05,2026-03-05 12:56,ENG-1322,SUP-070,EMP294,TL-045,C,Valid,Valid
M11942,*************4942,WO14942,Sedan X,TRIM-1,STN-05,2026-03-05 12:57,ENG-1496,SUP-064,EMP294,TL-065,C,Valid,Valid
M11943,*************4943,WO14943,Sedan X,TRIM-1,STN-04,2026-03-05 12:58,ENG-1045,SUP-069,EMP113,TL-026,C,Valid,Valid
M11944,*************4944,WO14944,Hatch Z,PAINT-1,STN-05,2026-03-05 13:00,ENG-1351,SUP-081,EMP243,TL-044,C,Valid,Valid
M11945,*************4945,WO14945,Hatch Z,TRIM-1,STN-03,2026-03-05 13:01,ENG-1217,SUP-008,EMP104,TL-030,A,Valid,Valid
M11946,*************4946,WO14946,Sedan X,GA-1,STN-05,2026-03-05 13:02,ENG-1489,SUP-106,EMP170,TL-020,,Valid,Valid
M11947,*************4947,WO14947,Sedan X,GA-2,STN-05,2026-03-05 13:03,ENG-1192,SUP-151,EMP341,TL-035,B,Valid,Valid
M11948,*************4948,WO14948,Hatch Z,GA-1,STN-05,2026-03-05 13:05,ENG-1438,SUP-187,EMP327,TL-096,B,Valid,Valid
M11949,*************4949,WO14949,SUV Pro,GA-2,STN-05,2026-03-05 13:06,ENG-1188,SUP-169,EMP128,TL-075,C,Valid,Valid
M11950,*************4950,WO14950,Hatch Z,TRIM-1,STN-01,2026-03-05 13:07,ENG-1404,SUP-150,EMP199,TL-034,A,Valid,Valid
M11951,*************4951,WO14951,Hatch Z,GA-1,STN-04,2026-03-05 13:08,ENG-1349,SUP-093,EMP116,TL-070,A,Valid,Valid
M11952,*************4952,WO14952,Sedan X,GA-2,STN-04,2026-03-05 13:10,ENG-1411,SUP-178,EMP232,TL-097,A,Valid,Valid
M11953,*************4953,WO14953,Sedan X,PAINT-1,STN-03,2026-03-05 13:11,ENG-1270,SUP-161,EMP228,TL-072,C,Valid,Valid
M11954,*************4954,WO14954,Sedan X,TRIM-1,STN-03,2026-03-05 13:12,ENG-1237,SUP-009,EMP107,TL-089,,Valid,Valid
M11955,*************4955,WO14955,Sedan X,TRIM-1,STN-05,2026-03-05 13:13,ENG-1169,SUP-183,EMP395,TL-043,A,Valid,Valid
M11956,*************4956,WO14956,SUV Pro,GA-2,STN-05,2026-03-05 13:15,ENG-1488,SUP-091,EMP230,TL-037,,Valid,Valid
M11957,*************4957,WO14957,SUV Pro,PAINT-1,STN-03,2026-03-05 13:16,ENG-1070,SUP-022,EMP343,TL-090,C,Valid,Valid
M11958,*************4958,WO14958,SUV Pro,GA-2,STN-04,2026-03-05 13:17,ENG-1175,SUP-044,EMP356,TL-001,A,Valid,Valid
M11959,*************4959,WO14959,Sedan X,TRIM-1,STN-05,2026-03-05 13:18,ENG-1455,SUP-184,EMP134,TL-083,,Valid,Valid
M11960,*************4960,WO14960,Sedan X,PAINT-1,STN-03,2026-03-05 13:20,ENG-1236,SUP-149,EMP245,TL-090,C,Valid,Valid
M11961,*************4961,WO14961,Hatch Z,GA-2,STN-02,2026-03-05 13:21,ENG-1160,SUP-173,EMP160,TL-053,B,Valid,Valid
M11962,*************4962,WO14962,Hatch Z,GA-2,STN-03,2026-03-05 13:22,ENG-1083,SUP-109,EMP242,TL-094,,Valid,Valid
M11963,*************4963,WO14963,Hatch Z,GA-1,STN-05,2026-03-05 13:23,ENG-1489,SUP-175,EMP123,TL-007,A,Valid,Valid
M11964,*************4964,WO14964,SUV Pro,GA-1,STN-04,2026-03-05 13:25,ENG-1284,SUP-027,EMP164,TL-088,C,Valid,Valid
M11965,*************4965,WO14965,Hatch Z,PAINT-1,STN-04,2026-03-05 13:26,ENG-1207,SUP-020,EMP222,TL-006,C,Valid,Valid
M11966,*************4966,WO14966,Hatch Z,PAINT-1,STN-05,2026-03-05 13:27,ENG-1144,SUP-024,EMP247,TL-023,B,Valid,Valid
M11967,*************4967,WO14967,SUV Pro,PAINT-1,STN-03,2026-03-05 13:28,ENG-1076,SUP-139,EMP203,TL-082,B,Valid,Valid
M11968,*************4968,WO14968,SUV Pro,GA-2,STN-05,2026-03-05 13:30,ENG-1273,SUP-121,EMP283,TL-052,,Valid,Valid
M11969,*************4969,WO14969,Hatch Z,GA-1,STN-05,2026-03-05 13:31,ENG-1106,SUP-013,EMP170,TL-054,C,Valid,Valid
M11970,*************4970,WO14970,SUV Pro,PAINT-1,STN-05,2026-03-05 13:32,ENG-1233,SUP-183,EMP341,TL-013,A,Valid,Valid
M11971,*************4971,WO14971,SUV Pro,GA-2,STN-05,2026-03-05 13:33,ENG-1373,SUP-017,EMP368,TL-060,A,Valid,Valid
M11972,*************4972,WO14972,Hatch Z,PAINT-1,STN-01,2026-03-05 13:35,ENG-1477,SUP-185,EMP101,TL-063,A,Valid,Valid
M11973,*************4973,WO14973,Sedan X,TRIM-1,STN-01,2026-03-05 13:36,ENG-1038,SUP-077,EMP305,TL-033,C,Valid,Valid
M11974,*************4974,WO14974,SUV Pro,GA-1,STN-01,2026-03-05 13:37,ENG-1298,SUP-130,EMP223,TL-008,,Valid,Valid
M11975,*************4975,WO14975,SUV Pro,PAINT-1,STN-02,2026-03-05 13:38,ENG-1374,SUP-197,EMP254,TL-063,B,Valid,Valid
M11976,*************4976,WO14976,Hatch Z,PAINT-1,STN-05,2026-03-05 13:40,ENG-1094,SUP-062,EMP354,TL-093,,Valid,Valid
M11977,*************4977,WO14977,SUV Pro,TRIM-1,STN-04,2026-03-05 13:41,ENG-1002,SUP-015,EMP340,TL-072,A,Valid,Valid
M11978,*************4978,WO14978,Hatch Z,GA-2,STN-03,2026-03-05 13:42,ENG-1124,SUP-045,EMP271,TL-013,B,Valid,Valid
M11979,*************4979,WO14979,Sedan X,GA-1,STN-05,2026-03-05 13:43,ENG-1496,SUP-042,EMP184,TL-052,,Valid,Valid
M11980,*************4980,WO14980,Hatch Z,GA-1,STN-05,2026-03-05 13:45,ENG-1209,SUP-171,EMP307,TL-053,A,Valid,Valid
M11981,*************4981,WO14981,Sedan X,TRIM-1,STN-03,2026-03-05 13:46,ENG-1466,SUP-185,EMP204,TL-071,B,Valid,Valid
M11982,*************4982,WO14982,Hatch Z,PAINT-1,STN-04,2026-03-05 13:47,ENG-1032,SUP-105,EMP257,TL-052,B,Valid,Valid
M11983,*************4983,WO14983,Sedan X,GA-1,STN-03,2026-03-05 13:48,ENG-1007,SUP-049,EMP341,TL-002,A,Valid,Valid
M11984,*************4984,WO14984,SUV Pro,GA-1,STN-03,2026-03-05 13:50,ENG-1125,SUP-125,EMP366,TL-100,A,Valid,Valid
M11985,*************4985,WO14985,Hatch Z,TRIM-1,STN-05,2026-03-05 13:51,ENG-1360,SUP-196,EMP322,TL-097,B,Valid,Valid
M11986,*************4986,WO14986,Sedan X,GA-1,STN-04,2026-03-05 13:52,ENG-1409,SUP-193,EMP117,TL-074,B,Valid,Valid
M11987,*************4987,WO14987,SUV Pro,PAINT-1,STN-05,2026-03-05 13:53,ENG-1079,SUP-173,EMP322,TL-063,C,Valid,Valid
M11988,*************4988,WO14988,Hatch Z,TRIM-1,STN-03,2026-03-05 13:55,ENG-1209,SUP-176,EMP190,TL-079,,Valid,Valid
M11989,*************4989,WO14989,SUV Pro,GA-1,STN-03,2026-03-05 13:56,ENG-1243,SUP-074,EMP237,TL-044,,Valid,Valid
M11990,*************4990,WO14990,SUV Pro,TRIM-1,STN-02,2026-03-05 13:57,ENG-1218,SUP-121,EMP302,TL-047,C,Valid,Valid
M11991,*************4991,WO14991,Sedan X,GA-2,STN-05,2026-03-05 13:58,ENG-1052,SUP-115,EMP238,TL-064,,Valid,Valid
M11992,*************4992,WO14992,Hatch Z,PAINT-1,STN-01,2026-03-05 14:00,ENG-1439,SUP-011,EMP199,TL-040,C,Valid,Valid
M11993,*************4993,WO14993,Sedan X,GA-2,STN-01,2026-03-05 14:01,ENG-1095,SUP-112,EMP191,TL-051,B,Valid,Valid
M11994,*************4994,WO14994,Sedan X,GA-2,STN-02,2026-03-05 14:02,ENG-1432,SUP-191,EMP299,TL-085,C,Valid,Valid
M11995,,WO14995,SUV Pro,GA-2,STN-03,2026-03-05 14:03,ENG-1487,SUP-114,EMP214,TL-031,A,Valid,Invalid
M11996,*************4996,WO14996,Hatch Z,GA-1,STN-04,2026-03-05 14:05,ENG-1385,SUP-199,EMP232,TL-100,A,Valid,Valid
M11997,*************4997,WO14997,Hatch Z,TRIM-1,STN-02,2026-03-05 14:06,ENG-1171,SUP-023,EMP321,TL-066,C,Valid,Valid
M11998,*************4998,WO14998,Sedan X,GA-2,STN-03,2026-03-05 14:07,ENG-1238,SUP-103,EMP345,TL-048,A,Valid,Valid
M11999,*************4999,WO14999,Sedan X,PAINT-1,STN-05,2026-03-05 14:08,ENG-1285,SUP-052,EMP346,TL-098,A,Valid,Valid
