Insp_ID,Event_ID,VIN,Source,Defect,Scrap_Code,Is_Rework
QI-1,EVT-11490,XX3868,Human-QA1,None,,False
QI-2,EVT-13584,XX3551,Cam-1,OK,,False
QI-3,EVT-13850,XX4706,Cam-1,None,,False
QI-4,EVT-14200,XX0055,Human-QA1,None,,False
QI-5,EVT-11481,XX1302,Human-QA1,None,,False
QI-6,EVT-11280,XX4509,Human-QA1,OK,S-03,False
QI-7,EVT-13942,XX3912,Cam-1,None,,False
QI-8,EVT-14854,XX3468,Cam-1,None,,False
QI-9,EVT-10874,XX1495,Cam-1,OK,,False
QI-10,EVT-10111,XX4134,Human-QA1,None,,False
QI-11,EVT-10201,XX3704,Human-QA1,None,S-01,False
QI-12,EVT-14713,XX4866,Human-QA2,None,,False
QI-13,EVT-12653,XX0183,Cam-2,na,,False
QI-14,EVT-10994,XX1237,Cam-2,None,,False
QI-15,EVT-14120,XX4222,Cam-1,OK,,False
QI-16,EVT-14752,XX4236,Cam-1,None,,False
QI-17,EVT-11531,XX0621,Cam-2,None,,False
QI-18,EVT-11389,XX1545,Cam-1,None,,False
QI-19,EVT-10530,XX4128,Human-QA1,None,,False
QI-20,EVT-11617,XX0235,Cam-2,None,,False
QI-21,EVT-14141,XX0073,Human-QA1,None,,False
QI-22,EVT-10364,XX4568,Cam-2,None,,True
QI-23,EVT-13371,XX1790,Cam-2,None,,True
QI-24,EVT-12824,XX0628,Cam-1,None,,False
QI-25,EVT-11372,XX0668,Human-QA1,Reject,,False
QI-26,EVT-12857,XX4024,Human-QA1,None,,False
QI-27,EVT-12237,XX0594,Human-QA2,na,,False
QI-28,EVT-13474,XX2667,Human-QA1,None,,False
QI-29,EVT-14444,XX3813,Human-QA1,Reject,,False
QI-30,EVT-14468,XX2340,Cam-1,None,,False
QI-31,EVT-13576,XX3360,Human-QA2,None,S-01,False
QI-32,EVT-13362,XX2261,Human-QA1,None,,False
QI-33,EVT-14043,XX4263,Cam-1,None,,False
QI-34,EVT-13975,XX0969,Cam-2,None,,False
QI-35,EVT-10984,XX2028,Human-QA1,None,,False
QI-36,EVT-12158,XX0179,Cam-1,None,,False
QI-37,EVT-11526,XX2052,Cam-2,None,,False
QI-38,EVT-13372,XX4432,Human-QA1,None,,False
QI-39,EVT-11036,XX0195,Human-QA1,None,,False
QI-40,EVT-14618,XX3536,Cam-1,Reject,,False
QI-41,EVT-13173,XX2941,Cam-2,None,,False
QI-42,EVT-11989,XX2818,Cam-2,Repair,,False
QI-43,EVT-12244,XX3629,Cam-2,na,S-03,False
QI-44,EVT-12102,XX1232,Cam-2,None,,False
QI-45,EVT-12230,XX3699,Human-QA1,None,,False
QI-46,EVT-11042,XX1960,Cam-2,Reject,,False
QI-47,EVT-14458,XX1527,Cam-1,None,,False
QI-48,EVT-12520,XX2178,Cam-1,Repair,,False
QI-49,EVT-14104,XX3073,Human-QA1,None,,False
QI-50,EVT-12707,XX3520,Cam-1,None,,False
QI-51,EVT-11329,XX1696,Human-QA2,None,,False
QI-52,EVT-13655,XX4120,Human-QA1,None,,False
QI-53,EVT-13905,XX0377,Human-QA2,None,,False
QI-54,EVT-11080,XX0779,Cam-2,None,,False
QI-55,EVT-13605,XX3344,Human-QA2,None,,False
QI-56,EVT-10823,XX3596,Human-QA1,None,,False
QI-57,EVT-13619,XX2500,Cam-2,None,S-01,False
QI-58,EVT-13250,XX4996,Cam-1,None,,False
QI-59,EVT-12115,XX0587,Human-QA1,Reject,,True
QI-60,EVT-13567,XX1055,Cam-2,Reject,,False
QI-61,EVT-10047,XX3000,Human-QA1,Repair,,False
QI-62,EVT-11440,XX0610,Cam-2,None,,False
QI-63,EVT-13735,XX2177,Human-QA1,None,,False
QI-64,EVT-10944,XX2501,Human-QA1,na,,False
QI-65,EVT-13268,XX0807,Human-QA1,None,,False
QI-66,EVT-13641,XX2484,Human-QA1,None,,False
QI-67,EVT-13119,XX2700,Human-QA2,None,,False
QI-68,EVT-11983,XX1352,Cam-2,Repair,,False
QI-69,EVT-10354,XX0109,Cam-2,None,,False
QI-70,EVT-13305,XX0526,Human-QA1,None,,False
QI-71,EVT-14532,XX1499,Human-QA1,Reject,,False
QI-72,EVT-14795,XX0950,Cam-1,None,,False
QI-73,EVT-11917,XX1668,Cam-2,Repair,,True
QI-74,EVT-14185,XX3185,Human-QA2,None,,False
QI-75,EVT-10368,XX4948,Cam-2,OK,,False
QI-76,EVT-12986,XX0606,Cam-2,None,S-03,False
QI-77,EVT-11192,XX2395,Cam-2,None,,False
QI-78,EVT-11386,XX1625,Cam-1,None,,False
QI-79,EVT-13993,XX4918,Human-QA2,None,,False
QI-80,EVT-13002,XX4403,Human-QA1,None,,False
QI-81,EVT-11896,XX1058,Human-QA2,None,,False
QI-82,EVT-12547,XX1369,Human-QA1,None,S-01,False
QI-83,EVT-14799,XX1672,Human-QA1,OK,,False
QI-84,EVT-11553,XX4634,Human-QA2,None,,False
QI-85,EVT-12810,XX3739,Cam-1,OK,,False
QI-86,EVT-13032,XX0928,Cam-1,None,,False
QI-87,EVT-10111,XX3626,Human-QA1,na,,False
QI-88,EVT-14072,XX2737,Cam-1,None,,False
QI-89,EVT-11063,XX0705,Cam-1,None,,False
QI-90,EVT-14197,XX0283,Cam-1,na,,False
QI-91,EVT-11392,XX3830,Cam-1,na,,False
QI-92,EVT-11197,XX3684,Human-QA1,None,,False
QI-93,EVT-13897,XX0971,Cam-1,None,,False
QI-94,EVT-10340,XX4073,Human-QA2,OK,,False
QI-95,EVT-10015,XX0489,Human-QA2,None,,False
QI-96,EVT-12861,XX3107,Human-QA1,None,,False
QI-97,EVT-14291,XX2854,Cam-2,OK,,False
QI-98,EVT-11205,XX2090,Cam-1,Repair,,False
QI-99,EVT-11574,XX0170,Human-QA2,None,S-01,False
QI-100,EVT-13306,XX4017,Cam-2,None,,False
QI-101,EVT-14600,XX1593,Human-QA2,None,,False
QI-102,EVT-11540,XX4964,Human-QA2,None,,False
QI-103,EVT-13584,XX0566,Cam-2,None,,False
QI-104,EVT-14053,XX1418,Cam-1,None,,False
QI-105,EVT-11926,XX3368,Human-QA1,na,,False
QI-106,EVT-13519,XX0385,Human-QA1,Reject,S-03,False
QI-107,EVT-11405,XX2646,Human-QA1,None,,False
QI-108,EVT-12013,XX3136,Cam-1,na,,False
QI-109,EVT-10447,XX4177,Cam-1,None,,False
QI-110,EVT-11720,XX3257,Human-QA2,na,,False
QI-111,EVT-13867,XX0238,Human-QA1,None,,False
QI-112,EVT-14093,XX3441,Human-QA1,None,,False
QI-113,EVT-10033,XX4833,Human-QA2,None,,False
QI-114,EVT-10496,XX4936,Human-QA2,None,,False
QI-115,EVT-12911,XX1933,Cam-2,OK,,False
QI-116,EVT-11403,XX3162,Cam-2,None,,False
QI-117,EVT-13219,XX2577,Cam-1,None,,False
QI-118,EVT-12710,XX4184,Human-QA1,None,S-02,False
QI-119,EVT-11602,XX2072,Human-QA2,OK,,False
QI-120,EVT-14685,XX0332,Human-QA1,None,,False
QI-121,EVT-14772,XX3130,Cam-1,None,,False
QI-122,EVT-13712,XX2512,Human-QA1,None,,False
QI-123,EVT-13602,XX3050,Human-QA2,None,S-02,False
QI-124,EVT-14096,XX4285,Human-QA2,None,,False
QI-125,EVT-12334,XX3536,Human-QA2,None,S-02,False
QI-126,EVT-11279,XX0353,Cam-1,Reject,,False
QI-127,EVT-13245,XX3123,Human-QA2,None,,False
QI-128,EVT-14949,XX2032,Cam-2,None,,False
QI-129,EVT-10049,XX0860,Human-QA2,na,S-01,False
QI-130,EVT-12664,XX2927,Human-QA1,Repair,,False
QI-131,EVT-11774,XX4263,Human-QA2,None,,False
QI-132,EVT-13588,XX4045,Human-QA2,na,,False
QI-133,EVT-14046,XX4197,Human-QA1,OK,,False
QI-134,EVT-10065,XX4621,Cam-1,None,,False
QI-135,EVT-14223,XX1171,Cam-1,None,,False
QI-136,EVT-12744,XX4584,Cam-1,None,,False
QI-137,EVT-10187,XX2129,Cam-1,OK,,False
QI-138,EVT-14673,XX2628,Human-QA2,None,,False
QI-139,EVT-14039,XX4918,Human-QA2,None,,False
QI-140,EVT-12888,XX3634,Cam-2,None,,False
QI-141,EVT-14857,XX1606,Cam-1,None,,False
QI-142,EVT-10666,XX2934,Human-QA1,None,,False
QI-143,EVT-10932,XX0072,Human-QA1,na,,False
QI-144,EVT-11970,XX2293,Human-QA1,None,,False
QI-145,EVT-13852,XX4675,Human-QA1,na,,False
QI-146,EVT-14140,XX1234,Cam-2,OK,,False
QI-147,EVT-12176,XX0194,Cam-2,None,S-01,False
QI-148,EVT-10617,XX4634,Cam-2,Repair,,False
QI-149,EVT-14858,XX4428,Cam-1,None,,False
QI-150,EVT-10792,XX3583,Human-QA2,Repair,,False
QI-151,EVT-11250,XX4389,Human-QA1,OK,,False
QI-152,EVT-13993,XX0730,Human-QA1,Reject,,False
QI-153,EVT-12444,XX0036,Cam-2,None,,False
QI-154,EVT-12322,XX0245,Cam-1,Reject,,False
QI-155,EVT-14233,XX3467,Cam-2,None,,False
QI-156,EVT-11350,XX3768,Human-QA1,None,,False
QI-157,EVT-12830,XX4286,Human-QA1,Repair,,False
QI-158,EVT-12275,XX1782,Cam-2,Repair,,False
QI-159,EVT-12206,XX2855,Human-QA1,None,,False
QI-160,EVT-11917,XX1216,Human-QA2,None,,False
QI-161,EVT-13834,XX0616,Human-QA2,None,,False
QI-162,EVT-12077,XX4164,Cam-2,None,,False
QI-163,EVT-11121,XX0454,Human-QA2,Reject,,False
QI-164,EVT-10608,XX3305,Human-QA2,None,,False
QI-165,EVT-10768,XX1532,Cam-2,None,,False
QI-166,EVT-10783,XX4562,Cam-2,None,S-02,False
QI-167,EVT-12929,XX1776,Cam-2,None,,False
QI-168,EVT-12389,XX2490,Human-QA2,None,,False
QI-169,EVT-10167,XX1150,Human-QA1,None,,False
QI-170,EVT-14779,XX3707,Cam-1,None,S-01,False
QI-171,EVT-13256,XX4229,Human-QA1,None,,False
QI-172,EVT-12479,XX4988,Cam-2,None,,False
QI-173,EVT-14134,XX4492,Human-QA1,None,S-03,False
QI-174,EVT-10979,XX2138,Cam-1,None,,False
QI-175,EVT-12434,XX0083,Human-QA1,Reject,,False
QI-176,EVT-14022,XX1524,Cam-2,None,S-02,False
QI-177,EVT-12816,XX3381,Cam-1,None,,False
QI-178,EVT-10790,XX2580,Human-QA2,None,,False
QI-179,EVT-14837,XX4937,Human-QA1,None,,False
QI-180,EVT-11474,XX1108,Human-QA2,None,,False
QI-181,EVT-13186,XX2075,Human-QA2,na,,False
QI-182,EVT-14001,XX4475,Cam-1,None,,False
QI-183,EVT-12448,XX1925,Human-QA2,OK,,False
QI-184,EVT-13674,XX4313,Human-QA2,OK,,False
QI-185,EVT-13380,XX0381,Human-QA1,None,,True
QI-186,EVT-11126,XX0637,Cam-1,na,,False
QI-187,EVT-11750,XX0800,Cam-2,None,S-01,False
QI-188,EVT-14197,XX3784,Cam-2,None,,False
QI-189,EVT-14750,XX4013,Cam-1,None,,False
QI-190,EVT-13161,XX2556,Human-QA2,Reject,,False
QI-191,EVT-13189,XX0283,Human-QA1,None,,False
QI-192,EVT-10751,XX4310,Human-QA2,None,,False
QI-193,EVT-11232,XX1180,Cam-2,None,,False
QI-194,EVT-10858,XX2047,Human-QA1,None,,False
QI-195,EVT-14414,XX0855,Cam-1,None,,True
QI-196,EVT-13860,XX0617,Human-QA2,None,,False
QI-197,EVT-14728,XX3231,Human-QA2,None,,False
QI-198,EVT-13941,XX2089,Human-QA1,None,,False
QI-199,EVT-12699,XX3874,Human-QA2,Repair,,False
QI-200,EVT-12000,XX4615,Cam-1,na,,False
QI-201,EVT-10239,XX1029,Human-QA1,None,,False
QI-202,EVT-12190,XX1045,Cam-1,Repair,,False
QI-203,EVT-14214,XX0646,Cam-1,None,,False
QI-204,EVT-14691,XX0941,Cam-1,None,,True
QI-205,EVT-12015,XX4338,Cam-1,None,,False
QI-206,EVT-10162,XX0343,Human-QA2,OK,,False
QI-207,EVT-14749,XX1667,Human-QA1,None,,False
QI-208,EVT-10349,XX2465,Human-QA2,None,S-01,False
QI-209,EVT-10030,XX0038,Cam-2,Reject,,False
QI-210,EVT-12138,XX4432,Cam-1,na,,False
QI-211,EVT-12175,XX2161,Cam-1,None,,False
QI-212,EVT-12826,XX0251,Cam-2,OK,,False
QI-213,EVT-13619,XX3417,Cam-2,None,,False
QI-214,EVT-10847,XX3946,Cam-1,None,,False
QI-215,EVT-10791,XX0264,Human-QA2,None,,False
QI-216,EVT-10508,XX4995,Human-QA2,None,,False
QI-217,EVT-14840,XX4677,Cam-1,None,,False
QI-218,EVT-14835,XX1415,Human-QA1,None,,False
QI-219,EVT-14332,XX1622,Cam-2,None,,False
QI-220,EVT-11012,XX1754,Human-QA2,None,,False
QI-221,EVT-13024,XX0562,Human-QA1,None,,True
QI-222,EVT-13070,XX3583,Cam-1,None,,False
QI-223,EVT-11074,XX1158,Cam-1,Repair,,False
QI-224,EVT-10468,XX1766,Human-QA2,None,,False
QI-225,EVT-11915,XX4157,Human-QA2,OK,,False
QI-226,EVT-14483,XX3836,Cam-1,None,,False
QI-227,EVT-10735,XX3542,Human-QA2,None,,False
QI-228,EVT-14749,XX3130,Human-QA2,None,,False
QI-229,EVT-12856,XX3257,Human-QA2,Repair,,False
QI-230,EVT-14477,XX3104,Cam-1,None,,False
QI-231,EVT-10095,XX4753,Cam-2,Repair,,False
QI-232,EVT-10911,XX4265,Human-QA1,None,,False
QI-233,EVT-14882,XX1046,Cam-2,na,,False
QI-234,EVT-14388,XX2858,Cam-1,na,,False
QI-235,EVT-13306,XX1103,Human-QA1,Repair,S-01,False
QI-236,EVT-14436,XX2736,Cam-1,None,,False
QI-237,EVT-10718,XX0387,Cam-2,None,,False
QI-238,EVT-13004,XX1613,Cam-1,None,,False
QI-239,EVT-11373,XX1566,Human-QA2,None,,False
QI-240,EVT-12428,XX3356,Human-QA2,None,S-01,False
QI-241,EVT-13681,XX2377,Cam-2,None,,False
QI-242,EVT-12809,XX2508,Human-QA2,OK,,False
QI-243,EVT-13219,XX2201,Cam-2,None,,False
QI-244,EVT-12613,XX4005,Cam-1,None,,False
QI-245,EVT-10504,XX2773,Cam-1,None,,False
QI-246,EVT-12265,XX0807,Cam-2,Repair,,False
QI-247,EVT-14060,XX3784,Human-QA1,None,,False
QI-248,EVT-12984,XX3030,Cam-2,na,,False
QI-249,EVT-12796,XX0641,Human-QA1,na,,False
QI-250,EVT-14931,XX4087,Cam-2,None,,False
QI-251,EVT-13926,XX2996,Cam-1,None,S-02,False
QI-252,EVT-13808,XX2239,Human-QA2,None,,False
QI-253,EVT-10488,XX2100,Cam-2,Repair,,False
QI-254,EVT-12258,XX2643,Human-QA1,None,,False
QI-255,EVT-12713,XX2389,Human-QA2,None,,False
QI-256,EVT-14354,XX4113,Human-QA1,None,,False
QI-257,EVT-11250,XX4086,Human-QA1,None,,False
QI-258,EVT-13960,XX0242,Human-QA1,None,,False
QI-259,EVT-11414,XX3750,Human-QA1,None,,False
QI-260,EVT-10991,XX4747,Cam-2,None,,False
QI-261,EVT-10399,XX1435,Human-QA2,None,,False
QI-262,EVT-14404,XX4390,Human-QA2,na,,False
QI-263,EVT-14055,XX1434,Human-QA2,None,,False
QI-264,EVT-14099,XX4769,Human-QA2,Repair,,False
QI-265,EVT-11567,XX1440,Cam-1,None,,False
QI-266,EVT-13817,XX4278,Cam-1,None,,False
QI-267,EVT-12273,XX2969,Cam-2,None,,False
QI-268,EVT-11125,XX4888,Human-QA2,Repair,,False
QI-269,EVT-13323,XX4763,Cam-1,None,,False
QI-270,EVT-12603,XX4822,Human-QA2,Reject,,False
QI-271,EVT-13499,XX4449,Cam-2,na,,False
QI-272,EVT-11565,XX4165,Human-QA1,None,,False
QI-273,EVT-10918,XX0477,Cam-2,None,,False
QI-274,EVT-14619,XX4421,Cam-1,None,,False
QI-275,EVT-14621,XX3566,Cam-1,OK,,False
QI-276,EVT-11315,XX1319,Cam-1,None,,False
QI-277,EVT-14119,XX4179,Cam-2,None,,False
QI-278,EVT-11654,XX3658,Cam-2,OK,,False
QI-279,EVT-13458,XX1289,Cam-2,None,,False
QI-280,EVT-11613,XX0269,Human-QA2,None,,False
QI-281,EVT-10241,XX2936,Cam-1,None,,False
QI-282,EVT-14298,XX4397,Cam-2,na,,False
QI-283,EVT-14332,XX1022,Cam-2,None,,False
QI-284,EVT-10950,XX0090,Human-QA2,None,,False
QI-285,EVT-13069,XX1926,Cam-1,None,,False
QI-286,EVT-10293,XX4456,Human-QA1,Repair,,False
QI-287,EVT-14305,XX3074,Human-QA1,None,,False
QI-288,EVT-10787,XX3248,Cam-1,None,,False
QI-289,EVT-11632,XX1149,Human-QA2,na,S-01,False
QI-290,EVT-13073,XX4823,Cam-1,None,,False
QI-291,EVT-14070,XX1603,Human-QA1,OK,,False
QI-292,EVT-12276,XX1803,Cam-2,None,,False
QI-293,EVT-14505,XX0005,Cam-1,None,,False
QI-294,EVT-13314,XX2165,Human-QA1,None,,False
QI-295,EVT-11491,XX3062,Cam-2,na,,False
QI-296,EVT-14553,XX0431,Cam-1,None,,False
QI-297,EVT-12601,XX0390,Human-QA2,None,,False
QI-298,EVT-12260,XX3551,Human-QA1,Repair,,False
QI-299,EVT-11831,XX3543,Cam-2,na,,False
QI-300,EVT-10385,XX1374,Cam-2,None,,False
QI-301,EVT-10527,XX4840,Human-QA2,None,,False
QI-302,EVT-11411,XX4180,Human-QA1,None,,False
QI-303,EVT-13350,XX2649,Cam-2,OK,,False
QI-304,EVT-14197,XX3299,Human-QA2,None,,False
QI-305,EVT-10389,XX0453,Human-QA1,OK,,False
QI-306,EVT-11225,XX0323,Human-QA2,None,S-01,False
QI-307,EVT-13638,XX4015,Human-QA2,None,,False
QI-308,EVT-13792,XX1989,Human-QA2,None,,False
QI-309,EVT-10840,XX1129,Human-QA2,None,S-03,False
QI-310,EVT-11377,XX1110,Human-QA1,None,,False
QI-311,EVT-10234,XX2551,Human-QA2,OK,S-01,False
QI-312,EVT-10113,XX0506,Human-QA2,None,,False
QI-313,EVT-13138,XX1180,Cam-2,None,,False
QI-314,EVT-10808,XX0496,Human-QA1,Repair,S-01,True
QI-315,EVT-12150,XX0386,Human-QA1,None,,False
QI-316,EVT-10410,XX3535,Human-QA2,None,,False
QI-317,EVT-11318,XX3615,Human-QA2,OK,S-02,False
QI-318,EVT-14086,XX4772,Cam-1,None,,False
QI-319,EVT-14903,XX1897,Human-QA2,None,,True
QI-320,EVT-11587,XX3855,Human-QA1,Repair,,False
QI-321,EVT-11060,XX3518,Cam-2,None,,False
QI-322,EVT-10066,XX2335,Human-QA1,Reject,,False
QI-323,EVT-12253,XX4297,Cam-2,None,,False
QI-324,EVT-10340,XX0811,Human-QA2,None,,False
QI-325,EVT-13977,XX0883,Cam-1,Reject,,False
QI-326,EVT-12473,XX1403,Cam-2,None,,False
QI-327,EVT-10955,XX3795,Human-QA1,Repair,,False
QI-328,EVT-14304,XX1289,Human-QA2,None,,False
QI-329,EVT-12010,XX0898,Cam-2,na,,False
QI-330,EVT-11888,XX2405,Cam-1,Reject,,False
QI-331,EVT-10368,XX1217,Cam-1,None,,False
QI-332,EVT-11762,XX2956,Cam-1,OK,,False
QI-333,EVT-10993,XX4023,Human-QA2,None,,False
QI-334,EVT-10081,XX2954,Cam-2,Repair,,True
QI-335,EVT-11187,XX3571,Cam-2,None,,False
QI-336,EVT-10376,XX1089,Human-QA2,na,,False
QI-337,EVT-10002,XX0317,Cam-2,None,,False
QI-338,EVT-10683,XX3819,Human-QA2,None,,True
QI-339,EVT-13189,XX4555,Cam-1,None,,False
QI-340,EVT-13727,XX0395,Cam-2,None,,False
QI-341,EVT-10763,XX1574,Cam-1,None,,False
QI-342,EVT-10265,XX3954,Human-QA2,None,,False
QI-343,EVT-12482,XX1063,Cam-1,None,,False
QI-344,EVT-12729,XX2197,Human-QA1,None,,False
QI-345,EVT-10724,XX2424,Human-QA2,na,,False
QI-346,EVT-12840,XX2414,Human-QA1,None,,False
QI-347,EVT-12423,XX4552,Human-QA2,None,,False
QI-348,EVT-12413,XX4372,Cam-1,na,,False
QI-349,EVT-14862,XX3582,Cam-1,None,,False
QI-350,EVT-12475,XX4259,Cam-1,None,,False
QI-351,EVT-11064,XX1643,Human-QA1,OK,,False
QI-352,EVT-12291,XX4896,Cam-1,None,,False
QI-353,EVT-12892,XX4276,Human-QA1,None,,False
QI-354,EVT-14398,XX1543,Human-QA1,None,,False
QI-355,EVT-14465,XX2900,Cam-2,None,,False
QI-356,EVT-14946,XX2035,Cam-2,None,,False
QI-357,EVT-12322,XX1479,Cam-2,None,,False
QI-358,EVT-10046,XX1012,Human-QA2,OK,,False
QI-359,EVT-12164,XX1432,Human-QA1,OK,,False
QI-360,EVT-13661,XX3257,Cam-1,None,,False
QI-361,EVT-12564,XX0457,Cam-2,None,,False
QI-362,EVT-13325,XX3065,Human-QA2,None,,False
QI-363,EVT-14927,XX4052,Human-QA1,None,,False
QI-364,EVT-12666,XX3577,Human-QA2,Repair,,False
QI-365,EVT-10755,XX2293,Cam-1,None,,True
QI-366,EVT-13244,XX4880,Cam-2,na,,False
QI-367,EVT-11452,XX1139,Human-QA1,None,,False
QI-368,EVT-10904,XX2546,Human-QA2,na,S-03,False
QI-369,EVT-12454,XX1361,Cam-2,Reject,,False
QI-370,EVT-13487,XX3191,Cam-2,None,,False
QI-371,EVT-14060,XX0056,Human-QA1,None,,False
QI-372,EVT-13763,XX4520,Cam-2,None,,False
QI-373,EVT-10778,XX3192,Human-QA2,None,,False
QI-374,EVT-11790,XX4146,Human-QA1,None,,False
QI-375,EVT-14927,XX3437,Human-QA1,None,,False
QI-376,EVT-11601,XX1960,Cam-2,OK,,False
QI-377,EVT-14739,XX2130,Cam-1,None,,False
QI-378,EVT-14508,XX4978,Cam-1,None,,False
QI-379,EVT-13843,XX0238,Cam-1,na,,True
QI-380,EVT-13675,XX3040,Human-QA2,None,,False
QI-381,EVT-13857,XX0389,Human-QA1,Reject,,False
QI-382,EVT-11005,XX3407,Cam-2,None,,False
QI-383,EVT-12700,XX0685,Cam-1,None,S-01,False
QI-384,EVT-10231,XX3984,Cam-2,None,,False
QI-385,EVT-13653,XX0187,Cam-1,None,,False
QI-386,EVT-14586,XX2744,Cam-1,None,S-01,False
QI-387,EVT-12133,XX3429,Cam-2,None,,False
QI-388,EVT-13836,XX2411,Human-QA2,None,,False
QI-389,EVT-11690,XX3235,Cam-2,None,,False
QI-390,EVT-11223,XX3389,Cam-2,None,,False
QI-391,EVT-14970,XX2935,Human-QA2,None,,False
QI-392,EVT-12203,XX4372,Human-QA2,None,,False
QI-393,EVT-10897,XX4921,Cam-2,na,,False
QI-394,EVT-11869,XX3970,Human-QA2,None,,False
QI-395,EVT-10151,XX3995,Cam-1,Reject,,False
QI-396,EVT-11351,XX4573,Human-QA2,None,,False
QI-397,EVT-10171,XX3250,Cam-2,None,,False
QI-398,EVT-11429,XX2752,Human-QA2,None,,True
QI-399,EVT-14857,XX1576,Human-QA1,None,,False
QI-400,EVT-13433,XX1260,Human-QA2,None,,False
QI-401,EVT-13199,XX1057,Cam-1,None,,False
QI-402,EVT-11898,XX0545,Human-QA1,None,,False
QI-403,EVT-11359,XX0330,Cam-1,None,,False
QI-404,EVT-10692,XX2170,Cam-1,None,,False
QI-405,EVT-10099,XX1579,Human-QA1,na,,False
QI-406,EVT-13442,XX3007,Cam-1,None,,False
QI-407,EVT-13049,XX2524,Human-QA1,None,,False
QI-408,EVT-10004,XX2790,Cam-1,None,,False
QI-409,EVT-11920,XX4223,Cam-2,None,,False
QI-410,EVT-10427,XX2916,Cam-1,None,,False
QI-411,EVT-10586,XX1773,Human-QA1,na,,False
QI-412,EVT-12967,XX2139,Cam-2,None,,False
QI-413,EVT-13204,XX1957,Cam-2,None,,False
QI-414,EVT-10255,XX2073,Human-QA2,None,,False
QI-415,EVT-11473,XX2397,Human-QA2,None,,False
QI-416,EVT-10720,XX2816,Human-QA2,None,,True
QI-417,EVT-12000,XX0873,Cam-2,None,,False
QI-418,EVT-13007,XX4342,Human-QA2,None,,True
QI-419,EVT-12627,XX0257,Cam-2,None,,False
QI-420,EVT-14502,XX4918,Human-QA2,OK,,True
QI-421,EVT-12289,XX4033,Cam-1,None,,False
QI-422,EVT-14210,XX4886,Human-QA2,None,,False
QI-423,EVT-11731,XX3261,Human-QA1,None,,False
QI-424,EVT-14901,XX0694,Human-QA2,None,,False
QI-425,EVT-12177,XX4835,Cam-2,Repair,,False
QI-426,EVT-11580,XX4038,Human-QA1,None,,False
QI-427,EVT-13226,XX4815,Human-QA1,None,,False
QI-428,EVT-10993,XX0556,Cam-2,None,,False
QI-429,EVT-11996,XX3957,Human-QA1,None,,False
QI-430,EVT-14590,XX1278,Human-QA1,None,,False
QI-431,EVT-11852,XX4210,Human-QA1,None,,False
QI-432,EVT-10081,XX0948,Human-QA2,None,S-03,False
QI-433,EVT-13850,XX4581,Human-QA1,None,,False
QI-434,EVT-13012,XX4374,Cam-1,None,,False
QI-435,EVT-12716,XX0398,Cam-1,na,,False
QI-436,EVT-11455,XX0222,Human-QA2,None,,False
QI-437,EVT-11197,XX2366,Human-QA2,OK,,False
QI-438,EVT-13112,XX1778,Cam-1,None,,False
QI-439,EVT-12916,XX4061,Human-QA1,na,,False
QI-440,EVT-11311,XX3955,Cam-1,OK,,False
QI-441,EVT-10560,XX3523,Cam-2,None,,False
QI-442,EVT-12104,XX4439,Human-QA1,na,,False
QI-443,EVT-12053,XX0775,Cam-1,OK,,False
QI-444,EVT-11598,XX0340,Cam-1,None,,False
QI-445,EVT-10944,XX0007,Human-QA1,na,,False
QI-446,EVT-10578,XX1297,Human-QA1,None,S-02,False
QI-447,EVT-10914,XX0288,Human-QA1,None,,False
QI-448,EVT-10161,XX0893,Human-QA2,Repair,,False
QI-449,EVT-10774,XX0717,Cam-2,OK,,False
QI-450,EVT-10056,XX4280,Human-QA2,None,,False
QI-451,EVT-11189,XX1854,Cam-1,None,,False
QI-452,EVT-14044,XX0570,Cam-2,None,,False
QI-453,EVT-10545,XX4719,Human-QA2,None,,False
QI-454,EVT-12980,XX0643,Cam-1,None,S-03,False
QI-455,EVT-14906,XX3673,Human-QA1,None,S-02,False
QI-456,EVT-14142,XX4081,Cam-1,OK,,False
QI-457,EVT-11413,XX3329,Human-QA1,None,,False
QI-458,EVT-12415,XX2552,Human-QA2,None,,False
QI-459,EVT-14083,XX0110,Cam-1,None,,False
QI-460,EVT-13388,XX3651,Cam-2,na,,False
QI-461,EVT-13203,XX3220,Cam-1,None,,False
QI-462,EVT-11412,XX0732,Human-QA1,None,,False
QI-463,EVT-12629,XX4310,Human-QA2,None,,False
QI-464,EVT-10571,XX3044,Cam-2,OK,,False
QI-465,EVT-11740,XX0568,Cam-2,None,,False
QI-466,EVT-13927,XX3049,Human-QA2,na,,False
QI-467,EVT-10347,XX2872,Human-QA2,None,,False
QI-468,EVT-10844,XX1358,Cam-1,None,,False
QI-469,EVT-12665,XX4943,Cam-1,None,,False
QI-470,EVT-14592,XX1072,Cam-2,None,,False
QI-471,EVT-14791,XX2247,Cam-1,None,,False
QI-472,EVT-13590,XX2556,Human-QA1,None,,False
QI-473,EVT-12499,XX2377,Human-QA1,Repair,,False
QI-474,EVT-10542,XX1921,Cam-1,None,,False
QI-475,EVT-10215,XX0124,Cam-2,OK,,False
QI-476,EVT-12900,XX0075,Cam-1,na,,False
QI-477,EVT-14393,XX1989,Human-QA2,None,,False
QI-478,EVT-11369,XX0157,Human-QA2,None,,False
QI-479,EVT-10285,XX3084,Cam-2,None,,False
QI-480,EVT-13059,XX3819,Cam-2,None,S-01,False
QI-481,EVT-14221,XX4039,Human-QA2,None,,False
QI-482,EVT-10050,XX3692,Human-QA2,None,S-01,False
QI-483,EVT-11725,XX3980,Human-QA1,None,,False
QI-484,EVT-14566,XX0083,Cam-1,OK,,False
QI-485,EVT-11399,XX4789,Cam-2,None,,False
QI-486,EVT-13436,XX3066,Human-QA2,None,,False
QI-487,EVT-13303,XX2234,Cam-2,Repair,,False
QI-488,EVT-12717,XX1785,Human-QA2,Repair,,True
QI-489,EVT-11329,XX2091,Cam-2,None,,False
QI-490,EVT-14533,XX4169,Cam-2,na,,False
QI-491,EVT-13322,XX4013,Human-QA1,na,S-02,False
QI-492,EVT-12898,XX1878,Human-QA1,Repair,,False
QI-493,EVT-12389,XX2315,Human-QA1,None,,False
QI-494,EVT-10748,XX1464,Human-QA1,None,,False
QI-495,EVT-10523,XX3993,Human-QA1,None,,False
QI-496,EVT-10654,XX2915,Human-QA2,Reject,,False
QI-497,EVT-14601,XX3525,Cam-1,Repair,,True
QI-498,EVT-14494,XX3373,Human-QA2,OK,,False
QI-499,EVT-12953,XX1342,Cam-1,None,,False
QI-500,EVT-13189,XX3935,Human-QA1,None,S-02,False
QI-501,EVT-12108,XX2702,Cam-2,None,,True
QI-502,EVT-11938,XX4045,Cam-2,None,S-01,False
QI-503,EVT-11204,XX0034,Cam-1,na,S-01,False
QI-504,EVT-14039,XX2146,Cam-1,None,,False
QI-505,EVT-14082,XX4806,Human-QA2,None,,False
QI-506,EVT-14062,XX1280,Cam-1,Reject,,False
QI-507,EVT-10264,XX0405,Human-QA2,None,,True
QI-508,EVT-13334,XX4712,Human-QA1,Reject,,False
QI-509,EVT-10711,XX1925,Cam-2,None,,False
QI-510,EVT-10912,XX1858,Cam-2,None,,False
QI-511,EVT-11734,XX0882,Human-QA2,OK,,False
QI-512,EVT-11445,XX2882,Cam-1,None,,False
QI-513,EVT-12136,XX2903,Human-QA2,None,,False
QI-514,EVT-10331,XX1598,Cam-1,None,,False
QI-515,EVT-13849,XX1940,Cam-1,None,,False
QI-516,EVT-13834,XX1246,Cam-1,None,,False
QI-517,EVT-10151,XX0440,Human-QA2,None,S-01,False
QI-518,EVT-10707,XX4628,Human-QA1,OK,,False
QI-519,EVT-10420,XX2825,Cam-2,None,,False
QI-520,EVT-10252,XX0116,Human-QA2,None,,False
QI-521,EVT-10998,XX4501,Human-QA1,Repair,,False
QI-522,EVT-13555,XX1279,Cam-2,None,,False
QI-523,EVT-10292,XX0297,Human-QA2,None,,False
QI-524,EVT-11240,XX2949,Human-QA2,None,,False
QI-525,EVT-10168,XX2606,Human-QA1,OK,,False
QI-526,EVT-12781,XX1095,Human-QA2,Repair,,False
QI-527,EVT-10036,XX4812,Cam-2,None,,False
QI-528,EVT-11444,XX1075,Human-QA1,OK,,False
QI-529,EVT-14391,XX0016,Human-QA2,None,,False
QI-530,EVT-12367,XX1528,Cam-2,None,,False
QI-531,EVT-10922,XX0051,Human-QA2,None,,False
QI-532,EVT-11820,XX3200,Human-QA1,None,,False
QI-533,EVT-12442,XX3242,Human-QA2,None,,False
QI-534,EVT-14744,XX1604,Cam-2,None,,False
QI-535,EVT-14378,XX3037,Cam-1,na,,False
QI-536,EVT-11662,XX2786,Human-QA2,None,,False
QI-537,EVT-10998,XX1993,Human-QA2,None,,False
QI-538,EVT-14181,XX2954,Cam-2,na,,False
QI-539,EVT-14302,XX0932,Cam-2,None,,False
QI-540,EVT-13946,XX2016,Human-QA1,None,,False
QI-541,EVT-12524,XX4614,Cam-1,None,,False
QI-542,EVT-10130,XX2139,Human-QA1,None,,False
QI-543,EVT-14231,XX4290,Cam-2,Repair,,False
QI-544,EVT-13417,XX3401,Cam-2,None,,False
QI-545,EVT-12217,XX1088,Cam-2,na,S-02,False
QI-546,EVT-13016,XX4037,Cam-2,None,,False
QI-547,EVT-11186,XX0226,Human-QA1,None,,False
QI-548,EVT-14294,XX0445,Cam-1,None,,False
QI-549,EVT-14834,XX2382,Cam-2,None,S-03,False
QI-550,EVT-12812,XX4042,Human-QA1,None,,False
QI-551,EVT-11517,XX3135,Human-QA1,Repair,,False
QI-552,EVT-14198,XX1903,Human-QA1,None,S-01,True
QI-553,EVT-14643,XX4593,Human-QA1,None,,False
QI-554,EVT-10005,XX3655,Human-QA1,OK,S-01,False
QI-555,EVT-10710,XX3604,Cam-2,None,,False
QI-556,EVT-10011,XX1483,Cam-2,None,,False
QI-557,EVT-12150,XX0245,Cam-1,None,,False
QI-558,EVT-11713,XX2112,Cam-1,None,,False
QI-559,EVT-14522,XX4049,Cam-1,None,,False
QI-560,EVT-14266,XX0805,Cam-1,na,,False
QI-561,EVT-14184,XX0932,Human-QA2,None,,False
QI-562,EVT-13418,XX1761,Human-QA1,na,,False
QI-563,EVT-14950,XX3117,Human-QA1,Reject,,False
QI-564,EVT-13282,XX0025,Human-QA1,None,S-03,False
QI-565,EVT-13604,XX4396,Human-QA2,None,,False
QI-566,EVT-12647,XX0074,Human-QA1,None,,False
QI-567,EVT-13596,XX4248,Human-QA1,Reject,,False
QI-568,EVT-13982,XX4071,Human-QA1,None,,False
QI-569,EVT-10177,XX3163,Human-QA1,None,,False
QI-570,EVT-12610,XX4188,Human-QA1,na,,False
QI-571,EVT-14513,XX2920,Cam-1,OK,,False
QI-572,EVT-10553,XX2795,Human-QA2,OK,,False
QI-573,EVT-13389,XX1411,Cam-2,None,,False
QI-574,EVT-10241,XX3487,Cam-1,None,,False
QI-575,EVT-13999,XX3613,Human-QA2,None,,False
QI-576,EVT-11379,XX4781,Human-QA1,None,,False
QI-577,EVT-11596,XX4468,Human-QA2,None,,False
QI-578,EVT-13529,XX1066,Human-QA1,Repair,S-02,False
QI-579,EVT-12004,XX3996,Human-QA1,None,S-01,False
QI-580,EVT-11946,XX3759,Human-QA2,None,S-03,False
QI-581,EVT-11300,XX0611,Cam-2,None,,False
QI-582,EVT-13089,XX4216,Human-QA1,None,,False
QI-583,EVT-13395,XX1839,Human-QA1,None,,False
QI-584,EVT-11070,XX2096,Cam-1,na,,False
QI-585,EVT-14917,XX3574,Human-QA2,None,,False
QI-586,EVT-13784,XX0473,Human-QA2,None,,False
QI-587,EVT-11788,XX1157,Human-QA2,None,,False
QI-588,EVT-14287,XX3191,Cam-1,None,,False
QI-589,EVT-11772,XX4420,Human-QA2,na,,False
QI-590,EVT-13805,XX0052,Human-QA2,None,,False
QI-591,EVT-12214,XX2184,Human-QA1,Reject,,False
QI-592,EVT-10056,XX1428,Cam-2,None,,False
QI-593,EVT-10237,XX2217,Cam-2,None,S-01,False
QI-594,EVT-10732,XX1824,Cam-1,None,,False
QI-595,EVT-13889,XX4456,Human-QA2,None,,False
QI-596,EVT-12824,XX0068,Cam-1,None,,False
QI-597,EVT-11227,XX3815,Cam-2,None,,False
QI-598,EVT-14237,XX1174,Cam-1,None,,False
QI-599,EVT-12454,XX4577,Human-QA1,None,S-02,False
QI-600,EVT-14911,XX4317,Human-QA1,None,,True
QI-601,EVT-14305,XX0261,Human-QA1,na,,False
QI-602,EVT-10767,XX2314,Human-QA2,None,,False
QI-603,EVT-13383,XX3531,Human-QA1,None,,False
QI-604,EVT-12424,XX1650,Cam-1,None,,False
QI-605,EVT-13424,XX0677,Human-QA1,None,,False
QI-606,EVT-14548,XX3940,Human-QA2,None,S-03,False
QI-607,EVT-10713,XX4339,Human-QA1,None,,False
QI-608,EVT-10085,XX1936,Human-QA1,Repair,,False
QI-609,EVT-11578,XX1679,Human-QA2,na,,False
QI-610,EVT-12016,XX1193,Human-QA2,None,,False
QI-611,EVT-13486,XX2623,Human-QA1,None,,False
QI-612,EVT-13427,XX0666,Cam-2,None,,False
QI-613,EVT-13714,XX4863,Human-QA1,None,,False
QI-614,EVT-14739,XX1602,Cam-1,None,,False
QI-615,EVT-11271,XX1910,Human-QA2,None,S-01,False
QI-616,EVT-13813,XX0188,Human-QA1,Reject,,False
QI-617,EVT-11624,XX0705,Cam-2,Repair,,False
QI-618,EVT-12408,XX3368,Human-QA1,na,,False
QI-619,EVT-14845,XX4788,Cam-1,OK,,True
QI-620,EVT-12851,XX3454,Human-QA2,OK,,False
QI-621,EVT-11397,XX1367,Cam-1,None,,False
QI-622,EVT-11965,XX2650,Cam-2,Repair,S-02,False
QI-623,EVT-14156,XX0335,Cam-1,None,,False
QI-624,EVT-13241,XX4834,Cam-1,None,,False
QI-625,EVT-11530,XX2385,Human-QA2,None,,False
QI-626,EVT-10774,XX0356,Cam-1,None,,False
QI-627,EVT-12461,XX1923,Cam-2,None,,False
QI-628,EVT-10115,XX4328,Cam-2,None,,False
QI-629,EVT-11349,XX3339,Human-QA2,None,,False
QI-630,EVT-12745,XX0796,Cam-2,None,,False
QI-631,EVT-13243,XX0190,Cam-2,None,S-01,False
QI-632,EVT-12847,XX4144,Cam-2,None,S-03,False
QI-633,EVT-10626,XX0814,Cam-2,None,,False
QI-634,EVT-14618,XX2103,Cam-2,None,,False
QI-635,EVT-11639,XX3411,Cam-2,na,,False
QI-636,EVT-12222,XX2167,Cam-2,Reject,,False
QI-637,EVT-12945,XX2251,Human-QA1,None,,False
QI-638,EVT-12421,XX1680,Cam-2,None,,False
QI-639,EVT-14727,XX2059,Human-QA2,OK,,True
QI-640,EVT-10236,XX4355,Human-QA1,na,,False
QI-641,EVT-13057,XX4394,Cam-2,None,,False
QI-642,EVT-10967,XX1221,Cam-2,None,,False
QI-643,EVT-14538,XX1628,Human-QA2,None,,False
QI-644,EVT-12831,XX2381,Cam-2,None,,False
QI-645,EVT-13927,XX1400,Human-QA1,None,,False
QI-646,EVT-11019,XX0134,Human-QA1,None,,False
QI-647,EVT-12006,XX2164,Human-QA2,None,,False
QI-648,EVT-12893,XX2710,Cam-2,None,,False
QI-649,EVT-11562,XX1280,Human-QA2,Repair,,False
QI-650,EVT-10841,XX0553,Cam-2,OK,S-01,False
QI-651,EVT-14730,XX4789,Human-QA1,OK,,False
QI-652,EVT-12203,XX2087,Cam-2,None,,False
QI-653,EVT-10812,XX3895,Cam-2,None,,False
QI-654,EVT-13899,XX4576,Human-QA1,Repair,,True
QI-655,EVT-13761,XX2974,Human-QA1,None,,True
QI-656,EVT-13197,XX1154,Human-QA1,None,,True
QI-657,EVT-11709,XX4159,Cam-2,None,,True
QI-658,EVT-11064,XX0955,Human-QA2,na,,False
QI-659,EVT-14281,XX2578,Human-QA1,None,,False
QI-660,EVT-12508,XX3789,Cam-2,OK,,False
QI-661,EVT-11718,XX3069,Human-QA2,None,,False
QI-662,EVT-13332,XX0236,Cam-1,None,,False
QI-663,EVT-12593,XX3752,Cam-1,Reject,,False
QI-664,EVT-11472,XX3644,Cam-2,Reject,,False
QI-665,EVT-10698,XX1109,Cam-2,None,,False
QI-666,EVT-10944,XX1797,Human-QA1,OK,S-01,False
QI-667,EVT-10136,XX3474,Cam-2,None,,False
QI-668,EVT-11225,XX1391,Human-QA2,None,,False
QI-669,EVT-14988,XX3132,Cam-2,None,S-01,False
QI-670,EVT-12702,XX2212,Human-QA2,None,,False
QI-671,EVT-14716,XX4978,Human-QA2,None,,False
QI-672,EVT-12204,XX2642,Human-QA1,None,,False
QI-673,EVT-13326,XX3229,Human-QA2,None,S-03,False
QI-674,EVT-12228,XX0927,Cam-2,OK,,False
QI-675,EVT-12456,XX2922,Human-QA2,None,,False
QI-676,EVT-14948,XX2957,Cam-1,OK,,False
QI-677,EVT-13802,XX3828,Human-QA2,Repair,,False
QI-678,EVT-13099,XX3446,Cam-2,None,,False
QI-679,EVT-13734,XX4039,Human-QA1,OK,,False
QI-680,EVT-14966,XX0121,Cam-2,None,,False
QI-681,EVT-14707,XX0966,Cam-2,OK,,True
QI-682,EVT-11538,XX2050,Cam-2,None,,False
QI-683,EVT-11568,XX4214,Cam-1,None,,False
QI-684,EVT-13270,XX3720,Human-QA1,None,,False
QI-685,EVT-14164,XX3914,Cam-1,na,,False
QI-686,EVT-10601,XX4735,Human-QA2,Reject,,False
QI-687,EVT-12064,XX3825,Human-QA2,None,,False
QI-688,EVT-14974,XX4470,Cam-1,None,,False
QI-689,EVT-13906,XX3180,Human-QA1,None,,False
QI-690,EVT-10545,XX3371,Human-QA2,None,,False
QI-691,EVT-10183,XX3505,Human-QA1,None,,False
QI-692,EVT-10837,XX4042,Cam-1,na,,False
QI-693,EVT-11892,XX1924,Human-QA2,None,,False
QI-694,EVT-11388,XX3817,Cam-1,OK,,False
QI-695,EVT-11941,XX3092,Human-QA2,None,,True
QI-696,EVT-11457,XX1777,Cam-2,OK,,False
QI-697,EVT-13270,XX0772,Human-QA1,None,,False
QI-698,EVT-12800,XX4657,Cam-1,None,,False
QI-699,EVT-13303,XX3578,Cam-2,None,,False
QI-700,EVT-12770,XX1539,Cam-1,None,,False
QI-701,EVT-11453,XX2868,Cam-1,Repair,,False
QI-702,EVT-13635,XX3550,Human-QA1,na,,False
QI-703,EVT-13286,XX0804,Cam-1,None,,False
QI-704,EVT-11172,XX4777,Human-QA1,None,,False
QI-705,EVT-11711,XX3270,Cam-1,None,,False
QI-706,EVT-10780,XX0179,Human-QA2,None,,False
QI-707,EVT-11028,XX0615,Cam-2,Repair,,False
QI-708,EVT-14723,XX1755,Human-QA2,None,,False
QI-709,EVT-12250,XX0047,Human-QA1,OK,,False
QI-710,EVT-14149,XX3684,Human-QA1,None,,False
QI-711,EVT-14383,XX2535,Cam-2,None,S-03,False
QI-712,EVT-13669,XX0216,Human-QA1,None,,False
QI-713,EVT-11068,XX2940,Human-QA2,None,,False
QI-714,EVT-10283,XX2900,Cam-2,None,,False
QI-715,EVT-10832,XX2877,Human-QA1,None,,False
QI-716,EVT-14677,XX1237,Human-QA1,None,,False
QI-717,EVT-13488,XX1008,Human-QA1,Repair,,False
QI-718,EVT-14367,XX4830,Human-QA1,None,,False
QI-719,EVT-13212,XX2139,Cam-1,None,,False
QI-720,EVT-10916,XX4411,Cam-1,OK,,False
QI-721,EVT-10570,XX2160,Cam-1,OK,,False
QI-722,EVT-12799,XX3185,Human-QA1,None,S-01,False
QI-723,EVT-12094,XX0374,Cam-1,None,,False
QI-724,EVT-13238,XX1287,Human-QA1,None,,False
QI-725,EVT-14567,XX0368,Human-QA2,None,,False
QI-726,EVT-14906,XX4474,Human-QA1,None,,False
QI-727,EVT-10620,XX4925,Cam-2,None,,False
QI-728,EVT-14772,XX4921,Cam-2,None,,False
QI-729,EVT-10770,XX3926,Cam-2,None,,False
QI-730,EVT-14793,XX4770,Human-QA1,na,,True
QI-731,EVT-13347,XX3117,Cam-2,na,,False
QI-732,EVT-11614,XX1295,Cam-2,None,,False
QI-733,EVT-10064,XX3977,Human-QA1,None,,False
QI-734,EVT-13698,XX0174,Human-QA1,None,,False
QI-735,EVT-10201,XX4132,Cam-1,None,,False
QI-736,EVT-14237,XX4398,Human-QA1,OK,,False
QI-737,EVT-13169,XX4982,Cam-1,Repair,,False
QI-738,EVT-12864,XX2081,Human-QA1,None,,True
QI-739,EVT-11157,XX3835,Human-QA2,None,,False
QI-740,EVT-12309,XX2430,Cam-2,None,,False
QI-741,EVT-10101,XX2774,Human-QA2,OK,,False
QI-742,EVT-10376,XX0693,Human-QA1,na,,False
QI-743,EVT-10205,XX4691,Human-QA2,None,,False
QI-744,EVT-13724,XX3030,Cam-1,None,,False
QI-745,EVT-14856,XX0874,Human-QA1,None,,False
QI-746,EVT-12057,XX4415,Human-QA1,None,,False
QI-747,EVT-13663,XX3097,Human-QA2,None,,False
QI-748,EVT-11634,XX0758,Cam-2,None,,False
QI-749,EVT-11060,XX3625,Human-QA1,None,,False
QI-750,EVT-12823,XX2107,Cam-2,None,,False
QI-751,EVT-10889,XX4273,Human-QA2,na,,False
QI-752,EVT-11562,XX1566,Human-QA2,None,,False
QI-753,EVT-13195,XX3117,Human-QA2,Repair,,False
QI-754,EVT-14498,XX3524,Cam-1,None,,True
QI-755,EVT-10810,XX0309,Human-QA1,Reject,,False
QI-756,EVT-11058,XX0154,Human-QA2,None,,False
QI-757,EVT-11260,XX0967,Human-QA2,None,,False
QI-758,EVT-12546,XX1164,Cam-1,None,,False
QI-759,EVT-10511,XX2817,Human-QA1,None,,False
QI-760,EVT-11846,XX0385,Cam-2,None,,False
QI-761,EVT-14412,XX3720,Human-QA1,None,S-02,False
QI-762,EVT-14398,XX2796,Human-QA2,None,,False
QI-763,EVT-11125,XX4720,Cam-2,Repair,,False
QI-764,EVT-13660,XX1057,Cam-1,na,,False
QI-765,EVT-14177,XX1732,Cam-1,None,,False
QI-766,EVT-10657,XX3443,Human-QA2,Repair,S-02,False
QI-767,EVT-10052,XX1670,Cam-2,None,,True
QI-768,EVT-14440,XX4077,Human-QA1,None,,False
QI-769,EVT-11108,XX4028,Human-QA2,None,,False
QI-770,EVT-10986,XX3775,Cam-2,None,,False
QI-771,EVT-14736,XX1460,Cam-2,None,S-01,False
QI-772,EVT-10210,XX0006,Cam-2,Reject,,False
QI-773,EVT-14959,XX4787,Cam-2,None,,False
QI-774,EVT-10775,XX1642,Cam-1,None,,False
QI-775,EVT-10914,XX3830,Cam-2,None,,False
QI-776,EVT-14278,XX4881,Cam-2,None,,True
QI-777,EVT-10505,XX0617,Human-QA2,None,,True
QI-778,EVT-13298,XX0886,Cam-1,None,,True
QI-779,EVT-11857,XX2071,Cam-1,None,,False
QI-780,EVT-14188,XX0161,Cam-1,Reject,,False
QI-781,EVT-14425,XX1218,Human-QA1,None,,False
QI-782,EVT-12237,XX4179,Human-QA1,None,,False
QI-783,EVT-12913,XX0168,Cam-1,na,,False
QI-784,EVT-13001,XX3913,Human-QA2,None,,False
QI-785,EVT-10260,XX2703,Cam-2,OK,,False
QI-786,EVT-10709,XX2603,Cam-2,Repair,,False
QI-787,EVT-11951,XX4440,Cam-1,None,,False
QI-788,EVT-12370,XX4108,Cam-1,None,,False
QI-789,EVT-10087,XX3606,Human-QA1,None,,False
QI-790,EVT-13389,XX1554,Cam-1,None,,False
QI-791,EVT-13294,XX0450,Human-QA1,None,,False
QI-792,EVT-12734,XX4670,Cam-1,None,,False
QI-793,EVT-12256,XX4028,Cam-2,Reject,,False
QI-794,EVT-11072,XX2538,Cam-1,None,,False
QI-795,EVT-13607,XX2710,Cam-2,None,,False
QI-796,EVT-13921,XX4561,Cam-1,None,,False
QI-797,EVT-12969,XX2958,Human-QA1,None,,False
QI-798,EVT-12310,XX2665,Cam-1,None,,False
QI-799,EVT-13277,XX1790,Human-QA2,None,,False
QI-800,EVT-13752,XX4103,Cam-2,na,,False
QI-801,EVT-13568,XX3235,Cam-2,None,,False
QI-802,EVT-13969,XX0319,Cam-2,None,S-02,False
QI-803,EVT-12717,XX2178,Cam-1,None,,True
QI-804,EVT-11488,XX2157,Human-QA2,None,,False
QI-805,EVT-11658,XX2554,Human-QA2,None,,False
QI-806,EVT-12067,XX0429,Human-QA1,None,,False
QI-807,EVT-12615,XX4340,Human-QA1,Reject,,False
QI-808,EVT-13017,XX2486,Human-QA1,None,,False
QI-809,EVT-11131,XX4403,Human-QA2,na,,False
QI-810,EVT-12187,XX0901,Cam-2,Repair,S-01,False
QI-811,EVT-10270,XX1621,Cam-2,None,S-01,False
QI-812,EVT-11596,XX3399,Human-QA1,Repair,,False
QI-813,EVT-13526,XX0749,Human-QA1,Repair,,False
QI-814,EVT-14379,XX4873,Cam-1,OK,S-01,False
QI-815,EVT-10365,XX4290,Cam-1,None,,False
QI-816,EVT-12531,XX2412,Human-QA2,na,,False
QI-817,EVT-10002,XX1028,Cam-1,Reject,,False
QI-818,EVT-13051,XX4245,Human-QA1,None,,False
QI-819,EVT-10783,XX3133,Human-QA1,None,,False
QI-820,EVT-12211,XX2842,Human-QA1,None,S-03,False
QI-821,EVT-14483,XX1141,Cam-2,None,,True
QI-822,EVT-11032,XX0238,Human-QA1,None,,False
QI-823,EVT-12059,XX4826,Cam-1,None,,False
QI-824,EVT-14169,XX4554,Human-QA2,None,,False
QI-825,EVT-10237,XX2533,Cam-1,None,,False
QI-826,EVT-13883,XX1755,Cam-2,None,S-01,False
QI-827,EVT-13179,XX4810,Cam-1,OK,,False
QI-828,EVT-11985,XX1611,Cam-1,None,S-01,False
QI-829,EVT-11462,XX3119,Cam-2,None,,False
QI-830,EVT-10871,XX4440,Cam-1,None,,False
QI-831,EVT-11221,XX1488,Cam-2,OK,,False
QI-832,EVT-11666,XX4759,Cam-1,None,,False
QI-833,EVT-13436,XX3195,Cam-2,None,,False
QI-834,EVT-11656,XX0246,Human-QA2,na,,False
QI-835,EVT-11131,XX1278,Human-QA2,None,,False
QI-836,EVT-11971,XX2329,Cam-2,None,,False
QI-837,EVT-10810,XX1557,Human-QA1,None,,False
QI-838,EVT-10055,XX1558,Cam-2,OK,,True
QI-839,EVT-13523,XX2223,Cam-1,None,,False
QI-840,EVT-12662,XX2333,Human-QA1,None,,False
QI-841,EVT-13279,XX0305,Human-QA1,None,,False
QI-842,EVT-11533,XX2923,Human-QA1,None,,False
QI-843,EVT-14011,XX0793,Cam-2,OK,,False
QI-844,EVT-10933,XX0407,Cam-2,na,,False
QI-845,EVT-10662,XX4428,Human-QA1,OK,,False
QI-846,EVT-13845,XX2353,Cam-2,None,,False
QI-847,EVT-13023,XX2038,Human-QA2,None,,False
QI-848,EVT-12677,XX2967,Cam-1,na,,False
QI-849,EVT-10143,XX2717,Cam-1,None,,False
QI-850,EVT-13275,XX2821,Cam-1,None,,False
QI-851,EVT-14324,XX4647,Cam-2,None,,False
QI-852,EVT-10239,XX3043,Cam-1,None,,False
QI-853,EVT-12004,XX4003,Human-QA2,None,,False
QI-854,EVT-13769,XX1361,Cam-1,Reject,,False
QI-855,EVT-14246,XX1054,Human-QA2,None,,False
QI-856,EVT-13396,XX0440,Cam-2,None,,False
QI-857,EVT-10802,XX4354,Cam-2,None,,True
QI-858,EVT-10352,XX0783,Cam-1,na,,False
QI-859,EVT-11974,XX2611,Human-QA1,na,,False
QI-860,EVT-11133,XX1815,Human-QA2,None,,False
QI-861,EVT-14561,XX0234,Human-QA1,None,,False
QI-862,EVT-11063,XX2074,Human-QA2,None,,False
QI-863,EVT-11395,XX2432,Cam-2,None,,False
QI-864,EVT-11548,XX4489,Cam-2,None,,False
QI-865,EVT-11530,XX0462,Human-QA2,None,,False
QI-866,EVT-10052,XX1752,Human-QA2,None,,False
QI-867,EVT-13151,XX0839,Cam-2,None,,False
QI-868,EVT-12786,XX3210,Human-QA2,None,,False
QI-869,EVT-11144,XX2785,Human-QA2,na,,True
QI-870,EVT-12112,XX4206,Human-QA1,None,,False
QI-871,EVT-10295,XX1352,Cam-1,None,,False
QI-872,EVT-12989,XX0206,Human-QA1,None,,False
QI-873,EVT-14742,XX1095,Cam-2,None,,False
QI-874,EVT-11580,XX4306,Human-QA1,None,,True
QI-875,EVT-12425,XX0185,Cam-2,None,,False
QI-876,EVT-12627,XX2793,Human-QA2,None,,False
QI-877,EVT-14805,XX4987,Cam-1,None,,False
QI-878,EVT-14162,XX4495,Cam-2,None,,False
QI-879,EVT-11593,XX2730,Cam-1,None,,False
QI-880,EVT-10509,XX0314,Cam-1,None,,False
QI-881,EVT-11891,XX0228,Human-QA1,None,,False
QI-882,EVT-11461,XX3094,Cam-2,None,,False
QI-883,EVT-11999,XX3958,Human-QA1,OK,,False
QI-884,EVT-11970,XX4096,Human-QA2,Reject,,False
QI-885,EVT-11551,XX2740,Human-QA2,None,,False
QI-886,EVT-13851,XX0927,Cam-2,na,,False
QI-887,EVT-10101,XX3337,Cam-2,None,,False
QI-888,EVT-11460,XX3122,Human-QA2,None,,False
QI-889,EVT-12846,XX2109,Cam-2,na,,False
QI-890,EVT-10733,XX2356,Human-QA1,None,,False
QI-891,EVT-13092,XX0537,Human-QA1,None,,False
QI-892,EVT-12434,XX4171,Cam-2,Repair,,False
QI-893,EVT-10532,XX1442,Human-QA1,OK,,False
QI-894,EVT-10091,XX3400,Cam-2,Reject,,False
QI-895,EVT-11819,XX3353,Human-QA1,None,,False
QI-896,EVT-11156,XX3147,Human-QA1,Repair,,True
QI-897,EVT-14934,XX0609,Cam-1,None,,False
QI-898,EVT-10504,XX0612,Human-QA1,OK,,False
QI-899,EVT-14936,XX1021,Cam-2,None,,False
QI-900,EVT-14782,XX4881,Human-QA1,None,,False
QI-901,EVT-12195,XX0241,Human-QA1,None,,False
QI-902,EVT-10933,XX2053,Human-QA2,None,,False
QI-903,EVT-11255,XX1603,Cam-2,None,,False
QI-904,EVT-10883,XX2405,Human-QA1,None,,False
QI-905,EVT-13236,XX4490,Cam-1,None,,True
QI-906,EVT-14409,XX1415,Human-QA2,OK,,False
QI-907,EVT-12704,XX0369,Cam-1,None,,False
QI-908,EVT-14059,XX2077,Cam-1,None,,False
QI-909,EVT-14318,XX1447,Human-QA2,None,,False
QI-910,EVT-14511,XX0009,Cam-1,OK,,False
QI-911,EVT-12109,XX3517,Cam-2,Repair,,False
QI-912,EVT-14719,XX4430,Cam-2,None,,False
QI-913,EVT-12423,XX2278,Cam-1,na,,True
QI-914,EVT-12646,XX0393,Cam-2,None,,False
QI-915,EVT-14500,XX1852,Human-QA1,None,,False
QI-916,EVT-11278,XX0779,Human-QA1,None,,True
QI-917,EVT-10389,XX3432,Human-QA1,None,,False
QI-918,EVT-11648,XX1699,Cam-1,None,,False
QI-919,EVT-10765,XX3255,Cam-1,None,,False
QI-920,EVT-10347,XX4483,Cam-2,None,,False
QI-921,EVT-13573,XX3272,Cam-2,None,,False
QI-922,EVT-11345,XX3253,Cam-2,None,,False
QI-923,EVT-13005,XX3612,Cam-1,na,,False
QI-924,EVT-12564,XX2613,Cam-2,OK,S-02,False
QI-925,EVT-10329,XX1846,Human-QA1,Reject,,False
QI-926,EVT-13534,XX3509,Human-QA1,None,,False
QI-927,EVT-13793,XX3893,Human-QA2,None,,False
QI-928,EVT-10973,XX3112,Human-QA2,na,,False
QI-929,EVT-11245,XX4318,Human-QA2,na,,False
QI-930,EVT-12237,XX1867,Human-QA1,na,,False
QI-931,EVT-12619,XX1053,Cam-1,None,,False
QI-932,EVT-10204,XX0927,Cam-2,None,,False
QI-933,EVT-12259,XX3773,Cam-2,None,,False
QI-934,EVT-14184,XX3043,Cam-1,None,,False
QI-935,EVT-13002,XX4226,Human-QA2,na,S-01,False
QI-936,EVT-10362,XX2096,Cam-1,None,,False
QI-937,EVT-13442,XX3841,Human-QA1,None,S-01,False
QI-938,EVT-10331,XX0827,Cam-1,None,S-01,False
QI-939,EVT-12968,XX3488,Human-QA1,None,,False
QI-940,EVT-14803,XX4696,Human-QA1,None,,False
QI-941,EVT-10421,XX0770,Human-QA2,Reject,S-03,False
QI-942,EVT-10762,XX3971,Cam-2,None,,False
QI-943,EVT-12783,XX0457,Human-QA2,None,,False
QI-944,EVT-12757,XX1073,Human-QA1,None,,False
QI-945,EVT-10248,XX2776,Human-QA2,None,,False
QI-946,EVT-13546,XX4631,Cam-2,None,,False
QI-947,EVT-10482,XX2484,Human-QA2,None,,False
QI-948,EVT-13475,XX2299,Human-QA1,None,,False
QI-949,EVT-13858,XX2972,Cam-2,na,,False
QI-950,EVT-13232,XX3930,Human-QA2,None,,False
QI-951,EVT-12295,XX4401,Cam-1,None,,False
QI-952,EVT-14414,XX1643,Cam-2,na,,False
QI-953,EVT-13011,XX1018,Human-QA2,Repair,,False
QI-954,EVT-10699,XX4043,Cam-1,Reject,,False
QI-955,EVT-14626,XX1464,Cam-2,None,,False
QI-956,EVT-14091,XX1512,Cam-1,Reject,,False
QI-957,EVT-13827,XX3474,Human-QA2,None,,False
QI-958,EVT-11947,XX4472,Cam-1,None,,True
QI-959,EVT-13861,XX3639,Cam-1,na,,False
QI-960,EVT-11367,XX1722,Human-QA1,None,,False
QI-961,EVT-10122,XX0687,Cam-1,na,S-03,False
QI-962,EVT-10749,XX4467,Cam-2,None,,False
QI-963,EVT-14414,XX3484,Cam-1,None,,False
QI-964,EVT-11597,XX4251,Cam-1,None,,False
QI-965,EVT-10585,XX3633,Cam-2,na,,False
QI-966,EVT-10543,XX4778,Human-QA2,None,,False
QI-967,EVT-12200,XX3278,Human-QA2,None,,False
QI-968,EVT-12703,XX3940,Cam-1,None,,False
QI-969,EVT-10014,XX2945,Cam-2,OK,,False
QI-970,EVT-11466,XX3500,Cam-1,OK,,False
QI-971,EVT-13375,XX2919,Cam-2,None,,False
QI-972,EVT-10244,XX1445,Cam-2,None,,False
QI-973,EVT-12614,XX0088,Human-QA2,None,,False
QI-974,EVT-10898,XX1530,Cam-1,na,,False
QI-975,EVT-11478,XX3240,Cam-1,OK,,True
QI-976,EVT-11382,XX3186,Cam-1,OK,,False
QI-977,EVT-10051,XX0013,Cam-1,None,,True
QI-978,EVT-12058,XX2929,Cam-1,Repair,,False
QI-979,EVT-14918,XX0320,Cam-1,None,,False
QI-980,EVT-12274,XX4388,Human-QA1,None,,False
QI-981,EVT-12161,XX4869,Cam-1,None,,False
QI-982,EVT-13608,XX1684,Human-QA1,None,,False
QI-983,EVT-10603,XX2450,Human-QA1,None,,True
QI-984,EVT-14043,XX4254,Human-QA1,None,,False
QI-985,EVT-14688,XX0384,Cam-1,None,,False
QI-986,EVT-13492,XX4494,Cam-2,None,S-01,True
QI-987,EVT-12998,XX1097,Human-QA2,None,,False
QI-988,EVT-13592,XX0970,Cam-2,None,,False
QI-989,EVT-11004,XX2521,Cam-2,Reject,,False
QI-990,EVT-13128,XX3252,Cam-1,None,,False
QI-991,EVT-13134,XX3675,Cam-2,Repair,,False
QI-992,EVT-11811,XX0194,Cam-2,None,,False
QI-993,EVT-14820,XX2845,Cam-1,None,,False
QI-994,EVT-10814,XX4856,Cam-1,None,,False
QI-995,EVT-10531,XX1253,Human-QA2,None,S-01,False
QI-996,EVT-10758,XX0795,Human-QA2,None,,False
QI-997,EVT-10005,XX2723,Human-QA1,OK,S-02,False
QI-998,EVT-10584,XX1627,Human-QA2,None,,False
QI-999,EVT-14714,XX2842,Cam-1,None,,False
QI-1000,EVT-13676,XX0091,Cam-2,None,,False
QI-1001,EVT-11534,XX3678,Cam-1,None,,False
QI-1002,EVT-14892,XX4173,Cam-1,None,,False
QI-1003,EVT-11484,XX3520,Cam-2,None,,False
QI-1004,EVT-14451,XX1321,Human-QA2,None,,False
QI-1005,EVT-12266,XX3460,Cam-2,Reject,,False
QI-1006,EVT-12414,XX2370,Cam-1,None,,False
QI-1007,EVT-14984,XX2469,Human-QA2,None,,False
QI-1008,EVT-10560,XX2594,Cam-1,None,,False
QI-1009,EVT-14459,XX1658,Cam-1,None,,True
QI-1010,EVT-11413,XX3378,Human-QA2,na,,True
QI-1011,EVT-11318,XX4038,Cam-2,OK,,False
QI-1012,EVT-12552,XX0346,Human-QA1,None,,False
QI-1013,EVT-12860,XX3882,Human-QA2,None,,False
QI-1014,EVT-11077,XX1665,Cam-1,na,,False
QI-1015,EVT-12866,XX3874,Cam-1,None,S-01,False
QI-1016,EVT-11834,XX2773,Human-QA2,None,,False
QI-1017,EVT-12526,XX0650,Cam-1,None,,False
QI-1018,EVT-10721,XX2707,Human-QA1,None,,False
QI-1019,EVT-11244,XX1913,Human-QA2,Repair,S-01,False
QI-1020,EVT-11345,XX3686,Cam-1,Reject,,False
QI-1021,EVT-14676,XX4862,Human-QA1,None,,False
QI-1022,EVT-10745,XX1810,Cam-1,None,,False
QI-1023,EVT-10877,XX3261,Human-QA2,None,,False
QI-1024,EVT-10133,XX2113,Cam-2,OK,,False
QI-1025,EVT-14813,XX1483,Human-QA1,OK,,False
QI-1026,EVT-11047,XX0676,Human-QA2,None,,False
QI-1027,EVT-12424,XX0476,Human-QA2,OK,,False
QI-1028,EVT-12699,XX0326,Human-QA2,None,,False
QI-1029,EVT-11462,XX3264,Cam-2,None,,False
QI-1030,EVT-11347,XX2136,Cam-1,None,,False
QI-1031,EVT-11364,XX4254,Cam-2,None,,False
QI-1032,EVT-11231,XX1297,Human-QA2,None,,False
QI-1033,EVT-14261,XX0282,Human-QA1,None,,False
QI-1034,EVT-13705,XX0657,Cam-1,None,,False
QI-1035,EVT-14082,XX2211,Cam-2,None,,False
QI-1036,EVT-11579,XX3246,Human-QA1,None,,False
QI-1037,EVT-13419,XX0901,Human-QA2,None,,False
QI-1038,EVT-12017,XX4427,Human-QA1,None,,False
QI-1039,EVT-14017,XX0144,Human-QA1,None,,False
QI-1040,EVT-13037,XX3370,Human-QA2,OK,,False
QI-1041,EVT-10761,XX3934,Cam-2,None,,True
QI-1042,EVT-13972,XX2488,Human-QA2,None,,False
QI-1043,EVT-14744,XX2536,Human-QA1,None,,False
QI-1044,EVT-14646,XX1414,Human-QA2,None,,False
QI-1045,EVT-10598,XX1044,Cam-1,None,,False
QI-1046,EVT-12202,XX2584,Cam-1,None,,False
QI-1047,EVT-13743,XX3675,Human-QA1,None,,True
QI-1048,EVT-10416,XX0650,Human-QA2,None,,False
QI-1049,EVT-13433,XX4761,Human-QA1,None,,False
QI-1050,EVT-13417,XX3292,Human-QA2,None,,False
QI-1051,EVT-12564,XX2922,Cam-1,None,,False
QI-1052,EVT-11082,XX0173,Cam-1,None,,False
QI-1053,EVT-10587,XX3022,Human-QA1,None,,False
QI-1054,EVT-14867,XX2049,Cam-1,OK,,False
QI-1055,EVT-12807,XX4079,Human-QA1,None,,False
QI-1056,EVT-13658,XX3097,Cam-2,OK,,False
QI-1057,EVT-12223,XX2928,Human-QA1,None,,False
QI-1058,EVT-14417,XX1895,Human-QA2,None,S-02,False
QI-1059,EVT-12183,XX3977,Human-QA2,None,S-02,False
QI-1060,EVT-12021,XX3263,Human-QA2,None,S-01,False
QI-1061,EVT-14775,XX0409,Human-QA1,OK,,False
QI-1062,EVT-13613,XX3550,Cam-2,None,,False
QI-1063,EVT-12369,XX3376,Human-QA1,None,,False
QI-1064,EVT-11359,XX4023,Human-QA1,None,,False
QI-1065,EVT-10780,XX0578,Cam-2,None,,False
QI-1066,EVT-11536,XX3608,Cam-1,Repair,S-03,False
QI-1067,EVT-10170,XX4178,Cam-1,Repair,,False
QI-1068,EVT-10019,XX0603,Cam-1,None,,True
QI-1069,EVT-14224,XX3756,Cam-1,None,,False
QI-1070,EVT-12727,XX4070,Cam-1,None,,False
QI-1071,EVT-14492,XX0988,Cam-2,na,,False
QI-1072,EVT-12108,XX4237,Cam-2,None,,False
QI-1073,EVT-11658,XX2316,Human-QA1,Reject,,False
QI-1074,EVT-11795,XX4235,Cam-1,None,,False
QI-1075,EVT-12785,XX3119,Human-QA2,None,,False
QI-1076,EVT-10396,XX1084,Cam-2,na,,False
QI-1077,EVT-10803,XX2609,Cam-2,na,,False
QI-1078,EVT-13004,XX1588,Cam-1,None,,False
QI-1079,EVT-13769,XX1085,Human-QA2,None,,False
QI-1080,EVT-13289,XX1750,Human-QA2,None,,False
QI-1081,EVT-10654,XX3167,Cam-2,None,,False
QI-1082,EVT-11876,XX1656,Human-QA1,None,,False
QI-1083,EVT-10267,XX3547,Human-QA2,OK,,False
QI-1084,EVT-11092,XX0040,Human-QA1,None,,False
QI-1085,EVT-11468,XX1351,Cam-1,None,,False
QI-1086,EVT-11321,XX1995,Cam-1,None,,False
QI-1087,EVT-11497,XX2454,Cam-1,None,,False
QI-1088,EVT-14993,XX0744,Human-QA1,None,,False
QI-1089,EVT-13079,XX3283,Cam-2,None,,False
QI-1090,EVT-11754,XX4134,Human-QA1,None,,False
QI-1091,EVT-11508,XX2365,Cam-1,None,,False
QI-1092,EVT-10821,XX1107,Human-QA2,None,,False
QI-1093,EVT-13975,XX3428,Cam-2,na,,False
QI-1094,EVT-12135,XX0630,Human-QA1,Repair,,False
QI-1095,EVT-11164,XX4911,Human-QA2,na,,False
QI-1096,EVT-12572,XX4635,Human-QA2,None,,False
QI-1097,EVT-14921,XX2257,Cam-1,None,,False
QI-1098,EVT-14670,XX3986,Cam-1,Reject,,False
QI-1099,EVT-10686,XX0492,Human-QA2,None,,False
QI-1100,EVT-10974,XX4680,Cam-2,na,,False
QI-1101,EVT-13287,XX4154,Human-QA1,None,,False
QI-1102,EVT-10505,XX1483,Cam-2,None,,False
QI-1103,EVT-11770,XX1950,Cam-2,OK,,False
QI-1104,EVT-10073,XX2444,Human-QA1,None,,False
QI-1105,EVT-14901,XX3134,Human-QA1,Repair,,False
QI-1106,EVT-10580,XX3518,Human-QA1,None,,False
QI-1107,EVT-13140,XX2135,Cam-2,None,,False
QI-1108,EVT-10222,XX1862,Cam-2,None,S-02,True
QI-1109,EVT-14007,XX0611,Human-QA1,OK,,False
QI-1110,EVT-10896,XX1148,Human-QA2,None,,False
QI-1111,EVT-12433,XX4742,Human-QA2,Repair,,False
QI-1112,EVT-13952,XX2331,Human-QA1,None,,False
QI-1113,EVT-12169,XX2562,Cam-2,None,S-02,False
QI-1114,EVT-10732,XX0829,Human-QA1,None,,False
QI-1115,EVT-11464,XX1696,Cam-1,None,S-02,False
QI-1116,EVT-10822,XX2205,Human-QA2,None,,False
QI-1117,EVT-10456,XX2274,Human-QA2,na,,False
QI-1118,EVT-12211,XX2881,Human-QA2,None,,False
QI-1119,EVT-13334,XX3466,Human-QA1,None,,False
QI-1120,EVT-12139,XX0266,Cam-1,None,,False
QI-1121,EVT-13849,XX1290,Human-QA2,OK,,False
QI-1122,EVT-12383,XX3621,Cam-1,None,,False
QI-1123,EVT-14681,XX3392,Cam-2,na,,False
QI-1124,EVT-10313,XX0473,Cam-2,None,,False
QI-1125,EVT-12649,XX2576,Human-QA2,None,,False
QI-1126,EVT-11889,XX1897,Cam-2,Reject,,False
QI-1127,EVT-13879,XX3155,Human-QA1,na,,False
QI-1128,EVT-11489,XX0890,Cam-2,None,,False
QI-1129,EVT-11664,XX3500,Human-QA1,None,,False
QI-1130,EVT-12608,XX1612,Cam-2,na,,False
QI-1131,EVT-12532,XX4477,Cam-1,OK,,False
QI-1132,EVT-10655,XX0186,Cam-2,None,,False
QI-1133,EVT-13718,XX4006,Cam-1,None,,False
QI-1134,EVT-13982,XX3334,Human-QA1,None,,True
QI-1135,EVT-12674,XX2227,Cam-2,None,S-03,False
QI-1136,EVT-14015,XX3214,Cam-2,None,,False
QI-1137,EVT-10200,XX4016,Cam-1,None,,False
QI-1138,EVT-14529,XX1292,Cam-2,Repair,,False
QI-1139,EVT-10137,XX2674,Human-QA1,None,,False
QI-1140,EVT-13063,XX2518,Cam-1,None,,False
QI-1141,EVT-11075,XX3764,Human-QA1,None,,False
QI-1142,EVT-11748,XX3049,Human-QA2,None,,False
QI-1143,EVT-11475,XX2155,Human-QA1,None,,False
QI-1144,EVT-14957,XX3103,Cam-1,None,,False
QI-1145,EVT-13413,XX3619,Human-QA1,None,,False
QI-1146,EVT-13904,XX3844,Cam-2,None,,False
QI-1147,EVT-14231,XX0521,Human-QA1,na,,False
QI-1148,EVT-13146,XX1645,Cam-2,None,,False
QI-1149,EVT-10448,XX0655,Cam-1,na,,False
QI-1150,EVT-10068,XX0042,Cam-2,None,,False
QI-1151,EVT-14908,XX2912,Human-QA1,OK,,False
QI-1152,EVT-13632,XX3785,Human-QA2,None,S-03,False
QI-1153,EVT-11190,XX3952,Cam-2,None,,False
QI-1154,EVT-11740,XX1824,Human-QA2,OK,,False
QI-1155,EVT-13732,XX4944,Human-QA2,None,,False
QI-1156,EVT-12019,XX2309,Human-QA2,None,,False
QI-1157,EVT-13192,XX1514,Human-QA2,None,,False
QI-1158,EVT-13892,XX4767,Human-QA1,None,,False
QI-1159,EVT-10096,XX3737,Cam-2,None,,False
QI-1160,EVT-14472,XX1281,Cam-1,None,,False
QI-1161,EVT-11514,XX4925,Cam-1,Repair,,False
QI-1162,EVT-11076,XX3139,Cam-2,None,,False
QI-1163,EVT-10008,XX0220,Cam-1,None,,False
QI-1164,EVT-13052,XX3395,Cam-2,None,,False
QI-1165,EVT-10250,XX4010,Human-QA1,None,,False
QI-1166,EVT-10359,XX4960,Cam-2,None,,False
QI-1167,EVT-12396,XX3808,Human-QA1,None,,False
QI-1168,EVT-10123,XX2033,Cam-2,na,,False
QI-1169,EVT-14729,XX1630,Human-QA2,None,,False
QI-1170,EVT-14294,XX3250,Human-QA2,None,S-02,False
QI-1171,EVT-10828,XX0461,Human-QA1,None,,False
QI-1172,EVT-11434,XX0290,Cam-1,None,,False
QI-1173,EVT-10013,XX1136,Human-QA2,None,,False
QI-1174,EVT-12077,XX2514,Cam-2,None,,False
QI-1175,EVT-11115,XX0224,Cam-1,Repair,,False
QI-1176,EVT-10595,XX2446,Cam-1,OK,,True
QI-1177,EVT-13086,XX0454,Human-QA1,None,,False
QI-1178,EVT-12702,XX4459,Cam-1,na,,False
QI-1179,EVT-12507,XX2047,Human-QA1,na,,False
QI-1180,EVT-11744,XX2723,Human-QA2,None,,True
QI-1181,EVT-10022,XX4099,Human-QA2,None,S-02,False
QI-1182,EVT-10325,XX4689,Cam-1,None,,False
QI-1183,EVT-14972,XX3876,Cam-1,None,,False
QI-1184,EVT-10262,XX0691,Cam-2,OK,,False
QI-1185,EVT-13500,XX0849,Cam-2,None,,False
QI-1186,EVT-11585,XX3387,Human-QA1,None,,False
QI-1187,EVT-10432,XX4702,Cam-1,None,,False
QI-1188,EVT-10559,XX4825,Cam-1,OK,,False
QI-1189,EVT-12555,XX2469,Cam-2,None,,False
QI-1190,EVT-14144,XX1429,Human-QA1,None,,False
QI-1191,EVT-11702,XX2316,Cam-2,None,,False
QI-1192,EVT-12488,XX3926,Cam-1,None,,False
QI-1193,EVT-14689,XX2616,Human-QA1,None,,False
QI-1194,EVT-14323,XX0739,Human-QA2,None,S-02,False
QI-1195,EVT-10213,XX4752,Cam-1,None,,True
QI-1196,EVT-11665,XX2219,Cam-2,Repair,,False
QI-1197,EVT-12655,XX2353,Human-QA1,None,,False
QI-1198,EVT-13478,XX3240,Cam-2,None,,False
QI-1199,EVT-13815,XX0875,Human-QA2,None,,False
QI-1200,EVT-12797,XX0335,Cam-1,None,,False
QI-1201,EVT-11041,XX1179,Cam-1,None,,False
QI-1202,EVT-14562,XX0630,Cam-2,None,,False
QI-1203,EVT-12391,XX0081,Cam-1,None,,False
QI-1204,EVT-12371,XX0910,Cam-2,None,,False
QI-1205,EVT-11083,XX0450,Cam-2,None,,False
QI-1206,EVT-14957,XX3071,Human-QA1,None,,False
QI-1207,EVT-12725,XX2971,Human-QA2,OK,S-01,False
QI-1208,EVT-11950,XX4079,Cam-1,None,,False
QI-1209,EVT-10847,XX1980,Cam-1,None,,False
QI-1210,EVT-14671,XX4776,Cam-2,None,,False
QI-1211,EVT-10544,XX3396,Human-QA2,Repair,,False
QI-1212,EVT-14153,XX0730,Human-QA1,None,,False
QI-1213,EVT-13889,XX3300,Cam-2,None,,False
QI-1214,EVT-12111,XX3012,Human-QA2,None,,False
QI-1215,EVT-14994,XX3021,Cam-1,None,,False
QI-1216,EVT-12172,XX1014,Human-QA1,na,,False
QI-1217,EVT-12108,XX4776,Human-QA1,None,,False
QI-1218,EVT-10379,XX1321,Cam-2,None,,False
QI-1219,EVT-11161,XX3265,Cam-2,None,,False
QI-1220,EVT-10065,XX4609,Human-QA1,None,,False
QI-1221,EVT-10797,XX4683,Cam-1,Repair,,False
QI-1222,EVT-11816,XX4944,Cam-1,na,,False
QI-1223,EVT-10631,XX2909,Human-QA1,OK,,False
QI-1224,EVT-11367,XX3044,Cam-2,None,S-01,False
QI-1225,EVT-13775,XX2191,Cam-2,na,,False
QI-1226,EVT-13258,XX2242,Cam-1,Repair,,False
QI-1227,EVT-10226,XX2570,Human-QA2,Reject,,False
QI-1228,EVT-10191,XX3505,Human-QA2,Repair,,False
QI-1229,EVT-12799,XX1303,Human-QA2,None,,False
QI-1230,EVT-11149,XX0790,Cam-1,None,,False
QI-1231,EVT-13003,XX3300,Human-QA1,None,,False
QI-1232,EVT-13545,XX1965,Human-QA2,OK,,False
QI-1233,EVT-14194,XX0417,Cam-1,None,,False
QI-1234,EVT-14439,XX3273,Cam-1,None,,False
QI-1235,EVT-10019,XX1345,Cam-2,None,,False
QI-1236,EVT-13700,XX2738,Cam-2,None,,False
QI-1237,EVT-12406,XX2416,Cam-1,None,,False
QI-1238,EVT-10432,XX2646,Cam-2,None,,False
QI-1239,EVT-10999,XX2608,Cam-2,None,,False
QI-1240,EVT-12658,XX0805,Cam-2,Reject,,False
QI-1241,EVT-12534,XX2766,Cam-1,na,,False
QI-1242,EVT-13962,XX1953,Human-QA2,None,,False
QI-1243,EVT-14425,XX3398,Cam-2,None,,False
QI-1244,EVT-11690,XX4919,Cam-1,Reject,,False
QI-1245,EVT-10334,XX1964,Cam-1,na,,False
QI-1246,EVT-12553,XX4406,Human-QA1,None,,False
QI-1247,EVT-12510,XX4799,Human-QA1,None,,True
QI-1248,EVT-12050,XX2576,Human-QA2,None,S-01,False
QI-1249,EVT-12716,XX3375,Human-QA1,None,,False
QI-1250,EVT-12222,XX4793,Cam-1,Repair,,False
QI-1251,EVT-11871,XX3714,Human-QA1,None,,False
QI-1252,EVT-11604,XX3749,Cam-2,None,,False
QI-1253,EVT-11556,XX0605,Human-QA1,None,,False
QI-1254,EVT-12345,XX3351,Cam-1,None,,False
QI-1255,EVT-12165,XX3797,Human-QA2,None,,False
QI-1256,EVT-10788,XX2701,Human-QA2,None,,False
QI-1257,EVT-10641,XX1651,Human-QA2,None,,False
QI-1258,EVT-14301,XX4417,Human-QA2,None,S-03,False
QI-1259,EVT-13106,XX3549,Cam-2,na,,False
QI-1260,EVT-11451,XX0304,Cam-2,None,,False
QI-1261,EVT-12989,XX0519,Cam-2,None,,False
QI-1262,EVT-14918,XX4031,Human-QA1,None,,False
QI-1263,EVT-12304,XX0941,Human-QA1,None,,False
QI-1264,EVT-12229,XX2879,Human-QA1,None,,True
QI-1265,EVT-14303,XX0080,Human-QA2,None,,False
QI-1266,EVT-10878,XX0103,Human-QA2,Repair,,False
QI-1267,EVT-13712,XX0729,Human-QA1,None,,False
QI-1268,EVT-12389,XX4238,Cam-2,Repair,,False
QI-1269,EVT-11612,XX2451,Cam-1,None,S-03,False
QI-1270,EVT-14473,XX0956,Human-QA1,None,S-01,False
QI-1271,EVT-14506,XX3661,Cam-1,None,,False
QI-1272,EVT-14478,XX4866,Cam-2,Repair,,False
QI-1273,EVT-13464,XX4915,Cam-1,None,,False
QI-1274,EVT-10570,XX0740,Human-QA2,Repair,,False
QI-1275,EVT-11174,XX4258,Cam-1,None,,False
QI-1276,EVT-10279,XX0594,Human-QA1,na,,True
QI-1277,EVT-12670,XX3550,Human-QA1,None,,False
QI-1278,EVT-12552,XX0563,Cam-2,na,,False
QI-1279,EVT-12153,XX1700,Human-QA1,None,,False
QI-1280,EVT-14109,XX0725,Cam-1,None,,False
QI-1281,EVT-12052,XX1434,Human-QA2,None,,False
QI-1282,EVT-13066,XX1343,Cam-1,None,S-03,True
QI-1283,EVT-13710,XX1896,Cam-1,None,S-02,False
QI-1284,EVT-10857,XX4484,Cam-1,OK,,False
QI-1285,EVT-13800,XX4101,Human-QA1,None,,True
QI-1286,EVT-14561,XX2283,Cam-2,None,,False
QI-1287,EVT-14841,XX0375,Human-QA1,None,,True
QI-1288,EVT-11856,XX2323,Cam-1,None,,False
QI-1289,EVT-14227,XX1395,Cam-2,None,,False
QI-1290,EVT-10776,XX3874,Cam-2,None,,False
QI-1291,EVT-13762,XX1556,Cam-1,na,,False
QI-1292,EVT-12463,XX0924,Cam-1,None,,False
QI-1293,EVT-14439,XX0841,Human-QA1,na,S-03,False
QI-1294,EVT-13448,XX1731,Cam-2,None,,False
QI-1295,EVT-11555,XX4073,Human-QA2,None,,False
QI-1296,EVT-13367,XX4724,Cam-2,Repair,,False
QI-1297,EVT-10577,XX2052,Human-QA1,None,,False
QI-1298,EVT-14440,XX3911,Cam-1,na,,False
QI-1299,EVT-12522,XX1548,Cam-2,None,,False
QI-1300,EVT-14620,XX3979,Human-QA2,None,S-01,False
QI-1301,EVT-10045,XX2454,Human-QA1,na,S-01,False
QI-1302,EVT-11934,XX1437,Cam-2,None,,True
QI-1303,EVT-10980,XX3261,Human-QA1,na,,False
QI-1304,EVT-13294,XX2365,Cam-2,None,S-02,False
QI-1305,EVT-12070,XX4615,Cam-1,OK,,False
QI-1306,EVT-12114,XX0924,Human-QA2,None,S-01,False
QI-1307,EVT-10625,XX1451,Cam-1,None,,False
QI-1308,EVT-13554,XX1546,Cam-2,None,,False
QI-1309,EVT-13649,XX4787,Human-QA2,None,,False
QI-1310,EVT-13724,XX3814,Cam-2,None,,False
QI-1311,EVT-10257,XX2905,Cam-2,None,,False
QI-1312,EVT-14043,XX2259,Human-QA2,OK,,False
QI-1313,EVT-12010,XX3865,Human-QA2,OK,,True
QI-1314,EVT-12593,XX4543,Human-QA1,None,,False
QI-1315,EVT-10252,XX0070,Human-QA2,None,,False
QI-1316,EVT-11212,XX1325,Cam-1,None,,False
QI-1317,EVT-12124,XX3140,Human-QA2,None,,False
QI-1318,EVT-10724,XX2330,Human-QA2,Reject,,False
QI-1319,EVT-12416,XX0368,Human-QA1,Reject,,False
QI-1320,EVT-14663,XX1884,Cam-1,None,,False
QI-1321,EVT-12671,XX2089,Cam-1,None,,False
QI-1322,EVT-11177,XX0685,Human-QA2,None,,False
QI-1323,EVT-12202,XX1774,Human-QA2,Reject,,False
QI-1324,EVT-12841,XX3714,Human-QA1,None,S-03,True
QI-1325,EVT-10270,XX2565,Cam-1,None,,False
QI-1326,EVT-10561,XX3942,Cam-1,None,,False
QI-1327,EVT-13139,XX3202,Cam-2,None,,False
QI-1328,EVT-12179,XX1921,Human-QA1,None,,False
QI-1329,EVT-11693,XX0688,Human-QA1,None,,False
QI-1330,EVT-10844,XX3094,Human-QA2,OK,,False
QI-1331,EVT-13753,XX2089,Cam-1,None,,False
QI-1332,EVT-13853,XX0153,Human-QA2,na,,False
QI-1333,EVT-14315,XX4654,Human-QA1,None,,True
QI-1334,EVT-13623,XX4029,Cam-1,OK,,False
QI-1335,EVT-14994,XX1071,Cam-1,OK,,False
QI-1336,EVT-11102,XX3791,Human-QA1,None,,False
QI-1337,EVT-10750,XX4099,Cam-1,None,,False
QI-1338,EVT-12367,XX4872,Cam-2,None,,False
QI-1339,EVT-14413,XX1060,Human-QA1,None,,False
QI-1340,EVT-11772,XX2859,Human-QA1,OK,,False
QI-1341,EVT-14683,XX4092,Cam-1,na,,False
QI-1342,EVT-12086,XX4339,Human-QA1,None,,False
QI-1343,EVT-13270,XX3822,Human-QA2,na,S-01,False
QI-1344,EVT-14200,XX1442,Human-QA1,None,,False
QI-1345,EVT-13865,XX2267,Human-QA2,None,,False
QI-1346,EVT-10506,XX2249,Cam-2,None,,True
QI-1347,EVT-14665,XX4490,Cam-2,None,,False
QI-1348,EVT-10328,XX0601,Human-QA2,None,,True
QI-1349,EVT-11714,XX0836,Human-QA1,OK,,False
QI-1350,EVT-10221,XX0400,Human-QA2,None,,False
QI-1351,EVT-12703,XX2329,Cam-1,None,,False
QI-1352,EVT-13887,XX1008,Human-QA2,None,,False
QI-1353,EVT-14246,XX0767,Cam-2,None,,False
QI-1354,EVT-12770,XX0433,Cam-2,None,,False
QI-1355,EVT-13939,XX0400,Human-QA2,None,S-01,False
QI-1356,EVT-10978,XX0329,Cam-2,None,S-01,False
QI-1357,EVT-13093,XX4731,Cam-1,None,,False
QI-1358,EVT-12924,XX1772,Human-QA1,None,,False
QI-1359,EVT-10620,XX1613,Human-QA1,None,,False
QI-1360,EVT-13465,XX4174,Human-QA2,None,,False
QI-1361,EVT-11631,XX4428,Cam-2,None,,False
QI-1362,EVT-13406,XX4246,Human-QA1,None,S-02,False
QI-1363,EVT-11837,XX2005,Cam-2,None,S-02,False
QI-1364,EVT-14935,XX3011,Human-QA2,OK,,True
QI-1365,EVT-11560,XX4246,Cam-2,None,,False
QI-1366,EVT-10043,XX1609,Cam-1,None,,False
QI-1367,EVT-14692,XX3119,Cam-1,OK,,False
QI-1368,EVT-14117,XX0362,Cam-2,None,,False
QI-1369,EVT-14321,XX1717,Cam-1,None,,False
QI-1370,EVT-14644,XX2422,Human-QA2,OK,,True
QI-1371,EVT-14469,XX4191,Cam-1,OK,S-03,False
QI-1372,EVT-11027,XX3462,Cam-1,Repair,,False
QI-1373,EVT-11985,XX3982,Human-QA1,None,S-01,False
QI-1374,EVT-11726,XX2130,Human-QA1,None,,False
QI-1375,EVT-10832,XX4729,Human-QA2,Reject,,False
QI-1376,EVT-13393,XX2461,Cam-1,None,,False
QI-1377,EVT-12586,XX2051,Human-QA1,na,,False
QI-1378,EVT-14467,XX4109,Cam-2,None,,False
QI-1379,EVT-11388,XX4260,Cam-2,None,,False
QI-1380,EVT-10912,XX4713,Cam-1,None,,False
QI-1381,EVT-11092,XX1369,Human-QA2,None,,False
QI-1382,EVT-11269,XX4262,Cam-1,None,,False
QI-1383,EVT-10757,XX3147,Human-QA1,None,,False
QI-1384,EVT-11788,XX0661,Cam-1,None,,False
QI-1385,EVT-12833,XX4563,Cam-1,None,,False
QI-1386,EVT-13762,XX0516,Cam-2,None,,False
QI-1387,EVT-13061,XX0720,Cam-2,None,,False
QI-1388,EVT-12087,XX0172,Human-QA1,None,,False
QI-1389,EVT-13110,XX1470,Human-QA2,OK,,False
QI-1390,EVT-12792,XX1174,Human-QA2,None,,False
QI-1391,EVT-14661,XX4667,Human-QA1,OK,,False
QI-1392,EVT-13243,XX4901,Human-QA1,None,,False
QI-1393,EVT-14397,XX1175,Cam-1,None,,True
QI-1394,EVT-11724,XX3745,Cam-1,na,,False
QI-1395,EVT-10933,XX4209,Human-QA2,None,,False
QI-1396,EVT-10554,XX1942,Cam-1,None,,False
QI-1397,EVT-10003,XX4032,Cam-1,None,,False
QI-1398,EVT-11284,XX1398,Cam-2,None,,False
QI-1399,EVT-14068,XX4022,Human-QA1,Repair,,False
QI-1400,EVT-14976,XX0698,Human-QA1,Repair,,False
QI-1401,EVT-13620,XX1775,Cam-2,na,,False
QI-1402,EVT-14505,XX3212,Cam-2,None,,False
QI-1403,EVT-10087,XX3474,Cam-1,na,,False
QI-1404,EVT-14194,XX4064,Human-QA1,None,,False
QI-1405,EVT-11640,XX2755,Human-QA2,None,,False
QI-1406,EVT-10216,XX4452,Human-QA1,None,,False
QI-1407,EVT-10190,XX4335,Human-QA2,None,S-01,False
QI-1408,EVT-11733,XX3054,Cam-2,OK,,False
QI-1409,EVT-14712,XX4609,Human-QA1,None,,False
QI-1410,EVT-11205,XX2681,Cam-2,None,,False
QI-1411,EVT-12642,XX3604,Human-QA1,na,S-02,False
QI-1412,EVT-13230,XX3345,Human-QA2,OK,S-02,False
QI-1413,EVT-13306,XX1430,Cam-2,None,,False
QI-1414,EVT-12847,XX2162,Cam-1,None,,False
QI-1415,EVT-13457,XX0027,Human-QA1,None,,False
QI-1416,EVT-14625,XX3772,Human-QA2,None,,False
QI-1417,EVT-13355,XX1442,Cam-1,None,,False
QI-1418,EVT-14166,XX4688,Cam-2,None,,False
QI-1419,EVT-12164,XX2228,Human-QA1,None,,False
QI-1420,EVT-10099,XX0567,Human-QA1,None,,False
QI-1421,EVT-10599,XX0247,Cam-1,None,S-01,False
QI-1422,EVT-10859,XX1524,Cam-1,None,,False
QI-1423,EVT-13891,XX2365,Cam-2,OK,,False
QI-1424,EVT-12681,XX3966,Cam-1,Reject,,False
QI-1425,EVT-12104,XX3693,Human-QA1,None,,False
QI-1426,EVT-12240,XX1774,Human-QA1,None,,False
QI-1427,EVT-10993,XX2938,Human-QA1,None,,False
QI-1428,EVT-13910,XX3891,Human-QA1,na,,False
QI-1429,EVT-13581,XX1092,Cam-1,None,,False
QI-1430,EVT-11176,XX0747,Cam-1,None,,False
QI-1431,EVT-14125,XX1575,Human-QA2,None,,False
QI-1432,EVT-13440,XX4441,Cam-2,None,,False
QI-1433,EVT-13462,XX3602,Cam-1,None,,False
QI-1434,EVT-11376,XX2100,Cam-2,Reject,,False
QI-1435,EVT-10571,XX3517,Cam-1,None,S-01,False
QI-1436,EVT-14161,XX3806,Human-QA2,na,,False
QI-1437,EVT-12213,XX2853,Cam-1,None,,False
QI-1438,EVT-11515,XX0592,Human-QA1,None,,False
QI-1439,EVT-13724,XX0693,Cam-1,OK,,False
QI-1440,EVT-14659,XX1164,Cam-2,None,,False
QI-1441,EVT-10179,XX3793,Human-QA1,None,,False
QI-1442,EVT-10725,XX0409,Cam-1,None,,False
QI-1443,EVT-14872,XX2383,Human-QA1,OK,,False
QI-1444,EVT-11040,XX0405,Human-QA1,None,,False
QI-1445,EVT-10081,XX4743,Human-QA1,na,,False
QI-1446,EVT-13111,XX1484,Human-QA2,None,,False
QI-1447,EVT-13018,XX2123,Cam-2,OK,S-02,False
QI-1448,EVT-11205,XX0865,Cam-2,na,,False
QI-1449,EVT-13967,XX1585,Cam-1,None,,False
QI-1450,EVT-13797,XX0217,Human-QA1,OK,,False
QI-1451,EVT-12981,XX0743,Cam-1,None,,False
QI-1452,EVT-12781,XX4514,Cam-2,None,,False
QI-1453,EVT-13845,XX3839,Human-QA1,na,,False
QI-1454,EVT-14652,XX3275,Cam-2,Repair,,False
QI-1455,EVT-13446,XX4752,Human-QA1,None,,False
QI-1456,EVT-11490,XX0864,Human-QA1,None,,False
QI-1457,EVT-12288,XX3983,Human-QA2,Reject,,False
QI-1458,EVT-12381,XX2856,Human-QA1,None,,False
QI-1459,EVT-10047,XX4047,Cam-1,Repair,,False
QI-1460,EVT-14008,XX3685,Cam-2,OK,,False
QI-1461,EVT-10462,XX4392,Cam-2,None,,False
QI-1462,EVT-12364,XX0450,Cam-2,OK,S-02,False
QI-1463,EVT-12419,XX2151,Human-QA1,Reject,,False
QI-1464,EVT-11793,XX1116,Cam-1,None,,False
QI-1465,EVT-13540,XX2838,Human-QA2,None,,False
QI-1466,EVT-11033,XX3429,Human-QA2,Repair,,False
QI-1467,EVT-10587,XX2194,Cam-1,None,,False
QI-1468,EVT-14518,XX3339,Cam-1,None,,False
QI-1469,EVT-13009,XX2167,Cam-1,None,,False
QI-1470,EVT-12774,XX1527,Human-QA1,None,,False
QI-1471,EVT-10475,XX0264,Human-QA1,None,,False
QI-1472,EVT-14340,XX1300,Human-QA2,None,,False
QI-1473,EVT-12739,XX3419,Cam-1,None,,False
QI-1474,EVT-14583,XX3037,Cam-1,None,,False
QI-1475,EVT-12900,XX2713,Cam-2,None,,False
QI-1476,EVT-11825,XX0787,Human-QA2,na,,False
QI-1477,EVT-14848,XX4989,Human-QA1,Repair,,False
QI-1478,EVT-11897,XX3970,Cam-1,None,,False
QI-1479,EVT-13756,XX2410,Human-QA1,None,,False
QI-1480,EVT-13566,XX3047,Cam-2,None,,False
QI-1481,EVT-11348,XX0236,Cam-1,None,,False
QI-1482,EVT-12357,XX3335,Human-QA1,None,,False
QI-1483,EVT-12085,XX1075,Human-QA1,OK,,False
QI-1484,EVT-10000,XX4447,Human-QA2,None,,False
QI-1485,EVT-14608,XX4513,Human-QA1,None,,False
QI-1486,EVT-13542,XX2891,Human-QA1,None,,False
QI-1487,EVT-12446,XX0744,Human-QA1,None,,False
QI-1488,EVT-11600,XX3944,Human-QA1,None,,False
QI-1489,EVT-13077,XX1006,Cam-2,OK,,False
QI-1490,EVT-12236,XX0013,Human-QA1,None,,False
QI-1491,EVT-11686,XX1851,Human-QA2,None,,False
QI-1492,EVT-14755,XX4902,Cam-2,None,,False
QI-1493,EVT-14123,XX3604,Cam-2,None,,False
QI-1494,EVT-12001,XX2261,Human-QA1,None,,False
QI-1495,EVT-10134,XX4366,Cam-1,na,S-01,False
QI-1496,EVT-11789,XX0984,Human-QA1,None,,False
QI-1497,EVT-14400,XX4870,Cam-2,None,,False
QI-1498,EVT-12542,XX1960,Human-QA1,None,,False
QI-1499,EVT-14819,XX2229,Human-QA2,None,,False
QI-1500,EVT-13351,XX1763,Human-QA2,Repair,,False
QI-1501,EVT-12907,XX1289,Human-QA2,None,,False
QI-1502,EVT-14987,XX1017,Human-QA1,None,,False
QI-1503,EVT-12270,XX2154,Human-QA1,None,S-01,False
QI-1504,EVT-13674,XX4583,Cam-2,None,S-02,False
QI-1505,EVT-12027,XX4500,Cam-2,Reject,,False
QI-1506,EVT-10827,XX4486,Cam-2,None,,False
QI-1507,EVT-11343,XX0608,Cam-1,None,S-02,False
QI-1508,EVT-14294,XX4045,Human-QA2,None,,False
QI-1509,EVT-13127,XX4219,Cam-1,None,,False
QI-1510,EVT-10406,XX2837,Cam-1,None,,False
QI-1511,EVT-11461,XX4133,Human-QA2,None,,False
QI-1512,EVT-11774,XX0710,Cam-1,OK,S-01,False
QI-1513,EVT-11370,XX0767,Human-QA1,None,S-03,False
QI-1514,EVT-10485,XX4599,Human-QA2,None,S-01,False
QI-1515,EVT-10362,XX3599,Cam-1,None,,False
QI-1516,EVT-13801,XX2965,Cam-1,na,,False
QI-1517,EVT-10211,XX0092,Cam-1,na,,False
QI-1518,EVT-14796,XX0100,Human-QA1,None,,False
QI-1519,EVT-12661,XX3025,Cam-1,None,,False
QI-1520,EVT-10915,XX0686,Cam-1,na,S-01,False
QI-1521,EVT-11460,XX1751,Cam-1,None,S-03,False
QI-1522,EVT-14238,XX3949,Cam-2,None,,False
QI-1523,EVT-13356,XX3670,Human-QA2,None,,False
QI-1524,EVT-11093,XX0394,Cam-1,None,S-01,False
QI-1525,EVT-11733,XX0594,Cam-1,Repair,,False
QI-1526,EVT-11551,XX2882,Human-QA2,Repair,,False
QI-1527,EVT-11333,XX0886,Cam-1,na,,False
QI-1528,EVT-10864,XX3053,Human-QA1,None,,False
QI-1529,EVT-11286,XX0505,Cam-1,None,,False
QI-1530,EVT-14155,XX3751,Cam-1,None,,False
QI-1531,EVT-14617,XX1778,Cam-2,Repair,,False
QI-1532,EVT-10308,XX4438,Cam-2,None,,False
QI-1533,EVT-11543,XX3498,Human-QA1,na,S-03,False
QI-1534,EVT-11405,XX0134,Human-QA2,na,,False
QI-1535,EVT-11572,XX2926,Human-QA1,None,,False
QI-1536,EVT-12001,XX4308,Human-QA2,None,,False
QI-1537,EVT-10899,XX0585,Cam-1,None,,False
QI-1538,EVT-11107,XX1437,Cam-2,None,,False
QI-1539,EVT-13305,XX0357,Human-QA1,na,,False
QI-1540,EVT-14857,XX3355,Human-QA1,None,,False
QI-1541,EVT-14335,XX1751,Cam-2,Repair,,False
QI-1542,EVT-13794,XX1701,Human-QA2,None,,False
QI-1543,EVT-14320,XX1710,Cam-1,None,,False
QI-1544,EVT-14374,XX3682,Human-QA2,OK,,False
QI-1545,EVT-13884,XX0537,Cam-2,None,,False
QI-1546,EVT-12476,XX2469,Cam-1,None,,False
QI-1547,EVT-10401,XX0151,Human-QA2,Reject,,False
QI-1548,EVT-12093,XX1756,Cam-1,OK,,False
QI-1549,EVT-13247,XX2551,Cam-2,None,,False
QI-1550,EVT-13071,XX0888,Cam-1,None,,False
QI-1551,EVT-13856,XX2996,Human-QA1,None,,False
QI-1552,EVT-13701,XX4839,Cam-2,None,,False
QI-1553,EVT-11807,XX2563,Human-QA1,None,,False
QI-1554,EVT-11389,XX1609,Cam-1,None,,False
QI-1555,EVT-14399,XX1242,Human-QA2,None,,True
QI-1556,EVT-12398,XX0208,Cam-1,None,,False
QI-1557,EVT-14800,XX3833,Cam-2,Reject,,False
QI-1558,EVT-10091,XX3362,Cam-2,OK,,False
QI-1559,EVT-13232,XX2900,Cam-1,None,,False
QI-1560,EVT-12179,XX3588,Human-QA2,None,,False
QI-1561,EVT-12816,XX2756,Cam-2,None,,False
QI-1562,EVT-11312,XX2726,Cam-1,None,,False
QI-1563,EVT-14553,XX4035,Human-QA2,Repair,,False
QI-1564,EVT-14029,XX2280,Human-QA1,None,,False
QI-1565,EVT-10898,XX0989,Cam-2,None,,False
QI-1566,EVT-13172,XX4977,Human-QA1,None,,False
QI-1567,EVT-13092,XX2860,Cam-2,None,,False
QI-1568,EVT-10248,XX4303,Human-QA1,None,,False
QI-1569,EVT-12239,XX1650,Cam-1,OK,,False
QI-1570,EVT-12632,XX2409,Human-QA2,None,,False
QI-1571,EVT-13384,XX2421,Cam-1,None,,False
QI-1572,EVT-14263,XX1125,Cam-1,None,,False
QI-1573,EVT-13704,XX0529,Cam-1,None,,False
QI-1574,EVT-11197,XX1272,Cam-2,None,,False
QI-1575,EVT-11991,XX1420,Human-QA1,None,,False
QI-1576,EVT-14503,XX4174,Cam-2,None,S-01,False
QI-1577,EVT-10500,XX1736,Cam-2,None,,False
QI-1578,EVT-11161,XX4137,Human-QA2,None,,False
QI-1579,EVT-10098,XX4386,Cam-1,None,,False
QI-1580,EVT-13128,XX1149,Cam-2,None,,False
QI-1581,EVT-12294,XX1524,Human-QA1,None,,False
QI-1582,EVT-10712,XX2762,Cam-2,None,,False
QI-1583,EVT-13914,XX0711,Human-QA2,OK,,False
QI-1584,EVT-10106,XX0961,Human-QA2,None,,False
QI-1585,EVT-10045,XX4919,Human-QA1,None,,False
QI-1586,EVT-12443,XX3710,Human-QA2,None,,False
QI-1587,EVT-13131,XX0005,Cam-1,OK,,False
QI-1588,EVT-12663,XX4920,Cam-1,OK,,False
QI-1589,EVT-10949,XX0118,Human-QA2,None,,False
QI-1590,EVT-13568,XX2792,Cam-2,Reject,,False
QI-1591,EVT-12721,XX4757,Human-QA2,None,S-02,False
QI-1592,EVT-13798,XX1567,Human-QA1,Repair,,False
QI-1593,EVT-13289,XX4763,Cam-1,None,,False
QI-1594,EVT-14724,XX3373,Cam-1,None,,False
QI-1595,EVT-13334,XX3330,Cam-2,None,,False
QI-1596,EVT-13221,XX2709,Human-QA1,None,,False
QI-1597,EVT-13317,XX1186,Cam-1,Reject,,False
QI-1598,EVT-14596,XX3347,Cam-1,None,,False
QI-1599,EVT-11817,XX4513,Human-QA1,None,,False
QI-1600,EVT-14044,XX1148,Cam-2,None,S-02,True
QI-1601,EVT-12221,XX4966,Human-QA2,None,,True
QI-1602,EVT-14688,XX3067,Cam-2,OK,,False
QI-1603,EVT-14267,XX0616,Cam-1,na,,False
QI-1604,EVT-10957,XX3121,Cam-1,None,,False
QI-1605,EVT-14904,XX1027,Cam-2,OK,,False
QI-1606,EVT-14718,XX3071,Cam-2,None,,False
QI-1607,EVT-14814,XX0762,Cam-1,na,,False
QI-1608,EVT-12385,XX2631,Human-QA1,None,,False
QI-1609,EVT-11434,XX4367,Human-QA1,na,S-01,False
QI-1610,EVT-13169,XX2006,Human-QA2,None,,False
QI-1611,EVT-12984,XX4823,Cam-1,OK,S-02,False
QI-1612,EVT-13256,XX0434,Cam-1,None,S-02,False
QI-1613,EVT-11436,XX4618,Human-QA2,None,,False
QI-1614,EVT-14473,XX2917,Cam-1,OK,,False
QI-1615,EVT-11432,XX3963,Cam-1,None,,False
QI-1616,EVT-11774,XX2538,Cam-2,na,,False
QI-1617,EVT-10417,XX4906,Human-QA1,None,,False
QI-1618,EVT-10982,XX1223,Human-QA1,na,,False
QI-1619,EVT-11138,XX4532,Human-QA1,None,,False
QI-1620,EVT-12928,XX2265,Human-QA2,None,,False
QI-1621,EVT-11233,XX1534,Cam-2,None,,False
QI-1622,EVT-14542,XX4794,Cam-1,OK,,False
QI-1623,EVT-10830,XX0792,Human-QA1,Repair,,False
QI-1624,EVT-14093,XX3157,Human-QA1,Reject,,False
QI-1625,EVT-14288,XX1053,Cam-2,OK,,False
QI-1626,EVT-12860,XX2085,Cam-1,na,,False
QI-1627,EVT-11968,XX2555,Human-QA2,Reject,,False
QI-1628,EVT-12471,XX3604,Cam-1,na,,False
QI-1629,EVT-14801,XX1682,Human-QA2,OK,,False
QI-1630,EVT-14743,XX2308,Human-QA2,Reject,,False
QI-1631,EVT-14890,XX3723,Cam-1,None,,False
QI-1632,EVT-14836,XX3327,Human-QA2,None,,False
QI-1633,EVT-14337,XX2037,Human-QA1,None,,True
QI-1634,EVT-11509,XX3158,Cam-2,None,,False
QI-1635,EVT-10772,XX3726,Human-QA1,None,,False
QI-1636,EVT-13672,XX2682,Human-QA2,OK,,False
QI-1637,EVT-13986,XX1965,Human-QA2,None,,False
QI-1638,EVT-14196,XX2460,Cam-2,None,S-01,False
QI-1639,EVT-12857,XX0422,Cam-2,None,,False
QI-1640,EVT-12680,XX0959,Human-QA1,None,,False
QI-1641,EVT-11778,XX2047,Cam-2,None,,False
QI-1642,EVT-12019,XX0595,Cam-2,None,,False
QI-1643,EVT-12924,XX2218,Human-QA2,None,,False
QI-1644,EVT-10588,XX1349,Cam-2,None,,False
QI-1645,EVT-10272,XX2830,Human-QA2,None,,False
QI-1646,EVT-12929,XX0228,Cam-1,None,,False
QI-1647,EVT-12034,XX0005,Cam-1,None,,False
QI-1648,EVT-11501,XX0152,Cam-1,None,,False
QI-1649,EVT-12105,XX2269,Human-QA2,None,,False
QI-1650,EVT-13576,XX4253,Cam-1,None,S-02,False
QI-1651,EVT-14482,XX3330,Human-QA1,None,,True
QI-1652,EVT-14140,XX3078,Human-QA2,Reject,,False
QI-1653,EVT-11281,XX2326,Human-QA1,na,,True
QI-1654,EVT-10814,XX3972,Human-QA2,OK,S-01,False
QI-1655,EVT-11269,XX1005,Human-QA1,OK,,False
QI-1656,EVT-14335,XX4977,Cam-1,None,,False
QI-1657,EVT-13484,XX3661,Human-QA1,None,,False
QI-1658,EVT-11151,XX3519,Cam-1,None,,False
QI-1659,EVT-11737,XX0995,Human-QA2,OK,,False
QI-1660,EVT-14371,XX1737,Cam-1,None,,False
QI-1661,EVT-12465,XX1623,Cam-2,None,,False
QI-1662,EVT-12254,XX2628,Cam-2,None,,False
QI-1663,EVT-11575,XX1954,Cam-1,None,,False
QI-1664,EVT-10832,XX4709,Cam-2,None,,False
QI-1665,EVT-11369,XX3493,Cam-2,OK,,False
QI-1666,EVT-13902,XX1926,Cam-2,OK,,False
QI-1667,EVT-10567,XX0173,Cam-2,None,,False
QI-1668,EVT-14255,XX1193,Human-QA1,None,S-03,True
QI-1669,EVT-14191,XX1127,Cam-2,None,,False
QI-1670,EVT-13996,XX0228,Human-QA2,None,,False
QI-1671,EVT-13187,XX3644,Cam-1,OK,,False
QI-1672,EVT-13283,XX1987,Human-QA2,None,,True
QI-1673,EVT-10598,XX3729,Cam-2,None,,False
QI-1674,EVT-10043,XX1235,Human-QA2,None,,False
QI-1675,EVT-13529,XX3767,Cam-2,None,,False
QI-1676,EVT-11881,XX4617,Human-QA1,Reject,,False
QI-1677,EVT-13543,XX3716,Human-QA1,OK,,False
QI-1678,EVT-11883,XX4522,Human-QA1,None,,False
QI-1679,EVT-10380,XX2122,Cam-2,Reject,,False
QI-1680,EVT-12162,XX0343,Cam-1,None,S-02,True
QI-1681,EVT-11658,XX4467,Human-QA1,na,,False
QI-1682,EVT-14483,XX2932,Cam-2,Repair,,False
QI-1683,EVT-10005,XX4318,Cam-2,na,,False
QI-1684,EVT-12892,XX4736,Human-QA2,OK,,False
QI-1685,EVT-12982,XX1359,Cam-2,OK,,False
QI-1686,EVT-10875,XX2422,Human-QA2,None,,False
QI-1687,EVT-13515,XX4833,Human-QA1,None,,False
QI-1688,EVT-10027,XX3175,Human-QA2,None,,False
QI-1689,EVT-10635,XX0738,Cam-2,None,,False
QI-1690,EVT-12015,XX4661,Human-QA2,None,,False
QI-1691,EVT-12124,XX1027,Human-QA1,na,S-01,False
QI-1692,EVT-10586,XX4640,Cam-2,None,,False
QI-1693,EVT-13622,XX1104,Cam-1,None,,False
QI-1694,EVT-14329,XX2684,Cam-1,None,S-01,False
QI-1695,EVT-13470,XX4945,Cam-2,None,S-01,False
QI-1696,EVT-14424,XX0396,Human-QA1,None,,False
QI-1697,EVT-13714,XX2940,Cam-2,None,S-02,False
QI-1698,EVT-13076,XX4485,Cam-1,None,,False
QI-1699,EVT-12395,XX3332,Cam-2,OK,S-01,False
QI-1700,EVT-14009,XX1535,Human-QA2,OK,,False
QI-1701,EVT-13470,XX0045,Human-QA2,na,,False
QI-1702,EVT-11282,XX1980,Human-QA1,None,,False
QI-1703,EVT-10390,XX1865,Human-QA1,None,,False
QI-1704,EVT-11943,XX1808,Human-QA1,Repair,,False
QI-1705,EVT-11950,XX2275,Human-QA1,None,,False
QI-1706,EVT-12637,XX4445,Human-QA2,Repair,,False
QI-1707,EVT-10003,XX2161,Cam-1,na,,False
QI-1708,EVT-12690,XX3102,Human-QA1,na,,False
QI-1709,EVT-14104,XX2324,Human-QA1,na,,False
QI-1710,EVT-13538,XX3434,Cam-1,None,,False
QI-1711,EVT-12747,XX4822,Human-QA1,None,S-01,False
QI-1712,EVT-11674,XX3508,Cam-1,None,,False
QI-1713,EVT-13534,XX0804,Human-QA1,OK,,False
QI-1714,EVT-10931,XX2070,Human-QA1,None,,False
QI-1715,EVT-10124,XX4481,Human-QA1,OK,,False
QI-1716,EVT-12865,XX0491,Human-QA2,None,,False
QI-1717,EVT-10258,XX1480,Human-QA2,OK,,False
QI-1718,EVT-13668,XX2936,Human-QA2,None,,False
QI-1719,EVT-13133,XX1704,Human-QA1,None,,False
QI-1720,EVT-10971,XX4317,Human-QA2,na,S-02,False
QI-1721,EVT-14374,XX3666,Human-QA2,None,,False
QI-1722,EVT-11146,XX2013,Human-QA2,None,,True
QI-1723,EVT-14684,XX4687,Cam-2,Repair,,False
QI-1724,EVT-12319,XX4909,Human-QA2,None,,False
QI-1725,EVT-14048,XX3231,Cam-2,None,,False
QI-1726,EVT-14597,XX0143,Human-QA2,OK,,False
QI-1727,EVT-13340,XX1850,Human-QA1,OK,,False
QI-1728,EVT-10892,XX4021,Human-QA1,None,S-02,False
QI-1729,EVT-12615,XX0045,Human-QA1,OK,,False
QI-1730,EVT-14313,XX0451,Cam-2,None,S-03,False
QI-1731,EVT-13623,XX1260,Human-QA1,None,,False
QI-1732,EVT-12206,XX1004,Cam-1,None,,False
QI-1733,EVT-10359,XX4778,Human-QA2,None,,True
QI-1734,EVT-11488,XX3352,Cam-2,None,,False
QI-1735,EVT-10290,XX1997,Cam-2,na,,False
QI-1736,EVT-13026,XX3675,Cam-2,None,,False
QI-1737,EVT-14955,XX3489,Human-QA1,na,,False
QI-1738,EVT-12113,XX4889,Cam-1,None,,False
QI-1739,EVT-12204,XX3654,Cam-2,None,,False
QI-1740,EVT-13858,XX3033,Human-QA2,None,,False
QI-1741,EVT-13547,XX1495,Human-QA2,None,S-02,False
QI-1742,EVT-11566,XX1073,Cam-1,OK,,False
QI-1743,EVT-12404,XX4113,Human-QA2,OK,,False
QI-1744,EVT-14626,XX4245,Cam-1,None,S-01,False
QI-1745,EVT-10479,XX1579,Human-QA2,None,,False
QI-1746,EVT-14892,XX1236,Cam-1,None,,False
QI-1747,EVT-11099,XX1740,Human-QA1,None,,False
QI-1748,EVT-12235,XX1016,Human-QA2,None,S-01,True
QI-1749,EVT-13762,XX4813,Human-QA2,na,,False
QI-1750,EVT-10475,XX2966,Human-QA2,None,,False
QI-1751,EVT-13377,XX1560,Human-QA1,None,,False
QI-1752,EVT-10916,XX1569,Human-QA1,None,,True
QI-1753,EVT-14744,XX1987,Cam-2,None,,False
QI-1754,EVT-12209,XX1511,Cam-2,Reject,,False
QI-1755,EVT-14897,XX4576,Cam-1,Repair,,False
QI-1756,EVT-12071,XX3857,Cam-2,None,,False
QI-1757,EVT-11359,XX1712,Human-QA2,na,,False
QI-1758,EVT-11307,XX4140,Human-QA1,None,,False
QI-1759,EVT-12221,XX3528,Human-QA1,None,,False
QI-1760,EVT-14974,XX4971,Human-QA1,na,,False
QI-1761,EVT-12821,XX3869,Human-QA1,None,,False
QI-1762,EVT-14325,XX4452,Cam-1,None,,False
QI-1763,EVT-10702,XX4570,Cam-2,None,,False
QI-1764,EVT-10117,XX3670,Human-QA1,None,,False
QI-1765,EVT-12100,XX3645,Cam-1,None,,False
QI-1766,EVT-13263,XX2161,Human-QA2,OK,,False
QI-1767,EVT-14667,XX1502,Cam-2,OK,,False
QI-1768,EVT-11960,XX0815,Cam-1,Reject,,False
QI-1769,EVT-14618,XX4066,Human-QA1,None,,False
QI-1770,EVT-10771,XX3326,Human-QA1,None,,False
QI-1771,EVT-12829,XX4497,Human-QA1,None,,False
QI-1772,EVT-14208,XX1324,Human-QA2,na,,True
QI-1773,EVT-11287,XX0005,Cam-2,OK,,False
QI-1774,EVT-11367,XX3518,Human-QA1,None,,False
QI-1775,EVT-13594,XX1259,Cam-2,OK,,False
QI-1776,EVT-10098,XX2035,Human-QA2,None,,False
QI-1777,EVT-11046,XX0200,Cam-1,None,,False
QI-1778,EVT-14334,XX1706,Cam-2,None,,False
QI-1779,EVT-13803,XX3942,Cam-1,Repair,,False
QI-1780,EVT-13755,XX3932,Cam-2,None,,False
QI-1781,EVT-14482,XX2069,Human-QA1,na,,False
QI-1782,EVT-10605,XX3759,Human-QA1,None,,False
QI-1783,EVT-12169,XX3146,Cam-1,None,,False
QI-1784,EVT-10562,XX2844,Cam-2,None,,False
QI-1785,EVT-14000,XX2197,Human-QA2,None,,False
QI-1786,EVT-10019,XX0625,Cam-2,None,,False
QI-1787,EVT-14637,XX2134,Cam-1,None,S-02,False
QI-1788,EVT-13960,XX2579,Cam-2,None,,False
QI-1789,EVT-11323,XX0692,Cam-2,None,,False
QI-1790,EVT-13541,XX2598,Cam-1,None,,False
QI-1791,EVT-13157,XX0814,Cam-1,None,S-01,False
QI-1792,EVT-13740,XX1628,Cam-1,None,,False
QI-1793,EVT-12159,XX4617,Cam-2,na,,False
QI-1794,EVT-11314,XX3593,Cam-1,Reject,,False
QI-1795,EVT-12426,XX2581,Cam-1,None,,False
QI-1796,EVT-13953,XX3933,Human-QA2,na,,False
QI-1797,EVT-10939,XX0296,Human-QA2,OK,,False
QI-1798,EVT-10237,XX3252,Human-QA2,None,,False
QI-1799,EVT-10643,XX1155,Cam-1,None,,False
QI-1800,EVT-10184,XX3981,Cam-1,na,,False
QI-1801,EVT-11830,XX0533,Human-QA2,None,,False
QI-1802,EVT-11785,XX0888,Human-QA1,None,,False
QI-1803,EVT-11448,XX3273,Human-QA1,None,,False
QI-1804,EVT-14577,XX2926,Human-QA2,None,,False
QI-1805,EVT-11381,XX2433,Human-QA2,None,,False
QI-1806,EVT-10361,XX3598,Human-QA1,None,S-01,False
QI-1807,EVT-11059,XX2421,Human-QA2,None,,False
QI-1808,EVT-10515,XX3236,Cam-1,None,,False
QI-1809,EVT-10329,XX4619,Human-QA2,None,,False
QI-1810,EVT-13141,XX0835,Cam-2,OK,,False
QI-1811,EVT-13739,XX1378,Human-QA1,na,S-01,False
QI-1812,EVT-10292,XX3481,Cam-1,None,,True
QI-1813,EVT-10359,XX4607,Human-QA1,OK,,False
QI-1814,EVT-11609,XX0212,Human-QA2,None,,False
QI-1815,EVT-12571,XX0927,Human-QA1,Repair,,False
QI-1816,EVT-11360,XX2673,Human-QA2,None,S-01,False
QI-1817,EVT-10623,XX4033,Cam-1,na,,False
QI-1818,EVT-11565,XX0345,Cam-1,OK,S-02,False
QI-1819,EVT-11920,XX3083,Human-QA1,OK,,False
QI-1820,EVT-11511,XX4432,Cam-1,None,S-02,False
QI-1821,EVT-14713,XX1702,Human-QA1,OK,,False
QI-1822,EVT-10574,XX4701,Human-QA1,None,,False
QI-1823,EVT-12001,XX3847,Human-QA1,None,,False
QI-1824,EVT-10396,XX4017,Human-QA1,OK,,False
QI-1825,EVT-12708,XX0296,Cam-2,Repair,,False
QI-1826,EVT-14497,XX2749,Cam-2,None,,False
QI-1827,EVT-11511,XX4484,Human-QA2,None,S-03,False
QI-1828,EVT-12093,XX1497,Cam-1,Reject,,False
QI-1829,EVT-14782,XX3080,Cam-2,OK,,False
QI-1830,EVT-14249,XX1568,Cam-2,None,,False
QI-1831,EVT-14356,XX1976,Cam-1,Repair,,False
QI-1832,EVT-12692,XX4133,Human-QA1,na,,False
QI-1833,EVT-12032,XX4279,Cam-2,None,,False
QI-1834,EVT-11354,XX4166,Cam-2,None,,False
QI-1835,EVT-14734,XX0237,Cam-2,na,,False
QI-1836,EVT-12752,XX0464,Cam-2,None,,False
QI-1837,EVT-11292,XX4287,Human-QA1,None,,False
QI-1838,EVT-13735,XX0930,Cam-1,None,,False
QI-1839,EVT-14252,XX1887,Cam-2,na,,False
QI-1840,EVT-13739,XX3912,Cam-2,na,,False
QI-1841,EVT-14709,XX4413,Cam-2,OK,,False
QI-1842,EVT-12476,XX0718,Cam-2,None,,False
QI-1843,EVT-11908,XX0658,Cam-1,None,,False
QI-1844,EVT-12899,XX1213,Human-QA1,None,,False
QI-1845,EVT-11275,XX3822,Human-QA2,None,,False
QI-1846,EVT-14362,XX4053,Cam-1,OK,,False
QI-1847,EVT-10058,XX2271,Cam-2,None,,False
QI-1848,EVT-13923,XX0758,Human-QA2,None,,False
QI-1849,EVT-10616,XX3479,Cam-2,None,,False
QI-1850,EVT-13671,XX1231,Cam-1,Reject,,True
QI-1851,EVT-12218,XX2974,Human-QA1,None,,False
QI-1852,EVT-11711,XX2448,Human-QA2,None,,False
QI-1853,EVT-11342,XX3259,Human-QA2,None,,False
QI-1854,EVT-14752,XX2013,Human-QA1,None,S-01,False
QI-1855,EVT-14932,XX3676,Human-QA1,None,,False
QI-1856,EVT-11023,XX0083,Human-QA2,None,,False
QI-1857,EVT-10733,XX3763,Human-QA2,OK,,False
QI-1858,EVT-10397,XX1401,Human-QA2,None,S-01,False
QI-1859,EVT-13086,XX0659,Human-QA2,None,,False
QI-1860,EVT-10968,XX2873,Human-QA1,na,,False
QI-1861,EVT-10461,XX1338,Cam-1,None,,False
QI-1862,EVT-10137,XX3225,Cam-1,None,,False
QI-1863,EVT-10761,XX0694,Human-QA1,None,,False
QI-1864,EVT-12197,XX4328,Cam-1,None,S-01,False
QI-1865,EVT-10862,XX1145,Cam-1,None,,False
QI-1866,EVT-14876,XX3257,Cam-2,None,S-01,False
QI-1867,EVT-10592,XX3528,Cam-1,None,,False
QI-1868,EVT-12347,XX1853,Human-QA2,None,,False
QI-1869,EVT-11446,XX4484,Cam-1,OK,,False
QI-1870,EVT-11442,XX2680,Human-QA1,None,,False
QI-1871,EVT-12806,XX0864,Cam-1,Reject,,False
QI-1872,EVT-13325,XX1250,Human-QA1,None,,True
QI-1873,EVT-13756,XX1219,Human-QA2,None,,False
QI-1874,EVT-11336,XX4905,Cam-2,Reject,,False
QI-1875,EVT-10801,XX1050,Cam-2,OK,,False
QI-1876,EVT-12357,XX2903,Cam-1,na,S-01,False
QI-1877,EVT-13257,XX4633,Cam-1,None,,False
QI-1878,EVT-13939,XX4807,Human-QA1,None,,False
QI-1879,EVT-14079,XX1495,Cam-2,None,,False
QI-1880,EVT-13295,XX2337,Human-QA2,na,,False
QI-1881,EVT-14669,XX0368,Human-QA1,None,S-02,False
QI-1882,EVT-10595,XX0412,Cam-1,na,,False
QI-1883,EVT-12047,XX3094,Cam-2,None,,False
QI-1884,EVT-10026,XX0354,Cam-1,na,,False
QI-1885,EVT-12428,XX1566,Cam-2,None,,False
QI-1886,EVT-10130,XX1339,Human-QA1,None,,False
QI-1887,EVT-13067,XX4878,Human-QA2,None,,False
QI-1888,EVT-13351,XX0329,Human-QA2,None,,False
QI-1889,EVT-12332,XX1494,Human-QA2,na,S-02,False
QI-1890,EVT-10736,XX2830,Human-QA2,None,,False
QI-1891,EVT-13847,XX1487,Human-QA2,None,,False
QI-1892,EVT-11298,XX3736,Cam-1,None,,False
QI-1893,EVT-11091,XX0738,Cam-1,None,,False
QI-1894,EVT-10232,XX3889,Human-QA2,OK,S-02,False
QI-1895,EVT-10221,XX4844,Cam-2,None,,False
QI-1896,EVT-10452,XX1795,Human-QA1,None,,False
QI-1897,EVT-14399,XX1303,Cam-2,None,,False
QI-1898,EVT-10935,XX2669,Cam-2,None,,False
QI-1899,EVT-11343,XX4239,Human-QA2,na,,False
QI-1900,EVT-12311,XX3883,Cam-2,None,,True
QI-1901,EVT-10364,XX4167,Cam-1,None,,False
QI-1902,EVT-12789,XX0638,Human-QA1,Reject,,False
QI-1903,EVT-11250,XX4563,Human-QA1,None,,False
QI-1904,EVT-10455,XX2642,Human-QA1,None,,False
QI-1905,EVT-11763,XX0041,Cam-2,Repair,,False
QI-1906,EVT-13892,XX3986,Human-QA1,None,,False
QI-1907,EVT-14423,XX2947,Human-QA1,None,,False
QI-1908,EVT-13732,XX0771,Cam-1,None,,False
QI-1909,EVT-10818,XX4375,Human-QA2,None,,False
QI-1910,EVT-14092,XX3017,Human-QA2,None,,False
QI-1911,EVT-11965,XX3711,Cam-1,None,,False
QI-1912,EVT-13391,XX0058,Cam-1,None,,False
QI-1913,EVT-10735,XX4264,Human-QA2,OK,,False
QI-1914,EVT-13606,XX1654,Cam-2,None,,False
QI-1915,EVT-11467,XX3238,Cam-1,None,,False
QI-1916,EVT-13514,XX0082,Human-QA1,None,,True
QI-1917,EVT-13775,XX4230,Cam-1,None,,False
QI-1918,EVT-14661,XX1509,Cam-2,na,,True
QI-1919,EVT-10819,XX0262,Cam-1,OK,,False
QI-1920,EVT-11714,XX3707,Human-QA1,None,,False
QI-1921,EVT-10515,XX4115,Cam-1,None,,False
QI-1922,EVT-11428,XX2318,Cam-1,Reject,,False
QI-1923,EVT-13590,XX4673,Cam-1,na,,False
QI-1924,EVT-10843,XX3803,Human-QA2,None,,False
QI-1925,EVT-14130,XX2912,Human-QA2,None,,False
QI-1926,EVT-13473,XX0669,Cam-2,None,S-03,False
QI-1927,EVT-13135,XX1271,Human-QA2,None,,False
QI-1928,EVT-12615,XX1735,Cam-2,None,,False
QI-1929,EVT-14324,XX3815,Human-QA2,Reject,,False
QI-1930,EVT-13979,XX4020,Cam-2,None,,False
QI-1931,EVT-11276,XX4716,Cam-2,None,,False
QI-1932,EVT-11511,XX3858,Cam-2,na,,False
QI-1933,EVT-14900,XX1900,Cam-1,None,,True
QI-1934,EVT-14659,XX2232,Cam-1,None,,False
QI-1935,EVT-12962,XX0441,Cam-2,None,,False
QI-1936,EVT-10894,XX0581,Cam-2,None,,False
QI-1937,EVT-10853,XX3322,Cam-1,Reject,,False
QI-1938,EVT-14435,XX0376,Human-QA1,None,,False
QI-1939,EVT-12410,XX3802,Cam-1,None,,False
QI-1940,EVT-10179,XX1808,Cam-2,None,,False
QI-1941,EVT-10588,XX0729,Cam-1,Repair,,False
QI-1942,EVT-12045,XX2438,Human-QA2,None,,False
QI-1943,EVT-13225,XX4276,Cam-2,na,,False
QI-1944,EVT-12399,XX2424,Cam-1,Reject,,False
QI-1945,EVT-13036,XX2892,Human-QA2,None,,False
QI-1946,EVT-10564,XX2377,Cam-1,None,,False
QI-1947,EVT-14764,XX1969,Cam-1,None,,False
QI-1948,EVT-14053,XX2248,Human-QA1,OK,S-02,False
QI-1949,EVT-14464,XX2744,Cam-1,None,,False
QI-1950,EVT-12706,XX2857,Cam-1,None,,False
QI-1951,EVT-14789,XX1760,Human-QA1,None,,False
QI-1952,EVT-13966,XX1913,Cam-1,Reject,S-01,False
QI-1953,EVT-14454,XX3673,Human-QA1,None,,False
QI-1954,EVT-13926,XX3809,Human-QA2,None,,False
QI-1955,EVT-11640,XX1983,Human-QA1,Reject,,False
QI-1956,EVT-11650,XX2678,Human-QA2,None,,False
QI-1957,EVT-10502,XX1695,Human-QA1,None,,False
QI-1958,EVT-12405,XX4532,Human-QA2,None,S-02,False
QI-1959,EVT-10061,XX1738,Cam-1,na,S-02,False
QI-1960,EVT-13449,XX0046,Human-QA2,OK,,False
QI-1961,EVT-14547,XX1942,Human-QA2,None,,False
QI-1962,EVT-13286,XX4340,Cam-2,None,,False
QI-1963,EVT-11692,XX0156,Human-QA2,None,,False
QI-1964,EVT-10356,XX3466,Cam-1,Reject,,False
QI-1965,EVT-10595,XX0962,Cam-2,None,,True
QI-1966,EVT-11624,XX0945,Cam-2,na,,False
QI-1967,EVT-11129,XX1279,Human-QA1,None,,False
QI-1968,EVT-12441,XX1386,Human-QA2,None,S-02,False
QI-1969,EVT-14966,XX4055,Human-QA1,None,,False
QI-1970,EVT-12030,XX3920,Human-QA1,None,,False
QI-1971,EVT-13172,XX1737,Human-QA2,None,S-01,False
QI-1972,EVT-11831,XX2867,Human-QA1,OK,,False
QI-1973,EVT-13953,XX2425,Cam-1,None,S-02,False
QI-1974,EVT-13301,XX4249,Cam-1,na,,False
QI-1975,EVT-12570,XX3839,Human-QA2,OK,,False
QI-1976,EVT-10092,XX2820,Human-QA2,None,,False
QI-1977,EVT-14899,XX3224,Cam-2,None,,False
QI-1978,EVT-12200,XX2651,Human-QA2,OK,,False
QI-1979,EVT-14449,XX0240,Human-QA2,None,,False
QI-1980,EVT-10878,XX3255,Cam-1,None,S-03,False
QI-1981,EVT-14703,XX4527,Cam-1,None,,False
QI-1982,EVT-11896,XX0500,Human-QA2,None,,False
QI-1983,EVT-10982,XX3870,Cam-2,na,S-02,False
QI-1984,EVT-12964,XX4393,Cam-1,None,,False
QI-1985,EVT-12962,XX2231,Cam-1,None,,False
QI-1986,EVT-11110,XX3629,Human-QA1,None,,False
QI-1987,EVT-10382,XX1430,Human-QA2,None,,False
QI-1988,EVT-13810,XX0527,Human-QA1,None,,False
QI-1989,EVT-11547,XX1809,Human-QA2,na,,False
QI-1990,EVT-12918,XX1211,Cam-2,None,,False
QI-1991,EVT-12458,XX3948,Human-QA1,na,,False
QI-1992,EVT-13443,XX1049,Cam-1,None,,False
QI-1993,EVT-11106,XX4395,Human-QA2,None,,False
QI-1994,EVT-10430,XX4669,Human-QA2,None,,False
QI-1995,EVT-13543,XX1155,Human-QA1,None,,False
QI-1996,EVT-13433,XX0676,Human-QA1,None,,False
QI-1997,EVT-12459,XX3039,Cam-2,OK,,False
QI-1998,EVT-12082,XX3279,Cam-1,None,S-01,False
QI-1999,EVT-13727,XX2286,Cam-2,None,,False
QI-2000,EVT-10003,XX2240,Cam-1,OK,,False
QI-2001,EVT-12122,XX1052,Cam-1,na,,False
QI-2002,EVT-12858,XX3179,Human-QA2,None,,False
QI-2003,EVT-10283,XX3295,Cam-1,None,,False
QI-2004,EVT-10726,XX0429,Human-QA1,OK,,False
QI-2005,EVT-11781,XX2132,Human-QA2,OK,,False
QI-2006,EVT-10336,XX0498,Cam-2,None,,False
QI-2007,EVT-13602,XX2285,Cam-1,None,,False
QI-2008,EVT-10585,XX3867,Human-QA2,None,,False
QI-2009,EVT-11914,XX0851,Human-QA1,None,,False
QI-2010,EVT-10566,XX2660,Cam-2,Reject,,False
QI-2011,EVT-12365,XX2892,Human-QA2,None,,False
QI-2012,EVT-14970,XX1059,Human-QA2,None,S-01,False
QI-2013,EVT-11651,XX2145,Human-QA1,None,,False
QI-2014,EVT-11320,XX3305,Human-QA1,None,,False
QI-2015,EVT-11790,XX2573,Cam-1,na,,False
QI-2016,EVT-12881,XX1782,Cam-2,None,,False
QI-2017,EVT-10954,XX0489,Human-QA2,None,,True
QI-2018,EVT-12066,XX0404,Human-QA1,Repair,S-02,False
QI-2019,EVT-13951,XX4870,Human-QA1,OK,,False
QI-2020,EVT-12861,XX0403,Human-QA2,None,,False
QI-2021,EVT-12237,XX3658,Human-QA1,None,S-01,False
QI-2022,EVT-10062,XX1802,Human-QA1,None,,False
QI-2023,EVT-11013,XX0184,Cam-1,Reject,,False
QI-2024,EVT-11989,XX4991,Human-QA2,None,,False
QI-2025,EVT-11902,XX3640,Cam-1,None,S-02,False
QI-2026,EVT-11804,XX1517,Cam-2,None,,False
QI-2027,EVT-13325,XX4157,Human-QA1,na,,False
QI-2028,EVT-13698,XX1709,Cam-1,na,,False
QI-2029,EVT-11025,XX3694,Human-QA2,OK,,False
QI-2030,EVT-10877,XX1948,Cam-2,None,,False
QI-2031,EVT-13357,XX4242,Cam-2,None,,False
QI-2032,EVT-10131,XX1550,Cam-1,na,,False
QI-2033,EVT-12652,XX4279,Cam-1,None,,False
QI-2034,EVT-10992,XX4411,Human-QA1,None,,False
QI-2035,EVT-11070,XX3949,Cam-1,None,,False
QI-2036,EVT-11759,XX4755,Cam-1,na,,False
QI-2037,EVT-12596,XX2792,Cam-1,na,,False
QI-2038,EVT-13099,XX0996,Cam-2,None,S-03,False
QI-2039,EVT-12949,XX2857,Human-QA2,None,,False
QI-2040,EVT-10901,XX0652,Cam-1,None,,False
QI-2041,EVT-13484,XX0893,Cam-2,OK,,False
QI-2042,EVT-14437,XX2837,Cam-2,None,,False
QI-2043,EVT-10065,XX2003,Cam-1,Reject,,False
QI-2044,EVT-14702,XX1065,Cam-2,None,S-01,False
QI-2045,EVT-13764,XX2431,Human-QA1,None,,False
QI-2046,EVT-13141,XX0169,Human-QA2,None,S-01,False
QI-2047,EVT-12793,XX0171,Human-QA1,None,,False
QI-2048,EVT-13332,XX3690,Human-QA2,None,,False
QI-2049,EVT-12579,XX0739,Cam-2,None,,True
QI-2050,EVT-11419,XX3528,Cam-1,None,,False
QI-2051,EVT-14453,XX3563,Cam-1,Reject,S-03,False
QI-2052,EVT-11415,XX1318,Cam-2,Reject,,False
QI-2053,EVT-10375,XX1288,Cam-1,None,,False
QI-2054,EVT-10177,XX2295,Cam-2,None,,False
QI-2055,EVT-10234,XX4244,Human-QA1,OK,,False
QI-2056,EVT-12912,XX4037,Cam-2,None,,False
QI-2057,EVT-10761,XX4537,Cam-2,na,,False
QI-2058,EVT-13878,XX4458,Human-QA1,None,,False
QI-2059,EVT-11282,XX2270,Human-QA1,Reject,,False
QI-2060,EVT-11263,XX0658,Cam-2,None,,False
QI-2061,EVT-13574,XX4204,Human-QA1,OK,,False
QI-2062,EVT-13613,XX3202,Human-QA2,None,,False
QI-2063,EVT-14446,XX0576,Human-QA1,None,,False
QI-2064,EVT-14636,XX0300,Cam-1,na,,False
QI-2065,EVT-13383,XX3507,Human-QA1,na,,False
QI-2066,EVT-13009,XX1893,Human-QA1,na,,False
QI-2067,EVT-11622,XX0224,Cam-2,None,,False
QI-2068,EVT-12878,XX3649,Human-QA1,None,,True
QI-2069,EVT-10029,XX2742,Human-QA2,None,,False
QI-2070,EVT-10308,XX1859,Cam-2,None,S-03,False
QI-2071,EVT-11509,XX3695,Human-QA2,None,,False
QI-2072,EVT-12093,XX2298,Cam-1,None,,False
QI-2073,EVT-13430,XX4337,Cam-2,None,,False
QI-2074,EVT-10136,XX2865,Cam-2,None,,False
QI-2075,EVT-10774,XX3545,Cam-1,None,,False
QI-2076,EVT-11598,XX1700,Cam-1,None,,False
QI-2077,EVT-11454,XX3335,Human-QA2,None,,False
QI-2078,EVT-12603,XX2063,Human-QA1,None,,False
QI-2079,EVT-12480,XX0665,Cam-2,None,,False
QI-2080,EVT-10846,XX0496,Cam-2,None,,False
QI-2081,EVT-10206,XX1465,Human-QA2,None,,False
QI-2082,EVT-12493,XX4646,Cam-2,None,,False
QI-2083,EVT-13130,XX2085,Cam-1,None,,False
QI-2084,EVT-11229,XX3706,Cam-2,None,,False
QI-2085,EVT-14691,XX0436,Human-QA1,None,,False
QI-2086,EVT-12796,XX2341,Cam-1,OK,S-02,False
QI-2087,EVT-13229,XX4397,Human-QA2,Repair,,False
QI-2088,EVT-11127,XX1698,Human-QA2,None,S-02,False
QI-2089,EVT-14947,XX4012,Cam-2,None,,False
QI-2090,EVT-14650,XX1047,Cam-1,None,,False
QI-2091,EVT-11202,XX2398,Cam-1,None,,False
QI-2092,EVT-12405,XX1090,Cam-1,None,,False
QI-2093,EVT-11287,XX1419,Cam-2,None,,False
QI-2094,EVT-14850,XX3022,Cam-2,None,,False
QI-2095,EVT-10548,XX3049,Human-QA2,None,S-01,False
QI-2096,EVT-13945,XX0570,Human-QA1,OK,,True
QI-2097,EVT-13929,XX0029,Cam-1,None,,False
QI-2098,EVT-11387,XX3155,Cam-2,None,,False
QI-2099,EVT-11273,XX3507,Cam-2,None,,True
QI-2100,EVT-13263,XX0641,Human-QA1,None,,False
QI-2101,EVT-10806,XX3205,Cam-2,None,S-01,False
QI-2102,EVT-11927,XX4211,Cam-2,None,,False
QI-2103,EVT-13133,XX4776,Cam-2,None,,False
QI-2104,EVT-13981,XX4177,Cam-1,None,,False
QI-2105,EVT-12099,XX1986,Human-QA1,OK,,False
QI-2106,EVT-11745,XX2655,Human-QA2,OK,,False
QI-2107,EVT-14408,XX4817,Human-QA1,None,,False
QI-2108,EVT-13988,XX4032,Human-QA1,Reject,,False
QI-2109,EVT-14483,XX4168,Human-QA2,Repair,S-02,False
QI-2110,EVT-11225,XX2030,Human-QA2,None,,False
QI-2111,EVT-12066,XX0474,Cam-2,None,,False
QI-2112,EVT-10094,XX0171,Cam-2,None,,False
QI-2113,EVT-10129,XX2088,Cam-2,None,S-01,True
QI-2114,EVT-13268,XX3245,Cam-1,None,,False
QI-2115,EVT-11953,XX2472,Cam-1,None,,False
QI-2116,EVT-12307,XX1246,Human-QA1,None,,False
QI-2117,EVT-10986,XX0798,Cam-1,OK,,False
QI-2118,EVT-13110,XX3747,Cam-1,OK,,False
QI-2119,EVT-13572,XX2498,Human-QA2,None,,False
QI-2120,EVT-10816,XX4741,Cam-2,None,,False
QI-2121,EVT-12600,XX0322,Human-QA2,na,,False
QI-2122,EVT-12169,XX3935,Cam-2,None,,False
QI-2123,EVT-11779,XX3896,Human-QA1,None,,False
QI-2124,EVT-10756,XX1069,Human-QA2,OK,,False
QI-2125,EVT-11167,XX0324,Cam-2,None,,False
QI-2126,EVT-12594,XX3333,Human-QA2,na,,False
QI-2127,EVT-13104,XX2668,Human-QA2,None,,False
QI-2128,EVT-10405,XX2095,Cam-2,None,,False
QI-2129,EVT-11852,XX0645,Cam-1,None,,False
QI-2130,EVT-12411,XX3845,Human-QA2,None,,False
QI-2131,EVT-13027,XX1712,Human-QA1,None,,False
QI-2132,EVT-14087,XX2681,Cam-1,None,,False
QI-2133,EVT-10162,XX0841,Human-QA2,None,,False
QI-2134,EVT-12811,XX0303,Human-QA1,na,,False
QI-2135,EVT-14646,XX3262,Human-QA1,OK,,False
QI-2136,EVT-10130,XX4868,Cam-2,None,,False
QI-2137,EVT-13167,XX3761,Cam-1,na,,False
QI-2138,EVT-12700,XX2625,Cam-1,OK,,False
QI-2139,EVT-13055,XX4960,Cam-2,Repair,,False
QI-2140,EVT-12317,XX0336,Human-QA2,None,,False
QI-2141,EVT-12951,XX1879,Human-QA2,None,,False
QI-2142,EVT-14882,XX3292,Human-QA1,None,,False
QI-2143,EVT-12412,XX1853,Human-QA1,None,,False
QI-2144,EVT-11933,XX4756,Human-QA1,Repair,,False
QI-2145,EVT-13505,XX2001,Human-QA1,None,S-02,False
QI-2146,EVT-12658,XX4708,Cam-2,None,,False
QI-2147,EVT-13132,XX5000,Human-QA2,None,,True
QI-2148,EVT-12979,XX2130,Human-QA1,None,S-02,False
QI-2149,EVT-11346,XX0969,Cam-1,None,,False
QI-2150,EVT-13800,XX1957,Human-QA1,None,,False
QI-2151,EVT-12636,XX2526,Human-QA1,None,,False
QI-2152,EVT-10044,XX2347,Human-QA2,None,,True
QI-2153,EVT-10346,XX0750,Human-QA1,Repair,,False
QI-2154,EVT-14809,XX2744,Cam-2,OK,,False
QI-2155,EVT-13793,XX1300,Human-QA2,None,,False
QI-2156,EVT-14742,XX0304,Human-QA2,None,,False
QI-2157,EVT-12416,XX2916,Human-QA1,None,,False
QI-2158,EVT-14453,XX4066,Cam-2,Repair,,False
QI-2159,EVT-12542,XX3345,Human-QA2,OK,,True
QI-2160,EVT-10000,XX0036,Cam-1,None,,False
QI-2161,EVT-10059,XX4518,Human-QA1,na,,False
QI-2162,EVT-12345,XX3550,Human-QA2,OK,,False
QI-2163,EVT-14326,XX2386,Human-QA1,None,,False
QI-2164,EVT-12844,XX4724,Cam-1,None,,True
QI-2165,EVT-13766,XX1434,Human-QA1,None,,True
QI-2166,EVT-10447,XX4559,Human-QA1,None,,False
QI-2167,EVT-12415,XX0081,Cam-2,None,,False
QI-2168,EVT-14078,XX1503,Cam-2,None,,False
QI-2169,EVT-14649,XX4516,Cam-1,Reject,,False
QI-2170,EVT-13035,XX3512,Cam-2,na,,False
QI-2171,EVT-12324,XX2943,Human-QA2,None,,False
QI-2172,EVT-14926,XX0795,Cam-2,None,,True
QI-2173,EVT-14057,XX1731,Human-QA2,Repair,,False
QI-2174,EVT-10037,XX0184,Cam-1,OK,,False
QI-2175,EVT-11230,XX4654,Cam-1,None,,False
QI-2176,EVT-10288,XX1172,Human-QA1,None,,False
QI-2177,EVT-14797,XX2043,Human-QA2,Reject,,False
QI-2178,EVT-12381,XX1288,Human-QA1,None,,False
QI-2179,EVT-10203,XX3677,Human-QA1,None,,False
QI-2180,EVT-11043,XX4936,Human-QA1,na,,False
QI-2181,EVT-11620,XX3561,Human-QA2,na,,False
QI-2182,EVT-12959,XX1883,Cam-2,None,,False
QI-2183,EVT-12443,XX0282,Human-QA2,OK,,False
QI-2184,EVT-13836,XX4711,Cam-2,None,,False
QI-2185,EVT-13123,XX2250,Human-QA2,None,,False
QI-2186,EVT-13731,XX4670,Cam-1,None,S-03,False
QI-2187,EVT-13257,XX0417,Cam-1,na,,False
QI-2188,EVT-13756,XX0317,Cam-2,None,,False
QI-2189,EVT-14448,XX3300,Human-QA1,None,,False
QI-2190,EVT-11137,XX2964,Human-QA1,None,,False
QI-2191,EVT-12561,XX1092,Human-QA1,None,,False
QI-2192,EVT-10545,XX2845,Human-QA1,None,,False
QI-2193,EVT-14377,XX3886,Human-QA2,na,,False
QI-2194,EVT-10672,XX0677,Cam-1,None,,False
QI-2195,EVT-10759,XX1125,Human-QA2,None,,False
QI-2196,EVT-11344,XX2291,Human-QA2,None,,False
QI-2197,EVT-10519,XX1114,Human-QA2,None,,False
QI-2198,EVT-14205,XX1973,Cam-2,Reject,,False
QI-2199,EVT-13615,XX2949,Cam-1,na,,False
QI-2200,EVT-14775,XX4223,Cam-2,None,,False
QI-2201,EVT-11601,XX4715,Human-QA1,Repair,,False
QI-2202,EVT-13614,XX4930,Cam-1,None,,False
QI-2203,EVT-11822,XX1423,Cam-2,na,S-01,False
QI-2204,EVT-12024,XX3374,Cam-2,na,,False
QI-2205,EVT-11184,XX0756,Human-QA2,None,,False
QI-2206,EVT-13773,XX3769,Cam-2,None,,False
QI-2207,EVT-10379,XX4872,Cam-2,Repair,,False
QI-2208,EVT-12127,XX3837,Human-QA1,None,,False
QI-2209,EVT-11294,XX3973,Human-QA1,None,,False
QI-2210,EVT-10615,XX4169,Cam-2,None,,False
QI-2211,EVT-10435,XX4475,Cam-2,None,,False
QI-2212,EVT-10017,XX2993,Cam-2,Reject,,False
QI-2213,EVT-13149,XX0492,Human-QA2,None,,False
QI-2214,EVT-11547,XX0684,Human-QA2,Repair,,False
QI-2215,EVT-14890,XX1976,Human-QA2,None,,False
QI-2216,EVT-11134,XX0304,Human-QA1,None,,False
QI-2217,EVT-10451,XX3998,Cam-1,Reject,,False
QI-2218,EVT-14355,XX1953,Human-QA2,None,,False
QI-2219,EVT-12705,XX3570,Human-QA2,None,,False
QI-2220,EVT-10711,XX4005,Cam-2,None,,False
QI-2221,EVT-13689,XX1261,Human-QA2,None,,False
QI-2222,EVT-11978,XX1031,Cam-1,None,S-01,False
QI-2223,EVT-13960,XX4352,Human-QA1,None,,True
QI-2224,EVT-13797,XX1195,Human-QA2,Repair,,True
QI-2225,EVT-12699,XX3360,Human-QA1,Repair,,True
QI-2226,EVT-10166,XX0234,Human-QA2,None,S-03,False
QI-2227,EVT-14588,XX2921,Human-QA1,None,,False
QI-2228,EVT-12119,XX1719,Human-QA1,None,,False
QI-2229,EVT-12546,XX0493,Human-QA2,Reject,,False
QI-2230,EVT-11108,XX3283,Human-QA2,None,,False
QI-2231,EVT-11840,XX2015,Human-QA1,None,,False
QI-2232,EVT-12938,XX4325,Cam-1,None,,False
QI-2233,EVT-12854,XX0345,Cam-1,None,,False
QI-2234,EVT-13214,XX0265,Cam-1,None,,False
QI-2235,EVT-10890,XX3576,Cam-1,None,S-01,False
QI-2236,EVT-11334,XX4840,Human-QA2,Reject,,True
QI-2237,EVT-13440,XX1673,Cam-2,None,,False
QI-2238,EVT-11719,XX3648,Human-QA1,None,,False
QI-2239,EVT-12860,XX0429,Cam-1,Repair,,False
QI-2240,EVT-10970,XX3163,Cam-1,na,,False
QI-2241,EVT-13512,XX2911,Cam-2,None,,False
QI-2242,EVT-10066,XX0454,Cam-2,OK,,False
QI-2243,EVT-13845,XX0349,Human-QA2,None,,False
QI-2244,EVT-10837,XX0422,Human-QA1,na,,False
QI-2245,EVT-10926,XX2763,Human-QA1,na,,False
QI-2246,EVT-13605,XX4782,Cam-2,Reject,S-01,False
QI-2247,EVT-10340,XX0582,Cam-2,None,,False
QI-2248,EVT-13749,XX2663,Cam-2,None,,False
QI-2249,EVT-10101,XX4259,Human-QA2,None,,False
QI-2250,EVT-13385,XX2352,Human-QA1,None,S-03,False
QI-2251,EVT-11133,XX2367,Cam-2,None,,False
QI-2252,EVT-10002,XX1030,Cam-1,None,,False
QI-2253,EVT-12389,XX1325,Human-QA1,None,,False
QI-2254,EVT-10827,XX0101,Human-QA1,OK,,False
QI-2255,EVT-12726,XX0416,Cam-1,OK,S-01,False
QI-2256,EVT-12181,XX1384,Cam-1,None,,False
QI-2257,EVT-10384,XX2434,Human-QA1,OK,,False
QI-2258,EVT-10597,XX1044,Human-QA1,None,S-01,False
QI-2259,EVT-10008,XX1747,Cam-2,None,,False
QI-2260,EVT-14231,XX4492,Human-QA2,None,,False
QI-2261,EVT-11313,XX4444,Human-QA2,None,,False
QI-2262,EVT-10978,XX1289,Cam-2,None,,False
QI-2263,EVT-13723,XX4861,Cam-1,None,,False
QI-2264,EVT-12090,XX4140,Cam-1,None,,False
QI-2265,EVT-13176,XX4171,Cam-1,na,,False
QI-2266,EVT-11847,XX4149,Cam-1,None,S-03,False
QI-2267,EVT-13102,XX3955,Cam-2,None,,False
QI-2268,EVT-13753,XX0038,Human-QA1,None,,False
QI-2269,EVT-13744,XX0766,Cam-2,OK,,False
QI-2270,EVT-11788,XX3878,Cam-1,None,,False
QI-2271,EVT-11242,XX2465,Cam-2,None,,False
QI-2272,EVT-12007,XX4807,Human-QA2,None,S-01,False
QI-2273,EVT-10112,XX4844,Human-QA2,None,,False
QI-2274,EVT-13766,XX2892,Cam-1,None,,False
QI-2275,EVT-13331,XX0116,Cam-2,None,,False
QI-2276,EVT-13542,XX0279,Human-QA2,None,,False
QI-2277,EVT-11363,XX0454,Human-QA1,None,,False
QI-2278,EVT-12919,XX3214,Cam-1,None,,False
QI-2279,EVT-13995,XX4704,Cam-2,OK,,False
QI-2280,EVT-12293,XX4465,Cam-1,None,,False
QI-2281,EVT-13375,XX4466,Human-QA2,None,,False
QI-2282,EVT-13959,XX0301,Human-QA1,None,,False
QI-2283,EVT-13432,XX0717,Human-QA2,None,S-02,False
QI-2284,EVT-11349,XX1376,Cam-1,None,,False
QI-2285,EVT-10307,XX0195,Human-QA1,Reject,,True
QI-2286,EVT-11346,XX1329,Cam-2,na,,False
QI-2287,EVT-10866,XX4354,Human-QA2,None,,False
QI-2288,EVT-14806,XX1980,Human-QA1,None,,False
QI-2289,EVT-11512,XX1558,Cam-1,None,,False
QI-2290,EVT-12283,XX3125,Cam-2,None,,False
QI-2291,EVT-14024,XX4883,Cam-1,None,S-01,False
QI-2292,EVT-13778,XX0529,Cam-1,Repair,,False
QI-2293,EVT-10867,XX0498,Cam-2,OK,,False
QI-2294,EVT-11382,XX1811,Human-QA1,Reject,,False
QI-2295,EVT-13614,XX2846,Human-QA1,OK,,False
QI-2296,EVT-12072,XX2126,Cam-2,None,,False
QI-2297,EVT-12862,XX0320,Cam-2,None,S-01,False
QI-2298,EVT-10983,XX3364,Cam-1,None,,False
QI-2299,EVT-11024,XX2570,Cam-1,OK,,False
QI-2300,EVT-12405,XX3387,Human-QA2,None,,False
QI-2301,EVT-10117,XX4710,Cam-2,None,,False
QI-2302,EVT-12526,XX4726,Human-QA2,None,,False
QI-2303,EVT-12160,XX2717,Cam-2,None,S-01,False
QI-2304,EVT-11218,XX3339,Human-QA2,None,,False
QI-2305,EVT-11043,XX0245,Cam-1,OK,,False
QI-2306,EVT-12505,XX2720,Cam-1,None,,False
QI-2307,EVT-13814,XX0870,Human-QA1,None,,False
QI-2308,EVT-13519,XX1460,Human-QA2,Repair,,False
QI-2309,EVT-12687,XX4110,Cam-2,None,,False
QI-2310,EVT-13156,XX0671,Human-QA2,na,,False
QI-2311,EVT-10575,XX4737,Cam-1,None,,False
QI-2312,EVT-13345,XX0686,Human-QA1,na,,False
QI-2313,EVT-12847,XX1975,Human-QA2,Repair,,True
QI-2314,EVT-10402,XX1012,Cam-1,OK,,False
QI-2315,EVT-10252,XX1385,Cam-2,None,,False
QI-2316,EVT-11629,XX4139,Human-QA1,None,,False
QI-2317,EVT-12709,XX0911,Cam-1,None,,False
QI-2318,EVT-14764,XX1318,Cam-2,Reject,,False
QI-2319,EVT-14823,XX3127,Human-QA2,None,,False
QI-2320,EVT-13331,XX0567,Cam-2,None,,False
QI-2321,EVT-14043,XX3918,Cam-2,OK,,False
QI-2322,EVT-12659,XX1466,Cam-2,None,,False
QI-2323,EVT-10978,XX4203,Human-QA1,Reject,,False
QI-2324,EVT-13816,XX1208,Cam-1,None,,False
QI-2325,EVT-12726,XX3571,Cam-1,None,,False
QI-2326,EVT-10568,XX2466,Cam-2,None,,False
QI-2327,EVT-14638,XX4145,Human-QA2,Reject,,False
QI-2328,EVT-14614,XX4349,Human-QA2,None,S-02,False
QI-2329,EVT-14105,XX3927,Cam-1,None,,False
QI-2330,EVT-14252,XX3141,Human-QA2,na,,False
QI-2331,EVT-12772,XX3514,Cam-2,None,,False
QI-2332,EVT-14236,XX4011,Cam-1,None,,False
QI-2333,EVT-14054,XX2878,Cam-1,None,,False
QI-2334,EVT-12686,XX1401,Human-QA2,Repair,,False
QI-2335,EVT-13998,XX1569,Cam-1,None,S-01,False
QI-2336,EVT-10136,XX0741,Human-QA1,None,,False
QI-2337,EVT-14786,XX0700,Cam-2,None,,False
QI-2338,EVT-11423,XX0703,Human-QA1,None,,False
QI-2339,EVT-11465,XX4389,Cam-1,None,,False
QI-2340,EVT-13338,XX0956,Human-QA2,na,,False
QI-2341,EVT-14771,XX0874,Human-QA1,None,,False
QI-2342,EVT-13832,XX2409,Human-QA1,None,,False
QI-2343,EVT-11536,XX4598,Human-QA1,None,,False
QI-2344,EVT-12324,XX3379,Human-QA2,na,,False
QI-2345,EVT-13755,XX1821,Human-QA2,None,,False
QI-2346,EVT-11379,XX4745,Cam-1,OK,,False
QI-2347,EVT-10932,XX4182,Human-QA2,None,,False
QI-2348,EVT-13845,XX4392,Human-QA1,None,,False
QI-2349,EVT-11067,XX3243,Cam-1,None,,False
QI-2350,EVT-12938,XX1380,Human-QA2,None,,False
QI-2351,EVT-10210,XX0279,Cam-2,None,,False
QI-2352,EVT-12390,XX4348,Human-QA2,None,,False
QI-2353,EVT-12806,XX1032,Human-QA2,Reject,,False
QI-2354,EVT-14603,XX4682,Cam-1,None,,False
QI-2355,EVT-10231,XX1344,Cam-1,None,,False
QI-2356,EVT-10803,XX0605,Cam-1,None,,False
QI-2357,EVT-11193,XX2656,Cam-2,None,,False
QI-2358,EVT-13475,XX0592,Cam-2,None,S-01,False
QI-2359,EVT-10233,XX3955,Human-QA2,None,,False
QI-2360,EVT-12567,XX0012,Human-QA2,None,,False
QI-2361,EVT-12147,XX0122,Cam-1,None,,False
QI-2362,EVT-12355,XX4521,Cam-1,na,,False
QI-2363,EVT-12850,XX2277,Cam-2,None,,False
QI-2364,EVT-11723,XX2645,Cam-2,None,S-01,True
QI-2365,EVT-14482,XX4074,Cam-1,OK,,False
QI-2366,EVT-11146,XX0878,Human-QA2,None,,False
QI-2367,EVT-10131,XX0786,Cam-2,None,,False
QI-2368,EVT-12109,XX2077,Cam-1,None,,False
QI-2369,EVT-10831,XX0101,Cam-1,None,,False
QI-2370,EVT-13761,XX0376,Cam-1,None,,False
QI-2371,EVT-10731,XX0646,Cam-2,None,,False
QI-2372,EVT-10402,XX3383,Human-QA2,None,S-01,False
QI-2373,EVT-11617,XX3512,Cam-2,None,,False
QI-2374,EVT-14109,XX2741,Human-QA2,OK,,False
QI-2375,EVT-10269,XX3529,Cam-2,None,,False
QI-2376,EVT-11154,XX4817,Cam-1,na,S-02,False
QI-2377,EVT-12348,XX2024,Cam-1,na,,False
QI-2378,EVT-12751,XX4567,Human-QA1,None,,False
QI-2379,EVT-11983,XX1953,Cam-1,None,,False
QI-2380,EVT-14522,XX1046,Human-QA2,None,,False
QI-2381,EVT-12163,XX2098,Cam-1,None,,False
QI-2382,EVT-12283,XX3823,Human-QA1,None,,False
QI-2383,EVT-14163,XX4822,Cam-1,None,,False
QI-2384,EVT-12790,XX3867,Cam-1,None,,False
QI-2385,EVT-14062,XX3632,Cam-2,None,,False
QI-2386,EVT-14486,XX2015,Human-QA2,Reject,,False
QI-2387,EVT-12151,XX2350,Human-QA1,None,,False
QI-2388,EVT-12661,XX3399,Cam-2,None,,False
QI-2389,EVT-10772,XX0384,Human-QA1,None,,False
QI-2390,EVT-11966,XX2586,Cam-1,None,,False
QI-2391,EVT-12351,XX0703,Human-QA1,None,,False
QI-2392,EVT-12426,XX2097,Cam-2,OK,,False
QI-2393,EVT-13246,XX0319,Cam-1,None,,False
QI-2394,EVT-13476,XX0021,Cam-2,None,S-01,False
QI-2395,EVT-14183,XX3505,Human-QA2,None,,False
QI-2396,EVT-12677,XX0592,Human-QA2,OK,,False
QI-2397,EVT-14720,XX4105,Human-QA2,OK,,False
QI-2398,EVT-12924,XX2197,Human-QA1,na,,False
QI-2399,EVT-13892,XX1461,Human-QA2,Repair,,False
QI-2400,EVT-12779,XX2547,Human-QA1,None,,False
QI-2401,EVT-12462,XX1912,Human-QA1,na,,False
QI-2402,EVT-10454,XX3127,Cam-2,None,,False
QI-2403,EVT-13634,XX4393,Cam-1,None,,False
QI-2404,EVT-13246,XX2566,Cam-1,None,,False
QI-2405,EVT-14304,XX1271,Cam-2,None,,False
QI-2406,EVT-13384,XX0282,Human-QA2,OK,,False
QI-2407,EVT-12418,XX2817,Cam-2,None,,False
QI-2408,EVT-12850,XX4353,Cam-2,OK,,False
QI-2409,EVT-12133,XX1830,Cam-1,OK,,False
QI-2410,EVT-14742,XX0553,Human-QA1,OK,,False
QI-2411,EVT-12868,XX3740,Cam-2,None,S-01,False
QI-2412,EVT-13337,XX2965,Cam-2,None,,False
QI-2413,EVT-11721,XX3468,Human-QA1,OK,,False
QI-2414,EVT-12026,XX2925,Cam-1,None,,False
QI-2415,EVT-11186,XX2808,Human-QA2,Reject,,False
QI-2416,EVT-11150,XX2920,Cam-2,OK,,False
QI-2417,EVT-12874,XX3005,Human-QA2,None,S-01,False
QI-2418,EVT-14212,XX1571,Human-QA2,None,,False
QI-2419,EVT-11429,XX2297,Cam-2,None,,False
QI-2420,EVT-10648,XX2337,Human-QA2,Repair,S-02,False
QI-2421,EVT-10355,XX2457,Cam-2,None,,True
QI-2422,EVT-12823,XX4405,Human-QA1,None,,False
QI-2423,EVT-13385,XX0061,Human-QA1,None,S-02,False
QI-2424,EVT-13966,XX3576,Human-QA1,None,,False
QI-2425,EVT-13934,XX2829,Human-QA1,None,,False
QI-2426,EVT-13934,XX2575,Cam-1,None,,False
QI-2427,EVT-11191,XX3383,Human-QA1,None,,False
QI-2428,EVT-13483,XX3765,Cam-2,None,,False
QI-2429,EVT-14164,XX2248,Cam-2,None,,False
QI-2430,EVT-10266,XX3425,Cam-2,Repair,,False
QI-2431,EVT-14910,XX1099,Human-QA2,OK,,False
QI-2432,EVT-11880,XX2804,Cam-2,Reject,,False
QI-2433,EVT-11548,XX3108,Cam-1,None,,False
QI-2434,EVT-10381,XX0198,Cam-1,None,S-01,False
QI-2435,EVT-11635,XX2092,Cam-1,None,,False
QI-2436,EVT-14469,XX2689,Cam-1,Repair,,False
QI-2437,EVT-10684,XX1569,Cam-1,None,,False
QI-2438,EVT-14601,XX0871,Cam-1,None,,False
QI-2439,EVT-12284,XX0510,Human-QA1,OK,,False
QI-2440,EVT-13658,XX2464,Cam-1,None,,False
QI-2441,EVT-12372,XX4034,Human-QA2,None,,False
QI-2442,EVT-12637,XX2457,Cam-1,None,,False
QI-2443,EVT-14849,XX4392,Cam-2,None,S-01,False
QI-2444,EVT-11951,XX1889,Cam-2,OK,,False
QI-2445,EVT-11445,XX2251,Human-QA2,Repair,,False
QI-2446,EVT-14827,XX4672,Cam-1,na,,False
QI-2447,EVT-10020,XX0985,Human-QA1,None,,False
QI-2448,EVT-14400,XX0796,Human-QA1,None,,False
QI-2449,EVT-13424,XX0848,Human-QA1,None,,False
QI-2450,EVT-14699,XX1392,Human-QA1,na,,False
QI-2451,EVT-11009,XX2994,Cam-1,None,,False
QI-2452,EVT-14540,XX4458,Human-QA2,na,,False
QI-2453,EVT-11081,XX4572,Human-QA1,None,,False
QI-2454,EVT-12648,XX4400,Cam-1,None,,False
QI-2455,EVT-14852,XX2233,Cam-1,na,,False
QI-2456,EVT-14419,XX2313,Cam-1,na,,False
QI-2457,EVT-12463,XX1438,Cam-1,OK,,False
QI-2458,EVT-13756,XX0402,Cam-1,None,,False
QI-2459,EVT-12452,XX2221,Cam-2,None,S-03,False
QI-2460,EVT-13994,XX0878,Cam-1,OK,,False
QI-2461,EVT-13967,XX3155,Cam-1,None,,False
QI-2462,EVT-13741,XX0907,Cam-1,Repair,,False
QI-2463,EVT-13913,XX4442,Cam-2,None,,False
QI-2464,EVT-13796,XX1096,Cam-2,None,,False
QI-2465,EVT-10384,XX3523,Human-QA2,OK,,False
QI-2466,EVT-14104,XX1807,Human-QA2,None,,False
QI-2467,EVT-12562,XX1677,Cam-1,None,,False
QI-2468,EVT-12217,XX0208,Human-QA1,None,,False
QI-2469,EVT-10146,XX1366,Cam-1,None,,False
QI-2470,EVT-13589,XX1410,Human-QA2,None,S-02,False
QI-2471,EVT-11926,XX2926,Human-QA1,Repair,S-02,False
QI-2472,EVT-13754,XX4258,Human-QA1,None,,True
QI-2473,EVT-10079,XX2064,Human-QA2,None,,False
QI-2474,EVT-14899,XX2791,Cam-1,None,S-01,False
QI-2475,EVT-13537,XX0246,Human-QA2,na,,False
QI-2476,EVT-11759,XX2603,Human-QA1,None,,False
QI-2477,EVT-10977,XX3482,Cam-2,None,,False
QI-2478,EVT-14902,XX1478,Cam-1,Repair,,False
QI-2479,EVT-12804,XX2498,Human-QA2,OK,,False
QI-2480,EVT-11585,XX1481,Human-QA2,None,,False
QI-2481,EVT-14390,XX1788,Human-QA2,None,,False
QI-2482,EVT-11153,XX1813,Cam-2,na,,False
QI-2483,EVT-10612,XX4212,Cam-2,None,,False
QI-2484,EVT-12930,XX2924,Cam-1,None,,False
QI-2485,EVT-11810,XX2562,Cam-1,na,,False
QI-2486,EVT-13578,XX2947,Cam-1,None,,False
QI-2487,EVT-14164,XX4109,Human-QA2,OK,,False
QI-2488,EVT-14651,XX2325,Cam-2,None,,True
QI-2489,EVT-12956,XX0916,Cam-1,None,S-02,False
QI-2490,EVT-14595,XX0893,Cam-2,None,,False
QI-2491,EVT-13206,XX4313,Human-QA1,None,,False
QI-2492,EVT-10829,XX2797,Cam-1,Reject,,False
QI-2493,EVT-14597,XX4390,Cam-2,na,,False
QI-2494,EVT-10973,XX2816,Cam-1,None,,False
QI-2495,EVT-13416,XX4594,Cam-2,None,,False
QI-2496,EVT-10729,XX0977,Cam-2,None,,False
QI-2497,EVT-10900,XX0750,Human-QA2,OK,,False
QI-2498,EVT-10659,XX3556,Human-QA1,OK,,False
QI-2499,EVT-10760,XX3169,Cam-1,OK,,False
QI-2500,EVT-10331,XX4800,Cam-2,OK,S-02,False
QI-2501,EVT-10958,XX3016,Cam-1,None,,False
QI-2502,EVT-13491,XX3627,Cam-2,None,,False
QI-2503,EVT-11758,XX0269,Human-QA1,None,S-02,False
QI-2504,EVT-14408,XX3029,Cam-2,None,,False
QI-2505,EVT-11855,XX1012,Cam-2,None,,False
QI-2506,EVT-13209,XX2136,Cam-1,None,,False
QI-2507,EVT-10354,XX1249,Human-QA1,None,,False
QI-2508,EVT-12272,XX3208,Cam-2,None,S-03,False
QI-2509,EVT-14709,XX0763,Cam-1,None,,False
QI-2510,EVT-14194,XX2972,Cam-2,na,,False
QI-2511,EVT-14890,XX0723,Cam-1,OK,,True
QI-2512,EVT-12438,XX1406,Human-QA1,None,,False
QI-2513,EVT-13162,XX0439,Human-QA2,None,,False
QI-2514,EVT-13880,XX0315,Human-QA1,None,,False
QI-2515,EVT-10203,XX2113,Cam-1,na,,False
QI-2516,EVT-13965,XX4997,Human-QA1,None,,True
QI-2517,EVT-11773,XX0592,Cam-1,None,,False
QI-2518,EVT-10608,XX4741,Cam-1,None,,False
QI-2519,EVT-12680,XX4291,Human-QA1,Repair,,False
QI-2520,EVT-11140,XX3671,Human-QA2,None,,False
QI-2521,EVT-14161,XX1910,Human-QA1,None,,False
QI-2522,EVT-12178,XX4097,Cam-1,None,,False
QI-2523,EVT-14874,XX4464,Human-QA2,None,,False
QI-2524,EVT-14996,XX2424,Cam-1,None,,False
QI-2525,EVT-14923,XX3263,Human-QA2,Repair,,False
QI-2526,EVT-10738,XX4386,Human-QA1,na,,False
QI-2527,EVT-12700,XX4896,Human-QA1,None,,False
QI-2528,EVT-13723,XX3271,Cam-1,Reject,,False
QI-2529,EVT-10657,XX4331,Human-QA2,None,,False
QI-2530,EVT-12726,XX1254,Cam-1,None,,False
QI-2531,EVT-11109,XX3298,Human-QA2,Reject,,False
QI-2532,EVT-13212,XX1454,Cam-1,None,,False
QI-2533,EVT-12164,XX0196,Human-QA1,None,,False
QI-2534,EVT-10146,XX0790,Cam-2,None,,False
QI-2535,EVT-14055,XX2205,Cam-1,None,,False
QI-2536,EVT-14631,XX3068,Cam-2,Reject,,False
QI-2537,EVT-13229,XX3554,Human-QA1,OK,,False
QI-2538,EVT-14514,XX4450,Cam-2,None,,False
QI-2539,EVT-12618,XX0813,Human-QA2,None,,False
QI-2540,EVT-13600,XX4931,Cam-2,Repair,,False
QI-2541,EVT-13375,XX2581,Cam-1,None,,False
QI-2542,EVT-13638,XX1532,Cam-2,None,,False
QI-2543,EVT-12317,XX0405,Human-QA2,Reject,,False
QI-2544,EVT-10921,XX2748,Human-QA1,na,,False
QI-2545,EVT-14787,XX2845,Human-QA2,None,,False
QI-2546,EVT-14907,XX2337,Cam-1,None,S-02,False
QI-2547,EVT-13539,XX0090,Human-QA2,None,,False
QI-2548,EVT-13890,XX1406,Cam-2,na,,False
QI-2549,EVT-14337,XX3574,Cam-2,Reject,,False
QI-2550,EVT-14029,XX1618,Human-QA2,Reject,,False
QI-2551,EVT-12978,XX3595,Cam-2,None,,False
QI-2552,EVT-11087,XX1526,Cam-2,Repair,,False
QI-2553,EVT-13166,XX1696,Cam-1,None,,False
QI-2554,EVT-12096,XX3691,Cam-1,na,,False
QI-2555,EVT-12192,XX4042,Cam-1,None,,False
QI-2556,EVT-10916,XX3163,Human-QA1,Reject,,False
QI-2557,EVT-14493,XX0753,Human-QA1,None,,False
QI-2558,EVT-14866,XX0716,Cam-1,OK,,False
QI-2559,EVT-14766,XX2442,Human-QA2,None,,False
QI-2560,EVT-10427,XX3430,Human-QA2,None,,False
QI-2561,EVT-13088,XX0475,Human-QA2,None,,False
QI-2562,EVT-14176,XX2822,Cam-1,None,,False
QI-2563,EVT-12231,XX1652,Human-QA1,None,,False
QI-2564,EVT-10708,XX2118,Cam-2,None,,False
QI-2565,EVT-13663,XX4799,Human-QA2,None,,False
QI-2566,EVT-11981,XX3761,Cam-1,None,,False
QI-2567,EVT-11388,XX2088,Cam-1,None,,False
QI-2568,EVT-10202,XX2902,Cam-2,None,,False
QI-2569,EVT-13302,XX3101,Human-QA1,None,,False
QI-2570,EVT-14694,XX3593,Human-QA1,na,,False
QI-2571,EVT-14101,XX4373,Cam-1,None,,False
QI-2572,EVT-12404,XX3656,Cam-2,None,,False
QI-2573,EVT-13520,XX0183,Human-QA1,None,,False
QI-2574,EVT-13217,XX1623,Cam-2,Repair,,False
QI-2575,EVT-12102,XX0084,Cam-2,None,,False
QI-2576,EVT-10146,XX0086,Cam-1,Repair,,False
QI-2577,EVT-14681,XX1743,Cam-2,None,,False
QI-2578,EVT-10979,XX1311,Cam-2,OK,,False
QI-2579,EVT-10735,XX0941,Cam-2,na,,False
QI-2580,EVT-10694,XX1037,Human-QA2,None,,False
QI-2581,EVT-10853,XX1401,Cam-2,None,,False
QI-2582,EVT-10247,XX3481,Cam-2,Repair,,False
QI-2583,EVT-12179,XX4821,Cam-1,Reject,,False
QI-2584,EVT-14537,XX3012,Human-QA1,None,,False
QI-2585,EVT-12303,XX4714,Human-QA1,na,,False
QI-2586,EVT-11409,XX3904,Cam-2,OK,,False
QI-2587,EVT-12552,XX0725,Cam-1,None,,False
QI-2588,EVT-13771,XX0188,Cam-1,None,,False
QI-2589,EVT-12463,XX4831,Cam-2,None,,True
QI-2590,EVT-13737,XX2773,Cam-2,None,,False
QI-2591,EVT-10985,XX4613,Human-QA1,None,,False
QI-2592,EVT-14054,XX2581,Human-QA1,na,,False
QI-2593,EVT-13134,XX3701,Human-QA1,na,,False
QI-2594,EVT-14000,XX2940,Cam-2,None,S-02,False
QI-2595,EVT-11932,XX1139,Human-QA1,None,,False
QI-2596,EVT-11420,XX0204,Cam-1,OK,,False
QI-2597,EVT-14896,XX3381,Human-QA2,Reject,,False
QI-2598,EVT-10122,XX1346,Human-QA2,None,,False
QI-2599,EVT-12317,XX0361,Human-QA2,None,,False
QI-2600,EVT-10685,XX1144,Cam-1,na,S-02,False
QI-2601,EVT-11661,XX0214,Human-QA2,None,,False
QI-2602,EVT-11920,XX1849,Cam-2,None,,False
QI-2603,EVT-12875,XX3383,Cam-2,OK,,False
QI-2604,EVT-13632,XX0642,Human-QA2,None,,False
QI-2605,EVT-14431,XX0606,Human-QA2,na,,False
QI-2606,EVT-14956,XX0366,Human-QA1,na,,False
QI-2607,EVT-13900,XX1229,Cam-1,None,,False
QI-2608,EVT-12163,XX0899,Human-QA1,None,,False
QI-2609,EVT-12838,XX4283,Cam-1,None,,False
QI-2610,EVT-13460,XX2772,Human-QA1,None,,False
QI-2611,EVT-11919,XX3065,Cam-2,None,,False
QI-2612,EVT-12097,XX2751,Cam-1,Repair,,False
QI-2613,EVT-11171,XX0090,Human-QA2,OK,,False
QI-2614,EVT-10554,XX0989,Cam-1,None,,False
QI-2615,EVT-13207,XX2441,Cam-1,na,,False
QI-2616,EVT-13289,XX3212,Human-QA1,na,,False
QI-2617,EVT-14008,XX0293,Human-QA2,na,,False
QI-2618,EVT-14601,XX1490,Human-QA1,Reject,,False
QI-2619,EVT-11816,XX4727,Human-QA2,None,,False
QI-2620,EVT-11877,XX3170,Human-QA1,None,S-01,False
QI-2621,EVT-10188,XX4266,Human-QA2,None,S-02,False
QI-2622,EVT-11440,XX1450,Cam-1,OK,,False
QI-2623,EVT-11220,XX4986,Cam-2,None,,False
QI-2624,EVT-12597,XX1091,Human-QA2,na,,False
QI-2625,EVT-12868,XX3630,Human-QA1,na,,False
QI-2626,EVT-12061,XX2616,Cam-1,None,,False
QI-2627,EVT-12907,XX0151,Human-QA1,OK,,False
QI-2628,EVT-11715,XX0984,Cam-1,Repair,,False
QI-2629,EVT-13535,XX1820,Cam-1,None,,False
QI-2630,EVT-10611,XX0977,Human-QA2,None,,False
QI-2631,EVT-12509,XX0189,Human-QA1,None,,False
QI-2632,EVT-12925,XX2779,Cam-1,na,S-02,False
QI-2633,EVT-10283,XX3757,Human-QA1,na,,False
QI-2634,EVT-12670,XX2572,Cam-1,None,,False
QI-2635,EVT-14094,XX1187,Human-QA2,None,,False
QI-2636,EVT-11627,XX3902,Cam-2,None,,False
QI-2637,EVT-11611,XX3440,Cam-2,None,,False
QI-2638,EVT-10716,XX2565,Cam-2,None,S-03,False
QI-2639,EVT-14629,XX4811,Cam-2,None,,False
QI-2640,EVT-10681,XX1348,Human-QA2,None,,False
QI-2641,EVT-13439,XX3408,Human-QA2,None,,False
QI-2642,EVT-14256,XX2626,Human-QA2,OK,,False
QI-2643,EVT-14269,XX3753,Human-QA1,None,,False
QI-2644,EVT-11522,XX0667,Cam-1,Reject,,False
QI-2645,EVT-11359,XX4684,Cam-1,None,,False
QI-2646,EVT-12073,XX0773,Cam-2,None,,False
QI-2647,EVT-11789,XX3205,Cam-2,Repair,,False
QI-2648,EVT-13575,XX4950,Cam-1,Reject,,False
QI-2649,EVT-13370,XX1165,Cam-1,None,,False
QI-2650,EVT-12484,XX4954,Cam-1,None,,False
QI-2651,EVT-11818,XX4595,Human-QA2,None,,False
QI-2652,EVT-12058,XX0649,Human-QA2,None,,False
QI-2653,EVT-12666,XX2224,Human-QA2,Repair,,False
QI-2654,EVT-11433,XX4896,Cam-2,None,,False
QI-2655,EVT-13405,XX4947,Human-QA2,None,,False
QI-2656,EVT-13384,XX1060,Cam-1,None,,False
QI-2657,EVT-13072,XX0988,Cam-2,Repair,,False
QI-2658,EVT-10522,XX2191,Cam-2,None,,False
QI-2659,EVT-11693,XX4745,Human-QA2,None,,False
QI-2660,EVT-14183,XX4624,Cam-2,None,,False
QI-2661,EVT-12289,XX1786,Cam-1,None,,False
QI-2662,EVT-11155,XX1528,Cam-2,None,,False
QI-2663,EVT-10597,XX4680,Human-QA1,na,,False
QI-2664,EVT-11645,XX4320,Cam-1,None,,False
QI-2665,EVT-12158,XX1902,Cam-1,Repair,,True
QI-2666,EVT-12336,XX2404,Human-QA2,na,,False
QI-2667,EVT-11857,XX2986,Cam-1,None,,False
QI-2668,EVT-11714,XX1851,Cam-1,None,S-01,False
QI-2669,EVT-13738,XX1008,Cam-2,OK,,True
QI-2670,EVT-14896,XX0546,Human-QA1,None,,False
QI-2671,EVT-12784,XX0525,Cam-2,na,,False
QI-2672,EVT-13176,XX4011,Human-QA1,None,,False
QI-2673,EVT-10202,XX1738,Cam-1,None,,False
QI-2674,EVT-12898,XX1081,Cam-2,None,S-02,False
QI-2675,EVT-13572,XX2022,Cam-2,na,,False
QI-2676,EVT-11264,XX1339,Human-QA2,Reject,,False
QI-2677,EVT-12459,XX2159,Cam-2,OK,,False
QI-2678,EVT-11237,XX3188,Human-QA1,na,,False
QI-2679,EVT-11554,XX1331,Human-QA1,na,,False
QI-2680,EVT-13742,XX0771,Cam-1,None,,False
QI-2681,EVT-10052,XX1742,Human-QA2,OK,S-01,False
QI-2682,EVT-13582,XX4406,Human-QA2,OK,,False
QI-2683,EVT-13159,XX4190,Cam-2,None,,False
QI-2684,EVT-10671,XX4113,Cam-1,None,,False
QI-2685,EVT-14104,XX1359,Human-QA1,na,,False
QI-2686,EVT-10690,XX3134,Human-QA2,None,,False
QI-2687,EVT-10082,XX2797,Cam-1,None,,False
QI-2688,EVT-14320,XX1597,Cam-2,None,,False
QI-2689,EVT-13568,XX1981,Human-QA2,None,,False
QI-2690,EVT-12477,XX0556,Cam-2,None,S-01,False
QI-2691,EVT-11451,XX3965,Human-QA1,None,,False
QI-2692,EVT-12020,XX3572,Human-QA1,None,,False
QI-2693,EVT-12125,XX3060,Cam-1,None,,False
QI-2694,EVT-11175,XX4355,Cam-2,None,S-03,False
QI-2695,EVT-11079,XX2761,Cam-1,OK,,False
QI-2696,EVT-12404,XX0835,Human-QA1,na,,False
QI-2697,EVT-11282,XX1648,Human-QA2,None,,False
QI-2698,EVT-10534,XX3060,Human-QA1,None,,False
QI-2699,EVT-13848,XX0867,Cam-1,na,,False
QI-2700,EVT-14666,XX0904,Cam-2,OK,,False
QI-2701,EVT-14673,XX2458,Human-QA1,None,,False
QI-2702,EVT-12453,XX4984,Cam-1,na,,False
QI-2703,EVT-12162,XX0143,Cam-2,Repair,,False
QI-2704,EVT-11826,XX3724,Cam-1,None,,False
QI-2705,EVT-13998,XX2787,Human-QA1,None,,True
QI-2706,EVT-13692,XX3391,Cam-2,Repair,S-01,False
QI-2707,EVT-11839,XX2696,Human-QA1,None,,False
QI-2708,EVT-14059,XX2760,Human-QA1,None,,False
QI-2709,EVT-10330,XX3350,Human-QA1,OK,,False
QI-2710,EVT-12772,XX3890,Human-QA1,None,,False
QI-2711,EVT-11527,XX3734,Human-QA1,None,,False
QI-2712,EVT-14183,XX1722,Cam-1,None,,False
QI-2713,EVT-10573,XX3154,Human-QA2,None,,False
QI-2714,EVT-13695,XX4115,Human-QA2,None,,False
QI-2715,EVT-10523,XX4741,Human-QA1,None,,False
QI-2716,EVT-11171,XX2832,Human-QA1,None,,False
QI-2717,EVT-12553,XX1705,Human-QA1,None,S-01,False
QI-2718,EVT-14179,XX0458,Cam-2,None,,False
QI-2719,EVT-11421,XX1277,Human-QA1,None,,False
QI-2720,EVT-12231,XX4775,Cam-2,OK,,False
QI-2721,EVT-12216,XX3316,Cam-1,Reject,,False
QI-2722,EVT-12155,XX1609,Human-QA2,Reject,,False
QI-2723,EVT-10851,XX3895,Human-QA1,None,,False
QI-2724,EVT-11179,XX1097,Human-QA2,None,,False
QI-2725,EVT-13595,XX0627,Cam-1,None,,False
QI-2726,EVT-14367,XX1291,Human-QA2,None,,False
QI-2727,EVT-11859,XX4718,Cam-1,None,,False
QI-2728,EVT-10001,XX4824,Human-QA1,na,,False
QI-2729,EVT-10737,XX3412,Cam-1,None,,False
QI-2730,EVT-12812,XX2145,Human-QA1,None,,False
QI-2731,EVT-12792,XX0900,Human-QA2,OK,,False
QI-2732,EVT-12818,XX0698,Cam-1,None,,False
QI-2733,EVT-14894,XX2931,Cam-2,None,,False
QI-2734,EVT-12163,XX4056,Cam-2,na,,False
QI-2735,EVT-13076,XX4192,Cam-2,OK,,False
QI-2736,EVT-14161,XX3618,Human-QA1,None,S-03,False
QI-2737,EVT-10526,XX3441,Cam-1,None,S-01,False
QI-2738,EVT-10448,XX3417,Cam-2,None,,False
QI-2739,EVT-13220,XX3051,Human-QA1,None,,False
QI-2740,EVT-14161,XX2490,Cam-2,None,S-01,False
QI-2741,EVT-11851,XX0793,Human-QA2,None,,False
QI-2742,EVT-10119,XX2076,Human-QA2,None,,False
QI-2743,EVT-14484,XX3544,Human-QA2,None,,False
QI-2744,EVT-14382,XX0923,Cam-2,None,,True
QI-2745,EVT-12847,XX1482,Human-QA1,OK,,False
QI-2746,EVT-11790,XX0742,Cam-2,Repair,,False
QI-2747,EVT-14513,XX5000,Human-QA1,None,S-01,False
QI-2748,EVT-13017,XX2034,Cam-2,Repair,,False
QI-2749,EVT-10350,XX1446,Human-QA1,OK,,False
QI-2750,EVT-12202,XX0375,Cam-2,None,,False
QI-2751,EVT-13332,XX2910,Cam-1,None,,False
QI-2752,EVT-11552,XX0624,Cam-1,None,,False
QI-2753,EVT-12250,XX1049,Human-QA1,None,,False
QI-2754,EVT-13237,XX0606,Human-QA2,Reject,,False
QI-2755,EVT-13509,XX2114,Human-QA2,None,,True
QI-2756,EVT-10047,XX2577,Human-QA2,None,,False
QI-2757,EVT-12276,XX0278,Human-QA1,None,,False
QI-2758,EVT-13796,XX2058,Cam-1,None,,True
QI-2759,EVT-14024,XX1165,Human-QA1,na,,False
QI-2760,EVT-13184,XX3882,Cam-2,None,,False
QI-2761,EVT-11892,XX4124,Cam-2,na,,False
QI-2762,EVT-10897,XX3172,Cam-2,None,,False
QI-2763,EVT-11738,XX2768,Cam-2,na,,False
QI-2764,EVT-10968,XX4945,Cam-2,Reject,,False
QI-2765,EVT-13002,XX0261,Cam-2,Repair,,False
QI-2766,EVT-13160,XX4134,Human-QA2,None,,False
QI-2767,EVT-14741,XX3566,Human-QA2,Reject,,False
QI-2768,EVT-14106,XX3819,Cam-2,None,S-02,False
QI-2769,EVT-13098,XX4563,Human-QA1,None,,False
QI-2770,EVT-12503,XX2795,Cam-1,None,,False
QI-2771,EVT-11470,XX1204,Cam-2,OK,S-01,False
QI-2772,EVT-13499,XX2013,Cam-2,None,S-01,False
QI-2773,EVT-13752,XX1811,Human-QA1,Reject,,False
QI-2774,EVT-13630,XX3609,Human-QA2,None,,False
QI-2775,EVT-12638,XX0304,Human-QA1,None,,False
QI-2776,EVT-12561,XX1097,Cam-1,None,S-01,False
QI-2777,EVT-14494,XX4029,Cam-1,None,S-01,False
QI-2778,EVT-13603,XX3619,Human-QA1,None,,False
QI-2779,EVT-10386,XX1167,Cam-2,None,S-01,False
QI-2780,EVT-13673,XX4310,Human-QA2,None,,False
QI-2781,EVT-10137,XX2353,Cam-2,Reject,,True
QI-2782,EVT-13751,XX0345,Cam-2,None,,False
QI-2783,EVT-12700,XX0744,Cam-2,None,,False
QI-2784,EVT-14577,XX1622,Cam-2,None,,False
QI-2785,EVT-10299,XX2542,Human-QA2,None,S-01,False
QI-2786,EVT-10031,XX1923,Human-QA1,na,,False
QI-2787,EVT-12504,XX1149,Cam-1,Repair,,False
QI-2788,EVT-10541,XX2889,Cam-1,None,,False
QI-2789,EVT-13456,XX3951,Human-QA2,None,,False
QI-2790,EVT-13403,XX0657,Human-QA1,None,,False
QI-2791,EVT-12091,XX4713,Human-QA2,None,,False
QI-2792,EVT-10546,XX0776,Cam-2,None,,False
QI-2793,EVT-10983,XX1670,Human-QA2,None,,False
QI-2794,EVT-14140,XX2008,Human-QA1,None,,False
QI-2795,EVT-10379,XX4598,Cam-1,na,,True
QI-2796,EVT-10496,XX1660,Human-QA2,na,,False
QI-2797,EVT-11915,XX0607,Cam-1,None,,False
QI-2798,EVT-12185,XX3704,Cam-1,None,,False
QI-2799,EVT-14503,XX0430,Cam-1,na,,False
QI-2800,EVT-10184,XX3373,Human-QA1,None,,False
QI-2801,EVT-10488,XX1005,Cam-2,na,,False
QI-2802,EVT-12065,XX1613,Cam-2,None,,False
QI-2803,EVT-11720,XX4190,Human-QA1,None,S-01,False
QI-2804,EVT-10170,XX2363,Cam-2,None,,False
QI-2805,EVT-10399,XX2201,Cam-2,Repair,,False
QI-2806,EVT-13592,XX2188,Cam-2,Reject,,False
QI-2807,EVT-13652,XX1621,Human-QA2,None,,False
QI-2808,EVT-10238,XX4312,Cam-2,None,,False
QI-2809,EVT-11340,XX2842,Human-QA2,None,,False
QI-2810,EVT-14415,XX4466,Cam-1,None,,False
QI-2811,EVT-13621,XX0972,Human-QA2,Repair,,False
QI-2812,EVT-12569,XX2289,Cam-2,None,,False
QI-2813,EVT-12575,XX1559,Human-QA1,Reject,,True
QI-2814,EVT-11348,XX2369,Cam-1,na,,False
QI-2815,EVT-14854,XX2093,Cam-1,None,,False
QI-2816,EVT-12089,XX4710,Human-QA2,Repair,,False
QI-2817,EVT-10233,XX0284,Human-QA1,None,,False
QI-2818,EVT-10555,XX2035,Cam-2,None,,False
QI-2819,EVT-12484,XX3656,Human-QA2,None,,False
QI-2820,EVT-11954,XX3625,Human-QA2,OK,,False
QI-2821,EVT-14771,XX1815,Cam-1,None,,False
QI-2822,EVT-13733,XX0672,Human-QA2,na,,False
QI-2823,EVT-13275,XX2135,Human-QA1,Repair,,False
QI-2824,EVT-10003,XX1483,Human-QA2,None,,True
QI-2825,EVT-10802,XX2347,Human-QA2,None,,False
QI-2826,EVT-14946,XX0014,Human-QA1,None,,False
QI-2827,EVT-10996,XX0756,Human-QA2,OK,,False
QI-2828,EVT-10845,XX0169,Cam-2,None,,False
QI-2829,EVT-11319,XX2280,Human-QA2,None,,False
QI-2830,EVT-14117,XX1135,Cam-2,na,,False
QI-2831,EVT-11710,XX2662,Human-QA1,None,,False
QI-2832,EVT-10241,XX4825,Cam-2,None,,False
QI-2833,EVT-12890,XX0240,Human-QA1,None,,False
QI-2834,EVT-12625,XX2288,Cam-2,Repair,,False
QI-2835,EVT-13498,XX4366,Cam-2,None,,False
QI-2836,EVT-10452,XX2588,Human-QA1,None,S-01,False
QI-2837,EVT-11629,XX1310,Human-QA1,None,,False
QI-2838,EVT-12260,XX0443,Cam-2,None,,False
QI-2839,EVT-13312,XX0725,Human-QA1,None,,False
QI-2840,EVT-14717,XX0908,Cam-1,OK,,False
QI-2841,EVT-10558,XX1527,Human-QA2,None,,False
QI-2842,EVT-14967,XX2418,Cam-2,OK,S-01,False
QI-2843,EVT-12715,XX1144,Cam-1,OK,S-01,False
QI-2844,EVT-11068,XX0075,Cam-1,na,,False
QI-2845,EVT-12754,XX2471,Cam-1,None,,False
QI-2846,EVT-11260,XX0070,Human-QA1,OK,S-01,False
QI-2847,EVT-12770,XX4841,Human-QA2,None,,False
QI-2848,EVT-14602,XX4066,Cam-2,None,,False
QI-2849,EVT-10449,XX0132,Human-QA2,None,,False
QI-2850,EVT-13639,XX1122,Cam-2,None,,False
QI-2851,EVT-11913,XX4198,Human-QA2,None,,False
QI-2852,EVT-12797,XX1191,Human-QA2,OK,S-01,False
QI-2853,EVT-14633,XX1129,Cam-1,None,,False
QI-2854,EVT-12545,XX0598,Human-QA1,None,,False
QI-2855,EVT-13254,XX1573,Cam-2,None,,False
QI-2856,EVT-14811,XX0672,Cam-2,None,,False
QI-2857,EVT-14495,XX4731,Cam-2,na,,False
QI-2858,EVT-13461,XX3716,Cam-1,None,,False
QI-2859,EVT-11459,XX3338,Cam-1,None,,False
QI-2860,EVT-10920,XX3867,Cam-1,None,,False
QI-2861,EVT-13218,XX2900,Cam-1,None,,False
QI-2862,EVT-10456,XX2309,Cam-1,None,S-01,False
QI-2863,EVT-11884,XX2464,Human-QA2,None,,False
QI-2864,EVT-10644,XX3991,Cam-2,na,,False
QI-2865,EVT-12329,XX3533,Human-QA2,Reject,,True
QI-2866,EVT-14509,XX2749,Cam-1,None,,False
QI-2867,EVT-12210,XX2591,Human-QA1,None,,False
QI-2868,EVT-14938,XX3031,Cam-1,None,,False
QI-2869,EVT-14256,XX3382,Cam-1,None,,False
QI-2870,EVT-14350,XX1712,Cam-1,None,,False
QI-2871,EVT-11093,XX4145,Cam-2,None,,False
QI-2872,EVT-12459,XX4540,Cam-2,None,,False
QI-2873,EVT-12761,XX0172,Human-QA1,Reject,,False
QI-2874,EVT-12042,XX3038,Cam-2,None,,False
QI-2875,EVT-10035,XX3402,Cam-1,None,,False
QI-2876,EVT-10469,XX4102,Human-QA1,None,,False
QI-2877,EVT-10308,XX1228,Human-QA1,None,,False
QI-2878,EVT-13268,XX2417,Human-QA1,Reject,,False
QI-2879,EVT-10480,XX0722,Cam-1,None,S-03,False
QI-2880,EVT-10788,XX3620,Cam-2,None,,False
QI-2881,EVT-10290,XX0931,Human-QA2,None,,False
QI-2882,EVT-10429,XX2329,Cam-2,None,,False
QI-2883,EVT-10597,XX1079,Human-QA2,None,,False
QI-2884,EVT-14527,XX3385,Cam-1,None,,False
QI-2885,EVT-11557,XX2966,Cam-2,None,,False
QI-2886,EVT-14600,XX3550,Cam-1,na,,False
QI-2887,EVT-10672,XX2476,Cam-1,None,S-03,False
QI-2888,EVT-12854,XX1536,Human-QA1,None,,False
QI-2889,EVT-11578,XX0413,Cam-2,None,,False
QI-2890,EVT-11432,XX0839,Human-QA1,na,,False
QI-2891,EVT-10040,XX3688,Cam-2,na,,False
QI-2892,EVT-14479,XX1027,Cam-1,None,,False
QI-2893,EVT-12933,XX3669,Human-QA1,na,,False
QI-2894,EVT-11314,XX4781,Cam-1,OK,,False
QI-2895,EVT-11815,XX2836,Human-QA2,na,,False
QI-2896,EVT-14278,XX0060,Cam-1,OK,,False
QI-2897,EVT-11895,XX0590,Human-QA2,None,,False
QI-2898,EVT-11063,XX2578,Human-QA2,OK,S-01,False
QI-2899,EVT-13296,XX3169,Human-QA1,OK,,False
QI-2900,EVT-10137,XX2035,Human-QA1,None,,False
QI-2901,EVT-10334,XX4069,Cam-2,OK,,False
QI-2902,EVT-14233,XX0777,Cam-2,None,,False
QI-2903,EVT-14583,XX0148,Human-QA1,na,,False
QI-2904,EVT-14671,XX0047,Cam-2,None,,False
QI-2905,EVT-12676,XX1268,Cam-1,None,,False
QI-2906,EVT-11633,XX1502,Cam-1,na,,False
QI-2907,EVT-14993,XX1619,Cam-1,None,,True
QI-2908,EVT-11533,XX1665,Cam-1,None,S-01,False
QI-2909,EVT-11108,XX4041,Cam-1,None,,False
QI-2910,EVT-11586,XX3004,Human-QA2,OK,,False
QI-2911,EVT-13861,XX2023,Cam-1,None,,False
QI-2912,EVT-14954,XX0210,Cam-2,na,,False
QI-2913,EVT-11112,XX4283,Human-QA1,na,,False
QI-2914,EVT-11112,XX1188,Human-QA1,None,,False
QI-2915,EVT-12266,XX3054,Cam-2,None,,False
QI-2916,EVT-12889,XX0035,Cam-2,None,,False
QI-2917,EVT-10349,XX2044,Cam-2,None,S-02,False
QI-2918,EVT-13962,XX1277,Human-QA1,None,,False
QI-2919,EVT-11923,XX4571,Cam-2,None,,False
QI-2920,EVT-14500,XX4855,Cam-2,OK,,False
QI-2921,EVT-10042,XX4566,Human-QA2,na,,False
QI-2922,EVT-13545,XX2955,Human-QA2,None,,False
QI-2923,EVT-12305,XX0264,Human-QA2,None,,False
QI-2924,EVT-10851,XX1129,Human-QA1,None,,False
QI-2925,EVT-13392,XX3292,Cam-2,Repair,,False
QI-2926,EVT-11286,XX4863,Cam-1,None,,False
QI-2927,EVT-12482,XX0407,Human-QA1,None,,True
QI-2928,EVT-13779,XX2694,Human-QA2,None,,False
QI-2929,EVT-14625,XX1230,Human-QA2,None,,False
QI-2930,EVT-13368,XX2112,Human-QA1,None,S-02,False
QI-2931,EVT-13690,XX3017,Human-QA1,None,,False
QI-2932,EVT-12116,XX0872,Cam-2,None,,False
QI-2933,EVT-11048,XX4134,Human-QA1,None,,False
QI-2934,EVT-12615,XX4856,Cam-1,None,,False
QI-2935,EVT-10512,XX4761,Cam-1,None,S-01,False
QI-2936,EVT-10182,XX4318,Human-QA1,Reject,,False
QI-2937,EVT-12101,XX4866,Cam-1,None,S-01,False
QI-2938,EVT-11104,XX0473,Cam-2,None,,False
QI-2939,EVT-10159,XX3578,Human-QA1,None,,False
QI-2940,EVT-13457,XX4675,Cam-1,None,,False
QI-2941,EVT-10737,XX3833,Human-QA2,None,,False
QI-2942,EVT-12311,XX4331,Cam-2,None,,False
QI-2943,EVT-12668,XX2142,Human-QA1,None,,False
QI-2944,EVT-13053,XX2909,Human-QA1,None,,False
QI-2945,EVT-13380,XX2887,Human-QA1,Reject,,False
QI-2946,EVT-13115,XX4745,Human-QA2,None,,True
QI-2947,EVT-10200,XX4112,Cam-1,None,,False
QI-2948,EVT-11307,XX1399,Human-QA1,None,,False
QI-2949,EVT-12194,XX0364,Cam-1,None,,False
QI-2950,EVT-13475,XX0744,Cam-2,None,,False
QI-2951,EVT-14806,XX3470,Human-QA2,None,,False
QI-2952,EVT-14089,XX2458,Human-QA2,None,,False
QI-2953,EVT-11769,XX3685,Cam-2,None,,False
QI-2954,EVT-13255,XX2234,Cam-2,Reject,,False
QI-2955,EVT-12594,XX4042,Human-QA1,na,,False
QI-2956,EVT-11938,XX0470,Cam-2,None,,False
QI-2957,EVT-11232,XX0312,Human-QA2,None,S-02,False
QI-2958,EVT-14967,XX2848,Cam-1,OK,,False
QI-2959,EVT-10574,XX3150,Cam-1,OK,S-02,False
QI-2960,EVT-10081,XX4631,Cam-1,None,,False
QI-2961,EVT-10262,XX2170,Cam-1,None,S-03,True
QI-2962,EVT-13838,XX4324,Cam-1,na,,False
QI-2963,EVT-12970,XX0989,Cam-1,OK,,False
QI-2964,EVT-10285,XX1432,Human-QA2,None,S-02,False
QI-2965,EVT-10022,XX4111,Cam-2,None,,False
QI-2966,EVT-13667,XX0214,Human-QA2,None,S-02,False
QI-2967,EVT-13990,XX4699,Human-QA1,None,,False
QI-2968,EVT-13545,XX4148,Cam-1,Reject,,False
QI-2969,EVT-14301,XX4153,Cam-2,na,,False
QI-2970,EVT-11455,XX1313,Cam-2,None,,False
QI-2971,EVT-10094,XX3221,Cam-1,None,,False
QI-2972,EVT-12522,XX2456,Cam-2,None,,False
QI-2973,EVT-10136,XX4628,Cam-1,OK,,True
QI-2974,EVT-12037,XX3441,Human-QA1,OK,,False
QI-2975,EVT-12249,XX2405,Cam-1,None,,False
QI-2976,EVT-13670,XX0700,Human-QA1,OK,,False
QI-2977,EVT-14169,XX1567,Cam-2,None,,False
QI-2978,EVT-11345,XX4770,Human-QA2,OK,,False
QI-2979,EVT-14644,XX1310,Cam-2,None,,False
QI-2980,EVT-12684,XX4613,Human-QA2,None,,False
QI-2981,EVT-10999,XX0681,Cam-1,None,,False
QI-2982,EVT-13237,XX1709,Cam-2,None,,False
QI-2983,EVT-11024,XX4823,Cam-2,None,,False
QI-2984,EVT-14386,XX3901,Human-QA1,Repair,,False
QI-2985,EVT-14166,XX2165,Cam-1,None,,False
QI-2986,EVT-14203,XX4365,Human-QA2,None,S-02,False
QI-2987,EVT-12645,XX1788,Cam-1,None,,False
QI-2988,EVT-13096,XX0718,Human-QA1,None,,False
QI-2989,EVT-11833,XX0721,Human-QA1,None,,False
QI-2990,EVT-12250,XX3235,Human-QA1,None,,False
QI-2991,EVT-13634,XX3858,Cam-1,Reject,,False
QI-2992,EVT-11498,XX2188,Human-QA1,na,S-02,False
QI-2993,EVT-10568,XX3959,Cam-1,None,,False
QI-2994,EVT-14259,XX3753,Human-QA1,None,,False
QI-2995,EVT-11292,XX4240,Cam-2,OK,S-01,False
QI-2996,EVT-14275,XX2270,Human-QA2,None,,False
QI-2997,EVT-12645,XX0781,Cam-1,Reject,,False
QI-2998,EVT-10471,XX4988,Human-QA2,Repair,S-01,False
QI-2999,EVT-13621,XX0630,Cam-1,None,,False
QI-3000,EVT-10531,XX4531,Cam-1,None,,False
QI-3001,EVT-11989,XX3922,Cam-2,None,,False
QI-3002,EVT-10608,XX3078,Cam-2,None,,False
QI-3003,EVT-11082,XX3313,Cam-1,None,,False
QI-3004,EVT-10974,XX3127,Human-QA1,None,,False
QI-3005,EVT-10974,XX2431,Cam-1,Repair,,False
QI-3006,EVT-14319,XX3542,Cam-1,na,,False
QI-3007,EVT-13981,XX3143,Cam-2,None,,False
QI-3008,EVT-14284,XX1630,Cam-2,None,,False
QI-3009,EVT-14154,XX1474,Human-QA2,None,,False
QI-3010,EVT-11507,XX0480,Human-QA2,Reject,,True
QI-3011,EVT-14920,XX2070,Human-QA1,Repair,,False
QI-3012,EVT-14501,XX0561,Human-QA2,None,,False
QI-3013,EVT-10613,XX2696,Human-QA2,None,,False
QI-3014,EVT-13543,XX2660,Human-QA2,OK,,False
QI-3015,EVT-10383,XX2760,Human-QA1,None,,False
QI-3016,EVT-10411,XX2004,Cam-1,None,,False
QI-3017,EVT-13376,XX4217,Cam-1,None,,False
QI-3018,EVT-12775,XX2787,Human-QA1,None,,True
QI-3019,EVT-12283,XX3993,Cam-1,None,S-01,False
QI-3020,EVT-10662,XX1462,Human-QA2,None,,True
QI-3021,EVT-14141,XX4847,Human-QA2,Repair,,False
QI-3022,EVT-14035,XX4885,Human-QA2,None,,False
QI-3023,EVT-10221,XX0895,Human-QA2,None,,False
QI-3024,EVT-10751,XX1007,Cam-1,None,,False
QI-3025,EVT-13166,XX4283,Human-QA1,Repair,,False
QI-3026,EVT-14913,XX0518,Human-QA1,Reject,S-02,False
QI-3027,EVT-13154,XX1001,Human-QA1,na,,False
QI-3028,EVT-11268,XX3748,Cam-2,None,,False
QI-3029,EVT-14105,XX0640,Human-QA1,OK,,True
QI-3030,EVT-12136,XX0730,Cam-2,None,,False
QI-3031,EVT-12373,XX4749,Human-QA1,None,,False
QI-3032,EVT-12333,XX0433,Human-QA2,None,,False
QI-3033,EVT-10214,XX3938,Human-QA1,None,,False
QI-3034,EVT-10995,XX2811,Cam-2,None,S-03,False
QI-3035,EVT-11871,XX2938,Human-QA2,None,,False
QI-3036,EVT-13210,XX4197,Cam-2,None,,False
QI-3037,EVT-13450,XX1122,Cam-1,na,,False
QI-3038,EVT-11664,XX4944,Cam-1,None,,True
QI-3039,EVT-10981,XX2327,Cam-1,None,S-01,False
QI-3040,EVT-10401,XX1879,Human-QA2,Repair,,False
QI-3041,EVT-10611,XX3417,Human-QA2,None,,False
QI-3042,EVT-14924,XX2943,Cam-2,None,,False
QI-3043,EVT-10905,XX1615,Human-QA2,None,S-03,False
QI-3044,EVT-14452,XX4526,Human-QA1,None,,False
QI-3045,EVT-11905,XX1063,Cam-2,None,,False
QI-3046,EVT-14360,XX2473,Human-QA1,Repair,,False
QI-3047,EVT-14095,XX4525,Human-QA2,None,,False
QI-3048,EVT-11106,XX4551,Human-QA1,na,,False
QI-3049,EVT-10227,XX0519,Human-QA2,None,,False
QI-3050,EVT-11988,XX3425,Human-QA2,Repair,,False
QI-3051,EVT-12178,XX0210,Human-QA1,None,,False
QI-3052,EVT-14007,XX4687,Cam-1,None,,False
QI-3053,EVT-14640,XX4990,Human-QA2,None,,False
QI-3054,EVT-10243,XX0867,Cam-2,None,,True
QI-3055,EVT-11249,XX3941,Cam-2,None,,False
QI-3056,EVT-10443,XX0176,Cam-1,None,,False
QI-3057,EVT-10614,XX4857,Human-QA1,None,,False
QI-3058,EVT-13780,XX3530,Cam-1,None,,False
QI-3059,EVT-10824,XX0217,Human-QA1,None,,False
QI-3060,EVT-13532,XX2911,Cam-1,Reject,,False
QI-3061,EVT-10935,XX0604,Human-QA2,Reject,,False
QI-3062,EVT-11744,XX1743,Cam-2,None,,False
QI-3063,EVT-14477,XX3304,Cam-1,OK,,False
QI-3064,EVT-12686,XX0820,Cam-2,None,,False
QI-3065,EVT-10521,XX1062,Human-QA1,Repair,,False
QI-3066,EVT-14937,XX2472,Cam-1,None,,False
QI-3067,EVT-11876,XX3471,Cam-1,None,,False
QI-3068,EVT-14032,XX3013,Cam-1,Reject,,False
QI-3069,EVT-12205,XX2956,Cam-1,Repair,,False
QI-3070,EVT-10546,XX2627,Cam-2,Reject,,False
QI-3071,EVT-12553,XX0185,Human-QA2,None,,False
QI-3072,EVT-12868,XX3449,Cam-2,None,,False
QI-3073,EVT-10166,XX0602,Human-QA2,None,,False
QI-3074,EVT-12069,XX1310,Cam-1,na,,False
QI-3075,EVT-14943,XX1372,Human-QA2,None,,False
QI-3076,EVT-12935,XX2767,Cam-2,Repair,,False
QI-3077,EVT-10016,XX4626,Cam-1,na,,False
QI-3078,EVT-12706,XX1013,Cam-2,None,,True
QI-3079,EVT-12809,XX1855,Cam-2,OK,,False
QI-3080,EVT-14350,XX0007,Cam-2,None,,False
QI-3081,EVT-13259,XX0188,Human-QA2,None,S-02,False
QI-3082,EVT-10327,XX4046,Cam-1,OK,,False
QI-3083,EVT-13451,XX1624,Cam-1,None,,False
QI-3084,EVT-11997,XX1140,Cam-2,None,,False
QI-3085,EVT-10345,XX0063,Human-QA1,None,,False
QI-3086,EVT-12354,XX0441,Cam-2,None,S-01,False
QI-3087,EVT-14271,XX1368,Human-QA2,None,,False
QI-3088,EVT-10543,XX0587,Human-QA2,None,,False
QI-3089,EVT-12382,XX0379,Cam-1,None,,False
QI-3090,EVT-13450,XX1256,Human-QA1,na,,False
QI-3091,EVT-13705,XX2488,Human-QA2,None,,False
QI-3092,EVT-12748,XX2442,Cam-1,None,,False
QI-3093,EVT-11356,XX3947,Human-QA1,None,,False
QI-3094,EVT-11806,XX0737,Human-QA1,None,S-02,False
QI-3095,EVT-11366,XX3348,Cam-1,None,,False
QI-3096,EVT-12853,XX0874,Human-QA2,None,,False
QI-3097,EVT-10185,XX4800,Cam-2,None,,True
QI-3098,EVT-14205,XX3239,Human-QA2,None,,False
QI-3099,EVT-10766,XX0099,Human-QA2,OK,,False
QI-3100,EVT-10034,XX2460,Human-QA2,na,,False
QI-3101,EVT-13915,XX3300,Cam-1,None,,False
QI-3102,EVT-11645,XX0414,Cam-1,None,,False
QI-3103,EVT-13585,XX0314,Cam-2,OK,,False
QI-3104,EVT-10797,XX2374,Human-QA2,na,S-03,False
QI-3105,EVT-14105,XX1786,Human-QA2,None,,False
QI-3106,EVT-13656,XX1433,Cam-2,na,,False
QI-3107,EVT-11659,XX4519,Human-QA1,Reject,,False
QI-3108,EVT-10037,XX4326,Human-QA1,None,,False
QI-3109,EVT-11978,XX1595,Cam-2,None,,False
QI-3110,EVT-10886,XX4773,Human-QA2,None,,False
QI-3111,EVT-12729,XX3584,Cam-1,None,S-01,False
QI-3112,EVT-13454,XX4812,Human-QA2,None,,False
QI-3113,EVT-14674,XX0338,Cam-2,None,,False
QI-3114,EVT-13360,XX4342,Cam-2,None,,False
QI-3115,EVT-12663,XX0558,Cam-2,None,,False
QI-3116,EVT-14236,XX4300,Cam-1,None,,False
QI-3117,EVT-14298,XX1217,Human-QA2,na,,False
QI-3118,EVT-13475,XX3911,Cam-1,None,,False
QI-3119,EVT-12849,XX3431,Human-QA1,None,,False
QI-3120,EVT-13377,XX4770,Human-QA2,None,,True
QI-3121,EVT-12184,XX0736,Cam-2,None,,False
QI-3122,EVT-14870,XX3326,Human-QA2,None,,False
QI-3123,EVT-10000,XX2332,Cam-2,OK,,False
QI-3124,EVT-14713,XX2266,Cam-1,None,,False
QI-3125,EVT-10017,XX4669,Human-QA2,None,,False
QI-3126,EVT-12672,XX3624,Cam-2,None,,False
QI-3127,EVT-11139,XX0182,Cam-1,None,,False
QI-3128,EVT-14233,XX0208,Human-QA2,None,,False
QI-3129,EVT-12462,XX2471,Human-QA2,None,,False
QI-3130,EVT-13232,XX1194,Human-QA1,None,,False
QI-3131,EVT-12667,XX4235,Human-QA2,OK,S-02,False
QI-3132,EVT-10247,XX4350,Human-QA1,None,,True
QI-3133,EVT-10525,XX1190,Human-QA2,OK,,False
QI-3134,EVT-14320,XX4665,Human-QA1,Reject,,False
QI-3135,EVT-11144,XX1659,Cam-1,None,,False
QI-3136,EVT-14830,XX0426,Human-QA2,Reject,,False
QI-3137,EVT-14816,XX3578,Cam-1,None,,False
QI-3138,EVT-10462,XX1430,Human-QA2,None,,False
QI-3139,EVT-12963,XX4858,Human-QA2,na,,True
QI-3140,EVT-14116,XX0569,Human-QA2,None,,False
QI-3141,EVT-11978,XX2627,Human-QA2,None,,False
QI-3142,EVT-13400,XX0231,Human-QA2,Repair,,False
QI-3143,EVT-14543,XX0995,Human-QA2,None,,False
QI-3144,EVT-11963,XX1657,Cam-2,OK,,False
QI-3145,EVT-14350,XX4040,Human-QA2,None,,False
QI-3146,EVT-11185,XX0790,Human-QA1,None,,True
QI-3147,EVT-10302,XX2626,Human-QA2,None,,False
QI-3148,EVT-10776,XX1037,Cam-1,None,,False
QI-3149,EVT-13259,XX4439,Human-QA1,None,,False
QI-3150,EVT-10623,XX1613,Human-QA1,None,,False
QI-3151,EVT-13856,XX0339,Human-QA1,None,,False
QI-3152,EVT-11459,XX0586,Cam-2,OK,,False
QI-3153,EVT-13386,XX0422,Human-QA2,None,,False
QI-3154,EVT-14775,XX1314,Cam-1,None,,True
QI-3155,EVT-10479,XX1314,Cam-1,None,,False
QI-3156,EVT-14230,XX3843,Cam-1,None,,False
QI-3157,EVT-11061,XX1178,Cam-2,Repair,,False
QI-3158,EVT-10287,XX1739,Cam-2,Repair,,False
QI-3159,EVT-13639,XX1667,Cam-2,na,,False
QI-3160,EVT-11143,XX4224,Human-QA2,Reject,S-01,False
QI-3161,EVT-11423,XX4529,Cam-2,None,,False
QI-3162,EVT-10004,XX0515,Cam-1,None,,False
QI-3163,EVT-10657,XX3330,Cam-2,None,,False
QI-3164,EVT-13085,XX4598,Cam-1,na,,False
QI-3165,EVT-11739,XX0989,Human-QA1,None,,False
QI-3166,EVT-12516,XX4513,Cam-1,None,,False
QI-3167,EVT-14988,XX4196,Human-QA1,None,,False
QI-3168,EVT-12201,XX1418,Human-QA2,OK,,False
QI-3169,EVT-10678,XX4975,Cam-2,None,S-01,False
QI-3170,EVT-13457,XX2726,Human-QA2,None,,True
QI-3171,EVT-12744,XX2197,Human-QA2,None,,False
QI-3172,EVT-12353,XX2015,Human-QA2,na,,False
QI-3173,EVT-11648,XX0451,Human-QA1,None,,False
QI-3174,EVT-11679,XX0534,Cam-2,None,,False
QI-3175,EVT-10002,XX2916,Human-QA2,na,,False
QI-3176,EVT-13966,XX4819,Human-QA2,Repair,,False
QI-3177,EVT-12741,XX4960,Cam-1,None,,False
QI-3178,EVT-10853,XX1544,Cam-1,None,,False
QI-3179,EVT-10592,XX0819,Cam-2,Reject,S-01,False
QI-3180,EVT-13406,XX1690,Cam-1,None,,False
QI-3181,EVT-12952,XX2294,Human-QA1,OK,,False
QI-3182,EVT-11019,XX1473,Human-QA1,Reject,,False
QI-3183,EVT-14993,XX2202,Human-QA1,Reject,,False
QI-3184,EVT-11584,XX0246,Human-QA2,None,,False
QI-3185,EVT-14911,XX0815,Cam-2,None,S-02,False
QI-3186,EVT-12614,XX3115,Human-QA1,None,,False
QI-3187,EVT-11871,XX0393,Human-QA1,na,,True
QI-3188,EVT-11090,XX4259,Human-QA1,None,,False
QI-3189,EVT-10626,XX4562,Human-QA1,None,,False
QI-3190,EVT-14207,XX4608,Human-QA1,None,,False
QI-3191,EVT-14766,XX1171,Human-QA1,Reject,,False
QI-3192,EVT-13178,XX4944,Cam-2,None,,False
QI-3193,EVT-10025,XX3228,Human-QA1,Reject,,False
QI-3194,EVT-13048,XX2563,Cam-2,Repair,,False
QI-3195,EVT-10621,XX2194,Cam-2,None,,False
QI-3196,EVT-13485,XX3584,Cam-2,None,,False
QI-3197,EVT-10716,XX3341,Human-QA1,None,S-03,False
QI-3198,EVT-12660,XX2344,Human-QA1,None,,False
QI-3199,EVT-11741,XX2362,Cam-2,None,,False
QI-3200,EVT-13072,XX2617,Cam-2,None,,False
QI-3201,EVT-13733,XX2525,Human-QA1,None,,False
QI-3202,EVT-14464,XX1143,Cam-1,Repair,,False
QI-3203,EVT-12774,XX2582,Cam-1,None,,False
QI-3204,EVT-11845,XX3635,Cam-1,None,,False
QI-3205,EVT-14237,XX4570,Human-QA1,None,,False
QI-3206,EVT-10013,XX4824,Cam-2,None,,False
QI-3207,EVT-12758,XX0588,Cam-1,OK,,False
QI-3208,EVT-10530,XX1190,Human-QA2,None,,False
QI-3209,EVT-12878,XX4576,Human-QA2,na,,False
QI-3210,EVT-13404,XX0061,Cam-2,None,,False
QI-3211,EVT-10437,XX1841,Human-QA2,na,,False
QI-3212,EVT-10382,XX1303,Human-QA1,na,,False
QI-3213,EVT-10010,XX4684,Human-QA2,None,,False
QI-3214,EVT-11289,XX4305,Cam-2,None,,False
QI-3215,EVT-12852,XX0037,Cam-1,None,,False
QI-3216,EVT-12037,XX1158,Human-QA1,na,,False
QI-3217,EVT-13716,XX4831,Cam-2,Reject,,False
QI-3218,EVT-12452,XX2960,Human-QA1,None,,False
QI-3219,EVT-10885,XX1421,Cam-1,None,,False
QI-3220,EVT-13494,XX3324,Cam-1,Reject,,False
QI-3221,EVT-13014,XX0507,Cam-1,None,S-02,False
QI-3222,EVT-13982,XX1615,Human-QA1,None,S-03,False
QI-3223,EVT-14174,XX1268,Human-QA2,None,,False
QI-3224,EVT-10308,XX4926,Human-QA1,Reject,,False
QI-3225,EVT-10726,XX0973,Cam-1,OK,,False
QI-3226,EVT-13104,XX0450,Human-QA1,None,,False
QI-3227,EVT-12937,XX4216,Human-QA1,None,,False
QI-3228,EVT-11713,XX3381,Human-QA2,None,,False
QI-3229,EVT-13871,XX4730,Cam-1,None,S-01,False
QI-3230,EVT-10712,XX0212,Human-QA2,None,S-03,False
QI-3231,EVT-10950,XX2332,Cam-1,None,,False
QI-3232,EVT-11435,XX3602,Cam-2,Reject,,False
QI-3233,EVT-14565,XX1065,Cam-1,None,,False
QI-3234,EVT-11538,XX1447,Human-QA1,None,,False
QI-3235,EVT-12612,XX3017,Cam-2,None,,False
QI-3236,EVT-12168,XX1533,Human-QA1,None,,False
QI-3237,EVT-12197,XX2954,Cam-2,None,,False
QI-3238,EVT-12200,XX1834,Human-QA1,None,,False
QI-3239,EVT-13051,XX2408,Cam-2,None,,False
QI-3240,EVT-11670,XX3306,Cam-2,None,,False
QI-3241,EVT-14669,XX4742,Human-QA1,None,,False
QI-3242,EVT-13134,XX1357,Cam-2,None,,False
QI-3243,EVT-13364,XX2254,Human-QA1,None,,False
QI-3244,EVT-12115,XX3998,Human-QA2,None,S-01,False
QI-3245,EVT-10224,XX2137,Human-QA1,None,,False
QI-3246,EVT-10846,XX0936,Human-QA2,None,,False
QI-3247,EVT-14069,XX1123,Cam-2,None,,False
QI-3248,EVT-12956,XX1510,Cam-1,None,S-03,False
QI-3249,EVT-14387,XX0711,Human-QA2,None,S-01,False
QI-3250,EVT-12261,XX0994,Cam-1,None,,False
QI-3251,EVT-11583,XX0055,Cam-1,None,S-03,False
QI-3252,EVT-10970,XX1641,Human-QA1,None,,False
QI-3253,EVT-13972,XX2362,Human-QA1,None,,False
QI-3254,EVT-11216,XX3176,Cam-1,None,,False
QI-3255,EVT-11638,XX1757,Human-QA1,None,,False
QI-3256,EVT-12121,XX0776,Cam-1,Reject,,False
QI-3257,EVT-14720,XX0356,Human-QA1,OK,,False
QI-3258,EVT-12711,XX3451,Human-QA1,Repair,S-01,False
QI-3259,EVT-11286,XX2743,Human-QA1,None,,False
QI-3260,EVT-13157,XX0564,Cam-1,None,,False
QI-3261,EVT-10057,XX2395,Cam-2,None,,False
QI-3262,EVT-11684,XX2893,Human-QA1,None,,False
QI-3263,EVT-13488,XX1527,Human-QA1,None,S-02,False
QI-3264,EVT-11304,XX4121,Cam-1,Reject,,False
QI-3265,EVT-11630,XX4188,Human-QA2,None,,False
QI-3266,EVT-14080,XX2377,Cam-1,OK,,False
QI-3267,EVT-14303,XX1562,Human-QA1,None,,False
QI-3268,EVT-11166,XX3020,Human-QA1,None,S-02,False
QI-3269,EVT-10412,XX4698,Cam-2,None,,False
QI-3270,EVT-11618,XX4438,Human-QA1,None,,False
QI-3271,EVT-12777,XX2945,Human-QA2,None,,False
QI-3272,EVT-10739,XX3992,Human-QA1,None,,False
QI-3273,EVT-14899,XX0542,Human-QA1,None,,False
QI-3274,EVT-14514,XX2574,Cam-2,na,,False
QI-3275,EVT-10918,XX1154,Human-QA2,Repair,,False
QI-3276,EVT-12248,XX3590,Human-QA2,Repair,,False
QI-3277,EVT-14082,XX1747,Human-QA1,na,,True
QI-3278,EVT-14175,XX1173,Human-QA2,None,,False
QI-3279,EVT-11503,XX1300,Cam-2,Repair,,False
QI-3280,EVT-13227,XX3733,Cam-1,None,,False
QI-3281,EVT-10827,XX3268,Human-QA1,None,,False
QI-3282,EVT-13231,XX4505,Human-QA1,None,S-03,False
QI-3283,EVT-12873,XX4979,Human-QA2,None,,False
QI-3284,EVT-11617,XX0071,Human-QA1,Reject,,False
QI-3285,EVT-11185,XX1223,Human-QA1,None,,False
QI-3286,EVT-11684,XX4641,Cam-2,OK,,False
QI-3287,EVT-10509,XX4915,Cam-1,na,,False
QI-3288,EVT-10694,XX0602,Cam-1,None,,False
QI-3289,EVT-13279,XX1489,Human-QA2,None,,False
QI-3290,EVT-14016,XX3162,Cam-2,None,,False
QI-3291,EVT-12068,XX4981,Cam-2,None,,False
QI-3292,EVT-11246,XX2895,Cam-2,None,,False
QI-3293,EVT-10399,XX1812,Cam-2,OK,,False
QI-3294,EVT-12607,XX1773,Human-QA1,None,,False
QI-3295,EVT-14584,XX0001,Human-QA2,None,,False
QI-3296,EVT-10287,XX4645,Human-QA2,None,,False
QI-3297,EVT-11403,XX2182,Human-QA1,Reject,,False
QI-3298,EVT-14532,XX3324,Human-QA2,None,,False
QI-3299,EVT-12177,XX4965,Cam-2,Reject,,False
QI-3300,EVT-10440,XX2778,Human-QA1,None,,False
QI-3301,EVT-14885,XX4617,Human-QA1,None,,False
QI-3302,EVT-11268,XX0909,Cam-1,None,,False
QI-3303,EVT-12512,XX1923,Human-QA1,None,,False
QI-3304,EVT-10185,XX1987,Cam-1,None,S-03,False
QI-3305,EVT-14257,XX4043,Human-QA1,na,,False
QI-3306,EVT-13270,XX1838,Human-QA2,OK,S-02,False
QI-3307,EVT-12448,XX3642,Cam-1,None,S-03,False
QI-3308,EVT-13543,XX0501,Cam-1,None,,False
QI-3309,EVT-11479,XX1823,Cam-1,OK,,False
QI-3310,EVT-14886,XX1332,Cam-1,na,,False
QI-3311,EVT-13062,XX4347,Cam-2,None,,True
QI-3312,EVT-14640,XX2953,Human-QA1,None,,False
QI-3313,EVT-12460,XX1627,Cam-2,None,,False
QI-3314,EVT-12578,XX1228,Human-QA2,None,,False
QI-3315,EVT-11144,XX2056,Human-QA1,None,S-01,False
QI-3316,EVT-14164,XX2156,Cam-2,OK,,False
QI-3317,EVT-10634,XX1878,Human-QA1,None,,False
QI-3318,EVT-11303,XX4062,Cam-2,None,,False
QI-3319,EVT-14661,XX2865,Human-QA2,None,,False
QI-3320,EVT-10532,XX2571,Cam-2,na,,False
QI-3321,EVT-11881,XX1397,Human-QA2,na,,False
QI-3322,EVT-12697,XX4482,Cam-1,OK,,False
QI-3323,EVT-14649,XX4279,Cam-2,Repair,,False
QI-3324,EVT-10952,XX2970,Cam-1,OK,,False
QI-3325,EVT-12805,XX3590,Human-QA2,OK,,False
QI-3326,EVT-10569,XX1892,Cam-1,None,,False
QI-3327,EVT-14523,XX1274,Cam-2,None,,False
QI-3328,EVT-12822,XX2246,Human-QA1,na,,False
QI-3329,EVT-13215,XX3711,Cam-2,OK,,False
QI-3330,EVT-10979,XX0037,Cam-1,None,S-01,False
QI-3331,EVT-14130,XX2941,Cam-1,None,,False
QI-3332,EVT-13541,XX0421,Cam-2,None,,False
QI-3333,EVT-12573,XX3080,Cam-2,None,,False
QI-3334,EVT-13386,XX4216,Cam-2,None,,False
QI-3335,EVT-13555,XX4840,Cam-2,None,,False
QI-3336,EVT-12877,XX3809,Human-QA2,None,,False
QI-3337,EVT-11737,XX2420,Human-QA1,na,,False
QI-3338,EVT-12423,XX2281,Cam-1,OK,,True
QI-3339,EVT-12881,XX2335,Human-QA2,None,S-01,False
QI-3340,EVT-12703,XX0738,Cam-2,OK,,False
QI-3341,EVT-12535,XX1419,Cam-2,None,,False
QI-3342,EVT-13567,XX4548,Human-QA2,None,,False
QI-3343,EVT-12400,XX2042,Cam-2,OK,,False
QI-3344,EVT-14449,XX1786,Cam-1,OK,,False
QI-3345,EVT-13955,XX1063,Cam-1,None,,False
QI-3346,EVT-13552,XX3569,Cam-1,Reject,,False
QI-3347,EVT-10978,XX0372,Human-QA2,na,,False
QI-3348,EVT-10402,XX2597,Cam-2,None,,False
QI-3349,EVT-12804,XX1003,Human-QA2,None,,False
QI-3350,EVT-11514,XX2524,Cam-1,na,,False
QI-3351,EVT-11547,XX4501,Human-QA2,na,,False
QI-3352,EVT-10393,XX1419,Cam-2,None,,False
QI-3353,EVT-12630,XX4677,Cam-2,None,,False
QI-3354,EVT-10103,XX3202,Human-QA1,na,,True
QI-3355,EVT-11743,XX0627,Human-QA1,None,S-02,False
QI-3356,EVT-10421,XX1822,Human-QA1,None,,False
QI-3357,EVT-14713,XX4437,Cam-1,None,,False
QI-3358,EVT-13177,XX4308,Human-QA1,None,,False
QI-3359,EVT-13776,XX2962,Cam-1,None,,False
QI-3360,EVT-14390,XX1647,Human-QA2,None,,False
QI-3361,EVT-10275,XX2000,Cam-2,None,,False
QI-3362,EVT-10193,XX2636,Human-QA2,None,,True
QI-3363,EVT-14406,XX2344,Human-QA1,None,,False
QI-3364,EVT-14715,XX3160,Human-QA1,None,,False
QI-3365,EVT-11126,XX1010,Cam-1,None,,False
QI-3366,EVT-14018,XX3219,Cam-1,na,,False
QI-3367,EVT-10249,XX4151,Human-QA2,None,,False
QI-3368,EVT-13467,XX2813,Human-QA2,na,S-02,False
QI-3369,EVT-12829,XX3741,Human-QA1,None,,False
QI-3370,EVT-14391,XX4977,Cam-1,na,,False
QI-3371,EVT-10237,XX4039,Cam-1,Reject,S-03,False
QI-3372,EVT-13720,XX3835,Human-QA2,na,,False
QI-3373,EVT-14009,XX1800,Cam-1,None,,False
QI-3374,EVT-14905,XX2885,Human-QA2,None,,False
QI-3375,EVT-12336,XX1323,Cam-2,None,,False
QI-3376,EVT-12584,XX2610,Human-QA1,na,,False
QI-3377,EVT-11765,XX0725,Cam-1,None,,False
QI-3378,EVT-13917,XX2412,Cam-1,na,,False
QI-3379,EVT-14616,XX1316,Cam-2,None,,False
QI-3380,EVT-11142,XX1413,Cam-2,None,,False
QI-3381,EVT-12166,XX4849,Cam-2,None,,False
QI-3382,EVT-11114,XX3543,Human-QA2,None,,False
QI-3383,EVT-12219,XX1555,Human-QA2,None,,False
QI-3384,EVT-14818,XX0426,Cam-2,None,,False
QI-3385,EVT-11139,XX3950,Human-QA1,None,,False
QI-3386,EVT-14662,XX4495,Human-QA1,Repair,,False
QI-3387,EVT-14571,XX0304,Cam-1,None,,False
QI-3388,EVT-13516,XX0104,Human-QA2,None,,False
QI-3389,EVT-11976,XX0364,Human-QA1,None,,False
QI-3390,EVT-11596,XX4663,Cam-1,na,,False
QI-3391,EVT-11145,XX2848,Human-QA1,None,,False
QI-3392,EVT-11627,XX2724,Human-QA2,None,S-02,False
QI-3393,EVT-11858,XX3949,Human-QA1,None,,False
QI-3394,EVT-11245,XX1109,Human-QA1,None,,False
QI-3395,EVT-11482,XX2416,Human-QA2,OK,,False
QI-3396,EVT-11521,XX1898,Cam-1,na,,False
QI-3397,EVT-10369,XX4821,Cam-1,None,,False
QI-3398,EVT-14855,XX0715,Cam-2,None,,False
QI-3399,EVT-13192,XX2873,Cam-1,None,S-01,False
QI-3400,EVT-13232,XX1203,Cam-2,Repair,,False
QI-3401,EVT-11785,XX0092,Human-QA2,None,,False
QI-3402,EVT-10574,XX1524,Cam-1,None,,False
QI-3403,EVT-13703,XX4720,Human-QA2,None,,False
QI-3404,EVT-14472,XX3980,Cam-1,None,S-01,False
QI-3405,EVT-12572,XX0169,Human-QA1,None,,True
QI-3406,EVT-12115,XX1320,Cam-1,Reject,,False
QI-3407,EVT-11902,XX2241,Human-QA1,None,,False
QI-3408,EVT-14079,XX0870,Cam-1,None,,False
QI-3409,EVT-11156,XX2767,Human-QA2,na,,False
QI-3410,EVT-11085,XX3358,Cam-2,None,,False
QI-3411,EVT-10160,XX3288,Cam-1,None,,False
QI-3412,EVT-10758,XX0975,Human-QA2,None,,False
QI-3413,EVT-12748,XX4457,Human-QA1,OK,,False
QI-3414,EVT-10829,XX4139,Human-QA1,None,,False
QI-3415,EVT-10848,XX2229,Human-QA1,na,,False
QI-3416,EVT-11976,XX2559,Human-QA1,Repair,,False
QI-3417,EVT-14344,XX2510,Human-QA2,None,,False
QI-3418,EVT-11529,XX2334,Cam-1,Repair,,False
QI-3419,EVT-12249,XX1321,Human-QA1,None,,False
QI-3420,EVT-12892,XX1580,Human-QA1,None,,False
QI-3421,EVT-13624,XX1909,Cam-1,None,,False
QI-3422,EVT-11677,XX1785,Human-QA2,None,,False
QI-3423,EVT-14105,XX1916,Human-QA1,None,,False
QI-3424,EVT-14810,XX2981,Cam-2,None,,False
QI-3425,EVT-14454,XX0257,Human-QA2,None,,False
QI-3426,EVT-11299,XX1241,Cam-2,None,,False
QI-3427,EVT-12171,XX2570,Human-QA2,None,,False
QI-3428,EVT-10629,XX0750,Human-QA1,Reject,,False
QI-3429,EVT-14363,XX3323,Human-QA2,na,,False
QI-3430,EVT-10277,XX3287,Human-QA2,OK,,False
QI-3431,EVT-11023,XX4753,Cam-2,None,,False
QI-3432,EVT-14171,XX0734,Human-QA2,None,,False
QI-3433,EVT-14621,XX2387,Human-QA2,None,,False
QI-3434,EVT-14713,XX4324,Human-QA1,None,,False
QI-3435,EVT-11199,XX1260,Cam-1,None,,True
QI-3436,EVT-11717,XX2414,Cam-2,na,,False
QI-3437,EVT-11980,XX2906,Cam-2,None,,False
QI-3438,EVT-11590,XX2497,Cam-1,na,,False
QI-3439,EVT-10269,XX2555,Cam-2,None,,False
QI-3440,EVT-14097,XX3705,Human-QA1,OK,,False
QI-3441,EVT-12620,XX2110,Human-QA2,na,,False
QI-3442,EVT-11386,XX3403,Human-QA2,None,,False
QI-3443,EVT-10534,XX4283,Human-QA1,na,S-03,False
QI-3444,EVT-11608,XX1529,Cam-2,None,,False
QI-3445,EVT-12398,XX0851,Human-QA2,na,,False
QI-3446,EVT-14632,XX2302,Cam-1,OK,,False
QI-3447,EVT-12914,XX4675,Human-QA2,None,,False
QI-3448,EVT-10463,XX4410,Human-QA1,None,,False
QI-3449,EVT-10022,XX3624,Human-QA2,None,,False
QI-3450,EVT-10688,XX3296,Human-QA1,None,,False
QI-3451,EVT-14066,XX4527,Cam-2,None,,False
QI-3452,EVT-14223,XX1380,Cam-1,None,,False
QI-3453,EVT-11286,XX3499,Human-QA1,None,,False
QI-3454,EVT-13860,XX1416,Cam-1,None,S-01,False
QI-3455,EVT-12082,XX2270,Cam-2,na,,False
QI-3456,EVT-12534,XX2808,Cam-2,OK,S-01,False
QI-3457,EVT-14196,XX1800,Human-QA1,None,,False
QI-3458,EVT-10736,XX3609,Human-QA2,None,,False
QI-3459,EVT-14706,XX2814,Cam-1,OK,,True
QI-3460,EVT-11340,XX2003,Human-QA2,None,,False
QI-3461,EVT-12377,XX2120,Cam-1,None,,False
QI-3462,EVT-10195,XX0456,Cam-2,None,,False
QI-3463,EVT-12461,XX3147,Cam-2,None,,False
QI-3464,EVT-11504,XX4706,Cam-2,None,S-01,False
QI-3465,EVT-12115,XX2885,Human-QA2,None,,False
QI-3466,EVT-12918,XX0939,Cam-2,na,,False
QI-3467,EVT-14024,XX1685,Human-QA2,None,S-02,False
QI-3468,EVT-10870,XX2566,Cam-2,None,,False
QI-3469,EVT-10184,XX3410,Human-QA2,None,,False
QI-3470,EVT-11689,XX2086,Human-QA1,None,,False
QI-3471,EVT-11212,XX2367,Human-QA1,OK,,False
QI-3472,EVT-13645,XX0140,Cam-1,None,,False
QI-3473,EVT-10497,XX0427,Human-QA2,None,,False
QI-3474,EVT-11565,XX2903,Human-QA2,na,,False
QI-3475,EVT-11662,XX2018,Human-QA1,None,,False
QI-3476,EVT-10217,XX1219,Human-QA1,None,,False
QI-3477,EVT-14620,XX4311,Human-QA1,None,S-01,False
QI-3478,EVT-11361,XX1913,Cam-1,None,,False
QI-3479,EVT-14216,XX4637,Human-QA1,None,,True
QI-3480,EVT-11505,XX3682,Cam-1,None,,False
QI-3481,EVT-12158,XX2437,Cam-1,OK,,False
QI-3482,EVT-12056,XX1453,Human-QA1,None,,True
QI-3483,EVT-14317,XX1718,Human-QA1,na,,False
QI-3484,EVT-10796,XX2200,Human-QA1,na,,False
QI-3485,EVT-14956,XX3175,Human-QA2,Reject,,False
QI-3486,EVT-14050,XX1429,Cam-2,None,,False
QI-3487,EVT-13719,XX1312,Human-QA2,None,,False
QI-3488,EVT-12251,XX0747,Cam-1,None,,False
QI-3489,EVT-12500,XX2790,Cam-1,None,S-01,False
QI-3490,EVT-12308,XX3107,Cam-2,OK,,False
QI-3491,EVT-14961,XX2915,Cam-2,na,,False
QI-3492,EVT-11032,XX0754,Human-QA1,OK,,False
QI-3493,EVT-13844,XX0484,Human-QA2,None,,False
QI-3494,EVT-10018,XX3593,Human-QA2,None,,False
QI-3495,EVT-13184,XX0388,Human-QA2,None,,False
QI-3496,EVT-10339,XX1789,Cam-2,OK,,False
QI-3497,EVT-12094,XX0545,Human-QA2,Repair,,True
QI-3498,EVT-14925,XX2907,Cam-2,None,,False
QI-3499,EVT-14908,XX2966,Human-QA2,None,,False
QI-3500,EVT-10488,XX2747,Cam-2,OK,,False
QI-3501,EVT-11345,XX4677,Human-QA2,None,S-02,False
QI-3502,EVT-10790,XX1162,Cam-1,na,,False
QI-3503,EVT-13516,XX4227,Cam-2,OK,,False
QI-3504,EVT-14188,XX3323,Human-QA1,None,,False
QI-3505,EVT-11834,XX1659,Cam-1,OK,,False
QI-3506,EVT-11186,XX4462,Cam-1,Reject,,False
QI-3507,EVT-14233,XX0421,Cam-2,None,,False
QI-3508,EVT-13455,XX4520,Human-QA2,None,,False
QI-3509,EVT-14407,XX1809,Human-QA2,Reject,,False
QI-3510,EVT-13269,XX3988,Cam-2,Repair,,False
QI-3511,EVT-11706,XX4066,Human-QA2,None,,False
QI-3512,EVT-13599,XX2210,Human-QA2,na,,False
QI-3513,EVT-10702,XX4191,Human-QA2,None,,False
QI-3514,EVT-11273,XX1186,Cam-2,None,,True
QI-3515,EVT-10538,XX4931,Cam-2,OK,,False
QI-3516,EVT-13753,XX1820,Human-QA1,None,S-03,False
QI-3517,EVT-14212,XX4559,Human-QA2,None,,False
QI-3518,EVT-12939,XX0931,Human-QA2,OK,,False
QI-3519,EVT-12614,XX4777,Cam-2,None,,False
QI-3520,EVT-10485,XX3387,Human-QA1,Repair,,False
QI-3521,EVT-11386,XX1354,Cam-2,None,,False
QI-3522,EVT-11049,XX0657,Cam-2,None,,False
QI-3523,EVT-10783,XX1206,Human-QA1,None,,False
QI-3524,EVT-13059,XX2868,Cam-2,None,,False
QI-3525,EVT-12924,XX0456,Cam-1,na,,False
QI-3526,EVT-10619,XX4371,Human-QA1,None,,False
QI-3527,EVT-14509,XX2085,Human-QA2,None,,False
QI-3528,EVT-13532,XX2491,Human-QA2,OK,S-01,False
QI-3529,EVT-14524,XX0875,Human-QA1,None,,False
QI-3530,EVT-14338,XX3108,Human-QA2,Repair,,False
QI-3531,EVT-13474,XX4164,Cam-1,None,,False
QI-3532,EVT-11804,XX1434,Human-QA2,None,,False
QI-3533,EVT-11098,XX4456,Human-QA1,None,,False
QI-3534,EVT-10111,XX3193,Cam-2,None,,False
QI-3535,EVT-14877,XX3739,Human-QA1,OK,,True
QI-3536,EVT-10969,XX4030,Human-QA1,na,S-03,False
QI-3537,EVT-11633,XX0575,Cam-1,na,,False
QI-3538,EVT-10359,XX1096,Human-QA2,None,S-02,False
QI-3539,EVT-14862,XX2896,Human-QA1,None,,False
QI-3540,EVT-10918,XX1989,Human-QA2,None,,True
QI-3541,EVT-10167,XX0290,Cam-2,Repair,,False
QI-3542,EVT-13321,XX2468,Human-QA1,Repair,,False
QI-3543,EVT-13903,XX1589,Human-QA1,None,,False
QI-3544,EVT-12805,XX1479,Human-QA2,None,,False
QI-3545,EVT-12260,XX0805,Cam-1,Repair,,False
QI-3546,EVT-14883,XX0612,Cam-1,None,,False
QI-3547,EVT-11869,XX0472,Human-QA2,None,,False
QI-3548,EVT-12839,XX1970,Human-QA1,None,S-01,False
QI-3549,EVT-14974,XX4465,Cam-2,None,,False
QI-3550,EVT-10757,XX0410,Cam-1,None,,True
QI-3551,EVT-14783,XX1626,Cam-1,None,,True
QI-3552,EVT-14493,XX3960,Cam-2,None,,False
QI-3553,EVT-13817,XX3575,Cam-1,None,,False
QI-3554,EVT-11973,XX0161,Human-QA2,na,,False
QI-3555,EVT-12708,XX2726,Human-QA1,None,,False
QI-3556,EVT-10097,XX3867,Cam-1,OK,,False
QI-3557,EVT-13076,XX4109,Cam-2,None,,False
QI-3558,EVT-11919,XX3479,Human-QA2,None,,False
QI-3559,EVT-12206,XX1987,Human-QA2,Reject,,False
QI-3560,EVT-10086,XX1879,Human-QA2,Reject,,False
QI-3561,EVT-11766,XX3427,Human-QA2,None,,False
QI-3562,EVT-13191,XX3318,Human-QA1,None,,False
QI-3563,EVT-14538,XX4535,Human-QA2,None,,False
QI-3564,EVT-13647,XX0421,Human-QA2,Repair,,False
QI-3565,EVT-13677,XX3894,Human-QA2,OK,,False
QI-3566,EVT-10681,XX0500,Cam-2,None,,False
QI-3567,EVT-14216,XX0246,Cam-2,None,,False
QI-3568,EVT-14592,XX4442,Cam-2,na,,False
QI-3569,EVT-14707,XX0480,Cam-2,None,,False
QI-3570,EVT-12469,XX1334,Cam-1,None,,False
QI-3571,EVT-10134,XX2568,Human-QA2,None,,False
QI-3572,EVT-14410,XX4266,Cam-1,None,,False
QI-3573,EVT-12245,XX4215,Cam-1,None,,True
QI-3574,EVT-13789,XX0758,Cam-1,None,,False
QI-3575,EVT-14106,XX2111,Human-QA1,na,,False
QI-3576,EVT-14964,XX0109,Human-QA2,None,,False
QI-3577,EVT-13201,XX0746,Human-QA2,OK,,False
QI-3578,EVT-10734,XX1517,Cam-1,OK,S-02,False
QI-3579,EVT-11133,XX1624,Cam-2,Reject,,False
QI-3580,EVT-13098,XX4513,Human-QA1,None,,False
QI-3581,EVT-13471,XX1349,Cam-1,None,,False
QI-3582,EVT-13265,XX3312,Cam-1,None,,False
QI-3583,EVT-11968,XX0710,Human-QA1,None,,False
QI-3584,EVT-14111,XX3588,Cam-1,None,,False
QI-3585,EVT-13144,XX4714,Human-QA2,None,,False
QI-3586,EVT-11224,XX4348,Cam-2,None,,False
QI-3587,EVT-11187,XX0738,Cam-2,None,,False
QI-3588,EVT-10006,XX2552,Cam-2,None,,False
QI-3589,EVT-12108,XX2202,Cam-2,OK,,False
QI-3590,EVT-12532,XX4694,Cam-1,Repair,,False
QI-3591,EVT-14727,XX1442,Cam-2,None,,False
QI-3592,EVT-13522,XX0684,Cam-1,None,,False
QI-3593,EVT-11437,XX1921,Human-QA2,OK,S-01,True
QI-3594,EVT-10935,XX2208,Cam-1,None,,False
QI-3595,EVT-10559,XX3352,Cam-1,None,,False
QI-3596,EVT-14186,XX2220,Cam-1,Reject,,False
QI-3597,EVT-10445,XX3985,Human-QA1,Repair,,False
QI-3598,EVT-11308,XX3416,Human-QA1,None,S-01,False
QI-3599,EVT-11416,XX0271,Human-QA1,None,,True
QI-3600,EVT-11905,XX1890,Human-QA2,None,,False
QI-3601,EVT-13210,XX4725,Cam-2,None,,False
QI-3602,EVT-10329,XX1280,Cam-1,None,,False
QI-3603,EVT-13397,XX3995,Cam-1,None,,False
QI-3604,EVT-13678,XX3465,Cam-2,None,,False
QI-3605,EVT-11553,XX2831,Human-QA1,None,,False
QI-3606,EVT-13002,XX1568,Human-QA2,None,S-02,False
QI-3607,EVT-13529,XX2038,Cam-1,None,,False
QI-3608,EVT-12565,XX0794,Cam-2,None,,False
QI-3609,EVT-12583,XX1031,Human-QA1,na,,False
QI-3610,EVT-12272,XX0860,Human-QA2,None,,False
QI-3611,EVT-12619,XX4535,Cam-2,OK,,False
QI-3612,EVT-11814,XX0551,Cam-2,None,,True
QI-3613,EVT-13918,XX1566,Cam-1,na,,False
QI-3614,EVT-13213,XX0678,Human-QA2,None,S-03,False
QI-3615,EVT-13887,XX0462,Human-QA2,None,,False
QI-3616,EVT-11222,XX1523,Human-QA1,na,,False
QI-3617,EVT-13107,XX1235,Human-QA1,Reject,,False
QI-3618,EVT-12513,XX1137,Cam-1,na,,False
QI-3619,EVT-14667,XX4213,Human-QA2,None,,False
QI-3620,EVT-14533,XX4659,Human-QA1,None,,False
QI-3621,EVT-14852,XX2249,Human-QA2,None,,False
QI-3622,EVT-14686,XX0124,Cam-2,na,,False
QI-3623,EVT-14976,XX4252,Cam-2,None,,False
QI-3624,EVT-12551,XX4505,Cam-2,None,,False
QI-3625,EVT-13438,XX4562,Human-QA2,None,,False
QI-3626,EVT-14983,XX4850,Cam-1,None,,False
QI-3627,EVT-12197,XX4868,Human-QA1,None,,False
QI-3628,EVT-14138,XX3931,Cam-1,None,,False
QI-3629,EVT-11320,XX3777,Cam-1,None,,False
QI-3630,EVT-10008,XX2885,Cam-1,None,,False
QI-3631,EVT-12366,XX4490,Cam-1,None,,False
QI-3632,EVT-14313,XX2098,Human-QA1,Repair,,False
QI-3633,EVT-13790,XX2773,Cam-2,None,,False
QI-3634,EVT-12535,XX1802,Cam-2,None,,False
QI-3635,EVT-12375,XX3674,Cam-2,None,,False
QI-3636,EVT-12306,XX0144,Human-QA2,OK,S-02,False
QI-3637,EVT-12613,XX0166,Human-QA2,None,,False
QI-3638,EVT-14214,XX3139,Human-QA1,None,,False
QI-3639,EVT-14385,XX0069,Human-QA1,None,,False
QI-3640,EVT-11662,XX2502,Human-QA1,None,,False
QI-3641,EVT-10224,XX0025,Cam-2,None,,False
QI-3642,EVT-14989,XX3929,Human-QA1,None,,False
QI-3643,EVT-12800,XX2358,Cam-2,Reject,,False
QI-3644,EVT-11280,XX4108,Cam-2,None,,False
QI-3645,EVT-14340,XX0577,Cam-1,None,,False
QI-3646,EVT-10521,XX4330,Human-QA2,Reject,,False
QI-3647,EVT-11618,XX2883,Human-QA2,Repair,,False
QI-3648,EVT-14214,XX0591,Human-QA1,None,S-01,False
QI-3649,EVT-13682,XX1668,Cam-1,None,,False
QI-3650,EVT-11601,XX1299,Human-QA1,na,,False
QI-3651,EVT-12306,XX4709,Human-QA1,None,,False
QI-3652,EVT-14666,XX4248,Human-QA2,na,,False
QI-3653,EVT-13827,XX3524,Cam-1,None,S-02,False
QI-3654,EVT-11215,XX2264,Human-QA1,None,,False
QI-3655,EVT-10942,XX4755,Human-QA1,None,,False
QI-3656,EVT-13931,XX3864,Human-QA1,na,,False
QI-3657,EVT-11153,XX4406,Cam-2,Reject,S-01,False
QI-3658,EVT-12205,XX4245,Human-QA2,None,,False
QI-3659,EVT-13749,XX3528,Cam-2,None,,False
QI-3660,EVT-10260,XX3347,Human-QA1,None,S-03,False
QI-3661,EVT-10389,XX3019,Cam-1,na,,False
QI-3662,EVT-14740,XX1205,Cam-2,None,,False
QI-3663,EVT-14227,XX3877,Cam-2,None,,False
QI-3664,EVT-10407,XX2252,Human-QA1,na,,True
QI-3665,EVT-12043,XX4560,Cam-2,None,,False
QI-3666,EVT-10566,XX0974,Cam-1,None,,False
QI-3667,EVT-14781,XX4423,Cam-1,None,,False
QI-3668,EVT-13370,XX4245,Human-QA2,None,,False
QI-3669,EVT-11979,XX1301,Human-QA2,None,,False
QI-3670,EVT-11952,XX4009,Cam-1,None,,False
QI-3671,EVT-12006,XX0035,Cam-1,None,,False
QI-3672,EVT-13838,XX0001,Cam-2,None,,False
QI-3673,EVT-12315,XX2516,Human-QA2,OK,,False
QI-3674,EVT-10100,XX2651,Cam-2,OK,,False
QI-3675,EVT-14756,XX1941,Cam-1,None,,False
QI-3676,EVT-13444,XX1021,Human-QA2,None,,False
QI-3677,EVT-10032,XX0092,Cam-2,Repair,,False
QI-3678,EVT-14331,XX4690,Human-QA2,None,,False
QI-3679,EVT-14602,XX3892,Human-QA1,OK,,False
QI-3680,EVT-10331,XX2147,Human-QA1,None,,False
QI-3681,EVT-13516,XX4094,Human-QA1,None,,True
QI-3682,EVT-14581,XX2558,Human-QA1,None,,False
QI-3683,EVT-14215,XX1589,Human-QA1,None,,True
QI-3684,EVT-10157,XX1877,Human-QA2,None,,False
QI-3685,EVT-13108,XX3664,Cam-1,None,,False
QI-3686,EVT-14945,XX3896,Cam-2,na,S-01,False
QI-3687,EVT-12191,XX3415,Cam-1,OK,S-03,False
QI-3688,EVT-13628,XX0962,Cam-1,Reject,,False
QI-3689,EVT-13782,XX4342,Cam-1,None,,False
QI-3690,EVT-13821,XX2849,Cam-2,None,,True
QI-3691,EVT-12688,XX3544,Human-QA1,OK,,False
QI-3692,EVT-10692,XX4375,Human-QA2,None,,False
QI-3693,EVT-11051,XX2822,Human-QA2,None,,False
QI-3694,EVT-13883,XX0853,Cam-1,None,,False
QI-3695,EVT-12922,XX3582,Human-QA2,None,,False
QI-3696,EVT-12098,XX4527,Cam-2,None,,False
QI-3697,EVT-12156,XX2490,Cam-1,None,S-02,False
QI-3698,EVT-10133,XX3832,Cam-2,None,,False
QI-3699,EVT-13750,XX3533,Cam-1,Reject,,False
QI-3700,EVT-12127,XX2313,Human-QA1,None,,False
QI-3701,EVT-12385,XX2493,Human-QA2,OK,,False
QI-3702,EVT-14527,XX2271,Human-QA2,None,S-02,False
QI-3703,EVT-14197,XX4903,Cam-2,None,,False
QI-3704,EVT-14426,XX0269,Human-QA2,None,,False
QI-3705,EVT-14471,XX2699,Cam-1,None,,False
QI-3706,EVT-12278,XX3403,Human-QA1,None,,False
QI-3707,EVT-11474,XX4078,Human-QA2,None,S-02,False
QI-3708,EVT-14859,XX0433,Human-QA1,None,,False
QI-3709,EVT-14519,XX0803,Cam-2,na,,False
QI-3710,EVT-11048,XX4996,Human-QA1,None,,False
QI-3711,EVT-10415,XX1304,Human-QA2,None,,False
QI-3712,EVT-14397,XX2929,Human-QA2,None,,False
QI-3713,EVT-12166,XX4664,Cam-2,None,,False
QI-3714,EVT-12378,XX0743,Cam-2,None,,False
QI-3715,EVT-10661,XX0683,Human-QA1,na,,True
QI-3716,EVT-14454,XX3059,Human-QA1,None,S-03,False
QI-3717,EVT-10288,XX1850,Cam-2,Repair,,False
QI-3718,EVT-12600,XX1302,Human-QA2,None,,False
QI-3719,EVT-11725,XX1796,Human-QA1,None,,False
QI-3720,EVT-10574,XX0896,Cam-2,Repair,,False
QI-3721,EVT-10716,XX0481,Human-QA1,None,,False
QI-3722,EVT-13412,XX4038,Cam-2,OK,,False
QI-3723,EVT-14022,XX0291,Human-QA2,None,,False
QI-3724,EVT-12393,XX2695,Human-QA1,None,,False
QI-3725,EVT-14080,XX3811,Human-QA1,None,,False
QI-3726,EVT-13062,XX1975,Cam-1,Repair,,False
QI-3727,EVT-11012,XX4015,Cam-1,na,,False
QI-3728,EVT-12360,XX0190,Human-QA2,Repair,,False
QI-3729,EVT-12133,XX0377,Cam-2,None,,False
QI-3730,EVT-11946,XX0259,Cam-1,None,,False
QI-3731,EVT-13512,XX0827,Cam-1,None,,False
QI-3732,EVT-11351,XX2420,Human-QA2,None,S-01,False
QI-3733,EVT-12897,XX1831,Cam-2,None,,False
QI-3734,EVT-13075,XX3017,Human-QA2,None,S-02,False
QI-3735,EVT-13904,XX2153,Human-QA1,None,,False
QI-3736,EVT-13255,XX1450,Human-QA1,OK,,False
QI-3737,EVT-12347,XX2925,Cam-2,OK,,False
QI-3738,EVT-10527,XX3333,Cam-1,Repair,S-03,False
QI-3739,EVT-12653,XX3118,Human-QA2,None,,False
QI-3740,EVT-12974,XX4740,Human-QA2,None,,False
QI-3741,EVT-12696,XX3598,Human-QA1,None,,False
QI-3742,EVT-11281,XX2315,Human-QA2,None,S-02,False
QI-3743,EVT-14650,XX1558,Cam-1,OK,,False
QI-3744,EVT-13279,XX1717,Cam-2,OK,,False
QI-3745,EVT-14016,XX3468,Human-QA2,na,,False
QI-3746,EVT-14826,XX1173,Cam-1,None,,False
QI-3747,EVT-13294,XX2328,Cam-2,None,S-01,False
QI-3748,EVT-13936,XX4621,Human-QA2,None,,False
QI-3749,EVT-11044,XX2912,Human-QA2,Reject,S-01,False
QI-3750,EVT-13439,XX1508,Cam-2,None,,False
QI-3751,EVT-10312,XX1965,Human-QA2,None,,False
QI-3752,EVT-10315,XX4894,Human-QA2,None,S-01,False
QI-3753,EVT-12450,XX3136,Human-QA2,None,,False
QI-3754,EVT-11890,XX4518,Human-QA1,OK,,False
QI-3755,EVT-13618,XX3730,Cam-2,None,,False
QI-3756,EVT-14221,XX0905,Human-QA1,None,,True
QI-3757,EVT-14000,XX4822,Cam-2,Reject,,False
QI-3758,EVT-10495,XX3200,Human-QA1,None,,False
QI-3759,EVT-10980,XX2342,Human-QA2,Reject,,False
QI-3760,EVT-14839,XX3399,Cam-1,OK,,False
QI-3761,EVT-14795,XX2852,Cam-2,None,,False
QI-3762,EVT-12028,XX1146,Cam-1,None,,True
QI-3763,EVT-12092,XX3595,Cam-2,Repair,,False
QI-3764,EVT-14931,XX0384,Cam-2,None,,False
QI-3765,EVT-10006,XX1987,Human-QA2,None,,False
QI-3766,EVT-12907,XX2331,Cam-2,OK,,False
QI-3767,EVT-13143,XX2812,Human-QA2,None,,False
QI-3768,EVT-10727,XX0967,Human-QA2,None,,False
QI-3769,EVT-14193,XX4938,Human-QA2,Reject,S-01,True
QI-3770,EVT-11467,XX0619,Human-QA1,na,S-01,False
QI-3771,EVT-11114,XX1020,Human-QA1,None,,False
QI-3772,EVT-11677,XX1954,Human-QA2,OK,,False
QI-3773,EVT-12043,XX4045,Cam-1,None,,False
QI-3774,EVT-12164,XX0206,Cam-1,None,,False
QI-3775,EVT-13964,XX3793,Cam-2,None,,False
QI-3776,EVT-13114,XX0639,Cam-1,None,,False
QI-3777,EVT-14166,XX3618,Cam-2,None,,False
QI-3778,EVT-14853,XX0064,Cam-2,None,,False
QI-3779,EVT-12843,XX3089,Cam-2,None,,False
QI-3780,EVT-12886,XX3833,Human-QA1,Repair,,False
QI-3781,EVT-14821,XX3177,Human-QA2,None,,False
QI-3782,EVT-10106,XX3929,Cam-1,Reject,,False
QI-3783,EVT-14870,XX3692,Human-QA2,None,,False
QI-3784,EVT-12341,XX3806,Human-QA2,Repair,,False
QI-3785,EVT-14052,XX4324,Human-QA1,None,,False
QI-3786,EVT-11130,XX4798,Cam-2,None,,False
QI-3787,EVT-11109,XX4024,Human-QA2,None,,False
QI-3788,EVT-13581,XX0395,Cam-2,None,,False
QI-3789,EVT-11250,XX1237,Human-QA1,na,,False
QI-3790,EVT-12641,XX2781,Human-QA2,None,,False
QI-3791,EVT-13073,XX1860,Cam-1,None,,False
QI-3792,EVT-12089,XX1021,Human-QA2,None,,False
QI-3793,EVT-10080,XX3473,Human-QA1,None,,False
QI-3794,EVT-12535,XX4649,Human-QA1,None,,True
QI-3795,EVT-10915,XX2770,Human-QA2,na,,False
QI-3796,EVT-10261,XX0333,Cam-1,None,,False
QI-3797,EVT-13319,XX4426,Cam-2,None,,False
QI-3798,EVT-13040,XX2958,Human-QA2,None,,False
QI-3799,EVT-14903,XX1289,Human-QA2,None,,False
QI-3800,EVT-14643,XX2219,Cam-1,None,,False
QI-3801,EVT-12662,XX2049,Cam-1,Repair,,False
QI-3802,EVT-12994,XX0876,Human-QA1,None,S-03,False
QI-3803,EVT-11972,XX2909,Cam-2,None,,False
QI-3804,EVT-12174,XX2289,Cam-2,None,,False
QI-3805,EVT-11327,XX4680,Human-QA2,Reject,,False
QI-3806,EVT-14890,XX3857,Cam-2,None,,False
QI-3807,EVT-13885,XX4053,Human-QA1,na,,False
QI-3808,EVT-10839,XX4697,Human-QA1,None,S-01,False
QI-3809,EVT-13836,XX2189,Cam-1,None,,False
QI-3810,EVT-13313,XX3405,Cam-1,None,,False
QI-3811,EVT-13648,XX4783,Human-QA1,None,,False
QI-3812,EVT-10547,XX4487,Cam-1,None,,False
QI-3813,EVT-14162,XX1079,Human-QA1,None,,False
QI-3814,EVT-13666,XX4586,Cam-1,None,,False
QI-3815,EVT-14777,XX1356,Human-QA2,None,,False
QI-3816,EVT-12626,XX0270,Cam-2,None,,False
QI-3817,EVT-14932,XX4458,Human-QA1,None,S-01,False
QI-3818,EVT-13876,XX4241,Cam-1,None,S-03,False
QI-3819,EVT-11325,XX0589,Human-QA1,None,,False
QI-3820,EVT-13791,XX1153,Human-QA2,Repair,,False
QI-3821,EVT-12871,XX0375,Human-QA1,None,,False
QI-3822,EVT-10574,XX1647,Cam-1,None,,False
QI-3823,EVT-11101,XX3073,Cam-1,OK,,False
QI-3824,EVT-10029,XX3439,Human-QA1,None,,False
QI-3825,EVT-11375,XX2586,Human-QA1,na,,False
QI-3826,EVT-12810,XX1652,Cam-1,None,,False
QI-3827,EVT-14926,XX3106,Human-QA2,None,,False
QI-3828,EVT-13948,XX4414,Human-QA2,None,S-02,False
QI-3829,EVT-13804,XX3816,Human-QA2,None,,False
QI-3830,EVT-14630,XX4681,Cam-2,None,,False
QI-3831,EVT-14464,XX2611,Cam-2,None,,False
QI-3832,EVT-13731,XX3283,Cam-2,None,,False
QI-3833,EVT-14397,XX1751,Human-QA1,None,,False
QI-3834,EVT-13522,XX2601,Cam-2,Reject,S-01,False
QI-3835,EVT-12354,XX4407,Human-QA1,None,,False
QI-3836,EVT-13750,XX2972,Human-QA2,None,,False
QI-3837,EVT-13134,XX4190,Cam-1,None,,False
QI-3838,EVT-14932,XX4285,Cam-2,None,S-01,False
QI-3839,EVT-11299,XX4743,Cam-1,None,,False
QI-3840,EVT-14606,XX1742,Cam-2,Repair,,False
QI-3841,EVT-13065,XX3586,Cam-2,na,S-01,False
QI-3842,EVT-10886,XX1515,Cam-1,na,,False
QI-3843,EVT-11558,XX3825,Human-QA2,None,,False
QI-3844,EVT-13807,XX3842,Human-QA2,None,,False
QI-3845,EVT-12985,XX4190,Human-QA2,None,S-03,False
QI-3846,EVT-13784,XX2362,Cam-1,None,,False
QI-3847,EVT-12046,XX1967,Human-QA1,Repair,,False
QI-3848,EVT-14890,XX3645,Cam-1,None,,False
QI-3849,EVT-13457,XX0360,Human-QA1,None,,False
QI-3850,EVT-13300,XX0982,Human-QA2,None,,False
QI-3851,EVT-13298,XX1810,Human-QA1,None,S-02,False
QI-3852,EVT-13398,XX4494,Human-QA2,None,S-01,False
QI-3853,EVT-14372,XX4633,Human-QA2,None,,False
QI-3854,EVT-14325,XX0394,Human-QA2,None,,False
QI-3855,EVT-12060,XX1380,Human-QA2,None,,False
QI-3856,EVT-11526,XX0048,Cam-1,None,,False
QI-3857,EVT-13694,XX1456,Cam-2,None,,False
QI-3858,EVT-14710,XX2749,Cam-2,None,,False
QI-3859,EVT-12150,XX2101,Cam-2,None,,False
QI-3860,EVT-12156,XX2289,Cam-1,OK,,False
QI-3861,EVT-12423,XX3131,Human-QA2,None,S-02,False
QI-3862,EVT-12794,XX1210,Human-QA2,None,,False
QI-3863,EVT-14243,XX1165,Human-QA2,None,S-03,False
QI-3864,EVT-13042,XX2023,Cam-2,None,,False
QI-3865,EVT-14091,XX1081,Human-QA2,None,,False
QI-3866,EVT-13078,XX4546,Human-QA1,None,,False
QI-3867,EVT-13234,XX3540,Cam-1,na,,False
QI-3868,EVT-10435,XX4529,Human-QA2,None,,False
QI-3869,EVT-11457,XX1704,Human-QA2,Reject,,False
QI-3870,EVT-12372,XX4943,Human-QA2,na,,False
QI-3871,EVT-12204,XX3412,Human-QA1,None,,False
QI-3872,EVT-10111,XX1538,Human-QA2,None,,False
QI-3873,EVT-13034,XX2230,Cam-2,None,,False
QI-3874,EVT-11096,XX1326,Human-QA2,None,,False
QI-3875,EVT-11296,XX0183,Cam-2,na,,False
QI-3876,EVT-10957,XX4028,Cam-2,Reject,,False
QI-3877,EVT-14831,XX1534,Human-QA2,Reject,,False
QI-3878,EVT-14968,XX3486,Human-QA1,None,,False
QI-3879,EVT-14086,XX0156,Cam-2,None,,False
QI-3880,EVT-10093,XX2145,Human-QA2,Reject,,False
QI-3881,EVT-12766,XX1393,Human-QA2,None,S-01,False
QI-3882,EVT-10667,XX4885,Human-QA1,None,,False
QI-3883,EVT-10514,XX0858,Human-QA2,Reject,,False
QI-3884,EVT-11243,XX4278,Cam-1,None,,False
QI-3885,EVT-13076,XX4008,Cam-1,Reject,,False
QI-3886,EVT-14289,XX4859,Cam-1,None,,False
QI-3887,EVT-12101,XX2980,Human-QA2,OK,,False
QI-3888,EVT-13023,XX4679,Cam-2,None,,True
QI-3889,EVT-10811,XX3668,Human-QA1,None,,True
QI-3890,EVT-11520,XX4977,Human-QA2,Reject,,False
QI-3891,EVT-11478,XX4404,Cam-2,na,,False
QI-3892,EVT-13863,XX1700,Human-QA2,None,,False
QI-3893,EVT-12001,XX3617,Cam-1,None,,False
QI-3894,EVT-11031,XX2101,Cam-1,na,,False
QI-3895,EVT-12138,XX2264,Cam-2,None,,False
QI-3896,EVT-14441,XX0714,Cam-2,None,,False
QI-3897,EVT-13069,XX2086,Cam-2,None,,True
QI-3898,EVT-10350,XX1452,Human-QA1,None,,False
QI-3899,EVT-14305,XX1398,Cam-2,None,,False
QI-3900,EVT-12305,XX4896,Cam-1,None,,False
QI-3901,EVT-14791,XX0425,Cam-1,None,,False
QI-3902,EVT-11264,XX1029,Human-QA1,OK,,False
QI-3903,EVT-11557,XX0691,Human-QA2,na,,False
QI-3904,EVT-14960,XX4011,Cam-2,Reject,,False
QI-3905,EVT-10785,XX3580,Human-QA1,None,,False
QI-3906,EVT-13906,XX2828,Human-QA2,None,,False
QI-3907,EVT-14206,XX3525,Human-QA2,None,,False
QI-3908,EVT-13433,XX0200,Cam-2,None,,False
QI-3909,EVT-12307,XX0776,Cam-1,na,,False
QI-3910,EVT-10665,XX0226,Cam-2,Repair,S-03,False
QI-3911,EVT-10560,XX4567,Cam-2,None,S-01,False
QI-3912,EVT-13657,XX2066,Cam-1,Reject,,False
QI-3913,EVT-14148,XX1779,Cam-1,None,,False
QI-3914,EVT-14997,XX0629,Cam-1,None,,False
QI-3915,EVT-12191,XX2058,Human-QA2,None,,False
QI-3916,EVT-11542,XX0041,Human-QA2,OK,,False
QI-3917,EVT-12850,XX2092,Cam-2,None,,False
QI-3918,EVT-10717,XX2245,Human-QA1,None,,False
QI-3919,EVT-13139,XX0299,Cam-2,None,,False
QI-3920,EVT-12920,XX4305,Human-QA1,na,,False
QI-3921,EVT-10654,XX0459,Cam-2,None,,False
QI-3922,EVT-11131,XX0879,Cam-2,None,,False
QI-3923,EVT-11775,XX1811,Cam-2,None,S-01,False
QI-3924,EVT-13222,XX0789,Human-QA2,None,,False
QI-3925,EVT-13811,XX3896,Cam-2,OK,S-01,False
QI-3926,EVT-11749,XX0383,Human-QA1,None,,False
QI-3927,EVT-13210,XX1451,Human-QA2,None,,False
QI-3928,EVT-12727,XX3416,Cam-2,None,,False
QI-3929,EVT-12536,XX2596,Cam-1,None,,False
QI-3930,EVT-11081,XX4603,Human-QA2,OK,S-03,False
QI-3931,EVT-14183,XX3590,Cam-1,na,,False
QI-3932,EVT-13041,XX0330,Cam-2,None,,False
QI-3933,EVT-12341,XX3055,Human-QA1,None,,False
QI-3934,EVT-13201,XX2536,Cam-1,None,,False
QI-3935,EVT-12087,XX4910,Cam-1,None,,False
QI-3936,EVT-11079,XX1020,Human-QA2,None,,False
QI-3937,EVT-12759,XX3509,Cam-1,None,,False
QI-3938,EVT-10290,XX3822,Cam-2,None,,False
QI-3939,EVT-14802,XX4530,Human-QA2,None,S-01,False
QI-3940,EVT-13423,XX1828,Cam-1,None,,False
QI-3941,EVT-13166,XX4112,Human-QA1,None,,False
QI-3942,EVT-13499,XX0620,Human-QA2,None,,False
QI-3943,EVT-14894,XX0689,Human-QA1,na,,False
QI-3944,EVT-10843,XX2113,Human-QA1,None,,False
QI-3945,EVT-10913,XX4671,Human-QA2,None,,False
QI-3946,EVT-14439,XX0820,Cam-1,None,,False
QI-3947,EVT-13990,XX2252,Cam-1,None,,False
QI-3948,EVT-10976,XX2302,Human-QA1,None,,True
QI-3949,EVT-13326,XX3644,Cam-1,na,,False
QI-3950,EVT-12092,XX2661,Human-QA2,None,,False
QI-3951,EVT-11200,XX2243,Human-QA1,na,S-02,False
QI-3952,EVT-11648,XX2299,Cam-2,None,S-01,False
QI-3953,EVT-10121,XX3555,Cam-2,None,,False
QI-3954,EVT-14370,XX0955,Cam-2,na,,False
QI-3955,EVT-10959,XX3942,Cam-1,None,S-01,False
QI-3956,EVT-13815,XX4749,Cam-2,None,,False
QI-3957,EVT-14407,XX4371,Cam-2,na,,False
QI-3958,EVT-11352,XX1248,Human-QA1,Reject,,True
QI-3959,EVT-10687,XX4635,Human-QA2,None,,False
QI-3960,EVT-12329,XX1274,Human-QA1,None,,False
QI-3961,EVT-10855,XX0013,Human-QA1,None,,False
QI-3962,EVT-14436,XX4706,Cam-2,None,,False
QI-3963,EVT-10021,XX2240,Human-QA1,na,,False
QI-3964,EVT-12004,XX0698,Cam-2,Reject,,False
QI-3965,EVT-13952,XX2067,Cam-1,Repair,,False
QI-3966,EVT-13886,XX2387,Cam-2,na,,False
QI-3967,EVT-10969,XX4675,Human-QA2,None,,False
QI-3968,EVT-13778,XX2074,Human-QA1,None,,False
QI-3969,EVT-10344,XX3078,Human-QA2,None,,False
QI-3970,EVT-11729,XX3213,Human-QA2,None,,False
QI-3971,EVT-13331,XX3814,Human-QA1,None,,False
QI-3972,EVT-14295,XX1051,Human-QA1,None,,False
QI-3973,EVT-13607,XX2153,Human-QA1,None,,False
QI-3974,EVT-13307,XX3928,Human-QA2,OK,,False
QI-3975,EVT-10539,XX2832,Cam-1,None,,True
QI-3976,EVT-12293,XX2351,Human-QA2,None,,False
QI-3977,EVT-12060,XX3149,Cam-1,None,,False
QI-3978,EVT-13638,XX3090,Cam-2,None,,False
QI-3979,EVT-11488,XX3642,Human-QA1,Reject,,False
QI-3980,EVT-10285,XX2690,Human-QA2,None,,False
QI-3981,EVT-11237,XX0174,Cam-1,OK,,False
QI-3982,EVT-10112,XX1425,Cam-1,None,,False
QI-3983,EVT-14433,XX3904,Cam-1,None,,False
QI-3984,EVT-10089,XX0449,Human-QA1,None,,False
QI-3985,EVT-12806,XX1451,Cam-1,None,,False
QI-3986,EVT-11499,XX4174,Human-QA1,None,,False
QI-3987,EVT-11053,XX2487,Human-QA2,None,S-02,False
QI-3988,EVT-11563,XX0782,Cam-1,None,,False
QI-3989,EVT-10356,XX3569,Cam-1,None,,False
QI-3990,EVT-13726,XX0172,Human-QA1,Repair,S-01,False
QI-3991,EVT-14554,XX3770,Human-QA1,None,,False
QI-3992,EVT-10470,XX2409,Human-QA2,na,S-02,False
QI-3993,EVT-12914,XX2284,Human-QA1,None,,True
QI-3994,EVT-12986,XX0433,Human-QA2,None,,False
QI-3995,EVT-12620,XX2786,Human-QA2,None,,False
QI-3996,EVT-13262,XX4946,Cam-1,None,,False
QI-3997,EVT-11141,XX1860,Cam-2,None,,False
QI-3998,EVT-14403,XX1351,Cam-2,None,,False
QI-3999,EVT-14659,XX3920,Human-QA1,None,,False
QI-4000,EVT-11038,XX2675,Human-QA1,None,S-02,False
