Inspection_ID,Event_ID,VIN,Defect_Code,Defect,Inspection_Source,Inspector_ID,Rework_Flag,Scrap_Reason,Result
INSP10000,M7315,XX1 2 3 4,D003, ok ,Unknown,INS69,N,,FAIL
INSP10001,M11905,MA1AB100000004081,NONE,OK,Unknown,INS83,N,Material,FAIL
INSP10002,M10227,MA1AB100000001443,D001,OK,Unknown,INS58,Y,,PASS
INSP10003,M11197,MA1AB100000004063,D002,,Unknown,INS83,Y,Dimension,PASS
INSP10004,M7400,MA1AB100000004745,D001,Reject,Unknown,INS31,N,Weld,PASS
INSP10005,M11278,MA1AB100000000844,NONE, ok ,Unknown,INS22,N,Weld,FAIL
INSP10006,M11332,MA1AB100000003594,D002,Reject,Unknown,INS50,Y,Material,FAIL
INSP10007,M10015,MA1AB100000001523,NONE,OK,Unknown,INS48,N,Weld,FAIL
INSP10008,M7338,MA1AB100000003875,D004,reject,Unknown,INS55,Y,,PASS
INSP10009,M11702,MA1AB100000002519,D001, ok ,Unknown,INS66,Y,Paint,PASS
INSP10010,M7866,MA1AB100000001018,D002, ok ,Unknown,INS53,Y,Material,FAIL
INSP10011,M9121,MA1AB100000003737,D003,,Unknown,INS14,Y,Paint,FAIL
INSP10012,M8589,MA1AB100000004715,D004,Repair,Unknown,INS51,N,Weld,PASS
INSP10013,M8522,MA1AB100000004403,D002,Reject,Unknown,INS95,Y,Weld,PASS
INSP10014,M9829,MA1AB100000001538,D002,,Unknown,INS38,Y,Dimension,PASS
INSP10015,M7786,MA1AB100000000222,D001,reject,Unknown,INS84,N,Weld,PASS
INSP10016,M8064,MA1AB100000003677,D004,Reject,Unknown,INS10,Y,Paint,PASS
INSP10017,M11638,MA1AB100000003403,D002,,Unknown,INS23,Y,Paint,FAIL
INSP10018,M7953,MA1AB100000002690,D003,Repair,Unknown,INS79,Y,Paint,PASS
INSP10019,M8937,MA1AB100000000359,D001,Repair,Unknown,INS99,N,,FAIL
INSP10020,M9782,MA1AB100000001165,D003,Reject,Unknown,INS36,N,Paint,FAIL
INSP10021,M11665,MA1AB100000003639,D003, ok ,Unknown,INS66,N,Material,FAIL
INSP10022,M11499,MA1AB100000004997,D004, ok ,Unknown,INS76,Y,Paint,PASS
INSP10023,M11967,MA1AB100000000203,D001, ok ,Unknown,INS93,Y,Paint,PASS
INSP10024,M11231,MA1AB100000000494,D003,Reject,Unknown,INS69,N,Weld,PASS
INSP10025,M9800,MA1AB100000003755,D004, ok ,Unknown,INS73,Y,,FAIL
INSP10026,M9934,MA1AB100000002726,D003,OK,Unknown,INS99,N,Weld,FAIL
INSP10027,M8726,MA1AB100000001938,D004,Reject,Unknown,INS48,N,Paint,FAIL
INSP10028,M11318,MA1AB100000000398,D002,Repair,Unknown,INS29,Y,Paint,PASS
INSP10029,M11822,MA1AB100000004157,D002,Repair,Unknown,INS59,Y,Weld,PASS
INSP10030,M11222,MA1AB100000002970,D002,OK,Unknown,INS49,N,,PASS
INSP10031,M11675,MA1AB100000004242,D004,OK,Unknown,INS83,N,Dimension,FAIL
INSP10032,M11445,MA1AB100000000872,D001, ok ,Unknown,INS71,Y,Weld,PASS
INSP10033,M8684,MA1AB100000003670,D001, ok ,Unknown,INS71,Y,Paint,FAIL
INSP10034,M7057,MA1AB100000000674,D003,Repair,Unknown,INS21,N,Paint,PASS
INSP10035,M9919,MA1AB100000001679,D003,OK,Unknown,INS69,Y,,PASS
INSP10036,M8794,MA1AB100000000855,D002,reject,Unknown,INS41,Y,Dimension,PASS
INSP10037,M7908,MA1AB100000000814,D003,OK,Unknown,INS88,Y,Weld,FAIL
INSP10038,M10259,MA1AB100000004980,D002,Reject,Unknown,INS72,N,Dimension,FAIL
INSP10039,M10764,MA1AB100000003053,NONE, ok ,Unknown,INS66,N,Dimension,PASS
INSP10040,M11280,MA1AB100000001266,D004,OK,Unknown,INS24,Y,Dimension,PASS
INSP10041,M10780,MA1AB100000000859,D001,OK,Unknown,INS98,N,Paint,FAIL
INSP10042,M7090,MA1AB100000001980,D003,Repair,Unknown,INS60,Y,Paint,PASS
INSP10043,M11284,MA1AB100000004908,D001, ok ,Unknown,INS65,Y,,PASS
INSP10044,M7842,MA1AB100000004571,NONE,,Unknown,INS55,N,Weld,FAIL
INSP10045,M10486,MA1AB100000004448,D001,,Unknown,INS13,Y,,PASS
INSP10046,M10499,MA1AB100000002219,D003,reject,Unknown,INS13,N,Dimension,FAIL
INSP10047,M7265,MA1AB100000001023,D004,Repair,Unknown,INS50,Y,Weld,PASS
INSP10048,M8772,MA1AB100000004442,D001,,Unknown,INS56,N,Weld,PASS
INSP10049,M11061,MA1AB100000002927,NONE,Reject,Unknown,INS66,N,Dimension,FAIL
INSP10050,M8421,MA1AB100000001817,NONE, ok ,Unknown,INS43,N,Dimension,PASS
INSP10051,M9578,MA1AB100000002624,D003,OK,Unknown,INS80,N,Weld,FAIL
INSP10052,M10298,MA1AB100000000289,D001, ok ,Unknown,INS31,N,Paint,FAIL
INSP10053,M9621,MA1AB100000001270,NONE,reject,Unknown,INS62,Y,Weld,PASS
INSP10054,M11556,MA1AB100000002565,D003,reject,Unknown,INS82,Y,,FAIL
INSP10055,M8068,MA1AB100000000983,D004, ok ,Unknown,INS42,Y,Paint,PASS
INSP10056,M7749,MA1AB100000002180,D003,Reject,Unknown,INS74,Y,Paint,PASS
INSP10057,M10124,MA1AB100000002452,NONE, ok ,Unknown,INS77,N,,FAIL
INSP10058,M10666,MA1AB100000002944,D001, ok ,Unknown,INS85,Y,,PASS
INSP10059,M8045,MA1AB100000003979,D004,Repair,Unknown,INS44,Y,Dimension,PASS
INSP10060,M10747,MA1AB100000004868,NONE,reject,Unknown,INS50,Y,Paint,PASS
INSP10061,M8503,MA1AB100000002761,D001, ok ,Unknown,INS91,Y,Dimension,FAIL
INSP10062,M9428,MA1AB100000004293,D002,Reject,Unknown,INS64,N,Weld,PASS
INSP10063,M8955,MA1AB100000002614,D002,,Unknown,INS46,N,,FAIL
INSP10064,M9686,MA1AB100000001016,D004,OK,Unknown,INS47,N,Paint,FAIL
INSP10065,M7083,MA1AB100000003197,NONE,OK,Unknown,INS17,Y,Dimension,FAIL
INSP10066,M8019,MA1AB100000001949,D002,OK,Unknown,INS54,Y,Material,PASS
INSP10067,M7979,MA1AB100000002259,D001,,Unknown,INS39,N,Dimension,FAIL
INSP10068,M11532,MA1AB100000002890,D003,OK,Unknown,INS49,Y,Weld,FAIL
INSP10069,M10843,MA1AB100000004656,D001, ok ,Unknown,INS36,Y,Dimension,FAIL
INSP10070,M8613,MA1AB100000003520,D004,Reject,Unknown,INS54,Y,,FAIL
INSP10071,M8978,MA1AB100000000136,NONE,Repair,Unknown,INS51,Y,Dimension,FAIL
INSP10072,M8446,MA1AB100000003835,NONE,OK,Unknown,INS68,Y,Dimension,PASS
INSP10073,M9312,MA1AB100000004583,D004,Repair,Unknown,INS52,Y,Weld,FAIL
INSP10074,M11508,MA1AB100000004727,D003, ok ,Unknown,INS22,N,Weld,FAIL
INSP10075,M8069,MA1AB100000003050,NONE,,Unknown,INS74,Y,Material,PASS
INSP10076,M7227,MA1AB100000004519,D004,OK,Unknown,INS82,N,,PASS
INSP10077,M11224,MA1AB100000000261,D004,Reject,Unknown,INS68,Y,Paint,FAIL
INSP10078,M11292,MA1AB100000001778,D001,Reject,Unknown,INS81,N,,PASS
INSP10079,M8440,MA1AB100000002533,D003, ok ,Unknown,INS49,Y,Dimension,FAIL
INSP10080,M7269,MA1AB100000002872,D001,OK,Unknown,INS48,Y,Material,PASS
INSP10081,M9164,MA1AB100000004771,D001, ok ,Unknown,INS62,Y,,PASS
INSP10082,M8771,MA1AB100000002781,NONE,reject,Unknown,INS35,N,Weld,PASS
INSP10083,M9289,MA1AB100000000653,D004, ok ,Unknown,INS41,N,Material,PASS
INSP10084,M9259,MA1AB100000003248,D004, ok ,Unknown,INS14,N,Dimension,FAIL
INSP10085,M10512,MA1AB100000000963,NONE,OK,Unknown,INS69,N,Weld,PASS
INSP10086,M8604,MA1AB100000003312,D004,OK,Unknown,INS95,N,Dimension,PASS
INSP10087,M8434,MA1AB100000000200,D002,OK,Unknown,INS58,Y,Material,PASS
INSP10088,M10745,MA1AB100000003025,D002, ok ,Unknown,INS49,Y,Dimension,PASS
INSP10089,M7363,MA1AB100000002499,D004,Repair,Unknown,INS93,Y,Weld,PASS
INSP10090,M10791,MA1AB100000000382,D001,Repair,Unknown,INS24,Y,Weld,PASS
INSP10091,M11783,MA1AB100000001730,D004,Repair,Unknown,INS74,Y,Material,FAIL
INSP10092,M11119,MA1AB100000000892,NONE,,Unknown,INS48,Y,Weld,PASS
INSP10093,M8826,MA1AB100000002883,D003,,Unknown,INS24,Y,Dimension,PASS
INSP10094,M8059,MA1AB100000004027,D004,Repair,Unknown,INS59,N,Dimension,FAIL
INSP10095,M7276,MA1AB100000004179,D004, ok ,Unknown,INS84,N,Material,PASS
INSP10096,M7814,MA1AB100000000005,D002,Repair,Unknown,INS54,Y,Paint,PASS
INSP10097,M11161,MA1AB100000002855,D003,OK,Unknown,INS13,Y,Dimension,FAIL
INSP10098,M10227,MA1AB100000001343,NONE, ok ,Unknown,INS97,N,,PASS
INSP10099,M7107,MA1AB100000000791,D002, ok ,Unknown,INS82,Y,,FAIL
INSP10100,M11929,MA1AB100000001684,NONE,Reject,Unknown,INS11,N,Material,PASS
INSP10101,M9382,MA1AB100000000430,D003, ok ,Unknown,INS75,Y,Material,FAIL
INSP10102,M10109,MA1AB100000001211,D001,OK,Unknown,INS66,Y,,PASS
INSP10103,M11327,MA1AB100000000410,D004,OK,Unknown,INS24,Y,,FAIL
INSP10104,M8317,MA1AB100000000438,D003, ok ,Unknown,INS48,N,Paint,PASS
INSP10105,M10404,MA1AB100000002027,NONE,Repair,Unknown,INS90,Y,Dimension,FAIL
INSP10106,M7778,MA1AB100000002821,D003,,Unknown,INS61,N,Dimension,FAIL
INSP10107,M9274,MA1AB100000002441,D001,OK,Unknown,INS71,N,,PASS
INSP10108,M10740,MA1AB100000002462,D003,OK,Unknown,INS85,Y,Material,FAIL
INSP10109,M10008,MA1AB100000000279,D003,reject,Unknown,INS34,N,Paint,FAIL
INSP10110,M11647,MA1AB100000004380,D001,Repair,Unknown,INS97,N,Material,PASS
INSP10111,M8622,MA1AB100000004787,D002,OK,Unknown,INS52,N,,FAIL
INSP10112,M7727,MA1AB100000001758,D001,OK,Unknown,INS17,Y,Dimension,PASS
INSP10113,M10965,MA1AB100000003439,D002,OK,Unknown,INS85,Y,Weld,FAIL
INSP10114,M7640,MA1AB100000001669,D001,,Unknown,INS76,Y,Weld,PASS
INSP10115,M9403,MA1AB100000000695,D004,Repair,Unknown,INS54,N,Paint,FAIL
INSP10116,M10637,MA1AB100000004741,D003,Repair,Unknown,INS21,N,Paint,FAIL
INSP10117,M9209,MA1AB100000002538,D001,,Unknown,INS40,Y,Paint,FAIL
INSP10118,M11010,MA1AB100000004199,D003,OK,Unknown,INS16,Y,,FAIL
INSP10119,M11023,MA1AB100000001527,D003,OK,Unknown,INS62,Y,Weld,FAIL
INSP10120,M7178,MA1AB100000003034,D004,,Unknown,INS54,Y,Paint,FAIL
INSP10121,M11907,MA1AB100000003117,NONE,reject,Unknown,INS62,N,Dimension,FAIL
INSP10122,M7630,MA1AB100000002139,NONE, ok ,Unknown,INS12,Y,,FAIL
INSP10123,M9702,MA1AB100000000920,D002,OK,Unknown,INS22,N,Dimension,FAIL
INSP10124,M8012,MA1AB100000002046,D002,,Unknown,INS73,N,Dimension,FAIL
INSP10125,M7433,MA1AB100000000660,D004, ok ,Unknown,INS49,N,Paint,FAIL
INSP10126,M7062,MA1AB100000000553,D001,OK,Unknown,INS78,Y,Dimension,FAIL
INSP10127,M7385,MA1AB100000004951,D001,,Unknown,INS98,N,Paint,FAIL
INSP10128,M8151,MA1AB100000002495,D003,Repair,Unknown,INS44,N,Dimension,PASS
INSP10129,M8208,MA1AB100000004601,D002, ok ,Unknown,INS95,N,Dimension,FAIL
INSP10130,M7417,MA1AB100000000262,D001,OK,Unknown,INS51,Y,,PASS
INSP10131,M8950,MA1AB100000003465,D002,,Unknown,INS88,N,Paint,FAIL
INSP10132,M11577,MA1AB100000003776,NONE, ok ,Unknown,INS50,N,Dimension,PASS
INSP10133,M7160,MA1AB100000003727,D004,reject,Unknown,INS63,N,Material,FAIL
INSP10134,M9868,MA1AB100000002843,D004,OK,Unknown,INS66,N,,FAIL
INSP10135,M7481,MA1AB100000002920,D003,Repair,Unknown,INS62,N,Paint,PASS
INSP10136,M9009,MA1AB100000002318,NONE,Repair,Unknown,INS59,Y,Weld,FAIL
INSP10137,M11852,MA1AB100000003188,D004,OK,Unknown,INS25,Y,Material,FAIL
INSP10138,M8676,MA1AB100000000448,D002,OK,Unknown,INS53,N,Material,FAIL
INSP10139,M10259,MA1AB100000001382,D002,reject,Unknown,INS73,N,Dimension,FAIL
INSP10140,M11448,MA1AB100000004966,NONE,,Unknown,INS92,N,Material,FAIL
INSP10141,M7667,MA1AB100000001158,D003,OK,Unknown,INS95,N,Paint,FAIL
INSP10142,M11356,MA1AB100000002334,D001,,Unknown,INS86,Y,Dimension,PASS
INSP10143,M8590,MA1AB100000002579,D003,reject,Unknown,INS95,N,Paint,FAIL
INSP10144,M10756,MA1AB100000002340,D001,Reject,Unknown,INS50,N,,FAIL
INSP10145,M11779,MA1AB100000001591,D002, ok ,Unknown,INS74,N,Paint,PASS
INSP10146,M8143,MA1AB100000000494,D002,OK,Unknown,INS66,Y,Weld,FAIL
INSP10147,M7159,MA1AB100000003123,D002,reject,Unknown,INS75,N,Weld,PASS
INSP10148,M11444,MA1AB100000001511,D002,OK,Unknown,INS35,Y,Dimension,PASS
INSP10149,M10496,MA1AB100000002808,NONE, ok ,Unknown,INS95,Y,Material,PASS
INSP10150,M7939,MA1AB100000000905,NONE,OK,Unknown,INS81,N,Paint,PASS
INSP10151,M8908,MA1AB100000000377,D002,reject,Unknown,INS22,Y,Paint,PASS
INSP10152,M7751,MA1AB100000001834,D004, ok ,Unknown,INS59,N,Dimension,FAIL
INSP10153,M7986,MA1AB100000004530,NONE,Reject,Unknown,INS48,Y,,PASS
INSP10154,M10684,MA1AB100000004395,D002, ok ,Unknown,INS85,Y,Dimension,FAIL
INSP10155,M10423,MA1AB100000002176,D003,,Unknown,INS85,Y,Paint,FAIL
INSP10156,M8854,MA1AB100000003159,D004, ok ,Unknown,INS50,Y,Material,FAIL
INSP10157,M9576,MA1AB100000000553,D004,,Unknown,INS46,N,Material,FAIL
INSP10158,M9075,MA1AB100000002181,D004,Repair,Unknown,INS42,N,Dimension,FAIL
INSP10159,M11977,MA1AB100000001584,D003,Repair,Unknown,INS87,Y,Paint,PASS
INSP10160,M7239,MA1AB100000003848,D002,,Unknown,INS56,N,Paint,FAIL
INSP10161,M10012,MA1AB100000000798,D003,OK,Unknown,INS58,N,Weld,FAIL
INSP10162,M10428,MA1AB100000001095,D003,,Unknown,INS21,Y,Paint,FAIL
INSP10163,M9227,MA1AB100000003829,D003,Reject,Unknown,INS79,N,Material,PASS
INSP10164,M8214,MA1AB100000003924,NONE,,Unknown,INS24,N,Material,FAIL
INSP10165,M7959,MA1AB100000004769,D002,,Unknown,INS62,N,Material,FAIL
INSP10166,M10259,MA1AB100000001815,D003,reject,Unknown,INS30,Y,Weld,FAIL
INSP10167,M8312,MA1AB100000003843,D002,reject,Unknown,INS74,N,Weld,FAIL
INSP10168,M11637,MA1AB100000002901,D001,Repair,Unknown,INS55,Y,Material,PASS
INSP10169,M11525,MA1AB100000003784,D002,OK,Unknown,INS25,N,Material,FAIL
INSP10170,M8663,MA1AB100000003464,D004,Reject,Unknown,INS15,Y,Dimension,FAIL
INSP10171,M10784,MA1AB100000001822,NONE,OK,Unknown,INS21,N,Paint,FAIL
INSP10172,M9469,MA1AB100000000494,D001,Reject,Unknown,INS21,Y,Weld,FAIL
INSP10173,M10186,MA1AB100000002067,D003,,Unknown,INS76,Y,,PASS
INSP10174,M9920,MA1AB100000004460,NONE,Repair,Unknown,INS45,N,Weld,FAIL
INSP10175,M11447,MA1AB100000001348,D003,reject,Unknown,INS31,Y,Dimension,FAIL
INSP10176,M9455,MA1AB100000003636,D001, ok ,Unknown,INS67,N,,PASS
INSP10177,M9820,MA1AB100000004328,D001,reject,Unknown,INS59,Y,Dimension,PASS
INSP10178,M11854,MA1AB100000004221,D003,Repair,Unknown,INS68,N,Weld,PASS
INSP10179,M9527,MA1AB100000003697,D004,,Unknown,INS57,Y,,PASS
INSP10180,M11394,MA1AB100000001509,NONE,reject,Unknown,INS56,Y,Material,PASS
INSP10181,M8796,MA1AB100000003099,NONE,OK,Unknown,INS12,Y,Paint,FAIL
INSP10182,M10288,MA1AB100000002197,D003,reject,Unknown,INS96,Y,Weld,FAIL
INSP10183,M8165,MA1AB100000000374,D002,,Unknown,INS52,N,,PASS
INSP10184,M7969,MA1AB100000001917,D001,Reject,Unknown,INS37,Y,Paint,FAIL
INSP10185,M7364,MA1AB100000001948,D003,,Unknown,INS29,Y,Material,PASS
INSP10186,M10499,MA1AB100000001896,D004,reject,Unknown,INS22,Y,Weld,FAIL
INSP10187,M10770,MA1AB100000004492,D002,reject,Unknown,INS60,N,Weld,FAIL
INSP10188,M10339,MA1AB100000003789,NONE,Reject,Unknown,INS61,N,Material,PASS
INSP10189,M9610,MA1AB100000004447,D004,OK,Unknown,INS37,N,Paint,PASS
INSP10190,M8113,MA1AB100000001361,D002,reject,Unknown,INS33,Y,Paint,FAIL
INSP10191,M8930,MA1AB100000003540,NONE,,Unknown,INS34,N,,FAIL
INSP10192,M11127,MA1AB100000000294,NONE,,Unknown,INS84,N,Material,PASS
INSP10193,M9220,MA1AB100000001571,D003,Reject,Unknown,INS31,Y,Weld,FAIL
INSP10194,M9856,MA1AB100000003399,D002,Reject,Unknown,INS93,Y,Material,FAIL
INSP10195,M7044,MA1AB100000000087,D004,OK,Unknown,INS11,N,Material,PASS
INSP10196,M8344,MA1AB100000001462,NONE,,Unknown,INS52,Y,,FAIL
INSP10197,M8399,MA1AB100000001907,D004,reject,Unknown,INS56,Y,Material,PASS
INSP10198,M9748,MA1AB100000002954,NONE,Reject,Unknown,INS32,N,Weld,PASS
INSP10199,M7644,MA1AB100000003207,D001,reject,Unknown,INS44,Y,Material,FAIL
INSP10200,M11820,MA1AB100000004588,D003,reject,Unknown,INS86,Y,Weld,PASS
INSP10201,M8892,MA1AB100000002566,D003,OK,Unknown,INS87,Y,Dimension,FAIL
INSP10202,M8596,MA1AB100000004153,D003,reject,Unknown,INS72,Y,,FAIL
INSP10203,M7823,MA1AB100000001311,D004,reject,Unknown,INS81,Y,Weld,FAIL
INSP10204,M9609,MA1AB100000000458,NONE,OK,Unknown,INS86,N,Material,PASS
INSP10205,M7557,MA1AB100000003450,NONE,Reject,Unknown,INS31,Y,Weld,FAIL
INSP10206,M10302,MA1AB100000004379,D004,reject,Unknown,INS15,N,Material,FAIL
INSP10207,M7298,MA1AB100000004405,NONE,,Unknown,INS35,Y,Dimension,FAIL
INSP10208,M7376,MA1AB100000004814,D004,Reject,Unknown,INS25,Y,Weld,PASS
INSP10209,M9786,MA1AB100000000499,D002,Repair,Unknown,INS94,N,,PASS
INSP10210,M10653,MA1AB100000000237,NONE, ok ,Unknown,INS30,N,Material,FAIL
INSP10211,M7805,MA1AB100000001178,NONE,,Unknown,INS61,Y,Weld,PASS
INSP10212,M7680,MA1AB100000001330,NONE,Reject,Unknown,INS53,N,Weld,FAIL
INSP10213,M9374,MA1AB100000000646,NONE, ok ,Unknown,INS74,N,Paint,FAIL
INSP10214,M10054,MA1AB100000002238,D003, ok ,Unknown,INS97,N,,FAIL
INSP10215,M10681,MA1AB100000004665,D004,OK,Unknown,INS16,Y,,PASS
INSP10216,M11670,MA1AB100000000966,NONE, ok ,Unknown,INS88,Y,Paint,FAIL
INSP10217,M11786,MA1AB100000002805,D001,Reject,Unknown,INS71,N,Dimension,PASS
INSP10218,M9965,MA1AB100000002090,NONE,reject,Unknown,INS14,N,Dimension,FAIL
INSP10219,M9946,MA1AB100000000727,D003, ok ,Unknown,INS32,Y,Weld,PASS
INSP10220,M9185,MA1AB100000003926,D002,,Unknown,INS80,Y,,PASS
INSP10221,M9194,MA1AB100000004117,D002,reject,Unknown,INS40,N,,PASS
INSP10222,M10324,MA1AB100000003502,D003, ok ,Unknown,INS56,N,Material,FAIL
INSP10223,M9777,MA1AB100000003581,NONE,,Unknown,INS29,Y,Dimension,PASS
INSP10224,M9226,MA1AB100000003779,NONE,reject,Unknown,INS91,N,Dimension,FAIL
INSP10225,M9139,MA1AB100000004810,D002,,Unknown,INS46,N,Material,FAIL
INSP10226,M10502,MA1AB100000003091,D001,Repair,Unknown,INS31,Y,Weld,FAIL
INSP10227,M9451,MA1AB100000002541,D003,Repair,Unknown,INS75,N,Dimension,FAIL
INSP10228,M10302,MA1AB100000003239,D001,Reject,Unknown,INS87,N,Weld,FAIL
INSP10229,M7448,MA1AB100000003697,D003,OK,Unknown,INS33,N,Material,FAIL
INSP10230,M7540,MA1AB100000001903,D003,OK,Unknown,INS89,N,Weld,PASS
INSP10231,M11268,MA1AB100000003169,D003,reject,Unknown,INS67,N,Paint,PASS
INSP10232,M11109,MA1AB100000001859,D003,,Unknown,INS47,Y,Dimension,PASS
INSP10233,M8083,MA1AB100000004809,D002,OK,Unknown,INS32,N,Weld,PASS
INSP10234,M11187,MA1AB100000001918,NONE,OK,Unknown,INS42,Y,Material,FAIL
INSP10235,M11218,MA1AB100000003809,D001,Repair,Unknown,INS43,N,Material,FAIL
INSP10236,M10296,MA1AB100000003333,D001,Reject,Unknown,INS45,N,Weld,PASS
INSP10237,M10575,MA1AB100000000928,D001,Repair,Unknown,INS99,N,,FAIL
INSP10238,M11387,MA1AB100000004448,D004,reject,Unknown,INS24,Y,Weld,FAIL
INSP10239,M11053,MA1AB100000000374,D004,Reject,Unknown,INS74,Y,Paint,FAIL
INSP10240,M8702,MA1AB100000002630,D001,,Unknown,INS81,N,,FAIL
INSP10241,M9176,MA1AB100000003275,NONE,Reject,Unknown,INS68,Y,Dimension,FAIL
INSP10242,M9965,MA1AB100000002766,D003,Reject,Unknown,INS93,Y,,PASS
INSP10243,M10415,MA1AB100000002539,D001,Reject,Unknown,INS67,N,Paint,FAIL
INSP10244,M11849,MA1AB100000001044,D001, ok ,Unknown,INS92,Y,Paint,FAIL
INSP10245,M8426,MA1AB100000004447,D002,Repair,Unknown,INS86,Y,Weld,PASS
INSP10246,M9072,MA1AB100000003379,D003, ok ,Unknown,INS27,Y,Paint,PASS
INSP10247,M10948,MA1AB100000003787,D004,reject,Unknown,INS63,Y,Paint,FAIL
INSP10248,M9806,MA1AB100000003187,D004,OK,Unknown,INS34,N,Dimension,FAIL
INSP10249,M7414,MA1AB100000003759,D002,reject,Unknown,INS83,Y,Dimension,PASS
INSP10250,M10150,XX1 2 3 4,D001,Reject,Unknown,INS31,N,Paint,FAIL
INSP10251,M7518,MA1AB100000002769,NONE,Reject,Unknown,INS49,Y,Material,FAIL
INSP10252,M10268,MA1AB100000000861,NONE,Repair,Unknown,INS91,N,Paint,PASS
INSP10253,M8713,MA1AB100000000633,D003,,Unknown,INS90,Y,Paint,PASS
INSP10254,M11700,MA1AB100000003734,NONE,reject,Unknown,INS43,N,,PASS
INSP10255,M11597,MA1AB100000003867,NONE,OK,Unknown,INS56,N,Material,FAIL
INSP10256,M8992,MA1AB100000001128,D004,Repair,Unknown,INS24,N,Dimension,FAIL
INSP10257,M7835,MA1AB100000004600,D003,Repair,Unknown,INS51,Y,Paint,PASS
INSP10258,M9245,MA1AB100000004173,D002,Reject,Unknown,INS88,Y,Paint,PASS
INSP10259,M11678,MA1AB100000002610,D003,Reject,Unknown,INS37,Y,Material,FAIL
INSP10260,M10661,MA1AB100000001372,D004,Repair,Unknown,INS62,N,Dimension,FAIL
INSP10261,M11171,MA1AB100000001719,NONE,Reject,Unknown,INS66,N,Weld,PASS
INSP10262,M8829,MA1AB100000000297,NONE,reject,Unknown,INS29,Y,,PASS
INSP10263,M10954,MA1AB100000003967,NONE,OK,Unknown,INS62,Y,Material,FAIL
INSP10264,M8568,MA1AB100000004331,D003, ok ,Unknown,INS11,Y,,FAIL
INSP10265,M10480,MA1AB100000001447,D002,Reject,Unknown,INS62,N,Material,FAIL
INSP10266,M9767,MA1AB100000004447,NONE,Repair,Unknown,INS89,N,Material,FAIL
INSP10267,M11621,MA1AB100000002047,D004,Repair,Unknown,INS70,Y,Weld,PASS
INSP10268,M10061,MA1AB100000002025,D003,Repair,Unknown,INS51,N,Weld,FAIL
INSP10269,M9610,MA1AB100000003153,D003, ok ,Unknown,INS82,N,Weld,FAIL
INSP10270,M8011,MA1AB100000004673,D001,Reject,Unknown,INS93,N,Paint,FAIL
INSP10271,M10287,MA1AB100000000093,NONE,OK,Unknown,INS88,N,Material,PASS
INSP10272,M9463,MA1AB100000001917,D001,,Unknown,INS37,Y,Weld,PASS
INSP10273,M9958,MA1AB100000001620,D004,OK,Unknown,INS74,N,Dimension,FAIL
INSP10274,M9999,MA1AB100000001169,D001,,Unknown,INS75,Y,Weld,PASS
INSP10275,M8496,MA1AB100000004482,D001,Reject,Unknown,INS57,N,Weld,FAIL
INSP10276,M9945,MA1AB100000003346,D004,Repair,Unknown,INS38,N,Paint,PASS
INSP10277,M9794,MA1AB100000004172,D004,OK,Unknown,INS29,N,,FAIL
INSP10278,M9328,MA1AB100000001816,NONE,,Unknown,INS65,Y,Paint,FAIL
INSP10279,M10102,MA1AB100000000573,D002,OK,Unknown,INS26,Y,Weld,FAIL
INSP10280,M11192,MA1AB100000002557,D001,reject,Unknown,INS21,N,Weld,FAIL
INSP10281,M11910,MA1AB100000003117,D003,OK,Unknown,INS80,Y,Weld,PASS
INSP10282,M11885,MA1AB100000000279,D002,Reject,Unknown,INS53,N,Paint,PASS
INSP10283,M8279,MA1AB100000003853,D004,Repair,Unknown,INS36,N,Weld,PASS
INSP10284,M10148,MA1AB100000003640,D003,Reject,Unknown,INS22,N,Material,FAIL
INSP10285,M10325,MA1AB100000001624,NONE,OK,Unknown,INS63,N,,FAIL
INSP10286,M10315,MA1AB100000000397,D002, ok ,Unknown,INS11,Y,Dimension,PASS
INSP10287,M11460,MA1AB100000002512,D001, ok ,Unknown,INS82,Y,Paint,PASS
INSP10288,M8495,MA1AB100000001265,D001,Reject,Unknown,INS16,Y,Dimension,PASS
INSP10289,M8878,MA1AB100000004194,NONE, ok ,Unknown,INS44,Y,Weld,FAIL
INSP10290,M11484,MA1AB100000002837,D004,OK,Unknown,INS70,Y,Paint,FAIL
INSP10291,M10872,MA1AB100000003060,D001,,Unknown,INS42,Y,Material,PASS
INSP10292,M10054,MA1AB100000000381,NONE,Repair,Unknown,INS56,N,Dimension,PASS
INSP10293,M9477,MA1AB100000003056,D001,Reject,Unknown,INS72,Y,Paint,FAIL
INSP10294,M8878,MA1AB100000002645,D002,Reject,Unknown,INS52,Y,Paint,FAIL
INSP10295,M11527,MA1AB100000004939,D002,OK,Unknown,INS90,Y,Weld,PASS
INSP10296,M11669,MA1AB100000004870,D002,reject,Unknown,INS27,N,Material,FAIL
INSP10297,M10070,MA1AB100000003957,D003,Reject,Unknown,INS73,N,Dimension,PASS
INSP10298,M8926,MA1AB100000003407,D003,Reject,Unknown,INS18,N,Paint,FAIL
INSP10299,M7256,MA1AB100000002739,D001,Reject,Unknown,INS25,N,Weld,FAIL
INSP10300,M7543,MA1AB100000004779,NONE,OK,Unknown,INS52,Y,Dimension,PASS
INSP10301,M9767,MA1AB100000001359,D001,OK,Unknown,INS17,N,Weld,FAIL
INSP10302,M11663,MA1AB100000004960,NONE,Repair,Unknown,INS13,N,Weld,PASS
INSP10303,M11716,MA1AB100000004028,D004,Repair,Unknown,INS35,N,,PASS
INSP10304,M10944,MA1AB100000000913,D001,Repair,Unknown,INS57,N,,PASS
INSP10305,M7598,MA1AB100000003020,D002, ok ,Unknown,INS52,Y,Weld,PASS
INSP10306,M7233,MA1AB100000004124,D001, ok ,Unknown,INS89,N,Dimension,FAIL
INSP10307,M8542,MA1AB100000000438,NONE,OK,Unknown,INS99,N,Weld,FAIL
INSP10308,M9814,MA1AB100000004555,D001,,Unknown,INS99,N,Material,FAIL
INSP10309,M9536,MA1AB100000002379,D004,,Unknown,INS41,Y,Material,PASS
INSP10310,M9633,MA1AB100000003786,D002,reject,Unknown,INS99,N,,FAIL
INSP10311,M8981,MA1AB100000003506,NONE,reject,Unknown,INS23,Y,Weld,FAIL
INSP10312,M11124,MA1AB100000003237,NONE,Repair,Unknown,INS17,Y,Dimension,FAIL
INSP10313,M11562,MA1AB100000000792,D003,OK,Unknown,INS50,Y,Material,FAIL
INSP10314,M8924,MA1AB100000001485,D001, ok ,Unknown,INS16,N,,FAIL
INSP10315,M11603,MA1AB100000002505,D001,Reject,Unknown,INS24,N,,FAIL
INSP10316,M10808,MA1AB100000003674,D002,reject,Unknown,INS20,N,Dimension,PASS
INSP10317,M9418,MA1AB100000003871,NONE,,Unknown,INS40,N,Material,PASS
INSP10318,M8570,MA1AB100000001592,NONE,Repair,Unknown,INS93,Y,Weld,PASS
INSP10319,M9137,MA1AB100000000881,D004,reject,Unknown,INS14,Y,Weld,FAIL
INSP10320,M8763,MA1AB100000004744,D001, ok ,Unknown,INS26,N,Weld,FAIL
INSP10321,M9455,MA1AB100000001579,D004,OK,Unknown,INS77,Y,Material,FAIL
INSP10322,M11108,MA1AB100000003746,NONE,Reject,Unknown,INS30,N,,PASS
INSP10323,M10966,MA1AB100000002923,D001,reject,Unknown,INS45,Y,Material,FAIL
INSP10324,M7388,MA1AB100000004713,D003, ok ,Unknown,INS11,N,Weld,FAIL
INSP10325,M7007,MA1AB100000001879,NONE,reject,Unknown,INS99,Y,,FAIL
INSP10326,M11268,MA1AB100000004691,D004,Reject,Unknown,INS71,N,Paint,FAIL
INSP10327,M8483,MA1AB100000000264,D004,,Unknown,INS66,Y,Dimension,FAIL
INSP10328,M10499,MA1AB100000000487,NONE,OK,Unknown,INS44,Y,,PASS
INSP10329,M11141,MA1AB100000004508,NONE,,Unknown,INS22,Y,,PASS
INSP10330,M9222,MA1AB100000001332,NONE,Reject,Unknown,INS95,Y,Dimension,PASS
INSP10331,M11726,MA1AB100000004836,D003, ok ,Unknown,INS25,N,,FAIL
INSP10332,M9200,MA1AB100000001004,D003,Repair,Unknown,INS47,Y,Weld,PASS
INSP10333,M11500,MA1AB100000000186,D002,Reject,Unknown,INS50,Y,Dimension,FAIL
INSP10334,M10789,MA1AB100000003885,D003,OK,Unknown,INS61,N,Weld,PASS
INSP10335,M10040,MA1AB100000000653,D003,Repair,Unknown,INS46,Y,Weld,PASS
INSP10336,M9907,MA1AB100000004048,D001,reject,Unknown,INS32,Y,Dimension,FAIL
INSP10337,M11293,MA1AB100000003839,D002,OK,Unknown,INS53,Y,Paint,FAIL
INSP10338,M10902,MA1AB100000003039,NONE,reject,Unknown,INS50,N,Weld,FAIL
INSP10339,M7433,MA1AB100000000770,D004,reject,Unknown,INS48,Y,Dimension,FAIL
INSP10340,M11600,MA1AB100000002720,D004,OK,Unknown,INS11,N,Weld,PASS
INSP10341,M8105,MA1AB100000003700,D004,reject,Unknown,INS33,Y,Paint,PASS
INSP10342,M8548,MA1AB100000001141,D003, ok ,Unknown,INS91,N,Weld,PASS
INSP10343,M7103,MA1AB100000004238,NONE,,Unknown,INS69,N,Material,PASS
INSP10344,M8895,MA1AB100000004460,D004,Repair,Unknown,INS31,N,Weld,FAIL
INSP10345,M10165,MA1AB100000004210,D004,,Unknown,INS43,N,Weld,FAIL
INSP10346,M11340,MA1AB100000003997,D001,,Unknown,INS38,Y,Weld,FAIL
INSP10347,M10399,MA1AB100000003228,D002,OK,Unknown,INS97,Y,Paint,FAIL
INSP10348,M9029,MA1AB100000001979,D004,OK,Unknown,INS38,N,Dimension,PASS
INSP10349,M10288,MA1AB100000001795,NONE,,Unknown,INS55,Y,,PASS
INSP10350,M9270,MA1AB100000000860,NONE, ok ,Unknown,INS84,N,Paint,FAIL
INSP10351,M7845,MA1AB100000003152,D001,reject,Unknown,INS74,Y,Weld,FAIL
INSP10352,M11330,MA1AB100000003551,D002, ok ,Unknown,INS85,N,,FAIL
INSP10353,M9442,MA1AB100000000747,D003,,Unknown,INS45,Y,,PASS
INSP10354,M9426,MA1AB100000004550,NONE,Reject,Unknown,INS95,N,Dimension,PASS
INSP10355,M8207,MA1AB100000002419,D001,OK,Unknown,INS37,Y,Paint,FAIL
INSP10356,M7276,MA1AB100000001816,D001,Reject,Unknown,INS92,Y,Paint,PASS
INSP10357,M10323,MA1AB100000004905,NONE,,Unknown,INS63,N,Dimension,PASS
INSP10358,M11563,MA1AB100000002074,NONE, ok ,Unknown,INS29,Y,Material,PASS
INSP10359,M11951,MA1AB100000002498,D002,Reject,Unknown,INS96,Y,Paint,PASS
INSP10360,M10766,MA1AB100000001235,D003,Reject,Unknown,INS93,N,,FAIL
INSP10361,M9233,MA1AB100000001380,D004,Reject,Unknown,INS39,Y,Weld,PASS
INSP10362,M11306,MA1AB100000001553,D003,OK,Unknown,INS92,N,Paint,FAIL
INSP10363,M11542,MA1AB100000000353,D004,Reject,Unknown,INS82,N,Weld,PASS
INSP10364,M11297,MA1AB100000004854,NONE,Repair,Unknown,INS13,N,Material,FAIL
INSP10365,M9623,MA1AB100000000698,D001,Repair,Unknown,INS41,Y,Weld,FAIL
INSP10366,M7609,MA1AB100000003602,D001,,Unknown,INS40,N,Paint,FAIL
INSP10367,M10056,MA1AB100000004864,D003,reject,Unknown,INS31,N,Weld,PASS
INSP10368,M9542,MA1AB100000001220,D001,Repair,Unknown,INS60,Y,Weld,FAIL
INSP10369,M7713,MA1AB100000004364,D002,Reject,Unknown,INS53,N,Paint,FAIL
INSP10370,M9103,MA1AB100000002438,NONE, ok ,Unknown,INS96,Y,,FAIL
INSP10371,M11885,MA1AB100000001285,D003,reject,Unknown,INS82,N,Weld,FAIL
INSP10372,M11203,MA1AB100000001247,D004, ok ,Unknown,INS98,Y,Dimension,PASS
INSP10373,M7554,MA1AB100000004996,NONE,,Unknown,INS98,Y,,FAIL
INSP10374,M8612,MA1AB100000001738,D004,Reject,Unknown,INS22,Y,Dimension,PASS
INSP10375,M7204,MA1AB100000002645,D001, ok ,Unknown,INS64,N,Material,PASS
INSP10376,M11328,MA1AB100000001660,D002,reject,Unknown,INS13,Y,Dimension,FAIL
INSP10377,M7230,MA1AB100000002550,NONE, ok ,Unknown,INS20,N,,FAIL
INSP10378,M11226,MA1AB100000000949,NONE, ok ,Unknown,INS85,Y,,FAIL
INSP10379,M7121,MA1AB100000004709,D001, ok ,Unknown,INS19,N,Material,FAIL
INSP10380,M8408,MA1AB100000001223,D004,,Unknown,INS92,Y,Material,FAIL
INSP10381,M10988,MA1AB100000000674,D004,Repair,Unknown,INS32,Y,Weld,PASS
INSP10382,M9891,MA1AB100000002703,D002,reject,Unknown,INS93,N,,PASS
INSP10383,M9788,MA1AB100000004199,D003, ok ,Unknown,INS29,N,Dimension,FAIL
INSP10384,M8102,MA1AB100000002802,NONE,Reject,Unknown,INS76,N,Material,PASS
INSP10385,M7557,MA1AB100000001563,NONE,reject,Unknown,INS72,N,Weld,PASS
INSP10386,M8679,MA1AB100000002836,D003,Reject,Unknown,INS23,Y,Paint,FAIL
INSP10387,M9599,MA1AB100000003537,D003,OK,Unknown,INS69,Y,,FAIL
INSP10388,M7299,MA1AB100000000539,NONE, ok ,Unknown,INS24,Y,Material,FAIL
INSP10389,M10351,MA1AB100000003221,D001,Reject,Unknown,INS52,N,Paint,FAIL
INSP10390,M9285,MA1AB100000004213,D002,,Unknown,INS39,N,Paint,FAIL
INSP10391,M8909,MA1AB100000000637,NONE, ok ,Unknown,INS13,N,Dimension,FAIL
INSP10392,M8695,MA1AB100000002503,D002,OK,Unknown,INS23,N,Weld,PASS
INSP10393,M8312,MA1AB100000001015,D004,Reject,Unknown,INS41,N,,PASS
INSP10394,M10618,MA1AB100000000217,D004,Reject,Unknown,INS44,Y,,FAIL
INSP10395,M10847,MA1AB100000003046,D004,OK,Unknown,INS35,N,Weld,FAIL
INSP10396,M11368,MA1AB100000001975,NONE,Repair,Unknown,INS32,Y,Dimension,PASS
INSP10397,M7466,MA1AB100000003401,D004,,Unknown,INS60,Y,Paint,PASS
INSP10398,M11244,MA1AB100000003688,D001,,Unknown,INS28,Y,Dimension,PASS
INSP10399,M10681,MA1AB100000004224,D004,OK,Unknown,INS68,N,Material,FAIL
INSP10400,M7344,MA1AB100000002751,D003, ok ,Unknown,INS91,Y,Paint,FAIL
INSP10401,M11164,MA1AB100000002075,D002,reject,Unknown,INS49,Y,Paint,FAIL
INSP10402,M10520,MA1AB100000000002,D002,,Unknown,INS71,N,Material,FAIL
INSP10403,M9665,MA1AB100000004962,D001,reject,Unknown,INS12,N,Material,PASS
INSP10404,M8659,MA1AB100000003610,NONE, ok ,Unknown,INS16,N,Paint,FAIL
INSP10405,M9573,MA1AB100000004969,NONE,Repair,Unknown,INS52,N,Weld,PASS
INSP10406,M10652,MA1AB100000004855,D004,Repair,Unknown,INS24,Y,Paint,FAIL
INSP10407,M10344,MA1AB100000002984,NONE,Reject,Unknown,INS42,Y,Dimension,PASS
INSP10408,M7466,MA1AB100000003458,NONE, ok ,Unknown,INS93,N,,PASS
INSP10409,M7570,MA1AB100000001800,D001,reject,Unknown,INS99,N,Weld,FAIL
INSP10410,M8741,MA1AB100000002637,D004,Repair,Unknown,INS82,N,Weld,PASS
INSP10411,M11492,MA1AB100000000966,D003,Repair,Unknown,INS48,Y,,FAIL
INSP10412,M10607,MA1AB100000001236,D001,,Unknown,INS45,N,Paint,FAIL
INSP10413,M10213,MA1AB100000001525,D003,,Unknown,INS62,N,Material,PASS
INSP10414,M7205,MA1AB100000003073,NONE,OK,Unknown,INS88,N,Material,PASS
INSP10415,M11956,MA1AB100000002626,D004,Reject,Unknown,INS64,Y,Dimension,PASS
INSP10416,M9628,MA1AB100000003127,NONE,OK,Unknown,INS91,Y,Material,PASS
INSP10417,M7147,MA1AB100000003728,NONE, ok ,Unknown,INS52,N,Material,PASS
INSP10418,M7804,MA1AB100000000586,D001,Repair,Unknown,INS83,Y,Dimension,PASS
INSP10419,M10568,MA1AB100000001501,D003,Repair,Unknown,INS56,N,Material,PASS
INSP10420,M9860,MA1AB100000000924,NONE,reject,Unknown,INS35,Y,Material,FAIL
INSP10421,M8990,MA1AB100000002310,NONE, ok ,Unknown,INS44,Y,Dimension,FAIL
INSP10422,M11278,MA1AB100000004636,NONE,Repair,Unknown,INS30,Y,Material,PASS
INSP10423,M9343,MA1AB100000003189,NONE, ok ,Unknown,INS40,Y,Material,PASS
INSP10424,M11140,MA1AB100000002436,NONE,Repair,Unknown,INS86,Y,Dimension,PASS
INSP10425,M9728,MA1AB100000003695,NONE,reject,Unknown,INS16,N,,FAIL
INSP10426,M7439,MA1AB100000000069,D001,Repair,Unknown,INS99,Y,Dimension,FAIL
INSP10427,M7881,MA1AB100000002491,D002,Repair,Unknown,INS52,Y,Paint,FAIL
INSP10428,M7066,MA1AB100000000663,NONE,OK,Unknown,INS66,N,Weld,FAIL
INSP10429,M10248,MA1AB100000004716,D001,Repair,Unknown,INS58,N,Weld,FAIL
INSP10430,M9141,MA1AB100000003747,D002,,Unknown,INS62,N,Dimension,PASS
INSP10431,M7017,MA1AB100000000360,D004,Reject,Unknown,INS26,N,Dimension,FAIL
INSP10432,M9906,MA1AB100000003814,D003,reject,Unknown,INS97,N,Material,PASS
INSP10433,M11948,MA1AB100000000484,NONE,,Unknown,INS49,Y,Dimension,FAIL
INSP10434,M9927,MA1AB100000004081,NONE,Repair,Unknown,INS38,N,Paint,FAIL
INSP10435,M8325,MA1AB100000003492,NONE,Reject,Unknown,INS18,N,Paint,PASS
INSP10436,M9861,MA1AB100000003610,D003,Reject,Unknown,INS70,N,Weld,FAIL
INSP10437,M8868,MA1AB100000004532,NONE,reject,Unknown,INS20,Y,Weld,FAIL
INSP10438,M11995,MA1AB100000001434,D003,OK,Unknown,INS45,N,Paint,PASS
INSP10439,M8958,MA1AB100000000474,NONE,Repair,Unknown,INS96,Y,Material,PASS
INSP10440,M10511,MA1AB100000004679,D001,Reject,Unknown,INS80,Y,Paint,PASS
INSP10441,M10443,MA1AB100000001705,NONE, ok ,Unknown,INS83,Y,Material,PASS
INSP10442,M11711,MA1AB100000004727,NONE, ok ,Unknown,INS62,Y,Weld,PASS
INSP10443,M7294,MA1AB100000001501,D004, ok ,Unknown,INS45,N,Material,FAIL
INSP10444,M10070,MA1AB100000002602,NONE,,Unknown,INS85,N,,PASS
INSP10445,M9179,MA1AB100000004945,D003,Repair,Unknown,INS63,Y,Material,PASS
INSP10446,M7123,MA1AB100000001457,D003,reject,Unknown,INS45,Y,,PASS
INSP10447,M8481,MA1AB100000003201,D001, ok ,Unknown,INS34,Y,Material,FAIL
INSP10448,M11072,MA1AB100000003622,D004, ok ,Unknown,INS42,Y,Paint,FAIL
INSP10449,M10230,MA1AB100000000744,D004,Reject,Unknown,INS61,Y,,FAIL
INSP10450,M9889,MA1AB100000002936,NONE,OK,Unknown,INS84,Y,Weld,FAIL
INSP10451,M7817,MA1AB100000002867,D003,,Unknown,INS52,N,Weld,FAIL
INSP10452,M10602,MA1AB100000004052,D004,reject,Unknown,INS19,N,Paint,PASS
INSP10453,M11979,MA1AB100000000172,NONE, ok ,Unknown,INS47,N,Paint,PASS
INSP10454,M8930,MA1AB100000001320,D003,,Unknown,INS67,N,Material,PASS
INSP10455,M7738,MA1AB100000004808,D002,reject,Unknown,INS25,N,Paint,FAIL
INSP10456,M11741,MA1AB100000002992,D004,reject,Unknown,INS66,N,Dimension,FAIL
INSP10457,M11994,MA1AB100000002942,D001,reject,Unknown,INS88,Y,Material,PASS
INSP10458,M10837,MA1AB100000001301,NONE,,Unknown,INS32,N,Dimension,PASS
INSP10459,M9600,MA1AB100000004379,D004,OK,Unknown,INS77,Y,,PASS
INSP10460,M9692,MA1AB100000004277,D004,OK,Unknown,INS58,Y,Paint,PASS
INSP10461,M8366,MA1AB100000000606,D003,,Unknown,INS37,N,Weld,FAIL
INSP10462,M7872,MA1AB100000002548,D002,OK,Unknown,INS98,N,Dimension,FAIL
INSP10463,M9602,MA1AB100000004892,D001,reject,Unknown,INS27,Y,,FAIL
INSP10464,M9350,MA1AB100000000715,D003,reject,Unknown,INS91,Y,Paint,FAIL
INSP10465,M11538,MA1AB100000000271,D003,OK,Unknown,INS98,N,Paint,FAIL
INSP10466,M7657,MA1AB100000002033,D001,OK,Unknown,INS59,N,Dimension,FAIL
INSP10467,M10491,MA1AB100000004290,D002,,Unknown,INS69,N,Material,PASS
INSP10468,M10969,MA1AB100000001817,D003,Repair,Unknown,INS87,N,,PASS
INSP10469,M7258,MA1AB100000003303,D004,OK,Unknown,INS43,Y,Material,PASS
INSP10470,M9776,MA1AB100000000260,NONE,Repair,Unknown,INS49,Y,,FAIL
INSP10471,M10281,MA1AB100000003657,NONE,OK,Unknown,INS54,Y,Material,PASS
INSP10472,M11384,MA1AB100000002235,NONE, ok ,Unknown,INS94,Y,Material,FAIL
INSP10473,M10755,MA1AB100000000469,D001,reject,Unknown,INS97,Y,Paint,PASS
INSP10474,M9633,MA1AB100000001497,D001,Reject,Unknown,INS82,N,Paint,FAIL
INSP10475,M8916,MA1AB100000001079,D004,reject,Unknown,INS52,N,,FAIL
INSP10476,M11784,MA1AB100000002559,D001, ok ,Unknown,INS55,N,Paint,FAIL
INSP10477,M8158,MA1AB100000002151,NONE,Repair,Unknown,INS29,Y,,FAIL
INSP10478,M8386,MA1AB100000000266,D002,Repair,Unknown,INS75,Y,,PASS
INSP10479,M10338,MA1AB100000001941,D003,OK,Unknown,INS82,Y,Dimension,FAIL
INSP10480,M7371,MA1AB100000000640,NONE,reject,Unknown,INS47,N,,FAIL
INSP10481,M7320,MA1AB100000001670,D001,reject,Unknown,INS89,N,,FAIL
INSP10482,M8795,MA1AB100000002237,D004,Repair,Unknown,INS18,N,Weld,FAIL
INSP10483,M11812,MA1AB100000003726,D004, ok ,Unknown,INS59,N,Weld,PASS
INSP10484,M8417,MA1AB100000000167,D003,OK,Unknown,INS24,N,Paint,PASS
INSP10485,M7302,MA1AB100000002903,NONE,reject,Unknown,INS34,N,,FAIL
INSP10486,M9409,MA1AB100000000511,D001, ok ,Unknown,INS35,N,,PASS
INSP10487,M8814,MA1AB100000003870,D004,Reject,Unknown,INS75,Y,Weld,PASS
INSP10488,M9376,MA1AB100000001635,D004,Reject,Unknown,INS66,N,,FAIL
INSP10489,M7620,MA1AB100000000625,D004,reject,Unknown,INS41,N,Dimension,PASS
INSP10490,M11706,MA1AB100000000204,NONE, ok ,Unknown,INS28,N,Dimension,PASS
INSP10491,M10650,MA1AB100000004007,D004,reject,Unknown,INS82,Y,Material,FAIL
INSP10492,M9654,MA1AB100000002190,NONE,Reject,Unknown,INS18,N,Weld,FAIL
INSP10493,M10383,MA1AB100000000944,D002,Repair,Unknown,INS97,N,Material,FAIL
INSP10494,M11133,MA1AB100000002902,D001,,Unknown,INS30,Y,Dimension,FAIL
INSP10495,M10718,MA1AB100000000247,D003,OK,Unknown,INS81,Y,Material,PASS
INSP10496,M8551,MA1AB100000001977,D003,reject,Unknown,INS97,Y,Paint,FAIL
INSP10497,M11957,MA1AB100000000029,D002, ok ,Unknown,INS52,Y,Weld,PASS
INSP10498,M7905,MA1AB100000000518,NONE,reject,Unknown,INS74,N,Material,FAIL
INSP10499,M10128,MA1AB100000003053,D001,OK,Unknown,INS14,N,Material,FAIL
INSP10500,M7486,XX1 2 3 4,NONE,OK,Unknown,INS47,N,Paint,FAIL
INSP10501,M7135,MA1AB100000003860,D002,,Unknown,INS38,N,Weld,FAIL
INSP10502,M9835,MA1AB100000004674,D003,Reject,Unknown,INS46,Y,Dimension,FAIL
INSP10503,M11457,MA1AB100000002992,NONE,reject,Unknown,INS13,Y,Paint,PASS
INSP10504,M11580,MA1AB100000002195,NONE,Repair,Unknown,INS65,Y,,PASS
INSP10505,M7433,MA1AB100000002335,D002,OK,Unknown,INS69,N,Material,FAIL
INSP10506,M9041,MA1AB100000000276,D003, ok ,Unknown,INS66,N,Weld,FAIL
INSP10507,M11502,MA1AB100000001407,D002,Repair,Unknown,INS61,Y,Weld,PASS
INSP10508,M9570,MA1AB100000000552,D003,reject,Unknown,INS70,N,Material,FAIL
INSP10509,M10501,MA1AB100000002419,D002, ok ,Unknown,INS71,Y,Weld,FAIL
INSP10510,M8806,MA1AB100000000286,D003,Repair,Unknown,INS42,N,Material,PASS
INSP10511,M11656,MA1AB100000004268,D004,Reject,Unknown,INS59,N,Material,PASS
INSP10512,M9483,MA1AB100000004550,D004,Repair,Unknown,INS21,Y,Weld,PASS
INSP10513,M7704,MA1AB100000000400,D001,Repair,Unknown,INS12,Y,Material,PASS
INSP10514,M11459,MA1AB100000004980,D003,Repair,Unknown,INS46,Y,Weld,FAIL
INSP10515,M8088,MA1AB100000000226,D004,reject,Unknown,INS78,Y,Weld,FAIL
INSP10516,M11393,MA1AB100000002946,D003, ok ,Unknown,INS68,N,Dimension,FAIL
INSP10517,M8824,MA1AB100000003739,D002,Repair,Unknown,INS85,Y,Paint,FAIL
INSP10518,M7823,MA1AB100000000478,D001,reject,Unknown,INS56,Y,Paint,FAIL
INSP10519,M8605,MA1AB100000002348,D001,Reject,Unknown,INS68,Y,Dimension,PASS
INSP10520,M10147,MA1AB100000003425,D003,OK,Unknown,INS77,Y,Weld,PASS
INSP10521,M9456,MA1AB100000000018,D001,OK,Unknown,INS70,N,Material,FAIL
INSP10522,M10822,MA1AB100000001438,D003,Reject,Unknown,INS95,Y,Dimension,PASS
INSP10523,M9225,MA1AB100000001394,D003,Reject,Unknown,INS69,Y,Weld,FAIL
INSP10524,M11139,MA1AB100000000277,D004,reject,Unknown,INS61,Y,Material,FAIL
INSP10525,M7439,MA1AB100000001761,D004,Reject,Unknown,INS80,N,,PASS
INSP10526,M8433,MA1AB100000000524,D002, ok ,Unknown,INS16,N,,FAIL
INSP10527,M10756,MA1AB100000001584,D004,Repair,Unknown,INS12,N,Weld,PASS
INSP10528,M10301,MA1AB100000003623,D002, ok ,Unknown,INS93,Y,,FAIL
INSP10529,M11152,MA1AB100000001386,D004,Repair,Unknown,INS60,N,Dimension,FAIL
INSP10530,M10366,MA1AB100000003307,D004,reject,Unknown,INS84,N,,FAIL
INSP10531,M11436,MA1AB100000003351,D004,OK,Unknown,INS92,N,Dimension,FAIL
INSP10532,M11199,MA1AB100000000629,D001,reject,Unknown,INS54,Y,Paint,PASS
INSP10533,M9515,MA1AB100000000685,D003,Repair,Unknown,INS13,Y,,FAIL
INSP10534,M7332,MA1AB100000003465,D002,Reject,Unknown,INS38,Y,,FAIL
INSP10535,M8444,MA1AB100000004643,NONE,Repair,Unknown,INS86,Y,Paint,FAIL
INSP10536,M9964,MA1AB100000002097,D004,OK,Unknown,INS33,Y,,PASS
INSP10537,M11451,MA1AB100000000967,D003,Repair,Unknown,INS33,Y,,PASS
INSP10538,M10424,MA1AB100000000116,NONE, ok ,Unknown,INS57,Y,Material,PASS
INSP10539,M9039,MA1AB100000001377,D001,Reject,Unknown,INS73,Y,Paint,PASS
INSP10540,M9879,MA1AB100000002608,NONE,Reject,Unknown,INS79,Y,Weld,FAIL
INSP10541,M7041,MA1AB100000001106,D004,reject,Unknown,INS12,N,Material,FAIL
INSP10542,M9874,MA1AB100000000932,NONE,OK,Unknown,INS88,N,,PASS
INSP10543,M8306,MA1AB100000001038,D002,reject,Unknown,INS61,Y,Material,PASS
INSP10544,M11506,MA1AB100000000727,D001,Reject,Unknown,INS66,Y,Material,PASS
INSP10545,M11930,MA1AB100000000669,NONE,Repair,Unknown,INS71,Y,Dimension,PASS
INSP10546,M11817,MA1AB100000004999,D001,Reject,Unknown,INS32,Y,Material,FAIL
INSP10547,M8229,MA1AB100000000413,D004,,Unknown,INS54,Y,,FAIL
INSP10548,M8448,MA1AB100000000376,D003,Reject,Unknown,INS97,N,,FAIL
INSP10549,M11833,MA1AB100000002024,D001,,Unknown,INS51,Y,Paint,PASS
INSP10550,M7603,MA1AB100000002844,D001,OK,Unknown,INS61,Y,Weld,PASS
INSP10551,M11310,MA1AB100000000669,D004,Reject,Unknown,INS58,N,Dimension,FAIL
INSP10552,M10662,MA1AB100000000207,D002,Reject,Unknown,INS17,Y,Dimension,FAIL
INSP10553,M8280,MA1AB100000004048,D004,Reject,Unknown,INS99,Y,Paint,FAIL
INSP10554,M8770,MA1AB100000003277,D004,Reject,Unknown,INS35,Y,Dimension,PASS
INSP10555,M10783,MA1AB100000001773,D003,,Unknown,INS75,N,Material,FAIL
INSP10556,M8761,MA1AB100000002228,D002,OK,Unknown,INS73,Y,Weld,FAIL
INSP10557,M7214,MA1AB100000003940,NONE,reject,Unknown,INS90,Y,Weld,PASS
INSP10558,M11772,MA1AB100000000732,D003, ok ,Unknown,INS59,Y,,FAIL
INSP10559,M11314,MA1AB100000001547,D004,Repair,Unknown,INS75,N,Dimension,FAIL
INSP10560,M8129,MA1AB100000003201,NONE,reject,Unknown,INS39,N,Weld,FAIL
INSP10561,M11288,MA1AB100000003803,D001, ok ,Unknown,INS42,Y,Paint,PASS
INSP10562,M7181,MA1AB100000001224,D004, ok ,Unknown,INS18,N,Material,FAIL
INSP10563,M9288,MA1AB100000004503,D001,,Unknown,INS23,N,,PASS
INSP10564,M11808,MA1AB100000001578,NONE,Repair,Unknown,INS38,N,,FAIL
INSP10565,M7387,MA1AB100000000715,D004, ok ,Unknown,INS50,Y,Material,PASS
INSP10566,M8561,MA1AB100000001907,D002,OK,Unknown,INS21,Y,Weld,FAIL
INSP10567,M11347,MA1AB100000003149,NONE,Reject,Unknown,INS73,N,Paint,PASS
INSP10568,M8913,MA1AB100000003226,D001,Reject,Unknown,INS46,Y,Dimension,PASS
INSP10569,M10030,MA1AB100000002946,NONE,OK,Unknown,INS82,Y,Paint,PASS
INSP10570,M7080,MA1AB100000001414,NONE,OK,Unknown,INS85,Y,Weld,PASS
INSP10571,M7818,MA1AB100000003492,D004, ok ,Unknown,INS98,N,Dimension,FAIL
INSP10572,M11478,MA1AB100000002242,D002,reject,Unknown,INS10,N,Paint,PASS
INSP10573,M10770,MA1AB100000003347,D002,OK,Unknown,INS99,Y,Weld,FAIL
INSP10574,M9473,MA1AB100000004690,D002,Reject,Unknown,INS55,N,,PASS
INSP10575,M7813,MA1AB100000001571,D002,,Unknown,INS78,Y,Paint,FAIL
INSP10576,M9035,MA1AB100000002978,D001,Reject,Unknown,INS67,N,Dimension,PASS
INSP10577,M10291,MA1AB100000000422,D002,OK,Unknown,INS99,Y,,PASS
INSP10578,M11405,MA1AB100000002798,D001,Reject,Unknown,INS92,Y,Dimension,PASS
INSP10579,M9122,MA1AB100000003802,D004,Repair,Unknown,INS68,Y,Weld,PASS
INSP10580,M8919,MA1AB100000001401,D003,Repair,Unknown,INS72,Y,Paint,PASS
INSP10581,M8603,MA1AB100000004938,NONE,Reject,Unknown,INS95,Y,,FAIL
INSP10582,M10490,MA1AB100000004749,D002,,Unknown,INS35,N,Weld,FAIL
INSP10583,M10188,MA1AB100000004519,D004,reject,Unknown,INS51,N,Weld,PASS
INSP10584,M10985,MA1AB100000002157,NONE,OK,Unknown,INS16,Y,,FAIL
INSP10585,M9990,MA1AB100000002373,NONE,reject,Unknown,INS75,N,Weld,PASS
INSP10586,M8126,MA1AB100000000680,D002,OK,Unknown,INS64,N,,FAIL
INSP10587,M10671,MA1AB100000002480,D002,Repair,Unknown,INS47,N,,FAIL
INSP10588,M7475,MA1AB100000001517,D002,Repair,Unknown,INS70,Y,Dimension,FAIL
INSP10589,M10041,MA1AB100000002526,NONE,,Unknown,INS11,N,Weld,FAIL
INSP10590,M11030,MA1AB100000003062,D004, ok ,Unknown,INS15,Y,,FAIL
INSP10591,M11405,MA1AB100000003791,D004,Repair,Unknown,INS41,N,Dimension,FAIL
INSP10592,M11014,MA1AB100000003057,D004,OK,Unknown,INS45,Y,Dimension,FAIL
INSP10593,M11570,MA1AB100000003734,D003,reject,Unknown,INS15,N,Dimension,FAIL
INSP10594,M7586,MA1AB100000000943,D001,Repair,Unknown,INS27,Y,Dimension,FAIL
INSP10595,M7211,MA1AB100000002789,D001, ok ,Unknown,INS61,N,Weld,PASS
INSP10596,M10587,MA1AB100000000825,D001,OK,Unknown,INS71,Y,Weld,FAIL
INSP10597,M8140,MA1AB100000003718,D003,Reject,Unknown,INS38,N,Paint,PASS
INSP10598,M7431,MA1AB100000004682,D002,,Unknown,INS79,Y,Dimension,PASS
INSP10599,M11119,MA1AB100000002639,D002,Reject,Unknown,INS71,Y,Dimension,PASS
INSP10600,M7055,MA1AB100000002379,D004,OK,Unknown,INS77,Y,Material,FAIL
INSP10601,M8233,MA1AB100000004496,D004,Repair,Unknown,INS26,Y,Material,FAIL
INSP10602,M10715,MA1AB100000004182,D003,,Unknown,INS63,N,Dimension,PASS
INSP10603,M10639,MA1AB100000001315,D003,Repair,Unknown,INS93,N,Dimension,FAIL
INSP10604,M10817,MA1AB100000003100,D002, ok ,Unknown,INS60,Y,Weld,FAIL
INSP10605,M7017,MA1AB100000004992,D004,reject,Unknown,INS75,N,Weld,PASS
INSP10606,M9644,MA1AB100000001256,D003,Reject,Unknown,INS40,N,,PASS
INSP10607,M8344,MA1AB100000004385,NONE,Repair,Unknown,INS63,N,Weld,FAIL
INSP10608,M11543,MA1AB100000001339,NONE,OK,Unknown,INS75,Y,Weld,FAIL
INSP10609,M7089,MA1AB100000000539,D003,,Unknown,INS73,N,Material,PASS
INSP10610,M11075,MA1AB100000000648,NONE,Repair,Unknown,INS54,Y,Material,PASS
INSP10611,M10023,MA1AB100000002126,D001,reject,Unknown,INS49,Y,Dimension,PASS
INSP10612,M9159,MA1AB100000001767,D004,reject,Unknown,INS91,N,Dimension,FAIL
INSP10613,M7865,MA1AB100000004302,NONE, ok ,Unknown,INS68,Y,Weld,PASS
INSP10614,M7176,MA1AB100000003565,D001,,Unknown,INS46,N,Weld,FAIL
INSP10615,M7436,MA1AB100000003338,D003,reject,Unknown,INS71,N,Material,FAIL
INSP10616,M10490,MA1AB100000001061,D002,,Unknown,INS71,Y,Paint,PASS
INSP10617,M8997,MA1AB100000004864,D003,,Unknown,INS77,N,,PASS
INSP10618,M9762,MA1AB100000001317,D003,,Unknown,INS83,N,Dimension,PASS
INSP10619,M11796,MA1AB100000003137,D004,,Unknown,INS66,Y,Dimension,FAIL
INSP10620,M9650,MA1AB100000001123,D002,reject,Unknown,INS34,N,,FAIL
INSP10621,M11358,MA1AB100000000913,D003,reject,Unknown,INS71,N,Paint,PASS
INSP10622,M8504,MA1AB100000002939,D004, ok ,Unknown,INS60,N,Weld,PASS
INSP10623,M7580,MA1AB100000002456,NONE,reject,Unknown,INS95,Y,,PASS
INSP10624,M11147,MA1AB100000000854,D004,OK,Unknown,INS94,Y,Weld,FAIL
INSP10625,M9469,MA1AB100000003349,D001, ok ,Unknown,INS76,Y,Paint,PASS
INSP10626,M8524,MA1AB100000003338,D003, ok ,Unknown,INS54,Y,Weld,PASS
INSP10627,M7423,MA1AB100000003461,D003,Reject,Unknown,INS32,Y,,FAIL
INSP10628,M9937,MA1AB100000001759,D004, ok ,Unknown,INS21,N,,FAIL
INSP10629,M9864,MA1AB100000002078,D002, ok ,Unknown,INS22,Y,Material,FAIL
INSP10630,M8978,MA1AB100000002876,D001,OK,Unknown,INS58,N,Weld,PASS
INSP10631,M10020,MA1AB100000000341,D004, ok ,Unknown,INS83,Y,Dimension,FAIL
INSP10632,M8672,MA1AB100000004806,D004,Repair,Unknown,INS89,N,Material,FAIL
INSP10633,M8135,MA1AB100000000958,D004,reject,Unknown,INS20,Y,Paint,PASS
INSP10634,M10339,MA1AB100000003796,D002,Repair,Unknown,INS55,N,Dimension,PASS
INSP10635,M10459,MA1AB100000002182,D003,reject,Unknown,INS30,N,Material,PASS
INSP10636,M10491,MA1AB100000003122,D004,OK,Unknown,INS40,Y,,FAIL
INSP10637,M9408,MA1AB100000000536,D004,reject,Unknown,INS81,N,Material,FAIL
INSP10638,M7301,MA1AB100000002041,D002,Repair,Unknown,INS99,N,Paint,PASS
INSP10639,M10587,MA1AB100000004501,D004,reject,Unknown,INS94,Y,Paint,PASS
INSP10640,M8239,MA1AB100000002452,D002, ok ,Unknown,INS50,N,Paint,FAIL
INSP10641,M11141,MA1AB100000001138,D004,reject,Unknown,INS28,N,,FAIL
INSP10642,M11487,MA1AB100000000184,D001, ok ,Unknown,INS43,N,,PASS
INSP10643,M8852,MA1AB100000003629,D004,Reject,Unknown,INS21,N,,FAIL
INSP10644,M8598,MA1AB100000000554,D002,,Unknown,INS16,N,Dimension,FAIL
INSP10645,M9931,MA1AB100000002900,D001,Repair,Unknown,INS53,N,Weld,FAIL
INSP10646,M10397,MA1AB100000001703,NONE,reject,Unknown,INS28,Y,Dimension,PASS
INSP10647,M10298,MA1AB100000002469,D003,reject,Unknown,INS65,Y,Material,FAIL
INSP10648,M11377,MA1AB100000002374,NONE,,Unknown,INS46,Y,Material,PASS
INSP10649,M8572,MA1AB100000001433,D004,,Unknown,INS81,N,Weld,PASS
INSP10650,M8961,MA1AB100000004732,D004,reject,Unknown,INS17,N,Material,FAIL
INSP10651,M7384,MA1AB100000002628,D002,Repair,Unknown,INS13,Y,Dimension,PASS
INSP10652,M8690,MA1AB100000001083,D004,OK,Unknown,INS93,N,,FAIL
INSP10653,M7522,MA1AB100000003764,D002,OK,Unknown,INS77,N,Dimension,FAIL
INSP10654,M7642,MA1AB100000002611,NONE,reject,Unknown,INS69,N,Dimension,FAIL
INSP10655,M10350,MA1AB100000004052,D001,OK,Unknown,INS74,Y,Dimension,FAIL
INSP10656,M8454,MA1AB100000004663,D001,OK,Unknown,INS48,N,Weld,FAIL
INSP10657,M7487,MA1AB100000002595,D001,,Unknown,INS40,Y,Material,PASS
INSP10658,M10680,MA1AB100000004375,D001,Reject,Unknown,INS10,N,Dimension,FAIL
INSP10659,M7453,MA1AB100000003772,D003,Repair,Unknown,INS34,Y,Material,FAIL
INSP10660,M11244,MA1AB100000003362,NONE, ok ,Unknown,INS68,Y,Material,FAIL
INSP10661,M8185,MA1AB100000000527,D004, ok ,Unknown,INS76,N,Dimension,PASS
INSP10662,M10087,MA1AB100000001311,D003,Reject,Unknown,INS91,N,Material,FAIL
INSP10663,M10026,MA1AB100000004450,D003,Repair,Unknown,INS86,N,Dimension,PASS
INSP10664,M11783,MA1AB100000001402,D001,Repair,Unknown,INS38,N,Dimension,FAIL
INSP10665,M11359,MA1AB100000001571,D004,reject,Unknown,INS52,Y,Paint,FAIL
INSP10666,M7957,MA1AB100000002789,NONE, ok ,Unknown,INS98,Y,Paint,PASS
INSP10667,M7843,MA1AB100000000647,NONE,OK,Unknown,INS59,N,,PASS
INSP10668,M8374,MA1AB100000001495,NONE,reject,Unknown,INS45,Y,Weld,PASS
INSP10669,M7293,MA1AB100000001781,NONE,reject,Unknown,INS42,N,Material,FAIL
INSP10670,M8885,MA1AB100000003778,D001, ok ,Unknown,INS72,Y,Dimension,FAIL
INSP10671,M10291,MA1AB100000003859,D004,reject,Unknown,INS61,N,,FAIL
INSP10672,M7281,MA1AB100000001517,NONE, ok ,Unknown,INS41,N,,FAIL
INSP10673,M8346,MA1AB100000003314,NONE,,Unknown,INS80,N,Material,FAIL
INSP10674,M11593,MA1AB100000003500,D003,,Unknown,INS96,N,Weld,FAIL
INSP10675,M10620,MA1AB100000000654,NONE,Repair,Unknown,INS39,Y,Material,FAIL
INSP10676,M7602,MA1AB100000002243,D003,,Unknown,INS86,N,,FAIL
INSP10677,M11907,MA1AB100000001925,D002,Repair,Unknown,INS46,Y,Paint,PASS
INSP10678,M11016,MA1AB100000002947,D002, ok ,Unknown,INS53,N,Material,FAIL
INSP10679,M7676,MA1AB100000001439,D004,reject,Unknown,INS65,N,Paint,FAIL
INSP10680,M11197,MA1AB100000002452,D001,Repair,Unknown,INS68,N,Paint,PASS
INSP10681,M7449,MA1AB100000001403,D002,reject,Unknown,INS76,N,Paint,FAIL
INSP10682,M9756,MA1AB100000004810,D002,Repair,Unknown,INS37,Y,Material,PASS
INSP10683,M11360,MA1AB100000001052,D003,Repair,Unknown,INS75,N,Weld,PASS
INSP10684,M7089,MA1AB100000004630,NONE,Reject,Unknown,INS69,Y,Weld,FAIL
INSP10685,M10653,MA1AB100000000945,D001,,Unknown,INS74,N,Paint,PASS
INSP10686,M8630,MA1AB100000004664,D004,,Unknown,INS59,N,Paint,FAIL
INSP10687,M10010,MA1AB100000001150,D004,,Unknown,INS73,Y,Paint,FAIL
INSP10688,M8682,MA1AB100000004968,D004,reject,Unknown,INS11,Y,Dimension,FAIL
INSP10689,M8096,MA1AB100000004495,NONE,Repair,Unknown,INS33,N,Material,PASS
INSP10690,M7012,MA1AB100000000217,D004,,Unknown,INS92,N,,FAIL
INSP10691,M8768,MA1AB100000000836,D004,Reject,Unknown,INS70,N,Material,FAIL
INSP10692,M7734,MA1AB100000001070,D001, ok ,Unknown,INS99,Y,Dimension,FAIL
INSP10693,M9633,MA1AB100000004609,NONE,Reject,Unknown,INS56,Y,Material,PASS
INSP10694,M10340,MA1AB100000003382,NONE,reject,Unknown,INS71,N,,PASS
INSP10695,M7473,MA1AB100000004246,D002, ok ,Unknown,INS40,N,Dimension,FAIL
INSP10696,M10624,MA1AB100000000021,D001,,Unknown,INS36,Y,Weld,PASS
INSP10697,M9880,MA1AB100000002866,D004,OK,Unknown,INS51,N,Material,FAIL
INSP10698,M8668,MA1AB100000002343,NONE,reject,Unknown,INS76,Y,,PASS
INSP10699,M11288,MA1AB100000001830,NONE,Reject,Unknown,INS55,Y,,PASS
INSP10700,M8096,MA1AB100000003058,D003, ok ,Unknown,INS20,Y,,FAIL
INSP10701,M8384,MA1AB100000004578,D001,Reject,Unknown,INS99,N,Weld,PASS
INSP10702,M10072,MA1AB100000002153,D002,reject,Unknown,INS52,Y,Paint,FAIL
INSP10703,M10429,MA1AB100000004288,D001,reject,Unknown,INS63,N,,FAIL
INSP10704,M7947,MA1AB100000004523,D004, ok ,Unknown,INS65,Y,Weld,PASS
INSP10705,M7343,MA1AB100000001031,D003,Repair,Unknown,INS88,N,,PASS
INSP10706,M10771,MA1AB100000003363,D001,Reject,Unknown,INS61,N,Weld,FAIL
INSP10707,M11084,MA1AB100000000719,D001,Repair,Unknown,INS13,N,Weld,PASS
INSP10708,M9170,MA1AB100000004729,D003,OK,Unknown,INS20,Y,Material,PASS
INSP10709,M8074,MA1AB100000004247,D001,Repair,Unknown,INS85,N,,FAIL
INSP10710,M11579,MA1AB100000001432,D004, ok ,Unknown,INS88,Y,Weld,PASS
INSP10711,M7920,MA1AB100000004021,NONE,Repair,Unknown,INS95,N,Paint,PASS
INSP10712,M10703,MA1AB100000004184,D004,Repair,Unknown,INS29,N,Paint,FAIL
INSP10713,M10368,MA1AB100000003921,D004,reject,Unknown,INS62,N,Weld,PASS
INSP10714,M7179,MA1AB100000004091,D002,reject,Unknown,INS44,N,Dimension,PASS
INSP10715,M9627,MA1AB100000002056,NONE,OK,Unknown,INS13,Y,Dimension,FAIL
INSP10716,M10593,MA1AB100000002490,NONE,Reject,Unknown,INS85,Y,Material,PASS
INSP10717,M11427,MA1AB100000000501,D003, ok ,Unknown,INS58,Y,Paint,FAIL
INSP10718,M9177,MA1AB100000000140,NONE,,Unknown,INS76,Y,,PASS
INSP10719,M9157,MA1AB100000003339,D002,Repair,Unknown,INS85,N,Weld,PASS
INSP10720,M11968,MA1AB100000000014,D003,,Unknown,INS47,N,,FAIL
INSP10721,M10886,MA1AB100000002697,NONE,Repair,Unknown,INS35,Y,,FAIL
INSP10722,M8572,MA1AB100000004508,D004,OK,Unknown,INS95,Y,,PASS
INSP10723,M9925,MA1AB100000004773,D002,Reject,Unknown,INS13,N,Dimension,PASS
INSP10724,M11370,MA1AB100000004221,D002,Repair,Unknown,INS19,Y,,PASS
INSP10725,M10706,MA1AB100000003226,NONE,OK,Unknown,INS50,N,Paint,FAIL
INSP10726,M7521,MA1AB100000002766,D002,OK,Unknown,INS63,N,Paint,PASS
INSP10727,M10656,MA1AB100000004177,D003,Repair,Unknown,INS86,N,Paint,FAIL
INSP10728,M7769,MA1AB100000002179,NONE,Repair,Unknown,INS80,N,Paint,PASS
INSP10729,M8318,MA1AB100000004392,D002,reject,Unknown,INS60,N,,FAIL
INSP10730,M7830,MA1AB100000000827,D002,Repair,Unknown,INS48,Y,Paint,PASS
INSP10731,M10337,MA1AB100000003072,D004,,Unknown,INS79,Y,Material,PASS
INSP10732,M7113,MA1AB100000002939,D002,OK,Unknown,INS67,Y,,FAIL
INSP10733,M11283,MA1AB100000003983,D002,Reject,Unknown,INS23,Y,Paint,FAIL
INSP10734,M10342,MA1AB100000004169,D004,Repair,Unknown,INS45,N,Material,PASS
INSP10735,M9891,MA1AB100000002491,NONE,reject,Unknown,INS77,N,,FAIL
INSP10736,M9530,MA1AB100000003896,D002,reject,Unknown,INS32,Y,,FAIL
INSP10737,M8250,MA1AB100000003046,D002,reject,Unknown,INS48,N,Material,FAIL
INSP10738,M9339,MA1AB100000004690,D002,reject,Unknown,INS40,Y,,PASS
INSP10739,M11315,MA1AB100000003811,D003,reject,Unknown,INS39,N,,FAIL
INSP10740,M9490,MA1AB100000001448,D001,Repair,Unknown,INS40,Y,Paint,PASS
INSP10741,M10260,MA1AB100000002914,NONE, ok ,Unknown,INS17,N,,FAIL
INSP10742,M8006,MA1AB100000001198,NONE,Reject,Unknown,INS64,N,Weld,FAIL
INSP10743,M10932,MA1AB100000001969,D002,,Unknown,INS92,Y,,PASS
INSP10744,M7297,MA1AB100000001472,D004,reject,Unknown,INS26,Y,,PASS
INSP10745,M7993,MA1AB100000002256,D004,OK,Unknown,INS74,Y,Weld,FAIL
INSP10746,M11291,MA1AB100000000925,D002, ok ,Unknown,INS25,Y,Weld,FAIL
INSP10747,M8729,MA1AB100000001524,D004,Repair,Unknown,INS56,N,Paint,PASS
INSP10748,M10366,MA1AB100000001166,D003,Reject,Unknown,INS70,Y,Paint,PASS
INSP10749,M9565,MA1AB100000002334,D004,Repair,Unknown,INS28,N,Weld,FAIL
INSP10750,M7093,XX1 2 3 4,D001,,Unknown,INS86,N,Paint,PASS
INSP10751,M9673,MA1AB100000004925,D002,,Unknown,INS46,N,Material,FAIL
INSP10752,M8279,MA1AB100000004637,D004,OK,Unknown,INS83,Y,Weld,FAIL
INSP10753,M8313,MA1AB100000003654,D001,Repair,Unknown,INS43,Y,Material,PASS
INSP10754,M8561,MA1AB100000001839,NONE,OK,Unknown,INS21,Y,Paint,FAIL
INSP10755,M10822,MA1AB100000000373,D001, ok ,Unknown,INS91,Y,Dimension,FAIL
INSP10756,M10355,MA1AB100000002946,D003,Repair,Unknown,INS12,Y,Dimension,FAIL
INSP10757,M7459,MA1AB100000003016,D004,OK,Unknown,INS80,Y,Paint,FAIL
INSP10758,M11062,MA1AB100000003708,D003,reject,Unknown,INS34,N,Material,FAIL
INSP10759,M11229,MA1AB100000001376,D002,reject,Unknown,INS90,N,Paint,PASS
INSP10760,M8179,MA1AB100000004277,NONE,reject,Unknown,INS32,N,Paint,PASS
INSP10761,M8906,MA1AB100000004323,D002, ok ,Unknown,INS93,N,Weld,FAIL
INSP10762,M9790,MA1AB100000003711,D003,Repair,Unknown,INS22,Y,Dimension,FAIL
INSP10763,M10717,MA1AB100000004130,D002,OK,Unknown,INS98,N,,FAIL
INSP10764,M8372,MA1AB100000002416,D004,OK,Unknown,INS27,Y,,PASS
INSP10765,M9703,MA1AB100000001895,D002,OK,Unknown,INS30,N,Weld,FAIL
INSP10766,M7267,MA1AB100000004402,D001,Repair,Unknown,INS27,Y,Paint,FAIL
INSP10767,M11226,MA1AB100000001604,D001, ok ,Unknown,INS48,Y,,FAIL
INSP10768,M8827,MA1AB100000002181,NONE,Reject,Unknown,INS58,Y,,PASS
INSP10769,M8320,MA1AB100000001017,D003,Repair,Unknown,INS66,Y,Dimension,FAIL
INSP10770,M11510,MA1AB100000003349,D001,Repair,Unknown,INS29,N,Weld,PASS
INSP10771,M7400,MA1AB100000001233,D003,OK,Unknown,INS74,N,Paint,FAIL
INSP10772,M9258,MA1AB100000000495,D003, ok ,Unknown,INS38,Y,Paint,PASS
INSP10773,M10382,MA1AB100000002636,NONE,OK,Unknown,INS36,N,Material,FAIL
INSP10774,M10919,MA1AB100000002649,D001,,Unknown,INS86,Y,Weld,FAIL
INSP10775,M8679,MA1AB100000000907,D003, ok ,Unknown,INS70,N,Dimension,FAIL
INSP10776,M7495,MA1AB100000000056,D001,reject,Unknown,INS97,Y,Dimension,FAIL
INSP10777,M11900,MA1AB100000004000,D003,OK,Unknown,INS32,Y,,FAIL
INSP10778,M11999,MA1AB100000001428,NONE,Reject,Unknown,INS84,N,Weld,FAIL
INSP10779,M7155,MA1AB100000003295,D003, ok ,Unknown,INS61,Y,Dimension,FAIL
INSP10780,M10601,MA1AB100000002013,D001,Reject,Unknown,INS54,Y,Material,PASS
INSP10781,M9013,MA1AB100000000676,NONE,Reject,Unknown,INS57,N,Dimension,PASS
INSP10782,M9241,MA1AB100000003090,NONE,reject,Unknown,INS32,Y,Dimension,PASS
INSP10783,M8720,MA1AB100000002463,D002,OK,Unknown,INS40,Y,Dimension,FAIL
INSP10784,M8722,MA1AB100000004285,D004,Reject,Unknown,INS74,Y,Paint,FAIL
INSP10785,M7501,MA1AB100000001826,D004,Reject,Unknown,INS41,Y,Paint,FAIL
INSP10786,M7144,MA1AB100000003596,D003,Reject,Unknown,INS57,N,Weld,PASS
INSP10787,M9967,MA1AB100000004542,D001,reject,Unknown,INS86,N,Paint,FAIL
INSP10788,M11096,MA1AB100000002413,D003,Reject,Unknown,INS55,N,,PASS
INSP10789,M10263,MA1AB100000003308,D002,Reject,Unknown,INS79,N,Dimension,FAIL
INSP10790,M10073,MA1AB100000002646,D001,Reject,Unknown,INS34,Y,Paint,FAIL
INSP10791,M11129,MA1AB100000004775,D004,reject,Unknown,INS67,Y,Paint,FAIL
INSP10792,M8492,MA1AB100000002192,D004,reject,Unknown,INS28,Y,Paint,PASS
INSP10793,M8571,MA1AB100000003159,D003, ok ,Unknown,INS45,Y,Material,PASS
INSP10794,M10807,MA1AB100000003827,NONE,Reject,Unknown,INS33,Y,Weld,FAIL
INSP10795,M9988,MA1AB100000000620,D002,Repair,Unknown,INS70,Y,Material,PASS
INSP10796,M8877,MA1AB100000000658,D003,reject,Unknown,INS61,Y,,PASS
INSP10797,M11180,MA1AB100000004535,D002,,Unknown,INS51,Y,Paint,PASS
INSP10798,M9972,MA1AB100000000812,NONE,OK,Unknown,INS36,N,Paint,PASS
INSP10799,M7913,MA1AB100000000813,D002,OK,Unknown,INS77,Y,,PASS
INSP10800,M8581,MA1AB100000002141,NONE,reject,Unknown,INS26,N,Material,PASS
INSP10801,M9571,MA1AB100000000402,D001,OK,Unknown,INS51,N,Weld,FAIL
INSP10802,M7399,MA1AB100000001886,D002, ok ,Unknown,INS41,Y,Material,FAIL
INSP10803,M8122,MA1AB100000001836,D003, ok ,Unknown,INS74,Y,Paint,PASS
INSP10804,M11236,MA1AB100000003194,D002,reject,Unknown,INS64,Y,,FAIL
INSP10805,M11059,MA1AB100000002639,D003,Repair,Unknown,INS75,N,Dimension,PASS
INSP10806,M11112,MA1AB100000002584,D003, ok ,Unknown,INS88,Y,Weld,FAIL
INSP10807,M7254,MA1AB100000004037,D004, ok ,Unknown,INS66,N,Dimension,PASS
INSP10808,M8719,MA1AB100000001865,D003,OK,Unknown,INS73,N,,PASS
INSP10809,M8214,MA1AB100000002966,D001,reject,Unknown,INS59,Y,Weld,PASS
INSP10810,M9158,MA1AB100000003064,NONE,reject,Unknown,INS59,N,Material,FAIL
INSP10811,M10322,MA1AB100000004991,D004,Reject,Unknown,INS42,N,Paint,PASS
INSP10812,M7287,MA1AB100000003361,D004,OK,Unknown,INS26,N,Dimension,PASS
INSP10813,M11353,MA1AB100000003169,D001,Repair,Unknown,INS78,N,,FAIL
INSP10814,M10235,MA1AB100000001893,D003,Repair,Unknown,INS46,Y,,PASS
INSP10815,M10214,MA1AB100000000174,D002,reject,Unknown,INS91,N,Paint,PASS
INSP10816,M10898,MA1AB100000002818,D001, ok ,Unknown,INS45,N,Paint,PASS
INSP10817,M7734,MA1AB100000000684,NONE, ok ,Unknown,INS61,N,,PASS
INSP10818,M7648,MA1AB100000001873,D003,OK,Unknown,INS23,N,Weld,PASS
INSP10819,M10174,MA1AB100000001500,D002,reject,Unknown,INS16,Y,Material,FAIL
INSP10820,M8608,MA1AB100000003190,D004,Repair,Unknown,INS89,N,Dimension,PASS
INSP10821,M8998,MA1AB100000000023,D003,reject,Unknown,INS95,N,Material,PASS
INSP10822,M9543,MA1AB100000004339,D001,Reject,Unknown,INS68,Y,Dimension,FAIL
INSP10823,M9647,MA1AB100000003979,D001,Reject,Unknown,INS92,N,Weld,PASS
INSP10824,M10948,MA1AB100000003563,D003,Reject,Unknown,INS62,N,Weld,PASS
INSP10825,M7480,MA1AB100000001449,NONE,reject,Unknown,INS47,Y,,PASS
INSP10826,M8963,MA1AB100000002900,NONE,,Unknown,INS57,Y,Weld,PASS
INSP10827,M9156,MA1AB100000002716,D002,Repair,Unknown,INS39,Y,Dimension,FAIL
INSP10828,M9052,MA1AB100000002954,NONE, ok ,Unknown,INS97,N,Paint,FAIL
INSP10829,M9105,MA1AB100000003595,D004,Reject,Unknown,INS89,Y,Paint,PASS
INSP10830,M10512,MA1AB100000002235,D002,Reject,Unknown,INS56,Y,Dimension,PASS
INSP10831,M10504,MA1AB100000004241,NONE,Repair,Unknown,INS18,Y,Weld,FAIL
INSP10832,M9977,MA1AB100000004391,D001, ok ,Unknown,INS40,Y,,FAIL
INSP10833,M11747,MA1AB100000002057,D001,OK,Unknown,INS16,Y,Weld,PASS
INSP10834,M8286,MA1AB100000003339,D001,,Unknown,INS95,N,Paint,PASS
INSP10835,M11344,MA1AB100000002348,D001, ok ,Unknown,INS75,Y,Paint,PASS
INSP10836,M9102,MA1AB100000002968,D001, ok ,Unknown,INS76,Y,Material,FAIL
INSP10837,M7033,MA1AB100000002013,NONE,Repair,Unknown,INS46,Y,Weld,FAIL
INSP10838,M10314,MA1AB100000000251,NONE,reject,Unknown,INS20,N,,FAIL
INSP10839,M8935,MA1AB100000000529,D004,,Unknown,INS57,N,Weld,FAIL
INSP10840,M11443,MA1AB100000004217,D004,,Unknown,INS35,N,Weld,FAIL
INSP10841,M7920,MA1AB100000001254,D002,reject,Unknown,INS52,N,Weld,PASS
INSP10842,M11585,MA1AB100000002684,D002,Repair,Unknown,INS58,Y,Paint,PASS
INSP10843,M10982,MA1AB100000004645,D003, ok ,Unknown,INS39,Y,Dimension,FAIL
INSP10844,M7671,MA1AB100000000165,D001,Reject,Unknown,INS79,Y,,PASS
INSP10845,M11493,MA1AB100000002728,D001,OK,Unknown,INS53,Y,Weld,FAIL
INSP10846,M9428,MA1AB100000002365,D003,Reject,Unknown,INS56,Y,Material,PASS
INSP10847,M10056,MA1AB100000000605,D002,reject,Unknown,INS72,Y,Weld,FAIL
INSP10848,M9549,MA1AB100000004481,D003,,Unknown,INS18,Y,Weld,PASS
INSP10849,M9225,MA1AB100000000292,D002,reject,Unknown,INS64,Y,Dimension,PASS
INSP10850,M7472,MA1AB100000000192,D004,,Unknown,INS89,Y,Dimension,PASS
INSP10851,M8930,MA1AB100000004908,D001,OK,Unknown,INS11,N,Paint,PASS
INSP10852,M9233,MA1AB100000002368,D001, ok ,Unknown,INS76,Y,Material,PASS
INSP10853,M7553,MA1AB100000004900,NONE,reject,Unknown,INS14,Y,Paint,FAIL
INSP10854,M9227,MA1AB100000002248,NONE,Reject,Unknown,INS62,N,,PASS
INSP10855,M10048,MA1AB100000000011,D002,Reject,Unknown,INS44,N,Dimension,FAIL
INSP10856,M8412,MA1AB100000004549,D003,Repair,Unknown,INS19,Y,Paint,FAIL
INSP10857,M9211,MA1AB100000002313,D001,,Unknown,INS78,Y,Dimension,FAIL
INSP10858,M8431,MA1AB100000002140,NONE,,Unknown,INS13,Y,Weld,PASS
INSP10859,M8217,MA1AB100000003154,D003,,Unknown,INS51,N,,FAIL
INSP10860,M8952,MA1AB100000002418,D004,reject,Unknown,INS26,N,Paint,PASS
INSP10861,M10422,MA1AB100000001094,D003,Repair,Unknown,INS74,Y,,FAIL
INSP10862,M7472,MA1AB100000002034,D002,reject,Unknown,INS70,Y,Material,FAIL
INSP10863,M8605,MA1AB100000002152,D003,reject,Unknown,INS15,Y,Material,FAIL
INSP10864,M8838,MA1AB100000000647,NONE,reject,Unknown,INS20,N,Material,PASS
INSP10865,M11220,MA1AB100000003284,D002,Repair,Unknown,INS81,Y,Material,PASS
INSP10866,M11090,MA1AB100000003450,NONE,Reject,Unknown,INS33,N,,FAIL
INSP10867,M10430,MA1AB100000002640,D002,Repair,Unknown,INS64,Y,,FAIL
INSP10868,M11131,MA1AB100000002134,D001,OK,Unknown,INS83,N,Material,PASS
INSP10869,M11896,MA1AB100000001531,D002,Reject,Unknown,INS31,Y,Weld,PASS
INSP10870,M11501,MA1AB100000003903,NONE,,Unknown,INS93,Y,Dimension,PASS
INSP10871,M10882,MA1AB100000004205,NONE,Repair,Unknown,INS35,Y,,PASS
INSP10872,M7097,MA1AB100000001289,NONE,Repair,Unknown,INS67,N,,PASS
INSP10873,M7185,MA1AB100000002332,D001,,Unknown,INS69,Y,Weld,FAIL
INSP10874,M10138,MA1AB100000000942,D002,reject,Unknown,INS18,N,,FAIL
INSP10875,M11172,MA1AB100000001250,D002, ok ,Unknown,INS97,Y,Paint,PASS
INSP10876,M10990,MA1AB100000003434,D002,reject,Unknown,INS99,N,Material,FAIL
INSP10877,M11744,MA1AB100000000263,D004, ok ,Unknown,INS21,Y,Material,PASS
INSP10878,M9546,MA1AB100000001197,NONE,Reject,Unknown,INS84,N,,PASS
INSP10879,M11358,MA1AB100000000700,D004,Reject,Unknown,INS77,N,Weld,FAIL
INSP10880,M7254,MA1AB100000003574,D001,,Unknown,INS30,N,Paint,PASS
INSP10881,M10352,MA1AB100000004780,D001,Repair,Unknown,INS86,N,Material,FAIL
INSP10882,M8537,MA1AB100000001938,D002,reject,Unknown,INS42,Y,Weld,PASS
INSP10883,M8784,MA1AB100000003557,D004,reject,Unknown,INS15,Y,Dimension,PASS
INSP10884,M8923,MA1AB100000000751,D002,reject,Unknown,INS37,Y,,FAIL
INSP10885,M9230,MA1AB100000002307,D002,reject,Unknown,INS86,N,Material,PASS
INSP10886,M8462,MA1AB100000003956,D003,OK,Unknown,INS50,Y,Weld,FAIL
INSP10887,M11172,MA1AB100000003129,D004,Reject,Unknown,INS94,N,Dimension,FAIL
INSP10888,M9261,MA1AB100000003037,D001,,Unknown,INS66,Y,Material,FAIL
INSP10889,M11097,MA1AB100000000261,D003,Repair,Unknown,INS36,N,Dimension,PASS
INSP10890,M10563,MA1AB100000004027,D002,Repair,Unknown,INS53,N,Paint,FAIL
INSP10891,M10875,MA1AB100000000238,D002,Reject,Unknown,INS85,Y,Dimension,FAIL
INSP10892,M11800,MA1AB100000003176,D003,reject,Unknown,INS66,Y,Paint,FAIL
INSP10893,M10904,MA1AB100000003415,D001, ok ,Unknown,INS45,N,Paint,FAIL
INSP10894,M10598,MA1AB100000002535,D004,,Unknown,INS72,Y,Paint,PASS
INSP10895,M10549,MA1AB100000000931,D001,OK,Unknown,INS80,Y,Weld,FAIL
INSP10896,M8992,MA1AB100000001500,D004,Repair,Unknown,INS41,N,Material,PASS
INSP10897,M9413,MA1AB100000001537,D001, ok ,Unknown,INS54,N,Weld,FAIL
INSP10898,M10692,MA1AB100000000896,D004,reject,Unknown,INS86,Y,Weld,PASS
INSP10899,M10585,MA1AB100000000499,D002,Reject,Unknown,INS38,Y,Paint,PASS
INSP10900,M11778,MA1AB100000000091,NONE,Reject,Unknown,INS72,Y,Paint,FAIL
INSP10901,M10694,MA1AB100000003434,D002,Reject,Unknown,INS95,N,Paint,FAIL
INSP10902,M11222,MA1AB100000000977,D001, ok ,Unknown,INS70,Y,Paint,FAIL
INSP10903,M9525,MA1AB100000001644,D003,OK,Unknown,INS78,N,Dimension,FAIL
INSP10904,M9477,MA1AB100000004110,NONE,Reject,Unknown,INS72,N,,FAIL
INSP10905,M8233,MA1AB100000004014,D002,OK,Unknown,INS89,N,Paint,PASS
INSP10906,M10536,MA1AB100000004471,D002,Reject,Unknown,INS43,N,,PASS
INSP10907,M10131,MA1AB100000001528,D001,reject,Unknown,INS61,Y,Dimension,FAIL
INSP10908,M7267,MA1AB100000002250,D003,reject,Unknown,INS27,Y,Material,FAIL
INSP10909,M10174,MA1AB100000004858,D001,reject,Unknown,INS50,N,Paint,FAIL
INSP10910,M9609,MA1AB100000002941,D002,OK,Unknown,INS75,N,Dimension,FAIL
INSP10911,M11514,MA1AB100000003142,NONE,Repair,Unknown,INS91,Y,Material,FAIL
INSP10912,M8477,MA1AB100000000893,D004,Reject,Unknown,INS10,N,Paint,FAIL
INSP10913,M9273,MA1AB100000004410,D001,OK,Unknown,INS64,N,,FAIL
INSP10914,M11515,MA1AB100000000119,D001,,Unknown,INS34,N,Weld,PASS
INSP10915,M8696,MA1AB100000002307,D004,,Unknown,INS67,Y,,PASS
INSP10916,M10656,MA1AB100000001766,NONE, ok ,Unknown,INS62,Y,Material,PASS
INSP10917,M8360,MA1AB100000003381,D001,OK,Unknown,INS12,N,Paint,PASS
INSP10918,M9008,MA1AB100000001314,NONE,reject,Unknown,INS24,Y,Material,PASS
INSP10919,M7339,MA1AB100000001932,D002,Repair,Unknown,INS78,N,,FAIL
INSP10920,M8271,MA1AB100000003513,D002,Reject,Unknown,INS48,Y,Dimension,PASS
INSP10921,M8279,MA1AB100000000872,D004,Repair,Unknown,INS51,N,,FAIL
INSP10922,M9840,MA1AB100000000997,D003,Reject,Unknown,INS99,N,Paint,PASS
INSP10923,M7028,MA1AB100000002597,D004,Repair,Unknown,INS88,N,Material,FAIL
INSP10924,M8768,MA1AB100000004738,D003,reject,Unknown,INS60,Y,Dimension,PASS
INSP10925,M7267,MA1AB100000000002,D002,reject,Unknown,INS91,Y,Paint,PASS
INSP10926,M9563,MA1AB100000002101,D002,reject,Unknown,INS34,Y,Material,FAIL
INSP10927,M10587,MA1AB100000004572,D001,OK,Unknown,INS46,Y,,FAIL
INSP10928,M10068,MA1AB100000002075,D003,,Unknown,INS25,Y,,PASS
INSP10929,M7214,MA1AB100000003467,D002,reject,Unknown,INS30,N,Weld,PASS
INSP10930,M8383,MA1AB100000003791,D003,Reject,Unknown,INS48,Y,,FAIL
INSP10931,M11429,MA1AB100000002326,NONE, ok ,Unknown,INS34,Y,Material,FAIL
INSP10932,M8081,MA1AB100000003202,D003,,Unknown,INS15,N,Weld,PASS
INSP10933,M9748,MA1AB100000000125,D004,Reject,Unknown,INS61,Y,Weld,PASS
INSP10934,M8512,MA1AB100000000338,NONE,Reject,Unknown,INS96,N,Material,PASS
INSP10935,M11045,MA1AB100000002106,NONE,reject,Unknown,INS63,N,Dimension,FAIL
INSP10936,M7272,MA1AB100000000692,D002,Reject,Unknown,INS70,Y,,FAIL
INSP10937,M9120,MA1AB100000004584,D003,Reject,Unknown,INS24,N,Material,FAIL
INSP10938,M7640,MA1AB100000004082,NONE,OK,Unknown,INS60,Y,Dimension,FAIL
INSP10939,M9827,MA1AB100000001405,D003,Repair,Unknown,INS81,N,Paint,FAIL
INSP10940,M10042,MA1AB100000000218,D003,reject,Unknown,INS39,Y,Paint,PASS
INSP10941,M7706,MA1AB100000003423,NONE,,Unknown,INS77,N,Material,PASS
INSP10942,M10774,MA1AB100000002828,D002,OK,Unknown,INS92,N,Dimension,FAIL
INSP10943,M7344,MA1AB100000003737,D003,Repair,Unknown,INS51,Y,,FAIL
INSP10944,M7448,MA1AB100000000921,D001,reject,Unknown,INS56,Y,Weld,FAIL
INSP10945,M7938,MA1AB100000002713,D004,OK,Unknown,INS50,Y,Dimension,FAIL
INSP10946,M10017,MA1AB100000003622,D001,reject,Unknown,INS14,N,Paint,FAIL
INSP10947,M11417,MA1AB100000002944,D004,Repair,Unknown,INS61,Y,,PASS
INSP10948,M8073,MA1AB100000004483,D002,reject,Unknown,INS88,N,Dimension,PASS
INSP10949,M7804,MA1AB100000000084,D001, ok ,Unknown,INS92,N,Weld,PASS
INSP10950,M8247,MA1AB100000003632,NONE,Repair,Unknown,INS33,Y,Weld,PASS
INSP10951,M10019,MA1AB100000002187,D004,Repair,Unknown,INS88,N,,FAIL
INSP10952,M9233,MA1AB100000001466,D003,Reject,Unknown,INS33,N,Dimension,FAIL
INSP10953,M9124,MA1AB100000004272,D002,,Unknown,INS22,Y,Dimension,PASS
INSP10954,M8328,MA1AB100000004083,D002,,Unknown,INS30,Y,Weld,FAIL
INSP10955,M9987,MA1AB100000004296,D001, ok ,Unknown,INS79,Y,Dimension,FAIL
INSP10956,M10907,MA1AB100000003947,NONE,Reject,Unknown,INS34,Y,Dimension,FAIL
INSP10957,M10807,MA1AB100000000426,NONE,Reject,Unknown,INS40,Y,,FAIL
INSP10958,M7241,MA1AB100000000703,NONE,reject,Unknown,INS86,Y,Dimension,FAIL
INSP10959,M10815,MA1AB100000003555,D002,OK,Unknown,INS13,N,Dimension,FAIL
INSP10960,M10785,MA1AB100000001063,D002,Repair,Unknown,INS20,Y,Paint,PASS
INSP10961,M7615,MA1AB100000000575,D003,Repair,Unknown,INS24,N,Weld,PASS
INSP10962,M10731,MA1AB100000004856,D004,,Unknown,INS81,N,Weld,FAIL
INSP10963,M11248,MA1AB100000000258,D004, ok ,Unknown,INS12,Y,,FAIL
INSP10964,M9645,MA1AB100000004005,D003,Repair,Unknown,INS54,Y,Paint,PASS
INSP10965,M7616,MA1AB100000000465,D001,,Unknown,INS32,Y,Material,FAIL
INSP10966,M9027,MA1AB100000000199,D002,Reject,Unknown,INS37,N,Weld,FAIL
INSP10967,M9462,MA1AB100000003463,D002,Reject,Unknown,INS47,Y,Paint,FAIL
INSP10968,M9006,MA1AB100000004334,NONE, ok ,Unknown,INS41,N,Weld,PASS
INSP10969,M11864,MA1AB100000001387,D001,Reject,Unknown,INS38,Y,Dimension,PASS
INSP10970,M9695,MA1AB100000002148,D001,Reject,Unknown,INS93,Y,Dimension,PASS
INSP10971,M10142,MA1AB100000000402,NONE,Reject,Unknown,INS91,Y,Paint,FAIL
INSP10972,M9990,MA1AB100000004010,D003,reject,Unknown,INS97,Y,Dimension,PASS
INSP10973,M10551,MA1AB100000000648,NONE, ok ,Unknown,INS29,Y,,FAIL
INSP10974,M9141,MA1AB100000000161,D003,reject,Unknown,INS87,N,Material,FAIL
INSP10975,M8442,MA1AB100000002982,NONE,,Unknown,INS64,N,Material,FAIL
INSP10976,M9788,MA1AB100000004365,NONE,Reject,Unknown,INS85,N,Material,PASS
INSP10977,M11892,MA1AB100000000536,D003,Repair,Unknown,INS79,N,Paint,FAIL
INSP10978,M11290,MA1AB100000002555,NONE,Repair,Unknown,INS85,N,,FAIL
INSP10979,M9580,MA1AB100000004436,D001,Repair,Unknown,INS24,N,Paint,PASS
INSP10980,M9920,MA1AB100000004456,D002,Repair,Unknown,INS71,N,,FAIL
INSP10981,M9798,MA1AB100000000163,D003,OK,Unknown,INS60,Y,,FAIL
INSP10982,M8142,MA1AB100000000031,D003,Reject,Unknown,INS69,Y,Paint,FAIL
INSP10983,M8875,MA1AB100000002612,D002,Reject,Unknown,INS57,N,Dimension,FAIL
INSP10984,M10630,MA1AB100000001203,D003,reject,Unknown,INS30,N,Weld,FAIL
INSP10985,M9737,MA1AB100000001795,D002,,Unknown,INS78,N,,PASS
INSP10986,M10845,MA1AB100000001566,D001,OK,Unknown,INS72,N,,FAIL
INSP10987,M11143,MA1AB100000000097,NONE,,Unknown,INS50,N,Paint,FAIL
INSP10988,M10065,MA1AB100000004802,NONE,Repair,Unknown,INS93,N,Paint,FAIL
INSP10989,M11396,MA1AB100000003764,NONE,Repair,Unknown,INS63,N,Dimension,FAIL
INSP10990,M7240,MA1AB100000000939,D004,Repair,Unknown,INS39,Y,Dimension,PASS
INSP10991,M10089,MA1AB100000003467,D004,,Unknown,INS20,N,Dimension,PASS
INSP10992,M7900,MA1AB100000004618,NONE,,Unknown,INS53,Y,Paint,FAIL
INSP10993,M11780,MA1AB100000000087,D003, ok ,Unknown,INS34,Y,,PASS
INSP10994,M10934,MA1AB100000001502,D003,,Unknown,INS25,N,Dimension,PASS
INSP10995,M11146,MA1AB100000004033,D004,reject,Unknown,INS17,Y,Paint,FAIL
INSP10996,M11569,MA1AB100000001363,NONE,Reject,Unknown,INS74,N,Weld,PASS
INSP10997,M8750,MA1AB100000004085,D003, ok ,Unknown,INS50,N,Weld,PASS
INSP10998,M11205,MA1AB100000002502,D002,,Unknown,INS13,Y,Material,FAIL
INSP10999,M8156,MA1AB100000004140,D003,OK,Unknown,INS44,N,,PASS
INSP11000,M8036,XX1 2 3 4,D002,reject,Unknown,INS92,N,Dimension,FAIL
INSP11001,M9522,MA1AB100000001211,D002,OK,Unknown,INS13,Y,Paint,PASS
INSP11002,M9401,MA1AB100000002395,D004, ok ,Unknown,INS27,N,Dimension,PASS
INSP11003,M10158,MA1AB100000003374,D001,OK,Unknown,INS24,N,Dimension,FAIL
INSP11004,M10131,MA1AB100000004919,NONE, ok ,Unknown,INS66,Y,Paint,FAIL
INSP11005,M10602,MA1AB100000000531,D003,Reject,Unknown,INS21,Y,Material,PASS
INSP11006,M8664,MA1AB100000004887,D001,reject,Unknown,INS84,Y,Weld,FAIL
INSP11007,M11201,MA1AB100000002777,D004, ok ,Unknown,INS10,Y,Dimension,FAIL
INSP11008,M8015,MA1AB100000004232,D003,OK,Unknown,INS51,N,Weld,FAIL
INSP11009,M8588,MA1AB100000000819,D003,,Unknown,INS84,Y,Dimension,PASS
INSP11010,M7019,MA1AB100000001133,D002,OK,Unknown,INS38,N,Weld,FAIL
INSP11011,M11137,MA1AB100000001714,D004,Repair,Unknown,INS51,Y,Weld,FAIL
INSP11012,M10428,MA1AB100000003132,NONE,OK,Unknown,INS48,Y,Dimension,PASS
INSP11013,M8105,MA1AB100000001989,D004, ok ,Unknown,INS29,N,Paint,FAIL
INSP11014,M9196,MA1AB100000003744,NONE, ok ,Unknown,INS72,Y,Paint,PASS
INSP11015,M10757,MA1AB100000001460,D001,reject,Unknown,INS81,N,Dimension,FAIL
INSP11016,M7178,MA1AB100000001734,D003,,Unknown,INS21,Y,Material,FAIL
INSP11017,M11050,MA1AB100000000353,NONE,,Unknown,INS64,Y,Dimension,FAIL
INSP11018,M10546,MA1AB100000002132,D002,OK,Unknown,INS51,Y,Paint,FAIL
INSP11019,M9896,MA1AB100000001644,D003, ok ,Unknown,INS35,N,Weld,FAIL
INSP11020,M10320,MA1AB100000004387,D002,reject,Unknown,INS84,Y,Dimension,FAIL
INSP11021,M10447,MA1AB100000003239,D001,OK,Unknown,INS64,N,,PASS
INSP11022,M11670,MA1AB100000001292,D003,OK,Unknown,INS72,N,Paint,FAIL
INSP11023,M8224,MA1AB100000001396,NONE,Reject,Unknown,INS11,N,,FAIL
INSP11024,M7725,MA1AB100000001577,D002, ok ,Unknown,INS27,N,,FAIL
INSP11025,M9258,MA1AB100000001834,D003,reject,Unknown,INS60,Y,Weld,FAIL
INSP11026,M8435,MA1AB100000000087,D002,Reject,Unknown,INS76,N,Paint,FAIL
INSP11027,M9666,MA1AB100000004827,D004,Reject,Unknown,INS23,N,Weld,PASS
INSP11028,M11827,MA1AB100000004999,D002, ok ,Unknown,INS87,N,Weld,FAIL
INSP11029,M9237,MA1AB100000001438,NONE,,Unknown,INS15,N,,FAIL
INSP11030,M8777,MA1AB100000000566,D003,Reject,Unknown,INS76,N,Material,FAIL
INSP11031,M10330,MA1AB100000002257,D003,OK,Unknown,INS27,Y,,FAIL
INSP11032,M9221,MA1AB100000004186,NONE,Repair,Unknown,INS41,Y,,PASS
INSP11033,M11437,MA1AB100000000161,D001,,Unknown,INS37,N,Paint,PASS
INSP11034,M7590,MA1AB100000004649,D003,Reject,Unknown,INS99,N,,PASS
INSP11035,M8438,MA1AB100000004567,NONE,reject,Unknown,INS67,Y,Weld,FAIL
INSP11036,M9759,MA1AB100000000758,D003,Reject,Unknown,INS80,Y,Material,PASS
INSP11037,M10571,MA1AB100000002909,NONE,Reject,Unknown,INS68,N,Weld,PASS
INSP11038,M11496,MA1AB100000004935,D002,OK,Unknown,INS52,Y,Dimension,FAIL
INSP11039,M10736,MA1AB100000001312,D001,Repair,Unknown,INS66,Y,Dimension,PASS
INSP11040,M7834,MA1AB100000001753,D004,OK,Unknown,INS45,N,,PASS
INSP11041,M9280,MA1AB100000002775,NONE,reject,Unknown,INS51,N,Material,FAIL
INSP11042,M9652,MA1AB100000003303,D001,Reject,Unknown,INS74,Y,Material,FAIL
INSP11043,M8628,MA1AB100000001043,D003,,Unknown,INS98,N,,PASS
INSP11044,M9598,MA1AB100000003655,D004,OK,Unknown,INS74,N,,FAIL
INSP11045,M7755,MA1AB100000003870,D001, ok ,Unknown,INS88,Y,Material,FAIL
INSP11046,M7697,MA1AB100000004367,NONE,reject,Unknown,INS33,N,Paint,PASS
INSP11047,M8925,MA1AB100000000258,D004,OK,Unknown,INS65,Y,Weld,FAIL
INSP11048,M9493,MA1AB100000003421,NONE,,Unknown,INS15,N,Material,FAIL
INSP11049,M10454,MA1AB100000003239,D002,Repair,Unknown,INS49,N,Material,PASS
INSP11050,M10880,MA1AB100000003693,NONE,OK,Unknown,INS70,Y,Dimension,PASS
INSP11051,M10398,MA1AB100000004589,NONE,,Unknown,INS91,Y,,PASS
INSP11052,M11753,MA1AB100000002706,D002,,Unknown,INS21,N,Material,FAIL
INSP11053,M7741,MA1AB100000002871,D001,Reject,Unknown,INS58,N,Material,PASS
INSP11054,M7001,MA1AB100000000347,D002,Reject,Unknown,INS20,Y,,PASS
INSP11055,M7433,MA1AB100000003103,D004,Repair,Unknown,INS77,Y,Weld,PASS
INSP11056,M10799,MA1AB100000001860,D004, ok ,Unknown,INS18,N,Dimension,PASS
INSP11057,M9664,MA1AB100000001590,D002,Reject,Unknown,INS74,Y,Material,FAIL
INSP11058,M9763,MA1AB100000002240,D004,,Unknown,INS16,Y,Dimension,FAIL
INSP11059,M11738,MA1AB100000004030,D004,Reject,Unknown,INS80,N,Paint,FAIL
INSP11060,M10509,MA1AB100000004079,D001,reject,Unknown,INS91,N,Weld,FAIL
INSP11061,M8663,MA1AB100000001380,D003,,Unknown,INS78,Y,Material,FAIL
INSP11062,M9903,MA1AB100000001849,D002,reject,Unknown,INS74,N,Dimension,FAIL
INSP11063,M7093,MA1AB100000001599,D003,,Unknown,INS91,Y,Weld,PASS
INSP11064,M8478,MA1AB100000002389,D001,reject,Unknown,INS38,Y,Material,FAIL
INSP11065,M8507,MA1AB100000003627,D001,Reject,Unknown,INS75,Y,,FAIL
INSP11066,M11222,MA1AB100000000291,D001,,Unknown,INS28,N,Material,FAIL
INSP11067,M8688,MA1AB100000002632,D001,OK,Unknown,INS81,N,Material,FAIL
INSP11068,M11727,MA1AB100000003745,NONE,reject,Unknown,INS22,Y,,PASS
INSP11069,M9928,MA1AB100000003468,NONE, ok ,Unknown,INS95,Y,Weld,PASS
INSP11070,M9327,MA1AB100000003213,NONE,,Unknown,INS54,N,Material,FAIL
INSP11071,M8932,MA1AB100000000722,D002,reject,Unknown,INS35,Y,Dimension,FAIL
INSP11072,M10413,MA1AB100000004356,D002,OK,Unknown,INS44,Y,,FAIL
INSP11073,M9468,MA1AB100000001614,D004,Reject,Unknown,INS17,Y,Material,FAIL
INSP11074,M11453,MA1AB100000002411,D004,,Unknown,INS20,Y,Paint,PASS
INSP11075,M10816,MA1AB100000003394,D001,,Unknown,INS18,N,Weld,FAIL
INSP11076,M7506,MA1AB100000003068,D004,reject,Unknown,INS93,N,Weld,PASS
INSP11077,M10735,MA1AB100000001629,NONE, ok ,Unknown,INS14,Y,Weld,PASS
INSP11078,M7811,MA1AB100000003137,D001,reject,Unknown,INS39,N,Material,PASS
INSP11079,M8633,MA1AB100000001985,D002,Reject,Unknown,INS52,Y,,PASS
INSP11080,M11856,MA1AB100000002777,D002,Repair,Unknown,INS44,Y,Material,FAIL
INSP11081,M8086,MA1AB100000004406,D004,Reject,Unknown,INS75,N,Material,PASS
INSP11082,M9496,MA1AB100000003773,D002,,Unknown,INS91,Y,Material,FAIL
INSP11083,M10252,MA1AB100000003909,D004,Repair,Unknown,INS22,N,Paint,FAIL
INSP11084,M11995,MA1AB100000004581,D003,,Unknown,INS96,N,Dimension,FAIL
INSP11085,M8027,MA1AB100000004625,D004,reject,Unknown,INS58,N,Paint,PASS
INSP11086,M10849,MA1AB100000001868,D004,reject,Unknown,INS27,Y,,FAIL
INSP11087,M11761,MA1AB100000004657,D001,reject,Unknown,INS39,N,,FAIL
INSP11088,M8638,MA1AB100000004202,D002,Reject,Unknown,INS11,N,Weld,FAIL
INSP11089,M8293,MA1AB100000004876,NONE, ok ,Unknown,INS32,N,Paint,PASS
INSP11090,M9880,MA1AB100000000405,NONE,OK,Unknown,INS33,N,,PASS
INSP11091,M9220,MA1AB100000000426,D003,reject,Unknown,INS77,N,,FAIL
INSP11092,M11456,MA1AB100000000270,NONE,,Unknown,INS66,Y,,FAIL
INSP11093,M8701,MA1AB100000003136,D001,Reject,Unknown,INS95,N,,PASS
INSP11094,M8584,MA1AB100000003388,NONE,Reject,Unknown,INS46,N,Paint,FAIL
INSP11095,M8713,MA1AB100000003086,D002,Reject,Unknown,INS65,Y,Dimension,PASS
INSP11096,M7449,MA1AB100000002312,D002,Reject,Unknown,INS48,Y,Paint,FAIL
INSP11097,M7434,MA1AB100000001282,D002,OK,Unknown,INS26,Y,Paint,PASS
INSP11098,M7619,MA1AB100000000240,D001,,Unknown,INS40,N,Dimension,PASS
INSP11099,M9588,MA1AB100000001053,D003,Reject,Unknown,INS40,Y,Paint,FAIL
INSP11100,M7826,MA1AB100000002209,D002,Repair,Unknown,INS79,Y,,FAIL
INSP11101,M8568,MA1AB100000000989,D003,,Unknown,INS32,N,Material,FAIL
INSP11102,M8070,MA1AB100000003512,D004,reject,Unknown,INS87,N,Material,PASS
INSP11103,M7572,MA1AB100000003107,D002,Reject,Unknown,INS20,N,Paint,FAIL
INSP11104,M8421,MA1AB100000004187,D002,Reject,Unknown,INS33,Y,Weld,PASS
INSP11105,M11996,MA1AB100000003319,NONE,Reject,Unknown,INS22,Y,Dimension,FAIL
INSP11106,M10893,MA1AB100000001678,D003,reject,Unknown,INS58,Y,Material,FAIL
INSP11107,M9164,MA1AB100000002575,D001,Reject,Unknown,INS36,Y,Weld,FAIL
INSP11108,M10599,MA1AB100000000441,NONE,Reject,Unknown,INS12,N,Weld,FAIL
INSP11109,M8119,MA1AB100000000085,NONE,OK,Unknown,INS79,Y,Dimension,PASS
INSP11110,M7623,MA1AB100000000055,D004, ok ,Unknown,INS73,Y,Weld,PASS
INSP11111,M7711,MA1AB100000002908,D004,,Unknown,INS21,Y,Material,PASS
INSP11112,M8400,MA1AB100000004642,D003,reject,Unknown,INS76,Y,Weld,PASS
INSP11113,M7093,MA1AB100000004222,D001,,Unknown,INS26,N,,PASS
INSP11114,M10034,MA1AB100000004328,D003,Reject,Unknown,INS78,N,Material,FAIL
INSP11115,M10940,MA1AB100000000437,D003,,Unknown,INS83,N,Weld,FAIL
INSP11116,M9842,MA1AB100000001434,D001,Reject,Unknown,INS81,Y,Dimension,PASS
INSP11117,M10765,MA1AB100000004940,D002,reject,Unknown,INS54,N,,PASS
INSP11118,M11829,MA1AB100000001214,D004,,Unknown,INS12,N,Dimension,PASS
INSP11119,M7404,MA1AB100000004474,NONE,,Unknown,INS46,N,Material,PASS
INSP11120,M8460,MA1AB100000001025,D001,Reject,Unknown,INS29,N,Material,PASS
INSP11121,M10886,MA1AB100000001794,D001,Repair,Unknown,INS51,Y,Weld,FAIL
INSP11122,M11987,MA1AB100000003179,D001,,Unknown,INS36,N,Dimension,PASS
INSP11123,M7413,MA1AB100000000978,D003,,Unknown,INS26,Y,Paint,PASS
INSP11124,M10130,MA1AB100000002527,NONE, ok ,Unknown,INS66,N,Dimension,FAIL
INSP11125,M11391,MA1AB100000003236,D003,OK,Unknown,INS31,Y,Material,PASS
INSP11126,M7230,MA1AB100000002280,D003,,Unknown,INS92,N,Material,FAIL
INSP11127,M7198,MA1AB100000000824,D001,OK,Unknown,INS23,Y,Weld,PASS
INSP11128,M10930,MA1AB100000001550,D004,reject,Unknown,INS38,Y,Paint,PASS
INSP11129,M9285,MA1AB100000000672,D002,Reject,Unknown,INS48,Y,Material,FAIL
INSP11130,M9815,MA1AB100000003551,D001,,Unknown,INS35,N,Weld,PASS
INSP11131,M7965,MA1AB100000001894,NONE,,Unknown,INS38,Y,Dimension,PASS
INSP11132,M9999,MA1AB100000001362,NONE, ok ,Unknown,INS56,Y,,FAIL
INSP11133,M10620,MA1AB100000003955,D002,Reject,Unknown,INS18,Y,Material,FAIL
INSP11134,M10817,MA1AB100000004132,NONE,,Unknown,INS21,Y,,FAIL
INSP11135,M8291,MA1AB100000000569,NONE,Reject,Unknown,INS95,Y,Dimension,PASS
INSP11136,M8320,MA1AB100000004671,D002,OK,Unknown,INS81,N,,FAIL
INSP11137,M8241,MA1AB100000002367,D004,Repair,Unknown,INS98,N,Paint,FAIL
INSP11138,M11163,MA1AB100000004296,NONE,OK,Unknown,INS14,Y,Paint,PASS
INSP11139,M7019,MA1AB100000004278,D001, ok ,Unknown,INS27,Y,Paint,FAIL
INSP11140,M9583,MA1AB100000000434,D003,OK,Unknown,INS90,Y,Paint,PASS
INSP11141,M10651,MA1AB100000004665,D002,Repair,Unknown,INS38,N,,FAIL
INSP11142,M7223,MA1AB100000001858,D002,OK,Unknown,INS34,Y,Dimension,PASS
INSP11143,M8699,MA1AB100000004259,D004,,Unknown,INS61,N,Material,PASS
INSP11144,M8883,MA1AB100000004127,D002,OK,Unknown,INS89,Y,,PASS
INSP11145,M8855,MA1AB100000004865,D003,,Unknown,INS33,Y,Weld,PASS
INSP11146,M8661,MA1AB100000002337,D001,Repair,Unknown,INS93,N,Dimension,FAIL
INSP11147,M8492,MA1AB100000004395,D004,OK,Unknown,INS32,N,Dimension,FAIL
INSP11148,M7411,MA1AB100000002968,D003, ok ,Unknown,INS79,N,Dimension,PASS
INSP11149,M7226,MA1AB100000000908,NONE,reject,Unknown,INS10,N,,PASS
INSP11150,M9693,MA1AB100000000981,D002,Repair,Unknown,INS96,N,Paint,PASS
INSP11151,M8316,MA1AB100000001219,D002,Repair,Unknown,INS97,Y,Weld,PASS
INSP11152,M9921,MA1AB100000002158,NONE,Reject,Unknown,INS90,Y,Material,FAIL
INSP11153,M10349,MA1AB100000001893,D002,OK,Unknown,INS75,Y,Dimension,FAIL
INSP11154,M9587,MA1AB100000000390,D003,OK,Unknown,INS44,Y,Dimension,PASS
INSP11155,M7645,MA1AB100000001063,D002,,Unknown,INS92,N,,PASS
INSP11156,M11517,MA1AB100000003893,D004, ok ,Unknown,INS55,N,,PASS
INSP11157,M9434,MA1AB100000002891,D003,Repair,Unknown,INS54,N,Paint,PASS
INSP11158,M11240,MA1AB100000001560,NONE,,Unknown,INS56,Y,Dimension,FAIL
INSP11159,M11172,MA1AB100000003693,D004,OK,Unknown,INS68,N,Weld,FAIL
INSP11160,M9461,MA1AB100000004816,NONE,OK,Unknown,INS35,Y,Material,FAIL
INSP11161,M10920,MA1AB100000002619,D002,reject,Unknown,INS53,Y,,FAIL
INSP11162,M7549,MA1AB100000004941,D001,Reject,Unknown,INS43,N,Dimension,PASS
INSP11163,M8697,MA1AB100000004214,D001,OK,Unknown,INS14,N,Weld,PASS
INSP11164,M10382,MA1AB100000004168,D001,reject,Unknown,INS14,Y,,PASS
INSP11165,M11533,MA1AB100000003122,D003,OK,Unknown,INS39,Y,,FAIL
INSP11166,M9886,MA1AB100000003451,NONE,Reject,Unknown,INS86,N,Dimension,PASS
INSP11167,M8097,MA1AB100000003498,D003,reject,Unknown,INS15,N,Paint,FAIL
INSP11168,M10196,MA1AB100000003945,D002,reject,Unknown,INS71,N,Paint,FAIL
INSP11169,M10770,MA1AB100000000172,D001,,Unknown,INS39,N,Material,FAIL
INSP11170,M11280,MA1AB100000002551,D002,,Unknown,INS14,N,,PASS
INSP11171,M10109,MA1AB100000000484,D002,Reject,Unknown,INS29,N,Material,FAIL
INSP11172,M11751,MA1AB100000004300,D002,Reject,Unknown,INS39,N,Weld,FAIL
INSP11173,M8934,MA1AB100000000698,D002,reject,Unknown,INS95,Y,,FAIL
INSP11174,M8836,MA1AB100000000808,D001,reject,Unknown,INS15,N,Material,PASS
INSP11175,M11281,MA1AB100000001297,NONE,OK,Unknown,INS57,Y,Material,FAIL
INSP11176,M9368,MA1AB100000002515,D004,OK,Unknown,INS38,Y,Dimension,PASS
INSP11177,M10904,MA1AB100000003183,D001,reject,Unknown,INS83,Y,Material,FAIL
INSP11178,M7895,MA1AB100000004737,D003,Repair,Unknown,INS24,Y,Weld,PASS
INSP11179,M11602,MA1AB100000003080,D001, ok ,Unknown,INS83,Y,Dimension,FAIL
INSP11180,M9741,MA1AB100000002595,NONE,Repair,Unknown,INS11,Y,Weld,FAIL
INSP11181,M8805,MA1AB100000002825,D003,OK,Unknown,INS73,N,Paint,FAIL
INSP11182,M8178,MA1AB100000001894,D004,,Unknown,INS94,Y,Material,PASS
INSP11183,M9435,MA1AB100000000101,NONE,Repair,Unknown,INS20,N,Weld,FAIL
INSP11184,M11875,MA1AB100000000627,D004,reject,Unknown,INS19,Y,Material,FAIL
INSP11185,M7298,MA1AB100000003376,D004,,Unknown,INS96,Y,Weld,FAIL
INSP11186,M7513,MA1AB100000004943,D002,,Unknown,INS84,N,Paint,PASS
INSP11187,M8673,MA1AB100000002882,D002, ok ,Unknown,INS40,N,,PASS
INSP11188,M11492,MA1AB100000004352,D004,,Unknown,INS39,N,,PASS
INSP11189,M10744,MA1AB100000001957,D002, ok ,Unknown,INS21,N,,FAIL
INSP11190,M11561,MA1AB100000002999,D003,OK,Unknown,INS60,Y,Paint,PASS
INSP11191,M8510,MA1AB100000002623,D004,,Unknown,INS74,Y,Weld,FAIL
INSP11192,M7506,MA1AB100000003115,D003,Reject,Unknown,INS95,N,Weld,PASS
INSP11193,M10973,MA1AB100000002339,D003,Repair,Unknown,INS44,N,Dimension,PASS
INSP11194,M7488,MA1AB100000002271,D001, ok ,Unknown,INS68,Y,Dimension,PASS
INSP11195,M11461,MA1AB100000000140,D003,Repair,Unknown,INS53,Y,Material,FAIL
INSP11196,M10515,MA1AB100000004740,D004, ok ,Unknown,INS54,N,Paint,PASS
INSP11197,M7291,MA1AB100000003194,D001,reject,Unknown,INS31,N,Dimension,FAIL
INSP11198,M10024,MA1AB100000004665,D004, ok ,Unknown,INS12,Y,Material,PASS
INSP11199,M11772,MA1AB100000004942,NONE,reject,Unknown,INS38,N,Dimension,FAIL
INSP11200,M9378,MA1AB100000003840,D001,,Unknown,INS53,N,Material,PASS
INSP11201,M7465,MA1AB100000000694,NONE,,Unknown,INS54,Y,Dimension,FAIL
INSP11202,M10052,MA1AB100000004635,D003,reject,Unknown,INS26,N,Dimension,FAIL
INSP11203,M7343,MA1AB100000001632,D001,,Unknown,INS29,Y,Dimension,PASS
INSP11204,M7797,MA1AB100000001734,D004,Repair,Unknown,INS87,N,Material,FAIL
INSP11205,M10595,MA1AB100000003063,D001, ok ,Unknown,INS86,Y,Material,PASS
INSP11206,M9644,MA1AB100000000843,D003,Reject,Unknown,INS75,Y,,FAIL
INSP11207,M8055,MA1AB100000004454,D003,,Unknown,INS68,N,Material,FAIL
INSP11208,M7755,MA1AB100000000309,NONE,Reject,Unknown,INS80,Y,Dimension,FAIL
INSP11209,M10539,MA1AB100000004734,D001,reject,Unknown,INS56,Y,Weld,FAIL
INSP11210,M10221,MA1AB100000000188,D003,Repair,Unknown,INS88,N,Material,PASS
INSP11211,M7710,MA1AB100000001383,NONE,Repair,Unknown,INS90,N,Weld,FAIL
INSP11212,M9540,MA1AB100000000192,D002,Repair,Unknown,INS21,Y,Dimension,PASS
INSP11213,M9508,MA1AB100000003610,D004, ok ,Unknown,INS13,Y,Material,FAIL
INSP11214,M8934,MA1AB100000001816,D001,reject,Unknown,INS14,Y,Dimension,FAIL
INSP11215,M9808,MA1AB100000003118,D001, ok ,Unknown,INS41,Y,Weld,PASS
INSP11216,M8710,MA1AB100000004950,D002,Repair,Unknown,INS55,Y,Dimension,PASS
INSP11217,M9214,MA1AB100000000637,D002,,Unknown,INS71,N,Weld,FAIL
INSP11218,M11818,MA1AB100000001146,D003,OK,Unknown,INS91,N,Paint,FAIL
INSP11219,M8249,MA1AB100000002416,D003,OK,Unknown,INS23,N,Dimension,FAIL
INSP11220,M8057,MA1AB100000004596,D004,,Unknown,INS24,Y,Weld,PASS
INSP11221,M8486,MA1AB100000001049,D002,OK,Unknown,INS75,Y,Paint,FAIL
INSP11222,M11038,MA1AB100000003274,D002,Reject,Unknown,INS57,N,Material,FAIL
INSP11223,M10144,MA1AB100000002726,D004,reject,Unknown,INS44,N,,PASS
INSP11224,M8913,MA1AB100000002815,D002,,Unknown,INS19,Y,Material,PASS
INSP11225,M10132,MA1AB100000002043,D001,Reject,Unknown,INS80,N,Paint,PASS
INSP11226,M10176,MA1AB100000002720,D002,Reject,Unknown,INS84,Y,Material,FAIL
INSP11227,M8188,MA1AB100000001806,D002,Repair,Unknown,INS86,Y,Dimension,PASS
INSP11228,M8299,MA1AB100000002509,D004,Repair,Unknown,INS45,N,,PASS
INSP11229,M11385,MA1AB100000004074,D001,Reject,Unknown,INS72,Y,Material,PASS
INSP11230,M11374,MA1AB100000004974,D004, ok ,Unknown,INS25,Y,Dimension,FAIL
INSP11231,M10795,MA1AB100000001692,NONE,reject,Unknown,INS80,Y,,PASS
INSP11232,M11002,MA1AB100000004624,D001,OK,Unknown,INS37,N,,FAIL
INSP11233,M10847,MA1AB100000001943,D002,reject,Unknown,INS40,Y,,FAIL
INSP11234,M9060,MA1AB100000001005,NONE,,Unknown,INS64,Y,Paint,FAIL
INSP11235,M10797,MA1AB100000004504,D003,reject,Unknown,INS66,Y,Material,PASS
INSP11236,M9221,MA1AB100000004940,NONE, ok ,Unknown,INS56,N,Paint,PASS
INSP11237,M8029,MA1AB100000001631,D003, ok ,Unknown,INS44,Y,Material,FAIL
INSP11238,M8113,MA1AB100000001522,D003,Repair,Unknown,INS46,N,Material,FAIL
INSP11239,M7276,MA1AB100000003516,NONE,,Unknown,INS88,Y,Dimension,PASS
INSP11240,M9830,MA1AB100000003356,D002,,Unknown,INS79,N,Weld,PASS
INSP11241,M9202,MA1AB100000000511,NONE,Repair,Unknown,INS55,N,Material,FAIL
INSP11242,M7990,MA1AB100000002749,D002, ok ,Unknown,INS85,N,Material,FAIL
INSP11243,M9455,MA1AB100000001916,D004,,Unknown,INS82,N,Weld,PASS
INSP11244,M10857,MA1AB100000001083,NONE,,Unknown,INS58,N,Paint,PASS
INSP11245,M11120,MA1AB100000001145,NONE,OK,Unknown,INS75,Y,,FAIL
INSP11246,M11277,MA1AB100000000436,D004,reject,Unknown,INS64,N,Weld,FAIL
INSP11247,M10416,MA1AB100000003270,D001,,Unknown,INS41,Y,,FAIL
INSP11248,M11903,MA1AB100000000350,D001, ok ,Unknown,INS89,N,Paint,PASS
INSP11249,M11589,MA1AB100000003805,D004,,Unknown,INS97,N,Dimension,FAIL
INSP11250,M7451,XX1 2 3 4,NONE,OK,Unknown,INS41,N,Paint,FAIL
INSP11251,M7892,MA1AB100000000391,D001,Reject,Unknown,INS26,Y,,FAIL
INSP11252,M7674,MA1AB100000004478,D003, ok ,Unknown,INS77,N,Weld,PASS
INSP11253,M11390,MA1AB100000000528,D002,reject,Unknown,INS17,Y,Material,PASS
INSP11254,M8741,MA1AB100000003317,D002,reject,Unknown,INS48,N,,FAIL
INSP11255,M10093,MA1AB100000001848,D003,reject,Unknown,INS21,Y,Paint,FAIL
INSP11256,M8358,MA1AB100000000378,D002, ok ,Unknown,INS21,Y,,PASS
INSP11257,M7099,MA1AB100000003711,D004, ok ,Unknown,INS33,Y,Material,PASS
INSP11258,M11598,MA1AB100000002833,D001,reject,Unknown,INS16,N,Weld,PASS
INSP11259,M11209,MA1AB100000004570,D001,OK,Unknown,INS19,N,Dimension,PASS
INSP11260,M10859,MA1AB100000001631,NONE, ok ,Unknown,INS32,N,,PASS
INSP11261,M11789,MA1AB100000000690,NONE,OK,Unknown,INS59,Y,Material,PASS
INSP11262,M8234,MA1AB100000003765,D002,OK,Unknown,INS96,Y,,PASS
INSP11263,M7770,MA1AB100000003921,D004,,Unknown,INS35,Y,Weld,PASS
INSP11264,M9487,MA1AB100000001000,D004,Repair,Unknown,INS67,N,Paint,PASS
INSP11265,M9794,MA1AB100000003839,D002, ok ,Unknown,INS95,N,Dimension,PASS
INSP11266,M9672,MA1AB100000001220,D002,Reject,Unknown,INS93,Y,Weld,PASS
INSP11267,M10151,MA1AB100000003808,D001,OK,Unknown,INS42,Y,Material,PASS
INSP11268,M7715,MA1AB100000004371,D002,reject,Unknown,INS79,Y,Paint,PASS
INSP11269,M8697,MA1AB100000002589,D001, ok ,Unknown,INS64,N,,PASS
INSP11270,M9860,MA1AB100000001262,D001,,Unknown,INS64,N,Material,FAIL
INSP11271,M10217,MA1AB100000004284,D002,Reject,Unknown,INS81,Y,Material,PASS
INSP11272,M10851,MA1AB100000000932,D001,Reject,Unknown,INS49,N,Material,FAIL
INSP11273,M11685,MA1AB100000000930,D001,Reject,Unknown,INS14,N,Paint,FAIL
INSP11274,M10461,MA1AB100000002116,D002,Reject,Unknown,INS45,N,Paint,FAIL
INSP11275,M11144,MA1AB100000001100,D002,Reject,Unknown,INS16,Y,Paint,PASS
INSP11276,M11524,MA1AB100000004863,D001,,Unknown,INS79,Y,Paint,FAIL
INSP11277,M9630,MA1AB100000000443,D003, ok ,Unknown,INS35,Y,Dimension,FAIL
INSP11278,M11392,MA1AB100000000442,D001,OK,Unknown,INS13,N,Paint,FAIL
INSP11279,M10120,MA1AB100000004509,NONE,reject,Unknown,INS40,Y,Dimension,PASS
INSP11280,M11378,MA1AB100000000251,D001,Reject,Unknown,INS48,N,Dimension,FAIL
INSP11281,M8418,MA1AB100000002657,D003,Reject,Unknown,INS72,Y,Material,FAIL
INSP11282,M7829,MA1AB100000000553,D001, ok ,Unknown,INS44,N,Weld,FAIL
INSP11283,M7782,MA1AB100000002632,D004,,Unknown,INS52,N,,FAIL
INSP11284,M11229,MA1AB100000001388,D002,Repair,Unknown,INS78,Y,Paint,PASS
INSP11285,M7221,MA1AB100000000995,NONE,,Unknown,INS47,Y,Weld,FAIL
INSP11286,M10588,MA1AB100000003847,D001,reject,Unknown,INS98,N,Paint,FAIL
INSP11287,M11722,MA1AB100000000306,D003,,Unknown,INS92,N,,FAIL
INSP11288,M7589,MA1AB100000004270,D003,Repair,Unknown,INS96,Y,Weld,PASS
INSP11289,M11639,MA1AB100000001048,D004,OK,Unknown,INS67,Y,Dimension,FAIL
INSP11290,M10824,MA1AB100000000112,D004,Repair,Unknown,INS94,N,Weld,PASS
INSP11291,M7672,MA1AB100000003152,D004,Repair,Unknown,INS60,Y,Paint,FAIL
INSP11292,M9299,MA1AB100000004753,D003,OK,Unknown,INS25,N,Dimension,FAIL
INSP11293,M8549,MA1AB100000003026,D001,OK,Unknown,INS45,N,Weld,FAIL
INSP11294,M8273,MA1AB100000001736,NONE,OK,Unknown,INS71,N,Weld,PASS
INSP11295,M7935,MA1AB100000002703,NONE, ok ,Unknown,INS15,Y,,PASS
INSP11296,M8730,MA1AB100000002508,NONE,OK,Unknown,INS69,Y,Material,PASS
INSP11297,M10350,MA1AB100000003057,NONE,Reject,Unknown,INS99,Y,Material,FAIL
INSP11298,M11983,MA1AB100000003574,NONE,Reject,Unknown,INS59,Y,Paint,PASS
INSP11299,M10869,MA1AB100000003402,D004,reject,Unknown,INS24,N,Paint,PASS
INSP11300,M9341,MA1AB100000002154,D001,,Unknown,INS56,Y,,PASS
INSP11301,M8028,MA1AB100000000961,D001,reject,Unknown,INS38,N,Material,PASS
INSP11302,M9941,MA1AB100000002361,NONE,reject,Unknown,INS52,Y,Weld,FAIL
INSP11303,M9642,MA1AB100000000707,D004,,Unknown,INS71,N,Material,PASS
INSP11304,M9405,MA1AB100000000116,D004,Reject,Unknown,INS10,Y,Dimension,PASS
INSP11305,M7543,MA1AB100000004979,D003,reject,Unknown,INS51,N,Paint,PASS
INSP11306,M10246,MA1AB100000002947,D001,reject,Unknown,INS88,Y,Paint,FAIL
INSP11307,M10127,MA1AB100000004984,D003, ok ,Unknown,INS26,N,Weld,FAIL
INSP11308,M8727,MA1AB100000001540,D003,Reject,Unknown,INS75,Y,,FAIL
INSP11309,M9054,MA1AB100000001680,NONE,Repair,Unknown,INS51,N,Weld,FAIL
INSP11310,M9922,MA1AB100000001291,D001,reject,Unknown,INS76,N,Weld,PASS
INSP11311,M11722,MA1AB100000004264,D003, ok ,Unknown,INS11,Y,Weld,FAIL
INSP11312,M10381,MA1AB100000001878,D003,,Unknown,INS35,Y,Paint,FAIL
INSP11313,M11125,MA1AB100000001551,D001,reject,Unknown,INS55,Y,,PASS
INSP11314,M8371,MA1AB100000002661,D003, ok ,Unknown,INS37,N,Paint,PASS
INSP11315,M7297,MA1AB100000004473,D004,Repair,Unknown,INS28,N,Paint,PASS
INSP11316,M7223,MA1AB100000004335,D004,reject,Unknown,INS82,N,Material,FAIL
INSP11317,M9868,MA1AB100000001524,D001,Reject,Unknown,INS16,N,,FAIL
INSP11318,M7633,MA1AB100000004104,D001, ok ,Unknown,INS24,N,,PASS
INSP11319,M10352,MA1AB100000002279,D003,,Unknown,INS18,Y,Paint,FAIL
INSP11320,M11198,MA1AB100000001010,D001, ok ,Unknown,INS44,N,Dimension,FAIL
INSP11321,M9263,MA1AB100000004306,D004,,Unknown,INS77,Y,Material,FAIL
INSP11322,M11636,MA1AB100000001719,D001,Reject,Unknown,INS55,N,Material,FAIL
INSP11323,M10271,MA1AB100000004254,D001,OK,Unknown,INS80,N,Dimension,PASS
INSP11324,M8424,MA1AB100000001007,D003,Repair,Unknown,INS58,Y,Paint,FAIL
INSP11325,M8071,MA1AB100000003954,D002,Repair,Unknown,INS92,Y,Weld,PASS
INSP11326,M9945,MA1AB100000001511,D001,reject,Unknown,INS53,Y,Paint,PASS
INSP11327,M11066,MA1AB100000001548,NONE,OK,Unknown,INS99,Y,Weld,PASS
INSP11328,M8129,MA1AB100000003834,D003,Reject,Unknown,INS80,Y,Material,FAIL
INSP11329,M8666,MA1AB100000000890,D001,Reject,Unknown,INS23,N,Paint,FAIL
INSP11330,M10110,MA1AB100000001587,D004,OK,Unknown,INS58,Y,Weld,FAIL
INSP11331,M10102,MA1AB100000001860,D001,reject,Unknown,INS95,N,Paint,FAIL
INSP11332,M9871,MA1AB100000003574,D003,OK,Unknown,INS98,Y,,PASS
INSP11333,M7258,MA1AB100000000278,D002,Repair,Unknown,INS26,Y,Paint,FAIL
INSP11334,M7791,MA1AB100000002995,D002,reject,Unknown,INS36,Y,Material,FAIL
INSP11335,M11537,MA1AB100000002120,D004, ok ,Unknown,INS71,N,Paint,PASS
INSP11336,M10559,MA1AB100000004028,D003,reject,Unknown,INS16,N,Paint,FAIL
INSP11337,M10700,MA1AB100000002018,NONE, ok ,Unknown,INS29,N,Material,FAIL
INSP11338,M9805,MA1AB100000001859,D002,OK,Unknown,INS16,N,Weld,PASS
INSP11339,M8219,MA1AB100000004281,D004,Reject,Unknown,INS90,N,Weld,FAIL
INSP11340,M7998,MA1AB100000000159,NONE, ok ,Unknown,INS94,Y,,PASS
INSP11341,M11727,MA1AB100000004432,NONE,OK,Unknown,INS60,Y,,FAIL
INSP11342,M10202,MA1AB100000000300,D004,OK,Unknown,INS54,N,,FAIL
INSP11343,M10211,MA1AB100000003235,D004,OK,Unknown,INS10,Y,,PASS
INSP11344,M8693,MA1AB100000002358,NONE,Reject,Unknown,INS86,Y,Weld,PASS
INSP11345,M7691,MA1AB100000002558,D004,Repair,Unknown,INS17,Y,Dimension,PASS
INSP11346,M9788,MA1AB100000001620,NONE,OK,Unknown,INS90,N,Paint,FAIL
INSP11347,M8159,MA1AB100000003151,D002,reject,Unknown,INS96,N,Dimension,PASS
INSP11348,M7890,MA1AB100000004976,D002,Repair,Unknown,INS95,Y,Dimension,FAIL
INSP11349,M9481,MA1AB100000004024,D004,,Unknown,INS51,N,Weld,FAIL
INSP11350,M8927,MA1AB100000003755,D002,,Unknown,INS98,Y,Material,PASS
INSP11351,M11888,MA1AB100000004083,D001,Repair,Unknown,INS46,N,Material,FAIL
INSP11352,M10997,MA1AB100000002012,D004,OK,Unknown,INS57,N,Weld,FAIL
INSP11353,M9989,MA1AB100000001561,D004,reject,Unknown,INS18,N,Weld,FAIL
INSP11354,M8541,MA1AB100000004610,NONE,OK,Unknown,INS42,N,Weld,PASS
INSP11355,M8452,MA1AB100000000091,D003,,Unknown,INS55,N,Material,PASS
INSP11356,M10544,MA1AB100000000660,D004,,Unknown,INS59,Y,,PASS
INSP11357,M8232,MA1AB100000002273,D002,Reject,Unknown,INS64,N,,FAIL
INSP11358,M9344,MA1AB100000000444,D004,reject,Unknown,INS86,Y,Weld,PASS
INSP11359,M11553,MA1AB100000000867,D002, ok ,Unknown,INS39,Y,Dimension,FAIL
INSP11360,M9426,MA1AB100000001121,D004,,Unknown,INS18,Y,Weld,PASS
INSP11361,M9390,MA1AB100000000753,D002,OK,Unknown,INS39,N,Material,FAIL
INSP11362,M7495,MA1AB100000004822,D002,OK,Unknown,INS27,Y,,PASS
INSP11363,M10257,MA1AB100000000135,D004,Reject,Unknown,INS83,N,Material,FAIL
INSP11364,M8854,MA1AB100000003348,D001,,Unknown,INS34,Y,Material,FAIL
INSP11365,M8690,MA1AB100000002061,NONE,OK,Unknown,INS67,Y,Weld,PASS
INSP11366,M7933,MA1AB100000002065,NONE,OK,Unknown,INS61,N,Weld,FAIL
INSP11367,M10533,MA1AB100000002495,D002,Repair,Unknown,INS13,N,Dimension,FAIL
INSP11368,M11717,MA1AB100000004053,NONE, ok ,Unknown,INS51,Y,,PASS
INSP11369,M10972,MA1AB100000002203,D004, ok ,Unknown,INS39,N,Weld,FAIL
INSP11370,M9895,MA1AB100000001383,D002,Repair,Unknown,INS54,N,Dimension,FAIL
INSP11371,M11245,MA1AB100000001065,D001,Repair,Unknown,INS79,N,Weld,FAIL
INSP11372,M10356,MA1AB100000001125,D002,Repair,Unknown,INS78,N,,FAIL
INSP11373,M8251,MA1AB100000004105,D001, ok ,Unknown,INS27,Y,Weld,FAIL
INSP11374,M11246,MA1AB100000003251,NONE,,Unknown,INS94,N,Weld,FAIL
INSP11375,M8681,MA1AB100000001445,NONE, ok ,Unknown,INS45,Y,Material,PASS
INSP11376,M8352,MA1AB100000001154,D004,reject,Unknown,INS50,Y,,PASS
INSP11377,M7148,MA1AB100000003190,D003,OK,Unknown,INS78,N,Dimension,PASS
INSP11378,M9794,MA1AB100000004204,D002,reject,Unknown,INS71,N,Material,FAIL
INSP11379,M9954,MA1AB100000002713,NONE,reject,Unknown,INS64,Y,,PASS
INSP11380,M10397,MA1AB100000001737,D002,,Unknown,INS96,Y,,PASS
INSP11381,M11097,MA1AB100000004712,NONE,,Unknown,INS80,Y,Material,PASS
INSP11382,M8305,MA1AB100000002161,D001, ok ,Unknown,INS84,N,Dimension,FAIL
INSP11383,M9646,MA1AB100000000421,D001,Repair,Unknown,INS99,N,Weld,PASS
INSP11384,M8807,MA1AB100000004087,D004,OK,Unknown,INS87,Y,,FAIL
INSP11385,M9825,MA1AB100000003113,D001,reject,Unknown,INS42,N,Material,FAIL
INSP11386,M10654,MA1AB100000001963,D001,OK,Unknown,INS80,N,Weld,PASS
INSP11387,M9499,MA1AB100000003096,D002,reject,Unknown,INS56,N,Weld,PASS
INSP11388,M8637,MA1AB100000000567,D004,OK,Unknown,INS69,N,,PASS
INSP11389,M10580,MA1AB100000001188,D004,OK,Unknown,INS83,N,Dimension,PASS
INSP11390,M10729,MA1AB100000000746,D001, ok ,Unknown,INS32,N,Material,PASS
INSP11391,M9812,MA1AB100000001021,D003,OK,Unknown,INS17,N,Material,FAIL
INSP11392,M8955,MA1AB100000003091,D002,OK,Unknown,INS45,Y,Dimension,PASS
INSP11393,M8419,MA1AB100000001492,D004,reject,Unknown,INS74,Y,Dimension,FAIL
INSP11394,M10873,MA1AB100000003379,D002,Reject,Unknown,INS82,Y,,FAIL
INSP11395,M9121,MA1AB100000004799,D003,OK,Unknown,INS94,Y,Dimension,PASS
INSP11396,M9564,MA1AB100000002316,NONE,OK,Unknown,INS42,Y,Weld,PASS
INSP11397,M8599,MA1AB100000000013,NONE,Reject,Unknown,INS57,N,Paint,PASS
INSP11398,M9735,MA1AB100000002370,NONE,reject,Unknown,INS44,N,,FAIL
INSP11399,M11804,MA1AB100000002897,NONE,Repair,Unknown,INS73,N,Material,FAIL
INSP11400,M11035,MA1AB100000001122,D001,reject,Unknown,INS38,Y,Weld,FAIL
INSP11401,M9235,MA1AB100000001499,D001,,Unknown,INS70,N,Weld,FAIL
INSP11402,M11011,MA1AB100000003508,D001,,Unknown,INS23,N,Paint,FAIL
INSP11403,M11159,MA1AB100000001992,D002,Reject,Unknown,INS98,N,,FAIL
INSP11404,M11446,MA1AB100000001296,D004,OK,Unknown,INS73,N,Material,PASS
INSP11405,M11171,MA1AB100000001381,NONE, ok ,Unknown,INS53,N,Weld,PASS
INSP11406,M8338,MA1AB100000000138,NONE,OK,Unknown,INS60,N,Dimension,FAIL
INSP11407,M9419,MA1AB100000004458,D004,reject,Unknown,INS80,Y,Dimension,PASS
INSP11408,M10620,MA1AB100000003722,D002,OK,Unknown,INS18,Y,Paint,PASS
INSP11409,M9347,MA1AB100000004852,D003,Repair,Unknown,INS86,N,Material,PASS
INSP11410,M10909,MA1AB100000002200,D001, ok ,Unknown,INS74,Y,Weld,FAIL
INSP11411,M9661,MA1AB100000002592,D002,Reject,Unknown,INS38,Y,Material,FAIL
INSP11412,M10743,MA1AB100000001358,D004,OK,Unknown,INS16,Y,Weld,PASS
INSP11413,M10108,MA1AB100000001584,D001,Reject,Unknown,INS11,Y,Paint,FAIL
INSP11414,M7033,MA1AB100000000334,D001,,Unknown,INS88,N,Paint,FAIL
INSP11415,M11635,MA1AB100000000143,D001,OK,Unknown,INS36,Y,Dimension,PASS
INSP11416,M11625,MA1AB100000002098,NONE, ok ,Unknown,INS66,N,Dimension,PASS
INSP11417,M9008,MA1AB100000002593,D003,,Unknown,INS38,Y,Weld,PASS
INSP11418,M8303,MA1AB100000002769,D004,Repair,Unknown,INS35,N,,FAIL
INSP11419,M11626,MA1AB100000000056,D002,reject,Unknown,INS44,Y,Weld,PASS
INSP11420,M7239,MA1AB100000004977,D001,OK,Unknown,INS23,N,Weld,FAIL
INSP11421,M9625,MA1AB100000002321,D001,,Unknown,INS11,N,,FAIL
INSP11422,M8791,MA1AB100000004172,D001,reject,Unknown,INS93,N,Weld,FAIL
INSP11423,M9289,MA1AB100000000275,NONE,reject,Unknown,INS48,N,,PASS
INSP11424,M10467,MA1AB100000000800,NONE,OK,Unknown,INS93,N,Dimension,PASS
INSP11425,M11264,MA1AB100000002159,D004,Repair,Unknown,INS54,Y,Material,FAIL
INSP11426,M7631,MA1AB100000000701,D001,Repair,Unknown,INS77,Y,,PASS
INSP11427,M9468,MA1AB100000002683,D003, ok ,Unknown,INS66,N,Material,FAIL
INSP11428,M10292,MA1AB100000001084,D003,OK,Unknown,INS87,N,Material,FAIL
INSP11429,M11115,MA1AB100000003549,NONE, ok ,Unknown,INS36,N,Material,FAIL
INSP11430,M7655,MA1AB100000003550,D003,reject,Unknown,INS98,N,Weld,PASS
INSP11431,M9254,MA1AB100000001444,D002,reject,Unknown,INS95,Y,,PASS
INSP11432,M9938,MA1AB100000001771,D003,Repair,Unknown,INS63,N,Paint,PASS
INSP11433,M9446,MA1AB100000003568,D003,reject,Unknown,INS25,N,Dimension,FAIL
INSP11434,M11530,MA1AB100000001707,D002,Repair,Unknown,INS33,Y,Material,FAIL
INSP11435,M11074,MA1AB100000004701,D001,Reject,Unknown,INS25,N,,FAIL
INSP11436,M10921,MA1AB100000003921,D003,Repair,Unknown,INS57,Y,Material,PASS
INSP11437,M8699,MA1AB100000002413,D001,,Unknown,INS62,Y,Dimension,FAIL
INSP11438,M9687,MA1AB100000003205,NONE,,Unknown,INS61,Y,Paint,PASS
INSP11439,M9990,MA1AB100000002854,D003,,Unknown,INS34,N,Dimension,PASS
INSP11440,M10638,MA1AB100000000787,D004, ok ,Unknown,INS44,N,Dimension,FAIL
INSP11441,M8854,MA1AB100000002948,D001, ok ,Unknown,INS94,N,,FAIL
INSP11442,M8325,MA1AB100000004001,D004,Reject,Unknown,INS85,N,Paint,PASS
INSP11443,M11542,MA1AB100000003351,NONE,Reject,Unknown,INS50,N,Paint,FAIL
INSP11444,M8403,MA1AB100000004240,D001, ok ,Unknown,INS20,N,Dimension,FAIL
INSP11445,M11143,MA1AB100000004146,D001,reject,Unknown,INS45,N,Paint,PASS
INSP11446,M7734,MA1AB100000004796,NONE,OK,Unknown,INS64,N,Paint,FAIL
INSP11447,M10942,MA1AB100000001577,NONE,Repair,Unknown,INS28,Y,Dimension,PASS
INSP11448,M8103,MA1AB100000002292,NONE,Reject,Unknown,INS79,Y,Paint,FAIL
INSP11449,M7863,MA1AB100000002264,D002,Repair,Unknown,INS55,Y,,PASS
INSP11450,M10466,MA1AB100000003978,D002, ok ,Unknown,INS41,Y,Weld,FAIL
INSP11451,M10247,MA1AB100000004937,NONE,Reject,Unknown,INS56,N,Paint,PASS
INSP11452,M8606,MA1AB100000000725,D004,reject,Unknown,INS81,N,Dimension,FAIL
INSP11453,M10168,MA1AB100000004609,NONE,reject,Unknown,INS69,N,Paint,PASS
INSP11454,M11808,MA1AB100000000195,D002, ok ,Unknown,INS41,N,Dimension,PASS
INSP11455,M11360,MA1AB100000002791,D002,Reject,Unknown,INS63,Y,Material,FAIL
INSP11456,M10127,MA1AB100000002033,D002,OK,Unknown,INS16,Y,Paint,FAIL
INSP11457,M10463,MA1AB100000000260,D001,Repair,Unknown,INS87,Y,Weld,FAIL
INSP11458,M8755,MA1AB100000000731,D001,reject,Unknown,INS65,N,Material,PASS
INSP11459,M10496,MA1AB100000002415,D003,,Unknown,INS91,N,Dimension,FAIL
INSP11460,M8733,MA1AB100000004241,D004,Reject,Unknown,INS77,Y,Dimension,PASS
INSP11461,M10392,MA1AB100000001028,D001,Repair,Unknown,INS47,N,Material,FAIL
INSP11462,M7321,MA1AB100000004835,NONE,reject,Unknown,INS11,N,Paint,FAIL
INSP11463,M10572,MA1AB100000003707,D001,reject,Unknown,INS18,Y,Material,FAIL
INSP11464,M7023,MA1AB100000003858,D004,,Unknown,INS52,N,Material,FAIL
INSP11465,M11968,MA1AB100000001354,NONE,Reject,Unknown,INS20,Y,Paint,FAIL
INSP11466,M8691,MA1AB100000000155,D004,Repair,Unknown,INS22,Y,Weld,FAIL
INSP11467,M10221,MA1AB100000004579,D004,reject,Unknown,INS32,Y,Dimension,FAIL
INSP11468,M9869,MA1AB100000000967,D004,OK,Unknown,INS94,Y,Dimension,PASS
INSP11469,M10149,MA1AB100000003093,D003,Reject,Unknown,INS16,Y,Dimension,PASS
INSP11470,M9565,MA1AB100000002043,D004,Repair,Unknown,INS66,Y,Material,PASS
INSP11471,M8709,MA1AB100000002204,D003,Reject,Unknown,INS17,Y,,FAIL
INSP11472,M9727,MA1AB100000004557,D001,,Unknown,INS78,N,Material,FAIL
INSP11473,M7745,MA1AB100000002649,D004,,Unknown,INS15,N,Material,FAIL
INSP11474,M10144,MA1AB100000001419,NONE,,Unknown,INS69,Y,Paint,PASS
INSP11475,M11357,MA1AB100000002588,D003,,Unknown,INS72,N,Weld,PASS
INSP11476,M8442,MA1AB100000001811,D001,,Unknown,INS84,N,Dimension,FAIL
INSP11477,M11332,MA1AB100000004224,D001,Reject,Unknown,INS90,Y,Dimension,FAIL
INSP11478,M7278,MA1AB100000002913,D002,reject,Unknown,INS97,Y,Material,FAIL
INSP11479,M8569,MA1AB100000000819,D001,Reject,Unknown,INS63,Y,Material,PASS
INSP11480,M10048,MA1AB100000004699,NONE,reject,Unknown,INS44,Y,,PASS
INSP11481,M10325,MA1AB100000004934,D002,,Unknown,INS84,N,,PASS
INSP11482,M11289,MA1AB100000000332,D001,Reject,Unknown,INS63,Y,Weld,PASS
INSP11483,M10255,MA1AB100000001975,D002,Reject,Unknown,INS32,Y,Material,FAIL
INSP11484,M9378,MA1AB100000002825,D002,Repair,Unknown,INS32,N,,PASS
INSP11485,M7429,MA1AB100000000499,NONE,Reject,Unknown,INS43,N,Weld,PASS
INSP11486,M8746,MA1AB100000001553,NONE,OK,Unknown,INS39,Y,Dimension,PASS
INSP11487,M11281,MA1AB100000001653,D003,Reject,Unknown,INS47,Y,Material,PASS
INSP11488,M8898,MA1AB100000003324,D001, ok ,Unknown,INS83,Y,Dimension,FAIL
INSP11489,M9771,MA1AB100000000056,D003,,Unknown,INS45,N,Dimension,PASS
INSP11490,M8735,MA1AB100000004186,D003,,Unknown,INS48,N,Paint,PASS
INSP11491,M7099,MA1AB100000003346,D003,Repair,Unknown,INS90,Y,Dimension,PASS
INSP11492,M10115,MA1AB100000002476,D002,Repair,Unknown,INS25,Y,Dimension,PASS
INSP11493,M9608,MA1AB100000002931,D004,reject,Unknown,INS23,Y,Material,FAIL
INSP11494,M10683,MA1AB100000003303,NONE, ok ,Unknown,INS87,N,Paint,PASS
INSP11495,M10990,MA1AB100000002731,D004,reject,Unknown,INS74,N,Material,PASS
INSP11496,M9231,MA1AB100000003415,D001,Repair,Unknown,INS23,N,Weld,PASS
INSP11497,M9308,MA1AB100000003884,NONE,Repair,Unknown,INS69,N,Material,FAIL
INSP11498,M10850,MA1AB100000001520,D004,reject,Unknown,INS50,N,Material,PASS
INSP11499,M8795,MA1AB100000001726,NONE,OK,Unknown,INS26,N,Material,FAIL
INSP11500,M8912,XX1 2 3 4,D001,Reject,Unknown,INS99,N,Material,PASS
INSP11501,M7688,MA1AB100000001414,D001,reject,Unknown,INS63,Y,Paint,FAIL
INSP11502,M11095,MA1AB100000000085,D003,Repair,Unknown,INS73,Y,,FAIL
INSP11503,M8212,MA1AB100000004184,D001,reject,Unknown,INS12,N,Paint,FAIL
INSP11504,M8230,MA1AB100000004308,D002, ok ,Unknown,INS74,N,Material,FAIL
INSP11505,M11327,MA1AB100000002887,D002,reject,Unknown,INS35,N,Paint,FAIL
INSP11506,M8570,MA1AB100000003048,NONE,Repair,Unknown,INS10,N,Dimension,FAIL
INSP11507,M9112,MA1AB100000001885,D003,Reject,Unknown,INS23,N,Weld,PASS
INSP11508,M8938,MA1AB100000002906,D001,OK,Unknown,INS80,N,Weld,PASS
INSP11509,M10381,MA1AB100000003692,NONE, ok ,Unknown,INS74,Y,,FAIL
INSP11510,M11803,MA1AB100000000379,D001,reject,Unknown,INS82,N,Paint,FAIL
INSP11511,M7702,MA1AB100000001224,D002,reject,Unknown,INS67,N,Paint,FAIL
INSP11512,M8772,MA1AB100000001462,NONE, ok ,Unknown,INS94,N,,FAIL
INSP11513,M10496,MA1AB100000002601,D004,Repair,Unknown,INS99,N,Weld,PASS
INSP11514,M11906,MA1AB100000001180,D003,OK,Unknown,INS53,Y,Paint,PASS
INSP11515,M10216,MA1AB100000003790,NONE,,Unknown,INS68,N,Paint,PASS
INSP11516,M10267,MA1AB100000004553,D001,reject,Unknown,INS77,Y,Dimension,PASS
INSP11517,M9680,MA1AB100000003029,D003,Repair,Unknown,INS43,N,Paint,FAIL
INSP11518,M7247,MA1AB100000000694,NONE,,Unknown,INS89,Y,Material,PASS
INSP11519,M10727,MA1AB100000003148,D002,,Unknown,INS66,N,Dimension,PASS
INSP11520,M10001,MA1AB100000004863,D002,reject,Unknown,INS84,Y,Material,FAIL
INSP11521,M8610,MA1AB100000002259,D001,Repair,Unknown,INS10,Y,Material,FAIL
INSP11522,M8551,MA1AB100000001345,NONE,OK,Unknown,INS78,N,,FAIL
INSP11523,M9266,MA1AB100000000475,D001,,Unknown,INS80,N,Material,PASS
INSP11524,M7063,MA1AB100000000206,D003,,Unknown,INS33,Y,Material,FAIL
INSP11525,M8873,MA1AB100000001916,D004,reject,Unknown,INS75,Y,,PASS
INSP11526,M8545,MA1AB100000000508,D004,,Unknown,INS27,Y,Dimension,PASS
INSP11527,M11548,MA1AB100000001291,D004,OK,Unknown,INS85,N,Dimension,FAIL
INSP11528,M9254,MA1AB100000004484,D004,Repair,Unknown,INS42,Y,Dimension,FAIL
INSP11529,M8797,MA1AB100000000482,D004,Reject,Unknown,INS21,Y,Weld,PASS
INSP11530,M11638,MA1AB100000003203,D001,OK,Unknown,INS77,Y,Material,PASS
INSP11531,M10614,MA1AB100000003237,D004, ok ,Unknown,INS47,Y,Dimension,FAIL
INSP11532,M11897,MA1AB100000001255,D002,OK,Unknown,INS85,Y,,FAIL
INSP11533,M8151,MA1AB100000001391,D004,Reject,Unknown,INS56,Y,Material,PASS
INSP11534,M10689,MA1AB100000003321,D001,OK,Unknown,INS34,Y,Weld,FAIL
INSP11535,M11728,MA1AB100000001042,D004, ok ,Unknown,INS59,Y,Material,FAIL
INSP11536,M11256,MA1AB100000004794,D004,Reject,Unknown,INS37,Y,Dimension,FAIL
INSP11537,M10875,MA1AB100000000680,D002,OK,Unknown,INS11,Y,Material,PASS
INSP11538,M9002,MA1AB100000001130,NONE,reject,Unknown,INS84,Y,Weld,FAIL
INSP11539,M11829,MA1AB100000001807,D003,Repair,Unknown,INS69,Y,,FAIL
INSP11540,M9277,MA1AB100000004232,NONE,reject,Unknown,INS14,Y,Dimension,PASS
INSP11541,M7670,MA1AB100000002026,D004,,Unknown,INS18,Y,Material,PASS
INSP11542,M8956,MA1AB100000003919,D002,,Unknown,INS98,N,,PASS
INSP11543,M7292,MA1AB100000002984,D003,Repair,Unknown,INS14,N,Material,FAIL
INSP11544,M10875,MA1AB100000004571,D004,Repair,Unknown,INS42,N,,PASS
INSP11545,M9245,MA1AB100000001201,D002,Reject,Unknown,INS96,N,Material,PASS
INSP11546,M10114,MA1AB100000003963,D001, ok ,Unknown,INS40,Y,,FAIL
INSP11547,M10908,MA1AB100000001756,D002,OK,Unknown,INS19,N,Paint,FAIL
INSP11548,M11261,MA1AB100000003634,D002,OK,Unknown,INS33,N,Material,PASS
INSP11549,M7341,MA1AB100000002636,D004, ok ,Unknown,INS37,Y,,FAIL
INSP11550,M9274,MA1AB100000004199,D002,Reject,Unknown,INS70,N,Dimension,PASS
INSP11551,M8947,MA1AB100000003456,D003, ok ,Unknown,INS53,Y,Paint,FAIL
INSP11552,M11916,MA1AB100000004264,D001,Repair,Unknown,INS38,Y,Dimension,PASS
INSP11553,M7420,MA1AB100000004368,D003,Reject,Unknown,INS24,Y,,PASS
INSP11554,M8779,MA1AB100000002130,NONE,,Unknown,INS25,Y,Paint,PASS
INSP11555,M9988,MA1AB100000002634,D001, ok ,Unknown,INS52,N,Dimension,FAIL
INSP11556,M10326,MA1AB100000004708,NONE,OK,Unknown,INS25,N,Dimension,FAIL
INSP11557,M7047,MA1AB100000001523,D001,,Unknown,INS28,N,,PASS
INSP11558,M10154,MA1AB100000000939,D002,reject,Unknown,INS38,N,,FAIL
INSP11559,M10477,MA1AB100000002253,NONE,Repair,Unknown,INS25,Y,Weld,PASS
INSP11560,M11101,MA1AB100000003138,NONE,Repair,Unknown,INS56,N,Dimension,FAIL
INSP11561,M8715,MA1AB100000004412,D002, ok ,Unknown,INS66,Y,Weld,PASS
INSP11562,M10694,MA1AB100000001818,D004, ok ,Unknown,INS10,N,,FAIL
INSP11563,M9852,MA1AB100000000856,D002, ok ,Unknown,INS55,Y,,FAIL
INSP11564,M10210,MA1AB100000003782,D004,reject,Unknown,INS25,Y,Dimension,FAIL
INSP11565,M8477,MA1AB100000000137,D004,reject,Unknown,INS86,N,,PASS
INSP11566,M11851,MA1AB100000003228,D003,reject,Unknown,INS95,N,Weld,FAIL
INSP11567,M8091,MA1AB100000000563,NONE,,Unknown,INS43,Y,Paint,PASS
INSP11568,M9373,MA1AB100000003236,D004, ok ,Unknown,INS15,Y,Weld,FAIL
INSP11569,M9462,MA1AB100000000773,D004,reject,Unknown,INS31,Y,Material,FAIL
INSP11570,M11810,MA1AB100000000449,D002,Reject,Unknown,INS14,N,,PASS
INSP11571,M9289,MA1AB100000001723,D001,Repair,Unknown,INS21,N,Material,PASS
INSP11572,M8807,MA1AB100000002981,D003,OK,Unknown,INS60,Y,Weld,PASS
INSP11573,M10696,MA1AB100000003104,NONE,Repair,Unknown,INS52,N,,FAIL
INSP11574,M7890,MA1AB100000000900,D001,Repair,Unknown,INS92,N,Weld,FAIL
INSP11575,M7051,MA1AB100000004698,D002,OK,Unknown,INS44,Y,Weld,FAIL
INSP11576,M8043,MA1AB100000000382,D004,Reject,Unknown,INS48,N,Material,PASS
INSP11577,M10979,MA1AB100000002797,D001,Repair,Unknown,INS46,N,Dimension,PASS
INSP11578,M8772,MA1AB100000004619,NONE,reject,Unknown,INS56,N,Dimension,FAIL
INSP11579,M8988,MA1AB100000003346,D003,OK,Unknown,INS70,Y,Material,PASS
INSP11580,M7029,MA1AB100000002183,D002, ok ,Unknown,INS26,N,Material,PASS
INSP11581,M10620,MA1AB100000003861,D002,Reject,Unknown,INS26,N,,PASS
INSP11582,M10675,MA1AB100000004438,D003,reject,Unknown,INS49,Y,,PASS
INSP11583,M7531,MA1AB100000004684,D002,,Unknown,INS65,N,Dimension,FAIL
INSP11584,M11451,MA1AB100000003999,D001,Repair,Unknown,INS69,N,Paint,FAIL
INSP11585,M8485,MA1AB100000004927,D003,reject,Unknown,INS55,N,Material,PASS
INSP11586,M7968,MA1AB100000003045,D002,,Unknown,INS88,Y,Paint,PASS
INSP11587,M9823,MA1AB100000000168,D001, ok ,Unknown,INS16,Y,,PASS
INSP11588,M10830,MA1AB100000000665,D002,,Unknown,INS22,Y,,FAIL
INSP11589,M9662,MA1AB100000004516,D002,Reject,Unknown,INS51,Y,Dimension,PASS
INSP11590,M7116,MA1AB100000002527,NONE,OK,Unknown,INS45,N,Paint,FAIL
INSP11591,M7901,MA1AB100000002210,D001,Repair,Unknown,INS14,Y,,FAIL
INSP11592,M11041,MA1AB100000003088,D001,,Unknown,INS65,N,Paint,FAIL
INSP11593,M8462,MA1AB100000004633,NONE,reject,Unknown,INS72,N,Weld,PASS
INSP11594,M10519,MA1AB100000000470,D004,reject,Unknown,INS12,N,Dimension,PASS
INSP11595,M8582,MA1AB100000002017,D002, ok ,Unknown,INS84,Y,Weld,FAIL
INSP11596,M7740,MA1AB100000001862,D003,reject,Unknown,INS28,Y,Paint,FAIL
INSP11597,M9149,MA1AB100000003777,D001, ok ,Unknown,INS12,N,Material,PASS
INSP11598,M10650,MA1AB100000001644,D004,Reject,Unknown,INS21,Y,Weld,PASS
INSP11599,M7145,MA1AB100000004020,D003, ok ,Unknown,INS55,Y,,FAIL
INSP11600,M9069,MA1AB100000002333,D004,,Unknown,INS35,N,Paint,PASS
INSP11601,M11676,MA1AB100000001580,D002,reject,Unknown,INS25,N,Paint,PASS
INSP11602,M9173,MA1AB100000003364,D004,Reject,Unknown,INS22,Y,,PASS
INSP11603,M10479,MA1AB100000000846,D002, ok ,Unknown,INS34,N,,PASS
INSP11604,M11510,MA1AB100000000949,D003,,Unknown,INS98,Y,Material,FAIL
INSP11605,M8136,MA1AB100000001549,D003,Reject,Unknown,INS49,Y,,FAIL
INSP11606,M9458,MA1AB100000003864,D001, ok ,Unknown,INS59,Y,Paint,FAIL
INSP11607,M7892,MA1AB100000002577,D003,reject,Unknown,INS91,Y,Dimension,PASS
INSP11608,M7546,MA1AB100000000340,D001,reject,Unknown,INS84,Y,Paint,FAIL
INSP11609,M9670,MA1AB100000003649,NONE,,Unknown,INS43,Y,Weld,FAIL
INSP11610,M10860,MA1AB100000003957,D001, ok ,Unknown,INS47,N,Weld,PASS
INSP11611,M8444,MA1AB100000000653,NONE,reject,Unknown,INS63,Y,Material,FAIL
INSP11612,M8130,MA1AB100000003452,D002,reject,Unknown,INS79,Y,Dimension,PASS
INSP11613,M8494,MA1AB100000004166,D003,Reject,Unknown,INS84,N,Dimension,FAIL
INSP11614,M8642,MA1AB100000000582,D002,Reject,Unknown,INS87,Y,,PASS
INSP11615,M7867,MA1AB100000001188,D001,reject,Unknown,INS93,N,,PASS
INSP11616,M7774,MA1AB100000000709,D003,Reject,Unknown,INS79,N,Material,FAIL
INSP11617,M8129,MA1AB100000001945,D003,Reject,Unknown,INS75,N,Dimension,PASS
INSP11618,M7887,MA1AB100000003699,D001, ok ,Unknown,INS79,Y,Dimension,FAIL
INSP11619,M9900,MA1AB100000000353,D001,Reject,Unknown,INS15,Y,Dimension,PASS
INSP11620,M10311,MA1AB100000004287,D001,,Unknown,INS62,Y,Paint,PASS
INSP11621,M8508,MA1AB100000002819,D004,reject,Unknown,INS23,Y,Dimension,FAIL
INSP11622,M10101,MA1AB100000000506,NONE,reject,Unknown,INS83,N,,PASS
INSP11623,M10397,MA1AB100000002092,D001,OK,Unknown,INS46,Y,Material,PASS
INSP11624,M8429,MA1AB100000004332,D002,Reject,Unknown,INS75,N,Dimension,PASS
INSP11625,M8375,MA1AB100000000095,NONE,Reject,Unknown,INS32,N,Paint,PASS
INSP11626,M10923,MA1AB100000001629,NONE, ok ,Unknown,INS54,N,Paint,PASS
INSP11627,M7846,MA1AB100000000418,D003,,Unknown,INS84,N,,PASS
INSP11628,M7323,MA1AB100000003519,D004,,Unknown,INS55,Y,Material,PASS
INSP11629,M8689,MA1AB100000004963,NONE,,Unknown,INS27,Y,Material,FAIL
INSP11630,M8147,MA1AB100000002358,D002,Repair,Unknown,INS18,Y,,PASS
INSP11631,M8094,MA1AB100000000015,D002,Reject,Unknown,INS84,Y,Dimension,PASS
INSP11632,M9632,MA1AB100000000669,NONE,reject,Unknown,INS69,N,Material,PASS
INSP11633,M8512,MA1AB100000000407,D001,Reject,Unknown,INS62,N,Material,PASS
INSP11634,M9270,MA1AB100000001282,NONE,Reject,Unknown,INS32,Y,Material,PASS
INSP11635,M8331,MA1AB100000004574,D004,Repair,Unknown,INS53,N,,PASS
INSP11636,M9369,MA1AB100000004271,NONE,reject,Unknown,INS28,Y,Paint,PASS
INSP11637,M7864,MA1AB100000003313,D002,,Unknown,INS16,Y,Material,FAIL
INSP11638,M9715,MA1AB100000003106,D003,,Unknown,INS99,N,Paint,PASS
INSP11639,M8229,MA1AB100000003050,D004,OK,Unknown,INS79,Y,Dimension,PASS
INSP11640,M7961,MA1AB100000001930,D002,,Unknown,INS67,N,,PASS
INSP11641,M7525,MA1AB100000002502,D001,OK,Unknown,INS49,N,,PASS
INSP11642,M9669,MA1AB100000002069,NONE,OK,Unknown,INS83,Y,Weld,PASS
INSP11643,M9837,MA1AB100000002589,D002,Repair,Unknown,INS92,N,Dimension,FAIL
INSP11644,M10438,MA1AB100000000706,D002,reject,Unknown,INS83,N,Paint,PASS
INSP11645,M9072,MA1AB100000002677,D004, ok ,Unknown,INS95,N,Dimension,FAIL
INSP11646,M9540,MA1AB100000004151,D004,Reject,Unknown,INS29,N,Material,PASS
INSP11647,M10679,MA1AB100000002670,NONE,Repair,Unknown,INS45,Y,,PASS
INSP11648,M8617,MA1AB100000001496,D004,reject,Unknown,INS91,Y,Dimension,FAIL
INSP11649,M10509,MA1AB100000000494,D004,reject,Unknown,INS99,N,,FAIL
INSP11650,M7937,MA1AB100000000456,D003,Repair,Unknown,INS26,N,Paint,PASS
INSP11651,M9771,MA1AB100000003775,D003,,Unknown,INS94,N,Paint,PASS
INSP11652,M8416,MA1AB100000004198,D003,,Unknown,INS30,Y,Dimension,FAIL
INSP11653,M8891,MA1AB100000002437,D002,,Unknown,INS57,N,,PASS
INSP11654,M10794,MA1AB100000004458,D003, ok ,Unknown,INS42,N,,PASS
INSP11655,M11797,MA1AB100000002055,D001,OK,Unknown,INS31,N,,PASS
INSP11656,M10402,MA1AB100000002879,D001,Reject,Unknown,INS11,N,Material,PASS
INSP11657,M10636,MA1AB100000004175,D001,reject,Unknown,INS41,Y,Material,PASS
INSP11658,M8965,MA1AB100000004052,D003,reject,Unknown,INS45,Y,Dimension,FAIL
INSP11659,M9147,MA1AB100000002392,D003,,Unknown,INS41,Y,Dimension,PASS
INSP11660,M7892,MA1AB100000002469,D002,,Unknown,INS78,N,Weld,PASS
INSP11661,M9729,MA1AB100000004346,D001,reject,Unknown,INS23,N,Paint,PASS
INSP11662,M10453,MA1AB100000002651,D004,Reject,Unknown,INS76,N,,FAIL
INSP11663,M9461,MA1AB100000003007,D004,reject,Unknown,INS40,Y,Material,PASS
INSP11664,M10225,MA1AB100000001760,D002,Reject,Unknown,INS73,N,Paint,FAIL
INSP11665,M10096,MA1AB100000001971,D002,,Unknown,INS85,N,,PASS
INSP11666,M8190,MA1AB100000000637,D001,Reject,Unknown,INS31,Y,Material,FAIL
INSP11667,M8827,MA1AB100000002247,D002,,Unknown,INS42,Y,Dimension,FAIL
INSP11668,M8681,MA1AB100000004450,D003,OK,Unknown,INS16,N,Dimension,PASS
INSP11669,M7145,MA1AB100000000514,D004,Reject,Unknown,INS19,N,,PASS
INSP11670,M9412,MA1AB100000001453,D002,reject,Unknown,INS85,N,,FAIL
INSP11671,M10007,MA1AB100000002648,D001, ok ,Unknown,INS61,Y,Material,FAIL
INSP11672,M11919,MA1AB100000003974,D002,OK,Unknown,INS91,N,,FAIL
INSP11673,M8046,MA1AB100000001923,D004,,Unknown,INS54,Y,Weld,PASS
INSP11674,M8609,MA1AB100000003699,D002,Repair,Unknown,INS80,Y,Dimension,PASS
INSP11675,M7582,MA1AB100000000147,D002,OK,Unknown,INS96,Y,Material,FAIL
INSP11676,M10426,MA1AB100000002099,NONE,Repair,Unknown,INS28,Y,Dimension,FAIL
INSP11677,M10159,MA1AB100000002803,D004,OK,Unknown,INS31,Y,Paint,FAIL
INSP11678,M8710,MA1AB100000002847,D004,Reject,Unknown,INS44,Y,,PASS
INSP11679,M9453,MA1AB100000003539,D001,OK,Unknown,INS23,Y,Paint,FAIL
INSP11680,M8383,MA1AB100000000688,D001,Repair,Unknown,INS21,N,,FAIL
INSP11681,M8566,MA1AB100000000925,D004,OK,Unknown,INS14,Y,,FAIL
INSP11682,M7775,MA1AB100000004650,D003,Reject,Unknown,INS46,Y,Material,PASS
INSP11683,M10982,MA1AB100000004421,D001, ok ,Unknown,INS62,Y,,FAIL
INSP11684,M7638,MA1AB100000001414,D002,reject,Unknown,INS19,N,Dimension,PASS
INSP11685,M11993,MA1AB100000002055,D001,Reject,Unknown,INS71,Y,Material,FAIL
INSP11686,M11480,MA1AB100000003635,D002,Reject,Unknown,INS48,Y,Weld,FAIL
INSP11687,M11940,MA1AB100000004021,D002,OK,Unknown,INS65,Y,Weld,PASS
INSP11688,M8053,MA1AB100000003767,D003,reject,Unknown,INS68,Y,Material,FAIL
INSP11689,M7830,MA1AB100000000634,D003, ok ,Unknown,INS84,N,Paint,PASS
INSP11690,M11942,MA1AB100000001365,NONE,Reject,Unknown,INS93,N,Material,FAIL
INSP11691,M7784,MA1AB100000000193,D003, ok ,Unknown,INS37,N,Weld,FAIL
INSP11692,M11348,MA1AB100000001312,D004,OK,Unknown,INS89,Y,Dimension,FAIL
INSP11693,M8194,MA1AB100000001333,NONE,Repair,Unknown,INS37,Y,Material,PASS
INSP11694,M9789,MA1AB100000002727,D004,Reject,Unknown,INS73,N,Dimension,PASS
INSP11695,M7881,MA1AB100000000945,D003, ok ,Unknown,INS56,Y,Weld,PASS
INSP11696,M10567,MA1AB100000001238,D001,,Unknown,INS46,N,Weld,FAIL
INSP11697,M7426,MA1AB100000004236,NONE,,Unknown,INS20,Y,Paint,FAIL
INSP11698,M7179,MA1AB100000001312,D001,Reject,Unknown,INS13,Y,Material,PASS
INSP11699,M9725,MA1AB100000004249,D003,reject,Unknown,INS61,N,Paint,PASS
INSP11700,M10918,MA1AB100000004267,D003,Repair,Unknown,INS89,Y,Material,PASS
INSP11701,M7769,MA1AB100000001448,D004,,Unknown,INS84,Y,Dimension,FAIL
INSP11702,M11282,MA1AB100000004051,D001,reject,Unknown,INS53,N,,PASS
INSP11703,M9185,MA1AB100000001257,NONE,Repair,Unknown,INS50,N,Material,FAIL
INSP11704,M7140,MA1AB100000001739,D002,,Unknown,INS30,N,,PASS
INSP11705,M9458,MA1AB100000001456,D004,OK,Unknown,INS48,Y,Dimension,FAIL
INSP11706,M11424,MA1AB100000004550,NONE,reject,Unknown,INS89,N,Weld,PASS
INSP11707,M8008,MA1AB100000003974,D001,Reject,Unknown,INS40,Y,Paint,FAIL
INSP11708,M7936,MA1AB100000000176,D004,OK,Unknown,INS48,N,Dimension,PASS
INSP11709,M10763,MA1AB100000003336,D001,Repair,Unknown,INS83,Y,Paint,PASS
INSP11710,M8810,MA1AB100000003371,D001,Repair,Unknown,INS32,Y,Material,FAIL
INSP11711,M9989,MA1AB100000002066,D003,Repair,Unknown,INS53,Y,,FAIL
INSP11712,M7419,MA1AB100000000056,D003,Reject,Unknown,INS73,N,,FAIL
INSP11713,M7175,MA1AB100000002409,D004,Reject,Unknown,INS72,Y,Weld,PASS
INSP11714,M11662,MA1AB100000004987,NONE,,Unknown,INS76,N,Material,FAIL
INSP11715,M9780,MA1AB100000003682,D001,,Unknown,INS86,N,Dimension,PASS
INSP11716,M7186,MA1AB100000002864,D004,reject,Unknown,INS30,Y,Paint,PASS
INSP11717,M11221,MA1AB100000004572,D004, ok ,Unknown,INS41,N,Dimension,PASS
INSP11718,M7201,MA1AB100000000189,D001,OK,Unknown,INS73,Y,,FAIL
INSP11719,M11226,MA1AB100000002621,D004,Repair,Unknown,INS71,N,Weld,FAIL
INSP11720,M7412,MA1AB100000004431,D004,,Unknown,INS96,N,Paint,FAIL
INSP11721,M10298,MA1AB100000004421,D004,OK,Unknown,INS70,N,,FAIL
INSP11722,M8037,MA1AB100000000224,D001,reject,Unknown,INS49,Y,Paint,FAIL
INSP11723,M10190,MA1AB100000003247,D002,reject,Unknown,INS48,N,Paint,PASS
INSP11724,M8845,MA1AB100000001780,D001,Reject,Unknown,INS11,N,Weld,PASS
INSP11725,M10174,MA1AB100000002849,D001,Reject,Unknown,INS72,Y,Weld,PASS
INSP11726,M7084,MA1AB100000004080,NONE,Repair,Unknown,INS25,N,Weld,FAIL
INSP11727,M11239,MA1AB100000004385,D002,OK,Unknown,INS29,N,Paint,PASS
INSP11728,M10659,MA1AB100000001533,NONE,OK,Unknown,INS80,N,Dimension,PASS
INSP11729,M11841,MA1AB100000003037,NONE, ok ,Unknown,INS43,N,Dimension,FAIL
INSP11730,M11349,MA1AB100000000188,D003,reject,Unknown,INS67,N,Paint,FAIL
INSP11731,M10761,MA1AB100000002389,D003,Repair,Unknown,INS72,N,Weld,PASS
INSP11732,M8837,MA1AB100000002760,NONE,Repair,Unknown,INS75,Y,Weld,FAIL
INSP11733,M11005,MA1AB100000000793,D004,Repair,Unknown,INS88,N,Material,FAIL
INSP11734,M11501,MA1AB100000002318,D001, ok ,Unknown,INS43,N,,PASS
INSP11735,M10389,MA1AB100000000264,NONE,reject,Unknown,INS48,Y,,FAIL
INSP11736,M9795,MA1AB100000004420,D004,Repair,Unknown,INS20,Y,Paint,PASS
INSP11737,M11123,MA1AB100000000526,D004,,Unknown,INS35,Y,,FAIL
INSP11738,M8836,MA1AB100000001717,D001,reject,Unknown,INS16,Y,Paint,PASS
INSP11739,M7313,MA1AB100000001830,D001,OK,Unknown,INS42,N,Dimension,PASS
INSP11740,M10727,MA1AB100000001480,NONE,OK,Unknown,INS18,N,Dimension,PASS
INSP11741,M8254,MA1AB100000002235,D002,,Unknown,INS41,Y,Dimension,FAIL
INSP11742,M11124,MA1AB100000000552,D003,,Unknown,INS96,N,Dimension,PASS
INSP11743,M11591,MA1AB100000002770,D004,OK,Unknown,INS10,Y,,FAIL
INSP11744,M7947,MA1AB100000004922,NONE,Repair,Unknown,INS90,Y,Paint,FAIL
INSP11745,M7634,MA1AB100000002738,D004,,Unknown,INS66,Y,Material,PASS
INSP11746,M10919,MA1AB100000001242,D001,,Unknown,INS46,N,Material,PASS
INSP11747,M7759,MA1AB100000002056,D002,OK,Unknown,INS46,Y,,PASS
INSP11748,M9685,MA1AB100000001151,D001,reject,Unknown,INS66,N,Dimension,PASS
INSP11749,M11909,MA1AB100000002692,D002,reject,Unknown,INS23,Y,Weld,FAIL
INSP11750,M7547,XX1 2 3 4,D002, ok ,Unknown,INS45,N,,PASS
INSP11751,M9019,MA1AB100000004552,D002,OK,Unknown,INS50,Y,Material,FAIL
INSP11752,M8615,MA1AB100000001574,NONE, ok ,Unknown,INS22,Y,,FAIL
INSP11753,M9026,MA1AB100000000362,D004,Reject,Unknown,INS71,Y,Material,FAIL
INSP11754,M10928,MA1AB100000002888,D002,,Unknown,INS79,Y,Paint,FAIL
INSP11755,M11050,MA1AB100000004009,D004,Repair,Unknown,INS95,N,Paint,PASS
INSP11756,M8224,MA1AB100000004646,D003, ok ,Unknown,INS22,Y,,PASS
INSP11757,M9618,MA1AB100000004592,D004, ok ,Unknown,INS76,Y,,FAIL
INSP11758,M9065,MA1AB100000001057,NONE,,Unknown,INS10,Y,Paint,FAIL
INSP11759,M11783,MA1AB100000002855,D001,Reject,Unknown,INS48,N,Paint,FAIL
INSP11760,M9305,MA1AB100000002605,NONE,reject,Unknown,INS66,Y,Weld,PASS
INSP11761,M7814,MA1AB100000003419,D002,Repair,Unknown,INS25,Y,Paint,FAIL
INSP11762,M7518,MA1AB100000002928,D001,Reject,Unknown,INS91,Y,,FAIL
INSP11763,M7608,MA1AB100000004125,D004,,Unknown,INS46,N,,FAIL
INSP11764,M11905,MA1AB100000002663,D001, ok ,Unknown,INS85,N,,PASS
INSP11765,M8220,MA1AB100000001000,NONE,OK,Unknown,INS79,N,Material,PASS
INSP11766,M8727,MA1AB100000003976,D002, ok ,Unknown,INS66,N,Dimension,FAIL
INSP11767,M10305,MA1AB100000004962,D004,OK,Unknown,INS12,Y,,PASS
INSP11768,M10392,MA1AB100000003997,D001, ok ,Unknown,INS70,Y,Paint,FAIL
INSP11769,M9407,MA1AB100000004043,D004,,Unknown,INS30,N,Material,FAIL
INSP11770,M7136,MA1AB100000001106,D004,Repair,Unknown,INS39,Y,Paint,PASS
INSP11771,M10470,MA1AB100000000797,D002,Repair,Unknown,INS77,N,Material,FAIL
INSP11772,M7780,MA1AB100000000467,D001,Repair,Unknown,INS20,N,Material,PASS
INSP11773,M11439,MA1AB100000000894,D001,OK,Unknown,INS28,Y,Dimension,PASS
INSP11774,M7479,MA1AB100000000044,NONE,reject,Unknown,INS18,N,,FAIL
INSP11775,M7710,MA1AB100000003795,D002, ok ,Unknown,INS47,Y,Paint,FAIL
INSP11776,M8014,MA1AB100000000920,D001,Reject,Unknown,INS88,N,,FAIL
INSP11777,M7221,MA1AB100000002092,NONE,,Unknown,INS38,N,Dimension,FAIL
INSP11778,M10511,MA1AB100000002878,D001,,Unknown,INS44,N,,PASS
INSP11779,M8469,MA1AB100000002365,NONE,reject,Unknown,INS62,Y,Weld,FAIL
INSP11780,M11681,MA1AB100000002243,D002,Repair,Unknown,INS32,Y,Dimension,PASS
INSP11781,M10882,MA1AB100000001000,D001,OK,Unknown,INS52,N,Weld,FAIL
INSP11782,M11149,MA1AB100000002665,NONE, ok ,Unknown,INS82,Y,Dimension,FAIL
INSP11783,M7786,MA1AB100000002709,D002, ok ,Unknown,INS41,N,Paint,FAIL
INSP11784,M10330,MA1AB100000001784,D001,Repair,Unknown,INS39,N,Weld,FAIL
INSP11785,M11745,MA1AB100000002572,NONE,OK,Unknown,INS19,Y,Paint,FAIL
INSP11786,M10479,MA1AB100000004199,D001,reject,Unknown,INS51,N,Material,PASS
INSP11787,M8208,MA1AB100000000358,D003,OK,Unknown,INS27,Y,Weld,PASS
INSP11788,M8801,MA1AB100000002735,D002,,Unknown,INS68,Y,Material,FAIL
INSP11789,M11698,MA1AB100000001140,D003,Repair,Unknown,INS49,N,,PASS
INSP11790,M9432,MA1AB100000004913,D003, ok ,Unknown,INS31,Y,Material,FAIL
INSP11791,M9321,MA1AB100000001943,D002,OK,Unknown,INS24,Y,Paint,FAIL
INSP11792,M9857,MA1AB100000004918,D002,Reject,Unknown,INS20,Y,Weld,FAIL
INSP11793,M11574,MA1AB100000004598,NONE, ok ,Unknown,INS28,N,Material,FAIL
INSP11794,M7366,MA1AB100000001014,D003, ok ,Unknown,INS43,Y,Material,FAIL
INSP11795,M7137,MA1AB100000004982,NONE,reject,Unknown,INS97,Y,Material,FAIL
INSP11796,M7980,MA1AB100000001708,D001,Repair,Unknown,INS68,Y,Material,PASS
INSP11797,M9693,MA1AB100000000654,D001,Reject,Unknown,INS33,Y,Dimension,FAIL
INSP11798,M9386,MA1AB100000003145,D004,,Unknown,INS82,N,,PASS
INSP11799,M7289,MA1AB100000004222,NONE,Reject,Unknown,INS22,Y,,PASS
INSP11800,M10407,MA1AB100000004157,D001,Repair,Unknown,INS48,N,Paint,PASS
INSP11801,M7132,MA1AB100000001153,D002, ok ,Unknown,INS17,N,Material,PASS
INSP11802,M10780,MA1AB100000002220,D003, ok ,Unknown,INS21,N,Weld,PASS
INSP11803,M9721,MA1AB100000000400,D001,reject,Unknown,INS53,Y,Dimension,FAIL
INSP11804,M7571,MA1AB100000002983,D003,Reject,Unknown,INS18,N,,FAIL
INSP11805,M10317,MA1AB100000004069,NONE,reject,Unknown,INS19,Y,Dimension,PASS
INSP11806,M9363,MA1AB100000004299,NONE,OK,Unknown,INS14,N,Dimension,PASS
INSP11807,M7623,MA1AB100000002162,D001,Reject,Unknown,INS92,N,Material,PASS
INSP11808,M11284,MA1AB100000004687,D003,,Unknown,INS54,Y,,PASS
INSP11809,M7069,MA1AB100000000724,D003,Repair,Unknown,INS44,N,Paint,PASS
INSP11810,M7393,MA1AB100000004019,D001,,Unknown,INS22,Y,Weld,FAIL
INSP11811,M10851,MA1AB100000001580,D002,,Unknown,INS39,Y,Dimension,FAIL
INSP11812,M8077,MA1AB100000004630,D003,Reject,Unknown,INS36,N,Paint,FAIL
INSP11813,M8449,MA1AB100000002521,D002,,Unknown,INS41,Y,,FAIL
INSP11814,M9053,MA1AB100000000769,NONE, ok ,Unknown,INS30,N,Material,PASS
INSP11815,M10651,MA1AB100000003886,D001,OK,Unknown,INS70,Y,Material,PASS
INSP11816,M8053,MA1AB100000003126,D003,Reject,Unknown,INS26,Y,Dimension,PASS
INSP11817,M7045,MA1AB100000002923,D004,Reject,Unknown,INS10,N,Material,PASS
INSP11818,M8763,MA1AB100000004174,D001,,Unknown,INS79,Y,Paint,FAIL
INSP11819,M11795,MA1AB100000001633,D004, ok ,Unknown,INS14,N,,FAIL
INSP11820,M8034,MA1AB100000000949,NONE,Reject,Unknown,INS21,Y,Dimension,PASS
INSP11821,M11237,MA1AB100000000284,D002,reject,Unknown,INS75,N,Material,PASS
INSP11822,M8516,MA1AB100000002710,D004,,Unknown,INS79,N,,PASS
INSP11823,M11295,MA1AB100000003794,D003,Reject,Unknown,INS20,Y,Paint,PASS
INSP11824,M7945,MA1AB100000000513,D004,Reject,Unknown,INS89,N,Dimension,FAIL
INSP11825,M8532,MA1AB100000000934,NONE,Reject,Unknown,INS92,N,Paint,PASS
INSP11826,M9080,MA1AB100000000151,D003, ok ,Unknown,INS19,N,Paint,FAIL
INSP11827,M8465,MA1AB100000000338,D004,Reject,Unknown,INS79,Y,,FAIL
INSP11828,M8426,MA1AB100000004367,D001,Reject,Unknown,INS39,N,Weld,PASS
INSP11829,M9934,MA1AB100000004331,D003, ok ,Unknown,INS57,N,,PASS
INSP11830,M10725,MA1AB100000001419,NONE, ok ,Unknown,INS79,N,Dimension,FAIL
INSP11831,M7266,MA1AB100000000881,D003,,Unknown,INS87,Y,Dimension,FAIL
INSP11832,M8883,MA1AB100000002322,D003, ok ,Unknown,INS48,Y,Material,PASS
INSP11833,M11776,MA1AB100000001409,NONE,Reject,Unknown,INS58,N,Material,FAIL
INSP11834,M10186,MA1AB100000000687,D001,Reject,Unknown,INS79,N,Weld,PASS
INSP11835,M10598,MA1AB100000000593,D001,OK,Unknown,INS66,N,,FAIL
INSP11836,M10003,MA1AB100000002998,D003, ok ,Unknown,INS88,Y,Material,PASS
INSP11837,M10539,MA1AB100000003474,D001,reject,Unknown,INS51,N,Material,FAIL
INSP11838,M10367,MA1AB100000004076,D001,Reject,Unknown,INS52,Y,Dimension,FAIL
INSP11839,M8886,MA1AB100000003663,D001,reject,Unknown,INS97,N,Material,PASS
INSP11840,M8910,MA1AB100000000926,D004,,Unknown,INS30,N,Dimension,FAIL
INSP11841,M9511,MA1AB100000000968,D002,OK,Unknown,INS17,N,Weld,FAIL
INSP11842,M10912,MA1AB100000000947,NONE,Repair,Unknown,INS61,Y,Weld,FAIL
INSP11843,M11930,MA1AB100000004890,D002,OK,Unknown,INS64,Y,Material,FAIL
INSP11844,M8134,MA1AB100000001292,NONE,reject,Unknown,INS71,Y,,FAIL
INSP11845,M9811,MA1AB100000000492,D001,,Unknown,INS47,N,Paint,FAIL
INSP11846,M9484,MA1AB100000003618,D004,reject,Unknown,INS14,Y,,PASS
INSP11847,M10851,MA1AB100000000599,NONE, ok ,Unknown,INS57,Y,,FAIL
INSP11848,M7472,MA1AB100000003496,D001,Repair,Unknown,INS88,N,Material,PASS
INSP11849,M9882,MA1AB100000003639,D004,Repair,Unknown,INS32,Y,Weld,FAIL
INSP11850,M7034,MA1AB100000001887,NONE, ok ,Unknown,INS25,N,Weld,FAIL
INSP11851,M11573,MA1AB100000003198,D004,Reject,Unknown,INS50,N,Weld,FAIL
INSP11852,M7248,MA1AB100000004832,D004,Repair,Unknown,INS55,Y,Material,PASS
INSP11853,M10158,MA1AB100000002035,D003,,Unknown,INS78,N,Dimension,FAIL
INSP11854,M7996,MA1AB100000003988,D001,reject,Unknown,INS43,Y,,PASS
INSP11855,M7332,MA1AB100000004599,D002,reject,Unknown,INS87,N,Paint,PASS
INSP11856,M7828,MA1AB100000004624,D004,reject,Unknown,INS12,N,Material,PASS
INSP11857,M7352,MA1AB100000002808,NONE,OK,Unknown,INS57,Y,,PASS
INSP11858,M11709,MA1AB100000004143,D003,OK,Unknown,INS15,Y,,PASS
INSP11859,M11887,MA1AB100000001603,D002,Repair,Unknown,INS90,N,Dimension,FAIL
INSP11860,M7783,MA1AB100000000791,D002, ok ,Unknown,INS16,Y,Material,PASS
INSP11861,M8072,MA1AB100000002777,D002, ok ,Unknown,INS10,Y,Weld,FAIL
INSP11862,M7962,MA1AB100000000000,NONE,reject,Unknown,INS91,Y,Paint,FAIL
INSP11863,M11975,MA1AB100000002283,NONE,Repair,Unknown,INS59,N,Paint,FAIL
INSP11864,M7334,MA1AB100000001248,D003,,Unknown,INS72,Y,Material,PASS
INSP11865,M9060,MA1AB100000004331,D002, ok ,Unknown,INS30,Y,,PASS
INSP11866,M11381,MA1AB100000001886,D002,OK,Unknown,INS65,Y,Weld,PASS
INSP11867,M11009,MA1AB100000003642,NONE,Reject,Unknown,INS75,N,Material,PASS
INSP11868,M11260,MA1AB100000002361,D002, ok ,Unknown,INS31,Y,Material,FAIL
INSP11869,M9590,MA1AB100000001669,D002,OK,Unknown,INS65,Y,Weld,PASS
INSP11870,M8947,MA1AB100000001083,NONE,OK,Unknown,INS45,Y,Weld,FAIL
INSP11871,M7457,MA1AB100000004630,D001,Repair,Unknown,INS71,Y,,FAIL
INSP11872,M7577,MA1AB100000004543,NONE, ok ,Unknown,INS74,Y,Dimension,FAIL
INSP11873,M10962,MA1AB100000003701,NONE,Repair,Unknown,INS22,Y,Paint,FAIL
INSP11874,M11027,MA1AB100000001182,D004,Reject,Unknown,INS87,Y,Weld,PASS
INSP11875,M11394,MA1AB100000001117,D004,OK,Unknown,INS58,Y,Dimension,FAIL
INSP11876,M11603,MA1AB100000001182,D001,Reject,Unknown,INS51,Y,Dimension,PASS
INSP11877,M9268,MA1AB100000000620,NONE,,Unknown,INS20,N,Dimension,PASS
INSP11878,M9614,MA1AB100000003481,D004,OK,Unknown,INS41,Y,Weld,FAIL
INSP11879,M10353,MA1AB100000002159,D004,,Unknown,INS34,Y,,FAIL
INSP11880,M9345,MA1AB100000001448,D002,Repair,Unknown,INS77,N,Weld,PASS
INSP11881,M10566,MA1AB100000004800,D001,Reject,Unknown,INS57,Y,,PASS
INSP11882,M8291,MA1AB100000000186,D003,OK,Unknown,INS53,Y,,PASS
INSP11883,M7006,MA1AB100000001443,D002,Repair,Unknown,INS48,N,Paint,PASS
INSP11884,M8731,MA1AB100000004727,D003,reject,Unknown,INS14,Y,,PASS
INSP11885,M9581,MA1AB100000000779,D003,Reject,Unknown,INS61,Y,Paint,PASS
INSP11886,M10839,MA1AB100000003420,D003, ok ,Unknown,INS32,N,Material,FAIL
INSP11887,M9178,MA1AB100000000558,D002,,Unknown,INS34,Y,Material,PASS
INSP11888,M11783,MA1AB100000001744,D001,OK,Unknown,INS85,N,,PASS
INSP11889,M7392,MA1AB100000002249,NONE,Reject,Unknown,INS19,Y,Dimension,PASS
INSP11890,M9235,MA1AB100000003820,NONE,reject,Unknown,INS20,Y,Material,FAIL
INSP11891,M9031,MA1AB100000001375,D004,,Unknown,INS47,Y,Paint,FAIL
INSP11892,M11718,MA1AB100000004027,NONE,Repair,Unknown,INS96,N,,FAIL
INSP11893,M11632,MA1AB100000003924,D001,OK,Unknown,INS33,N,,PASS
INSP11894,M9769,MA1AB100000003579,D002,Reject,Unknown,INS24,Y,Paint,PASS
INSP11895,M11785,MA1AB100000004947,D003, ok ,Unknown,INS43,Y,Weld,FAIL
INSP11896,M9096,MA1AB100000003853,NONE,reject,Unknown,INS78,N,Paint,PASS
INSP11897,M8148,MA1AB100000001464,D001,Reject,Unknown,INS15,N,Dimension,FAIL
INSP11898,M7639,MA1AB100000004871,D003, ok ,Unknown,INS79,Y,Weld,FAIL
INSP11899,M8466,MA1AB100000000154,D002, ok ,Unknown,INS10,N,Material,FAIL
INSP11900,M10734,MA1AB100000000769,D001,Repair,Unknown,INS49,Y,Weld,PASS
INSP11901,M9329,MA1AB100000002313,D003, ok ,Unknown,INS40,N,,PASS
INSP11902,M8313,MA1AB100000001929,D002,,Unknown,INS28,N,Weld,FAIL
INSP11903,M11079,MA1AB100000000492,D001,,Unknown,INS26,Y,Material,FAIL
INSP11904,M8950,MA1AB100000003067,D001,OK,Unknown,INS50,Y,Paint,PASS
INSP11905,M11460,MA1AB100000000521,D001, ok ,Unknown,INS55,Y,,PASS
INSP11906,M8763,MA1AB100000004636,D004,,Unknown,INS51,N,,FAIL
INSP11907,M8961,MA1AB100000000574,D004,OK,Unknown,INS41,N,Paint,FAIL
INSP11908,M9308,MA1AB100000000062,D001, ok ,Unknown,INS31,Y,Weld,PASS
INSP11909,M7469,MA1AB100000001282,D004,,Unknown,INS77,N,,PASS
INSP11910,M11314,MA1AB100000004108,D002,OK,Unknown,INS43,Y,Dimension,PASS
INSP11911,M9838,MA1AB100000004685,NONE,,Unknown,INS35,N,Paint,FAIL
INSP11912,M10115,MA1AB100000004565,D004,,Unknown,INS72,Y,Weld,PASS
INSP11913,M10182,MA1AB100000004635,D001,reject,Unknown,INS75,N,Dimension,PASS
INSP11914,M10517,MA1AB100000002410,NONE,Reject,Unknown,INS29,Y,Weld,PASS
INSP11915,M9121,MA1AB100000002380,NONE, ok ,Unknown,INS64,Y,,FAIL
INSP11916,M10435,MA1AB100000004373,D002,Reject,Unknown,INS68,N,Material,FAIL
INSP11917,M8727,MA1AB100000000028,NONE,OK,Unknown,INS32,Y,Weld,PASS
INSP11918,M7547,MA1AB100000004499,NONE,reject,Unknown,INS38,N,Material,PASS
INSP11919,M7205,MA1AB100000000244,D003,Reject,Unknown,INS58,Y,Paint,PASS
INSP11920,M10230,MA1AB100000001181,NONE,reject,Unknown,INS30,N,,PASS
INSP11921,M10729,MA1AB100000004095,D004, ok ,Unknown,INS14,Y,Material,PASS
INSP11922,M11268,MA1AB100000000569,NONE,Reject,Unknown,INS24,Y,Weld,PASS
INSP11923,M9504,MA1AB100000003631,D004,Repair,Unknown,INS56,Y,Dimension,PASS
INSP11924,M9644,MA1AB100000004012,NONE, ok ,Unknown,INS69,N,Material,PASS
INSP11925,M10245,MA1AB100000000913,D002, ok ,Unknown,INS14,N,Paint,FAIL
INSP11926,M7800,MA1AB100000000600,D004,reject,Unknown,INS16,Y,Weld,FAIL
INSP11927,M8545,MA1AB100000004463,D004,OK,Unknown,INS84,N,Paint,PASS
INSP11928,M7325,MA1AB100000000856,D003,,Unknown,INS79,Y,Dimension,PASS
INSP11929,M9839,MA1AB100000002897,D001,Repair,Unknown,INS18,Y,Weld,PASS
INSP11930,M10844,MA1AB100000001471,NONE,Repair,Unknown,INS35,N,Weld,FAIL
INSP11931,M8998,MA1AB100000000677,D002,Repair,Unknown,INS80,N,Weld,FAIL
INSP11932,M7641,MA1AB100000001266,D004, ok ,Unknown,INS97,Y,,PASS
INSP11933,M9182,MA1AB100000003267,D001,OK,Unknown,INS14,Y,Weld,FAIL
INSP11934,M10152,MA1AB100000000029,D002,OK,Unknown,INS75,N,Weld,PASS
INSP11935,M8976,MA1AB100000001682,NONE,Repair,Unknown,INS46,N,Dimension,FAIL
INSP11936,M7751,MA1AB100000002764,NONE,Reject,Unknown,INS26,N,Paint,FAIL
INSP11937,M10799,MA1AB100000001543,NONE,Reject,Unknown,INS30,Y,Dimension,PASS
INSP11938,M8792,MA1AB100000004518,D004,OK,Unknown,INS53,Y,,FAIL
INSP11939,M10950,MA1AB100000003201,D003,OK,Unknown,INS21,Y,,PASS
INSP11940,M9741,MA1AB100000002711,D003, ok ,Unknown,INS99,Y,Weld,FAIL
INSP11941,M11328,MA1AB100000002564,D002, ok ,Unknown,INS65,Y,,PASS
INSP11942,M9385,MA1AB100000000027,D003,OK,Unknown,INS25,N,,FAIL
INSP11943,M8965,MA1AB100000001822,D003,,Unknown,INS77,Y,Material,PASS
INSP11944,M8873,MA1AB100000002208,NONE,Repair,Unknown,INS73,N,,PASS
INSP11945,M7353,MA1AB100000003912,D004,OK,Unknown,INS52,N,Material,FAIL
INSP11946,M10298,MA1AB100000004785,D004,OK,Unknown,INS20,Y,Dimension,PASS
INSP11947,M7496,MA1AB100000003995,D004,Reject,Unknown,INS59,Y,Dimension,FAIL
INSP11948,M7421,MA1AB100000000898,NONE, ok ,Unknown,INS18,Y,,PASS
INSP11949,M8129,MA1AB100000003060,NONE, ok ,Unknown,INS29,Y,Material,PASS
INSP11950,M9678,MA1AB100000000155,D002,reject,Unknown,INS27,N,Dimension,FAIL
INSP11951,M9651,MA1AB100000002575,NONE,Repair,Unknown,INS79,Y,,PASS
INSP11952,M11399,MA1AB100000002282,D003,reject,Unknown,INS40,Y,Paint,PASS
INSP11953,M7936,MA1AB100000001719,D001,,Unknown,INS39,N,Weld,FAIL
INSP11954,M7035,MA1AB100000004324,D003, ok ,Unknown,INS86,N,Weld,FAIL
INSP11955,M10131,MA1AB100000003471,D004,Reject,Unknown,INS88,Y,Dimension,FAIL
INSP11956,M7993,MA1AB100000004504,D002,reject,Unknown,INS81,Y,Weld,PASS
INSP11957,M11046,MA1AB100000004932,D001,Reject,Unknown,INS43,Y,Material,PASS
INSP11958,M8544,MA1AB100000001845,NONE,reject,Unknown,INS70,Y,Paint,FAIL
INSP11959,M8659,MA1AB100000001374,D004,Reject,Unknown,INS84,N,Material,FAIL
INSP11960,M11085,MA1AB100000003440,NONE,,Unknown,INS88,Y,Weld,FAIL
INSP11961,M11439,MA1AB100000001899,D003,Repair,Unknown,INS18,N,,PASS
INSP11962,M8971,MA1AB100000003216,D003,reject,Unknown,INS53,N,,PASS
INSP11963,M11890,MA1AB100000002325,D003,OK,Unknown,INS47,N,Material,PASS
INSP11964,M11313,MA1AB100000001027,D004,,Unknown,INS30,Y,Dimension,PASS
INSP11965,M8549,MA1AB100000000024,D001,Repair,Unknown,INS55,Y,Paint,PASS
INSP11966,M11463,MA1AB100000001992,D002,,Unknown,INS13,N,Material,FAIL
INSP11967,M9993,MA1AB100000004085,D004,,Unknown,INS27,Y,Dimension,PASS
INSP11968,M7320,MA1AB100000003676,D004,Repair,Unknown,INS52,N,Material,FAIL
INSP11969,M7654,MA1AB100000001104,D001, ok ,Unknown,INS73,Y,Paint,PASS
INSP11970,M8549,MA1AB100000000411,D003,,Unknown,INS50,Y,Dimension,FAIL
INSP11971,M8037,MA1AB100000001479,D004,Reject,Unknown,INS38,N,Weld,FAIL
INSP11972,M7838,MA1AB100000004118,D002,,Unknown,INS88,Y,Material,FAIL
INSP11973,M10304,MA1AB100000003459,D001,Repair,Unknown,INS52,N,Material,FAIL
INSP11974,M9435,MA1AB100000004488,D002,Repair,Unknown,INS81,N,Paint,FAIL
INSP11975,M7395,MA1AB100000003722,NONE,OK,Unknown,INS91,Y,Paint,PASS
INSP11976,M9139,MA1AB100000001124,D001,reject,Unknown,INS95,N,,FAIL
INSP11977,M10941,MA1AB100000001759,D001,,Unknown,INS79,N,Material,PASS
INSP11978,M7394,MA1AB100000000392,D003, ok ,Unknown,INS81,Y,Weld,FAIL
INSP11979,M11445,MA1AB100000003784,D003,reject,Unknown,INS70,N,,PASS
INSP11980,M10109,MA1AB100000003089,D003,reject,Unknown,INS57,Y,Dimension,PASS
INSP11981,M11545,MA1AB100000003415,D003,,Unknown,INS14,Y,Paint,PASS
INSP11982,M11507,MA1AB100000000841,D004,Repair,Unknown,INS17,Y,Dimension,FAIL
INSP11983,M11309,MA1AB100000000614,D002,OK,Unknown,INS25,N,Dimension,FAIL
INSP11984,M9410,MA1AB100000003921,D004,Repair,Unknown,INS40,Y,Paint,PASS
INSP11985,M9141,MA1AB100000002995,D002,reject,Unknown,INS65,Y,,FAIL
INSP11986,M7407,MA1AB100000001770,D003,Reject,Unknown,INS40,N,Dimension,FAIL
INSP11987,M11425,MA1AB100000000577,D003,Repair,Unknown,INS95,N,Material,PASS
INSP11988,M9544,MA1AB100000004207,D001, ok ,Unknown,INS92,Y,Dimension,PASS
INSP11989,M7292,MA1AB100000000660,D001,OK,Unknown,INS72,Y,Paint,FAIL
INSP11990,M10990,MA1AB100000003851,D004,,Unknown,INS18,Y,Paint,PASS
INSP11991,M8876,MA1AB100000000096,D001,OK,Unknown,INS61,N,Paint,PASS
INSP11992,M8091,MA1AB100000002715,D003, ok ,Unknown,INS24,N,Dimension,FAIL
INSP11993,M8122,MA1AB100000000290,D003,,Unknown,INS59,N,Paint,PASS
INSP11994,M10371,MA1AB100000004966,NONE,,Unknown,INS53,Y,Weld,PASS
INSP11995,M7401,MA1AB100000000603,D002,Reject,Unknown,INS28,Y,Material,PASS
INSP11996,M9848,MA1AB100000000884,NONE,Repair,Unknown,INS51,Y,Dimension,FAIL
INSP11997,M8760,MA1AB100000002418,D003, ok ,Unknown,INS78,Y,Weld,FAIL
INSP11998,M11246,MA1AB100000000808,D003,OK,Unknown,INS11,Y,Weld,FAIL
INSP11999,M8648,MA1AB100000002608,D004,Reject,Unknown,INS67,Y,Dimension,PASS
INSP12000,M9058,XX1 2 3 4,D004,Repair,Unknown,INS23,N,,FAIL
INSP12001,M8240,MA1AB100000000626,NONE,,Unknown,INS28,Y,Paint,PASS
INSP12002,M7412,MA1AB100000001794,D004,,Unknown,INS84,Y,Dimension,PASS
INSP12003,M10705,MA1AB100000000475,D001,,Unknown,INS73,Y,,PASS
INSP12004,M8094,MA1AB100000000007,D004,,Unknown,INS21,N,Dimension,PASS
INSP12005,M8003,MA1AB100000003984,D002,OK,Unknown,INS68,Y,,FAIL
INSP12006,M10988,MA1AB100000001864,D003,,Unknown,INS55,N,Dimension,PASS
INSP12007,M10729,MA1AB100000001347,D003,,Unknown,INS41,N,,FAIL
INSP12008,M7980,MA1AB100000004161,D004, ok ,Unknown,INS86,Y,Dimension,FAIL
INSP12009,M10195,MA1AB100000002981,D002,Repair,Unknown,INS11,N,Dimension,FAIL
INSP12010,M11794,MA1AB100000001451,D004,Repair,Unknown,INS92,Y,,PASS
INSP12011,M9330,MA1AB100000001745,NONE,reject,Unknown,INS24,N,Weld,PASS
INSP12012,M11255,MA1AB100000004373,D003,reject,Unknown,INS50,N,Material,PASS
INSP12013,M7491,MA1AB100000003141,D003, ok ,Unknown,INS33,Y,Material,FAIL
INSP12014,M10128,MA1AB100000002854,NONE,,Unknown,INS80,N,Material,PASS
INSP12015,M7983,MA1AB100000003667,D002,Repair,Unknown,INS51,Y,,PASS
INSP12016,M9761,MA1AB100000003492,NONE,reject,Unknown,INS15,N,,PASS
INSP12017,M9313,MA1AB100000000729,D003,,Unknown,INS88,N,Weld,FAIL
INSP12018,M8595,MA1AB100000004481,NONE, ok ,Unknown,INS48,Y,Paint,PASS
INSP12019,M10810,MA1AB100000002555,NONE, ok ,Unknown,INS11,Y,Paint,FAIL
INSP12020,M11198,MA1AB100000000161,D003,OK,Unknown,INS35,Y,Paint,FAIL
INSP12021,M7989,MA1AB100000004272,D004,Repair,Unknown,INS45,Y,,FAIL
INSP12022,M8499,MA1AB100000000133,D002, ok ,Unknown,INS31,N,Weld,FAIL
INSP12023,M10110,MA1AB100000004453,D003,,Unknown,INS99,N,Paint,PASS
INSP12024,M7626,MA1AB100000002854,D004,,Unknown,INS98,N,Dimension,FAIL
INSP12025,M9886,MA1AB100000003821,D004,OK,Unknown,INS75,Y,,PASS
INSP12026,M9921,MA1AB100000004411,D003,,Unknown,INS20,Y,,FAIL
INSP12027,M9519,MA1AB100000000526,NONE,,Unknown,INS92,Y,Paint,FAIL
INSP12028,M11223,MA1AB100000002716,NONE,OK,Unknown,INS98,N,Material,PASS
INSP12029,M11955,MA1AB100000004605,NONE,reject,Unknown,INS91,N,Paint,PASS
INSP12030,M7772,MA1AB100000004820,D002,reject,Unknown,INS15,Y,,PASS
INSP12031,M11676,MA1AB100000004328,D002,OK,Unknown,INS74,Y,Weld,FAIL
INSP12032,M7913,MA1AB100000004241,D001, ok ,Unknown,INS78,N,,PASS
INSP12033,M10743,MA1AB100000000001,NONE,OK,Unknown,INS35,Y,Paint,PASS
INSP12034,M8165,MA1AB100000001385,D002,,Unknown,INS16,Y,Dimension,FAIL
INSP12035,M8256,MA1AB100000003109,D001, ok ,Unknown,INS30,Y,,FAIL
INSP12036,M10681,MA1AB100000001409,D003, ok ,Unknown,INS92,Y,Paint,FAIL
INSP12037,M10161,MA1AB100000002400,D001,,Unknown,INS26,Y,,FAIL
INSP12038,M8649,MA1AB100000001846,NONE,reject,Unknown,INS29,N,,PASS
INSP12039,M9707,MA1AB100000002877,NONE,OK,Unknown,INS55,N,Weld,FAIL
INSP12040,M7284,MA1AB100000000070,D002,OK,Unknown,INS12,N,Weld,FAIL
INSP12041,M8287,MA1AB100000001437,D004,Reject,Unknown,INS58,Y,Material,PASS
INSP12042,M9806,MA1AB100000001392,D004, ok ,Unknown,INS65,N,,FAIL
INSP12043,M10527,MA1AB100000004856,D004,Repair,Unknown,INS38,N,,PASS
INSP12044,M11804,MA1AB100000000582,NONE,,Unknown,INS19,Y,Dimension,PASS
INSP12045,M10021,MA1AB100000002965,D003,reject,Unknown,INS90,Y,Dimension,PASS
INSP12046,M10893,MA1AB100000004183,NONE,Repair,Unknown,INS67,N,,FAIL
INSP12047,M9768,MA1AB100000001080,D001,Reject,Unknown,INS73,N,Material,PASS
INSP12048,M7562,MA1AB100000001785,NONE,OK,Unknown,INS34,Y,,PASS
INSP12049,M10720,MA1AB100000004908,NONE,Reject,Unknown,INS86,N,Material,FAIL
INSP12050,M8470,MA1AB100000000267,D002, ok ,Unknown,INS24,N,Dimension,FAIL
INSP12051,M10567,MA1AB100000000487,D004, ok ,Unknown,INS74,N,Paint,FAIL
INSP12052,M7961,MA1AB100000003254,D001,Repair,Unknown,INS36,N,Weld,FAIL
INSP12053,M8855,MA1AB100000001797,D004,Repair,Unknown,INS16,N,Material,PASS
INSP12054,M11565,MA1AB100000004952,D003,,Unknown,INS80,N,Paint,FAIL
INSP12055,M7075,MA1AB100000003492,D003,,Unknown,INS72,N,Material,PASS
INSP12056,M7909,MA1AB100000001312,D004,Repair,Unknown,INS79,N,Material,FAIL
INSP12057,M11268,MA1AB100000004193,D002,,Unknown,INS20,N,Dimension,PASS
INSP12058,M11674,MA1AB100000003818,D003, ok ,Unknown,INS54,N,,FAIL
INSP12059,M10784,MA1AB100000003722,D003,reject,Unknown,INS31,N,Dimension,PASS
INSP12060,M9568,MA1AB100000004697,NONE,Reject,Unknown,INS57,Y,Material,FAIL
INSP12061,M10482,MA1AB100000001584,D004,Reject,Unknown,INS83,N,Dimension,FAIL
INSP12062,M9557,MA1AB100000003905,D001,Reject,Unknown,INS17,Y,,FAIL
INSP12063,M9052,MA1AB100000000427,D003,,Unknown,INS11,Y,Dimension,PASS
INSP12064,M8419,MA1AB100000000789,D001,,Unknown,INS49,N,Paint,FAIL
INSP12065,M7643,MA1AB100000003595,D002,OK,Unknown,INS14,N,Paint,FAIL
INSP12066,M9088,MA1AB100000003092,D001, ok ,Unknown,INS99,N,Paint,FAIL
INSP12067,M7971,MA1AB100000004334,NONE,,Unknown,INS80,Y,Dimension,FAIL
INSP12068,M9590,MA1AB100000001305,NONE, ok ,Unknown,INS86,N,,PASS
INSP12069,M11116,MA1AB100000001989,D001,Repair,Unknown,INS62,Y,Weld,FAIL
INSP12070,M11056,MA1AB100000004363,D004,,Unknown,INS82,N,Weld,PASS
INSP12071,M10769,MA1AB100000000627,D003,Repair,Unknown,INS46,N,,FAIL
INSP12072,M8929,MA1AB100000002115,D002,reject,Unknown,INS39,N,Weld,FAIL
INSP12073,M7157,MA1AB100000003073,D001,reject,Unknown,INS34,N,Paint,PASS
INSP12074,M9175,MA1AB100000001206,D001,Reject,Unknown,INS87,Y,Paint,PASS
INSP12075,M7466,MA1AB100000004306,NONE,,Unknown,INS79,Y,Material,FAIL
INSP12076,M9762,MA1AB100000004300,D002,reject,Unknown,INS77,N,,FAIL
INSP12077,M8938,MA1AB100000000189,D001,Reject,Unknown,INS36,N,Weld,PASS
INSP12078,M8172,MA1AB100000003136,D002,reject,Unknown,INS88,Y,Weld,FAIL
INSP12079,M7541,MA1AB100000004727,D003, ok ,Unknown,INS77,Y,Dimension,FAIL
INSP12080,M11428,MA1AB100000000375,D001,reject,Unknown,INS52,N,Material,FAIL
INSP12081,M9765,MA1AB100000001062,D003,Reject,Unknown,INS26,Y,,PASS
INSP12082,M9487,MA1AB100000004933,D004,Repair,Unknown,INS91,N,Dimension,FAIL
INSP12083,M8882,MA1AB100000004299,D003,reject,Unknown,INS72,N,Weld,PASS
INSP12084,M11873,MA1AB100000001986,D001,Repair,Unknown,INS17,Y,Dimension,PASS
INSP12085,M7157,MA1AB100000002498,D001,Repair,Unknown,INS65,N,Dimension,FAIL
INSP12086,M9218,MA1AB100000002861,D003,OK,Unknown,INS10,N,Dimension,PASS
INSP12087,M10076,MA1AB100000004050,NONE, ok ,Unknown,INS37,Y,,PASS
INSP12088,M9301,MA1AB100000004216,D001,Reject,Unknown,INS79,Y,,FAIL
INSP12089,M9656,MA1AB100000000509,D001,,Unknown,INS46,N,Dimension,FAIL
INSP12090,M10727,MA1AB100000001360,D001, ok ,Unknown,INS44,N,,FAIL
INSP12091,M10001,MA1AB100000001670,D004,,Unknown,INS41,Y,Paint,PASS
INSP12092,M11888,MA1AB100000003160,NONE,Repair,Unknown,INS30,N,,FAIL
INSP12093,M8643,MA1AB100000002787,D003, ok ,Unknown,INS66,N,,PASS
INSP12094,M8509,MA1AB100000002980,D001,Reject,Unknown,INS88,N,Weld,PASS
INSP12095,M7402,MA1AB100000002499,NONE,,Unknown,INS56,Y,Paint,FAIL
INSP12096,M10836,MA1AB100000002650,D003, ok ,Unknown,INS88,N,Weld,PASS
INSP12097,M11925,MA1AB100000003984,D002,reject,Unknown,INS80,N,,PASS
INSP12098,M8126,MA1AB100000000961,D001, ok ,Unknown,INS79,Y,Material,PASS
INSP12099,M8132,MA1AB100000000967,D003, ok ,Unknown,INS32,Y,Weld,FAIL
INSP12100,M10399,MA1AB100000002305,NONE, ok ,Unknown,INS19,Y,Paint,FAIL
INSP12101,M9664,MA1AB100000003163,D004,,Unknown,INS87,N,Weld,PASS
INSP12102,M7706,MA1AB100000003897,D002,Repair,Unknown,INS27,Y,Material,PASS
INSP12103,M11456,MA1AB100000001714,NONE,reject,Unknown,INS54,N,Paint,FAIL
INSP12104,M8069,MA1AB100000004648,D003,OK,Unknown,INS11,N,Dimension,PASS
INSP12105,M8655,MA1AB100000002007,D001,Reject,Unknown,INS82,N,,FAIL
INSP12106,M7536,MA1AB100000002093,D002, ok ,Unknown,INS75,Y,Dimension,FAIL
INSP12107,M7893,MA1AB100000003330,D001,Reject,Unknown,INS38,Y,,PASS
INSP12108,M11895,MA1AB100000002178,D002,Reject,Unknown,INS24,Y,Material,PASS
INSP12109,M8399,MA1AB100000002773,NONE,OK,Unknown,INS47,N,Paint,PASS
INSP12110,M8715,MA1AB100000000919,D004,Reject,Unknown,INS74,Y,Weld,PASS
INSP12111,M7583,MA1AB100000002425,D002,Repair,Unknown,INS95,Y,Dimension,FAIL
INSP12112,M8850,MA1AB100000002535,NONE,Repair,Unknown,INS49,Y,,FAIL
INSP12113,M7982,MA1AB100000001641,D002,Repair,Unknown,INS26,Y,Weld,PASS
INSP12114,M7272,MA1AB100000002372,D004,Repair,Unknown,INS59,N,Paint,FAIL
INSP12115,M11061,MA1AB100000000661,D001,reject,Unknown,INS86,Y,Dimension,PASS
INSP12116,M7361,MA1AB100000004724,D004, ok ,Unknown,INS99,Y,Paint,FAIL
INSP12117,M11420,MA1AB100000003103,D004,Repair,Unknown,INS49,Y,Weld,FAIL
INSP12118,M7512,MA1AB100000003529,D004,Reject,Unknown,INS20,Y,Dimension,PASS
INSP12119,M9614,MA1AB100000003149,D001,Repair,Unknown,INS80,N,Paint,PASS
INSP12120,M11159,MA1AB100000004367,D002,OK,Unknown,INS22,N,Material,PASS
INSP12121,M9677,MA1AB100000000205,D002, ok ,Unknown,INS16,N,Weld,FAIL
INSP12122,M10294,MA1AB100000003785,D003, ok ,Unknown,INS60,N,,PASS
INSP12123,M8597,MA1AB100000002205,D004,reject,Unknown,INS16,N,Weld,FAIL
INSP12124,M11159,MA1AB100000000056,D002,reject,Unknown,INS40,Y,Material,FAIL
INSP12125,M9726,MA1AB100000000977,NONE,Reject,Unknown,INS19,Y,Paint,PASS
INSP12126,M11282,MA1AB100000001550,D004,reject,Unknown,INS60,Y,Material,PASS
INSP12127,M10988,MA1AB100000001041,D003,OK,Unknown,INS88,N,Weld,FAIL
INSP12128,M10213,MA1AB100000001296,NONE,OK,Unknown,INS13,N,Dimension,PASS
INSP12129,M11477,MA1AB100000002073,NONE,Reject,Unknown,INS38,Y,Dimension,PASS
INSP12130,M9034,MA1AB100000004458,D003, ok ,Unknown,INS25,N,,PASS
INSP12131,M9692,MA1AB100000003553,D004,OK,Unknown,INS75,Y,Material,PASS
INSP12132,M7915,MA1AB100000004955,NONE,reject,Unknown,INS58,N,Paint,PASS
INSP12133,M7606,MA1AB100000002618,D003, ok ,Unknown,INS48,Y,Dimension,FAIL
INSP12134,M10000,MA1AB100000003506,D003,reject,Unknown,INS53,N,Material,PASS
INSP12135,M10946,MA1AB100000003738,D001,,Unknown,INS56,Y,Paint,PASS
INSP12136,M9008,MA1AB100000003232,D003,,Unknown,INS88,N,,PASS
INSP12137,M8161,MA1AB100000004152,D003,Repair,Unknown,INS14,Y,Dimension,FAIL
INSP12138,M8456,MA1AB100000004312,D003, ok ,Unknown,INS94,N,Material,PASS
INSP12139,M9270,MA1AB100000003844,D003,reject,Unknown,INS76,N,Weld,PASS
INSP12140,M8076,MA1AB100000004642,D001,Reject,Unknown,INS27,N,Paint,FAIL
INSP12141,M8404,MA1AB100000003742,D004, ok ,Unknown,INS59,N,Dimension,PASS
INSP12142,M11232,MA1AB100000000335,D003,OK,Unknown,INS86,N,Paint,FAIL
INSP12143,M11093,MA1AB100000003282,D002,OK,Unknown,INS45,Y,Dimension,PASS
INSP12144,M11697,MA1AB100000003252,D003,Repair,Unknown,INS74,Y,Dimension,FAIL
INSP12145,M7814,MA1AB100000000150,D001,,Unknown,INS44,N,Weld,FAIL
INSP12146,M7697,MA1AB100000003886,D001,Reject,Unknown,INS35,N,Dimension,FAIL
INSP12147,M9885,MA1AB100000002830,NONE,Repair,Unknown,INS48,N,Material,FAIL
INSP12148,M7303,MA1AB100000001130,D001,OK,Unknown,INS72,Y,Material,PASS
INSP12149,M8339,MA1AB100000002015,D002,Reject,Unknown,INS62,N,Weld,FAIL
INSP12150,M10660,MA1AB100000002404,D003,OK,Unknown,INS83,Y,Dimension,FAIL
INSP12151,M8007,MA1AB100000003694,D003,OK,Unknown,INS67,N,Weld,PASS
INSP12152,M9378,MA1AB100000000218,D004,,Unknown,INS59,Y,Material,PASS
INSP12153,M8898,MA1AB100000003249,NONE,reject,Unknown,INS76,N,Weld,PASS
INSP12154,M9815,MA1AB100000000902,D001,reject,Unknown,INS24,Y,Material,FAIL
INSP12155,M8544,MA1AB100000003871,D001,OK,Unknown,INS84,Y,Paint,PASS
INSP12156,M8307,MA1AB100000000412,D004, ok ,Unknown,INS35,N,Material,PASS
INSP12157,M9870,MA1AB100000004612,D001,,Unknown,INS22,N,Material,PASS
INSP12158,M10989,MA1AB100000002383,D004,Repair,Unknown,INS58,N,Material,FAIL
INSP12159,M8009,MA1AB100000000878,D004,reject,Unknown,INS55,N,Dimension,PASS
INSP12160,M11160,MA1AB100000000792,D002,reject,Unknown,INS63,Y,,PASS
INSP12161,M8816,MA1AB100000001347,D002,Repair,Unknown,INS66,Y,Weld,PASS
INSP12162,M10797,MA1AB100000004709,NONE, ok ,Unknown,INS15,N,Dimension,PASS
INSP12163,M8265,MA1AB100000002648,D001, ok ,Unknown,INS89,Y,Dimension,PASS
INSP12164,M11132,MA1AB100000004591,NONE,OK,Unknown,INS67,Y,Dimension,FAIL
INSP12165,M7104,MA1AB100000004362,D004,,Unknown,INS85,Y,Paint,PASS
INSP12166,M11639,MA1AB100000001624,D003,Repair,Unknown,INS35,Y,Paint,PASS
INSP12167,M11816,MA1AB100000003122,D002, ok ,Unknown,INS63,Y,Material,PASS
INSP12168,M10892,MA1AB100000001097,D001, ok ,Unknown,INS14,N,Material,FAIL
INSP12169,M7395,MA1AB100000000242,D002,,Unknown,INS77,Y,Material,FAIL
INSP12170,M7064,MA1AB100000000402,D004,Reject,Unknown,INS14,Y,Weld,FAIL
INSP12171,M10552,MA1AB100000001681,D003,Repair,Unknown,INS85,Y,Paint,PASS
INSP12172,M8534,MA1AB100000000646,D001,Repair,Unknown,INS33,N,Weld,PASS
INSP12173,M9890,MA1AB100000000697,D004,OK,Unknown,INS81,N,Weld,PASS
INSP12174,M11228,MA1AB100000000717,D001, ok ,Unknown,INS71,Y,Dimension,PASS
INSP12175,M8029,MA1AB100000002995,D001,Repair,Unknown,INS48,N,Material,FAIL
INSP12176,M8684,MA1AB100000000278,NONE,Repair,Unknown,INS58,N,Material,PASS
INSP12177,M10463,MA1AB100000000219,D004,reject,Unknown,INS95,Y,Weld,PASS
INSP12178,M7718,MA1AB100000001357,D002,OK,Unknown,INS46,N,Paint,PASS
INSP12179,M7272,MA1AB100000004574,D004, ok ,Unknown,INS92,N,Weld,FAIL
INSP12180,M7094,MA1AB100000002787,D002,reject,Unknown,INS25,N,Material,FAIL
INSP12181,M11876,MA1AB100000002138,D003,Reject,Unknown,INS72,Y,,FAIL
INSP12182,M10216,MA1AB100000002413,D004,Repair,Unknown,INS89,Y,Material,PASS
INSP12183,M8813,MA1AB100000002551,D003,Repair,Unknown,INS50,Y,Paint,FAIL
INSP12184,M9685,MA1AB100000002204,NONE, ok ,Unknown,INS25,Y,Weld,PASS
INSP12185,M11453,MA1AB100000001724,NONE,Reject,Unknown,INS61,Y,Paint,PASS
INSP12186,M10695,MA1AB100000000229,D003,Reject,Unknown,INS58,Y,Weld,PASS
INSP12187,M8610,MA1AB100000002927,D004, ok ,Unknown,INS83,Y,,FAIL
INSP12188,M7323,MA1AB100000004163,NONE,OK,Unknown,INS42,Y,Material,FAIL
INSP12189,M7319,MA1AB100000002668,D004,Repair,Unknown,INS12,Y,Paint,FAIL
INSP12190,M11060,MA1AB100000004523,D003, ok ,Unknown,INS90,Y,Material,FAIL
INSP12191,M7998,MA1AB100000002667,D002,,Unknown,INS93,Y,Dimension,FAIL
INSP12192,M8523,MA1AB100000004470,D001,,Unknown,INS37,Y,Dimension,FAIL
INSP12193,M7126,MA1AB100000002976,D003,Reject,Unknown,INS59,N,Paint,FAIL
INSP12194,M9536,MA1AB100000001839,NONE,,Unknown,INS57,N,Dimension,FAIL
INSP12195,M9859,MA1AB100000002537,D004,Reject,Unknown,INS89,N,Weld,FAIL
INSP12196,M7264,MA1AB100000001785,D001,,Unknown,INS74,Y,Weld,FAIL
INSP12197,M7907,MA1AB100000001747,D004, ok ,Unknown,INS84,N,Weld,PASS
INSP12198,M9943,MA1AB100000002443,D003, ok ,Unknown,INS89,N,Weld,PASS
INSP12199,M8294,MA1AB100000002987,NONE,OK,Unknown,INS43,Y,,FAIL
INSP12200,M9943,MA1AB100000003484,D003,Reject,Unknown,INS97,Y,Paint,PASS
INSP12201,M10100,MA1AB100000001607,NONE,,Unknown,INS23,N,Material,PASS
INSP12202,M8536,MA1AB100000000808,NONE, ok ,Unknown,INS37,Y,,FAIL
INSP12203,M7380,MA1AB100000000760,D003,Repair,Unknown,INS66,N,Weld,PASS
INSP12204,M8054,MA1AB100000003643,D004,,Unknown,INS88,N,Weld,PASS
INSP12205,M11135,MA1AB100000002757,D001, ok ,Unknown,INS84,Y,Paint,FAIL
INSP12206,M9956,MA1AB100000004834,D003, ok ,Unknown,INS38,Y,,FAIL
INSP12207,M7850,MA1AB100000002136,NONE,OK,Unknown,INS94,N,Dimension,PASS
INSP12208,M8284,MA1AB100000002145,D002,OK,Unknown,INS83,N,Paint,PASS
INSP12209,M9001,MA1AB100000004531,D001,reject,Unknown,INS57,N,Material,PASS
INSP12210,M9670,MA1AB100000003089,NONE,OK,Unknown,INS31,N,Dimension,PASS
INSP12211,M9246,MA1AB100000003844,D001,Reject,Unknown,INS55,N,Weld,FAIL
INSP12212,M7533,MA1AB100000002357,D002,Reject,Unknown,INS71,Y,Material,PASS
INSP12213,M11038,MA1AB100000004124,NONE,,Unknown,INS96,Y,Material,PASS
INSP12214,M9761,MA1AB100000002613,D004,,Unknown,INS35,Y,Paint,FAIL
INSP12215,M8002,MA1AB100000000571,NONE, ok ,Unknown,INS19,Y,Paint,FAIL
INSP12216,M11244,MA1AB100000000863,D004,,Unknown,INS40,N,Weld,FAIL
INSP12217,M11957,MA1AB100000001500,D002, ok ,Unknown,INS15,N,Dimension,FAIL
INSP12218,M11889,MA1AB100000000984,D003,reject,Unknown,INS77,N,Dimension,FAIL
INSP12219,M8942,MA1AB100000001513,D002,Repair,Unknown,INS58,N,Paint,FAIL
INSP12220,M7222,MA1AB100000000273,D003,Repair,Unknown,INS23,N,,FAIL
INSP12221,M8597,MA1AB100000001274,D004,Repair,Unknown,INS50,Y,Weld,PASS
INSP12222,M9189,MA1AB100000000103,D001,Reject,Unknown,INS59,N,Dimension,FAIL
INSP12223,M7012,MA1AB100000004135,D003,Reject,Unknown,INS27,N,Material,FAIL
INSP12224,M10470,MA1AB100000004202,NONE, ok ,Unknown,INS62,N,Dimension,PASS
INSP12225,M10054,MA1AB100000000335,D001,reject,Unknown,INS72,Y,,PASS
INSP12226,M8476,MA1AB100000002475,D003,OK,Unknown,INS20,N,,PASS
INSP12227,M10644,MA1AB100000001675,D001,,Unknown,INS75,Y,Material,FAIL
INSP12228,M9740,MA1AB100000003680,D001,Repair,Unknown,INS20,Y,Weld,PASS
INSP12229,M9877,MA1AB100000000277,D003,Repair,Unknown,INS44,Y,Material,PASS
INSP12230,M9679,MA1AB100000000225,NONE,,Unknown,INS10,N,Paint,PASS
INSP12231,M9446,MA1AB100000003754,NONE,Reject,Unknown,INS50,N,,PASS
INSP12232,M7890,MA1AB100000004262,D001,reject,Unknown,INS76,N,Paint,FAIL
INSP12233,M8690,MA1AB100000003376,D001,reject,Unknown,INS59,N,Paint,PASS
INSP12234,M8736,MA1AB100000004460,D004,OK,Unknown,INS29,Y,Weld,FAIL
INSP12235,M7125,MA1AB100000000484,D002,Reject,Unknown,INS60,N,Paint,FAIL
INSP12236,M8042,MA1AB100000003985,D004,Reject,Unknown,INS39,N,Weld,PASS
INSP12237,M7682,MA1AB100000003182,D001,Repair,Unknown,INS44,Y,,PASS
INSP12238,M9740,MA1AB100000002508,D004, ok ,Unknown,INS76,N,Weld,FAIL
INSP12239,M11881,MA1AB100000001096,D004,reject,Unknown,INS82,N,Weld,FAIL
INSP12240,M11162,MA1AB100000003457,NONE,Reject,Unknown,INS32,Y,Dimension,FAIL
INSP12241,M7578,MA1AB100000004494,D002,,Unknown,INS66,N,Dimension,FAIL
INSP12242,M9169,MA1AB100000003121,D001, ok ,Unknown,INS19,N,,PASS
INSP12243,M11314,MA1AB100000004417,NONE,,Unknown,INS66,Y,Dimension,FAIL
INSP12244,M11748,MA1AB100000004229,D004,OK,Unknown,INS77,Y,Weld,FAIL
INSP12245,M9998,MA1AB100000002845,D003,,Unknown,INS91,Y,Dimension,FAIL
INSP12246,M10406,MA1AB100000002893,NONE, ok ,Unknown,INS67,N,Paint,PASS
INSP12247,M8606,MA1AB100000000765,D001,Repair,Unknown,INS21,Y,Dimension,PASS
INSP12248,M11809,MA1AB100000003100,D002,Reject,Unknown,INS17,Y,Paint,FAIL
INSP12249,M7955,MA1AB100000003994,D003,OK,Unknown,INS68,N,Paint,PASS
INSP12250,M10079,XX1 2 3 4,D004,OK,Unknown,INS41,Y,Paint,PASS
INSP12251,M10544,MA1AB100000003961,D001,OK,Unknown,INS59,N,Paint,PASS
INSP12252,M7718,MA1AB100000001233,D001,,Unknown,INS15,N,Weld,PASS
INSP12253,M7962,MA1AB100000003045,D004,reject,Unknown,INS18,Y,Dimension,PASS
INSP12254,M10843,MA1AB100000004952,D003,reject,Unknown,INS17,Y,Weld,PASS
INSP12255,M10477,MA1AB100000001994,D001,OK,Unknown,INS29,N,Material,FAIL
INSP12256,M11100,MA1AB100000004939,D003,,Unknown,INS48,N,Material,FAIL
INSP12257,M10345,MA1AB100000002493,NONE,reject,Unknown,INS92,Y,Weld,FAIL
INSP12258,M10928,MA1AB100000004733,D002,reject,Unknown,INS86,N,Paint,PASS
INSP12259,M11985,MA1AB100000000768,D004,reject,Unknown,INS69,Y,Weld,PASS
INSP12260,M11625,MA1AB100000000404,D001,,Unknown,INS91,N,Weld,PASS
INSP12261,M10385,MA1AB100000001109,D001,Reject,Unknown,INS82,N,,FAIL
INSP12262,M9198,MA1AB100000000956,D004,OK,Unknown,INS81,Y,,FAIL
INSP12263,M7838,MA1AB100000002350,NONE, ok ,Unknown,INS87,Y,,FAIL
INSP12264,M10844,MA1AB100000000429,D001,Reject,Unknown,INS39,N,Weld,PASS
INSP12265,M9904,MA1AB100000001250,D003,,Unknown,INS89,N,,FAIL
INSP12266,M10490,MA1AB100000001309,D002, ok ,Unknown,INS49,N,,FAIL
INSP12267,M8980,MA1AB100000004270,D004,reject,Unknown,INS68,N,Weld,FAIL
INSP12268,M8882,MA1AB100000001728,D001,reject,Unknown,INS58,N,Material,PASS
INSP12269,M11029,MA1AB100000001125,D004,Repair,Unknown,INS27,Y,Dimension,FAIL
INSP12270,M11632,MA1AB100000002482,D003,reject,Unknown,INS62,Y,Material,FAIL
INSP12271,M9928,MA1AB100000001175,D003,Reject,Unknown,INS41,Y,Material,FAIL
INSP12272,M10023,MA1AB100000004195,NONE,Repair,Unknown,INS28,Y,Dimension,PASS
INSP12273,M7531,MA1AB100000000735,D001, ok ,Unknown,INS65,N,Material,PASS
INSP12274,M7550,MA1AB100000001119,D002,Reject,Unknown,INS74,N,,FAIL
INSP12275,M8789,MA1AB100000000561,D001,,Unknown,INS83,Y,Weld,FAIL
INSP12276,M9150,MA1AB100000001049,NONE, ok ,Unknown,INS29,Y,Paint,FAIL
INSP12277,M11035,MA1AB100000002759,D001,Repair,Unknown,INS87,N,Material,PASS
INSP12278,M11567,MA1AB100000003108,D004, ok ,Unknown,INS14,N,Weld,FAIL
INSP12279,M11710,MA1AB100000004485,D004, ok ,Unknown,INS24,N,Material,FAIL
INSP12280,M7073,MA1AB100000002972,NONE,reject,Unknown,INS29,Y,Paint,FAIL
INSP12281,M8353,MA1AB100000004685,D002,Repair,Unknown,INS72,N,Dimension,FAIL
INSP12282,M9373,MA1AB100000004198,D003,reject,Unknown,INS14,N,Paint,PASS
INSP12283,M11461,MA1AB100000001103,D001, ok ,Unknown,INS20,N,,PASS
INSP12284,M11880,MA1AB100000001677,D002,,Unknown,INS83,N,Material,PASS
INSP12285,M9328,MA1AB100000004201,NONE, ok ,Unknown,INS56,Y,,FAIL
INSP12286,M7707,MA1AB100000004359,D002,reject,Unknown,INS16,Y,Dimension,FAIL
INSP12287,M7270,MA1AB100000002954,D004,OK,Unknown,INS63,Y,Material,FAIL
INSP12288,M10133,MA1AB100000003485,D001,Repair,Unknown,INS29,N,Paint,PASS
INSP12289,M10227,MA1AB100000003199,D003,OK,Unknown,INS98,N,,PASS
INSP12290,M11573,MA1AB100000000304,D004, ok ,Unknown,INS16,Y,Dimension,FAIL
INSP12291,M8327,MA1AB100000001903,D001,Reject,Unknown,INS31,N,Weld,PASS
INSP12292,M10290,MA1AB100000003121,D001,OK,Unknown,INS62,Y,Weld,PASS
INSP12293,M11658,MA1AB100000004950,D002,OK,Unknown,INS16,Y,Weld,FAIL
INSP12294,M10302,MA1AB100000001267,D002,reject,Unknown,INS71,Y,,FAIL
INSP12295,M7668,MA1AB100000000409,D001,reject,Unknown,INS11,Y,,PASS
INSP12296,M8826,MA1AB100000002908,D003,Reject,Unknown,INS53,Y,Paint,FAIL
INSP12297,M7658,MA1AB100000003377,D003,,Unknown,INS98,Y,,PASS
INSP12298,M7344,MA1AB100000001492,D001,Reject,Unknown,INS14,N,Paint,PASS
INSP12299,M7129,MA1AB100000000183,D004,OK,Unknown,INS44,N,,FAIL
INSP12300,M10425,MA1AB100000003130,D003,Repair,Unknown,INS81,Y,Weld,FAIL
INSP12301,M10668,MA1AB100000002441,D004, ok ,Unknown,INS73,N,Dimension,FAIL
INSP12302,M7268,MA1AB100000004145,D003,Reject,Unknown,INS18,N,,PASS
INSP12303,M7696,MA1AB100000000376,D003,Reject,Unknown,INS55,Y,Weld,FAIL
INSP12304,M8998,MA1AB100000000544,D003,OK,Unknown,INS43,N,,PASS
INSP12305,M10636,MA1AB100000001399,D004,Reject,Unknown,INS72,N,Paint,FAIL
INSP12306,M10531,MA1AB100000003913,NONE,,Unknown,INS98,N,Material,FAIL
INSP12307,M10649,MA1AB100000001009,NONE,reject,Unknown,INS39,N,Paint,PASS
INSP12308,M7390,MA1AB100000000881,NONE,OK,Unknown,INS72,Y,Weld,FAIL
INSP12309,M10346,MA1AB100000002287,D001,reject,Unknown,INS23,Y,,PASS
INSP12310,M9747,MA1AB100000000642,D002,,Unknown,INS11,Y,Paint,PASS
INSP12311,M8953,MA1AB100000004718,D003,OK,Unknown,INS84,Y,Material,PASS
INSP12312,M7136,MA1AB100000004515,D003,Reject,Unknown,INS64,Y,Material,FAIL
INSP12313,M10461,MA1AB100000002378,NONE,Repair,Unknown,INS56,Y,Weld,PASS
INSP12314,M8139,MA1AB100000000449,D004,reject,Unknown,INS55,N,Dimension,FAIL
INSP12315,M7373,MA1AB100000003315,D004,OK,Unknown,INS92,N,,FAIL
INSP12316,M11623,MA1AB100000003958,NONE,OK,Unknown,INS10,N,Weld,PASS
INSP12317,M7033,MA1AB100000003724,D001,Reject,Unknown,INS34,Y,Dimension,FAIL
INSP12318,M9371,MA1AB100000003989,D003,Repair,Unknown,INS34,N,,PASS
INSP12319,M9348,MA1AB100000002514,D003, ok ,Unknown,INS13,N,Weld,PASS
INSP12320,M11487,MA1AB100000004142,D004,Repair,Unknown,INS20,Y,,FAIL
INSP12321,M10528,MA1AB100000003549,D004,OK,Unknown,INS44,N,Paint,PASS
INSP12322,M11382,MA1AB100000001992,D004,reject,Unknown,INS63,N,Weld,FAIL
INSP12323,M7166,MA1AB100000003039,D003,reject,Unknown,INS82,Y,Material,PASS
INSP12324,M9602,MA1AB100000002459,NONE, ok ,Unknown,INS93,Y,,PASS
INSP12325,M8033,MA1AB100000004652,D004,reject,Unknown,INS33,Y,Material,FAIL
INSP12326,M11458,MA1AB100000004928,D003,,Unknown,INS66,Y,,FAIL
INSP12327,M7597,MA1AB100000004040,D001, ok ,Unknown,INS55,N,Weld,FAIL
INSP12328,M10425,MA1AB100000001518,NONE,Repair,Unknown,INS41,Y,,PASS
INSP12329,M10680,MA1AB100000003204,D003,OK,Unknown,INS94,N,Material,FAIL
INSP12330,M10332,MA1AB100000004882,D001, ok ,Unknown,INS67,N,Weld,PASS
INSP12331,M8348,MA1AB100000003966,NONE,OK,Unknown,INS34,N,Material,PASS
INSP12332,M8597,MA1AB100000003697,D003, ok ,Unknown,INS62,N,,PASS
INSP12333,M8246,MA1AB100000000413,NONE,Reject,Unknown,INS88,N,Material,FAIL
INSP12334,M11609,MA1AB100000002310,D004,Repair,Unknown,INS22,Y,Weld,PASS
INSP12335,M11703,MA1AB100000004787,D002,reject,Unknown,INS97,Y,Dimension,PASS
INSP12336,M9324,MA1AB100000003421,D004, ok ,Unknown,INS76,Y,Paint,PASS
INSP12337,M9460,MA1AB100000002433,D004,,Unknown,INS49,Y,,PASS
INSP12338,M8176,MA1AB100000001649,D002,Reject,Unknown,INS77,N,,FAIL
INSP12339,M8747,MA1AB100000003173,D004, ok ,Unknown,INS40,Y,Weld,FAIL
INSP12340,M8856,MA1AB100000000522,NONE,Reject,Unknown,INS97,Y,Material,FAIL
INSP12341,M10979,MA1AB100000001062,D004,Repair,Unknown,INS50,Y,Paint,PASS
INSP12342,M9940,MA1AB100000004585,D002,OK,Unknown,INS88,N,,PASS
INSP12343,M7302,MA1AB100000001835,NONE, ok ,Unknown,INS83,N,Material,FAIL
INSP12344,M10565,MA1AB100000000390,D004,Reject,Unknown,INS20,Y,Paint,FAIL
INSP12345,M11925,MA1AB100000004323,D003,Reject,Unknown,INS33,N,Material,PASS
INSP12346,M9778,MA1AB100000004371,D001,,Unknown,INS64,N,Material,PASS
INSP12347,M7222,MA1AB100000000641,D001, ok ,Unknown,INS36,N,Weld,PASS
INSP12348,M9922,MA1AB100000000206,D001, ok ,Unknown,INS62,N,Paint,PASS
INSP12349,M8576,MA1AB100000004842,D002,reject,Unknown,INS80,Y,Paint,FAIL
INSP12350,M9620,MA1AB100000000732,NONE,OK,Unknown,INS23,Y,Paint,FAIL
INSP12351,M10209,MA1AB100000001364,D001, ok ,Unknown,INS22,N,,FAIL
INSP12352,M10585,MA1AB100000002330,D003,OK,Unknown,INS91,N,Material,FAIL
INSP12353,M7017,MA1AB100000001368,NONE,Reject,Unknown,INS95,N,,PASS
INSP12354,M8730,MA1AB100000003593,NONE,OK,Unknown,INS28,N,Weld,PASS
INSP12355,M8369,MA1AB100000002294,NONE,Repair,Unknown,INS33,N,Paint,PASS
INSP12356,M9500,MA1AB100000001813,D003,Repair,Unknown,INS77,N,Paint,PASS
INSP12357,M8196,MA1AB100000002128,D004, ok ,Unknown,INS90,N,,PASS
INSP12358,M7953,MA1AB100000001106,NONE,Reject,Unknown,INS69,N,Dimension,FAIL
INSP12359,M7227,MA1AB100000003836,D003,OK,Unknown,INS13,N,Material,PASS
INSP12360,M8702,MA1AB100000000234,D001,Reject,Unknown,INS95,Y,Weld,PASS
INSP12361,M7073,MA1AB100000002295,D001,OK,Unknown,INS94,Y,Weld,PASS
INSP12362,M8107,MA1AB100000004490,D003, ok ,Unknown,INS75,N,Paint,PASS
INSP12363,M8534,MA1AB100000000551,D001,reject,Unknown,INS53,Y,Material,FAIL
INSP12364,M10853,MA1AB100000003936,D004,reject,Unknown,INS58,N,Dimension,PASS
INSP12365,M9460,MA1AB100000001040,D002,reject,Unknown,INS52,N,Material,PASS
INSP12366,M11270,MA1AB100000004556,D001,,Unknown,INS53,N,Material,FAIL
INSP12367,M7300,MA1AB100000000631,NONE,reject,Unknown,INS11,Y,Weld,PASS
INSP12368,M8920,MA1AB100000003309,D002,,Unknown,INS88,Y,Weld,PASS
INSP12369,M9646,MA1AB100000002516,D003, ok ,Unknown,INS65,Y,Paint,PASS
INSP12370,M11680,MA1AB100000001796,D004,OK,Unknown,INS88,Y,Dimension,PASS
INSP12371,M11482,MA1AB100000000162,D001,OK,Unknown,INS48,N,Dimension,FAIL
INSP12372,M10355,MA1AB100000002571,D004,Reject,Unknown,INS47,Y,Dimension,PASS
INSP12373,M9058,MA1AB100000002818,D003,Reject,Unknown,INS46,N,Paint,PASS
INSP12374,M11379,MA1AB100000003958,D003,,Unknown,INS55,Y,Weld,FAIL
INSP12375,M8519,MA1AB100000003417,NONE,Repair,Unknown,INS93,Y,,FAIL
INSP12376,M7511,MA1AB100000000847,D003,Repair,Unknown,INS94,Y,,FAIL
INSP12377,M9256,MA1AB100000001470,NONE, ok ,Unknown,INS81,Y,Weld,PASS
INSP12378,M8616,MA1AB100000003737,D001, ok ,Unknown,INS32,Y,Paint,FAIL
INSP12379,M11307,MA1AB100000002496,D002,,Unknown,INS32,Y,Dimension,PASS
INSP12380,M9272,MA1AB100000003428,D002,Repair,Unknown,INS64,N,Weld,PASS
INSP12381,M8650,MA1AB100000004247,D004,,Unknown,INS43,N,Material,PASS
INSP12382,M9343,MA1AB100000003996,D002, ok ,Unknown,INS45,N,Weld,FAIL
INSP12383,M8334,MA1AB100000002555,D004,OK,Unknown,INS27,Y,,FAIL
INSP12384,M10610,MA1AB100000003958,D002,OK,Unknown,INS92,N,Material,FAIL
INSP12385,M8274,MA1AB100000004440,NONE, ok ,Unknown,INS74,Y,Weld,FAIL
INSP12386,M11662,MA1AB100000000979,NONE,OK,Unknown,INS71,N,,FAIL
INSP12387,M11719,MA1AB100000003233,D001,OK,Unknown,INS13,Y,Dimension,FAIL
INSP12388,M9043,MA1AB100000004390,D002,reject,Unknown,INS62,N,Dimension,FAIL
INSP12389,M8098,MA1AB100000002146,D004,OK,Unknown,INS36,Y,Dimension,FAIL
INSP12390,M11544,MA1AB100000002382,NONE,reject,Unknown,INS52,N,Weld,PASS
INSP12391,M7760,MA1AB100000002205,NONE, ok ,Unknown,INS45,N,Weld,PASS
INSP12392,M10150,MA1AB100000002837,D003,,Unknown,INS69,Y,Weld,PASS
INSP12393,M9534,MA1AB100000004556,D004,Reject,Unknown,INS18,N,,PASS
INSP12394,M8734,MA1AB100000001289,D004,reject,Unknown,INS24,N,,PASS
INSP12395,M9093,MA1AB100000001909,D003, ok ,Unknown,INS58,N,Material,FAIL
INSP12396,M11892,MA1AB100000003472,D001,Reject,Unknown,INS92,N,Paint,PASS
INSP12397,M10783,MA1AB100000003600,NONE,,Unknown,INS10,N,Material,PASS
INSP12398,M7442,MA1AB100000001179,D004,Reject,Unknown,INS21,Y,,FAIL
INSP12399,M7124,MA1AB100000001224,D002,reject,Unknown,INS48,N,Material,PASS
INSP12400,M8873,MA1AB100000000913,D004,Reject,Unknown,INS66,N,Paint,FAIL
INSP12401,M7780,MA1AB100000001333,D004,OK,Unknown,INS59,Y,Paint,PASS
INSP12402,M8233,MA1AB100000003309,D002,Reject,Unknown,INS67,N,Material,FAIL
INSP12403,M11084,MA1AB100000004355,NONE,OK,Unknown,INS56,Y,Dimension,PASS
INSP12404,M11979,MA1AB100000000104,NONE,,Unknown,INS75,Y,Paint,PASS
INSP12405,M9500,MA1AB100000002555,D001,reject,Unknown,INS88,Y,Dimension,FAIL
INSP12406,M7888,MA1AB100000000735,D003,reject,Unknown,INS91,N,,PASS
INSP12407,M9591,MA1AB100000002290,D003,Reject,Unknown,INS19,N,Weld,PASS
INSP12408,M9837,MA1AB100000000376,NONE,Repair,Unknown,INS37,Y,,PASS
INSP12409,M9974,MA1AB100000001824,D004,,Unknown,INS70,N,Material,PASS
INSP12410,M8597,MA1AB100000003551,D001,,Unknown,INS68,N,Paint,FAIL
INSP12411,M8387,MA1AB100000001764,D004, ok ,Unknown,INS66,N,Weld,FAIL
INSP12412,M9643,MA1AB100000002446,D003,Reject,Unknown,INS80,N,Paint,FAIL
INSP12413,M7936,MA1AB100000000293,D001,OK,Unknown,INS11,Y,Weld,PASS
INSP12414,M8482,MA1AB100000001283,D001,reject,Unknown,INS15,N,Weld,PASS
INSP12415,M9688,MA1AB100000001300,NONE,OK,Unknown,INS97,N,,FAIL
INSP12416,M8243,MA1AB100000003510,D001,Repair,Unknown,INS74,N,Material,FAIL
INSP12417,M8695,MA1AB100000003675,D004,,Unknown,INS77,Y,Weld,PASS
INSP12418,M7012,MA1AB100000001717,NONE,Repair,Unknown,INS93,N,,PASS
INSP12419,M10498,MA1AB100000000448,D003,Reject,Unknown,INS82,Y,Weld,FAIL
INSP12420,M9984,MA1AB100000000030,D004,reject,Unknown,INS20,Y,Paint,FAIL
INSP12421,M11651,MA1AB100000001897,NONE,,Unknown,INS59,Y,Dimension,FAIL
INSP12422,M10978,MA1AB100000002686,D002,reject,Unknown,INS34,N,Material,PASS
INSP12423,M8550,MA1AB100000004975,D001,Reject,Unknown,INS96,Y,Dimension,PASS
INSP12424,M8570,MA1AB100000000367,D004,Repair,Unknown,INS71,N,Paint,PASS
INSP12425,M10947,MA1AB100000004661,D004, ok ,Unknown,INS22,Y,Paint,PASS
INSP12426,M11268,MA1AB100000000409,D002, ok ,Unknown,INS26,N,Material,FAIL
INSP12427,M8461,MA1AB100000001774,D004, ok ,Unknown,INS14,Y,Weld,PASS
INSP12428,M7640,MA1AB100000004186,D002,Reject,Unknown,INS36,N,Paint,FAIL
INSP12429,M8959,MA1AB100000004147,D002,,Unknown,INS98,N,Material,FAIL
INSP12430,M7730,MA1AB100000001010,D002,Repair,Unknown,INS16,Y,Weld,FAIL
INSP12431,M9674,MA1AB100000000283,D002,Repair,Unknown,INS43,N,Weld,FAIL
INSP12432,M11081,MA1AB100000002988,D001,reject,Unknown,INS60,N,,PASS
INSP12433,M11162,MA1AB100000002702,D004,OK,Unknown,INS15,N,Paint,PASS
INSP12434,M10659,MA1AB100000003065,D002, ok ,Unknown,INS22,Y,Material,FAIL
INSP12435,M9796,MA1AB100000002839,D003,reject,Unknown,INS53,N,,FAIL
INSP12436,M9657,MA1AB100000002675,D004,Repair,Unknown,INS48,N,,FAIL
INSP12437,M9497,MA1AB100000001023,NONE,reject,Unknown,INS86,N,Dimension,PASS
INSP12438,M7780,MA1AB100000003154,D003,OK,Unknown,INS64,N,,PASS
INSP12439,M10615,MA1AB100000001099,NONE, ok ,Unknown,INS18,N,Material,PASS
INSP12440,M10853,MA1AB100000002478,D004,,Unknown,INS34,Y,Dimension,FAIL
INSP12441,M7486,MA1AB100000003601,D001,OK,Unknown,INS80,N,Material,FAIL
INSP12442,M10701,MA1AB100000003998,NONE,Reject,Unknown,INS79,N,Weld,FAIL
INSP12443,M9521,MA1AB100000003139,D002,Repair,Unknown,INS19,Y,,PASS
INSP12444,M9194,MA1AB100000003310,D004,OK,Unknown,INS92,Y,Paint,FAIL
INSP12445,M11282,MA1AB100000000710,NONE,Reject,Unknown,INS82,Y,Weld,FAIL
INSP12446,M11924,MA1AB100000001720,D002,OK,Unknown,INS36,Y,Paint,PASS
INSP12447,M11913,MA1AB100000004689,D004,,Unknown,INS29,Y,Weld,FAIL
INSP12448,M7972,MA1AB100000000051,D003,OK,Unknown,INS13,N,Material,PASS
INSP12449,M8353,MA1AB100000001183,NONE,OK,Unknown,INS35,N,,PASS
INSP12450,M7870,MA1AB100000000084,D001,Repair,Unknown,INS79,N,Material,PASS
INSP12451,M8660,MA1AB100000000321,D002,OK,Unknown,INS40,Y,Weld,PASS
INSP12452,M10913,MA1AB100000003456,D003,Reject,Unknown,INS64,N,Material,FAIL
INSP12453,M9076,MA1AB100000004045,D003,Reject,Unknown,INS75,Y,Weld,FAIL
INSP12454,M8749,MA1AB100000000639,D003,reject,Unknown,INS84,N,Paint,PASS
INSP12455,M7948,MA1AB100000003474,D001,OK,Unknown,INS66,Y,Weld,FAIL
INSP12456,M9371,MA1AB100000000127,D004,,Unknown,INS66,N,Dimension,FAIL
INSP12457,M8793,MA1AB100000000254,D004,reject,Unknown,INS20,N,Dimension,FAIL
INSP12458,M10108,MA1AB100000004680,D001, ok ,Unknown,INS61,N,,FAIL
INSP12459,M7434,MA1AB100000002150,NONE,Repair,Unknown,INS60,Y,Weld,PASS
INSP12460,M9613,MA1AB100000003095,D003,OK,Unknown,INS65,N,Paint,FAIL
INSP12461,M11891,MA1AB100000001641,D003, ok ,Unknown,INS70,N,,PASS
INSP12462,M9206,MA1AB100000000939,NONE,,Unknown,INS61,Y,Material,PASS
INSP12463,M9667,MA1AB100000000362,NONE,Repair,Unknown,INS68,N,Dimension,FAIL
INSP12464,M8535,MA1AB100000001444,NONE,reject,Unknown,INS77,N,Weld,PASS
INSP12465,M8375,MA1AB100000002232,NONE,Reject,Unknown,INS53,Y,Paint,PASS
INSP12466,M10945,MA1AB100000001064,D003,reject,Unknown,INS33,Y,Paint,FAIL
INSP12467,M9263,MA1AB100000002578,D001,,Unknown,INS99,Y,Material,PASS
INSP12468,M8472,MA1AB100000004047,D004,Repair,Unknown,INS66,Y,Paint,PASS
INSP12469,M9738,MA1AB100000003451,D003,,Unknown,INS87,Y,Material,PASS
INSP12470,M7950,MA1AB100000004622,D002,reject,Unknown,INS14,N,,FAIL
INSP12471,M7248,MA1AB100000004999,D004,reject,Unknown,INS44,Y,Dimension,FAIL
INSP12472,M7445,MA1AB100000000991,NONE,reject,Unknown,INS60,Y,Dimension,PASS
INSP12473,M8719,MA1AB100000000125,NONE,Reject,Unknown,INS33,N,Paint,PASS
INSP12474,M7040,MA1AB100000003066,D004,OK,Unknown,INS95,Y,Paint,PASS
INSP12475,M8443,MA1AB100000001319,D004,Repair,Unknown,INS50,Y,Dimension,PASS
INSP12476,M10000,MA1AB100000004557,NONE,Reject,Unknown,INS94,Y,Material,FAIL
INSP12477,M7857,MA1AB100000000960,D002,Reject,Unknown,INS26,Y,Material,PASS
INSP12478,M10708,MA1AB100000001662,NONE,Reject,Unknown,INS23,N,Material,FAIL
INSP12479,M8439,MA1AB100000001481,D004,Reject,Unknown,INS44,N,Dimension,PASS
INSP12480,M9221,MA1AB100000001024,D002,Repair,Unknown,INS12,N,Weld,PASS
INSP12481,M10256,MA1AB100000003536,D004, ok ,Unknown,INS45,N,Paint,FAIL
INSP12482,M9688,MA1AB100000001338,NONE,Reject,Unknown,INS54,N,Weld,FAIL
INSP12483,M10742,MA1AB100000000203,D001,,Unknown,INS41,Y,Dimension,FAIL
INSP12484,M9859,MA1AB100000003973,D001,Repair,Unknown,INS47,Y,Dimension,FAIL
INSP12485,M7595,MA1AB100000000239,D004, ok ,Unknown,INS68,Y,Paint,FAIL
INSP12486,M11389,MA1AB100000001294,NONE,reject,Unknown,INS78,N,Paint,FAIL
INSP12487,M9328,MA1AB100000004437,NONE,OK,Unknown,INS39,N,Paint,FAIL
INSP12488,M9002,MA1AB100000000299,D003, ok ,Unknown,INS15,N,,FAIL
INSP12489,M9448,MA1AB100000003263,D001, ok ,Unknown,INS79,N,,FAIL
INSP12490,M11954,MA1AB100000003615,D003,,Unknown,INS39,N,Weld,FAIL
INSP12491,M9055,MA1AB100000003167,D003,,Unknown,INS41,Y,,PASS
INSP12492,M7619,MA1AB100000003803,D003, ok ,Unknown,INS17,N,,PASS
INSP12493,M7495,MA1AB100000000281,D002,Repair,Unknown,INS12,Y,Paint,PASS
INSP12494,M9526,MA1AB100000000437,D003,OK,Unknown,INS60,Y,Paint,PASS
INSP12495,M9608,MA1AB100000001300,D003,,Unknown,INS66,N,,PASS
INSP12496,M8560,MA1AB100000000435,NONE,,Unknown,INS47,N,Paint,FAIL
INSP12497,M8538,MA1AB100000000674,D004,OK,Unknown,INS47,Y,Weld,FAIL
INSP12498,M10204,MA1AB100000000445,NONE,OK,Unknown,INS52,Y,Material,FAIL
INSP12499,M11185,MA1AB100000004395,D001,Reject,Unknown,INS62,Y,Weld,PASS
INSP12500,M10629,XX1 2 3 4,D001, ok ,Unknown,INS96,Y,Weld,FAIL
INSP12501,M8659,MA1AB100000004780,D002,,Unknown,INS25,N,Weld,PASS
INSP12502,M11776,MA1AB100000004468,D001,,Unknown,INS92,N,,PASS
INSP12503,M8913,MA1AB100000004339,D003, ok ,Unknown,INS93,N,Dimension,FAIL
INSP12504,M11201,MA1AB100000001129,D004,reject,Unknown,INS96,Y,Weld,PASS
INSP12505,M11278,MA1AB100000001833,D003, ok ,Unknown,INS48,N,Dimension,FAIL
INSP12506,M7004,MA1AB100000000349,D003,,Unknown,INS81,Y,Weld,FAIL
INSP12507,M8158,MA1AB100000003395,D002,Repair,Unknown,INS47,N,Dimension,PASS
INSP12508,M10816,MA1AB100000004753,D003,reject,Unknown,INS37,N,Dimension,FAIL
INSP12509,M11775,MA1AB100000000812,D004,Repair,Unknown,INS80,Y,Dimension,FAIL
INSP12510,M7686,MA1AB100000004329,D004,OK,Unknown,INS22,Y,Dimension,PASS
INSP12511,M9863,MA1AB100000001066,D002,,Unknown,INS93,N,Material,PASS
INSP12512,M8906,MA1AB100000001153,D003,,Unknown,INS32,N,Paint,PASS
INSP12513,M10318,MA1AB100000001230,D002,Reject,Unknown,INS76,Y,Paint,FAIL
INSP12514,M8545,MA1AB100000000736,NONE,Repair,Unknown,INS37,N,Paint,FAIL
INSP12515,M10951,MA1AB100000004982,D001,Repair,Unknown,INS94,Y,,FAIL
INSP12516,M8547,MA1AB100000001717,D001, ok ,Unknown,INS27,N,Material,PASS
INSP12517,M8064,MA1AB100000001434,D004,reject,Unknown,INS73,Y,Weld,FAIL
INSP12518,M7316,MA1AB100000002005,D004,Repair,Unknown,INS96,Y,Dimension,PASS
INSP12519,M9372,MA1AB100000001082,NONE,OK,Unknown,INS93,N,,PASS
INSP12520,M11342,MA1AB100000000034,D001,OK,Unknown,INS45,N,Weld,FAIL
INSP12521,M8970,MA1AB100000003982,D002,Repair,Unknown,INS26,N,,FAIL
INSP12522,M7023,MA1AB100000000567,D001,reject,Unknown,INS10,Y,Weld,FAIL
INSP12523,M9775,MA1AB100000004677,D001,Reject,Unknown,INS45,N,,PASS
INSP12524,M11281,MA1AB100000000785,D002,reject,Unknown,INS92,Y,,FAIL
INSP12525,M10228,MA1AB100000004433,D002,Repair,Unknown,INS25,N,Dimension,FAIL
INSP12526,M9268,MA1AB100000001067,D003,,Unknown,INS92,N,Dimension,FAIL
INSP12527,M11642,MA1AB100000004519,D001, ok ,Unknown,INS47,Y,Material,PASS
INSP12528,M10432,MA1AB100000001827,NONE,Repair,Unknown,INS64,N,Material,PASS
INSP12529,M10870,MA1AB100000004797,D001, ok ,Unknown,INS84,Y,Weld,FAIL
INSP12530,M7005,MA1AB100000003840,NONE,Reject,Unknown,INS73,N,Dimension,FAIL
INSP12531,M9676,MA1AB100000002330,D003,OK,Unknown,INS34,Y,,PASS
INSP12532,M8970,MA1AB100000001480,D001,,Unknown,INS30,Y,Weld,FAIL
INSP12533,M10449,MA1AB100000003428,D001, ok ,Unknown,INS12,N,Dimension,FAIL
INSP12534,M10292,MA1AB100000004520,D004,Repair,Unknown,INS81,N,Material,FAIL
INSP12535,M9693,MA1AB100000002762,D001,OK,Unknown,INS68,Y,Dimension,PASS
INSP12536,M10391,MA1AB100000000981,D003,reject,Unknown,INS91,N,Paint,FAIL
INSP12537,M9325,MA1AB100000003416,D003, ok ,Unknown,INS71,Y,Weld,PASS
INSP12538,M9355,MA1AB100000000456,D003, ok ,Unknown,INS74,N,Weld,FAIL
INSP12539,M10453,MA1AB100000000610,D002,OK,Unknown,INS31,Y,Paint,PASS
INSP12540,M7874,MA1AB100000002513,D002, ok ,Unknown,INS19,Y,Weld,PASS
INSP12541,M11496,MA1AB100000003860,NONE, ok ,Unknown,INS39,Y,Dimension,PASS
INSP12542,M7197,MA1AB100000002964,D004, ok ,Unknown,INS98,Y,,FAIL
INSP12543,M7093,MA1AB100000001976,D004,Repair,Unknown,INS39,Y,Material,PASS
INSP12544,M7631,MA1AB100000003702,D002,OK,Unknown,INS50,Y,Paint,PASS
INSP12545,M8723,MA1AB100000000262,NONE,OK,Unknown,INS91,Y,Dimension,PASS
INSP12546,M8778,MA1AB100000003275,D003,reject,Unknown,INS37,N,Material,FAIL
INSP12547,M9835,MA1AB100000004725,D001, ok ,Unknown,INS59,N,Material,FAIL
INSP12548,M7847,MA1AB100000003881,D002,reject,Unknown,INS23,N,Weld,FAIL
INSP12549,M10344,MA1AB100000002604,D004,,Unknown,INS85,Y,Dimension,FAIL
INSP12550,M11796,MA1AB100000001808,D001,,Unknown,INS66,N,Weld,PASS
INSP12551,M10595,MA1AB100000000041,D003,Repair,Unknown,INS36,N,Dimension,FAIL
INSP12552,M8172,MA1AB100000000347,D002,Reject,Unknown,INS10,N,Material,FAIL
INSP12553,M10091,MA1AB100000003128,NONE, ok ,Unknown,INS51,Y,Dimension,PASS
INSP12554,M7521,MA1AB100000001078,D003, ok ,Unknown,INS91,Y,Dimension,PASS
INSP12555,M8402,MA1AB100000003408,D002,Reject,Unknown,INS82,Y,Paint,PASS
INSP12556,M11793,MA1AB100000000711,D001,,Unknown,INS82,Y,Weld,PASS
INSP12557,M8275,MA1AB100000001283,D001,reject,Unknown,INS86,Y,Weld,PASS
INSP12558,M7248,MA1AB100000004147,NONE,OK,Unknown,INS19,N,,PASS
INSP12559,M10503,MA1AB100000001739,D001,OK,Unknown,INS17,Y,Paint,FAIL
INSP12560,M9910,MA1AB100000000413,NONE,Reject,Unknown,INS17,N,Dimension,PASS
INSP12561,M7218,MA1AB100000003914,D002, ok ,Unknown,INS67,Y,Weld,PASS
INSP12562,M11983,MA1AB100000004192,D002,reject,Unknown,INS47,N,Dimension,PASS
INSP12563,M11446,MA1AB100000001327,D003,Reject,Unknown,INS79,N,,FAIL
INSP12564,M11534,MA1AB100000000449,D003,,Unknown,INS25,N,Material,PASS
INSP12565,M10585,MA1AB100000002930,D001,reject,Unknown,INS50,N,Dimension,FAIL
INSP12566,M11148,MA1AB100000004778,D004,Repair,Unknown,INS73,N,Dimension,PASS
INSP12567,M9528,MA1AB100000000593,D004,OK,Unknown,INS44,N,Paint,PASS
INSP12568,M7552,MA1AB100000004686,D003,Reject,Unknown,INS91,Y,Weld,PASS
INSP12569,M7588,MA1AB100000002945,D004, ok ,Unknown,INS15,N,Paint,FAIL
INSP12570,M8896,MA1AB100000000590,D003,Reject,Unknown,INS40,Y,Material,FAIL
INSP12571,M9745,MA1AB100000002517,D003,,Unknown,INS80,N,Paint,FAIL
INSP12572,M10983,MA1AB100000000902,D002,Repair,Unknown,INS70,N,Paint,FAIL
INSP12573,M9424,MA1AB100000003373,NONE,OK,Unknown,INS57,N,,FAIL
INSP12574,M10359,MA1AB100000003653,D004,OK,Unknown,INS79,Y,Paint,PASS
INSP12575,M11423,MA1AB100000003565,NONE,reject,Unknown,INS71,N,Material,PASS
INSP12576,M10358,MA1AB100000002908,D004,,Unknown,INS34,N,Weld,FAIL
INSP12577,M10570,MA1AB100000002302,D002,Repair,Unknown,INS46,N,Material,FAIL
INSP12578,M9555,MA1AB100000003059,D003,reject,Unknown,INS75,N,Material,FAIL
INSP12579,M10563,MA1AB100000001974,D002, ok ,Unknown,INS71,N,Weld,FAIL
INSP12580,M10861,MA1AB100000000463,D003,Repair,Unknown,INS60,N,Dimension,PASS
INSP12581,M11278,MA1AB100000002316,D002,Repair,Unknown,INS75,N,Paint,PASS
INSP12582,M9370,MA1AB100000003199,D001,OK,Unknown,INS86,Y,Dimension,FAIL
INSP12583,M11399,MA1AB100000000944,D003,Reject,Unknown,INS58,Y,Dimension,PASS
INSP12584,M10136,MA1AB100000000014,D004, ok ,Unknown,INS93,N,Material,FAIL
INSP12585,M8710,MA1AB100000004086,D001,Repair,Unknown,INS90,N,Weld,FAIL
INSP12586,M11148,MA1AB100000001303,NONE, ok ,Unknown,INS45,N,Paint,FAIL
INSP12587,M11698,MA1AB100000004539,D003,,Unknown,INS90,Y,Paint,PASS
INSP12588,M7374,MA1AB100000000353,NONE,Reject,Unknown,INS53,N,Weld,PASS
INSP12589,M11469,MA1AB100000003168,NONE,,Unknown,INS94,N,Weld,FAIL
INSP12590,M7037,MA1AB100000001141,D004,Reject,Unknown,INS89,Y,Dimension,PASS
INSP12591,M10922,MA1AB100000003864,D002,Repair,Unknown,INS33,N,Material,FAIL
INSP12592,M10948,MA1AB100000002448,D002,OK,Unknown,INS42,Y,Paint,PASS
INSP12593,M8802,MA1AB100000000426,D002, ok ,Unknown,INS14,Y,Weld,FAIL
INSP12594,M9199,MA1AB100000001785,D001,Reject,Unknown,INS45,N,Weld,FAIL
INSP12595,M9595,MA1AB100000003534,D001,,Unknown,INS19,N,,FAIL
INSP12596,M9913,MA1AB100000003342,D001,,Unknown,INS82,Y,Weld,FAIL
INSP12597,M9668,MA1AB100000002765,D002,,Unknown,INS62,Y,Dimension,PASS
INSP12598,M11370,MA1AB100000002580,D002,Repair,Unknown,INS72,N,Weld,FAIL
INSP12599,M9038,MA1AB100000004982,D001,OK,Unknown,INS25,Y,Weld,PASS
INSP12600,M9762,MA1AB100000002755,D002,Repair,Unknown,INS49,N,Dimension,PASS
INSP12601,M7317,MA1AB100000001183,D001,Reject,Unknown,INS82,N,Paint,FAIL
INSP12602,M9115,MA1AB100000002025,D001,,Unknown,INS98,Y,Dimension,PASS
INSP12603,M9962,MA1AB100000001812,NONE, ok ,Unknown,INS34,Y,Material,PASS
INSP12604,M10094,MA1AB100000003109,D002,reject,Unknown,INS22,N,,FAIL
INSP12605,M9960,MA1AB100000004046,D002,reject,Unknown,INS33,N,Paint,PASS
INSP12606,M7206,MA1AB100000002834,D003, ok ,Unknown,INS13,Y,Paint,PASS
INSP12607,M9675,MA1AB100000003183,NONE,Reject,Unknown,INS41,Y,Paint,PASS
INSP12608,M11301,MA1AB100000002857,D002,Repair,Unknown,INS70,Y,Material,FAIL
INSP12609,M7903,MA1AB100000002952,D004,,Unknown,INS51,N,Dimension,PASS
INSP12610,M7784,MA1AB100000003124,D003,Reject,Unknown,INS86,Y,Paint,FAIL
INSP12611,M8280,MA1AB100000003748,D001,Repair,Unknown,INS97,N,Material,FAIL
INSP12612,M11442,MA1AB100000004875,D004,Reject,Unknown,INS35,N,Weld,FAIL
INSP12613,M9733,MA1AB100000002162,D003,OK,Unknown,INS70,Y,Paint,FAIL
INSP12614,M10934,MA1AB100000002789,D001,Repair,Unknown,INS91,Y,Paint,FAIL
INSP12615,M10051,MA1AB100000002458,D002, ok ,Unknown,INS54,Y,,PASS
INSP12616,M9437,MA1AB100000002288,D002,Repair,Unknown,INS18,N,Material,PASS
INSP12617,M7757,MA1AB100000004396,D002,Repair,Unknown,INS35,Y,Material,PASS
INSP12618,M7501,MA1AB100000001012,NONE,OK,Unknown,INS39,Y,Paint,PASS
INSP12619,M7128,MA1AB100000002166,D003,,Unknown,INS84,N,Material,PASS
INSP12620,M10092,MA1AB100000001599,D004,,Unknown,INS93,N,Paint,FAIL
INSP12621,M10345,MA1AB100000000150,D002,OK,Unknown,INS64,Y,Material,FAIL
INSP12622,M7145,MA1AB100000004496,D004,Repair,Unknown,INS13,Y,Material,FAIL
INSP12623,M11127,MA1AB100000001175,D003,OK,Unknown,INS84,N,Material,PASS
INSP12624,M8076,MA1AB100000002863,D001,Repair,Unknown,INS93,N,Paint,PASS
INSP12625,M8402,MA1AB100000001119,D004,,Unknown,INS50,Y,,PASS
INSP12626,M11317,MA1AB100000000329,D002,OK,Unknown,INS43,Y,Material,FAIL
INSP12627,M8666,MA1AB100000004264,D001,OK,Unknown,INS99,N,Paint,PASS
INSP12628,M10240,MA1AB100000004454,D004,,Unknown,INS26,N,Paint,PASS
INSP12629,M8681,MA1AB100000000060,D002, ok ,Unknown,INS29,N,Dimension,PASS
INSP12630,M10661,MA1AB100000002681,D003,reject,Unknown,INS43,Y,Weld,PASS
INSP12631,M9004,MA1AB100000003178,D004,Repair,Unknown,INS94,N,Dimension,FAIL
INSP12632,M7511,MA1AB100000000454,D004,,Unknown,INS88,N,,FAIL
INSP12633,M7792,MA1AB100000002109,NONE,Repair,Unknown,INS46,N,Dimension,FAIL
INSP12634,M11166,MA1AB100000001848,D004, ok ,Unknown,INS82,N,Material,PASS
INSP12635,M11920,MA1AB100000000753,D001,OK,Unknown,INS44,Y,Material,FAIL
INSP12636,M7612,MA1AB100000000659,D001,reject,Unknown,INS45,Y,Material,PASS
INSP12637,M9422,MA1AB100000004490,D002, ok ,Unknown,INS63,Y,Dimension,PASS
INSP12638,M10077,MA1AB100000003143,D003,,Unknown,INS84,N,Weld,PASS
INSP12639,M10148,MA1AB100000003075,NONE,Reject,Unknown,INS76,N,Dimension,FAIL
INSP12640,M7768,MA1AB100000002487,D003,OK,Unknown,INS10,N,Weld,FAIL
INSP12641,M8530,MA1AB100000002348,D002,,Unknown,INS10,N,Paint,FAIL
INSP12642,M8194,MA1AB100000000654,NONE,Reject,Unknown,INS91,N,,PASS
INSP12643,M8972,MA1AB100000004070,D004, ok ,Unknown,INS69,Y,Dimension,FAIL
INSP12644,M10912,MA1AB100000003745,D004,Reject,Unknown,INS67,Y,Material,FAIL
INSP12645,M10543,MA1AB100000001163,D001,,Unknown,INS41,N,Paint,FAIL
INSP12646,M10012,MA1AB100000004570,D003,OK,Unknown,INS34,N,Weld,PASS
INSP12647,M9009,MA1AB100000000739,D003,Repair,Unknown,INS41,N,Dimension,FAIL
INSP12648,M8464,MA1AB100000001494,NONE,Repair,Unknown,INS85,N,,PASS
INSP12649,M7642,MA1AB100000001693,NONE,Repair,Unknown,INS70,Y,Dimension,FAIL
INSP12650,M11663,MA1AB100000003467,D004, ok ,Unknown,INS89,N,Dimension,PASS
INSP12651,M9315,MA1AB100000003018,D001,Reject,Unknown,INS61,N,,FAIL
INSP12652,M10911,MA1AB100000001845,NONE,,Unknown,INS39,N,Paint,PASS
INSP12653,M8897,MA1AB100000002247,D001,OK,Unknown,INS37,Y,Paint,PASS
INSP12654,M10691,MA1AB100000000740,D004,,Unknown,INS30,N,Paint,FAIL
INSP12655,M8408,MA1AB100000002223,D003,reject,Unknown,INS59,Y,Material,PASS
INSP12656,M7535,MA1AB100000000444,D002, ok ,Unknown,INS73,N,Paint,FAIL
INSP12657,M8103,MA1AB100000001918,NONE,OK,Unknown,INS11,Y,Material,PASS
INSP12658,M7777,MA1AB100000001021,NONE,reject,Unknown,INS12,N,,FAIL
INSP12659,M8452,MA1AB100000003633,D003,Reject,Unknown,INS64,N,Material,FAIL
INSP12660,M9042,MA1AB100000002654,D003,Repair,Unknown,INS85,N,Weld,FAIL
INSP12661,M8567,MA1AB100000003788,NONE,Reject,Unknown,INS53,Y,,FAIL
INSP12662,M7687,MA1AB100000002341,D001, ok ,Unknown,INS55,N,Paint,FAIL
INSP12663,M10444,MA1AB100000002366,NONE,OK,Unknown,INS98,Y,Weld,FAIL
INSP12664,M10466,MA1AB100000002913,NONE,OK,Unknown,INS35,N,,FAIL
INSP12665,M9784,MA1AB100000001255,D004,Reject,Unknown,INS97,Y,Dimension,FAIL
INSP12666,M7191,MA1AB100000004443,D003,OK,Unknown,INS93,Y,Dimension,PASS
INSP12667,M10797,MA1AB100000000198,D002,,Unknown,INS95,N,Paint,FAIL
INSP12668,M7382,MA1AB100000003542,D003,,Unknown,INS40,N,Weld,FAIL
INSP12669,M8712,MA1AB100000003568,D002,Repair,Unknown,INS42,Y,Dimension,FAIL
INSP12670,M9408,MA1AB100000004439,D004,reject,Unknown,INS49,Y,Dimension,PASS
INSP12671,M9049,MA1AB100000001356,NONE,OK,Unknown,INS50,Y,Paint,PASS
INSP12672,M8074,MA1AB100000000305,D003,,Unknown,INS75,N,Paint,FAIL
INSP12673,M9743,MA1AB100000000493,D001,reject,Unknown,INS53,N,Dimension,PASS
INSP12674,M9276,MA1AB100000000004,D003,Reject,Unknown,INS51,Y,Dimension,PASS
INSP12675,M10490,MA1AB100000001879,NONE,Repair,Unknown,INS12,N,Dimension,PASS
INSP12676,M9545,MA1AB100000002412,D003, ok ,Unknown,INS90,Y,,PASS
INSP12677,M10124,MA1AB100000002059,NONE,Reject,Unknown,INS87,Y,Dimension,FAIL
INSP12678,M8478,MA1AB100000002361,D001, ok ,Unknown,INS49,Y,Weld,PASS
INSP12679,M8567,MA1AB100000001363,NONE, ok ,Unknown,INS93,N,Dimension,FAIL
INSP12680,M10463,MA1AB100000004050,D004, ok ,Unknown,INS29,Y,,FAIL
INSP12681,M11823,MA1AB100000000602,NONE, ok ,Unknown,INS92,N,Paint,FAIL
INSP12682,M9763,MA1AB100000004963,D001,Reject,Unknown,INS95,Y,Weld,FAIL
INSP12683,M7306,MA1AB100000004706,D004,,Unknown,INS46,Y,Dimension,FAIL
INSP12684,M10880,MA1AB100000003910,D004,reject,Unknown,INS98,N,Material,FAIL
INSP12685,M10555,MA1AB100000000651,D002,reject,Unknown,INS47,Y,,FAIL
INSP12686,M9688,MA1AB100000003552,D001,reject,Unknown,INS34,N,Dimension,FAIL
INSP12687,M9832,MA1AB100000004107,NONE,reject,Unknown,INS70,Y,Weld,FAIL
INSP12688,M8050,MA1AB100000004792,D004, ok ,Unknown,INS74,Y,Dimension,FAIL
INSP12689,M11219,MA1AB100000002667,D001,Reject,Unknown,INS55,Y,Paint,FAIL
INSP12690,M7105,MA1AB100000003868,D003,,Unknown,INS42,Y,Paint,PASS
INSP12691,M11831,MA1AB100000001851,NONE,,Unknown,INS71,Y,Paint,PASS
INSP12692,M7622,MA1AB100000002764,D003,reject,Unknown,INS69,N,Weld,PASS
INSP12693,M10026,MA1AB100000001975,NONE,OK,Unknown,INS11,Y,Material,FAIL
INSP12694,M9455,MA1AB100000004578,D001,OK,Unknown,INS65,N,Dimension,FAIL
INSP12695,M11164,MA1AB100000001383,NONE,Repair,Unknown,INS61,Y,Paint,FAIL
INSP12696,M11956,MA1AB100000003450,D003, ok ,Unknown,INS57,N,Paint,FAIL
INSP12697,M8237,MA1AB100000003972,D002, ok ,Unknown,INS80,N,Paint,PASS
INSP12698,M7020,MA1AB100000002146,D002,Repair,Unknown,INS99,N,Material,PASS
INSP12699,M7903,MA1AB100000002363,NONE,,Unknown,INS71,N,Dimension,PASS
INSP12700,M8303,MA1AB100000001582,NONE,Repair,Unknown,INS28,Y,Material,PASS
INSP12701,M11878,MA1AB100000000944,D001,,Unknown,INS21,Y,,PASS
INSP12702,M7581,MA1AB100000003954,D002,Repair,Unknown,INS78,Y,Dimension,FAIL
INSP12703,M8704,MA1AB100000000111,D002,Reject,Unknown,INS91,N,Dimension,PASS
INSP12704,M9783,MA1AB100000003533,D004,OK,Unknown,INS85,Y,Dimension,FAIL
INSP12705,M7664,MA1AB100000002274,D002,Reject,Unknown,INS77,N,Weld,FAIL
INSP12706,M8475,MA1AB100000004886,D004,,Unknown,INS50,Y,Paint,FAIL
INSP12707,M8736,MA1AB100000002750,D003,reject,Unknown,INS54,Y,Material,PASS
INSP12708,M11636,MA1AB100000003463,D003,Repair,Unknown,INS84,Y,Dimension,FAIL
INSP12709,M7125,MA1AB100000000901,D002,Reject,Unknown,INS80,Y,Material,FAIL
INSP12710,M7607,MA1AB100000004939,NONE,,Unknown,INS28,Y,,FAIL
INSP12711,M7059,MA1AB100000004178,D001, ok ,Unknown,INS90,N,Weld,PASS
INSP12712,M11594,MA1AB100000004207,D002,Reject,Unknown,INS36,N,Dimension,FAIL
INSP12713,M8355,MA1AB100000001386,D003, ok ,Unknown,INS28,Y,,FAIL
INSP12714,M11923,MA1AB100000001577,D001,,Unknown,INS40,Y,Weld,FAIL
INSP12715,M11541,MA1AB100000002839,D002,Reject,Unknown,INS39,N,Paint,PASS
INSP12716,M10271,MA1AB100000000406,D003,OK,Unknown,INS28,N,Weld,PASS
INSP12717,M10612,MA1AB100000004361,D004,Reject,Unknown,INS69,Y,Paint,FAIL
INSP12718,M11455,MA1AB100000001563,NONE,,Unknown,INS83,Y,Dimension,FAIL
INSP12719,M11199,MA1AB100000000724,NONE,,Unknown,INS78,N,Material,PASS
INSP12720,M10602,MA1AB100000003060,D001,,Unknown,INS77,N,Paint,FAIL
INSP12721,M10025,MA1AB100000004357,D003,OK,Unknown,INS11,N,Paint,FAIL
INSP12722,M10902,MA1AB100000004477,D001,OK,Unknown,INS40,N,Paint,FAIL
INSP12723,M11143,MA1AB100000002651,D003,Reject,Unknown,INS67,Y,Paint,PASS
INSP12724,M9461,MA1AB100000002248,D002,Repair,Unknown,INS66,N,Dimension,PASS
INSP12725,M7235,MA1AB100000002294,D002, ok ,Unknown,INS82,N,Material,PASS
INSP12726,M7169,MA1AB100000001239,D001, ok ,Unknown,INS16,N,Dimension,PASS
INSP12727,M11146,MA1AB100000004247,D002,,Unknown,INS68,Y,,FAIL
INSP12728,M9136,MA1AB100000004285,D003,reject,Unknown,INS14,Y,Material,FAIL
INSP12729,M11159,MA1AB100000001029,D001, ok ,Unknown,INS40,N,Paint,PASS
INSP12730,M9811,MA1AB100000002555,D002,reject,Unknown,INS96,N,Weld,FAIL
INSP12731,M7084,MA1AB100000004952,NONE,reject,Unknown,INS60,N,Material,PASS
INSP12732,M7186,MA1AB100000000329,D004,,Unknown,INS49,N,Material,FAIL
INSP12733,M9878,MA1AB100000000452,NONE,reject,Unknown,INS26,N,Paint,FAIL
INSP12734,M9390,MA1AB100000004732,D003,Reject,Unknown,INS38,Y,Material,PASS
INSP12735,M9068,MA1AB100000001822,D002,Reject,Unknown,INS88,N,Weld,FAIL
INSP12736,M11458,MA1AB100000001228,D002,Reject,Unknown,INS47,N,Weld,FAIL
INSP12737,M10550,MA1AB100000003553,D003,Repair,Unknown,INS84,N,Weld,PASS
INSP12738,M9822,MA1AB100000000983,D002,Repair,Unknown,INS52,N,,FAIL
INSP12739,M8469,MA1AB100000000602,D004,OK,Unknown,INS46,N,Paint,PASS
INSP12740,M8066,MA1AB100000001499,D002,Repair,Unknown,INS80,N,Weld,FAIL
INSP12741,M7726,MA1AB100000003566,D004,OK,Unknown,INS22,N,Weld,PASS
INSP12742,M8668,MA1AB100000001540,NONE,Reject,Unknown,INS89,N,Weld,FAIL
INSP12743,M11568,MA1AB100000001402,NONE,reject,Unknown,INS12,N,Material,PASS
INSP12744,M10589,MA1AB100000003590,D003,reject,Unknown,INS23,Y,Weld,PASS
INSP12745,M10711,MA1AB100000003380,D003,,Unknown,INS78,N,Dimension,FAIL
INSP12746,M11590,MA1AB100000001123,NONE,,Unknown,INS27,Y,Material,FAIL
INSP12747,M8637,MA1AB100000004410,D004, ok ,Unknown,INS70,Y,Paint,PASS
INSP12748,M7847,MA1AB100000002850,D002,Repair,Unknown,INS10,N,Material,FAIL
INSP12749,M8797,MA1AB100000003788,D004,reject,Unknown,INS85,Y,Weld,FAIL
INSP12750,M9171,XX1 2 3 4,D002,Reject,Unknown,INS74,N,Dimension,FAIL
INSP12751,M11721,MA1AB100000002346,D004,reject,Unknown,INS57,N,Weld,PASS
INSP12752,M8808,MA1AB100000000574,D001, ok ,Unknown,INS35,N,,PASS
INSP12753,M9007,MA1AB100000003523,D001,,Unknown,INS53,N,Material,PASS
INSP12754,M11547,MA1AB100000004640,D002,reject,Unknown,INS55,N,Material,PASS
INSP12755,M8490,MA1AB100000001726,D001,Repair,Unknown,INS81,N,Material,FAIL
INSP12756,M11850,MA1AB100000001830,D002,Reject,Unknown,INS67,N,Material,PASS
INSP12757,M10508,MA1AB100000000129,NONE,OK,Unknown,INS98,Y,Material,FAIL
INSP12758,M8035,MA1AB100000003797,NONE, ok ,Unknown,INS76,N,Weld,PASS
INSP12759,M11696,MA1AB100000000108,NONE,OK,Unknown,INS19,N,Paint,FAIL
INSP12760,M7014,MA1AB100000000274,NONE,Reject,Unknown,INS42,N,Material,PASS
INSP12761,M8331,MA1AB100000001369,D001,OK,Unknown,INS29,N,,PASS
INSP12762,M7163,MA1AB100000003137,NONE, ok ,Unknown,INS32,Y,Material,PASS
INSP12763,M8946,MA1AB100000003752,D004,OK,Unknown,INS24,Y,Weld,FAIL
INSP12764,M9918,MA1AB100000000699,D001,reject,Unknown,INS75,N,,PASS
INSP12765,M7940,MA1AB100000004990,D004,Repair,Unknown,INS84,Y,Paint,FAIL
INSP12766,M11280,MA1AB100000001294,NONE, ok ,Unknown,INS17,Y,Paint,FAIL
INSP12767,M9535,MA1AB100000001113,D004,reject,Unknown,INS99,N,Material,FAIL
INSP12768,M7034,MA1AB100000003823,NONE,reject,Unknown,INS90,Y,Dimension,PASS
INSP12769,M8583,MA1AB100000000409,D001,Repair,Unknown,INS35,N,Paint,FAIL
INSP12770,M8280,MA1AB100000004488,D002,,Unknown,INS95,N,Dimension,PASS
INSP12771,M10567,MA1AB100000000013,D001,OK,Unknown,INS65,N,Material,PASS
INSP12772,M8110,MA1AB100000001941,D003,OK,Unknown,INS34,Y,Material,FAIL
INSP12773,M9275,MA1AB100000000684,D004,reject,Unknown,INS50,Y,Dimension,PASS
INSP12774,M7863,MA1AB100000003343,D002, ok ,Unknown,INS36,N,Dimension,FAIL
INSP12775,M7656,MA1AB100000001388,D004,Reject,Unknown,INS99,N,Paint,PASS
INSP12776,M9543,MA1AB100000002954,NONE,reject,Unknown,INS57,Y,Paint,FAIL
INSP12777,M8727,MA1AB100000003675,D001,Reject,Unknown,INS41,N,Material,FAIL
INSP12778,M11408,MA1AB100000003098,D001,,Unknown,INS58,N,Weld,FAIL
INSP12779,M11275,MA1AB100000003516,D002,OK,Unknown,INS83,Y,Material,PASS
INSP12780,M8823,MA1AB100000004034,D001,Reject,Unknown,INS68,Y,Weld,PASS
INSP12781,M7946,MA1AB100000004419,D003,Reject,Unknown,INS16,Y,Material,PASS
INSP12782,M9208,MA1AB100000004482,D004,OK,Unknown,INS50,N,Paint,PASS
INSP12783,M7214,MA1AB100000001846,D003, ok ,Unknown,INS75,Y,Paint,PASS
INSP12784,M10962,MA1AB100000002954,NONE,Reject,Unknown,INS53,N,,PASS
INSP12785,M9118,MA1AB100000000506,NONE,Reject,Unknown,INS35,N,Material,FAIL
INSP12786,M10059,MA1AB100000004757,NONE, ok ,Unknown,INS46,N,Dimension,FAIL
INSP12787,M11453,MA1AB100000000569,D001,Reject,Unknown,INS87,Y,,PASS
INSP12788,M11594,MA1AB100000004168,D004,Reject,Unknown,INS68,Y,Paint,FAIL
INSP12789,M10868,MA1AB100000002042,D004,Reject,Unknown,INS20,Y,Weld,FAIL
INSP12790,M10808,MA1AB100000001514,NONE,,Unknown,INS12,Y,Weld,FAIL
INSP12791,M7012,MA1AB100000000177,D003,reject,Unknown,INS35,Y,Weld,FAIL
INSP12792,M10862,MA1AB100000001812,D001, ok ,Unknown,INS61,N,Material,FAIL
INSP12793,M8347,MA1AB100000001840,D004,Reject,Unknown,INS34,N,,FAIL
INSP12794,M11922,MA1AB100000004271,D004,Reject,Unknown,INS71,Y,Dimension,FAIL
INSP12795,M7369,MA1AB100000001283,D003,reject,Unknown,INS59,N,Material,FAIL
INSP12796,M9830,MA1AB100000004327,NONE,Reject,Unknown,INS90,Y,Dimension,FAIL
INSP12797,M9500,MA1AB100000004424,D001, ok ,Unknown,INS89,N,,FAIL
INSP12798,M7610,MA1AB100000003873,D003,OK,Unknown,INS58,N,,PASS
INSP12799,M8317,MA1AB100000001045,NONE,,Unknown,INS63,Y,Material,PASS
INSP12800,M10166,MA1AB100000003427,D001,OK,Unknown,INS68,Y,,FAIL
INSP12801,M8742,MA1AB100000002694,D003, ok ,Unknown,INS53,Y,Paint,PASS
INSP12802,M8323,MA1AB100000000284,D003,,Unknown,INS57,N,,FAIL
INSP12803,M11017,MA1AB100000004443,D002,,Unknown,INS99,N,,FAIL
INSP12804,M9204,MA1AB100000003625,NONE,reject,Unknown,INS40,N,Paint,FAIL
INSP12805,M7903,MA1AB100000001369,NONE,Repair,Unknown,INS36,Y,Weld,FAIL
INSP12806,M8314,MA1AB100000004793,D001,OK,Unknown,INS49,Y,Paint,FAIL
INSP12807,M10932,MA1AB100000000710,D001,Reject,Unknown,INS84,Y,Material,PASS
INSP12808,M9439,MA1AB100000002187,D003,OK,Unknown,INS18,N,Dimension,FAIL
INSP12809,M8757,MA1AB100000002869,D002,OK,Unknown,INS83,N,Paint,FAIL
INSP12810,M10658,MA1AB100000003499,D003,reject,Unknown,INS16,N,Weld,PASS
INSP12811,M7204,MA1AB100000001074,NONE,Reject,Unknown,INS75,Y,Material,FAIL
INSP12812,M8461,MA1AB100000004768,NONE,OK,Unknown,INS89,Y,,FAIL
INSP12813,M7440,MA1AB100000000984,D003,reject,Unknown,INS21,N,Material,PASS
INSP12814,M9890,MA1AB100000000323,D002,reject,Unknown,INS98,Y,,PASS
INSP12815,M11919,MA1AB100000001402,NONE,Reject,Unknown,INS93,Y,Paint,FAIL
INSP12816,M11396,MA1AB100000004602,D002,OK,Unknown,INS67,Y,Paint,FAIL
INSP12817,M11814,MA1AB100000002709,D002,reject,Unknown,INS32,Y,Material,FAIL
INSP12818,M9870,MA1AB100000004917,NONE, ok ,Unknown,INS79,Y,Paint,PASS
INSP12819,M10349,MA1AB100000002978,D004,OK,Unknown,INS22,Y,,FAIL
INSP12820,M7895,MA1AB100000003208,D003,Reject,Unknown,INS14,N,Material,FAIL
INSP12821,M11195,MA1AB100000000296,D003,OK,Unknown,INS80,Y,Paint,PASS
INSP12822,M8319,MA1AB100000002322,D004,,Unknown,INS77,Y,Paint,FAIL
INSP12823,M11197,MA1AB100000002963,D004, ok ,Unknown,INS40,Y,Weld,FAIL
INSP12824,M11125,MA1AB100000003806,NONE,reject,Unknown,INS25,N,Paint,PASS
INSP12825,M10330,MA1AB100000000626,D003, ok ,Unknown,INS65,Y,,FAIL
INSP12826,M10165,MA1AB100000001790,D004, ok ,Unknown,INS38,N,Paint,FAIL
INSP12827,M10612,MA1AB100000001119,D003,OK,Unknown,INS23,Y,,FAIL
INSP12828,M11261,MA1AB100000001471,D004,OK,Unknown,INS11,N,Weld,PASS
INSP12829,M8623,MA1AB100000002252,NONE,,Unknown,INS94,Y,Dimension,PASS
INSP12830,M11599,MA1AB100000001312,NONE,reject,Unknown,INS58,Y,Material,PASS
INSP12831,M8538,MA1AB100000004019,D002,Reject,Unknown,INS98,Y,Weld,PASS
INSP12832,M7961,MA1AB100000000180,D004,reject,Unknown,INS46,N,Dimension,PASS
INSP12833,M10851,MA1AB100000002401,D004,Repair,Unknown,INS54,Y,Dimension,PASS
INSP12834,M8648,MA1AB100000001339,D004,OK,Unknown,INS65,Y,Material,PASS
INSP12835,M10415,MA1AB100000000474,D004,Reject,Unknown,INS62,Y,,PASS
INSP12836,M11219,MA1AB100000002835,D001,Repair,Unknown,INS31,Y,Material,FAIL
INSP12837,M10549,MA1AB100000000738,D002,Reject,Unknown,INS29,Y,,FAIL
INSP12838,M7081,MA1AB100000000528,D004,,Unknown,INS29,N,Weld,PASS
INSP12839,M9912,MA1AB100000003999,D003,Repair,Unknown,INS78,N,Weld,FAIL
INSP12840,M7337,MA1AB100000002197,D001,OK,Unknown,INS13,N,Paint,FAIL
INSP12841,M7914,MA1AB100000003270,D003,,Unknown,INS85,N,Paint,PASS
INSP12842,M10920,MA1AB100000000485,D002,Reject,Unknown,INS19,Y,Material,PASS
INSP12843,M10914,MA1AB100000002776,D001, ok ,Unknown,INS37,N,Dimension,PASS
INSP12844,M7916,MA1AB100000002735,D001,OK,Unknown,INS31,N,Dimension,FAIL
INSP12845,M9575,MA1AB100000003802,D004,Reject,Unknown,INS72,Y,Material,FAIL
INSP12846,M8302,MA1AB100000004551,NONE,Repair,Unknown,INS87,N,Material,PASS
INSP12847,M7718,MA1AB100000002189,D001,OK,Unknown,INS11,Y,,PASS
INSP12848,M7245,MA1AB100000001175,D001,Repair,Unknown,INS92,Y,Material,FAIL
INSP12849,M9390,MA1AB100000003996,D004, ok ,Unknown,INS68,N,Material,PASS
INSP12850,M10125,MA1AB100000000101,D003,OK,Unknown,INS36,N,Paint,FAIL
INSP12851,M8654,MA1AB100000004471,D001,Repair,Unknown,INS16,Y,Weld,FAIL
INSP12852,M10256,MA1AB100000002633,D003, ok ,Unknown,INS70,Y,Material,FAIL
INSP12853,M9109,MA1AB100000003916,D001,Reject,Unknown,INS63,Y,Material,FAIL
INSP12854,M8445,MA1AB100000003301,NONE,Repair,Unknown,INS35,N,Material,FAIL
INSP12855,M11956,MA1AB100000002526,D004,OK,Unknown,INS18,N,Weld,FAIL
INSP12856,M7461,MA1AB100000001395,D002,OK,Unknown,INS43,Y,Material,FAIL
INSP12857,M7253,MA1AB100000000802,D003,reject,Unknown,INS20,Y,Paint,FAIL
INSP12858,M11928,MA1AB100000003006,D002, ok ,Unknown,INS35,N,Material,PASS
INSP12859,M9755,MA1AB100000001028,D002, ok ,Unknown,INS63,N,Paint,PASS
INSP12860,M9005,MA1AB100000004479,D003,Repair,Unknown,INS33,N,Dimension,FAIL
INSP12861,M8171,MA1AB100000004263,D004,OK,Unknown,INS33,N,,PASS
INSP12862,M8194,MA1AB100000000901,D003, ok ,Unknown,INS78,N,Material,PASS
INSP12863,M10557,MA1AB100000001995,D004,,Unknown,INS64,Y,,PASS
INSP12864,M9011,MA1AB100000000901,D003,,Unknown,INS16,Y,Paint,PASS
INSP12865,M11900,MA1AB100000003432,D003,OK,Unknown,INS58,N,,FAIL
INSP12866,M9378,MA1AB100000002987,D003,reject,Unknown,INS31,N,Material,PASS
INSP12867,M9462,MA1AB100000000124,D004,Repair,Unknown,INS31,N,Paint,PASS
INSP12868,M9944,MA1AB100000003994,D002,reject,Unknown,INS76,N,Paint,PASS
INSP12869,M7935,MA1AB100000000292,D003,Reject,Unknown,INS65,Y,Dimension,FAIL
INSP12870,M8119,MA1AB100000001123,D004,reject,Unknown,INS70,Y,Material,FAIL
INSP12871,M10714,MA1AB100000000939,D002,Reject,Unknown,INS66,Y,,PASS
INSP12872,M8953,MA1AB100000002839,NONE,Reject,Unknown,INS18,Y,,PASS
INSP12873,M7221,MA1AB100000003239,D001,Reject,Unknown,INS11,Y,Material,PASS
INSP12874,M11817,MA1AB100000004579,D003,Reject,Unknown,INS52,N,Paint,PASS
INSP12875,M10911,MA1AB100000002239,NONE, ok ,Unknown,INS58,Y,,FAIL
INSP12876,M7000,MA1AB100000004753,D004,,Unknown,INS49,N,Paint,PASS
INSP12877,M11175,MA1AB100000000328,D004, ok ,Unknown,INS25,Y,Dimension,PASS
INSP12878,M9694,MA1AB100000001455,NONE,,Unknown,INS54,Y,,PASS
INSP12879,M9619,MA1AB100000001194,D004,OK,Unknown,INS93,Y,,PASS
INSP12880,M9510,MA1AB100000002456,D004,Reject,Unknown,INS93,Y,Weld,PASS
INSP12881,M7253,MA1AB100000003280,D001, ok ,Unknown,INS17,N,Dimension,FAIL
INSP12882,M11819,MA1AB100000002004,NONE,OK,Unknown,INS79,Y,Weld,FAIL
INSP12883,M8830,MA1AB100000002906,NONE,Repair,Unknown,INS93,Y,Material,FAIL
INSP12884,M10451,MA1AB100000002976,NONE, ok ,Unknown,INS88,Y,Weld,FAIL
INSP12885,M9810,MA1AB100000004305,NONE, ok ,Unknown,INS28,Y,Material,FAIL
INSP12886,M7774,MA1AB100000004921,D001,Reject,Unknown,INS83,N,Weld,FAIL
INSP12887,M8538,MA1AB100000001622,D003,,Unknown,INS60,N,Dimension,PASS
INSP12888,M8679,MA1AB100000003230,NONE,reject,Unknown,INS75,Y,Weld,PASS
INSP12889,M8107,MA1AB100000003811,D001,OK,Unknown,INS19,N,Material,FAIL
INSP12890,M10759,MA1AB100000004980,D001,,Unknown,INS70,Y,Weld,FAIL
INSP12891,M8602,MA1AB100000000939,D004,Repair,Unknown,INS56,Y,Material,PASS
INSP12892,M8340,MA1AB100000004431,D003,reject,Unknown,INS56,N,Dimension,PASS
INSP12893,M10028,MA1AB100000000018,D001,Reject,Unknown,INS83,Y,,FAIL
INSP12894,M10018,MA1AB100000001388,D002, ok ,Unknown,INS72,N,Dimension,FAIL
INSP12895,M7539,MA1AB100000004233,NONE, ok ,Unknown,INS46,N,Material,PASS
INSP12896,M7081,MA1AB100000000669,NONE, ok ,Unknown,INS18,Y,Material,FAIL
INSP12897,M11141,MA1AB100000003516,D004,Repair,Unknown,INS82,Y,,FAIL
INSP12898,M7592,MA1AB100000000918,D001,Repair,Unknown,INS33,N,Weld,PASS
INSP12899,M8100,MA1AB100000003787,D003,OK,Unknown,INS86,N,,PASS
INSP12900,M7354,MA1AB100000000843,D001,reject,Unknown,INS53,Y,Weld,FAIL
INSP12901,M9759,MA1AB100000003612,D003, ok ,Unknown,INS56,N,,PASS
INSP12902,M11740,MA1AB100000004214,D004,,Unknown,INS52,Y,Material,FAIL
INSP12903,M11923,MA1AB100000001572,D004,reject,Unknown,INS32,Y,Weld,PASS
INSP12904,M11854,MA1AB100000001294,D001,,Unknown,INS54,N,Dimension,FAIL
INSP12905,M7837,MA1AB100000001090,D003,reject,Unknown,INS58,Y,Dimension,PASS
INSP12906,M11422,MA1AB100000003195,D002,,Unknown,INS58,Y,Weld,FAIL
INSP12907,M11065,MA1AB100000000731,D002,OK,Unknown,INS78,N,Dimension,FAIL
INSP12908,M10537,MA1AB100000000198,D004,OK,Unknown,INS77,N,Material,FAIL
INSP12909,M10570,MA1AB100000001790,D003, ok ,Unknown,INS29,Y,Weld,PASS
INSP12910,M9178,MA1AB100000004654,D004,OK,Unknown,INS52,Y,Material,FAIL
INSP12911,M10571,MA1AB100000002676,D003,reject,Unknown,INS20,Y,Dimension,PASS
INSP12912,M7211,MA1AB100000004381,D004,reject,Unknown,INS39,Y,Dimension,PASS
INSP12913,M11739,MA1AB100000004438,D001,reject,Unknown,INS34,N,,FAIL
INSP12914,M7718,MA1AB100000000779,NONE,,Unknown,INS14,Y,Paint,FAIL
INSP12915,M11852,MA1AB100000003380,D002,Reject,Unknown,INS69,N,Dimension,FAIL
INSP12916,M8204,MA1AB100000000506,D004, ok ,Unknown,INS59,N,Material,FAIL
INSP12917,M7759,MA1AB100000001680,NONE,Repair,Unknown,INS81,N,Material,PASS
INSP12918,M10112,MA1AB100000001627,D004,Repair,Unknown,INS54,Y,Dimension,FAIL
INSP12919,M7507,MA1AB100000003012,NONE,reject,Unknown,INS23,Y,,FAIL
INSP12920,M8982,MA1AB100000003635,NONE,OK,Unknown,INS71,Y,Material,FAIL
INSP12921,M7706,MA1AB100000001029,NONE,Repair,Unknown,INS28,N,Weld,FAIL
INSP12922,M7122,MA1AB100000002360,NONE,,Unknown,INS48,Y,Dimension,PASS
INSP12923,M7320,MA1AB100000000870,D002,OK,Unknown,INS54,N,Weld,PASS
INSP12924,M9771,MA1AB100000004859,D003,reject,Unknown,INS97,N,Paint,FAIL
INSP12925,M7694,MA1AB100000004474,D003,,Unknown,INS33,N,Weld,PASS
INSP12926,M10972,MA1AB100000001417,D001,reject,Unknown,INS42,N,Dimension,PASS
INSP12927,M11198,MA1AB100000004316,NONE,OK,Unknown,INS89,N,Weld,FAIL
INSP12928,M9453,MA1AB100000000177,D004,OK,Unknown,INS19,Y,Weld,PASS
INSP12929,M8637,MA1AB100000002153,D002,Reject,Unknown,INS67,N,Paint,FAIL
INSP12930,M10857,MA1AB100000002260,D001,Repair,Unknown,INS22,Y,,PASS
INSP12931,M7108,MA1AB100000003311,D003,Reject,Unknown,INS16,N,Dimension,FAIL
INSP12932,M9942,MA1AB100000001034,NONE,reject,Unknown,INS95,Y,,FAIL
INSP12933,M7549,MA1AB100000002220,D004,reject,Unknown,INS87,N,Paint,PASS
INSP12934,M8947,MA1AB100000002703,D001,Repair,Unknown,INS30,Y,,PASS
INSP12935,M11484,MA1AB100000003781,NONE,Reject,Unknown,INS83,Y,Material,FAIL
INSP12936,M7795,MA1AB100000003691,D002,Reject,Unknown,INS66,N,Weld,FAIL
INSP12937,M9163,MA1AB100000000511,D002,,Unknown,INS30,Y,Weld,PASS
INSP12938,M7800,MA1AB100000000225,D003,reject,Unknown,INS95,N,Material,PASS
INSP12939,M10878,MA1AB100000004258,D004,OK,Unknown,INS36,Y,,PASS
INSP12940,M11719,MA1AB100000001142,D002, ok ,Unknown,INS24,N,Material,PASS
INSP12941,M11674,MA1AB100000004562,NONE,,Unknown,INS14,N,Material,PASS
INSP12942,M7737,MA1AB100000001841,D004,Repair,Unknown,INS38,N,Material,PASS
INSP12943,M7187,MA1AB100000003642,D004,OK,Unknown,INS59,N,Dimension,FAIL
INSP12944,M7569,MA1AB100000004950,D004,reject,Unknown,INS56,Y,Weld,FAIL
INSP12945,M11723,MA1AB100000003970,D001, ok ,Unknown,INS68,N,Paint,FAIL
INSP12946,M9860,MA1AB100000000118,D001,Repair,Unknown,INS64,Y,Paint,FAIL
INSP12947,M11822,MA1AB100000004377,D002,Reject,Unknown,INS30,Y,,FAIL
INSP12948,M10131,MA1AB100000000816,NONE,OK,Unknown,INS77,Y,Dimension,PASS
INSP12949,M8983,MA1AB100000002070,D002,OK,Unknown,INS48,N,Paint,FAIL
INSP12950,M7601,MA1AB100000003762,NONE,Reject,Unknown,INS45,N,Material,PASS
INSP12951,M9006,MA1AB100000001175,D001,OK,Unknown,INS55,Y,,PASS
INSP12952,M10225,MA1AB100000000655,NONE,Reject,Unknown,INS43,Y,Material,FAIL
INSP12953,M8156,MA1AB100000003772,D004, ok ,Unknown,INS96,N,Dimension,PASS
INSP12954,M9567,MA1AB100000004512,D003,reject,Unknown,INS43,N,Paint,FAIL
INSP12955,M8746,MA1AB100000002521,NONE,OK,Unknown,INS86,N,Material,PASS
INSP12956,M8347,MA1AB100000004374,D001,Repair,Unknown,INS86,Y,Weld,PASS
INSP12957,M7177,MA1AB100000004080,D001,,Unknown,INS38,N,,FAIL
INSP12958,M9321,MA1AB100000000852,D002,Reject,Unknown,INS78,Y,Dimension,PASS
INSP12959,M10393,MA1AB100000000419,D004,Reject,Unknown,INS83,Y,Paint,FAIL
INSP12960,M8000,MA1AB100000001021,D004,Reject,Unknown,INS48,Y,Material,FAIL
INSP12961,M8119,MA1AB100000001947,D001,,Unknown,INS11,N,Material,PASS
INSP12962,M7772,MA1AB100000000436,D002, ok ,Unknown,INS85,Y,,FAIL
INSP12963,M10734,MA1AB100000001233,D003,Reject,Unknown,INS48,N,,FAIL
INSP12964,M8423,MA1AB100000004808,D003,Repair,Unknown,INS95,N,Material,PASS
INSP12965,M10501,MA1AB100000004280,D004,Reject,Unknown,INS87,Y,Dimension,FAIL
INSP12966,M8591,MA1AB100000002658,D001,,Unknown,INS24,N,Dimension,FAIL
INSP12967,M10069,MA1AB100000003334,NONE,OK,Unknown,INS35,Y,Dimension,FAIL
INSP12968,M10327,MA1AB100000001500,D001,OK,Unknown,INS45,Y,Paint,FAIL
INSP12969,M11161,MA1AB100000001924,NONE,,Unknown,INS91,N,Paint,FAIL
INSP12970,M7550,MA1AB100000001035,D002,Reject,Unknown,INS62,N,Weld,PASS
INSP12971,M10753,MA1AB100000000487,D003,,Unknown,INS49,Y,,FAIL
INSP12972,M10510,MA1AB100000003806,D001,Reject,Unknown,INS65,Y,Weld,FAIL
INSP12973,M9526,MA1AB100000000542,D002,OK,Unknown,INS93,N,Paint,FAIL
INSP12974,M7250,MA1AB100000001429,D003,OK,Unknown,INS48,N,Material,FAIL
INSP12975,M10702,MA1AB100000004713,D002,reject,Unknown,INS93,N,Paint,PASS
INSP12976,M11835,MA1AB100000004210,D004, ok ,Unknown,INS20,N,Paint,FAIL
INSP12977,M7300,MA1AB100000004648,D004, ok ,Unknown,INS42,Y,Paint,PASS
INSP12978,M10884,MA1AB100000003915,D002,OK,Unknown,INS27,N,,PASS
INSP12979,M10488,MA1AB100000000881,D001,Repair,Unknown,INS55,Y,,FAIL
INSP12980,M9703,MA1AB100000001809,NONE, ok ,Unknown,INS28,N,,PASS
INSP12981,M9903,MA1AB100000002049,D001, ok ,Unknown,INS82,Y,Weld,PASS
INSP12982,M7262,MA1AB100000001408,NONE,Repair,Unknown,INS62,N,Dimension,PASS
INSP12983,M10756,MA1AB100000002846,D001,Reject,Unknown,INS98,Y,Paint,PASS
INSP12984,M8612,MA1AB100000001453,D003,Repair,Unknown,INS21,Y,Paint,PASS
INSP12985,M8464,MA1AB100000001096,NONE,Repair,Unknown,INS56,N,,PASS
INSP12986,M11490,MA1AB100000003923,D003,OK,Unknown,INS88,N,Paint,PASS
INSP12987,M10466,MA1AB100000001645,D002,OK,Unknown,INS33,Y,Weld,FAIL
INSP12988,M7714,MA1AB100000004442,D003,Repair,Unknown,INS56,Y,Weld,PASS
INSP12989,M10487,MA1AB100000000190,D002,OK,Unknown,INS90,N,Dimension,PASS
INSP12990,M9240,MA1AB100000000456,D004,OK,Unknown,INS58,N,Weld,FAIL
INSP12991,M8514,MA1AB100000003428,D001,OK,Unknown,INS32,N,Paint,PASS
INSP12992,M11019,MA1AB100000002488,D003, ok ,Unknown,INS84,Y,Material,FAIL
INSP12993,M11177,MA1AB100000002229,D003,Reject,Unknown,INS59,Y,Material,PASS
INSP12994,M8527,MA1AB100000004894,NONE,Reject,Unknown,INS51,N,,FAIL
INSP12995,M8660,MA1AB100000004034,D002,Reject,Unknown,INS92,Y,Weld,PASS
INSP12996,M11382,MA1AB100000003042,D002, ok ,Unknown,INS39,Y,Dimension,FAIL
INSP12997,M9244,MA1AB100000001497,NONE,Reject,Unknown,INS57,Y,Weld,FAIL
INSP12998,M10994,MA1AB100000003601,D001,,Unknown,INS57,Y,Dimension,FAIL
INSP12999,M7882,MA1AB100000004947,NONE,reject,Unknown,INS70,Y,Dimension,PASS
INSP13000,M10374,XX1 2 3 4,D003,OK,Unknown,INS86,Y,Material,FAIL
INSP13001,M9148,MA1AB100000004981,D003,OK,Unknown,INS83,Y,,FAIL
INSP13002,M11561,MA1AB100000004459,D002, ok ,Unknown,INS15,N,Material,FAIL
INSP13003,M9134,MA1AB100000002065,D002,Reject,Unknown,INS62,N,,PASS
INSP13004,M11102,MA1AB100000004671,D002,reject,Unknown,INS45,Y,Material,PASS
INSP13005,M11237,MA1AB100000003631,D001, ok ,Unknown,INS15,N,Material,PASS
INSP13006,M11038,MA1AB100000000485,D002,Reject,Unknown,INS97,N,Dimension,PASS
INSP13007,M10563,MA1AB100000003879,D001,Repair,Unknown,INS79,N,Paint,FAIL
INSP13008,M9360,MA1AB100000003163,D002,OK,Unknown,INS45,N,Material,FAIL
INSP13009,M9369,MA1AB100000000283,D001,reject,Unknown,INS13,N,Weld,PASS
INSP13010,M11249,MA1AB100000003635,D004, ok ,Unknown,INS87,N,,FAIL
INSP13011,M7055,MA1AB100000000592,D004, ok ,Unknown,INS71,N,Weld,FAIL
INSP13012,M10536,MA1AB100000003566,D003,Repair,Unknown,INS58,Y,Weld,FAIL
INSP13013,M7123,MA1AB100000003349,D003,reject,Unknown,INS25,N,Weld,PASS
INSP13014,M8533,MA1AB100000001434,D004,Reject,Unknown,INS53,Y,Paint,PASS
INSP13015,M10950,MA1AB100000001677,NONE,Repair,Unknown,INS91,Y,Material,PASS
INSP13016,M8597,MA1AB100000004404,NONE,,Unknown,INS62,Y,,PASS
INSP13017,M7658,MA1AB100000001296,D002,Repair,Unknown,INS45,Y,Dimension,FAIL
INSP13018,M10648,MA1AB100000004514,D002,,Unknown,INS97,N,Dimension,FAIL
INSP13019,M7972,MA1AB100000002587,D003,,Unknown,INS95,Y,Material,PASS
INSP13020,M8251,MA1AB100000001054,D004, ok ,Unknown,INS62,Y,Weld,PASS
INSP13021,M7659,MA1AB100000000027,NONE, ok ,Unknown,INS86,N,Paint,FAIL
INSP13022,M10814,MA1AB100000000045,D001,reject,Unknown,INS70,N,Paint,FAIL
INSP13023,M10193,MA1AB100000000862,D003,,Unknown,INS31,N,Paint,PASS
INSP13024,M9350,MA1AB100000004399,D001,Reject,Unknown,INS65,Y,Weld,FAIL
INSP13025,M9156,MA1AB100000000579,D002,Repair,Unknown,INS29,N,Weld,PASS
INSP13026,M9708,MA1AB100000000982,NONE,Repair,Unknown,INS26,Y,Material,PASS
INSP13027,M9329,MA1AB100000002217,D003,reject,Unknown,INS28,Y,Paint,FAIL
INSP13028,M10393,MA1AB100000002503,D003,Repair,Unknown,INS62,N,Weld,FAIL
INSP13029,M7747,MA1AB100000001533,D004, ok ,Unknown,INS34,Y,Weld,PASS
INSP13030,M8604,MA1AB100000003715,D004,OK,Unknown,INS75,N,Paint,FAIL
INSP13031,M7383,MA1AB100000003016,D003,reject,Unknown,INS39,N,Material,FAIL
INSP13032,M10514,MA1AB100000000339,D001,Repair,Unknown,INS56,Y,Paint,PASS
INSP13033,M9931,MA1AB100000004678,D004,Repair,Unknown,INS88,Y,,FAIL
INSP13034,M11211,MA1AB100000001282,D001,OK,Unknown,INS59,N,,PASS
INSP13035,M11861,MA1AB100000001703,D001,reject,Unknown,INS58,Y,Weld,PASS
INSP13036,M11087,MA1AB100000002003,NONE,Repair,Unknown,INS48,N,,PASS
INSP13037,M9088,MA1AB100000002785,D001,reject,Unknown,INS14,Y,Weld,FAIL
INSP13038,M10376,MA1AB100000004037,D004,Reject,Unknown,INS43,N,,FAIL
INSP13039,M9955,MA1AB100000002670,NONE, ok ,Unknown,INS35,N,Dimension,FAIL
INSP13040,M11858,MA1AB100000000075,NONE,Repair,Unknown,INS17,N,Paint,PASS
INSP13041,M8206,MA1AB100000003580,D001,reject,Unknown,INS27,Y,Material,FAIL
INSP13042,M10965,MA1AB100000000490,D004,Repair,Unknown,INS55,Y,Paint,FAIL
INSP13043,M8900,MA1AB100000002081,NONE,OK,Unknown,INS81,N,Material,FAIL
INSP13044,M11231,MA1AB100000002754,D004,reject,Unknown,INS35,N,Material,PASS
INSP13045,M7363,MA1AB100000002193,D003,reject,Unknown,INS93,Y,Paint,FAIL
INSP13046,M7276,MA1AB100000004462,D001,Repair,Unknown,INS25,Y,Material,FAIL
INSP13047,M11976,MA1AB100000004865,D002,Reject,Unknown,INS74,N,,PASS
INSP13048,M10892,MA1AB100000002227,D004,Reject,Unknown,INS75,Y,Material,FAIL
INSP13049,M8491,MA1AB100000002581,D004,Repair,Unknown,INS44,Y,Weld,FAIL
INSP13050,M11048,MA1AB100000000961,D001,reject,Unknown,INS56,N,Dimension,PASS
INSP13051,M8909,MA1AB100000003499,D001,OK,Unknown,INS33,N,Material,FAIL
INSP13052,M8468,MA1AB100000002334,D004,Repair,Unknown,INS40,N,Dimension,PASS
INSP13053,M7187,MA1AB100000001471,D002,OK,Unknown,INS46,N,Dimension,PASS
INSP13054,M7735,MA1AB100000004992,NONE,,Unknown,INS28,Y,Dimension,FAIL
INSP13055,M9722,MA1AB100000003138,D004,reject,Unknown,INS71,N,Dimension,PASS
INSP13056,M9199,MA1AB100000000340,D002,Reject,Unknown,INS81,N,Material,PASS
INSP13057,M10277,MA1AB100000003124,D003,Reject,Unknown,INS68,N,,FAIL
INSP13058,M9203,MA1AB100000000707,D004,Reject,Unknown,INS36,N,Dimension,PASS
INSP13059,M8483,MA1AB100000003188,D001,,Unknown,INS10,N,Weld,PASS
INSP13060,M9181,MA1AB100000002999,D001,reject,Unknown,INS75,N,Paint,FAIL
INSP13061,M7214,MA1AB100000003618,D003,Reject,Unknown,INS94,Y,,PASS
INSP13062,M9801,MA1AB100000000507,D003, ok ,Unknown,INS48,N,Paint,PASS
INSP13063,M9695,MA1AB100000001735,D001, ok ,Unknown,INS81,Y,Paint,PASS
INSP13064,M10109,MA1AB100000002005,NONE, ok ,Unknown,INS61,Y,Paint,PASS
INSP13065,M9267,MA1AB100000004741,D002,Reject,Unknown,INS77,Y,Paint,PASS
INSP13066,M9869,MA1AB100000001851,D003,reject,Unknown,INS76,N,Material,PASS
INSP13067,M7203,MA1AB100000004375,D001, ok ,Unknown,INS37,Y,Weld,PASS
INSP13068,M10493,MA1AB100000000200,NONE,,Unknown,INS57,N,Material,FAIL
INSP13069,M8370,MA1AB100000001385,D002, ok ,Unknown,INS52,N,Material,FAIL
INSP13070,M9332,MA1AB100000004434,D001,Reject,Unknown,INS58,Y,,FAIL
INSP13071,M8702,MA1AB100000002049,D001,OK,Unknown,INS70,N,Paint,FAIL
INSP13072,M11276,MA1AB100000000596,D004,OK,Unknown,INS12,Y,Weld,FAIL
INSP13073,M7378,MA1AB100000003606,D001,reject,Unknown,INS42,N,Weld,PASS
INSP13074,M11604,MA1AB100000002872,D004, ok ,Unknown,INS43,N,,PASS
INSP13075,M9021,MA1AB100000001102,NONE,Reject,Unknown,INS69,Y,Weld,FAIL
INSP13076,M10327,MA1AB100000004476,NONE,reject,Unknown,INS22,N,Weld,PASS
INSP13077,M10655,MA1AB100000004673,D001,OK,Unknown,INS73,Y,,PASS
INSP13078,M11472,MA1AB100000001574,D001, ok ,Unknown,INS76,N,Weld,PASS
INSP13079,M9576,MA1AB100000002150,D002,Reject,Unknown,INS81,N,Material,PASS
INSP13080,M9253,MA1AB100000001341,D003,Repair,Unknown,INS23,N,Paint,PASS
INSP13081,M8184,MA1AB100000004530,D001,OK,Unknown,INS32,N,,PASS
INSP13082,M9253,MA1AB100000000413,D002,Repair,Unknown,INS36,Y,Weld,FAIL
INSP13083,M7533,MA1AB100000003624,D002,,Unknown,INS35,N,,FAIL
INSP13084,M9402,MA1AB100000004006,D001,,Unknown,INS96,N,Weld,FAIL
INSP13085,M8839,MA1AB100000001105,D001,Reject,Unknown,INS52,N,,PASS
INSP13086,M7661,MA1AB100000003141,D002,reject,Unknown,INS83,Y,,FAIL
INSP13087,M7519,MA1AB100000001936,D003,,Unknown,INS27,N,Material,PASS
INSP13088,M9719,MA1AB100000003158,NONE,Repair,Unknown,INS99,Y,Dimension,PASS
INSP13089,M11587,MA1AB100000003725,D002, ok ,Unknown,INS13,N,,PASS
INSP13090,M11539,MA1AB100000003671,D002,Reject,Unknown,INS44,N,Weld,FAIL
INSP13091,M7866,MA1AB100000002920,D004,OK,Unknown,INS25,Y,Weld,FAIL
INSP13092,M9069,MA1AB100000004366,D001,Reject,Unknown,INS38,N,Material,FAIL
INSP13093,M9292,MA1AB100000000979,NONE,reject,Unknown,INS31,N,Material,PASS
INSP13094,M7137,MA1AB100000003946,D003,,Unknown,INS57,Y,Material,PASS
INSP13095,M10886,MA1AB100000000042,NONE,reject,Unknown,INS19,N,Paint,PASS
INSP13096,M9557,MA1AB100000002049,NONE,OK,Unknown,INS83,Y,Dimension,PASS
INSP13097,M9314,MA1AB100000000069,D002, ok ,Unknown,INS11,N,Material,FAIL
INSP13098,M10607,MA1AB100000001013,D001,OK,Unknown,INS65,Y,Weld,FAIL
INSP13099,M9945,MA1AB100000001766,D004,Reject,Unknown,INS58,N,,FAIL
INSP13100,M11390,MA1AB100000004248,D003,,Unknown,INS57,Y,Material,PASS
INSP13101,M9464,MA1AB100000002162,D004,OK,Unknown,INS19,N,Dimension,FAIL
INSP13102,M10289,MA1AB100000000608,NONE,,Unknown,INS51,Y,Paint,FAIL
INSP13103,M11186,MA1AB100000002707,D003, ok ,Unknown,INS66,N,Weld,FAIL
INSP13104,M9454,MA1AB100000001576,D003,Reject,Unknown,INS40,Y,Weld,PASS
INSP13105,M9032,MA1AB100000000197,NONE,OK,Unknown,INS15,Y,Paint,FAIL
INSP13106,M8115,MA1AB100000002264,NONE,OK,Unknown,INS22,Y,Paint,PASS
INSP13107,M11996,MA1AB100000002456,D001,Reject,Unknown,INS57,Y,Dimension,FAIL
INSP13108,M11803,MA1AB100000004063,D001, ok ,Unknown,INS38,N,Dimension,PASS
INSP13109,M9846,MA1AB100000004479,NONE,Repair,Unknown,INS35,N,Weld,FAIL
INSP13110,M9653,MA1AB100000004060,D002,Repair,Unknown,INS14,N,Paint,FAIL
INSP13111,M7752,MA1AB100000004391,D002,,Unknown,INS52,Y,Weld,FAIL
INSP13112,M10716,MA1AB100000001789,D002,,Unknown,INS83,N,Material,PASS
INSP13113,M7064,MA1AB100000003584,D003,Repair,Unknown,INS60,Y,Weld,PASS
INSP13114,M8472,MA1AB100000004171,D001,Repair,Unknown,INS84,N,,PASS
INSP13115,M8119,MA1AB100000004160,NONE, ok ,Unknown,INS77,Y,Dimension,FAIL
INSP13116,M9388,MA1AB100000000364,D001, ok ,Unknown,INS38,N,Paint,PASS
INSP13117,M7112,MA1AB100000000325,NONE,reject,Unknown,INS39,N,Weld,PASS
INSP13118,M8986,MA1AB100000003237,D004,Repair,Unknown,INS40,N,Material,PASS
INSP13119,M10083,MA1AB100000004990,D001,Repair,Unknown,INS87,N,Weld,FAIL
INSP13120,M9538,MA1AB100000003956,NONE,Reject,Unknown,INS99,Y,,FAIL
INSP13121,M8101,MA1AB100000000319,NONE,Repair,Unknown,INS76,Y,,FAIL
INSP13122,M9991,MA1AB100000000558,D001,OK,Unknown,INS23,N,,FAIL
INSP13123,M9842,MA1AB100000002123,D001,Repair,Unknown,INS86,Y,,PASS
INSP13124,M11518,MA1AB100000002809,D004,,Unknown,INS90,N,Dimension,PASS
INSP13125,M8323,MA1AB100000003472,D002,Reject,Unknown,INS19,N,Weld,FAIL
INSP13126,M8431,MA1AB100000004446,D004, ok ,Unknown,INS34,Y,,PASS
INSP13127,M8124,MA1AB100000000992,D003,,Unknown,INS98,Y,,FAIL
INSP13128,M8167,MA1AB100000002309,D003,Reject,Unknown,INS62,N,Dimension,FAIL
INSP13129,M7993,MA1AB100000000487,NONE, ok ,Unknown,INS22,Y,Material,PASS
INSP13130,M7384,MA1AB100000001485,D001, ok ,Unknown,INS80,Y,Paint,PASS
INSP13131,M7868,MA1AB100000002123,D003,Reject,Unknown,INS41,N,Dimension,FAIL
INSP13132,M10758,MA1AB100000000111,D003,Reject,Unknown,INS82,N,Material,PASS
INSP13133,M8142,MA1AB100000002291,D004,reject,Unknown,INS26,N,Paint,FAIL
INSP13134,M10122,MA1AB100000002310,D002,,Unknown,INS18,Y,Paint,PASS
INSP13135,M11682,MA1AB100000001342,NONE,OK,Unknown,INS69,N,Dimension,PASS
INSP13136,M9384,MA1AB100000000334,D004,Repair,Unknown,INS83,N,,PASS
INSP13137,M10834,MA1AB100000002919,D001,reject,Unknown,INS88,Y,Weld,FAIL
INSP13138,M10161,MA1AB100000000878,D002,Reject,Unknown,INS52,Y,Dimension,FAIL
INSP13139,M11709,MA1AB100000001859,D001, ok ,Unknown,INS80,N,Dimension,FAIL
INSP13140,M9745,MA1AB100000001994,D004,,Unknown,INS29,Y,Paint,FAIL
INSP13141,M7325,MA1AB100000004337,D004, ok ,Unknown,INS33,N,,FAIL
INSP13142,M9776,MA1AB100000003593,D004,reject,Unknown,INS45,Y,Material,FAIL
INSP13143,M10785,MA1AB100000000320,D002,,Unknown,INS10,N,Paint,FAIL
INSP13144,M9135,MA1AB100000004903,D002, ok ,Unknown,INS31,N,Paint,FAIL
INSP13145,M10531,MA1AB100000004509,D002, ok ,Unknown,INS22,Y,Paint,FAIL
INSP13146,M11304,MA1AB100000003840,D004,,Unknown,INS56,Y,,PASS
INSP13147,M9631,MA1AB100000000736,D002, ok ,Unknown,INS68,N,Dimension,FAIL
INSP13148,M7834,MA1AB100000002523,D001,OK,Unknown,INS75,N,,PASS
INSP13149,M8864,MA1AB100000004129,D001,reject,Unknown,INS25,Y,Paint,FAIL
INSP13150,M9234,MA1AB100000002569,D001, ok ,Unknown,INS67,Y,Material,PASS
INSP13151,M9726,MA1AB100000002010,D004,OK,Unknown,INS50,Y,Dimension,FAIL
INSP13152,M10877,MA1AB100000000493,NONE,,Unknown,INS54,Y,Weld,FAIL
INSP13153,M8681,MA1AB100000003716,D003, ok ,Unknown,INS94,Y,Material,PASS
INSP13154,M8616,MA1AB100000001963,D003,Repair,Unknown,INS14,N,Dimension,FAIL
INSP13155,M10697,MA1AB100000000166,D002,Repair,Unknown,INS27,Y,Weld,FAIL
INSP13156,M7544,MA1AB100000000098,D003,Reject,Unknown,INS68,N,,PASS
INSP13157,M10508,MA1AB100000003185,D002,Repair,Unknown,INS90,Y,Weld,PASS
INSP13158,M11430,MA1AB100000002644,NONE,Repair,Unknown,INS57,Y,Paint,PASS
INSP13159,M8965,MA1AB100000003796,D004,,Unknown,INS71,Y,,PASS
INSP13160,M10583,MA1AB100000002078,D002, ok ,Unknown,INS68,N,Paint,FAIL
INSP13161,M9186,MA1AB100000000499,D002,reject,Unknown,INS20,Y,Weld,PASS
INSP13162,M8675,MA1AB100000004996,NONE,,Unknown,INS45,N,Weld,PASS
INSP13163,M7763,MA1AB100000001985,D004,Repair,Unknown,INS67,N,Weld,FAIL
INSP13164,M9159,MA1AB100000002103,D001,Repair,Unknown,INS19,Y,Paint,PASS
INSP13165,M10977,MA1AB100000003957,D002, ok ,Unknown,INS13,Y,Dimension,PASS
INSP13166,M10885,MA1AB100000001053,D002,,Unknown,INS41,N,Paint,PASS
INSP13167,M7960,MA1AB100000000215,D003,Repair,Unknown,INS13,N,Weld,PASS
INSP13168,M11334,MA1AB100000002457,NONE,reject,Unknown,INS91,Y,,PASS
INSP13169,M9909,MA1AB100000004850,D004,Reject,Unknown,INS18,N,,PASS
INSP13170,M9973,MA1AB100000000682,D002,OK,Unknown,INS97,Y,Material,PASS
INSP13171,M7235,MA1AB100000002011,D002, ok ,Unknown,INS32,Y,Dimension,FAIL
INSP13172,M11202,MA1AB100000003207,D001, ok ,Unknown,INS20,Y,Paint,PASS
INSP13173,M7917,MA1AB100000003896,D004,,Unknown,INS72,N,,PASS
INSP13174,M7676,MA1AB100000001267,D004,Repair,Unknown,INS70,N,Weld,FAIL
INSP13175,M9279,MA1AB100000004071,D004,OK,Unknown,INS68,N,Weld,FAIL
INSP13176,M8645,MA1AB100000003699,D002,,Unknown,INS75,N,Weld,FAIL
INSP13177,M10519,MA1AB100000002162,NONE,,Unknown,INS34,N,Material,FAIL
INSP13178,M10952,MA1AB100000000535,NONE,reject,Unknown,INS67,Y,Weld,FAIL
INSP13179,M8090,MA1AB100000001623,D002,OK,Unknown,INS73,N,,FAIL
INSP13180,M10220,MA1AB100000003123,D004,OK,Unknown,INS99,Y,Material,FAIL
INSP13181,M9330,MA1AB100000004787,D002,Reject,Unknown,INS76,Y,,FAIL
INSP13182,M10213,MA1AB100000000450,D001,OK,Unknown,INS15,Y,Paint,PASS
INSP13183,M7205,MA1AB100000002042,D003,Reject,Unknown,INS10,Y,Material,FAIL
INSP13184,M7855,MA1AB100000003221,D002,,Unknown,INS21,Y,Dimension,FAIL
INSP13185,M11439,MA1AB100000002047,D003,,Unknown,INS27,Y,,FAIL
INSP13186,M11635,MA1AB100000004947,D004,OK,Unknown,INS21,N,,PASS
INSP13187,M9152,MA1AB100000003831,D002,reject,Unknown,INS11,Y,Paint,FAIL
INSP13188,M10670,MA1AB100000002705,D003,Repair,Unknown,INS37,N,,PASS
INSP13189,M7937,MA1AB100000002661,D001, ok ,Unknown,INS31,N,Dimension,PASS
INSP13190,M9075,MA1AB100000000764,D003,OK,Unknown,INS82,N,,FAIL
INSP13191,M7192,MA1AB100000003614,D004,OK,Unknown,INS28,N,Weld,FAIL
INSP13192,M8520,MA1AB100000002866,D001,Repair,Unknown,INS69,Y,Dimension,FAIL
INSP13193,M10991,MA1AB100000002004,D003,reject,Unknown,INS81,Y,Dimension,PASS
INSP13194,M11429,MA1AB100000002191,D002,reject,Unknown,INS39,N,Material,FAIL
INSP13195,M7034,MA1AB100000003499,D002,OK,Unknown,INS39,N,,FAIL
INSP13196,M10185,MA1AB100000001816,D002,Reject,Unknown,INS54,Y,Paint,PASS
INSP13197,M10326,MA1AB100000003689,D001,OK,Unknown,INS98,Y,Dimension,PASS
INSP13198,M10485,MA1AB100000001696,NONE,Repair,Unknown,INS19,N,Dimension,PASS
INSP13199,M8879,MA1AB100000000020,NONE,Repair,Unknown,INS59,Y,Dimension,FAIL
INSP13200,M7460,MA1AB100000001925,D002,OK,Unknown,INS71,Y,Dimension,PASS
INSP13201,M7595,MA1AB100000000111,D002,Reject,Unknown,INS56,N,Paint,FAIL
INSP13202,M11238,MA1AB100000000607,D003,reject,Unknown,INS78,Y,Paint,FAIL
INSP13203,M11290,MA1AB100000001937,NONE,,Unknown,INS22,Y,Material,PASS
INSP13204,M9942,MA1AB100000003779,D003,,Unknown,INS67,N,Paint,PASS
INSP13205,M10338,MA1AB100000000129,D004,Repair,Unknown,INS62,N,Weld,PASS
INSP13206,M8830,MA1AB100000004786,D004, ok ,Unknown,INS84,N,Material,PASS
INSP13207,M11146,MA1AB100000004753,NONE,OK,Unknown,INS41,Y,Material,PASS
INSP13208,M10000,MA1AB100000000439,D003,,Unknown,INS86,N,,PASS
INSP13209,M11564,MA1AB100000001123,D003,,Unknown,INS34,Y,Material,FAIL
INSP13210,M11225,MA1AB100000002540,D004,OK,Unknown,INS47,N,Paint,FAIL
INSP13211,M8591,MA1AB100000002903,D001,Repair,Unknown,INS21,Y,Weld,FAIL
INSP13212,M7328,MA1AB100000002659,D002,Reject,Unknown,INS71,Y,Material,FAIL
INSP13213,M9371,MA1AB100000003343,NONE, ok ,Unknown,INS18,N,Paint,PASS
INSP13214,M8520,MA1AB100000002020,D003,,Unknown,INS93,Y,Weld,FAIL
INSP13215,M7671,MA1AB100000004907,D002, ok ,Unknown,INS45,Y,Dimension,FAIL
INSP13216,M10435,MA1AB100000001315,D001,Reject,Unknown,INS47,Y,Dimension,PASS
INSP13217,M9696,MA1AB100000001325,NONE,Reject,Unknown,INS69,N,Material,FAIL
INSP13218,M11186,MA1AB100000002990,D003,Repair,Unknown,INS66,N,Weld,FAIL
INSP13219,M7575,MA1AB100000002120,D003,,Unknown,INS33,Y,Dimension,FAIL
INSP13220,M8277,MA1AB100000004805,D002, ok ,Unknown,INS23,Y,Dimension,PASS
INSP13221,M11009,MA1AB100000004096,NONE, ok ,Unknown,INS81,Y,Dimension,FAIL
INSP13222,M7812,MA1AB100000000121,D004,Repair,Unknown,INS82,Y,Dimension,FAIL
INSP13223,M9989,MA1AB100000001876,D001,Repair,Unknown,INS90,N,Dimension,FAIL
INSP13224,M10148,MA1AB100000003577,D003,Repair,Unknown,INS31,Y,Dimension,PASS
INSP13225,M9618,MA1AB100000001527,NONE,reject,Unknown,INS14,Y,,FAIL
INSP13226,M8283,MA1AB100000002050,D003,,Unknown,INS20,N,Weld,FAIL
INSP13227,M8705,MA1AB100000002158,D004,OK,Unknown,INS69,Y,Dimension,PASS
INSP13228,M9791,MA1AB100000001495,NONE,reject,Unknown,INS12,Y,Dimension,FAIL
INSP13229,M9193,MA1AB100000004299,D001,Repair,Unknown,INS96,N,Material,FAIL
INSP13230,M7990,MA1AB100000002767,D003, ok ,Unknown,INS15,N,Weld,FAIL
INSP13231,M7783,MA1AB100000002729,NONE, ok ,Unknown,INS66,Y,Weld,PASS
INSP13232,M8522,MA1AB100000002355,D001,Repair,Unknown,INS70,Y,Weld,PASS
INSP13233,M8169,MA1AB100000004535,NONE,Repair,Unknown,INS77,Y,,PASS
INSP13234,M9774,MA1AB100000004683,D001,reject,Unknown,INS32,N,,FAIL
INSP13235,M9879,MA1AB100000003766,D002,reject,Unknown,INS72,N,Paint,PASS
INSP13236,M11446,MA1AB100000004239,D004,Repair,Unknown,INS54,Y,,PASS
INSP13237,M9740,MA1AB100000004696,D003,,Unknown,INS64,N,Material,FAIL
INSP13238,M11049,MA1AB100000000203,D003,Reject,Unknown,INS22,Y,Paint,FAIL
INSP13239,M9425,MA1AB100000004040,D001,,Unknown,INS29,N,,PASS
INSP13240,M8908,MA1AB100000001713,NONE,,Unknown,INS27,N,Material,PASS
INSP13241,M11546,MA1AB100000004435,D001,,Unknown,INS84,N,,FAIL
INSP13242,M7418,MA1AB100000002822,D003,Reject,Unknown,INS97,Y,Paint,FAIL
INSP13243,M9650,MA1AB100000002570,D004,Repair,Unknown,INS32,Y,Paint,PASS
INSP13244,M7823,MA1AB100000003468,D002,Reject,Unknown,INS11,Y,,FAIL
INSP13245,M10406,MA1AB100000001251,D003,Reject,Unknown,INS40,N,Dimension,PASS
INSP13246,M11708,MA1AB100000001681,D004,OK,Unknown,INS89,N,,PASS
INSP13247,M9453,MA1AB100000003514,D001,OK,Unknown,INS37,Y,Material,PASS
INSP13248,M11631,MA1AB100000001019,D001,Repair,Unknown,INS33,Y,Weld,FAIL
INSP13249,M9126,MA1AB100000004575,D003,reject,Unknown,INS91,Y,,FAIL
INSP13250,M8494,XX1 2 3 4,D004, ok ,Unknown,INS35,N,Paint,PASS
INSP13251,M7058,MA1AB100000003047,D001,Reject,Unknown,INS28,N,Dimension,FAIL
INSP13252,M11538,MA1AB100000003160,D002,reject,Unknown,INS57,N,Dimension,FAIL
INSP13253,M11966,MA1AB100000003944,D004,OK,Unknown,INS89,Y,,FAIL
INSP13254,M10335,MA1AB100000001295,NONE,reject,Unknown,INS50,N,Paint,PASS
INSP13255,M8001,MA1AB100000001188,D001,Reject,Unknown,INS55,N,Paint,FAIL
INSP13256,M11500,MA1AB100000003677,D001,OK,Unknown,INS78,N,Material,FAIL
INSP13257,M8270,MA1AB100000003078,NONE, ok ,Unknown,INS90,N,Weld,FAIL
INSP13258,M8798,MA1AB100000004988,D002,reject,Unknown,INS47,N,Dimension,FAIL
INSP13259,M10458,MA1AB100000004298,NONE,OK,Unknown,INS51,N,Dimension,FAIL
INSP13260,M8888,MA1AB100000004749,D004, ok ,Unknown,INS80,Y,Weld,FAIL
INSP13261,M10683,MA1AB100000001075,D003,Reject,Unknown,INS51,Y,Weld,FAIL
INSP13262,M9725,MA1AB100000003482,D003,Repair,Unknown,INS49,N,Weld,FAIL
INSP13263,M8510,MA1AB100000001324,D003,,Unknown,INS93,N,Dimension,FAIL
INSP13264,M8014,MA1AB100000002490,D002, ok ,Unknown,INS34,N,,FAIL
INSP13265,M11312,MA1AB100000002115,D004,,Unknown,INS86,Y,Dimension,FAIL
INSP13266,M11220,MA1AB100000002480,D003,reject,Unknown,INS36,N,Dimension,PASS
INSP13267,M11266,MA1AB100000004674,D001, ok ,Unknown,INS95,Y,Paint,PASS
INSP13268,M10069,MA1AB100000002612,D002, ok ,Unknown,INS29,Y,Weld,FAIL
INSP13269,M10765,MA1AB100000001103,D004, ok ,Unknown,INS66,Y,Material,PASS
INSP13270,M7463,MA1AB100000003115,D004,Repair,Unknown,INS82,Y,Dimension,FAIL
INSP13271,M9155,MA1AB100000002253,D003,reject,Unknown,INS89,Y,Weld,PASS
INSP13272,M9215,MA1AB100000001855,D001,OK,Unknown,INS51,Y,Dimension,FAIL
INSP13273,M9313,MA1AB100000000254,NONE,OK,Unknown,INS51,N,Weld,FAIL
INSP13274,M11576,MA1AB100000001004,NONE, ok ,Unknown,INS99,N,Material,FAIL
INSP13275,M7874,MA1AB100000002829,D003, ok ,Unknown,INS53,Y,Material,FAIL
INSP13276,M8016,MA1AB100000002595,D003,Reject,Unknown,INS48,Y,,PASS
INSP13277,M9492,MA1AB100000001216,D002,OK,Unknown,INS64,N,Paint,PASS
INSP13278,M11399,MA1AB100000004619,D002,Reject,Unknown,INS72,Y,Paint,FAIL
INSP13279,M9770,MA1AB100000002727,NONE, ok ,Unknown,INS26,N,Weld,PASS
INSP13280,M7763,MA1AB100000000492,D004,,Unknown,INS26,Y,Weld,PASS
INSP13281,M10524,MA1AB100000001578,D004,reject,Unknown,INS21,N,Material,PASS
INSP13282,M7797,MA1AB100000002533,D003,Reject,Unknown,INS82,Y,Weld,PASS
INSP13283,M9895,MA1AB100000004584,NONE,Reject,Unknown,INS57,N,Paint,PASS
INSP13284,M11328,MA1AB100000001527,D002,Reject,Unknown,INS63,N,,PASS
INSP13285,M8412,MA1AB100000001321,NONE,reject,Unknown,INS78,Y,,FAIL
INSP13286,M8133,MA1AB100000001880,D004,Reject,Unknown,INS82,Y,Material,PASS
INSP13287,M9959,MA1AB100000003533,NONE,Repair,Unknown,INS99,Y,Material,FAIL
INSP13288,M8943,MA1AB100000002568,D001,Repair,Unknown,INS18,Y,Weld,FAIL
INSP13289,M11107,MA1AB100000000860,NONE,Reject,Unknown,INS60,Y,,FAIL
INSP13290,M11197,MA1AB100000000081,D004,,Unknown,INS58,Y,,FAIL
INSP13291,M11950,MA1AB100000003699,D001,OK,Unknown,INS24,N,Material,PASS
INSP13292,M10523,MA1AB100000000958,D002,Reject,Unknown,INS41,Y,Dimension,PASS
INSP13293,M8088,MA1AB100000002170,D003,,Unknown,INS38,Y,,PASS
INSP13294,M9485,MA1AB100000001508,D004,Repair,Unknown,INS95,N,Dimension,PASS
INSP13295,M8839,MA1AB100000000425,D002, ok ,Unknown,INS94,Y,Dimension,FAIL
INSP13296,M9650,MA1AB100000001551,D003,,Unknown,INS99,N,Dimension,FAIL
INSP13297,M9106,MA1AB100000004922,D004, ok ,Unknown,INS94,Y,Material,PASS
INSP13298,M8069,MA1AB100000001619,D004,Repair,Unknown,INS42,Y,Dimension,FAIL
INSP13299,M10234,MA1AB100000003298,D003,Repair,Unknown,INS29,N,Material,PASS
INSP13300,M9220,MA1AB100000002199,NONE,reject,Unknown,INS77,N,Paint,PASS
INSP13301,M11589,MA1AB100000001454,D003,Repair,Unknown,INS90,Y,Paint,PASS
INSP13302,M7103,MA1AB100000003642,D001,reject,Unknown,INS82,Y,Dimension,PASS
INSP13303,M10945,MA1AB100000001995,D004,,Unknown,INS52,Y,Material,FAIL
INSP13304,M8719,MA1AB100000000536,D003,Repair,Unknown,INS27,N,Weld,FAIL
INSP13305,M7931,MA1AB100000001588,D001,,Unknown,INS68,N,Dimension,FAIL
INSP13306,M10357,MA1AB100000000773,NONE,Reject,Unknown,INS62,N,Material,FAIL
INSP13307,M8273,MA1AB100000003892,D003,,Unknown,INS43,Y,Dimension,FAIL
INSP13308,M10626,MA1AB100000002722,D002,Reject,Unknown,INS11,N,Paint,PASS
INSP13309,M10902,MA1AB100000003853,D003, ok ,Unknown,INS58,N,Dimension,FAIL
INSP13310,M9400,MA1AB100000001657,D001,reject,Unknown,INS87,N,Material,FAIL
INSP13311,M10002,MA1AB100000003980,D001,,Unknown,INS78,N,,FAIL
INSP13312,M11241,MA1AB100000001878,D001,reject,Unknown,INS59,N,Paint,PASS
INSP13313,M7347,MA1AB100000001581,D002,OK,Unknown,INS69,N,Paint,PASS
INSP13314,M7604,MA1AB100000002301,D002,Reject,Unknown,INS68,Y,Weld,FAIL
INSP13315,M11222,MA1AB100000001167,D002, ok ,Unknown,INS15,Y,Material,FAIL
INSP13316,M7478,MA1AB100000000573,D004,Reject,Unknown,INS92,Y,Material,PASS
INSP13317,M11247,MA1AB100000001086,D001,Repair,Unknown,INS22,Y,Paint,FAIL
INSP13318,M9250,MA1AB100000001144,D001,Repair,Unknown,INS29,Y,Weld,PASS
INSP13319,M7368,MA1AB100000003400,D004,Repair,Unknown,INS63,Y,Weld,PASS
INSP13320,M10292,MA1AB100000003762,NONE,OK,Unknown,INS89,N,,PASS
INSP13321,M7010,MA1AB100000004912,NONE,,Unknown,INS93,N,Weld,FAIL
INSP13322,M9059,MA1AB100000000241,D001,OK,Unknown,INS20,Y,Weld,PASS
INSP13323,M8434,MA1AB100000001699,NONE,OK,Unknown,INS30,N,Dimension,PASS
INSP13324,M9550,MA1AB100000002062,D001,reject,Unknown,INS75,N,Material,PASS
INSP13325,M10845,MA1AB100000003969,D002,Repair,Unknown,INS76,N,,FAIL
INSP13326,M7849,MA1AB100000000221,NONE,OK,Unknown,INS92,N,Paint,FAIL
INSP13327,M7159,MA1AB100000004684,NONE, ok ,Unknown,INS14,N,Weld,FAIL
INSP13328,M7658,MA1AB100000003592,D002,Reject,Unknown,INS39,Y,Dimension,FAIL
INSP13329,M11189,MA1AB100000000139,D004,Repair,Unknown,INS77,Y,Paint,FAIL
INSP13330,M9840,MA1AB100000002749,D002,Reject,Unknown,INS89,N,Dimension,FAIL
INSP13331,M7154,MA1AB100000004763,D002,reject,Unknown,INS80,Y,Dimension,FAIL
INSP13332,M10318,MA1AB100000003065,D001,OK,Unknown,INS83,Y,Material,PASS
INSP13333,M11774,MA1AB100000003738,D002,reject,Unknown,INS21,N,Weld,FAIL
INSP13334,M11461,MA1AB100000002128,D004,,Unknown,INS29,Y,Dimension,PASS
INSP13335,M8923,MA1AB100000002593,NONE,Reject,Unknown,INS86,Y,,FAIL
INSP13336,M9142,MA1AB100000001734,D002,Reject,Unknown,INS31,N,Material,PASS
INSP13337,M11291,MA1AB100000004578,D003,,Unknown,INS98,Y,Material,PASS
INSP13338,M10370,MA1AB100000003588,NONE,reject,Unknown,INS71,Y,Dimension,PASS
INSP13339,M11627,MA1AB100000003041,NONE,OK,Unknown,INS90,Y,,FAIL
INSP13340,M11339,MA1AB100000003456,D002,reject,Unknown,INS27,N,,FAIL
INSP13341,M8679,MA1AB100000001406,D004,,Unknown,INS42,N,,FAIL
INSP13342,M8362,MA1AB100000002903,D002,OK,Unknown,INS40,N,Paint,PASS
INSP13343,M9196,MA1AB100000000500,D003,Reject,Unknown,INS84,Y,,FAIL
INSP13344,M9400,MA1AB100000003787,NONE,OK,Unknown,INS13,N,Material,PASS
INSP13345,M8726,MA1AB100000000177,D002, ok ,Unknown,INS50,Y,Weld,PASS
INSP13346,M10094,MA1AB100000004598,NONE, ok ,Unknown,INS74,N,Paint,PASS
INSP13347,M8098,MA1AB100000004316,D003,,Unknown,INS89,Y,,FAIL
INSP13348,M7749,MA1AB100000001734,D004, ok ,Unknown,INS87,N,Material,PASS
INSP13349,M11917,MA1AB100000004792,D002,Reject,Unknown,INS37,N,Dimension,PASS
INSP13350,M11215,MA1AB100000004848,NONE,,Unknown,INS85,N,Dimension,PASS
INSP13351,M11975,MA1AB100000001105,D004,OK,Unknown,INS76,N,Weld,PASS
INSP13352,M7334,MA1AB100000000468,NONE,,Unknown,INS77,N,Material,FAIL
INSP13353,M8498,MA1AB100000003843,D001,OK,Unknown,INS61,N,Material,FAIL
INSP13354,M9755,MA1AB100000002081,D003, ok ,Unknown,INS64,N,Material,PASS
INSP13355,M9422,MA1AB100000003119,D003,Reject,Unknown,INS27,N,,PASS
INSP13356,M11751,MA1AB100000002225,D002, ok ,Unknown,INS68,Y,Weld,FAIL
INSP13357,M10204,MA1AB100000000679,D003,Repair,Unknown,INS64,Y,,FAIL
INSP13358,M9598,MA1AB100000003586,D002,Repair,Unknown,INS63,N,,PASS
INSP13359,M8661,MA1AB100000002014,NONE,,Unknown,INS82,Y,Dimension,PASS
INSP13360,M9068,MA1AB100000004469,D001,Repair,Unknown,INS73,Y,Material,FAIL
INSP13361,M11394,MA1AB100000001018,D003,reject,Unknown,INS71,Y,Material,FAIL
INSP13362,M7682,MA1AB100000002640,D004,Reject,Unknown,INS28,Y,Weld,PASS
INSP13363,M7548,MA1AB100000000307,NONE, ok ,Unknown,INS59,Y,Material,PASS
INSP13364,M8302,MA1AB100000004306,D003,Reject,Unknown,INS62,N,,PASS
INSP13365,M8952,MA1AB100000004416,D003,reject,Unknown,INS52,Y,Weld,FAIL
INSP13366,M11549,MA1AB100000003579,D002,reject,Unknown,INS51,N,Paint,FAIL
INSP13367,M8450,MA1AB100000002090,NONE,Repair,Unknown,INS32,N,Paint,PASS
INSP13368,M9653,MA1AB100000003435,D004,Reject,Unknown,INS53,Y,Dimension,PASS
INSP13369,M11581,MA1AB100000003049,D003,,Unknown,INS67,Y,,PASS
INSP13370,M7926,MA1AB100000003202,D001,Repair,Unknown,INS90,Y,Weld,FAIL
INSP13371,M8244,MA1AB100000003601,D002,Reject,Unknown,INS61,Y,Weld,FAIL
INSP13372,M9557,MA1AB100000004248,D002,Repair,Unknown,INS36,Y,Material,FAIL
INSP13373,M11177,MA1AB100000001832,D001,Reject,Unknown,INS87,Y,Material,FAIL
INSP13374,M7818,MA1AB100000002705,D004,,Unknown,INS46,Y,Paint,PASS
INSP13375,M8442,MA1AB100000001745,D003,Repair,Unknown,INS75,Y,Paint,FAIL
INSP13376,M8859,MA1AB100000000357,D001,Reject,Unknown,INS91,N,Dimension,FAIL
INSP13377,M9165,MA1AB100000002154,D004,Reject,Unknown,INS77,Y,Weld,PASS
INSP13378,M10537,MA1AB100000002005,D001,OK,Unknown,INS55,Y,Material,FAIL
INSP13379,M10280,MA1AB100000004423,D003,OK,Unknown,INS84,N,Weld,FAIL
INSP13380,M10982,MA1AB100000001951,D003,Reject,Unknown,INS44,N,,PASS
INSP13381,M8607,MA1AB100000001571,D003,reject,Unknown,INS21,N,,FAIL
INSP13382,M11975,MA1AB100000004421,D001,Reject,Unknown,INS31,N,Material,FAIL
INSP13383,M11754,MA1AB100000003545,D001,,Unknown,INS98,Y,,PASS
INSP13384,M10029,MA1AB100000001600,D002, ok ,Unknown,INS47,Y,Dimension,FAIL
INSP13385,M7939,MA1AB100000000744,D003,,Unknown,INS18,N,Paint,PASS
INSP13386,M9174,MA1AB100000002971,NONE,Reject,Unknown,INS57,Y,Paint,PASS
INSP13387,M7414,MA1AB100000004489,D002, ok ,Unknown,INS88,Y,Material,PASS
INSP13388,M8887,MA1AB100000001583,D004,,Unknown,INS75,N,Material,FAIL
INSP13389,M9505,MA1AB100000003997,D003, ok ,Unknown,INS38,Y,,PASS
INSP13390,M8857,MA1AB100000000776,D003,Reject,Unknown,INS31,Y,Weld,PASS
INSP13391,M8753,MA1AB100000002005,D001,,Unknown,INS11,Y,Weld,PASS
INSP13392,M8827,MA1AB100000002569,D003, ok ,Unknown,INS95,N,,FAIL
INSP13393,M9213,MA1AB100000001589,NONE,Repair,Unknown,INS13,Y,Dimension,PASS
INSP13394,M10261,MA1AB100000002580,D002,reject,Unknown,INS28,Y,Dimension,FAIL
INSP13395,M8058,MA1AB100000002608,D002, ok ,Unknown,INS91,N,Material,PASS
INSP13396,M7234,MA1AB100000003453,D002,Reject,Unknown,INS79,Y,,FAIL
INSP13397,M10800,MA1AB100000002415,D003,OK,Unknown,INS39,N,Dimension,PASS
INSP13398,M7602,MA1AB100000000602,D004,Repair,Unknown,INS95,N,Material,FAIL
INSP13399,M8667,MA1AB100000000887,D002,Reject,Unknown,INS81,N,Dimension,PASS
INSP13400,M8642,MA1AB100000003233,NONE,reject,Unknown,INS23,Y,Paint,PASS
INSP13401,M10263,MA1AB100000004348,NONE,Repair,Unknown,INS56,Y,Material,PASS
INSP13402,M11369,MA1AB100000001056,NONE,Repair,Unknown,INS85,N,Paint,PASS
INSP13403,M10912,MA1AB100000004454,D004, ok ,Unknown,INS20,Y,Weld,FAIL
INSP13404,M11635,MA1AB100000001840,D004,Repair,Unknown,INS38,Y,Paint,PASS
INSP13405,M9072,MA1AB100000002232,D004,Reject,Unknown,INS91,N,Material,FAIL
INSP13406,M8727,MA1AB100000003226,D001,Repair,Unknown,INS77,N,Material,PASS
INSP13407,M7102,MA1AB100000001811,D003,,Unknown,INS34,N,Paint,FAIL
INSP13408,M8554,MA1AB100000002033,D004,reject,Unknown,INS93,Y,Dimension,PASS
INSP13409,M7056,MA1AB100000000469,D002, ok ,Unknown,INS48,N,Paint,FAIL
INSP13410,M7441,MA1AB100000000556,D001,,Unknown,INS21,N,Paint,FAIL
INSP13411,M11175,MA1AB100000001130,D002,Reject,Unknown,INS75,N,Weld,FAIL
INSP13412,M10191,MA1AB100000000550,D001,,Unknown,INS51,N,Paint,PASS
INSP13413,M7461,MA1AB100000001753,NONE,OK,Unknown,INS36,N,Weld,PASS
INSP13414,M7814,MA1AB100000001685,D003,reject,Unknown,INS77,Y,Weld,PASS
INSP13415,M7608,MA1AB100000003807,NONE, ok ,Unknown,INS54,N,Material,PASS
INSP13416,M9231,MA1AB100000003058,D003,OK,Unknown,INS28,Y,Material,FAIL
INSP13417,M9330,MA1AB100000003920,D001,reject,Unknown,INS35,N,Dimension,PASS
INSP13418,M8273,MA1AB100000002647,D003,OK,Unknown,INS10,N,Dimension,PASS
INSP13419,M11041,MA1AB100000002532,NONE,OK,Unknown,INS51,Y,Weld,FAIL
INSP13420,M7174,MA1AB100000002632,D001, ok ,Unknown,INS94,N,Paint,PASS
INSP13421,M9268,MA1AB100000002327,D004, ok ,Unknown,INS18,N,Material,FAIL
INSP13422,M10978,MA1AB100000000981,D002,,Unknown,INS72,Y,Material,FAIL
INSP13423,M9560,MA1AB100000003304,NONE,OK,Unknown,INS29,N,Material,PASS
INSP13424,M9739,MA1AB100000000545,D004,reject,Unknown,INS32,N,Weld,PASS
INSP13425,M7374,MA1AB100000001156,D003,Reject,Unknown,INS31,Y,Weld,FAIL
INSP13426,M10639,MA1AB100000004818,D002,Reject,Unknown,INS36,Y,Dimension,PASS
INSP13427,M9771,MA1AB100000003633,NONE,reject,Unknown,INS71,N,Dimension,FAIL
INSP13428,M9629,MA1AB100000002516,D004,Repair,Unknown,INS61,N,Weld,FAIL
INSP13429,M7975,MA1AB100000003814,D003,Repair,Unknown,INS22,Y,,PASS
INSP13430,M7609,MA1AB100000000935,D003,OK,Unknown,INS65,N,Paint,PASS
INSP13431,M10186,MA1AB100000004121,D003,Repair,Unknown,INS87,N,Dimension,FAIL
INSP13432,M10126,MA1AB100000002604,D004,Repair,Unknown,INS29,N,Material,PASS
INSP13433,M8759,MA1AB100000000619,D001, ok ,Unknown,INS54,Y,Dimension,FAIL
INSP13434,M11373,MA1AB100000002338,D004,OK,Unknown,INS78,N,Paint,PASS
INSP13435,M10045,MA1AB100000001465,D004, ok ,Unknown,INS34,N,Weld,FAIL
INSP13436,M9722,MA1AB100000003671,D001,OK,Unknown,INS14,N,Paint,PASS
INSP13437,M8751,MA1AB100000004022,D001,reject,Unknown,INS14,Y,Paint,PASS
INSP13438,M9175,MA1AB100000002520,D003,Repair,Unknown,INS85,N,Material,FAIL
INSP13439,M9817,MA1AB100000002992,D003,Repair,Unknown,INS96,Y,Material,PASS
INSP13440,M10647,MA1AB100000000868,D003,Repair,Unknown,INS59,Y,Weld,FAIL
INSP13441,M9655,MA1AB100000002185,D002,Reject,Unknown,INS14,Y,Material,PASS
INSP13442,M9181,MA1AB100000004978,D003,reject,Unknown,INS65,Y,Dimension,FAIL
INSP13443,M10299,MA1AB100000004335,NONE,reject,Unknown,INS22,N,Weld,PASS
INSP13444,M9341,MA1AB100000004115,NONE,Reject,Unknown,INS38,N,Paint,PASS
INSP13445,M10328,MA1AB100000003841,D001,,Unknown,INS93,Y,Dimension,FAIL
INSP13446,M8547,MA1AB100000004305,D001, ok ,Unknown,INS75,Y,Dimension,PASS
INSP13447,M10874,MA1AB100000003590,D003,reject,Unknown,INS13,N,,PASS
INSP13448,M11301,MA1AB100000004946,D002,OK,Unknown,INS84,Y,,FAIL
INSP13449,M11087,MA1AB100000000199,D002,,Unknown,INS23,Y,Weld,PASS
INSP13450,M9760,MA1AB100000004668,D002,Repair,Unknown,INS14,Y,Weld,FAIL
INSP13451,M9912,MA1AB100000004333,D002, ok ,Unknown,INS68,N,Weld,PASS
INSP13452,M7258,MA1AB100000001825,D003,,Unknown,INS29,Y,Paint,PASS
INSP13453,M7071,MA1AB100000000732,D001, ok ,Unknown,INS76,Y,Material,PASS
INSP13454,M8469,MA1AB100000004686,D004,Repair,Unknown,INS55,N,Weld,FAIL
INSP13455,M11688,MA1AB100000003150,D001,Reject,Unknown,INS68,Y,,FAIL
INSP13456,M10364,MA1AB100000000869,D004,Repair,Unknown,INS84,Y,Material,FAIL
INSP13457,M11931,MA1AB100000004144,D003,OK,Unknown,INS47,N,Material,PASS
INSP13458,M10938,MA1AB100000001032,D002, ok ,Unknown,INS61,N,Weld,PASS
INSP13459,M10956,MA1AB100000000376,D003, ok ,Unknown,INS63,Y,Dimension,PASS
INSP13460,M9932,MA1AB100000003655,D003, ok ,Unknown,INS21,N,,PASS
INSP13461,M11985,MA1AB100000004597,D003, ok ,Unknown,INS23,Y,Dimension,PASS
INSP13462,M10112,MA1AB100000004610,NONE,Repair,Unknown,INS98,N,Paint,FAIL
INSP13463,M10704,MA1AB100000003808,D004, ok ,Unknown,INS60,N,Weld,FAIL
INSP13464,M7660,MA1AB100000000911,D001, ok ,Unknown,INS24,Y,Paint,FAIL
INSP13465,M11978,MA1AB100000003916,NONE,Repair,Unknown,INS65,Y,Paint,FAIL
INSP13466,M7979,MA1AB100000004369,D004,Repair,Unknown,INS69,Y,Dimension,PASS
INSP13467,M7066,MA1AB100000001950,D004,Reject,Unknown,INS85,N,Material,PASS
INSP13468,M10332,MA1AB100000003061,D003,OK,Unknown,INS36,N,Paint,FAIL
INSP13469,M7154,MA1AB100000001204,D002, ok ,Unknown,INS72,N,Paint,PASS
INSP13470,M7033,MA1AB100000004503,D003,Reject,Unknown,INS37,N,Material,PASS
INSP13471,M8527,MA1AB100000002236,D002,,Unknown,INS58,N,Dimension,PASS
INSP13472,M10891,MA1AB100000003587,D001,Reject,Unknown,INS70,N,Paint,FAIL
INSP13473,M7396,MA1AB100000002294,NONE,Repair,Unknown,INS55,N,Paint,PASS
INSP13474,M11380,MA1AB100000001802,D003,Repair,Unknown,INS72,Y,Dimension,FAIL
INSP13475,M11530,MA1AB100000002123,NONE,Repair,Unknown,INS38,N,Dimension,FAIL
INSP13476,M8191,MA1AB100000004801,D001,Repair,Unknown,INS12,N,Paint,PASS
INSP13477,M10253,MA1AB100000000050,D003,,Unknown,INS13,Y,Dimension,FAIL
INSP13478,M11735,MA1AB100000002459,D002,reject,Unknown,INS22,Y,Weld,PASS
INSP13479,M11851,MA1AB100000004151,NONE, ok ,Unknown,INS48,N,Dimension,PASS
INSP13480,M11410,MA1AB100000002753,D003,Reject,Unknown,INS63,Y,Material,FAIL
INSP13481,M11913,MA1AB100000003352,D001,Reject,Unknown,INS23,Y,,FAIL
INSP13482,M9012,MA1AB100000003066,NONE,reject,Unknown,INS72,N,,FAIL
INSP13483,M9051,MA1AB100000003091,D003,Repair,Unknown,INS64,Y,Weld,FAIL
INSP13484,M9089,MA1AB100000002557,D003,OK,Unknown,INS55,Y,Paint,FAIL
INSP13485,M9896,MA1AB100000001428,D001,Reject,Unknown,INS61,N,Dimension,PASS
INSP13486,M10579,MA1AB100000000376,NONE,Reject,Unknown,INS68,Y,,PASS
INSP13487,M10761,MA1AB100000004833,D004,,Unknown,INS63,Y,Dimension,FAIL
INSP13488,M8204,MA1AB100000003792,D004,reject,Unknown,INS94,Y,Dimension,FAIL
INSP13489,M9216,MA1AB100000004064,D001,OK,Unknown,INS66,Y,Weld,FAIL
INSP13490,M9704,MA1AB100000002129,NONE,reject,Unknown,INS48,Y,Paint,FAIL
INSP13491,M9645,MA1AB100000003182,NONE,OK,Unknown,INS12,N,Material,PASS
INSP13492,M8446,MA1AB100000002012,D004,,Unknown,INS15,N,Weld,PASS
INSP13493,M10448,MA1AB100000003723,NONE,,Unknown,INS52,N,Weld,FAIL
INSP13494,M10394,MA1AB100000000794,D004, ok ,Unknown,INS54,N,Weld,PASS
INSP13495,M10303,MA1AB100000003830,D004,Reject,Unknown,INS23,N,Paint,PASS
INSP13496,M9269,MA1AB100000001671,D004,Reject,Unknown,INS97,Y,,PASS
INSP13497,M11516,MA1AB100000002776,D002,OK,Unknown,INS78,N,Material,FAIL
INSP13498,M7796,MA1AB100000000466,NONE,reject,Unknown,INS97,Y,,PASS
INSP13499,M11054,MA1AB100000002701,D002,Reject,Unknown,INS65,N,Material,PASS
INSP13500,M9743,XX1 2 3 4,NONE,,Unknown,INS19,N,Weld,FAIL
INSP13501,M7504,MA1AB100000001440,D001,Reject,Unknown,INS95,N,Paint,FAIL
INSP13502,M9328,MA1AB100000001519,D004,Repair,Unknown,INS76,Y,Paint,PASS
INSP13503,M9743,MA1AB100000001629,NONE,reject,Unknown,INS27,N,Dimension,FAIL
INSP13504,M8672,MA1AB100000002636,NONE,Reject,Unknown,INS39,Y,Weld,FAIL
INSP13505,M10308,MA1AB100000001699,D004,,Unknown,INS55,Y,,FAIL
INSP13506,M7915,MA1AB100000003562,D004, ok ,Unknown,INS99,Y,Dimension,PASS
INSP13507,M7596,MA1AB100000002688,D002,Reject,Unknown,INS27,Y,Material,PASS
INSP13508,M10128,MA1AB100000004607,D003,,Unknown,INS11,N,Paint,PASS
INSP13509,M7529,MA1AB100000002737,NONE,,Unknown,INS53,N,,FAIL
INSP13510,M7742,MA1AB100000002577,D002, ok ,Unknown,INS26,Y,,PASS
INSP13511,M9071,MA1AB100000004131,D002,OK,Unknown,INS90,N,Weld,FAIL
INSP13512,M11054,MA1AB100000003687,D003,Repair,Unknown,INS49,Y,Paint,PASS
INSP13513,M11703,MA1AB100000001477,D001,reject,Unknown,INS91,Y,Paint,PASS
INSP13514,M7654,MA1AB100000001246,D003,reject,Unknown,INS75,Y,Weld,PASS
INSP13515,M7811,MA1AB100000001174,D001,Reject,Unknown,INS59,N,Weld,PASS
INSP13516,M10321,MA1AB100000000575,D002,,Unknown,INS89,Y,Paint,FAIL
INSP13517,M9189,MA1AB100000000060,D001,reject,Unknown,INS81,N,,PASS
INSP13518,M11959,MA1AB100000004167,D003, ok ,Unknown,INS44,N,Paint,PASS
INSP13519,M11231,MA1AB100000002721,D001,OK,Unknown,INS84,N,Dimension,PASS
INSP13520,M7645,MA1AB100000004368,NONE,Reject,Unknown,INS82,N,Dimension,FAIL
INSP13521,M11369,MA1AB100000004697,D002,Repair,Unknown,INS51,N,Dimension,FAIL
INSP13522,M9878,MA1AB100000002591,D001,reject,Unknown,INS61,Y,Dimension,PASS
INSP13523,M10495,MA1AB100000000701,D002,OK,Unknown,INS47,N,Paint,PASS
INSP13524,M11697,MA1AB100000003665,D003,,Unknown,INS74,N,,PASS
INSP13525,M7918,MA1AB100000003099,D003, ok ,Unknown,INS20,N,,PASS
INSP13526,M8380,MA1AB100000003723,NONE,OK,Unknown,INS37,N,Material,FAIL
INSP13527,M11445,MA1AB100000004378,D004,reject,Unknown,INS52,N,Paint,FAIL
INSP13528,M11952,MA1AB100000004308,D002, ok ,Unknown,INS76,Y,,PASS
INSP13529,M9984,MA1AB100000001784,D003,Reject,Unknown,INS37,Y,Dimension,FAIL
INSP13530,M11345,MA1AB100000001122,D003,Reject,Unknown,INS99,Y,Dimension,PASS
INSP13531,M9163,MA1AB100000000662,D002,Repair,Unknown,INS15,Y,Material,FAIL
INSP13532,M9026,MA1AB100000004855,D004,Repair,Unknown,INS16,Y,,FAIL
INSP13533,M8077,MA1AB100000002115,D001,Repair,Unknown,INS57,N,Paint,PASS
INSP13534,M11126,MA1AB100000004451,D003,OK,Unknown,INS23,Y,,PASS
INSP13535,M9556,MA1AB100000001090,D004,Reject,Unknown,INS86,Y,Material,PASS
INSP13536,M9471,MA1AB100000004196,D001, ok ,Unknown,INS40,Y,Dimension,FAIL
INSP13537,M8495,MA1AB100000004707,D001, ok ,Unknown,INS45,N,,FAIL
INSP13538,M9237,MA1AB100000000905,D001,,Unknown,INS56,N,Material,PASS
INSP13539,M11130,MA1AB100000001205,NONE,Reject,Unknown,INS85,Y,Material,PASS
INSP13540,M7312,MA1AB100000000294,D002,Repair,Unknown,INS68,Y,Weld,FAIL
INSP13541,M10072,MA1AB100000003577,D002,reject,Unknown,INS26,Y,Paint,PASS
INSP13542,M7508,MA1AB100000002358,D003, ok ,Unknown,INS67,N,,PASS
INSP13543,M10610,MA1AB100000002704,D004,,Unknown,INS47,Y,,PASS
INSP13544,M11698,MA1AB100000004847,D001,Reject,Unknown,INS44,N,Paint,FAIL
INSP13545,M7720,MA1AB100000004374,D003,reject,Unknown,INS19,Y,Paint,FAIL
INSP13546,M8410,MA1AB100000002123,D004, ok ,Unknown,INS94,Y,Material,FAIL
INSP13547,M7200,MA1AB100000000531,NONE,,Unknown,INS57,Y,Dimension,PASS
INSP13548,M9703,MA1AB100000001789,D003,OK,Unknown,INS87,Y,,FAIL
INSP13549,M7315,MA1AB100000004037,NONE,OK,Unknown,INS85,Y,Paint,FAIL
INSP13550,M10693,MA1AB100000003329,D003,OK,Unknown,INS46,Y,Material,PASS
INSP13551,M11714,MA1AB100000004765,NONE,reject,Unknown,INS60,Y,Dimension,PASS
INSP13552,M7582,MA1AB100000004651,D002,OK,Unknown,INS27,Y,,FAIL
INSP13553,M9788,MA1AB100000001461,D002,Reject,Unknown,INS37,N,Dimension,FAIL
INSP13554,M11909,MA1AB100000003183,D003,OK,Unknown,INS32,Y,Paint,PASS
INSP13555,M7272,MA1AB100000002223,D003, ok ,Unknown,INS54,Y,Weld,PASS
INSP13556,M11192,MA1AB100000004174,D002,,Unknown,INS63,N,,PASS
INSP13557,M9277,MA1AB100000000682,D003,Repair,Unknown,INS35,N,,FAIL
INSP13558,M8838,MA1AB100000001543,D003,Repair,Unknown,INS21,Y,Weld,PASS
INSP13559,M9441,MA1AB100000004917,D001,Reject,Unknown,INS89,Y,Weld,FAIL
INSP13560,M9133,MA1AB100000000642,D004,reject,Unknown,INS62,N,Material,FAIL
INSP13561,M8200,MA1AB100000002027,D004,,Unknown,INS46,N,,PASS
INSP13562,M8287,MA1AB100000001283,D003,,Unknown,INS55,Y,Material,FAIL
INSP13563,M11045,MA1AB100000002096,D003, ok ,Unknown,INS93,Y,Dimension,FAIL
INSP13564,M8067,MA1AB100000001871,D002,Reject,Unknown,INS65,N,Material,PASS
INSP13565,M11251,MA1AB100000003545,NONE,,Unknown,INS74,N,Weld,FAIL
INSP13566,M10702,MA1AB100000004680,D002,,Unknown,INS25,N,Paint,PASS
INSP13567,M8997,MA1AB100000004985,D002,reject,Unknown,INS49,N,Material,PASS
INSP13568,M10954,MA1AB100000004941,NONE, ok ,Unknown,INS49,Y,Dimension,PASS
INSP13569,M9711,MA1AB100000001082,NONE,,Unknown,INS91,N,Weld,PASS
INSP13570,M10212,MA1AB100000001628,D002,Repair,Unknown,INS39,N,Paint,PASS
INSP13571,M7821,MA1AB100000004642,D001,,Unknown,INS89,Y,,FAIL
INSP13572,M9618,MA1AB100000002823,NONE,Reject,Unknown,INS84,Y,,PASS
INSP13573,M9660,MA1AB100000003880,NONE,,Unknown,INS88,Y,,PASS
INSP13574,M7367,MA1AB100000004520,D004,Repair,Unknown,INS19,N,Dimension,PASS
INSP13575,M10885,MA1AB100000000916,D003, ok ,Unknown,INS60,Y,,PASS
INSP13576,M11732,MA1AB100000004001,D002,reject,Unknown,INS37,N,,PASS
INSP13577,M9776,MA1AB100000003913,D001,reject,Unknown,INS60,N,,FAIL
INSP13578,M11598,MA1AB100000003748,D003,OK,Unknown,INS85,N,Dimension,FAIL
INSP13579,M10888,MA1AB100000002819,NONE,reject,Unknown,INS95,N,Weld,FAIL
INSP13580,M10383,MA1AB100000000586,D002,,Unknown,INS33,Y,Weld,FAIL
INSP13581,M10217,MA1AB100000003196,D003,Reject,Unknown,INS98,Y,Paint,PASS
INSP13582,M11368,MA1AB100000004016,D001,Repair,Unknown,INS18,N,Material,PASS
INSP13583,M11954,MA1AB100000000629,NONE,reject,Unknown,INS66,N,,FAIL
INSP13584,M11191,MA1AB100000001148,NONE,Reject,Unknown,INS69,N,,FAIL
INSP13585,M9216,MA1AB100000003880,D003,OK,Unknown,INS68,N,Material,FAIL
INSP13586,M7437,MA1AB100000000932,D002,Reject,Unknown,INS94,Y,Weld,FAIL
INSP13587,M8830,MA1AB100000003990,D002,,Unknown,INS57,Y,Paint,PASS
INSP13588,M10933,MA1AB100000001509,D004,,Unknown,INS36,N,Weld,PASS
INSP13589,M11220,MA1AB100000004866,D001,OK,Unknown,INS26,Y,Paint,FAIL
INSP13590,M9623,MA1AB100000000699,D003,Repair,Unknown,INS82,N,Dimension,FAIL
INSP13591,M11344,MA1AB100000000961,D004, ok ,Unknown,INS65,N,Weld,FAIL
INSP13592,M10924,MA1AB100000003326,D002,Repair,Unknown,INS58,Y,Weld,PASS
INSP13593,M11913,MA1AB100000003526,D001, ok ,Unknown,INS40,N,,PASS
INSP13594,M11265,MA1AB100000000559,NONE, ok ,Unknown,INS44,N,Weld,FAIL
INSP13595,M10538,MA1AB100000001245,D003,Repair,Unknown,INS26,N,Weld,PASS
INSP13596,M11224,MA1AB100000004614,NONE,,Unknown,INS17,N,Material,FAIL
INSP13597,M9279,MA1AB100000002954,D002, ok ,Unknown,INS11,Y,Weld,PASS
INSP13598,M11620,MA1AB100000003855,D001,Repair,Unknown,INS48,N,Weld,FAIL
INSP13599,M7349,MA1AB100000003309,D004,OK,Unknown,INS81,Y,,PASS
INSP13600,M8435,MA1AB100000001221,D001,Repair,Unknown,INS13,Y,Weld,PASS
INSP13601,M7171,MA1AB100000002209,D004,OK,Unknown,INS48,N,,FAIL
INSP13602,M9555,MA1AB100000001958,D004, ok ,Unknown,INS19,Y,Material,FAIL
INSP13603,M10711,MA1AB100000000401,D002,,Unknown,INS91,N,,PASS
INSP13604,M10000,MA1AB100000004848,D004,OK,Unknown,INS40,N,Material,FAIL
INSP13605,M7159,MA1AB100000000047,D003,OK,Unknown,INS49,Y,Material,PASS
INSP13606,M9473,MA1AB100000003190,D002,,Unknown,INS61,N,Paint,PASS
INSP13607,M10673,MA1AB100000001509,D004,Repair,Unknown,INS47,Y,Weld,PASS
INSP13608,M7890,MA1AB100000000883,D002,Repair,Unknown,INS58,Y,Dimension,FAIL
INSP13609,M11983,MA1AB100000001009,D002,reject,Unknown,INS27,N,,PASS
INSP13610,M11218,MA1AB100000003693,NONE,reject,Unknown,INS53,Y,Weld,PASS
INSP13611,M10719,MA1AB100000000338,NONE,Repair,Unknown,INS27,N,Paint,FAIL
INSP13612,M10126,MA1AB100000000794,D002,OK,Unknown,INS64,Y,Paint,PASS
INSP13613,M9389,MA1AB100000002573,D004,,Unknown,INS67,N,Material,PASS
INSP13614,M7963,MA1AB100000000239,D003,reject,Unknown,INS44,N,Dimension,PASS
INSP13615,M9922,MA1AB100000002453,D003,reject,Unknown,INS74,Y,Weld,PASS
INSP13616,M10929,MA1AB100000004498,NONE,reject,Unknown,INS73,N,Material,FAIL
INSP13617,M8425,MA1AB100000000288,D003,reject,Unknown,INS81,N,Dimension,FAIL
INSP13618,M9236,MA1AB100000003182,D002,OK,Unknown,INS46,N,Weld,FAIL
INSP13619,M8406,MA1AB100000000530,D002,reject,Unknown,INS72,Y,Weld,FAIL
INSP13620,M10225,MA1AB100000002572,D004,Reject,Unknown,INS46,N,Weld,FAIL
INSP13621,M10872,MA1AB100000000653,D004,Reject,Unknown,INS67,N,Dimension,PASS
INSP13622,M8926,MA1AB100000002161,NONE,OK,Unknown,INS56,N,,PASS
INSP13623,M11563,MA1AB100000000642,D003,Repair,Unknown,INS89,Y,,PASS
INSP13624,M9397,MA1AB100000002365,D001,reject,Unknown,INS76,N,Paint,PASS
INSP13625,M10140,MA1AB100000003200,D002, ok ,Unknown,INS19,Y,Paint,FAIL
INSP13626,M9104,MA1AB100000003972,NONE,reject,Unknown,INS47,N,Material,FAIL
INSP13627,M9570,MA1AB100000000536,D002,Repair,Unknown,INS42,N,Dimension,PASS
INSP13628,M11043,MA1AB100000003333,D002,reject,Unknown,INS87,Y,Dimension,FAIL
INSP13629,M10544,MA1AB100000000827,D001, ok ,Unknown,INS44,Y,Material,FAIL
INSP13630,M10017,MA1AB100000004598,D002,OK,Unknown,INS10,Y,Weld,PASS
INSP13631,M8012,MA1AB100000000464,NONE,,Unknown,INS83,N,Weld,PASS
INSP13632,M11664,MA1AB100000000131,D003,OK,Unknown,INS21,N,Material,PASS
INSP13633,M7142,MA1AB100000001235,D004,,Unknown,INS65,N,Dimension,PASS
INSP13634,M11292,MA1AB100000002339,NONE,OK,Unknown,INS30,Y,,PASS
INSP13635,M10829,MA1AB100000000794,NONE,reject,Unknown,INS12,Y,Material,PASS
INSP13636,M11026,MA1AB100000004959,D001,OK,Unknown,INS71,Y,Weld,FAIL
INSP13637,M7240,MA1AB100000000658,NONE,Repair,Unknown,INS46,N,,PASS
INSP13638,M11493,MA1AB100000004400,D003,,Unknown,INS69,N,Material,PASS
INSP13639,M10646,MA1AB100000003128,D002,reject,Unknown,INS41,N,,FAIL
INSP13640,M8299,MA1AB100000001039,NONE,Reject,Unknown,INS99,Y,Weld,PASS
INSP13641,M8519,MA1AB100000001832,D004,reject,Unknown,INS35,N,,FAIL
INSP13642,M10830,MA1AB100000001079,D003,,Unknown,INS92,Y,,PASS
INSP13643,M11709,MA1AB100000002168,D002,Reject,Unknown,INS44,Y,,PASS
INSP13644,M11014,MA1AB100000004551,NONE, ok ,Unknown,INS95,Y,Material,PASS
INSP13645,M8793,MA1AB100000004811,NONE,reject,Unknown,INS37,Y,Material,FAIL
INSP13646,M8786,MA1AB100000000072,D003,Repair,Unknown,INS12,Y,Weld,PASS
INSP13647,M11330,MA1AB100000003389,D001,OK,Unknown,INS30,N,,FAIL
INSP13648,M7618,MA1AB100000001624,D001,OK,Unknown,INS86,N,Paint,PASS
INSP13649,M10141,MA1AB100000001986,D004, ok ,Unknown,INS79,Y,Dimension,PASS
INSP13650,M10037,MA1AB100000004751,D004,OK,Unknown,INS67,Y,Dimension,PASS
INSP13651,M7416,MA1AB100000003302,NONE,Reject,Unknown,INS23,N,Weld,FAIL
INSP13652,M9325,MA1AB100000004427,D002, ok ,Unknown,INS43,N,Weld,FAIL
INSP13653,M10684,MA1AB100000001447,D002,Reject,Unknown,INS55,Y,Paint,PASS
INSP13654,M9754,MA1AB100000002895,D001,,Unknown,INS81,N,Material,FAIL
INSP13655,M9563,MA1AB100000000533,D004,,Unknown,INS49,N,Dimension,PASS
INSP13656,M9527,MA1AB100000004341,D002,Repair,Unknown,INS82,Y,Paint,FAIL
INSP13657,M9920,MA1AB100000002863,D002,OK,Unknown,INS23,N,Paint,FAIL
INSP13658,M10675,MA1AB100000001792,D003,Repair,Unknown,INS10,N,Dimension,PASS
INSP13659,M10186,MA1AB100000004220,NONE,Reject,Unknown,INS98,N,Weld,FAIL
INSP13660,M8036,MA1AB100000004729,D002, ok ,Unknown,INS46,N,,PASS
INSP13661,M9641,MA1AB100000001162,NONE,reject,Unknown,INS24,N,Paint,FAIL
INSP13662,M10478,MA1AB100000003986,D002,reject,Unknown,INS58,Y,Paint,FAIL
INSP13663,M10145,MA1AB100000000980,D003,,Unknown,INS70,N,Dimension,FAIL
INSP13664,M11660,MA1AB100000001390,D003,Repair,Unknown,INS73,N,Dimension,FAIL
INSP13665,M8078,MA1AB100000004327,D003,reject,Unknown,INS62,N,Material,PASS
INSP13666,M8285,MA1AB100000000747,NONE,Reject,Unknown,INS19,Y,Dimension,PASS
INSP13667,M11867,MA1AB100000002844,NONE,Repair,Unknown,INS85,N,,FAIL
INSP13668,M7808,MA1AB100000003669,D004,,Unknown,INS62,N,,PASS
INSP13669,M9079,MA1AB100000001657,NONE,,Unknown,INS62,N,Dimension,FAIL
INSP13670,M8564,MA1AB100000004054,D002,Reject,Unknown,INS48,N,Material,PASS
INSP13671,M7685,MA1AB100000001689,D003,reject,Unknown,INS34,Y,,PASS
INSP13672,M9709,MA1AB100000002384,D001,OK,Unknown,INS77,Y,,FAIL
INSP13673,M8834,MA1AB100000000442,D001, ok ,Unknown,INS77,Y,Paint,PASS
INSP13674,M11961,MA1AB100000001364,D003,,Unknown,INS90,N,,PASS
INSP13675,M10057,MA1AB100000001902,NONE,reject,Unknown,INS75,N,Material,PASS
INSP13676,M10488,MA1AB100000004158,NONE,Reject,Unknown,INS76,Y,Material,FAIL
INSP13677,M11411,MA1AB100000003716,D001,reject,Unknown,INS51,Y,Material,PASS
INSP13678,M11228,MA1AB100000000962,D002,Repair,Unknown,INS67,N,,PASS
INSP13679,M11984,MA1AB100000000155,D004,reject,Unknown,INS39,N,Paint,FAIL
INSP13680,M9311,MA1AB100000003266,NONE,OK,Unknown,INS54,Y,Material,PASS
INSP13681,M7997,MA1AB100000003825,D003,Repair,Unknown,INS69,N,Weld,FAIL
INSP13682,M8393,MA1AB100000002086,D004,OK,Unknown,INS10,Y,Paint,FAIL
INSP13683,M9141,MA1AB100000000237,D001, ok ,Unknown,INS70,N,Material,PASS
INSP13684,M8838,MA1AB100000001724,NONE,reject,Unknown,INS75,Y,Material,FAIL
INSP13685,M10814,MA1AB100000001354,D004,Repair,Unknown,INS57,N,,PASS
INSP13686,M10166,MA1AB100000004661,D003,,Unknown,INS30,N,,PASS
INSP13687,M10163,MA1AB100000001093,NONE,reject,Unknown,INS61,N,Dimension,PASS
INSP13688,M11060,MA1AB100000001596,D001,,Unknown,INS88,N,Material,PASS
INSP13689,M11976,MA1AB100000004569,D004, ok ,Unknown,INS14,N,Dimension,FAIL
INSP13690,M7123,MA1AB100000001650,D002,OK,Unknown,INS88,N,Material,PASS
INSP13691,M7558,MA1AB100000004191,D002,Reject,Unknown,INS13,Y,Paint,PASS
INSP13692,M11199,MA1AB100000002987,D001,reject,Unknown,INS54,N,,FAIL
INSP13693,M8596,MA1AB100000001460,NONE,Repair,Unknown,INS23,Y,Dimension,FAIL
INSP13694,M8575,MA1AB100000000657,D002,reject,Unknown,INS35,N,,PASS
INSP13695,M8622,MA1AB100000003372,D002,Repair,Unknown,INS29,N,Material,PASS
INSP13696,M9006,MA1AB100000001308,NONE,Reject,Unknown,INS38,N,Paint,FAIL
INSP13697,M10568,MA1AB100000000947,D002,,Unknown,INS18,Y,,FAIL
INSP13698,M10483,MA1AB100000002658,NONE,Repair,Unknown,INS17,Y,Paint,PASS
INSP13699,M11546,MA1AB100000004707,NONE,Reject,Unknown,INS25,Y,Paint,PASS
INSP13700,M11326,MA1AB100000003234,D002, ok ,Unknown,INS60,N,Dimension,FAIL
INSP13701,M11636,MA1AB100000001293,NONE,Repair,Unknown,INS66,N,Paint,FAIL
INSP13702,M8004,MA1AB100000004334,D003,,Unknown,INS82,N,Weld,FAIL
INSP13703,M9914,MA1AB100000000962,D002, ok ,Unknown,INS54,Y,,FAIL
INSP13704,M10231,MA1AB100000002109,D003, ok ,Unknown,INS37,N,Weld,PASS
INSP13705,M11451,MA1AB100000001819,D001,,Unknown,INS84,Y,Paint,PASS
INSP13706,M7634,MA1AB100000002477,D003,OK,Unknown,INS48,Y,,PASS
INSP13707,M7093,MA1AB100000004217,NONE,Reject,Unknown,INS23,N,Dimension,PASS
INSP13708,M9117,MA1AB100000000656,NONE, ok ,Unknown,INS69,Y,Weld,FAIL
INSP13709,M9451,MA1AB100000004997,D001, ok ,Unknown,INS22,Y,Weld,PASS
INSP13710,M8661,MA1AB100000003784,D002,OK,Unknown,INS52,N,Material,FAIL
INSP13711,M11119,MA1AB100000004583,D002,Reject,Unknown,INS81,Y,Material,FAIL
INSP13712,M9588,MA1AB100000003404,D001, ok ,Unknown,INS42,N,Dimension,FAIL
INSP13713,M8930,MA1AB100000003627,D003,Repair,Unknown,INS54,N,Paint,FAIL
INSP13714,M9223,MA1AB100000004641,NONE,reject,Unknown,INS30,N,Weld,PASS
INSP13715,M11938,MA1AB100000001133,D004,Reject,Unknown,INS17,N,Dimension,PASS
INSP13716,M8874,MA1AB100000003710,NONE,reject,Unknown,INS88,Y,Dimension,FAIL
INSP13717,M7728,MA1AB100000003964,D001,Repair,Unknown,INS74,N,Material,FAIL
INSP13718,M10261,MA1AB100000000914,D003,,Unknown,INS39,Y,Paint,PASS
INSP13719,M8432,MA1AB100000004911,D003,Reject,Unknown,INS74,N,Material,FAIL
INSP13720,M8939,MA1AB100000004832,D003,,Unknown,INS33,Y,Paint,PASS
INSP13721,M8821,MA1AB100000004568,D004,Reject,Unknown,INS90,N,,FAIL
INSP13722,M11012,MA1AB100000003255,D004,OK,Unknown,INS91,N,,FAIL
INSP13723,M10745,MA1AB100000003217,NONE,reject,Unknown,INS64,N,Material,PASS
INSP13724,M10756,MA1AB100000001212,D003,,Unknown,INS18,N,Paint,PASS
INSP13725,M11650,MA1AB100000001626,NONE,OK,Unknown,INS97,N,Weld,FAIL
INSP13726,M9664,MA1AB100000001528,D002,OK,Unknown,INS51,Y,Weld,PASS
INSP13727,M9838,MA1AB100000002757,D003, ok ,Unknown,INS38,N,,FAIL
INSP13728,M8974,MA1AB100000001369,D002,Repair,Unknown,INS13,Y,Dimension,FAIL
INSP13729,M11898,MA1AB100000000539,D003,Reject,Unknown,INS67,N,Weld,FAIL
INSP13730,M10362,MA1AB100000002051,NONE,Reject,Unknown,INS86,Y,Dimension,PASS
INSP13731,M7584,MA1AB100000002862,D002,Repair,Unknown,INS45,N,Dimension,PASS
INSP13732,M8398,MA1AB100000003703,D003,OK,Unknown,INS49,Y,Weld,FAIL
INSP13733,M10844,MA1AB100000000734,D004,OK,Unknown,INS21,Y,Weld,PASS
INSP13734,M7775,MA1AB100000001468,D003,,Unknown,INS35,Y,Material,FAIL
INSP13735,M10425,MA1AB100000000317,D001,reject,Unknown,INS55,Y,Paint,FAIL
INSP13736,M7247,MA1AB100000003471,D003,Reject,Unknown,INS95,Y,,PASS
INSP13737,M8755,MA1AB100000001179,D001,Repair,Unknown,INS19,N,Weld,FAIL
INSP13738,M7621,MA1AB100000001898,D004,,Unknown,INS43,N,Weld,PASS
INSP13739,M8697,MA1AB100000000902,D003,,Unknown,INS27,N,Paint,PASS
INSP13740,M9918,MA1AB100000002238,D001,Repair,Unknown,INS91,N,Paint,FAIL
INSP13741,M11384,MA1AB100000004296,D002, ok ,Unknown,INS46,Y,Dimension,FAIL
INSP13742,M10336,MA1AB100000003463,NONE,Reject,Unknown,INS17,N,Weld,PASS
INSP13743,M8614,MA1AB100000004115,D004,Repair,Unknown,INS44,N,Paint,PASS
INSP13744,M9685,MA1AB100000004349,NONE,,Unknown,INS78,Y,,FAIL
INSP13745,M10024,MA1AB100000003828,D003,Reject,Unknown,INS90,N,Paint,FAIL
INSP13746,M11272,MA1AB100000002854,D004,reject,Unknown,INS89,N,Material,FAIL
INSP13747,M11576,MA1AB100000000090,NONE,,Unknown,INS15,N,,FAIL
INSP13748,M8191,MA1AB100000004904,D002, ok ,Unknown,INS41,Y,,PASS
INSP13749,M8137,MA1AB100000004672,D002,reject,Unknown,INS38,N,Dimension,PASS
INSP13750,M9398,XX1 2 3 4,NONE,Reject,Unknown,INS61,N,Dimension,PASS
INSP13751,M10877,MA1AB100000002232,D003,,Unknown,INS95,N,Material,FAIL
INSP13752,M8146,MA1AB100000003529,NONE,,Unknown,INS18,N,Weld,PASS
INSP13753,M7084,MA1AB100000000478,D004,reject,Unknown,INS59,N,Dimension,PASS
INSP13754,M11967,MA1AB100000000909,D001,OK,Unknown,INS77,Y,Paint,FAIL
INSP13755,M9522,MA1AB100000003900,D003,,Unknown,INS26,N,Weld,FAIL
INSP13756,M9793,MA1AB100000001310,D003,Repair,Unknown,INS49,N,Dimension,FAIL
INSP13757,M8030,MA1AB100000001442,NONE,OK,Unknown,INS94,Y,Material,FAIL
INSP13758,M11785,MA1AB100000003303,NONE,reject,Unknown,INS35,N,,PASS
INSP13759,M8569,MA1AB100000001079,NONE,reject,Unknown,INS99,N,Paint,PASS
INSP13760,M9968,MA1AB100000003757,D004,reject,Unknown,INS69,Y,,PASS
INSP13761,M10847,MA1AB100000001030,NONE,OK,Unknown,INS15,Y,,FAIL
INSP13762,M9724,MA1AB100000000043,NONE,OK,Unknown,INS62,N,Dimension,FAIL
INSP13763,M10437,MA1AB100000003016,D004,reject,Unknown,INS69,Y,Paint,PASS
INSP13764,M9336,MA1AB100000002835,D004,reject,Unknown,INS48,N,Paint,FAIL
INSP13765,M10226,MA1AB100000004591,D001, ok ,Unknown,INS94,N,Paint,FAIL
INSP13766,M8981,MA1AB100000000493,D004,Reject,Unknown,INS81,N,,PASS
INSP13767,M8185,MA1AB100000003097,NONE,Reject,Unknown,INS51,Y,Dimension,FAIL
INSP13768,M11294,MA1AB100000003943,D003,Reject,Unknown,INS49,Y,Dimension,PASS
INSP13769,M7566,MA1AB100000002968,D002,OK,Unknown,INS52,N,Weld,FAIL
INSP13770,M9907,MA1AB100000004707,NONE, ok ,Unknown,INS21,N,Material,FAIL
INSP13771,M7095,MA1AB100000004312,D003, ok ,Unknown,INS69,Y,Dimension,FAIL
INSP13772,M10197,MA1AB100000001117,NONE,,Unknown,INS17,Y,Paint,FAIL
INSP13773,M10402,MA1AB100000004243,NONE,reject,Unknown,INS13,N,Weld,PASS
INSP13774,M11627,MA1AB100000001831,NONE,OK,Unknown,INS30,N,,FAIL
INSP13775,M8193,MA1AB100000000478,D002, ok ,Unknown,INS76,Y,Material,FAIL
INSP13776,M9771,MA1AB100000001452,D003,,Unknown,INS93,N,Weld,PASS
INSP13777,M8451,MA1AB100000003733,NONE,Repair,Unknown,INS84,Y,Material,PASS
INSP13778,M7316,MA1AB100000001318,D002,,Unknown,INS14,Y,Dimension,FAIL
INSP13779,M10617,MA1AB100000000847,D004,reject,Unknown,INS95,N,Paint,FAIL
INSP13780,M8956,MA1AB100000003847,D001,Repair,Unknown,INS83,Y,Paint,FAIL
INSP13781,M11376,MA1AB100000003379,D002,OK,Unknown,INS87,Y,Dimension,PASS
INSP13782,M11980,MA1AB100000001269,D004,reject,Unknown,INS19,N,,FAIL
INSP13783,M8623,MA1AB100000004979,D003,,Unknown,INS60,N,,FAIL
INSP13784,M9445,MA1AB100000001005,NONE,Repair,Unknown,INS23,Y,Paint,FAIL
INSP13785,M11118,MA1AB100000002212,D004,reject,Unknown,INS65,N,Dimension,PASS
INSP13786,M7954,MA1AB100000003281,D001,Repair,Unknown,INS48,Y,Dimension,PASS
INSP13787,M7509,MA1AB100000000393,D001,OK,Unknown,INS51,N,Material,FAIL
INSP13788,M9831,MA1AB100000001808,D004, ok ,Unknown,INS91,N,Material,FAIL
INSP13789,M8959,MA1AB100000001567,D001,,Unknown,INS55,N,Paint,FAIL
INSP13790,M9345,MA1AB100000003697,D002,,Unknown,INS98,Y,Dimension,PASS
INSP13791,M11718,MA1AB100000001150,D001,OK,Unknown,INS89,N,Dimension,FAIL
INSP13792,M8133,MA1AB100000001291,NONE,reject,Unknown,INS27,Y,,FAIL
INSP13793,M8865,MA1AB100000003316,D003,,Unknown,INS96,N,Material,FAIL
INSP13794,M7799,MA1AB100000003991,NONE,Reject,Unknown,INS96,N,Weld,PASS
INSP13795,M11432,MA1AB100000004468,NONE,reject,Unknown,INS83,Y,Dimension,PASS
INSP13796,M7514,MA1AB100000000952,D002,Repair,Unknown,INS22,N,,FAIL
INSP13797,M7253,MA1AB100000003789,D001, ok ,Unknown,INS43,N,Material,PASS
INSP13798,M8092,MA1AB100000003158,D001,,Unknown,INS51,N,Weld,PASS
INSP13799,M7091,MA1AB100000003144,D004,reject,Unknown,INS69,Y,,FAIL
INSP13800,M7363,MA1AB100000000428,NONE, ok ,Unknown,INS38,Y,,PASS
INSP13801,M9902,MA1AB100000004186,D003,Repair,Unknown,INS51,N,,PASS
INSP13802,M8811,MA1AB100000000012,D003,Reject,Unknown,INS42,N,Weld,FAIL
INSP13803,M7780,MA1AB100000003474,D004,Reject,Unknown,INS32,N,Material,FAIL
INSP13804,M9474,MA1AB100000002850,NONE, ok ,Unknown,INS72,N,,PASS
INSP13805,M7157,MA1AB100000001538,D003,,Unknown,INS94,Y,Paint,PASS
INSP13806,M8494,MA1AB100000001461,NONE, ok ,Unknown,INS90,N,Material,PASS
INSP13807,M8611,MA1AB100000001637,D004,OK,Unknown,INS69,N,Paint,FAIL
INSP13808,M11854,MA1AB100000004643,D001,OK,Unknown,INS73,N,Material,PASS
INSP13809,M7948,MA1AB100000001054,D003,Reject,Unknown,INS60,Y,Material,FAIL
INSP13810,M10779,MA1AB100000003271,D003,Reject,Unknown,INS16,Y,Paint,PASS
INSP13811,M8304,MA1AB100000002147,D001,Reject,Unknown,INS59,Y,Paint,FAIL
INSP13812,M8651,MA1AB100000004194,D002,OK,Unknown,INS34,Y,Dimension,FAIL
INSP13813,M10114,MA1AB100000004398,NONE, ok ,Unknown,INS10,Y,Paint,FAIL
INSP13814,M7941,MA1AB100000003695,NONE,Repair,Unknown,INS65,N,,PASS
INSP13815,M11307,MA1AB100000004011,D003,reject,Unknown,INS22,Y,,PASS
INSP13816,M7891,MA1AB100000001252,NONE,Reject,Unknown,INS75,Y,,FAIL
INSP13817,M10529,MA1AB100000000391,D002, ok ,Unknown,INS95,N,Dimension,FAIL
INSP13818,M11446,MA1AB100000000726,D001,reject,Unknown,INS83,N,Material,PASS
INSP13819,M11458,MA1AB100000000037,NONE,reject,Unknown,INS53,N,Material,FAIL
INSP13820,M8957,MA1AB100000004341,D004,Repair,Unknown,INS86,Y,Weld,FAIL
INSP13821,M7905,MA1AB100000000571,D001,Reject,Unknown,INS93,Y,Dimension,PASS
INSP13822,M11619,MA1AB100000003052,D003,,Unknown,INS81,Y,Dimension,PASS
INSP13823,M7962,MA1AB100000003721,D002, ok ,Unknown,INS78,N,Paint,FAIL
INSP13824,M11064,MA1AB100000000065,D004,,Unknown,INS12,N,Material,FAIL
INSP13825,M7091,MA1AB100000003071,D001,Repair,Unknown,INS78,N,Weld,PASS
INSP13826,M7383,MA1AB100000002980,D004,Reject,Unknown,INS35,N,,FAIL
INSP13827,M7655,MA1AB100000004946,D003, ok ,Unknown,INS87,Y,Dimension,FAIL
INSP13828,M8704,MA1AB100000000342,D003,OK,Unknown,INS90,N,Dimension,PASS
INSP13829,M11063,MA1AB100000002408,D004,OK,Unknown,INS55,N,Material,PASS
INSP13830,M11944,MA1AB100000002918,D004,,Unknown,INS95,N,Dimension,PASS
INSP13831,M8108,MA1AB100000000781,D002,,Unknown,INS70,N,,FAIL
INSP13832,M11752,MA1AB100000003094,D004,Reject,Unknown,INS15,Y,Weld,PASS
INSP13833,M7743,MA1AB100000001521,D003,,Unknown,INS68,N,Paint,PASS
INSP13834,M11833,MA1AB100000002251,D002,,Unknown,INS52,N,Dimension,PASS
INSP13835,M10377,MA1AB100000002019,D003,OK,Unknown,INS32,N,Weld,FAIL
INSP13836,M11398,MA1AB100000003519,D002,,Unknown,INS57,N,Material,PASS
INSP13837,M10969,MA1AB100000000386,D004,OK,Unknown,INS92,N,,FAIL
INSP13838,M10391,MA1AB100000000682,NONE,reject,Unknown,INS30,Y,Dimension,PASS
INSP13839,M11062,MA1AB100000001973,D002,Repair,Unknown,INS64,Y,Paint,FAIL
INSP13840,M7699,MA1AB100000000687,D004,reject,Unknown,INS18,N,Weld,FAIL
INSP13841,M7111,MA1AB100000001417,NONE, ok ,Unknown,INS66,N,Weld,FAIL
INSP13842,M8150,MA1AB100000004014,NONE,reject,Unknown,INS38,N,Dimension,FAIL
INSP13843,M10945,MA1AB100000002411,NONE,reject,Unknown,INS95,Y,Weld,FAIL
INSP13844,M10893,MA1AB100000002302,D004,Repair,Unknown,INS27,Y,,FAIL
INSP13845,M7191,MA1AB100000001417,D002,OK,Unknown,INS91,N,Paint,PASS
INSP13846,M8119,MA1AB100000004879,D003,,Unknown,INS42,Y,,FAIL
INSP13847,M8768,MA1AB100000002857,D001,Repair,Unknown,INS17,Y,Material,FAIL
INSP13848,M9440,MA1AB100000001144,NONE,,Unknown,INS11,N,,PASS
INSP13849,M10069,MA1AB100000000002,NONE,OK,Unknown,INS51,Y,Weld,FAIL
INSP13850,M8163,MA1AB100000004123,NONE, ok ,Unknown,INS13,N,Material,FAIL
INSP13851,M10899,MA1AB100000004697,D003,Reject,Unknown,INS82,Y,Dimension,FAIL
INSP13852,M11640,MA1AB100000003606,NONE,Reject,Unknown,INS76,N,,FAIL
INSP13853,M7349,MA1AB100000002894,D001,reject,Unknown,INS22,N,Weld,PASS
INSP13854,M10270,MA1AB100000004911,D001,Repair,Unknown,INS85,Y,Dimension,FAIL
INSP13855,M9788,MA1AB100000002281,D002,OK,Unknown,INS30,Y,Material,PASS
INSP13856,M10185,MA1AB100000004176,D004,,Unknown,INS18,N,Paint,FAIL
INSP13857,M7675,MA1AB100000001664,D001,,Unknown,INS94,N,Dimension,PASS
INSP13858,M11308,MA1AB100000000035,NONE,reject,Unknown,INS41,N,Paint,FAIL
INSP13859,M10578,MA1AB100000001974,D001,,Unknown,INS40,Y,Dimension,FAIL
INSP13860,M9885,MA1AB100000000881,D003, ok ,Unknown,INS36,Y,Dimension,PASS
INSP13861,M9165,MA1AB100000001493,D001, ok ,Unknown,INS51,N,Weld,PASS
INSP13862,M11251,MA1AB100000003988,D002,reject,Unknown,INS87,Y,Dimension,PASS
INSP13863,M11064,MA1AB100000000440,D001, ok ,Unknown,INS31,N,Dimension,FAIL
INSP13864,M10188,MA1AB100000002397,D004,Repair,Unknown,INS60,Y,Dimension,FAIL
INSP13865,M8358,MA1AB100000001817,NONE,Repair,Unknown,INS22,Y,,FAIL
INSP13866,M8416,MA1AB100000001170,D001,reject,Unknown,INS70,N,Dimension,PASS
INSP13867,M7963,MA1AB100000004215,D002, ok ,Unknown,INS92,N,Paint,FAIL
INSP13868,M7568,MA1AB100000004572,D002,OK,Unknown,INS31,Y,,PASS
INSP13869,M7978,MA1AB100000002834,NONE,OK,Unknown,INS79,N,Dimension,PASS
INSP13870,M10128,MA1AB100000004204,D004,Reject,Unknown,INS34,Y,Material,FAIL
INSP13871,M11371,MA1AB100000002310,D001,Reject,Unknown,INS74,N,,FAIL
INSP13872,M7547,MA1AB100000004596,NONE, ok ,Unknown,INS29,N,,PASS
INSP13873,M11231,MA1AB100000000290,D002,,Unknown,INS85,N,Paint,FAIL
INSP13874,M10509,MA1AB100000001583,D003,OK,Unknown,INS92,N,,FAIL
INSP13875,M9309,MA1AB100000000103,D002,OK,Unknown,INS82,Y,Paint,PASS
INSP13876,M10098,MA1AB100000003637,D002,Repair,Unknown,INS21,N,Material,PASS
INSP13877,M10774,MA1AB100000002625,D001,OK,Unknown,INS28,Y,Weld,PASS
INSP13878,M9939,MA1AB100000001048,D003,,Unknown,INS98,N,Dimension,PASS
INSP13879,M7416,MA1AB100000000858,NONE,Repair,Unknown,INS20,N,Paint,PASS
INSP13880,M7930,MA1AB100000000051,D001,,Unknown,INS62,N,Material,PASS
INSP13881,M11744,MA1AB100000002827,D002,reject,Unknown,INS24,Y,Weld,FAIL
INSP13882,M11840,MA1AB100000003967,NONE,,Unknown,INS49,Y,Dimension,PASS
INSP13883,M9107,MA1AB100000000842,D003,,Unknown,INS65,Y,Weld,PASS
INSP13884,M10399,MA1AB100000003682,D002,Reject,Unknown,INS93,Y,Material,FAIL
INSP13885,M10365,MA1AB100000000263,NONE,Reject,Unknown,INS50,N,Paint,PASS
INSP13886,M11579,MA1AB100000001281,D001,Repair,Unknown,INS35,N,Paint,FAIL
INSP13887,M7669,MA1AB100000004791,D001,,Unknown,INS39,Y,Dimension,PASS
INSP13888,M10956,MA1AB100000002756,D003,,Unknown,INS30,N,Dimension,PASS
INSP13889,M8877,MA1AB100000004979,D003,reject,Unknown,INS38,N,Material,FAIL
INSP13890,M11173,MA1AB100000001961,D004,Reject,Unknown,INS48,Y,Dimension,FAIL
INSP13891,M7699,MA1AB100000003886,NONE,Repair,Unknown,INS54,Y,Paint,PASS
INSP13892,M11892,MA1AB100000003105,D003,reject,Unknown,INS88,Y,,PASS
INSP13893,M11334,MA1AB100000004223,D001,,Unknown,INS15,Y,Paint,FAIL
INSP13894,M10822,MA1AB100000000968,D004,Repair,Unknown,INS50,Y,Dimension,FAIL
INSP13895,M8322,MA1AB100000001866,D002,Reject,Unknown,INS89,Y,Paint,PASS
INSP13896,M8962,MA1AB100000003944,NONE,,Unknown,INS22,Y,,PASS
INSP13897,M9846,MA1AB100000001770,D002,Repair,Unknown,INS76,Y,Paint,PASS
INSP13898,M11352,MA1AB100000000666,NONE,,Unknown,INS95,Y,Weld,FAIL
INSP13899,M9870,MA1AB100000003264,D002,,Unknown,INS58,N,Weld,PASS
INSP13900,M9782,MA1AB100000004812,D004,OK,Unknown,INS18,N,Weld,PASS
INSP13901,M11362,MA1AB100000002529,D002,OK,Unknown,INS68,N,Paint,FAIL
INSP13902,M8718,MA1AB100000004960,D001,Reject,Unknown,INS11,Y,,PASS
INSP13903,M8113,MA1AB100000004954,NONE,reject,Unknown,INS34,N,Material,PASS
INSP13904,M8036,MA1AB100000004092,D001, ok ,Unknown,INS47,Y,Paint,PASS
INSP13905,M11470,MA1AB100000004338,D002,Repair,Unknown,INS46,Y,,PASS
INSP13906,M9911,MA1AB100000002583,D003,Repair,Unknown,INS77,Y,Dimension,PASS
INSP13907,M7147,MA1AB100000001551,D001, ok ,Unknown,INS59,N,Dimension,PASS
INSP13908,M8083,MA1AB100000002098,D004,reject,Unknown,INS52,N,Material,PASS
INSP13909,M10201,MA1AB100000003390,D003,,Unknown,INS49,N,Weld,FAIL
INSP13910,M11606,MA1AB100000004799,D002, ok ,Unknown,INS33,Y,,PASS
INSP13911,M8413,MA1AB100000003140,D002,reject,Unknown,INS38,Y,,FAIL
INSP13912,M10330,MA1AB100000003725,D002,Repair,Unknown,INS84,Y,Dimension,PASS
INSP13913,M8155,MA1AB100000003630,D004, ok ,Unknown,INS48,Y,Paint,FAIL
INSP13914,M9778,MA1AB100000001818,D004,Reject,Unknown,INS43,N,Weld,PASS
INSP13915,M11437,MA1AB100000000236,D003,,Unknown,INS69,Y,,PASS
INSP13916,M11629,MA1AB100000002271,D004,Repair,Unknown,INS25,Y,Dimension,FAIL
INSP13917,M10595,MA1AB100000003577,D004,reject,Unknown,INS11,N,Material,PASS
INSP13918,M9472,MA1AB100000000019,D004,Repair,Unknown,INS90,N,Weld,FAIL
INSP13919,M8887,MA1AB100000000751,D004,Repair,Unknown,INS46,N,Paint,FAIL
INSP13920,M7135,MA1AB100000003258,D002,,Unknown,INS89,Y,Material,PASS
INSP13921,M7916,MA1AB100000001381,D001,,Unknown,INS42,N,Weld,PASS
INSP13922,M11984,MA1AB100000000768,D003,Repair,Unknown,INS31,Y,,FAIL
INSP13923,M9687,MA1AB100000000402,D003,Reject,Unknown,INS42,N,Weld,PASS
INSP13924,M9897,MA1AB100000000790,D001,reject,Unknown,INS71,N,Dimension,PASS
INSP13925,M9519,MA1AB100000004061,D001,reject,Unknown,INS31,N,Paint,PASS
INSP13926,M10777,MA1AB100000000813,D004, ok ,Unknown,INS66,N,Material,FAIL
INSP13927,M9381,MA1AB100000001720,D003,Reject,Unknown,INS70,Y,Dimension,PASS
INSP13928,M7196,MA1AB100000000977,D004,,Unknown,INS29,Y,Paint,PASS
INSP13929,M7578,MA1AB100000004948,D002,Repair,Unknown,INS67,Y,Material,FAIL
INSP13930,M10408,MA1AB100000001822,D002,Repair,Unknown,INS44,Y,Weld,PASS
INSP13931,M10229,MA1AB100000001134,D003,Repair,Unknown,INS51,N,Dimension,PASS
INSP13932,M8262,MA1AB100000003776,D003,reject,Unknown,INS98,N,Weld,PASS
INSP13933,M11277,MA1AB100000002183,D001,OK,Unknown,INS49,N,,PASS
INSP13934,M8022,MA1AB100000003622,D003,reject,Unknown,INS94,N,Dimension,FAIL
INSP13935,M8386,MA1AB100000000162,D003,Reject,Unknown,INS26,N,Weld,FAIL
INSP13936,M9411,MA1AB100000002456,NONE, ok ,Unknown,INS49,Y,Material,FAIL
INSP13937,M9134,MA1AB100000004514,D001,reject,Unknown,INS74,N,,PASS
INSP13938,M7911,MA1AB100000000525,D003,Repair,Unknown,INS32,Y,Weld,FAIL
INSP13939,M8248,MA1AB100000003549,D001,Reject,Unknown,INS82,Y,Paint,FAIL
INSP13940,M8633,MA1AB100000002110,D003, ok ,Unknown,INS38,N,Material,FAIL
INSP13941,M10699,MA1AB100000002913,D002,OK,Unknown,INS58,Y,Material,FAIL
INSP13942,M10586,MA1AB100000004743,D003, ok ,Unknown,INS65,N,Paint,FAIL
INSP13943,M8878,MA1AB100000001781,D002,,Unknown,INS32,N,Dimension,PASS
INSP13944,M8446,MA1AB100000004699,NONE,Reject,Unknown,INS46,N,Dimension,PASS
INSP13945,M7557,MA1AB100000004896,NONE,reject,Unknown,INS15,Y,Dimension,FAIL
INSP13946,M7886,MA1AB100000003337,D004,Repair,Unknown,INS75,N,Dimension,PASS
INSP13947,M7702,MA1AB100000000394,D001,Reject,Unknown,INS62,Y,Paint,FAIL
INSP13948,M9763,MA1AB100000002976,NONE,OK,Unknown,INS54,Y,Weld,FAIL
INSP13949,M7742,MA1AB100000000653,D003,Reject,Unknown,INS80,Y,Dimension,PASS
INSP13950,M11507,MA1AB100000004608,D001,OK,Unknown,INS68,N,,PASS
INSP13951,M9199,MA1AB100000001427,D001,Reject,Unknown,INS27,N,Material,FAIL
INSP13952,M8392,MA1AB100000003797,D003,OK,Unknown,INS45,Y,Material,FAIL
INSP13953,M11618,MA1AB100000003713,D002,OK,Unknown,INS19,Y,Paint,PASS
INSP13954,M7836,MA1AB100000003949,D004,reject,Unknown,INS58,N,Dimension,PASS
INSP13955,M9325,MA1AB100000002173,D002, ok ,Unknown,INS28,N,Paint,FAIL
INSP13956,M8975,MA1AB100000000785,D001,Repair,Unknown,INS77,N,Material,FAIL
INSP13957,M10901,MA1AB100000001394,D002,reject,Unknown,INS68,N,Dimension,FAIL
INSP13958,M7683,MA1AB100000004484,D004,reject,Unknown,INS13,Y,Weld,FAIL
INSP13959,M11152,MA1AB100000003305,NONE,Reject,Unknown,INS86,N,,PASS
INSP13960,M8370,MA1AB100000003201,D004,OK,Unknown,INS10,Y,Material,PASS
INSP13961,M10004,MA1AB100000003795,D003,Repair,Unknown,INS50,Y,Paint,FAIL
INSP13962,M8673,MA1AB100000000890,NONE,OK,Unknown,INS39,N,Weld,FAIL
INSP13963,M9915,MA1AB100000003097,D001,Repair,Unknown,INS52,Y,Dimension,FAIL
INSP13964,M10241,MA1AB100000000220,D002,OK,Unknown,INS88,Y,Dimension,PASS
INSP13965,M9287,MA1AB100000002964,D003,,Unknown,INS88,N,Material,PASS
INSP13966,M7058,MA1AB100000004646,D004,reject,Unknown,INS76,Y,Weld,PASS
INSP13967,M8683,MA1AB100000003798,D001,OK,Unknown,INS73,N,Dimension,PASS
INSP13968,M10520,MA1AB100000000985,D003,,Unknown,INS73,Y,Material,FAIL
INSP13969,M10430,MA1AB100000001469,NONE,OK,Unknown,INS44,N,Paint,PASS
INSP13970,M11530,MA1AB100000004340,D003,OK,Unknown,INS81,Y,Paint,PASS
INSP13971,M11646,MA1AB100000002214,D002,reject,Unknown,INS45,Y,Dimension,PASS
INSP13972,M8354,MA1AB100000002820,D002,Repair,Unknown,INS37,N,Paint,FAIL
INSP13973,M7228,MA1AB100000003239,D001,Repair,Unknown,INS79,Y,Paint,PASS
INSP13974,M9675,MA1AB100000002595,D001,OK,Unknown,INS93,N,Material,FAIL
INSP13975,M11660,MA1AB100000003598,NONE,Repair,Unknown,INS68,Y,Material,FAIL
INSP13976,M11930,MA1AB100000002726,D004,,Unknown,INS25,N,Paint,FAIL
INSP13977,M8717,MA1AB100000002043,D004,OK,Unknown,INS20,Y,Weld,PASS
INSP13978,M9536,MA1AB100000004589,D003, ok ,Unknown,INS11,Y,Paint,FAIL
INSP13979,M9497,MA1AB100000001185,D003,,Unknown,INS99,N,Weld,PASS
INSP13980,M11124,MA1AB100000004319,D004,OK,Unknown,INS82,Y,,FAIL
INSP13981,M8319,MA1AB100000003041,D004,,Unknown,INS84,N,Dimension,PASS
INSP13982,M9927,MA1AB100000001688,D001,Repair,Unknown,INS24,Y,,PASS
INSP13983,M10129,MA1AB100000004346,D004,Reject,Unknown,INS96,N,Dimension,PASS
INSP13984,M7990,MA1AB100000004193,D004,Repair,Unknown,INS89,Y,Weld,PASS
INSP13985,M9782,MA1AB100000001699,NONE,Reject,Unknown,INS59,N,Material,PASS
INSP13986,M9909,MA1AB100000003840,D002,Repair,Unknown,INS40,N,Material,FAIL
INSP13987,M10248,MA1AB100000001219,D003,Reject,Unknown,INS17,Y,Paint,FAIL
INSP13988,M9161,MA1AB100000002808,D001,,Unknown,INS64,Y,Weld,FAIL
INSP13989,M9083,MA1AB100000004984,D003,,Unknown,INS78,N,Paint,PASS
INSP13990,M7502,MA1AB100000004353,NONE,,Unknown,INS92,Y,,PASS
INSP13991,M10407,MA1AB100000002590,D001,Reject,Unknown,INS64,N,Dimension,FAIL
INSP13992,M8013,MA1AB100000003594,D002,Repair,Unknown,INS45,Y,Material,PASS
INSP13993,M7730,MA1AB100000004921,D003,reject,Unknown,INS22,N,Dimension,PASS
INSP13994,M7852,MA1AB100000000820,D004,,Unknown,INS70,Y,Dimension,FAIL
INSP13995,M8609,MA1AB100000002574,D001,Reject,Unknown,INS25,N,Weld,PASS
INSP13996,M9817,MA1AB100000001765,D004, ok ,Unknown,INS63,N,,PASS
INSP13997,M7451,MA1AB100000002194,D001,OK,Unknown,INS37,Y,Paint,FAIL
INSP13998,M10581,MA1AB100000002109,D003,,Unknown,INS61,Y,Dimension,FAIL
INSP13999,M9032,MA1AB100000000293,NONE,OK,Unknown,INS18,N,Dimension,FAIL
