Reading_ID,Event_ID,Tool_Mac,Torque,Temp
SR-1,EVT-12441,AA:BB:CC:00:44,43.4,81.4
SR-2,EVT-12686,AA:BB:CC:00:65,42.4,82.2
SR-3,EVT-14996,AA:BB:CC:00:14,41.7,87.7
SR-4,EVT-12069,AA:BB:CC:00:91,47.1,82.3
SR-5,EVT-10535,AA:BB:CC:00:26,45.3,79.7
SR-6,EVT-10381,AA:BB:CC:00:32,48.6,85.9
SR-7,EVT-12407,AA:BB:CC:00:02,43.5,82.5
SR-8,EVT-13062,AA:BB:CC:00:16,46.4,83.9
SR-9,EVT-12210,AA:BB:CC:00:92,42.3,87.0
SR-10,EVT-13187,AA:BB:CC:00:49,47.1,90.7
SR-11,EVT-11206,AA:BB:CC:00:90,42.8,86.6
SR-12,EVT-14038,AA:BB:CC:00:75,44.0,83.4
SR-13,EVT-10274,AA:BB:CC:00:23,44.7,86.5
SR-14,EVT-14521,AA:BB:CC:00:94,46.1,88.0
SR-15,EVT-14013,AA:BB:CC:00:60,46.4,92.8
SR-16,EVT-13399,AA:BB:CC:00:95,46.2,84.9
SR-17,EVT-13872,AA:BB:CC:00:66,46.1,80.2
SR-18,EVT-10389,AA:BB:CC:00:20,46.2,74.4
SR-19,EVT-10270,AA:BB:CC:00:93,44.6,87.0
SR-20,EVT-14164,AA:BB:CC:00:74,46.2,84.7
SR-21,EVT-13021,AA:BB:CC:00:18,44.1,84.8
SR-22,EVT-10456,AA:BB:CC:00:59,44.4,74.6
SR-23,EVT-10345,AA:BB:CC:00:31,44.5,90.0
SR-24,EVT-13551,AA:BB:CC:00:04,43.3,80.8
SR-25,EVT-13327,AA:BB:CC:00:27,46.2,87.0
SR-26,EVT-14869,AA:BB:CC:00:18,46.5,93.2
SR-27,EVT-13456,AA:BB:CC:00:63,45.3,79.5
SR-28,EVT-11550,AA:BB:CC:00:95,42.2,89.9
SR-29,EVT-13873,AA:BB:CC:00:71,47.1,82.9
SR-30,EVT-12007,AA:BB:CC:00:19,44.1,85.7
SR-31,EVT-13757,AA:BB:CC:00:39,46.1,87.8
SR-32,EVT-11074,AA:BB:CC:00:66,46.1,80.9
SR-33,EVT-14040,AA:BB:CC:00:78,47.8,86.7
SR-34,EVT-12314,AA:BB:CC:00:100,45.2,85.5
SR-35,EVT-13562,AA:BB:CC:00:46,45.4,83.8
SR-36,EVT-14945,AA:BB:CC:00:92,48.5,185 F
SR-37,EVT-14587,AA:BB:CC:00:38,43.8,83.4
SR-38,EVT-13030,AA:BB:CC:00:67,47.6,78.7
SR-39,EVT-11832,AA:BB:CC:00:29,46.1,88.9
SR-40,EVT-12056,AA:BB:CC:00:91,47.6,80.8
SR-41,EVT-14006,AA:BB:CC:00:57,42.0,87.9
SR-42,EVT-14416,AA:BB:CC:00:48,43.4,75.9
SR-43,EVT-14467,AA:BB:CC:00:52,43.1,87.6
SR-44,EVT-12370,AA:BB:CC:00:48,42.6,76.2
SR-45,EVT-11366,AA:BB:CC:00:61,46.9,90.4
SR-46,EVT-13961,AA:BB:CC:00:67,44.9,81.1
SR-47,EVT-11171,AA:BB:CC:00:48,41.8,89.1
SR-48,EVT-12239,AA:BB:CC:00:94,41.6,88.4
SR-49,EVT-10915,AA:BB:CC:00:82,44.9,185 F
SR-50,EVT-11360,AA:BB:CC:00:08,45.4,90.6
SR-51,EVT-10084,AA:BB:CC:00:74,41.7,79.8
SR-52,EVT-11495,AA:BB:CC:00:86,43.6,185 F
SR-53,EVT-11558,AA:BB:CC:00:88,49.9,74.6
SR-54,EVT-13886,AA:BB:CC:00:67,45.6,80.3
SR-55,EVT-14609,AA:BB:CC:00:14,43.1 Nm,86.9
SR-56,EVT-14457,AA:BB:CC:00:47,45.9,84.8
SR-57,EVT-13799,AA:BB:CC:00:24,44.6,85.8
SR-58,EVT-10032,AA:BB:CC:00:91,43.7,85.4
SR-59,EVT-11784,AA:BB:CC:00:62,43.6,86.6
SR-60,EVT-12796,AA:BB:CC:00:58,43.2,85.0
SR-61,EVT-14715,AA:BB:CC:00:34,45.6,86.2
SR-62,EVT-10270,AA:BB:CC:00:31,45.0,78.1
SR-63,EVT-13871,AA:BB:CC:00:48,43.8,80.7
SR-64,EVT-11385,AA:BB:CC:00:91,46.4,81.2
SR-65,EVT-10443,AA:BB:CC:00:45,45.6,85.6
SR-66,EVT-13541,AA:BB:CC:00:29,43.0,88.4
SR-67,EVT-13870,AA:BB:CC:00:29,44.5,83.9
SR-68,EVT-10147,AA:BB:CC:00:63,45.6,81.5
SR-69,EVT-13689,AA:BB:CC:00:48,46.2,82.6
SR-70,EVT-12518,AA:BB:CC:00:12,43.0,86.0
SR-71,EVT-10542,AA:BB:CC:00:78,43.0,85.4
SR-72,EVT-12305,AA:BB:CC:00:27,43.7,93.2
SR-73,EVT-14364,AA:BB:CC:00:47,47.0,89.8
SR-74,EVT-12025,AA:BB:CC:00:66,43.9,77.1
SR-75,EVT-10351,AA:BB:CC:00:37,42.6,81.3
SR-76,EVT-10368,AA:BB:CC:00:45,46.9,82.8
SR-77,EVT-14878,AA:BB:CC:00:57,42.3,91.1
SR-78,EVT-14427,AA:BB:CC:00:18,44.1,84.8
SR-79,EVT-12587,AA:BB:CC:00:13,42.0,90.2
SR-80,EVT-12152,AA:BB:CC:00:73,45.6,185 F
SR-81,EVT-10779,AA:BB:CC:00:29,44.7,85.1
SR-82,EVT-11483,AA:BB:CC:00:56,45.6,81.0
SR-83,EVT-12485,AA:BB:CC:00:74,43.5,91.3
SR-84,EVT-13257,AA:BB:CC:00:20,48.1,76.3
SR-85,EVT-13440,AA:BB:CC:00:29,44.4,83.1
SR-86,EVT-12749,AA:BB:CC:00:06,46.4,80.8
SR-87,EVT-14169,AA:BB:CC:00:26,44.6,80.2
SR-88,EVT-11015,AA:BB:CC:00:61,44.1,86.9
SR-89,EVT-13571,AA:BB:CC:00:86,45.4,86.5 C
SR-90,EVT-11075,AA:BB:CC:00:43,49.1,83.1
SR-91,EVT-14893,AA:BB:CC:00:47,45.3,88.2
SR-92,EVT-13680,AA:BB:CC:00:26,43.8,90.2
SR-93,EVT-11039,AA:BB:CC:00:81,46.8,92.7
SR-94,EVT-12185,AA:BB:CC:00:01,41.2,75.7
SR-95,EVT-12702,AA:BB:CC:00:95,50.1,92.8
SR-96,EVT-14889,AA:BB:CC:00:73,46.0 Nm,90.0
SR-97,EVT-14284,AA:BB:CC:00:26,43.2,85.5
SR-98,EVT-11015,AA:BB:CC:00:64,43.5,77.1
SR-99,EVT-14622,AA:BB:CC:00:62,45.4,90.1
SR-100,EVT-11669,AA:BB:CC:00:06,41.4,87.7
SR-101,EVT-12273,AA:BB:CC:00:62,47.3,89.9
SR-102,EVT-11642,AA:BB:CC:00:66,46.9,89.3
SR-103,EVT-13928,AA:BB:CC:00:42,46.4,82.3
SR-104,EVT-12392,AA:BB:CC:00:27,44.1,90.8
SR-105,EVT-14389,AA:BB:CC:00:65,50.8,89.7
SR-106,EVT-12511,AA:BB:CC:00:30,43.2,85.2
SR-107,EVT-11576,AA:BB:CC:00:82,43.9,83.1
SR-108,EVT-13738,AA:BB:CC:00:98,42.3,83.5
SR-109,EVT-10503,AA:BB:CC:00:85,9000,93.9
SR-110,EVT-14006,AA:BB:CC:00:65,43.8,89.4
SR-111,EVT-12502,AA:BB:CC:00:47,45.6,83.0
SR-112,EVT-10325,AA:BB:CC:00:32,48.3,84.6
SR-113,EVT-11580,AA:BB:CC:00:34,46.9,83.8
SR-114,EVT-13850,AA:BB:CC:00:47,44.0,82.9
SR-115,EVT-13837,AA:BB:CC:00:14,44.7,81.5
SR-116,EVT-14887,AA:BB:CC:00:05,43.9,79.7
SR-117,EVT-12360,AA:BB:CC:00:36,46.6,81.6
SR-118,EVT-10551,AA:BB:CC:00:96,42.8,85.3
SR-119,EVT-13928,AA:BB:CC:00:09, 48.2 ,88.4
SR-120,EVT-10292,AA:BB:CC:00:35,45.7,81.9
SR-121,EVT-11794,AA:BB:CC:00:25,41.4,82.4
SR-122,EVT-10963,AA:BB:CC:00:75,44.5,80.7
SR-123,EVT-11603,AA:BB:CC:00:46,40.8,78.8
SR-124,EVT-14472,AA:BB:CC:00:13,45.0,84.2
SR-125,EVT-12792,AA:BB:CC:00:61,44.1,92.3
SR-126,EVT-14992,AA:BB:CC:00:30,41.4,73.9
SR-127,EVT-11629,AA:BB:CC:00:98,47.6,86.9
SR-128,EVT-14814,AA:BB:CC:00:32,48.7,81.3
SR-129,EVT-14396,AA:BB:CC:00:30,44.6,85.6
SR-130,EVT-13358,AA:BB:CC:00:82,44.4,80.5
SR-131,EVT-10292,AA:BB:CC:00:56,45.0,91.3
SR-132,EVT-10113,AA:BB:CC:00:67,44.7,86.4
SR-133,EVT-14036,AA:BB:CC:00:71,44.1,80.3
SR-134,EVT-13156,AA:BB:CC:00:55,47.9,91.3
SR-135,EVT-12819,AA:BB:CC:00:98,45.6,81.5
SR-136,EVT-10633,AA:BB:CC:00:08,44.9,84.8
SR-137,EVT-14636,AA:BB:CC:00:43,46.3,83.9
SR-138,EVT-11891,AA:BB:CC:00:48,45.4,89.8
SR-139,EVT-10873,AA:BB:CC:00:58,45.2,85.1
SR-140,EVT-12559,AA:BB:CC:00:32,43.3,94.6
SR-141,EVT-12803,AA:BB:CC:00:78,45.5,89.4
SR-142,EVT-11521,AA:BB:CC:00:69,46.4,80.1
SR-143,EVT-12336,AA:BB:CC:00:07,43.7,97.6
SR-144,EVT-13704,AA:BB:CC:00:74,46.8,83.8
SR-145,EVT-14608,AA:BB:CC:00:20,45.9,83.0
SR-146,EVT-14118,AA:BB:CC:00:62,46.6,86.2
SR-147,EVT-11542,AA:BB:CC:00:21,44.5,81.6
SR-148,EVT-12984,AA:BB:CC:00:92,43.3,93.9
SR-149,EVT-13563,AA:BB:CC:00:29,45.8,89.2
SR-150,EVT-11588,AA:BB:CC:00:70,46.4,89.5
SR-151,EVT-13265,AA:BB:CC:00:38,48.9,86.1
SR-152,EVT-11276,AA:BB:CC:00:42,42.5,86.4
SR-153,EVT-13923,AA:BB:CC:00:03,45.3,91.1
SR-154,EVT-12256,AA:BB:CC:00:37,46.3,79.7
SR-155,EVT-10073,AA:BB:CC:00:17,46.4,86.3
SR-156,EVT-12484,AA:BB:CC:00:33,33.19 ft-lb,86.6
SR-157,EVT-11888,AA:BB:CC:00:10,46.5,85.3
SR-158,EVT-14452,AA:BB:CC:00:37,42.1,96.8
SR-159,EVT-14771,AA:BB:CC:00:33,42.4,83.8
SR-160,EVT-12859,AA:BB:CC:00:28,47.8,82.1
SR-161,EVT-11389,AA:BB:CC:00:87,43.2,91.9
SR-162,EVT-14217,AA:BB:CC:00:42,47.0,94.3
SR-163,EVT-14746,AA:BB:CC:00:58,45.5,87.7
SR-164,EVT-10447,AA:BB:CC:00:48,47.1,86.8
SR-165,EVT-14483,AA:BB:CC:00:51,44.1,94.9
SR-166,EVT-12536,AA:BB:CC:00:10,44.2,89.3
SR-167,EVT-14898,AA:BB:CC:00:08,46.0,81.7
SR-168,EVT-11100,AA:BB:CC:00:16,47.6,84.4
SR-169,EVT-11400,AA:BB:CC:00:96,47.3,87.3
SR-170,EVT-12354,AA:BB:CC:00:62,43.7,75.1
SR-171,EVT-10293,AA:BB:CC:00:49,49.0,99.3
SR-172,EVT-11577,AA:BB:CC:00:89,42.8,83.4
SR-173,EVT-14268,AA:BB:CC:00:15,44.5,81.8
SR-174,EVT-14058,AA:BB:CC:00:16,47.2,85.9
SR-175,EVT-13433,AA:BB:CC:00:81,45.8,74.7
SR-176,EVT-13244,AA:BB:CC:00:27,48.1,87.4
SR-177,EVT-10303,AA:BB:CC:00:47,44.8,94.2
SR-178,EVT-11846,AA:BB:CC:00:26,46.8,90.4 C
SR-179,EVT-12951,AA:BB:CC:00:72,42.9,86.6
SR-180,EVT-14761,AA:BB:CC:00:41,43.2,78.9
SR-181,EVT-11761,AA:BB:CC:00:11,44.0,79.2
SR-182,EVT-12930,AA:BB:CC:00:91,42.8,82.1
SR-183,EVT-12716,AA:BB:CC:00:09,42.8,86.1
SR-184,EVT-11349,AA:BB:CC:00:54,44.6,86.8
SR-185,EVT-13375,AA:BB:CC:00:11,45.3,81.3
SR-186,EVT-11610,AA:BB:CC:00:07,45.1,79.2
SR-187,EVT-10122,AA:BB:CC:00:28,46.5,75.2
SR-188,EVT-13717,AA:BB:CC:00:94,44.7,78.8
SR-189,EVT-13464,AA:BB:CC:00:62,42.2,92.4
SR-190,EVT-12951,AA:BB:CC:00:55,44.2,88.8
SR-191,EVT-10167,AA:BB:CC:00:36,46.3,91.6
SR-192,EVT-10528,AA:BB:CC:00:73,45.4,81.4
SR-193,EVT-10381,AA:BB:CC:00:99,42.3,88.1
SR-194,EVT-12789,AA:BB:CC:00:63,42.8,86.5
SR-195,EVT-13977,AA:BB:CC:00:51,44.1,81.8
SR-196,EVT-13457,AA:BB:CC:00:77,46.4,86.7
SR-197,EVT-10244,AA:BB:CC:00:48,44.2,94.5
SR-198,EVT-11948,AA:BB:CC:00:68,46.1,88.5
SR-199,EVT-14165,AA:BB:CC:00:10,46.8,86.8
SR-200,EVT-11352,AA:BB:CC:00:26,46.1,90.9
SR-201,EVT-11729,AA:BB:CC:00:67,45.8,80.0
SR-202,EVT-14920,AA:BB:CC:00:53,41.3,87.0
SR-203,EVT-14264,AA:BB:CC:00:43,42.9,83.5
SR-204,EVT-11117,AA:BB:CC:00:17,33.19 ft-lb,77.4
SR-205,EVT-11983,AA:BB:CC:00:27,43.3,77.1
SR-206,EVT-12691,AA:BB:CC:00:22,44.8,80.8
SR-207,EVT-10458,AA:BB:CC:00:36,47.5,84.0
SR-208,EVT-10518,AA:BB:CC:00:72,42.9,79.4
SR-209,EVT-11617,AA:BB:CC:00:33,45.5,85.0
SR-210,EVT-14231,AA:BB:CC:00:90,47.6,87.6
SR-211,EVT-11885,AA:BB:CC:00:95,41.1,81.5
SR-212,EVT-12638,AA:BB:CC:00:53,43.4,92.2
SR-213,EVT-11465,AA:BB:CC:00:11,43.4,89.9
SR-214,EVT-12569,AA:BB:CC:00:93,45.8,79.4
SR-215,EVT-11133,AA:BB:CC:00:29,44.4,80.1
SR-216,EVT-10762,AA:BB:CC:00:38,46.1,92.0
SR-217,EVT-10193,AA:BB:CC:00:58,42.7,84.4 C
SR-218,EVT-13689,AA:BB:CC:00:15,44.1,87.8
SR-219,EVT-12930,AA:BB:CC:00:54,44.0,91.5
SR-220,EVT-10947,AA:BB:CC:00:62,44.9,82.2
SR-221,EVT-11249,AA:BB:CC:00:57,45.3,82.1
SR-222,EVT-14016,AA:BB:CC:00:79,43.7,89.3
SR-223,EVT-12370,AA:BB:CC:00:71,45.1,90.2
SR-224,EVT-12648,AA:BB:CC:00:58,45.3,92.0
SR-225,EVT-12116,AA:BB:CC:00:49,40.7,89.0
SR-226,EVT-13380,AA:BB:CC:00:53,45.4,82.9
SR-227,EVT-13991,AA:BB:CC:00:29,45.2,85.8
SR-228,EVT-11874,AA:BB:CC:00:33,49.5,83.1
SR-229,EVT-13039,AA:BB:CC:00:46,45.4,85.6
SR-230,EVT-12532,AA:BB:CC:00:54,44.6,93.2
SR-231,EVT-11818,AA:BB:CC:00:80,47.7,84.4
SR-232,EVT-13890,AA:BB:CC:00:98,43.8,88.4
SR-233,EVT-12491,AA:BB:CC:00:85,43.3,85.5
SR-234,EVT-13000,AA:BB:CC:00:07,44.3,82.5
SR-235,EVT-13704,AA:BB:CC:00:29,46.1,82.3
SR-236,EVT-10578,AA:BB:CC:00:09,49.0,89.1
SR-237,EVT-14490,AA:BB:CC:00:49,45.6,90.7
SR-238,EVT-12029,AA:BB:CC:00:71,44.4,78.9
SR-239,EVT-12804,AA:BB:CC:00:78,44.0,83.5
SR-240,EVT-10140,AA:BB:CC:00:94,41.4,91.7
SR-241,EVT-11191,AA:BB:CC:00:88,41.7,86.1
SR-242,EVT-14619,AA:BB:CC:00:51,45.0,83.2
SR-243,EVT-13626,AA:BB:CC:00:98,43.5,89.2
SR-244,EVT-14167,AA:BB:CC:00:08,45.0,84.2
SR-245,EVT-13400,AA:BB:CC:00:55,43.8,83.8
SR-246,EVT-13587,AA:BB:CC:00:65,43.3,76.8
SR-247,EVT-10675,AA:BB:CC:00:98,42.4,80.0
SR-248,EVT-12079,AA:BB:CC:00:84,43.5,89.1
SR-249,EVT-11163,AA:BB:CC:00:95,49.2,88.7
SR-250,EVT-14775,AA:BB:CC:00:79,44.2,80.5
SR-251,EVT-10941,AA:BB:CC:00:15,44.4,84.5
SR-252,EVT-10422,AA:BB:CC:00:51,44.8,84.5
SR-253,EVT-14670,AA:BB:CC:00:34,46.8,88.8
SR-254,EVT-14335,AA:BB:CC:00:69,45.6,82.2
SR-255,EVT-11334,AA:BB:CC:00:86,44.6,84.9
SR-256,EVT-14903,AA:BB:CC:00:12,44.6,88.4
SR-257,EVT-11948,AA:BB:CC:00:45,44.2,85.4
SR-258,EVT-13290,AA:BB:CC:00:31,41.3,73.7
SR-259,EVT-13466,AA:BB:CC:00:54,43.8,92.3
SR-260,EVT-10240,AA:BB:CC:00:93,48.5,86.9
SR-261,EVT-13878,AA:BB:CC:00:22,47.9,87.8
SR-262,EVT-13281,AA:BB:CC:00:72,42.9,69.5
SR-263,EVT-10683,AA:BB:CC:00:64,43.0,84.4 C
SR-264,EVT-14059,AA:BB:CC:00:60,48.7,93.5
SR-265,EVT-13167,AA:BB:CC:00:28,42.7,84.1
SR-266,EVT-10356,AA:BB:CC:00:21,41.9,83.5
SR-267,EVT-12074,AA:BB:CC:00:75,43.4,85.3
SR-268,EVT-10293,AA:BB:CC:00:75,44.6,95.2
SR-269,EVT-10985,AA:BB:CC:00:87,46.0,82.7
SR-270,EVT-12401,AA:BB:CC:00:77, 42.9 ,91.4
SR-271,EVT-14171,AA:BB:CC:00:43,46.6,83.3
SR-272,EVT-13747,AA:BB:CC:00:27,43.7,82.2
SR-273,EVT-11254,AA:BB:CC:00:23,44.6,84.8
SR-274,EVT-14068,AA:BB:CC:00:97,47.9,80.0
SR-275,EVT-12089,AA:BB:CC:00:90,48.6,81.0
SR-276,EVT-10414,AA:BB:CC:00:36,46.3,84.8
SR-277,EVT-12280,AA:BB:CC:00:97,45.6,83.4
SR-278,EVT-13619,AA:BB:CC:00:38,41.8,83.2
SR-279,EVT-14170,AA:BB:CC:00:16,48.2,84.3
SR-280,EVT-10635,AA:BB:CC:00:74,45.2,78.1
SR-281,EVT-10893,AA:BB:CC:00:43,45.3,81.1
SR-282,EVT-13375,AA:BB:CC:00:41,44.8,87.5
SR-283,EVT-11273,AA:BB:CC:00:44,33.19 ft-lb,81.0
SR-284,EVT-12451,AA:BB:CC:00:52,40.1,84.2
SR-285,EVT-11554,AA:BB:CC:00:17,43.4,79.4
SR-286,EVT-10636,AA:BB:CC:00:52,44.3,94.8
SR-287,EVT-12525,AA:BB:CC:00:43,43.4,86.4
SR-288,EVT-14919,AA:BB:CC:00:23, 44.4 ,86.1
SR-289,EVT-14734,AA:BB:CC:00:01,42.8,82.2
SR-290,EVT-11489,AA:BB:CC:00:93,44.7,77.8
SR-291,EVT-14707,AA:BB:CC:00:25,44.4,85.9
SR-292,EVT-13958,AA:BB:CC:00:06,45.1,85.0
SR-293,EVT-12811,AA:BB:CC:00:74,48.7,96.3
SR-294,EVT-13473,AA:BB:CC:00:54,46.2,78.6
SR-295,EVT-12345,AA:BB:CC:00:78,44.2,86.9
SR-296,EVT-12619,AA:BB:CC:00:23,47.9,79.2
SR-297,EVT-14151,AA:BB:CC:00:19,43.4,90.5
SR-298,EVT-10258,AA:BB:CC:00:56,46.2,90.1
SR-299,EVT-14590,AA:BB:CC:00:53,46.7,90.9
SR-300,EVT-10411,AA:BB:CC:00:31,41.2,82.7
SR-301,EVT-11160,AA:BB:CC:00:38,45.0,84.7
SR-302,EVT-10339,AA:BB:CC:00:19,44.2,87.3
SR-303,EVT-12321,AA:BB:CC:00:01,46.2,86.2
SR-304,EVT-13416,AA:BB:CC:00:77,44.6,87.2
SR-305,EVT-13052,AA:BB:CC:00:50,44.0,83.4
SR-306,EVT-12582,AA:BB:CC:00:98,42.3,80.9
SR-307,EVT-10001,AA:BB:CC:00:58,46.7,83.2
SR-308,EVT-10939,AA:BB:CC:00:81,43.8,93.1
SR-309,EVT-14276,AA:BB:CC:00:32,42.7,91.1
SR-310,EVT-12699,AA:BB:CC:00:49,44.1,88.6
SR-311,EVT-14579,AA:BB:CC:00:98,33.19 ft-lb,90.5
SR-312,EVT-14098,AA:BB:CC:00:97,44.3,82.2
SR-313,EVT-13725,AA:BB:CC:00:92,42.0,92.3
SR-314,EVT-10674,AA:BB:CC:00:44,44.9,78.6
SR-315,EVT-13425,AA:BB:CC:00:29,42.2,85.1
SR-316,EVT-12791,AA:BB:CC:00:88,43.2,86.2
SR-317,EVT-14956,AA:BB:CC:00:48,43.2,76.8
SR-318,EVT-10157,AA:BB:CC:00:80,47.8,82.8
SR-319,EVT-14981,AA:BB:CC:00:77,45.6,86.4
SR-320,EVT-10464,AA:BB:CC:00:26,45.0,72.3
SR-321,EVT-12221,AA:BB:CC:00:07,45.6,78.8
SR-322,EVT-11721,AA:BB:CC:00:44,46.5,84.6
SR-323,EVT-14593,AA:BB:CC:00:14,40.6,83.6
SR-324,EVT-11439,AA:BB:CC:00:52,44.5,79.5
SR-325,EVT-13036,AA:BB:CC:00:32,44.0,89.0
SR-326,EVT-11855,AA:BB:CC:00:75,43.6,93.4
SR-327,EVT-10739,AA:BB:CC:00:32,43.3,83.8
SR-328,EVT-10321,AA:BB:CC:00:75,40.5,82.7
SR-329,EVT-12980,AA:BB:CC:00:84,43.9,76.2
SR-330,EVT-12367,AA:BB:CC:00:57,45.1,80.5
SR-331,EVT-12984,AA:BB:CC:00:52,44.9,74.8
SR-332,EVT-13702,AA:BB:CC:00:34,43.5,76.2
SR-333,EVT-14884,AA:BB:CC:00:61,45.4,86.7
SR-334,EVT-13780,AA:BB:CC:00:62,45.6,86.7
SR-335,EVT-12824,AA:BB:CC:00:86,44.1,85.2
SR-336,EVT-14744,AA:BB:CC:00:87,45.1,88.6
SR-337,EVT-14497,AA:BB:CC:00:93,45.4,89.7
SR-338,EVT-11143,AA:BB:CC:00:76,43.8,79.5
SR-339,EVT-11679,AA:BB:CC:00:31,45.6 Nm,81.5
SR-340,EVT-12168,AA:BB:CC:00:29,42.4,91.1
SR-341,EVT-12678,AA:BB:CC:00:31,42.3,87.7
SR-342,EVT-13441,AA:BB:CC:00:12,44.6,89.5
SR-343,EVT-11124,AA:BB:CC:00:35,47.0,84.7
SR-344,EVT-13243,AA:BB:CC:00:57,44.8,85.9
SR-345,EVT-13290,AA:BB:CC:00:41,44.5,83.9
SR-346,EVT-12672,AA:BB:CC:00:27,41.9,88.1
SR-347,EVT-12379,AA:BB:CC:00:15,46.8,83.0
SR-348,EVT-11185,AA:BB:CC:00:94,46.5,89.2
SR-349,EVT-13378,AA:BB:CC:00:71,42.0,82.2
SR-350,EVT-13969,AA:BB:CC:00:36,47.1,84.4
SR-351,EVT-10745,AA:BB:CC:00:24,43.5,77.3
SR-352,EVT-10415,AA:BB:CC:00:82, 45.1 ,75.9
SR-353,EVT-12945,AA:BB:CC:00:24,48.2,88.7
SR-354,EVT-10569,AA:BB:CC:00:96,42.3,82.4
SR-355,EVT-14245,AA:BB:CC:00:76,44.9,87.8
SR-356,EVT-12066,AA:BB:CC:00:28,43.3,80.3
SR-357,EVT-14115,AA:BB:CC:00:75,41.4,84.1
SR-358,EVT-11969,AA:BB:CC:00:03,43.8,87.0
SR-359,EVT-13085,AA:BB:CC:00:03,42.3,85.4
SR-360,EVT-10787,AA:BB:CC:00:29,44.9,83.9
SR-361,EVT-12348,AA:BB:CC:00:32,47.4,85.7
SR-362,EVT-12872,AA:BB:CC:00:54,44.8,89.3
SR-363,EVT-14126,AA:BB:CC:00:38,42.4,84.5
SR-364,EVT-13171,AA:BB:CC:00:95,42.5 Nm,86.0
SR-365,EVT-12510,AA:BB:CC:00:56,46.0,87.4
SR-366,EVT-11581,AA:BB:CC:00:65,47.3,84.1
SR-367,EVT-10902,AA:BB:CC:00:21,46.0,77.3
SR-368,EVT-14912,AA:BB:CC:00:41,40.0,83.4
SR-369,EVT-10406,AA:BB:CC:00:20,42.7,76.0
SR-370,EVT-10988,AA:BB:CC:00:60,45.6,79.9
SR-371,EVT-12600,AA:BB:CC:00:75,49.7,82.9
SR-372,EVT-12947,AA:BB:CC:00:59,40.4 Nm,91.8
SR-373,EVT-12142,AA:BB:CC:00:74, 46.6 ,85.9
SR-374,EVT-10158,AA:BB:CC:00:55,43.4 Nm,81.4
SR-375,EVT-12094,AA:BB:CC:00:03,44.1,83.4
SR-376,EVT-14297,AA:BB:CC:00:14,44.7,84.9
SR-377,EVT-12597,AA:BB:CC:00:45,46.8,81.2
SR-378,EVT-13756,AA:BB:CC:00:95,45.5,96.9
SR-379,EVT-13099,AA:BB:CC:00:99,43.9,85.8
SR-380,EVT-11041,AA:BB:CC:00:60,44.0,86.2
SR-381,EVT-13038,AA:BB:CC:00:49,45.1,87.4
SR-382,EVT-13061,AA:BB:CC:00:09,45.0,77.3
SR-383,EVT-11032,AA:BB:CC:00:54,43.1,87.1
SR-384,EVT-10874,AA:BB:CC:00:70,46.8,87.5
SR-385,EVT-11341,AA:BB:CC:00:93,48.5,84.5
SR-386,EVT-11919,AA:BB:CC:00:52,45.9,91.6
SR-387,EVT-14135,AA:BB:CC:00:63,45.4,84.2
SR-388,EVT-14708,AA:BB:CC:00:52,47.4,84.6
SR-389,EVT-10057,AA:BB:CC:00:22,45.6,86.6
SR-390,EVT-13009,AA:BB:CC:00:55,43.8,84.4
SR-391,EVT-11298,AA:BB:CC:00:03,48.9,86.3
SR-392,EVT-13610,AA:BB:CC:00:02,45.0,84.3
SR-393,EVT-12333,AA:BB:CC:00:59,45.3,82.5
SR-394,EVT-12092,AA:BB:CC:00:28,46.7,185 F
SR-395,EVT-10973,AA:BB:CC:00:37,46.1,84.2
SR-396,EVT-12462,AA:BB:CC:00:69,43.2,85.8
SR-397,EVT-12083,AA:BB:CC:00:09,46.0,77.2
SR-398,EVT-12286,AA:BB:CC:00:62,33.19 ft-lb,86.8
SR-399,EVT-12954,AA:BB:CC:00:32,46.2,88.0
SR-400,EVT-11872,AA:BB:CC:00:81,46.0,91.7
SR-401,EVT-14879,AA:BB:CC:00:75,44.0,88.7
SR-402,EVT-11482,AA:BB:CC:00:35,46.7,86.0
SR-403,EVT-12214,AA:BB:CC:00:47,43.9,80.6
SR-404,EVT-13834,AA:BB:CC:00:18,45.1,87.2
SR-405,EVT-13931,AA:BB:CC:00:36,45.1,82.3
SR-406,EVT-11236,AA:BB:CC:00:19,43.7,81.0
SR-407,EVT-14827,AA:BB:CC:00:25,49.0 Nm,84.5
SR-408,EVT-11015,AA:BB:CC:00:46,43.4,83.1
SR-409,EVT-12806,AA:BB:CC:00:60,41.0,92.5
SR-410,EVT-11686,AA:BB:CC:00:95,46.8,80.8
SR-411,EVT-10956,AA:BB:CC:00:23,44.1,89.4
SR-412,EVT-11205,AA:BB:CC:00:78,47.7,82.9
SR-413,EVT-11676,AA:BB:CC:00:27,44.5,90.0
SR-414,EVT-10967,AA:BB:CC:00:35,44.9,84.7
SR-415,EVT-14759,AA:BB:CC:00:77,50.4 Nm,98.5
SR-416,EVT-12151,AA:BB:CC:00:55, 44.7 ,96.9
SR-417,EVT-11658,AA:BB:CC:00:36,45.1,83.2
SR-418,EVT-13748,AA:BB:CC:00:88,47.0,78.4
SR-419,EVT-11752,AA:BB:CC:00:97,45.3,96.1
SR-420,EVT-14970,AA:BB:CC:00:71,44.5,86.4
SR-421,EVT-14377,AA:BB:CC:00:09,44.2,79.8
SR-422,EVT-13437,AA:BB:CC:00:21,43.2,80.5
SR-423,EVT-11961,AA:BB:CC:00:32,44.0,84.9
SR-424,EVT-13307,AA:BB:CC:00:66,46.5,91.2
SR-425,EVT-12492,AA:BB:CC:00:44,46.9,86.0
SR-426,EVT-12961,AA:BB:CC:00:89, 43.7 ,87.3
SR-427,EVT-10066,AA:BB:CC:00:65,47.3,83.4
SR-428,EVT-11677,AA:BB:CC:00:75,46.5,87.0
SR-429,EVT-10447,AA:BB:CC:00:80,44.2,85.7
SR-430,EVT-13779,AA:BB:CC:00:87,46.3,86.9
SR-431,EVT-10612,AA:BB:CC:00:15,47.6,81.9
SR-432,EVT-13226,AA:BB:CC:00:27,45.5,85.7
SR-433,EVT-12692,AA:BB:CC:00:16,44.9,73.9
SR-434,EVT-14674,AA:BB:CC:00:46,43.2,90.4
SR-435,EVT-10723,AA:BB:CC:00:97,44.3,80.2
SR-436,EVT-13179,AA:BB:CC:00:72,44.9,82.7
SR-437,EVT-11942,AA:BB:CC:00:48,42.4,87.4
SR-438,EVT-14030,AA:BB:CC:00:65,42.9,90.4
SR-439,EVT-12223,AA:BB:CC:00:19,46.4,86.2
SR-440,EVT-11816,AA:BB:CC:00:90,43.9,80.9
SR-441,EVT-14185,AA:BB:CC:00:37,41.3,86.0
SR-442,EVT-11912,AA:BB:CC:00:58,44.1,91.6
SR-443,EVT-11858,AA:BB:CC:00:55,44.1,79.3
SR-444,EVT-13323,AA:BB:CC:00:53,45.2,81.9
SR-445,EVT-11626,AA:BB:CC:00:47,45.7 Nm,82.1
SR-446,EVT-12764,AA:BB:CC:00:03,46.1,92.3
SR-447,EVT-13552,AA:BB:CC:00:88,44.4,87.5
SR-448,EVT-13416,AA:BB:CC:00:86,44.5,88.2
SR-449,EVT-13471,AA:BB:CC:00:62,42.5,88.8
SR-450,EVT-14837,AA:BB:CC:00:01,44.0,88.3
SR-451,EVT-12101,AA:BB:CC:00:39,43.2,92.4
SR-452,EVT-12995,AA:BB:CC:00:73,46.1,86.5
SR-453,EVT-12705,AA:BB:CC:00:33,49.5,83.2
SR-454,EVT-12256,AA:BB:CC:00:23,45.8,88.5
SR-455,EVT-12165,AA:BB:CC:00:34,47.3,83.6
SR-456,EVT-14312,AA:BB:CC:00:49,46.5,76.8
SR-457,EVT-11177,AA:BB:CC:00:49,42.0,82.7
SR-458,EVT-13601,AA:BB:CC:00:99,45.0,85.3
SR-459,EVT-11328,AA:BB:CC:00:49,42.7,92.5
SR-460,EVT-13264,AA:BB:CC:00:10,41.9,86.7
SR-461,EVT-10877,AA:BB:CC:00:96, 47.0 ,86.1
SR-462,EVT-11181,AA:BB:CC:00:66,9000,91.3
SR-463,EVT-14888,AA:BB:CC:00:71,38.3,85.5
SR-464,EVT-10018,AA:BB:CC:00:88,43.7,82.5
SR-465,EVT-10034,AA:BB:CC:00:67,45.3,90.4
SR-466,EVT-13485,AA:BB:CC:00:76,44.2,185 F
SR-467,EVT-11698,AA:BB:CC:00:39,45.4,92.9
SR-468,EVT-13590,AA:BB:CC:00:42,45.3,81.6
SR-469,EVT-12787,AA:BB:CC:00:100,45.7,84.7
SR-470,EVT-12471,AA:BB:CC:00:91,46.6,84.5
SR-471,EVT-12548,AA:BB:CC:00:01,46.1,82.9
SR-472,EVT-14364,AA:BB:CC:00:46,44.4,82.8
SR-473,EVT-14089,AA:BB:CC:00:36,46.9,80.7
SR-474,EVT-12307,AA:BB:CC:00:96,41.4,97.7
SR-475,EVT-10107,AA:BB:CC:00:91,47.0,89.6
SR-476,EVT-11372,AA:BB:CC:00:44,44.7,88.4
SR-477,EVT-13616,AA:BB:CC:00:31,43.3,185 F
SR-478,EVT-12582,AA:BB:CC:00:97,42.6,87.3
SR-479,EVT-14674,AA:BB:CC:00:58,47.2,84.1
SR-480,EVT-12719,AA:BB:CC:00:96,44.4,85.6
SR-481,EVT-13510,AA:BB:CC:00:04,42.7,90.5
SR-482,EVT-10514,AA:BB:CC:00:53,43.0,72.2
SR-483,EVT-10003,AA:BB:CC:00:89,44.0,89.9
SR-484,EVT-11219,AA:BB:CC:00:93,47.5,96.4
SR-485,EVT-12592,AA:BB:CC:00:57,46.6,78.4
SR-486,EVT-12704,AA:BB:CC:00:73,45.7,80.3
SR-487,EVT-14019,AA:BB:CC:00:78,44.6,81.4
SR-488,EVT-11608,AA:BB:CC:00:50,41.9,84.5
SR-489,EVT-13844,AA:BB:CC:00:05,50.5,87.6
SR-490,EVT-12556,AA:BB:CC:00:52,43.9,84.8
SR-491,EVT-12324,AA:BB:CC:00:17,43.8,92.2
SR-492,EVT-11282,AA:BB:CC:00:32,45.1,89.5
SR-493,EVT-14388,AA:BB:CC:00:06,48.3,89.2
SR-494,EVT-10544,AA:BB:CC:00:69,45.2,84.7
SR-495,EVT-13842,AA:BB:CC:00:93,44.4,80.0
SR-496,EVT-11711,AA:BB:CC:00:92,41.2,84.8
SR-497,EVT-12705,AA:BB:CC:00:61,44.4,94.9
SR-498,EVT-12690,AA:BB:CC:00:10,45.0,70.9
SR-499,EVT-10644,AA:BB:CC:00:23,43.5,89.1
SR-500,EVT-10858,AA:BB:CC:00:53,45.9,84.3
SR-501,EVT-14680,AA:BB:CC:00:61,43.5,94.7
SR-502,EVT-12042,AA:BB:CC:00:19, 43.5 ,84.0
SR-503,EVT-13317,AA:BB:CC:00:04,44.9,93.9
SR-504,EVT-12232,AA:BB:CC:00:46,43.6,85.3
SR-505,EVT-11592,AA:BB:CC:00:32,44.6,77.2
SR-506,EVT-14928,AA:BB:CC:00:84,45.5,89.5
SR-507,EVT-12750,AA:BB:CC:00:46,33.19 ft-lb,88.9
SR-508,EVT-14290,AA:BB:CC:00:62,46.0,80.7
SR-509,EVT-12052,AA:BB:CC:00:92,42.9,83.2
SR-510,EVT-10405,AA:BB:CC:00:54,43.3,76.6
SR-511,EVT-12944,AA:BB:CC:00:100,43.8,90.1
SR-512,EVT-10174,AA:BB:CC:00:87,45.5,86.7
SR-513,EVT-14695,AA:BB:CC:00:67,44.4,87.5
SR-514,EVT-12742,AA:BB:CC:00:24,43.3,89.9
SR-515,EVT-10109,AA:BB:CC:00:66,44.2,81.4
SR-516,EVT-14323,AA:BB:CC:00:18,44.6,82.5
SR-517,EVT-14839,AA:BB:CC:00:96,47.3,90.1
SR-518,EVT-10746,AA:BB:CC:00:48,46.3,85.6
SR-519,EVT-13619,AA:BB:CC:00:46,42.4,92.7
SR-520,EVT-11291,AA:BB:CC:00:48,47.0,82.0
SR-521,EVT-12561,AA:BB:CC:00:62,42.6,82.4
SR-522,EVT-13661,AA:BB:CC:00:94,46.8,88.7
SR-523,EVT-10658,AA:BB:CC:00:27,45.8,93.7
SR-524,EVT-11364,AA:BB:CC:00:62,43.7,89.6
SR-525,EVT-14061,AA:BB:CC:00:78,46.3,95.6
SR-526,EVT-12352,AA:BB:CC:00:65,45.0,89.6
SR-527,EVT-10367,AA:BB:CC:00:52,44.9,82.7
SR-528,EVT-13540,AA:BB:CC:00:01,43.5,83.1
SR-529,EVT-10571,AA:BB:CC:00:50,45.1,85.2
SR-530,EVT-10774,AA:BB:CC:00:40,41.7,84.2
SR-531,EVT-14905,AA:BB:CC:00:72,40.8,86.1
SR-532,EVT-14879,AA:BB:CC:00:17,46.0,87.6
SR-533,EVT-11650,AA:BB:CC:00:01,45.1,87.3
SR-534,EVT-13480,AA:BB:CC:00:78,44.4 Nm,95.6
SR-535,EVT-10299,AA:BB:CC:00:77,45.8,92.3
SR-536,EVT-13621,AA:BB:CC:00:30,44.9,88.9
SR-537,EVT-14765,AA:BB:CC:00:77,46.0 Nm,87.3
SR-538,EVT-13536,AA:BB:CC:00:67,46.5,81.5
SR-539,EVT-13983,AA:BB:CC:00:22,40.9,82.6
SR-540,EVT-14445,AA:BB:CC:00:35,39.4,81.0
SR-541,EVT-13283,AA:BB:CC:00:56,45.1,78.7
SR-542,EVT-11668,AA:BB:CC:00:14,45.3,80.3
SR-543,EVT-13692,AA:BB:CC:00:45,44.7,98.3
SR-544,EVT-11357,AA:BB:CC:00:86,43.3,90.9
SR-545,EVT-12943,AA:BB:CC:00:33,43.1,86.5
SR-546,EVT-12856,AA:BB:CC:00:12,44.6,91.3
SR-547,EVT-11895,AA:BB:CC:00:24,44.0,88.4
SR-548,EVT-11819,AA:BB:CC:00:69,46.5,78.8
SR-549,EVT-14233,AA:BB:CC:00:57,45.3,74.6
SR-550,EVT-12165,AA:BB:CC:00:09,44.9,76.9
SR-551,EVT-10636,AA:BB:CC:00:02,47.0,81.3
SR-552,EVT-11203,AA:BB:CC:00:59,46.2,79.9
SR-553,EVT-14317,AA:BB:CC:00:95,45.2,85.7
SR-554,EVT-11393,AA:BB:CC:00:29,43.1,87.7
SR-555,EVT-14255,AA:BB:CC:00:93,46.7,79.3
SR-556,EVT-11227,AA:BB:CC:00:100,46.2,94.1
SR-557,EVT-12604,AA:BB:CC:00:55,44.1,79.5
SR-558,EVT-10527,AA:BB:CC:00:94,45.5,86.9
SR-559,EVT-14712,AA:BB:CC:00:22,42.6,82.9
SR-560,EVT-11680,AA:BB:CC:00:85,40.7,88.1
SR-561,EVT-10214,AA:BB:CC:00:49,46.4,86.9
SR-562,EVT-11941,AA:BB:CC:00:12,44.2,88.5
SR-563,EVT-14785,AA:BB:CC:00:71,42.9,88.3
SR-564,EVT-14833,AA:BB:CC:00:89,45.5,82.5
SR-565,EVT-13128,AA:BB:CC:00:08,43.6,86.3
SR-566,EVT-14868,AA:BB:CC:00:97,44.6,82.6
SR-567,EVT-11509,AA:BB:CC:00:16,40.6,78.6
SR-568,EVT-11438,AA:BB:CC:00:40,44.8,87.7
SR-569,EVT-11454,AA:BB:CC:00:45,46.8,80.1
SR-570,EVT-13202,AA:BB:CC:00:64,44.1,84.6
SR-571,EVT-11975,AA:BB:CC:00:63,45.9,90.1
SR-572,EVT-13089,AA:BB:CC:00:51,46.7,88.7
SR-573,EVT-14238,AA:BB:CC:00:10,45.5,92.7
SR-574,EVT-11329,AA:BB:CC:00:76,46.3,87.8
SR-575,EVT-14512,AA:BB:CC:00:86,43.4,87.5
SR-576,EVT-11563,AA:BB:CC:00:71,33.19 ft-lb,86.1
SR-577,EVT-14909,AA:BB:CC:00:45,43.8,98.6
SR-578,EVT-13184,AA:BB:CC:00:85,44.0,77.4
SR-579,EVT-12675,AA:BB:CC:00:56,44.2,77.7
SR-580,EVT-12887,AA:BB:CC:00:86,47.2,78.6
SR-581,EVT-13447,AA:BB:CC:00:73,46.4,81.3
SR-582,EVT-11786,AA:BB:CC:00:84,41.2,76.3
SR-583,EVT-11648,AA:BB:CC:00:13,47.2,89.7
SR-584,EVT-11117,AA:BB:CC:00:64,47.8,83.0
SR-585,EVT-10454,AA:BB:CC:00:88,44.9,85.3
SR-586,EVT-13766,AA:BB:CC:00:30,45.3,89.8
SR-587,EVT-13220,AA:BB:CC:00:52,46.2,78.4
SR-588,EVT-13639,AA:BB:CC:00:54,48.2,76.4
SR-589,EVT-10077,AA:BB:CC:00:57,42.6,87.3
SR-590,EVT-10646,AA:BB:CC:00:18,45.1,87.3
SR-591,EVT-11102,AA:BB:CC:00:25,43.8,86.5
SR-592,EVT-14935,AA:BB:CC:00:53,47.9,86.4
SR-593,EVT-10247,AA:BB:CC:00:20,45.9,77.8
SR-594,EVT-13759,AA:BB:CC:00:11,43.3,88.2
SR-595,EVT-13292,AA:BB:CC:00:40,46.8,93.4
SR-596,EVT-11150,AA:BB:CC:00:98,44.6,89.2
SR-597,EVT-11938,AA:BB:CC:00:23,46.5,75.5
SR-598,EVT-14999,AA:BB:CC:00:90,40.1,89.6
SR-599,EVT-10413,AA:BB:CC:00:87,45.4,83.6
SR-600,EVT-13690,AA:BB:CC:00:42,43.7,84.1
SR-601,EVT-10675,AA:BB:CC:00:47,49.7,84.2
SR-602,EVT-13249,AA:BB:CC:00:56,41.2,82.5
SR-603,EVT-12129,AA:BB:CC:00:33,45.3,84.8
SR-604,EVT-11409,AA:BB:CC:00:89,44.7,77.0
SR-605,EVT-11709,AA:BB:CC:00:98, 43.6 ,74.9
SR-606,EVT-10332,AA:BB:CC:00:26,44.1,90.3
SR-607,EVT-12343,AA:BB:CC:00:69,44.6,91.9
SR-608,EVT-10440,AA:BB:CC:00:29,41.8,81.6
SR-609,EVT-14807,AA:BB:CC:00:94,44.6,95.3
SR-610,EVT-14590,AA:BB:CC:00:60,33.19 ft-lb,78.0
SR-611,EVT-10528,AA:BB:CC:00:91,33.19 ft-lb,81.2
SR-612,EVT-11817,AA:BB:CC:00:37,45.4,81.7
SR-613,EVT-13622,AA:BB:CC:00:25,45.6 Nm,73.8
SR-614,EVT-12242,AA:BB:CC:00:74,41.9,85.6
SR-615,EVT-12545,AA:BB:CC:00:44,44.7,86.2
SR-616,EVT-14248,AA:BB:CC:00:34,44.6,92.8
SR-617,EVT-14439,AA:BB:CC:00:12,44.9,87.9
SR-618,EVT-14211,AA:BB:CC:00:93,44.1,89.6
SR-619,EVT-13030,AA:BB:CC:00:39,41.7,82.0
SR-620,EVT-13997,AA:BB:CC:00:19,43.6,84.1
SR-621,EVT-10103,AA:BB:CC:00:19,33.19 ft-lb,89.3
SR-622,EVT-12295,AA:BB:CC:00:29,41.1,82.4
SR-623,EVT-10986,AA:BB:CC:00:66,44.2,91.5
SR-624,EVT-10363,AA:BB:CC:00:90,47.4,84.2
SR-625,EVT-12731,AA:BB:CC:00:98,45.2,79.6
SR-626,EVT-11864,AA:BB:CC:00:94,45.3,90.6
SR-627,EVT-11409,AA:BB:CC:00:76,44.2,94.8
SR-628,EVT-14983,AA:BB:CC:00:20,44.7,81.3
SR-629,EVT-11172,AA:BB:CC:00:57,42.7,83.1
SR-630,EVT-11226,AA:BB:CC:00:97,43.1,80.9
SR-631,EVT-13445,AA:BB:CC:00:09,42.8,86.7
SR-632,EVT-13096,AA:BB:CC:00:02,47.0,91.8
SR-633,EVT-10964,AA:BB:CC:00:28,42.1,83.7
SR-634,EVT-11813,AA:BB:CC:00:34,45.0,80.6
SR-635,EVT-13524,AA:BB:CC:00:21,45.5,81.8
SR-636,EVT-12058,AA:BB:CC:00:83,42.5,79.0
SR-637,EVT-14011,AA:BB:CC:00:78,45.3,79.7
SR-638,EVT-11284,AA:BB:CC:00:81,42.9,78.1
SR-639,EVT-12272,AA:BB:CC:00:56,44.9,81.0
SR-640,EVT-12807,AA:BB:CC:00:05,46.3,82.8
SR-641,EVT-10407,AA:BB:CC:00:85,42.1,82.9
SR-642,EVT-10013,AA:BB:CC:00:22,46.8,89.2
SR-643,EVT-10535,AA:BB:CC:00:59,45.0,83.2
SR-644,EVT-14460,AA:BB:CC:00:40,45.2,87.0
SR-645,EVT-10253,AA:BB:CC:00:84,45.6,80.7
SR-646,EVT-12891,AA:BB:CC:00:92,42.4,88.2
SR-647,EVT-11797,AA:BB:CC:00:63,44.2,91.5
SR-648,EVT-14584,AA:BB:CC:00:32,41.8,79.3
SR-649,EVT-13860,AA:BB:CC:00:45,44.0,76.6
SR-650,EVT-13183,AA:BB:CC:00:83,42.4,86.7
SR-651,EVT-14296,AA:BB:CC:00:92,44.5,84.6
SR-652,EVT-10104,AA:BB:CC:00:87,44.0,90.2
SR-653,EVT-10227,AA:BB:CC:00:33, 44.3 ,87.2
SR-654,EVT-12029,AA:BB:CC:00:82,45.1,86.7
SR-655,EVT-10452,AA:BB:CC:00:35,45.5,75.2
SR-656,EVT-12927,AA:BB:CC:00:46,46.4,82.1
SR-657,EVT-11705,AA:BB:CC:00:36,42.6,80.9
SR-658,EVT-11210,AA:BB:CC:00:62,42.1,85.5
SR-659,EVT-11954,AA:BB:CC:00:83,43.9 Nm,90.5
SR-660,EVT-14648,AA:BB:CC:00:90,48.8,89.0
SR-661,EVT-13410,AA:BB:CC:00:100,46.0,83.4
SR-662,EVT-10082,AA:BB:CC:00:26,47.4,81.9
SR-663,EVT-10832,AA:BB:CC:00:07,42.1,81.3
SR-664,EVT-12389,AA:BB:CC:00:87,41.0,90.4
SR-665,EVT-10146,AA:BB:CC:00:05,47.6,92.2
SR-666,EVT-10985,AA:BB:CC:00:87, 47.6 ,93.2
SR-667,EVT-12382,AA:BB:CC:00:100,47.0,89.3
SR-668,EVT-13730,AA:BB:CC:00:32,45.3,81.1
SR-669,EVT-12726,AA:BB:CC:00:79,44.2,79.8
SR-670,EVT-12270,AA:BB:CC:00:91,45.6,84.9
SR-671,EVT-14701,AA:BB:CC:00:81,44.5,89.8
SR-672,EVT-13447,AA:BB:CC:00:84,45.7,74.4
SR-673,EVT-13744,AA:BB:CC:00:57,45.5,91.8
SR-674,EVT-14343,AA:BB:CC:00:80,46.2,89.2
SR-675,EVT-14559,AA:BB:CC:00:62,42.5,83.2
SR-676,EVT-14955,AA:BB:CC:00:28,46.5,71.9
SR-677,EVT-14087,AA:BB:CC:00:95,42.6,89.3
SR-678,EVT-11605,AA:BB:CC:00:80,48.7,91.3
SR-679,EVT-10681,AA:BB:CC:00:78,44.2,77.7
SR-680,EVT-10397,AA:BB:CC:00:74,43.0,92.7
SR-681,EVT-12308,AA:BB:CC:00:66,46.6,83.2
SR-682,EVT-11466,AA:BB:CC:00:97,45.7,81.9
SR-683,EVT-10440,AA:BB:CC:00:41,41.5,92.1
SR-684,EVT-11851,AA:BB:CC:00:86,44.0,75.2
SR-685,EVT-13551,AA:BB:CC:00:66,44.3,185 F
SR-686,EVT-14685,AA:BB:CC:00:64,42.7,85.4
SR-687,EVT-10991,AA:BB:CC:00:07,44.1,82.1
SR-688,EVT-12992,AA:BB:CC:00:41,41.5,85.1
SR-689,EVT-12010,AA:BB:CC:00:45,45.6,86.3
SR-690,EVT-11728,AA:BB:CC:00:44,44.1,81.1
SR-691,EVT-10307,AA:BB:CC:00:30,43.0,81.5
SR-692,EVT-12696,AA:BB:CC:00:38,42.2,82.8
SR-693,EVT-10143,AA:BB:CC:00:39,44.9,83.4
SR-694,EVT-13618,AA:BB:CC:00:19,44.7,85.5
SR-695,EVT-10329,AA:BB:CC:00:47,44.9,81.0
SR-696,EVT-11904,AA:BB:CC:00:38,42.6,86.3
SR-697,EVT-10783,AA:BB:CC:00:17,42.3,90.9
SR-698,EVT-10989,AA:BB:CC:00:74,45.5,78.6
SR-699,EVT-13232,AA:BB:CC:00:79,46.4,89.8
SR-700,EVT-12874,AA:BB:CC:00:69,49.0,81.0
SR-701,EVT-13198,AA:BB:CC:00:99,46.9,76.7 C
SR-702,EVT-12051,AA:BB:CC:00:04,47.9,85.6
SR-703,EVT-13563,AA:BB:CC:00:35,42.7,82.5
SR-704,EVT-11409,AA:BB:CC:00:01,45.7,85.3
SR-705,EVT-13910,AA:BB:CC:00:81,44.4,75.6
SR-706,EVT-14600,AA:BB:CC:00:85,46.7,81.7
SR-707,EVT-10185,AA:BB:CC:00:58,43.9,94.2
SR-708,EVT-13352,AA:BB:CC:00:22,48.7,78.3
SR-709,EVT-13910,AA:BB:CC:00:05,33.19 ft-lb,92.5
SR-710,EVT-11304,AA:BB:CC:00:60,46.7,74.5
SR-711,EVT-11658,AA:BB:CC:00:36,42.4,83.3
SR-712,EVT-13865,AA:BB:CC:00:09,45.5,81.6
SR-713,EVT-12787,AA:BB:CC:00:84,42.2,81.9
SR-714,EVT-13055,AA:BB:CC:00:57,45.5,84.5
SR-715,EVT-14965,AA:BB:CC:00:78,43.9,90.7
SR-716,EVT-12409,AA:BB:CC:00:84,47.4,77.6
SR-717,EVT-12230,AA:BB:CC:00:90,48.8,98.0
SR-718,EVT-11005,AA:BB:CC:00:04,43.0,79.5
SR-719,EVT-12178,AA:BB:CC:00:51,44.5,85.6
SR-720,EVT-11965,AA:BB:CC:00:39,43.9,79.8
SR-721,EVT-13466,AA:BB:CC:00:84,45.2,88.2
SR-722,EVT-13732,AA:BB:CC:00:52,41.9,77.8
SR-723,EVT-13114,AA:BB:CC:00:75,41.6,86.6
SR-724,EVT-13075,AA:BB:CC:00:71,46.4,86.0
SR-725,EVT-13396,AA:BB:CC:00:55,42.5,85.1
SR-726,EVT-10789,AA:BB:CC:00:31,43.6,82.4
SR-727,EVT-12925,AA:BB:CC:00:50,43.2,78.0
SR-728,EVT-13430,AA:BB:CC:00:08,43.0,82.7
SR-729,EVT-11997,AA:BB:CC:00:87,43.0,88.8
SR-730,EVT-12015,AA:BB:CC:00:15,43.3,82.2 C
SR-731,EVT-12737,AA:BB:CC:00:65,44.0,87.2
SR-732,EVT-10710,AA:BB:CC:00:10,46.4,86.3
SR-733,EVT-14694,AA:BB:CC:00:41,46.0,86.7
SR-734,EVT-13450,AA:BB:CC:00:88,41.6,81.4
SR-735,EVT-11202,AA:BB:CC:00:79,47.4,88.8
SR-736,EVT-13118,AA:BB:CC:00:48,44.7,86.5
SR-737,EVT-13049,AA:BB:CC:00:21,47.1,185 F
SR-738,EVT-14760,AA:BB:CC:00:86,43.5,89.5
SR-739,EVT-13852,AA:BB:CC:00:24,49.5,95.0
SR-740,EVT-13698,AA:BB:CC:00:74,44.2,86.3
SR-741,EVT-10052,AA:BB:CC:00:23,43.6,93.0
SR-742,EVT-11777,AA:BB:CC:00:80,45.2,77.7
SR-743,EVT-11310,AA:BB:CC:00:69,47.4,88.4
SR-744,EVT-11406,AA:BB:CC:00:33,45.7,84.9
SR-745,EVT-14085,AA:BB:CC:00:36,43.5,79.9
SR-746,EVT-14674,AA:BB:CC:00:25,41.8,83.9
SR-747,EVT-12278,AA:BB:CC:00:58,43.8,85.1
SR-748,EVT-13521,AA:BB:CC:00:90,43.8,91.6
SR-749,EVT-12436,AA:BB:CC:00:66,47.1,89.2
SR-750,EVT-11308,AA:BB:CC:00:98,43.4,78.7
SR-751,EVT-12353,AA:BB:CC:00:31,48.9,97.2
SR-752,EVT-13869,AA:BB:CC:00:44,44.6,90.8
SR-753,EVT-11294,AA:BB:CC:00:63,45.2,84.8
SR-754,EVT-11564,AA:BB:CC:00:45,45.4,88.2
SR-755,EVT-10408,AA:BB:CC:00:83,45.4,85.6
SR-756,EVT-11098,AA:BB:CC:00:82,40.3,86.2
SR-757,EVT-11508,AA:BB:CC:00:50,44.4,86.5
SR-758,EVT-10111,AA:BB:CC:00:67,44.7,83.4
SR-759,EVT-11271,AA:BB:CC:00:71,47.4,81.6
SR-760,EVT-12883,AA:BB:CC:00:87,47.5,85.7
SR-761,EVT-14586,AA:BB:CC:00:01,44.7,91.7
SR-762,EVT-11675,AA:BB:CC:00:71,45.4,82.2
SR-763,EVT-10324,AA:BB:CC:00:86,45.4,87.7
SR-764,EVT-13433,AA:BB:CC:00:67,45.6,82.5
SR-765,EVT-14073,AA:BB:CC:00:83,47.1,77.8
SR-766,EVT-13826,AA:BB:CC:00:94,44.6,95.9
SR-767,EVT-11432,AA:BB:CC:00:09,44.6,82.5
SR-768,EVT-14899,AA:BB:CC:00:99,45.2,85.0
SR-769,EVT-12809,AA:BB:CC:00:35,46.0,81.4
SR-770,EVT-11826,AA:BB:CC:00:13,43.5,82.4
SR-771,EVT-11148,AA:BB:CC:00:26,44.8,93.8
SR-772,EVT-13939,AA:BB:CC:00:45,43.9,77.3
SR-773,EVT-13784,AA:BB:CC:00:51,45.5,91.4
SR-774,EVT-14379,AA:BB:CC:00:92,43.8,83.8
SR-775,EVT-10871,AA:BB:CC:00:25,46.7,87.0
SR-776,EVT-10043,AA:BB:CC:00:56,42.8,79.4
SR-777,EVT-13593,AA:BB:CC:00:39,44.2,86.5
SR-778,EVT-14964,AA:BB:CC:00:03,42.6,90.2
SR-779,EVT-12222,AA:BB:CC:00:75,44.6,93.3
SR-780,EVT-12434,AA:BB:CC:00:94,46.4,83.2
SR-781,EVT-14702,AA:BB:CC:00:53,44.4,79.5
SR-782,EVT-10001,AA:BB:CC:00:33,43.3,82.1
SR-783,EVT-12508,AA:BB:CC:00:62,41.1,83.1
SR-784,EVT-14493,AA:BB:CC:00:98,40.7,91.9
SR-785,EVT-13403,AA:BB:CC:00:67,43.6,185 F
SR-786,EVT-10596,AA:BB:CC:00:69,45.8,86.5
SR-787,EVT-11789,AA:BB:CC:00:95,41.7,88.5
SR-788,EVT-13804,AA:BB:CC:00:04,44.5,83.3
SR-789,EVT-11784,AA:BB:CC:00:72,42.5,77.9
SR-790,EVT-13069,AA:BB:CC:00:59,44.6,85.7
SR-791,EVT-14066,AA:BB:CC:00:17,45.6,88.0
SR-792,EVT-14910,AA:BB:CC:00:22,41.9,79.1
SR-793,EVT-12171,AA:BB:CC:00:38,43.3,84.9
SR-794,EVT-14753,AA:BB:CC:00:88,44.0,89.1
SR-795,EVT-14325,AA:BB:CC:00:31,47.2,74.3
SR-796,EVT-14668,AA:BB:CC:00:49,45.8,92.7
SR-797,EVT-14095,AA:BB:CC:00:52,45.8,83.7
SR-798,EVT-10516,AA:BB:CC:00:89,45.8,78.5
SR-799,EVT-10313,AA:BB:CC:00:38,45.9,89.7
SR-800,EVT-11360,AA:BB:CC:00:96,41.7,89.0
SR-801,EVT-12124,AA:BB:CC:00:49,39.6,86.1
SR-802,EVT-10827,AA:BB:CC:00:90,42.1,87.4
SR-803,EVT-11676,AA:BB:CC:00:100,43.7,76.0
SR-804,EVT-12147,AA:BB:CC:00:27,45.8,89.9
SR-805,EVT-14391,AA:BB:CC:00:23,45.0,82.0
SR-806,EVT-13778,AA:BB:CC:00:84,42.9,81.9
SR-807,EVT-13763,AA:BB:CC:00:27,45.3,91.6
SR-808,EVT-13329,AA:BB:CC:00:81,40.4,79.6
SR-809,EVT-11460,AA:BB:CC:00:14,45.7,91.5
SR-810,EVT-12754,AA:BB:CC:00:03,43.7,87.3
SR-811,EVT-12570,AA:BB:CC:00:27,49.1,90.8
SR-812,EVT-10777,AA:BB:CC:00:62,43.0,80.1
SR-813,EVT-11563,AA:BB:CC:00:14,41.7 Nm,89.7
SR-814,EVT-10394,AA:BB:CC:00:92,47.4,87.1
SR-815,EVT-11520,AA:BB:CC:00:44,42.1,84.8
SR-816,EVT-11272,AA:BB:CC:00:25,44.8,80.6
SR-817,EVT-10654,AA:BB:CC:00:61,44.7,84.6
SR-818,EVT-13590,AA:BB:CC:00:75,46.3,75.9
SR-819,EVT-11475,AA:BB:CC:00:52,43.4,79.8
SR-820,EVT-12614,AA:BB:CC:00:12,44.4,84.8
SR-821,EVT-11915,AA:BB:CC:00:97,46.1,82.5
SR-822,EVT-10002,AA:BB:CC:00:84,41.7,89.0
SR-823,EVT-10412,AA:BB:CC:00:34,46.1,85.4
SR-824,EVT-14115,AA:BB:CC:00:23,46.3,87.7
SR-825,EVT-14091,AA:BB:CC:00:19,45.9,91.8
SR-826,EVT-13849,AA:BB:CC:00:100,45.4,92.4
SR-827,EVT-14540,AA:BB:CC:00:01,33.19 ft-lb,89.2
SR-828,EVT-11369,AA:BB:CC:00:74,43.5,83.1
SR-829,EVT-13933,AA:BB:CC:00:65,45.1,92.8
SR-830,EVT-11753,AA:BB:CC:00:05, 44.7 ,66.4
SR-831,EVT-13411,AA:BB:CC:00:57,43.7,83.2
SR-832,EVT-12420,AA:BB:CC:00:22,46.6,92.1
SR-833,EVT-12729,AA:BB:CC:00:43,46.3,79.5
SR-834,EVT-10352,AA:BB:CC:00:02,46.9,92.0
SR-835,EVT-10477,AA:BB:CC:00:73,49.5,84.7
SR-836,EVT-12291,AA:BB:CC:00:07,48.4,81.4
SR-837,EVT-14822,AA:BB:CC:00:21,44.0,88.6
SR-838,EVT-13939,AA:BB:CC:00:71,44.6,91.3
SR-839,EVT-14503,AA:BB:CC:00:59,43.2,89.3
SR-840,EVT-12100,AA:BB:CC:00:09,47.5,85.3
SR-841,EVT-13747,AA:BB:CC:00:40,44.3,73.8
SR-842,EVT-13687,AA:BB:CC:00:73,44.5,83.5
SR-843,EVT-12928,AA:BB:CC:00:49,45.0,92.6
SR-844,EVT-14948,AA:BB:CC:00:12,44.8,81.5
SR-845,EVT-13225,AA:BB:CC:00:100,42.5,90.7
SR-846,EVT-11350,AA:BB:CC:00:73,48.0,78.0
SR-847,EVT-10372,AA:BB:CC:00:10,48.7,91.3
SR-848,EVT-11489,AA:BB:CC:00:74,43.8,75.5
SR-849,EVT-14997,AA:BB:CC:00:17,47.8,81.6
SR-850,EVT-13637,AA:BB:CC:00:04,44.1,81.9
SR-851,EVT-12867,AA:BB:CC:00:64,47.8,185 F
SR-852,EVT-13565,AA:BB:CC:00:16,47.3,86.5
SR-853,EVT-11473,AA:BB:CC:00:49,43.2,83.7
SR-854,EVT-11647,AA:BB:CC:00:100,45.6,82.7
SR-855,EVT-11022,AA:BB:CC:00:27,46.7,76.9
SR-856,EVT-12222,AA:BB:CC:00:06,48.4,80.3
SR-857,EVT-14417,AA:BB:CC:00:09,48.8,76.9
SR-858,EVT-11091,AA:BB:CC:00:58,47.9,91.1
SR-859,EVT-12845,AA:BB:CC:00:32,44.9,77.7
SR-860,EVT-12539,AA:BB:CC:00:38,45.5,87.1
SR-861,EVT-12379,AA:BB:CC:00:30,45.1,88.8
SR-862,EVT-14866,AA:BB:CC:00:78,43.1,75.7
SR-863,EVT-13114,AA:BB:CC:00:45,45.7,83.5
SR-864,EVT-10489,AA:BB:CC:00:29,44.2,80.2
SR-865,EVT-12591,AA:BB:CC:00:92,44.1,82.6
SR-866,EVT-13840,AA:BB:CC:00:22,42.7,79.3
SR-867,EVT-13980,AA:BB:CC:00:31,44.5,93.3
SR-868,EVT-10035,AA:BB:CC:00:81,42.8,74.4
SR-869,EVT-11305,AA:BB:CC:00:17,48.4,83.7
SR-870,EVT-12698,AA:BB:CC:00:54,44.8,87.7
SR-871,EVT-12840,AA:BB:CC:00:79,46.3,93.9
SR-872,EVT-10172,AA:BB:CC:00:47,42.0,81.5
SR-873,EVT-11699,AA:BB:CC:00:32,44.8,90.2
SR-874,EVT-14385,AA:BB:CC:00:28,41.4,86.7 C
SR-875,EVT-13489,AA:BB:CC:00:11,47.8,94.5
SR-876,EVT-13173,AA:BB:CC:00:39,44.9,84.4
SR-877,EVT-10664,AA:BB:CC:00:17,46.2,88.5
SR-878,EVT-12498,AA:BB:CC:00:76,33.19 ft-lb,88.6
SR-879,EVT-12035,AA:BB:CC:00:39,45.9,86.8
SR-880,EVT-14026,AA:BB:CC:00:73,48.5,79.7
SR-881,EVT-10120,AA:BB:CC:00:25,45.8,79.7
SR-882,EVT-11080,AA:BB:CC:00:26,44.4,82.1
SR-883,EVT-14202,AA:BB:CC:00:68,44.2,87.0
SR-884,EVT-12286,AA:BB:CC:00:62,41.6,83.0
SR-885,EVT-11436,AA:BB:CC:00:19,45.0,78.5
SR-886,EVT-10020,AA:BB:CC:00:13,45.3,86.2
SR-887,EVT-10852,AA:BB:CC:00:29,46.4,84.1
SR-888,EVT-13604,AA:BB:CC:00:54,46.3,77.4
SR-889,EVT-12990,AA:BB:CC:00:73,44.3,185 F
SR-890,EVT-13062,AA:BB:CC:00:42,46.6,82.7
SR-891,EVT-13641,AA:BB:CC:00:62,47.9,88.1
SR-892,EVT-11997,AA:BB:CC:00:71,48.3,76.4
SR-893,EVT-13823,AA:BB:CC:00:71,44.0,85.4
SR-894,EVT-11944,AA:BB:CC:00:21,45.1,86.0
SR-895,EVT-14751,AA:BB:CC:00:09,46.6,185 F
SR-896,EVT-11217,AA:BB:CC:00:45,42.7,90.2
SR-897,EVT-11009,AA:BB:CC:00:27,45.2,86.8
SR-898,EVT-12721,AA:BB:CC:00:48,44.2,81.9
SR-899,EVT-12694,AA:BB:CC:00:85,46.4,83.3
SR-900,EVT-13825,AA:BB:CC:00:69,44.2,82.6
SR-901,EVT-10016,AA:BB:CC:00:05,44.7,84.5
SR-902,EVT-13842,AA:BB:CC:00:72,43.5,91.6
SR-903,EVT-12443,AA:BB:CC:00:15,40.0,76.8
SR-904,EVT-14805,AA:BB:CC:00:77,43.7,83.5
SR-905,EVT-13147,AA:BB:CC:00:97,47.3,80.0
SR-906,EVT-10202,AA:BB:CC:00:44,41.8,86.7
SR-907,EVT-10232,AA:BB:CC:00:47,45.5,85.8
SR-908,EVT-10786,AA:BB:CC:00:32,45.2,92.1
SR-909,EVT-14766,AA:BB:CC:00:36, 43.7 ,84.9
SR-910,EVT-14865,AA:BB:CC:00:49,46.8,91.1
SR-911,EVT-11772,AA:BB:CC:00:53,44.5,88.0
SR-912,EVT-10095,AA:BB:CC:00:23,44.6,84.4
SR-913,EVT-14735,AA:BB:CC:00:34,47.9,87.0
SR-914,EVT-10273,AA:BB:CC:00:18,40.6,79.9
SR-915,EVT-13989,AA:BB:CC:00:12,41.2,88.8
SR-916,EVT-11399,AA:BB:CC:00:87,48.2,83.5
SR-917,EVT-12020,AA:BB:CC:00:02,47.3,82.6
SR-918,EVT-13570,AA:BB:CC:00:27,47.0,82.9
SR-919,EVT-14897,AA:BB:CC:00:50,50.7,87.6
SR-920,EVT-12223,AA:BB:CC:00:31,46.7,82.0
SR-921,EVT-11943,AA:BB:CC:00:48,45.5,80.2
SR-922,EVT-12092,AA:BB:CC:00:86,42.3,81.6
SR-923,EVT-11884,AA:BB:CC:00:69,45.3,76.9
SR-924,EVT-10001,AA:BB:CC:00:17,43.5,82.0
SR-925,EVT-14525,AA:BB:CC:00:43,44.7,80.2
SR-926,EVT-10675,AA:BB:CC:00:71,39.5,87.4
SR-927,EVT-11633,AA:BB:CC:00:18,41.7,82.8
SR-928,EVT-11330,AA:BB:CC:00:66,44.3,85.2
SR-929,EVT-12975,AA:BB:CC:00:31,45.5,72.8
SR-930,EVT-11266,AA:BB:CC:00:63,43.5,84.2
SR-931,EVT-10136,AA:BB:CC:00:28,44.8,83.9
SR-932,EVT-10931,AA:BB:CC:00:67,43.5,88.4
SR-933,EVT-11941,AA:BB:CC:00:09,43.0,89.7
SR-934,EVT-10168,AA:BB:CC:00:97,46.4,75.5
SR-935,EVT-10461,AA:BB:CC:00:28,43.1,97.7
SR-936,EVT-14505,AA:BB:CC:00:92,42.7,84.1
SR-937,EVT-13516,AA:BB:CC:00:18,49.6,83.1
SR-938,EVT-10555,AA:BB:CC:00:15,45.7,79.0
SR-939,EVT-10597,AA:BB:CC:00:75,45.4,89.9
SR-940,EVT-12845,AA:BB:CC:00:89,43.8,81.4
SR-941,EVT-11265,AA:BB:CC:00:05,46.5,93.2
SR-942,EVT-14319,AA:BB:CC:00:41,45.0,83.8
SR-943,EVT-14004,AA:BB:CC:00:91,42.7,84.1
SR-944,EVT-10825,AA:BB:CC:00:76,48.4,95.3
SR-945,EVT-11874,AA:BB:CC:00:74,41.9,84.6
SR-946,EVT-11698,AA:BB:CC:00:73,46.1,80.3
SR-947,EVT-11531,AA:BB:CC:00:66,41.9,84.6
SR-948,EVT-13760,AA:BB:CC:00:73,46.1,87.8
SR-949,EVT-10243,AA:BB:CC:00:51,48.1,84.6
SR-950,EVT-12268,AA:BB:CC:00:16,42.1,83.1
SR-951,EVT-10034,AA:BB:CC:00:65,47.9,93.5
SR-952,EVT-11190,AA:BB:CC:00:85,44.2,83.9
SR-953,EVT-12779,AA:BB:CC:00:57,45.2,87.2
SR-954,EVT-14948,AA:BB:CC:00:37,40.4,77.8
SR-955,EVT-12458,AA:BB:CC:00:39,46.2,87.0
SR-956,EVT-10981,AA:BB:CC:00:65,43.1,79.3
SR-957,EVT-11418,AA:BB:CC:00:49,44.3,90.7
SR-958,EVT-10008,AA:BB:CC:00:47,46.9,85.3
SR-959,EVT-10001,AA:BB:CC:00:40,44.1,76.0
SR-960,EVT-13253,AA:BB:CC:00:14,42.2,83.4
SR-961,EVT-13114,AA:BB:CC:00:40,47.7,97.6
SR-962,EVT-13703,AA:BB:CC:00:48, 44.3 ,91.6
SR-963,EVT-10112,AA:BB:CC:00:32,44.3,85.7
SR-964,EVT-10941,AA:BB:CC:00:88,46.3,80.7
SR-965,EVT-11342,AA:BB:CC:00:39,46.5,88.4
SR-966,EVT-11456,AA:BB:CC:00:33,49.1,86.7
SR-967,EVT-10765,AA:BB:CC:00:30,43.9,83.9
SR-968,EVT-14326,AA:BB:CC:00:26,43.0,77.7
SR-969,EVT-13207,AA:BB:CC:00:43,45.6,85.2
SR-970,EVT-14607,AA:BB:CC:00:55,46.3,82.1
SR-971,EVT-10679,AA:BB:CC:00:44,45.0,87.1
SR-972,EVT-12462,AA:BB:CC:00:78,45.2,81.3
SR-973,EVT-12094,AA:BB:CC:00:76,45.5,86.6
SR-974,EVT-11108,AA:BB:CC:00:03,44.6,96.7
SR-975,EVT-12478,AA:BB:CC:00:07,43.6,96.9
SR-976,EVT-12140,AA:BB:CC:00:85,43.3,87.0
SR-977,EVT-13501,AA:BB:CC:00:58,43.3,93.3
SR-978,EVT-13500,AA:BB:CC:00:91,45.7,82.9
SR-979,EVT-10158,AA:BB:CC:00:10,41.9,80.2
SR-980,EVT-10894,AA:BB:CC:00:10,46.7,91.3
SR-981,EVT-11795,AA:BB:CC:00:100,47.4,80.5
SR-982,EVT-14213,AA:BB:CC:00:81,46.0,91.4
SR-983,EVT-14252,AA:BB:CC:00:42,41.7,78.2
SR-984,EVT-13504,AA:BB:CC:00:34,43.0,87.1
SR-985,EVT-13679,AA:BB:CC:00:82,42.7 Nm,79.7
SR-986,EVT-10256,AA:BB:CC:00:26,42.2,81.6
SR-987,EVT-11859,AA:BB:CC:00:60,44.3,90.6
SR-988,EVT-12046,AA:BB:CC:00:02,47.8,92.1
SR-989,EVT-12515,AA:BB:CC:00:73,47.0,81.7
SR-990,EVT-12746,AA:BB:CC:00:45,46.8,90.8
SR-991,EVT-12813,AA:BB:CC:00:05,40.2,83.0
SR-992,EVT-10420,AA:BB:CC:00:26,48.5,85.4
SR-993,EVT-14473,AA:BB:CC:00:79,48.0,82.0
SR-994,EVT-13763,AA:BB:CC:00:25,42.6,82.2
SR-995,EVT-13917,AA:BB:CC:00:26,41.3 Nm,81.6
SR-996,EVT-14607,AA:BB:CC:00:92,45.3,78.0
SR-997,EVT-12689,AA:BB:CC:00:87,49.2,81.6
SR-998,EVT-11044,AA:BB:CC:00:85,45.9,81.4
SR-999,EVT-14892,AA:BB:CC:00:22,44.4,94.7
SR-1000,EVT-11099,AA:BB:CC:00:19,45.1,89.6
SR-1001,EVT-10789,AA:BB:CC:00:10,46.6,82.8
SR-1002,EVT-10483,AA:BB:CC:00:42,43.4,84.0
SR-1003,EVT-13384,AA:BB:CC:00:100,46.1,86.4
SR-1004,EVT-14564,AA:BB:CC:00:31,47.8,84.9
SR-1005,EVT-12567,AA:BB:CC:00:31,42.9,81.8
SR-1006,EVT-13227,AA:BB:CC:00:99,45.8,88.9
SR-1007,EVT-11204,AA:BB:CC:00:75,47.5,82.7
SR-1008,EVT-14299,AA:BB:CC:00:81,41.4,88.2
SR-1009,EVT-14848,AA:BB:CC:00:97,44.6,91.0
SR-1010,EVT-10562,AA:BB:CC:00:86,43.3,86.4
SR-1011,EVT-14028,AA:BB:CC:00:90,43.1,83.2
SR-1012,EVT-13043,AA:BB:CC:00:36,48.1,89.5
SR-1013,EVT-13059,AA:BB:CC:00:66,46.9,90.4
SR-1014,EVT-13637,AA:BB:CC:00:32,47.5,93.2
SR-1015,EVT-14520,AA:BB:CC:00:67,47.0,92.6
SR-1016,EVT-11851,AA:BB:CC:00:63,45.5,82.9
SR-1017,EVT-11579,AA:BB:CC:00:23,46.2,76.4
SR-1018,EVT-11356,AA:BB:CC:00:50,47.4,83.9
SR-1019,EVT-12980,AA:BB:CC:00:65,44.8,81.8
SR-1020,EVT-14156,AA:BB:CC:00:69,46.5,86.8
SR-1021,EVT-14026,AA:BB:CC:00:44,49.3,84.3
SR-1022,EVT-13132,AA:BB:CC:00:58,46.7,77.4
SR-1023,EVT-10839,AA:BB:CC:00:57,44.4,90.6
SR-1024,EVT-11043,AA:BB:CC:00:37,44.5,81.7
SR-1025,EVT-14151,AA:BB:CC:00:65,43.7,85.0
SR-1026,EVT-10687,AA:BB:CC:00:18,42.2,91.6
SR-1027,EVT-10910,AA:BB:CC:00:05,38.9,83.2
SR-1028,EVT-10203,AA:BB:CC:00:82,42.9,83.1
SR-1029,EVT-11463,AA:BB:CC:00:99,44.2,89.0
SR-1030,EVT-13117,AA:BB:CC:00:96,45.6,88.8
SR-1031,EVT-14536,AA:BB:CC:00:26,46.0,77.0
SR-1032,EVT-12601,AA:BB:CC:00:33,44.7,86.6
SR-1033,EVT-13517,AA:BB:CC:00:42,44.2,87.3
SR-1034,EVT-12055,AA:BB:CC:00:88,47.9,78.7
SR-1035,EVT-13923,AA:BB:CC:00:27,43.2,91.5
SR-1036,EVT-10013,AA:BB:CC:00:54,50.0,88.4
SR-1037,EVT-10793,AA:BB:CC:00:83,43.1,91.6
SR-1038,EVT-12149,AA:BB:CC:00:82,44.4,89.4
SR-1039,EVT-14596,AA:BB:CC:00:79,44.0,84.3
SR-1040,EVT-13820,AA:BB:CC:00:91,43.4,85.3
SR-1041,EVT-11804,AA:BB:CC:00:75,42.3,81.0
SR-1042,EVT-14449,AA:BB:CC:00:24,43.6,87.5
SR-1043,EVT-12028,AA:BB:CC:00:03,48.7,76.6
SR-1044,EVT-12017,AA:BB:CC:00:39,47.9,85.0
SR-1045,EVT-14538,AA:BB:CC:00:71,45.3,79.2
SR-1046,EVT-14398,AA:BB:CC:00:12,44.2,90.3
SR-1047,EVT-13287,AA:BB:CC:00:33,49.9,72.3
SR-1048,EVT-10759,AA:BB:CC:00:22,41.7,80.1
SR-1049,EVT-13860,AA:BB:CC:00:35,44.2,82.7
SR-1050,EVT-11641,AA:BB:CC:00:14,39.9,83.3
SR-1051,EVT-11812,AA:BB:CC:00:26,48.4,86.6
SR-1052,EVT-14611,AA:BB:CC:00:83,46.7,83.6
SR-1053,EVT-11816,AA:BB:CC:00:85,45.7,81.5
SR-1054,EVT-14771,AA:BB:CC:00:54,43.9,87.2
SR-1055,EVT-11825,AA:BB:CC:00:41,48.4,88.7
SR-1056,EVT-13185,AA:BB:CC:00:45,46.0,93.6
SR-1057,EVT-10561,AA:BB:CC:00:31,44.9,82.6
SR-1058,EVT-10237,AA:BB:CC:00:69,48.9,84.3
SR-1059,EVT-13133,AA:BB:CC:00:99,47.3,86.4
SR-1060,EVT-10860,AA:BB:CC:00:17,42.8,80.0
SR-1061,EVT-12207,AA:BB:CC:00:60,46.5,79.6
SR-1062,EVT-13472,AA:BB:CC:00:96,42.4,88.1
SR-1063,EVT-10003,AA:BB:CC:00:04,47.8,185 F
SR-1064,EVT-12649,AA:BB:CC:00:10,48.5,84.3
SR-1065,EVT-14713,AA:BB:CC:00:94,41.5,87.5
SR-1066,EVT-10070,AA:BB:CC:00:09,45.5,83.3
SR-1067,EVT-12916,AA:BB:CC:00:61,44.0,88.7
SR-1068,EVT-13488,AA:BB:CC:00:90, 42.5 ,82.8
SR-1069,EVT-11235,AA:BB:CC:00:22,48.1,92.6
SR-1070,EVT-14942,AA:BB:CC:00:21,43.1,87.3
SR-1071,EVT-10462,AA:BB:CC:00:23,43.2,80.6
SR-1072,EVT-14805,AA:BB:CC:00:61,43.6,83.0
SR-1073,EVT-13800,AA:BB:CC:00:12,41.9,83.8
SR-1074,EVT-14224,AA:BB:CC:00:95,46.1,83.8
SR-1075,EVT-11113,AA:BB:CC:00:17,43.4,86.4
SR-1076,EVT-12840,AA:BB:CC:00:55,45.2,83.9 C
SR-1077,EVT-10051,AA:BB:CC:00:21,44.2,77.4
SR-1078,EVT-14915,AA:BB:CC:00:54,47.2,84.7
SR-1079,EVT-11315,AA:BB:CC:00:47,46.7,81.5
SR-1080,EVT-12184,AA:BB:CC:00:41,45.2,86.1
SR-1081,EVT-13168,AA:BB:CC:00:97,43.8,86.1
SR-1082,EVT-12209,AA:BB:CC:00:15,43.2,78.4
SR-1083,EVT-12156,AA:BB:CC:00:96,42.6,77.3
SR-1084,EVT-13965,AA:BB:CC:00:59,44.1,84.6
SR-1085,EVT-14960,AA:BB:CC:00:99,41.5,85.6
SR-1086,EVT-13232,AA:BB:CC:00:15,44.3,82.3
SR-1087,EVT-13356,AA:BB:CC:00:29,46.3,86.4
SR-1088,EVT-14005,AA:BB:CC:00:11,44.1 Nm,87.0
SR-1089,EVT-10972,AA:BB:CC:00:29,41.7,88.2
SR-1090,EVT-10826,AA:BB:CC:00:86,44.5,80.2
SR-1091,EVT-10317,AA:BB:CC:00:90,46.1,88.7
SR-1092,EVT-10766,AA:BB:CC:00:82,9000,81.2
SR-1093,EVT-12478,AA:BB:CC:00:89,42.0,81.1
SR-1094,EVT-13898,AA:BB:CC:00:85,46.6,88.6
SR-1095,EVT-14794,AA:BB:CC:00:88,46.4,85.1
SR-1096,EVT-12433,AA:BB:CC:00:56,44.2,83.0
SR-1097,EVT-11017,AA:BB:CC:00:92,46.3,78.0
SR-1098,EVT-14148,AA:BB:CC:00:53,42.4,89.0
SR-1099,EVT-13027,AA:BB:CC:00:03,39.7,79.1
SR-1100,EVT-12427,AA:BB:CC:00:13,43.4,73.4
SR-1101,EVT-12161,AA:BB:CC:00:38,44.8,80.8
SR-1102,EVT-13041,AA:BB:CC:00:70,45.1,88.1
SR-1103,EVT-14955,AA:BB:CC:00:11,39.2,83.7
SR-1104,EVT-14353,AA:BB:CC:00:23,44.8,82.8
SR-1105,EVT-12550,AA:BB:CC:00:73,44.1,79.3
SR-1106,EVT-13887,AA:BB:CC:00:56,48.1,85.0
SR-1107,EVT-14955,AA:BB:CC:00:17,45.5,84.9
SR-1108,EVT-11313,AA:BB:CC:00:09,45.7,77.2
SR-1109,EVT-11704,AA:BB:CC:00:83,46.0,75.3
SR-1110,EVT-10261,AA:BB:CC:00:99,48.4,90.9
SR-1111,EVT-11159,AA:BB:CC:00:96,46.0 Nm,94.9
SR-1112,EVT-11664,AA:BB:CC:00:92,47.6,89.4
SR-1113,EVT-11359,AA:BB:CC:00:28,41.5,85.2
SR-1114,EVT-14585,AA:BB:CC:00:79,48.5,82.3
SR-1115,EVT-12002,AA:BB:CC:00:19,43.8,84.5
SR-1116,EVT-12269,AA:BB:CC:00:97,43.5,88.1
SR-1117,EVT-13040,AA:BB:CC:00:87,45.6,86.7
SR-1118,EVT-10975,AA:BB:CC:00:92,44.6,96.8
SR-1119,EVT-11546,AA:BB:CC:00:04,44.5,88.5 C
SR-1120,EVT-11933,AA:BB:CC:00:47,46.1,88.3
SR-1121,EVT-11763,AA:BB:CC:00:47,43.6,89.1
SR-1122,EVT-13605,AA:BB:CC:00:31,45.8,86.7
SR-1123,EVT-12262,AA:BB:CC:00:99,41.4,84.1
SR-1124,EVT-10414,AA:BB:CC:00:05,46.1,83.0
SR-1125,EVT-10626,AA:BB:CC:00:33,45.7,86.7
SR-1126,EVT-14034,AA:BB:CC:00:48,44.0,90.0
SR-1127,EVT-10652,AA:BB:CC:00:32,42.8,86.2
SR-1128,EVT-14786,AA:BB:CC:00:79,43.3,80.4
SR-1129,EVT-10512,AA:BB:CC:00:59,43.7,80.7
SR-1130,EVT-13612,AA:BB:CC:00:98,43.4,86.3
SR-1131,EVT-12444,AA:BB:CC:00:64,45.0,86.5
SR-1132,EVT-10809,AA:BB:CC:00:47,45.5,78.9
SR-1133,EVT-12909,AA:BB:CC:00:09,45.7,77.8
SR-1134,EVT-14495,AA:BB:CC:00:35,43.4,82.7
SR-1135,EVT-13899,AA:BB:CC:00:47,45.8,80.8
SR-1136,EVT-12721,AA:BB:CC:00:88,41.7,86.4
SR-1137,EVT-10502,AA:BB:CC:00:82,40.9,87.8
SR-1138,EVT-10039,AA:BB:CC:00:17,46.6,86.0
SR-1139,EVT-13010,AA:BB:CC:00:01,41.9,84.7
SR-1140,EVT-14444,AA:BB:CC:00:55,41.1,83.6
SR-1141,EVT-10221,AA:BB:CC:00:11,41.3,87.4
SR-1142,EVT-11465,AA:BB:CC:00:33,45.6,79.7
SR-1143,EVT-13635,AA:BB:CC:00:70,45.4,95.8
SR-1144,EVT-14159,AA:BB:CC:00:56,45.8,78.7
SR-1145,EVT-11027,AA:BB:CC:00:64,45.5,86.2
SR-1146,EVT-11479,AA:BB:CC:00:93,43.7,90.9
SR-1147,EVT-11041,AA:BB:CC:00:58,43.8,79.3
SR-1148,EVT-11906,AA:BB:CC:00:20,41.3,85.6
SR-1149,EVT-12829,AA:BB:CC:00:18,46.4,96.0
SR-1150,EVT-13445,AA:BB:CC:00:78,45.5,81.7
SR-1151,EVT-13437,AA:BB:CC:00:45,43.0,82.6
SR-1152,EVT-14446,AA:BB:CC:00:43, 48.1 ,86.2
SR-1153,EVT-12146,AA:BB:CC:00:20,41.9,80.0
SR-1154,EVT-10897,AA:BB:CC:00:57,45.6,88.0
SR-1155,EVT-13490,AA:BB:CC:00:82,40.6,78.7
SR-1156,EVT-14444,AA:BB:CC:00:27,42.6,89.6
SR-1157,EVT-13909,AA:BB:CC:00:18,41.3,79.4
SR-1158,EVT-10576,AA:BB:CC:00:17,46.6,86.5
SR-1159,EVT-11244,AA:BB:CC:00:60,49.7,88.5
SR-1160,EVT-13082,AA:BB:CC:00:89,42.7,82.4
SR-1161,EVT-10189,AA:BB:CC:00:05,43.4,85.3
SR-1162,EVT-13954,AA:BB:CC:00:06,49.8,87.9
SR-1163,EVT-14181,AA:BB:CC:00:100,43.4,79.5
SR-1164,EVT-14640,AA:BB:CC:00:97,48.0,82.3
SR-1165,EVT-13066,AA:BB:CC:00:15,46.5,78.0
SR-1166,EVT-13355,AA:BB:CC:00:39,46.4,88.3
SR-1167,EVT-14630,AA:BB:CC:00:80,48.8,83.3
SR-1168,EVT-11072,AA:BB:CC:00:39,46.3,87.8
SR-1169,EVT-14939,AA:BB:CC:00:88,41.9,92.9
SR-1170,EVT-10732,AA:BB:CC:00:21,43.2,79.3
SR-1171,EVT-13660,AA:BB:CC:00:13,42.9,80.5
SR-1172,EVT-13694,AA:BB:CC:00:29,43.3,80.8
SR-1173,EVT-12201,AA:BB:CC:00:98,47.2,90.7
SR-1174,EVT-14240,AA:BB:CC:00:05,43.2,83.8
SR-1175,EVT-11632,AA:BB:CC:00:67,45.7,90.1
SR-1176,EVT-11338,AA:BB:CC:00:21,43.9,98.2
SR-1177,EVT-10725,AA:BB:CC:00:09,46.0,78.0
SR-1178,EVT-14902,AA:BB:CC:00:67,42.6,81.8
SR-1179,EVT-12585,AA:BB:CC:00:44,48.2,89.6
SR-1180,EVT-11757,AA:BB:CC:00:62,48.3,82.6
SR-1181,EVT-12965,AA:BB:CC:00:94,43.3,78.6
SR-1182,EVT-14439,AA:BB:CC:00:67,44.1,79.4
SR-1183,EVT-11289,AA:BB:CC:00:62,43.7,80.8
SR-1184,EVT-10481,AA:BB:CC:00:62,46.5,76.8
SR-1185,EVT-13736,AA:BB:CC:00:60,45.7,82.3
SR-1186,EVT-10404,AA:BB:CC:00:49, 43.8 ,88.7
SR-1187,EVT-13701,AA:BB:CC:00:39,43.4,79.5
SR-1188,EVT-14006,AA:BB:CC:00:41,47.4,87.0
SR-1189,EVT-10716,AA:BB:CC:00:50,46.2,82.5
SR-1190,EVT-11857,AA:BB:CC:00:98,46.0,88.1
SR-1191,EVT-12810,AA:BB:CC:00:17,47.6,76.8
SR-1192,EVT-13576,AA:BB:CC:00:53,44.8,83.2 C
SR-1193,EVT-10283,AA:BB:CC:00:55,47.8,89.2
SR-1194,EVT-12773,AA:BB:CC:00:78,33.19 ft-lb,91.1
SR-1195,EVT-10123,AA:BB:CC:00:75,43.6,86.0
SR-1196,EVT-13473,AA:BB:CC:00:56,44.8,83.7
SR-1197,EVT-11555,AA:BB:CC:00:01,43.6,85.3
SR-1198,EVT-11355,AA:BB:CC:00:65,43.0,84.9
SR-1199,EVT-13540,AA:BB:CC:00:64,42.7,90.1
SR-1200,EVT-12361,AA:BB:CC:00:52,39.7,81.4
SR-1201,EVT-11969,AA:BB:CC:00:15,45.0,78.1
SR-1202,EVT-10609,AA:BB:CC:00:02,45.9,87.3
SR-1203,EVT-12113,AA:BB:CC:00:12,42.1,84.8
SR-1204,EVT-14340,AA:BB:CC:00:45,42.3,83.9
SR-1205,EVT-12406,AA:BB:CC:00:57,44.5,94.1
SR-1206,EVT-10125,AA:BB:CC:00:42,46.8,80.4
SR-1207,EVT-10731,AA:BB:CC:00:02,43.6,75.2
SR-1208,EVT-12330,AA:BB:CC:00:87,46.6,87.6
SR-1209,EVT-14125,AA:BB:CC:00:62,48.6,81.3
SR-1210,EVT-11621,AA:BB:CC:00:34,41.5,84.8
SR-1211,EVT-10331,AA:BB:CC:00:17,48.9,93.9
SR-1212,EVT-12815,AA:BB:CC:00:41,48.2,74.4
SR-1213,EVT-14480,AA:BB:CC:00:78,33.19 ft-lb,81.2
SR-1214,EVT-13311,AA:BB:CC:00:75,48.4,90.1
SR-1215,EVT-12416,AA:BB:CC:00:84,45.6,91.5
SR-1216,EVT-10768,AA:BB:CC:00:71,42.5,81.3
SR-1217,EVT-11668,AA:BB:CC:00:65,42.9,85.2
SR-1218,EVT-12329,AA:BB:CC:00:15,42.9,86.7
SR-1219,EVT-11861,AA:BB:CC:00:38,46.9,86.4
SR-1220,EVT-11852,AA:BB:CC:00:98,47.1,80.9
SR-1221,EVT-10258,AA:BB:CC:00:73,47.6,84.6
SR-1222,EVT-13661,AA:BB:CC:00:65,43.4,81.8
SR-1223,EVT-10531,AA:BB:CC:00:09,48.5,87.3
SR-1224,EVT-11465,AA:BB:CC:00:42,44.8,78.3
SR-1225,EVT-10427,AA:BB:CC:00:66,48.4,81.5
SR-1226,EVT-10136,AA:BB:CC:00:86,45.7,80.1
SR-1227,EVT-13577,AA:BB:CC:00:89,43.5,85.9
SR-1228,EVT-14545,AA:BB:CC:00:51,46.9,87.6
SR-1229,EVT-13685,AA:BB:CC:00:78,45.2,86.0
SR-1230,EVT-14200,AA:BB:CC:00:99,40.2,92.5
SR-1231,EVT-14394,AA:BB:CC:00:80,44.6,84.3
SR-1232,EVT-14192,AA:BB:CC:00:19,42.2,80.2
SR-1233,EVT-10811,AA:BB:CC:00:31,45.4,81.6
SR-1234,EVT-11399,AA:BB:CC:00:66,46.4,80.8
SR-1235,EVT-13726,AA:BB:CC:00:32,43.4,83.5
SR-1236,EVT-13820,AA:BB:CC:00:100,44.6,77.6
SR-1237,EVT-12559,AA:BB:CC:00:75,45.6,85.4
SR-1238,EVT-12934,AA:BB:CC:00:08,43.7,86.8
SR-1239,EVT-14089,AA:BB:CC:00:69,44.9,85.9
SR-1240,EVT-14279,AA:BB:CC:00:98,41.0,91.8
SR-1241,EVT-11224,AA:BB:CC:00:32,43.6,93.9
SR-1242,EVT-10345,AA:BB:CC:00:47,46.1,84.5
SR-1243,EVT-11053,AA:BB:CC:00:70,44.6,90.5
SR-1244,EVT-14919,AA:BB:CC:00:08,43.6,78.1
SR-1245,EVT-14219,AA:BB:CC:00:34,45.1,93.8
SR-1246,EVT-10469,AA:BB:CC:00:04,42.5,85.7
SR-1247,EVT-12968,AA:BB:CC:00:36,43.1,87.0
SR-1248,EVT-11013,AA:BB:CC:00:44,45.3,80.8
SR-1249,EVT-13364,AA:BB:CC:00:25,44.2,88.8
SR-1250,EVT-14937,AA:BB:CC:00:26,44.7,86.3
SR-1251,EVT-14168,AA:BB:CC:00:33,46.3,90.1
SR-1252,EVT-13322,AA:BB:CC:00:09,45.7,83.2
SR-1253,EVT-14095,AA:BB:CC:00:47,42.4,83.9
SR-1254,EVT-10896,AA:BB:CC:00:72,42.7,83.1
SR-1255,EVT-12269,AA:BB:CC:00:17,46.5,90.6
SR-1256,EVT-10330,AA:BB:CC:00:15,45.8,77.3
SR-1257,EVT-13766,AA:BB:CC:00:42,45.4,89.7
SR-1258,EVT-10580,AA:BB:CC:00:54,9000,90.6
SR-1259,EVT-11494,AA:BB:CC:00:13,48.4,93.5
SR-1260,EVT-13572,AA:BB:CC:00:50,47.7,88.2
SR-1261,EVT-13074,AA:BB:CC:00:44,51.4,80.6
SR-1262,EVT-10903,AA:BB:CC:00:03,46.7,88.4
SR-1263,EVT-11904,AA:BB:CC:00:53,44.9,94.0
SR-1264,EVT-12851,AA:BB:CC:00:56,43.6,86.3
SR-1265,EVT-10694,AA:BB:CC:00:54,45.8,83.1
SR-1266,EVT-11501,AA:BB:CC:00:57,47.8,95.2
SR-1267,EVT-10168,AA:BB:CC:00:12,45.2,77.1 C
SR-1268,EVT-13145,AA:BB:CC:00:93,43.2,82.7
SR-1269,EVT-10570,AA:BB:CC:00:59,45.5,92.9
SR-1270,EVT-13613,AA:BB:CC:00:65,46.6,79.5
SR-1271,EVT-12136,AA:BB:CC:00:96,44.6,91.8
SR-1272,EVT-11341,AA:BB:CC:00:37,48.0,75.4
SR-1273,EVT-14165,AA:BB:CC:00:20,43.0,89.1
SR-1274,EVT-14964,AA:BB:CC:00:72,43.8,89.6
SR-1275,EVT-12659,AA:BB:CC:00:37,45.9,79.1
SR-1276,EVT-10999,AA:BB:CC:00:31,46.6,85.1
SR-1277,EVT-14191,AA:BB:CC:00:95,45.4,78.1
SR-1278,EVT-10789,AA:BB:CC:00:25,42.4,79.8
SR-1279,EVT-11398,AA:BB:CC:00:50,46.1,85.1
SR-1280,EVT-14448,AA:BB:CC:00:49,48.4,94.3
SR-1281,EVT-13605,AA:BB:CC:00:08,46.6,91.5
SR-1282,EVT-12915,AA:BB:CC:00:94,48.0,78.2
SR-1283,EVT-14689,AA:BB:CC:00:94,43.3,88.8
SR-1284,EVT-10396,AA:BB:CC:00:91,48.9,78.4
SR-1285,EVT-11489,AA:BB:CC:00:35,45.8,91.9
SR-1286,EVT-12041,AA:BB:CC:00:13,44.1,79.1
SR-1287,EVT-13137,AA:BB:CC:00:21,44.1,90.2
SR-1288,EVT-14602,AA:BB:CC:00:73,47.2,82.6
SR-1289,EVT-10146,AA:BB:CC:00:24,48.4,75.1
SR-1290,EVT-10687,AA:BB:CC:00:48,44.6,84.5
SR-1291,EVT-14985,AA:BB:CC:00:33,48.0,82.1
SR-1292,EVT-14740,AA:BB:CC:00:01,46.8,88.8
SR-1293,EVT-14329,AA:BB:CC:00:72,45.1,80.4
SR-1294,EVT-10682,AA:BB:CC:00:03,44.7,91.0
SR-1295,EVT-10330,AA:BB:CC:00:14,48.2,95.5
SR-1296,EVT-11190,AA:BB:CC:00:14,45.6,80.6
SR-1297,EVT-13053,AA:BB:CC:00:49,49.2,82.8
SR-1298,EVT-13941,AA:BB:CC:00:33,42.5,95.5
SR-1299,EVT-14922,AA:BB:CC:00:04,43.5,87.1
SR-1300,EVT-14844,AA:BB:CC:00:38,46.2,82.0
SR-1301,EVT-11262,AA:BB:CC:00:25,44.3,86.4
SR-1302,EVT-10202,AA:BB:CC:00:47,43.8,82.4
SR-1303,EVT-14309,AA:BB:CC:00:13,44.7,84.0
SR-1304,EVT-11289,AA:BB:CC:00:39,45.5,84.3
SR-1305,EVT-10106,AA:BB:CC:00:25,47.0,85.9
SR-1306,EVT-14946,AA:BB:CC:00:73,45.9,88.6
SR-1307,EVT-11294,AA:BB:CC:00:43,44.6,91.2
SR-1308,EVT-12594,AA:BB:CC:00:38,40.5,87.0
SR-1309,EVT-11024,AA:BB:CC:00:35,47.1,81.9
SR-1310,EVT-11982,AA:BB:CC:00:93,43.7 Nm,92.0
SR-1311,EVT-11268,AA:BB:CC:00:55,44.0,90.9
SR-1312,EVT-11297,AA:BB:CC:00:50,46.4,80.9
SR-1313,EVT-10315,AA:BB:CC:00:78,44.6,86.3
SR-1314,EVT-14753,AA:BB:CC:00:34,45.9,84.8
SR-1315,EVT-14414,AA:BB:CC:00:25, 47.7 ,83.1
SR-1316,EVT-10552,AA:BB:CC:00:42,45.6,87.1
SR-1317,EVT-12769,AA:BB:CC:00:92,41.9,94.4
SR-1318,EVT-11066,AA:BB:CC:00:51,46.1,85.6
SR-1319,EVT-12001,AA:BB:CC:00:94,43.8,80.1
SR-1320,EVT-12783,AA:BB:CC:00:37,45.1,82.6
SR-1321,EVT-13365,AA:BB:CC:00:66,44.3,79.8
SR-1322,EVT-11273,AA:BB:CC:00:85,45.2,84.2
SR-1323,EVT-12736,AA:BB:CC:00:34,45.0,88.9
SR-1324,EVT-13259,AA:BB:CC:00:83,43.6,80.3
SR-1325,EVT-13966,AA:BB:CC:00:38,43.5,78.4
SR-1326,EVT-14450,AA:BB:CC:00:31,48.5,74.7
SR-1327,EVT-10598,AA:BB:CC:00:26,49.3,78.1
SR-1328,EVT-10311,AA:BB:CC:00:76,42.8,92.5
SR-1329,EVT-13787,AA:BB:CC:00:94,47.3,92.9
SR-1330,EVT-11469,AA:BB:CC:00:26,33.19 ft-lb,83.3
SR-1331,EVT-12676,AA:BB:CC:00:63,46.3,91.3
SR-1332,EVT-12621,AA:BB:CC:00:48,47.7,85.4
SR-1333,EVT-14707,AA:BB:CC:00:95,44.9,82.6 C
SR-1334,EVT-11705,AA:BB:CC:00:79,45.1,95.3
SR-1335,EVT-13957,AA:BB:CC:00:10,47.9,84.2
SR-1336,EVT-11179,AA:BB:CC:00:36,44.7,89.1
SR-1337,EVT-10787,AA:BB:CC:00:40,44.2,83.4
SR-1338,EVT-14642,AA:BB:CC:00:26,42.9,76.1
SR-1339,EVT-10353,AA:BB:CC:00:09,43.4,84.6
SR-1340,EVT-14114,AA:BB:CC:00:53,44.8,85.6
SR-1341,EVT-11385,AA:BB:CC:00:81,45.0,79.2
SR-1342,EVT-13503,AA:BB:CC:00:70,44.1,84.6
SR-1343,EVT-13549,AA:BB:CC:00:86,42.5,81.4
SR-1344,EVT-11473,AA:BB:CC:00:80,41.7,91.2
SR-1345,EVT-10783,AA:BB:CC:00:86,42.3,81.6
SR-1346,EVT-11944,AA:BB:CC:00:53,33.19 ft-lb,83.5
SR-1347,EVT-12504,AA:BB:CC:00:39,48.5,83.2
SR-1348,EVT-10925,AA:BB:CC:00:61,41.8,84.2
SR-1349,EVT-13080,AA:BB:CC:00:52,44.4,78.4
SR-1350,EVT-11798,AA:BB:CC:00:68,45.9,84.7
SR-1351,EVT-11743,AA:BB:CC:00:68,49.0,92.7
SR-1352,EVT-10956,AA:BB:CC:00:73,44.8,84.8
SR-1353,EVT-13634,AA:BB:CC:00:78,44.9,90.8
SR-1354,EVT-12599,AA:BB:CC:00:42,47.8,75.6
SR-1355,EVT-10266,AA:BB:CC:00:90,47.0,74.0
SR-1356,EVT-14424,AA:BB:CC:00:67,45.4,90.5
SR-1357,EVT-13087,AA:BB:CC:00:96,44.1,84.7
SR-1358,EVT-12328,AA:BB:CC:00:75,47.5,86.0
SR-1359,EVT-11439,AA:BB:CC:00:51,45.1,84.9
SR-1360,EVT-11004,AA:BB:CC:00:03,43.9,88.8
SR-1361,EVT-11929,AA:BB:CC:00:13,42.9,80.0
SR-1362,EVT-13041,AA:BB:CC:00:13,45.0,85.9
SR-1363,EVT-14160,AA:BB:CC:00:61,49.3,88.0
SR-1364,EVT-14255,AA:BB:CC:00:24,46.2,81.8
SR-1365,EVT-11639,AA:BB:CC:00:20,45.8,82.3
SR-1366,EVT-11886,AA:BB:CC:00:74,45.3,78.4
SR-1367,EVT-11589,AA:BB:CC:00:87,45.1,80.2
SR-1368,EVT-12122,AA:BB:CC:00:97,45.2,74.8
SR-1369,EVT-11657,AA:BB:CC:00:55,46.9,88.6
SR-1370,EVT-10552,AA:BB:CC:00:35,42.2,72.1
SR-1371,EVT-12552,AA:BB:CC:00:78,47.9,77.4
SR-1372,EVT-12929,AA:BB:CC:00:80,45.6,85.9
SR-1373,EVT-14668,AA:BB:CC:00:30,45.7,83.4
SR-1374,EVT-11158,AA:BB:CC:00:83,46.9,83.2
SR-1375,EVT-10948,AA:BB:CC:00:33,47.3,87.7
SR-1376,EVT-13049,AA:BB:CC:00:41,45.1,82.5
SR-1377,EVT-12100,AA:BB:CC:00:66,42.7,85.6
SR-1378,EVT-14323,AA:BB:CC:00:49,39.6,86.1
SR-1379,EVT-13936,AA:BB:CC:00:08,44.7,85.5
SR-1380,EVT-10017,AA:BB:CC:00:84,45.0,82.5
SR-1381,EVT-13548,AA:BB:CC:00:03,46.3,85.6
SR-1382,EVT-14924,AA:BB:CC:00:85,42.9,92.6
SR-1383,EVT-13420,AA:BB:CC:00:65,47.0,85.1
SR-1384,EVT-14354,AA:BB:CC:00:85,48.9,80.8
SR-1385,EVT-11389,AA:BB:CC:00:72,44.1,89.9
SR-1386,EVT-13552,AA:BB:CC:00:02,47.2,94.7
SR-1387,EVT-14044,AA:BB:CC:00:87,47.5,80.2
SR-1388,EVT-10807,AA:BB:CC:00:41,47.7,89.6
SR-1389,EVT-11406,AA:BB:CC:00:53,33.19 ft-lb,79.8
SR-1390,EVT-10617,AA:BB:CC:00:75,47.3,91.2
SR-1391,EVT-10910,AA:BB:CC:00:16,45.9,84.5
SR-1392,EVT-12146,AA:BB:CC:00:09,47.5,94.2
SR-1393,EVT-13485,AA:BB:CC:00:96,44.6,85.1
SR-1394,EVT-14869,AA:BB:CC:00:39,47.0,92.5
SR-1395,EVT-10020,AA:BB:CC:00:64,49.1,82.3
SR-1396,EVT-11759,AA:BB:CC:00:36,42.1,77.8
SR-1397,EVT-10851,AA:BB:CC:00:23,42.2,85.5
SR-1398,EVT-10702,AA:BB:CC:00:47,44.4,92.7
SR-1399,EVT-12355,AA:BB:CC:00:49,46.4,84.3
SR-1400,EVT-13876,AA:BB:CC:00:55,43.8,95.0
SR-1401,EVT-14852,AA:BB:CC:00:94,45.8 Nm,86.4
SR-1402,EVT-14616,AA:BB:CC:00:10,45.4,97.2
SR-1403,EVT-13183,AA:BB:CC:00:63,45.5,84.6
SR-1404,EVT-10723,AA:BB:CC:00:95,42.4,89.9
SR-1405,EVT-11282,AA:BB:CC:00:26,49.6,89.9
SR-1406,EVT-14372,AA:BB:CC:00:48,46.1,185 F
SR-1407,EVT-14055,AA:BB:CC:00:30,46.5,89.1
SR-1408,EVT-11710,AA:BB:CC:00:02,46.9,85.1
SR-1409,EVT-13604,AA:BB:CC:00:29, 47.0 ,91.3
SR-1410,EVT-10863,AA:BB:CC:00:54,44.4,87.0
SR-1411,EVT-13728,AA:BB:CC:00:32,47.3,80.6
SR-1412,EVT-11081,AA:BB:CC:00:38,45.1,84.5
SR-1413,EVT-13186,AA:BB:CC:00:21,47.7,82.6
SR-1414,EVT-11878,AA:BB:CC:00:27,44.0,83.2
SR-1415,EVT-10312,AA:BB:CC:00:88,44.5,81.4
SR-1416,EVT-14348,AA:BB:CC:00:34,46.0,79.5
SR-1417,EVT-10013,AA:BB:CC:00:23,43.4,82.8
SR-1418,EVT-11905,AA:BB:CC:00:78,43.2,93.0
SR-1419,EVT-13917,AA:BB:CC:00:39,43.8,82.1
SR-1420,EVT-13731,AA:BB:CC:00:69,47.0,185 F
SR-1421,EVT-13437,AA:BB:CC:00:73,47.1,91.3
SR-1422,EVT-10051,AA:BB:CC:00:45,45.6,85.5
SR-1423,EVT-11782,AA:BB:CC:00:63,9000,91.5
SR-1424,EVT-11293,AA:BB:CC:00:08,44.1,78.1
SR-1425,EVT-10934,AA:BB:CC:00:07,45.2,78.3
SR-1426,EVT-14691,AA:BB:CC:00:30,43.5,91.6
SR-1427,EVT-13531,AA:BB:CC:00:12,47.0,86.0
SR-1428,EVT-10498,AA:BB:CC:00:20,45.6,93.4
SR-1429,EVT-12159,AA:BB:CC:00:64,47.2,76.5
SR-1430,EVT-11035,AA:BB:CC:00:29,44.8,92.3
SR-1431,EVT-10469,AA:BB:CC:00:55,50.1,86.3
SR-1432,EVT-14834,AA:BB:CC:00:12,45.8,82.3
SR-1433,EVT-13303,AA:BB:CC:00:84,41.3,90.6
SR-1434,EVT-13526,AA:BB:CC:00:22,45.7,76.9
SR-1435,EVT-11672,AA:BB:CC:00:23,43.7,78.6
SR-1436,EVT-10893,AA:BB:CC:00:48,48.9,88.0
SR-1437,EVT-13634,AA:BB:CC:00:45,43.3,73.4
SR-1438,EVT-13221,AA:BB:CC:00:26,48.2,86.5
SR-1439,EVT-10463,AA:BB:CC:00:28,42.4,92.8
SR-1440,EVT-11139,AA:BB:CC:00:55,43.9,88.1
SR-1441,EVT-10328,AA:BB:CC:00:73,42.9,84.4
SR-1442,EVT-13866,AA:BB:CC:00:69,45.6,85.3
SR-1443,EVT-11139,AA:BB:CC:00:02,47.8,78.2
SR-1444,EVT-14910,AA:BB:CC:00:28,43.3,77.1 C
SR-1445,EVT-11009,AA:BB:CC:00:77,42.1,84.7
SR-1446,EVT-10328,AA:BB:CC:00:79,46.2,78.2
SR-1447,EVT-10474,AA:BB:CC:00:53,44.5,80.5
SR-1448,EVT-10795,AA:BB:CC:00:14,43.4,78.5
SR-1449,EVT-10034,AA:BB:CC:00:46,44.4,90.7
SR-1450,EVT-12410,AA:BB:CC:00:78,46.5,86.2
SR-1451,EVT-10165,AA:BB:CC:00:67,47.2,91.6
SR-1452,EVT-13679,AA:BB:CC:00:74,43.6,73.3
SR-1453,EVT-12728,AA:BB:CC:00:70,46.3,83.4
SR-1454,EVT-14930,AA:BB:CC:00:20,33.19 ft-lb,91.9
SR-1455,EVT-10386,AA:BB:CC:00:35,44.7,92.9
SR-1456,EVT-12636,AA:BB:CC:00:48,33.19 ft-lb,79.6
SR-1457,EVT-12480,AA:BB:CC:00:43,43.6,83.0
SR-1458,EVT-13037,AA:BB:CC:00:20,48.0,81.7
SR-1459,EVT-11698,AA:BB:CC:00:56,41.5,82.2
SR-1460,EVT-12063,AA:BB:CC:00:03,45.8,88.0
SR-1461,EVT-11191,AA:BB:CC:00:68,47.5,77.5
SR-1462,EVT-14932,AA:BB:CC:00:11,9000,89.8
SR-1463,EVT-13457,AA:BB:CC:00:62,45.5 Nm,75.8
SR-1464,EVT-14261,AA:BB:CC:00:61,9000,85.4
SR-1465,EVT-14407,AA:BB:CC:00:95,47.7,94.1
SR-1466,EVT-13123,AA:BB:CC:00:58,42.1,87.2
SR-1467,EVT-10320,AA:BB:CC:00:29,49.3,89.1
SR-1468,EVT-14673,AA:BB:CC:00:38,44.9,79.1
SR-1469,EVT-13059,AA:BB:CC:00:84,47.9,85.5
SR-1470,EVT-14370,AA:BB:CC:00:88,47.9,82.3
SR-1471,EVT-14548,AA:BB:CC:00:87,41.5,86.6
SR-1472,EVT-12039,AA:BB:CC:00:22,43.9,80.3
SR-1473,EVT-11299,AA:BB:CC:00:86,47.4,91.8
SR-1474,EVT-14970,AA:BB:CC:00:41,44.4,86.5
SR-1475,EVT-11677,AA:BB:CC:00:84,46.8,87.5
SR-1476,EVT-11740,AA:BB:CC:00:63,44.2,87.3
SR-1477,EVT-11114,AA:BB:CC:00:38,45.4,85.7
SR-1478,EVT-12978,AA:BB:CC:00:50,42.5,88.4
SR-1479,EVT-11464,AA:BB:CC:00:07,44.7,76.8
SR-1480,EVT-14794,AA:BB:CC:00:24,43.1,91.7
SR-1481,EVT-13663,AA:BB:CC:00:46,45.2,90.1
SR-1482,EVT-11442,AA:BB:CC:00:25,45.6,81.2
SR-1483,EVT-13470,AA:BB:CC:00:78,49.1,81.0
SR-1484,EVT-13710,AA:BB:CC:00:29,45.0,82.7
SR-1485,EVT-14978,AA:BB:CC:00:67,42.8,86.2
SR-1486,EVT-13284,AA:BB:CC:00:93,46.0,77.0
SR-1487,EVT-11429,AA:BB:CC:00:80,42.3,81.1
SR-1488,EVT-14968,AA:BB:CC:00:85,44.1,78.7
SR-1489,EVT-11254,AA:BB:CC:00:22,45.5,93.8
SR-1490,EVT-14886,AA:BB:CC:00:85,42.4,88.4
SR-1491,EVT-10982,AA:BB:CC:00:86,43.8,84.3
SR-1492,EVT-10908,AA:BB:CC:00:09,43.8,81.5
SR-1493,EVT-10630,AA:BB:CC:00:87,42.4,80.2
SR-1494,EVT-11291,AA:BB:CC:00:49,48.4,91.0
SR-1495,EVT-13209,AA:BB:CC:00:73,44.0,81.3
SR-1496,EVT-10048,AA:BB:CC:00:96,42.5,91.1
SR-1497,EVT-11755,AA:BB:CC:00:36,48.7,67.2
SR-1498,EVT-11898,AA:BB:CC:00:100,47.9,89.3
SR-1499,EVT-13106,AA:BB:CC:00:05,44.9,88.2
SR-1500,EVT-12229,AA:BB:CC:00:90,42.1,84.9
SR-1501,EVT-12167,AA:BB:CC:00:04,48.1,87.5
SR-1502,EVT-11811,AA:BB:CC:00:24,44.4,81.5
SR-1503,EVT-12315,AA:BB:CC:00:41,43.8,90.0
SR-1504,EVT-10769,AA:BB:CC:00:14,43.7,92.2
SR-1505,EVT-11499,AA:BB:CC:00:91,46.0,80.7
SR-1506,EVT-10277,AA:BB:CC:00:12,43.6,90.7
SR-1507,EVT-10802,AA:BB:CC:00:82,44.1,85.4
SR-1508,EVT-13308,AA:BB:CC:00:44,42.1,77.2
SR-1509,EVT-11267,AA:BB:CC:00:09,42.3,90.1
SR-1510,EVT-12902,AA:BB:CC:00:66,46.8,81.7
SR-1511,EVT-14880,AA:BB:CC:00:38,44.7,85.4
SR-1512,EVT-10653,AA:BB:CC:00:96,43.0,89.7
SR-1513,EVT-10243,AA:BB:CC:00:77,44.2,90.5
SR-1514,EVT-10927,AA:BB:CC:00:57,44.2,78.2
SR-1515,EVT-13232,AA:BB:CC:00:47,42.4,85.1
SR-1516,EVT-11599,AA:BB:CC:00:55,44.1,79.2
SR-1517,EVT-11164,AA:BB:CC:00:88,44.5,81.0
SR-1518,EVT-13525,AA:BB:CC:00:02,40.9,89.4
SR-1519,EVT-11952,AA:BB:CC:00:83,44.6,93.1
SR-1520,EVT-11156,AA:BB:CC:00:18,44.1,79.3 C
SR-1521,EVT-14055,AA:BB:CC:00:66,44.5,78.1
SR-1522,EVT-12759,AA:BB:CC:00:90,9000,80.7
SR-1523,EVT-12065,AA:BB:CC:00:57,46.3,81.8
SR-1524,EVT-12019,AA:BB:CC:00:64,43.1,81.1
SR-1525,EVT-12969,AA:BB:CC:00:88,46.2,91.9
SR-1526,EVT-13923,AA:BB:CC:00:27,44.2,90.2
SR-1527,EVT-13942,AA:BB:CC:00:53,48.0,96.1
SR-1528,EVT-11383,AA:BB:CC:00:59,46.5,84.5
SR-1529,EVT-11875,AA:BB:CC:00:29,45.0,88.7 C
SR-1530,EVT-14972,AA:BB:CC:00:72,44.4,79.1
SR-1531,EVT-11795,AA:BB:CC:00:95,43.5,82.2
SR-1532,EVT-10021,AA:BB:CC:00:98,44.0,81.8
SR-1533,EVT-13966,AA:BB:CC:00:14, 41.4 ,86.7
SR-1534,EVT-13537,AA:BB:CC:00:68,45.3,85.6
SR-1535,EVT-10200,AA:BB:CC:00:43,43.4,75.0
SR-1536,EVT-11288,AA:BB:CC:00:29,45.2,88.5
SR-1537,EVT-13770,AA:BB:CC:00:57,43.0,87.6
SR-1538,EVT-13360,AA:BB:CC:00:33,45.7,89.9
SR-1539,EVT-12920,AA:BB:CC:00:21,46.0,83.6
SR-1540,EVT-12310,AA:BB:CC:00:41,45.7,86.8
SR-1541,EVT-14512,AA:BB:CC:00:01,45.5,87.5
SR-1542,EVT-12113,AA:BB:CC:00:27,40.4,95.9
SR-1543,EVT-11009,AA:BB:CC:00:02,45.2,76.1
SR-1544,EVT-13582,AA:BB:CC:00:64,43.6,90.9
SR-1545,EVT-14551,AA:BB:CC:00:51,44.7,88.4
SR-1546,EVT-10954,AA:BB:CC:00:54,44.2,87.0
SR-1547,EVT-11826,AA:BB:CC:00:74,43.3,84.7
SR-1548,EVT-12140,AA:BB:CC:00:74,43.8,86.6
SR-1549,EVT-14864,AA:BB:CC:00:30,45.6,85.9
SR-1550,EVT-14958,AA:BB:CC:00:01,47.1,86.3
SR-1551,EVT-13367,AA:BB:CC:00:95,44.8,81.0
SR-1552,EVT-13366,AA:BB:CC:00:99,49.1,82.6
SR-1553,EVT-10531,AA:BB:CC:00:29,43.6,85.6
SR-1554,EVT-11376,AA:BB:CC:00:13,47.7,78.0
SR-1555,EVT-14310,AA:BB:CC:00:73,43.4,87.4
SR-1556,EVT-13124,AA:BB:CC:00:43,44.8,84.5
SR-1557,EVT-11163,AA:BB:CC:00:41,43.6,80.7
SR-1558,EVT-11671,AA:BB:CC:00:75,44.4,84.1
SR-1559,EVT-10447,AA:BB:CC:00:88,46.4,88.4
SR-1560,EVT-12728,AA:BB:CC:00:89,44.9,85.1
SR-1561,EVT-10878,AA:BB:CC:00:58,44.5,87.5
SR-1562,EVT-11657,AA:BB:CC:00:77,47.6,85.7
SR-1563,EVT-10025,AA:BB:CC:00:14,42.9,88.2
SR-1564,EVT-13798,AA:BB:CC:00:41,42.6,90.2
SR-1565,EVT-11573,AA:BB:CC:00:67,41.8,77.7
SR-1566,EVT-10196,AA:BB:CC:00:54,44.7,81.1
SR-1567,EVT-14207,AA:BB:CC:00:06,44.8,85.6
SR-1568,EVT-11678,AA:BB:CC:00:46,40.8,84.1
SR-1569,EVT-11980,AA:BB:CC:00:77,42.5,81.6
SR-1570,EVT-11843,AA:BB:CC:00:01,44.2,73.5
SR-1571,EVT-14477,AA:BB:CC:00:29,33.19 ft-lb,91.6
SR-1572,EVT-13218,AA:BB:CC:00:78,48.9,80.4
SR-1573,EVT-14473,AA:BB:CC:00:76,47.1,89.6
SR-1574,EVT-12828,AA:BB:CC:00:26,49.9,79.6
SR-1575,EVT-13286,AA:BB:CC:00:58,43.6,89.4
SR-1576,EVT-12001,AA:BB:CC:00:87,46.0,76.8
SR-1577,EVT-10022,AA:BB:CC:00:03,46.2,82.2
SR-1578,EVT-14431,AA:BB:CC:00:60,43.2,78.7
SR-1579,EVT-11213,AA:BB:CC:00:14,45.8,94.7
SR-1580,EVT-12328,AA:BB:CC:00:98,43.7,82.3
SR-1581,EVT-12138,AA:BB:CC:00:23,43.5,81.9
SR-1582,EVT-10492,AA:BB:CC:00:62,42.8,79.0
SR-1583,EVT-14579,AA:BB:CC:00:10,44.5,88.0
SR-1584,EVT-14235,AA:BB:CC:00:04,46.1,86.9
SR-1585,EVT-11486,AA:BB:CC:00:39,42.7,90.4
SR-1586,EVT-13091,AA:BB:CC:00:74,44.1,88.2
SR-1587,EVT-11620,AA:BB:CC:00:88,43.9,83.3
SR-1588,EVT-11636,AA:BB:CC:00:34,45.2,76.8
SR-1589,EVT-10938,AA:BB:CC:00:88,43.9,81.0
SR-1590,EVT-10923,AA:BB:CC:00:25,42.3,86.4
SR-1591,EVT-13993,AA:BB:CC:00:52,45.6,92.8
SR-1592,EVT-14120,AA:BB:CC:00:15,44.1,93.9
SR-1593,EVT-11491,AA:BB:CC:00:12,45.1,79.5
SR-1594,EVT-11425,AA:BB:CC:00:01,46.2,84.7
SR-1595,EVT-10167,AA:BB:CC:00:09,45.9,85.5
SR-1596,EVT-11366,AA:BB:CC:00:59,43.2,86.2
SR-1597,EVT-13774,AA:BB:CC:00:14,44.9,85.9
SR-1598,EVT-12458,AA:BB:CC:00:31,43.6,80.5
SR-1599,EVT-10139,AA:BB:CC:00:88,45.9,84.5
SR-1600,EVT-11285,AA:BB:CC:00:53,45.7,82.6
SR-1601,EVT-10505,AA:BB:CC:00:63,43.0,85.7
SR-1602,EVT-10837,AA:BB:CC:00:10,43.6,91.9
SR-1603,EVT-10939,AA:BB:CC:00:43,43.4 Nm,84.9
SR-1604,EVT-14308,AA:BB:CC:00:18,45.8,81.0
SR-1605,EVT-10558,AA:BB:CC:00:67,46.7,92.7
SR-1606,EVT-12083,AA:BB:CC:00:59,46.9,85.4
SR-1607,EVT-11067,AA:BB:CC:00:76,43.1,84.8
SR-1608,EVT-10406,AA:BB:CC:00:99,41.9,85.9
SR-1609,EVT-14182,AA:BB:CC:00:23,44.1,86.6
SR-1610,EVT-13106,AA:BB:CC:00:86,46.2,96.1
SR-1611,EVT-10720,AA:BB:CC:00:75,42.8,97.1
SR-1612,EVT-14261,AA:BB:CC:00:46,46.5,87.6
SR-1613,EVT-13585,AA:BB:CC:00:49,41.0,88.2
SR-1614,EVT-10010,AA:BB:CC:00:23,47.5,83.8
SR-1615,EVT-10878,AA:BB:CC:00:12,44.9,79.7
SR-1616,EVT-12494,AA:BB:CC:00:29,47.2,91.9 C
SR-1617,EVT-11501,AA:BB:CC:00:89,45.4,75.3
SR-1618,EVT-14630,AA:BB:CC:00:88,44.6,84.8
SR-1619,EVT-13097,AA:BB:CC:00:59,45.7,90.7
SR-1620,EVT-10029,AA:BB:CC:00:53,48.1,87.6
SR-1621,EVT-12834,AA:BB:CC:00:68,42.4,90.2
SR-1622,EVT-10678,AA:BB:CC:00:63,46.3,82.4
SR-1623,EVT-10223,AA:BB:CC:00:29,46.6,84.1
SR-1624,EVT-12153,AA:BB:CC:00:03,44.7,88.5
SR-1625,EVT-14156,AA:BB:CC:00:95,43.5,84.9
SR-1626,EVT-11486,AA:BB:CC:00:89,43.2,81.6
SR-1627,EVT-14181,AA:BB:CC:00:37,41.7,90.1
SR-1628,EVT-13559,AA:BB:CC:00:63,43.7 Nm,87.1
SR-1629,EVT-14730,AA:BB:CC:00:23,45.0,79.7
SR-1630,EVT-13466,AA:BB:CC:00:49,43.7,79.4
SR-1631,EVT-14448,AA:BB:CC:00:86,44.5,85.3
SR-1632,EVT-13799,AA:BB:CC:00:93,41.6,82.5
SR-1633,EVT-11447,AA:BB:CC:00:100,46.4,84.1
SR-1634,EVT-14274,AA:BB:CC:00:77,45.7,79.8
SR-1635,EVT-10581,AA:BB:CC:00:03,41.6,89.1
SR-1636,EVT-11949,AA:BB:CC:00:22,46.0,90.8
SR-1637,EVT-14509,AA:BB:CC:00:36,46.7,79.4
SR-1638,EVT-10205,AA:BB:CC:00:10,45.0,79.1
SR-1639,EVT-10949,AA:BB:CC:00:09,45.3,91.4
SR-1640,EVT-10774,AA:BB:CC:00:56,43.7,89.9
SR-1641,EVT-11090,AA:BB:CC:00:55,46.8,81.2
SR-1642,EVT-10478,AA:BB:CC:00:19,33.19 ft-lb,87.5
SR-1643,EVT-11161,AA:BB:CC:00:72,43.7,85.0
SR-1644,EVT-10224,AA:BB:CC:00:33,42.8,81.3
SR-1645,EVT-11084,AA:BB:CC:00:20,44.9,88.4
SR-1646,EVT-13960,AA:BB:CC:00:94,44.3,84.2
SR-1647,EVT-11316,AA:BB:CC:00:35,42.7,86.2
SR-1648,EVT-10014,AA:BB:CC:00:31,46.0,90.2
SR-1649,EVT-10049,AA:BB:CC:00:83,47.7,79.5
SR-1650,EVT-13497,AA:BB:CC:00:50,46.5,93.3
SR-1651,EVT-10963,AA:BB:CC:00:46,46.2,85.2
SR-1652,EVT-10122,AA:BB:CC:00:78,43.5,88.4
SR-1653,EVT-14757,AA:BB:CC:00:10,44.2,78.7
SR-1654,EVT-11918,AA:BB:CC:00:67,43.3,87.6
SR-1655,EVT-10670,AA:BB:CC:00:34,46.2,77.7
SR-1656,EVT-13043,AA:BB:CC:00:51, 43.7 ,86.5
SR-1657,EVT-12300,AA:BB:CC:00:92,47.4,85.2
SR-1658,EVT-13272,AA:BB:CC:00:83,43.8,79.9
SR-1659,EVT-11819,AA:BB:CC:00:39,45.9,86.3
SR-1660,EVT-12767,AA:BB:CC:00:90,49.3,80.6
SR-1661,EVT-12551,AA:BB:CC:00:68,49.2,80.6
SR-1662,EVT-10845,AA:BB:CC:00:12,43.8,86.2
SR-1663,EVT-14095,AA:BB:CC:00:26,48.1,81.5
SR-1664,EVT-10558,AA:BB:CC:00:71,44.9,93.3
SR-1665,EVT-12674,AA:BB:CC:00:67,44.6,83.7
SR-1666,EVT-11943,AA:BB:CC:00:90,45.4,83.9
SR-1667,EVT-10588,AA:BB:CC:00:02,45.2 Nm,88.2
SR-1668,EVT-11353,AA:BB:CC:00:12,41.8,81.4
SR-1669,EVT-14442,AA:BB:CC:00:59,44.2,84.2
SR-1670,EVT-11589,AA:BB:CC:00:32,43.6,85.5
SR-1671,EVT-10058,AA:BB:CC:00:51,44.9,94.8
SR-1672,EVT-12079,AA:BB:CC:00:11,43.3,85.7
SR-1673,EVT-13715,AA:BB:CC:00:32,44.5,90.7
SR-1674,EVT-10207,AA:BB:CC:00:64,45.0,91.1
SR-1675,EVT-12385,AA:BB:CC:00:45,45.0,75.8
SR-1676,EVT-13284,AA:BB:CC:00:79,45.7,77.3
SR-1677,EVT-10309,AA:BB:CC:00:54,46.7,86.7
SR-1678,EVT-11661,AA:BB:CC:00:06,41.9,82.8
SR-1679,EVT-12185,AA:BB:CC:00:26,43.8,86.3
SR-1680,EVT-12438,AA:BB:CC:00:08,44.4,80.9
SR-1681,EVT-11780,AA:BB:CC:00:08,46.3,96.3
SR-1682,EVT-14800,AA:BB:CC:00:38,44.0,86.5
SR-1683,EVT-11888,AA:BB:CC:00:08,9000,89.9
SR-1684,EVT-14557,AA:BB:CC:00:17,42.0,89.7
SR-1685,EVT-11670,AA:BB:CC:00:83,47.1,91.1
SR-1686,EVT-14013,AA:BB:CC:00:03,45.3,87.9
SR-1687,EVT-13138,AA:BB:CC:00:41,43.7,81.1
SR-1688,EVT-12634,AA:BB:CC:00:73,47.9,91.9
SR-1689,EVT-12311,AA:BB:CC:00:53,46.8,92.2
SR-1690,EVT-11625,AA:BB:CC:00:97,46.9,86.3
SR-1691,EVT-13685,AA:BB:CC:00:96,42.1,87.9
SR-1692,EVT-14700,AA:BB:CC:00:96,45.8,78.9
SR-1693,EVT-13083,AA:BB:CC:00:70,33.19 ft-lb,89.2
SR-1694,EVT-14689,AA:BB:CC:00:62,45.0,92.2
SR-1695,EVT-12040,AA:BB:CC:00:53,42.2,87.2
SR-1696,EVT-12218,AA:BB:CC:00:59,44.9,82.6
SR-1697,EVT-13305,AA:BB:CC:00:93,44.7,78.2
SR-1698,EVT-11327,AA:BB:CC:00:81,46.3,82.6
SR-1699,EVT-11529,AA:BB:CC:00:83,44.1,78.7
SR-1700,EVT-10556,AA:BB:CC:00:95,44.7,96.1
SR-1701,EVT-13459,AA:BB:CC:00:83,43.8,86.4
SR-1702,EVT-11465,AA:BB:CC:00:23,44.9,88.8
SR-1703,EVT-10893,AA:BB:CC:00:47,44.7 Nm,74.9
SR-1704,EVT-13945,AA:BB:CC:00:35,47.5,83.6
SR-1705,EVT-10194,AA:BB:CC:00:14,43.9,79.4
SR-1706,EVT-14251,AA:BB:CC:00:65,47.4,90.5
SR-1707,EVT-14205,AA:BB:CC:00:97,44.0,88.2 C
SR-1708,EVT-13530,AA:BB:CC:00:49,47.8,71.4
SR-1709,EVT-11700,AA:BB:CC:00:36,47.4,88.1
SR-1710,EVT-12108,AA:BB:CC:00:01,46.9,89.2
SR-1711,EVT-14063,AA:BB:CC:00:84, 43.8 ,81.0
SR-1712,EVT-14732,AA:BB:CC:00:22,45.3,83.8
SR-1713,EVT-13890,AA:BB:CC:00:35,47.5,84.9
SR-1714,EVT-14692,AA:BB:CC:00:03,43.8,84.6
SR-1715,EVT-14083,AA:BB:CC:00:12,45.4,84.8
SR-1716,EVT-13817,AA:BB:CC:00:37,46.2,88.2
SR-1717,EVT-11066,AA:BB:CC:00:58,44.2,86.0
SR-1718,EVT-10986,AA:BB:CC:00:77,43.3,89.3
SR-1719,EVT-10283,AA:BB:CC:00:12,43.0,91.1
SR-1720,EVT-10762,AA:BB:CC:00:02,48.2,87.4
SR-1721,EVT-13238,AA:BB:CC:00:84,47.6,86.3
SR-1722,EVT-10578,AA:BB:CC:00:65,47.0,75.9
SR-1723,EVT-10718,AA:BB:CC:00:58,47.6,85.0
SR-1724,EVT-10835,AA:BB:CC:00:60,46.1,85.3
SR-1725,EVT-12595,AA:BB:CC:00:41,44.2,96.6
SR-1726,EVT-10382,AA:BB:CC:00:35,44.5,87.5
SR-1727,EVT-10790,AA:BB:CC:00:88,43.1 Nm,80.5
SR-1728,EVT-10446,AA:BB:CC:00:90,46.6,91.1
SR-1729,EVT-11988,AA:BB:CC:00:11,43.6,89.5
SR-1730,EVT-13758,AA:BB:CC:00:52,44.9,82.4
SR-1731,EVT-13594,AA:BB:CC:00:52,45.4,82.1
SR-1732,EVT-12935,AA:BB:CC:00:62,45.1,81.6
SR-1733,EVT-11554,AA:BB:CC:00:63,46.8,76.6
SR-1734,EVT-13261,AA:BB:CC:00:15,47.9,92.6
SR-1735,EVT-12119,AA:BB:CC:00:70,45.0,85.3
SR-1736,EVT-14394,AA:BB:CC:00:40,46.6,85.0
SR-1737,EVT-13146,AA:BB:CC:00:09,45.3,92.3
SR-1738,EVT-13964,AA:BB:CC:00:70,45.1,83.8
SR-1739,EVT-10648,AA:BB:CC:00:17,45.8,79.9
SR-1740,EVT-14376,AA:BB:CC:00:23,49.3,91.0
SR-1741,EVT-14557,AA:BB:CC:00:58,47.9,85.5
SR-1742,EVT-14382,AA:BB:CC:00:95,45.9,83.5
SR-1743,EVT-10652,AA:BB:CC:00:80,44.7,84.1
SR-1744,EVT-10832,AA:BB:CC:00:51,44.2,83.2
SR-1745,EVT-10200,AA:BB:CC:00:57,44.6,86.0
SR-1746,EVT-11511,AA:BB:CC:00:86,46.5,80.2
SR-1747,EVT-12588,AA:BB:CC:00:16,45.0,82.6
SR-1748,EVT-10094,AA:BB:CC:00:45,44.6,94.0
SR-1749,EVT-10130,AA:BB:CC:00:61,45.4,85.1
SR-1750,EVT-13830,AA:BB:CC:00:12,44.8,85.3
SR-1751,EVT-13618,AA:BB:CC:00:73,44.6,76.8
SR-1752,EVT-10113,AA:BB:CC:00:06,47.6,81.3
SR-1753,EVT-13161,AA:BB:CC:00:04,44.0,87.3
SR-1754,EVT-12845,AA:BB:CC:00:81,42.5,88.1
SR-1755,EVT-12646,AA:BB:CC:00:74,45.4,83.7
SR-1756,EVT-11245,AA:BB:CC:00:35,9000,89.2
SR-1757,EVT-11290,AA:BB:CC:00:47,44.6,87.6
SR-1758,EVT-13588,AA:BB:CC:00:85,47.2,87.2
SR-1759,EVT-10698,AA:BB:CC:00:19,46.5,82.8
SR-1760,EVT-12295,AA:BB:CC:00:27,44.9,88.9
SR-1761,EVT-14658,AA:BB:CC:00:11,43.7,91.0
SR-1762,EVT-11600,AA:BB:CC:00:70,44.4,91.3
SR-1763,EVT-13267,AA:BB:CC:00:59,52.2,87.4
SR-1764,EVT-11209,AA:BB:CC:00:41,48.6,85.4
SR-1765,EVT-10485,AA:BB:CC:00:43,44.6,90.2
SR-1766,EVT-10676,AA:BB:CC:00:28,45.8,83.8
SR-1767,EVT-14230,AA:BB:CC:00:63,39.9,84.4
SR-1768,EVT-11022,AA:BB:CC:00:67,44.3,81.9
SR-1769,EVT-10571,AA:BB:CC:00:45,46.6,85.8
SR-1770,EVT-10800,AA:BB:CC:00:24,44.4,81.4
SR-1771,EVT-12738,AA:BB:CC:00:77,45.2,76.3
SR-1772,EVT-10122,AA:BB:CC:00:64,45.1,90.2
SR-1773,EVT-11869,AA:BB:CC:00:79,46.8,96.9
SR-1774,EVT-10931,AA:BB:CC:00:73,41.6,80.3
SR-1775,EVT-10805,AA:BB:CC:00:39,43.5,87.6
SR-1776,EVT-11846,AA:BB:CC:00:99,45.9,82.5
SR-1777,EVT-13881,AA:BB:CC:00:45,43.4,92.0
SR-1778,EVT-12478,AA:BB:CC:00:61,47.4,71.6
SR-1779,EVT-13986,AA:BB:CC:00:82,44.5,93.4
SR-1780,EVT-13943,AA:BB:CC:00:43,41.4,77.6
SR-1781,EVT-11110,AA:BB:CC:00:67,44.1,82.3
SR-1782,EVT-11615,AA:BB:CC:00:92,47.7,90.2
SR-1783,EVT-11432,AA:BB:CC:00:80,41.9,87.7
SR-1784,EVT-11497,AA:BB:CC:00:42,45.5,83.7
SR-1785,EVT-11916,AA:BB:CC:00:41,45.8,82.5
SR-1786,EVT-10084,AA:BB:CC:00:47,44.7,83.0
SR-1787,EVT-12833,AA:BB:CC:00:43,44.3,84.8
SR-1788,EVT-11646,AA:BB:CC:00:23,44.8,75.6
SR-1789,EVT-12407,AA:BB:CC:00:32,44.6,86.1
SR-1790,EVT-11808,AA:BB:CC:00:74,46.5,91.0
SR-1791,EVT-13071,AA:BB:CC:00:57,45.1,83.4
SR-1792,EVT-14406,AA:BB:CC:00:38,47.8,76.6
SR-1793,EVT-10309,AA:BB:CC:00:77,45.3,86.7
SR-1794,EVT-13995,AA:BB:CC:00:15,45.3,79.1
SR-1795,EVT-13176,AA:BB:CC:00:28,46.7,86.0
SR-1796,EVT-13070,AA:BB:CC:00:13,42.1,81.3
SR-1797,EVT-11447,AA:BB:CC:00:35,44.7,84.7
SR-1798,EVT-14347,AA:BB:CC:00:02,44.3,85.0
SR-1799,EVT-14912,AA:BB:CC:00:61,43.5,82.8
SR-1800,EVT-14313,AA:BB:CC:00:65,44.5,88.2
SR-1801,EVT-12718,AA:BB:CC:00:41,48.9,81.2
SR-1802,EVT-10075,AA:BB:CC:00:96,43.3,80.9
SR-1803,EVT-13858,AA:BB:CC:00:94,44.1,81.0
SR-1804,EVT-13704,AA:BB:CC:00:86,49.3,78.1
SR-1805,EVT-10356,AA:BB:CC:00:04,45.5,76.6
SR-1806,EVT-11993,AA:BB:CC:00:53,33.19 ft-lb,83.1
SR-1807,EVT-13003,AA:BB:CC:00:88,46.8,86.8
SR-1808,EVT-12365,AA:BB:CC:00:14,44.7,81.7
SR-1809,EVT-11121,AA:BB:CC:00:17,47.0,92.9
SR-1810,EVT-12831,AA:BB:CC:00:14,46.5,84.8
SR-1811,EVT-10104,AA:BB:CC:00:41,48.3,84.2
SR-1812,EVT-11766,AA:BB:CC:00:62,33.19 ft-lb,86.2
SR-1813,EVT-13038,AA:BB:CC:00:52,43.3,88.9
SR-1814,EVT-12761,AA:BB:CC:00:27,45.8,82.8
SR-1815,EVT-10003,AA:BB:CC:00:85,45.3,88.8
SR-1816,EVT-13041,AA:BB:CC:00:40,43.4,82.5
SR-1817,EVT-14699,AA:BB:CC:00:35,46.4,92.1
SR-1818,EVT-14088,AA:BB:CC:00:90,46.1,96.1
SR-1819,EVT-11546,AA:BB:CC:00:95,44.4,85.5
SR-1820,EVT-11486,AA:BB:CC:00:59,46.2,80.3
SR-1821,EVT-14658,AA:BB:CC:00:97,45.4,85.8
SR-1822,EVT-10516,AA:BB:CC:00:49,44.3,89.2
SR-1823,EVT-14399,AA:BB:CC:00:63,46.3,91.7
SR-1824,EVT-13028,AA:BB:CC:00:11,44.8,89.1
SR-1825,EVT-14894,AA:BB:CC:00:80,46.1,86.0
SR-1826,EVT-14486,AA:BB:CC:00:06,47.7,87.2
SR-1827,EVT-12914,AA:BB:CC:00:98,43.5,90.6
SR-1828,EVT-10295,AA:BB:CC:00:41,46.8,84.1
SR-1829,EVT-11988,AA:BB:CC:00:32,45.0,85.7
SR-1830,EVT-13469,AA:BB:CC:00:21,33.19 ft-lb,87.5
SR-1831,EVT-14577,AA:BB:CC:00:93,47.1,86.5
SR-1832,EVT-14945,AA:BB:CC:00:75,45.8,92.7
SR-1833,EVT-13888,AA:BB:CC:00:57,43.3,86.3
SR-1834,EVT-10144,AA:BB:CC:00:05,33.19 ft-lb,80.6
SR-1835,EVT-13797,AA:BB:CC:00:91,45.5,85.1
SR-1836,EVT-13032,AA:BB:CC:00:28,45.8,99.0
SR-1837,EVT-12255,AA:BB:CC:00:95,44.8,75.4
SR-1838,EVT-10445,AA:BB:CC:00:75,44.5,88.8
SR-1839,EVT-14509,AA:BB:CC:00:77,44.5,81.9
SR-1840,EVT-12870,AA:BB:CC:00:70,40.9,88.7
SR-1841,EVT-10544,AA:BB:CC:00:27,46.6,93.5
SR-1842,EVT-13716,AA:BB:CC:00:94,43.9,82.3
SR-1843,EVT-11154,AA:BB:CC:00:53,44.4,79.7
SR-1844,EVT-14798,AA:BB:CC:00:48,45.0,85.9
SR-1845,EVT-14005,AA:BB:CC:00:83,47.9,93.4
SR-1846,EVT-13852,AA:BB:CC:00:78,41.6,84.8
SR-1847,EVT-14851,AA:BB:CC:00:58,43.6,100.6
SR-1848,EVT-12717,AA:BB:CC:00:09,45.6,91.2
SR-1849,EVT-12865,AA:BB:CC:00:55,39.4,77.3
SR-1850,EVT-14389,AA:BB:CC:00:45,33.19 ft-lb,86.9
SR-1851,EVT-11466,AA:BB:CC:00:28,44.1,92.7
SR-1852,EVT-10094,AA:BB:CC:00:28,44.1,79.6
SR-1853,EVT-14855,AA:BB:CC:00:46,44.9,88.1
SR-1854,EVT-10257,AA:BB:CC:00:25,45.8,84.2
SR-1855,EVT-12255,AA:BB:CC:00:26,33.19 ft-lb,83.1
SR-1856,EVT-14489,AA:BB:CC:00:62,46.1,78.5
SR-1857,EVT-14829,AA:BB:CC:00:68,44.4,89.8
SR-1858,EVT-10979,AA:BB:CC:00:67,47.8,86.1
SR-1859,EVT-14585,AA:BB:CC:00:34,46.9,86.3
SR-1860,EVT-10455,AA:BB:CC:00:21,44.6,83.3
SR-1861,EVT-12017,AA:BB:CC:00:81,46.8,85.7
SR-1862,EVT-10172,AA:BB:CC:00:34,42.5,79.9
SR-1863,EVT-10582,AA:BB:CC:00:44, 42.7 ,87.4
SR-1864,EVT-12745,AA:BB:CC:00:76,47.8,85.4
SR-1865,EVT-11357,AA:BB:CC:00:89,44.1,89.2
SR-1866,EVT-14896,AA:BB:CC:00:21,46.9,89.7
SR-1867,EVT-14958,AA:BB:CC:00:18,44.3,90.9
SR-1868,EVT-14825,AA:BB:CC:00:36,46.2,90.8
SR-1869,EVT-14477,AA:BB:CC:00:70,44.1,84.3
SR-1870,EVT-12994,AA:BB:CC:00:84,42.5,82.3
SR-1871,EVT-14107,AA:BB:CC:00:53,46.6,89.5
SR-1872,EVT-10448,AA:BB:CC:00:20,47.9,83.4
SR-1873,EVT-10187,AA:BB:CC:00:96,41.9,90.7
SR-1874,EVT-14075,AA:BB:CC:00:95,45.3,78.9 C
SR-1875,EVT-13347,AA:BB:CC:00:84,44.7,81.1
SR-1876,EVT-14337,AA:BB:CC:00:94,46.8,87.1
SR-1877,EVT-14553,AA:BB:CC:00:03, 46.0 ,94.4
SR-1878,EVT-13446,AA:BB:CC:00:84,45.5,82.3
SR-1879,EVT-13574,AA:BB:CC:00:08,42.4,89.0
SR-1880,EVT-12821,AA:BB:CC:00:85,46.2,85.3
SR-1881,EVT-11092,AA:BB:CC:00:48,44.5,85.2
SR-1882,EVT-14734,AA:BB:CC:00:23,43.5,85.0
SR-1883,EVT-13196,AA:BB:CC:00:01,45.7,90.2
SR-1884,EVT-11125,AA:BB:CC:00:02,44.4,84.0
SR-1885,EVT-13797,AA:BB:CC:00:74,47.3,85.7
SR-1886,EVT-13221,AA:BB:CC:00:37,44.8,91.2
SR-1887,EVT-14606,AA:BB:CC:00:94,46.6,88.9
SR-1888,EVT-13477,AA:BB:CC:00:51,46.9,89.2
SR-1889,EVT-13067,AA:BB:CC:00:44,45.9,87.0
SR-1890,EVT-11419,AA:BB:CC:00:24,41.7,81.9
SR-1891,EVT-14798,AA:BB:CC:00:32,44.3,82.5
SR-1892,EVT-14722,AA:BB:CC:00:56,42.7,93.3
SR-1893,EVT-13706,AA:BB:CC:00:50,42.3,84.2
SR-1894,EVT-14335,AA:BB:CC:00:64,39.4,79.1
SR-1895,EVT-14541,AA:BB:CC:00:30,43.2,87.6
SR-1896,EVT-12106,AA:BB:CC:00:38,44.8,86.7
SR-1897,EVT-13978,AA:BB:CC:00:78,45.3,77.7
SR-1898,EVT-11649,AA:BB:CC:00:55,45.4,79.1
SR-1899,EVT-12641,AA:BB:CC:00:03,46.2,82.4
SR-1900,EVT-12773,AA:BB:CC:00:25,44.8,79.1
SR-1901,EVT-13840,AA:BB:CC:00:45,43.6,81.3
SR-1902,EVT-10323,AA:BB:CC:00:62,45.1,79.1
SR-1903,EVT-11538,AA:BB:CC:00:07,42.2,96.7
SR-1904,EVT-10455,AA:BB:CC:00:81,44.5,92.0
SR-1905,EVT-11361,AA:BB:CC:00:27,47.2,84.2
SR-1906,EVT-11813,AA:BB:CC:00:23,42.6,83.7
SR-1907,EVT-10612,AA:BB:CC:00:32,44.3,87.2
SR-1908,EVT-14687,AA:BB:CC:00:02,44.5,84.6
SR-1909,EVT-13204,AA:BB:CC:00:75,46.7,88.2
SR-1910,EVT-12539,AA:BB:CC:00:34,44.5,185 F
SR-1911,EVT-14610,AA:BB:CC:00:52,48.1,87.5 C
SR-1912,EVT-11014,AA:BB:CC:00:61,46.0,84.5
SR-1913,EVT-13335,AA:BB:CC:00:34,46.2,78.9
SR-1914,EVT-11492,AA:BB:CC:00:07,44.4,88.4
SR-1915,EVT-11075,AA:BB:CC:00:10,41.0,86.0
SR-1916,EVT-13226,AA:BB:CC:00:89,46.6,85.6
SR-1917,EVT-12424,AA:BB:CC:00:02,42.9,86.3
SR-1918,EVT-12261,AA:BB:CC:00:30,48.5,79.0
SR-1919,EVT-13557,AA:BB:CC:00:81,46.9,92.7
SR-1920,EVT-12615,AA:BB:CC:00:29,43.5,92.7
SR-1921,EVT-11325,AA:BB:CC:00:82,45.6,82.0
SR-1922,EVT-10032,AA:BB:CC:00:60,43.5,87.8
SR-1923,EVT-11630,AA:BB:CC:00:99,48.2,87.0
SR-1924,EVT-12843,AA:BB:CC:00:17,51.0,81.1
SR-1925,EVT-12397,AA:BB:CC:00:56,42.5,91.5
SR-1926,EVT-13692,AA:BB:CC:00:86,43.2,94.4
SR-1927,EVT-12738,AA:BB:CC:00:51,46.9,82.1
SR-1928,EVT-14799,AA:BB:CC:00:25,46.2,85.2
SR-1929,EVT-12467,AA:BB:CC:00:84,42.9,84.2
SR-1930,EVT-10492,AA:BB:CC:00:16,44.3 Nm,91.1
SR-1931,EVT-10732,AA:BB:CC:00:25,45.1,92.1
SR-1932,EVT-10269,AA:BB:CC:00:15,44.3,78.0
SR-1933,EVT-14296,AA:BB:CC:00:79,44.0,75.7
SR-1934,EVT-12871,AA:BB:CC:00:57,42.0,85.0
SR-1935,EVT-10016,AA:BB:CC:00:15,48.4,87.5
SR-1936,EVT-13562,AA:BB:CC:00:56,45.9,83.2
SR-1937,EVT-14309,AA:BB:CC:00:82,48.4,85.9
SR-1938,EVT-10009,AA:BB:CC:00:37,43.7,86.0
SR-1939,EVT-13707,AA:BB:CC:00:65,44.5,83.3
SR-1940,EVT-12189,AA:BB:CC:00:33,45.9,87.2
SR-1941,EVT-11561,AA:BB:CC:00:03,42.8,85.1
SR-1942,EVT-10743,AA:BB:CC:00:49,47.2,85.7
SR-1943,EVT-11372,AA:BB:CC:00:22,43.4,84.7
SR-1944,EVT-12279,AA:BB:CC:00:54, 45.9 ,91.9
SR-1945,EVT-12490,AA:BB:CC:00:21,45.0,87.0
SR-1946,EVT-10312,AA:BB:CC:00:27,45.2,83.2
SR-1947,EVT-10200,AA:BB:CC:00:04,46.8,87.4
SR-1948,EVT-13339,AA:BB:CC:00:99,41.8,85.0
SR-1949,EVT-10002,AA:BB:CC:00:01,33.19 ft-lb,88.0
SR-1950,EVT-14448,AA:BB:CC:00:04,45.3,88.7
SR-1951,EVT-10136,AA:BB:CC:00:55,45.4,88.8
SR-1952,EVT-12096,AA:BB:CC:00:24,43.7,92.6
SR-1953,EVT-11195,AA:BB:CC:00:29,44.7,86.3
SR-1954,EVT-11179,AA:BB:CC:00:22,39.0,89.1
SR-1955,EVT-11020,AA:BB:CC:00:23,46.5,85.0
SR-1956,EVT-11964,AA:BB:CC:00:85,47.1,85.8
SR-1957,EVT-11804,AA:BB:CC:00:78,45.3,85.7
SR-1958,EVT-12862,AA:BB:CC:00:08,43.4,83.9
SR-1959,EVT-10049,AA:BB:CC:00:58,45.3,84.4
SR-1960,EVT-14870,AA:BB:CC:00:80,45.5,82.6
SR-1961,EVT-10804,AA:BB:CC:00:99,43.0,89.9
SR-1962,EVT-10415,AA:BB:CC:00:88,47.7,84.4
SR-1963,EVT-13498,AA:BB:CC:00:59,33.19 ft-lb,88.3
SR-1964,EVT-12626,AA:BB:CC:00:90,46.2,85.5
SR-1965,EVT-11638,AA:BB:CC:00:07,41.9,81.0
SR-1966,EVT-10794,AA:BB:CC:00:25,45.1,185 F
SR-1967,EVT-12021,AA:BB:CC:00:45,45.3,91.8
SR-1968,EVT-10562,AA:BB:CC:00:90,49.0,81.0
SR-1969,EVT-12735,AA:BB:CC:00:26,45.4,79.8
SR-1970,EVT-14338,AA:BB:CC:00:30,41.7,88.2
SR-1971,EVT-12228,AA:BB:CC:00:66,43.9,76.4
SR-1972,EVT-13303,AA:BB:CC:00:53,33.19 ft-lb,79.4
SR-1973,EVT-10777,AA:BB:CC:00:73,46.0,81.7
SR-1974,EVT-14701,AA:BB:CC:00:39,44.9,91.6
SR-1975,EVT-13055,AA:BB:CC:00:11,44.3,86.5
SR-1976,EVT-13326,AA:BB:CC:00:79,41.8,92.9
SR-1977,EVT-10085,AA:BB:CC:00:12,43.6,88.4 C
SR-1978,EVT-14190,AA:BB:CC:00:99,44.4,86.1
SR-1979,EVT-10045,AA:BB:CC:00:50,44.6,89.7
SR-1980,EVT-12083,AA:BB:CC:00:56,48.2,90.9
SR-1981,EVT-10009,AA:BB:CC:00:40,46.3,97.2
SR-1982,EVT-13315,AA:BB:CC:00:16,43.2,78.0
SR-1983,EVT-12939,AA:BB:CC:00:49,46.2,79.2
SR-1984,EVT-11050,AA:BB:CC:00:32,42.5,83.0
SR-1985,EVT-10590,AA:BB:CC:00:82,42.7,93.4
SR-1986,EVT-13722,AA:BB:CC:00:45,43.6,86.5
SR-1987,EVT-10031,AA:BB:CC:00:85,44.8,82.6
SR-1988,EVT-13731,AA:BB:CC:00:80,46.5,90.4
SR-1989,EVT-14141,AA:BB:CC:00:71,45.9,81.5
SR-1990,EVT-10571,AA:BB:CC:00:05,46.2,94.8
SR-1991,EVT-10016,AA:BB:CC:00:44,47.2,87.5
SR-1992,EVT-14280,AA:BB:CC:00:41,46.8,90.2
SR-1993,EVT-12834,AA:BB:CC:00:97,44.0,85.6
SR-1994,EVT-11540,AA:BB:CC:00:95,43.7,82.4
SR-1995,EVT-12641,AA:BB:CC:00:85,46.4,87.7
SR-1996,EVT-14048,AA:BB:CC:00:67,47.2,86.3
SR-1997,EVT-11078,AA:BB:CC:00:74,46.2,85.6
SR-1998,EVT-11385,AA:BB:CC:00:75,46.9,82.2
SR-1999,EVT-12974,AA:BB:CC:00:22,45.8,96.2
SR-2000,EVT-10130,AA:BB:CC:00:17,47.8,85.1
SR-2001,EVT-12545,AA:BB:CC:00:89,43.9,82.4
SR-2002,EVT-12423,AA:BB:CC:00:92,47.0,86.9
SR-2003,EVT-14740,AA:BB:CC:00:50,44.8,91.8
SR-2004,EVT-13135,AA:BB:CC:00:84,42.6,98.8
SR-2005,EVT-14574,AA:BB:CC:00:94,44.4,72.0
SR-2006,EVT-11341,AA:BB:CC:00:31,46.2,87.3
SR-2007,EVT-14945,AA:BB:CC:00:13,47.7,91.9
SR-2008,EVT-14567,AA:BB:CC:00:74,45.1,76.4
SR-2009,EVT-10793,AA:BB:CC:00:51,44.2,86.2
SR-2010,EVT-13806,AA:BB:CC:00:33,46.3 Nm,88.7
SR-2011,EVT-13544,AA:BB:CC:00:20,41.6,87.0
SR-2012,EVT-13615,AA:BB:CC:00:48,45.3,81.0
SR-2013,EVT-14090,AA:BB:CC:00:78,41.3,89.8
SR-2014,EVT-12534,AA:BB:CC:00:72,42.3,76.2
SR-2015,EVT-12856,AA:BB:CC:00:72,42.7,78.8
SR-2016,EVT-10653,AA:BB:CC:00:92,45.8,86.3
SR-2017,EVT-14442,AA:BB:CC:00:74,44.2,85.8
SR-2018,EVT-13541,AA:BB:CC:00:14,43.0,91.6
SR-2019,EVT-13974,AA:BB:CC:00:62,46.5,78.7
SR-2020,EVT-13104,AA:BB:CC:00:51,43.3,82.6
SR-2021,EVT-12410,AA:BB:CC:00:78,45.6,84.2
SR-2022,EVT-13609,AA:BB:CC:00:70,45.2,86.2
SR-2023,EVT-14145,AA:BB:CC:00:98,44.3,185 F
SR-2024,EVT-10681,AA:BB:CC:00:81,44.9,88.7
SR-2025,EVT-11118,AA:BB:CC:00:21,46.6,68.1
SR-2026,EVT-14314,AA:BB:CC:00:92,42.2,86.7
SR-2027,EVT-14476,AA:BB:CC:00:38,48.8,85.7
SR-2028,EVT-14748,AA:BB:CC:00:15,44.2,85.8
SR-2029,EVT-12974,AA:BB:CC:00:36,45.7,86.4
SR-2030,EVT-11302,AA:BB:CC:00:100,42.4,95.1
SR-2031,EVT-11900,AA:BB:CC:00:09,49.5,78.9
SR-2032,EVT-11082,AA:BB:CC:00:99,42.6,88.7
SR-2033,EVT-10441,AA:BB:CC:00:59,45.2,79.3
SR-2034,EVT-13855,AA:BB:CC:00:82,47.1,84.9
SR-2035,EVT-11830,AA:BB:CC:00:54,46.7,87.0
SR-2036,EVT-13783,AA:BB:CC:00:17,46.7,81.5
SR-2037,EVT-12641,AA:BB:CC:00:82,44.6,82.5
SR-2038,EVT-12297,AA:BB:CC:00:04,49.2,77.1
SR-2039,EVT-11882,AA:BB:CC:00:84,43.8,77.4
SR-2040,EVT-11800,AA:BB:CC:00:13,45.1,80.6
SR-2041,EVT-13163,AA:BB:CC:00:75,44.3,87.5
SR-2042,EVT-13349,AA:BB:CC:00:43,43.8,83.7
SR-2043,EVT-14682,AA:BB:CC:00:97,47.3,86.0
SR-2044,EVT-10013,AA:BB:CC:00:92,47.4,84.2
SR-2045,EVT-11008,AA:BB:CC:00:08,45.6,89.0
SR-2046,EVT-11037,AA:BB:CC:00:20,46.9,85.1
SR-2047,EVT-14822,AA:BB:CC:00:82,43.2,79.2
SR-2048,EVT-11102,AA:BB:CC:00:71,43.4,85.0
SR-2049,EVT-10433,AA:BB:CC:00:61,40.4,84.3
SR-2050,EVT-13716,AA:BB:CC:00:44,39.9,77.6
SR-2051,EVT-10476,AA:BB:CC:00:97,48.1,88.6
SR-2052,EVT-12784,AA:BB:CC:00:51,45.0,88.4
SR-2053,EVT-14335,AA:BB:CC:00:58,46.7,88.9
SR-2054,EVT-13933,AA:BB:CC:00:75,45.6,86.1
SR-2055,EVT-13213,AA:BB:CC:00:30,46.9,83.9
SR-2056,EVT-13310,AA:BB:CC:00:99,46.5,85.3
SR-2057,EVT-13563,AA:BB:CC:00:84,41.7,87.6
SR-2058,EVT-14624,AA:BB:CC:00:10,47.2,85.1
SR-2059,EVT-13080,AA:BB:CC:00:94,46.2,91.5
SR-2060,EVT-10383,AA:BB:CC:00:18,40.6,90.4
SR-2061,EVT-10866,AA:BB:CC:00:25,46.1,83.5
SR-2062,EVT-10862,AA:BB:CC:00:96,41.5,80.8
SR-2063,EVT-10267,AA:BB:CC:00:34,47.9,86.3
SR-2064,EVT-13948,AA:BB:CC:00:44,46.5,90.9
SR-2065,EVT-11345,AA:BB:CC:00:39,45.3,88.4
SR-2066,EVT-13489,AA:BB:CC:00:95,45.5,84.2
SR-2067,EVT-13620,AA:BB:CC:00:92,9000,79.4
SR-2068,EVT-10989,AA:BB:CC:00:90, 46.2 ,73.2
SR-2069,EVT-14678,AA:BB:CC:00:68,44.4,81.9
SR-2070,EVT-14624,AA:BB:CC:00:43,43.3,86.7
SR-2071,EVT-13989,AA:BB:CC:00:20,43.6,83.2
SR-2072,EVT-13289,AA:BB:CC:00:72, 42.3 ,77.2
SR-2073,EVT-11813,AA:BB:CC:00:02,49.1,84.9
SR-2074,EVT-13367,AA:BB:CC:00:27,46.7,94.1
SR-2075,EVT-13820,AA:BB:CC:00:34,47.2,81.2
SR-2076,EVT-10917,AA:BB:CC:00:55,42.6,80.1
SR-2077,EVT-13175,AA:BB:CC:00:36,40.9,88.8
SR-2078,EVT-12568,AA:BB:CC:00:85,44.5,88.1
SR-2079,EVT-14371,AA:BB:CC:00:72,44.6,78.3
SR-2080,EVT-14218,AA:BB:CC:00:87,45.5,83.6
SR-2081,EVT-14562,AA:BB:CC:00:72,49.2,75.6
SR-2082,EVT-11371,AA:BB:CC:00:69,43.2,92.1
SR-2083,EVT-13708,AA:BB:CC:00:65,41.7,90.4
SR-2084,EVT-13966,AA:BB:CC:00:85,42.7,87.3
SR-2085,EVT-11606,AA:BB:CC:00:44,45.5,89.6
SR-2086,EVT-13010,AA:BB:CC:00:43,48.3,85.3
SR-2087,EVT-14269,AA:BB:CC:00:74,9000,83.3
SR-2088,EVT-11886,AA:BB:CC:00:66,42.2,73.6
SR-2089,EVT-11516,AA:BB:CC:00:21,48.4,93.4
SR-2090,EVT-12879,AA:BB:CC:00:61,43.7,87.7
SR-2091,EVT-10160,AA:BB:CC:00:13,41.1,91.8
SR-2092,EVT-12862,AA:BB:CC:00:28,45.2,85.6
SR-2093,EVT-10324,AA:BB:CC:00:30,44.5,79.9
SR-2094,EVT-10637,AA:BB:CC:00:82,48.8,91.7
SR-2095,EVT-10284,AA:BB:CC:00:02,42.4,78.0
SR-2096,EVT-14282,AA:BB:CC:00:58,48.2,90.3
SR-2097,EVT-12042,AA:BB:CC:00:83,33.19 ft-lb,89.6
SR-2098,EVT-13609,AA:BB:CC:00:21,43.7,91.5
SR-2099,EVT-10084,AA:BB:CC:00:90,43.7,87.8
SR-2100,EVT-10737,AA:BB:CC:00:46,47.8,80.5
SR-2101,EVT-14068,AA:BB:CC:00:89,42.1,78.1
SR-2102,EVT-14784,AA:BB:CC:00:83,43.4,90.9
SR-2103,EVT-13118,AA:BB:CC:00:25,45.1,84.1
SR-2104,EVT-11487,AA:BB:CC:00:57,45.6,86.0
SR-2105,EVT-13436,AA:BB:CC:00:20,46.5,85.7
SR-2106,EVT-10703,AA:BB:CC:00:06,44.2,87.9
SR-2107,EVT-14269,AA:BB:CC:00:18,46.9,74.0
SR-2108,EVT-10724,AA:BB:CC:00:49,40.1,86.5
SR-2109,EVT-10090,AA:BB:CC:00:82,45.7,81.6
SR-2110,EVT-11769,AA:BB:CC:00:20,46.0,83.5
SR-2111,EVT-10676,AA:BB:CC:00:34,43.3,82.1
SR-2112,EVT-11346,AA:BB:CC:00:10,46.3,81.0
SR-2113,EVT-12227,AA:BB:CC:00:33,43.3,73.9
SR-2114,EVT-14204,AA:BB:CC:00:55,44.8,82.0
SR-2115,EVT-14796,AA:BB:CC:00:19,42.3,87.1
SR-2116,EVT-12374,AA:BB:CC:00:66,45.9,89.2
SR-2117,EVT-11756,AA:BB:CC:00:47,46.8,86.2
SR-2118,EVT-13522,AA:BB:CC:00:49,43.8,77.0
SR-2119,EVT-14780,AA:BB:CC:00:67,45.0,86.7
SR-2120,EVT-10680,AA:BB:CC:00:30,45.1,89.0
SR-2121,EVT-11291,AA:BB:CC:00:83,44.2,79.5
SR-2122,EVT-14366,AA:BB:CC:00:85,45.6,75.3
SR-2123,EVT-12685,AA:BB:CC:00:59,50.1,86.5
SR-2124,EVT-11782,AA:BB:CC:00:78,47.9,87.9
SR-2125,EVT-12551,AA:BB:CC:00:31,44.4,95.1
SR-2126,EVT-12319,AA:BB:CC:00:21,45.9,85.6
SR-2127,EVT-14354,AA:BB:CC:00:17,44.6,88.3
SR-2128,EVT-10237,AA:BB:CC:00:53,43.9,94.1
SR-2129,EVT-14502,AA:BB:CC:00:51,47.6,77.7
SR-2130,EVT-10303,AA:BB:CC:00:24,45.0,91.4
SR-2131,EVT-11626,AA:BB:CC:00:40,45.0,78.4
SR-2132,EVT-11253,AA:BB:CC:00:98,51.0,78.8
SR-2133,EVT-12350,AA:BB:CC:00:47,46.3,81.5
SR-2134,EVT-10926,AA:BB:CC:00:20,44.0,71.9
SR-2135,EVT-11998,AA:BB:CC:00:16,45.8,86.3
SR-2136,EVT-11442,AA:BB:CC:00:58,44.8,79.0
SR-2137,EVT-14259,AA:BB:CC:00:49,46.2,93.0
SR-2138,EVT-10015,AA:BB:CC:00:42,42.3,90.7
SR-2139,EVT-12401,AA:BB:CC:00:12,43.9,87.0
SR-2140,EVT-12749,AA:BB:CC:00:41,46.1,86.6
SR-2141,EVT-12835,AA:BB:CC:00:58,45.6,91.9
SR-2142,EVT-13775,AA:BB:CC:00:60,45.4,82.9
SR-2143,EVT-10860,AA:BB:CC:00:24,46.4,82.5
SR-2144,EVT-14933,AA:BB:CC:00:13,45.6,75.8
SR-2145,EVT-11278,AA:BB:CC:00:34,42.0,85.9
SR-2146,EVT-10480,AA:BB:CC:00:61,41.7,92.9
SR-2147,EVT-11971,AA:BB:CC:00:27,47.8,78.0
SR-2148,EVT-10860,AA:BB:CC:00:85,48.2,92.0
SR-2149,EVT-10107,AA:BB:CC:00:67,49.7,83.3
SR-2150,EVT-13913,AA:BB:CC:00:14,44.2 Nm,89.6
SR-2151,EVT-12011,AA:BB:CC:00:41,42.9,71.9
SR-2152,EVT-12076,AA:BB:CC:00:57,43.7,79.2
SR-2153,EVT-12162,AA:BB:CC:00:30,43.0,185 F
SR-2154,EVT-10546,AA:BB:CC:00:45,43.3,87.6
SR-2155,EVT-12862,AA:BB:CC:00:74,48.0,84.1
SR-2156,EVT-11976,AA:BB:CC:00:01,44.2,86.3
SR-2157,EVT-12686,AA:BB:CC:00:92,42.7,83.7
SR-2158,EVT-13885,AA:BB:CC:00:83,42.3,87.5
SR-2159,EVT-12118,AA:BB:CC:00:94,46.1,92.0
SR-2160,EVT-10393,AA:BB:CC:00:84,45.5,83.9
SR-2161,EVT-11837,AA:BB:CC:00:52,46.8,85.4
SR-2162,EVT-12656,AA:BB:CC:00:20,43.2,85.8
SR-2163,EVT-14633,AA:BB:CC:00:23,45.8,78.0
SR-2164,EVT-10175,AA:BB:CC:00:95,49.6,82.9
SR-2165,EVT-14765,AA:BB:CC:00:96,44.9,77.0
SR-2166,EVT-14319,AA:BB:CC:00:90,44.6,86.4
SR-2167,EVT-13525,AA:BB:CC:00:78,44.2,81.1
SR-2168,EVT-10483,AA:BB:CC:00:06,44.3,87.7
SR-2169,EVT-14220,AA:BB:CC:00:33,46.8,93.6
SR-2170,EVT-14614,AA:BB:CC:00:08,42.4,90.5
SR-2171,EVT-10311,AA:BB:CC:00:63,40.3,85.5
SR-2172,EVT-14825,AA:BB:CC:00:04,9000,87.2
SR-2173,EVT-11193,AA:BB:CC:00:13,45.8,72.8
SR-2174,EVT-10517,AA:BB:CC:00:35,44.0,83.3
SR-2175,EVT-10263,AA:BB:CC:00:93,49.4,86.6
SR-2176,EVT-14936,AA:BB:CC:00:89,44.4,82.2
SR-2177,EVT-13711,AA:BB:CC:00:34,40.7,80.9
SR-2178,EVT-14682,AA:BB:CC:00:56,45.5,79.5
SR-2179,EVT-10215,AA:BB:CC:00:11,45.9,83.3
SR-2180,EVT-12599,AA:BB:CC:00:38,45.9,86.1
SR-2181,EVT-12743,AA:BB:CC:00:93,43.8,86.1
SR-2182,EVT-14687,AA:BB:CC:00:45,42.5,83.7
SR-2183,EVT-11808,AA:BB:CC:00:86,44.9,82.1
SR-2184,EVT-14439,AA:BB:CC:00:58,48.5,86.8
SR-2185,EVT-11127,AA:BB:CC:00:34,44.9,76.2
SR-2186,EVT-12555,AA:BB:CC:00:75,44.3,185 F
SR-2187,EVT-12361,AA:BB:CC:00:92,43.6 Nm,83.9
SR-2188,EVT-11981,AA:BB:CC:00:72, 44.4 ,78.9
SR-2189,EVT-10346,AA:BB:CC:00:24,46.4,86.6
SR-2190,EVT-10649,AA:BB:CC:00:74,45.1,86.7
SR-2191,EVT-14656,AA:BB:CC:00:79,45.3,92.1
SR-2192,EVT-12717,AA:BB:CC:00:63,47.1,95.3
SR-2193,EVT-10264,AA:BB:CC:00:39,44.4,85.2 C
SR-2194,EVT-13245,AA:BB:CC:00:21,44.6,85.1
SR-2195,EVT-10377,AA:BB:CC:00:100,43.1,82.5
SR-2196,EVT-12941,AA:BB:CC:00:36,48.2,87.9
SR-2197,EVT-13775,AA:BB:CC:00:48,48.1,93.3
SR-2198,EVT-13810,AA:BB:CC:00:84,45.2,83.9
SR-2199,EVT-13199,AA:BB:CC:00:13,43.6,80.8
SR-2200,EVT-12074,AA:BB:CC:00:02,45.4,87.3
SR-2201,EVT-13155,AA:BB:CC:00:27,45.0,88.4
SR-2202,EVT-11239,AA:BB:CC:00:07,45.8,89.0
SR-2203,EVT-11946,AA:BB:CC:00:90,44.7,90.0
SR-2204,EVT-13666,AA:BB:CC:00:94,46.9,84.1
SR-2205,EVT-13377,AA:BB:CC:00:19,44.2,84.0
SR-2206,EVT-11834,AA:BB:CC:00:40,46.4,102.5
SR-2207,EVT-13112,AA:BB:CC:00:21,46.9,185 F
SR-2208,EVT-11995,AA:BB:CC:00:58,46.5,91.0
SR-2209,EVT-10871,AA:BB:CC:00:26,47.2,83.6
SR-2210,EVT-12065,AA:BB:CC:00:74,45.0,79.2
SR-2211,EVT-12236,AA:BB:CC:00:36,42.7,83.5
SR-2212,EVT-14175,AA:BB:CC:00:44,47.3,77.2
SR-2213,EVT-13380,AA:BB:CC:00:64,44.6,84.1
SR-2214,EVT-11292,AA:BB:CC:00:27,46.1,84.6
SR-2215,EVT-14889,AA:BB:CC:00:08,46.8,84.9
SR-2216,EVT-11647,AA:BB:CC:00:90,47.2,86.0
SR-2217,EVT-11625,AA:BB:CC:00:01,44.6,84.3
SR-2218,EVT-14342,AA:BB:CC:00:23,42.9,85.6
SR-2219,EVT-13924,AA:BB:CC:00:73,42.4,87.7
SR-2220,EVT-10188,AA:BB:CC:00:31,45.6,96.9 C
SR-2221,EVT-13505,AA:BB:CC:00:07,45.2,91.7
SR-2222,EVT-13220,AA:BB:CC:00:09,43.2,83.0
SR-2223,EVT-14832,AA:BB:CC:00:71,45.8,92.3
SR-2224,EVT-10703,AA:BB:CC:00:92,44.0,82.4
SR-2225,EVT-11409,AA:BB:CC:00:98,47.1,80.6
SR-2226,EVT-10839,AA:BB:CC:00:53,46.8,77.8
SR-2227,EVT-12629,AA:BB:CC:00:16,45.3,89.4
SR-2228,EVT-12565,AA:BB:CC:00:74,43.7,96.4
SR-2229,EVT-10533,AA:BB:CC:00:24,45.5,88.2
SR-2230,EVT-14568,AA:BB:CC:00:74,49.7,84.2
SR-2231,EVT-14702,AA:BB:CC:00:46,42.8,94.0
SR-2232,EVT-12033,AA:BB:CC:00:29,46.6,85.2
SR-2233,EVT-11341,AA:BB:CC:00:89,45.6 Nm,93.1
SR-2234,EVT-12628,AA:BB:CC:00:30,44.7,82.0
SR-2235,EVT-11621,AA:BB:CC:00:51,33.19 ft-lb,86.2
SR-2236,EVT-12616,AA:BB:CC:00:83,48.3,92.1
SR-2237,EVT-13695,AA:BB:CC:00:31,47.3,85.0
SR-2238,EVT-13537,AA:BB:CC:00:30,46.6,82.4
SR-2239,EVT-12200,AA:BB:CC:00:34,45.4,82.7
SR-2240,EVT-10672,AA:BB:CC:00:92,41.2,85.4
SR-2241,EVT-10362,AA:BB:CC:00:19,45.5,94.8
SR-2242,EVT-13079,AA:BB:CC:00:75,43.2,84.4
SR-2243,EVT-11383,AA:BB:CC:00:28,47.2,80.6
SR-2244,EVT-10140,AA:BB:CC:00:06,46.7,83.6
SR-2245,EVT-12287,AA:BB:CC:00:17,46.7,82.0
SR-2246,EVT-14601,AA:BB:CC:00:91,9000,88.1
SR-2247,EVT-10628,AA:BB:CC:00:36,41.9,81.5
SR-2248,EVT-11649,AA:BB:CC:00:01,40.9,90.7
SR-2249,EVT-12920,AA:BB:CC:00:16,46.8,79.8
SR-2250,EVT-12027,AA:BB:CC:00:68,42.1,95.7
SR-2251,EVT-14122,AA:BB:CC:00:47,45.1,88.8
SR-2252,EVT-10155,AA:BB:CC:00:23,33.19 ft-lb,78.8
SR-2253,EVT-14308,AA:BB:CC:00:96,45.2,86.2
SR-2254,EVT-12227,AA:BB:CC:00:67,44.7,94.0
SR-2255,EVT-12844,AA:BB:CC:00:62,45.6,84.9
SR-2256,EVT-12140,AA:BB:CC:00:85,41.5,78.7
SR-2257,EVT-13260,AA:BB:CC:00:88,47.7,87.9
SR-2258,EVT-13315,AA:BB:CC:00:15,44.9,87.2
SR-2259,EVT-14757,AA:BB:CC:00:75,33.19 ft-lb,81.5
SR-2260,EVT-13783,AA:BB:CC:00:67,42.9,87.1
SR-2261,EVT-13896,AA:BB:CC:00:83,45.5,88.7 C
SR-2262,EVT-10044,AA:BB:CC:00:43,46.2,79.2
SR-2263,EVT-10592,AA:BB:CC:00:08,44.6,74.6
SR-2264,EVT-11766,AA:BB:CC:00:98,44.8,92.0
SR-2265,EVT-14637,AA:BB:CC:00:98,43.0,81.9
SR-2266,EVT-11998,AA:BB:CC:00:44,40.1,88.6
SR-2267,EVT-14237,AA:BB:CC:00:26,44.9,80.2
SR-2268,EVT-11359,AA:BB:CC:00:67,42.8,80.4
SR-2269,EVT-13056,AA:BB:CC:00:32,44.4,95.1
SR-2270,EVT-11967,AA:BB:CC:00:64,49.0,88.1
SR-2271,EVT-13743,AA:BB:CC:00:43,45.5,86.6
SR-2272,EVT-14973,AA:BB:CC:00:74,43.2,80.9
SR-2273,EVT-11189,AA:BB:CC:00:74,43.1,90.5
SR-2274,EVT-10627,AA:BB:CC:00:62,46.9,87.1
SR-2275,EVT-14148,AA:BB:CC:00:11,42.9,90.0
SR-2276,EVT-10142,AA:BB:CC:00:78,41.0,80.4
SR-2277,EVT-13961,AA:BB:CC:00:95,45.4,89.9
SR-2278,EVT-11840,AA:BB:CC:00:09,49.4,80.8
SR-2279,EVT-12080,AA:BB:CC:00:48,45.1,77.9
SR-2280,EVT-13852,AA:BB:CC:00:06,44.9,93.9
SR-2281,EVT-13782,AA:BB:CC:00:54,42.3,90.1
SR-2282,EVT-11620,AA:BB:CC:00:62,41.9,87.0
SR-2283,EVT-13641,AA:BB:CC:00:54,45.3,185 F
SR-2284,EVT-12056,AA:BB:CC:00:99,47.8,78.4
SR-2285,EVT-14227,AA:BB:CC:00:98,45.4,89.9
SR-2286,EVT-11932,AA:BB:CC:00:56,44.8,81.5
SR-2287,EVT-13262,AA:BB:CC:00:82,45.8,92.6
SR-2288,EVT-13132,AA:BB:CC:00:87,47.5,84.9
SR-2289,EVT-14359,AA:BB:CC:00:30,49.1,84.9
SR-2290,EVT-10601,AA:BB:CC:00:03,45.3,85.7
SR-2291,EVT-13866,AA:BB:CC:00:61,47.8,78.2
SR-2292,EVT-11068,AA:BB:CC:00:15,43.0,85.3
SR-2293,EVT-14365,AA:BB:CC:00:03,44.8,82.4
SR-2294,EVT-14563,AA:BB:CC:00:15,44.1,86.1
SR-2295,EVT-11897,AA:BB:CC:00:67,48.0,75.3
SR-2296,EVT-11516,AA:BB:CC:00:29,47.9,92.9
SR-2297,EVT-12423,AA:BB:CC:00:31,45.4,87.6
SR-2298,EVT-14659,AA:BB:CC:00:71,44.3,82.6
SR-2299,EVT-11988,AA:BB:CC:00:71,45.4,80.9
SR-2300,EVT-14788,AA:BB:CC:00:55,44.3,90.2
SR-2301,EVT-13572,AA:BB:CC:00:75,48.1,77.9
SR-2302,EVT-13890,AA:BB:CC:00:92,46.5,81.7
SR-2303,EVT-11153,AA:BB:CC:00:100,43.8,81.8
SR-2304,EVT-11583,AA:BB:CC:00:43,42.4,81.6
SR-2305,EVT-12127,AA:BB:CC:00:25,42.8,83.1
SR-2306,EVT-12184,AA:BB:CC:00:81,46.7,80.7
SR-2307,EVT-10001,AA:BB:CC:00:55,48.5,79.6
SR-2308,EVT-14170,AA:BB:CC:00:50,44.8,89.4
SR-2309,EVT-11805,AA:BB:CC:00:38,42.5,90.0
SR-2310,EVT-13055,AA:BB:CC:00:60,47.3,88.9
SR-2311,EVT-14922,AA:BB:CC:00:85,42.9,82.7
SR-2312,EVT-13439,AA:BB:CC:00:52,44.2,84.2
SR-2313,EVT-10929,AA:BB:CC:00:84,44.5,81.5
SR-2314,EVT-12430,AA:BB:CC:00:74,42.9,87.1
SR-2315,EVT-10895,AA:BB:CC:00:70,46.3,88.2
SR-2316,EVT-13104,AA:BB:CC:00:76,44.9,77.1
SR-2317,EVT-11382,AA:BB:CC:00:81,42.2,85.7
SR-2318,EVT-14842,AA:BB:CC:00:45,45.0,86.1
SR-2319,EVT-14113,AA:BB:CC:00:97,44.0,89.0
SR-2320,EVT-13477,AA:BB:CC:00:100,43.0,82.0
SR-2321,EVT-10216,AA:BB:CC:00:19,46.2,79.6
SR-2322,EVT-11380,AA:BB:CC:00:05,45.0,83.6
SR-2323,EVT-11311,AA:BB:CC:00:42,44.3,89.6
SR-2324,EVT-12419,AA:BB:CC:00:93,42.1,82.3
SR-2325,EVT-11712,AA:BB:CC:00:30,45.4,78.0
SR-2326,EVT-12979,AA:BB:CC:00:65,45.0,77.5
SR-2327,EVT-13903,AA:BB:CC:00:76,40.7,85.1
SR-2328,EVT-11567,AA:BB:CC:00:79,48.9,87.2
SR-2329,EVT-10982,AA:BB:CC:00:05,47.5,93.8
SR-2330,EVT-13692,AA:BB:CC:00:38,44.8,84.9
SR-2331,EVT-12863,AA:BB:CC:00:11,47.0,185 F
SR-2332,EVT-10648,AA:BB:CC:00:84,44.2,86.6
SR-2333,EVT-11131,AA:BB:CC:00:29,44.3,86.2
SR-2334,EVT-13209,AA:BB:CC:00:14,46.3,86.9
SR-2335,EVT-11505,AA:BB:CC:00:90, 44.2 ,77.1
SR-2336,EVT-10725,AA:BB:CC:00:98,45.8,87.0
SR-2337,EVT-10068,AA:BB:CC:00:74,42.4 Nm,85.1
SR-2338,EVT-12826,AA:BB:CC:00:91,42.2,93.8
SR-2339,EVT-13769,AA:BB:CC:00:89,45.0,86.9
SR-2340,EVT-10436,AA:BB:CC:00:10,42.3,83.6
SR-2341,EVT-12665,AA:BB:CC:00:39,46.2,76.8
SR-2342,EVT-10807,AA:BB:CC:00:60,46.2,88.6
SR-2343,EVT-11673,AA:BB:CC:00:96,41.1,90.2
SR-2344,EVT-10554,AA:BB:CC:00:98,44.3,88.1
SR-2345,EVT-13816,AA:BB:CC:00:23,46.6,94.4
SR-2346,EVT-10623,AA:BB:CC:00:97,43.1,78.9
SR-2347,EVT-13437,AA:BB:CC:00:96,45.2,80.7
SR-2348,EVT-13516,AA:BB:CC:00:22,43.3,85.1
SR-2349,EVT-14802,AA:BB:CC:00:86,43.0,87.0
SR-2350,EVT-14908,AA:BB:CC:00:87,45.2,87.6
SR-2351,EVT-13772,AA:BB:CC:00:83,41.7,87.6
SR-2352,EVT-13457,AA:BB:CC:00:23,44.6,82.5
SR-2353,EVT-13273,AA:BB:CC:00:22,46.1,89.9
SR-2354,EVT-12909,AA:BB:CC:00:62,42.7,82.7
SR-2355,EVT-12094,AA:BB:CC:00:94,43.2,84.1
SR-2356,EVT-13326,AA:BB:CC:00:19,46.5,76.8
SR-2357,EVT-13906,AA:BB:CC:00:22,41.2,89.2
SR-2358,EVT-14837,AA:BB:CC:00:01,47.2,79.0
SR-2359,EVT-10284,AA:BB:CC:00:34,41.8,85.6
SR-2360,EVT-10621,AA:BB:CC:00:26,45.5,81.9
SR-2361,EVT-13843,AA:BB:CC:00:04,44.8,81.0
SR-2362,EVT-10430,AA:BB:CC:00:48,44.4,88.1
SR-2363,EVT-13652,AA:BB:CC:00:45,46.0,88.9
SR-2364,EVT-13922,AA:BB:CC:00:12,43.6,80.4
SR-2365,EVT-11381,AA:BB:CC:00:92,44.4,94.1
SR-2366,EVT-11571,AA:BB:CC:00:37,45.3,78.8
SR-2367,EVT-10331,AA:BB:CC:00:03,43.4,75.9
SR-2368,EVT-13671,AA:BB:CC:00:28,44.6,76.7
SR-2369,EVT-13878,AA:BB:CC:00:93,42.7,88.6
SR-2370,EVT-14993,AA:BB:CC:00:84,9000,76.6
SR-2371,EVT-11396,AA:BB:CC:00:02,42.8,92.3
SR-2372,EVT-11379,AA:BB:CC:00:56,46.3,87.9
SR-2373,EVT-10726,AA:BB:CC:00:65,44.6,99.4
SR-2374,EVT-11313,AA:BB:CC:00:46,42.6,85.4
SR-2375,EVT-12516,AA:BB:CC:00:100,41.9,79.6
SR-2376,EVT-11404,AA:BB:CC:00:44,45.0,85.3
SR-2377,EVT-13941,AA:BB:CC:00:18,45.3,88.4
SR-2378,EVT-13565,AA:BB:CC:00:73,43.4,86.6
SR-2379,EVT-13207,AA:BB:CC:00:37,45.5,94.5
SR-2380,EVT-13882,AA:BB:CC:00:54,47.4,79.8 C
SR-2381,EVT-10766,AA:BB:CC:00:25,47.4,91.6
SR-2382,EVT-10370,AA:BB:CC:00:83,48.5,81.6
SR-2383,EVT-10861,AA:BB:CC:00:62,42.7,93.7
SR-2384,EVT-13859,AA:BB:CC:00:25,44.7,92.2
SR-2385,EVT-11203,AA:BB:CC:00:52,43.8,80.7
SR-2386,EVT-10595,AA:BB:CC:00:63,42.9,86.4
SR-2387,EVT-10813,AA:BB:CC:00:15,45.4,84.5 C
SR-2388,EVT-14483,AA:BB:CC:00:46,41.3,84.5
SR-2389,EVT-12430,AA:BB:CC:00:56,48.7,77.8
SR-2390,EVT-11959,AA:BB:CC:00:26,42.9,82.2
SR-2391,EVT-12180,AA:BB:CC:00:64,42.0,85.6
SR-2392,EVT-14753,AA:BB:CC:00:20,44.6,86.5
SR-2393,EVT-11464,AA:BB:CC:00:67,45.2,87.7
SR-2394,EVT-11342,AA:BB:CC:00:25,46.7,82.3
SR-2395,EVT-13332,AA:BB:CC:00:21,45.7,89.4
SR-2396,EVT-12402,AA:BB:CC:00:34,46.5,81.8
SR-2397,EVT-13322,AA:BB:CC:00:88,33.19 ft-lb,76.2
SR-2398,EVT-13604,AA:BB:CC:00:25,43.3,71.4
SR-2399,EVT-12659,AA:BB:CC:00:65,48.5 Nm,78.1
SR-2400,EVT-13346,AA:BB:CC:00:29,45.1,81.8
SR-2401,EVT-12710,AA:BB:CC:00:32,46.6,85.2
SR-2402,EVT-10324,AA:BB:CC:00:01,45.1,94.9
SR-2403,EVT-11923,AA:BB:CC:00:35,43.6,81.2
SR-2404,EVT-13040,AA:BB:CC:00:56,45.0,90.0
SR-2405,EVT-12286,AA:BB:CC:00:16,46.0,79.9
SR-2406,EVT-11058,AA:BB:CC:00:32,44.9,88.2
SR-2407,EVT-10314,AA:BB:CC:00:79,46.1,82.9
SR-2408,EVT-11577,AA:BB:CC:00:05,47.4,92.6
SR-2409,EVT-10638,AA:BB:CC:00:10,44.3,93.5
SR-2410,EVT-10356,AA:BB:CC:00:86,44.3,94.2
SR-2411,EVT-10296,AA:BB:CC:00:72,46.9,84.3
SR-2412,EVT-11868,AA:BB:CC:00:79, 46.9 ,87.4
SR-2413,EVT-10463,AA:BB:CC:00:20,33.19 ft-lb,85.3
SR-2414,EVT-14269,AA:BB:CC:00:89,45.6,87.7
SR-2415,EVT-13505,AA:BB:CC:00:12,45.3,89.9
SR-2416,EVT-10213,AA:BB:CC:00:90,44.0,85.1
SR-2417,EVT-12750,AA:BB:CC:00:68,46.5,86.8
SR-2418,EVT-11636,AA:BB:CC:00:63,46.3,96.2
SR-2419,EVT-10706,AA:BB:CC:00:26,47.0,92.8
SR-2420,EVT-12202,AA:BB:CC:00:60,48.2,79.3
SR-2421,EVT-10006,AA:BB:CC:00:74,43.4,85.1
SR-2422,EVT-13052,AA:BB:CC:00:61,47.3,80.3
SR-2423,EVT-13194,AA:BB:CC:00:15,46.5,89.3
SR-2424,EVT-11814,AA:BB:CC:00:05, 46.4 ,77.7
SR-2425,EVT-13521,AA:BB:CC:00:32,46.9,91.2
SR-2426,EVT-13747,AA:BB:CC:00:96,43.0,79.8
SR-2427,EVT-13897,AA:BB:CC:00:22,47.4,78.7
SR-2428,EVT-14618,AA:BB:CC:00:22,43.2,77.4
SR-2429,EVT-11798,AA:BB:CC:00:12,42.4,74.9
SR-2430,EVT-10833,AA:BB:CC:00:64,45.7,83.9
SR-2431,EVT-13022,AA:BB:CC:00:75,48.1,83.8
SR-2432,EVT-14973,AA:BB:CC:00:88,46.7,78.8
SR-2433,EVT-10557,AA:BB:CC:00:80,46.8,78.7
SR-2434,EVT-14421,AA:BB:CC:00:16,46.5,90.9
SR-2435,EVT-11789,AA:BB:CC:00:65,44.7,87.4
SR-2436,EVT-13053,AA:BB:CC:00:51,44.0,87.4
SR-2437,EVT-12868,AA:BB:CC:00:87,42.5,81.6
SR-2438,EVT-14956,AA:BB:CC:00:92,9000,80.7
SR-2439,EVT-13139,AA:BB:CC:00:32,44.3,75.4
SR-2440,EVT-12605,AA:BB:CC:00:53,47.4,90.1
SR-2441,EVT-14900,AA:BB:CC:00:100,45.6,92.1
SR-2442,EVT-10154,AA:BB:CC:00:03,45.5,88.4
SR-2443,EVT-14076,AA:BB:CC:00:13,41.9,83.4
SR-2444,EVT-10187,AA:BB:CC:00:92,44.7,82.1
SR-2445,EVT-12064,AA:BB:CC:00:92,45.0,88.7
SR-2446,EVT-12687,AA:BB:CC:00:58,40.2,91.6
SR-2447,EVT-11374,AA:BB:CC:00:45,44.7,88.9
SR-2448,EVT-13700,AA:BB:CC:00:24,45.0,82.8
SR-2449,EVT-10895,AA:BB:CC:00:51,44.8,90.7
SR-2450,EVT-13982,AA:BB:CC:00:13,43.3,89.9
SR-2451,EVT-10000,AA:BB:CC:00:24,46.9 Nm,89.4
SR-2452,EVT-14236,AA:BB:CC:00:05,44.7,78.4
SR-2453,EVT-12862,AA:BB:CC:00:81,41.3,77.9
SR-2454,EVT-11769,AA:BB:CC:00:50,42.8,82.7
SR-2455,EVT-13017,AA:BB:CC:00:76,48.9,93.4
SR-2456,EVT-14489,AA:BB:CC:00:49,44.5,86.1
SR-2457,EVT-11187,AA:BB:CC:00:18,40.7,77.6
SR-2458,EVT-11915,AA:BB:CC:00:33,45.5,83.9
SR-2459,EVT-10987,AA:BB:CC:00:58,42.7,83.2
SR-2460,EVT-13256,AA:BB:CC:00:31,47.5,93.3
SR-2461,EVT-12306,AA:BB:CC:00:34,42.3,85.1
SR-2462,EVT-13603,AA:BB:CC:00:94,42.5,85.3
SR-2463,EVT-11353,AA:BB:CC:00:96,47.2,99.4
SR-2464,EVT-10993,AA:BB:CC:00:74,42.9,83.2 C
SR-2465,EVT-12495,AA:BB:CC:00:31,46.0,91.9
SR-2466,EVT-10789,AA:BB:CC:00:99,43.8,78.9
SR-2467,EVT-12708,AA:BB:CC:00:79, 44.6 ,85.8
SR-2468,EVT-14431,AA:BB:CC:00:27,45.7,81.8
SR-2469,EVT-10489,AA:BB:CC:00:59,46.6,89.3
SR-2470,EVT-14514,AA:BB:CC:00:27,48.1,82.2
SR-2471,EVT-14707,AA:BB:CC:00:01,43.0,91.6
SR-2472,EVT-13968,AA:BB:CC:00:76,43.4,93.0
SR-2473,EVT-11419,AA:BB:CC:00:68,45.3,82.4
SR-2474,EVT-13834,AA:BB:CC:00:23,45.6,86.7
SR-2475,EVT-10007,AA:BB:CC:00:98,42.6,85.3
SR-2476,EVT-12930,AA:BB:CC:00:52,43.7,75.1
SR-2477,EVT-12206,AA:BB:CC:00:57,43.1,81.5
SR-2478,EVT-10772,AA:BB:CC:00:87,44.0,83.4
SR-2479,EVT-14779,AA:BB:CC:00:51,45.4,82.9
SR-2480,EVT-10818,AA:BB:CC:00:83, 45.9 ,75.5
SR-2481,EVT-11006,AA:BB:CC:00:84,47.5,87.1
SR-2482,EVT-12572,AA:BB:CC:00:63,45.9,80.4
SR-2483,EVT-10543,AA:BB:CC:00:84,42.2,78.1
SR-2484,EVT-11991,AA:BB:CC:00:93,45.1,78.3
SR-2485,EVT-12096,AA:BB:CC:00:77,45.2,84.5
SR-2486,EVT-14091,AA:BB:CC:00:28,42.6,77.7
SR-2487,EVT-10778,AA:BB:CC:00:24,43.8,86.5
SR-2488,EVT-12115,AA:BB:CC:00:22,46.3,90.9
SR-2489,EVT-10167,AA:BB:CC:00:86,43.0,79.5
SR-2490,EVT-12977,AA:BB:CC:00:40,46.7,87.1
SR-2491,EVT-13831,AA:BB:CC:00:75,43.6,90.2
SR-2492,EVT-11898,AA:BB:CC:00:08,44.8,78.6
SR-2493,EVT-12151,AA:BB:CC:00:96,42.4,88.2
SR-2494,EVT-10725,AA:BB:CC:00:88,45.0,90.8
SR-2495,EVT-13229,AA:BB:CC:00:12,45.1,88.7
SR-2496,EVT-13858,AA:BB:CC:00:49,43.3,85.7
SR-2497,EVT-12148,AA:BB:CC:00:21,44.3,95.5
SR-2498,EVT-12725,AA:BB:CC:00:67,45.3,84.8
SR-2499,EVT-10541,AA:BB:CC:00:39,46.4,80.4
SR-2500,EVT-11432,AA:BB:CC:00:62,45.2,77.2
SR-2501,EVT-12660,AA:BB:CC:00:82,49.6,88.5
SR-2502,EVT-11547,AA:BB:CC:00:58,46.0,81.9
SR-2503,EVT-14360,AA:BB:CC:00:62,47.1,81.9
SR-2504,EVT-11404,AA:BB:CC:00:70,41.9,81.5
SR-2505,EVT-12980,AA:BB:CC:00:36,44.3,86.5
SR-2506,EVT-10272,AA:BB:CC:00:45,46.5,82.4
SR-2507,EVT-10368,AA:BB:CC:00:79,45.8,77.8
SR-2508,EVT-10376,AA:BB:CC:00:15,47.9,92.2
SR-2509,EVT-11083,AA:BB:CC:00:62,43.7,80.8
SR-2510,EVT-10771,AA:BB:CC:00:38,42.1,85.0
SR-2511,EVT-14520,AA:BB:CC:00:64,44.0,85.8
SR-2512,EVT-12007,AA:BB:CC:00:88,40.7,85.1
SR-2513,EVT-13970,AA:BB:CC:00:71,47.1,90.6
SR-2514,EVT-11523,AA:BB:CC:00:09,40.9,88.0
SR-2515,EVT-11278,AA:BB:CC:00:75,46.5,81.4
SR-2516,EVT-11852,AA:BB:CC:00:80,45.4,84.2
SR-2517,EVT-11372,AA:BB:CC:00:71, 48.3 ,84.1
SR-2518,EVT-10737,AA:BB:CC:00:25,46.0,87.3
SR-2519,EVT-13439,AA:BB:CC:00:78,50.3,84.0
SR-2520,EVT-13574,AA:BB:CC:00:65,40.9,84.0
SR-2521,EVT-11300,AA:BB:CC:00:20,46.2,84.0
SR-2522,EVT-14120,AA:BB:CC:00:28,50.0,79.6
SR-2523,EVT-12516,AA:BB:CC:00:49,41.9,84.5
SR-2524,EVT-11619,AA:BB:CC:00:34,47.4,85.3
SR-2525,EVT-13607,AA:BB:CC:00:73,44.0,90.2
SR-2526,EVT-13780,AA:BB:CC:00:20,45.9,85.2
SR-2527,EVT-12472,AA:BB:CC:00:95,46.5,88.0
SR-2528,EVT-14673,AA:BB:CC:00:85,42.3,87.0
SR-2529,EVT-14743,AA:BB:CC:00:22,46.0,92.2
SR-2530,EVT-10549,AA:BB:CC:00:77,43.4,86.3
SR-2531,EVT-13219,AA:BB:CC:00:44,46.2 Nm,85.6
SR-2532,EVT-11530,AA:BB:CC:00:47,45.9,86.6
SR-2533,EVT-14654,AA:BB:CC:00:25,50.8,83.2
SR-2534,EVT-12126,AA:BB:CC:00:22,43.7,90.0
SR-2535,EVT-14635,AA:BB:CC:00:61,45.2,80.5
SR-2536,EVT-14574,AA:BB:CC:00:52,42.0,92.2
SR-2537,EVT-14027,AA:BB:CC:00:20,47.7,85.0
SR-2538,EVT-12325,AA:BB:CC:00:96,45.3,85.2
SR-2539,EVT-11767,AA:BB:CC:00:80,47.0,81.0
SR-2540,EVT-10112,AA:BB:CC:00:20,47.2,85.0
SR-2541,EVT-12839,AA:BB:CC:00:86,45.1,86.0
SR-2542,EVT-14156,AA:BB:CC:00:45,44.1,83.1
SR-2543,EVT-14609,AA:BB:CC:00:37,45.0,78.6
SR-2544,EVT-13436,AA:BB:CC:00:15,47.5,83.9
SR-2545,EVT-13531,AA:BB:CC:00:76,45.8,81.8
SR-2546,EVT-13075,AA:BB:CC:00:09,45.8,81.5
SR-2547,EVT-12791,AA:BB:CC:00:44,50.1,87.2
SR-2548,EVT-10057,AA:BB:CC:00:15,47.2,91.1
SR-2549,EVT-14734,AA:BB:CC:00:44,44.2,86.0
SR-2550,EVT-11756,AA:BB:CC:00:86,43.5,82.7
SR-2551,EVT-10358,AA:BB:CC:00:12,43.3,98.0
SR-2552,EVT-10763,AA:BB:CC:00:27,47.1 Nm,88.2
SR-2553,EVT-10528,AA:BB:CC:00:19,42.6,97.8
SR-2554,EVT-12446,AA:BB:CC:00:25,45.0,86.2
SR-2555,EVT-14762,AA:BB:CC:00:74,47.0,81.0
SR-2556,EVT-11929,AA:BB:CC:00:99,43.2,95.0
SR-2557,EVT-12276,AA:BB:CC:00:64,48.1,93.1
SR-2558,EVT-12971,AA:BB:CC:00:12,41.0,96.2
SR-2559,EVT-11921,AA:BB:CC:00:50,46.2,90.8
SR-2560,EVT-13046,AA:BB:CC:00:72,44.6,82.5
SR-2561,EVT-14386,AA:BB:CC:00:11,45.5,77.4
SR-2562,EVT-13470,AA:BB:CC:00:83,45.8,83.1
SR-2563,EVT-13258,AA:BB:CC:00:23,44.8,85.0
SR-2564,EVT-12102,AA:BB:CC:00:88,45.2,80.2
SR-2565,EVT-11743,AA:BB:CC:00:15,43.9,78.0
SR-2566,EVT-11446,AA:BB:CC:00:63,44.8,81.7
SR-2567,EVT-11494,AA:BB:CC:00:20,44.9,86.3
SR-2568,EVT-11479,AA:BB:CC:00:89,41.1,83.5
SR-2569,EVT-10439,AA:BB:CC:00:78,44.6,85.8
SR-2570,EVT-14185,AA:BB:CC:00:10,44.0,92.4
SR-2571,EVT-10167,AA:BB:CC:00:61,46.0,85.6
SR-2572,EVT-12450,AA:BB:CC:00:93,46.3 Nm,91.2
SR-2573,EVT-12245,AA:BB:CC:00:47,48.0,79.5
SR-2574,EVT-11587,AA:BB:CC:00:49,48.4,81.4
SR-2575,EVT-14827,AA:BB:CC:00:49,42.6,83.9
SR-2576,EVT-12376,AA:BB:CC:00:76,48.1,77.6
SR-2577,EVT-13734,AA:BB:CC:00:33,40.0,80.0
SR-2578,EVT-11319,AA:BB:CC:00:87,45.0,87.0
SR-2579,EVT-11733,AA:BB:CC:00:78,45.3,90.5
SR-2580,EVT-13377,AA:BB:CC:00:23,46.4,80.2
SR-2581,EVT-14159,AA:BB:CC:00:53,44.3,85.0
SR-2582,EVT-13482,AA:BB:CC:00:37,45.5,84.3
SR-2583,EVT-11116,AA:BB:CC:00:22,44.6,87.6
SR-2584,EVT-10840,AA:BB:CC:00:93,48.1,83.7
SR-2585,EVT-11835,AA:BB:CC:00:100,45.1,84.5
SR-2586,EVT-11457,AA:BB:CC:00:02,47.6,87.4
SR-2587,EVT-13674,AA:BB:CC:00:20,43.2,75.5
SR-2588,EVT-11382,AA:BB:CC:00:05,47.5,91.3
SR-2589,EVT-12506,AA:BB:CC:00:91,43.2,85.6
SR-2590,EVT-12101,AA:BB:CC:00:03,46.9,80.3
SR-2591,EVT-14393,AA:BB:CC:00:82,45.2,83.2
SR-2592,EVT-14794,AA:BB:CC:00:77,45.6,90.7
SR-2593,EVT-12758,AA:BB:CC:00:86,49.9,72.4
SR-2594,EVT-10334,AA:BB:CC:00:77,44.0,85.7
SR-2595,EVT-10357,AA:BB:CC:00:12,47.1,87.3
SR-2596,EVT-14343,AA:BB:CC:00:32,45.7,94.0
SR-2597,EVT-13839,AA:BB:CC:00:58,48.9,77.5
SR-2598,EVT-13985,AA:BB:CC:00:100,48.6,85.4
SR-2599,EVT-14003,AA:BB:CC:00:71,47.8,84.3
SR-2600,EVT-10899,AA:BB:CC:00:70,45.9,97.9
SR-2601,EVT-10332,AA:BB:CC:00:40,42.0,89.7
SR-2602,EVT-10806,AA:BB:CC:00:06,44.9,92.1
SR-2603,EVT-12141,AA:BB:CC:00:63,41.3,89.5
SR-2604,EVT-10018,AA:BB:CC:00:25,42.6,77.8
SR-2605,EVT-12112,AA:BB:CC:00:91,44.0,88.5
SR-2606,EVT-12855,AA:BB:CC:00:69,46.5,91.1
SR-2607,EVT-14447,AA:BB:CC:00:83,42.6,95.6
SR-2608,EVT-11227,AA:BB:CC:00:73,42.7,85.0
SR-2609,EVT-14819,AA:BB:CC:00:50,39.3,74.6
SR-2610,EVT-12804,AA:BB:CC:00:40,48.2,83.3
SR-2611,EVT-14208,AA:BB:CC:00:01,45.0,84.1
SR-2612,EVT-14637,AA:BB:CC:00:46,47.0,85.2
SR-2613,EVT-12032,AA:BB:CC:00:73,46.1,99.0
SR-2614,EVT-13830,AA:BB:CC:00:39,33.19 ft-lb,85.0
SR-2615,EVT-13563,AA:BB:CC:00:10,45.6,82.8
SR-2616,EVT-11435,AA:BB:CC:00:49,47.0,82.4
SR-2617,EVT-13307,AA:BB:CC:00:14,43.5,86.0
SR-2618,EVT-11712,AA:BB:CC:00:46,46.4,82.0
SR-2619,EVT-10604,AA:BB:CC:00:40,44.5 Nm,78.2
SR-2620,EVT-13240,AA:BB:CC:00:89,46.6,85.1
SR-2621,EVT-12156,AA:BB:CC:00:19,44.7,88.4 C
SR-2622,EVT-14400,AA:BB:CC:00:17, 48.1 ,78.9
SR-2623,EVT-10156,AA:BB:CC:00:82,48.8 Nm,84.8
SR-2624,EVT-11664,AA:BB:CC:00:46,47.1,92.2
SR-2625,EVT-12330,AA:BB:CC:00:73,49.3,75.7
SR-2626,EVT-13111,AA:BB:CC:00:65,46.8,82.8
SR-2627,EVT-11735,AA:BB:CC:00:70,42.5,89.1
SR-2628,EVT-12181,AA:BB:CC:00:38,43.6,83.6
SR-2629,EVT-14750,AA:BB:CC:00:17,49.3,85.0
SR-2630,EVT-12357,AA:BB:CC:00:73,43.1,87.7
SR-2631,EVT-13484,AA:BB:CC:00:11,45.0,77.1
SR-2632,EVT-13928,AA:BB:CC:00:53,41.0,78.9
SR-2633,EVT-13301,AA:BB:CC:00:18,44.4,87.7
SR-2634,EVT-11114,AA:BB:CC:00:07,47.6,88.0
SR-2635,EVT-14182,AA:BB:CC:00:35,46.5,82.0
SR-2636,EVT-13839,AA:BB:CC:00:44,45.3,93.5
SR-2637,EVT-14665,AA:BB:CC:00:71,42.0,85.5
SR-2638,EVT-14806,AA:BB:CC:00:39,46.9,80.7
SR-2639,EVT-12444,AA:BB:CC:00:11,47.2,88.7
SR-2640,EVT-13331,AA:BB:CC:00:10,45.4,85.1
SR-2641,EVT-10177,AA:BB:CC:00:98,45.6,80.4
SR-2642,EVT-14478,AA:BB:CC:00:88,44.3,76.6
SR-2643,EVT-10707,AA:BB:CC:00:76,44.8,83.5
SR-2644,EVT-13586,AA:BB:CC:00:09,42.5,79.8
SR-2645,EVT-13119,AA:BB:CC:00:86,47.6,85.8
SR-2646,EVT-14244,AA:BB:CC:00:96,46.6,88.0
SR-2647,EVT-10017,AA:BB:CC:00:08,45.2,74.7
SR-2648,EVT-12528,AA:BB:CC:00:48,44.1,83.8
SR-2649,EVT-13314,AA:BB:CC:00:21,47.8,95.8
SR-2650,EVT-13689,AA:BB:CC:00:80,46.6,85.6
SR-2651,EVT-10121,AA:BB:CC:00:97,46.8,82.9
SR-2652,EVT-12486,AA:BB:CC:00:89,46.9,86.0
SR-2653,EVT-11418,AA:BB:CC:00:06,46.0,89.0
SR-2654,EVT-12662,AA:BB:CC:00:59,44.4,86.4
SR-2655,EVT-12745,AA:BB:CC:00:68,40.4,77.2
SR-2656,EVT-10734,AA:BB:CC:00:23,42.9,82.7
SR-2657,EVT-14445,AA:BB:CC:00:73,41.2,81.7
SR-2658,EVT-11445,AA:BB:CC:00:100,45.8,86.7
SR-2659,EVT-13452,AA:BB:CC:00:75,46.9,85.1
SR-2660,EVT-12407,AA:BB:CC:00:35,45.5,88.8
SR-2661,EVT-11674,AA:BB:CC:00:12,42.4,78.9
SR-2662,EVT-14132,AA:BB:CC:00:99,44.1,91.7
SR-2663,EVT-10437,AA:BB:CC:00:71,46.0,94.3
SR-2664,EVT-10174,AA:BB:CC:00:57,43.3,76.6
SR-2665,EVT-11506,AA:BB:CC:00:29,45.2,89.1
SR-2666,EVT-14209,AA:BB:CC:00:85,45.5,81.9
SR-2667,EVT-13374,AA:BB:CC:00:67,46.0,85.0
SR-2668,EVT-14249,AA:BB:CC:00:61,42.7,83.3
SR-2669,EVT-10419,AA:BB:CC:00:61,47.8,91.2
SR-2670,EVT-13049,AA:BB:CC:00:88,45.8,83.9
SR-2671,EVT-14025,AA:BB:CC:00:30,44.4,79.3
SR-2672,EVT-13882,AA:BB:CC:00:27,44.9,84.3
SR-2673,EVT-12364,AA:BB:CC:00:93,48.7,73.8
SR-2674,EVT-11624,AA:BB:CC:00:30,43.9,76.7
SR-2675,EVT-14181,AA:BB:CC:00:100,43.7,88.8
SR-2676,EVT-11223,AA:BB:CC:00:55,45.1,85.2
SR-2677,EVT-12623,AA:BB:CC:00:23,42.1,81.2
SR-2678,EVT-12464,AA:BB:CC:00:37,48.8,86.1
SR-2679,EVT-14299,AA:BB:CC:00:26,42.8,77.8
SR-2680,EVT-10550,AA:BB:CC:00:36,46.3,73.7
SR-2681,EVT-13723,AA:BB:CC:00:92,45.3,85.3
SR-2682,EVT-14043,AA:BB:CC:00:63,44.9,91.5
SR-2683,EVT-12095,AA:BB:CC:00:37,46.0,79.6
SR-2684,EVT-14743,AA:BB:CC:00:51,43.7,84.0
SR-2685,EVT-11842,AA:BB:CC:00:68,46.3,88.5
SR-2686,EVT-10483,AA:BB:CC:00:93,43.2,88.6
SR-2687,EVT-12943,AA:BB:CC:00:78,43.3,87.9
SR-2688,EVT-14817,AA:BB:CC:00:63,42.6,79.5
SR-2689,EVT-12667,AA:BB:CC:00:37,44.4,85.8
SR-2690,EVT-12388,AA:BB:CC:00:97,45.2,81.0
SR-2691,EVT-11091,AA:BB:CC:00:31,46.2,79.7
SR-2692,EVT-12417,AA:BB:CC:00:78,44.2,85.6
SR-2693,EVT-11121,AA:BB:CC:00:25,45.4,81.8
SR-2694,EVT-12017,AA:BB:CC:00:73,44.8,86.3
SR-2695,EVT-12211,AA:BB:CC:00:25,45.9,83.1
SR-2696,EVT-12916,AA:BB:CC:00:46,43.6,86.7
SR-2697,EVT-10601,AA:BB:CC:00:89,46.0,90.6
SR-2698,EVT-13146,AA:BB:CC:00:30,43.8,83.8
SR-2699,EVT-11052,AA:BB:CC:00:20,45.8,80.7
SR-2700,EVT-10522,AA:BB:CC:00:23,44.3,90.1
SR-2701,EVT-12265,AA:BB:CC:00:01,46.8,88.8
SR-2702,EVT-14213,AA:BB:CC:00:15,45.6,87.7
SR-2703,EVT-11210,AA:BB:CC:00:21,47.4,84.1
SR-2704,EVT-14351,AA:BB:CC:00:30,46.0,79.3
SR-2705,EVT-10212,AA:BB:CC:00:11,44.8,87.5
SR-2706,EVT-14167,AA:BB:CC:00:90,47.2,84.6
SR-2707,EVT-11833,AA:BB:CC:00:52,42.0,83.0
SR-2708,EVT-12870,AA:BB:CC:00:30,45.0,85.4
SR-2709,EVT-13025,AA:BB:CC:00:09,44.9,82.8
SR-2710,EVT-11285,AA:BB:CC:00:69,45.6,89.4
SR-2711,EVT-11300,AA:BB:CC:00:47,43.2,86.1
SR-2712,EVT-10759,AA:BB:CC:00:34,46.7,93.3
SR-2713,EVT-12479,AA:BB:CC:00:33,48.0,91.5
SR-2714,EVT-12979,AA:BB:CC:00:98,44.9,81.6
SR-2715,EVT-10209,AA:BB:CC:00:65,44.2,77.9
SR-2716,EVT-10892,AA:BB:CC:00:51,45.9,87.6
SR-2717,EVT-11242,AA:BB:CC:00:79,43.2,85.5
SR-2718,EVT-14012,AA:BB:CC:00:31,44.0,90.2
SR-2719,EVT-11978,AA:BB:CC:00:56,44.2,81.3
SR-2720,EVT-13155,AA:BB:CC:00:76,44.0,79.7
SR-2721,EVT-12582,AA:BB:CC:00:71,44.5,87.2
SR-2722,EVT-11403,AA:BB:CC:00:45,46.5,92.2
SR-2723,EVT-14088,AA:BB:CC:00:33,44.4,80.5
SR-2724,EVT-11115,AA:BB:CC:00:96,45.0,84.5
SR-2725,EVT-11720,AA:BB:CC:00:51,43.3,90.0
SR-2726,EVT-10420,AA:BB:CC:00:05,47.0,87.3
SR-2727,EVT-14175,AA:BB:CC:00:38,43.1,83.0
SR-2728,EVT-14533,AA:BB:CC:00:05,46.3,87.8
SR-2729,EVT-10233,AA:BB:CC:00:56,45.7,88.1
SR-2730,EVT-10309,AA:BB:CC:00:81,40.3,85.6
SR-2731,EVT-12053,AA:BB:CC:00:71,42.9,84.1
SR-2732,EVT-10801,AA:BB:CC:00:89,45.8,85.9
SR-2733,EVT-14163,AA:BB:CC:00:25,9000,80.9
SR-2734,EVT-10524,AA:BB:CC:00:67,44.9,83.9
SR-2735,EVT-12760,AA:BB:CC:00:52,44.2,86.8
SR-2736,EVT-12000,AA:BB:CC:00:36,43.3,90.7
SR-2737,EVT-10421,AA:BB:CC:00:92,49.8,80.7
SR-2738,EVT-12765,AA:BB:CC:00:23,46.1,87.5
SR-2739,EVT-10228,AA:BB:CC:00:08,47.0,80.5
SR-2740,EVT-12974,AA:BB:CC:00:31,42.6,88.7 C
SR-2741,EVT-13437,AA:BB:CC:00:63,44.8,91.3
SR-2742,EVT-11490,AA:BB:CC:00:21,45.8,79.4
SR-2743,EVT-10722,AA:BB:CC:00:99,43.1,82.2
SR-2744,EVT-10827,AA:BB:CC:00:50,45.1,81.0
SR-2745,EVT-13062,AA:BB:CC:00:29,46.9,84.3
SR-2746,EVT-12316,AA:BB:CC:00:60,45.1,82.7
SR-2747,EVT-10012,AA:BB:CC:00:67,45.4,90.0
SR-2748,EVT-11118,AA:BB:CC:00:44,47.0,86.4
SR-2749,EVT-14267,AA:BB:CC:00:89,44.3,86.8
SR-2750,EVT-10994,AA:BB:CC:00:02,46.9,83.7
SR-2751,EVT-13465,AA:BB:CC:00:98,44.3,87.8
SR-2752,EVT-11996,AA:BB:CC:00:15,42.4,90.6
SR-2753,EVT-10958,AA:BB:CC:00:39,46.2,83.0
SR-2754,EVT-13394,AA:BB:CC:00:40,46.8,89.2
SR-2755,EVT-14345,AA:BB:CC:00:47,41.9,79.8
SR-2756,EVT-11946,AA:BB:CC:00:76,42.7,97.3
SR-2757,EVT-12833,AA:BB:CC:00:52,42.9,81.2
SR-2758,EVT-11058,AA:BB:CC:00:88,42.4,91.3
SR-2759,EVT-14476,AA:BB:CC:00:06,46.0,81.6
SR-2760,EVT-13681,AA:BB:CC:00:70,45.8,85.9
SR-2761,EVT-10638,AA:BB:CC:00:48,44.1,88.7
SR-2762,EVT-12043,AA:BB:CC:00:58,42.3,89.5
SR-2763,EVT-14818,AA:BB:CC:00:90,44.2,86.7
SR-2764,EVT-13626,AA:BB:CC:00:03,46.6,89.5
SR-2765,EVT-10239,AA:BB:CC:00:96,47.4,77.8
SR-2766,EVT-12871,AA:BB:CC:00:46,40.7,85.5
SR-2767,EVT-12202,AA:BB:CC:00:18,42.2,92.0
SR-2768,EVT-11171,AA:BB:CC:00:56,47.0,89.3
SR-2769,EVT-10717,AA:BB:CC:00:92,9000,84.5
SR-2770,EVT-14920,AA:BB:CC:00:33,46.1,86.0
SR-2771,EVT-13824,AA:BB:CC:00:17,42.6,81.3
SR-2772,EVT-11140,AA:BB:CC:00:32,43.1,74.7
SR-2773,EVT-14203,AA:BB:CC:00:76,45.0,89.3
SR-2774,EVT-10038,AA:BB:CC:00:85,44.2,87.4
SR-2775,EVT-11577,AA:BB:CC:00:02,44.9,86.4
SR-2776,EVT-12781,AA:BB:CC:00:26,44.9,76.7
SR-2777,EVT-10047,AA:BB:CC:00:39,46.3,83.8
SR-2778,EVT-12394,AA:BB:CC:00:63,43.5,76.8
SR-2779,EVT-10834,AA:BB:CC:00:17,45.6,74.1
SR-2780,EVT-13549,AA:BB:CC:00:100,43.1,81.8
SR-2781,EVT-14863,AA:BB:CC:00:34,44.3,93.5
SR-2782,EVT-12852,AA:BB:CC:00:19,44.6,86.6
SR-2783,EVT-10935,AA:BB:CC:00:62,45.1,83.6
SR-2784,EVT-13056,AA:BB:CC:00:32,42.1,83.0
SR-2785,EVT-10783,AA:BB:CC:00:50,42.7,82.2
SR-2786,EVT-12991,AA:BB:CC:00:86,44.2,91.3
SR-2787,EVT-14113,AA:BB:CC:00:45, 47.3 ,84.9
SR-2788,EVT-13198,AA:BB:CC:00:54,44.0,93.0
SR-2789,EVT-13403,AA:BB:CC:00:82,40.2,84.9
SR-2790,EVT-10809,AA:BB:CC:00:88,46.2,95.0
SR-2791,EVT-11753,AA:BB:CC:00:01,45.4,90.1
SR-2792,EVT-10982,AA:BB:CC:00:66,43.8,84.8
SR-2793,EVT-11083,AA:BB:CC:00:40,45.2,80.9
SR-2794,EVT-10959,AA:BB:CC:00:24,47.7,86.5
SR-2795,EVT-11726,AA:BB:CC:00:52,44.7,79.5
SR-2796,EVT-12819,AA:BB:CC:00:02,43.9,86.0
SR-2797,EVT-13695,AA:BB:CC:00:61,43.7,94.0
SR-2798,EVT-10643,AA:BB:CC:00:27,44.1,89.6
SR-2799,EVT-13678,AA:BB:CC:00:66,43.5,82.8
SR-2800,EVT-13895,AA:BB:CC:00:87,45.0,83.0
SR-2801,EVT-10259,AA:BB:CC:00:33,48.1,87.3
SR-2802,EVT-11155,AA:BB:CC:00:34,44.1,82.8
SR-2803,EVT-13307,AA:BB:CC:00:62,42.7,87.2
SR-2804,EVT-13842,AA:BB:CC:00:32,42.3,82.3
SR-2805,EVT-12102,AA:BB:CC:00:03,41.5,81.4
SR-2806,EVT-13780,AA:BB:CC:00:55,43.7,82.1
SR-2807,EVT-11106,AA:BB:CC:00:27,43.5,89.6
SR-2808,EVT-14605,AA:BB:CC:00:76,45.2,86.6
SR-2809,EVT-13941,AA:BB:CC:00:08,48.5,87.4
SR-2810,EVT-13359,AA:BB:CC:00:20,45.9,93.6
SR-2811,EVT-11403,AA:BB:CC:00:52,46.5,82.4
SR-2812,EVT-13385,AA:BB:CC:00:17,48.2,77.7
SR-2813,EVT-10456,AA:BB:CC:00:33,41.9,86.7
SR-2814,EVT-11214,AA:BB:CC:00:55,47.2,87.0
SR-2815,EVT-12264,AA:BB:CC:00:75,47.3,87.1
SR-2816,EVT-10244,AA:BB:CC:00:73,43.4,83.5
SR-2817,EVT-14873,AA:BB:CC:00:98, 46.2 ,89.3
SR-2818,EVT-13103,AA:BB:CC:00:71,41.9,90.1
SR-2819,EVT-14356,AA:BB:CC:00:16,43.6 Nm,90.4
SR-2820,EVT-14252,AA:BB:CC:00:91,48.3,86.3
SR-2821,EVT-13206,AA:BB:CC:00:79,44.3,83.4
SR-2822,EVT-11793,AA:BB:CC:00:64,43.8,87.6
SR-2823,EVT-10394,AA:BB:CC:00:88,43.0,82.4
SR-2824,EVT-13124,AA:BB:CC:00:40,45.1,87.3
SR-2825,EVT-14407,AA:BB:CC:00:58,42.8,88.8
SR-2826,EVT-13257,AA:BB:CC:00:83,43.3,84.0
SR-2827,EVT-14683,AA:BB:CC:00:23,47.7,81.9
SR-2828,EVT-10963,AA:BB:CC:00:95,42.9,76.1
SR-2829,EVT-10603,AA:BB:CC:00:94,40.4,93.3
SR-2830,EVT-10732,AA:BB:CC:00:07,44.1,75.7
SR-2831,EVT-14094,AA:BB:CC:00:59,46.9,85.9
SR-2832,EVT-13494,AA:BB:CC:00:59,42.8,91.2
SR-2833,EVT-11557,AA:BB:CC:00:03,43.8,79.1
SR-2834,EVT-13280,AA:BB:CC:00:30,48.8,94.9
SR-2835,EVT-11499,AA:BB:CC:00:10,46.7,90.1
SR-2836,EVT-11468,AA:BB:CC:00:98,43.8,77.1
SR-2837,EVT-11915,AA:BB:CC:00:13,45.3,85.1
SR-2838,EVT-13396,AA:BB:CC:00:39,45.3,91.9
SR-2839,EVT-10639,AA:BB:CC:00:77,42.1,83.2
SR-2840,EVT-11365,AA:BB:CC:00:64,43.7,88.2
SR-2841,EVT-10272,AA:BB:CC:00:25,46.0 Nm,87.0
SR-2842,EVT-13772,AA:BB:CC:00:41,42.7,89.4
SR-2843,EVT-12475,AA:BB:CC:00:98,44.7,81.6
SR-2844,EVT-10808,AA:BB:CC:00:40,40.9,76.7
SR-2845,EVT-13819,AA:BB:CC:00:62,47.5,87.8
SR-2846,EVT-14329,AA:BB:CC:00:40,49.7,91.8
SR-2847,EVT-12919,AA:BB:CC:00:34,45.5,83.8
SR-2848,EVT-11206,AA:BB:CC:00:79,43.8,87.6
SR-2849,EVT-14186,AA:BB:CC:00:03,40.1,88.7
SR-2850,EVT-11132,AA:BB:CC:00:52,46.1,80.8
SR-2851,EVT-10751,AA:BB:CC:00:46,46.6,79.1
SR-2852,EVT-10504,AA:BB:CC:00:86,45.7,80.5
SR-2853,EVT-10178,AA:BB:CC:00:98,47.4,84.3
SR-2854,EVT-10807,AA:BB:CC:00:69,45.8,84.6
SR-2855,EVT-12144,AA:BB:CC:00:41,43.9,76.8
SR-2856,EVT-10208,AA:BB:CC:00:86,41.5,87.3
SR-2857,EVT-13959,AA:BB:CC:00:60,45.6,87.1
SR-2858,EVT-10043,AA:BB:CC:00:29,42.5 Nm,85.8
SR-2859,EVT-14841,AA:BB:CC:00:08,46.0,80.2
SR-2860,EVT-12183,AA:BB:CC:00:98,48.1,92.5
SR-2861,EVT-12723,AA:BB:CC:00:04,48.5,82.4
SR-2862,EVT-11975,AA:BB:CC:00:25,41.4,79.9
SR-2863,EVT-13981,AA:BB:CC:00:50,47.2,90.1
SR-2864,EVT-13974,AA:BB:CC:00:23,46.1,84.4
SR-2865,EVT-10937,AA:BB:CC:00:25,45.3,68.1
SR-2866,EVT-12589,AA:BB:CC:00:98,44.4,85.4
SR-2867,EVT-14315,AA:BB:CC:00:70,41.8,81.2
SR-2868,EVT-13017,AA:BB:CC:00:98,44.6,77.8
SR-2869,EVT-11006,AA:BB:CC:00:21,46.4,83.0
SR-2870,EVT-12606,AA:BB:CC:00:94,45.8,80.2
SR-2871,EVT-13745,AA:BB:CC:00:56,44.1,80.3
SR-2872,EVT-11911,AA:BB:CC:00:03,46.0,86.0
SR-2873,EVT-12807,AA:BB:CC:00:79,48.3,90.2
SR-2874,EVT-14124,AA:BB:CC:00:21,47.1,76.0
SR-2875,EVT-10761,AA:BB:CC:00:83,44.7,90.5
SR-2876,EVT-14216,AA:BB:CC:00:83,44.2,84.3
SR-2877,EVT-10014,AA:BB:CC:00:49,44.6,93.5
SR-2878,EVT-12267,AA:BB:CC:00:46,43.2,89.7
SR-2879,EVT-14402,AA:BB:CC:00:98,46.7,75.3
SR-2880,EVT-14919,AA:BB:CC:00:78,46.2,86.4
SR-2881,EVT-14567,AA:BB:CC:00:68,43.4,88.2
SR-2882,EVT-11705,AA:BB:CC:00:31,46.8,80.7
SR-2883,EVT-12734,AA:BB:CC:00:46,46.7,89.7
SR-2884,EVT-13903,AA:BB:CC:00:75,46.6,88.6
SR-2885,EVT-13700,AA:BB:CC:00:44,46.0,83.8
SR-2886,EVT-12396,AA:BB:CC:00:45,41.7,84.9
SR-2887,EVT-14097,AA:BB:CC:00:75,47.3,83.7
SR-2888,EVT-11055,AA:BB:CC:00:49,41.1,87.1
SR-2889,EVT-14974,AA:BB:CC:00:04,43.2,90.8
SR-2890,EVT-11333,AA:BB:CC:00:80,46.7,83.3
SR-2891,EVT-13336,AA:BB:CC:00:57,46.4,86.9
SR-2892,EVT-12322,AA:BB:CC:00:56,44.7,88.8
SR-2893,EVT-10645,AA:BB:CC:00:38,43.8,94.9
SR-2894,EVT-12401,AA:BB:CC:00:06,47.1,80.9
SR-2895,EVT-14537,AA:BB:CC:00:82,46.6,78.1
SR-2896,EVT-12816,AA:BB:CC:00:89,44.5,83.4
SR-2897,EVT-13468,AA:BB:CC:00:24, 40.2 ,90.3
SR-2898,EVT-12821,AA:BB:CC:00:52,43.5,76.8
SR-2899,EVT-10610,AA:BB:CC:00:39,44.9,87.0
SR-2900,EVT-11180,AA:BB:CC:00:73,48.5,80.8
SR-2901,EVT-14289,AA:BB:CC:00:37,47.0,82.4
SR-2902,EVT-13145,AA:BB:CC:00:98,43.6,84.4
SR-2903,EVT-14520,AA:BB:CC:00:34,46.4,85.3
SR-2904,EVT-11830,AA:BB:CC:00:40,46.4,78.1
SR-2905,EVT-10824,AA:BB:CC:00:40,44.1,79.8
SR-2906,EVT-14732,AA:BB:CC:00:37,47.8,85.3
SR-2907,EVT-13739,AA:BB:CC:00:92,42.9,90.9
SR-2908,EVT-12590,AA:BB:CC:00:50,9000,93.2
SR-2909,EVT-10012,AA:BB:CC:00:11,43.6,91.4
SR-2910,EVT-13122,AA:BB:CC:00:78,42.8,78.7
SR-2911,EVT-14672,AA:BB:CC:00:59,42.3,83.5
SR-2912,EVT-14652,AA:BB:CC:00:26,45.1,83.8
SR-2913,EVT-10624,AA:BB:CC:00:60,45.6,90.0
SR-2914,EVT-12027,AA:BB:CC:00:08,46.9,91.3
SR-2915,EVT-14660,AA:BB:CC:00:28,44.3,86.4
SR-2916,EVT-14536,AA:BB:CC:00:84,45.1,90.4
SR-2917,EVT-11305,AA:BB:CC:00:60,46.6,100.8
SR-2918,EVT-10143,AA:BB:CC:00:89,45.2,91.2
SR-2919,EVT-12827,AA:BB:CC:00:10,43.6,83.3
SR-2920,EVT-13829,AA:BB:CC:00:63,43.6,79.3
SR-2921,EVT-10271,AA:BB:CC:00:61,47.3,83.5
SR-2922,EVT-13123,AA:BB:CC:00:75,46.8,98.3
SR-2923,EVT-12041,AA:BB:CC:00:26,46.2,76.6
SR-2924,EVT-12642,AA:BB:CC:00:23,47.4,82.2
SR-2925,EVT-11529,AA:BB:CC:00:63,46.1,92.3
SR-2926,EVT-12635,AA:BB:CC:00:19,50.4,79.6
SR-2927,EVT-12413,AA:BB:CC:00:18,41.8,88.2
SR-2928,EVT-10663,AA:BB:CC:00:50,45.2,89.5
SR-2929,EVT-10452,AA:BB:CC:00:19,43.8,74.5
SR-2930,EVT-12543,AA:BB:CC:00:15,44.9,79.4
SR-2931,EVT-14695,AA:BB:CC:00:16,42.8,79.7
SR-2932,EVT-14284,AA:BB:CC:00:20,42.0,87.6
SR-2933,EVT-13631,AA:BB:CC:00:19,44.3,84.7
SR-2934,EVT-13971,AA:BB:CC:00:75,46.7,84.6
SR-2935,EVT-11231,AA:BB:CC:00:71,44.7,82.8
SR-2936,EVT-14579,AA:BB:CC:00:19,47.0,80.5
SR-2937,EVT-13140,AA:BB:CC:00:88,44.0,91.8
SR-2938,EVT-12605,AA:BB:CC:00:31,43.4,96.7
SR-2939,EVT-12536,AA:BB:CC:00:52,44.5,86.1
SR-2940,EVT-13506,AA:BB:CC:00:48,45.5,82.7
SR-2941,EVT-13616,AA:BB:CC:00:08,47.9,81.5
SR-2942,EVT-11849,AA:BB:CC:00:50,46.5,76.8
SR-2943,EVT-14457,AA:BB:CC:00:61,47.0,84.6
SR-2944,EVT-11769,AA:BB:CC:00:88,43.8,73.5
SR-2945,EVT-10248,AA:BB:CC:00:08,42.8,86.9
SR-2946,EVT-14806,AA:BB:CC:00:13,43.2,82.8
SR-2947,EVT-13164,AA:BB:CC:00:74,45.3,92.8
SR-2948,EVT-12825,AA:BB:CC:00:19,43.5,86.7
SR-2949,EVT-12835,AA:BB:CC:00:50,49.1,79.8
SR-2950,EVT-12681,AA:BB:CC:00:23,45.8,89.6
SR-2951,EVT-10236,AA:BB:CC:00:57,42.1,79.2
SR-2952,EVT-10631,AA:BB:CC:00:97,44.7,85.2
SR-2953,EVT-13718,AA:BB:CC:00:30,45.0,81.7
SR-2954,EVT-13685,AA:BB:CC:00:94,43.1,88.1
SR-2955,EVT-13135,AA:BB:CC:00:29,46.5,83.9
SR-2956,EVT-12273,AA:BB:CC:00:61,45.1,80.2
SR-2957,EVT-12350,AA:BB:CC:00:35,46.5,87.7
SR-2958,EVT-10191,AA:BB:CC:00:09,45.0,87.1
SR-2959,EVT-11296,AA:BB:CC:00:72,43.0,90.4
SR-2960,EVT-10434,AA:BB:CC:00:25,45.8,84.7
SR-2961,EVT-13197,AA:BB:CC:00:64,33.19 ft-lb,86.2
SR-2962,EVT-12251,AA:BB:CC:00:37,42.7,89.6
SR-2963,EVT-13813,AA:BB:CC:00:38,44.9,91.2
SR-2964,EVT-12891,AA:BB:CC:00:08,49.4,81.0
SR-2965,EVT-12586,AA:BB:CC:00:90,46.8,83.1
SR-2966,EVT-13161,AA:BB:CC:00:75,46.5,95.1
SR-2967,EVT-13630,AA:BB:CC:00:40,43.0,88.2
SR-2968,EVT-10626,AA:BB:CC:00:23,46.2,87.7
SR-2969,EVT-12087,AA:BB:CC:00:96,47.7,72.8
SR-2970,EVT-13652,AA:BB:CC:00:45,48.0,78.4
SR-2971,EVT-10159,AA:BB:CC:00:01,42.4,85.1
SR-2972,EVT-11123,AA:BB:CC:00:49,45.9,89.9
SR-2973,EVT-13372,AA:BB:CC:00:09,45.5,77.6
SR-2974,EVT-11267,AA:BB:CC:00:40,49.2,80.0
SR-2975,EVT-10335,AA:BB:CC:00:28,44.5,81.5
SR-2976,EVT-11865,AA:BB:CC:00:97,44.6,85.8
SR-2977,EVT-11403,AA:BB:CC:00:96,46.8,86.5
SR-2978,EVT-14644,AA:BB:CC:00:08,46.1,89.6
SR-2979,EVT-10499,AA:BB:CC:00:37,47.8,81.0
SR-2980,EVT-12784,AA:BB:CC:00:82,42.0,80.1
SR-2981,EVT-11846,AA:BB:CC:00:71,46.2,79.6
SR-2982,EVT-12879,AA:BB:CC:00:18,46.7,79.8 C
SR-2983,EVT-13854,AA:BB:CC:00:76,45.8,81.1
SR-2984,EVT-12083,AA:BB:CC:00:68,48.4,88.3
SR-2985,EVT-10931,AA:BB:CC:00:77,43.6,84.2
SR-2986,EVT-12624,AA:BB:CC:00:75,44.3,81.8
SR-2987,EVT-10032,AA:BB:CC:00:80,45.1,83.9
SR-2988,EVT-11146,AA:BB:CC:00:44,47.1,85.6
SR-2989,EVT-12949,AA:BB:CC:00:78,46.9,87.2
SR-2990,EVT-13454,AA:BB:CC:00:16,43.8,79.5
SR-2991,EVT-13402,AA:BB:CC:00:52,44.6,84.2
SR-2992,EVT-14954,AA:BB:CC:00:53,45.6,88.0
SR-2993,EVT-12500,AA:BB:CC:00:86,46.1,90.2
SR-2994,EVT-13599,AA:BB:CC:00:18,46.1,82.9
SR-2995,EVT-11049,AA:BB:CC:00:40,41.3,83.7
SR-2996,EVT-10689,AA:BB:CC:00:61,48.7,83.1
SR-2997,EVT-13125,AA:BB:CC:00:25,43.6,185 F
SR-2998,EVT-13931,AA:BB:CC:00:35,43.5,90.7
SR-2999,EVT-14301,AA:BB:CC:00:71,42.7,77.3
SR-3000,EVT-13724,AA:BB:CC:00:84,45.0,89.5
SR-3001,EVT-11826,AA:BB:CC:00:27,45.0,91.1
SR-3002,EVT-13790,AA:BB:CC:00:93,44.1,85.6
SR-3003,EVT-10267,AA:BB:CC:00:10,44.7,84.8
SR-3004,EVT-11092,AA:BB:CC:00:75,41.5,86.0
SR-3005,EVT-12079,AA:BB:CC:00:20,41.3,82.9
SR-3006,EVT-10132,AA:BB:CC:00:33,46.1,79.8
SR-3007,EVT-14378,AA:BB:CC:00:77,45.0,78.6
SR-3008,EVT-10015,AA:BB:CC:00:80,47.1,78.3
SR-3009,EVT-12661,AA:BB:CC:00:11,9000,86.5
SR-3010,EVT-14305,AA:BB:CC:00:69,43.9,76.8
SR-3011,EVT-12256,AA:BB:CC:00:67,47.8,87.8
SR-3012,EVT-14621,AA:BB:CC:00:59,44.1,85.4
SR-3013,EVT-14392,AA:BB:CC:00:66,47.6,91.5
SR-3014,EVT-13951,AA:BB:CC:00:53,48.3,73.7
SR-3015,EVT-14681,AA:BB:CC:00:38,44.2,86.1
SR-3016,EVT-10472,AA:BB:CC:00:10,46.6,80.5
SR-3017,EVT-10840,AA:BB:CC:00:06,46.4,92.4
SR-3018,EVT-11149,AA:BB:CC:00:85,45.1,81.3
SR-3019,EVT-12324,AA:BB:CC:00:95,33.19 ft-lb,80.1
SR-3020,EVT-13770,AA:BB:CC:00:34,43.8,85.0
SR-3021,EVT-14600,AA:BB:CC:00:49,46.5,81.5
SR-3022,EVT-10481,AA:BB:CC:00:32,44.6,85.8
SR-3023,EVT-13483,AA:BB:CC:00:29,44.2,90.3
SR-3024,EVT-11458,AA:BB:CC:00:65,42.2,81.0
SR-3025,EVT-13234,AA:BB:CC:00:33,46.9,90.0
SR-3026,EVT-13001,AA:BB:CC:00:17,43.2,86.0
SR-3027,EVT-12313,AA:BB:CC:00:98,44.7,88.4
SR-3028,EVT-12365,AA:BB:CC:00:49,45.1,83.1
SR-3029,EVT-13169,AA:BB:CC:00:16,47.5,87.2
SR-3030,EVT-14695,AA:BB:CC:00:07,44.0,84.7
SR-3031,EVT-11907,AA:BB:CC:00:100,42.6,87.5
SR-3032,EVT-14657,AA:BB:CC:00:13,43.5,88.5
SR-3033,EVT-14077,AA:BB:CC:00:84,46.9,86.3
SR-3034,EVT-12536,AA:BB:CC:00:04,47.6,91.9
SR-3035,EVT-13584,AA:BB:CC:00:63,33.19 ft-lb,77.7
SR-3036,EVT-12965,AA:BB:CC:00:69,44.9,76.5
SR-3037,EVT-10266,AA:BB:CC:00:80,41.8,86.0
SR-3038,EVT-11135,AA:BB:CC:00:73,42.2 Nm,71.1
SR-3039,EVT-12058,AA:BB:CC:00:76,45.5,79.6
SR-3040,EVT-14576,AA:BB:CC:00:78,44.4,92.2
SR-3041,EVT-14827,AA:BB:CC:00:15,45.4,79.3
SR-3042,EVT-10342,AA:BB:CC:00:05,44.2,91.3
SR-3043,EVT-12808,AA:BB:CC:00:42,43.0,94.3
SR-3044,EVT-13729,AA:BB:CC:00:18,47.3,89.2
SR-3045,EVT-13132,AA:BB:CC:00:72,42.9,89.5
SR-3046,EVT-11002,AA:BB:CC:00:08,46.7,73.8
SR-3047,EVT-10279,AA:BB:CC:00:89,33.19 ft-lb,84.9
SR-3048,EVT-14386,AA:BB:CC:00:68,43.8,83.2
SR-3049,EVT-10963,AA:BB:CC:00:26,46.7,82.2
SR-3050,EVT-12069,AA:BB:CC:00:75,46.5,89.5
SR-3051,EVT-12570,AA:BB:CC:00:70,43.7,89.4
SR-3052,EVT-10635,AA:BB:CC:00:33,44.4,81.3
SR-3053,EVT-14550,AA:BB:CC:00:22, 50.3 ,80.1
SR-3054,EVT-14968,AA:BB:CC:00:93,48.6,77.1
SR-3055,EVT-10609,AA:BB:CC:00:69,43.0,88.4
SR-3056,EVT-12123,AA:BB:CC:00:01,41.4,81.5
SR-3057,EVT-12241,AA:BB:CC:00:86,45.6,86.0
SR-3058,EVT-13898,AA:BB:CC:00:35,43.7,81.0
SR-3059,EVT-11522,AA:BB:CC:00:56,46.7,83.2
SR-3060,EVT-12803,AA:BB:CC:00:95,43.5,86.9
SR-3061,EVT-13817,AA:BB:CC:00:67,46.0,93.1
SR-3062,EVT-14818,AA:BB:CC:00:03,47.8,80.3
SR-3063,EVT-13367,AA:BB:CC:00:71,42.2,80.2
SR-3064,EVT-10167,AA:BB:CC:00:01,44.4,82.0
SR-3065,EVT-12226,AA:BB:CC:00:42,45.5,86.4
SR-3066,EVT-13304,AA:BB:CC:00:58,45.3,185 F
SR-3067,EVT-12440,AA:BB:CC:00:88,45.1,84.4
SR-3068,EVT-13734,AA:BB:CC:00:94,46.9,84.8
SR-3069,EVT-10652,AA:BB:CC:00:96,43.8,74.0
SR-3070,EVT-11434,AA:BB:CC:00:96,43.8,82.3
SR-3071,EVT-11247,AA:BB:CC:00:85,48.6,83.4
SR-3072,EVT-11624,AA:BB:CC:00:64,45.0,85.0
SR-3073,EVT-13850,AA:BB:CC:00:80,41.8,72.9
SR-3074,EVT-14367,AA:BB:CC:00:04,41.8,89.7
SR-3075,EVT-13967,AA:BB:CC:00:17,46.1,79.2
SR-3076,EVT-12716,AA:BB:CC:00:77,43.5,89.5
SR-3077,EVT-10824,AA:BB:CC:00:99,46.2,87.2
SR-3078,EVT-11088,AA:BB:CC:00:40,45.8,79.9
SR-3079,EVT-13660,AA:BB:CC:00:34,40.0,77.8
SR-3080,EVT-10090,AA:BB:CC:00:56,46.1,91.0
SR-3081,EVT-13562,AA:BB:CC:00:11,45.3,86.7
SR-3082,EVT-10314,AA:BB:CC:00:100,44.9,81.2
SR-3083,EVT-14621,AA:BB:CC:00:89,43.9,78.2
SR-3084,EVT-10938,AA:BB:CC:00:40,41.4,84.0
SR-3085,EVT-12934,AA:BB:CC:00:94,43.6,92.5
SR-3086,EVT-12709,AA:BB:CC:00:13,39.9 Nm,82.3
SR-3087,EVT-12537,AA:BB:CC:00:24,43.5,86.7
SR-3088,EVT-12132,AA:BB:CC:00:100,43.2,80.1
SR-3089,EVT-11409,AA:BB:CC:00:34,48.1,84.7
SR-3090,EVT-13214,AA:BB:CC:00:08,44.6,83.1
SR-3091,EVT-12799,AA:BB:CC:00:82,43.5,81.2
SR-3092,EVT-14798,AA:BB:CC:00:07,46.2,79.1
SR-3093,EVT-12007,AA:BB:CC:00:62,48.7,77.5
SR-3094,EVT-10855,AA:BB:CC:00:46,50.2,91.4
SR-3095,EVT-10025,AA:BB:CC:00:86,41.4,89.1 C
SR-3096,EVT-13413,AA:BB:CC:00:71,46.4,80.1
SR-3097,EVT-11818,AA:BB:CC:00:13,43.0,95.9
SR-3098,EVT-10274,AA:BB:CC:00:02,47.0,88.6
SR-3099,EVT-13620,AA:BB:CC:00:02,42.9,78.0
SR-3100,EVT-10935,AA:BB:CC:00:29,43.9,81.6
SR-3101,EVT-13830,AA:BB:CC:00:91,47.8,81.5
SR-3102,EVT-13199,AA:BB:CC:00:82,43.8,86.5
SR-3103,EVT-12666,AA:BB:CC:00:58,45.8,81.1
SR-3104,EVT-10907,AA:BB:CC:00:02,48.0 Nm,86.4
SR-3105,EVT-12987,AA:BB:CC:00:59,45.4,89.1
SR-3106,EVT-14943,AA:BB:CC:00:53,44.6,82.6
SR-3107,EVT-14527,AA:BB:CC:00:68,45.0,75.9
SR-3108,EVT-13806,AA:BB:CC:00:61,46.5,95.6
SR-3109,EVT-11870,AA:BB:CC:00:49,43.3,88.8
SR-3110,EVT-12510,AA:BB:CC:00:46,46.0,81.8
SR-3111,EVT-11823,AA:BB:CC:00:72,47.3,87.7
SR-3112,EVT-10255,AA:BB:CC:00:100,47.7,96.4
SR-3113,EVT-12920,AA:BB:CC:00:59,45.4,80.7
SR-3114,EVT-10656,AA:BB:CC:00:48,44.4 Nm,79.5
SR-3115,EVT-12551,AA:BB:CC:00:09,41.2,88.5
SR-3116,EVT-12639,AA:BB:CC:00:18,44.8,78.5
SR-3117,EVT-13894,AA:BB:CC:00:50,43.5 Nm,79.3
SR-3118,EVT-14206,AA:BB:CC:00:86,44.4,86.9
SR-3119,EVT-12810,AA:BB:CC:00:75,42.8,85.6
SR-3120,EVT-11291,AA:BB:CC:00:27,44.7,78.4
SR-3121,EVT-12924,AA:BB:CC:00:32,46.2,91.4
SR-3122,EVT-13634,AA:BB:CC:00:66,46.0,76.1
SR-3123,EVT-10047,AA:BB:CC:00:66,45.4,80.7
SR-3124,EVT-12768,AA:BB:CC:00:94,44.9,84.2
SR-3125,EVT-11513,AA:BB:CC:00:22,44.0,87.1
SR-3126,EVT-10069,AA:BB:CC:00:86,45.1,85.8
SR-3127,EVT-13702,AA:BB:CC:00:24,47.4,80.7
SR-3128,EVT-14953,AA:BB:CC:00:91,43.6,81.6
SR-3129,EVT-14096,AA:BB:CC:00:75,44.3,82.5
SR-3130,EVT-13983,AA:BB:CC:00:13,44.4,88.7
SR-3131,EVT-12861,AA:BB:CC:00:91,41.9,78.5
SR-3132,EVT-14910,AA:BB:CC:00:15,46.7,82.2
SR-3133,EVT-14175,AA:BB:CC:00:49,41.9,80.9
SR-3134,EVT-12470,AA:BB:CC:00:17,46.9,95.6
SR-3135,EVT-14572,AA:BB:CC:00:39,44.2,78.2
SR-3136,EVT-11585,AA:BB:CC:00:73,47.9,81.3
SR-3137,EVT-11433,AA:BB:CC:00:87,45.8,185 F
SR-3138,EVT-12013,AA:BB:CC:00:04,43.0,78.6
SR-3139,EVT-11440,AA:BB:CC:00:57,43.3,89.7
SR-3140,EVT-10362,AA:BB:CC:00:15,47.5,81.9
SR-3141,EVT-11299,AA:BB:CC:00:43,43.4,100.2
SR-3142,EVT-11252,AA:BB:CC:00:31,47.5,80.9
SR-3143,EVT-10332,AA:BB:CC:00:06,45.7,84.9
SR-3144,EVT-14679,AA:BB:CC:00:90,45.0,82.9
SR-3145,EVT-13537,AA:BB:CC:00:59,49.4,80.6
SR-3146,EVT-13052,AA:BB:CC:00:65,49.4,78.8
SR-3147,EVT-10680,AA:BB:CC:00:86,44.6,94.8
SR-3148,EVT-12314,AA:BB:CC:00:30,44.6,83.7
SR-3149,EVT-11590,AA:BB:CC:00:58,46.9,85.9 C
SR-3150,EVT-13301,AA:BB:CC:00:86,48.1,81.4
SR-3151,EVT-11002,AA:BB:CC:00:97,46.5,89.4
SR-3152,EVT-14654,AA:BB:CC:00:56,44.4,82.3
SR-3153,EVT-14173,AA:BB:CC:00:69,42.4,85.6
SR-3154,EVT-12919,AA:BB:CC:00:36,45.3,90.3
SR-3155,EVT-10817,AA:BB:CC:00:46,46.9,88.6
SR-3156,EVT-14960,AA:BB:CC:00:74,44.5,96.8
SR-3157,EVT-11908,AA:BB:CC:00:01,44.7,85.3
SR-3158,EVT-10360,AA:BB:CC:00:12,45.9,94.2
SR-3159,EVT-10060,AA:BB:CC:00:67,43.4,84.7
SR-3160,EVT-14102,AA:BB:CC:00:10,44.0,83.1
SR-3161,EVT-11294,AA:BB:CC:00:01,45.2,83.1
SR-3162,EVT-12894,AA:BB:CC:00:19,44.5,90.4
SR-3163,EVT-14616,AA:BB:CC:00:82,45.9,80.5
SR-3164,EVT-10212,AA:BB:CC:00:95,44.9,79.9
SR-3165,EVT-11188,AA:BB:CC:00:55,42.0,83.8
SR-3166,EVT-10230,AA:BB:CC:00:49,40.3,80.8
SR-3167,EVT-10667,AA:BB:CC:00:55,47.1,84.5
SR-3168,EVT-12411,AA:BB:CC:00:86,44.4,89.2
SR-3169,EVT-12062,AA:BB:CC:00:68,45.4,79.0
SR-3170,EVT-13189,AA:BB:CC:00:41,44.8,92.4
SR-3171,EVT-14183,AA:BB:CC:00:55,46.6,82.8
SR-3172,EVT-10750,AA:BB:CC:00:74,43.2,83.7
SR-3173,EVT-12274,AA:BB:CC:00:74,47.1,72.5
SR-3174,EVT-13897,AA:BB:CC:00:79,48.6,80.6
SR-3175,EVT-13726,AA:BB:CC:00:69,50.0,75.4
SR-3176,EVT-11267,AA:BB:CC:00:43,42.2,92.0
SR-3177,EVT-10420,AA:BB:CC:00:81,47.0,92.2
SR-3178,EVT-14097,AA:BB:CC:00:82,47.9,83.7
SR-3179,EVT-14526,AA:BB:CC:00:57,43.1,83.8
SR-3180,EVT-11383,AA:BB:CC:00:48,43.1,80.0
SR-3181,EVT-14731,AA:BB:CC:00:50,43.1,86.5
SR-3182,EVT-10019,AA:BB:CC:00:69,45.8,86.5
SR-3183,EVT-13908,AA:BB:CC:00:08,47.8,84.5
SR-3184,EVT-13654,AA:BB:CC:00:56,39.7,79.3
SR-3185,EVT-14675,AA:BB:CC:00:91,43.0,84.8
SR-3186,EVT-10146,AA:BB:CC:00:89,44.2,86.4
SR-3187,EVT-13853,AA:BB:CC:00:26,45.3,83.7
SR-3188,EVT-12885,AA:BB:CC:00:23,45.1,88.4
SR-3189,EVT-14841,AA:BB:CC:00:41,45.3,79.1
SR-3190,EVT-13884,AA:BB:CC:00:87,42.5,91.9
SR-3191,EVT-11353,AA:BB:CC:00:93,43.4,78.0
SR-3192,EVT-13884,AA:BB:CC:00:97,44.9,87.5
SR-3193,EVT-10770,AA:BB:CC:00:59,46.7,85.8
SR-3194,EVT-12123,AA:BB:CC:00:18,42.9,96.7
SR-3195,EVT-12339,AA:BB:CC:00:71,45.4,80.6
SR-3196,EVT-13461,AA:BB:CC:00:96, 43.8 ,75.0
SR-3197,EVT-11773,AA:BB:CC:00:71,42.4,71.6
SR-3198,EVT-12676,AA:BB:CC:00:08,44.6,84.9
SR-3199,EVT-14136,AA:BB:CC:00:58,45.6,91.3
SR-3200,EVT-11740,AA:BB:CC:00:85,43.7 Nm,90.7
SR-3201,EVT-14541,AA:BB:CC:00:17,45.2,88.4
SR-3202,EVT-10392,AA:BB:CC:00:51,42.4,88.2
SR-3203,EVT-11673,AA:BB:CC:00:33,49.1,86.5
SR-3204,EVT-10040,AA:BB:CC:00:30,44.8,97.0
SR-3205,EVT-12970,AA:BB:CC:00:66,46.6,86.1
SR-3206,EVT-12057,AA:BB:CC:00:60,44.7,90.1
SR-3207,EVT-10560,AA:BB:CC:00:46, 45.6 ,83.7
SR-3208,EVT-10914,AA:BB:CC:00:100,45.7,81.5
SR-3209,EVT-12095,AA:BB:CC:00:22,45.9,81.6
SR-3210,EVT-13195,AA:BB:CC:00:32,45.0,93.1
SR-3211,EVT-11174,AA:BB:CC:00:25,45.1,84.2
SR-3212,EVT-11635,AA:BB:CC:00:08,45.1,92.1
SR-3213,EVT-14545,AA:BB:CC:00:97,43.3,77.2
SR-3214,EVT-14882,AA:BB:CC:00:63,46.1,79.0
SR-3215,EVT-12685,AA:BB:CC:00:29,44.8,83.9
SR-3216,EVT-13762,AA:BB:CC:00:81,46.0,75.1
SR-3217,EVT-12314,AA:BB:CC:00:40,42.0,88.6
SR-3218,EVT-13330,AA:BB:CC:00:45,45.9,85.8
SR-3219,EVT-13835,AA:BB:CC:00:02,45.7,80.7
SR-3220,EVT-12492,AA:BB:CC:00:49,46.4,88.4
SR-3221,EVT-14573,AA:BB:CC:00:31,46.4,75.7
SR-3222,EVT-12632,AA:BB:CC:00:68,45.5,82.8
SR-3223,EVT-11615,AA:BB:CC:00:90,43.8,88.7
SR-3224,EVT-11031,AA:BB:CC:00:09,44.4,79.0
SR-3225,EVT-11192,AA:BB:CC:00:95,43.1,79.7
SR-3226,EVT-10017,AA:BB:CC:00:10,43.9,83.7
SR-3227,EVT-14845,AA:BB:CC:00:51,45.8,99.7
SR-3228,EVT-12199,AA:BB:CC:00:70,41.8,88.2 C
SR-3229,EVT-10380,AA:BB:CC:00:44,45.7,87.6
SR-3230,EVT-13032,AA:BB:CC:00:26,44.9,80.7
SR-3231,EVT-13839,AA:BB:CC:00:75,42.7,86.3
SR-3232,EVT-11350,AA:BB:CC:00:79,44.5,80.6
SR-3233,EVT-11453,AA:BB:CC:00:84,44.2,90.6
SR-3234,EVT-14686,AA:BB:CC:00:78,46.3,87.6
SR-3235,EVT-13131,AA:BB:CC:00:21,45.6,86.7
SR-3236,EVT-11151,AA:BB:CC:00:91,43.5,88.8
SR-3237,EVT-11406,AA:BB:CC:00:30,43.9,92.6
SR-3238,EVT-11193,AA:BB:CC:00:71,45.4,90.2
SR-3239,EVT-10551,AA:BB:CC:00:15,47.8,96.6
SR-3240,EVT-11050,AA:BB:CC:00:80,44.6,87.7
SR-3241,EVT-12052,AA:BB:CC:00:59,45.1,86.4
SR-3242,EVT-13379,AA:BB:CC:00:84,42.5,87.9
SR-3243,EVT-11766,AA:BB:CC:00:84,44.6,90.4
SR-3244,EVT-10252,AA:BB:CC:00:86,43.1,80.0
SR-3245,EVT-10178,AA:BB:CC:00:70,47.7,84.5
SR-3246,EVT-10256,AA:BB:CC:00:20,42.2,80.6
SR-3247,EVT-13915,AA:BB:CC:00:69,42.2,76.9
SR-3248,EVT-14852,AA:BB:CC:00:53,46.4,79.8
SR-3249,EVT-12736,AA:BB:CC:00:75,45.5,79.5
SR-3250,EVT-11479,AA:BB:CC:00:02,45.9,87.1
SR-3251,EVT-12601,AA:BB:CC:00:30,45.3,82.1
SR-3252,EVT-11167,AA:BB:CC:00:08,46.1,94.0
SR-3253,EVT-13616,AA:BB:CC:00:40,45.6,83.2
SR-3254,EVT-12642,AA:BB:CC:00:08,45.8,78.2
SR-3255,EVT-13672,AA:BB:CC:00:17,46.6,91.2
SR-3256,EVT-13039,AA:BB:CC:00:99,43.3,82.0
SR-3257,EVT-13382,AA:BB:CC:00:30,42.7,90.0
SR-3258,EVT-10747,AA:BB:CC:00:01,45.8,87.4
SR-3259,EVT-12760,AA:BB:CC:00:69,44.5 Nm,77.3
SR-3260,EVT-12710,AA:BB:CC:00:64,43.5,82.2
SR-3261,EVT-14893,AA:BB:CC:00:80,47.8,82.1
SR-3262,EVT-12492,AA:BB:CC:00:36,49.2,79.3
SR-3263,EVT-10095,AA:BB:CC:00:79,39.9,80.4
SR-3264,EVT-14439,AA:BB:CC:00:49,9000,83.0
SR-3265,EVT-14810,AA:BB:CC:00:81,45.8,81.2
SR-3266,EVT-10243,AA:BB:CC:00:77,39.9 Nm,85.9
SR-3267,EVT-13708,AA:BB:CC:00:24,47.3,72.6
SR-3268,EVT-10537,AA:BB:CC:00:04,47.5,85.0
SR-3269,EVT-13466,AA:BB:CC:00:77,44.9,82.3
SR-3270,EVT-14371,AA:BB:CC:00:62,45.3,88.1
SR-3271,EVT-11835,AA:BB:CC:00:09,44.2,80.0
SR-3272,EVT-13857,AA:BB:CC:00:26,43.6,85.8
SR-3273,EVT-13796,AA:BB:CC:00:47,43.5,80.2
SR-3274,EVT-11677,AA:BB:CC:00:16,46.6,90.9
SR-3275,EVT-10601,AA:BB:CC:00:37,46.0,92.4
SR-3276,EVT-13512,AA:BB:CC:00:70,46.0,84.5
SR-3277,EVT-14629,AA:BB:CC:00:11, 48.5 ,80.5
SR-3278,EVT-14035,AA:BB:CC:00:02,44.5,84.4
SR-3279,EVT-11073,AA:BB:CC:00:94,46.3,80.2
SR-3280,EVT-11635,AA:BB:CC:00:83,46.7,79.7
SR-3281,EVT-10271,AA:BB:CC:00:23,43.2,89.6
SR-3282,EVT-13942,AA:BB:CC:00:47,44.0,88.5
SR-3283,EVT-14064,AA:BB:CC:00:62,44.7,74.9
SR-3284,EVT-11506,AA:BB:CC:00:76,43.2,87.0
SR-3285,EVT-14418,AA:BB:CC:00:39,45.2,93.7
SR-3286,EVT-11811,AA:BB:CC:00:06,44.7,78.6
SR-3287,EVT-10192,AA:BB:CC:00:36,42.4,79.4
SR-3288,EVT-10507,AA:BB:CC:00:62,45.4,87.3
SR-3289,EVT-11161,AA:BB:CC:00:60,45.4,99.2
SR-3290,EVT-13522,AA:BB:CC:00:79,44.5,85.1
SR-3291,EVT-13999,AA:BB:CC:00:36,45.9,83.9
SR-3292,EVT-13540,AA:BB:CC:00:77,46.1,93.2
SR-3293,EVT-14567,AA:BB:CC:00:72,42.4,85.9
SR-3294,EVT-11658,AA:BB:CC:00:89,43.4 Nm,87.4
SR-3295,EVT-12135,AA:BB:CC:00:88,40.3,88.1
SR-3296,EVT-14531,AA:BB:CC:00:31,49.5,93.0
SR-3297,EVT-14233,AA:BB:CC:00:40,41.6,83.0
SR-3298,EVT-13803,AA:BB:CC:00:60,48.4,90.0
SR-3299,EVT-13833,AA:BB:CC:00:13,45.7,75.3
SR-3300,EVT-11865,AA:BB:CC:00:93,42.2,78.6
SR-3301,EVT-13944,AA:BB:CC:00:96,46.8,93.4
SR-3302,EVT-12973,AA:BB:CC:00:37,45.2,73.5
SR-3303,EVT-14212,AA:BB:CC:00:61,47.5,82.3
SR-3304,EVT-10846,AA:BB:CC:00:18,46.3,84.4
SR-3305,EVT-10958,AA:BB:CC:00:90,47.5,80.0
SR-3306,EVT-12903,AA:BB:CC:00:18,44.4,97.3
SR-3307,EVT-11097,AA:BB:CC:00:34,45.3,91.2
SR-3308,EVT-13091,AA:BB:CC:00:54,47.7,81.9
SR-3309,EVT-11052,AA:BB:CC:00:31,43.7,80.0
SR-3310,EVT-12753,AA:BB:CC:00:79,45.8,90.7
SR-3311,EVT-11729,AA:BB:CC:00:37,43.5,81.0
SR-3312,EVT-11991,AA:BB:CC:00:84,46.3,90.2
SR-3313,EVT-14917,AA:BB:CC:00:92,44.8,88.1
SR-3314,EVT-13928,AA:BB:CC:00:68,45.4,82.2
SR-3315,EVT-11297,AA:BB:CC:00:72,47.7,85.5
SR-3316,EVT-11772,AA:BB:CC:00:58,44.7,86.1
SR-3317,EVT-11744,AA:BB:CC:00:82,45.6,88.4
SR-3318,EVT-14381,AA:BB:CC:00:96,47.0,71.5
SR-3319,EVT-11287,AA:BB:CC:00:53, 44.3 ,87.7
SR-3320,EVT-13740,AA:BB:CC:00:87,44.4,84.2
SR-3321,EVT-11874,AA:BB:CC:00:62,42.2,86.7
SR-3322,EVT-13537,AA:BB:CC:00:79,44.6,85.7
SR-3323,EVT-12697,AA:BB:CC:00:07,47.3,86.4
SR-3324,EVT-10632,AA:BB:CC:00:31,43.8,88.1
SR-3325,EVT-13817,AA:BB:CC:00:96,44.4,83.5
SR-3326,EVT-14661,AA:BB:CC:00:40,43.7,77.3
SR-3327,EVT-14420,AA:BB:CC:00:78,42.3,83.2
SR-3328,EVT-14118,AA:BB:CC:00:83,44.0,95.0
SR-3329,EVT-10222,AA:BB:CC:00:50,44.4,74.7
SR-3330,EVT-10838,AA:BB:CC:00:80,48.7,77.3
SR-3331,EVT-14883,AA:BB:CC:00:09,44.7,82.9
SR-3332,EVT-10038,AA:BB:CC:00:65,45.9,79.2
SR-3333,EVT-11794,AA:BB:CC:00:25,45.2,92.8
SR-3334,EVT-10770,AA:BB:CC:00:08,46.5,85.3
SR-3335,EVT-12974,AA:BB:CC:00:39,41.9,82.2
SR-3336,EVT-13334,AA:BB:CC:00:32,45.5,77.7
SR-3337,EVT-12432,AA:BB:CC:00:08,44.7,78.1
SR-3338,EVT-10704,AA:BB:CC:00:13,45.7,88.4
SR-3339,EVT-14677,AA:BB:CC:00:67, 46.4 ,82.5
SR-3340,EVT-13750,AA:BB:CC:00:66,45.1,73.2
SR-3341,EVT-14203,AA:BB:CC:00:28,44.1,87.4
SR-3342,EVT-14866,AA:BB:CC:00:04,46.7,89.3
SR-3343,EVT-11210,AA:BB:CC:00:23,46.2,72.4
SR-3344,EVT-10763,AA:BB:CC:00:34,47.0,80.7
SR-3345,EVT-10351,AA:BB:CC:00:55,45.0,89.6
SR-3346,EVT-10275,AA:BB:CC:00:71,43.9,85.7
SR-3347,EVT-13555,AA:BB:CC:00:94,48.7,85.4
SR-3348,EVT-10282,AA:BB:CC:00:58,43.2,91.2
SR-3349,EVT-13667,AA:BB:CC:00:73,47.1,87.3
SR-3350,EVT-12834,AA:BB:CC:00:19,47.1,90.1
SR-3351,EVT-11718,AA:BB:CC:00:09,46.3,83.3
SR-3352,EVT-10318,AA:BB:CC:00:23,44.9,91.4
SR-3353,EVT-10724,AA:BB:CC:00:75,45.4,86.8
SR-3354,EVT-14563,AA:BB:CC:00:13,43.8,85.0
SR-3355,EVT-11668,AA:BB:CC:00:93,42.0,86.4
SR-3356,EVT-14470,AA:BB:CC:00:31,44.3,80.4
SR-3357,EVT-13987,AA:BB:CC:00:72,44.8,85.1
SR-3358,EVT-13787,AA:BB:CC:00:19,42.8,75.4
SR-3359,EVT-13260,AA:BB:CC:00:05,43.0,84.9
SR-3360,EVT-13261,AA:BB:CC:00:91,43.6,89.9
SR-3361,EVT-11524,AA:BB:CC:00:39,45.1,85.8
SR-3362,EVT-11726,AA:BB:CC:00:14,46.5,81.0
SR-3363,EVT-14245,AA:BB:CC:00:22,45.2,84.4
SR-3364,EVT-13163,AA:BB:CC:00:22,49.4,85.6
SR-3365,EVT-14809,AA:BB:CC:00:05,44.6,86.1
SR-3366,EVT-10239,AA:BB:CC:00:62,45.0,87.9
SR-3367,EVT-10610,AA:BB:CC:00:52,47.6,82.8
SR-3368,EVT-11839,AA:BB:CC:00:80,44.2,81.7
SR-3369,EVT-14331,AA:BB:CC:00:39,44.6,85.1
SR-3370,EVT-10228,AA:BB:CC:00:26,44.8,85.4
SR-3371,EVT-10008,AA:BB:CC:00:80,46.7,88.1
SR-3372,EVT-10755,AA:BB:CC:00:56,45.5,84.9
SR-3373,EVT-10307,AA:BB:CC:00:12,44.8,84.6
SR-3374,EVT-11308,AA:BB:CC:00:80,45.9,83.2
SR-3375,EVT-13289,AA:BB:CC:00:49,43.4,88.0
SR-3376,EVT-11352,AA:BB:CC:00:12,46.3,91.1
SR-3377,EVT-13250,AA:BB:CC:00:96,47.4,85.5
SR-3378,EVT-13306,AA:BB:CC:00:05,47.4,79.6
SR-3379,EVT-10921,AA:BB:CC:00:100,44.1,91.1
SR-3380,EVT-10735,AA:BB:CC:00:92,41.5,86.4
SR-3381,EVT-13402,AA:BB:CC:00:51,48.6 Nm,89.6
SR-3382,EVT-14124,AA:BB:CC:00:04,43.0,87.3
SR-3383,EVT-13864,AA:BB:CC:00:93,45.1,79.7
SR-3384,EVT-12196,AA:BB:CC:00:83,45.8,86.2
SR-3385,EVT-14099,AA:BB:CC:00:25,41.0,88.6
SR-3386,EVT-13363,AA:BB:CC:00:99,46.1,91.6
SR-3387,EVT-12730,AA:BB:CC:00:24,46.8,90.3
SR-3388,EVT-13804,AA:BB:CC:00:56,45.9,82.5
SR-3389,EVT-14178,AA:BB:CC:00:19,44.5,86.7
SR-3390,EVT-11177,AA:BB:CC:00:23,44.3,87.8
SR-3391,EVT-11827,AA:BB:CC:00:95,43.4,75.2
SR-3392,EVT-10918,AA:BB:CC:00:83,45.3,84.2
SR-3393,EVT-13045,AA:BB:CC:00:96,44.4,88.1
SR-3394,EVT-10475,AA:BB:CC:00:77,40.7,82.5
SR-3395,EVT-13752,AA:BB:CC:00:46,33.19 ft-lb,91.4
SR-3396,EVT-10330,AA:BB:CC:00:18,47.8,91.9
SR-3397,EVT-10348,AA:BB:CC:00:61,42.9,86.3
SR-3398,EVT-10467,AA:BB:CC:00:71,44.3,78.1
SR-3399,EVT-11751,AA:BB:CC:00:45,33.19 ft-lb,84.8
SR-3400,EVT-10686,AA:BB:CC:00:88,42.1,86.4
SR-3401,EVT-14264,AA:BB:CC:00:46,44.2,90.2
SR-3402,EVT-11721,AA:BB:CC:00:17,47.5,85.7
SR-3403,EVT-11777,AA:BB:CC:00:15,43.8,86.4
SR-3404,EVT-13257,AA:BB:CC:00:73,42.4,88.6
SR-3405,EVT-11381,AA:BB:CC:00:34,45.1,91.0 C
SR-3406,EVT-10253,AA:BB:CC:00:99,43.6,81.5
SR-3407,EVT-14256,AA:BB:CC:00:08,46.6,99.8
SR-3408,EVT-14941,AA:BB:CC:00:50,47.0,81.4
SR-3409,EVT-10026,AA:BB:CC:00:11,42.0,90.8
SR-3410,EVT-12618,AA:BB:CC:00:88,49.0,87.6
SR-3411,EVT-12403,AA:BB:CC:00:42,43.2,76.5
SR-3412,EVT-10986,AA:BB:CC:00:94,43.7,84.0
SR-3413,EVT-11613,AA:BB:CC:00:85, 44.4 ,86.7
SR-3414,EVT-13534,AA:BB:CC:00:43,46.7,85.4
SR-3415,EVT-11178,AA:BB:CC:00:35,48.5,89.4
SR-3416,EVT-12746,AA:BB:CC:00:59,44.1,73.9
SR-3417,EVT-10695,AA:BB:CC:00:12,46.1,75.1
SR-3418,EVT-14423,AA:BB:CC:00:73,47.5,85.6
SR-3419,EVT-13376,AA:BB:CC:00:12,43.6,83.5
SR-3420,EVT-11755,AA:BB:CC:00:28,44.7,82.9
SR-3421,EVT-14823,AA:BB:CC:00:93,47.1,90.8
SR-3422,EVT-10656,AA:BB:CC:00:46,45.7,83.3
SR-3423,EVT-14473,AA:BB:CC:00:40,44.7,83.0
SR-3424,EVT-11272,AA:BB:CC:00:99,44.2,96.1
SR-3425,EVT-12419,AA:BB:CC:00:29,45.5,78.1
SR-3426,EVT-14005,AA:BB:CC:00:70,41.8,86.3
SR-3427,EVT-14562,AA:BB:CC:00:16,44.6,88.2
SR-3428,EVT-11024,AA:BB:CC:00:46,45.3,84.6
SR-3429,EVT-12585,AA:BB:CC:00:92,45.5,87.0
SR-3430,EVT-11731,AA:BB:CC:00:65,45.8,81.4
SR-3431,EVT-10627,AA:BB:CC:00:29,44.1,81.6
SR-3432,EVT-12544,AA:BB:CC:00:52,33.19 ft-lb,81.2
SR-3433,EVT-10268,AA:BB:CC:00:40,43.5,80.4
SR-3434,EVT-14054,AA:BB:CC:00:06,45.9,86.7
SR-3435,EVT-12656,AA:BB:CC:00:27,44.2,77.3
SR-3436,EVT-11432,AA:BB:CC:00:37,48.3,77.8
SR-3437,EVT-10054,AA:BB:CC:00:22,45.4,75.4
SR-3438,EVT-13895,AA:BB:CC:00:07,42.9,82.6
SR-3439,EVT-13632,AA:BB:CC:00:01,43.7,89.4
SR-3440,EVT-12457,AA:BB:CC:00:77,47.0,81.4
SR-3441,EVT-11392,AA:BB:CC:00:48,43.2,86.1
SR-3442,EVT-14585,AA:BB:CC:00:51,41.0,84.3
SR-3443,EVT-12163,AA:BB:CC:00:14,33.19 ft-lb,94.5
SR-3444,EVT-11793,AA:BB:CC:00:79,47.1,82.4
SR-3445,EVT-12341,AA:BB:CC:00:12,40.6,92.3
SR-3446,EVT-13017,AA:BB:CC:00:49,48.5,86.6
SR-3447,EVT-10466,AA:BB:CC:00:41,44.4,86.7
SR-3448,EVT-12512,AA:BB:CC:00:68,41.7,86.2
SR-3449,EVT-14203,AA:BB:CC:00:85,44.4,94.8
SR-3450,EVT-10564,AA:BB:CC:00:02,48.0,94.2
SR-3451,EVT-13499,AA:BB:CC:00:85,40.8,85.3
SR-3452,EVT-12430,AA:BB:CC:00:62,45.6,84.5
SR-3453,EVT-12838,AA:BB:CC:00:57,48.2,77.7
SR-3454,EVT-14255,AA:BB:CC:00:14,44.8,84.5
SR-3455,EVT-12437,AA:BB:CC:00:44,45.0,94.5
SR-3456,EVT-11794,AA:BB:CC:00:66,46.6,91.1
SR-3457,EVT-13074,AA:BB:CC:00:75,45.8,86.5
SR-3458,EVT-14128,AA:BB:CC:00:37,43.9,77.2
SR-3459,EVT-12979,AA:BB:CC:00:78,46.5,83.6
SR-3460,EVT-10831,AA:BB:CC:00:47,47.3,79.2
SR-3461,EVT-10281,AA:BB:CC:00:61,41.5,81.7
SR-3462,EVT-13247,AA:BB:CC:00:84,46.6,82.5
SR-3463,EVT-13657,AA:BB:CC:00:99,42.5,87.9
SR-3464,EVT-13627,AA:BB:CC:00:27,44.8,90.5
SR-3465,EVT-10138,AA:BB:CC:00:49,43.5,87.4
SR-3466,EVT-14548,AA:BB:CC:00:60,43.3,87.2
SR-3467,EVT-11250,AA:BB:CC:00:70,47.6,92.0
SR-3468,EVT-12397,AA:BB:CC:00:71,46.3,185 F
SR-3469,EVT-10530,AA:BB:CC:00:45,47.6,80.5
SR-3470,EVT-11733,AA:BB:CC:00:01,43.3,89.1
SR-3471,EVT-11335,AA:BB:CC:00:13,46.9,87.4
SR-3472,EVT-13702,AA:BB:CC:00:38,47.7,86.0
SR-3473,EVT-10108,AA:BB:CC:00:17,45.1,79.4
SR-3474,EVT-10722,AA:BB:CC:00:100,43.6,91.0
SR-3475,EVT-10498,AA:BB:CC:00:38,44.7,88.4
SR-3476,EVT-12104,AA:BB:CC:00:01,43.0,93.5
SR-3477,EVT-11118,AA:BB:CC:00:01,44.4,81.9
SR-3478,EVT-14729,AA:BB:CC:00:83,33.19 ft-lb,89.2
SR-3479,EVT-11515,AA:BB:CC:00:30,41.6,83.8
SR-3480,EVT-12192,AA:BB:CC:00:77,46.1,79.0
SR-3481,EVT-12830,AA:BB:CC:00:07,43.5,81.1
SR-3482,EVT-13517,AA:BB:CC:00:20,46.6,86.2
SR-3483,EVT-12425,AA:BB:CC:00:44,46.9,81.3
SR-3484,EVT-10268,AA:BB:CC:00:73,41.5,82.4
SR-3485,EVT-10336,AA:BB:CC:00:13,46.4,88.8
SR-3486,EVT-13824,AA:BB:CC:00:39,46.2,90.0
SR-3487,EVT-13510,AA:BB:CC:00:20,47.1,81.7
SR-3488,EVT-13824,AA:BB:CC:00:89,45.9,96.1
SR-3489,EVT-11191,AA:BB:CC:00:05,40.6,89.7
SR-3490,EVT-14326,AA:BB:CC:00:52,42.7,70.9
SR-3491,EVT-10352,AA:BB:CC:00:25,43.9,86.8
SR-3492,EVT-12561,AA:BB:CC:00:12,43.5,91.1
SR-3493,EVT-10204,AA:BB:CC:00:90,43.2,80.7
SR-3494,EVT-13329,AA:BB:CC:00:56,44.6,89.4
SR-3495,EVT-11786,AA:BB:CC:00:86,46.2 Nm,96.4
SR-3496,EVT-12431,AA:BB:CC:00:01, 47.8 ,83.1
SR-3497,EVT-13428,AA:BB:CC:00:72,47.3,86.0
SR-3498,EVT-12372,AA:BB:CC:00:100,46.2,75.1
SR-3499,EVT-12117,AA:BB:CC:00:49,46.1,87.1
SR-3500,EVT-10561,AA:BB:CC:00:67,45.0,185 F
SR-3501,EVT-11887,AA:BB:CC:00:22,45.1,92.0
SR-3502,EVT-14271,AA:BB:CC:00:85,43.9,74.8
SR-3503,EVT-10720,AA:BB:CC:00:85,42.3,91.7
SR-3504,EVT-10392,AA:BB:CC:00:31,44.0,87.5
SR-3505,EVT-10244,AA:BB:CC:00:01,44.4,88.2
SR-3506,EVT-13193,AA:BB:CC:00:27,46.7,89.0
SR-3507,EVT-13239,AA:BB:CC:00:02,47.1,85.2
SR-3508,EVT-10129,AA:BB:CC:00:93,42.6 Nm,83.3
SR-3509,EVT-13973,AA:BB:CC:00:01,44.7,94.4
SR-3510,EVT-11682,AA:BB:CC:00:42,43.8,76.6
SR-3511,EVT-14704,AA:BB:CC:00:08,44.5,93.0
SR-3512,EVT-13090,AA:BB:CC:00:35,39.6,92.2
SR-3513,EVT-14768,AA:BB:CC:00:35,38.5,81.4
SR-3514,EVT-14599,AA:BB:CC:00:07,44.9,74.9
SR-3515,EVT-14844,AA:BB:CC:00:23,46.4,185 F
SR-3516,EVT-11852,AA:BB:CC:00:23,46.5,85.6
SR-3517,EVT-12589,AA:BB:CC:00:46,43.4,79.1
SR-3518,EVT-11937,AA:BB:CC:00:19,47.3,73.3
SR-3519,EVT-14993,AA:BB:CC:00:79, 45.3 ,82.3
SR-3520,EVT-10901,AA:BB:CC:00:72, 46.5 ,76.3
SR-3521,EVT-11356,AA:BB:CC:00:97,45.8,83.2
SR-3522,EVT-11363,AA:BB:CC:00:99,46.8,83.8
SR-3523,EVT-10894,AA:BB:CC:00:13,43.6,86.8
SR-3524,EVT-14923,AA:BB:CC:00:50,43.8,84.2
SR-3525,EVT-13486,AA:BB:CC:00:31,43.0,90.4
SR-3526,EVT-13644,AA:BB:CC:00:71, 42.8 ,78.4
SR-3527,EVT-11973,AA:BB:CC:00:84,43.5,86.9
SR-3528,EVT-11118,AA:BB:CC:00:38,43.8,84.2
SR-3529,EVT-11742,AA:BB:CC:00:57,49.2,91.1
SR-3530,EVT-14336,AA:BB:CC:00:08,48.3,83.4
SR-3531,EVT-13088,AA:BB:CC:00:100,46.3,89.6
SR-3532,EVT-12796,AA:BB:CC:00:14,43.9,85.9
SR-3533,EVT-12462,AA:BB:CC:00:94,45.0,83.4
SR-3534,EVT-12268,AA:BB:CC:00:51,48.2,78.7
SR-3535,EVT-14810,AA:BB:CC:00:09,44.4,80.0
SR-3536,EVT-11543,AA:BB:CC:00:13, 42.3 ,84.0
SR-3537,EVT-12239,AA:BB:CC:00:76,50.3,84.2
SR-3538,EVT-10424,AA:BB:CC:00:66,45.4,87.5
SR-3539,EVT-12503,AA:BB:CC:00:38,49.5,91.2
SR-3540,EVT-12858,AA:BB:CC:00:21,45.3,93.2
SR-3541,EVT-13296,AA:BB:CC:00:29,45.4,87.1
SR-3542,EVT-13801,AA:BB:CC:00:84,47.3,77.5
SR-3543,EVT-11537,AA:BB:CC:00:50,45.3,80.7
SR-3544,EVT-13387,AA:BB:CC:00:64,45.4,80.1
SR-3545,EVT-11200,AA:BB:CC:00:09,47.3,75.8
SR-3546,EVT-11294,AA:BB:CC:00:15,48.7,95.8
SR-3547,EVT-14988,AA:BB:CC:00:53,47.0,75.6
SR-3548,EVT-10433,AA:BB:CC:00:97,44.6,78.3
SR-3549,EVT-12795,AA:BB:CC:00:53,33.19 ft-lb,80.9
SR-3550,EVT-11965,AA:BB:CC:00:71,44.9,89.8
SR-3551,EVT-10668,AA:BB:CC:00:03,45.5,88.7
SR-3552,EVT-11913,AA:BB:CC:00:87,44.3,76.3
SR-3553,EVT-14466,AA:BB:CC:00:22,45.3,79.9
SR-3554,EVT-11118,AA:BB:CC:00:39,47.3,83.9
SR-3555,EVT-14960,AA:BB:CC:00:77,44.1,185 F
SR-3556,EVT-14217,AA:BB:CC:00:09,46.4,88.7
SR-3557,EVT-14929,AA:BB:CC:00:34,43.3,72.3
SR-3558,EVT-13115,AA:BB:CC:00:12,44.1,89.1
SR-3559,EVT-12307,AA:BB:CC:00:34,47.1,87.9
SR-3560,EVT-12854,AA:BB:CC:00:45,47.6,87.4
SR-3561,EVT-14033,AA:BB:CC:00:97,42.4,83.3
SR-3562,EVT-14652,AA:BB:CC:00:50,48.6,93.3
SR-3563,EVT-11287,AA:BB:CC:00:99,45.9,76.5
SR-3564,EVT-11841,AA:BB:CC:00:28,40.5,76.7
SR-3565,EVT-14643,AA:BB:CC:00:39,42.8,97.0
SR-3566,EVT-11861,AA:BB:CC:00:03,46.8,85.2
SR-3567,EVT-12984,AA:BB:CC:00:47,46.5,90.9
SR-3568,EVT-10803,AA:BB:CC:00:12, 46.5 ,80.6
SR-3569,EVT-11859,AA:BB:CC:00:43,39.7,82.0
SR-3570,EVT-14198,AA:BB:CC:00:77,45.1,95.5
SR-3571,EVT-12957,AA:BB:CC:00:67,44.3,87.7
SR-3572,EVT-14628,AA:BB:CC:00:18,45.0,88.5
SR-3573,EVT-10500,AA:BB:CC:00:90,43.5,84.2
SR-3574,EVT-11228,AA:BB:CC:00:10,40.7,81.1
SR-3575,EVT-10096,AA:BB:CC:00:04,38.8,90.2
SR-3576,EVT-14917,AA:BB:CC:00:12,46.2,82.8
SR-3577,EVT-13884,AA:BB:CC:00:53,43.6,83.0
SR-3578,EVT-13638,AA:BB:CC:00:51,33.19 ft-lb,83.6
SR-3579,EVT-14657,AA:BB:CC:00:16,45.9,85.6
SR-3580,EVT-12543,AA:BB:CC:00:17,45.2,81.1
SR-3581,EVT-11387,AA:BB:CC:00:95,45.0,80.3
SR-3582,EVT-14007,AA:BB:CC:00:26,47.9,82.0
SR-3583,EVT-12304,AA:BB:CC:00:02,48.5,81.5
SR-3584,EVT-14300,AA:BB:CC:00:29,48.5,70.9 C
SR-3585,EVT-11365,AA:BB:CC:00:94,43.0,92.9
SR-3586,EVT-12546,AA:BB:CC:00:47,47.5,86.2
SR-3587,EVT-10191,AA:BB:CC:00:11,42.7,81.7
SR-3588,EVT-11826,AA:BB:CC:00:34,46.7,90.7
SR-3589,EVT-10224,AA:BB:CC:00:71,43.5,76.7
SR-3590,EVT-10772,AA:BB:CC:00:29,45.2,87.9
SR-3591,EVT-11245,AA:BB:CC:00:97,45.8,84.1
SR-3592,EVT-13012,AA:BB:CC:00:49,45.4,83.5
SR-3593,EVT-12666,AA:BB:CC:00:91,46.6,82.5
SR-3594,EVT-11624,AA:BB:CC:00:16,45.2,90.1
SR-3595,EVT-13474,AA:BB:CC:00:81,43.6,83.5
SR-3596,EVT-11995,AA:BB:CC:00:75,44.1,85.1
SR-3597,EVT-14152,AA:BB:CC:00:14,44.0,93.9
SR-3598,EVT-10519,AA:BB:CC:00:13,45.0,85.9
SR-3599,EVT-13529,AA:BB:CC:00:35,45.3,83.2
SR-3600,EVT-11425,AA:BB:CC:00:90,43.5,85.3
SR-3601,EVT-10872,AA:BB:CC:00:52,43.5,88.4
SR-3602,EVT-10957,AA:BB:CC:00:25,45.8,79.8
SR-3603,EVT-14253,AA:BB:CC:00:59,47.2,89.4
SR-3604,EVT-13588,AA:BB:CC:00:76,43.9,82.8
SR-3605,EVT-13031,AA:BB:CC:00:68,45.4,87.4
SR-3606,EVT-10236,AA:BB:CC:00:42,44.7,87.2
SR-3607,EVT-14428,AA:BB:CC:00:48,49.1,84.2
SR-3608,EVT-14720,AA:BB:CC:00:91,33.19 ft-lb,87.8
SR-3609,EVT-13226,AA:BB:CC:00:45,43.5,88.6
SR-3610,EVT-11567,AA:BB:CC:00:72,44.5,80.8
SR-3611,EVT-10909,AA:BB:CC:00:72,44.8,80.7
SR-3612,EVT-11960,AA:BB:CC:00:29,43.5,89.9
SR-3613,EVT-13587,AA:BB:CC:00:03,43.4,87.2
SR-3614,EVT-13338,AA:BB:CC:00:21,46.9,80.3
SR-3615,EVT-11385,AA:BB:CC:00:31,40.5,86.1
SR-3616,EVT-10815,AA:BB:CC:00:13,44.9,79.4
SR-3617,EVT-12468,AA:BB:CC:00:95,46.6,85.2
SR-3618,EVT-13784,AA:BB:CC:00:81,48.0,78.3
SR-3619,EVT-10809,AA:BB:CC:00:48,47.0,75.5
SR-3620,EVT-10321,AA:BB:CC:00:96,42.1,84.9
SR-3621,EVT-14398,AA:BB:CC:00:24,46.2,95.0
SR-3622,EVT-10843,AA:BB:CC:00:02,49.0,83.6
SR-3623,EVT-12571,AA:BB:CC:00:03,43.2,83.2
SR-3624,EVT-10410,AA:BB:CC:00:26,43.7,87.8
SR-3625,EVT-13570,AA:BB:CC:00:02,45.0,91.3
SR-3626,EVT-10823,AA:BB:CC:00:33,46.2,86.5
SR-3627,EVT-12500,AA:BB:CC:00:34,47.4,89.4
SR-3628,EVT-12809,AA:BB:CC:00:90,44.7,86.6
SR-3629,EVT-12386,AA:BB:CC:00:98,47.4,89.7
SR-3630,EVT-11875,AA:BB:CC:00:38,44.1,84.2
SR-3631,EVT-14154,AA:BB:CC:00:78,42.2,90.9
SR-3632,EVT-14602,AA:BB:CC:00:95,45.7,87.7
SR-3633,EVT-13339,AA:BB:CC:00:20,44.9,76.5
SR-3634,EVT-12527,AA:BB:CC:00:10,45.0,88.3
SR-3635,EVT-10668,AA:BB:CC:00:84,46.4,93.3
SR-3636,EVT-13588,AA:BB:CC:00:33,44.8,87.4
SR-3637,EVT-13071,AA:BB:CC:00:45,47.2,82.9
SR-3638,EVT-12930,AA:BB:CC:00:60,48.7,95.1
SR-3639,EVT-11601,AA:BB:CC:00:66,46.3,85.3
SR-3640,EVT-10212,AA:BB:CC:00:61,46.9,83.3
SR-3641,EVT-12146,AA:BB:CC:00:51,40.4,86.6
SR-3642,EVT-13342,AA:BB:CC:00:12,46.2,90.0
SR-3643,EVT-11072,AA:BB:CC:00:80,45.2,82.8
SR-3644,EVT-12222,AA:BB:CC:00:09,44.2,85.0
SR-3645,EVT-14996,AA:BB:CC:00:11,41.6,89.7
SR-3646,EVT-14900,AA:BB:CC:00:21,46.1,83.0
SR-3647,EVT-11029,AA:BB:CC:00:76,43.3,86.9
SR-3648,EVT-12601,AA:BB:CC:00:68,42.3,82.8
SR-3649,EVT-14090,AA:BB:CC:00:26,48.2,86.8
SR-3650,EVT-13378,AA:BB:CC:00:63,44.1,76.5
SR-3651,EVT-13538,AA:BB:CC:00:19,42.6,79.9
SR-3652,EVT-10527,AA:BB:CC:00:17,45.1,80.3
SR-3653,EVT-10727,AA:BB:CC:00:44,44.9,86.9
SR-3654,EVT-12120,AA:BB:CC:00:61,47.0,88.7
SR-3655,EVT-12114,AA:BB:CC:00:01,45.5,84.4
SR-3656,EVT-10592,AA:BB:CC:00:72,46.7,77.5
SR-3657,EVT-13497,AA:BB:CC:00:58,41.3,93.8
SR-3658,EVT-14529,AA:BB:CC:00:94,46.6,85.5
SR-3659,EVT-10266,AA:BB:CC:00:41,47.4,90.8
SR-3660,EVT-13464,AA:BB:CC:00:24,43.9,91.0
SR-3661,EVT-13883,AA:BB:CC:00:43,46.4,78.3
SR-3662,EVT-13667,AA:BB:CC:00:81,42.1,82.0
SR-3663,EVT-11202,AA:BB:CC:00:94,47.0,93.2
SR-3664,EVT-13847,AA:BB:CC:00:09,42.9,85.1
SR-3665,EVT-11606,AA:BB:CC:00:66,46.8,86.4
SR-3666,EVT-13539,AA:BB:CC:00:90,43.6,87.4
SR-3667,EVT-10467,AA:BB:CC:00:32,44.4,87.5
SR-3668,EVT-12070,AA:BB:CC:00:91,43.3,84.4
SR-3669,EVT-14792,AA:BB:CC:00:41,46.5,81.3
SR-3670,EVT-14422,AA:BB:CC:00:11,44.8,82.5
SR-3671,EVT-10658,AA:BB:CC:00:65,42.0,88.0
SR-3672,EVT-13979,AA:BB:CC:00:18,45.2,79.2
SR-3673,EVT-10536,AA:BB:CC:00:08,45.3,79.4
SR-3674,EVT-12427,AA:BB:CC:00:27,42.6,83.3
SR-3675,EVT-10849,AA:BB:CC:00:82,45.4,82.0
SR-3676,EVT-12173,AA:BB:CC:00:09,46.1,87.1
SR-3677,EVT-14537,AA:BB:CC:00:02,41.3,95.7
SR-3678,EVT-14924,AA:BB:CC:00:81,42.5,88.2
SR-3679,EVT-12091,AA:BB:CC:00:75,45.5,84.0
SR-3680,EVT-12708,AA:BB:CC:00:46,45.7,71.7
SR-3681,EVT-11382,AA:BB:CC:00:70,44.7 Nm,84.9
SR-3682,EVT-14294,AA:BB:CC:00:05,47.2,81.4
SR-3683,EVT-11676,AA:BB:CC:00:12,43.4,89.8
SR-3684,EVT-10652,AA:BB:CC:00:44,46.0,80.9
SR-3685,EVT-14403,AA:BB:CC:00:42,43.6,80.4
SR-3686,EVT-13160,AA:BB:CC:00:99,49.7,88.3
SR-3687,EVT-13759,AA:BB:CC:00:88,46.1,83.1
SR-3688,EVT-14569,AA:BB:CC:00:30,42.0,84.0
SR-3689,EVT-12272,AA:BB:CC:00:52,48.8,81.4
SR-3690,EVT-14455,AA:BB:CC:00:81,41.3,88.9
SR-3691,EVT-12471,AA:BB:CC:00:47,47.1,80.7
SR-3692,EVT-13125,AA:BB:CC:00:36,43.1,86.6
SR-3693,EVT-14762,AA:BB:CC:00:70,47.6,76.3
SR-3694,EVT-12382,AA:BB:CC:00:32,44.4,81.4
SR-3695,EVT-14994,AA:BB:CC:00:98,42.2,88.3
SR-3696,EVT-10314,AA:BB:CC:00:44,46.2,88.2
SR-3697,EVT-10487,AA:BB:CC:00:16,42.5,82.8
SR-3698,EVT-12935,AA:BB:CC:00:71,43.1,88.0
SR-3699,EVT-12684,AA:BB:CC:00:96,42.9,86.6
SR-3700,EVT-13883,AA:BB:CC:00:17,44.1,86.6
SR-3701,EVT-10686,AA:BB:CC:00:32,43.7,81.4
SR-3702,EVT-11991,AA:BB:CC:00:14,44.9,81.1
SR-3703,EVT-12927,AA:BB:CC:00:26,43.2,83.2
SR-3704,EVT-11444,AA:BB:CC:00:73,41.2,83.1
SR-3705,EVT-14132,AA:BB:CC:00:13,46.1,84.4
SR-3706,EVT-11964,AA:BB:CC:00:89,45.8,87.4
SR-3707,EVT-13741,AA:BB:CC:00:12,44.9,84.5
SR-3708,EVT-13019,AA:BB:CC:00:45,45.1,83.7
SR-3709,EVT-13964,AA:BB:CC:00:16,46.8,85.8
SR-3710,EVT-11512,AA:BB:CC:00:94,45.8,95.5
SR-3711,EVT-11023,AA:BB:CC:00:52,46.5,83.4
SR-3712,EVT-11950,AA:BB:CC:00:21,45.1,82.3
SR-3713,EVT-12318,AA:BB:CC:00:24,47.2,86.5
SR-3714,EVT-11732,AA:BB:CC:00:43,46.6,86.0
SR-3715,EVT-10630,AA:BB:CC:00:05,41.5,87.6
SR-3716,EVT-12621,AA:BB:CC:00:33,42.7,90.0
SR-3717,EVT-12328,AA:BB:CC:00:31,43.0,75.6
SR-3718,EVT-13083,AA:BB:CC:00:09,45.6,96.4
SR-3719,EVT-13336,AA:BB:CC:00:35,47.5,87.8
SR-3720,EVT-14292,AA:BB:CC:00:08,45.3,88.0
SR-3721,EVT-11718,AA:BB:CC:00:75,46.3,85.1
SR-3722,EVT-10454,AA:BB:CC:00:17,39.7,83.1
SR-3723,EVT-13307,AA:BB:CC:00:80,33.19 ft-lb,87.2
SR-3724,EVT-14102,AA:BB:CC:00:20,43.6,82.1
SR-3725,EVT-11971,AA:BB:CC:00:91,48.5,85.3
SR-3726,EVT-14772,AA:BB:CC:00:78,49.1,78.2
SR-3727,EVT-10986,AA:BB:CC:00:22,45.1,79.9
SR-3728,EVT-10512,AA:BB:CC:00:54,44.9,93.0
SR-3729,EVT-11529,AA:BB:CC:00:71,45.6,88.1
SR-3730,EVT-10717,AA:BB:CC:00:75,44.8,86.3
SR-3731,EVT-14571,AA:BB:CC:00:81,46.4,80.3
SR-3732,EVT-12856,AA:BB:CC:00:77,44.4,90.9
SR-3733,EVT-13520,AA:BB:CC:00:81,43.6,78.3
SR-3734,EVT-10903,AA:BB:CC:00:75,45.2,79.0
SR-3735,EVT-11004,AA:BB:CC:00:68,44.8,80.6
SR-3736,EVT-10040,AA:BB:CC:00:80,45.7,84.8
SR-3737,EVT-13929,AA:BB:CC:00:31,45.5,86.3
SR-3738,EVT-13175,AA:BB:CC:00:85,47.6,86.1
SR-3739,EVT-13331,AA:BB:CC:00:97,43.8,81.3
SR-3740,EVT-14353,AA:BB:CC:00:13,9000,87.9
SR-3741,EVT-10989,AA:BB:CC:00:29,45.5,100.2
SR-3742,EVT-10011,AA:BB:CC:00:79,41.9,72.3
SR-3743,EVT-14125,AA:BB:CC:00:10,41.5,82.5
SR-3744,EVT-11105,AA:BB:CC:00:33,45.1,79.2
SR-3745,EVT-10354,AA:BB:CC:00:15,44.1,79.9
SR-3746,EVT-11337,AA:BB:CC:00:77,43.0,80.7
SR-3747,EVT-11858,AA:BB:CC:00:35,45.0,76.6
SR-3748,EVT-10534,AA:BB:CC:00:54,42.5,80.7
SR-3749,EVT-13066,AA:BB:CC:00:21,41.7,86.0
SR-3750,EVT-10252,AA:BB:CC:00:30,40.8,185 F
SR-3751,EVT-11967,AA:BB:CC:00:46,44.2,76.4
SR-3752,EVT-14911,AA:BB:CC:00:42,44.5,93.5
SR-3753,EVT-13634,AA:BB:CC:00:71,45.8,74.5
SR-3754,EVT-12799,AA:BB:CC:00:49,45.1,75.4
SR-3755,EVT-14988,AA:BB:CC:00:24,46.5,86.9
SR-3756,EVT-14762,AA:BB:CC:00:80,45.7,93.8
SR-3757,EVT-14575,AA:BB:CC:00:69,44.5,89.5
SR-3758,EVT-12657,AA:BB:CC:00:06,48.1,81.4
SR-3759,EVT-13241,AA:BB:CC:00:02,44.8,90.8
SR-3760,EVT-14875,AA:BB:CC:00:03,47.6,83.9
SR-3761,EVT-11489,AA:BB:CC:00:53,44.8,77.6
SR-3762,EVT-14945,AA:BB:CC:00:10,43.4,75.3
SR-3763,EVT-14667,AA:BB:CC:00:24,45.4,92.7
SR-3764,EVT-10771,AA:BB:CC:00:33,49.2,78.7
SR-3765,EVT-13494,AA:BB:CC:00:84,45.7,79.4
SR-3766,EVT-11898,AA:BB:CC:00:22,49.1,84.0
SR-3767,EVT-14339,AA:BB:CC:00:61,49.7,77.9
SR-3768,EVT-12462,AA:BB:CC:00:96,43.9,91.4
SR-3769,EVT-12718,AA:BB:CC:00:94,41.2,82.7
SR-3770,EVT-12601,AA:BB:CC:00:67,44.3,85.7
SR-3771,EVT-13091,AA:BB:CC:00:04,42.6,83.4
SR-3772,EVT-11135,AA:BB:CC:00:51,44.1,90.1
SR-3773,EVT-10723,AA:BB:CC:00:04,46.4,80.3
SR-3774,EVT-12655,AA:BB:CC:00:39,46.2,88.0
SR-3775,EVT-13603,AA:BB:CC:00:31,44.5,89.6
SR-3776,EVT-11039,AA:BB:CC:00:57,48.4,84.1
SR-3777,EVT-12554,AA:BB:CC:00:73,46.4,88.8
SR-3778,EVT-13128,AA:BB:CC:00:30,46.4,84.6
SR-3779,EVT-13346,AA:BB:CC:00:93,42.1,90.7
SR-3780,EVT-13084,AA:BB:CC:00:89,46.6,76.4
SR-3781,EVT-13603,AA:BB:CC:00:39,42.7,79.7
SR-3782,EVT-12410,AA:BB:CC:00:99,45.9,84.2
SR-3783,EVT-13403,AA:BB:CC:00:25,47.3,73.9
SR-3784,EVT-13504,AA:BB:CC:00:58,44.1,83.4
SR-3785,EVT-11262,AA:BB:CC:00:36,33.19 ft-lb,83.3
SR-3786,EVT-12594,AA:BB:CC:00:11,43.2,78.4
SR-3787,EVT-14427,AA:BB:CC:00:90,45.3,80.1
SR-3788,EVT-11015,AA:BB:CC:00:46,48.6,80.6
SR-3789,EVT-14932,AA:BB:CC:00:89,42.9,87.0
SR-3790,EVT-11461,AA:BB:CC:00:21,45.4,87.7
SR-3791,EVT-13385,AA:BB:CC:00:02,43.3,79.5
SR-3792,EVT-12145,AA:BB:CC:00:74,42.2,92.1
SR-3793,EVT-14534,AA:BB:CC:00:39,46.7,88.1
SR-3794,EVT-12478,AA:BB:CC:00:99,43.9,78.6
SR-3795,EVT-13035,AA:BB:CC:00:33,47.7,89.8
SR-3796,EVT-10444,AA:BB:CC:00:31,42.4,80.8
SR-3797,EVT-11743,AA:BB:CC:00:04,48.4,89.4
SR-3798,EVT-10033,AA:BB:CC:00:67,46.6,84.8
SR-3799,EVT-10061,AA:BB:CC:00:69,43.9,84.3
SR-3800,EVT-11102,AA:BB:CC:00:81,46.8,89.6
SR-3801,EVT-13025,AA:BB:CC:00:13,46.4,85.6
SR-3802,EVT-13588,AA:BB:CC:00:65,48.7,86.8
SR-3803,EVT-10352,AA:BB:CC:00:45,42.3,81.0
SR-3804,EVT-11081,AA:BB:CC:00:39,43.8,86.0
SR-3805,EVT-12170,AA:BB:CC:00:87,43.2,81.2
SR-3806,EVT-11628,AA:BB:CC:00:89,44.2,82.3
SR-3807,EVT-14098,AA:BB:CC:00:53,42.0,83.6
SR-3808,EVT-10814,AA:BB:CC:00:31,42.1,84.4
SR-3809,EVT-13871,AA:BB:CC:00:13,45.2,83.3
SR-3810,EVT-13960,AA:BB:CC:00:01,42.9,82.6
SR-3811,EVT-13119,AA:BB:CC:00:98,44.8,87.1
SR-3812,EVT-11946,AA:BB:CC:00:29,44.7,84.8
SR-3813,EVT-10252,AA:BB:CC:00:61,43.1,87.1
SR-3814,EVT-13619,AA:BB:CC:00:95,47.2,94.9
SR-3815,EVT-14405,AA:BB:CC:00:72,42.6,91.1
SR-3816,EVT-10531,AA:BB:CC:00:02,46.2,82.3
SR-3817,EVT-11666,AA:BB:CC:00:12,43.1 Nm,82.1
SR-3818,EVT-10196,AA:BB:CC:00:56,45.1,84.9
SR-3819,EVT-10935,AA:BB:CC:00:97,45.1,91.8
SR-3820,EVT-13322,AA:BB:CC:00:94,43.8,89.0
SR-3821,EVT-13899,AA:BB:CC:00:41,46.4,90.9
SR-3822,EVT-11989,AA:BB:CC:00:27,47.0,80.3
SR-3823,EVT-10462,AA:BB:CC:00:89,44.8,86.2
SR-3824,EVT-11402,AA:BB:CC:00:38,48.1 Nm,96.0
SR-3825,EVT-11733,AA:BB:CC:00:97,44.0,82.2
SR-3826,EVT-10022,AA:BB:CC:00:52,45.5,82.0
SR-3827,EVT-12747,AA:BB:CC:00:80,44.1,81.0
SR-3828,EVT-11821,AA:BB:CC:00:32,47.0,91.9
SR-3829,EVT-13238,AA:BB:CC:00:88,45.4,77.4
SR-3830,EVT-13239,AA:BB:CC:00:02,47.0,82.9
SR-3831,EVT-11583,AA:BB:CC:00:66,44.6,87.6
SR-3832,EVT-11236,AA:BB:CC:00:20,43.2,83.2
SR-3833,EVT-10812,AA:BB:CC:00:57,43.8,84.7
SR-3834,EVT-14132,AA:BB:CC:00:62,46.5,87.1
SR-3835,EVT-10405,AA:BB:CC:00:91,43.0,87.1
SR-3836,EVT-13123,AA:BB:CC:00:86,48.0,87.2
SR-3837,EVT-11037,AA:BB:CC:00:48, 45.7 ,87.9
SR-3838,EVT-10529,AA:BB:CC:00:83,42.6,87.3
SR-3839,EVT-11201,AA:BB:CC:00:07,45.9,91.9
SR-3840,EVT-14878,AA:BB:CC:00:67,43.6,80.2
SR-3841,EVT-14481,AA:BB:CC:00:50,42.0,85.7
SR-3842,EVT-10118,AA:BB:CC:00:34,46.0,78.0
SR-3843,EVT-11898,AA:BB:CC:00:87,45.3,79.5
SR-3844,EVT-13923,AA:BB:CC:00:69,47.1,87.0
SR-3845,EVT-13652,AA:BB:CC:00:67,45.8,84.3
SR-3846,EVT-12079,AA:BB:CC:00:88,43.7,85.3
SR-3847,EVT-14033,AA:BB:CC:00:91,47.1,91.1
SR-3848,EVT-14843,AA:BB:CC:00:34,43.6,88.5
SR-3849,EVT-12293,AA:BB:CC:00:43,43.6,81.8
SR-3850,EVT-12820,AA:BB:CC:00:21,44.7,83.4
SR-3851,EVT-14948,AA:BB:CC:00:12,33.19 ft-lb,88.4
SR-3852,EVT-14911,AA:BB:CC:00:32,47.0,75.5
SR-3853,EVT-14391,AA:BB:CC:00:47,44.7,80.6
SR-3854,EVT-12115,AA:BB:CC:00:86,44.9,85.6
SR-3855,EVT-10863,AA:BB:CC:00:98,9000,86.6
SR-3856,EVT-14067,AA:BB:CC:00:87,46.1,185 F
SR-3857,EVT-10055,AA:BB:CC:00:55,42.8,89.3
SR-3858,EVT-13971,AA:BB:CC:00:65,47.7,92.0
SR-3859,EVT-12684,AA:BB:CC:00:68,45.4,85.9
SR-3860,EVT-11440,AA:BB:CC:00:17,42.8,80.7
SR-3861,EVT-11809,AA:BB:CC:00:26,45.4,84.6
SR-3862,EVT-14223,AA:BB:CC:00:95,45.0,81.4
SR-3863,EVT-10060,AA:BB:CC:00:33,42.5,82.9
SR-3864,EVT-13407,AA:BB:CC:00:64,45.6,85.9
SR-3865,EVT-10387,AA:BB:CC:00:92,46.0,94.8
SR-3866,EVT-14766,AA:BB:CC:00:10,40.6,85.6
SR-3867,EVT-14895,AA:BB:CC:00:100,44.9,78.2
SR-3868,EVT-10663,AA:BB:CC:00:46,47.5,79.7
SR-3869,EVT-11627,AA:BB:CC:00:73,44.1,93.9
SR-3870,EVT-11226,AA:BB:CC:00:90,45.8,93.3
SR-3871,EVT-12247,AA:BB:CC:00:51,45.8,78.2
SR-3872,EVT-12752,AA:BB:CC:00:34,40.3,94.1
SR-3873,EVT-11909,AA:BB:CC:00:14,44.0,89.5
SR-3874,EVT-12945,AA:BB:CC:00:41,46.9,74.2
SR-3875,EVT-12683,AA:BB:CC:00:90,46.0,86.6
SR-3876,EVT-12002,AA:BB:CC:00:95,47.0,79.1
SR-3877,EVT-11524,AA:BB:CC:00:38, 44.8 ,79.1
SR-3878,EVT-13710,AA:BB:CC:00:48,47.4,85.0
SR-3879,EVT-12456,AA:BB:CC:00:43,47.2,81.7
SR-3880,EVT-10564,AA:BB:CC:00:28,48.7,82.4
SR-3881,EVT-11416,AA:BB:CC:00:41,48.1,94.1
SR-3882,EVT-14265,AA:BB:CC:00:56,45.1,83.2
SR-3883,EVT-10243,AA:BB:CC:00:81,41.4,82.0
SR-3884,EVT-13867,AA:BB:CC:00:76,43.8,82.8
SR-3885,EVT-14004,AA:BB:CC:00:91,43.9 Nm,94.4
SR-3886,EVT-12984,AA:BB:CC:00:65,44.1,88.7
SR-3887,EVT-12122,AA:BB:CC:00:60,43.6,85.6
SR-3888,EVT-11528,AA:BB:CC:00:97,47.5,87.7
SR-3889,EVT-10369,AA:BB:CC:00:13,45.1,79.8
SR-3890,EVT-13284,AA:BB:CC:00:69,45.4,97.9
SR-3891,EVT-12173,AA:BB:CC:00:52,44.5,83.9
SR-3892,EVT-11175,AA:BB:CC:00:43,43.4,94.2
SR-3893,EVT-13648,AA:BB:CC:00:92,46.1,87.9
SR-3894,EVT-12163,AA:BB:CC:00:88,45.2,85.2
SR-3895,EVT-13593,AA:BB:CC:00:84,47.4,86.1
SR-3896,EVT-14955,AA:BB:CC:00:40,47.6,85.0
SR-3897,EVT-12622,AA:BB:CC:00:42,45.5,89.0
SR-3898,EVT-11621,AA:BB:CC:00:37,45.4,85.7
SR-3899,EVT-14288,AA:BB:CC:00:84,44.2,82.2
SR-3900,EVT-10354,AA:BB:CC:00:23,47.6,86.6
SR-3901,EVT-10057,AA:BB:CC:00:67,46.9,87.5
SR-3902,EVT-13373,AA:BB:CC:00:69,46.1,85.6
SR-3903,EVT-13355,AA:BB:CC:00:79,44.7,79.1
SR-3904,EVT-14215,AA:BB:CC:00:69,45.8,78.1
SR-3905,EVT-12255,AA:BB:CC:00:98,46.3,85.2
SR-3906,EVT-10826,AA:BB:CC:00:58,43.5,79.9
SR-3907,EVT-10771,AA:BB:CC:00:46,45.3,90.0
SR-3908,EVT-10680,AA:BB:CC:00:87,43.2,81.3
SR-3909,EVT-10571,AA:BB:CC:00:47,44.2,88.3
SR-3910,EVT-11341,AA:BB:CC:00:17,46.0,80.9
SR-3911,EVT-13594,AA:BB:CC:00:09,47.3,88.2
SR-3912,EVT-12579,AA:BB:CC:00:68,44.2,84.3
SR-3913,EVT-14230,AA:BB:CC:00:94,42.3,89.8
SR-3914,EVT-10350,AA:BB:CC:00:78,45.0,85.9
SR-3915,EVT-14669,AA:BB:CC:00:30,45.2,185 F
SR-3916,EVT-12691,AA:BB:CC:00:95,43.3,86.6
SR-3917,EVT-14295,AA:BB:CC:00:61,44.0,78.9
SR-3918,EVT-13320,AA:BB:CC:00:65,44.8,92.3
SR-3919,EVT-12901,AA:BB:CC:00:58,46.8,82.6
SR-3920,EVT-11880,AA:BB:CC:00:27,42.5,84.5
SR-3921,EVT-11012,AA:BB:CC:00:66,44.7,82.3
SR-3922,EVT-12137,AA:BB:CC:00:45,47.8,88.7
SR-3923,EVT-11815,AA:BB:CC:00:40,43.8,87.4
SR-3924,EVT-14398,AA:BB:CC:00:61,46.0,92.2
SR-3925,EVT-14420,AA:BB:CC:00:41,45.0,80.4
SR-3926,EVT-14878,AA:BB:CC:00:74,46.2,82.5
SR-3927,EVT-11950,AA:BB:CC:00:88,45.0,82.5
SR-3928,EVT-11753,AA:BB:CC:00:84,45.7,89.8
SR-3929,EVT-13715,AA:BB:CC:00:42,46.8,86.9
SR-3930,EVT-11195,AA:BB:CC:00:62,46.3,78.6
SR-3931,EVT-10625,AA:BB:CC:00:80,46.4,90.9
SR-3932,EVT-10444,AA:BB:CC:00:38,46.7,82.7
SR-3933,EVT-10082,AA:BB:CC:00:60,44.5,82.7
SR-3934,EVT-10153,AA:BB:CC:00:49,42.9,86.6
SR-3935,EVT-10433,AA:BB:CC:00:18,48.6,88.5
SR-3936,EVT-14512,AA:BB:CC:00:99,45.7,87.7
SR-3937,EVT-13768,AA:BB:CC:00:94,47.3,81.5
SR-3938,EVT-11879,AA:BB:CC:00:05,40.8,85.7
SR-3939,EVT-14257,AA:BB:CC:00:11,48.4,92.5
SR-3940,EVT-10641,AA:BB:CC:00:04,43.8,84.6
SR-3941,EVT-14394,AA:BB:CC:00:61,45.4,89.0
SR-3942,EVT-12375,AA:BB:CC:00:75,44.1,78.7
SR-3943,EVT-11456,AA:BB:CC:00:12,41.7,89.1
SR-3944,EVT-10532,AA:BB:CC:00:49,45.5,82.9
SR-3945,EVT-13579,AA:BB:CC:00:28,48.2,82.8
SR-3946,EVT-13632,AA:BB:CC:00:90,44.1,84.3
SR-3947,EVT-12171,AA:BB:CC:00:34,44.0,82.2
SR-3948,EVT-10736,AA:BB:CC:00:56,47.8,85.5
SR-3949,EVT-12026,AA:BB:CC:00:65,45.4,85.0
SR-3950,EVT-12568,AA:BB:CC:00:06,43.4,77.5
SR-3951,EVT-14834,AA:BB:CC:00:33,43.8,81.8
SR-3952,EVT-13739,AA:BB:CC:00:47,44.3,90.2
SR-3953,EVT-11441,AA:BB:CC:00:24,46.5,81.9
SR-3954,EVT-12207,AA:BB:CC:00:34,41.5,83.3
SR-3955,EVT-11142,AA:BB:CC:00:72,44.8,89.6
SR-3956,EVT-10960,AA:BB:CC:00:16,45.2,97.2
SR-3957,EVT-10870,AA:BB:CC:00:80,46.1,76.0
SR-3958,EVT-10088,AA:BB:CC:00:16,45.8,83.3
SR-3959,EVT-14787,AA:BB:CC:00:98,44.4,89.4
SR-3960,EVT-13401,AA:BB:CC:00:84, 42.7 ,88.0
SR-3961,EVT-12497,AA:BB:CC:00:14,46.0,80.9
SR-3962,EVT-12179,AA:BB:CC:00:59,47.1,86.0
SR-3963,EVT-11615,AA:BB:CC:00:62,43.8,81.6
SR-3964,EVT-12110,AA:BB:CC:00:90,43.4,80.8
SR-3965,EVT-11831,AA:BB:CC:00:66,33.19 ft-lb,77.8
SR-3966,EVT-10107,AA:BB:CC:00:19,46.1,78.5
SR-3967,EVT-11719,AA:BB:CC:00:61,44.8,85.5
SR-3968,EVT-13734,AA:BB:CC:00:66,47.1,85.6
SR-3969,EVT-11619,AA:BB:CC:00:26,45.9,78.9
SR-3970,EVT-13455,AA:BB:CC:00:89,45.3,82.0
SR-3971,EVT-11005,AA:BB:CC:00:49,41.3,85.5
SR-3972,EVT-10306,AA:BB:CC:00:19,47.1,88.2
SR-3973,EVT-14376,AA:BB:CC:00:49,40.2 Nm,93.8
SR-3974,EVT-10207,AA:BB:CC:00:81,40.9,90.0
SR-3975,EVT-14904,AA:BB:CC:00:30,43.8,92.3
SR-3976,EVT-10739,AA:BB:CC:00:76,47.2,92.0
SR-3977,EVT-13659,AA:BB:CC:00:57,45.2,78.0
SR-3978,EVT-10918,AA:BB:CC:00:85,44.4 Nm,88.7
SR-3979,EVT-12669,AA:BB:CC:00:36,45.0,78.1
SR-3980,EVT-14261,AA:BB:CC:00:40,47.3,88.8
SR-3981,EVT-12948,AA:BB:CC:00:28,40.8,84.4
SR-3982,EVT-12689,AA:BB:CC:00:97,45.1,89.1
SR-3983,EVT-12050,AA:BB:CC:00:46,43.4,84.8
SR-3984,EVT-10646,AA:BB:CC:00:73,43.9,89.3
SR-3985,EVT-11483,AA:BB:CC:00:82,47.1,85.8
SR-3986,EVT-12481,AA:BB:CC:00:88,43.0,89.6
SR-3987,EVT-10955,AA:BB:CC:00:32,43.5,79.0
SR-3988,EVT-10704,AA:BB:CC:00:87,45.4,81.8
SR-3989,EVT-13316,AA:BB:CC:00:58,43.5,79.4
SR-3990,EVT-10507,AA:BB:CC:00:76,47.5,82.8
SR-3991,EVT-12100,AA:BB:CC:00:98,46.2,85.1
SR-3992,EVT-14494,AA:BB:CC:00:26,43.9,85.0
SR-3993,EVT-14899,AA:BB:CC:00:70,47.8,75.2
SR-3994,EVT-12441,AA:BB:CC:00:69,46.7,86.0
SR-3995,EVT-13446,AA:BB:CC:00:87,47.1,90.9
SR-3996,EVT-10068,AA:BB:CC:00:50,43.3,87.1
SR-3997,EVT-12523,AA:BB:CC:00:79,33.19 ft-lb,78.5
SR-3998,EVT-14193,AA:BB:CC:00:32,42.7,87.7
SR-3999,EVT-11638,AA:BB:CC:00:58,46.2,88.1
SR-4000,EVT-13941,AA:BB:CC:00:64,42.5,80.6
SR-4001,EVT-10015,AA:BB:CC:00:77,42.6,87.3
SR-4002,EVT-11766,AA:BB:CC:00:28,44.7,89.1
SR-4003,EVT-13369,AA:BB:CC:00:97,44.7,83.6
SR-4004,EVT-13741,AA:BB:CC:00:72,45.1,81.8
SR-4005,EVT-11986,AA:BB:CC:00:80,45.7,90.7
SR-4006,EVT-11234,AA:BB:CC:00:39,45.3,90.0
SR-4007,EVT-10183,AA:BB:CC:00:96,47.5,75.7
SR-4008,EVT-11943,AA:BB:CC:00:80,44.5,83.4
SR-4009,EVT-10039,AA:BB:CC:00:45, 44.6 ,83.4
SR-4010,EVT-10702,AA:BB:CC:00:13,42.6,81.1
SR-4011,EVT-11338,AA:BB:CC:00:20,44.7,90.3
SR-4012,EVT-13039,AA:BB:CC:00:58,42.5,86.7
SR-4013,EVT-11715,AA:BB:CC:00:19,43.5,83.9
SR-4014,EVT-12526,AA:BB:CC:00:75,43.6,84.4
SR-4015,EVT-13818,AA:BB:CC:00:91,45.1,85.5
SR-4016,EVT-12083,AA:BB:CC:00:80,46.7,86.9
SR-4017,EVT-11251,AA:BB:CC:00:09,43.1 Nm,82.9
SR-4018,EVT-10542,AA:BB:CC:00:77,48.3,82.0
SR-4019,EVT-12310,AA:BB:CC:00:19,46.0,87.3
SR-4020,EVT-12170,AA:BB:CC:00:94, 43.4 ,84.6
SR-4021,EVT-12265,AA:BB:CC:00:55,47.4,84.1
SR-4022,EVT-10275,AA:BB:CC:00:39,44.6,80.1
SR-4023,EVT-13538,AA:BB:CC:00:17,44.6,85.9
SR-4024,EVT-10008,AA:BB:CC:00:62,43.6 Nm,84.9
SR-4025,EVT-12053,AA:BB:CC:00:94,46.0,84.3
SR-4026,EVT-11109,AA:BB:CC:00:93,43.3,78.1
SR-4027,EVT-11765,AA:BB:CC:00:60,9000,91.7
SR-4028,EVT-13152,AA:BB:CC:00:42,41.4,85.9
SR-4029,EVT-10361,AA:BB:CC:00:02,47.0,86.2
SR-4030,EVT-12750,AA:BB:CC:00:50,44.1,91.8
SR-4031,EVT-14136,AA:BB:CC:00:67,48.5,85.5
SR-4032,EVT-14209,AA:BB:CC:00:20,46.1,85.4
SR-4033,EVT-10156,AA:BB:CC:00:01,46.8,87.4
SR-4034,EVT-11534,AA:BB:CC:00:05,47.0,90.7
SR-4035,EVT-10849,AA:BB:CC:00:97,45.3,80.0
SR-4036,EVT-14139,AA:BB:CC:00:39,45.9,96.9
SR-4037,EVT-13870,AA:BB:CC:00:87,47.2,84.8
SR-4038,EVT-10221,AA:BB:CC:00:18,46.1,80.8
SR-4039,EVT-12306,AA:BB:CC:00:68,43.6,81.1
SR-4040,EVT-10601,AA:BB:CC:00:97,43.9,95.7
SR-4041,EVT-14710,AA:BB:CC:00:90,45.4,77.6
SR-4042,EVT-10993,AA:BB:CC:00:22,33.19 ft-lb,82.7
SR-4043,EVT-12764,AA:BB:CC:00:30,44.2,79.0
SR-4044,EVT-11286,AA:BB:CC:00:90,44.2,82.3
SR-4045,EVT-14074,AA:BB:CC:00:01,42.5,86.0
SR-4046,EVT-14122,AA:BB:CC:00:70,45.6,83.1
SR-4047,EVT-11030,AA:BB:CC:00:81,46.8,85.8
SR-4048,EVT-12403,AA:BB:CC:00:95,45.8,94.5
SR-4049,EVT-13924,AA:BB:CC:00:51,41.1,86.0
SR-4050,EVT-10275,AA:BB:CC:00:68,43.3,81.5
SR-4051,EVT-10220,AA:BB:CC:00:74,47.0,82.5
SR-4052,EVT-10050,AA:BB:CC:00:61,46.2,88.1
SR-4053,EVT-10841,AA:BB:CC:00:48,46.9,79.1
SR-4054,EVT-14335,AA:BB:CC:00:53,43.8,91.6 C
SR-4055,EVT-13443,AA:BB:CC:00:34,44.8,86.5
SR-4056,EVT-10127,AA:BB:CC:00:86,48.2,86.4
SR-4057,EVT-12845,AA:BB:CC:00:86,43.1,84.2
SR-4058,EVT-12276,AA:BB:CC:00:07,44.8,87.9
SR-4059,EVT-11370,AA:BB:CC:00:39,45.4,89.8
SR-4060,EVT-13984,AA:BB:CC:00:37,44.3,82.0
SR-4061,EVT-14039,AA:BB:CC:00:63,44.3,91.0
SR-4062,EVT-10100,AA:BB:CC:00:55,50.3,75.0
SR-4063,EVT-13075,AA:BB:CC:00:15,45.5,80.5
SR-4064,EVT-14055,AA:BB:CC:00:83,46.2,78.6
SR-4065,EVT-14807,AA:BB:CC:00:74,48.1,82.3
SR-4066,EVT-14257,AA:BB:CC:00:62, 43.3 ,87.4
SR-4067,EVT-14488,AA:BB:CC:00:68,43.9,96.8
SR-4068,EVT-11104,AA:BB:CC:00:50,42.0,90.7
SR-4069,EVT-13991,AA:BB:CC:00:41,44.0,87.2
SR-4070,EVT-14844,AA:BB:CC:00:61,44.9,81.2
SR-4071,EVT-11749,AA:BB:CC:00:25,45.2,88.2
SR-4072,EVT-12128,AA:BB:CC:00:28,45.5,80.2
SR-4073,EVT-13806,AA:BB:CC:00:82,44.8,93.1
SR-4074,EVT-10200,AA:BB:CC:00:35,46.0,77.7
SR-4075,EVT-14046,AA:BB:CC:00:83,45.8,86.3
SR-4076,EVT-10702,AA:BB:CC:00:53,43.3,85.2
SR-4077,EVT-14777,AA:BB:CC:00:84,46.4,84.3
SR-4078,EVT-10882,AA:BB:CC:00:39,47.5,83.7
SR-4079,EVT-13782,AA:BB:CC:00:97,47.7,92.4
SR-4080,EVT-14333,AA:BB:CC:00:59,45.3,185 F
SR-4081,EVT-11268,AA:BB:CC:00:65,46.9,82.0
SR-4082,EVT-12497,AA:BB:CC:00:01,48.1,83.3
SR-4083,EVT-11327,AA:BB:CC:00:45,46.5,82.8
SR-4084,EVT-12464,AA:BB:CC:00:19,44.3,86.9
SR-4085,EVT-14352,AA:BB:CC:00:48,46.3,74.8
SR-4086,EVT-12102,AA:BB:CC:00:49,45.6,80.9
SR-4087,EVT-11161,AA:BB:CC:00:73,47.5,83.7
SR-4088,EVT-11630,AA:BB:CC:00:14,45.9,76.8
SR-4089,EVT-13196,AA:BB:CC:00:67,45.2,84.4
SR-4090,EVT-10023,AA:BB:CC:00:30,47.0,83.1
SR-4091,EVT-10091,AA:BB:CC:00:65,46.2,96.4
SR-4092,EVT-10495,AA:BB:CC:00:69,48.3,89.1
SR-4093,EVT-13435,AA:BB:CC:00:87,45.4,75.2
SR-4094,EVT-12610,AA:BB:CC:00:06,33.19 ft-lb,95.3
SR-4095,EVT-14013,AA:BB:CC:00:84,46.1,80.9
SR-4096,EVT-12759,AA:BB:CC:00:46,46.1,85.8
SR-4097,EVT-13730,AA:BB:CC:00:42,43.8,85.6
SR-4098,EVT-14474,AA:BB:CC:00:72,43.0,87.2
SR-4099,EVT-12766,AA:BB:CC:00:61,48.4,77.1
SR-4100,EVT-14528,AA:BB:CC:00:31,44.7,85.0
SR-4101,EVT-11115,AA:BB:CC:00:79,47.0,91.9
SR-4102,EVT-10310,AA:BB:CC:00:26,9000,78.5
SR-4103,EVT-12093,AA:BB:CC:00:58,44.7,87.3
SR-4104,EVT-14857,AA:BB:CC:00:33,47.2,87.2
SR-4105,EVT-14067,AA:BB:CC:00:52,46.9,85.1
SR-4106,EVT-12271,AA:BB:CC:00:32,45.9,79.3
SR-4107,EVT-14501,AA:BB:CC:00:54,43.9 Nm,90.0
SR-4108,EVT-12365,AA:BB:CC:00:01,45.6,90.4
SR-4109,EVT-11220,AA:BB:CC:00:05,44.3,80.9
SR-4110,EVT-11865,AA:BB:CC:00:22,45.2,84.6
SR-4111,EVT-14083,AA:BB:CC:00:95,44.3,94.0
SR-4112,EVT-10662,AA:BB:CC:00:05,39.0,88.5
SR-4113,EVT-11923,AA:BB:CC:00:08,42.5,85.3
SR-4114,EVT-13370,AA:BB:CC:00:70,46.4,81.0
SR-4115,EVT-11061,AA:BB:CC:00:63,45.0,85.9
SR-4116,EVT-13352,AA:BB:CC:00:10,33.19 ft-lb,78.5
SR-4117,EVT-11433,AA:BB:CC:00:62,42.9,89.2
SR-4118,EVT-14646,AA:BB:CC:00:40,47.6,87.8
SR-4119,EVT-12103,AA:BB:CC:00:47,46.1,79.9
SR-4120,EVT-14018,AA:BB:CC:00:80,41.8,78.7
SR-4121,EVT-12916,AA:BB:CC:00:56,45.6,83.1
SR-4122,EVT-14207,AA:BB:CC:00:28,46.1,91.9
SR-4123,EVT-13435,AA:BB:CC:00:56,44.9,88.3
SR-4124,EVT-14243,AA:BB:CC:00:01,48.8,85.3
SR-4125,EVT-11331,AA:BB:CC:00:52, 44.7 ,85.2
SR-4126,EVT-12593,AA:BB:CC:00:82, 41.8 ,87.7
SR-4127,EVT-11324,AA:BB:CC:00:62,46.0,78.4
SR-4128,EVT-14876,AA:BB:CC:00:42, 44.0 ,83.6
SR-4129,EVT-10058,AA:BB:CC:00:47,45.2,78.5
SR-4130,EVT-12552,AA:BB:CC:00:37,44.5,91.0
SR-4131,EVT-14550,AA:BB:CC:00:11,46.5,87.7 C
SR-4132,EVT-10377,AA:BB:CC:00:67,42.5,79.8
SR-4133,EVT-14652,AA:BB:CC:00:29,47.0,78.8
SR-4134,EVT-11229,AA:BB:CC:00:04,45.8,87.8
SR-4135,EVT-10752,AA:BB:CC:00:95,46.5,79.6
SR-4136,EVT-11433,AA:BB:CC:00:11,40.2,89.4
SR-4137,EVT-14975,AA:BB:CC:00:30,48.1,86.6
SR-4138,EVT-13195,AA:BB:CC:00:79,42.7,88.9
SR-4139,EVT-14411,AA:BB:CC:00:79,47.1,86.7
SR-4140,EVT-11536,AA:BB:CC:00:58,42.2,87.8
SR-4141,EVT-11722,AA:BB:CC:00:32,43.9,91.0
SR-4142,EVT-10605,AA:BB:CC:00:29,45.7,83.0
SR-4143,EVT-14136,AA:BB:CC:00:43,44.2,92.6
SR-4144,EVT-13588,AA:BB:CC:00:92,44.8,89.8
SR-4145,EVT-14439,AA:BB:CC:00:85,41.8,76.2
SR-4146,EVT-14773,AA:BB:CC:00:39,47.2,84.3
SR-4147,EVT-13777,AA:BB:CC:00:11,45.1,85.8
SR-4148,EVT-10658,AA:BB:CC:00:96,48.1,83.7
SR-4149,EVT-12725,AA:BB:CC:00:27,47.7,91.0
SR-4150,EVT-11460,AA:BB:CC:00:24,43.3,84.5
SR-4151,EVT-11357,AA:BB:CC:00:37,45.2,88.3
SR-4152,EVT-10859,AA:BB:CC:00:65,46.0,84.5
SR-4153,EVT-12721,AA:BB:CC:00:32,45.3,80.0
SR-4154,EVT-14995,AA:BB:CC:00:53,44.0,75.0
SR-4155,EVT-13132,AA:BB:CC:00:01,45.0,78.5
SR-4156,EVT-11880,AA:BB:CC:00:56,43.1,90.6
SR-4157,EVT-13572,AA:BB:CC:00:34,46.2,81.0
SR-4158,EVT-12294,AA:BB:CC:00:82,46.0,81.2
SR-4159,EVT-13013,AA:BB:CC:00:29,42.3,78.8
SR-4160,EVT-10731,AA:BB:CC:00:06,49.9,84.0
SR-4161,EVT-12405,AA:BB:CC:00:57,45.5,83.6
SR-4162,EVT-10392,AA:BB:CC:00:95,43.8,86.3
SR-4163,EVT-10691,AA:BB:CC:00:14,43.7,87.9
SR-4164,EVT-12385,AA:BB:CC:00:75,47.9,81.1
SR-4165,EVT-14086,AA:BB:CC:00:69,41.7,77.4
SR-4166,EVT-12901,AA:BB:CC:00:62,45.5,83.5
SR-4167,EVT-13232,AA:BB:CC:00:86,47.9,85.1
SR-4168,EVT-10611,AA:BB:CC:00:51,41.6,88.7
SR-4169,EVT-11442,AA:BB:CC:00:13,43.4,81.9
SR-4170,EVT-14686,AA:BB:CC:00:76,45.0,88.4 C
SR-4171,EVT-13168,AA:BB:CC:00:04,45.5,88.4
SR-4172,EVT-12913,AA:BB:CC:00:38,46.5,78.8
SR-4173,EVT-14261,AA:BB:CC:00:04,43.8,72.2
SR-4174,EVT-14032,AA:BB:CC:00:30,44.9,81.5
SR-4175,EVT-11589,AA:BB:CC:00:54,49.5,81.9
SR-4176,EVT-10158,AA:BB:CC:00:65,46.0,81.7
SR-4177,EVT-11072,AA:BB:CC:00:61,41.6,91.9
SR-4178,EVT-12709,AA:BB:CC:00:49,43.7,77.9
SR-4179,EVT-14319,AA:BB:CC:00:31,40.7,84.4
SR-4180,EVT-12240,AA:BB:CC:00:42,45.6,82.6
SR-4181,EVT-10104,AA:BB:CC:00:50,43.2,82.5
SR-4182,EVT-10961,AA:BB:CC:00:23,42.4,92.7
SR-4183,EVT-10280,AA:BB:CC:00:78,42.3,80.7
SR-4184,EVT-14116,AA:BB:CC:00:99,48.5,86.0
SR-4185,EVT-13556,AA:BB:CC:00:81,45.9,79.9
SR-4186,EVT-12688,AA:BB:CC:00:60,42.7,87.3
SR-4187,EVT-11439,AA:BB:CC:00:32,44.1,91.1
SR-4188,EVT-13656,AA:BB:CC:00:56,45.9,85.4
SR-4189,EVT-10173,AA:BB:CC:00:56,44.0,83.6
SR-4190,EVT-14848,AA:BB:CC:00:100,45.9,78.9
SR-4191,EVT-14356,AA:BB:CC:00:87,44.9,85.0
SR-4192,EVT-10167,AA:BB:CC:00:34,46.2,87.2
SR-4193,EVT-13216,AA:BB:CC:00:41, 45.3 ,81.9
SR-4194,EVT-10564,AA:BB:CC:00:39,44.2,85.9
SR-4195,EVT-14316,AA:BB:CC:00:86,33.19 ft-lb,94.1
SR-4196,EVT-12667,AA:BB:CC:00:42,43.5,84.6
SR-4197,EVT-11362,AA:BB:CC:00:66,44.4,88.9
SR-4198,EVT-10871,AA:BB:CC:00:20,45.3,76.0
SR-4199,EVT-14892,AA:BB:CC:00:14,44.4,79.2
SR-4200,EVT-13659,AA:BB:CC:00:38,46.9,86.3
SR-4201,EVT-11130,AA:BB:CC:00:37, 47.3 ,86.5
SR-4202,EVT-14650,AA:BB:CC:00:37,42.4,93.1 C
SR-4203,EVT-13806,AA:BB:CC:00:12,46.0,82.4
SR-4204,EVT-13965,AA:BB:CC:00:92,46.2,185 F
SR-4205,EVT-14323,AA:BB:CC:00:56,48.9,84.2
SR-4206,EVT-11119,AA:BB:CC:00:08,49.4,87.1
SR-4207,EVT-10497,AA:BB:CC:00:93,45.4,85.9
SR-4208,EVT-11024,AA:BB:CC:00:21,45.1,84.1
SR-4209,EVT-12226,AA:BB:CC:00:39,44.9,85.7
SR-4210,EVT-12208,AA:BB:CC:00:48,44.0,82.9
SR-4211,EVT-11961,AA:BB:CC:00:18,46.0,83.8
SR-4212,EVT-10309,AA:BB:CC:00:63,42.4,96.7
SR-4213,EVT-12092,AA:BB:CC:00:83,46.4,76.8
SR-4214,EVT-11690,AA:BB:CC:00:74,45.3,87.8
SR-4215,EVT-13099,AA:BB:CC:00:09,47.4,84.4
SR-4216,EVT-10211,AA:BB:CC:00:87,43.7,86.2
SR-4217,EVT-11881,AA:BB:CC:00:30,44.1,83.1
SR-4218,EVT-13076,AA:BB:CC:00:86,48.4,93.9
SR-4219,EVT-11546,AA:BB:CC:00:59,40.0,74.5
SR-4220,EVT-12388,AA:BB:CC:00:55,48.5,87.0
SR-4221,EVT-10199,AA:BB:CC:00:93,41.5,76.4
SR-4222,EVT-12713,AA:BB:CC:00:70,47.7,79.2
SR-4223,EVT-13259,AA:BB:CC:00:50,44.6,94.9
SR-4224,EVT-14397,AA:BB:CC:00:61,44.3,93.1
SR-4225,EVT-14235,AA:BB:CC:00:35,47.8,84.1
SR-4226,EVT-14842,AA:BB:CC:00:14,46.3,81.6
SR-4227,EVT-14108,AA:BB:CC:00:69,49.3,84.4
SR-4228,EVT-10371,AA:BB:CC:00:46,51.3,89.0
SR-4229,EVT-13420,AA:BB:CC:00:82,43.1,82.0
SR-4230,EVT-11012,AA:BB:CC:00:35,45.8,84.0
SR-4231,EVT-12149,AA:BB:CC:00:94,45.0,86.7
SR-4232,EVT-11416,AA:BB:CC:00:71,45.0,91.0
SR-4233,EVT-11667,AA:BB:CC:00:98,43.5 Nm,83.5
SR-4234,EVT-14969,AA:BB:CC:00:42,40.7,79.0
SR-4235,EVT-13450,AA:BB:CC:00:53,44.6,80.4
SR-4236,EVT-11078,AA:BB:CC:00:19,46.0,89.5
SR-4237,EVT-11336,AA:BB:CC:00:45,43.7,99.8
SR-4238,EVT-13256,AA:BB:CC:00:54,47.7,80.4
SR-4239,EVT-12470,AA:BB:CC:00:64,47.6,87.9
SR-4240,EVT-14763,AA:BB:CC:00:75,44.6,93.4
SR-4241,EVT-14761,AA:BB:CC:00:41,43.9,78.6
SR-4242,EVT-10504,AA:BB:CC:00:17,48.3,84.1
SR-4243,EVT-11636,AA:BB:CC:00:11,45.8,80.4
SR-4244,EVT-14449,AA:BB:CC:00:92, 43.2 ,77.3
SR-4245,EVT-13144,AA:BB:CC:00:03,45.1,86.2
SR-4246,EVT-14078,AA:BB:CC:00:10,47.0,88.2
SR-4247,EVT-14268,AA:BB:CC:00:24,47.4,88.7
SR-4248,EVT-11375,AA:BB:CC:00:97,45.4,100.3
SR-4249,EVT-11169,AA:BB:CC:00:56,45.1,79.0
SR-4250,EVT-10994,AA:BB:CC:00:26,46.3,88.4
SR-4251,EVT-10387,AA:BB:CC:00:69,44.0,93.6
SR-4252,EVT-14129,AA:BB:CC:00:24,49.4,75.4
SR-4253,EVT-10303,AA:BB:CC:00:44,43.9,82.5
SR-4254,EVT-10082,AA:BB:CC:00:26,44.8,84.3
SR-4255,EVT-10483,AA:BB:CC:00:71,44.4,79.6
SR-4256,EVT-13368,AA:BB:CC:00:76,46.9,83.9
SR-4257,EVT-11429,AA:BB:CC:00:57,50.6,85.1
SR-4258,EVT-10366,AA:BB:CC:00:36,47.8,92.5
SR-4259,EVT-12367,AA:BB:CC:00:17,44.2,84.5
SR-4260,EVT-12096,AA:BB:CC:00:80,45.9,86.7
SR-4261,EVT-12318,AA:BB:CC:00:95,46.2,80.3
SR-4262,EVT-13715,AA:BB:CC:00:18,44.9,76.8
SR-4263,EVT-13719,AA:BB:CC:00:96,43.5,88.7
SR-4264,EVT-10478,AA:BB:CC:00:66,48.1,89.9
SR-4265,EVT-11922,AA:BB:CC:00:10,47.4,88.8
SR-4266,EVT-12790,AA:BB:CC:00:61,48.6,84.1
SR-4267,EVT-11926,AA:BB:CC:00:39,48.6,95.8
SR-4268,EVT-10211,AA:BB:CC:00:14,49.7,88.6
SR-4269,EVT-10008,AA:BB:CC:00:47,46.2,88.1
SR-4270,EVT-13593,AA:BB:CC:00:10,45.7,89.7
SR-4271,EVT-12127,AA:BB:CC:00:55,45.7,84.6
SR-4272,EVT-10111,AA:BB:CC:00:92,44.9,79.1
SR-4273,EVT-13865,AA:BB:CC:00:24,48.3,82.2
SR-4274,EVT-10277,AA:BB:CC:00:40,33.19 ft-lb,85.6
SR-4275,EVT-12559,AA:BB:CC:00:63,46.8,88.9
SR-4276,EVT-11593,AA:BB:CC:00:34,43.3,81.5
SR-4277,EVT-11851,AA:BB:CC:00:49,41.9,89.9
SR-4278,EVT-10166,AA:BB:CC:00:63,42.1,90.3
SR-4279,EVT-14994,AA:BB:CC:00:09,47.2,79.8
SR-4280,EVT-11431,AA:BB:CC:00:47,41.6,90.3
SR-4281,EVT-11462,AA:BB:CC:00:93,43.6,78.9
SR-4282,EVT-10513,AA:BB:CC:00:45,43.8,83.3
SR-4283,EVT-13779,AA:BB:CC:00:36,41.6,82.1
SR-4284,EVT-10406,AA:BB:CC:00:09,42.4,84.8
SR-4285,EVT-13130,AA:BB:CC:00:11,45.5,84.8
SR-4286,EVT-12616,AA:BB:CC:00:85,45.4,79.3
SR-4287,EVT-10982,AA:BB:CC:00:77,46.0,93.0
SR-4288,EVT-10711,AA:BB:CC:00:24,48.0,83.0
SR-4289,EVT-14296,AA:BB:CC:00:01,42.0,70.7
SR-4290,EVT-13658,AA:BB:CC:00:99,49.8,88.9
SR-4291,EVT-12284,AA:BB:CC:00:99,43.7,82.9
SR-4292,EVT-12526,AA:BB:CC:00:61,44.9,81.4
SR-4293,EVT-11536,AA:BB:CC:00:85,44.1,82.5
SR-4294,EVT-11890,AA:BB:CC:00:69,44.2,85.5
SR-4295,EVT-10957,AA:BB:CC:00:21,41.3,80.6
SR-4296,EVT-13982,AA:BB:CC:00:04,44.5,82.9
SR-4297,EVT-14614,AA:BB:CC:00:97,45.6,84.3
SR-4298,EVT-12459,AA:BB:CC:00:100,44.8,81.2
SR-4299,EVT-10751,AA:BB:CC:00:58,43.9,88.3
SR-4300,EVT-13927,AA:BB:CC:00:72,45.8,76.2
SR-4301,EVT-14067,AA:BB:CC:00:93,44.5,84.6
SR-4302,EVT-13621,AA:BB:CC:00:07,47.7,82.5
SR-4303,EVT-14797,AA:BB:CC:00:01,45.9,87.4
SR-4304,EVT-13842,AA:BB:CC:00:69,46.2,84.1
SR-4305,EVT-10011,AA:BB:CC:00:77,48.6,89.9
SR-4306,EVT-13830,AA:BB:CC:00:64,45.3,89.4
SR-4307,EVT-14267,AA:BB:CC:00:90,45.1,86.3
SR-4308,EVT-13598,AA:BB:CC:00:76,46.4,78.9
SR-4309,EVT-13445,AA:BB:CC:00:08,45.4,85.5
SR-4310,EVT-14406,AA:BB:CC:00:60,42.7,77.2
SR-4311,EVT-11118,AA:BB:CC:00:34,44.9,83.6
SR-4312,EVT-12004,AA:BB:CC:00:86,43.8,91.5
SR-4313,EVT-10337,AA:BB:CC:00:09,46.3,81.3
SR-4314,EVT-14015,AA:BB:CC:00:73,42.6,79.8
SR-4315,EVT-11797,AA:BB:CC:00:45,45.7,91.9
SR-4316,EVT-10063,AA:BB:CC:00:82,40.0,84.8
SR-4317,EVT-10720,AA:BB:CC:00:17,44.8,87.2
SR-4318,EVT-12058,AA:BB:CC:00:07,46.9,85.6
SR-4319,EVT-14886,AA:BB:CC:00:51,44.3,91.4
SR-4320,EVT-11336,AA:BB:CC:00:98,33.19 ft-lb,89.9
SR-4321,EVT-13653,AA:BB:CC:00:16,45.0,91.8
SR-4322,EVT-12417,AA:BB:CC:00:57,47.9,86.3
SR-4323,EVT-10079,AA:BB:CC:00:92,50.2,89.6
SR-4324,EVT-14060,AA:BB:CC:00:25,48.6,81.0
SR-4325,EVT-11052,AA:BB:CC:00:22,44.8,86.4
SR-4326,EVT-13067,AA:BB:CC:00:55,45.1,76.9
SR-4327,EVT-13753,AA:BB:CC:00:34,43.2,86.7
SR-4328,EVT-11691,AA:BB:CC:00:15,47.4,81.5
SR-4329,EVT-12321,AA:BB:CC:00:16,47.9,87.2
SR-4330,EVT-12991,AA:BB:CC:00:16,43.8,88.2
SR-4331,EVT-12288,AA:BB:CC:00:38,45.8,79.0
SR-4332,EVT-13401,AA:BB:CC:00:86,43.1,84.3
SR-4333,EVT-10664,AA:BB:CC:00:93,41.3,81.9
SR-4334,EVT-11518,AA:BB:CC:00:32,48.2,93.3
SR-4335,EVT-12390,AA:BB:CC:00:43,42.1,79.1
SR-4336,EVT-12225,AA:BB:CC:00:88,47.6,82.9
SR-4337,EVT-11993,AA:BB:CC:00:50,44.2,72.7
SR-4338,EVT-10260,AA:BB:CC:00:87,44.5,82.8
SR-4339,EVT-11285,AA:BB:CC:00:57,46.0,85.4
SR-4340,EVT-10386,AA:BB:CC:00:38,45.2,73.5
SR-4341,EVT-10300,AA:BB:CC:00:23,46.3,82.8
SR-4342,EVT-11253,AA:BB:CC:00:89,42.6,93.0
SR-4343,EVT-12634,AA:BB:CC:00:90,44.9,83.8
SR-4344,EVT-11135,AA:BB:CC:00:36,45.3,82.9
SR-4345,EVT-12793,AA:BB:CC:00:50,44.7,83.7
SR-4346,EVT-10407,AA:BB:CC:00:98,44.2,83.5
SR-4347,EVT-13437,AA:BB:CC:00:13,47.4,84.6
SR-4348,EVT-12607,AA:BB:CC:00:97,45.6,85.5
SR-4349,EVT-10409,AA:BB:CC:00:04,43.8,80.3
SR-4350,EVT-10176,AA:BB:CC:00:36,43.5,90.4
SR-4351,EVT-11751,AA:BB:CC:00:63,40.7,86.2
SR-4352,EVT-13510,AA:BB:CC:00:84,44.4,89.0
SR-4353,EVT-14995,AA:BB:CC:00:93,45.1,86.5
SR-4354,EVT-10048,AA:BB:CC:00:79,41.6,95.1
SR-4355,EVT-11993,AA:BB:CC:00:54,45.7,87.6
SR-4356,EVT-13868,AA:BB:CC:00:79,43.6,83.6
SR-4357,EVT-10281,AA:BB:CC:00:77,43.0,85.3
SR-4358,EVT-13538,AA:BB:CC:00:60,43.5,84.8
SR-4359,EVT-10468,AA:BB:CC:00:14, 44.2 ,82.5
SR-4360,EVT-11234,AA:BB:CC:00:60,41.2,84.3
SR-4361,EVT-13388,AA:BB:CC:00:60,45.7,77.2
SR-4362,EVT-14391,AA:BB:CC:00:22,46.4,91.7
SR-4363,EVT-12769,AA:BB:CC:00:65,46.1,95.3
SR-4364,EVT-14749,AA:BB:CC:00:65,43.0,82.0
SR-4365,EVT-12897,AA:BB:CC:00:31,44.1,85.1
SR-4366,EVT-13931,AA:BB:CC:00:97,43.2,82.4
SR-4367,EVT-10846,AA:BB:CC:00:65,49.3,82.6
SR-4368,EVT-10239,AA:BB:CC:00:88,43.8,86.2
SR-4369,EVT-11904,AA:BB:CC:00:22,50.0,93.7
SR-4370,EVT-14994,AA:BB:CC:00:87,43.2,85.3
SR-4371,EVT-12902,AA:BB:CC:00:66,45.3,80.6
SR-4372,EVT-11772,AA:BB:CC:00:86,45.1 Nm,82.0
SR-4373,EVT-12699,AA:BB:CC:00:73,45.0,90.5
SR-4374,EVT-11119,AA:BB:CC:00:04,46.8,88.4
SR-4375,EVT-13058,AA:BB:CC:00:89,44.2,77.8
SR-4376,EVT-10181,AA:BB:CC:00:79,48.2,82.3
SR-4377,EVT-12907,AA:BB:CC:00:88,43.7,85.3
SR-4378,EVT-14288,AA:BB:CC:00:07,43.4,88.5
SR-4379,EVT-13209,AA:BB:CC:00:72,43.0,93.8
SR-4380,EVT-11611,AA:BB:CC:00:27,43.1,84.6
SR-4381,EVT-10492,AA:BB:CC:00:91,46.7,83.4
SR-4382,EVT-12915,AA:BB:CC:00:45,45.5,88.2
SR-4383,EVT-13316,AA:BB:CC:00:99,46.5,85.2
SR-4384,EVT-12912,AA:BB:CC:00:61,41.7,85.5
SR-4385,EVT-13219,AA:BB:CC:00:94,46.5,87.9
SR-4386,EVT-11325,AA:BB:CC:00:39,48.9,87.3
SR-4387,EVT-10845,AA:BB:CC:00:93,44.9,82.1
SR-4388,EVT-13593,AA:BB:CC:00:05,43.2,87.7
SR-4389,EVT-10120,AA:BB:CC:00:82,43.7,78.5
SR-4390,EVT-14031,AA:BB:CC:00:79,43.1,88.0
SR-4391,EVT-14006,AA:BB:CC:00:90,33.19 ft-lb,85.7
SR-4392,EVT-10730,AA:BB:CC:00:55,48.1,78.2
SR-4393,EVT-11853,AA:BB:CC:00:02,50.1,88.8
SR-4394,EVT-14174,AA:BB:CC:00:95,44.5,81.8
SR-4395,EVT-10978,AA:BB:CC:00:25,44.8,91.8
SR-4396,EVT-14235,AA:BB:CC:00:89,44.5,86.0
SR-4397,EVT-14916,AA:BB:CC:00:32,41.8,82.2
SR-4398,EVT-10739,AA:BB:CC:00:58,44.0,83.9
SR-4399,EVT-14384,AA:BB:CC:00:22,44.7,83.2
SR-4400,EVT-10871,AA:BB:CC:00:52,40.3,81.0
SR-4401,EVT-11997,AA:BB:CC:00:74,41.7,185 F
SR-4402,EVT-12147,AA:BB:CC:00:61,46.4,79.2
SR-4403,EVT-13672,AA:BB:CC:00:100,46.6,83.0
SR-4404,EVT-13242,AA:BB:CC:00:76,45.9,86.9
SR-4405,EVT-10371,AA:BB:CC:00:21,44.2 Nm,86.3
SR-4406,EVT-11852,AA:BB:CC:00:62,43.6,85.0
SR-4407,EVT-10543,AA:BB:CC:00:15,43.5,78.5
SR-4408,EVT-14820,AA:BB:CC:00:11,44.4,87.8
SR-4409,EVT-10496,AA:BB:CC:00:46,42.4,78.5
SR-4410,EVT-12077,AA:BB:CC:00:71,46.0,90.6
SR-4411,EVT-11160,AA:BB:CC:00:88,46.8,95.6
SR-4412,EVT-12363,AA:BB:CC:00:30,47.5,91.8
SR-4413,EVT-10459,AA:BB:CC:00:14,48.0,83.5
SR-4414,EVT-11431,AA:BB:CC:00:40,39.2,79.3
SR-4415,EVT-11333,AA:BB:CC:00:70,47.6,90.4
SR-4416,EVT-10178,AA:BB:CC:00:50,45.6,85.8
SR-4417,EVT-14373,AA:BB:CC:00:46,43.0,88.0
SR-4418,EVT-11316,AA:BB:CC:00:72,43.7,90.2
SR-4419,EVT-13816,AA:BB:CC:00:36,44.2,81.4
SR-4420,EVT-14402,AA:BB:CC:00:56,42.8,88.2
SR-4421,EVT-10372,AA:BB:CC:00:12,44.3,79.2
SR-4422,EVT-10725,AA:BB:CC:00:69,44.2,77.8
SR-4423,EVT-10433,AA:BB:CC:00:77,41.9,95.0
SR-4424,EVT-11743,AA:BB:CC:00:19,45.6,80.3
SR-4425,EVT-11393,AA:BB:CC:00:22,33.19 ft-lb,79.7
SR-4426,EVT-11814,AA:BB:CC:00:12,44.5,72.9
SR-4427,EVT-14090,AA:BB:CC:00:32,45.3,91.3
SR-4428,EVT-12741,AA:BB:CC:00:38,44.0,86.9
SR-4429,EVT-13251,AA:BB:CC:00:61,46.1,95.5
SR-4430,EVT-10021,AA:BB:CC:00:38,46.8,80.9
SR-4431,EVT-10514,AA:BB:CC:00:81,44.3,85.5
SR-4432,EVT-12798,AA:BB:CC:00:90,44.4,85.0
SR-4433,EVT-13069,AA:BB:CC:00:80,46.6,85.3
SR-4434,EVT-12880,AA:BB:CC:00:12,44.7,88.4
SR-4435,EVT-14778,AA:BB:CC:00:46,41.0,86.5
SR-4436,EVT-10993,AA:BB:CC:00:80,44.6,86.3
SR-4437,EVT-11372,AA:BB:CC:00:69,44.9,86.3
SR-4438,EVT-11588,AA:BB:CC:00:72,43.6,86.5
SR-4439,EVT-14768,AA:BB:CC:00:71,44.9,77.6
SR-4440,EVT-10223,AA:BB:CC:00:91,47.2,86.8
SR-4441,EVT-14632,AA:BB:CC:00:26,33.19 ft-lb,92.2
SR-4442,EVT-14398,AA:BB:CC:00:77,43.8,85.0
SR-4443,EVT-12681,AA:BB:CC:00:99,45.5,86.4
SR-4444,EVT-11379,AA:BB:CC:00:46,45.2,84.9
SR-4445,EVT-14673,AA:BB:CC:00:17,44.5,86.0 C
SR-4446,EVT-12062,AA:BB:CC:00:07,43.2,84.4
SR-4447,EVT-12565,AA:BB:CC:00:73,43.7,89.6
SR-4448,EVT-12300,AA:BB:CC:00:74,49.8,82.6
SR-4449,EVT-11108,AA:BB:CC:00:64,42.6,91.1
SR-4450,EVT-13625,AA:BB:CC:00:42,43.7,83.8
SR-4451,EVT-12777,AA:BB:CC:00:53,9000,89.2
SR-4452,EVT-12210,AA:BB:CC:00:14,50.9,85.9
SR-4453,EVT-11105,AA:BB:CC:00:37,45.0,88.8
SR-4454,EVT-14869,AA:BB:CC:00:13,45.5,84.8
SR-4455,EVT-14685,AA:BB:CC:00:72,42.6,86.2
SR-4456,EVT-12449,AA:BB:CC:00:52,42.9,185 F
SR-4457,EVT-10147,AA:BB:CC:00:74,45.2,81.5
SR-4458,EVT-13508,AA:BB:CC:00:33,46.3,81.4
SR-4459,EVT-13692,AA:BB:CC:00:20,43.8,85.6
SR-4460,EVT-13226,AA:BB:CC:00:68,43.5,83.9
SR-4461,EVT-12176,AA:BB:CC:00:01,42.0,78.1
SR-4462,EVT-12166,AA:BB:CC:00:83,46.9,91.0
SR-4463,EVT-11293,AA:BB:CC:00:88,45.8,81.2
SR-4464,EVT-10415,AA:BB:CC:00:61,47.0,89.3
SR-4465,EVT-13081,AA:BB:CC:00:54,45.1,85.9
SR-4466,EVT-12889,AA:BB:CC:00:75,46.6,185 F
SR-4467,EVT-11600,AA:BB:CC:00:86,44.2,82.2
SR-4468,EVT-14273,AA:BB:CC:00:37,43.8,75.2
SR-4469,EVT-11200,AA:BB:CC:00:67,44.2,82.1
SR-4470,EVT-11874,AA:BB:CC:00:81,44.0,84.8
SR-4471,EVT-14672,AA:BB:CC:00:40,46.1,82.2
SR-4472,EVT-13097,AA:BB:CC:00:20,41.9,85.2
SR-4473,EVT-13268,AA:BB:CC:00:35,44.9,87.9
SR-4474,EVT-11433,AA:BB:CC:00:40,41.6,80.8
SR-4475,EVT-14837,AA:BB:CC:00:79,47.4,85.3
SR-4476,EVT-13549,AA:BB:CC:00:75,46.2,87.3
SR-4477,EVT-11776,AA:BB:CC:00:13,43.4,91.6
SR-4478,EVT-13875,AA:BB:CC:00:90,45.6,76.9
SR-4479,EVT-12985,AA:BB:CC:00:23,45.8,84.6
SR-4480,EVT-13894,AA:BB:CC:00:13,42.0,79.1 C
SR-4481,EVT-12311,AA:BB:CC:00:48,45.3,90.4
SR-4482,EVT-11724,AA:BB:CC:00:50,46.1,91.6
SR-4483,EVT-12074,AA:BB:CC:00:80,45.7,83.7
SR-4484,EVT-11274,AA:BB:CC:00:78,46.6,87.5
SR-4485,EVT-10507,AA:BB:CC:00:52,43.4,84.1
SR-4486,EVT-10702,AA:BB:CC:00:98,46.4,185 F
SR-4487,EVT-13487,AA:BB:CC:00:93,47.8,85.1
SR-4488,EVT-10827,AA:BB:CC:00:92,44.9,85.2
SR-4489,EVT-13491,AA:BB:CC:00:27,44.6,88.3
SR-4490,EVT-10823,AA:BB:CC:00:38,45.1,89.9
SR-4491,EVT-11693,AA:BB:CC:00:77,42.9,91.3
SR-4492,EVT-10892,AA:BB:CC:00:67,46.1,85.9
SR-4493,EVT-13150,AA:BB:CC:00:69,44.2,85.2
SR-4494,EVT-14884,AA:BB:CC:00:59,45.9,89.9
SR-4495,EVT-13127,AA:BB:CC:00:80,47.1,82.9
SR-4496,EVT-11959,AA:BB:CC:00:31,44.9,91.1
SR-4497,EVT-12908,AA:BB:CC:00:86,46.4,83.9
SR-4498,EVT-14297,AA:BB:CC:00:03,42.6,77.2
SR-4499,EVT-14318,AA:BB:CC:00:69,44.6,82.0
SR-4500,EVT-11152,AA:BB:CC:00:67,46.0,77.9
SR-4501,EVT-11464,AA:BB:CC:00:79,42.6,79.7
SR-4502,EVT-14565,AA:BB:CC:00:98,47.9,87.3
SR-4503,EVT-12208,AA:BB:CC:00:15,46.6,87.7
SR-4504,EVT-11472,AA:BB:CC:00:27,43.8,86.5
SR-4505,EVT-14610,AA:BB:CC:00:77,45.0,86.5
SR-4506,EVT-13460,AA:BB:CC:00:98,45.0,84.6
SR-4507,EVT-10881,AA:BB:CC:00:18,44.2,88.5
SR-4508,EVT-12571,AA:BB:CC:00:10,41.6,93.8
SR-4509,EVT-13360,AA:BB:CC:00:32,43.8,89.1
SR-4510,EVT-13560,AA:BB:CC:00:68,46.4,84.1
SR-4511,EVT-11050,AA:BB:CC:00:66,45.2,88.1
SR-4512,EVT-10368,AA:BB:CC:00:30,46.8,89.1
SR-4513,EVT-11916,AA:BB:CC:00:52,43.0,80.0
SR-4514,EVT-14810,AA:BB:CC:00:95,46.7,80.9
SR-4515,EVT-13325,AA:BB:CC:00:57,46.3,84.6
SR-4516,EVT-14810,AA:BB:CC:00:46,43.7,83.1
SR-4517,EVT-14771,AA:BB:CC:00:03,45.3,86.2
SR-4518,EVT-13432,AA:BB:CC:00:63,43.7,86.8
SR-4519,EVT-12367,AA:BB:CC:00:44,33.19 ft-lb,92.6
SR-4520,EVT-11457,AA:BB:CC:00:69,48.3,87.7
SR-4521,EVT-12681,AA:BB:CC:00:98,45.4,95.2
SR-4522,EVT-13762,AA:BB:CC:00:78,43.3,83.1 C
SR-4523,EVT-13089,AA:BB:CC:00:55,44.4,79.2
SR-4524,EVT-11210,AA:BB:CC:00:58,49.8,86.2
SR-4525,EVT-11726,AA:BB:CC:00:62,9000,83.7
SR-4526,EVT-13321,AA:BB:CC:00:07,43.6,86.1
SR-4527,EVT-11220,AA:BB:CC:00:79,45.3,88.3
SR-4528,EVT-14036,AA:BB:CC:00:19,47.9,78.8
SR-4529,EVT-13990,AA:BB:CC:00:19,42.2,86.0
SR-4530,EVT-10188,AA:BB:CC:00:81,43.2,91.0
SR-4531,EVT-10846,AA:BB:CC:00:48,41.2,80.1
SR-4532,EVT-14568,AA:BB:CC:00:77,44.2,80.0
SR-4533,EVT-10272,AA:BB:CC:00:57,42.8,86.1
SR-4534,EVT-10948,AA:BB:CC:00:21,47.1,78.1
SR-4535,EVT-10269,AA:BB:CC:00:01,42.0,86.0
SR-4536,EVT-14662,AA:BB:CC:00:82,47.8,84.1
SR-4537,EVT-11306,AA:BB:CC:00:24,47.7,91.1
SR-4538,EVT-12722,AA:BB:CC:00:30,9000,89.1
SR-4539,EVT-10858,AA:BB:CC:00:62,40.0,87.4
SR-4540,EVT-11780,AA:BB:CC:00:71,46.0,87.5
SR-4541,EVT-12875,AA:BB:CC:00:27,9000,78.6
SR-4542,EVT-14893,AA:BB:CC:00:52,42.4,85.6
SR-4543,EVT-13161,AA:BB:CC:00:27, 43.6 ,87.6
SR-4544,EVT-14454,AA:BB:CC:00:67,45.4,82.8
SR-4545,EVT-10379,AA:BB:CC:00:80,43.9,78.3
SR-4546,EVT-12214,AA:BB:CC:00:04,48.9,84.2
SR-4547,EVT-14711,AA:BB:CC:00:45,44.9,87.4
SR-4548,EVT-10569,AA:BB:CC:00:57,45.9,86.5
SR-4549,EVT-13904,AA:BB:CC:00:01,46.8,87.8
SR-4550,EVT-10125,AA:BB:CC:00:97,33.19 ft-lb,86.2
SR-4551,EVT-10344,AA:BB:CC:00:44,45.6,82.3
SR-4552,EVT-14764,AA:BB:CC:00:90,43.9,76.4
SR-4553,EVT-14025,AA:BB:CC:00:67,43.6,93.3
SR-4554,EVT-10766,AA:BB:CC:00:04,44.1,80.6
SR-4555,EVT-13497,AA:BB:CC:00:33,44.8,81.9
SR-4556,EVT-14635,AA:BB:CC:00:50,43.7,87.3
SR-4557,EVT-12258,AA:BB:CC:00:05,45.0,87.6
SR-4558,EVT-13048,AA:BB:CC:00:93,42.8,96.8
SR-4559,EVT-12313,AA:BB:CC:00:52,47.0,88.1
SR-4560,EVT-12301,AA:BB:CC:00:11,44.5,89.1
SR-4561,EVT-10029,AA:BB:CC:00:03,46.8,76.8
SR-4562,EVT-13376,AA:BB:CC:00:18,47.7,85.0
SR-4563,EVT-13524,AA:BB:CC:00:30,48.5,89.2
SR-4564,EVT-11819,AA:BB:CC:00:81,44.9,79.2
SR-4565,EVT-14883,AA:BB:CC:00:46,9000,80.2
SR-4566,EVT-12015,AA:BB:CC:00:94,45.8,85.3
SR-4567,EVT-12746,AA:BB:CC:00:94,45.1,79.8
SR-4568,EVT-11931,AA:BB:CC:00:97,44.7,84.8
SR-4569,EVT-14125,AA:BB:CC:00:17,45.8,83.5
SR-4570,EVT-14256,AA:BB:CC:00:39,46.4,82.6
SR-4571,EVT-13721,AA:BB:CC:00:80,45.2,91.9
SR-4572,EVT-11446,AA:BB:CC:00:33,44.5,85.7
SR-4573,EVT-13915,AA:BB:CC:00:66,46.7,85.8
SR-4574,EVT-11211,AA:BB:CC:00:66,47.4,87.0
SR-4575,EVT-13012,AA:BB:CC:00:88,48.3,88.7
SR-4576,EVT-13620,AA:BB:CC:00:05,46.5,82.9
SR-4577,EVT-11534,AA:BB:CC:00:36,43.6,79.0
SR-4578,EVT-13277,AA:BB:CC:00:03,50.2,75.8
SR-4579,EVT-13442,AA:BB:CC:00:32,43.4,85.6
SR-4580,EVT-12521,AA:BB:CC:00:14,45.1,90.4
SR-4581,EVT-11905,AA:BB:CC:00:38,48.7,79.5
SR-4582,EVT-13550,AA:BB:CC:00:05,45.5,83.5
SR-4583,EVT-14604,AA:BB:CC:00:46,50.9,93.3
SR-4584,EVT-14152,AA:BB:CC:00:90,44.4,82.7
SR-4585,EVT-11090,AA:BB:CC:00:56,43.9,90.1
SR-4586,EVT-10027,AA:BB:CC:00:81,45.8,88.5
SR-4587,EVT-13178,AA:BB:CC:00:60, 43.6 ,81.5
SR-4588,EVT-13747,AA:BB:CC:00:83,47.7,91.5
SR-4589,EVT-14754,AA:BB:CC:00:75,43.7,83.7
SR-4590,EVT-12942,AA:BB:CC:00:07,46.3,89.9
SR-4591,EVT-10690,AA:BB:CC:00:13,46.2,87.2
SR-4592,EVT-12502,AA:BB:CC:00:25,46.2,89.9 C
SR-4593,EVT-12392,AA:BB:CC:00:12,47.1,84.2
SR-4594,EVT-14685,AA:BB:CC:00:31,43.7,78.7
SR-4595,EVT-11758,AA:BB:CC:00:92,45.4,84.1
SR-4596,EVT-14056,AA:BB:CC:00:15,44.5,82.5
SR-4597,EVT-12762,AA:BB:CC:00:97,47.8,87.8
SR-4598,EVT-12950,AA:BB:CC:00:11,45.9,82.5
SR-4599,EVT-11386,AA:BB:CC:00:32,48.9,84.6
SR-4600,EVT-11986,AA:BB:CC:00:80,48.2,85.2
SR-4601,EVT-12190,AA:BB:CC:00:09,42.7,93.7
SR-4602,EVT-11661,AA:BB:CC:00:52,44.9,86.5
SR-4603,EVT-14916,AA:BB:CC:00:41,45.5,82.3
SR-4604,EVT-11976,AA:BB:CC:00:12,44.8,85.7
SR-4605,EVT-12762,AA:BB:CC:00:83,43.9,185 F
SR-4606,EVT-14348,AA:BB:CC:00:78,44.7,78.8
SR-4607,EVT-12669,AA:BB:CC:00:12,46.3,84.0
SR-4608,EVT-13219,AA:BB:CC:00:64,46.8,72.9
SR-4609,EVT-14992,AA:BB:CC:00:88,43.0,85.7
SR-4610,EVT-10351,AA:BB:CC:00:73,42.1,83.8
SR-4611,EVT-10373,AA:BB:CC:00:85, 42.7 ,87.8
SR-4612,EVT-12832,AA:BB:CC:00:12,44.9,85.3
SR-4613,EVT-12016,AA:BB:CC:00:37,45.5,80.2
SR-4614,EVT-10203,AA:BB:CC:00:05,45.5,80.6
SR-4615,EVT-14507,AA:BB:CC:00:09,44.3,87.8
SR-4616,EVT-12649,AA:BB:CC:00:57,44.6,74.9
SR-4617,EVT-14918,AA:BB:CC:00:20,42.1,79.5
SR-4618,EVT-10903,AA:BB:CC:00:70,44.5,79.6
SR-4619,EVT-11055,AA:BB:CC:00:13,46.4,185 F
SR-4620,EVT-12738,AA:BB:CC:00:80,44.6,85.0
SR-4621,EVT-10345,AA:BB:CC:00:84,41.7,84.0
SR-4622,EVT-10746,AA:BB:CC:00:05,48.6,77.7
SR-4623,EVT-14389,AA:BB:CC:00:43,43.2,76.2
SR-4624,EVT-13858,AA:BB:CC:00:81,45.4,89.1
SR-4625,EVT-12169,AA:BB:CC:00:54,45.8,80.1
SR-4626,EVT-11659,AA:BB:CC:00:62,48.1,82.2
SR-4627,EVT-14470,AA:BB:CC:00:10,44.8,90.3
SR-4628,EVT-14111,AA:BB:CC:00:30,45.8,84.3
SR-4629,EVT-10437,AA:BB:CC:00:07,44.1,82.6
SR-4630,EVT-14305,AA:BB:CC:00:57,44.1,79.1
SR-4631,EVT-12207,AA:BB:CC:00:11,44.7,91.0
SR-4632,EVT-13123,AA:BB:CC:00:72,47.3,76.8
SR-4633,EVT-12428,AA:BB:CC:00:51,46.9,97.3
SR-4634,EVT-13423,AA:BB:CC:00:64,43.6,83.6
SR-4635,EVT-14956,AA:BB:CC:00:31,45.8,87.6
SR-4636,EVT-13561,AA:BB:CC:00:01,45.5,84.2
SR-4637,EVT-14482,AA:BB:CC:00:89,44.7,94.8
SR-4638,EVT-11458,AA:BB:CC:00:58,42.4,80.0
SR-4639,EVT-11603,AA:BB:CC:00:92,45.6,78.2 C
SR-4640,EVT-11067,AA:BB:CC:00:87,33.19 ft-lb,82.3
SR-4641,EVT-12840,AA:BB:CC:00:51,44.5,84.2
SR-4642,EVT-13578,AA:BB:CC:00:93,44.4,77.2
SR-4643,EVT-10661,AA:BB:CC:00:22,48.8,85.2
SR-4644,EVT-11193,AA:BB:CC:00:74,44.3,82.9
SR-4645,EVT-10074,AA:BB:CC:00:46,47.1,84.2
SR-4646,EVT-11195,AA:BB:CC:00:17,44.5,91.2
SR-4647,EVT-11005,AA:BB:CC:00:13,45.2,87.2
SR-4648,EVT-11460,AA:BB:CC:00:80,44.6,78.5
SR-4649,EVT-12684,AA:BB:CC:00:76,44.9,80.8
SR-4650,EVT-12773,AA:BB:CC:00:79,42.8,80.9
SR-4651,EVT-13522,AA:BB:CC:00:39,46.6,97.0
SR-4652,EVT-12842,AA:BB:CC:00:19,44.0,86.2
SR-4653,EVT-13722,AA:BB:CC:00:85,42.5,77.0
SR-4654,EVT-10646,AA:BB:CC:00:61,47.0,86.3
SR-4655,EVT-14590,AA:BB:CC:00:96,48.3,86.7
SR-4656,EVT-12232,AA:BB:CC:00:05,45.0,87.3
SR-4657,EVT-10728,AA:BB:CC:00:57,45.6,78.2
SR-4658,EVT-13238,AA:BB:CC:00:47,46.9,92.2
SR-4659,EVT-13378,AA:BB:CC:00:79,43.3,90.9
SR-4660,EVT-13161,AA:BB:CC:00:32,45.5,80.8
SR-4661,EVT-13290,AA:BB:CC:00:01,47.7,85.4
SR-4662,EVT-14786,AA:BB:CC:00:79,45.2,88.4
SR-4663,EVT-14716,AA:BB:CC:00:35,44.4,85.0
SR-4664,EVT-13700,AA:BB:CC:00:84,45.2,80.4
SR-4665,EVT-13856,AA:BB:CC:00:31,43.4,90.2
SR-4666,EVT-12445,AA:BB:CC:00:20,48.2,75.7
SR-4667,EVT-11921,AA:BB:CC:00:47,47.0,84.6
SR-4668,EVT-14057,AA:BB:CC:00:24,46.2,89.7
SR-4669,EVT-12965,AA:BB:CC:00:40,45.3,84.8
SR-4670,EVT-12331,AA:BB:CC:00:74,44.7,91.7
SR-4671,EVT-14079,AA:BB:CC:00:78,43.8,84.8
SR-4672,EVT-12871,AA:BB:CC:00:99,43.2,88.2
SR-4673,EVT-12985,AA:BB:CC:00:64,47.3,83.2
SR-4674,EVT-14574,AA:BB:CC:00:93, 46.8 ,94.0
SR-4675,EVT-10346,AA:BB:CC:00:73,43.1,92.4
SR-4676,EVT-13022,AA:BB:CC:00:10,44.6,82.1
SR-4677,EVT-10171,AA:BB:CC:00:61,44.5,80.9
SR-4678,EVT-14638,AA:BB:CC:00:02,46.3,88.5
SR-4679,EVT-10978,AA:BB:CC:00:23,47.1,84.8
SR-4680,EVT-10543,AA:BB:CC:00:82,43.3,85.0
SR-4681,EVT-10201,AA:BB:CC:00:65,43.6,84.7
SR-4682,EVT-13780,AA:BB:CC:00:58,44.0,85.2
SR-4683,EVT-13956,AA:BB:CC:00:11,44.6 Nm,89.1
SR-4684,EVT-14634,AA:BB:CC:00:36,41.1,71.9
SR-4685,EVT-13585,AA:BB:CC:00:97,40.6,88.3
SR-4686,EVT-13840,AA:BB:CC:00:63,45.2,83.5
SR-4687,EVT-11604,AA:BB:CC:00:36,45.5,86.9
SR-4688,EVT-14977,AA:BB:CC:00:57,44.9,85.0
SR-4689,EVT-13777,AA:BB:CC:00:88, 47.3 ,81.7
SR-4690,EVT-12163,AA:BB:CC:00:89,41.7,83.9
SR-4691,EVT-11140,AA:BB:CC:00:23,48.4,89.1
SR-4692,EVT-10848,AA:BB:CC:00:54,44.8,86.8
SR-4693,EVT-10032,AA:BB:CC:00:63,45.0,86.7
SR-4694,EVT-14568,AA:BB:CC:00:86,45.7,84.5
SR-4695,EVT-11988,AA:BB:CC:00:33,43.0,86.2
SR-4696,EVT-10762,AA:BB:CC:00:47,44.1,88.7
SR-4697,EVT-11458,AA:BB:CC:00:19,47.9,85.3
SR-4698,EVT-11727,AA:BB:CC:00:34,45.9,79.7
SR-4699,EVT-11913,AA:BB:CC:00:23,44.8,82.9
SR-4700,EVT-10022,AA:BB:CC:00:90,42.2,82.4
SR-4701,EVT-12995,AA:BB:CC:00:86,42.4,85.5
SR-4702,EVT-11105,AA:BB:CC:00:67,44.1,82.3
SR-4703,EVT-12602,AA:BB:CC:00:04,45.2,90.9
SR-4704,EVT-13145,AA:BB:CC:00:97, 47.1 ,73.5
SR-4705,EVT-12248,AA:BB:CC:00:75,46.8,75.4
SR-4706,EVT-11385,AA:BB:CC:00:84,47.3,99.2
SR-4707,EVT-13542,AA:BB:CC:00:96,44.5,83.8
SR-4708,EVT-14480,AA:BB:CC:00:53,42.6,83.1
SR-4709,EVT-10007,AA:BB:CC:00:15,43.6,82.6
SR-4710,EVT-11042,AA:BB:CC:00:89,45.2,87.0
SR-4711,EVT-10843,AA:BB:CC:00:17,45.8,89.2
SR-4712,EVT-12692,AA:BB:CC:00:22,43.0,90.7
SR-4713,EVT-14790,AA:BB:CC:00:34,44.2,88.7
SR-4714,EVT-14216,AA:BB:CC:00:33,43.2,82.6
SR-4715,EVT-11158,AA:BB:CC:00:25,49.1,75.4
SR-4716,EVT-11357,AA:BB:CC:00:14,46.6,88.2
SR-4717,EVT-14101,AA:BB:CC:00:50,44.5,86.0
SR-4718,EVT-13205,AA:BB:CC:00:30,44.2,79.2
SR-4719,EVT-13339,AA:BB:CC:00:86, 48.2 ,76.8
SR-4720,EVT-14977,AA:BB:CC:00:22,43.2,84.4
SR-4721,EVT-12018,AA:BB:CC:00:83,44.8,92.3
SR-4722,EVT-12762,AA:BB:CC:00:04,43.4,90.2
SR-4723,EVT-13203,AA:BB:CC:00:72,43.7,94.8
SR-4724,EVT-13840,AA:BB:CC:00:45,45.9,88.2
SR-4725,EVT-12099,AA:BB:CC:00:74,40.6,87.0
SR-4726,EVT-10741,AA:BB:CC:00:28,48.4,83.8
SR-4727,EVT-13380,AA:BB:CC:00:54,46.3,86.7
SR-4728,EVT-12396,AA:BB:CC:00:58, 44.7 ,84.1
SR-4729,EVT-12664,AA:BB:CC:00:85, 42.8 ,94.0
SR-4730,EVT-13230,AA:BB:CC:00:65,40.7,84.0
SR-4731,EVT-13240,AA:BB:CC:00:37,44.7,89.8
SR-4732,EVT-14024,AA:BB:CC:00:54,43.9,79.7
SR-4733,EVT-11596,AA:BB:CC:00:98,44.5,86.1
SR-4734,EVT-13342,AA:BB:CC:00:11,45.0,90.2
SR-4735,EVT-14713,AA:BB:CC:00:16,46.6,84.0
SR-4736,EVT-13848,AA:BB:CC:00:78,46.4,88.8
SR-4737,EVT-11851,AA:BB:CC:00:65,45.7,77.7
SR-4738,EVT-12871,AA:BB:CC:00:95,47.7,88.9
SR-4739,EVT-10398,AA:BB:CC:00:44,44.7,83.9
SR-4740,EVT-12388,AA:BB:CC:00:43,45.3,83.9
SR-4741,EVT-12664,AA:BB:CC:00:76,47.9,88.5
SR-4742,EVT-14102,AA:BB:CC:00:27,48.6,84.5
SR-4743,EVT-14664,AA:BB:CC:00:81,45.3,82.2
SR-4744,EVT-10726,AA:BB:CC:00:80,44.6,83.6
SR-4745,EVT-12367,AA:BB:CC:00:01,47.7,79.4
SR-4746,EVT-10536,AA:BB:CC:00:30,45.0,84.2
SR-4747,EVT-14578,AA:BB:CC:00:64,44.4,86.6
SR-4748,EVT-11109,AA:BB:CC:00:37,44.7,96.0
SR-4749,EVT-10801,AA:BB:CC:00:23,47.1,83.9
SR-4750,EVT-11792,AA:BB:CC:00:27,45.0,84.2
SR-4751,EVT-11387,AA:BB:CC:00:80,44.7,85.3
SR-4752,EVT-10285,AA:BB:CC:00:88,43.4,88.4
SR-4753,EVT-10506,AA:BB:CC:00:28,44.0,84.4
SR-4754,EVT-10625,AA:BB:CC:00:30,46.2,79.6
SR-4755,EVT-12802,AA:BB:CC:00:90,46.4,92.7
SR-4756,EVT-11211,AA:BB:CC:00:88,42.2,89.7
SR-4757,EVT-10129,AA:BB:CC:00:95,45.4,86.3
SR-4758,EVT-13941,AA:BB:CC:00:89,47.1,82.4
SR-4759,EVT-10535,AA:BB:CC:00:51,40.8,82.0
SR-4760,EVT-10226,AA:BB:CC:00:02,45.9,91.3
SR-4761,EVT-11735,AA:BB:CC:00:71,46.6,81.6
SR-4762,EVT-13555,AA:BB:CC:00:87,47.2,86.4
SR-4763,EVT-10657,AA:BB:CC:00:93,46.6,88.2
SR-4764,EVT-11811,AA:BB:CC:00:35,44.1,81.3
SR-4765,EVT-12371,AA:BB:CC:00:94,42.6,85.6
SR-4766,EVT-10055,AA:BB:CC:00:29,45.5,95.0
SR-4767,EVT-12598,AA:BB:CC:00:31,46.0,97.2
SR-4768,EVT-10273,AA:BB:CC:00:42,43.7,85.2 C
SR-4769,EVT-11120,AA:BB:CC:00:66,45.4,85.8
SR-4770,EVT-11850,AA:BB:CC:00:51,44.1,90.5
SR-4771,EVT-11577,AA:BB:CC:00:79,45.8,87.4
SR-4772,EVT-14660,AA:BB:CC:00:16,44.6,85.4
SR-4773,EVT-11056,AA:BB:CC:00:08,42.0,79.2
SR-4774,EVT-12324,AA:BB:CC:00:61,45.6,85.9
SR-4775,EVT-12947,AA:BB:CC:00:92,46.7,90.9
SR-4776,EVT-14522,AA:BB:CC:00:40,47.1,83.2
SR-4777,EVT-13201,AA:BB:CC:00:81,44.4,82.2
SR-4778,EVT-14391,AA:BB:CC:00:57,45.9,89.6
SR-4779,EVT-14657,AA:BB:CC:00:78,42.5,81.1
SR-4780,EVT-14016,AA:BB:CC:00:85,49.3,93.3
SR-4781,EVT-10109,AA:BB:CC:00:50,41.8,86.0
SR-4782,EVT-14957,AA:BB:CC:00:27,40.7,76.2
SR-4783,EVT-13315,AA:BB:CC:00:85,47.3,91.6
SR-4784,EVT-12644,AA:BB:CC:00:32,47.4,84.8
SR-4785,EVT-12161,AA:BB:CC:00:80,9000,79.6
SR-4786,EVT-11686,AA:BB:CC:00:28,48.9,90.6
SR-4787,EVT-10548,AA:BB:CC:00:29,46.6,87.0
SR-4788,EVT-11607,AA:BB:CC:00:49,43.8,91.3
SR-4789,EVT-12185,AA:BB:CC:00:36,46.4,90.3
SR-4790,EVT-13360,AA:BB:CC:00:24,42.8,82.3
SR-4791,EVT-12576,AA:BB:CC:00:85,43.7,82.4
SR-4792,EVT-10882,AA:BB:CC:00:39,48.0,84.3
SR-4793,EVT-14375,AA:BB:CC:00:50,44.9,84.3
SR-4794,EVT-14272,AA:BB:CC:00:08,44.7,90.1
SR-4795,EVT-10745,AA:BB:CC:00:92,46.1,88.0
SR-4796,EVT-11600,AA:BB:CC:00:82,47.0,83.7
SR-4797,EVT-13453,AA:BB:CC:00:83,48.7,87.3
SR-4798,EVT-12128,AA:BB:CC:00:19,44.7,89.5
SR-4799,EVT-14108,AA:BB:CC:00:38,42.6,94.9
SR-4800,EVT-10443,AA:BB:CC:00:44,46.8,83.2
SR-4801,EVT-10137,AA:BB:CC:00:26,42.2,90.7
SR-4802,EVT-12438,AA:BB:CC:00:70,45.0,85.9
SR-4803,EVT-14027,AA:BB:CC:00:49,43.1,89.2
SR-4804,EVT-10830,AA:BB:CC:00:26,45.3,90.7
SR-4805,EVT-11503,AA:BB:CC:00:92,43.1,87.8
SR-4806,EVT-14052,AA:BB:CC:00:32,43.8,185 F
SR-4807,EVT-14550,AA:BB:CC:00:34,43.5,92.6
SR-4808,EVT-14645,AA:BB:CC:00:45,39.6,84.6
SR-4809,EVT-10487,AA:BB:CC:00:37,43.7,84.3
SR-4810,EVT-10367,AA:BB:CC:00:89,49.0,69.5
SR-4811,EVT-13769,AA:BB:CC:00:86,46.7,86.3
SR-4812,EVT-11192,AA:BB:CC:00:95,46.2,84.8
SR-4813,EVT-14268,AA:BB:CC:00:06,42.0,89.0
SR-4814,EVT-11242,AA:BB:CC:00:31,43.9,85.9
SR-4815,EVT-10587,AA:BB:CC:00:65,45.2,86.8
SR-4816,EVT-11614,AA:BB:CC:00:09,48.6,87.7
SR-4817,EVT-13209,AA:BB:CC:00:76,40.6,100.9
SR-4818,EVT-10237,AA:BB:CC:00:21,45.0,86.9
SR-4819,EVT-13673,AA:BB:CC:00:67,41.7,81.5
SR-4820,EVT-12960,AA:BB:CC:00:42,45.4,89.9
SR-4821,EVT-13785,AA:BB:CC:00:46,45.6,84.3
SR-4822,EVT-11340,AA:BB:CC:00:05,44.9,82.0
SR-4823,EVT-12448,AA:BB:CC:00:37,48.4,79.5
SR-4824,EVT-14611,AA:BB:CC:00:77,40.2,85.3
SR-4825,EVT-10856,AA:BB:CC:00:29,43.2,89.2
SR-4826,EVT-13811,AA:BB:CC:00:92,33.19 ft-lb,89.3
SR-4827,EVT-10734,AA:BB:CC:00:49,43.4,80.5
SR-4828,EVT-14508,AA:BB:CC:00:25,42.3,90.8
SR-4829,EVT-12376,AA:BB:CC:00:10,41.5,78.5
SR-4830,EVT-13008,AA:BB:CC:00:98,45.9,85.0
SR-4831,EVT-12178,AA:BB:CC:00:15,46.1,87.9
SR-4832,EVT-11795,AA:BB:CC:00:30,41.1,84.6
SR-4833,EVT-13346,AA:BB:CC:00:77,47.7,83.9
SR-4834,EVT-11960,AA:BB:CC:00:59,44.5,84.5
SR-4835,EVT-10661,AA:BB:CC:00:55,43.4,89.5
SR-4836,EVT-14466,AA:BB:CC:00:55,45.8,82.5
SR-4837,EVT-10455,AA:BB:CC:00:69,43.6,88.3
SR-4838,EVT-10024,AA:BB:CC:00:14,46.6,84.9
SR-4839,EVT-11017,AA:BB:CC:00:74,45.6,88.5
SR-4840,EVT-11411,AA:BB:CC:00:98,46.1,91.4
SR-4841,EVT-13052,AA:BB:CC:00:95,43.0,80.2
SR-4842,EVT-10308,AA:BB:CC:00:56,47.2,89.7
SR-4843,EVT-12226,AA:BB:CC:00:61,48.0,92.2
SR-4844,EVT-12253,AA:BB:CC:00:05,43.6,75.5
SR-4845,EVT-10004,AA:BB:CC:00:06,43.5,81.2
SR-4846,EVT-13377,AA:BB:CC:00:13,40.8,90.5
SR-4847,EVT-14273,AA:BB:CC:00:40,41.4,89.5
SR-4848,EVT-10314,AA:BB:CC:00:59,46.0,73.2
SR-4849,EVT-10916,AA:BB:CC:00:13,43.4,81.4
SR-4850,EVT-12894,AA:BB:CC:00:46,46.8,86.1
SR-4851,EVT-11686,AA:BB:CC:00:97,47.1,79.6
SR-4852,EVT-11616,AA:BB:CC:00:23,44.2,82.5
SR-4853,EVT-14087,AA:BB:CC:00:21,47.2,84.7
SR-4854,EVT-12353,AA:BB:CC:00:72,45.8,84.3
SR-4855,EVT-10309,AA:BB:CC:00:34,47.1,83.5
SR-4856,EVT-13983,AA:BB:CC:00:53,40.9,87.0
SR-4857,EVT-14357,AA:BB:CC:00:95,44.7,89.9
SR-4858,EVT-14533,AA:BB:CC:00:31,47.1,87.6
SR-4859,EVT-14617,AA:BB:CC:00:84,42.2,84.0
SR-4860,EVT-13189,AA:BB:CC:00:99,46.7,93.6
SR-4861,EVT-11419,AA:BB:CC:00:66,45.6,83.3
SR-4862,EVT-10229,AA:BB:CC:00:88,47.2,87.4
SR-4863,EVT-10333,AA:BB:CC:00:75,44.6,76.3
SR-4864,EVT-11328,AA:BB:CC:00:68,45.7,73.5
SR-4865,EVT-10298,AA:BB:CC:00:26,41.8,79.9
SR-4866,EVT-13686,AA:BB:CC:00:14,46.6,80.0
SR-4867,EVT-12060,AA:BB:CC:00:84,45.6,82.8
SR-4868,EVT-14796,AA:BB:CC:00:100,43.2,93.6
SR-4869,EVT-10382,AA:BB:CC:00:25,43.3,95.8
SR-4870,EVT-14270,AA:BB:CC:00:74,40.8,84.5
SR-4871,EVT-12450,AA:BB:CC:00:99,44.5,91.9
SR-4872,EVT-14738,AA:BB:CC:00:64,46.3,87.0
SR-4873,EVT-11655,AA:BB:CC:00:69,44.0,88.2
SR-4874,EVT-14775,AA:BB:CC:00:68,46.2,79.3
SR-4875,EVT-10267,AA:BB:CC:00:20,42.6,90.1
SR-4876,EVT-12718,AA:BB:CC:00:87,45.1,82.7
SR-4877,EVT-10674,AA:BB:CC:00:43,45.0,81.5
SR-4878,EVT-14435,AA:BB:CC:00:05,46.2,84.5
SR-4879,EVT-14059,AA:BB:CC:00:93,47.6,96.8
SR-4880,EVT-11050,AA:BB:CC:00:93,44.8,88.2
SR-4881,EVT-13330,AA:BB:CC:00:32,44.2,82.3
SR-4882,EVT-12611,AA:BB:CC:00:86,43.8,83.9
SR-4883,EVT-12182,AA:BB:CC:00:45,46.4,86.3 C
SR-4884,EVT-13378,AA:BB:CC:00:43,47.9,93.1
SR-4885,EVT-11504,AA:BB:CC:00:71,44.1,82.1
SR-4886,EVT-13885,AA:BB:CC:00:97,44.0,82.3
SR-4887,EVT-12848,AA:BB:CC:00:22, 45.1 ,75.6
SR-4888,EVT-11040,AA:BB:CC:00:41,45.1,87.3
SR-4889,EVT-14723,AA:BB:CC:00:58,43.2,79.7
SR-4890,EVT-13988,AA:BB:CC:00:59,50.0,91.6
SR-4891,EVT-14901,AA:BB:CC:00:28,42.4,81.5
SR-4892,EVT-11084,AA:BB:CC:00:85,42.0,84.8
SR-4893,EVT-13385,AA:BB:CC:00:55,42.0,83.7
SR-4894,EVT-13055,AA:BB:CC:00:51,44.9,84.9
SR-4895,EVT-13659,AA:BB:CC:00:36,45.4,78.0
SR-4896,EVT-11803,AA:BB:CC:00:68,42.9,79.9
SR-4897,EVT-12193,AA:BB:CC:00:43,48.9,88.9
SR-4898,EVT-12749,AA:BB:CC:00:06,44.0,88.8
SR-4899,EVT-11029,AA:BB:CC:00:83,40.1,86.8
SR-4900,EVT-13276,AA:BB:CC:00:51,44.7,84.7
SR-4901,EVT-10862,AA:BB:CC:00:53,46.8,81.6
SR-4902,EVT-11273,AA:BB:CC:00:11,41.3,82.5
SR-4903,EVT-14527,AA:BB:CC:00:50,46.7,85.2
SR-4904,EVT-14713,AA:BB:CC:00:17,43.8,91.8
SR-4905,EVT-14874,AA:BB:CC:00:46,46.1,82.1
SR-4906,EVT-11440,AA:BB:CC:00:82,47.3,79.7
SR-4907,EVT-14628,AA:BB:CC:00:46,47.9,86.4
SR-4908,EVT-12047,AA:BB:CC:00:77,41.8,82.1
SR-4909,EVT-10486,AA:BB:CC:00:41,48.0,99.3
SR-4910,EVT-14150,AA:BB:CC:00:51,47.1,84.3
SR-4911,EVT-12224,AA:BB:CC:00:11,42.5,86.1
SR-4912,EVT-11771,AA:BB:CC:00:51,41.3,82.7
SR-4913,EVT-12542,AA:BB:CC:00:27,43.5,80.9
SR-4914,EVT-13592,AA:BB:CC:00:49,49.4,82.5
SR-4915,EVT-11886,AA:BB:CC:00:16,45.6,90.5
SR-4916,EVT-10987,AA:BB:CC:00:50,43.3,83.8
SR-4917,EVT-13460,AA:BB:CC:00:15,45.3,80.8
SR-4918,EVT-14297,AA:BB:CC:00:54,48.1,83.6
SR-4919,EVT-14959,AA:BB:CC:00:14,45.0,85.8
SR-4920,EVT-13006,AA:BB:CC:00:79,43.7,87.6
SR-4921,EVT-11168,AA:BB:CC:00:82,44.6,88.5
SR-4922,EVT-14276,AA:BB:CC:00:76,42.7,76.5
SR-4923,EVT-12083,AA:BB:CC:00:26,43.6,85.7
SR-4924,EVT-11059,AA:BB:CC:00:40,44.2,80.7
SR-4925,EVT-10531,AA:BB:CC:00:18,45.2,83.6
SR-4926,EVT-13890,AA:BB:CC:00:26,43.9,86.3
SR-4927,EVT-11234,AA:BB:CC:00:18,42.6,86.0
SR-4928,EVT-14565,AA:BB:CC:00:01,45.5,91.2
SR-4929,EVT-11807,AA:BB:CC:00:16,45.1,82.2
SR-4930,EVT-10458,AA:BB:CC:00:21,41.5,82.0
SR-4931,EVT-12206,AA:BB:CC:00:72,42.3,84.7
SR-4932,EVT-10873,AA:BB:CC:00:66,45.1,90.1
SR-4933,EVT-13118,AA:BB:CC:00:83,48.3,80.1
SR-4934,EVT-11559,AA:BB:CC:00:93,42.5,80.7
SR-4935,EVT-10109,AA:BB:CC:00:94,40.2,91.8
SR-4936,EVT-13023,AA:BB:CC:00:03,45.0,82.5
SR-4937,EVT-14582,AA:BB:CC:00:08,49.0,89.4
SR-4938,EVT-14312,AA:BB:CC:00:99,43.3,84.4
SR-4939,EVT-14775,AA:BB:CC:00:18,44.6,86.3
SR-4940,EVT-13410,AA:BB:CC:00:90,47.4,86.8
SR-4941,EVT-11737,AA:BB:CC:00:25,49.3,77.9
SR-4942,EVT-13586,AA:BB:CC:00:72,40.9,82.8
SR-4943,EVT-12859,AA:BB:CC:00:18,45.0,86.1
SR-4944,EVT-11277,AA:BB:CC:00:24,45.9,84.7
SR-4945,EVT-14996,AA:BB:CC:00:69,42.6,90.6
SR-4946,EVT-13311,AA:BB:CC:00:26,46.4,77.7
SR-4947,EVT-14336,AA:BB:CC:00:74,49.2,87.5
SR-4948,EVT-14297,AA:BB:CC:00:11,45.6,94.4
SR-4949,EVT-13206,AA:BB:CC:00:04,45.2,88.4
SR-4950,EVT-11501,AA:BB:CC:00:10,41.9,88.9
SR-4951,EVT-13544,AA:BB:CC:00:12,42.5,83.7
SR-4952,EVT-10425,AA:BB:CC:00:74,46.8,88.4
SR-4953,EVT-12401,AA:BB:CC:00:12,47.7,92.1
SR-4954,EVT-14462,AA:BB:CC:00:05,44.7,86.9
SR-4955,EVT-12132,AA:BB:CC:00:91,42.0,87.6
SR-4956,EVT-14432,AA:BB:CC:00:97,45.4,84.7
SR-4957,EVT-12068,AA:BB:CC:00:96,46.4,85.5
SR-4958,EVT-13764,AA:BB:CC:00:05,43.1,90.9 C
SR-4959,EVT-14751,AA:BB:CC:00:23,42.0,85.1
SR-4960,EVT-11709,AA:BB:CC:00:56,45.5,79.1
SR-4961,EVT-14587,AA:BB:CC:00:88,44.0,185 F
SR-4962,EVT-11160,AA:BB:CC:00:46,45.7,78.4
SR-4963,EVT-10022,AA:BB:CC:00:02,45.4,89.0
SR-4964,EVT-12188,AA:BB:CC:00:94,47.2,82.0
SR-4965,EVT-13109,AA:BB:CC:00:74,45.9,87.9
SR-4966,EVT-13233,AA:BB:CC:00:01,33.19 ft-lb,77.4
SR-4967,EVT-14317,AA:BB:CC:00:13,45.2,74.1
SR-4968,EVT-11951,AA:BB:CC:00:60,9000,78.4
SR-4969,EVT-12067,AA:BB:CC:00:36,44.7,93.6
SR-4970,EVT-13128,AA:BB:CC:00:62,48.4,82.4
SR-4971,EVT-11964,AA:BB:CC:00:63,44.3,93.1
SR-4972,EVT-12725,AA:BB:CC:00:67,44.2,82.7
SR-4973,EVT-12164,AA:BB:CC:00:16,44.4,98.2
SR-4974,EVT-14416,AA:BB:CC:00:78,42.8,86.7
SR-4975,EVT-12315,AA:BB:CC:00:40,43.9,88.7
SR-4976,EVT-10435,AA:BB:CC:00:48,43.2,93.5
SR-4977,EVT-11074,AA:BB:CC:00:46,44.5,90.5
SR-4978,EVT-10981,AA:BB:CC:00:05,44.5,84.4
SR-4979,EVT-12367,AA:BB:CC:00:25,33.19 ft-lb,84.0
SR-4980,EVT-13602,AA:BB:CC:00:38,46.8,87.1
SR-4981,EVT-10731,AA:BB:CC:00:54,46.8,88.7
SR-4982,EVT-11361,AA:BB:CC:00:93,43.7,87.2
SR-4983,EVT-10744,AA:BB:CC:00:81,45.6,95.4
SR-4984,EVT-13353,AA:BB:CC:00:73,44.6,78.7
SR-4985,EVT-14970,AA:BB:CC:00:82,47.3,87.4
SR-4986,EVT-14919,AA:BB:CC:00:76,47.5,85.7
SR-4987,EVT-14815,AA:BB:CC:00:45,50.4,92.6
SR-4988,EVT-13571,AA:BB:CC:00:39,44.1,84.5
SR-4989,EVT-14040,AA:BB:CC:00:28,43.6,86.7
SR-4990,EVT-12224,AA:BB:CC:00:53,46.3,78.7
SR-4991,EVT-11453,AA:BB:CC:00:54,42.4 Nm,77.3
SR-4992,EVT-12642,AA:BB:CC:00:96,46.7,83.7 C
SR-4993,EVT-11846,AA:BB:CC:00:20,47.1,85.2
SR-4994,EVT-11765,AA:BB:CC:00:55,47.1,185 F
SR-4995,EVT-14363,AA:BB:CC:00:65,42.3,87.6
SR-4996,EVT-14812,AA:BB:CC:00:76,44.5,87.6
SR-4997,EVT-10446,AA:BB:CC:00:22,45.6,79.1
SR-4998,EVT-12722,AA:BB:CC:00:51,46.7,83.0
SR-4999,EVT-10239,AA:BB:CC:00:72,43.7,84.2
SR-5000,EVT-10116,AA:BB:CC:00:12,44.0,87.8
SR-5001,EVT-13657,AA:BB:CC:00:59,43.5,90.9
SR-5002,EVT-12313,AA:BB:CC:00:54,9000,77.2
SR-5003,EVT-12028,AA:BB:CC:00:53,44.5,75.2
SR-5004,EVT-14751,AA:BB:CC:00:88,44.6,81.3
SR-5005,EVT-12039,AA:BB:CC:00:38,46.4,80.1
SR-5006,EVT-13644,AA:BB:CC:00:92,47.7,77.0
SR-5007,EVT-10586,AA:BB:CC:00:12,42.5,81.7
SR-5008,EVT-11880,AA:BB:CC:00:95,44.4,81.0
SR-5009,EVT-12632,AA:BB:CC:00:92,49.0,93.5
SR-5010,EVT-12130,AA:BB:CC:00:73,46.5,81.7
SR-5011,EVT-14478,AA:BB:CC:00:86,43.4,84.3
SR-5012,EVT-14179,AA:BB:CC:00:07,42.8,88.6
SR-5013,EVT-10983,AA:BB:CC:00:68,43.8,94.8
SR-5014,EVT-10512,AA:BB:CC:00:29,42.6,84.6
SR-5015,EVT-11588,AA:BB:CC:00:45,44.8,98.2
SR-5016,EVT-13580,AA:BB:CC:00:10,41.7,81.1
SR-5017,EVT-12219,AA:BB:CC:00:85,44.7,81.3
SR-5018,EVT-14586,AA:BB:CC:00:04,45.5,84.6
SR-5019,EVT-14361,AA:BB:CC:00:24,41.4,81.9
SR-5020,EVT-13079,AA:BB:CC:00:85,42.6,85.3
SR-5021,EVT-12192,AA:BB:CC:00:82,49.9,86.5
SR-5022,EVT-11733,AA:BB:CC:00:26,45.9,81.8
SR-5023,EVT-14732,AA:BB:CC:00:56,46.0,97.0
SR-5024,EVT-12910,AA:BB:CC:00:72,44.0 Nm,75.8
SR-5025,EVT-11444,AA:BB:CC:00:23,45.1,87.6
SR-5026,EVT-12115,AA:BB:CC:00:09,47.1,80.4
SR-5027,EVT-11277,AA:BB:CC:00:25,42.7,84.5
SR-5028,EVT-12822,AA:BB:CC:00:100,43.3,84.1
SR-5029,EVT-11379,AA:BB:CC:00:32,44.7,81.6
SR-5030,EVT-11762,AA:BB:CC:00:07,43.3,87.4
SR-5031,EVT-14877,AA:BB:CC:00:97,43.2,86.8
SR-5032,EVT-10249,AA:BB:CC:00:59,49.9,90.7
SR-5033,EVT-10884,AA:BB:CC:00:59,47.0,185 F
SR-5034,EVT-13912,AA:BB:CC:00:95,45.1,86.8
SR-5035,EVT-14479,AA:BB:CC:00:62,46.2,80.0
SR-5036,EVT-11288,AA:BB:CC:00:17,41.8,90.2
SR-5037,EVT-10536,AA:BB:CC:00:35,45.8,80.2
SR-5038,EVT-11639,AA:BB:CC:00:86,42.9,89.8
SR-5039,EVT-12617,AA:BB:CC:00:58,45.8,77.4
SR-5040,EVT-12071,AA:BB:CC:00:29,42.9,84.9
SR-5041,EVT-13655,AA:BB:CC:00:63,45.9,79.0
SR-5042,EVT-13443,AA:BB:CC:00:56,46.0,88.2
SR-5043,EVT-13676,AA:BB:CC:00:63,44.8,83.2
SR-5044,EVT-13198,AA:BB:CC:00:82,44.9,82.2
SR-5045,EVT-12065,AA:BB:CC:00:47,47.1,89.8
SR-5046,EVT-10473,AA:BB:CC:00:74, 45.5 ,83.3
SR-5047,EVT-14005,AA:BB:CC:00:15,45.6,79.6
SR-5048,EVT-12043,AA:BB:CC:00:57,44.8,92.0
SR-5049,EVT-14319,AA:BB:CC:00:07,42.5,79.3
SR-5050,EVT-10132,AA:BB:CC:00:78,47.7,81.2
SR-5051,EVT-12895,AA:BB:CC:00:90,45.8,88.3
SR-5052,EVT-14477,AA:BB:CC:00:18,43.7,84.8
SR-5053,EVT-10230,AA:BB:CC:00:82,44.8,88.5
SR-5054,EVT-10704,AA:BB:CC:00:06,45.1,90.1
SR-5055,EVT-10900,AA:BB:CC:00:43,41.8,83.0
SR-5056,EVT-11346,AA:BB:CC:00:89,46.4,74.4
SR-5057,EVT-12028,AA:BB:CC:00:57,48.7,88.6
SR-5058,EVT-14147,AA:BB:CC:00:41,46.2,81.9
SR-5059,EVT-12384,AA:BB:CC:00:76,42.4,92.3
SR-5060,EVT-10992,AA:BB:CC:00:51,42.4,84.1
SR-5061,EVT-14690,AA:BB:CC:00:61,43.5,83.8
SR-5062,EVT-11923,AA:BB:CC:00:94,47.6,82.3
SR-5063,EVT-14428,AA:BB:CC:00:19,47.3 Nm,85.9
SR-5064,EVT-11458,AA:BB:CC:00:21,41.7,81.0
SR-5065,EVT-11777,AA:BB:CC:00:80,44.6,89.5
SR-5066,EVT-10682,AA:BB:CC:00:35,43.9,88.5
SR-5067,EVT-14569,AA:BB:CC:00:71,44.2,80.2
SR-5068,EVT-11530,AA:BB:CC:00:54,41.0,83.3
SR-5069,EVT-12850,AA:BB:CC:00:83,45.0,79.1
SR-5070,EVT-14815,AA:BB:CC:00:26,43.2,79.6
SR-5071,EVT-10824,AA:BB:CC:00:41,44.3,88.0
SR-5072,EVT-11844,AA:BB:CC:00:82,45.3,87.4
SR-5073,EVT-12845,AA:BB:CC:00:12,46.3,80.0 C
SR-5074,EVT-14474,AA:BB:CC:00:05,41.1,80.1
SR-5075,EVT-10763,AA:BB:CC:00:26,42.2,89.0
SR-5076,EVT-12768,AA:BB:CC:00:05,45.6,87.1
SR-5077,EVT-14453,AA:BB:CC:00:38,44.5,79.2
SR-5078,EVT-12296,AA:BB:CC:00:82,42.7,90.3
SR-5079,EVT-12950,AA:BB:CC:00:06,44.2,84.8
SR-5080,EVT-10000,AA:BB:CC:00:01,45.5,89.4
SR-5081,EVT-11172,AA:BB:CC:00:75,45.9,88.3
SR-5082,EVT-14765,AA:BB:CC:00:80,42.7,79.6
SR-5083,EVT-13556,AA:BB:CC:00:90,44.6,84.7
SR-5084,EVT-14885,AA:BB:CC:00:39,43.8,80.5
SR-5085,EVT-12990,AA:BB:CC:00:49,48.6,185 F
SR-5086,EVT-14382,AA:BB:CC:00:82,42.9,87.7
SR-5087,EVT-10777,AA:BB:CC:00:100,43.7,87.7
SR-5088,EVT-10733,AA:BB:CC:00:37,44.4,88.7
SR-5089,EVT-13048,AA:BB:CC:00:90,44.6,86.9
SR-5090,EVT-14998,AA:BB:CC:00:97,42.8,79.5
SR-5091,EVT-13474,AA:BB:CC:00:01,46.4,88.5
SR-5092,EVT-14681,AA:BB:CC:00:91,45.2,89.7
SR-5093,EVT-13238,AA:BB:CC:00:37,48.6,86.9
SR-5094,EVT-13682,AA:BB:CC:00:86,46.0,84.3
SR-5095,EVT-11403,AA:BB:CC:00:19,45.4,83.6
SR-5096,EVT-14876,AA:BB:CC:00:77,42.7,78.2
SR-5097,EVT-10464,AA:BB:CC:00:37,44.9,89.4
SR-5098,EVT-10761,AA:BB:CC:00:56,46.3,84.0
SR-5099,EVT-14752,AA:BB:CC:00:67,45.4,88.3
SR-5100,EVT-11712,AA:BB:CC:00:91,46.7,81.5
SR-5101,EVT-12118,AA:BB:CC:00:35,45.9,96.7
SR-5102,EVT-10010,AA:BB:CC:00:73,46.5,88.5
SR-5103,EVT-11915,AA:BB:CC:00:84,43.1,83.7
SR-5104,EVT-11313,AA:BB:CC:00:26,45.4,77.5
SR-5105,EVT-14316,AA:BB:CC:00:46,43.7,87.8
SR-5106,EVT-11693,AA:BB:CC:00:35,44.3,84.9
SR-5107,EVT-12665,AA:BB:CC:00:85,40.7,72.9
SR-5108,EVT-11534,AA:BB:CC:00:96,48.3,79.9
SR-5109,EVT-10540,AA:BB:CC:00:22,41.6,185 F
SR-5110,EVT-13247,AA:BB:CC:00:14,43.9,92.5
SR-5111,EVT-10391,AA:BB:CC:00:29,44.4,85.4
SR-5112,EVT-12139,AA:BB:CC:00:58,47.5,90.3
SR-5113,EVT-12634,AA:BB:CC:00:31,33.19 ft-lb,86.9
SR-5114,EVT-10337,AA:BB:CC:00:17,43.2,89.1
SR-5115,EVT-13950,AA:BB:CC:00:23,46.8,89.2
SR-5116,EVT-14079,AA:BB:CC:00:59,43.9,94.7
SR-5117,EVT-12108,AA:BB:CC:00:36,42.4,73.6
SR-5118,EVT-12471,AA:BB:CC:00:89, 43.6 ,84.7
SR-5119,EVT-10272,AA:BB:CC:00:82,46.9,87.7
SR-5120,EVT-13598,AA:BB:CC:00:59,46.1,90.8
SR-5121,EVT-11382,AA:BB:CC:00:80,33.19 ft-lb,86.4
SR-5122,EVT-11362,AA:BB:CC:00:02,46.8,81.8
SR-5123,EVT-14959,AA:BB:CC:00:90,46.3,81.3
SR-5124,EVT-12885,AA:BB:CC:00:98,44.9,83.3
SR-5125,EVT-14433,AA:BB:CC:00:12,47.2,87.2
SR-5126,EVT-13560,AA:BB:CC:00:10,43.7,85.0
SR-5127,EVT-13702,AA:BB:CC:00:93,46.3,83.6
SR-5128,EVT-14377,AA:BB:CC:00:02,42.6,84.5
SR-5129,EVT-11421,AA:BB:CC:00:16,46.1,91.7
SR-5130,EVT-13317,AA:BB:CC:00:36,46.6,78.8
SR-5131,EVT-11960,AA:BB:CC:00:49,44.4,88.6
SR-5132,EVT-13205,AA:BB:CC:00:36,48.7,78.1
SR-5133,EVT-11250,AA:BB:CC:00:86,44.4,84.1
SR-5134,EVT-12019,AA:BB:CC:00:06,46.3,82.4
SR-5135,EVT-11163,AA:BB:CC:00:99,48.3,77.2
SR-5136,EVT-12039,AA:BB:CC:00:95,47.7,80.4
SR-5137,EVT-11783,AA:BB:CC:00:02,46.8,95.7
SR-5138,EVT-11378,AA:BB:CC:00:99,43.4,84.4
SR-5139,EVT-14744,AA:BB:CC:00:28,44.3,70.0
SR-5140,EVT-10954,AA:BB:CC:00:07,42.4,85.0
SR-5141,EVT-12411,AA:BB:CC:00:21,44.6,89.7
SR-5142,EVT-13493,AA:BB:CC:00:62,46.7,87.2
SR-5143,EVT-13077,AA:BB:CC:00:89,45.7,78.7
SR-5144,EVT-14951,AA:BB:CC:00:82,42.7,72.0
SR-5145,EVT-14681,AA:BB:CC:00:41,48.6 Nm,83.3
SR-5146,EVT-13898,AA:BB:CC:00:43,44.9,84.7
SR-5147,EVT-13796,AA:BB:CC:00:77,44.3,78.0
SR-5148,EVT-12753,AA:BB:CC:00:08,44.8,81.4
SR-5149,EVT-11363,AA:BB:CC:00:14,47.4,77.6
SR-5150,EVT-12939,AA:BB:CC:00:81,43.7,97.1
SR-5151,EVT-14537,AA:BB:CC:00:77,46.2,85.4
SR-5152,EVT-12784,AA:BB:CC:00:11,46.7,80.3
SR-5153,EVT-13889,AA:BB:CC:00:10,9000,83.4
SR-5154,EVT-10391,AA:BB:CC:00:81,42.1,85.7
SR-5155,EVT-11911,AA:BB:CC:00:29,44.1,80.3
SR-5156,EVT-14196,AA:BB:CC:00:55,43.8,85.8
SR-5157,EVT-11854,AA:BB:CC:00:02,44.6,88.6
SR-5158,EVT-13486,AA:BB:CC:00:01,44.8,87.2
SR-5159,EVT-14154,AA:BB:CC:00:47,44.8,87.6
SR-5160,EVT-10209,AA:BB:CC:00:91,46.4,86.7
SR-5161,EVT-10601,AA:BB:CC:00:83,44.4,71.6
SR-5162,EVT-12098,AA:BB:CC:00:18,45.8,72.8
SR-5163,EVT-11976,AA:BB:CC:00:35,46.4,88.9 C
SR-5164,EVT-12948,AA:BB:CC:00:73,46.2,86.8
SR-5165,EVT-14596,AA:BB:CC:00:62,45.3,83.4
SR-5166,EVT-11728,AA:BB:CC:00:25,46.6,78.0 C
SR-5167,EVT-13211,AA:BB:CC:00:86,43.3,80.9
SR-5168,EVT-10014,AA:BB:CC:00:77,33.19 ft-lb,89.8
SR-5169,EVT-10307,AA:BB:CC:00:29,44.0,84.4
SR-5170,EVT-12923,AA:BB:CC:00:86,46.0,81.9
SR-5171,EVT-10472,AA:BB:CC:00:80,45.8,85.3
SR-5172,EVT-11470,AA:BB:CC:00:19,47.1,86.0
SR-5173,EVT-10075,AA:BB:CC:00:72,43.5,83.6
SR-5174,EVT-10642,AA:BB:CC:00:76,48.8,86.0
SR-5175,EVT-12199,AA:BB:CC:00:66,45.1,90.3
SR-5176,EVT-12638,AA:BB:CC:00:69,44.0,85.4
SR-5177,EVT-12538,AA:BB:CC:00:78,47.1,85.7
SR-5178,EVT-11961,AA:BB:CC:00:80, 46.3 ,85.6
SR-5179,EVT-10251,AA:BB:CC:00:98,44.9,91.5
SR-5180,EVT-11748,AA:BB:CC:00:10,44.3,90.3
SR-5181,EVT-10374,AA:BB:CC:00:72,44.3,85.6
SR-5182,EVT-13412,AA:BB:CC:00:25,45.4,89.1
SR-5183,EVT-11007,AA:BB:CC:00:27,45.1,88.5 C
SR-5184,EVT-10152,AA:BB:CC:00:61,42.3,84.4
SR-5185,EVT-11547,AA:BB:CC:00:10,44.4,84.3
SR-5186,EVT-13887,AA:BB:CC:00:36,46.4,78.0
SR-5187,EVT-13145,AA:BB:CC:00:39,43.9,77.7
SR-5188,EVT-10709,AA:BB:CC:00:07,43.3,89.3
SR-5189,EVT-11180,AA:BB:CC:00:15,46.3,94.6
SR-5190,EVT-11244,AA:BB:CC:00:13,48.4,87.0
SR-5191,EVT-10173,AA:BB:CC:00:33,46.1,84.0
SR-5192,EVT-14333,AA:BB:CC:00:99,41.8,85.7
SR-5193,EVT-14859,AA:BB:CC:00:66,44.8,85.5
SR-5194,EVT-12543,AA:BB:CC:00:11,33.19 ft-lb,78.1
SR-5195,EVT-13212,AA:BB:CC:00:21,42.9,88.3
SR-5196,EVT-10180,AA:BB:CC:00:78,47.6,86.8
SR-5197,EVT-12357,AA:BB:CC:00:89,46.4,75.7
SR-5198,EVT-12427,AA:BB:CC:00:23,45.8,87.1
SR-5199,EVT-13484,AA:BB:CC:00:44,41.0,88.0
SR-5200,EVT-10862,AA:BB:CC:00:65,47.3,77.8
SR-5201,EVT-10469,AA:BB:CC:00:70,45.1,89.2
SR-5202,EVT-14825,AA:BB:CC:00:36,43.5,82.9
SR-5203,EVT-11803,AA:BB:CC:00:62,43.8,89.0
SR-5204,EVT-11826,AA:BB:CC:00:82,43.4,84.1
SR-5205,EVT-14652,AA:BB:CC:00:42,45.8,93.7
SR-5206,EVT-13888,AA:BB:CC:00:69,45.2,84.1
SR-5207,EVT-10969,AA:BB:CC:00:52,44.1,86.8
SR-5208,EVT-11267,AA:BB:CC:00:01,46.3,74.4
SR-5209,EVT-14222,AA:BB:CC:00:30,45.1,80.2
SR-5210,EVT-12861,AA:BB:CC:00:01,44.3,88.0
SR-5211,EVT-11465,AA:BB:CC:00:48,40.4,90.3
SR-5212,EVT-13385,AA:BB:CC:00:14,48.9,76.2
SR-5213,EVT-10662,AA:BB:CC:00:92,50.0,83.4
SR-5214,EVT-13993,AA:BB:CC:00:31,43.7,92.1
SR-5215,EVT-11260,AA:BB:CC:00:62,42.7,83.7
SR-5216,EVT-14257,AA:BB:CC:00:87,44.3,82.0
SR-5217,EVT-11404,AA:BB:CC:00:31,44.8,77.1
SR-5218,EVT-10808,AA:BB:CC:00:07,44.9,83.9
SR-5219,EVT-13532,AA:BB:CC:00:20,46.3,90.1
SR-5220,EVT-11304,AA:BB:CC:00:84,43.5,87.9
SR-5221,EVT-14651,AA:BB:CC:00:31,46.0,86.8
SR-5222,EVT-11077,AA:BB:CC:00:09,43.2,92.3
SR-5223,EVT-11562,AA:BB:CC:00:11,43.6,88.9
SR-5224,EVT-14615,AA:BB:CC:00:06,48.6,84.6
SR-5225,EVT-10483,AA:BB:CC:00:43,49.9,85.1
SR-5226,EVT-10170,AA:BB:CC:00:59,33.19 ft-lb,79.9
SR-5227,EVT-14805,AA:BB:CC:00:18,43.9,82.1
SR-5228,EVT-12618,AA:BB:CC:00:29,45.8,75.5
SR-5229,EVT-11690,AA:BB:CC:00:01,40.3,90.2
SR-5230,EVT-11522,AA:BB:CC:00:44,48.6,94.3
SR-5231,EVT-13090,AA:BB:CC:00:33,41.4,94.7
SR-5232,EVT-14160,AA:BB:CC:00:67,42.8,84.0
SR-5233,EVT-12283,AA:BB:CC:00:38,43.7,83.6
SR-5234,EVT-10665,AA:BB:CC:00:41,47.7,86.0
SR-5235,EVT-10288,AA:BB:CC:00:16,47.6,89.0
SR-5236,EVT-12283,AA:BB:CC:00:38,44.8,76.4
SR-5237,EVT-14844,AA:BB:CC:00:63,45.2,77.6
SR-5238,EVT-10421,AA:BB:CC:00:99,43.4,77.3
SR-5239,EVT-14486,AA:BB:CC:00:90,48.0,82.7
SR-5240,EVT-12780,AA:BB:CC:00:100,43.2,82.2
SR-5241,EVT-14851,AA:BB:CC:00:85,44.9,89.9
SR-5242,EVT-11028,AA:BB:CC:00:100,43.9,80.1
SR-5243,EVT-13468,AA:BB:CC:00:83,47.4,78.2
SR-5244,EVT-10749,AA:BB:CC:00:09,45.0,83.0
SR-5245,EVT-12983,AA:BB:CC:00:27,41.9,85.5
SR-5246,EVT-14653,AA:BB:CC:00:31,43.0,81.5
SR-5247,EVT-14799,AA:BB:CC:00:15,42.7,87.0
SR-5248,EVT-12588,AA:BB:CC:00:96,40.9,78.3 C
SR-5249,EVT-13090,AA:BB:CC:00:29,44.7,75.0
SR-5250,EVT-11800,AA:BB:CC:00:09,47.0,87.8
SR-5251,EVT-11748,AA:BB:CC:00:44,44.0,83.2
SR-5252,EVT-13584,AA:BB:CC:00:81,43.9,77.4
SR-5253,EVT-10759,AA:BB:CC:00:60,42.6,78.8
SR-5254,EVT-10217,AA:BB:CC:00:78,46.6,78.9
SR-5255,EVT-11997,AA:BB:CC:00:39,46.4,85.6
SR-5256,EVT-11574,AA:BB:CC:00:51,44.8,88.1
SR-5257,EVT-11756,AA:BB:CC:00:40,45.2,79.6
SR-5258,EVT-11783,AA:BB:CC:00:63,41.5,87.8
SR-5259,EVT-13562,AA:BB:CC:00:06,44.5,77.6
SR-5260,EVT-10307,AA:BB:CC:00:38,45.3,81.9
SR-5261,EVT-13526,AA:BB:CC:00:32,9000,84.6
SR-5262,EVT-13095,AA:BB:CC:00:06,44.6,88.9
SR-5263,EVT-12330,AA:BB:CC:00:54,45.3,85.0
SR-5264,EVT-13817,AA:BB:CC:00:51,46.5,89.3
SR-5265,EVT-13442,AA:BB:CC:00:96,44.9,94.1
SR-5266,EVT-11729,AA:BB:CC:00:98,43.9,89.9
SR-5267,EVT-11142,AA:BB:CC:00:34,46.7,86.3
SR-5268,EVT-10061,AA:BB:CC:00:76,47.8,81.0
SR-5269,EVT-11020,AA:BB:CC:00:09,44.5,90.1
SR-5270,EVT-11423,AA:BB:CC:00:05,45.7,81.4
SR-5271,EVT-10551,AA:BB:CC:00:81,45.7,89.9
SR-5272,EVT-13007,AA:BB:CC:00:92,43.5,83.7
SR-5273,EVT-10566,AA:BB:CC:00:61,46.3,78.1
SR-5274,EVT-14942,AA:BB:CC:00:86,42.3,80.6
SR-5275,EVT-11007,AA:BB:CC:00:06,43.4,69.4
SR-5276,EVT-12521,AA:BB:CC:00:50,44.6,86.9
SR-5277,EVT-11636,AA:BB:CC:00:32,46.9,80.7
SR-5278,EVT-10560,AA:BB:CC:00:19,46.4,73.7
SR-5279,EVT-10361,AA:BB:CC:00:58,44.9,84.5
SR-5280,EVT-12819,AA:BB:CC:00:48,47.6,85.2
SR-5281,EVT-13311,AA:BB:CC:00:17,43.2,81.0
SR-5282,EVT-11848,AA:BB:CC:00:60,44.7,81.4
SR-5283,EVT-12671,AA:BB:CC:00:10,46.7,185 F
SR-5284,EVT-11258,AA:BB:CC:00:79,43.5,85.4
SR-5285,EVT-11172,AA:BB:CC:00:50,45.7,75.3
SR-5286,EVT-12615,AA:BB:CC:00:38,46.6,83.9
SR-5287,EVT-10691,AA:BB:CC:00:85,41.8,83.5
SR-5288,EVT-11917,AA:BB:CC:00:40,42.5,76.1
SR-5289,EVT-11927,AA:BB:CC:00:03,44.7,82.0
SR-5290,EVT-14255,AA:BB:CC:00:94,40.5,74.4
SR-5291,EVT-11911,AA:BB:CC:00:79,43.5,76.3
SR-5292,EVT-13141,AA:BB:CC:00:91,46.0,74.5
SR-5293,EVT-11831,AA:BB:CC:00:31,46.8,79.5
SR-5294,EVT-12756,AA:BB:CC:00:16,45.9,92.4
SR-5295,EVT-14258,AA:BB:CC:00:28,41.6,87.5
SR-5296,EVT-13154,AA:BB:CC:00:45,43.0,87.6
SR-5297,EVT-13232,AA:BB:CC:00:37,44.4,83.0
SR-5298,EVT-13685,AA:BB:CC:00:43,45.4,83.6
SR-5299,EVT-14335,AA:BB:CC:00:73,33.19 ft-lb,89.5
SR-5300,EVT-11965,AA:BB:CC:00:73,46.2,86.8
SR-5301,EVT-11735,AA:BB:CC:00:76,46.1,90.0
SR-5302,EVT-14581,AA:BB:CC:00:28,46.9,79.4
SR-5303,EVT-10670,AA:BB:CC:00:71,44.9,88.7
SR-5304,EVT-13274,AA:BB:CC:00:60,44.2,95.2
SR-5305,EVT-11859,AA:BB:CC:00:64, 44.1 ,82.5
SR-5306,EVT-11220,AA:BB:CC:00:60,43.1,82.9
SR-5307,EVT-11065,AA:BB:CC:00:99,48.3,87.9
SR-5308,EVT-10252,AA:BB:CC:00:36,33.19 ft-lb,91.2
SR-5309,EVT-14112,AA:BB:CC:00:47,43.6,83.0
SR-5310,EVT-13731,AA:BB:CC:00:38,42.7,76.2
SR-5311,EVT-14074,AA:BB:CC:00:65,45.4,81.5
SR-5312,EVT-10115,AA:BB:CC:00:34,46.1,79.9
SR-5313,EVT-11227,AA:BB:CC:00:22,33.19 ft-lb,71.3
SR-5314,EVT-10692,AA:BB:CC:00:94,46.6,88.9
SR-5315,EVT-10811,AA:BB:CC:00:84,45.3,80.7
SR-5316,EVT-12035,AA:BB:CC:00:51,46.4,86.4
SR-5317,EVT-14890,AA:BB:CC:00:72,44.8,93.7
SR-5318,EVT-10150,AA:BB:CC:00:45,45.9,74.3
SR-5319,EVT-12293,AA:BB:CC:00:71,43.8,84.4
SR-5320,EVT-11081,AA:BB:CC:00:02,43.6,86.9
SR-5321,EVT-12756,AA:BB:CC:00:58,41.7,82.3
SR-5322,EVT-10506,AA:BB:CC:00:94,44.4,185 F
SR-5323,EVT-13767,AA:BB:CC:00:12,44.5,84.1
SR-5324,EVT-11115,AA:BB:CC:00:100,43.0,77.1
SR-5325,EVT-11629,AA:BB:CC:00:27,45.9,90.0
SR-5326,EVT-11964,AA:BB:CC:00:98,45.2,86.1
SR-5327,EVT-14487,AA:BB:CC:00:38,47.6,82.1
SR-5328,EVT-14141,AA:BB:CC:00:75,46.2,80.3
SR-5329,EVT-10154,AA:BB:CC:00:20,43.0,77.8
SR-5330,EVT-13141,AA:BB:CC:00:94,48.1,86.4
SR-5331,EVT-13974,AA:BB:CC:00:43,43.8,86.7
SR-5332,EVT-14606,AA:BB:CC:00:32,43.3,88.0
SR-5333,EVT-14377,AA:BB:CC:00:90,48.8,93.6
SR-5334,EVT-10029,AA:BB:CC:00:23,46.0,84.9
SR-5335,EVT-10720,AA:BB:CC:00:41,44.0,84.1
SR-5336,EVT-11346,AA:BB:CC:00:88,47.0,80.4
SR-5337,EVT-12997,AA:BB:CC:00:02,46.4,92.7
SR-5338,EVT-13287,AA:BB:CC:00:62,47.7,94.7
SR-5339,EVT-13803,AA:BB:CC:00:96,42.7,75.2
SR-5340,EVT-12052,AA:BB:CC:00:53,43.8,81.7
SR-5341,EVT-12917,AA:BB:CC:00:57,44.2,98.0
SR-5342,EVT-11270,AA:BB:CC:00:48,47.0,73.3
SR-5343,EVT-11116,AA:BB:CC:00:79,43.4,80.6
SR-5344,EVT-11814,AA:BB:CC:00:06,41.4,87.5
SR-5345,EVT-14410,AA:BB:CC:00:16,40.5,93.9
SR-5346,EVT-12482,AA:BB:CC:00:11,43.7,93.5
SR-5347,EVT-13261,AA:BB:CC:00:46,45.9,86.8
SR-5348,EVT-14639,AA:BB:CC:00:73,45.0,84.5
SR-5349,EVT-12480,AA:BB:CC:00:57,45.8,89.3
SR-5350,EVT-11563,AA:BB:CC:00:67,45.9,90.0
SR-5351,EVT-13953,AA:BB:CC:00:07,43.4,83.2
SR-5352,EVT-13270,AA:BB:CC:00:52,44.8,89.2
SR-5353,EVT-13492,AA:BB:CC:00:52,46.7,83.5
SR-5354,EVT-11564,AA:BB:CC:00:30,45.5,77.9
SR-5355,EVT-13602,AA:BB:CC:00:55,43.6,91.2
SR-5356,EVT-14530,AA:BB:CC:00:22,44.7,95.5
SR-5357,EVT-14468,AA:BB:CC:00:04,43.4,81.4
SR-5358,EVT-12318,AA:BB:CC:00:05,46.0,80.6
SR-5359,EVT-10015,AA:BB:CC:00:22,45.8,68.0
SR-5360,EVT-11896,AA:BB:CC:00:68,46.8,87.7
SR-5361,EVT-12236,AA:BB:CC:00:04,45.0,91.5
SR-5362,EVT-12054,AA:BB:CC:00:43,41.2 Nm,82.3
SR-5363,EVT-13538,AA:BB:CC:00:15,47.0,89.7
SR-5364,EVT-13419,AA:BB:CC:00:16,44.5,79.3
SR-5365,EVT-11099,AA:BB:CC:00:84,45.7,80.8
SR-5366,EVT-14953,AA:BB:CC:00:58,44.8,73.1
SR-5367,EVT-13682,AA:BB:CC:00:74,45.1,85.0
SR-5368,EVT-12627,AA:BB:CC:00:33,45.3,85.3
SR-5369,EVT-10730,AA:BB:CC:00:95,41.2,84.2
SR-5370,EVT-12498,AA:BB:CC:00:65,9000,89.0
SR-5371,EVT-14409,AA:BB:CC:00:25,45.8,92.5
SR-5372,EVT-14562,AA:BB:CC:00:37,45.4,83.4
SR-5373,EVT-11843,AA:BB:CC:00:18,44.3,94.5
SR-5374,EVT-11232,AA:BB:CC:00:25,44.0,83.6
SR-5375,EVT-14919,AA:BB:CC:00:15,44.6,83.4
SR-5376,EVT-10081,AA:BB:CC:00:68,44.7,84.1
SR-5377,EVT-13468,AA:BB:CC:00:35,47.7,94.9
SR-5378,EVT-14191,AA:BB:CC:00:68,43.8,81.5
SR-5379,EVT-14484,AA:BB:CC:00:42,49.0,88.6
SR-5380,EVT-12418,AA:BB:CC:00:84,45.2,85.2
SR-5381,EVT-11095,AA:BB:CC:00:12,47.1,87.1
SR-5382,EVT-14559,AA:BB:CC:00:94,46.4,80.8
SR-5383,EVT-13167,AA:BB:CC:00:22,45.3,78.4
SR-5384,EVT-10826,AA:BB:CC:00:36,45.4,90.2
SR-5385,EVT-11816,AA:BB:CC:00:34,46.7,85.9
SR-5386,EVT-14431,AA:BB:CC:00:91,48.0,81.5
SR-5387,EVT-12061,AA:BB:CC:00:25,43.6,75.7
SR-5388,EVT-10716,AA:BB:CC:00:39,43.2,82.2
SR-5389,EVT-10563,AA:BB:CC:00:76,44.7,82.7
SR-5390,EVT-12328,AA:BB:CC:00:59,44.5,91.9
SR-5391,EVT-13143,AA:BB:CC:00:76,46.2,77.9
SR-5392,EVT-14151,AA:BB:CC:00:85,45.1,88.4
SR-5393,EVT-13065,AA:BB:CC:00:50,44.7,91.9
SR-5394,EVT-11233,AA:BB:CC:00:61,42.9,81.1
SR-5395,EVT-11316,AA:BB:CC:00:33,46.5,76.0
SR-5396,EVT-12757,AA:BB:CC:00:07,46.3,91.2
SR-5397,EVT-11432,AA:BB:CC:00:19,44.0,97.7
SR-5398,EVT-11427,AA:BB:CC:00:88,44.1,81.0
SR-5399,EVT-12165,AA:BB:CC:00:20,46.5,82.3
SR-5400,EVT-12384,AA:BB:CC:00:05,45.4,81.2
SR-5401,EVT-10223,AA:BB:CC:00:94,33.19 ft-lb,82.3
SR-5402,EVT-10316,AA:BB:CC:00:07,47.4,83.5
SR-5403,EVT-14431,AA:BB:CC:00:20,42.5,86.4
SR-5404,EVT-12532,AA:BB:CC:00:47,46.6,78.1
SR-5405,EVT-14354,AA:BB:CC:00:81,49.8,87.1
SR-5406,EVT-10292,AA:BB:CC:00:98,41.1,77.8
SR-5407,EVT-14599,AA:BB:CC:00:07,42.6,91.8
SR-5408,EVT-11534,AA:BB:CC:00:75,48.4,94.0
SR-5409,EVT-11551,AA:BB:CC:00:82,45.2,88.9
SR-5410,EVT-11391,AA:BB:CC:00:94,45.4,77.8
SR-5411,EVT-11020,AA:BB:CC:00:84,46.2,87.0
SR-5412,EVT-10619,AA:BB:CC:00:64,41.9,82.9
SR-5413,EVT-11296,AA:BB:CC:00:66,46.9,83.9
SR-5414,EVT-13755,AA:BB:CC:00:07,42.9,76.8
SR-5415,EVT-14286,AA:BB:CC:00:91,46.7,85.5
SR-5416,EVT-13169,AA:BB:CC:00:15,41.0,88.1
SR-5417,EVT-13753,AA:BB:CC:00:83,46.0,185 F
SR-5418,EVT-12657,AA:BB:CC:00:34,45.4,89.2
SR-5419,EVT-11680,AA:BB:CC:00:66,45.8,80.9
SR-5420,EVT-14631,AA:BB:CC:00:28,48.2,83.8
SR-5421,EVT-10676,AA:BB:CC:00:66,44.6,83.9
SR-5422,EVT-10782,AA:BB:CC:00:11,48.4,84.6
SR-5423,EVT-10313,AA:BB:CC:00:70,42.1,84.3
SR-5424,EVT-11716,AA:BB:CC:00:56, 49.4 ,84.9
SR-5425,EVT-14689,AA:BB:CC:00:23,43.7,85.4
SR-5426,EVT-10253,AA:BB:CC:00:10,46.4,82.8
SR-5427,EVT-12871,AA:BB:CC:00:97,46.3,85.9
SR-5428,EVT-14620,AA:BB:CC:00:83,44.3,76.3
SR-5429,EVT-11698,AA:BB:CC:00:75,47.1,80.7
SR-5430,EVT-10163,AA:BB:CC:00:24,45.6,90.1
SR-5431,EVT-13401,AA:BB:CC:00:60,46.1,84.3
SR-5432,EVT-10348,AA:BB:CC:00:92,43.9,85.5
SR-5433,EVT-10929,AA:BB:CC:00:12,46.1,81.3
SR-5434,EVT-14631,AA:BB:CC:00:92,43.5,93.0
SR-5435,EVT-12228,AA:BB:CC:00:05,44.1,82.7
SR-5436,EVT-11678,AA:BB:CC:00:19,43.1,70.8
SR-5437,EVT-11026,AA:BB:CC:00:72,46.7,81.3
SR-5438,EVT-14637,AA:BB:CC:00:37,44.9,90.3
SR-5439,EVT-11592,AA:BB:CC:00:28,43.2,86.2
SR-5440,EVT-10790,AA:BB:CC:00:44,47.0,74.9
SR-5441,EVT-11437,AA:BB:CC:00:43,41.0,83.1
SR-5442,EVT-13391,AA:BB:CC:00:69,43.6,76.6
SR-5443,EVT-10399,AA:BB:CC:00:72,44.2,80.6
SR-5444,EVT-12467,AA:BB:CC:00:88,43.7,80.5
SR-5445,EVT-11309,AA:BB:CC:00:20,47.0,93.2
SR-5446,EVT-14141,AA:BB:CC:00:99,47.1,79.6
SR-5447,EVT-11103,AA:BB:CC:00:06,46.3,80.4
SR-5448,EVT-14863,AA:BB:CC:00:69,42.4,76.0
SR-5449,EVT-10859,AA:BB:CC:00:74,44.0,75.3
SR-5450,EVT-14981,AA:BB:CC:00:92,45.4,80.9
SR-5451,EVT-11485,AA:BB:CC:00:12,46.6,82.6
SR-5452,EVT-14333,AA:BB:CC:00:15,44.5,84.0
SR-5453,EVT-10466,AA:BB:CC:00:67,45.6,95.0
SR-5454,EVT-13280,AA:BB:CC:00:87,46.4,87.8
SR-5455,EVT-14285,AA:BB:CC:00:63,46.9,77.1
SR-5456,EVT-14764,AA:BB:CC:00:36,45.8,91.7
SR-5457,EVT-12173,AA:BB:CC:00:07,44.2,85.7
SR-5458,EVT-11495,AA:BB:CC:00:01,33.19 ft-lb,82.1
SR-5459,EVT-12130,AA:BB:CC:00:72,44.1,185 F
SR-5460,EVT-12090,AA:BB:CC:00:91,46.7,82.2
SR-5461,EVT-11315,AA:BB:CC:00:49,44.7,82.9
SR-5462,EVT-14982,AA:BB:CC:00:22,49.1,86.4
SR-5463,EVT-12192,AA:BB:CC:00:52,44.5,89.1
SR-5464,EVT-14277,AA:BB:CC:00:95,42.8,82.1
SR-5465,EVT-11183,AA:BB:CC:00:43,50.3,90.9
SR-5466,EVT-10766,AA:BB:CC:00:39,47.0,83.2
SR-5467,EVT-12029,AA:BB:CC:00:75,42.8,88.6
SR-5468,EVT-12591,AA:BB:CC:00:43,42.9,83.0
SR-5469,EVT-13649,AA:BB:CC:00:54,49.2,82.7
SR-5470,EVT-13909,AA:BB:CC:00:21,43.1,88.9
SR-5471,EVT-12674,AA:BB:CC:00:15,45.0,77.6
SR-5472,EVT-10419,AA:BB:CC:00:92,46.0,84.0
SR-5473,EVT-10261,AA:BB:CC:00:38,47.3,78.3
SR-5474,EVT-14635,AA:BB:CC:00:23,49.1,84.6
SR-5475,EVT-10902,AA:BB:CC:00:91,46.5,93.6
SR-5476,EVT-14845,AA:BB:CC:00:83,48.8,87.0
SR-5477,EVT-10914,AA:BB:CC:00:80,47.3,87.4
SR-5478,EVT-10049,AA:BB:CC:00:76,47.3,78.7
SR-5479,EVT-12009,AA:BB:CC:00:51,46.4,81.5
SR-5480,EVT-10631,AA:BB:CC:00:23,43.7,85.3
SR-5481,EVT-11573,AA:BB:CC:00:51,48.7,81.4
SR-5482,EVT-10722,AA:BB:CC:00:71,44.4,84.6
SR-5483,EVT-12310,AA:BB:CC:00:46,46.9,89.2
SR-5484,EVT-10208,AA:BB:CC:00:94,41.3,83.4
SR-5485,EVT-10888,AA:BB:CC:00:61,46.4,82.3
SR-5486,EVT-14459,AA:BB:CC:00:16,47.9,92.6
SR-5487,EVT-10102,AA:BB:CC:00:60,42.7,78.6
SR-5488,EVT-12000,AA:BB:CC:00:32,46.0,77.9
SR-5489,EVT-14447,AA:BB:CC:00:41,41.4,83.5
SR-5490,EVT-12139,AA:BB:CC:00:60,45.1,80.1
SR-5491,EVT-13100,AA:BB:CC:00:21,47.4,90.6
SR-5492,EVT-11976,AA:BB:CC:00:68,44.0,86.4
SR-5493,EVT-14301,AA:BB:CC:00:07,46.0 Nm,90.3
SR-5494,EVT-12852,AA:BB:CC:00:91,45.8,92.1
SR-5495,EVT-11868,AA:BB:CC:00:70,43.9,87.9
SR-5496,EVT-12065,AA:BB:CC:00:20,44.1,91.6
SR-5497,EVT-11915,AA:BB:CC:00:44,46.3,83.7
SR-5498,EVT-10176,AA:BB:CC:00:44,46.8,84.8
SR-5499,EVT-13722,AA:BB:CC:00:12,42.0,87.4
SR-5500,EVT-10440,AA:BB:CC:00:59, 49.6 ,95.0
SR-5501,EVT-12578,AA:BB:CC:00:78,44.2,86.2
SR-5502,EVT-12675,AA:BB:CC:00:34,46.3,82.5
SR-5503,EVT-12868,AA:BB:CC:00:44,46.2,84.4
SR-5504,EVT-10521,AA:BB:CC:00:81,45.4,76.2
SR-5505,EVT-11280,AA:BB:CC:00:40,44.1,79.2
SR-5506,EVT-13301,AA:BB:CC:00:84,44.0,79.1
SR-5507,EVT-12714,AA:BB:CC:00:02,44.3,85.5
SR-5508,EVT-14760,AA:BB:CC:00:61,43.9,84.8
SR-5509,EVT-12662,AA:BB:CC:00:21,41.3,85.4
SR-5510,EVT-10001,AA:BB:CC:00:12,46.5,92.1
SR-5511,EVT-13235,AA:BB:CC:00:77,43.4,84.6
SR-5512,EVT-10992,AA:BB:CC:00:65,50.6,88.4
SR-5513,EVT-10957,AA:BB:CC:00:82,46.3,90.7
SR-5514,EVT-10924,AA:BB:CC:00:78,45.1,80.9
SR-5515,EVT-10052,AA:BB:CC:00:95,46.3,79.4
SR-5516,EVT-13041,AA:BB:CC:00:88,42.8,83.5
SR-5517,EVT-14099,AA:BB:CC:00:12,49.0,86.0
SR-5518,EVT-11584,AA:BB:CC:00:52,44.4,78.1
SR-5519,EVT-13268,AA:BB:CC:00:89,47.9,69.4
SR-5520,EVT-10681,AA:BB:CC:00:100,46.1,88.9
SR-5521,EVT-10629,AA:BB:CC:00:14,48.7,77.7
SR-5522,EVT-13146,AA:BB:CC:00:18,45.6,79.6
SR-5523,EVT-11856,AA:BB:CC:00:24,43.5,87.9
SR-5524,EVT-14300,AA:BB:CC:00:26,46.1,80.1
SR-5525,EVT-12593,AA:BB:CC:00:94,45.4,73.4
SR-5526,EVT-12573,AA:BB:CC:00:61,45.7,85.3
SR-5527,EVT-12996,AA:BB:CC:00:68,45.7,88.0
SR-5528,EVT-11355,AA:BB:CC:00:64,42.4,91.3
SR-5529,EVT-12816,AA:BB:CC:00:40,46.4 Nm,88.6
SR-5530,EVT-10775,AA:BB:CC:00:29,41.5,91.4
SR-5531,EVT-14497,AA:BB:CC:00:18,46.2,78.7
SR-5532,EVT-11918,AA:BB:CC:00:68,46.1,93.9
SR-5533,EVT-14735,AA:BB:CC:00:59,47.2,80.3
SR-5534,EVT-10734,AA:BB:CC:00:97,45.0,81.2
SR-5535,EVT-12114,AA:BB:CC:00:56,42.1,84.7
SR-5536,EVT-11173,AA:BB:CC:00:66,44.7,85.5
SR-5537,EVT-14951,AA:BB:CC:00:12,44.8,79.9
SR-5538,EVT-11236,AA:BB:CC:00:22,46.9,87.8
SR-5539,EVT-11572,AA:BB:CC:00:62,48.3,86.4
SR-5540,EVT-11524,AA:BB:CC:00:26,47.6,84.0
SR-5541,EVT-12680,AA:BB:CC:00:14,44.5,86.6
SR-5542,EVT-12273,AA:BB:CC:00:09,43.7,81.8
SR-5543,EVT-11406,AA:BB:CC:00:74,47.7,87.8
SR-5544,EVT-12236,AA:BB:CC:00:07,43.2,85.0
SR-5545,EVT-11241,AA:BB:CC:00:47,43.2,81.2
SR-5546,EVT-13840,AA:BB:CC:00:58,46.5,84.8
SR-5547,EVT-12258,AA:BB:CC:00:20,43.0,83.1
SR-5548,EVT-14438,AA:BB:CC:00:79,44.1,81.1
SR-5549,EVT-12535,AA:BB:CC:00:56,45.5,87.9
SR-5550,EVT-10993,AA:BB:CC:00:43,46.3,84.8
SR-5551,EVT-10346,AA:BB:CC:00:98, 46.0 ,88.9
SR-5552,EVT-12370,AA:BB:CC:00:60,44.4,84.9
SR-5553,EVT-14589,AA:BB:CC:00:52,43.5,185 F
SR-5554,EVT-11510,AA:BB:CC:00:88,42.1,86.5
SR-5555,EVT-11958,AA:BB:CC:00:66,45.1,86.1
SR-5556,EVT-10975,AA:BB:CC:00:20,44.3,82.5
SR-5557,EVT-12050,AA:BB:CC:00:13,48.9,78.1
SR-5558,EVT-12585,AA:BB:CC:00:25,43.3,73.7
SR-5559,EVT-10002,AA:BB:CC:00:36,45.3,88.2
SR-5560,EVT-12843,AA:BB:CC:00:03,43.3,85.4
SR-5561,EVT-12286,AA:BB:CC:00:47,42.1,79.9
SR-5562,EVT-11267,AA:BB:CC:00:12,45.4,88.8
SR-5563,EVT-12474,AA:BB:CC:00:60,42.3,77.6
SR-5564,EVT-10541,AA:BB:CC:00:97,45.3,87.0
SR-5565,EVT-14438,AA:BB:CC:00:28,44.0,83.2
SR-5566,EVT-11425,AA:BB:CC:00:75,43.0,84.3
SR-5567,EVT-13925,AA:BB:CC:00:81,45.4,82.6
SR-5568,EVT-12668,AA:BB:CC:00:14,46.0,90.2
SR-5569,EVT-12876,AA:BB:CC:00:31,47.9,88.9
SR-5570,EVT-12304,AA:BB:CC:00:69,42.3,76.2
SR-5571,EVT-12111,AA:BB:CC:00:66,46.1,87.1
SR-5572,EVT-10730,AA:BB:CC:00:60,42.7,84.6
SR-5573,EVT-10141,AA:BB:CC:00:77,47.0,83.9
SR-5574,EVT-12813,AA:BB:CC:00:20,45.4,83.9
SR-5575,EVT-10963,AA:BB:CC:00:11,46.8,81.5
SR-5576,EVT-10692,AA:BB:CC:00:78,44.5,86.0
SR-5577,EVT-12462,AA:BB:CC:00:04,47.5,78.4
SR-5578,EVT-13193,AA:BB:CC:00:52,43.0,93.7 C
SR-5579,EVT-13386,AA:BB:CC:00:47,45.2,82.0
SR-5580,EVT-12497,AA:BB:CC:00:67,46.6,87.0
SR-5581,EVT-14847,AA:BB:CC:00:11,46.9,82.2
SR-5582,EVT-14900,AA:BB:CC:00:50,42.9,81.7
SR-5583,EVT-12803,AA:BB:CC:00:89,44.4,87.7
SR-5584,EVT-13633,AA:BB:CC:00:23,43.4 Nm,84.3
SR-5585,EVT-11217,AA:BB:CC:00:81,45.6,84.2
SR-5586,EVT-10525,AA:BB:CC:00:62,46.0,92.0
SR-5587,EVT-10280,AA:BB:CC:00:53,45.2,86.5
SR-5588,EVT-13419,AA:BB:CC:00:95,43.7,80.0
SR-5589,EVT-13823,AA:BB:CC:00:14,46.8,81.3
SR-5590,EVT-12567,AA:BB:CC:00:47,43.5,87.4
SR-5591,EVT-11721,AA:BB:CC:00:18,42.0,87.4
SR-5592,EVT-11783,AA:BB:CC:00:67,43.7,86.1
SR-5593,EVT-10500,AA:BB:CC:00:99,43.7,83.7
SR-5594,EVT-10005,AA:BB:CC:00:83,43.8,83.9
SR-5595,EVT-10083,AA:BB:CC:00:23,45.5,83.8
SR-5596,EVT-13340,AA:BB:CC:00:95,43.3,185 F
SR-5597,EVT-10033,AA:BB:CC:00:60,46.6,85.3
SR-5598,EVT-14569,AA:BB:CC:00:59,45.2,90.9
SR-5599,EVT-13940,AA:BB:CC:00:88,44.4,83.1
SR-5600,EVT-11197,AA:BB:CC:00:50,46.0,91.0
SR-5601,EVT-13799,AA:BB:CC:00:61,43.2,82.5
SR-5602,EVT-13444,AA:BB:CC:00:17,45.0,79.0
SR-5603,EVT-14052,AA:BB:CC:00:54,43.7,78.1
SR-5604,EVT-12553,AA:BB:CC:00:91,44.5,80.2
SR-5605,EVT-14055,AA:BB:CC:00:09,44.5,82.1
SR-5606,EVT-14295,AA:BB:CC:00:32,43.7,78.2
SR-5607,EVT-13032,AA:BB:CC:00:78,43.3,85.0
SR-5608,EVT-14199,AA:BB:CC:00:22,44.9,87.4
SR-5609,EVT-13757,AA:BB:CC:00:40,44.9,83.0
SR-5610,EVT-10836,AA:BB:CC:00:78,47.4,82.3
SR-5611,EVT-13854,AA:BB:CC:00:52,45.7,79.5
SR-5612,EVT-11577,AA:BB:CC:00:78,40.5,82.4
SR-5613,EVT-13127,AA:BB:CC:00:28,43.1,89.1
SR-5614,EVT-12730,AA:BB:CC:00:44,44.9,88.4
SR-5615,EVT-13665,AA:BB:CC:00:54,45.3,86.2
SR-5616,EVT-11989,AA:BB:CC:00:97,44.3,90.4
SR-5617,EVT-11909,AA:BB:CC:00:48,44.1,92.1
SR-5618,EVT-10068,AA:BB:CC:00:22,45.0,85.0
SR-5619,EVT-11677,AA:BB:CC:00:35,47.5,92.0
SR-5620,EVT-11227,AA:BB:CC:00:45,47.0,79.2
SR-5621,EVT-12344,AA:BB:CC:00:28,45.2,91.3
SR-5622,EVT-13258,AA:BB:CC:00:67,45.6,81.6
SR-5623,EVT-12097,AA:BB:CC:00:86,43.2,88.2
SR-5624,EVT-14297,AA:BB:CC:00:38,43.4,90.2 C
SR-5625,EVT-10422,AA:BB:CC:00:53,43.2,80.0
SR-5626,EVT-11326,AA:BB:CC:00:87,44.8,82.8
SR-5627,EVT-11149,AA:BB:CC:00:06,40.9,89.4
SR-5628,EVT-13801,AA:BB:CC:00:14,44.9,82.1
SR-5629,EVT-14012,AA:BB:CC:00:86,46.0,89.2
SR-5630,EVT-10312,AA:BB:CC:00:36,46.8,76.8
SR-5631,EVT-14357,AA:BB:CC:00:84,44.7,79.6
SR-5632,EVT-10620,AA:BB:CC:00:51,41.6,90.4
SR-5633,EVT-10593,AA:BB:CC:00:87,43.4,80.3
SR-5634,EVT-12896,AA:BB:CC:00:77,46.1,87.2
SR-5635,EVT-14539,AA:BB:CC:00:44,41.3,92.3
SR-5636,EVT-10611,AA:BB:CC:00:45,44.7,91.1
SR-5637,EVT-14952,AA:BB:CC:00:73,45.0,74.4
SR-5638,EVT-10626,AA:BB:CC:00:41,46.9,77.3
SR-5639,EVT-11947,AA:BB:CC:00:06,44.4,73.6
SR-5640,EVT-12335,AA:BB:CC:00:92,44.1,79.9
SR-5641,EVT-11967,AA:BB:CC:00:07,40.3,87.4
SR-5642,EVT-11426,AA:BB:CC:00:83,46.3,80.1
SR-5643,EVT-12078,AA:BB:CC:00:95,42.6,82.6
SR-5644,EVT-13003,AA:BB:CC:00:99,42.9,91.3
SR-5645,EVT-12454,AA:BB:CC:00:93,45.4,83.7
SR-5646,EVT-10501,AA:BB:CC:00:47,41.9,85.2
SR-5647,EVT-14736,AA:BB:CC:00:33,47.2,91.9
SR-5648,EVT-11173,AA:BB:CC:00:22,47.2,79.2
SR-5649,EVT-11927,AA:BB:CC:00:67,43.7,86.9
SR-5650,EVT-11348,AA:BB:CC:00:77,44.8,82.6
SR-5651,EVT-13707,AA:BB:CC:00:13,41.2,87.7
SR-5652,EVT-13360,AA:BB:CC:00:56,43.5,86.4
SR-5653,EVT-14671,AA:BB:CC:00:77,46.5,90.1
SR-5654,EVT-12875,AA:BB:CC:00:12,46.8,79.1 C
SR-5655,EVT-10000,AA:BB:CC:00:05,43.6,80.3
SR-5656,EVT-11577,AA:BB:CC:00:77,44.2,83.2
SR-5657,EVT-13892,AA:BB:CC:00:55,44.5,87.8
SR-5658,EVT-11996,AA:BB:CC:00:76,40.6,91.3
SR-5659,EVT-14297,AA:BB:CC:00:74,44.1,80.8
SR-5660,EVT-13433,AA:BB:CC:00:15,45.0,87.5
SR-5661,EVT-12424,AA:BB:CC:00:66,48.3,78.2
SR-5662,EVT-10533,AA:BB:CC:00:38,47.6,90.2
SR-5663,EVT-12325,AA:BB:CC:00:80,47.6,88.8
SR-5664,EVT-13454,AA:BB:CC:00:97,47.9,78.7
SR-5665,EVT-13613,AA:BB:CC:00:98,47.0,83.6
SR-5666,EVT-14135,AA:BB:CC:00:55,43.8,79.1
SR-5667,EVT-13152,AA:BB:CC:00:89,43.6 Nm,91.2
SR-5668,EVT-13872,AA:BB:CC:00:55,44.8,85.8
SR-5669,EVT-11505,AA:BB:CC:00:47,42.6,86.7
SR-5670,EVT-12290,AA:BB:CC:00:90,33.19 ft-lb,75.8
SR-5671,EVT-11341,AA:BB:CC:00:14,44.6,87.0
SR-5672,EVT-11758,AA:BB:CC:00:15,46.1,79.5
SR-5673,EVT-11944,AA:BB:CC:00:35,47.6 Nm,94.6
SR-5674,EVT-11555,AA:BB:CC:00:31,46.9,84.6
SR-5675,EVT-14214,AA:BB:CC:00:34,44.3,87.5
SR-5676,EVT-11602,AA:BB:CC:00:73,40.8,83.2
SR-5677,EVT-11721,AA:BB:CC:00:07,46.0,89.0
SR-5678,EVT-12553,AA:BB:CC:00:38,45.9,84.5
SR-5679,EVT-14520,AA:BB:CC:00:01,46.3,87.5
SR-5680,EVT-10575,AA:BB:CC:00:87,43.9,87.9
SR-5681,EVT-10869,AA:BB:CC:00:14,42.2,78.6
SR-5682,EVT-11325,AA:BB:CC:00:25,43.2,87.0
SR-5683,EVT-12791,AA:BB:CC:00:08,46.3,87.9
SR-5684,EVT-11209,AA:BB:CC:00:40,46.9,83.1
SR-5685,EVT-14247,AA:BB:CC:00:06,47.4,95.8
SR-5686,EVT-13606,AA:BB:CC:00:79,46.1,84.3
SR-5687,EVT-12567,AA:BB:CC:00:20,43.5,89.2
SR-5688,EVT-13963,AA:BB:CC:00:81,45.5,80.5
SR-5689,EVT-13727,AA:BB:CC:00:96,43.2,83.9
SR-5690,EVT-11980,AA:BB:CC:00:59,44.3,91.2
SR-5691,EVT-11900,AA:BB:CC:00:06,46.2,83.4
SR-5692,EVT-12460,AA:BB:CC:00:39,43.4,81.6
SR-5693,EVT-13838,AA:BB:CC:00:92,44.9,87.9
SR-5694,EVT-11342,AA:BB:CC:00:10,48.0,92.8
SR-5695,EVT-11689,AA:BB:CC:00:09,49.9,86.6
SR-5696,EVT-10904,AA:BB:CC:00:34,46.6,86.1
SR-5697,EVT-13474,AA:BB:CC:00:77,42.1,91.0
SR-5698,EVT-11862,AA:BB:CC:00:55,46.1,79.4
SR-5699,EVT-14719,AA:BB:CC:00:75,44.4,86.4
SR-5700,EVT-13864,AA:BB:CC:00:75,44.0,81.6
SR-5701,EVT-10535,AA:BB:CC:00:94,43.5,90.9
SR-5702,EVT-10686,AA:BB:CC:00:92,42.9,84.1
SR-5703,EVT-13772,AA:BB:CC:00:87,46.2,87.0
SR-5704,EVT-10737,AA:BB:CC:00:61,46.7,82.4
SR-5705,EVT-11180,AA:BB:CC:00:59,46.5,77.4
SR-5706,EVT-12913,AA:BB:CC:00:79,43.5,96.4
SR-5707,EVT-10787,AA:BB:CC:00:11,44.1,78.1
SR-5708,EVT-10772,AA:BB:CC:00:13,49.2,91.3
SR-5709,EVT-10235,AA:BB:CC:00:62,43.0,85.5
SR-5710,EVT-14573,AA:BB:CC:00:92,45.2,90.7
SR-5711,EVT-10689,AA:BB:CC:00:71,43.1,79.6
SR-5712,EVT-10773,AA:BB:CC:00:95,44.9,85.5
SR-5713,EVT-10150,AA:BB:CC:00:22,43.2,77.9
SR-5714,EVT-10016,AA:BB:CC:00:38,44.4,92.1 C
SR-5715,EVT-11500,AA:BB:CC:00:14,46.6,92.0
SR-5716,EVT-14099,AA:BB:CC:00:06,43.8,80.1
SR-5717,EVT-11882,AA:BB:CC:00:31,46.3,87.0
SR-5718,EVT-13977,AA:BB:CC:00:51,42.5,88.2
SR-5719,EVT-13233,AA:BB:CC:00:03,46.2,88.6
SR-5720,EVT-11626,AA:BB:CC:00:17,42.3,86.7
SR-5721,EVT-11465,AA:BB:CC:00:20,44.1,86.4
SR-5722,EVT-12823,AA:BB:CC:00:07,45.6,87.3
SR-5723,EVT-10125,AA:BB:CC:00:17,9000,82.2
SR-5724,EVT-14019,AA:BB:CC:00:58,44.4,88.4
SR-5725,EVT-14211,AA:BB:CC:00:90,44.6,84.4
SR-5726,EVT-12587,AA:BB:CC:00:27,43.1,95.0
SR-5727,EVT-13208,AA:BB:CC:00:13,46.1,89.4
SR-5728,EVT-13059,AA:BB:CC:00:05,47.6,79.0
SR-5729,EVT-12234,AA:BB:CC:00:65,42.6,87.2
SR-5730,EVT-13472,AA:BB:CC:00:17,43.7,89.2
SR-5731,EVT-14128,AA:BB:CC:00:37,45.2,89.7
SR-5732,EVT-11904,AA:BB:CC:00:16,48.6,87.8
SR-5733,EVT-12060,AA:BB:CC:00:18,46.3,89.4
SR-5734,EVT-13325,AA:BB:CC:00:92,43.3,87.7
SR-5735,EVT-14454,AA:BB:CC:00:03,42.9,85.1
SR-5736,EVT-10822,AA:BB:CC:00:18,45.7,86.2
SR-5737,EVT-12061,AA:BB:CC:00:41,43.8,90.4
SR-5738,EVT-13335,AA:BB:CC:00:94,42.9,92.8
SR-5739,EVT-10159,AA:BB:CC:00:96,42.4,89.0
SR-5740,EVT-10906,AA:BB:CC:00:78,47.1,82.4 C
SR-5741,EVT-12786,AA:BB:CC:00:17,43.5,87.5
SR-5742,EVT-11700,AA:BB:CC:00:83,40.7,84.4
SR-5743,EVT-12713,AA:BB:CC:00:61,42.5,83.4
SR-5744,EVT-14428,AA:BB:CC:00:47,44.5,86.5
SR-5745,EVT-11573,AA:BB:CC:00:72,45.8,88.6
SR-5746,EVT-13056,AA:BB:CC:00:68,46.0,89.4
SR-5747,EVT-12151,AA:BB:CC:00:24,45.1,79.0
SR-5748,EVT-14250,AA:BB:CC:00:93,46.7,86.9
SR-5749,EVT-14176,AA:BB:CC:00:47,47.3,93.3
SR-5750,EVT-13250,AA:BB:CC:00:56, 46.6 ,73.1
SR-5751,EVT-14494,AA:BB:CC:00:75,48.2,91.5
SR-5752,EVT-11341,AA:BB:CC:00:76,46.5,78.2
SR-5753,EVT-14704,AA:BB:CC:00:14,40.3,82.2
SR-5754,EVT-12077,AA:BB:CC:00:71,46.6,82.4
SR-5755,EVT-14529,AA:BB:CC:00:67,45.0,89.9
SR-5756,EVT-11030,AA:BB:CC:00:96,45.7,71.4
SR-5757,EVT-11830,AA:BB:CC:00:11,45.7,90.4
SR-5758,EVT-10783,AA:BB:CC:00:02,47.3,88.9
SR-5759,EVT-10714,AA:BB:CC:00:17,43.9,83.1
SR-5760,EVT-10589,AA:BB:CC:00:42,44.3,89.3
SR-5761,EVT-12710,AA:BB:CC:00:58,44.5,90.6
SR-5762,EVT-10186,AA:BB:CC:00:23,46.3,85.1
SR-5763,EVT-11051,AA:BB:CC:00:33,47.1,185 F
SR-5764,EVT-10489,AA:BB:CC:00:86,43.3,84.4
SR-5765,EVT-13012,AA:BB:CC:00:45,47.7,92.5
SR-5766,EVT-11367,AA:BB:CC:00:78,47.5,83.2
SR-5767,EVT-14786,AA:BB:CC:00:49,44.2,76.9
SR-5768,EVT-11745,AA:BB:CC:00:20,43.9,84.0
SR-5769,EVT-13267,AA:BB:CC:00:53,47.2,84.2
SR-5770,EVT-14310,AA:BB:CC:00:17,45.0,86.7
SR-5771,EVT-14898,AA:BB:CC:00:08,42.8,74.1
SR-5772,EVT-11162,AA:BB:CC:00:07,44.5,86.4
SR-5773,EVT-13782,AA:BB:CC:00:37,41.8,94.1
SR-5774,EVT-10593,AA:BB:CC:00:100,43.5,79.7
SR-5775,EVT-12585,AA:BB:CC:00:49,47.5,80.2
SR-5776,EVT-10558,AA:BB:CC:00:68,48.8,84.8
SR-5777,EVT-10509,AA:BB:CC:00:30,44.7,75.5
SR-5778,EVT-13568,AA:BB:CC:00:52,44.8,85.4
SR-5779,EVT-13609,AA:BB:CC:00:54,46.6,79.3
SR-5780,EVT-10312,AA:BB:CC:00:52,47.8,87.3
SR-5781,EVT-13191,AA:BB:CC:00:85,43.2,78.3
SR-5782,EVT-13293,AA:BB:CC:00:42,43.6,96.0
SR-5783,EVT-13662,AA:BB:CC:00:27,46.7,82.2
SR-5784,EVT-11967,AA:BB:CC:00:03,44.2,90.3
SR-5785,EVT-13865,AA:BB:CC:00:95,44.4,90.1
SR-5786,EVT-12048,AA:BB:CC:00:16,40.5,70.9
SR-5787,EVT-11791,AA:BB:CC:00:77,46.3,91.3
SR-5788,EVT-14129,AA:BB:CC:00:71,44.6,82.3
SR-5789,EVT-14965,AA:BB:CC:00:75,47.9,88.7
SR-5790,EVT-12472,AA:BB:CC:00:98,43.9,94.5
SR-5791,EVT-14049,AA:BB:CC:00:42,46.8,91.9
SR-5792,EVT-11609,AA:BB:CC:00:75,45.5,87.9
SR-5793,EVT-14611,AA:BB:CC:00:96,43.3,78.3
SR-5794,EVT-14927,AA:BB:CC:00:56,44.2,87.6
SR-5795,EVT-12291,AA:BB:CC:00:33,44.5,79.8
SR-5796,EVT-10015,AA:BB:CC:00:29,44.4,83.7
SR-5797,EVT-11545,AA:BB:CC:00:95,45.6,83.4
SR-5798,EVT-11634,AA:BB:CC:00:91,47.6,87.1
SR-5799,EVT-10031,AA:BB:CC:00:62,42.9,82.1
SR-5800,EVT-12632,AA:BB:CC:00:66,45.3,85.7
SR-5801,EVT-12462,AA:BB:CC:00:08,44.0,88.4
SR-5802,EVT-14494,AA:BB:CC:00:43,43.9,83.4
SR-5803,EVT-10103,AA:BB:CC:00:47,46.6,74.6 C
SR-5804,EVT-10626,AA:BB:CC:00:12,47.1,90.2
SR-5805,EVT-12901,AA:BB:CC:00:84,43.2,86.2
SR-5806,EVT-12758,AA:BB:CC:00:40,45.4,83.6
SR-5807,EVT-11433,AA:BB:CC:00:05,44.1,85.1
SR-5808,EVT-14690,AA:BB:CC:00:56,43.7,90.5
SR-5809,EVT-13293,AA:BB:CC:00:57,46.1,83.3
SR-5810,EVT-14763,AA:BB:CC:00:77,46.6,78.5
SR-5811,EVT-13696,AA:BB:CC:00:01,47.4,81.6
SR-5812,EVT-10378,AA:BB:CC:00:33,47.7,86.3
SR-5813,EVT-13215,AA:BB:CC:00:60,46.8,86.0
SR-5814,EVT-14015,AA:BB:CC:00:73,43.3,77.2
SR-5815,EVT-14338,AA:BB:CC:00:34,48.7,93.3
SR-5816,EVT-12527,AA:BB:CC:00:72,42.8,99.4
SR-5817,EVT-13920,AA:BB:CC:00:33,46.8,93.3
SR-5818,EVT-13415,AA:BB:CC:00:100,45.6,87.0
SR-5819,EVT-10068,AA:BB:CC:00:56,47.4,82.7
SR-5820,EVT-10715,AA:BB:CC:00:76,47.4,89.5
SR-5821,EVT-12965,AA:BB:CC:00:100,43.3,85.9
SR-5822,EVT-13641,AA:BB:CC:00:83,45.4,83.9
SR-5823,EVT-12534,AA:BB:CC:00:21,44.2,82.2
SR-5824,EVT-11443,AA:BB:CC:00:97,41.3,79.6
SR-5825,EVT-14869,AA:BB:CC:00:68,43.6,86.7
SR-5826,EVT-14783,AA:BB:CC:00:04,44.0,88.9
SR-5827,EVT-13079,AA:BB:CC:00:49,47.5,84.1
SR-5828,EVT-10069,AA:BB:CC:00:11,45.1,83.6
SR-5829,EVT-11373,AA:BB:CC:00:90,47.9,88.1
SR-5830,EVT-13325,AA:BB:CC:00:05,47.0,79.1
SR-5831,EVT-12386,AA:BB:CC:00:60,45.7,81.1
SR-5832,EVT-13977,AA:BB:CC:00:30,44.2,80.1
SR-5833,EVT-12351,AA:BB:CC:00:66,44.3,90.6
SR-5834,EVT-11901,AA:BB:CC:00:88,43.8,89.0
SR-5835,EVT-12666,AA:BB:CC:00:16,47.7,69.2
SR-5836,EVT-13105,AA:BB:CC:00:82,43.2,185 F
SR-5837,EVT-13650,AA:BB:CC:00:76,44.7,91.3
SR-5838,EVT-10281,AA:BB:CC:00:90,44.6,79.9
SR-5839,EVT-12750,AA:BB:CC:00:12,49.5,72.1
SR-5840,EVT-10661,AA:BB:CC:00:26,47.3,89.5
SR-5841,EVT-10479,AA:BB:CC:00:68,44.6,87.2
SR-5842,EVT-10548,AA:BB:CC:00:27,43.4,80.4
SR-5843,EVT-10642,AA:BB:CC:00:53,43.3,80.4
SR-5844,EVT-10987,AA:BB:CC:00:87,47.5,84.3
SR-5845,EVT-10363,AA:BB:CC:00:85,44.1,83.1
SR-5846,EVT-13687,AA:BB:CC:00:48,44.4,84.4
SR-5847,EVT-14065,AA:BB:CC:00:37,46.4,95.1
SR-5848,EVT-13979,AA:BB:CC:00:98,44.9,83.8
SR-5849,EVT-12312,AA:BB:CC:00:45,43.7,80.5
SR-5850,EVT-11349,AA:BB:CC:00:75,45.3,87.3
SR-5851,EVT-11169,AA:BB:CC:00:03,46.7,86.9
SR-5852,EVT-12112,AA:BB:CC:00:06,43.2,90.5
SR-5853,EVT-10590,AA:BB:CC:00:78,43.7,83.1
SR-5854,EVT-13515,AA:BB:CC:00:06,47.7,87.5
SR-5855,EVT-10683,AA:BB:CC:00:77,45.1,78.8
SR-5856,EVT-13210,AA:BB:CC:00:29,43.5,88.1
SR-5857,EVT-10130,AA:BB:CC:00:33,43.3,82.4
SR-5858,EVT-14812,AA:BB:CC:00:17,47.4,83.4
SR-5859,EVT-12820,AA:BB:CC:00:57,43.7,86.7
SR-5860,EVT-13743,AA:BB:CC:00:11,47.2,87.0
SR-5861,EVT-12709,AA:BB:CC:00:66,45.9,80.8
SR-5862,EVT-11972,AA:BB:CC:00:34, 44.0 ,82.2
SR-5863,EVT-12154,AA:BB:CC:00:95,44.2,84.1
SR-5864,EVT-12073,AA:BB:CC:00:16,43.9,92.1
SR-5865,EVT-14008,AA:BB:CC:00:41,45.2,91.0
SR-5866,EVT-12686,AA:BB:CC:00:37,47.3,79.3 C
SR-5867,EVT-10268,AA:BB:CC:00:22,33.19 ft-lb,92.3
SR-5868,EVT-12378,AA:BB:CC:00:46,42.9,81.3
SR-5869,EVT-14204,AA:BB:CC:00:35,47.6,86.6
SR-5870,EVT-13259,AA:BB:CC:00:07,49.4,78.0
SR-5871,EVT-14842,AA:BB:CC:00:50,43.0,86.0
SR-5872,EVT-13117,AA:BB:CC:00:15,41.6,86.2
SR-5873,EVT-10242,AA:BB:CC:00:04,45.1,87.4
SR-5874,EVT-14868,AA:BB:CC:00:88,45.0,79.2
SR-5875,EVT-12447,AA:BB:CC:00:13,46.4,82.8
SR-5876,EVT-14636,AA:BB:CC:00:29,45.3,75.8
SR-5877,EVT-12066,AA:BB:CC:00:50,43.9,90.9
SR-5878,EVT-14027,AA:BB:CC:00:16,43.3,86.9
SR-5879,EVT-13550,AA:BB:CC:00:01,45.0 Nm,91.5
SR-5880,EVT-13247,AA:BB:CC:00:34,47.0,85.9
SR-5881,EVT-10220,AA:BB:CC:00:98,43.9,82.1
SR-5882,EVT-10582,AA:BB:CC:00:80,46.1,88.0
SR-5883,EVT-14420,AA:BB:CC:00:96,43.9,79.4
SR-5884,EVT-12999,AA:BB:CC:00:33,43.6,82.1
SR-5885,EVT-11440,AA:BB:CC:00:15,46.8,84.1
SR-5886,EVT-14591,AA:BB:CC:00:81,47.4,89.4
SR-5887,EVT-14118,AA:BB:CC:00:58,45.4,82.6
SR-5888,EVT-12426,AA:BB:CC:00:81,43.0,73.9
SR-5889,EVT-11633,AA:BB:CC:00:35,43.7,84.8
SR-5890,EVT-10188,AA:BB:CC:00:53,42.1,90.3
SR-5891,EVT-14544,AA:BB:CC:00:29,46.0,87.1
SR-5892,EVT-10641,AA:BB:CC:00:76,44.6,86.9
SR-5893,EVT-14793,AA:BB:CC:00:58,45.0,83.5
SR-5894,EVT-14936,AA:BB:CC:00:77, 46.3 ,84.6
SR-5895,EVT-14123,AA:BB:CC:00:21,43.3,83.6
SR-5896,EVT-13667,AA:BB:CC:00:39,46.4,84.6
SR-5897,EVT-12846,AA:BB:CC:00:01,47.5,88.3
SR-5898,EVT-13119,AA:BB:CC:00:49,42.5,85.1
SR-5899,EVT-13629,AA:BB:CC:00:77,46.3,83.7
SR-5900,EVT-13454,AA:BB:CC:00:43,45.5,89.5
SR-5901,EVT-11018,AA:BB:CC:00:88,46.3,89.1
SR-5902,EVT-10556,AA:BB:CC:00:88,45.9,89.5
SR-5903,EVT-12354,AA:BB:CC:00:77,43.9,93.5
SR-5904,EVT-10814,AA:BB:CC:00:100,46.6,88.2
SR-5905,EVT-10828,AA:BB:CC:00:05,43.9,83.6
SR-5906,EVT-10546,AA:BB:CC:00:55,46.1,87.6
SR-5907,EVT-11934,AA:BB:CC:00:78,47.9,82.4
SR-5908,EVT-14046,AA:BB:CC:00:80,42.7,80.2
SR-5909,EVT-13492,AA:BB:CC:00:70,33.19 ft-lb,83.1
SR-5910,EVT-11079,AA:BB:CC:00:02,43.4,97.1
SR-5911,EVT-11594,AA:BB:CC:00:68,45.6,82.0
SR-5912,EVT-11944,AA:BB:CC:00:63,46.4,94.6
SR-5913,EVT-11555,AA:BB:CC:00:80,44.5,81.6
SR-5914,EVT-10687,AA:BB:CC:00:100,43.6,86.3
SR-5915,EVT-12133,AA:BB:CC:00:85,47.6,94.7
SR-5916,EVT-14755,AA:BB:CC:00:81,46.8,80.6
SR-5917,EVT-12958,AA:BB:CC:00:67,41.7,80.0
SR-5918,EVT-10573,AA:BB:CC:00:88,45.0,79.1
SR-5919,EVT-13677,AA:BB:CC:00:70,43.8,78.6
SR-5920,EVT-13988,AA:BB:CC:00:83,45.5,84.7
SR-5921,EVT-12256,AA:BB:CC:00:98,46.3,80.6
SR-5922,EVT-10910,AA:BB:CC:00:86,46.5,86.5
SR-5923,EVT-11015,AA:BB:CC:00:03,44.4,79.5
SR-5924,EVT-13134,AA:BB:CC:00:39,44.7,84.5
SR-5925,EVT-10794,AA:BB:CC:00:87,44.7,80.0
SR-5926,EVT-11333,AA:BB:CC:00:11,43.3,87.9
SR-5927,EVT-12795,AA:BB:CC:00:96,44.5,85.6
SR-5928,EVT-14262,AA:BB:CC:00:30,42.4,87.6
SR-5929,EVT-11023,AA:BB:CC:00:50,44.8,84.7
SR-5930,EVT-14724,AA:BB:CC:00:100,43.7,83.3
SR-5931,EVT-14328,AA:BB:CC:00:67,45.6,86.7
SR-5932,EVT-10162,AA:BB:CC:00:48,46.3,79.4
SR-5933,EVT-13336,AA:BB:CC:00:40,41.5,81.2
SR-5934,EVT-11898,AA:BB:CC:00:100,45.1,90.3
SR-5935,EVT-11901,AA:BB:CC:00:16,48.0,89.0
SR-5936,EVT-14601,AA:BB:CC:00:32,44.3,86.9
SR-5937,EVT-12682,AA:BB:CC:00:100,41.9,78.4
SR-5938,EVT-13838,AA:BB:CC:00:62,9000,80.8
SR-5939,EVT-13177,AA:BB:CC:00:86,45.6,91.4
SR-5940,EVT-11859,AA:BB:CC:00:76,46.2,86.4
SR-5941,EVT-11167,AA:BB:CC:00:40,43.7,83.4
SR-5942,EVT-14495,AA:BB:CC:00:78,45.4,90.3
SR-5943,EVT-13036,AA:BB:CC:00:71,46.9,93.7
SR-5944,EVT-13819,AA:BB:CC:00:66,45.0,89.7
SR-5945,EVT-14639,AA:BB:CC:00:11,46.1,89.1
SR-5946,EVT-10357,AA:BB:CC:00:74,45.7,83.8
SR-5947,EVT-14582,AA:BB:CC:00:06,45.3,90.0
SR-5948,EVT-14342,AA:BB:CC:00:09,41.7,93.2
SR-5949,EVT-11255,AA:BB:CC:00:19,45.4,85.0
SR-5950,EVT-12085,AA:BB:CC:00:25,39.7,82.6
SR-5951,EVT-10678,AA:BB:CC:00:05,45.2,84.9
SR-5952,EVT-10445,AA:BB:CC:00:05,43.1,85.7
SR-5953,EVT-11640,AA:BB:CC:00:54,44.6,78.2
SR-5954,EVT-10053,AA:BB:CC:00:67,45.5,90.0
SR-5955,EVT-14844,AA:BB:CC:00:68,49.2,86.0
SR-5956,EVT-13982,AA:BB:CC:00:12,43.8,78.1
SR-5957,EVT-10017,AA:BB:CC:00:90,44.4,85.1
SR-5958,EVT-10771,AA:BB:CC:00:06,46.1,80.1
SR-5959,EVT-11319,AA:BB:CC:00:74,42.3,81.2
SR-5960,EVT-11598,AA:BB:CC:00:91,47.1,94.7
SR-5961,EVT-13553,AA:BB:CC:00:87,45.4,86.8
SR-5962,EVT-10018,AA:BB:CC:00:38,45.1,82.9
SR-5963,EVT-14693,AA:BB:CC:00:30,46.9,76.4
SR-5964,EVT-11958,AA:BB:CC:00:37,43.3,86.5
SR-5965,EVT-12794,AA:BB:CC:00:25,43.7,85.2
SR-5966,EVT-13520,AA:BB:CC:00:44,44.7,83.3
SR-5967,EVT-10308,AA:BB:CC:00:60,42.9,81.8
SR-5968,EVT-12193,AA:BB:CC:00:14,46.6,91.4
SR-5969,EVT-12854,AA:BB:CC:00:67,43.6,90.5
SR-5970,EVT-13490,AA:BB:CC:00:68,45.3,88.0
SR-5971,EVT-14424,AA:BB:CC:00:36,44.1,76.3
SR-5972,EVT-11360,AA:BB:CC:00:25,44.3,83.9
SR-5973,EVT-11441,AA:BB:CC:00:08,43.1,92.3
SR-5974,EVT-10782,AA:BB:CC:00:25,43.7,82.6
SR-5975,EVT-13858,AA:BB:CC:00:36,43.8,81.5
SR-5976,EVT-11098,AA:BB:CC:00:30,44.2,80.9
SR-5977,EVT-10983,AA:BB:CC:00:79,43.9,91.6
SR-5978,EVT-13156,AA:BB:CC:00:60,43.3,77.7
SR-5979,EVT-14433,AA:BB:CC:00:45,41.7,84.8
SR-5980,EVT-10793,AA:BB:CC:00:47,44.1,76.9
SR-5981,EVT-12224,AA:BB:CC:00:50,46.0,86.8
SR-5982,EVT-11781,AA:BB:CC:00:69,42.7,96.2
SR-5983,EVT-10771,AA:BB:CC:00:82,47.5,85.0
SR-5984,EVT-14342,AA:BB:CC:00:96,41.7,83.8
SR-5985,EVT-10588,AA:BB:CC:00:42,42.0,82.9
SR-5986,EVT-10713,AA:BB:CC:00:50,41.5,84.3
SR-5987,EVT-11104,AA:BB:CC:00:07,47.0,86.2
SR-5988,EVT-12678,AA:BB:CC:00:04,44.3,88.3
SR-5989,EVT-13178,AA:BB:CC:00:54,47.9,83.7
SR-5990,EVT-12696,AA:BB:CC:00:45,41.7,87.7
SR-5991,EVT-13170,AA:BB:CC:00:31,49.8,84.5
SR-5992,EVT-10001,AA:BB:CC:00:80,43.3,88.9
SR-5993,EVT-12736,AA:BB:CC:00:61,44.5,89.6
SR-5994,EVT-10047,AA:BB:CC:00:45,44.6,82.6
SR-5995,EVT-10398,AA:BB:CC:00:03,45.5,88.8
SR-5996,EVT-12092,AA:BB:CC:00:47,45.1,87.4
SR-5997,EVT-11281,AA:BB:CC:00:49,45.1,90.9
SR-5998,EVT-14261,AA:BB:CC:00:03,47.2,89.0
SR-5999,EVT-13586,AA:BB:CC:00:03,44.0,82.1
SR-6000,EVT-10480,AA:BB:CC:00:93,44.0,96.6
SR-6001,EVT-14976,AA:BB:CC:00:83,47.9,85.9
SR-6002,EVT-14794,AA:BB:CC:00:04,45.3,82.5
SR-6003,EVT-12656,AA:BB:CC:00:59,43.8,89.6
SR-6004,EVT-12238,AA:BB:CC:00:35,46.4,87.3
SR-6005,EVT-14138,AA:BB:CC:00:53,44.6,81.6
SR-6006,EVT-12819,AA:BB:CC:00:16,48.7,86.2
SR-6007,EVT-10236,AA:BB:CC:00:51,43.1,95.5
SR-6008,EVT-13772,AA:BB:CC:00:26,45.6,80.9
SR-6009,EVT-13925,AA:BB:CC:00:38,43.0,80.9
SR-6010,EVT-10816,AA:BB:CC:00:68,44.6,95.4
SR-6011,EVT-11983,AA:BB:CC:00:34,43.6,78.9
SR-6012,EVT-10531,AA:BB:CC:00:21,45.0,79.8
SR-6013,EVT-14060,AA:BB:CC:00:41,44.2,84.9
SR-6014,EVT-13924,AA:BB:CC:00:59,43.4,85.2
SR-6015,EVT-10684,AA:BB:CC:00:89,43.0,93.5
SR-6016,EVT-12704,AA:BB:CC:00:03,45.1,93.8
SR-6017,EVT-10577,AA:BB:CC:00:56,44.3,94.7
SR-6018,EVT-13989,AA:BB:CC:00:62,46.3,90.7
SR-6019,EVT-12481,AA:BB:CC:00:18,42.8,80.8
SR-6020,EVT-12501,AA:BB:CC:00:89,45.5,78.8
SR-6021,EVT-13198,AA:BB:CC:00:96,45.6,85.6
SR-6022,EVT-14737,AA:BB:CC:00:84,48.4,81.3
SR-6023,EVT-13837,AA:BB:CC:00:15,45.4,81.7
SR-6024,EVT-14522,AA:BB:CC:00:66,45.9,82.4
SR-6025,EVT-14531,AA:BB:CC:00:30,41.9,86.5
SR-6026,EVT-13662,AA:BB:CC:00:76,45.3,91.0
SR-6027,EVT-12329,AA:BB:CC:00:39,42.7,79.1
SR-6028,EVT-14504,AA:BB:CC:00:64,42.0,86.0
SR-6029,EVT-10319,AA:BB:CC:00:57,44.6,94.6
SR-6030,EVT-12973,AA:BB:CC:00:63,45.7,75.4
SR-6031,EVT-12416,AA:BB:CC:00:07,46.3,91.7
SR-6032,EVT-12668,AA:BB:CC:00:86,48.2,72.7
SR-6033,EVT-13707,AA:BB:CC:00:72,43.9,82.3
SR-6034,EVT-13668,AA:BB:CC:00:87,43.5,78.6
SR-6035,EVT-11519,AA:BB:CC:00:23,43.3,85.3
SR-6036,EVT-13169,AA:BB:CC:00:76,43.9,88.5
SR-6037,EVT-11175,AA:BB:CC:00:06,43.6,89.3
SR-6038,EVT-13996,AA:BB:CC:00:58,47.1,80.1
SR-6039,EVT-11093,AA:BB:CC:00:14,48.4,82.3
SR-6040,EVT-14607,AA:BB:CC:00:28,45.5,82.8
SR-6041,EVT-13940,AA:BB:CC:00:05,45.5,79.7
SR-6042,EVT-10414,AA:BB:CC:00:68,44.6,79.8
SR-6043,EVT-13475,AA:BB:CC:00:56,45.2,93.3
SR-6044,EVT-13201,AA:BB:CC:00:25,47.0,81.9
SR-6045,EVT-10616,AA:BB:CC:00:27,43.1,83.7
SR-6046,EVT-12641,AA:BB:CC:00:60,43.8,98.5
SR-6047,EVT-14145,AA:BB:CC:00:04,45.2,93.3
SR-6048,EVT-10469,AA:BB:CC:00:29,42.4,80.7
SR-6049,EVT-10808,AA:BB:CC:00:91,45.2,83.6
SR-6050,EVT-13929,AA:BB:CC:00:07,42.4,75.0
SR-6051,EVT-13569,AA:BB:CC:00:32,45.4,88.9
SR-6052,EVT-14240,AA:BB:CC:00:20,44.9,91.3
SR-6053,EVT-10205,AA:BB:CC:00:64,45.1,85.0
SR-6054,EVT-10001,AA:BB:CC:00:43,45.3,84.6
SR-6055,EVT-11906,AA:BB:CC:00:100,46.6,89.0
SR-6056,EVT-10169,AA:BB:CC:00:30,44.1,92.7
SR-6057,EVT-12510,AA:BB:CC:00:60,44.8,91.4
SR-6058,EVT-11423,AA:BB:CC:00:93,43.7,85.3
SR-6059,EVT-10419,AA:BB:CC:00:28,45.1,89.8
SR-6060,EVT-10396,AA:BB:CC:00:40,45.0,82.7
SR-6061,EVT-13258,AA:BB:CC:00:67,42.9,91.6
SR-6062,EVT-12356,AA:BB:CC:00:91,46.5,75.8
SR-6063,EVT-14810,AA:BB:CC:00:85,45.8,72.3
SR-6064,EVT-10303,AA:BB:CC:00:37,46.8,87.8
SR-6065,EVT-13833,AA:BB:CC:00:99,45.8,83.1
SR-6066,EVT-10279,AA:BB:CC:00:59,33.19 ft-lb,76.6
SR-6067,EVT-14296,AA:BB:CC:00:20,43.4,83.3
SR-6068,EVT-14586,AA:BB:CC:00:63,44.4,80.9
SR-6069,EVT-11994,AA:BB:CC:00:73,43.0,81.7
SR-6070,EVT-11741,AA:BB:CC:00:35,46.3,85.6
SR-6071,EVT-14393,AA:BB:CC:00:58,44.7,87.2
SR-6072,EVT-10447,AA:BB:CC:00:10,44.3,93.0
SR-6073,EVT-11913,AA:BB:CC:00:59,45.4,86.1
SR-6074,EVT-13162,AA:BB:CC:00:21,45.1,77.4
SR-6075,EVT-13978,AA:BB:CC:00:43,44.9,83.0
SR-6076,EVT-12779,AA:BB:CC:00:43,48.1,66.4
SR-6077,EVT-10850,AA:BB:CC:00:88,43.1,89.4
SR-6078,EVT-10071,AA:BB:CC:00:01,43.5,83.1
SR-6079,EVT-10451,AA:BB:CC:00:46,46.1,88.4
SR-6080,EVT-13864,AA:BB:CC:00:31,44.2,88.3
SR-6081,EVT-11662,AA:BB:CC:00:63,42.9,85.7
SR-6082,EVT-10198,AA:BB:CC:00:46,40.6,89.2
SR-6083,EVT-14378,AA:BB:CC:00:23,43.9,83.7
SR-6084,EVT-11174,AA:BB:CC:00:18,45.3,90.1
SR-6085,EVT-13111,AA:BB:CC:00:62,44.3,79.3
SR-6086,EVT-14466,AA:BB:CC:00:27,45.0,90.4
SR-6087,EVT-12040,AA:BB:CC:00:44, 43.1 ,87.3
SR-6088,EVT-14572,AA:BB:CC:00:46,46.3,81.9
SR-6089,EVT-14153,AA:BB:CC:00:61,43.9,84.7
SR-6090,EVT-12595,AA:BB:CC:00:12,47.0,77.0
SR-6091,EVT-10713,AA:BB:CC:00:99,45.5,73.2
SR-6092,EVT-12286,AA:BB:CC:00:16,45.9,84.9
SR-6093,EVT-14502,AA:BB:CC:00:21,45.6,85.5
SR-6094,EVT-12158,AA:BB:CC:00:91,44.5,88.6
SR-6095,EVT-11455,AA:BB:CC:00:100,45.1,87.9
SR-6096,EVT-11748,AA:BB:CC:00:64,44.6,86.6
SR-6097,EVT-12348,AA:BB:CC:00:13,47.0,92.7
SR-6098,EVT-13948,AA:BB:CC:00:50,42.5,89.5
SR-6099,EVT-13580,AA:BB:CC:00:08,47.9,85.5
SR-6100,EVT-12593,AA:BB:CC:00:56,43.5,84.9
SR-6101,EVT-13161,AA:BB:CC:00:56,45.3,93.7
SR-6102,EVT-13571,AA:BB:CC:00:08,44.5,85.9
SR-6103,EVT-10581,AA:BB:CC:00:80,45.5,86.4
SR-6104,EVT-11094,AA:BB:CC:00:87,45.6,86.3
SR-6105,EVT-12689,AA:BB:CC:00:45,46.3,89.9
SR-6106,EVT-12401,AA:BB:CC:00:98,44.0,81.0
SR-6107,EVT-10640,AA:BB:CC:00:24,47.2,85.3
SR-6108,EVT-14728,AA:BB:CC:00:21,46.7,78.9
SR-6109,EVT-10109,AA:BB:CC:00:13,44.3,81.2
SR-6110,EVT-13457,AA:BB:CC:00:50,48.2,81.3
SR-6111,EVT-13817,AA:BB:CC:00:51,43.7,79.7
SR-6112,EVT-14035,AA:BB:CC:00:04,46.1,79.5
SR-6113,EVT-11563,AA:BB:CC:00:93,33.19 ft-lb,88.2
SR-6114,EVT-12150,AA:BB:CC:00:60,43.5,83.7
SR-6115,EVT-14499,AA:BB:CC:00:68,49.1,79.3
SR-6116,EVT-13236,AA:BB:CC:00:21,45.3,83.3
SR-6117,EVT-11594,AA:BB:CC:00:34,44.2,87.0
SR-6118,EVT-12296,AA:BB:CC:00:73,45.2 Nm,85.0
SR-6119,EVT-14901,AA:BB:CC:00:25,46.3,87.9
SR-6120,EVT-14638,AA:BB:CC:00:85,43.2,76.9
SR-6121,EVT-14625,AA:BB:CC:00:04,44.8,92.1
SR-6122,EVT-12460,AA:BB:CC:00:64,45.9,86.1
SR-6123,EVT-10990,AA:BB:CC:00:80,45.8,80.6
SR-6124,EVT-10830,AA:BB:CC:00:25,45.1,80.6
SR-6125,EVT-11782,AA:BB:CC:00:40,41.2,90.2
SR-6126,EVT-10531,AA:BB:CC:00:07,43.9,76.0
SR-6127,EVT-11694,AA:BB:CC:00:45,46.3,86.4
SR-6128,EVT-14793,AA:BB:CC:00:05,46.9,69.1
SR-6129,EVT-14486,AA:BB:CC:00:40,45.0,76.2
SR-6130,EVT-12271,AA:BB:CC:00:21,44.2,78.1
SR-6131,EVT-11526,AA:BB:CC:00:34,45.2,77.1
SR-6132,EVT-10982,AA:BB:CC:00:48,46.6,83.7
SR-6133,EVT-13626,AA:BB:CC:00:22,44.5,84.0
SR-6134,EVT-12556,AA:BB:CC:00:91,49.8,79.3
SR-6135,EVT-12096,AA:BB:CC:00:61,41.7,79.4
SR-6136,EVT-10807,AA:BB:CC:00:74,46.4,91.9
SR-6137,EVT-10709,AA:BB:CC:00:79,44.1,185 F
SR-6138,EVT-11951,AA:BB:CC:00:03,42.5,80.1
SR-6139,EVT-13774,AA:BB:CC:00:77,45.5,78.6
SR-6140,EVT-13086,AA:BB:CC:00:90,44.7,85.5
SR-6141,EVT-10345,AA:BB:CC:00:56, 44.1 ,90.7
SR-6142,EVT-12827,AA:BB:CC:00:65,43.8,81.9
SR-6143,EVT-13816,AA:BB:CC:00:73,44.6,88.1
SR-6144,EVT-14761,AA:BB:CC:00:39,45.3,93.7
SR-6145,EVT-10925,AA:BB:CC:00:26,45.7,78.8
SR-6146,EVT-12908,AA:BB:CC:00:18,47.7,96.6
SR-6147,EVT-12280,AA:BB:CC:00:72,47.2,83.0
SR-6148,EVT-11469,AA:BB:CC:00:15,44.8,84.2
SR-6149,EVT-12218,AA:BB:CC:00:46,41.9,94.2
SR-6150,EVT-14842,AA:BB:CC:00:22,43.6,88.4
SR-6151,EVT-11000,AA:BB:CC:00:38,49.5,92.2
SR-6152,EVT-14368,AA:BB:CC:00:46,48.3 Nm,88.7
SR-6153,EVT-11048,AA:BB:CC:00:04,45.6,80.0
SR-6154,EVT-14852,AA:BB:CC:00:21,44.2,79.9
SR-6155,EVT-12885,AA:BB:CC:00:80,43.2,78.7
SR-6156,EVT-14644,AA:BB:CC:00:46,44.4,83.3
SR-6157,EVT-12521,AA:BB:CC:00:89,45.3,81.3
SR-6158,EVT-13540,AA:BB:CC:00:23,43.2,92.3
SR-6159,EVT-12563,AA:BB:CC:00:17,42.0,85.8
SR-6160,EVT-12105,AA:BB:CC:00:96,43.0,83.7
SR-6161,EVT-12219,AA:BB:CC:00:66,47.9,93.2
SR-6162,EVT-13301,AA:BB:CC:00:01,44.6,76.8
SR-6163,EVT-12193,AA:BB:CC:00:73,45.5,89.6
SR-6164,EVT-13346,AA:BB:CC:00:90,45.5,87.8
SR-6165,EVT-14949,AA:BB:CC:00:49,45.4,88.0
SR-6166,EVT-10828,AA:BB:CC:00:35,42.6,85.8
SR-6167,EVT-13406,AA:BB:CC:00:60,48.0,99.7
SR-6168,EVT-12347,AA:BB:CC:00:06,45.5,77.6
SR-6169,EVT-14644,AA:BB:CC:00:41,44.0,81.2
SR-6170,EVT-13985,AA:BB:CC:00:73,44.6,83.0
SR-6171,EVT-11291,AA:BB:CC:00:84,43.9,77.8
SR-6172,EVT-10031,AA:BB:CC:00:49,43.8,89.5
SR-6173,EVT-12478,AA:BB:CC:00:26,45.7,89.1
SR-6174,EVT-11961,AA:BB:CC:00:34,38.5,92.3
SR-6175,EVT-14317,AA:BB:CC:00:74,43.7,87.3
SR-6176,EVT-14904,AA:BB:CC:00:94,42.9,76.4
SR-6177,EVT-13045,AA:BB:CC:00:04,45.3,93.6
SR-6178,EVT-13533,AA:BB:CC:00:98,41.6,81.2
SR-6179,EVT-10704,AA:BB:CC:00:09,41.8,83.5
SR-6180,EVT-14668,AA:BB:CC:00:69,43.8,90.8
SR-6181,EVT-14990,AA:BB:CC:00:09,46.0,82.2
SR-6182,EVT-12506,AA:BB:CC:00:25,48.3,80.2
SR-6183,EVT-14898,AA:BB:CC:00:40,33.19 ft-lb,81.5
SR-6184,EVT-13111,AA:BB:CC:00:67,45.2,86.3
SR-6185,EVT-13025,AA:BB:CC:00:25,47.4,87.9
SR-6186,EVT-12294,AA:BB:CC:00:51,45.4,86.6
SR-6187,EVT-11908,AA:BB:CC:00:18,47.8,84.0
SR-6188,EVT-12571,AA:BB:CC:00:59,45.0,88.6
SR-6189,EVT-11428,AA:BB:CC:00:75,49.2,83.6
SR-6190,EVT-14135,AA:BB:CC:00:87,41.9,91.6
SR-6191,EVT-11053,AA:BB:CC:00:59,45.9,78.6
SR-6192,EVT-14927,AA:BB:CC:00:34,42.6,93.3
SR-6193,EVT-14392,AA:BB:CC:00:53,46.0,75.1
SR-6194,EVT-12350,AA:BB:CC:00:98,45.9,82.5
SR-6195,EVT-11283,AA:BB:CC:00:47,46.7,81.0
SR-6196,EVT-11947,AA:BB:CC:00:24,46.1,80.1 C
SR-6197,EVT-10605,AA:BB:CC:00:61,46.5,79.3
SR-6198,EVT-11336,AA:BB:CC:00:57,46.5,81.1
SR-6199,EVT-12936,AA:BB:CC:00:66,44.7,88.5
SR-6200,EVT-12778,AA:BB:CC:00:77,44.8,75.7
SR-6201,EVT-14959,AA:BB:CC:00:20,49.5,94.4
SR-6202,EVT-13979,AA:BB:CC:00:71,44.1,83.2
SR-6203,EVT-14587,AA:BB:CC:00:73,44.0,85.5
SR-6204,EVT-14406,AA:BB:CC:00:34,47.1,77.5
SR-6205,EVT-11934,AA:BB:CC:00:54,45.0,76.4
SR-6206,EVT-12706,AA:BB:CC:00:65,47.6,74.3
SR-6207,EVT-10729,AA:BB:CC:00:72,43.7,88.9
SR-6208,EVT-11994,AA:BB:CC:00:51,46.4,93.1
SR-6209,EVT-10989,AA:BB:CC:00:41,43.5,76.3
SR-6210,EVT-10019,AA:BB:CC:00:01,46.3,83.8
SR-6211,EVT-11975,AA:BB:CC:00:25,44.4,79.7
SR-6212,EVT-10462,AA:BB:CC:00:93,45.5,86.2
SR-6213,EVT-10010,AA:BB:CC:00:52,44.1,79.8
SR-6214,EVT-12348,AA:BB:CC:00:81,44.9,83.8
SR-6215,EVT-14134,AA:BB:CC:00:71,46.8 Nm,90.3
SR-6216,EVT-10590,AA:BB:CC:00:99,46.4,77.9
SR-6217,EVT-11488,AA:BB:CC:00:16,45.6,81.6
SR-6218,EVT-13223,AA:BB:CC:00:21,49.1,88.7
SR-6219,EVT-10940,AA:BB:CC:00:02,46.4,78.3
SR-6220,EVT-13363,AA:BB:CC:00:90,44.0,89.2
SR-6221,EVT-11888,AA:BB:CC:00:69,44.6,89.0
SR-6222,EVT-14971,AA:BB:CC:00:05,45.2,84.2
SR-6223,EVT-14800,AA:BB:CC:00:73,47.4,91.2
SR-6224,EVT-10613,AA:BB:CC:00:53,47.0,93.0
SR-6225,EVT-10002,AA:BB:CC:00:18,44.2,81.9
SR-6226,EVT-14692,AA:BB:CC:00:19,46.6,82.1
SR-6227,EVT-13833,AA:BB:CC:00:63,44.6,87.7
SR-6228,EVT-14443,AA:BB:CC:00:06,43.4,80.6
SR-6229,EVT-13953,AA:BB:CC:00:63,46.3,81.1
SR-6230,EVT-12611,AA:BB:CC:00:27,43.1,92.9
SR-6231,EVT-10709,AA:BB:CC:00:54,45.5,79.6
SR-6232,EVT-11806,AA:BB:CC:00:31,46.1,79.9
SR-6233,EVT-11653,AA:BB:CC:00:64,44.3,85.0
SR-6234,EVT-11468,AA:BB:CC:00:21,44.2,79.9
SR-6235,EVT-10288,AA:BB:CC:00:14,44.9,79.6
SR-6236,EVT-11404,AA:BB:CC:00:80,48.5,75.6
SR-6237,EVT-12443,AA:BB:CC:00:02,43.9,81.6
SR-6238,EVT-12045,AA:BB:CC:00:18,45.9,86.4
SR-6239,EVT-14382,AA:BB:CC:00:18,44.1,87.1
SR-6240,EVT-12593,AA:BB:CC:00:35, 46.6 ,79.7
SR-6241,EVT-14127,AA:BB:CC:00:78,43.0,80.4
SR-6242,EVT-13652,AA:BB:CC:00:82,33.19 ft-lb,87.7
SR-6243,EVT-14647,AA:BB:CC:00:83,42.4,92.4
SR-6244,EVT-14033,AA:BB:CC:00:25,42.2,80.2
SR-6245,EVT-14393,AA:BB:CC:00:99,44.8,89.7
SR-6246,EVT-11939,AA:BB:CC:00:07,44.5,87.4
SR-6247,EVT-11293,AA:BB:CC:00:03,43.7,185 F
SR-6248,EVT-14938,AA:BB:CC:00:57,42.9,80.9
SR-6249,EVT-12747,AA:BB:CC:00:76,44.3,80.9
SR-6250,EVT-13585,AA:BB:CC:00:54,44.2 Nm,89.1
SR-6251,EVT-12462,AA:BB:CC:00:16,47.4,79.4
SR-6252,EVT-13510,AA:BB:CC:00:20,47.9,85.6
SR-6253,EVT-11058,AA:BB:CC:00:05,44.5,82.6
SR-6254,EVT-12074,AA:BB:CC:00:61,45.4,81.6
SR-6255,EVT-14740,AA:BB:CC:00:31,45.8,81.1
SR-6256,EVT-13146,AA:BB:CC:00:24,44.4,89.9
SR-6257,EVT-10946,AA:BB:CC:00:63,43.8,92.1
SR-6258,EVT-10742,AA:BB:CC:00:45,45.5,75.7
SR-6259,EVT-11395,AA:BB:CC:00:44,45.1,86.1
SR-6260,EVT-12983,AA:BB:CC:00:88,43.2,93.0
SR-6261,EVT-14441,AA:BB:CC:00:80,46.5,89.7
SR-6262,EVT-11367,AA:BB:CC:00:39,47.6,86.8
SR-6263,EVT-12243,AA:BB:CC:00:28,46.5,80.7
SR-6264,EVT-12257,AA:BB:CC:00:05,48.6,83.8
SR-6265,EVT-11654,AA:BB:CC:00:77,33.19 ft-lb,86.1
SR-6266,EVT-13021,AA:BB:CC:00:15,46.4,87.1
SR-6267,EVT-13920,AA:BB:CC:00:49,41.6,95.6
SR-6268,EVT-14092,AA:BB:CC:00:04,44.4,80.0
SR-6269,EVT-13755,AA:BB:CC:00:14,47.3,73.2
SR-6270,EVT-14008,AA:BB:CC:00:91,46.0,89.2
SR-6271,EVT-12575,AA:BB:CC:00:10,9000,86.2
SR-6272,EVT-12676,AA:BB:CC:00:87,42.2,83.6
SR-6273,EVT-12451,AA:BB:CC:00:92,46.4,93.3
SR-6274,EVT-14285,AA:BB:CC:00:44,45.4,88.6
SR-6275,EVT-10106,AA:BB:CC:00:77,46.4,82.0
SR-6276,EVT-14763,AA:BB:CC:00:36,46.2,82.0
SR-6277,EVT-11320,AA:BB:CC:00:59,48.3,85.9
SR-6278,EVT-11408,AA:BB:CC:00:32,46.0,91.1
SR-6279,EVT-13459,AA:BB:CC:00:65,45.9,80.6
SR-6280,EVT-11217,AA:BB:CC:00:64,42.0,84.5
SR-6281,EVT-14904,AA:BB:CC:00:04,47.0,93.6
SR-6282,EVT-10062,AA:BB:CC:00:01,46.0,81.9
SR-6283,EVT-13895,AA:BB:CC:00:82,44.0,75.6
SR-6284,EVT-12541,AA:BB:CC:00:77,43.1,87.7
SR-6285,EVT-12317,AA:BB:CC:00:89,44.4,86.0
SR-6286,EVT-14020,AA:BB:CC:00:21,47.8,89.2
SR-6287,EVT-11195,AA:BB:CC:00:79,49.7,79.7
SR-6288,EVT-11706,AA:BB:CC:00:41,44.4,79.3
SR-6289,EVT-11152,AA:BB:CC:00:41,43.1,84.1
SR-6290,EVT-14981,AA:BB:CC:00:10,47.0,79.7
SR-6291,EVT-12400,AA:BB:CC:00:99,44.3,84.5
SR-6292,EVT-10639,AA:BB:CC:00:04,46.9,81.3 C
SR-6293,EVT-12195,AA:BB:CC:00:69,46.8,86.8
SR-6294,EVT-10760,AA:BB:CC:00:44,42.9,81.2
SR-6295,EVT-11243,AA:BB:CC:00:59,45.2,90.0
SR-6296,EVT-13158,AA:BB:CC:00:38,40.5,87.2
SR-6297,EVT-12451,AA:BB:CC:00:24,46.8,86.1
SR-6298,EVT-14212,AA:BB:CC:00:24, 44.1 ,88.1
SR-6299,EVT-12549,AA:BB:CC:00:19,43.5,85.1
SR-6300,EVT-13689,AA:BB:CC:00:84,45.0,78.9
SR-6301,EVT-11614,AA:BB:CC:00:92,44.7,92.1
SR-6302,EVT-13972,AA:BB:CC:00:43,43.9,81.8
SR-6303,EVT-11120,AA:BB:CC:00:75,44.1,88.0
SR-6304,EVT-13919,AA:BB:CC:00:87,44.8,82.9
SR-6305,EVT-10547,AA:BB:CC:00:79,45.0,79.3
SR-6306,EVT-11636,AA:BB:CC:00:85,47.4,76.6
SR-6307,EVT-14968,AA:BB:CC:00:100,49.1,97.2
SR-6308,EVT-12608,AA:BB:CC:00:13,46.3,76.9
SR-6309,EVT-11445,AA:BB:CC:00:32,45.2,84.5
SR-6310,EVT-13799,AA:BB:CC:00:10,42.0,87.6
SR-6311,EVT-13672,AA:BB:CC:00:59,44.1,73.7
SR-6312,EVT-11348,AA:BB:CC:00:46,42.2,84.0
SR-6313,EVT-14017,AA:BB:CC:00:32,42.4,185 F
SR-6314,EVT-14976,AA:BB:CC:00:49,46.3,90.0
SR-6315,EVT-11492,AA:BB:CC:00:84,44.3,89.0
SR-6316,EVT-13498,AA:BB:CC:00:39,46.3,85.3
SR-6317,EVT-14421,AA:BB:CC:00:51,46.0,78.7
SR-6318,EVT-12056,AA:BB:CC:00:16,44.5,81.0
SR-6319,EVT-13052,AA:BB:CC:00:39,43.0,80.1
SR-6320,EVT-10704,AA:BB:CC:00:60,44.4,87.3
SR-6321,EVT-12333,AA:BB:CC:00:05,41.3,76.1
SR-6322,EVT-12463,AA:BB:CC:00:81,43.3,88.9
SR-6323,EVT-14819,AA:BB:CC:00:100,49.9,82.9
SR-6324,EVT-10950,AA:BB:CC:00:64,44.8,80.9
SR-6325,EVT-11825,AA:BB:CC:00:48,47.4,87.6
SR-6326,EVT-14079,AA:BB:CC:00:26,43.0,79.0
SR-6327,EVT-12387,AA:BB:CC:00:51,46.7,90.4
SR-6328,EVT-14974,AA:BB:CC:00:68,44.0,86.3
SR-6329,EVT-10185,AA:BB:CC:00:26,45.1,84.5
SR-6330,EVT-11254,AA:BB:CC:00:20,42.9,78.8
SR-6331,EVT-13608,AA:BB:CC:00:77,46.5,80.5
SR-6332,EVT-10881,AA:BB:CC:00:71,45.5,87.1
SR-6333,EVT-10775,AA:BB:CC:00:24,46.9,88.4
SR-6334,EVT-14897,AA:BB:CC:00:67,45.7,88.4
SR-6335,EVT-13947,AA:BB:CC:00:67,48.9,85.7
SR-6336,EVT-14757,AA:BB:CC:00:50,45.5,88.9
SR-6337,EVT-14285,AA:BB:CC:00:16,45.5,79.1
SR-6338,EVT-11607,AA:BB:CC:00:95,46.1,87.9
SR-6339,EVT-10352,AA:BB:CC:00:33,50.1,78.9
SR-6340,EVT-12086,AA:BB:CC:00:78,44.1,84.5
SR-6341,EVT-11096,AA:BB:CC:00:50,42.7,83.7
SR-6342,EVT-14117,AA:BB:CC:00:89,44.5,82.9
SR-6343,EVT-10712,AA:BB:CC:00:02,44.1,95.7
SR-6344,EVT-10030,AA:BB:CC:00:59,47.9,81.9
SR-6345,EVT-13361,AA:BB:CC:00:41,45.6,89.9
SR-6346,EVT-12883,AA:BB:CC:00:77,43.9,85.1
SR-6347,EVT-13949,AA:BB:CC:00:63,44.2,89.5
SR-6348,EVT-13149,AA:BB:CC:00:82,45.5,82.7
SR-6349,EVT-13514,AA:BB:CC:00:62,42.6,79.5
SR-6350,EVT-11460,AA:BB:CC:00:84,39.4,84.0
SR-6351,EVT-12018,AA:BB:CC:00:02, 46.4 ,84.8
SR-6352,EVT-12773,AA:BB:CC:00:07,43.7,90.6
SR-6353,EVT-14149,AA:BB:CC:00:77,50.0,83.6
SR-6354,EVT-14466,AA:BB:CC:00:08,47.1,83.3
SR-6355,EVT-13653,AA:BB:CC:00:03,42.4,86.0
SR-6356,EVT-10096,AA:BB:CC:00:14,43.6,82.0
SR-6357,EVT-10884,AA:BB:CC:00:87,45.3,86.6
SR-6358,EVT-10529,AA:BB:CC:00:72,47.8,84.5
SR-6359,EVT-13719,AA:BB:CC:00:33,44.1,76.9
SR-6360,EVT-13718,AA:BB:CC:00:27,42.0,86.2
SR-6361,EVT-14745,AA:BB:CC:00:11,48.8,86.7
SR-6362,EVT-13667,AA:BB:CC:00:97,48.9,85.3
SR-6363,EVT-14338,AA:BB:CC:00:11,42.5,85.5
SR-6364,EVT-10412,AA:BB:CC:00:18,45.4,86.9
SR-6365,EVT-12269,AA:BB:CC:00:92,41.0,83.8
SR-6366,EVT-11054,AA:BB:CC:00:90,46.4,84.2
SR-6367,EVT-11888,AA:BB:CC:00:94,48.8,87.0
SR-6368,EVT-13703,AA:BB:CC:00:74,46.5,86.9
SR-6369,EVT-10871,AA:BB:CC:00:42,44.1,84.5
SR-6370,EVT-13139,AA:BB:CC:00:03,44.4,87.3
SR-6371,EVT-12832,AA:BB:CC:00:32,48.2,87.1
SR-6372,EVT-11505,AA:BB:CC:00:36,46.7,72.2
SR-6373,EVT-10095,AA:BB:CC:00:10,9000,82.7
SR-6374,EVT-10224,AA:BB:CC:00:85,46.1,91.2
SR-6375,EVT-11572,AA:BB:CC:00:55,44.8,89.1
SR-6376,EVT-14830,AA:BB:CC:00:71,44.0,91.7
SR-6377,EVT-13417,AA:BB:CC:00:25,48.7,85.6
SR-6378,EVT-14318,AA:BB:CC:00:62,44.9,92.3
SR-6379,EVT-11701,AA:BB:CC:00:34,45.5,185 F
SR-6380,EVT-13819,AA:BB:CC:00:25,47.7,80.7
SR-6381,EVT-10137,AA:BB:CC:00:73,47.1,85.8
SR-6382,EVT-12375,AA:BB:CC:00:08,45.9,83.4
SR-6383,EVT-12925,AA:BB:CC:00:53,43.8,91.8
SR-6384,EVT-14690,AA:BB:CC:00:99,44.8,90.5
SR-6385,EVT-14635,AA:BB:CC:00:92,45.1,85.4
SR-6386,EVT-13780,AA:BB:CC:00:10,44.8,84.2
SR-6387,EVT-12681,AA:BB:CC:00:78,45.9,85.2
SR-6388,EVT-14435,AA:BB:CC:00:93,44.3,87.3
SR-6389,EVT-11537,AA:BB:CC:00:01,43.3,87.1
SR-6390,EVT-13337,AA:BB:CC:00:58,43.3,91.1
SR-6391,EVT-10865,AA:BB:CC:00:19,46.7,91.4
SR-6392,EVT-10397,AA:BB:CC:00:78,48.0,77.1
SR-6393,EVT-14809,AA:BB:CC:00:20,45.5,87.4
SR-6394,EVT-12405,AA:BB:CC:00:48,44.6,82.8
SR-6395,EVT-12847,AA:BB:CC:00:100,45.6,88.3
SR-6396,EVT-10180,AA:BB:CC:00:72,41.4,89.4
SR-6397,EVT-11159,AA:BB:CC:00:58,44.0,78.5 C
SR-6398,EVT-10202,AA:BB:CC:00:38,47.3,87.8
SR-6399,EVT-14879,AA:BB:CC:00:42,46.2,86.1
SR-6400,EVT-11879,AA:BB:CC:00:88,44.2,90.2
SR-6401,EVT-12180,AA:BB:CC:00:07,45.4,88.4
SR-6402,EVT-11120,AA:BB:CC:00:69,43.8,80.8
SR-6403,EVT-13958,AA:BB:CC:00:78,46.0,81.3
SR-6404,EVT-10093,AA:BB:CC:00:73,46.6,80.1
SR-6405,EVT-11039,AA:BB:CC:00:20,46.0,86.9
SR-6406,EVT-10473,AA:BB:CC:00:52,44.7,83.2
SR-6407,EVT-10210,AA:BB:CC:00:26,45.8,77.6
SR-6408,EVT-12490,AA:BB:CC:00:89,43.6,85.9
SR-6409,EVT-10098,AA:BB:CC:00:84,46.5,80.8
SR-6410,EVT-14115,AA:BB:CC:00:56,48.0,84.0
SR-6411,EVT-10020,AA:BB:CC:00:70,46.3,83.3
SR-6412,EVT-10560,AA:BB:CC:00:71,45.0,80.2
SR-6413,EVT-13343,AA:BB:CC:00:100,40.9,92.0
SR-6414,EVT-10107,AA:BB:CC:00:62,44.2,82.8
SR-6415,EVT-14931,AA:BB:CC:00:62,47.8 Nm,81.0
SR-6416,EVT-12071,AA:BB:CC:00:36,45.1,88.9
SR-6417,EVT-12823,AA:BB:CC:00:20,44.2,82.9
SR-6418,EVT-11771,AA:BB:CC:00:18,42.9,83.0
SR-6419,EVT-12500,AA:BB:CC:00:72,47.4,92.9
SR-6420,EVT-11642,AA:BB:CC:00:27,45.5,93.9
SR-6421,EVT-12162,AA:BB:CC:00:05,47.2,83.5
SR-6422,EVT-10951,AA:BB:CC:00:95,40.6,81.3
SR-6423,EVT-12667,AA:BB:CC:00:46,46.3,84.9
SR-6424,EVT-11608,AA:BB:CC:00:41,42.9,82.2
SR-6425,EVT-13733,AA:BB:CC:00:85,45.7,185 F
SR-6426,EVT-14873,AA:BB:CC:00:52,44.4,83.5
SR-6427,EVT-12643,AA:BB:CC:00:03,44.4,90.0
SR-6428,EVT-13173,AA:BB:CC:00:58,46.0,79.7
SR-6429,EVT-14361,AA:BB:CC:00:90,44.6,84.2
SR-6430,EVT-14178,AA:BB:CC:00:81,43.2,88.1
SR-6431,EVT-14341,AA:BB:CC:00:94,44.5,90.7
SR-6432,EVT-10810,AA:BB:CC:00:87,45.3,185 F
SR-6433,EVT-11010,AA:BB:CC:00:25,44.5,85.0
SR-6434,EVT-14766,AA:BB:CC:00:68, 44.2 ,86.7
SR-6435,EVT-11850,AA:BB:CC:00:41,43.1,84.5
SR-6436,EVT-11141,AA:BB:CC:00:75,48.0,84.5
SR-6437,EVT-14723,AA:BB:CC:00:62,43.8,92.9
SR-6438,EVT-10706,AA:BB:CC:00:41,48.0,89.4
SR-6439,EVT-14030,AA:BB:CC:00:82,47.1,84.1
SR-6440,EVT-14076,AA:BB:CC:00:33,47.9,80.9
SR-6441,EVT-13908,AA:BB:CC:00:100,43.3,87.7
SR-6442,EVT-14294,AA:BB:CC:00:38,45.0,86.3
SR-6443,EVT-10766,AA:BB:CC:00:18,45.0,83.4
SR-6444,EVT-11100,AA:BB:CC:00:54,9000,78.5
SR-6445,EVT-11470,AA:BB:CC:00:49,33.19 ft-lb,73.6
SR-6446,EVT-13497,AA:BB:CC:00:61,44.3,78.7
SR-6447,EVT-11694,AA:BB:CC:00:16,33.19 ft-lb,91.7
SR-6448,EVT-12225,AA:BB:CC:00:86,44.0,80.3
SR-6449,EVT-11472,AA:BB:CC:00:85,44.0,92.3
SR-6450,EVT-11189,AA:BB:CC:00:44,46.5,87.1
SR-6451,EVT-11888,AA:BB:CC:00:31,45.6,86.6
SR-6452,EVT-14393,AA:BB:CC:00:95,40.7,83.2
SR-6453,EVT-14475,AA:BB:CC:00:27,47.2,92.0
SR-6454,EVT-10166,AA:BB:CC:00:41,46.8,87.7
SR-6455,EVT-13625,AA:BB:CC:00:03,44.2,84.4
SR-6456,EVT-12409,AA:BB:CC:00:95,46.1,84.9
SR-6457,EVT-14936,AA:BB:CC:00:34,43.0,86.1
SR-6458,EVT-13525,AA:BB:CC:00:90,43.8,86.9
SR-6459,EVT-14599,AA:BB:CC:00:88,45.1,83.6
SR-6460,EVT-12806,AA:BB:CC:00:10,43.0,94.7
SR-6461,EVT-14552,AA:BB:CC:00:57,47.9,92.0
SR-6462,EVT-10858,AA:BB:CC:00:29,43.5,83.5
SR-6463,EVT-10924,AA:BB:CC:00:38,47.2,84.5
SR-6464,EVT-14803,AA:BB:CC:00:77,40.8,89.9
SR-6465,EVT-11688,AA:BB:CC:00:06,45.2,82.1
SR-6466,EVT-11807,AA:BB:CC:00:14,9000,84.1
SR-6467,EVT-12232,AA:BB:CC:00:94,42.9,87.0
SR-6468,EVT-10417,AA:BB:CC:00:04,44.6,85.0
SR-6469,EVT-10714,AA:BB:CC:00:45,43.2,77.9
SR-6470,EVT-12824,AA:BB:CC:00:92,45.3,78.6
SR-6471,EVT-14890,AA:BB:CC:00:39,44.8,86.2
SR-6472,EVT-10122,AA:BB:CC:00:74,43.1,84.5
SR-6473,EVT-13308,AA:BB:CC:00:54,48.3,83.6
SR-6474,EVT-13515,AA:BB:CC:00:26,45.3,78.4
SR-6475,EVT-11450,AA:BB:CC:00:98,49.4,83.8
SR-6476,EVT-10060,AA:BB:CC:00:29,43.4,84.1
SR-6477,EVT-12959,AA:BB:CC:00:62,44.4,91.7
SR-6478,EVT-14187,AA:BB:CC:00:08,41.6,83.6
SR-6479,EVT-10897,AA:BB:CC:00:39,40.0,85.0
SR-6480,EVT-14329,AA:BB:CC:00:18,47.9,83.8
SR-6481,EVT-10969,AA:BB:CC:00:73,42.9,80.9 C
SR-6482,EVT-12578,AA:BB:CC:00:22,45.1,85.1
SR-6483,EVT-10787,AA:BB:CC:00:18,42.1,84.2
SR-6484,EVT-11019,AA:BB:CC:00:37,33.19 ft-lb,86.3
SR-6485,EVT-11653,AA:BB:CC:00:33,44.4,92.1
SR-6486,EVT-11260,AA:BB:CC:00:48,45.5,85.6
SR-6487,EVT-13762,AA:BB:CC:00:48,44.6,84.4
SR-6488,EVT-13362,AA:BB:CC:00:02,47.0,87.8
SR-6489,EVT-12671,AA:BB:CC:00:26,47.9,84.7
SR-6490,EVT-12289,AA:BB:CC:00:17,44.0,90.4
SR-6491,EVT-14387,AA:BB:CC:00:04,46.6,84.4
SR-6492,EVT-12484,AA:BB:CC:00:09,44.1,79.1
SR-6493,EVT-10759,AA:BB:CC:00:10,46.9,88.6
SR-6494,EVT-13125,AA:BB:CC:00:69,43.2,80.0
SR-6495,EVT-14145,AA:BB:CC:00:38,45.3,92.8
SR-6496,EVT-12841,AA:BB:CC:00:49,44.4,81.8
SR-6497,EVT-12846,AA:BB:CC:00:40,46.8,81.9
SR-6498,EVT-13584,AA:BB:CC:00:49,43.1,91.6
SR-6499,EVT-12006,AA:BB:CC:00:86,44.2,90.8
SR-6500,EVT-13248,AA:BB:CC:00:19,45.8,88.4
SR-6501,EVT-12706,AA:BB:CC:00:37,46.0,90.2
SR-6502,EVT-12872,AA:BB:CC:00:97,43.6,81.5
SR-6503,EVT-12237,AA:BB:CC:00:49,46.3,89.8
SR-6504,EVT-11483,AA:BB:CC:00:06,50.8,82.2
SR-6505,EVT-14870,AA:BB:CC:00:64,45.0,82.3
SR-6506,EVT-11011,AA:BB:CC:00:23,41.7,84.8
SR-6507,EVT-10296,AA:BB:CC:00:78,45.2,77.8
SR-6508,EVT-11775,AA:BB:CC:00:31,46.4,89.0
SR-6509,EVT-10010,AA:BB:CC:00:53,44.4,87.9
SR-6510,EVT-13248,AA:BB:CC:00:33,45.8,86.4
SR-6511,EVT-14907,AA:BB:CC:00:17,43.9,84.2
SR-6512,EVT-13213,AA:BB:CC:00:65,46.7,83.7
SR-6513,EVT-12566,AA:BB:CC:00:76,45.9,87.3
SR-6514,EVT-14539,AA:BB:CC:00:67,46.0,84.5
SR-6515,EVT-13607,AA:BB:CC:00:45,46.4,80.4
SR-6516,EVT-10899,AA:BB:CC:00:100,45.0,83.9
SR-6517,EVT-13005,AA:BB:CC:00:88,45.2,87.2
SR-6518,EVT-11030,AA:BB:CC:00:78,46.9,78.9
SR-6519,EVT-14533,AA:BB:CC:00:37,46.2,90.0
SR-6520,EVT-11480,AA:BB:CC:00:92,44.9,90.6
SR-6521,EVT-11761,AA:BB:CC:00:27,44.0,92.4
SR-6522,EVT-14958,AA:BB:CC:00:20,41.5,83.6
SR-6523,EVT-10614,AA:BB:CC:00:79,45.5,83.8
SR-6524,EVT-14198,AA:BB:CC:00:42,44.6,78.4
SR-6525,EVT-14755,AA:BB:CC:00:25,45.8,78.1
SR-6526,EVT-11209,AA:BB:CC:00:70,43.0,82.7
SR-6527,EVT-14783,AA:BB:CC:00:51,47.3,84.2
SR-6528,EVT-13993,AA:BB:CC:00:78,47.3,81.4
SR-6529,EVT-11951,AA:BB:CC:00:39,46.5,85.2
SR-6530,EVT-10295,AA:BB:CC:00:30,45.6,79.1
SR-6531,EVT-10521,AA:BB:CC:00:47,43.5,88.1
SR-6532,EVT-10685,AA:BB:CC:00:47,49.5,87.3
SR-6533,EVT-13615,AA:BB:CC:00:50,46.9,81.2
SR-6534,EVT-11620,AA:BB:CC:00:28, 45.0 ,74.7
SR-6535,EVT-14009,AA:BB:CC:00:31,42.5,79.4
SR-6536,EVT-10504,AA:BB:CC:00:73,44.8,86.3
SR-6537,EVT-13464,AA:BB:CC:00:48,44.7,87.1
SR-6538,EVT-14743,AA:BB:CC:00:66,33.19 ft-lb,87.5
SR-6539,EVT-10627,AA:BB:CC:00:53,44.7,75.1
SR-6540,EVT-10950,AA:BB:CC:00:60,40.7,83.5
SR-6541,EVT-12802,AA:BB:CC:00:47,43.1,95.8
SR-6542,EVT-11773,AA:BB:CC:00:45,47.0,84.8
SR-6543,EVT-10810,AA:BB:CC:00:01,43.3,82.2
SR-6544,EVT-11866,AA:BB:CC:00:66,43.0,93.9
SR-6545,EVT-10055,AA:BB:CC:00:92,46.3,88.8
SR-6546,EVT-14259,AA:BB:CC:00:100,33.19 ft-lb,83.2
SR-6547,EVT-13870,AA:BB:CC:00:23,42.7,91.8
SR-6548,EVT-12536,AA:BB:CC:00:20,47.0,83.2
SR-6549,EVT-12055,AA:BB:CC:00:33,43.1,78.1
SR-6550,EVT-10146,AA:BB:CC:00:94,45.7,77.9
SR-6551,EVT-12113,AA:BB:CC:00:89,46.9,86.2
SR-6552,EVT-12186,AA:BB:CC:00:48,44.6,92.9
SR-6553,EVT-14290,AA:BB:CC:00:16,45.7,88.4
SR-6554,EVT-12336,AA:BB:CC:00:39,41.8,82.5
SR-6555,EVT-10457,AA:BB:CC:00:07,46.7,92.1
SR-6556,EVT-14524,AA:BB:CC:00:62,44.8,91.9
SR-6557,EVT-10194,AA:BB:CC:00:44,47.5,87.9
SR-6558,EVT-10294,AA:BB:CC:00:97,42.1,91.2
SR-6559,EVT-13492,AA:BB:CC:00:98,42.7,89.1
SR-6560,EVT-12097,AA:BB:CC:00:81,45.4,87.7
SR-6561,EVT-14915,AA:BB:CC:00:49,42.7,83.0
SR-6562,EVT-10157,AA:BB:CC:00:04,44.8,88.0
SR-6563,EVT-14216,AA:BB:CC:00:13,43.7,91.6
SR-6564,EVT-12625,AA:BB:CC:00:26,44.4,81.0
SR-6565,EVT-10100,AA:BB:CC:00:13,43.9,95.0
SR-6566,EVT-11318,AA:BB:CC:00:96,42.5,80.6
SR-6567,EVT-12843,AA:BB:CC:00:43,43.0,89.6
SR-6568,EVT-10870,AA:BB:CC:00:12,45.7,80.0
SR-6569,EVT-14337,AA:BB:CC:00:78,42.1,87.6
SR-6570,EVT-12193,AA:BB:CC:00:85,46.1,85.5
SR-6571,EVT-11697,AA:BB:CC:00:33,43.0,85.6 C
SR-6572,EVT-10696,AA:BB:CC:00:67,47.0,88.9
SR-6573,EVT-12415,AA:BB:CC:00:07,43.0,81.8
SR-6574,EVT-11616,AA:BB:CC:00:79,46.8,185 F
SR-6575,EVT-11957,AA:BB:CC:00:07,44.7,82.4
SR-6576,EVT-13102,AA:BB:CC:00:43,45.2,92.9
SR-6577,EVT-11416,AA:BB:CC:00:48,46.7,82.3
SR-6578,EVT-12850,AA:BB:CC:00:90,45.7,88.4
SR-6579,EVT-14356,AA:BB:CC:00:26,44.9,88.5
SR-6580,EVT-10667,AA:BB:CC:00:76,44.2,88.4
SR-6581,EVT-10887,AA:BB:CC:00:59,41.3,91.9
SR-6582,EVT-14905,AA:BB:CC:00:56,48.0,87.5
SR-6583,EVT-12872,AA:BB:CC:00:40,43.1,85.9
SR-6584,EVT-13813,AA:BB:CC:00:66,46.4,87.1
SR-6585,EVT-14946,AA:BB:CC:00:15,45.1,81.7
SR-6586,EVT-12495,AA:BB:CC:00:44,41.6,94.1
SR-6587,EVT-13707,AA:BB:CC:00:95,43.3,81.3
SR-6588,EVT-10216,AA:BB:CC:00:59,45.7,76.2
SR-6589,EVT-14625,AA:BB:CC:00:34,42.9,88.8
SR-6590,EVT-12164,AA:BB:CC:00:12,43.1,93.8
SR-6591,EVT-12286,AA:BB:CC:00:06,46.1,76.2
SR-6592,EVT-13673,AA:BB:CC:00:96,45.0,78.1
SR-6593,EVT-12988,AA:BB:CC:00:100,47.1,83.6
SR-6594,EVT-13073,AA:BB:CC:00:10,44.4,185 F
SR-6595,EVT-12709,AA:BB:CC:00:80,41.7,90.1
SR-6596,EVT-14859,AA:BB:CC:00:25,43.1,84.1
SR-6597,EVT-12665,AA:BB:CC:00:94,45.5,85.2
SR-6598,EVT-10289,AA:BB:CC:00:40,44.0,83.4
SR-6599,EVT-10162,AA:BB:CC:00:93,47.0,83.9
SR-6600,EVT-14989,AA:BB:CC:00:48,42.9,90.9
SR-6601,EVT-11563,AA:BB:CC:00:87,45.9,86.3
SR-6602,EVT-10011,AA:BB:CC:00:56,43.9,90.0
SR-6603,EVT-14290,AA:BB:CC:00:60,43.6,80.5
SR-6604,EVT-11289,AA:BB:CC:00:07,43.6,185 F
SR-6605,EVT-10867,AA:BB:CC:00:47,42.9,85.1
SR-6606,EVT-11798,AA:BB:CC:00:14,43.9,84.7
SR-6607,EVT-14910,AA:BB:CC:00:02,47.2,90.9
SR-6608,EVT-10752,AA:BB:CC:00:63,50.9,88.1
SR-6609,EVT-13316,AA:BB:CC:00:37,45.7,84.4
SR-6610,EVT-13099,AA:BB:CC:00:69,45.2,86.5
SR-6611,EVT-13275,AA:BB:CC:00:22,44.4,80.9
SR-6612,EVT-12412,AA:BB:CC:00:70,43.2,80.3
SR-6613,EVT-13108,AA:BB:CC:00:45,46.8,77.4
SR-6614,EVT-13837,AA:BB:CC:00:07,45.0,97.1
SR-6615,EVT-10871,AA:BB:CC:00:100,42.8,84.6
SR-6616,EVT-13067,AA:BB:CC:00:05,48.7,84.4
SR-6617,EVT-12147,AA:BB:CC:00:26,48.8,87.1
SR-6618,EVT-10965,AA:BB:CC:00:92,46.2,85.2
SR-6619,EVT-11782,AA:BB:CC:00:47,42.7,86.5
SR-6620,EVT-12011,AA:BB:CC:00:87,43.3,84.1
SR-6621,EVT-13249,AA:BB:CC:00:66,42.8,89.9
SR-6622,EVT-10560,AA:BB:CC:00:21,48.8,93.4
SR-6623,EVT-11090,AA:BB:CC:00:66,42.7,88.0
SR-6624,EVT-10995,AA:BB:CC:00:02,43.8 Nm,93.7
SR-6625,EVT-12093,AA:BB:CC:00:18,46.3,90.6
SR-6626,EVT-13485,AA:BB:CC:00:91,44.7,82.5
SR-6627,EVT-13930,AA:BB:CC:00:64,42.2,79.7
SR-6628,EVT-11477,AA:BB:CC:00:46,46.1,75.2
SR-6629,EVT-12668,AA:BB:CC:00:69,48.5,84.2
SR-6630,EVT-12920,AA:BB:CC:00:09,43.4,86.0
SR-6631,EVT-10208,AA:BB:CC:00:14,43.6,86.8
SR-6632,EVT-13886,AA:BB:CC:00:68,47.2,83.1
SR-6633,EVT-10989,AA:BB:CC:00:65,46.5,88.9
SR-6634,EVT-13278,AA:BB:CC:00:40,42.8,94.3
SR-6635,EVT-14476,AA:BB:CC:00:22,49.1,88.0
SR-6636,EVT-14381,AA:BB:CC:00:15,43.2,81.0
SR-6637,EVT-11658,AA:BB:CC:00:25,46.1,93.0
SR-6638,EVT-14513,AA:BB:CC:00:64,42.3,78.3
SR-6639,EVT-11261,AA:BB:CC:00:51,46.6 Nm,86.2
SR-6640,EVT-10345,AA:BB:CC:00:32,33.19 ft-lb,76.5
SR-6641,EVT-14461,AA:BB:CC:00:95,44.0,80.6
SR-6642,EVT-14452,AA:BB:CC:00:42,43.4,87.6
SR-6643,EVT-14156,AA:BB:CC:00:87,41.4,81.3
SR-6644,EVT-12431,AA:BB:CC:00:17,42.9,85.2
SR-6645,EVT-11769,AA:BB:CC:00:34,44.5,80.0
SR-6646,EVT-14673,AA:BB:CC:00:69,42.4,88.8
SR-6647,EVT-12619,AA:BB:CC:00:47,41.5,80.5 C
SR-6648,EVT-13178,AA:BB:CC:00:42,45.1,83.1
SR-6649,EVT-10362,AA:BB:CC:00:94,49.4,71.0
SR-6650,EVT-11288,AA:BB:CC:00:50,45.8,84.0
SR-6651,EVT-13179,AA:BB:CC:00:53,46.9,86.8
SR-6652,EVT-14928,AA:BB:CC:00:94,45.1,86.6
SR-6653,EVT-12515,AA:BB:CC:00:14,45.2,87.4
SR-6654,EVT-12736,AA:BB:CC:00:89,44.8,79.5
SR-6655,EVT-12884,AA:BB:CC:00:67,44.6,91.3
SR-6656,EVT-10267,AA:BB:CC:00:20,42.8,87.1
SR-6657,EVT-10012,AA:BB:CC:00:61,45.7,81.5
SR-6658,EVT-11647,AA:BB:CC:00:23,42.8 Nm,88.4
SR-6659,EVT-14551,AA:BB:CC:00:23,43.7,89.0
SR-6660,EVT-12649,AA:BB:CC:00:21,40.9,75.4
SR-6661,EVT-12386,AA:BB:CC:00:44,44.8,85.4
SR-6662,EVT-10718,AA:BB:CC:00:05,42.5,90.6
SR-6663,EVT-11188,AA:BB:CC:00:52,45.4,80.4
SR-6664,EVT-12162,AA:BB:CC:00:73,45.2,92.7
SR-6665,EVT-13206,AA:BB:CC:00:39,44.0,84.4
SR-6666,EVT-11368,AA:BB:CC:00:22,41.6,80.5
SR-6667,EVT-10514,AA:BB:CC:00:83,45.6,82.9
SR-6668,EVT-13423,AA:BB:CC:00:69,47.9,79.9
SR-6669,EVT-12792,AA:BB:CC:00:68,46.7,79.8
SR-6670,EVT-10679,AA:BB:CC:00:21,46.4,80.9
SR-6671,EVT-14595,AA:BB:CC:00:82,43.8,80.0
SR-6672,EVT-11521,AA:BB:CC:00:05,45.7,88.1
SR-6673,EVT-13521,AA:BB:CC:00:61,41.7,84.0
SR-6674,EVT-13807,AA:BB:CC:00:77,42.7,85.4
SR-6675,EVT-10301,AA:BB:CC:00:90,47.0,83.6
SR-6676,EVT-13589,AA:BB:CC:00:80,42.7,85.5
SR-6677,EVT-12886,AA:BB:CC:00:11,45.0,85.1
SR-6678,EVT-14919,AA:BB:CC:00:67,44.9,78.4
SR-6679,EVT-11300,AA:BB:CC:00:68,41.6,88.5
SR-6680,EVT-12656,AA:BB:CC:00:09,45.9,85.9
SR-6681,EVT-11474,AA:BB:CC:00:94,47.6,185 F
SR-6682,EVT-14889,AA:BB:CC:00:51,49.1,82.6
SR-6683,EVT-11688,AA:BB:CC:00:60,46.5,80.7
SR-6684,EVT-13285,AA:BB:CC:00:45,45.8,77.8
SR-6685,EVT-12154,AA:BB:CC:00:60,45.5,79.6
SR-6686,EVT-13172,AA:BB:CC:00:58,46.1,80.2
SR-6687,EVT-14720,AA:BB:CC:00:76,45.6,92.6
SR-6688,EVT-11391,AA:BB:CC:00:54,49.4,84.5
SR-6689,EVT-11727,AA:BB:CC:00:49,46.4,78.6
SR-6690,EVT-14051,AA:BB:CC:00:13,46.8,92.2
SR-6691,EVT-12740,AA:BB:CC:00:21,44.9,89.2
SR-6692,EVT-10561,AA:BB:CC:00:21,40.7,85.9
SR-6693,EVT-10356,AA:BB:CC:00:27,39.6,85.0
SR-6694,EVT-11593,AA:BB:CC:00:69,43.5,76.2
SR-6695,EVT-14220,AA:BB:CC:00:81,47.0,86.2
SR-6696,EVT-11086,AA:BB:CC:00:55,46.2,87.1
SR-6697,EVT-14864,AA:BB:CC:00:85,44.8,87.4
SR-6698,EVT-12367,AA:BB:CC:00:65,46.1,82.3
SR-6699,EVT-11198,AA:BB:CC:00:16,46.1,88.2
SR-6700,EVT-11515,AA:BB:CC:00:22,48.6,88.9
SR-6701,EVT-12677,AA:BB:CC:00:87,43.9,80.3
SR-6702,EVT-12785,AA:BB:CC:00:20,43.2,86.2
SR-6703,EVT-10496,AA:BB:CC:00:49,45.7,80.7
SR-6704,EVT-11676,AA:BB:CC:00:72,45.8,84.7
SR-6705,EVT-10668,AA:BB:CC:00:46,45.1,72.4
SR-6706,EVT-11646,AA:BB:CC:00:49,45.5,87.5
SR-6707,EVT-14042,AA:BB:CC:00:94,48.5,78.8
SR-6708,EVT-13162,AA:BB:CC:00:66,45.1,88.6
SR-6709,EVT-14531,AA:BB:CC:00:62,44.3,88.3
SR-6710,EVT-12778,AA:BB:CC:00:63,44.0,95.5
SR-6711,EVT-14710,AA:BB:CC:00:32,42.6,73.2
SR-6712,EVT-13629,AA:BB:CC:00:83,43.5,85.8
SR-6713,EVT-11112,AA:BB:CC:00:13,47.8,81.6
SR-6714,EVT-14951,AA:BB:CC:00:42,44.8,85.1
SR-6715,EVT-13113,AA:BB:CC:00:88,44.0 Nm,80.7
SR-6716,EVT-14783,AA:BB:CC:00:10,46.9,75.6
SR-6717,EVT-13614,AA:BB:CC:00:47,44.4,94.7
SR-6718,EVT-12630,AA:BB:CC:00:69,47.6,85.8
SR-6719,EVT-11493,AA:BB:CC:00:91,46.1,79.4
SR-6720,EVT-10074,AA:BB:CC:00:60,42.7,83.2
SR-6721,EVT-10387,AA:BB:CC:00:61,46.8,83.4
SR-6722,EVT-11505,AA:BB:CC:00:58,45.4,90.3
SR-6723,EVT-14635,AA:BB:CC:00:25,44.6,85.0
SR-6724,EVT-10975,AA:BB:CC:00:71,45.3,85.7
SR-6725,EVT-14097,AA:BB:CC:00:62,45.0,86.1
SR-6726,EVT-13609,AA:BB:CC:00:61,42.2,84.2
SR-6727,EVT-10839,AA:BB:CC:00:45,44.5,91.5
SR-6728,EVT-11194,AA:BB:CC:00:27,44.3,84.8
SR-6729,EVT-12865,AA:BB:CC:00:52,41.8,89.3
SR-6730,EVT-14906,AA:BB:CC:00:59,44.3,87.1
SR-6731,EVT-14220,AA:BB:CC:00:85,44.8,91.7
SR-6732,EVT-14139,AA:BB:CC:00:43,50.5,85.4
SR-6733,EVT-12379,AA:BB:CC:00:28,41.9,85.7
SR-6734,EVT-13614,AA:BB:CC:00:21,44.4,85.1
SR-6735,EVT-11771,AA:BB:CC:00:34,43.8 Nm,87.3
SR-6736,EVT-12212,AA:BB:CC:00:85,43.1,79.9
SR-6737,EVT-13429,AA:BB:CC:00:47,48.1,85.2
SR-6738,EVT-13886,AA:BB:CC:00:27,48.6,78.1
SR-6739,EVT-12810,AA:BB:CC:00:15,43.5,84.5
SR-6740,EVT-14806,AA:BB:CC:00:05,47.0,83.4
SR-6741,EVT-14002,AA:BB:CC:00:64,46.3,86.8
SR-6742,EVT-13290,AA:BB:CC:00:17,9000,87.6
SR-6743,EVT-10665,AA:BB:CC:00:08,44.8,79.2
SR-6744,EVT-14071,AA:BB:CC:00:57,47.3,83.2
SR-6745,EVT-11406,AA:BB:CC:00:57,47.0,93.4
SR-6746,EVT-11322,AA:BB:CC:00:48,46.0,82.4
SR-6747,EVT-10402,AA:BB:CC:00:88,41.9,86.2
SR-6748,EVT-14536,AA:BB:CC:00:18,46.5,87.1
SR-6749,EVT-14672,AA:BB:CC:00:42,48.4,73.9
SR-6750,EVT-14657,AA:BB:CC:00:69,45.3,82.3
SR-6751,EVT-12356,AA:BB:CC:00:54,43.9,83.1
SR-6752,EVT-14371,AA:BB:CC:00:16,46.8,88.9
SR-6753,EVT-14025,AA:BB:CC:00:85,47.1,90.7
SR-6754,EVT-10859,AA:BB:CC:00:76,44.0,81.1
SR-6755,EVT-13628,AA:BB:CC:00:17,46.0,77.1
SR-6756,EVT-11403,AA:BB:CC:00:44,46.8,94.4
SR-6757,EVT-12162,AA:BB:CC:00:33,42.8,185 F
SR-6758,EVT-10135,AA:BB:CC:00:11,46.6,78.5
SR-6759,EVT-14625,AA:BB:CC:00:40,44.5,75.8
SR-6760,EVT-10361,AA:BB:CC:00:37,45.6,81.9
SR-6761,EVT-13342,AA:BB:CC:00:75,44.9,85.1
SR-6762,EVT-12953,AA:BB:CC:00:28,45.6,89.6
SR-6763,EVT-10218,AA:BB:CC:00:30,46.3,82.6
SR-6764,EVT-12366,AA:BB:CC:00:46,33.19 ft-lb,82.9
SR-6765,EVT-11427,AA:BB:CC:00:78,44.4,84.0
SR-6766,EVT-14216,AA:BB:CC:00:43,43.7,81.3
SR-6767,EVT-10061,AA:BB:CC:00:85,47.5,75.4
SR-6768,EVT-12021,AA:BB:CC:00:96,43.8,85.6
SR-6769,EVT-11005,AA:BB:CC:00:91,43.3,80.7
SR-6770,EVT-12810,AA:BB:CC:00:98,41.9,94.4
SR-6771,EVT-13507,AA:BB:CC:00:08,46.5,76.1
SR-6772,EVT-11437,AA:BB:CC:00:43,44.6,86.5
SR-6773,EVT-14994,AA:BB:CC:00:33,45.3,86.0
SR-6774,EVT-12057,AA:BB:CC:00:55,46.4,82.8
SR-6775,EVT-10816,AA:BB:CC:00:58,44.9,84.0
SR-6776,EVT-10576,AA:BB:CC:00:21,43.2,93.8
SR-6777,EVT-13055,AA:BB:CC:00:47,44.1,82.9
SR-6778,EVT-13962,AA:BB:CC:00:51,41.8,88.9
SR-6779,EVT-10348,AA:BB:CC:00:29,48.2,87.9
SR-6780,EVT-12466,AA:BB:CC:00:16,44.9,93.1
SR-6781,EVT-11202,AA:BB:CC:00:68,43.6,78.0
SR-6782,EVT-14062,AA:BB:CC:00:89,46.9,83.3
SR-6783,EVT-14149,AA:BB:CC:00:69,41.6,80.2
SR-6784,EVT-10318,AA:BB:CC:00:19,47.7,87.3
SR-6785,EVT-14525,AA:BB:CC:00:39,43.7,80.6
SR-6786,EVT-12424,AA:BB:CC:00:70,47.1,88.5
SR-6787,EVT-12566,AA:BB:CC:00:30,45.0,85.3
SR-6788,EVT-10956,AA:BB:CC:00:28,40.8,81.4
SR-6789,EVT-11749,AA:BB:CC:00:63,42.8,78.6
SR-6790,EVT-12059,AA:BB:CC:00:13,44.7,87.9
SR-6791,EVT-13657,AA:BB:CC:00:67,45.1,92.5
SR-6792,EVT-12910,AA:BB:CC:00:64,44.5,83.2
SR-6793,EVT-13478,AA:BB:CC:00:58,45.6,87.2
SR-6794,EVT-12987,AA:BB:CC:00:99,40.8,78.6
SR-6795,EVT-13755,AA:BB:CC:00:68,45.6,74.7
SR-6796,EVT-12796,AA:BB:CC:00:10,42.2,79.1
SR-6797,EVT-11044,AA:BB:CC:00:51,47.1 Nm,87.6
SR-6798,EVT-14968,AA:BB:CC:00:70,41.8,75.1
SR-6799,EVT-10467,AA:BB:CC:00:01,48.3,88.6
SR-6800,EVT-10742,AA:BB:CC:00:01,44.0,78.4
SR-6801,EVT-10444,AA:BB:CC:00:07,43.6,82.7
SR-6802,EVT-14815,AA:BB:CC:00:80,47.8,92.3
SR-6803,EVT-12258,AA:BB:CC:00:88,46.0,83.1
SR-6804,EVT-11272,AA:BB:CC:00:04,47.1,79.1
SR-6805,EVT-10106,AA:BB:CC:00:16,45.0,79.5
SR-6806,EVT-10670,AA:BB:CC:00:71,45.6,92.2
SR-6807,EVT-13536,AA:BB:CC:00:25,46.4,89.0
SR-6808,EVT-12752,AA:BB:CC:00:15,44.6,87.2
SR-6809,EVT-11700,AA:BB:CC:00:09,48.4,87.7
SR-6810,EVT-13677,AA:BB:CC:00:11,42.6,88.6
SR-6811,EVT-12015,AA:BB:CC:00:71,44.7,85.8
SR-6812,EVT-13873,AA:BB:CC:00:53,47.6,79.0
SR-6813,EVT-13189,AA:BB:CC:00:39,41.5,80.7
SR-6814,EVT-14228,AA:BB:CC:00:87,44.0,81.2
SR-6815,EVT-10157,AA:BB:CC:00:03,41.0,76.3
SR-6816,EVT-13244,AA:BB:CC:00:71,44.2,80.2
SR-6817,EVT-12381,AA:BB:CC:00:03,44.9,80.1
SR-6818,EVT-11802,AA:BB:CC:00:12,42.8,93.9
SR-6819,EVT-12928,AA:BB:CC:00:03,44.9,82.7
SR-6820,EVT-13963,AA:BB:CC:00:71,42.9,83.8
SR-6821,EVT-10135,AA:BB:CC:00:23,45.8,84.3
SR-6822,EVT-14311,AA:BB:CC:00:38,45.8,75.7
SR-6823,EVT-11876,AA:BB:CC:00:79,46.1,93.1
SR-6824,EVT-11877,AA:BB:CC:00:87,44.8,91.2
SR-6825,EVT-11041,AA:BB:CC:00:42,43.2,82.9
SR-6826,EVT-12181,AA:BB:CC:00:05,42.5,78.3
SR-6827,EVT-12394,AA:BB:CC:00:41,45.4,84.0
SR-6828,EVT-14203,AA:BB:CC:00:53,42.0,84.8
SR-6829,EVT-12470,AA:BB:CC:00:62,47.7,86.7
SR-6830,EVT-11902,AA:BB:CC:00:93,45.3,88.8
SR-6831,EVT-11536,AA:BB:CC:00:83,42.0,89.4
SR-6832,EVT-12062,AA:BB:CC:00:24,43.9,94.1
SR-6833,EVT-11528,AA:BB:CC:00:87,45.9,77.4
SR-6834,EVT-13660,AA:BB:CC:00:28,47.1,83.9
SR-6835,EVT-14948,AA:BB:CC:00:81, 45.5 ,79.1
SR-6836,EVT-14269,AA:BB:CC:00:09,42.7,83.0
SR-6837,EVT-14206,AA:BB:CC:00:61,47.4,82.3
SR-6838,EVT-10116,AA:BB:CC:00:53,44.7,87.9
SR-6839,EVT-13953,AA:BB:CC:00:17,47.6,92.3
SR-6840,EVT-14371,AA:BB:CC:00:65,45.9,80.7
SR-6841,EVT-13139,AA:BB:CC:00:09,45.8,85.2
SR-6842,EVT-11514,AA:BB:CC:00:70,44.9,78.4
SR-6843,EVT-14222,AA:BB:CC:00:15,45.8,84.5
SR-6844,EVT-11148,AA:BB:CC:00:06,47.6,88.4
SR-6845,EVT-14932,AA:BB:CC:00:18,43.9 Nm,88.0
SR-6846,EVT-14353,AA:BB:CC:00:88,47.0,87.9
SR-6847,EVT-12398,AA:BB:CC:00:94,44.9,78.7
SR-6848,EVT-10811,AA:BB:CC:00:83,45.7,92.1
SR-6849,EVT-10308,AA:BB:CC:00:58,47.5,85.1
SR-6850,EVT-14819,AA:BB:CC:00:92,43.9,76.1
SR-6851,EVT-13320,AA:BB:CC:00:23,47.6,92.8
SR-6852,EVT-13114,AA:BB:CC:00:88,46.3,93.3
SR-6853,EVT-13836,AA:BB:CC:00:27,46.2,91.0
SR-6854,EVT-11426,AA:BB:CC:00:77,47.5,73.5
SR-6855,EVT-10198,AA:BB:CC:00:75,46.0,85.4
SR-6856,EVT-13700,AA:BB:CC:00:15,46.5,88.7
SR-6857,EVT-12228,AA:BB:CC:00:30,48.0,81.9
SR-6858,EVT-10191,AA:BB:CC:00:06,45.9,81.0
SR-6859,EVT-14226,AA:BB:CC:00:25,37.6,90.2
SR-6860,EVT-10766,AA:BB:CC:00:31,43.9,90.5
SR-6861,EVT-11432,AA:BB:CC:00:11,46.9,78.9
SR-6862,EVT-10163,AA:BB:CC:00:68,44.1,88.9
SR-6863,EVT-12381,AA:BB:CC:00:79,42.9,92.4
SR-6864,EVT-12808,AA:BB:CC:00:24,43.3,82.8
SR-6865,EVT-11713,AA:BB:CC:00:14,46.3,81.1
SR-6866,EVT-12161,AA:BB:CC:00:24,42.7,81.1
SR-6867,EVT-11551,AA:BB:CC:00:87,45.7,85.0
SR-6868,EVT-13675,AA:BB:CC:00:69,44.4,84.5
SR-6869,EVT-10971,AA:BB:CC:00:26,47.0,85.1
SR-6870,EVT-11991,AA:BB:CC:00:94,46.3,89.2
SR-6871,EVT-11693,AA:BB:CC:00:42,45.5,86.7
SR-6872,EVT-10827,AA:BB:CC:00:48,43.9,91.7
SR-6873,EVT-12236,AA:BB:CC:00:51,44.9,91.6
SR-6874,EVT-10229,AA:BB:CC:00:67,43.1,83.8
SR-6875,EVT-10773,AA:BB:CC:00:18,43.9,88.2
SR-6876,EVT-12342,AA:BB:CC:00:86,33.19 ft-lb,87.2
SR-6877,EVT-10516,AA:BB:CC:00:28,42.9,92.5
SR-6878,EVT-14169,AA:BB:CC:00:30,42.0,75.8
SR-6879,EVT-13101,AA:BB:CC:00:02,44.4,86.9
SR-6880,EVT-12383,AA:BB:CC:00:73,44.9,75.5
SR-6881,EVT-13338,AA:BB:CC:00:65,44.0,86.6
SR-6882,EVT-14110,AA:BB:CC:00:36,44.3,96.9
SR-6883,EVT-13499,AA:BB:CC:00:21,43.8,82.1
SR-6884,EVT-11589,AA:BB:CC:00:62,47.3,79.6
SR-6885,EVT-13712,AA:BB:CC:00:54, 47.6 ,90.5
SR-6886,EVT-11036,AA:BB:CC:00:28,41.7,94.6
SR-6887,EVT-13951,AA:BB:CC:00:100,46.3,81.5
SR-6888,EVT-11335,AA:BB:CC:00:32,39.3,84.6
SR-6889,EVT-14006,AA:BB:CC:00:58,47.3,96.1
SR-6890,EVT-13941,AA:BB:CC:00:70,45.3,77.3
SR-6891,EVT-13138,AA:BB:CC:00:23,44.4,73.2
SR-6892,EVT-13997,AA:BB:CC:00:70,42.2,86.2
SR-6893,EVT-13161,AA:BB:CC:00:64,46.3,81.3
SR-6894,EVT-14490,AA:BB:CC:00:86,41.8,86.9
SR-6895,EVT-11477,AA:BB:CC:00:31,47.9,89.7
SR-6896,EVT-11611,AA:BB:CC:00:19,45.6,85.5
SR-6897,EVT-14885,AA:BB:CC:00:72,45.9,94.3
SR-6898,EVT-14773,AA:BB:CC:00:08,44.1 Nm,84.5
SR-6899,EVT-14619,AA:BB:CC:00:84,46.7,89.5
SR-6900,EVT-13491,AA:BB:CC:00:64,41.2,85.1
SR-6901,EVT-12865,AA:BB:CC:00:88,44.7,85.0
SR-6902,EVT-11296,AA:BB:CC:00:77,41.9,87.3
SR-6903,EVT-11695,AA:BB:CC:00:41,46.0,80.3
SR-6904,EVT-14268,AA:BB:CC:00:51,43.2,76.4
SR-6905,EVT-10706,AA:BB:CC:00:07,45.2,90.8
SR-6906,EVT-11816,AA:BB:CC:00:52,44.0,89.6
SR-6907,EVT-13173,AA:BB:CC:00:72,46.0,90.2
SR-6908,EVT-12864,AA:BB:CC:00:91,45.7,83.2
SR-6909,EVT-11066,AA:BB:CC:00:03,43.9,85.9
SR-6910,EVT-13310,AA:BB:CC:00:17,45.3,84.6
SR-6911,EVT-11817,AA:BB:CC:00:05,43.0,83.5
SR-6912,EVT-14192,AA:BB:CC:00:60,49.6,75.2
SR-6913,EVT-14110,AA:BB:CC:00:73,45.8,96.0
SR-6914,EVT-13380,AA:BB:CC:00:70,44.9,87.3
SR-6915,EVT-10228,AA:BB:CC:00:08,40.2,89.4
SR-6916,EVT-12579,AA:BB:CC:00:44,46.1,85.3
SR-6917,EVT-11668,AA:BB:CC:00:26,41.3,82.7
SR-6918,EVT-12879,AA:BB:CC:00:48,44.2,85.3
SR-6919,EVT-10431,AA:BB:CC:00:84,44.1,87.1
SR-6920,EVT-10935,AA:BB:CC:00:26,48.7,88.8
SR-6921,EVT-12045,AA:BB:CC:00:58,45.6,85.4
SR-6922,EVT-11815,AA:BB:CC:00:67,42.8,82.9
SR-6923,EVT-10837,AA:BB:CC:00:58,42.6,84.5
SR-6924,EVT-10907,AA:BB:CC:00:25,45.7,89.1
SR-6925,EVT-14735,AA:BB:CC:00:15,46.9,80.8
SR-6926,EVT-10623,AA:BB:CC:00:11,44.8,90.8
SR-6927,EVT-14044,AA:BB:CC:00:96,33.19 ft-lb,93.0
SR-6928,EVT-11732,AA:BB:CC:00:96,45.1,80.5
SR-6929,EVT-11420,AA:BB:CC:00:06, 47.5 ,88.4
SR-6930,EVT-10257,AA:BB:CC:00:02,46.0,82.7
SR-6931,EVT-10363,AA:BB:CC:00:23,45.0 Nm,76.3
SR-6932,EVT-14425,AA:BB:CC:00:93,43.6,87.4
SR-6933,EVT-10344,AA:BB:CC:00:07,46.7,87.9
SR-6934,EVT-10675,AA:BB:CC:00:62,46.3,86.3
SR-6935,EVT-13462,AA:BB:CC:00:30,47.5,90.7
SR-6936,EVT-12836,AA:BB:CC:00:80,46.8,85.3
SR-6937,EVT-14181,AA:BB:CC:00:01,45.9,84.1
SR-6938,EVT-13025,AA:BB:CC:00:77,45.5,88.0
SR-6939,EVT-12392,AA:BB:CC:00:36,43.5,185 F
SR-6940,EVT-14343,AA:BB:CC:00:01,45.8,88.0
SR-6941,EVT-10989,AA:BB:CC:00:22,44.0,81.7
SR-6942,EVT-11439,AA:BB:CC:00:93,41.9,85.4
SR-6943,EVT-13042,AA:BB:CC:00:62,48.8,84.8
SR-6944,EVT-14334,AA:BB:CC:00:80,43.1,87.5
SR-6945,EVT-10013,AA:BB:CC:00:44,43.4,87.5
SR-6946,EVT-13878,AA:BB:CC:00:09,45.3,83.1
SR-6947,EVT-13709,AA:BB:CC:00:89,45.4,79.5
SR-6948,EVT-11321,AA:BB:CC:00:38,45.4,82.7
SR-6949,EVT-12840,AA:BB:CC:00:22,44.2,82.2
SR-6950,EVT-14860,AA:BB:CC:00:41,46.0,82.0
SR-6951,EVT-12023,AA:BB:CC:00:02,47.3,86.7
SR-6952,EVT-10010,AA:BB:CC:00:01,43.2,79.9
SR-6953,EVT-14251,AA:BB:CC:00:10,42.6,84.0
SR-6954,EVT-14548,AA:BB:CC:00:99,40.7,82.0
SR-6955,EVT-11791,AA:BB:CC:00:88,44.1,78.9
SR-6956,EVT-10738,AA:BB:CC:00:50,45.2,90.5
SR-6957,EVT-14147,AA:BB:CC:00:24,45.7,91.0
SR-6958,EVT-11670,AA:BB:CC:00:47,43.9,81.5
SR-6959,EVT-10986,AA:BB:CC:00:46,47.7,88.5
SR-6960,EVT-12923,AA:BB:CC:00:74,46.6,89.1
SR-6961,EVT-13032,AA:BB:CC:00:20,45.4,86.9
SR-6962,EVT-10010,AA:BB:CC:00:76,44.4,74.8
SR-6963,EVT-12077,AA:BB:CC:00:60,42.7,84.0
SR-6964,EVT-11499,AA:BB:CC:00:23,43.4,90.1
SR-6965,EVT-14816,AA:BB:CC:00:23,43.4,77.9
SR-6966,EVT-12866,AA:BB:CC:00:73,45.5,86.8
SR-6967,EVT-14833,AA:BB:CC:00:62,45.6,83.0
SR-6968,EVT-12388,AA:BB:CC:00:04,41.9,86.1
SR-6969,EVT-14913,AA:BB:CC:00:93,45.9 Nm,76.2
SR-6970,EVT-10255,AA:BB:CC:00:27,45.7,80.4
SR-6971,EVT-13243,AA:BB:CC:00:93,45.8,83.8
SR-6972,EVT-10526,AA:BB:CC:00:57,44.9,86.3
SR-6973,EVT-13765,AA:BB:CC:00:68,44.0,94.5
SR-6974,EVT-12259,AA:BB:CC:00:66,47.8,90.1
SR-6975,EVT-14477,AA:BB:CC:00:71,42.7,82.5
SR-6976,EVT-14398,AA:BB:CC:00:57,40.9,86.8 C
SR-6977,EVT-14853,AA:BB:CC:00:43,43.3,83.1
SR-6978,EVT-10340,AA:BB:CC:00:48,47.3,81.2
SR-6979,EVT-11788,AA:BB:CC:00:42,45.3,83.5
SR-6980,EVT-12524,AA:BB:CC:00:98,43.2,82.3
SR-6981,EVT-11010,AA:BB:CC:00:12,46.2,77.8
SR-6982,EVT-12981,AA:BB:CC:00:91,45.3,94.6
SR-6983,EVT-11561,AA:BB:CC:00:54,45.2,79.9
SR-6984,EVT-13603,AA:BB:CC:00:86,42.8,78.7
SR-6985,EVT-10291,AA:BB:CC:00:79,46.4,83.5
SR-6986,EVT-12879,AA:BB:CC:00:74,43.5,77.3
SR-6987,EVT-10554,AA:BB:CC:00:35,47.6,89.7
SR-6988,EVT-12727,AA:BB:CC:00:40,42.2,84.5
SR-6989,EVT-10917,AA:BB:CC:00:53,45.6,90.7
SR-6990,EVT-10204,AA:BB:CC:00:84,42.6,92.3
SR-6991,EVT-10078,AA:BB:CC:00:32,42.2,80.9
SR-6992,EVT-10527,AA:BB:CC:00:84,33.19 ft-lb,78.8
SR-6993,EVT-13842,AA:BB:CC:00:05,43.2,85.9
SR-6994,EVT-12884,AA:BB:CC:00:29,44.1,90.2
SR-6995,EVT-10922,AA:BB:CC:00:91,42.8,87.9
SR-6996,EVT-11959,AA:BB:CC:00:90,48.0,81.0
SR-6997,EVT-10613,AA:BB:CC:00:11,43.8,86.9
SR-6998,EVT-12867,AA:BB:CC:00:29,46.6,85.2
SR-6999,EVT-10247,AA:BB:CC:00:20,43.6,82.2
SR-7000,EVT-11843,AA:BB:CC:00:43,41.7,83.4
SR-7001,EVT-13393,AA:BB:CC:00:70,44.9,99.9
SR-7002,EVT-13666,AA:BB:CC:00:08,46.7,81.8 C
SR-7003,EVT-14274,AA:BB:CC:00:45,44.6,87.9
SR-7004,EVT-11215,AA:BB:CC:00:66,44.4,92.2
SR-7005,EVT-12999,AA:BB:CC:00:62,45.4,78.8
SR-7006,EVT-11186,AA:BB:CC:00:55,46.4,83.1
SR-7007,EVT-13978,AA:BB:CC:00:91,45.4,185 F
SR-7008,EVT-14512,AA:BB:CC:00:38,43.2,88.5
SR-7009,EVT-13649,AA:BB:CC:00:84,43.5,81.5
SR-7010,EVT-11015,AA:BB:CC:00:94,46.1,80.8
SR-7011,EVT-10032,AA:BB:CC:00:93,43.3,83.5
SR-7012,EVT-14172,AA:BB:CC:00:66,44.4,85.1
SR-7013,EVT-13738,AA:BB:CC:00:15,46.8,88.4
SR-7014,EVT-10873,AA:BB:CC:00:33,45.3,88.2
SR-7015,EVT-12268,AA:BB:CC:00:11,44.8,85.8
SR-7016,EVT-11895,AA:BB:CC:00:40,42.4,86.0
SR-7017,EVT-10299,AA:BB:CC:00:88,41.9,85.3
SR-7018,EVT-12604,AA:BB:CC:00:41,45.8,80.6
SR-7019,EVT-14776,AA:BB:CC:00:79,45.1,79.7
SR-7020,EVT-10435,AA:BB:CC:00:05,42.3,84.0
SR-7021,EVT-12097,AA:BB:CC:00:73,47.0,82.9
SR-7022,EVT-12551,AA:BB:CC:00:04,42.6,90.7
SR-7023,EVT-10879,AA:BB:CC:00:91,43.5,82.8
SR-7024,EVT-10947,AA:BB:CC:00:68,43.9,96.0
SR-7025,EVT-13929,AA:BB:CC:00:37,48.0,77.1
SR-7026,EVT-10780,AA:BB:CC:00:13,45.9,72.1
SR-7027,EVT-14022,AA:BB:CC:00:21,45.4,81.8 C
SR-7028,EVT-11185,AA:BB:CC:00:11,43.7,83.1
SR-7029,EVT-14918,AA:BB:CC:00:76,43.5,86.6
SR-7030,EVT-12397,AA:BB:CC:00:14,43.0,87.4
SR-7031,EVT-14008,AA:BB:CC:00:36,33.19 ft-lb,80.6
SR-7032,EVT-14097,AA:BB:CC:00:13,43.0,85.3
SR-7033,EVT-12763,AA:BB:CC:00:59,42.6,80.0
SR-7034,EVT-10853,AA:BB:CC:00:69,44.3,90.5
SR-7035,EVT-10869,AA:BB:CC:00:21,48.6,78.0
SR-7036,EVT-14876,AA:BB:CC:00:73,45.3,95.2
SR-7037,EVT-12479,AA:BB:CC:00:97,44.2,87.2
SR-7038,EVT-10856,AA:BB:CC:00:64,43.0,94.2
SR-7039,EVT-14007,AA:BB:CC:00:55,46.7,86.4
SR-7040,EVT-11638,AA:BB:CC:00:81,47.5,79.9
SR-7041,EVT-12542,AA:BB:CC:00:91,42.8,97.2
SR-7042,EVT-12580,AA:BB:CC:00:65,43.9,93.0
SR-7043,EVT-14369,AA:BB:CC:00:51,43.5,87.1
SR-7044,EVT-10600,AA:BB:CC:00:69,43.8,89.5
SR-7045,EVT-11231,AA:BB:CC:00:76,45.1,91.0
SR-7046,EVT-11132,AA:BB:CC:00:25,43.3,76.9
SR-7047,EVT-12809,AA:BB:CC:00:25,44.6,80.3
SR-7048,EVT-10574,AA:BB:CC:00:12,43.5,88.0
SR-7049,EVT-13771,AA:BB:CC:00:11,44.1,85.0
SR-7050,EVT-10685,AA:BB:CC:00:94,45.3,82.7
SR-7051,EVT-12261,AA:BB:CC:00:48,46.2,89.1
SR-7052,EVT-10683,AA:BB:CC:00:91,45.4,86.9
SR-7053,EVT-14747,AA:BB:CC:00:81,45.4,93.7
SR-7054,EVT-12794,AA:BB:CC:00:94,51.1,93.2
SR-7055,EVT-12521,AA:BB:CC:00:03,45.5,89.0
SR-7056,EVT-12843,AA:BB:CC:00:75,47.8,85.1
SR-7057,EVT-14963,AA:BB:CC:00:49,45.6,85.1
SR-7058,EVT-14005,AA:BB:CC:00:33,43.8,90.7
SR-7059,EVT-12998,AA:BB:CC:00:47,47.5,90.7 C
SR-7060,EVT-14493,AA:BB:CC:00:73,47.3,91.6
SR-7061,EVT-11785,AA:BB:CC:00:18,45.7,80.9
SR-7062,EVT-12110,AA:BB:CC:00:01,46.0,81.1
SR-7063,EVT-14013,AA:BB:CC:00:70,44.6,86.2
SR-7064,EVT-14171,AA:BB:CC:00:98,46.5,85.7
SR-7065,EVT-11482,AA:BB:CC:00:05,45.6,89.2
SR-7066,EVT-14483,AA:BB:CC:00:03,45.1,88.2 C
SR-7067,EVT-10344,AA:BB:CC:00:90,41.9,85.3
SR-7068,EVT-12897,AA:BB:CC:00:70,48.6,75.7
SR-7069,EVT-11431,AA:BB:CC:00:11,48.4,75.9
SR-7070,EVT-14420,AA:BB:CC:00:75,44.5,81.2
SR-7071,EVT-13116,AA:BB:CC:00:40,44.1,83.6
SR-7072,EVT-13404,AA:BB:CC:00:64,44.7,93.3
SR-7073,EVT-11729,AA:BB:CC:00:80,44.9,84.1
SR-7074,EVT-13508,AA:BB:CC:00:84,46.7,88.9
SR-7075,EVT-11903,AA:BB:CC:00:84,40.5,89.8
SR-7076,EVT-13520,AA:BB:CC:00:90,45.6,84.2
SR-7077,EVT-11495,AA:BB:CC:00:58,41.9,85.1
SR-7078,EVT-13105,AA:BB:CC:00:99,42.2,82.5
SR-7079,EVT-10876,AA:BB:CC:00:25,46.0,82.8
SR-7080,EVT-10384,AA:BB:CC:00:30,45.0,77.2
SR-7081,EVT-13422,AA:BB:CC:00:40,46.1,90.4
SR-7082,EVT-12646,AA:BB:CC:00:25,42.6,92.7
SR-7083,EVT-13553,AA:BB:CC:00:10,41.7,78.6
SR-7084,EVT-10078,AA:BB:CC:00:57,45.8,79.4
SR-7085,EVT-14546,AA:BB:CC:00:35,41.8,91.8
SR-7086,EVT-10786,AA:BB:CC:00:27,41.4,81.2
SR-7087,EVT-13370,AA:BB:CC:00:68,44.8,79.3
SR-7088,EVT-13622,AA:BB:CC:00:62,41.9,84.1
SR-7089,EVT-10230,AA:BB:CC:00:80,43.9,83.8
SR-7090,EVT-14506,AA:BB:CC:00:29,43.9,88.1
SR-7091,EVT-14501,AA:BB:CC:00:99,45.4,87.8
SR-7092,EVT-14912,AA:BB:CC:00:21,45.5,69.7
SR-7093,EVT-13898,AA:BB:CC:00:41,48.6,80.0
SR-7094,EVT-13623,AA:BB:CC:00:31,42.4,90.0
SR-7095,EVT-13422,AA:BB:CC:00:19,40.8,81.4
SR-7096,EVT-10055,AA:BB:CC:00:38,40.4,87.6
SR-7097,EVT-13174,AA:BB:CC:00:32,45.8,85.9
SR-7098,EVT-13020,AA:BB:CC:00:04, 46.1 ,78.3
SR-7099,EVT-10997,AA:BB:CC:00:78,46.0,81.1
SR-7100,EVT-13300,AA:BB:CC:00:65,47.5,82.9
SR-7101,EVT-12767,AA:BB:CC:00:83,42.7,81.0
SR-7102,EVT-10283,AA:BB:CC:00:48,44.0,87.4
SR-7103,EVT-11431,AA:BB:CC:00:32,42.7,185 F
SR-7104,EVT-10381,AA:BB:CC:00:08,39.6,82.1
SR-7105,EVT-12749,AA:BB:CC:00:05,45.7,86.4
SR-7106,EVT-13076,AA:BB:CC:00:72,46.2,76.4
SR-7107,EVT-13755,AA:BB:CC:00:49,43.5,82.4
SR-7108,EVT-10305,AA:BB:CC:00:70,43.7,83.0
SR-7109,EVT-10640,AA:BB:CC:00:99,44.6,91.2
SR-7110,EVT-13519,AA:BB:CC:00:53,45.6,86.0
SR-7111,EVT-13532,AA:BB:CC:00:60,44.5,88.8
SR-7112,EVT-11280,AA:BB:CC:00:61,9000,78.3
SR-7113,EVT-10142,AA:BB:CC:00:62,47.2,83.7
SR-7114,EVT-14297,AA:BB:CC:00:75,45.3,185 F
SR-7115,EVT-13021,AA:BB:CC:00:13,47.2,87.1
SR-7116,EVT-11843,AA:BB:CC:00:89,46.4,82.3
SR-7117,EVT-10745,AA:BB:CC:00:51,42.6,87.3
SR-7118,EVT-10552,AA:BB:CC:00:29,48.1,81.7
SR-7119,EVT-10941,AA:BB:CC:00:20,43.9,85.5
SR-7120,EVT-10276,AA:BB:CC:00:35,45.3,80.3
SR-7121,EVT-10370,AA:BB:CC:00:90,45.9,82.7
SR-7122,EVT-12099,AA:BB:CC:00:84,43.5,83.1
SR-7123,EVT-14561,AA:BB:CC:00:41,45.0,87.6
SR-7124,EVT-14899,AA:BB:CC:00:44,47.1,84.7
SR-7125,EVT-12981,AA:BB:CC:00:44,46.2,84.4
SR-7126,EVT-10610,AA:BB:CC:00:06,43.4,80.8
SR-7127,EVT-10067,AA:BB:CC:00:63,43.1,84.0
SR-7128,EVT-13320,AA:BB:CC:00:17,44.5,83.3
SR-7129,EVT-11793,AA:BB:CC:00:91,45.9,85.3
SR-7130,EVT-12914,AA:BB:CC:00:41,45.9,76.1
SR-7131,EVT-10337,AA:BB:CC:00:83,46.2,81.7
SR-7132,EVT-11473,AA:BB:CC:00:96,45.7,90.6
SR-7133,EVT-14934,AA:BB:CC:00:23,41.2,74.6
SR-7134,EVT-10765,AA:BB:CC:00:38,43.7,80.9
SR-7135,EVT-12344,AA:BB:CC:00:41,43.6,87.7
SR-7136,EVT-14855,AA:BB:CC:00:31,48.2,87.5
SR-7137,EVT-10616,AA:BB:CC:00:16,48.4,84.9
SR-7138,EVT-12310,AA:BB:CC:00:03,44.2,86.5
SR-7139,EVT-10568,AA:BB:CC:00:80,47.6,85.4
SR-7140,EVT-12173,AA:BB:CC:00:16,44.6,87.3
SR-7141,EVT-12140,AA:BB:CC:00:68,45.5,87.2
SR-7142,EVT-13192,AA:BB:CC:00:69,45.2,84.9
SR-7143,EVT-12951,AA:BB:CC:00:54,49.1,84.1
SR-7144,EVT-13586,AA:BB:CC:00:92,46.0,88.3
SR-7145,EVT-12151,AA:BB:CC:00:87,44.3,90.7
SR-7146,EVT-12719,AA:BB:CC:00:42,49.7,86.2
SR-7147,EVT-11746,AA:BB:CC:00:64,44.8,79.8
SR-7148,EVT-12386,AA:BB:CC:00:19,45.7,81.6
SR-7149,EVT-11204,AA:BB:CC:00:89,44.2,85.9
SR-7150,EVT-10587,AA:BB:CC:00:83,43.6,89.6
SR-7151,EVT-10906,AA:BB:CC:00:62,45.1,78.6
SR-7152,EVT-13743,AA:BB:CC:00:03,45.2,85.7
SR-7153,EVT-14613,AA:BB:CC:00:08,45.7,81.6
SR-7154,EVT-11701,AA:BB:CC:00:90,38.2,84.9
SR-7155,EVT-13894,AA:BB:CC:00:31,44.2,82.1
SR-7156,EVT-11947,AA:BB:CC:00:19,44.7,84.3
SR-7157,EVT-10793,AA:BB:CC:00:81,45.3,80.1
SR-7158,EVT-13061,AA:BB:CC:00:65,46.4,94.1
SR-7159,EVT-14681,AA:BB:CC:00:53,40.6,85.9
SR-7160,EVT-11249,AA:BB:CC:00:13,44.5,84.1
SR-7161,EVT-11132,AA:BB:CC:00:59,45.6,82.9
SR-7162,EVT-11138,AA:BB:CC:00:57,49.0,97.9
SR-7163,EVT-14351,AA:BB:CC:00:43,45.4,86.7
SR-7164,EVT-11621,AA:BB:CC:00:12,47.3,91.9
SR-7165,EVT-14501,AA:BB:CC:00:96,42.2,84.7
SR-7166,EVT-13589,AA:BB:CC:00:88,45.2,84.4
SR-7167,EVT-12826,AA:BB:CC:00:98,46.0,80.4
SR-7168,EVT-12385,AA:BB:CC:00:24,43.5,85.9
SR-7169,EVT-10258,AA:BB:CC:00:42,46.7,88.1
SR-7170,EVT-14848,AA:BB:CC:00:09,42.7,77.8
SR-7171,EVT-13698,AA:BB:CC:00:48, 41.9 ,85.8
SR-7172,EVT-11457,AA:BB:CC:00:68,46.0,86.5
SR-7173,EVT-14453,AA:BB:CC:00:48,48.1,77.6
SR-7174,EVT-11271,AA:BB:CC:00:25,46.8,85.2
SR-7175,EVT-11744,AA:BB:CC:00:100,45.1,87.9
SR-7176,EVT-12486,AA:BB:CC:00:24,44.3,81.8
SR-7177,EVT-14637,AA:BB:CC:00:23,44.2,90.9
SR-7178,EVT-12802,AA:BB:CC:00:62,45.5,89.5
SR-7179,EVT-13252,AA:BB:CC:00:79,41.9,74.6
SR-7180,EVT-11585,AA:BB:CC:00:89,43.4,85.6
SR-7181,EVT-10222,AA:BB:CC:00:61,47.6,83.1
SR-7182,EVT-12207,AA:BB:CC:00:10,46.4,94.1
SR-7183,EVT-14975,AA:BB:CC:00:10,45.0,80.3
SR-7184,EVT-11362,AA:BB:CC:00:70,46.1,84.5 C
SR-7185,EVT-13848,AA:BB:CC:00:69,45.4,81.3
SR-7186,EVT-14367,AA:BB:CC:00:60,48.6,86.2
SR-7187,EVT-13493,AA:BB:CC:00:93,42.7,80.9
SR-7188,EVT-13474,AA:BB:CC:00:84,43.9,82.1
SR-7189,EVT-13933,AA:BB:CC:00:65,45.4,96.4
SR-7190,EVT-10803,AA:BB:CC:00:86,46.9,81.2
SR-7191,EVT-14874,AA:BB:CC:00:57,47.6,95.3
SR-7192,EVT-14595,AA:BB:CC:00:87,48.1,82.8
SR-7193,EVT-14055,AA:BB:CC:00:90,43.5,80.5
SR-7194,EVT-10190,AA:BB:CC:00:14,42.8,75.3
SR-7195,EVT-13668,AA:BB:CC:00:36,44.6,95.6
SR-7196,EVT-14522,AA:BB:CC:00:62,47.4,87.8
SR-7197,EVT-13657,AA:BB:CC:00:76,44.9,83.4
SR-7198,EVT-10498,AA:BB:CC:00:15,44.4,80.5
SR-7199,EVT-11375,AA:BB:CC:00:49,46.0,88.5
SR-7200,EVT-13360,AA:BB:CC:00:80,44.2,97.2
SR-7201,EVT-11072,AA:BB:CC:00:15,45.4,83.9
SR-7202,EVT-14274,AA:BB:CC:00:72,45.0,84.7
SR-7203,EVT-10689,AA:BB:CC:00:44,45.1,88.3
SR-7204,EVT-13607,AA:BB:CC:00:78,44.0,80.7
SR-7205,EVT-13348,AA:BB:CC:00:02,44.9,91.5
SR-7206,EVT-12640,AA:BB:CC:00:76,44.7,95.5
SR-7207,EVT-13218,AA:BB:CC:00:63,43.5,88.0
SR-7208,EVT-10577,AA:BB:CC:00:24,43.1,85.0
SR-7209,EVT-10063,AA:BB:CC:00:02,42.1,84.7
SR-7210,EVT-10364,AA:BB:CC:00:82,46.7,81.5
SR-7211,EVT-11503,AA:BB:CC:00:04,47.3,84.9
SR-7212,EVT-13615,AA:BB:CC:00:92,46.2,82.4
SR-7213,EVT-14713,AA:BB:CC:00:89,45.8,81.6
SR-7214,EVT-13515,AA:BB:CC:00:40,50.5,88.1
SR-7215,EVT-14914,AA:BB:CC:00:07,44.1,81.7
SR-7216,EVT-12054,AA:BB:CC:00:76,44.9,82.5
SR-7217,EVT-13696,AA:BB:CC:00:61,45.0,89.2
SR-7218,EVT-11212,AA:BB:CC:00:44,45.1,83.5
SR-7219,EVT-14888,AA:BB:CC:00:83,41.2,81.7
SR-7220,EVT-13675,AA:BB:CC:00:68,46.9,80.9
SR-7221,EVT-11543,AA:BB:CC:00:02,9000,85.3
SR-7222,EVT-12786,AA:BB:CC:00:88,43.9,81.7
SR-7223,EVT-13069,AA:BB:CC:00:45,45.7,80.7
SR-7224,EVT-12840,AA:BB:CC:00:11,44.4,82.4
SR-7225,EVT-14511,AA:BB:CC:00:88,44.5,92.6
SR-7226,EVT-14323,AA:BB:CC:00:39,43.0,85.5
SR-7227,EVT-11304,AA:BB:CC:00:73,42.6,82.4
SR-7228,EVT-10196,AA:BB:CC:00:07, 46.3 ,80.2
SR-7229,EVT-14074,AA:BB:CC:00:29,45.7,89.7
SR-7230,EVT-11510,AA:BB:CC:00:99,48.3,85.8
SR-7231,EVT-11270,AA:BB:CC:00:64,41.8,86.6
SR-7232,EVT-14871,AA:BB:CC:00:24,44.8,88.8
SR-7233,EVT-13258,AA:BB:CC:00:67,44.4,82.4
SR-7234,EVT-10132,AA:BB:CC:00:01,44.1,86.6
SR-7235,EVT-14940,AA:BB:CC:00:97,46.1,79.2
SR-7236,EVT-13189,AA:BB:CC:00:46,45.0,91.2
SR-7237,EVT-14480,AA:BB:CC:00:98,46.6,81.6
SR-7238,EVT-13629,AA:BB:CC:00:43,42.7,86.9
SR-7239,EVT-13203,AA:BB:CC:00:10,44.3,75.9
SR-7240,EVT-14469,AA:BB:CC:00:79,42.6,90.4
SR-7241,EVT-11055,AA:BB:CC:00:75,43.2,80.3
SR-7242,EVT-12144,AA:BB:CC:00:33, 42.4 ,84.1
SR-7243,EVT-13967,AA:BB:CC:00:61,46.6,90.5
SR-7244,EVT-13410,AA:BB:CC:00:96,44.3,89.2
SR-7245,EVT-10882,AA:BB:CC:00:38,45.3,85.1
SR-7246,EVT-12434,AA:BB:CC:00:20,40.8,79.4
SR-7247,EVT-14915,AA:BB:CC:00:96,46.3,81.7
SR-7248,EVT-13850,AA:BB:CC:00:72,44.9,88.4
SR-7249,EVT-12824,AA:BB:CC:00:53,45.3,81.1
SR-7250,EVT-12232,AA:BB:CC:00:55,47.3,90.2
SR-7251,EVT-13005,AA:BB:CC:00:17,45.6,82.8
SR-7252,EVT-11207,AA:BB:CC:00:46,41.8,91.1
SR-7253,EVT-11917,AA:BB:CC:00:100,46.0,80.8
SR-7254,EVT-12779,AA:BB:CC:00:02,46.8,81.6
SR-7255,EVT-12049,AA:BB:CC:00:98,41.7,93.9
SR-7256,EVT-13042,AA:BB:CC:00:11,45.1,79.9
SR-7257,EVT-13550,AA:BB:CC:00:78,42.2,84.7
SR-7258,EVT-11485,AA:BB:CC:00:82,46.9,83.5
SR-7259,EVT-14494,AA:BB:CC:00:10,45.4,77.7
SR-7260,EVT-13908,AA:BB:CC:00:23,44.7,83.1
SR-7261,EVT-11062,AA:BB:CC:00:88,44.3,88.6
SR-7262,EVT-14641,AA:BB:CC:00:44,43.4,79.3
SR-7263,EVT-10741,AA:BB:CC:00:75,43.9,81.6
SR-7264,EVT-11452,AA:BB:CC:00:56,33.19 ft-lb,83.5
SR-7265,EVT-11376,AA:BB:CC:00:28,45.8,85.0
SR-7266,EVT-10382,AA:BB:CC:00:27,45.0,74.4
SR-7267,EVT-10066,AA:BB:CC:00:48,44.5,81.8
SR-7268,EVT-13903,AA:BB:CC:00:72,40.2,86.7
SR-7269,EVT-14595,AA:BB:CC:00:37,47.8,91.6
SR-7270,EVT-11921,AA:BB:CC:00:64,47.0,93.3
SR-7271,EVT-14850,AA:BB:CC:00:47,43.4,87.1
SR-7272,EVT-11435,AA:BB:CC:00:49,44.8,83.4
SR-7273,EVT-11653,AA:BB:CC:00:66,45.4,86.4
SR-7274,EVT-10598,AA:BB:CC:00:45,47.4,83.3
SR-7275,EVT-11632,AA:BB:CC:00:58,47.4,87.2
SR-7276,EVT-11459,AA:BB:CC:00:65,44.8,78.5
SR-7277,EVT-11805,AA:BB:CC:00:68,42.3,84.0
SR-7278,EVT-10060,AA:BB:CC:00:03,45.9,90.3
SR-7279,EVT-14045,AA:BB:CC:00:90,48.5,88.3
SR-7280,EVT-13596,AA:BB:CC:00:71,43.6,84.8
SR-7281,EVT-11298,AA:BB:CC:00:86,45.1,85.1
SR-7282,EVT-12263,AA:BB:CC:00:10,45.2,81.1
SR-7283,EVT-13397,AA:BB:CC:00:10,43.7,84.5
SR-7284,EVT-13912,AA:BB:CC:00:39,41.5,72.3
SR-7285,EVT-12572,AA:BB:CC:00:65,42.6,83.0
SR-7286,EVT-10173,AA:BB:CC:00:58,46.0,84.0
SR-7287,EVT-13854,AA:BB:CC:00:37,44.9,83.3
SR-7288,EVT-11453,AA:BB:CC:00:75,44.9,82.5
SR-7289,EVT-12929,AA:BB:CC:00:34,42.8,80.5
SR-7290,EVT-12653,AA:BB:CC:00:10,45.2,77.7
SR-7291,EVT-10607,AA:BB:CC:00:78,45.5,85.7
SR-7292,EVT-14130,AA:BB:CC:00:38,43.9,89.5
SR-7293,EVT-11777,AA:BB:CC:00:61,45.1,79.6
SR-7294,EVT-12840,AA:BB:CC:00:66,44.3,185 F
SR-7295,EVT-12839,AA:BB:CC:00:74,45.3,185 F
SR-7296,EVT-13235,AA:BB:CC:00:96,47.6,81.4
SR-7297,EVT-11417,AA:BB:CC:00:29,43.5,72.7
SR-7298,EVT-13339,AA:BB:CC:00:50,49.3,77.2
SR-7299,EVT-14499,AA:BB:CC:00:65,51.5,82.8
SR-7300,EVT-13108,AA:BB:CC:00:04,46.3,89.6
SR-7301,EVT-10529,AA:BB:CC:00:97,47.1,85.1
SR-7302,EVT-10487,AA:BB:CC:00:24,44.1,82.1
SR-7303,EVT-11320,AA:BB:CC:00:41,45.0,81.4
SR-7304,EVT-14424,AA:BB:CC:00:22,45.4,78.9
SR-7305,EVT-10096,AA:BB:CC:00:10,46.6,89.1
SR-7306,EVT-11517,AA:BB:CC:00:44,45.0 Nm,83.5
SR-7307,EVT-10423,AA:BB:CC:00:60,47.4,94.3
SR-7308,EVT-11851,AA:BB:CC:00:26,47.8,92.5
SR-7309,EVT-10430,AA:BB:CC:00:14,45.0,93.7
SR-7310,EVT-11917,AA:BB:CC:00:12,43.5,84.7
SR-7311,EVT-14993,AA:BB:CC:00:20,47.4,89.7
SR-7312,EVT-12757,AA:BB:CC:00:98,45.8,82.8
SR-7313,EVT-12985,AA:BB:CC:00:35,45.2,90.0
SR-7314,EVT-13564,AA:BB:CC:00:86,43.4,84.8
SR-7315,EVT-11467,AA:BB:CC:00:63,45.3,87.2
SR-7316,EVT-14106,AA:BB:CC:00:17,44.6,76.3
SR-7317,EVT-10840,AA:BB:CC:00:28,41.7,91.7
SR-7318,EVT-14634,AA:BB:CC:00:87,46.1,77.4
SR-7319,EVT-11634,AA:BB:CC:00:80,46.5,82.9
SR-7320,EVT-10125,AA:BB:CC:00:87,44.8,85.4
SR-7321,EVT-10351,AA:BB:CC:00:37,45.3,185 F
SR-7322,EVT-10367,AA:BB:CC:00:100,48.0,74.1
SR-7323,EVT-10391,AA:BB:CC:00:23,45.5,86.7
SR-7324,EVT-10449,AA:BB:CC:00:95, 45.8 ,88.0
SR-7325,EVT-13068,AA:BB:CC:00:15,45.3,87.3
SR-7326,EVT-10235,AA:BB:CC:00:13,47.8,77.8
SR-7327,EVT-14457,AA:BB:CC:00:14,47.0,89.4
SR-7328,EVT-10792,AA:BB:CC:00:86,47.8,84.1
SR-7329,EVT-12378,AA:BB:CC:00:09,46.2,86.7
SR-7330,EVT-12368,AA:BB:CC:00:08,46.8,80.3
SR-7331,EVT-14352,AA:BB:CC:00:78,43.3,85.4
SR-7332,EVT-12423,AA:BB:CC:00:71,45.0,75.5
SR-7333,EVT-12376,AA:BB:CC:00:67,46.2,82.1
SR-7334,EVT-12341,AA:BB:CC:00:100,47.8,76.1
SR-7335,EVT-12450,AA:BB:CC:00:23,47.3,84.3
SR-7336,EVT-12855,AA:BB:CC:00:81,44.6,84.5
SR-7337,EVT-14816,AA:BB:CC:00:41,44.5,89.6
SR-7338,EVT-10577,AA:BB:CC:00:89,44.3,86.5
SR-7339,EVT-13104,AA:BB:CC:00:87,42.2,78.0
SR-7340,EVT-11531,AA:BB:CC:00:75,45.7,97.1
SR-7341,EVT-13212,AA:BB:CC:00:32,44.5,85.0
SR-7342,EVT-14138,AA:BB:CC:00:65,44.4,82.6
SR-7343,EVT-13732,AA:BB:CC:00:27,47.7,81.5
SR-7344,EVT-12770,AA:BB:CC:00:92,44.5,87.4
SR-7345,EVT-14893,AA:BB:CC:00:90,43.9,84.5
SR-7346,EVT-13153,AA:BB:CC:00:64,47.0,93.0
SR-7347,EVT-10931,AA:BB:CC:00:73,48.0,82.1
SR-7348,EVT-14870,AA:BB:CC:00:94,45.0,87.2
SR-7349,EVT-12824,AA:BB:CC:00:67,44.4,83.7
SR-7350,EVT-12092,AA:BB:CC:00:95,44.9,78.0
SR-7351,EVT-13601,AA:BB:CC:00:53,46.9,86.0
SR-7352,EVT-10625,AA:BB:CC:00:10,44.6,85.0
SR-7353,EVT-13584,AA:BB:CC:00:51,45.7,84.9
SR-7354,EVT-12019,AA:BB:CC:00:32,43.5,86.5
SR-7355,EVT-11869,AA:BB:CC:00:65,51.6,88.9
SR-7356,EVT-13091,AA:BB:CC:00:46,44.4,79.7
SR-7357,EVT-13422,AA:BB:CC:00:72,46.0,81.9
SR-7358,EVT-11990,AA:BB:CC:00:10,46.1,80.8
SR-7359,EVT-14281,AA:BB:CC:00:88,46.7,88.3
SR-7360,EVT-12679,AA:BB:CC:00:83,43.3,85.3
SR-7361,EVT-10299,AA:BB:CC:00:62,45.7,87.0
SR-7362,EVT-10234,AA:BB:CC:00:71,45.7,88.2
SR-7363,EVT-14976,AA:BB:CC:00:73,43.1,90.8
SR-7364,EVT-11104,AA:BB:CC:00:54, 44.8 ,84.7
SR-7365,EVT-12074,AA:BB:CC:00:96,42.2,88.6
SR-7366,EVT-10757,AA:BB:CC:00:83,43.3,89.3
SR-7367,EVT-13627,AA:BB:CC:00:39,42.5,86.6
SR-7368,EVT-14972,AA:BB:CC:00:29,45.1,81.9
SR-7369,EVT-12905,AA:BB:CC:00:16,45.7,89.3
SR-7370,EVT-13243,AA:BB:CC:00:44,45.2,86.7
SR-7371,EVT-10772,AA:BB:CC:00:67,47.0,86.5
SR-7372,EVT-10379,AA:BB:CC:00:69,46.8,78.9
SR-7373,EVT-14827,AA:BB:CC:00:70,46.3,78.5
SR-7374,EVT-13220,AA:BB:CC:00:17,45.1,80.4
SR-7375,EVT-13905,AA:BB:CC:00:81,47.5,86.0
SR-7376,EVT-10886,AA:BB:CC:00:100,43.7,92.0
SR-7377,EVT-12957,AA:BB:CC:00:42,44.0,83.0
SR-7378,EVT-12465,AA:BB:CC:00:96,44.5,185 F
SR-7379,EVT-12420,AA:BB:CC:00:40,45.4,91.9
SR-7380,EVT-11016,AA:BB:CC:00:14,48.6,87.9
SR-7381,EVT-11339,AA:BB:CC:00:32,47.0,74.8
SR-7382,EVT-13516,AA:BB:CC:00:43,43.4,86.9
SR-7383,EVT-13501,AA:BB:CC:00:77,48.7,87.9
SR-7384,EVT-12532,AA:BB:CC:00:47,43.1,82.3
SR-7385,EVT-11684,AA:BB:CC:00:23,45.4,90.7
SR-7386,EVT-10218,AA:BB:CC:00:60,47.3,81.7
SR-7387,EVT-11521,AA:BB:CC:00:12,46.0,185 F
SR-7388,EVT-12321,AA:BB:CC:00:86,44.7,81.2
SR-7389,EVT-10828,AA:BB:CC:00:94,46.7,80.2
SR-7390,EVT-14292,AA:BB:CC:00:58,48.2,92.6
SR-7391,EVT-13577,AA:BB:CC:00:22,45.7,84.5
SR-7392,EVT-12658,AA:BB:CC:00:64,45.3,82.5
SR-7393,EVT-10668,AA:BB:CC:00:74,47.1,81.7
SR-7394,EVT-14805,AA:BB:CC:00:12,43.2,85.4
SR-7395,EVT-14185,AA:BB:CC:00:100,43.4,83.5
SR-7396,EVT-14817,AA:BB:CC:00:92,45.9,79.5
SR-7397,EVT-13997,AA:BB:CC:00:87,46.7,81.9
SR-7398,EVT-10958,AA:BB:CC:00:24,41.4,81.8
SR-7399,EVT-13057,AA:BB:CC:00:92,46.2,83.9
SR-7400,EVT-11753,AA:BB:CC:00:72,45.7,89.8
SR-7401,EVT-11142,AA:BB:CC:00:20,46.1,83.1
SR-7402,EVT-13702,AA:BB:CC:00:03,45.2,90.0
SR-7403,EVT-10048,AA:BB:CC:00:71,41.9,77.4
SR-7404,EVT-13540,AA:BB:CC:00:23,45.2,85.5
SR-7405,EVT-13735,AA:BB:CC:00:59,48.4,76.5
SR-7406,EVT-10311,AA:BB:CC:00:99,46.8,88.2
SR-7407,EVT-14760,AA:BB:CC:00:33,43.5,75.1
SR-7408,EVT-13521,AA:BB:CC:00:46,47.0,84.3
SR-7409,EVT-11664,AA:BB:CC:00:35,47.4,93.4
SR-7410,EVT-14297,AA:BB:CC:00:22,43.9,91.1
SR-7411,EVT-13460,AA:BB:CC:00:34,44.3,86.2
SR-7412,EVT-10784,AA:BB:CC:00:36,41.4,86.3
SR-7413,EVT-14736,AA:BB:CC:00:26,43.9,74.1
SR-7414,EVT-10461,AA:BB:CC:00:41,44.2,90.4
SR-7415,EVT-12452,AA:BB:CC:00:10,46.5,87.6
SR-7416,EVT-11029,AA:BB:CC:00:07,46.3,78.6
SR-7417,EVT-10659,AA:BB:CC:00:42,46.3,82.3
SR-7418,EVT-13796,AA:BB:CC:00:11,44.4,85.3
SR-7419,EVT-13223,AA:BB:CC:00:81,45.5,88.6
SR-7420,EVT-13190,AA:BB:CC:00:72,49.0,87.2
SR-7421,EVT-11625,AA:BB:CC:00:71,48.0,73.2
SR-7422,EVT-14418,AA:BB:CC:00:72,48.5,80.9
SR-7423,EVT-13304,AA:BB:CC:00:97,46.4,88.6
SR-7424,EVT-13109,AA:BB:CC:00:06,48.6,85.4
SR-7425,EVT-11274,AA:BB:CC:00:46,48.7 Nm,80.4
SR-7426,EVT-13223,AA:BB:CC:00:05,47.9,85.8
SR-7427,EVT-12415,AA:BB:CC:00:80,47.3,87.1
SR-7428,EVT-13286,AA:BB:CC:00:45,43.4,84.9
SR-7429,EVT-10214,AA:BB:CC:00:14,47.7,84.3
SR-7430,EVT-11886,AA:BB:CC:00:34,42.4,78.8
SR-7431,EVT-14977,AA:BB:CC:00:56,45.9,80.1
SR-7432,EVT-13121,AA:BB:CC:00:58,48.4,92.1
SR-7433,EVT-14053,AA:BB:CC:00:50,45.9,81.4
SR-7434,EVT-13802,AA:BB:CC:00:98,42.1,88.3
SR-7435,EVT-11991,AA:BB:CC:00:89,43.5,83.6
SR-7436,EVT-14450,AA:BB:CC:00:86,45.6,81.7
SR-7437,EVT-10688,AA:BB:CC:00:67,42.4,87.0
SR-7438,EVT-13019,AA:BB:CC:00:82,46.8,88.5
SR-7439,EVT-11398,AA:BB:CC:00:56,44.5,71.3
SR-7440,EVT-11621,AA:BB:CC:00:20,46.8,85.4
SR-7441,EVT-11909,AA:BB:CC:00:13,47.1,79.2
SR-7442,EVT-11844,AA:BB:CC:00:98,44.3,84.8
SR-7443,EVT-12043,AA:BB:CC:00:85,50.6,85.0
SR-7444,EVT-14957,AA:BB:CC:00:93,44.2,77.9
SR-7445,EVT-13777,AA:BB:CC:00:73,45.3,85.9
SR-7446,EVT-14740,AA:BB:CC:00:86,46.4,80.8
SR-7447,EVT-14993,AA:BB:CC:00:95,48.2,92.5
SR-7448,EVT-14797,AA:BB:CC:00:45,46.0,91.7
SR-7449,EVT-14194,AA:BB:CC:00:31,44.7,82.3
SR-7450,EVT-10900,AA:BB:CC:00:70,47.9,85.9
SR-7451,EVT-13152,AA:BB:CC:00:41,45.4,84.3
SR-7452,EVT-11726,AA:BB:CC:00:46,44.6,85.0
SR-7453,EVT-12010,AA:BB:CC:00:02,45.9,81.4
SR-7454,EVT-12270,AA:BB:CC:00:07,44.7,88.8
SR-7455,EVT-13401,AA:BB:CC:00:12,46.5,78.8
SR-7456,EVT-12162,AA:BB:CC:00:64,45.8,96.1
SR-7457,EVT-12488,AA:BB:CC:00:43,45.3,96.3
SR-7458,EVT-12759,AA:BB:CC:00:51,45.9,89.9
SR-7459,EVT-12422,AA:BB:CC:00:83,43.7,85.5
SR-7460,EVT-12027,AA:BB:CC:00:20,46.2,85.3
SR-7461,EVT-14862,AA:BB:CC:00:13,42.2,81.7
SR-7462,EVT-10957,AA:BB:CC:00:47,41.7,85.8
SR-7463,EVT-12349,AA:BB:CC:00:85,45.5,84.2
SR-7464,EVT-14934,AA:BB:CC:00:26,42.5,185 F
SR-7465,EVT-10916,AA:BB:CC:00:97,43.3,78.4
SR-7466,EVT-14780,AA:BB:CC:00:58,46.7,86.5
SR-7467,EVT-13947,AA:BB:CC:00:22,46.6,88.6
SR-7468,EVT-10481,AA:BB:CC:00:59,46.1,88.0
SR-7469,EVT-10261,AA:BB:CC:00:75,46.2,89.5
SR-7470,EVT-13904,AA:BB:CC:00:15,46.2,86.6
SR-7471,EVT-13967,AA:BB:CC:00:45,47.3,86.9
SR-7472,EVT-10018,AA:BB:CC:00:47,45.1,81.4
SR-7473,EVT-11929,AA:BB:CC:00:82,33.19 ft-lb,82.7
SR-7474,EVT-11206,AA:BB:CC:00:31,44.0,76.8
SR-7475,EVT-13533,AA:BB:CC:00:98,45.1,88.3
SR-7476,EVT-10673,AA:BB:CC:00:29,45.7,83.6
SR-7477,EVT-13231,AA:BB:CC:00:41,45.3,78.8
SR-7478,EVT-12498,AA:BB:CC:00:81,41.2,89.3
SR-7479,EVT-11133,AA:BB:CC:00:18,41.7,85.0
SR-7480,EVT-10079,AA:BB:CC:00:96,47.0,88.9
SR-7481,EVT-14921,AA:BB:CC:00:10,43.4,91.1
SR-7482,EVT-14502,AA:BB:CC:00:09,42.8,86.4
SR-7483,EVT-12521,AA:BB:CC:00:52,46.7,78.9
SR-7484,EVT-12109,AA:BB:CC:00:27,46.3,87.5
SR-7485,EVT-11949,AA:BB:CC:00:26,42.0,94.4
SR-7486,EVT-13910,AA:BB:CC:00:85,47.2,89.4
SR-7487,EVT-12654,AA:BB:CC:00:29,43.7,87.8
SR-7488,EVT-14528,AA:BB:CC:00:20,42.0,80.8
SR-7489,EVT-10258,AA:BB:CC:00:73,49.1,83.6
SR-7490,EVT-13957,AA:BB:CC:00:68,42.4,88.3
SR-7491,EVT-14342,AA:BB:CC:00:15,42.9,86.4
SR-7492,EVT-14653,AA:BB:CC:00:52,48.0,90.5
SR-7493,EVT-13507,AA:BB:CC:00:87,44.7,90.4
SR-7494,EVT-11083,AA:BB:CC:00:80,43.0,80.4
SR-7495,EVT-10431,AA:BB:CC:00:01,43.9,78.4
SR-7496,EVT-12461,AA:BB:CC:00:19,44.7 Nm,83.1
SR-7497,EVT-11239,AA:BB:CC:00:26,44.2,85.0
SR-7498,EVT-11632,AA:BB:CC:00:59,42.3,89.3
SR-7499,EVT-10810,AA:BB:CC:00:04,48.6,83.9
SR-7500,EVT-13398,AA:BB:CC:00:62,49.3,93.6
SR-7501,EVT-13023,AA:BB:CC:00:92,43.7,86.3
SR-7502,EVT-11025,AA:BB:CC:00:57,43.6,90.4
SR-7503,EVT-11519,AA:BB:CC:00:60,43.1,86.2
SR-7504,EVT-14930,AA:BB:CC:00:35,47.6 Nm,80.8
SR-7505,EVT-13297,AA:BB:CC:00:35, 44.6 ,80.5
SR-7506,EVT-10173,AA:BB:CC:00:40,42.3,85.2
SR-7507,EVT-14694,AA:BB:CC:00:21,42.1,90.1
SR-7508,EVT-11545,AA:BB:CC:00:27,44.9,78.6
SR-7509,EVT-12559,AA:BB:CC:00:47,48.3,81.9
SR-7510,EVT-12564,AA:BB:CC:00:13,44.6,76.6
SR-7511,EVT-10601,AA:BB:CC:00:54,44.1,89.6
SR-7512,EVT-11103,AA:BB:CC:00:06,42.9,77.8
SR-7513,EVT-11656,AA:BB:CC:00:31,44.7,89.3
SR-7514,EVT-14538,AA:BB:CC:00:87,44.5,82.0
SR-7515,EVT-12489,AA:BB:CC:00:33,45.8,80.4
SR-7516,EVT-10406,AA:BB:CC:00:09,44.9,90.9
SR-7517,EVT-12364,AA:BB:CC:00:69,45.8,83.6
SR-7518,EVT-10912,AA:BB:CC:00:44,45.4,96.7
SR-7519,EVT-13355,AA:BB:CC:00:58,41.4,84.4
SR-7520,EVT-12193,AA:BB:CC:00:38,45.2,81.9
SR-7521,EVT-12867,AA:BB:CC:00:44,45.6,83.8
SR-7522,EVT-10569,AA:BB:CC:00:68,47.2,79.1
SR-7523,EVT-12728,AA:BB:CC:00:32,45.2,85.4
SR-7524,EVT-10590,AA:BB:CC:00:03,43.2,85.6
SR-7525,EVT-12816,AA:BB:CC:00:98,40.8,87.2
SR-7526,EVT-12400,AA:BB:CC:00:59,46.5,88.4
SR-7527,EVT-12704,AA:BB:CC:00:12,43.1,87.9
SR-7528,EVT-14558,AA:BB:CC:00:100,44.8,87.7
SR-7529,EVT-13331,AA:BB:CC:00:46,45.7,80.0
SR-7530,EVT-14933,AA:BB:CC:00:32,45.0,88.2
SR-7531,EVT-13589,AA:BB:CC:00:31,45.5,84.9
SR-7532,EVT-12386,AA:BB:CC:00:13,45.3,87.4
SR-7533,EVT-12454,AA:BB:CC:00:49,43.5,87.3
SR-7534,EVT-11629,AA:BB:CC:00:86,42.1,87.5
SR-7535,EVT-12167,AA:BB:CC:00:91,47.6,90.9
SR-7536,EVT-12760,AA:BB:CC:00:69,46.6,83.7
SR-7537,EVT-12748,AA:BB:CC:00:64,42.9,81.3
SR-7538,EVT-11941,AA:BB:CC:00:26,42.4,78.6
SR-7539,EVT-11216,AA:BB:CC:00:49,45.8,88.4
SR-7540,EVT-11848,AA:BB:CC:00:83,43.4,78.8
SR-7541,EVT-14515,AA:BB:CC:00:23,43.2,81.5
SR-7542,EVT-13096,AA:BB:CC:00:92,44.2,91.2
SR-7543,EVT-11551,AA:BB:CC:00:66,45.3,88.2
SR-7544,EVT-10921,AA:BB:CC:00:03,45.9,87.4
SR-7545,EVT-10516,AA:BB:CC:00:77,48.2,79.7
SR-7546,EVT-13951,AA:BB:CC:00:100,47.4,91.6
SR-7547,EVT-13221,AA:BB:CC:00:21,42.8,81.9
SR-7548,EVT-12829,AA:BB:CC:00:46,43.5,83.2
SR-7549,EVT-12504,AA:BB:CC:00:39,46.4 Nm,80.0
SR-7550,EVT-11485,AA:BB:CC:00:78,45.1,79.5
SR-7551,EVT-10989,AA:BB:CC:00:38,47.0,90.0
SR-7552,EVT-14831,AA:BB:CC:00:28,43.0,89.7
SR-7553,EVT-12885,AA:BB:CC:00:69,45.1,92.8
SR-7554,EVT-10145,AA:BB:CC:00:45,45.9 Nm,85.6
SR-7555,EVT-13658,AA:BB:CC:00:62,48.3,83.1
SR-7556,EVT-13082,AA:BB:CC:00:17,44.5,74.5
SR-7557,EVT-12651,AA:BB:CC:00:40,47.0,85.3
SR-7558,EVT-12209,AA:BB:CC:00:35,44.1,81.9
SR-7559,EVT-14687,AA:BB:CC:00:82,9000,81.8
SR-7560,EVT-12809,AA:BB:CC:00:57,43.5,84.2
SR-7561,EVT-12804,AA:BB:CC:00:85,45.0,86.3
SR-7562,EVT-13949,AA:BB:CC:00:25,43.7,81.6
SR-7563,EVT-11277,AA:BB:CC:00:95,45.6,82.9
SR-7564,EVT-10614,AA:BB:CC:00:15,43.0,86.3
SR-7565,EVT-10903,AA:BB:CC:00:19,43.0,87.4
SR-7566,EVT-11001,AA:BB:CC:00:51,42.1,86.8
SR-7567,EVT-12189,AA:BB:CC:00:13, 47.9 ,82.6
SR-7568,EVT-12994,AA:BB:CC:00:96,48.6,99.0
SR-7569,EVT-14488,AA:BB:CC:00:95,47.6,75.8
SR-7570,EVT-12288,AA:BB:CC:00:78,47.5,83.2
SR-7571,EVT-12130,AA:BB:CC:00:25,42.4,76.9
SR-7572,EVT-13425,AA:BB:CC:00:83,43.3,85.4
SR-7573,EVT-13493,AA:BB:CC:00:23,46.8,86.2
SR-7574,EVT-12175,AA:BB:CC:00:83,43.8,87.1
SR-7575,EVT-12844,AA:BB:CC:00:81,44.9,87.1
SR-7576,EVT-13099,AA:BB:CC:00:59,42.4,87.0
SR-7577,EVT-11775,AA:BB:CC:00:16,45.6,68.8
SR-7578,EVT-13312,AA:BB:CC:00:96,49.6,87.5
SR-7579,EVT-14201,AA:BB:CC:00:95,47.4,90.8
SR-7580,EVT-11771,AA:BB:CC:00:51,45.4,80.3
SR-7581,EVT-11145,AA:BB:CC:00:10,42.6,77.1
SR-7582,EVT-14434,AA:BB:CC:00:72,42.4,92.3
SR-7583,EVT-10769,AA:BB:CC:00:55,46.0,100.1
SR-7584,EVT-14351,AA:BB:CC:00:62,43.6,80.5
SR-7585,EVT-10881,AA:BB:CC:00:45,45.2,85.1
SR-7586,EVT-12406,AA:BB:CC:00:66,42.1,88.5
SR-7587,EVT-13358,AA:BB:CC:00:25,44.2,88.4
SR-7588,EVT-12084,AA:BB:CC:00:58,44.1,86.3
SR-7589,EVT-14791,AA:BB:CC:00:91,44.4,86.8
SR-7590,EVT-13548,AA:BB:CC:00:64,48.3,93.8
SR-7591,EVT-11675,AA:BB:CC:00:44,43.7,80.4
SR-7592,EVT-14662,AA:BB:CC:00:24,44.3,83.8
SR-7593,EVT-11760,AA:BB:CC:00:51,45.0,88.2
SR-7594,EVT-10366,AA:BB:CC:00:63,44.9,88.2
SR-7595,EVT-12732,AA:BB:CC:00:24,50.2,85.1
SR-7596,EVT-14120,AA:BB:CC:00:48,45.3,87.4
SR-7597,EVT-14777,AA:BB:CC:00:20,45.6,90.8
SR-7598,EVT-10669,AA:BB:CC:00:32,42.6,87.0
SR-7599,EVT-12833,AA:BB:CC:00:34,45.2,78.7
SR-7600,EVT-11670,AA:BB:CC:00:93,45.3,83.2
SR-7601,EVT-11614,AA:BB:CC:00:52,46.6,83.8
SR-7602,EVT-14292,AA:BB:CC:00:38,45.3,90.9
SR-7603,EVT-12464,AA:BB:CC:00:14,43.5,85.9
SR-7604,EVT-10005,AA:BB:CC:00:24,46.8,93.4
SR-7605,EVT-13375,AA:BB:CC:00:99,44.6,81.8
SR-7606,EVT-14967,AA:BB:CC:00:83,46.5,84.7
SR-7607,EVT-14483,AA:BB:CC:00:72,44.1,81.3
SR-7608,EVT-10793,AA:BB:CC:00:08,42.4,90.5
SR-7609,EVT-14767,AA:BB:CC:00:06,47.2,76.9
SR-7610,EVT-13295,AA:BB:CC:00:75,46.3,79.2
SR-7611,EVT-13556,AA:BB:CC:00:43,48.2,90.5
SR-7612,EVT-13691,AA:BB:CC:00:55,46.0,90.0
SR-7613,EVT-12297,AA:BB:CC:00:77,41.3,87.8
SR-7614,EVT-10984,AA:BB:CC:00:27,44.7,90.0
SR-7615,EVT-12740,AA:BB:CC:00:24,46.7,84.0
SR-7616,EVT-12112,AA:BB:CC:00:92,46.1,86.6
SR-7617,EVT-13714,AA:BB:CC:00:67,43.6,87.5
SR-7618,EVT-11428,AA:BB:CC:00:06,41.4,85.0
SR-7619,EVT-10792,AA:BB:CC:00:66,43.2,89.2
SR-7620,EVT-10962,AA:BB:CC:00:97,44.2,80.3
SR-7621,EVT-11511,AA:BB:CC:00:16,45.1,82.8
SR-7622,EVT-10732,AA:BB:CC:00:57,48.2,75.4
SR-7623,EVT-14693,AA:BB:CC:00:62,44.1,92.0
SR-7624,EVT-12198,AA:BB:CC:00:91,43.0,85.9
SR-7625,EVT-14706,AA:BB:CC:00:85,43.6,78.9
SR-7626,EVT-12574,AA:BB:CC:00:65,47.8,78.5
SR-7627,EVT-13534,AA:BB:CC:00:18,47.7,89.5
SR-7628,EVT-11474,AA:BB:CC:00:80,48.0,84.9
SR-7629,EVT-10504,AA:BB:CC:00:38,44.3,84.6
SR-7630,EVT-13408,AA:BB:CC:00:18,42.7,89.3
SR-7631,EVT-10605,AA:BB:CC:00:14,43.8,80.7
SR-7632,EVT-11691,AA:BB:CC:00:26,48.4,91.6
SR-7633,EVT-10289,AA:BB:CC:00:70,33.19 ft-lb,83.4
SR-7634,EVT-11679,AA:BB:CC:00:11,47.4,76.0
SR-7635,EVT-14328,AA:BB:CC:00:02,41.2,85.4
SR-7636,EVT-13735,AA:BB:CC:00:25,42.2,91.0
SR-7637,EVT-13542,AA:BB:CC:00:67,44.6,78.9
SR-7638,EVT-11432,AA:BB:CC:00:61,45.0,84.5
SR-7639,EVT-13986,AA:BB:CC:00:40,42.9,81.2
SR-7640,EVT-12337,AA:BB:CC:00:30,45.1,91.6
SR-7641,EVT-13445,AA:BB:CC:00:09,40.7,85.6
SR-7642,EVT-13905,AA:BB:CC:00:30,44.9,84.5
SR-7643,EVT-12369,AA:BB:CC:00:21,43.3,82.2
SR-7644,EVT-13039,AA:BB:CC:00:86,43.5,93.1
SR-7645,EVT-13863,AA:BB:CC:00:45,44.0,185 F
SR-7646,EVT-14683,AA:BB:CC:00:12,45.2,83.1
SR-7647,EVT-12789,AA:BB:CC:00:42,47.6,88.1
SR-7648,EVT-12383,AA:BB:CC:00:53,44.5,86.5
SR-7649,EVT-10178,AA:BB:CC:00:30,46.5,76.6
SR-7650,EVT-13735,AA:BB:CC:00:46,41.9,185 F
SR-7651,EVT-12481,AA:BB:CC:00:70,44.5,80.1
SR-7652,EVT-10872,AA:BB:CC:00:91,47.5,89.3
SR-7653,EVT-14533,AA:BB:CC:00:98,44.9,89.0
SR-7654,EVT-12527,AA:BB:CC:00:79,43.3,78.3
SR-7655,EVT-12515,AA:BB:CC:00:60,45.0,83.9
SR-7656,EVT-11520,AA:BB:CC:00:55,43.4,80.9
SR-7657,EVT-12466,AA:BB:CC:00:54,47.7,82.5
SR-7658,EVT-14637,AA:BB:CC:00:30,45.0,84.3
SR-7659,EVT-10174,AA:BB:CC:00:79,43.1,76.7
SR-7660,EVT-13369,AA:BB:CC:00:59,45.2,78.5
SR-7661,EVT-10050,AA:BB:CC:00:36,48.4 Nm,85.8
SR-7662,EVT-11700,AA:BB:CC:00:58,44.4,185 F
SR-7663,EVT-10983,AA:BB:CC:00:57,45.0,89.9
SR-7664,EVT-11932,AA:BB:CC:00:93,43.1,82.8
SR-7665,EVT-12648,AA:BB:CC:00:07,46.5,82.0
SR-7666,EVT-14731,AA:BB:CC:00:79,45.0,86.8
SR-7667,EVT-10158,AA:BB:CC:00:52,43.6,83.3
SR-7668,EVT-13171,AA:BB:CC:00:51,46.6,83.7
SR-7669,EVT-10116,AA:BB:CC:00:93,44.4,91.4
SR-7670,EVT-11491,AA:BB:CC:00:14,47.6,76.9
SR-7671,EVT-12086,AA:BB:CC:00:74,40.4,84.6
SR-7672,EVT-12395,AA:BB:CC:00:24,45.0,87.5
SR-7673,EVT-10984,AA:BB:CC:00:38,44.3,83.3
SR-7674,EVT-13237,AA:BB:CC:00:02,43.8,79.3
SR-7675,EVT-10785,AA:BB:CC:00:71,48.0,84.0
SR-7676,EVT-11618,AA:BB:CC:00:35,45.5,84.8
SR-7677,EVT-11527,AA:BB:CC:00:92,45.0,84.1
SR-7678,EVT-11832,AA:BB:CC:00:40,48.2,82.8
SR-7679,EVT-11837,AA:BB:CC:00:50,45.2,79.3
SR-7680,EVT-11145,AA:BB:CC:00:26,44.3,80.1
SR-7681,EVT-13094,AA:BB:CC:00:96,45.9,77.9
SR-7682,EVT-11253,AA:BB:CC:00:15,38.5,85.5
SR-7683,EVT-12188,AA:BB:CC:00:86, 46.1 ,81.7
SR-7684,EVT-11405,AA:BB:CC:00:87, 44.1 ,85.0
SR-7685,EVT-14301,AA:BB:CC:00:10,42.0,93.4
SR-7686,EVT-11186,AA:BB:CC:00:89,45.0,84.9
SR-7687,EVT-11448,AA:BB:CC:00:27,45.5,92.2
SR-7688,EVT-14229,AA:BB:CC:00:26,48.5,80.1
SR-7689,EVT-11002,AA:BB:CC:00:18,43.1,88.9
SR-7690,EVT-12631,AA:BB:CC:00:65, 45.3 ,82.0
SR-7691,EVT-12611,AA:BB:CC:00:66,45.8,78.4
SR-7692,EVT-11486,AA:BB:CC:00:32,45.4,80.5
SR-7693,EVT-12951,AA:BB:CC:00:95,45.3,83.2
SR-7694,EVT-12111,AA:BB:CC:00:76,45.4,90.9
SR-7695,EVT-12557,AA:BB:CC:00:77,42.4,89.5
SR-7696,EVT-13356,AA:BB:CC:00:59,46.7,86.8
SR-7697,EVT-10713,AA:BB:CC:00:63,47.0,86.8
SR-7698,EVT-13699,AA:BB:CC:00:93,44.1,79.7
SR-7699,EVT-12240,AA:BB:CC:00:59,44.5,86.9
SR-7700,EVT-11474,AA:BB:CC:00:03,43.7,79.0
SR-7701,EVT-13430,AA:BB:CC:00:68,41.3,90.4
SR-7702,EVT-11023,AA:BB:CC:00:16,45.9,84.9
SR-7703,EVT-10397,AA:BB:CC:00:63,44.6,86.0
SR-7704,EVT-14013,AA:BB:CC:00:10,46.1,86.5
SR-7705,EVT-13328,AA:BB:CC:00:14,45.5,77.9
SR-7706,EVT-11873,AA:BB:CC:00:51,42.9,89.2
SR-7707,EVT-14738,AA:BB:CC:00:83,44.1,78.9
SR-7708,EVT-14633,AA:BB:CC:00:43,45.4,84.8
SR-7709,EVT-14396,AA:BB:CC:00:94,42.0,85.1
SR-7710,EVT-10627,AA:BB:CC:00:68,47.8 Nm,84.2
SR-7711,EVT-12798,AA:BB:CC:00:62,45.6,80.5
SR-7712,EVT-13484,AA:BB:CC:00:100,43.2,80.2
SR-7713,EVT-11666,AA:BB:CC:00:62,43.5,80.9
SR-7714,EVT-10946,AA:BB:CC:00:32,43.9,81.2
SR-7715,EVT-11919,AA:BB:CC:00:91,44.6,81.3
SR-7716,EVT-10622,AA:BB:CC:00:23,43.4,185 F
SR-7717,EVT-12175,AA:BB:CC:00:83,45.5,81.6
SR-7718,EVT-12161,AA:BB:CC:00:34,45.1,84.7
SR-7719,EVT-11760,AA:BB:CC:00:75,47.2,87.2
SR-7720,EVT-12980,AA:BB:CC:00:19,41.8,83.1
SR-7721,EVT-14983,AA:BB:CC:00:23,46.8,77.2
SR-7722,EVT-11214,AA:BB:CC:00:44,47.0,87.8
SR-7723,EVT-10619,AA:BB:CC:00:51,49.3,83.1
SR-7724,EVT-13602,AA:BB:CC:00:40,48.3,92.3
SR-7725,EVT-11875,AA:BB:CC:00:56,43.8,80.3
SR-7726,EVT-14887,AA:BB:CC:00:72,44.9,85.9
SR-7727,EVT-14249,AA:BB:CC:00:09,52.5,86.4
SR-7728,EVT-12272,AA:BB:CC:00:14,42.2,85.6
SR-7729,EVT-12551,AA:BB:CC:00:58,47.7,85.6
SR-7730,EVT-12613,AA:BB:CC:00:63,45.9,86.7
SR-7731,EVT-11634,AA:BB:CC:00:99,45.5,83.4
SR-7732,EVT-14768,AA:BB:CC:00:34,45.9,86.5
SR-7733,EVT-14055,AA:BB:CC:00:65,43.5,88.9
SR-7734,EVT-12440,AA:BB:CC:00:32,45.7,84.5
SR-7735,EVT-10100,AA:BB:CC:00:08,43.1,85.5
SR-7736,EVT-12250,AA:BB:CC:00:23,45.9,88.7 C
SR-7737,EVT-13668,AA:BB:CC:00:32,43.6,81.6 C
SR-7738,EVT-13629,AA:BB:CC:00:38,46.0 Nm,93.9
SR-7739,EVT-10765,AA:BB:CC:00:99,44.0,78.2
SR-7740,EVT-13404,AA:BB:CC:00:22,45.4,86.2
SR-7741,EVT-13566,AA:BB:CC:00:27,43.0,88.3
SR-7742,EVT-14665,AA:BB:CC:00:85,42.0,80.8
SR-7743,EVT-14836,AA:BB:CC:00:61,42.7,88.3 C
SR-7744,EVT-13279,AA:BB:CC:00:52,42.8,91.3
SR-7745,EVT-14933,AA:BB:CC:00:29,47.6,91.5
SR-7746,EVT-10732,AA:BB:CC:00:13,45.3,80.1
SR-7747,EVT-11406,AA:BB:CC:00:37,43.8,94.5
SR-7748,EVT-12328,AA:BB:CC:00:42,43.1,85.8
SR-7749,EVT-13926,AA:BB:CC:00:45,43.2,84.8
SR-7750,EVT-10778,AA:BB:CC:00:42,48.3,77.5
SR-7751,EVT-11372,AA:BB:CC:00:34,48.0,84.9
SR-7752,EVT-12900,AA:BB:CC:00:34,44.8,85.5
SR-7753,EVT-10318,AA:BB:CC:00:74,47.2,78.3
SR-7754,EVT-10895,AA:BB:CC:00:79,48.6,75.4
SR-7755,EVT-12713,AA:BB:CC:00:27,42.3,82.3
SR-7756,EVT-12356,AA:BB:CC:00:80,45.7,82.1
SR-7757,EVT-10996,AA:BB:CC:00:42,44.3,78.0
SR-7758,EVT-14944,AA:BB:CC:00:26,43.5,87.5
SR-7759,EVT-13528,AA:BB:CC:00:52,46.1,94.2
SR-7760,EVT-12141,AA:BB:CC:00:27,45.8,88.8
SR-7761,EVT-13462,AA:BB:CC:00:51,44.1,82.1
SR-7762,EVT-14735,AA:BB:CC:00:68,45.8,88.6
SR-7763,EVT-11252,AA:BB:CC:00:61,44.6,87.7
SR-7764,EVT-11520,AA:BB:CC:00:34,46.5,79.3
SR-7765,EVT-10584,AA:BB:CC:00:75,45.8,84.4
SR-7766,EVT-12130,AA:BB:CC:00:03,47.1,85.0
SR-7767,EVT-13819,AA:BB:CC:00:25,49.0,90.9
SR-7768,EVT-10879,AA:BB:CC:00:25,42.5,83.2
SR-7769,EVT-10461,AA:BB:CC:00:65,47.5,83.3
SR-7770,EVT-13634,AA:BB:CC:00:76,43.9,89.8
SR-7771,EVT-14827,AA:BB:CC:00:82,43.5,79.7
SR-7772,EVT-10610,AA:BB:CC:00:37,48.0,73.9
SR-7773,EVT-11925,AA:BB:CC:00:13,44.2,77.9
SR-7774,EVT-12703,AA:BB:CC:00:82,39.3,90.6
SR-7775,EVT-14330,AA:BB:CC:00:15,41.3,94.3
SR-7776,EVT-11336,AA:BB:CC:00:06,45.8,84.8
SR-7777,EVT-10960,AA:BB:CC:00:39,44.2,85.1
SR-7778,EVT-11385,AA:BB:CC:00:13,44.5,84.7
SR-7779,EVT-12295,AA:BB:CC:00:76,9000,85.2
SR-7780,EVT-14358,AA:BB:CC:00:74,42.7,81.0
SR-7781,EVT-13268,AA:BB:CC:00:26,47.5,86.5
SR-7782,EVT-13930,AA:BB:CC:00:27,47.5,83.9
SR-7783,EVT-12731,AA:BB:CC:00:22,49.4,79.9
SR-7784,EVT-14713,AA:BB:CC:00:97,43.4,84.0
SR-7785,EVT-10482,AA:BB:CC:00:80,44.2,85.6
SR-7786,EVT-12255,AA:BB:CC:00:65,43.6,86.1
SR-7787,EVT-14231,AA:BB:CC:00:43,44.7,79.0
SR-7788,EVT-14051,AA:BB:CC:00:43,47.1,88.9
SR-7789,EVT-14318,AA:BB:CC:00:65,43.4,81.3
SR-7790,EVT-13091,AA:BB:CC:00:11,44.3,87.4
SR-7791,EVT-11480,AA:BB:CC:00:86,46.6,83.7
SR-7792,EVT-14381,AA:BB:CC:00:93,43.0,91.5
SR-7793,EVT-13404,AA:BB:CC:00:34,45.7,83.2
SR-7794,EVT-12024,AA:BB:CC:00:67,44.7,89.2
SR-7795,EVT-14909,AA:BB:CC:00:95,48.6,80.8
SR-7796,EVT-14887,AA:BB:CC:00:77,50.1,79.4
SR-7797,EVT-14428,AA:BB:CC:00:58,46.1,77.9
SR-7798,EVT-12162,AA:BB:CC:00:11,46.1,87.6 C
SR-7799,EVT-13087,AA:BB:CC:00:50,45.5,86.2
SR-7800,EVT-14239,AA:BB:CC:00:72,45.2,85.2
SR-7801,EVT-12881,AA:BB:CC:00:10,46.8,91.6
SR-7802,EVT-12633,AA:BB:CC:00:79,45.4,185 F
SR-7803,EVT-13092,AA:BB:CC:00:08,48.2,93.9
SR-7804,EVT-13932,AA:BB:CC:00:64,44.6,91.1
SR-7805,EVT-13632,AA:BB:CC:00:30,46.1,85.5
SR-7806,EVT-12947,AA:BB:CC:00:36,44.1,87.5
SR-7807,EVT-11045,AA:BB:CC:00:30,47.6,92.1
SR-7808,EVT-11697,AA:BB:CC:00:56,43.3,83.3
SR-7809,EVT-10409,AA:BB:CC:00:95,45.6,84.5
SR-7810,EVT-13227,AA:BB:CC:00:69,44.8,85.1
SR-7811,EVT-10914,AA:BB:CC:00:19,45.2,185 F
SR-7812,EVT-11182,AA:BB:CC:00:49,42.2,76.0
SR-7813,EVT-12829,AA:BB:CC:00:98,46.5,88.3
SR-7814,EVT-10086,AA:BB:CC:00:77,40.3,185 F
SR-7815,EVT-10406,AA:BB:CC:00:62,45.0,78.2
SR-7816,EVT-14816,AA:BB:CC:00:61,41.9,88.9
SR-7817,EVT-14615,AA:BB:CC:00:25,44.3,82.4
SR-7818,EVT-12057,AA:BB:CC:00:78,44.0,89.7
SR-7819,EVT-14078,AA:BB:CC:00:11,44.3,80.1
SR-7820,EVT-12325,AA:BB:CC:00:30,49.0,89.5
SR-7821,EVT-13204,AA:BB:CC:00:71,46.5,85.7
SR-7822,EVT-11986,AA:BB:CC:00:66,45.0,96.5
SR-7823,EVT-11480,AA:BB:CC:00:35,45.5,83.0
SR-7824,EVT-14663,AA:BB:CC:00:43,42.1,81.3
SR-7825,EVT-10275,AA:BB:CC:00:67,40.0,73.5
SR-7826,EVT-10476,AA:BB:CC:00:97,47.9,92.8
SR-7827,EVT-12245,AA:BB:CC:00:51,45.5,92.8
SR-7828,EVT-12531,AA:BB:CC:00:46,47.5,81.6
SR-7829,EVT-14174,AA:BB:CC:00:62,45.6,83.3
SR-7830,EVT-10026,AA:BB:CC:00:62,45.5,82.4
SR-7831,EVT-13750,AA:BB:CC:00:32,44.8,80.0
SR-7832,EVT-14842,AA:BB:CC:00:17,48.2,79.4
SR-7833,EVT-12523,AA:BB:CC:00:51,43.9,88.7
SR-7834,EVT-10370,AA:BB:CC:00:28,46.3,75.6
SR-7835,EVT-12416,AA:BB:CC:00:85,45.5,84.8
SR-7836,EVT-14086,AA:BB:CC:00:51,47.6,81.9
SR-7837,EVT-14804,AA:BB:CC:00:19,49.1,90.1
SR-7838,EVT-12060,AA:BB:CC:00:97,41.8,89.7
SR-7839,EVT-14705,AA:BB:CC:00:57,43.0,89.0
SR-7840,EVT-11841,AA:BB:CC:00:75,46.9,85.5
SR-7841,EVT-11673,AA:BB:CC:00:97,45.3,82.6
SR-7842,EVT-13175,AA:BB:CC:00:87,46.0,80.0
SR-7843,EVT-12219,AA:BB:CC:00:07,43.7,93.9
SR-7844,EVT-13611,AA:BB:CC:00:08,45.0,89.1
SR-7845,EVT-12039,AA:BB:CC:00:30,41.4,85.1
SR-7846,EVT-14023,AA:BB:CC:00:07,43.1,87.0
SR-7847,EVT-11627,AA:BB:CC:00:58,48.0,81.2
SR-7848,EVT-13276,AA:BB:CC:00:86,43.4,87.4
SR-7849,EVT-14643,AA:BB:CC:00:27,47.4,84.7
SR-7850,EVT-10128,AA:BB:CC:00:40,43.9,82.2
SR-7851,EVT-12952,AA:BB:CC:00:100,45.0,85.0
SR-7852,EVT-14592,AA:BB:CC:00:36,45.5,80.5 C
SR-7853,EVT-14051,AA:BB:CC:00:19,43.2,79.5
SR-7854,EVT-12410,AA:BB:CC:00:91,46.5,82.4
SR-7855,EVT-10194,AA:BB:CC:00:56,48.5,82.3
SR-7856,EVT-13954,AA:BB:CC:00:70,46.5,76.7
SR-7857,EVT-14639,AA:BB:CC:00:80,42.6,86.7
SR-7858,EVT-11654,AA:BB:CC:00:24,45.6,95.2
SR-7859,EVT-14475,AA:BB:CC:00:24,47.6,84.6
SR-7860,EVT-10994,AA:BB:CC:00:30,43.8,81.5
SR-7861,EVT-11605,AA:BB:CC:00:39,45.4,82.4
SR-7862,EVT-11337,AA:BB:CC:00:45,43.3,84.3
SR-7863,EVT-10197,AA:BB:CC:00:99,43.7,74.9
SR-7864,EVT-11368,AA:BB:CC:00:49,44.4,77.9
SR-7865,EVT-12331,AA:BB:CC:00:35,45.4,84.2
SR-7866,EVT-14326,AA:BB:CC:00:20,47.6,88.6
SR-7867,EVT-10679,AA:BB:CC:00:36,44.4,86.1
SR-7868,EVT-12511,AA:BB:CC:00:75,44.5,88.6
SR-7869,EVT-10915,AA:BB:CC:00:19,47.4,85.7
SR-7870,EVT-13721,AA:BB:CC:00:40,44.5,84.0
SR-7871,EVT-14171,AA:BB:CC:00:89,46.5,84.2
SR-7872,EVT-11469,AA:BB:CC:00:22,43.1,83.5
SR-7873,EVT-11851,AA:BB:CC:00:65,45.0,82.9
SR-7874,EVT-12124,AA:BB:CC:00:84, 48.0 ,85.5
SR-7875,EVT-11373,AA:BB:CC:00:99,41.9,80.2
SR-7876,EVT-10322,AA:BB:CC:00:23,44.9,78.1
SR-7877,EVT-13251,AA:BB:CC:00:24,42.6,85.5
SR-7878,EVT-11442,AA:BB:CC:00:39,46.0,81.9
SR-7879,EVT-14463,AA:BB:CC:00:87,46.2,81.8
SR-7880,EVT-11725,AA:BB:CC:00:38,42.0,86.4
SR-7881,EVT-10753,AA:BB:CC:00:47,44.4,77.5
SR-7882,EVT-10540,AA:BB:CC:00:07,41.5,79.9
SR-7883,EVT-14404,AA:BB:CC:00:44,45.2,88.8
SR-7884,EVT-12266,AA:BB:CC:00:73,46.1,84.9
SR-7885,EVT-12837,AA:BB:CC:00:93,46.7,84.3
SR-7886,EVT-14912,AA:BB:CC:00:41,47.1,85.0
SR-7887,EVT-10390,AA:BB:CC:00:42,46.1,84.5
SR-7888,EVT-12093,AA:BB:CC:00:74,43.1,83.7
SR-7889,EVT-12063,AA:BB:CC:00:79,45.9,83.4
SR-7890,EVT-11720,AA:BB:CC:00:48,46.3,81.9
SR-7891,EVT-10547,AA:BB:CC:00:72,45.9,78.4
SR-7892,EVT-11074,AA:BB:CC:00:22,43.3,185 F
SR-7893,EVT-14245,AA:BB:CC:00:63,46.3,86.7
SR-7894,EVT-11511,AA:BB:CC:00:84,49.4,81.7
SR-7895,EVT-14516,AA:BB:CC:00:57,49.0,79.6
SR-7896,EVT-11282,AA:BB:CC:00:82,47.4,87.6
SR-7897,EVT-10624,AA:BB:CC:00:56,43.9,86.7
SR-7898,EVT-13799,AA:BB:CC:00:34,43.0 Nm,87.5
SR-7899,EVT-14981,AA:BB:CC:00:23,43.6,83.9
SR-7900,EVT-10161,AA:BB:CC:00:28,45.4,86.1
SR-7901,EVT-10522,AA:BB:CC:00:41, 47.0 ,99.6
SR-7902,EVT-11230,AA:BB:CC:00:10,46.7,78.0
SR-7903,EVT-12317,AA:BB:CC:00:52,44.1,81.5
SR-7904,EVT-13052,AA:BB:CC:00:56,43.5,90.5
SR-7905,EVT-12384,AA:BB:CC:00:23,43.6,89.0
SR-7906,EVT-11435,AA:BB:CC:00:10,43.7,83.4
SR-7907,EVT-13173,AA:BB:CC:00:65,47.6,88.8
SR-7908,EVT-13068,AA:BB:CC:00:29,43.6,91.6
SR-7909,EVT-12619,AA:BB:CC:00:46,46.8,86.0
SR-7910,EVT-10545,AA:BB:CC:00:41,40.2,96.0
SR-7911,EVT-13286,AA:BB:CC:00:69,45.6,80.0
SR-7912,EVT-14063,AA:BB:CC:00:44,43.1,85.9
SR-7913,EVT-12794,AA:BB:CC:00:29,39.1,84.6
SR-7914,EVT-11335,AA:BB:CC:00:50,41.9 Nm,80.4
SR-7915,EVT-11033,AA:BB:CC:00:20,44.7,87.2
SR-7916,EVT-14311,AA:BB:CC:00:63,46.5,80.7
SR-7917,EVT-10843,AA:BB:CC:00:08,46.4,85.7
SR-7918,EVT-11432,AA:BB:CC:00:89,48.0 Nm,87.9
SR-7919,EVT-11240,AA:BB:CC:00:65,43.6,81.8
SR-7920,EVT-11823,AA:BB:CC:00:100,33.19 ft-lb,80.6
SR-7921,EVT-14201,AA:BB:CC:00:44,47.4,80.5
SR-7922,EVT-13225,AA:BB:CC:00:16,47.8,82.1
SR-7923,EVT-13139,AA:BB:CC:00:69,46.7,86.6
SR-7924,EVT-13528,AA:BB:CC:00:50,47.3,81.2
SR-7925,EVT-11515,AA:BB:CC:00:13,45.3,185 F
SR-7926,EVT-14697,AA:BB:CC:00:65,44.8,89.1
SR-7927,EVT-11034,AA:BB:CC:00:72,43.0,81.8
SR-7928,EVT-12484,AA:BB:CC:00:01,43.2,87.5
SR-7929,EVT-11637,AA:BB:CC:00:20,45.5,88.6
SR-7930,EVT-12847,AA:BB:CC:00:25,42.0,81.6
SR-7931,EVT-14509,AA:BB:CC:00:29,47.4,81.9
SR-7932,EVT-14326,AA:BB:CC:00:67,45.2,80.3
SR-7933,EVT-13926,AA:BB:CC:00:93,47.9,87.1
SR-7934,EVT-12448,AA:BB:CC:00:18,44.4,85.7
SR-7935,EVT-13935,AA:BB:CC:00:82,44.5,77.3
SR-7936,EVT-12826,AA:BB:CC:00:88,43.7,83.1
SR-7937,EVT-14664,AA:BB:CC:00:57,43.2,83.9
SR-7938,EVT-10981,AA:BB:CC:00:53,44.8,82.6
SR-7939,EVT-12097,AA:BB:CC:00:70,46.3,95.0
SR-7940,EVT-14575,AA:BB:CC:00:92,44.3,89.3
SR-7941,EVT-12632,AA:BB:CC:00:62,45.9,86.4
SR-7942,EVT-12896,AA:BB:CC:00:52,43.1,84.5
SR-7943,EVT-13124,AA:BB:CC:00:78,41.9,86.4
SR-7944,EVT-14696,AA:BB:CC:00:26,46.9,82.3
SR-7945,EVT-11787,AA:BB:CC:00:71,48.1,91.4
SR-7946,EVT-10207,AA:BB:CC:00:11,46.2,82.2
SR-7947,EVT-12784,AA:BB:CC:00:21,42.0,87.6
SR-7948,EVT-14266,AA:BB:CC:00:69,44.6,88.8
SR-7949,EVT-10715,AA:BB:CC:00:31,43.6,81.1
SR-7950,EVT-13050,AA:BB:CC:00:45,45.1,85.7
SR-7951,EVT-13736,AA:BB:CC:00:64,42.6,86.4
SR-7952,EVT-10589,AA:BB:CC:00:27,47.3,79.8
SR-7953,EVT-12952,AA:BB:CC:00:97,44.4,85.2
SR-7954,EVT-11402,AA:BB:CC:00:34,46.3,87.7
SR-7955,EVT-11757,AA:BB:CC:00:50,46.3,84.4
SR-7956,EVT-12825,AA:BB:CC:00:100,33.19 ft-lb,79.9
SR-7957,EVT-10215,AA:BB:CC:00:69,42.1,82.3
SR-7958,EVT-13745,AA:BB:CC:00:26,47.9,92.4
SR-7959,EVT-10587,AA:BB:CC:00:48,9000,87.5
SR-7960,EVT-12585,AA:BB:CC:00:52,43.8,185 F
SR-7961,EVT-12015,AA:BB:CC:00:99,42.5,93.5
SR-7962,EVT-14642,AA:BB:CC:00:84,47.8,91.4
SR-7963,EVT-12124,AA:BB:CC:00:78,44.6,84.3
SR-7964,EVT-14818,AA:BB:CC:00:05,43.0,85.2
SR-7965,EVT-14044,AA:BB:CC:00:12,42.6,84.5
SR-7966,EVT-13029,AA:BB:CC:00:13,46.7,87.3
SR-7967,EVT-13094,AA:BB:CC:00:91,44.3,83.6
SR-7968,EVT-12112,AA:BB:CC:00:91,46.6,90.2
SR-7969,EVT-14615,AA:BB:CC:00:16,44.3,78.6
SR-7970,EVT-12790,AA:BB:CC:00:51,42.3,93.4
SR-7971,EVT-13572,AA:BB:CC:00:54,44.5,89.0
SR-7972,EVT-13809,AA:BB:CC:00:68,41.9,88.1
SR-7973,EVT-13819,AA:BB:CC:00:13,44.7,82.9
SR-7974,EVT-11673,AA:BB:CC:00:18,43.3,87.7
SR-7975,EVT-13202,AA:BB:CC:00:76,43.2,83.3
SR-7976,EVT-10539,AA:BB:CC:00:19,47.0 Nm,90.9
SR-7977,EVT-11364,AA:BB:CC:00:81,44.8,81.9
SR-7978,EVT-11035,AA:BB:CC:00:42,40.7,85.8
SR-7979,EVT-12911,AA:BB:CC:00:71,44.6 Nm,90.9
SR-7980,EVT-10828,AA:BB:CC:00:21,47.4,86.8
SR-7981,EVT-13647,AA:BB:CC:00:53,47.7,83.4
SR-7982,EVT-12331,AA:BB:CC:00:01,45.9,76.1
SR-7983,EVT-12457,AA:BB:CC:00:14,43.4,82.2
SR-7984,EVT-12908,AA:BB:CC:00:03,45.3,89.5
SR-7985,EVT-10858,AA:BB:CC:00:96,45.9,96.2
SR-7986,EVT-12739,AA:BB:CC:00:09,48.6,83.0
SR-7987,EVT-10899,AA:BB:CC:00:11,43.1,72.6
SR-7988,EVT-12313,AA:BB:CC:00:23,43.9,80.9
SR-7989,EVT-10646,AA:BB:CC:00:30,45.0,89.2
SR-7990,EVT-13670,AA:BB:CC:00:47,43.3,86.5
SR-7991,EVT-11218,AA:BB:CC:00:05,44.4,90.7
SR-7992,EVT-10087,AA:BB:CC:00:30,43.9,92.5
SR-7993,EVT-13438,AA:BB:CC:00:90,47.6,82.1
SR-7994,EVT-11949,AA:BB:CC:00:68,45.3,92.5
SR-7995,EVT-10360,AA:BB:CC:00:91,45.4,90.2
SR-7996,EVT-10115,AA:BB:CC:00:29,44.7,81.2
SR-7997,EVT-13503,AA:BB:CC:00:45,43.4,93.4
SR-7998,EVT-12538,AA:BB:CC:00:07,47.4 Nm,88.9
SR-7999,EVT-14880,AA:BB:CC:00:16, 45.9 ,84.8
SR-8000,EVT-10479,AA:BB:CC:00:72,45.6,91.7
SR-8001,EVT-13495,AA:BB:CC:00:89,47.1,87.7
SR-8002,EVT-10995,AA:BB:CC:00:88,44.1,90.7
SR-8003,EVT-13807,AA:BB:CC:00:41,48.2,80.4
SR-8004,EVT-13770,AA:BB:CC:00:61,44.3,90.8
SR-8005,EVT-11145,AA:BB:CC:00:51,47.1,88.3
SR-8006,EVT-14008,AA:BB:CC:00:55,42.8,185 F
SR-8007,EVT-14803,AA:BB:CC:00:64,44.9,88.7
SR-8008,EVT-12748,AA:BB:CC:00:51,47.1,93.6
SR-8009,EVT-12308,AA:BB:CC:00:21,45.6,79.4
SR-8010,EVT-10006,AA:BB:CC:00:58,47.9,81.6
SR-8011,EVT-14966,AA:BB:CC:00:80,44.1,80.5
SR-8012,EVT-11925,AA:BB:CC:00:47,46.2,99.2
SR-8013,EVT-12075,AA:BB:CC:00:11,42.7,87.0
SR-8014,EVT-14920,AA:BB:CC:00:61,46.2,94.7
SR-8015,EVT-11854,AA:BB:CC:00:72,44.8,90.6
SR-8016,EVT-14517,AA:BB:CC:00:99,42.6,83.6
SR-8017,EVT-10722,AA:BB:CC:00:06, 45.2 ,87.8
SR-8018,EVT-14587,AA:BB:CC:00:75,48.0,87.7
SR-8019,EVT-11803,AA:BB:CC:00:28,44.9,92.0
SR-8020,EVT-13429,AA:BB:CC:00:42,45.7,78.8
SR-8021,EVT-12770,AA:BB:CC:00:52,45.3,88.9
SR-8022,EVT-13552,AA:BB:CC:00:11, 45.0 ,89.2
SR-8023,EVT-14396,AA:BB:CC:00:70,43.2,88.6
SR-8024,EVT-13460,AA:BB:CC:00:40,45.9,91.9
SR-8025,EVT-14160,AA:BB:CC:00:30,43.3,89.1
SR-8026,EVT-14258,AA:BB:CC:00:56,48.7,74.7
SR-8027,EVT-13950,AA:BB:CC:00:78,43.1,90.1
SR-8028,EVT-12718,AA:BB:CC:00:77,47.7,81.9
SR-8029,EVT-11269,AA:BB:CC:00:99,42.0,84.1
SR-8030,EVT-10423,AA:BB:CC:00:06,44.9,84.0
SR-8031,EVT-12658,AA:BB:CC:00:49,44.0,90.1
SR-8032,EVT-12748,AA:BB:CC:00:33,43.3,88.7
SR-8033,EVT-14817,AA:BB:CC:00:11,46.4,86.5
SR-8034,EVT-12779,AA:BB:CC:00:65,46.3,88.1
SR-8035,EVT-14509,AA:BB:CC:00:27,42.3,80.1
SR-8036,EVT-10551,AA:BB:CC:00:30,45.4,88.8
SR-8037,EVT-10912,AA:BB:CC:00:46,45.6,85.5
SR-8038,EVT-14168,AA:BB:CC:00:26,45.5,86.0
SR-8039,EVT-11382,AA:BB:CC:00:28,44.6,87.5
SR-8040,EVT-10405,AA:BB:CC:00:32,43.2,79.7
SR-8041,EVT-10568,AA:BB:CC:00:74,47.7,84.2
SR-8042,EVT-10654,AA:BB:CC:00:12,33.19 ft-lb,91.8
SR-8043,EVT-11372,AA:BB:CC:00:100,42.6,89.4
SR-8044,EVT-11399,AA:BB:CC:00:86,48.6,83.0
SR-8045,EVT-11589,AA:BB:CC:00:16,40.2,86.9
SR-8046,EVT-11747,AA:BB:CC:00:82,42.5,87.4
SR-8047,EVT-14056,AA:BB:CC:00:71,45.6,86.4
SR-8048,EVT-11767,AA:BB:CC:00:52,44.2,78.0
SR-8049,EVT-14503,AA:BB:CC:00:100,45.4,94.0
SR-8050,EVT-14687,AA:BB:CC:00:02,44.1,82.3
SR-8051,EVT-12930,AA:BB:CC:00:73,44.5,83.6
SR-8052,EVT-12767,AA:BB:CC:00:94,42.7,87.1
SR-8053,EVT-10941,AA:BB:CC:00:28,45.5,79.7
SR-8054,EVT-12742,AA:BB:CC:00:62,43.1,81.2
SR-8055,EVT-13951,AA:BB:CC:00:29,45.4,84.9
SR-8056,EVT-11920,AA:BB:CC:00:83,46.7,93.2
SR-8057,EVT-12481,AA:BB:CC:00:92,46.3,81.8
SR-8058,EVT-13249,AA:BB:CC:00:56,44.7,67.9
SR-8059,EVT-13824,AA:BB:CC:00:25,42.9,79.8
SR-8060,EVT-11139,AA:BB:CC:00:93,43.3,81.3
SR-8061,EVT-12886,AA:BB:CC:00:87,43.9,87.5
SR-8062,EVT-11765,AA:BB:CC:00:74,47.6,90.9
SR-8063,EVT-12540,AA:BB:CC:00:41,44.4,80.2
SR-8064,EVT-14955,AA:BB:CC:00:05,41.5,90.3
SR-8065,EVT-12022,AA:BB:CC:00:62,43.2,82.3
SR-8066,EVT-11183,AA:BB:CC:00:97,46.9,81.1
SR-8067,EVT-12647,AA:BB:CC:00:62,45.8,83.5
SR-8068,EVT-13591,AA:BB:CC:00:05,47.1,88.7
SR-8069,EVT-14191,AA:BB:CC:00:68,43.2,84.9
SR-8070,EVT-14975,AA:BB:CC:00:37,44.9,81.3
SR-8071,EVT-13718,AA:BB:CC:00:68,42.0,83.8
SR-8072,EVT-11023,AA:BB:CC:00:89,44.1,74.7
SR-8073,EVT-12524,AA:BB:CC:00:32,49.3,86.1
SR-8074,EVT-12061,AA:BB:CC:00:14,45.3,85.5
SR-8075,EVT-12220,AA:BB:CC:00:91,47.0,84.9
SR-8076,EVT-10935,AA:BB:CC:00:90,43.9,92.6
SR-8077,EVT-12733,AA:BB:CC:00:63,44.3,81.3
SR-8078,EVT-10314,AA:BB:CC:00:72,46.0,88.8
SR-8079,EVT-13928,AA:BB:CC:00:30,48.9,86.0
SR-8080,EVT-13648,AA:BB:CC:00:77,43.9,91.3
SR-8081,EVT-11064,AA:BB:CC:00:96, 48.0 ,86.5
SR-8082,EVT-13168,AA:BB:CC:00:43,48.6,91.5
SR-8083,EVT-12830,AA:BB:CC:00:53,43.8,81.3
SR-8084,EVT-12390,AA:BB:CC:00:53,44.1,83.4
SR-8085,EVT-11702,AA:BB:CC:00:29,44.9,93.5
SR-8086,EVT-10461,AA:BB:CC:00:87,44.0,83.8
SR-8087,EVT-13037,AA:BB:CC:00:28,9000,79.7
SR-8088,EVT-14289,AA:BB:CC:00:78,41.3,79.8
SR-8089,EVT-12380,AA:BB:CC:00:74,41.9,81.7
SR-8090,EVT-14747,AA:BB:CC:00:71,46.5,87.9
SR-8091,EVT-12316,AA:BB:CC:00:49,49.3,93.6
SR-8092,EVT-14610,AA:BB:CC:00:90,47.1,78.2
SR-8093,EVT-13612,AA:BB:CC:00:36,41.9,86.8
SR-8094,EVT-13442,AA:BB:CC:00:27,43.0,84.5
SR-8095,EVT-13197,AA:BB:CC:00:57,44.0,86.5
SR-8096,EVT-10883,AA:BB:CC:00:28,41.9,75.2
SR-8097,EVT-11713,AA:BB:CC:00:30,40.1,88.5
SR-8098,EVT-11375,AA:BB:CC:00:44,46.1,185 F
SR-8099,EVT-12779,AA:BB:CC:00:43,41.9,81.1
SR-8100,EVT-13192,AA:BB:CC:00:55,44.1,78.3
SR-8101,EVT-12103,AA:BB:CC:00:88,42.5,77.6
SR-8102,EVT-10722,AA:BB:CC:00:65,46.7,85.4
SR-8103,EVT-12566,AA:BB:CC:00:27,44.3,82.0
SR-8104,EVT-12979,AA:BB:CC:00:01,43.6,89.8
SR-8105,EVT-13328,AA:BB:CC:00:10,48.5,92.3
SR-8106,EVT-11193,AA:BB:CC:00:43,44.8,80.2
SR-8107,EVT-14259,AA:BB:CC:00:69,43.9,87.9
SR-8108,EVT-13960,AA:BB:CC:00:09,45.0,82.7
SR-8109,EVT-14847,AA:BB:CC:00:67,47.0,87.9
SR-8110,EVT-14286,AA:BB:CC:00:29,46.5,94.1
SR-8111,EVT-13657,AA:BB:CC:00:02,45.6,83.4
SR-8112,EVT-12890,AA:BB:CC:00:82,43.9,87.9
SR-8113,EVT-13941,AA:BB:CC:00:14,42.8,77.5
SR-8114,EVT-11877,AA:BB:CC:00:62,48.2,85.9
SR-8115,EVT-14648,AA:BB:CC:00:55,46.3,91.0
SR-8116,EVT-10650,AA:BB:CC:00:29, 46.8 ,79.8
SR-8117,EVT-14357,AA:BB:CC:00:05,48.0,84.8
SR-8118,EVT-10946,AA:BB:CC:00:69,45.8,80.4
SR-8119,EVT-10191,AA:BB:CC:00:66,49.0,84.9
SR-8120,EVT-13792,AA:BB:CC:00:39,42.6,91.2
SR-8121,EVT-14447,AA:BB:CC:00:23,44.9,81.5
SR-8122,EVT-12810,AA:BB:CC:00:95,43.9,78.7
SR-8123,EVT-11070,AA:BB:CC:00:16,46.6,94.3
SR-8124,EVT-10013,AA:BB:CC:00:22,40.3,91.0
SR-8125,EVT-12857,AA:BB:CC:00:91,42.1,82.3
SR-8126,EVT-13532,AA:BB:CC:00:29,42.3,86.2
SR-8127,EVT-12850,AA:BB:CC:00:69,42.3,82.7
SR-8128,EVT-10152,AA:BB:CC:00:12,43.8,89.1
SR-8129,EVT-11650,AA:BB:CC:00:13,45.9,87.6
SR-8130,EVT-13970,AA:BB:CC:00:08,43.7,87.2
SR-8131,EVT-11330,AA:BB:CC:00:24,44.0,85.7
SR-8132,EVT-12353,AA:BB:CC:00:92,45.5,86.5
SR-8133,EVT-13139,AA:BB:CC:00:37,49.4,82.9
SR-8134,EVT-10284,AA:BB:CC:00:91,44.9,88.4
SR-8135,EVT-12590,AA:BB:CC:00:36,44.3,89.3
SR-8136,EVT-14119,AA:BB:CC:00:73,46.1,80.8
SR-8137,EVT-13082,AA:BB:CC:00:15,46.7,91.6
SR-8138,EVT-13357,AA:BB:CC:00:59,43.6,81.9
SR-8139,EVT-13056,AA:BB:CC:00:05,42.3,83.3
SR-8140,EVT-14882,AA:BB:CC:00:92,44.2,92.7
SR-8141,EVT-13747,AA:BB:CC:00:15,48.9,84.5
SR-8142,EVT-14869,AA:BB:CC:00:100,43.0,90.7
SR-8143,EVT-14838,AA:BB:CC:00:18,46.4,83.2
SR-8144,EVT-14475,AA:BB:CC:00:86,47.5,85.2
SR-8145,EVT-13501,AA:BB:CC:00:05,46.8,83.0
SR-8146,EVT-10239,AA:BB:CC:00:86,44.8,75.3
SR-8147,EVT-10145,AA:BB:CC:00:17,41.7,87.1
SR-8148,EVT-11315,AA:BB:CC:00:22,44.8,82.8
SR-8149,EVT-10307,AA:BB:CC:00:85,41.6,79.5
SR-8150,EVT-14919,AA:BB:CC:00:87,43.9,83.8
SR-8151,EVT-10884,AA:BB:CC:00:64,44.8,81.4
SR-8152,EVT-10625,AA:BB:CC:00:28,44.8,83.0
SR-8153,EVT-12579,AA:BB:CC:00:92,44.2,76.1
SR-8154,EVT-12276,AA:BB:CC:00:81,42.1,96.9
SR-8155,EVT-13862,AA:BB:CC:00:83,44.5 Nm,78.6
SR-8156,EVT-12307,AA:BB:CC:00:13,44.7,90.7
SR-8157,EVT-14709,AA:BB:CC:00:45,45.9,87.7
SR-8158,EVT-12244,AA:BB:CC:00:34, 44.5 ,84.2
SR-8159,EVT-14485,AA:BB:CC:00:54,43.4,80.3
SR-8160,EVT-10702,AA:BB:CC:00:33,46.5,86.0
SR-8161,EVT-10345,AA:BB:CC:00:16,47.1,86.3
SR-8162,EVT-12688,AA:BB:CC:00:43,45.6,86.0
SR-8163,EVT-13006,AA:BB:CC:00:61,44.3,82.9
SR-8164,EVT-13278,AA:BB:CC:00:94,46.3,85.7
SR-8165,EVT-12895,AA:BB:CC:00:03,46.1,90.2
SR-8166,EVT-10708,AA:BB:CC:00:91,44.0,80.4
SR-8167,EVT-11194,AA:BB:CC:00:59,45.5,83.0
SR-8168,EVT-10260,AA:BB:CC:00:20,43.3,77.0
SR-8169,EVT-11989,AA:BB:CC:00:32,45.7,82.3
SR-8170,EVT-13849,AA:BB:CC:00:21,43.2,83.5
SR-8171,EVT-11909,AA:BB:CC:00:46,43.7,95.7
SR-8172,EVT-13235,AA:BB:CC:00:69,45.3,81.1
SR-8173,EVT-11261,AA:BB:CC:00:02,46.2 Nm,80.2
SR-8174,EVT-10674,AA:BB:CC:00:86,44.6,81.3
SR-8175,EVT-13773,AA:BB:CC:00:71,45.3,86.9
SR-8176,EVT-11326,AA:BB:CC:00:74,41.9,81.2
SR-8177,EVT-10418,AA:BB:CC:00:52,46.5,83.1
SR-8178,EVT-11263,AA:BB:CC:00:01,44.5,77.6
SR-8179,EVT-10196,AA:BB:CC:00:80,39.5,87.0
SR-8180,EVT-11290,AA:BB:CC:00:28,47.3,79.4
SR-8181,EVT-11074,AA:BB:CC:00:61,45.6,90.0
SR-8182,EVT-13437,AA:BB:CC:00:84,46.6,86.7
SR-8183,EVT-10237,AA:BB:CC:00:26,44.6,79.2
SR-8184,EVT-13407,AA:BB:CC:00:79,45.7,82.6
SR-8185,EVT-10945,AA:BB:CC:00:94,46.0,80.1
SR-8186,EVT-10706,AA:BB:CC:00:12,43.6,84.1
SR-8187,EVT-11088,AA:BB:CC:00:02,42.0,185 F
SR-8188,EVT-10011,AA:BB:CC:00:74,42.7,77.2
SR-8189,EVT-12986,AA:BB:CC:00:91,42.8,88.4
SR-8190,EVT-12949,AA:BB:CC:00:21,45.4,85.7
SR-8191,EVT-10166,AA:BB:CC:00:55,44.8,85.9
SR-8192,EVT-11765,AA:BB:CC:00:16,41.4,81.7
SR-8193,EVT-13668,AA:BB:CC:00:37,49.7,85.8
SR-8194,EVT-13163,AA:BB:CC:00:45,43.7,81.3
SR-8195,EVT-14063,AA:BB:CC:00:86,43.1,77.0
SR-8196,EVT-12714,AA:BB:CC:00:39,41.9,92.5
SR-8197,EVT-11840,AA:BB:CC:00:41,45.4,82.6
SR-8198,EVT-14976,AA:BB:CC:00:22,43.9,84.1
SR-8199,EVT-14191,AA:BB:CC:00:49,43.8,84.6
SR-8200,EVT-12861,AA:BB:CC:00:81,45.0,90.6
SR-8201,EVT-14321,AA:BB:CC:00:17,41.6,86.8
SR-8202,EVT-13571,AA:BB:CC:00:26,45.1,87.8
SR-8203,EVT-14748,AA:BB:CC:00:38,44.0,82.5
SR-8204,EVT-10692,AA:BB:CC:00:38,46.2,85.1
SR-8205,EVT-14037,AA:BB:CC:00:41,45.1,81.7
SR-8206,EVT-11129,AA:BB:CC:00:67,43.3,78.5
SR-8207,EVT-14985,AA:BB:CC:00:73,45.2,85.4
SR-8208,EVT-14061,AA:BB:CC:00:65,43.1,77.3
SR-8209,EVT-11100,AA:BB:CC:00:56,45.8,80.9
SR-8210,EVT-12097,AA:BB:CC:00:19,47.1,83.5
SR-8211,EVT-14748,AA:BB:CC:00:14,45.0,91.4
SR-8212,EVT-14787,AA:BB:CC:00:66,45.7,86.1
SR-8213,EVT-13062,AA:BB:CC:00:71,42.3,81.4
SR-8214,EVT-13546,AA:BB:CC:00:38,42.5,81.5
SR-8215,EVT-10347,AA:BB:CC:00:43,41.2,85.5
SR-8216,EVT-13025,AA:BB:CC:00:92,42.3,81.2
SR-8217,EVT-10207,AA:BB:CC:00:10,45.3,93.6
SR-8218,EVT-11545,AA:BB:CC:00:89,48.1,78.8
SR-8219,EVT-10630,AA:BB:CC:00:22,44.5,85.5
SR-8220,EVT-12139,AA:BB:CC:00:75,43.2,83.4
SR-8221,EVT-12716,AA:BB:CC:00:64,43.4,81.1
SR-8222,EVT-12442,AA:BB:CC:00:45,42.2,83.4
SR-8223,EVT-13751,AA:BB:CC:00:74,45.5,76.1
SR-8224,EVT-13546,AA:BB:CC:00:18,47.5,86.6
SR-8225,EVT-10176,AA:BB:CC:00:69,45.3,84.9
SR-8226,EVT-13359,AA:BB:CC:00:11,50.6,84.3
SR-8227,EVT-13366,AA:BB:CC:00:27,46.4,92.6
SR-8228,EVT-11620,AA:BB:CC:00:27,42.6,86.1
SR-8229,EVT-10129,AA:BB:CC:00:60,45.3,91.9
SR-8230,EVT-12705,AA:BB:CC:00:36,43.3,85.9
SR-8231,EVT-14230,AA:BB:CC:00:57,43.7,80.9
SR-8232,EVT-10772,AA:BB:CC:00:13,44.8,80.8
SR-8233,EVT-14508,AA:BB:CC:00:28,48.9,86.2
SR-8234,EVT-14098,AA:BB:CC:00:66,42.1,84.2
SR-8235,EVT-11090,AA:BB:CC:00:07,44.5,80.9
SR-8236,EVT-11095,AA:BB:CC:00:96,44.0,87.1
SR-8237,EVT-13761,AA:BB:CC:00:70,46.2,85.5
SR-8238,EVT-10899,AA:BB:CC:00:19,45.3,87.3
SR-8239,EVT-14521,AA:BB:CC:00:15,45.0,81.4
SR-8240,EVT-10587,AA:BB:CC:00:87,46.0,90.2
SR-8241,EVT-13429,AA:BB:CC:00:88,45.2,91.0
SR-8242,EVT-14370,AA:BB:CC:00:46,44.9,89.7
SR-8243,EVT-13830,AA:BB:CC:00:52,42.6,86.5
SR-8244,EVT-10081,AA:BB:CC:00:92,45.2,91.1
SR-8245,EVT-14903,AA:BB:CC:00:24,42.0,87.1
SR-8246,EVT-14855,AA:BB:CC:00:54,42.8,83.1
SR-8247,EVT-13710,AA:BB:CC:00:53,43.5,84.1
SR-8248,EVT-12849,AA:BB:CC:00:56,44.5,78.4
SR-8249,EVT-14731,AA:BB:CC:00:22,48.5,88.1
SR-8250,EVT-12122,AA:BB:CC:00:70,39.9,80.7
SR-8251,EVT-13621,AA:BB:CC:00:47,46.0,85.3
SR-8252,EVT-10914,AA:BB:CC:00:04,47.3,77.4
SR-8253,EVT-11762,AA:BB:CC:00:34,48.0,87.7
SR-8254,EVT-11683,AA:BB:CC:00:51,44.5,94.6
SR-8255,EVT-12522,AA:BB:CC:00:27,45.0,88.6
SR-8256,EVT-14318,AA:BB:CC:00:22,46.6,86.4
SR-8257,EVT-11752,AA:BB:CC:00:54,43.8,91.0
SR-8258,EVT-11911,AA:BB:CC:00:16,41.9 Nm,84.2
SR-8259,EVT-14060,AA:BB:CC:00:96,48.7,88.7
SR-8260,EVT-10238,AA:BB:CC:00:57,9000,75.3
SR-8261,EVT-11645,AA:BB:CC:00:69,48.8,79.7
SR-8262,EVT-13028,AA:BB:CC:00:59,42.2,80.6
SR-8263,EVT-12016,AA:BB:CC:00:41,44.8,74.7
SR-8264,EVT-12043,AA:BB:CC:00:33,44.3,80.8
SR-8265,EVT-10478,AA:BB:CC:00:45,43.5,90.8
SR-8266,EVT-11204,AA:BB:CC:00:99,45.6,80.2
SR-8267,EVT-10373,AA:BB:CC:00:69,46.4,82.7
SR-8268,EVT-13019,AA:BB:CC:00:23,43.3,82.8
SR-8269,EVT-12277,AA:BB:CC:00:46,42.5,95.1
SR-8270,EVT-10398,AA:BB:CC:00:32,47.6,86.9
SR-8271,EVT-14264,AA:BB:CC:00:52,43.5,87.5
SR-8272,EVT-11073,AA:BB:CC:00:78,42.6,84.8
SR-8273,EVT-13179,AA:BB:CC:00:33,44.3,91.8
SR-8274,EVT-14292,AA:BB:CC:00:69,45.4,91.5
SR-8275,EVT-13290,AA:BB:CC:00:57,46.6,83.6
SR-8276,EVT-10040,AA:BB:CC:00:35,41.9,88.6
SR-8277,EVT-11655,AA:BB:CC:00:54,44.6,76.9
SR-8278,EVT-14634,AA:BB:CC:00:58,47.2,97.3
SR-8279,EVT-12746,AA:BB:CC:00:86,41.9,89.0
SR-8280,EVT-11344,AA:BB:CC:00:70,42.5,83.3
SR-8281,EVT-12189,AA:BB:CC:00:98,45.2,79.6
SR-8282,EVT-10930,AA:BB:CC:00:56,43.9,83.8
SR-8283,EVT-11514,AA:BB:CC:00:04,45.9,86.9
SR-8284,EVT-14117,AA:BB:CC:00:66,45.7,82.1 C
SR-8285,EVT-11562,AA:BB:CC:00:09,41.1,82.1
SR-8286,EVT-14529,AA:BB:CC:00:94,43.3,90.7
SR-8287,EVT-11889,AA:BB:CC:00:19,45.2,88.5
SR-8288,EVT-12229,AA:BB:CC:00:63,42.8,78.4
SR-8289,EVT-10688,AA:BB:CC:00:60,45.9,83.0
SR-8290,EVT-13930,AA:BB:CC:00:51,43.2,84.3
SR-8291,EVT-13412,AA:BB:CC:00:73,43.7,86.6
SR-8292,EVT-12150,AA:BB:CC:00:05,46.4,92.8
SR-8293,EVT-10898,AA:BB:CC:00:16,46.6,89.7
SR-8294,EVT-14760,AA:BB:CC:00:90,47.6,98.7
SR-8295,EVT-12542,AA:BB:CC:00:07,43.3,85.7
SR-8296,EVT-10323,AA:BB:CC:00:02,43.7,89.7
SR-8297,EVT-12830,AA:BB:CC:00:78,44.5,81.0
SR-8298,EVT-13778,AA:BB:CC:00:31,45.6,82.3
SR-8299,EVT-10877,AA:BB:CC:00:86,44.5,80.6
SR-8300,EVT-12312,AA:BB:CC:00:33,33.19 ft-lb,80.4
SR-8301,EVT-13710,AA:BB:CC:00:40,45.4,81.7
SR-8302,EVT-10334,AA:BB:CC:00:59,46.7,81.4
SR-8303,EVT-11863,AA:BB:CC:00:95,43.2,89.3
SR-8304,EVT-14453,AA:BB:CC:00:83,33.19 ft-lb,85.3
SR-8305,EVT-13852,AA:BB:CC:00:06,47.9,97.7
SR-8306,EVT-14014,AA:BB:CC:00:46,44.9,85.6
SR-8307,EVT-10619,AA:BB:CC:00:40,47.8,92.4
SR-8308,EVT-11412,AA:BB:CC:00:43,43.3,90.1
SR-8309,EVT-14962,AA:BB:CC:00:74,33.19 ft-lb,76.7
SR-8310,EVT-10260,AA:BB:CC:00:12,46.8,89.3
SR-8311,EVT-13833,AA:BB:CC:00:90,48.1,84.3
SR-8312,EVT-12443,AA:BB:CC:00:04,43.9,87.5
SR-8313,EVT-12644,AA:BB:CC:00:59,45.9,86.4
SR-8314,EVT-14505,AA:BB:CC:00:49,45.6,89.2
SR-8315,EVT-13824,AA:BB:CC:00:05,40.4,85.0
SR-8316,EVT-14517,AA:BB:CC:00:94,48.2,84.0
SR-8317,EVT-10151,AA:BB:CC:00:24,43.9,74.8
SR-8318,EVT-10046,AA:BB:CC:00:35,47.6,95.9
SR-8319,EVT-13329,AA:BB:CC:00:05,47.9,78.1
SR-8320,EVT-11630,AA:BB:CC:00:05,46.0,82.7
SR-8321,EVT-11665,AA:BB:CC:00:72,43.3,86.2
SR-8322,EVT-13229,AA:BB:CC:00:99,47.4,93.7
SR-8323,EVT-13224,AA:BB:CC:00:55,45.7,87.2
SR-8324,EVT-12813,AA:BB:CC:00:65,43.6,92.0
SR-8325,EVT-11280,AA:BB:CC:00:66,43.2,77.4
SR-8326,EVT-13547,AA:BB:CC:00:07,42.7,85.1
SR-8327,EVT-11214,AA:BB:CC:00:15,42.5,89.8
SR-8328,EVT-11210,AA:BB:CC:00:78,44.2,82.2
SR-8329,EVT-11647,AA:BB:CC:00:77,44.2,80.9
SR-8330,EVT-13381,AA:BB:CC:00:44,42.8,82.2
SR-8331,EVT-12486,AA:BB:CC:00:29,44.0,90.9
SR-8332,EVT-13677,AA:BB:CC:00:02,44.7,88.5
SR-8333,EVT-11321,AA:BB:CC:00:58,9000,82.3
SR-8334,EVT-10233,AA:BB:CC:00:71,43.6,81.4
SR-8335,EVT-13136,AA:BB:CC:00:10,46.2,87.2
SR-8336,EVT-13720,AA:BB:CC:00:84,45.4,92.0
SR-8337,EVT-13270,AA:BB:CC:00:89,46.4,82.2
SR-8338,EVT-12098,AA:BB:CC:00:55,44.3,83.3
SR-8339,EVT-11241,AA:BB:CC:00:90,45.2,84.3
SR-8340,EVT-14469,AA:BB:CC:00:42,44.8,87.4
SR-8341,EVT-13087,AA:BB:CC:00:70,47.5,88.1
SR-8342,EVT-10189,AA:BB:CC:00:68,44.4,82.1
SR-8343,EVT-10696,AA:BB:CC:00:72,41.9,88.2
SR-8344,EVT-10172,AA:BB:CC:00:13,46.3,80.9
SR-8345,EVT-13403,AA:BB:CC:00:37,46.0,84.3
SR-8346,EVT-14733,AA:BB:CC:00:08,45.9,81.3
SR-8347,EVT-14481,AA:BB:CC:00:40,45.0,85.4
SR-8348,EVT-12526,AA:BB:CC:00:93,48.6,87.6
SR-8349,EVT-12852,AA:BB:CC:00:91,45.3,87.6
SR-8350,EVT-12997,AA:BB:CC:00:09,46.5,84.6
SR-8351,EVT-14009,AA:BB:CC:00:78,45.6,97.6
SR-8352,EVT-12332,AA:BB:CC:00:60,42.5,85.8
SR-8353,EVT-11856,AA:BB:CC:00:75,48.8,93.3
SR-8354,EVT-14843,AA:BB:CC:00:89,9000,85.4
SR-8355,EVT-10205,AA:BB:CC:00:87,45.6,80.4
SR-8356,EVT-10374,AA:BB:CC:00:10,43.7,82.8
SR-8357,EVT-14208,AA:BB:CC:00:71,48.3,93.6
SR-8358,EVT-10778,AA:BB:CC:00:77,42.1,84.0
SR-8359,EVT-13001,AA:BB:CC:00:22,44.5,77.9
SR-8360,EVT-14371,AA:BB:CC:00:56,46.2,84.2
SR-8361,EVT-13777,AA:BB:CC:00:46,48.0,83.9 C
SR-8362,EVT-10414,AA:BB:CC:00:18,45.6,87.6
SR-8363,EVT-12399,AA:BB:CC:00:73,44.3,85.5
SR-8364,EVT-13112,AA:BB:CC:00:86,43.3,87.0
SR-8365,EVT-13582,AA:BB:CC:00:59,45.2,79.5
SR-8366,EVT-12036,AA:BB:CC:00:61,44.8,79.6
SR-8367,EVT-12740,AA:BB:CC:00:52,43.5,83.7
SR-8368,EVT-14963,AA:BB:CC:00:09,47.2,89.0 C
SR-8369,EVT-12083,AA:BB:CC:00:63,44.8,85.8
SR-8370,EVT-12397,AA:BB:CC:00:64,44.2,83.5
SR-8371,EVT-13238,AA:BB:CC:00:14,43.7,87.2
SR-8372,EVT-11814,AA:BB:CC:00:76,43.6,80.9
SR-8373,EVT-10611,AA:BB:CC:00:17,47.2,88.2
SR-8374,EVT-12840,AA:BB:CC:00:17,47.0,93.9
SR-8375,EVT-10339,AA:BB:CC:00:51,46.8,75.6
SR-8376,EVT-10101,AA:BB:CC:00:56,46.1,89.6
SR-8377,EVT-11696,AA:BB:CC:00:24,46.1,80.1
SR-8378,EVT-10160,AA:BB:CC:00:77,47.5,83.9
SR-8379,EVT-12592,AA:BB:CC:00:36,43.7,91.6
SR-8380,EVT-13365,AA:BB:CC:00:62,42.6,86.1
SR-8381,EVT-11175,AA:BB:CC:00:18,48.3,86.5
SR-8382,EVT-13528,AA:BB:CC:00:94,43.6,83.1
SR-8383,EVT-11374,AA:BB:CC:00:55,48.3,82.2
SR-8384,EVT-14965,AA:BB:CC:00:42,45.5,88.9
SR-8385,EVT-11750,AA:BB:CC:00:65,33.19 ft-lb,86.1
SR-8386,EVT-11821,AA:BB:CC:00:14,43.8,86.5
SR-8387,EVT-14561,AA:BB:CC:00:10,45.2,78.1
SR-8388,EVT-11081,AA:BB:CC:00:05,43.7,89.9
SR-8389,EVT-14448,AA:BB:CC:00:22,45.1,83.0
SR-8390,EVT-13036,AA:BB:CC:00:93,46.0,87.2
SR-8391,EVT-14751,AA:BB:CC:00:96,46.1,86.4
SR-8392,EVT-13488,AA:BB:CC:00:95,42.4,87.1
SR-8393,EVT-13566,AA:BB:CC:00:37,46.5,79.8
SR-8394,EVT-12469,AA:BB:CC:00:33,48.6,82.6
SR-8395,EVT-11174,AA:BB:CC:00:94,47.2,79.7
SR-8396,EVT-10025,AA:BB:CC:00:97,44.1,84.2
SR-8397,EVT-10592,AA:BB:CC:00:10,45.6,77.2
SR-8398,EVT-10279,AA:BB:CC:00:64,45.0,84.6
SR-8399,EVT-12666,AA:BB:CC:00:58,43.4,85.1
SR-8400,EVT-13197,AA:BB:CC:00:63,43.6,84.2
SR-8401,EVT-14225,AA:BB:CC:00:35,44.7,89.3
SR-8402,EVT-10380,AA:BB:CC:00:49,43.6,77.3
SR-8403,EVT-14776,AA:BB:CC:00:28,46.4,90.6
SR-8404,EVT-12188,AA:BB:CC:00:55,44.0,79.3
SR-8405,EVT-10090,AA:BB:CC:00:09,43.6,80.3
SR-8406,EVT-12709,AA:BB:CC:00:75,45.1,87.8
SR-8407,EVT-14398,AA:BB:CC:00:45,47.8,84.5
SR-8408,EVT-14672,AA:BB:CC:00:27,43.0,85.4
SR-8409,EVT-14292,AA:BB:CC:00:32,40.6,87.2
SR-8410,EVT-10412,AA:BB:CC:00:41,44.6,77.3
SR-8411,EVT-14430,AA:BB:CC:00:21,45.9,85.6
SR-8412,EVT-10797,AA:BB:CC:00:76,43.1,84.9
SR-8413,EVT-12809,AA:BB:CC:00:07,45.4,80.4
SR-8414,EVT-12349,AA:BB:CC:00:22,44.6,88.6
SR-8415,EVT-12773,AA:BB:CC:00:96,45.1,80.9
SR-8416,EVT-13624,AA:BB:CC:00:54,45.5,91.6
SR-8417,EVT-11583,AA:BB:CC:00:67,45.7,86.8
SR-8418,EVT-14816,AA:BB:CC:00:76,43.6,85.3
SR-8419,EVT-14246,AA:BB:CC:00:58,47.6,74.7
SR-8420,EVT-13003,AA:BB:CC:00:77,45.8,86.3
SR-8421,EVT-11713,AA:BB:CC:00:86,46.0,77.6
SR-8422,EVT-12931,AA:BB:CC:00:64,49.6,88.0
SR-8423,EVT-13084,AA:BB:CC:00:42,48.4,87.4
SR-8424,EVT-14067,AA:BB:CC:00:53,45.4,86.8
SR-8425,EVT-11769,AA:BB:CC:00:28,44.7,91.1
SR-8426,EVT-13430,AA:BB:CC:00:58,45.4,81.7
SR-8427,EVT-14498,AA:BB:CC:00:05,33.19 ft-lb,83.4
SR-8428,EVT-12739,AA:BB:CC:00:94,47.0,90.8
SR-8429,EVT-10424,AA:BB:CC:00:55,43.3,85.6
SR-8430,EVT-10091,AA:BB:CC:00:96,45.3,86.4
SR-8431,EVT-12074,AA:BB:CC:00:60,47.0 Nm,96.2
SR-8432,EVT-12966,AA:BB:CC:00:45,45.4,80.6
SR-8433,EVT-10018,AA:BB:CC:00:84,43.2,78.7
SR-8434,EVT-13490,AA:BB:CC:00:20,42.7,84.9
SR-8435,EVT-14484,AA:BB:CC:00:09,44.1,96.8
SR-8436,EVT-13671,AA:BB:CC:00:07,44.3,77.3
SR-8437,EVT-13972,AA:BB:CC:00:07,45.4,80.6
SR-8438,EVT-10092,AA:BB:CC:00:90,43.9,96.8
SR-8439,EVT-14136,AA:BB:CC:00:97, 43.9 ,88.4
SR-8440,EVT-14847,AA:BB:CC:00:50,40.9,88.6
SR-8441,EVT-12095,AA:BB:CC:00:95,47.3,80.0
SR-8442,EVT-10604,AA:BB:CC:00:14,43.3,74.3
SR-8443,EVT-13255,AA:BB:CC:00:99,47.3,79.1
SR-8444,EVT-12303,AA:BB:CC:00:94,47.5,84.5
SR-8445,EVT-14640,AA:BB:CC:00:35,45.9,81.0
SR-8446,EVT-12266,AA:BB:CC:00:63,47.9,87.8
SR-8447,EVT-11442,AA:BB:CC:00:19,44.7,86.1
SR-8448,EVT-12149,AA:BB:CC:00:73,43.3,185 F
SR-8449,EVT-13439,AA:BB:CC:00:59,42.8,79.3
SR-8450,EVT-13657,AA:BB:CC:00:82,42.4,81.4
SR-8451,EVT-11013,AA:BB:CC:00:64,44.1,81.8
SR-8452,EVT-13107,AA:BB:CC:00:65,44.2,71.6
SR-8453,EVT-12475,AA:BB:CC:00:17,33.19 ft-lb,85.2
SR-8454,EVT-14230,AA:BB:CC:00:86,44.9,78.4
SR-8455,EVT-13356,AA:BB:CC:00:12,44.8,93.4
SR-8456,EVT-13791,AA:BB:CC:00:55,45.6,90.6
SR-8457,EVT-14411,AA:BB:CC:00:18,42.5,76.4
SR-8458,EVT-14463,AA:BB:CC:00:66,46.7,85.3
SR-8459,EVT-13362,AA:BB:CC:00:24,42.4,81.8
SR-8460,EVT-10238,AA:BB:CC:00:04,45.3,89.3
SR-8461,EVT-10696,AA:BB:CC:00:87,42.1,86.4
SR-8462,EVT-12076,AA:BB:CC:00:04,50.5,89.7
SR-8463,EVT-14300,AA:BB:CC:00:21,45.9,75.8
SR-8464,EVT-11523,AA:BB:CC:00:27,45.9,85.7
SR-8465,EVT-12279,AA:BB:CC:00:11,43.9,89.5
SR-8466,EVT-10003,AA:BB:CC:00:62,44.7,83.2
SR-8467,EVT-14687,AA:BB:CC:00:64,44.7,89.5
SR-8468,EVT-11721,AA:BB:CC:00:88,43.5,85.9
SR-8469,EVT-11869,AA:BB:CC:00:27,50.6,83.9
SR-8470,EVT-10335,AA:BB:CC:00:64,42.2,90.2
SR-8471,EVT-13619,AA:BB:CC:00:36,44.4,82.4
SR-8472,EVT-12099,AA:BB:CC:00:91,46.1,90.8
SR-8473,EVT-13927,AA:BB:CC:00:92,44.6,83.5
SR-8474,EVT-11394,AA:BB:CC:00:62,47.1,89.2
SR-8475,EVT-13866,AA:BB:CC:00:47,44.8,78.3
SR-8476,EVT-14263,AA:BB:CC:00:98,48.0,90.4
SR-8477,EVT-12979,AA:BB:CC:00:66,42.0,80.0
SR-8478,EVT-13003,AA:BB:CC:00:41,42.9,87.9
SR-8479,EVT-13868,AA:BB:CC:00:90,43.5,85.9
SR-8480,EVT-10350,AA:BB:CC:00:45,48.4,80.7
SR-8481,EVT-12562,AA:BB:CC:00:79,43.0,83.4
SR-8482,EVT-10652,AA:BB:CC:00:24,48.6,82.7
SR-8483,EVT-12047,AA:BB:CC:00:19,42.1,92.6
SR-8484,EVT-12479,AA:BB:CC:00:71,42.7,90.5
SR-8485,EVT-10974,AA:BB:CC:00:81,45.2,82.5
SR-8486,EVT-10827,AA:BB:CC:00:68,45.3,90.7
SR-8487,EVT-14097,AA:BB:CC:00:100,47.6,85.6
SR-8488,EVT-10965,AA:BB:CC:00:40,47.4,80.7
SR-8489,EVT-11902,AA:BB:CC:00:94,44.6,90.5
SR-8490,EVT-13852,AA:BB:CC:00:64,44.4,82.7
SR-8491,EVT-12594,AA:BB:CC:00:52,44.9,87.7
SR-8492,EVT-14914,AA:BB:CC:00:43,44.6,72.5
SR-8493,EVT-12155,AA:BB:CC:00:62,46.7,85.2
SR-8494,EVT-14720,AA:BB:CC:00:55,44.0,88.2
SR-8495,EVT-12103,AA:BB:CC:00:78,47.2,88.2
SR-8496,EVT-14135,AA:BB:CC:00:42,46.2,88.6
SR-8497,EVT-10504,AA:BB:CC:00:59,45.5,86.3
SR-8498,EVT-10698,AA:BB:CC:00:48,42.7,76.7
SR-8499,EVT-10011,AA:BB:CC:00:46,39.5,82.9
SR-8500,EVT-11807,AA:BB:CC:00:53,44.2,82.2
SR-8501,EVT-14020,AA:BB:CC:00:64,45.0,83.3
SR-8502,EVT-10234,AA:BB:CC:00:20,45.3,87.1
SR-8503,EVT-13699,AA:BB:CC:00:29,45.5,90.5
SR-8504,EVT-11320,AA:BB:CC:00:54,45.6,83.1
SR-8505,EVT-10011,AA:BB:CC:00:53,46.0,88.5
SR-8506,EVT-11596,AA:BB:CC:00:90,44.1,89.6
SR-8507,EVT-13617,AA:BB:CC:00:83,42.9,83.7
SR-8508,EVT-12322,AA:BB:CC:00:08,43.7,75.6
SR-8509,EVT-14698,AA:BB:CC:00:20,45.8,88.3
SR-8510,EVT-13818,AA:BB:CC:00:65,44.4,84.8
SR-8511,EVT-13255,AA:BB:CC:00:80,44.0,78.3
SR-8512,EVT-12471,AA:BB:CC:00:58,47.4,91.3
SR-8513,EVT-14544,AA:BB:CC:00:65,46.1,90.0
SR-8514,EVT-12567,AA:BB:CC:00:35, 45.6 ,85.2
SR-8515,EVT-10925,AA:BB:CC:00:08,49.1,88.7
SR-8516,EVT-10664,AA:BB:CC:00:08,46.2,92.5
SR-8517,EVT-13639,AA:BB:CC:00:66,48.0,87.7
SR-8518,EVT-12915,AA:BB:CC:00:28,40.9,100.6
SR-8519,EVT-13392,AA:BB:CC:00:95,41.1,89.9
SR-8520,EVT-13358,AA:BB:CC:00:44,44.3,84.4
SR-8521,EVT-10315,AA:BB:CC:00:16,45.0,88.4
SR-8522,EVT-11680,AA:BB:CC:00:75,46.4,86.9
SR-8523,EVT-13100,AA:BB:CC:00:64,44.6,89.6
SR-8524,EVT-13566,AA:BB:CC:00:78,45.4,83.5
SR-8525,EVT-11669,AA:BB:CC:00:37,45.1,74.4
SR-8526,EVT-13415,AA:BB:CC:00:33,43.9,89.0
SR-8527,EVT-11541,AA:BB:CC:00:08,49.6,86.1
SR-8528,EVT-10642,AA:BB:CC:00:34,46.7,89.0
SR-8529,EVT-14254,AA:BB:CC:00:13,44.8,81.2
SR-8530,EVT-11611,AA:BB:CC:00:16,44.5,89.1
SR-8531,EVT-14231,AA:BB:CC:00:36,52.4,82.3
SR-8532,EVT-12282,AA:BB:CC:00:54,43.5,84.4
SR-8533,EVT-11625,AA:BB:CC:00:85,44.4,86.7
SR-8534,EVT-14858,AA:BB:CC:00:81,45.9,80.7
SR-8535,EVT-10281,AA:BB:CC:00:39,42.3,82.9
SR-8536,EVT-10398,AA:BB:CC:00:53,46.7,78.0
SR-8537,EVT-12508,AA:BB:CC:00:34,45.0,92.2
SR-8538,EVT-14693,AA:BB:CC:00:18,46.3,82.6
SR-8539,EVT-12169,AA:BB:CC:00:41,44.2,94.2
SR-8540,EVT-14413,AA:BB:CC:00:100,47.3,88.5
SR-8541,EVT-12605,AA:BB:CC:00:36,44.2,86.3
SR-8542,EVT-11205,AA:BB:CC:00:05,44.8,80.3
SR-8543,EVT-12966,AA:BB:CC:00:28,49.2,88.2
SR-8544,EVT-14107,AA:BB:CC:00:49,43.8,96.4
SR-8545,EVT-12600,AA:BB:CC:00:69,44.6,86.1
SR-8546,EVT-14523,AA:BB:CC:00:68,44.5,83.4
SR-8547,EVT-13769,AA:BB:CC:00:03,44.9,95.0
SR-8548,EVT-10522,AA:BB:CC:00:33,46.8,95.5
SR-8549,EVT-14754,AA:BB:CC:00:57,44.2,82.8
SR-8550,EVT-14168,AA:BB:CC:00:52,44.2,88.0
SR-8551,EVT-13209,AA:BB:CC:00:67,48.6,93.6
SR-8552,EVT-14243,AA:BB:CC:00:72,45.7,85.2
SR-8553,EVT-14426,AA:BB:CC:00:23,44.7,87.2
SR-8554,EVT-13816,AA:BB:CC:00:70,46.6,86.6
SR-8555,EVT-11646,AA:BB:CC:00:27,45.9,83.0
SR-8556,EVT-10636,AA:BB:CC:00:86,44.6,76.6
SR-8557,EVT-12683,AA:BB:CC:00:34,47.4,85.6
SR-8558,EVT-13195,AA:BB:CC:00:65,39.5,89.3
SR-8559,EVT-10830,AA:BB:CC:00:36,48.1,86.0
SR-8560,EVT-14749,AA:BB:CC:00:91,44.4,84.6
SR-8561,EVT-13784,AA:BB:CC:00:09,45.8,89.5
SR-8562,EVT-14149,AA:BB:CC:00:25,44.8,86.2
SR-8563,EVT-12981,AA:BB:CC:00:78,44.4,92.8
SR-8564,EVT-14178,AA:BB:CC:00:18,41.2,79.1
SR-8565,EVT-12665,AA:BB:CC:00:82,47.7,94.0
SR-8566,EVT-10372,AA:BB:CC:00:27,44.3,87.3
SR-8567,EVT-11533,AA:BB:CC:00:09,47.3,90.2
SR-8568,EVT-10849,AA:BB:CC:00:76,47.7,81.3
SR-8569,EVT-14387,AA:BB:CC:00:56,49.3,89.5
SR-8570,EVT-12767,AA:BB:CC:00:47,44.4,84.2
SR-8571,EVT-10772,AA:BB:CC:00:82,46.7,74.1
SR-8572,EVT-14606,AA:BB:CC:00:49,45.9,89.3
SR-8573,EVT-11087,AA:BB:CC:00:14,46.8,86.9
SR-8574,EVT-11003,AA:BB:CC:00:74,43.8,90.9
SR-8575,EVT-12025,AA:BB:CC:00:84,44.3,88.5
SR-8576,EVT-10341,AA:BB:CC:00:22,45.0,89.9
SR-8577,EVT-11924,AA:BB:CC:00:59,45.5,95.5
SR-8578,EVT-10443,AA:BB:CC:00:34,44.5,83.2
SR-8579,EVT-14358,AA:BB:CC:00:48,43.2,89.0
SR-8580,EVT-12175,AA:BB:CC:00:69,42.9,90.2
SR-8581,EVT-12821,AA:BB:CC:00:30,46.8,80.2
SR-8582,EVT-12672,AA:BB:CC:00:01,47.2,76.9
SR-8583,EVT-10267,AA:BB:CC:00:26,48.4,84.4
SR-8584,EVT-11505,AA:BB:CC:00:71,44.3,86.3
SR-8585,EVT-13860,AA:BB:CC:00:07,42.6,82.5
SR-8586,EVT-13769,AA:BB:CC:00:05,45.8,87.5
SR-8587,EVT-13293,AA:BB:CC:00:84,44.5,76.9
SR-8588,EVT-11282,AA:BB:CC:00:64,44.7,79.6
SR-8589,EVT-11976,AA:BB:CC:00:92,44.1,88.3
SR-8590,EVT-11076,AA:BB:CC:00:23,45.3,85.9
SR-8591,EVT-10908,AA:BB:CC:00:08,45.5,81.4
SR-8592,EVT-14580,AA:BB:CC:00:47,48.3,87.3
SR-8593,EVT-13514,AA:BB:CC:00:80,49.1,89.0
SR-8594,EVT-11341,AA:BB:CC:00:41,42.4,86.7
SR-8595,EVT-12468,AA:BB:CC:00:48,47.6,91.9
SR-8596,EVT-10716,AA:BB:CC:00:70,48.6,80.7
SR-8597,EVT-13161,AA:BB:CC:00:75,46.8,81.3
SR-8598,EVT-12827,AA:BB:CC:00:77,47.8,86.2
SR-8599,EVT-10344,AA:BB:CC:00:66,47.6,90.5
SR-8600,EVT-10433,AA:BB:CC:00:49,44.9,79.2
SR-8601,EVT-14654,AA:BB:CC:00:02,45.2,85.2
SR-8602,EVT-14623,AA:BB:CC:00:63,45.6,82.7
SR-8603,EVT-12413,AA:BB:CC:00:13,9000,92.4
SR-8604,EVT-11423,AA:BB:CC:00:83,48.7,86.2
SR-8605,EVT-10983,AA:BB:CC:00:33,47.1,83.6
SR-8606,EVT-12281,AA:BB:CC:00:25,44.4,82.1
SR-8607,EVT-12646,AA:BB:CC:00:82,46.2,83.4
SR-8608,EVT-14159,AA:BB:CC:00:29,43.1,185 F
SR-8609,EVT-14573,AA:BB:CC:00:37,45.8,81.7
SR-8610,EVT-12992,AA:BB:CC:00:75,44.0,83.2
SR-8611,EVT-13476,AA:BB:CC:00:41,46.1,92.2
SR-8612,EVT-10948,AA:BB:CC:00:87,42.2,89.3
SR-8613,EVT-13773,AA:BB:CC:00:87,33.19 ft-lb,80.7
SR-8614,EVT-14048,AA:BB:CC:00:35,45.7,91.0
SR-8615,EVT-10693,AA:BB:CC:00:03,44.3,83.3
SR-8616,EVT-14334,AA:BB:CC:00:47,45.6,93.7
SR-8617,EVT-14235,AA:BB:CC:00:62,46.3,81.1
SR-8618,EVT-12597,AA:BB:CC:00:18,43.9,93.9
SR-8619,EVT-13405,AA:BB:CC:00:57,45.0,78.4
SR-8620,EVT-12138,AA:BB:CC:00:52,44.3,83.8
SR-8621,EVT-13217,AA:BB:CC:00:73,44.2,76.9
SR-8622,EVT-11619,AA:BB:CC:00:48,45.9,77.7
SR-8623,EVT-10674,AA:BB:CC:00:20,44.4,82.7
SR-8624,EVT-14435,AA:BB:CC:00:88,44.4,80.4
SR-8625,EVT-13269,AA:BB:CC:00:81,44.5,83.2
SR-8626,EVT-13545,AA:BB:CC:00:12,9000,91.6
SR-8627,EVT-10454,AA:BB:CC:00:33,43.9,87.4
SR-8628,EVT-11381,AA:BB:CC:00:70,44.4,86.9
SR-8629,EVT-10843,AA:BB:CC:00:94,45.0,76.5
SR-8630,EVT-11296,AA:BB:CC:00:70,44.7,89.9
SR-8631,EVT-11940,AA:BB:CC:00:48,43.4,83.3
SR-8632,EVT-14165,AA:BB:CC:00:23,47.2,81.3
SR-8633,EVT-13886,AA:BB:CC:00:46,42.7,87.1
SR-8634,EVT-12980,AA:BB:CC:00:07,43.6,82.2
SR-8635,EVT-11806,AA:BB:CC:00:26,48.0,80.9
SR-8636,EVT-11930,AA:BB:CC:00:67,45.8,78.7
SR-8637,EVT-11032,AA:BB:CC:00:57,47.4,89.6
SR-8638,EVT-10268,AA:BB:CC:00:25,45.0,76.9 C
SR-8639,EVT-13077,AA:BB:CC:00:67,43.5,80.3
SR-8640,EVT-10384,AA:BB:CC:00:79,44.9,83.1
SR-8641,EVT-14996,AA:BB:CC:00:39,48.1,85.7
SR-8642,EVT-11601,AA:BB:CC:00:68,46.5,96.7
SR-8643,EVT-10981,AA:BB:CC:00:38,45.1,81.0
SR-8644,EVT-12143,AA:BB:CC:00:45,42.9,89.2
SR-8645,EVT-10124,AA:BB:CC:00:64,46.3,83.4
SR-8646,EVT-12600,AA:BB:CC:00:85,42.9,90.0
SR-8647,EVT-12993,AA:BB:CC:00:54,43.5,85.9
SR-8648,EVT-12416,AA:BB:CC:00:94,41.6,94.8
SR-8649,EVT-12324,AA:BB:CC:00:71,44.8,81.7
SR-8650,EVT-13280,AA:BB:CC:00:13,42.9,77.4
SR-8651,EVT-14020,AA:BB:CC:00:50,42.2,84.0
SR-8652,EVT-10192,AA:BB:CC:00:43,48.2,83.3
SR-8653,EVT-12207,AA:BB:CC:00:07,45.0,89.8
SR-8654,EVT-10487,AA:BB:CC:00:87,44.0,82.7
SR-8655,EVT-13679,AA:BB:CC:00:44,45.6,84.1
SR-8656,EVT-13027,AA:BB:CC:00:64,44.9,80.8
SR-8657,EVT-14342,AA:BB:CC:00:07,45.4,88.0
SR-8658,EVT-14101,AA:BB:CC:00:10,46.5,85.1
SR-8659,EVT-10552,AA:BB:CC:00:78,50.2,185 F
SR-8660,EVT-12080,AA:BB:CC:00:69,43.2,84.8
SR-8661,EVT-11303,AA:BB:CC:00:62,40.8,94.3
SR-8662,EVT-13678,AA:BB:CC:00:19,44.0,84.9
SR-8663,EVT-13979,AA:BB:CC:00:33,46.3,86.4
SR-8664,EVT-13050,AA:BB:CC:00:62,45.3,82.0
SR-8665,EVT-14850,AA:BB:CC:00:78,42.9,85.4
SR-8666,EVT-10945,AA:BB:CC:00:67,46.0,80.4
SR-8667,EVT-12685,AA:BB:CC:00:07,42.4,78.8
SR-8668,EVT-10003,AA:BB:CC:00:30,44.8,79.2
SR-8669,EVT-14149,AA:BB:CC:00:91,44.3,86.2
SR-8670,EVT-13521,AA:BB:CC:00:36,43.4,82.3
SR-8671,EVT-14004,AA:BB:CC:00:75,44.0,74.3
SR-8672,EVT-10044,AA:BB:CC:00:100,46.4,90.3 C
SR-8673,EVT-13725,AA:BB:CC:00:16,45.3 Nm,83.1
SR-8674,EVT-12899,AA:BB:CC:00:81,43.3,95.8
SR-8675,EVT-12218,AA:BB:CC:00:19,43.4,87.0
SR-8676,EVT-10449,AA:BB:CC:00:35,43.3,87.5
SR-8677,EVT-10366,AA:BB:CC:00:38,42.4,83.0
SR-8678,EVT-12950,AA:BB:CC:00:58,49.6,79.8
SR-8679,EVT-10310,AA:BB:CC:00:56,41.0,81.5
SR-8680,EVT-14772,AA:BB:CC:00:63,45.2,93.3
SR-8681,EVT-13856,AA:BB:CC:00:48,42.3,89.0
SR-8682,EVT-11502,AA:BB:CC:00:66,44.0,87.0
SR-8683,EVT-10250,AA:BB:CC:00:63,46.9,86.6
SR-8684,EVT-13142,AA:BB:CC:00:91,46.4,93.7
SR-8685,EVT-10254,AA:BB:CC:00:59,44.2,86.7
SR-8686,EVT-14224,AA:BB:CC:00:51,44.5,86.3
SR-8687,EVT-10513,AA:BB:CC:00:65,45.5,90.3
SR-8688,EVT-10350,AA:BB:CC:00:66,41.3,83.6
SR-8689,EVT-13194,AA:BB:CC:00:52,9000,83.1
SR-8690,EVT-13744,AA:BB:CC:00:79,44.3,91.5
SR-8691,EVT-13980,AA:BB:CC:00:65,45.0,87.3
SR-8692,EVT-12880,AA:BB:CC:00:70,44.1,83.4
SR-8693,EVT-13378,AA:BB:CC:00:30,45.5,81.7
SR-8694,EVT-13232,AA:BB:CC:00:44,47.0,80.4
SR-8695,EVT-12562,AA:BB:CC:00:64,45.7,77.8
SR-8696,EVT-11595,AA:BB:CC:00:91,46.0,88.7
SR-8697,EVT-11707,AA:BB:CC:00:81,43.0,87.4
SR-8698,EVT-12425,AA:BB:CC:00:40,41.5,185 F
SR-8699,EVT-10103,AA:BB:CC:00:88,45.8,90.5
SR-8700,EVT-10942,AA:BB:CC:00:59,33.19 ft-lb,82.3
SR-8701,EVT-14650,AA:BB:CC:00:50,33.19 ft-lb,87.0
SR-8702,EVT-14004,AA:BB:CC:00:86,45.2,81.8
SR-8703,EVT-14044,AA:BB:CC:00:15,47.2,78.9
SR-8704,EVT-13869,AA:BB:CC:00:21,42.3,82.7
SR-8705,EVT-11917,AA:BB:CC:00:91,44.5,85.7
SR-8706,EVT-12267,AA:BB:CC:00:16,46.3,185 F
SR-8707,EVT-12185,AA:BB:CC:00:47,40.9,78.4
SR-8708,EVT-14763,AA:BB:CC:00:78,44.9,76.5
SR-8709,EVT-12309,AA:BB:CC:00:68,43.6,84.9
SR-8710,EVT-14680,AA:BB:CC:00:88,45.8,81.0
SR-8711,EVT-11587,AA:BB:CC:00:77,46.6,89.0
SR-8712,EVT-11105,AA:BB:CC:00:05,46.4,87.8
SR-8713,EVT-14524,AA:BB:CC:00:33,44.7,86.5
SR-8714,EVT-13445,AA:BB:CC:00:72,43.7,86.5
SR-8715,EVT-14566,AA:BB:CC:00:56,43.8,84.5
SR-8716,EVT-14876,AA:BB:CC:00:39,45.6,91.0
SR-8717,EVT-10970,AA:BB:CC:00:83, 46.1 ,80.2
SR-8718,EVT-10586,AA:BB:CC:00:10,47.4,84.2
SR-8719,EVT-10717,AA:BB:CC:00:39,43.2,80.1
SR-8720,EVT-11292,AA:BB:CC:00:83,44.8,81.3
SR-8721,EVT-11824,AA:BB:CC:00:31,44.9,77.1
SR-8722,EVT-14324,AA:BB:CC:00:78,44.8,90.0
SR-8723,EVT-14039,AA:BB:CC:00:89,45.5,73.7
SR-8724,EVT-13858,AA:BB:CC:00:08,45.4,88.0
SR-8725,EVT-11123,AA:BB:CC:00:04,43.4,84.1
SR-8726,EVT-14513,AA:BB:CC:00:05,42.9,89.7
SR-8727,EVT-11214,AA:BB:CC:00:36,46.0,81.8
SR-8728,EVT-12810,AA:BB:CC:00:06,43.2,84.9
SR-8729,EVT-13583,AA:BB:CC:00:60,46.8,83.0
SR-8730,EVT-13964,AA:BB:CC:00:94,43.5,74.6
SR-8731,EVT-14405,AA:BB:CC:00:55,44.3,87.7
SR-8732,EVT-11841,AA:BB:CC:00:83,43.7,86.2
SR-8733,EVT-10832,AA:BB:CC:00:43,47.7,82.9
SR-8734,EVT-10220,AA:BB:CC:00:82,48.7,82.3
SR-8735,EVT-14225,AA:BB:CC:00:21,45.1,94.7
SR-8736,EVT-13245,AA:BB:CC:00:60,43.8,88.6
SR-8737,EVT-14093,AA:BB:CC:00:43,44.0,94.7
SR-8738,EVT-10758,AA:BB:CC:00:54,46.7,80.9
SR-8739,EVT-14163,AA:BB:CC:00:81,44.5,87.5
SR-8740,EVT-12194,AA:BB:CC:00:31,47.6,88.3
SR-8741,EVT-12515,AA:BB:CC:00:85,44.8,88.8
SR-8742,EVT-12052,AA:BB:CC:00:75,47.4,95.5
SR-8743,EVT-14680,AA:BB:CC:00:61,44.7,81.8
SR-8744,EVT-14307,AA:BB:CC:00:80,43.2,80.8
SR-8745,EVT-10446,AA:BB:CC:00:73,42.0,83.8
SR-8746,EVT-13635,AA:BB:CC:00:23,46.0 Nm,84.9
SR-8747,EVT-12416,AA:BB:CC:00:23,33.19 ft-lb,78.6
SR-8748,EVT-14411,AA:BB:CC:00:52,47.2,79.2
SR-8749,EVT-10122,AA:BB:CC:00:03,43.0,82.8
SR-8750,EVT-14474,AA:BB:CC:00:49,45.9,89.4
SR-8751,EVT-13667,AA:BB:CC:00:70,48.2,92.8
SR-8752,EVT-11939,AA:BB:CC:00:20,46.7,86.8
SR-8753,EVT-13174,AA:BB:CC:00:79,44.2,73.2
SR-8754,EVT-12720,AA:BB:CC:00:30,49.9,92.3
SR-8755,EVT-14499,AA:BB:CC:00:32,47.9,91.3
SR-8756,EVT-14656,AA:BB:CC:00:70,46.9,84.8
SR-8757,EVT-10300,AA:BB:CC:00:31,45.0,78.3
SR-8758,EVT-11526,AA:BB:CC:00:16,43.9 Nm,85.7
SR-8759,EVT-12935,AA:BB:CC:00:29,49.8,85.0
SR-8760,EVT-11399,AA:BB:CC:00:22,44.9,78.2
SR-8761,EVT-12350,AA:BB:CC:00:40,43.8,88.0
SR-8762,EVT-14340,AA:BB:CC:00:28,44.6,81.9
SR-8763,EVT-12335,AA:BB:CC:00:79,42.8,92.9
SR-8764,EVT-11052,AA:BB:CC:00:85,43.6,83.1
SR-8765,EVT-14294,AA:BB:CC:00:08,45.7,85.9
SR-8766,EVT-11116,AA:BB:CC:00:65,45.5,81.1
SR-8767,EVT-13288,AA:BB:CC:00:30,45.8,92.5
SR-8768,EVT-14394,AA:BB:CC:00:58,42.7,86.3
SR-8769,EVT-11471,AA:BB:CC:00:02,46.0,84.9
SR-8770,EVT-11114,AA:BB:CC:00:24,44.1,88.1
SR-8771,EVT-13734,AA:BB:CC:00:49,45.9,82.8
SR-8772,EVT-13387,AA:BB:CC:00:69,47.9,87.2
SR-8773,EVT-11309,AA:BB:CC:00:12,47.6,86.7
SR-8774,EVT-13334,AA:BB:CC:00:05,46.6,90.2
SR-8775,EVT-13813,AA:BB:CC:00:98,45.1,84.6
SR-8776,EVT-11822,AA:BB:CC:00:14,45.1,78.6
SR-8777,EVT-13817,AA:BB:CC:00:76,43.9,91.4
SR-8778,EVT-12066,AA:BB:CC:00:27,46.5,93.0
SR-8779,EVT-14147,AA:BB:CC:00:66,43.1,85.3
SR-8780,EVT-12798,AA:BB:CC:00:49,41.8,83.5
SR-8781,EVT-11529,AA:BB:CC:00:100,44.2,86.2
SR-8782,EVT-12552,AA:BB:CC:00:45,41.7,88.7
SR-8783,EVT-13205,AA:BB:CC:00:38,43.4,92.7
SR-8784,EVT-14985,AA:BB:CC:00:67,46.0,87.1
SR-8785,EVT-13282,AA:BB:CC:00:58,40.8,93.4
SR-8786,EVT-13571,AA:BB:CC:00:100,45.2,85.8
SR-8787,EVT-12188,AA:BB:CC:00:72, 46.1 ,75.0
SR-8788,EVT-14603,AA:BB:CC:00:66,46.9,79.4
SR-8789,EVT-14123,AA:BB:CC:00:54,43.5,87.7
SR-8790,EVT-13076,AA:BB:CC:00:29,42.0,92.6
SR-8791,EVT-11197,AA:BB:CC:00:89,41.1,81.0
SR-8792,EVT-10813,AA:BB:CC:00:04,46.0,80.4
SR-8793,EVT-12202,AA:BB:CC:00:55,43.9,78.6
SR-8794,EVT-14853,AA:BB:CC:00:10,43.8,93.0
SR-8795,EVT-11085,AA:BB:CC:00:44,44.9,93.6
SR-8796,EVT-10195,AA:BB:CC:00:81,47.4,80.6
SR-8797,EVT-14185,AA:BB:CC:00:65,40.3,79.4
SR-8798,EVT-13680,AA:BB:CC:00:03,43.8,87.0
SR-8799,EVT-10639,AA:BB:CC:00:62,46.6,83.3
SR-8800,EVT-10395,AA:BB:CC:00:94,46.1,88.9
SR-8801,EVT-11484,AA:BB:CC:00:05,44.7,87.8
SR-8802,EVT-13540,AA:BB:CC:00:44,48.6,86.1
SR-8803,EVT-11062,AA:BB:CC:00:11,45.4,83.0
SR-8804,EVT-12630,AA:BB:CC:00:73,42.2,70.6
SR-8805,EVT-13536,AA:BB:CC:00:47,43.8,79.1
SR-8806,EVT-10076,AA:BB:CC:00:14,48.2,91.0
SR-8807,EVT-14887,AA:BB:CC:00:19,45.3,90.5
SR-8808,EVT-12860,AA:BB:CC:00:13,46.4,76.3
SR-8809,EVT-12823,AA:BB:CC:00:21,48.1,79.3
SR-8810,EVT-13527,AA:BB:CC:00:63,49.9,79.4
SR-8811,EVT-13201,AA:BB:CC:00:39,9000,79.4
SR-8812,EVT-10322,AA:BB:CC:00:66,44.8,90.5
SR-8813,EVT-10665,AA:BB:CC:00:30,45.3,77.9
SR-8814,EVT-10549,AA:BB:CC:00:23,45.4,89.3
SR-8815,EVT-13906,AA:BB:CC:00:64,46.7,95.5
SR-8816,EVT-13232,AA:BB:CC:00:27,47.2,88.1
SR-8817,EVT-11302,AA:BB:CC:00:01,45.3,87.1
SR-8818,EVT-10358,AA:BB:CC:00:71,33.19 ft-lb,79.2
SR-8819,EVT-12810,AA:BB:CC:00:66,41.7,83.3
SR-8820,EVT-12031,AA:BB:CC:00:23,44.2,86.5
SR-8821,EVT-13591,AA:BB:CC:00:95, 47.5 ,89.5
SR-8822,EVT-13104,AA:BB:CC:00:29,43.1,81.6
SR-8823,EVT-14527,AA:BB:CC:00:14,47.1,79.4
SR-8824,EVT-13424,AA:BB:CC:00:60,42.5,87.6
SR-8825,EVT-14396,AA:BB:CC:00:43,46.1,87.3
SR-8826,EVT-12122,AA:BB:CC:00:05,45.6,83.7
SR-8827,EVT-14338,AA:BB:CC:00:75,33.19 ft-lb,81.1
SR-8828,EVT-10280,AA:BB:CC:00:33,38.9,83.8
SR-8829,EVT-14622,AA:BB:CC:00:93,45.2,79.9
SR-8830,EVT-10521,AA:BB:CC:00:70,44.9,93.4
SR-8831,EVT-13169,AA:BB:CC:00:07,46.5,82.2
SR-8832,EVT-14308,AA:BB:CC:00:45,45.5,86.6
SR-8833,EVT-11848,AA:BB:CC:00:10,42.8,80.6
SR-8834,EVT-12551,AA:BB:CC:00:84,42.6,77.1
SR-8835,EVT-13303,AA:BB:CC:00:73,49.3,78.6 C
SR-8836,EVT-12176,AA:BB:CC:00:17,45.0,86.5
SR-8837,EVT-10045,AA:BB:CC:00:100,44.5,90.5
SR-8838,EVT-10954,AA:BB:CC:00:06,44.4,81.3
SR-8839,EVT-12509,AA:BB:CC:00:55,45.7,82.7
SR-8840,EVT-14540,AA:BB:CC:00:01,45.6,79.1
SR-8841,EVT-10978,AA:BB:CC:00:11,42.2,78.6
SR-8842,EVT-12823,AA:BB:CC:00:17,42.5,82.6
SR-8843,EVT-14648,AA:BB:CC:00:57,48.1,85.2
SR-8844,EVT-10640,AA:BB:CC:00:39,45.7,90.4
SR-8845,EVT-14206,AA:BB:CC:00:73,43.6,91.6
SR-8846,EVT-14320,AA:BB:CC:00:16,42.1,82.3
SR-8847,EVT-11140,AA:BB:CC:00:53,43.5,83.3
SR-8848,EVT-12465,AA:BB:CC:00:91,42.2,88.4
SR-8849,EVT-10387,AA:BB:CC:00:05,43.5,85.8
SR-8850,EVT-12896,AA:BB:CC:00:08,45.9,80.4
SR-8851,EVT-12470,AA:BB:CC:00:73,47.1,94.3
SR-8852,EVT-13326,AA:BB:CC:00:58,44.6,88.9
SR-8853,EVT-10949,AA:BB:CC:00:13,43.4,89.2
SR-8854,EVT-11321,AA:BB:CC:00:03,43.9,83.3
SR-8855,EVT-11580,AA:BB:CC:00:27,43.3,93.5
SR-8856,EVT-14505,AA:BB:CC:00:50,40.2,85.9
SR-8857,EVT-12842,AA:BB:CC:00:54,43.9,80.9
SR-8858,EVT-13750,AA:BB:CC:00:56,45.3,83.5
SR-8859,EVT-10920,AA:BB:CC:00:20,45.9,84.7
SR-8860,EVT-10796,AA:BB:CC:00:97,48.9,90.7
SR-8861,EVT-11394,AA:BB:CC:00:13,45.1,87.8
SR-8862,EVT-11881,AA:BB:CC:00:88,46.4,86.8
SR-8863,EVT-10443,AA:BB:CC:00:50,44.1,80.2
SR-8864,EVT-10345,AA:BB:CC:00:88,44.8,80.1
SR-8865,EVT-11715,AA:BB:CC:00:84,45.8,84.1
SR-8866,EVT-14692,AA:BB:CC:00:27,45.7,80.5
SR-8867,EVT-11641,AA:BB:CC:00:18,48.4,81.6
SR-8868,EVT-11159,AA:BB:CC:00:28,45.8,88.4
SR-8869,EVT-10372,AA:BB:CC:00:100,49.5,79.7
SR-8870,EVT-10321,AA:BB:CC:00:97,44.2,92.9
SR-8871,EVT-14077,AA:BB:CC:00:58,39.0,84.2
SR-8872,EVT-11739,AA:BB:CC:00:32,48.6,185 F
SR-8873,EVT-13184,AA:BB:CC:00:07,44.1,93.2
SR-8874,EVT-12065,AA:BB:CC:00:15,45.9,86.2
SR-8875,EVT-10770,AA:BB:CC:00:78,48.6,79.7
SR-8876,EVT-10594,AA:BB:CC:00:35,43.4,78.8
SR-8877,EVT-10121,AA:BB:CC:00:52,45.1,80.8
SR-8878,EVT-10010,AA:BB:CC:00:40,45.5,92.1
SR-8879,EVT-11858,AA:BB:CC:00:95,46.0,78.4
SR-8880,EVT-10387,AA:BB:CC:00:50,51.0,90.4
SR-8881,EVT-10219,AA:BB:CC:00:95,45.3,87.5
SR-8882,EVT-11160,AA:BB:CC:00:90,44.1,85.5
SR-8883,EVT-12466,AA:BB:CC:00:89,47.3,90.7
SR-8884,EVT-10430,AA:BB:CC:00:70,42.4,86.0
SR-8885,EVT-12081,AA:BB:CC:00:27,49.2,87.6
SR-8886,EVT-14414,AA:BB:CC:00:32,45.1,87.0
SR-8887,EVT-13336,AA:BB:CC:00:12,43.6,86.6
SR-8888,EVT-14370,AA:BB:CC:00:60,44.7,91.8
SR-8889,EVT-11433,AA:BB:CC:00:30,40.4,73.4
SR-8890,EVT-11197,AA:BB:CC:00:24,41.4,90.6
SR-8891,EVT-11335,AA:BB:CC:00:88,44.3,185 F
SR-8892,EVT-12679,AA:BB:CC:00:86,46.3,80.4
SR-8893,EVT-14778,AA:BB:CC:00:04,42.1,80.0
SR-8894,EVT-13485,AA:BB:CC:00:83,44.0,82.1
SR-8895,EVT-14647,AA:BB:CC:00:89,46.2,185 F
SR-8896,EVT-14278,AA:BB:CC:00:05,46.2,77.8
SR-8897,EVT-10441,AA:BB:CC:00:04,43.8,79.1
SR-8898,EVT-13527,AA:BB:CC:00:93,46.4,87.7
SR-8899,EVT-10489,AA:BB:CC:00:09,44.6,185 F
SR-8900,EVT-13020,AA:BB:CC:00:51,45.2,82.9
SR-8901,EVT-12340,AA:BB:CC:00:40,44.2,80.3
SR-8902,EVT-14061,AA:BB:CC:00:53,46.3,89.6
SR-8903,EVT-13768,AA:BB:CC:00:98,45.2,74.6
SR-8904,EVT-12126,AA:BB:CC:00:72,43.9,84.8
SR-8905,EVT-14706,AA:BB:CC:00:75,45.6,84.6
SR-8906,EVT-14994,AA:BB:CC:00:98,47.6,86.3
SR-8907,EVT-11692,AA:BB:CC:00:96,39.2,86.3
SR-8908,EVT-13543,AA:BB:CC:00:32,45.5,84.9
SR-8909,EVT-10556,AA:BB:CC:00:49,42.8,83.5
SR-8910,EVT-12646,AA:BB:CC:00:05,42.4,82.1
SR-8911,EVT-12376,AA:BB:CC:00:32,41.1,80.3
SR-8912,EVT-11537,AA:BB:CC:00:05,45.6,74.2
SR-8913,EVT-10398,AA:BB:CC:00:96,45.9,84.4
SR-8914,EVT-14753,AA:BB:CC:00:65,47.3 Nm,87.3
SR-8915,EVT-13740,AA:BB:CC:00:70,44.2,80.2
SR-8916,EVT-11760,AA:BB:CC:00:25,48.3,79.3
SR-8917,EVT-11373,AA:BB:CC:00:27,45.3,81.7
SR-8918,EVT-12266,AA:BB:CC:00:78,43.2,82.4
SR-8919,EVT-13740,AA:BB:CC:00:73,45.3,80.6
SR-8920,EVT-11661,AA:BB:CC:00:28,33.19 ft-lb,83.0
SR-8921,EVT-12346,AA:BB:CC:00:88,45.5,88.0
SR-8922,EVT-12714,AA:BB:CC:00:63,44.3,85.4
SR-8923,EVT-12202,AA:BB:CC:00:73,48.3,70.1
SR-8924,EVT-11653,AA:BB:CC:00:36,43.0,84.5
SR-8925,EVT-13036,AA:BB:CC:00:56,38.6,82.2
SR-8926,EVT-11026,AA:BB:CC:00:34,43.5,81.9
SR-8927,EVT-14966,AA:BB:CC:00:67,44.3,80.5
SR-8928,EVT-12035,AA:BB:CC:00:21,40.3,86.4
SR-8929,EVT-10652,AA:BB:CC:00:39,33.19 ft-lb,86.6
SR-8930,EVT-11083,AA:BB:CC:00:37,46.1,78.9
SR-8931,EVT-10595,AA:BB:CC:00:42,44.8,87.8
SR-8932,EVT-10848,AA:BB:CC:00:36,48.7,80.9
SR-8933,EVT-12933,AA:BB:CC:00:66,43.9,81.8
SR-8934,EVT-10488,AA:BB:CC:00:17,49.7,82.6
SR-8935,EVT-12994,AA:BB:CC:00:54,33.19 ft-lb,82.2
SR-8936,EVT-12370,AA:BB:CC:00:29,43.1,89.4
SR-8937,EVT-14964,AA:BB:CC:00:25,43.0,79.9
SR-8938,EVT-11429,AA:BB:CC:00:21,41.6,76.8
SR-8939,EVT-11228,AA:BB:CC:00:19,47.3,84.9
SR-8940,EVT-10320,AA:BB:CC:00:29,42.6,80.9
SR-8941,EVT-13826,AA:BB:CC:00:03,48.3 Nm,84.6
SR-8942,EVT-10936,AA:BB:CC:00:76,46.4,95.7
SR-8943,EVT-12147,AA:BB:CC:00:55,45.8,87.1
SR-8944,EVT-11604,AA:BB:CC:00:51,45.8,85.7
SR-8945,EVT-12032,AA:BB:CC:00:90,45.6,88.7
SR-8946,EVT-14422,AA:BB:CC:00:39,43.1,83.4
SR-8947,EVT-10241,AA:BB:CC:00:31,46.0,93.9
SR-8948,EVT-12092,AA:BB:CC:00:72,43.5,86.9
SR-8949,EVT-10749,AA:BB:CC:00:35,45.6,82.4
SR-8950,EVT-14060,AA:BB:CC:00:69,45.3,88.7
SR-8951,EVT-11457,AA:BB:CC:00:27,33.19 ft-lb,83.2
SR-8952,EVT-13239,AA:BB:CC:00:26,45.0,84.4
SR-8953,EVT-12160,AA:BB:CC:00:27,44.8,91.3
SR-8954,EVT-12672,AA:BB:CC:00:13,45.4,83.4
SR-8955,EVT-11309,AA:BB:CC:00:23,46.3,79.8
SR-8956,EVT-11569,AA:BB:CC:00:65,41.1,85.9
SR-8957,EVT-13072,AA:BB:CC:00:92,44.3,84.0
SR-8958,EVT-12465,AA:BB:CC:00:79,43.3,77.5
SR-8959,EVT-14282,AA:BB:CC:00:77,47.4,79.0
SR-8960,EVT-11926,AA:BB:CC:00:69,46.2,84.4
SR-8961,EVT-14544,AA:BB:CC:00:90,42.8,80.1
SR-8962,EVT-12729,AA:BB:CC:00:71,49.8,93.8
SR-8963,EVT-10977,AA:BB:CC:00:99,42.6,89.7
SR-8964,EVT-14849,AA:BB:CC:00:22,43.6,86.7
SR-8965,EVT-11298,AA:BB:CC:00:73,44.8,83.8
SR-8966,EVT-10004,AA:BB:CC:00:01,41.5,78.9
SR-8967,EVT-10022,AA:BB:CC:00:15,45.7,87.5
SR-8968,EVT-13137,AA:BB:CC:00:53,44.7,88.8
SR-8969,EVT-11109,AA:BB:CC:00:94,45.3,90.3
SR-8970,EVT-12979,AA:BB:CC:00:67,42.6,81.0
SR-8971,EVT-14016,AA:BB:CC:00:70,45.7,86.6
SR-8972,EVT-14423,AA:BB:CC:00:95,45.3,84.6
SR-8973,EVT-11976,AA:BB:CC:00:05,43.5,81.3
SR-8974,EVT-13007,AA:BB:CC:00:68,42.9,82.2
SR-8975,EVT-11162,AA:BB:CC:00:56,44.3,85.0
SR-8976,EVT-12282,AA:BB:CC:00:25,43.4,90.3
SR-8977,EVT-10773,AA:BB:CC:00:75,44.4,83.3
SR-8978,EVT-10873,AA:BB:CC:00:62,47.3,83.8
SR-8979,EVT-13049,AA:BB:CC:00:43,45.0,87.0
SR-8980,EVT-11009,AA:BB:CC:00:14,45.1,85.7
SR-8981,EVT-11744,AA:BB:CC:00:89,43.6,84.8
SR-8982,EVT-12275,AA:BB:CC:00:52,48.1,95.7
SR-8983,EVT-11720,AA:BB:CC:00:27,43.7,90.0
SR-8984,EVT-10081,AA:BB:CC:00:93,43.9,87.4
SR-8985,EVT-10672,AA:BB:CC:00:52,45.9,79.8
SR-8986,EVT-12236,AA:BB:CC:00:01,42.9,92.1
SR-8987,EVT-14113,AA:BB:CC:00:46,45.4,85.0
SR-8988,EVT-11030,AA:BB:CC:00:05,43.7,78.7
SR-8989,EVT-11220,AA:BB:CC:00:62,48.6,77.7
SR-8990,EVT-14495,AA:BB:CC:00:56,43.2,85.1
SR-8991,EVT-14830,AA:BB:CC:00:64,44.0,87.6
SR-8992,EVT-13012,AA:BB:CC:00:21,44.0,82.8
SR-8993,EVT-10073,AA:BB:CC:00:98,45.3,83.8
SR-8994,EVT-14094,AA:BB:CC:00:66, 45.4 ,81.7
SR-8995,EVT-10412,AA:BB:CC:00:45,43.0,83.6
SR-8996,EVT-10412,AA:BB:CC:00:60,44.5,85.1
SR-8997,EVT-10259,AA:BB:CC:00:18,45.4,79.2
SR-8998,EVT-11088,AA:BB:CC:00:15,46.9,84.4
SR-8999,EVT-10987,AA:BB:CC:00:46,43.6,83.2
SR-9000,EVT-14736,AA:BB:CC:00:33,40.9,79.5
SR-9001,EVT-14601,AA:BB:CC:00:11,45.4,84.1
SR-9002,EVT-11154,AA:BB:CC:00:51,43.4,89.0
SR-9003,EVT-12801,AA:BB:CC:00:93,46.7,88.7
SR-9004,EVT-10065,AA:BB:CC:00:29,42.7,84.0
SR-9005,EVT-11380,AA:BB:CC:00:08,43.4,83.5
SR-9006,EVT-10877,AA:BB:CC:00:65,47.0,78.2
SR-9007,EVT-13345,AA:BB:CC:00:30,41.1,78.3
SR-9008,EVT-11062,AA:BB:CC:00:53,43.5,82.1
SR-9009,EVT-14583,AA:BB:CC:00:74,45.9,93.6
SR-9010,EVT-11144,AA:BB:CC:00:06,39.7,84.1
SR-9011,EVT-14691,AA:BB:CC:00:45,41.8,83.0
SR-9012,EVT-12822,AA:BB:CC:00:63,44.5,79.9
SR-9013,EVT-14207,AA:BB:CC:00:01,43.9,81.2
SR-9014,EVT-11424,AA:BB:CC:00:09,42.9,90.7
SR-9015,EVT-12627,AA:BB:CC:00:50,43.9,85.6
SR-9016,EVT-10891,AA:BB:CC:00:52,47.7,78.5
SR-9017,EVT-10733,AA:BB:CC:00:55,47.0,86.2
SR-9018,EVT-10000,AA:BB:CC:00:16,44.2,185 F
SR-9019,EVT-14854,AA:BB:CC:00:03,43.0,91.3
SR-9020,EVT-14496,AA:BB:CC:00:42,49.6,74.4
SR-9021,EVT-13663,AA:BB:CC:00:02,46.9,84.1
SR-9022,EVT-14845,AA:BB:CC:00:60,49.1,85.1
SR-9023,EVT-12850,AA:BB:CC:00:72,40.8,185 F
SR-9024,EVT-10895,AA:BB:CC:00:94,42.6,93.3
SR-9025,EVT-12578,AA:BB:CC:00:18,44.8,77.5
SR-9026,EVT-13676,AA:BB:CC:00:61,45.2,88.5
SR-9027,EVT-12639,AA:BB:CC:00:59, 45.8 ,84.3
SR-9028,EVT-12672,AA:BB:CC:00:03, 44.1 ,87.4
SR-9029,EVT-14210,AA:BB:CC:00:06,46.4 Nm,90.8
SR-9030,EVT-13755,AA:BB:CC:00:13,44.1,86.7
SR-9031,EVT-11664,AA:BB:CC:00:15,47.2,87.9
SR-9032,EVT-11241,AA:BB:CC:00:86,46.1,80.0
SR-9033,EVT-14811,AA:BB:CC:00:83,42.4,84.6
SR-9034,EVT-10036,AA:BB:CC:00:44,44.1,75.8
SR-9035,EVT-12083,AA:BB:CC:00:08,44.6,91.7
SR-9036,EVT-13996,AA:BB:CC:00:78,42.7,75.7
SR-9037,EVT-12372,AA:BB:CC:00:87,43.2,87.5
SR-9038,EVT-13685,AA:BB:CC:00:25,44.1,83.9
SR-9039,EVT-10642,AA:BB:CC:00:33,48.0,86.4
SR-9040,EVT-12446,AA:BB:CC:00:65,46.2,74.9
SR-9041,EVT-13010,AA:BB:CC:00:65,45.6,78.0
SR-9042,EVT-14428,AA:BB:CC:00:17,41.9,82.4
SR-9043,EVT-13988,AA:BB:CC:00:82,46.2,96.0
SR-9044,EVT-14142,AA:BB:CC:00:52,42.8,85.9
SR-9045,EVT-10034,AA:BB:CC:00:89,45.0,93.2
SR-9046,EVT-11926,AA:BB:CC:00:15,48.8,85.3
SR-9047,EVT-11759,AA:BB:CC:00:51,47.5,81.1
SR-9048,EVT-14605,AA:BB:CC:00:62,47.1,77.0
SR-9049,EVT-12676,AA:BB:CC:00:91,43.4,87.1
SR-9050,EVT-12965,AA:BB:CC:00:60,43.8,79.5
SR-9051,EVT-13909,AA:BB:CC:00:56,45.0,81.1
SR-9052,EVT-12708,AA:BB:CC:00:30,45.3,79.8
SR-9053,EVT-11260,AA:BB:CC:00:73,45.5 Nm,82.5
SR-9054,EVT-11382,AA:BB:CC:00:89, 42.5 ,87.1
SR-9055,EVT-11584,AA:BB:CC:00:34,46.8 Nm,87.9
SR-9056,EVT-13118,AA:BB:CC:00:40,46.1,75.4
SR-9057,EVT-13172,AA:BB:CC:00:11,45.9,87.4
SR-9058,EVT-11946,AA:BB:CC:00:79,41.6,84.9
SR-9059,EVT-12645,AA:BB:CC:00:29,44.1,90.8
SR-9060,EVT-13499,AA:BB:CC:00:94,41.3,82.8
SR-9061,EVT-14497,AA:BB:CC:00:11,42.3,83.2
SR-9062,EVT-11772,AA:BB:CC:00:01,44.1,84.4
SR-9063,EVT-13045,AA:BB:CC:00:81,43.0,96.2
SR-9064,EVT-12595,AA:BB:CC:00:75,33.19 ft-lb,83.9
SR-9065,EVT-13387,AA:BB:CC:00:29,44.3,84.0
SR-9066,EVT-10236,AA:BB:CC:00:63,45.6,80.1
SR-9067,EVT-14959,AA:BB:CC:00:76,44.8,85.7
SR-9068,EVT-14937,AA:BB:CC:00:94,45.7,89.2
SR-9069,EVT-13500,AA:BB:CC:00:59,46.5,96.1
SR-9070,EVT-14425,AA:BB:CC:00:91,43.5,84.6
SR-9071,EVT-10458,AA:BB:CC:00:36,43.2,85.8
SR-9072,EVT-11672,AA:BB:CC:00:15,43.9,86.0
SR-9073,EVT-10184,AA:BB:CC:00:73,45.6,87.9
SR-9074,EVT-14177,AA:BB:CC:00:95,47.2,83.5
SR-9075,EVT-10312,AA:BB:CC:00:89,41.3,93.0
SR-9076,EVT-12990,AA:BB:CC:00:60,45.7,83.1
SR-9077,EVT-14618,AA:BB:CC:00:15,48.0,87.8
SR-9078,EVT-11947,AA:BB:CC:00:34,45.0,91.6
SR-9079,EVT-10005,AA:BB:CC:00:62,49.5,85.4
SR-9080,EVT-12734,AA:BB:CC:00:16,44.2,78.2
SR-9081,EVT-11820,AA:BB:CC:00:23,45.2,96.0
SR-9082,EVT-14198,AA:BB:CC:00:33,44.0,82.8
SR-9083,EVT-13413,AA:BB:CC:00:93,46.5,90.8
SR-9084,EVT-12035,AA:BB:CC:00:96,43.3,81.0
SR-9085,EVT-12834,AA:BB:CC:00:32,42.7,82.8
SR-9086,EVT-13217,AA:BB:CC:00:16,42.9,185 F
SR-9087,EVT-13257,AA:BB:CC:00:79,43.1,85.1
SR-9088,EVT-14805,AA:BB:CC:00:85,44.6,73.9
SR-9089,EVT-13272,AA:BB:CC:00:28,46.4,75.9
SR-9090,EVT-10029,AA:BB:CC:00:14,47.7,92.1
SR-9091,EVT-13806,AA:BB:CC:00:21,46.9,83.1
SR-9092,EVT-13234,AA:BB:CC:00:88,43.5,93.9
SR-9093,EVT-10528,AA:BB:CC:00:99,41.7,80.9
SR-9094,EVT-12793,AA:BB:CC:00:71,43.6,75.9
SR-9095,EVT-11502,AA:BB:CC:00:31,44.7,83.7
SR-9096,EVT-10800,AA:BB:CC:00:22,48.0,83.8
SR-9097,EVT-10753,AA:BB:CC:00:25,45.1,78.6
SR-9098,EVT-13875,AA:BB:CC:00:46,42.9,93.8
SR-9099,EVT-10771,AA:BB:CC:00:42,49.5,84.2
SR-9100,EVT-14612,AA:BB:CC:00:04,46.0,87.3
SR-9101,EVT-11215,AA:BB:CC:00:33,43.1,91.9
SR-9102,EVT-12900,AA:BB:CC:00:100,45.1,89.9
SR-9103,EVT-12025,AA:BB:CC:00:90,42.2,82.2
SR-9104,EVT-12673,AA:BB:CC:00:54,47.7,91.1
SR-9105,EVT-14386,AA:BB:CC:00:29,47.0,92.5
SR-9106,EVT-13097,AA:BB:CC:00:47,49.1,84.6
SR-9107,EVT-14761,AA:BB:CC:00:70,45.5,83.0
SR-9108,EVT-14132,AA:BB:CC:00:83,43.5,88.4
SR-9109,EVT-10650,AA:BB:CC:00:56,42.4,81.3
SR-9110,EVT-12113,AA:BB:CC:00:25,47.6 Nm,79.0
SR-9111,EVT-11407,AA:BB:CC:00:58,44.9,90.9
SR-9112,EVT-10401,AA:BB:CC:00:74,41.2,86.6
SR-9113,EVT-12250,AA:BB:CC:00:100,43.6,79.2
SR-9114,EVT-13343,AA:BB:CC:00:48,9000,87.8
SR-9115,EVT-13001,AA:BB:CC:00:51,43.7,85.4
SR-9116,EVT-13642,AA:BB:CC:00:74,42.2,81.8
SR-9117,EVT-13317,AA:BB:CC:00:80,46.0,85.2
SR-9118,EVT-11519,AA:BB:CC:00:15,48.4,93.0 C
SR-9119,EVT-13029,AA:BB:CC:00:98,45.7,79.1
SR-9120,EVT-14771,AA:BB:CC:00:46,44.9,82.4
SR-9121,EVT-13178,AA:BB:CC:00:54,49.9,94.5
SR-9122,EVT-12072,AA:BB:CC:00:54,43.4,91.4
SR-9123,EVT-14519,AA:BB:CC:00:79,44.6,87.6
SR-9124,EVT-13452,AA:BB:CC:00:65,44.2,88.6
SR-9125,EVT-13843,AA:BB:CC:00:62,43.1,91.9
SR-9126,EVT-13046,AA:BB:CC:00:70,43.5,85.3
SR-9127,EVT-12730,AA:BB:CC:00:52,44.7,83.5
SR-9128,EVT-11178,AA:BB:CC:00:19,41.2,82.8
SR-9129,EVT-10488,AA:BB:CC:00:43,45.8,82.6
SR-9130,EVT-13536,AA:BB:CC:00:06,46.9,92.6
SR-9131,EVT-10108,AA:BB:CC:00:68,44.9,90.4
SR-9132,EVT-13493,AA:BB:CC:00:10,47.9,86.1
SR-9133,EVT-13519,AA:BB:CC:00:43,43.5,91.3
SR-9134,EVT-13216,AA:BB:CC:00:55,45.2,77.3
SR-9135,EVT-10852,AA:BB:CC:00:09,45.4,77.7
SR-9136,EVT-12382,AA:BB:CC:00:65,44.5,89.2
SR-9137,EVT-13695,AA:BB:CC:00:51,44.5,73.5
SR-9138,EVT-14724,AA:BB:CC:00:63,45.7,79.1
SR-9139,EVT-13846,AA:BB:CC:00:56,43.1,89.4
SR-9140,EVT-14543,AA:BB:CC:00:81,45.7,93.3
SR-9141,EVT-14212,AA:BB:CC:00:92,43.5,83.9
SR-9142,EVT-11004,AA:BB:CC:00:12,45.9,86.8
SR-9143,EVT-10487,AA:BB:CC:00:46,42.5,93.0
SR-9144,EVT-13221,AA:BB:CC:00:16,44.0,89.0
SR-9145,EVT-12665,AA:BB:CC:00:78,46.9,85.8
SR-9146,EVT-14276,AA:BB:CC:00:70,43.0,82.3
SR-9147,EVT-11291,AA:BB:CC:00:47,43.2,76.6
SR-9148,EVT-13527,AA:BB:CC:00:60,45.3,89.4
SR-9149,EVT-13175,AA:BB:CC:00:57,45.7,84.8
SR-9150,EVT-13452,AA:BB:CC:00:63,47.3,86.1
SR-9151,EVT-14885,AA:BB:CC:00:30,43.6,86.1
SR-9152,EVT-12606,AA:BB:CC:00:90,41.9,78.6
SR-9153,EVT-11983,AA:BB:CC:00:84,44.3,78.7
SR-9154,EVT-11579,AA:BB:CC:00:05,46.5,81.7
SR-9155,EVT-11039,AA:BB:CC:00:15,43.2,91.1
SR-9156,EVT-12081,AA:BB:CC:00:31,43.6,80.7
SR-9157,EVT-14013,AA:BB:CC:00:18,43.6,88.3
SR-9158,EVT-12767,AA:BB:CC:00:77,46.6,76.4
SR-9159,EVT-10973,AA:BB:CC:00:43,44.5,81.0
SR-9160,EVT-10965,AA:BB:CC:00:11,45.0,88.3
SR-9161,EVT-12614,AA:BB:CC:00:51,42.4,81.7
SR-9162,EVT-14983,AA:BB:CC:00:12,47.1,89.4
SR-9163,EVT-11788,AA:BB:CC:00:56,44.5,88.3
SR-9164,EVT-12121,AA:BB:CC:00:83,42.4,79.9
SR-9165,EVT-14718,AA:BB:CC:00:19,46.8 Nm,83.7
SR-9166,EVT-11265,AA:BB:CC:00:01,47.2,81.2
SR-9167,EVT-14552,AA:BB:CC:00:14,47.2,86.9
SR-9168,EVT-12578,AA:BB:CC:00:81,46.5,82.9
SR-9169,EVT-13639,AA:BB:CC:00:66,42.2,91.3
SR-9170,EVT-13925,AA:BB:CC:00:38,45.8,86.5
SR-9171,EVT-11927,AA:BB:CC:00:85,46.0,85.1
SR-9172,EVT-10073,AA:BB:CC:00:20,45.2,85.8
SR-9173,EVT-12181,AA:BB:CC:00:52,47.3,85.0
SR-9174,EVT-13742,AA:BB:CC:00:23,43.5,79.9
SR-9175,EVT-11778,AA:BB:CC:00:94,48.4,90.3
SR-9176,EVT-14401,AA:BB:CC:00:65,44.0,85.1
SR-9177,EVT-12588,AA:BB:CC:00:06,44.6,88.2
SR-9178,EVT-14932,AA:BB:CC:00:79,43.9,79.1
SR-9179,EVT-11220,AA:BB:CC:00:17,46.5,87.2
SR-9180,EVT-12647,AA:BB:CC:00:36,46.0,76.6
SR-9181,EVT-13406,AA:BB:CC:00:90,47.7,83.0
SR-9182,EVT-10439,AA:BB:CC:00:62,40.6,88.5
SR-9183,EVT-12843,AA:BB:CC:00:59,44.9,91.9
SR-9184,EVT-13233,AA:BB:CC:00:66,46.0,70.0
SR-9185,EVT-12103,AA:BB:CC:00:53,46.1,91.2
SR-9186,EVT-10182,AA:BB:CC:00:11,44.2,87.4
SR-9187,EVT-13487,AA:BB:CC:00:10,45.4,85.5
SR-9188,EVT-13100,AA:BB:CC:00:04,45.9,79.8
SR-9189,EVT-14420,AA:BB:CC:00:19,43.2,83.6
SR-9190,EVT-13057,AA:BB:CC:00:90,43.2,83.5
SR-9191,EVT-12826,AA:BB:CC:00:54,46.5,80.7
SR-9192,EVT-11789,AA:BB:CC:00:39,45.0,84.9
SR-9193,EVT-12664,AA:BB:CC:00:82,44.8,78.3
SR-9194,EVT-10948,AA:BB:CC:00:86,46.3,84.4
SR-9195,EVT-11177,AA:BB:CC:00:62,43.0,89.8
SR-9196,EVT-10392,AA:BB:CC:00:42,41.9,83.4
SR-9197,EVT-11387,AA:BB:CC:00:29,43.7,85.5
SR-9198,EVT-12405,AA:BB:CC:00:79,44.0,88.8
SR-9199,EVT-12028,AA:BB:CC:00:44,42.7,87.0
SR-9200,EVT-11307,AA:BB:CC:00:33,46.7,81.9
SR-9201,EVT-11950,AA:BB:CC:00:42,44.0,89.3
SR-9202,EVT-10745,AA:BB:CC:00:11,46.4,86.9
SR-9203,EVT-14048,AA:BB:CC:00:59,48.6,98.2
SR-9204,EVT-13247,AA:BB:CC:00:84,45.9,85.2
SR-9205,EVT-12654,AA:BB:CC:00:91,43.4,83.9
SR-9206,EVT-13514,AA:BB:CC:00:15,45.6,84.8
SR-9207,EVT-14311,AA:BB:CC:00:03,48.5,87.8
SR-9208,EVT-11704,AA:BB:CC:00:80,47.7,85.6
SR-9209,EVT-12077,AA:BB:CC:00:28,49.5,83.2
SR-9210,EVT-11242,AA:BB:CC:00:53,44.2,83.2
SR-9211,EVT-13471,AA:BB:CC:00:42,44.1,90.7
SR-9212,EVT-10979,AA:BB:CC:00:15,46.3,83.5
SR-9213,EVT-13944,AA:BB:CC:00:40,42.8,86.5
SR-9214,EVT-13118,AA:BB:CC:00:90,45.2,98.1
SR-9215,EVT-11819,AA:BB:CC:00:34,43.5,83.5
SR-9216,EVT-12964,AA:BB:CC:00:36,42.9,86.9
SR-9217,EVT-14136,AA:BB:CC:00:27,43.5,82.1
SR-9218,EVT-11276,AA:BB:CC:00:14,45.9,89.5
SR-9219,EVT-11836,AA:BB:CC:00:03,43.8,78.4
SR-9220,EVT-14448,AA:BB:CC:00:03,45.6,76.5
SR-9221,EVT-14719,AA:BB:CC:00:87,47.1,85.8
SR-9222,EVT-10200,AA:BB:CC:00:69,46.4,185 F
SR-9223,EVT-11471,AA:BB:CC:00:66,47.4,80.7
SR-9224,EVT-12700,AA:BB:CC:00:60,46.2,86.6
SR-9225,EVT-14317,AA:BB:CC:00:38,44.6,77.3
SR-9226,EVT-13242,AA:BB:CC:00:100,48.6,95.3
SR-9227,EVT-10224,AA:BB:CC:00:02,43.6,84.5
SR-9228,EVT-12166,AA:BB:CC:00:79,44.2,83.4
SR-9229,EVT-12617,AA:BB:CC:00:66,40.7,81.9
SR-9230,EVT-13347,AA:BB:CC:00:100,44.8,87.9
SR-9231,EVT-11536,AA:BB:CC:00:92,40.7,76.6
SR-9232,EVT-11568,AA:BB:CC:00:78,43.7,85.6
SR-9233,EVT-12744,AA:BB:CC:00:12,45.3,89.7
SR-9234,EVT-12741,AA:BB:CC:00:30,47.3,90.5
SR-9235,EVT-14702,AA:BB:CC:00:99,43.7,92.3
SR-9236,EVT-13742,AA:BB:CC:00:08,46.9,86.3
SR-9237,EVT-14533,AA:BB:CC:00:96,41.9,83.4
SR-9238,EVT-10245,AA:BB:CC:00:20,43.5,86.4
SR-9239,EVT-10007,AA:BB:CC:00:79,44.9,86.3
SR-9240,EVT-14964,AA:BB:CC:00:63,45.9,90.2
SR-9241,EVT-14343,AA:BB:CC:00:78,47.3,96.9
SR-9242,EVT-14486,AA:BB:CC:00:26,44.4,93.8
SR-9243,EVT-12019,AA:BB:CC:00:25,45.4,81.0
SR-9244,EVT-11169,AA:BB:CC:00:57,45.3 Nm,81.7
SR-9245,EVT-12854,AA:BB:CC:00:83,43.5,95.4
SR-9246,EVT-10636,AA:BB:CC:00:60,47.5,81.0
SR-9247,EVT-10124,AA:BB:CC:00:20,47.1,86.6
SR-9248,EVT-11509,AA:BB:CC:00:26,42.7,95.8
SR-9249,EVT-10196,AA:BB:CC:00:96,46.1,88.5
SR-9250,EVT-12261,AA:BB:CC:00:23,47.4,80.8
SR-9251,EVT-12508,AA:BB:CC:00:64,46.3,87.9
SR-9252,EVT-12576,AA:BB:CC:00:14,42.8,82.7
SR-9253,EVT-14593,AA:BB:CC:00:86,42.8,73.4
SR-9254,EVT-14486,AA:BB:CC:00:94,43.0,85.7
SR-9255,EVT-14965,AA:BB:CC:00:92,45.1,92.4
SR-9256,EVT-13782,AA:BB:CC:00:38,41.4,96.2
SR-9257,EVT-10267,AA:BB:CC:00:40,47.2,83.0
SR-9258,EVT-11317,AA:BB:CC:00:57,45.3,89.0
SR-9259,EVT-11238,AA:BB:CC:00:30,38.3,82.1
SR-9260,EVT-13759,AA:BB:CC:00:03,49.4,83.6
SR-9261,EVT-14534,AA:BB:CC:00:99,42.3,82.9
SR-9262,EVT-14917,AA:BB:CC:00:68,47.8,85.2
SR-9263,EVT-11607,AA:BB:CC:00:55,45.9,79.1
SR-9264,EVT-12668,AA:BB:CC:00:98,47.3,84.1
SR-9265,EVT-13220,AA:BB:CC:00:75,42.8,88.2
SR-9266,EVT-10647,AA:BB:CC:00:77,45.7,83.7
SR-9267,EVT-11911,AA:BB:CC:00:66,45.8,83.0
SR-9268,EVT-14936,AA:BB:CC:00:36,47.4,86.9
SR-9269,EVT-13609,AA:BB:CC:00:53,42.7,85.7
SR-9270,EVT-13667,AA:BB:CC:00:30,45.2,86.6
SR-9271,EVT-13194,AA:BB:CC:00:80,46.7,78.5
SR-9272,EVT-12885,AA:BB:CC:00:54,42.8,86.6
SR-9273,EVT-13745,AA:BB:CC:00:32,42.4,86.0
SR-9274,EVT-13836,AA:BB:CC:00:79,42.4,85.1
SR-9275,EVT-14832,AA:BB:CC:00:87,44.0,85.2
SR-9276,EVT-14732,AA:BB:CC:00:47,43.9,83.7
SR-9277,EVT-13668,AA:BB:CC:00:99,46.1,80.0
SR-9278,EVT-13833,AA:BB:CC:00:81,45.5,78.9
SR-9279,EVT-10584,AA:BB:CC:00:82,45.0,85.8
SR-9280,EVT-10416,AA:BB:CC:00:32,43.6,82.9
SR-9281,EVT-12520,AA:BB:CC:00:16,45.1,82.8
SR-9282,EVT-10336,AA:BB:CC:00:65,46.2 Nm,88.0
SR-9283,EVT-10255,AA:BB:CC:00:14,41.6,81.7
SR-9284,EVT-10359,AA:BB:CC:00:66,43.8,85.2
SR-9285,EVT-12670,AA:BB:CC:00:70,45.8,80.4
SR-9286,EVT-12066,AA:BB:CC:00:90,45.5,81.4
SR-9287,EVT-10645,AA:BB:CC:00:55,45.8,85.0
SR-9288,EVT-10711,AA:BB:CC:00:44,43.7,87.2
SR-9289,EVT-11595,AA:BB:CC:00:08,45.2,82.8
SR-9290,EVT-13958,AA:BB:CC:00:88,45.1,83.3
SR-9291,EVT-14498,AA:BB:CC:00:58,45.9,87.7
SR-9292,EVT-12172,AA:BB:CC:00:39,45.2,84.2
SR-9293,EVT-13251,AA:BB:CC:00:50,44.3,81.9
SR-9294,EVT-10936,AA:BB:CC:00:43,9000,78.4
SR-9295,EVT-14563,AA:BB:CC:00:31,43.4,80.8 C
SR-9296,EVT-10677,AA:BB:CC:00:64,41.8,88.3
SR-9297,EVT-12372,AA:BB:CC:00:85,44.4,81.0
SR-9298,EVT-12703,AA:BB:CC:00:20,41.7,77.5
SR-9299,EVT-10550,AA:BB:CC:00:02,44.4,85.3
SR-9300,EVT-14658,AA:BB:CC:00:43,40.9,88.0
SR-9301,EVT-12948,AA:BB:CC:00:40,47.0,74.8
SR-9302,EVT-10115,AA:BB:CC:00:58,46.7,78.6
SR-9303,EVT-10082,AA:BB:CC:00:84,45.3,88.9
SR-9304,EVT-12493,AA:BB:CC:00:86,41.0,83.9
SR-9305,EVT-11138,AA:BB:CC:00:13,44.7,81.8
SR-9306,EVT-10808,AA:BB:CC:00:84,45.4,87.8
SR-9307,EVT-14154,AA:BB:CC:00:95,43.0,89.4
SR-9308,EVT-11780,AA:BB:CC:00:23,41.0,82.7
SR-9309,EVT-11256,AA:BB:CC:00:26,48.8,82.9
SR-9310,EVT-11597,AA:BB:CC:00:94,44.8,86.4
SR-9311,EVT-11985,AA:BB:CC:00:73,45.7,83.7
SR-9312,EVT-14909,AA:BB:CC:00:39,45.0,72.1
SR-9313,EVT-14453,AA:BB:CC:00:42,47.2,86.4
SR-9314,EVT-14183,AA:BB:CC:00:32,45.6,79.4
SR-9315,EVT-13136,AA:BB:CC:00:44,46.1,78.1
SR-9316,EVT-14630,AA:BB:CC:00:40,45.0,79.0
SR-9317,EVT-12342,AA:BB:CC:00:76,44.3,90.1
SR-9318,EVT-11083,AA:BB:CC:00:76,33.19 ft-lb,90.7
SR-9319,EVT-11976,AA:BB:CC:00:91,42.8,84.3
SR-9320,EVT-10555,AA:BB:CC:00:46,45.0,82.4
SR-9321,EVT-14843,AA:BB:CC:00:26,45.8,83.7
SR-9322,EVT-11093,AA:BB:CC:00:14,46.1,96.8
SR-9323,EVT-12971,AA:BB:CC:00:78,44.4,89.0
SR-9324,EVT-11942,AA:BB:CC:00:11,47.2,87.7
SR-9325,EVT-13955,AA:BB:CC:00:98,42.3,90.7
SR-9326,EVT-13631,AA:BB:CC:00:54,47.3,85.9
SR-9327,EVT-14928,AA:BB:CC:00:08,43.2,85.0
SR-9328,EVT-10137,AA:BB:CC:00:39,43.7,86.8
SR-9329,EVT-13784,AA:BB:CC:00:15,41.2,94.8
SR-9330,EVT-10905,AA:BB:CC:00:04,42.7,87.0
SR-9331,EVT-14081,AA:BB:CC:00:65,45.5,93.7
SR-9332,EVT-13259,AA:BB:CC:00:35,45.6,90.4
SR-9333,EVT-12376,AA:BB:CC:00:06,47.2,84.9
SR-9334,EVT-14140,AA:BB:CC:00:66,47.8,94.0
SR-9335,EVT-14761,AA:BB:CC:00:83,43.3,87.5
SR-9336,EVT-12083,AA:BB:CC:00:95,44.9,90.0
SR-9337,EVT-13726,AA:BB:CC:00:53,40.9,88.4
SR-9338,EVT-14858,AA:BB:CC:00:83,43.4,90.8
SR-9339,EVT-14837,AA:BB:CC:00:23,45.1,86.6
SR-9340,EVT-14446,AA:BB:CC:00:73,40.2,77.7
SR-9341,EVT-12726,AA:BB:CC:00:19,42.0,84.4
SR-9342,EVT-13884,AA:BB:CC:00:13,45.3,83.8
SR-9343,EVT-11467,AA:BB:CC:00:62,43.3,78.9
SR-9344,EVT-10196,AA:BB:CC:00:08,43.7,87.5
SR-9345,EVT-10067,AA:BB:CC:00:62,46.1,87.5
SR-9346,EVT-13141,AA:BB:CC:00:92,44.2,82.7
SR-9347,EVT-11764,AA:BB:CC:00:91,43.2,75.6
SR-9348,EVT-12846,AA:BB:CC:00:56,47.2,87.5
SR-9349,EVT-11732,AA:BB:CC:00:38,49.8,74.1
SR-9350,EVT-13331,AA:BB:CC:00:73,46.1,92.4
SR-9351,EVT-13272,AA:BB:CC:00:15,45.5,88.2
SR-9352,EVT-14644,AA:BB:CC:00:62,48.1,86.3
SR-9353,EVT-14213,AA:BB:CC:00:61,42.4,81.2
SR-9354,EVT-10513,AA:BB:CC:00:46,47.3,92.5
SR-9355,EVT-14784,AA:BB:CC:00:34,47.0,80.9
SR-9356,EVT-11254,AA:BB:CC:00:25,42.5,88.8
SR-9357,EVT-13856,AA:BB:CC:00:01,45.5,89.6
SR-9358,EVT-14007,AA:BB:CC:00:75,33.19 ft-lb,88.5
SR-9359,EVT-12354,AA:BB:CC:00:15,43.3,89.6
SR-9360,EVT-14465,AA:BB:CC:00:90,40.2,74.6
SR-9361,EVT-11495,AA:BB:CC:00:47,46.4,93.7
SR-9362,EVT-14985,AA:BB:CC:00:38,43.0,95.0
SR-9363,EVT-13629,AA:BB:CC:00:33,44.8,87.6
SR-9364,EVT-14713,AA:BB:CC:00:49,45.8,79.0
SR-9365,EVT-13533,AA:BB:CC:00:99,45.8,79.9
SR-9366,EVT-10214,AA:BB:CC:00:27,46.5,83.7
SR-9367,EVT-13632,AA:BB:CC:00:52,44.3,96.9
SR-9368,EVT-13472,AA:BB:CC:00:76,47.2,82.7
SR-9369,EVT-13773,AA:BB:CC:00:84,42.4,84.2
SR-9370,EVT-14267,AA:BB:CC:00:12,48.1,83.1
SR-9371,EVT-11754,AA:BB:CC:00:61,46.8,80.8
SR-9372,EVT-10803,AA:BB:CC:00:37,41.6,89.7
SR-9373,EVT-14411,AA:BB:CC:00:06,46.4,90.3
SR-9374,EVT-14566,AA:BB:CC:00:84,43.2 Nm,84.3
SR-9375,EVT-11632,AA:BB:CC:00:87,42.6,92.3
SR-9376,EVT-13285,AA:BB:CC:00:79,48.5,79.3
SR-9377,EVT-11478,AA:BB:CC:00:92,43.2,92.1
SR-9378,EVT-11573,AA:BB:CC:00:34,42.3,83.3
SR-9379,EVT-11600,AA:BB:CC:00:08,42.9,83.2
SR-9380,EVT-11504,AA:BB:CC:00:84,42.2,74.6
SR-9381,EVT-10853,AA:BB:CC:00:06,42.5,85.1
SR-9382,EVT-12430,AA:BB:CC:00:60,50.7,96.1
SR-9383,EVT-14459,AA:BB:CC:00:26,45.6,185 F
SR-9384,EVT-12382,AA:BB:CC:00:49,42.5,81.7
SR-9385,EVT-12334,AA:BB:CC:00:18,47.9,87.3
SR-9386,EVT-12971,AA:BB:CC:00:14,42.8,81.7
SR-9387,EVT-14418,AA:BB:CC:00:20,43.9,84.7
SR-9388,EVT-10800,AA:BB:CC:00:42,44.8,83.0
SR-9389,EVT-14502,AA:BB:CC:00:65,46.3,82.6
SR-9390,EVT-12395,AA:BB:CC:00:87,45.4,81.1
SR-9391,EVT-14916,AA:BB:CC:00:62,44.2,88.7
SR-9392,EVT-10420,AA:BB:CC:00:58,46.6,82.4
SR-9393,EVT-10650,AA:BB:CC:00:16,46.7,85.0
SR-9394,EVT-14875,AA:BB:CC:00:45,41.5,78.7
SR-9395,EVT-13360,AA:BB:CC:00:39,46.0,84.3
SR-9396,EVT-12708,AA:BB:CC:00:19,42.6,81.5
SR-9397,EVT-11433,AA:BB:CC:00:08,43.8,85.4
SR-9398,EVT-12535,AA:BB:CC:00:24,46.2,92.0
SR-9399,EVT-13106,AA:BB:CC:00:16,45.0,82.1
SR-9400,EVT-12420,AA:BB:CC:00:13,46.2,77.4
SR-9401,EVT-10886,AA:BB:CC:00:30,44.5,89.4
SR-9402,EVT-11171,AA:BB:CC:00:13,41.4,85.6
SR-9403,EVT-13777,AA:BB:CC:00:85,42.1,82.6
SR-9404,EVT-14712,AA:BB:CC:00:83,44.8,82.4
SR-9405,EVT-12814,AA:BB:CC:00:27,46.7,85.1
SR-9406,EVT-10242,AA:BB:CC:00:38,42.7,80.3
SR-9407,EVT-10907,AA:BB:CC:00:38,44.3,87.8
SR-9408,EVT-10543,AA:BB:CC:00:51,45.5,80.3
SR-9409,EVT-14192,AA:BB:CC:00:23,46.2,85.4
SR-9410,EVT-10303,AA:BB:CC:00:16,45.5,87.8
SR-9411,EVT-12016,AA:BB:CC:00:46,45.2,80.6
SR-9412,EVT-11210,AA:BB:CC:00:88,44.2,88.2
SR-9413,EVT-10868,AA:BB:CC:00:44,42.1,86.6
SR-9414,EVT-11575,AA:BB:CC:00:80,45.9,86.5
SR-9415,EVT-10118,AA:BB:CC:00:49, 45.3 ,86.4
SR-9416,EVT-11591,AA:BB:CC:00:16,46.4,75.3
SR-9417,EVT-13235,AA:BB:CC:00:11,48.4,88.6
SR-9418,EVT-10203,AA:BB:CC:00:26,44.9,83.2
SR-9419,EVT-12565,AA:BB:CC:00:80,42.9,86.4
SR-9420,EVT-10557,AA:BB:CC:00:15,45.4,88.2
SR-9421,EVT-13702,AA:BB:CC:00:58,46.9,83.3
SR-9422,EVT-12453,AA:BB:CC:00:82,44.4,83.8
SR-9423,EVT-10354,AA:BB:CC:00:18,44.5,83.7
SR-9424,EVT-13154,AA:BB:CC:00:99,47.2,88.7
SR-9425,EVT-11174,AA:BB:CC:00:69,48.9,90.4
SR-9426,EVT-12161,AA:BB:CC:00:66,44.4,87.5
SR-9427,EVT-11599,AA:BB:CC:00:30,43.3,93.1
SR-9428,EVT-10607,AA:BB:CC:00:31,44.7,95.0
SR-9429,EVT-10010,AA:BB:CC:00:25,46.7,88.3
SR-9430,EVT-11603,AA:BB:CC:00:95,47.6,96.4
SR-9431,EVT-10316,AA:BB:CC:00:83,46.1,84.9
SR-9432,EVT-12635,AA:BB:CC:00:98,43.9,89.6
SR-9433,EVT-13639,AA:BB:CC:00:82,43.9,87.3
SR-9434,EVT-14786,AA:BB:CC:00:64,46.4,185 F
SR-9435,EVT-14158,AA:BB:CC:00:33,44.4,79.1
SR-9436,EVT-14105,AA:BB:CC:00:03,44.2,85.6
SR-9437,EVT-14594,AA:BB:CC:00:18,41.0,78.7
SR-9438,EVT-13031,AA:BB:CC:00:100,44.8,79.0
SR-9439,EVT-12966,AA:BB:CC:00:52,45.5,89.5
SR-9440,EVT-13971,AA:BB:CC:00:90,49.1,75.7
SR-9441,EVT-12219,AA:BB:CC:00:92,42.8,70.2
SR-9442,EVT-14332,AA:BB:CC:00:32,46.4,91.0
SR-9443,EVT-11140,AA:BB:CC:00:49,46.9,97.4
SR-9444,EVT-13906,AA:BB:CC:00:37,45.5,87.8
SR-9445,EVT-10239,AA:BB:CC:00:71,48.4,88.7
SR-9446,EVT-12433,AA:BB:CC:00:28,46.5,82.1
SR-9447,EVT-11640,AA:BB:CC:00:32,46.3,76.7
SR-9448,EVT-14665,AA:BB:CC:00:41,43.9,86.8
SR-9449,EVT-13845,AA:BB:CC:00:36,45.6,87.6
SR-9450,EVT-10169,AA:BB:CC:00:86,43.1,81.8
SR-9451,EVT-11808,AA:BB:CC:00:09,43.1,78.3
SR-9452,EVT-10420,AA:BB:CC:00:17,45.8,85.6
SR-9453,EVT-11963,AA:BB:CC:00:10,46.6 Nm,87.5
SR-9454,EVT-11046,AA:BB:CC:00:91,45.2,89.2
SR-9455,EVT-12343,AA:BB:CC:00:17,46.8,79.0
SR-9456,EVT-13284,AA:BB:CC:00:96,43.8,80.4
SR-9457,EVT-13755,AA:BB:CC:00:56,47.8,80.9
SR-9458,EVT-13230,AA:BB:CC:00:11,47.3,84.0
SR-9459,EVT-12268,AA:BB:CC:00:45,47.1,78.9
SR-9460,EVT-12281,AA:BB:CC:00:89,43.4,78.0
SR-9461,EVT-10004,AA:BB:CC:00:17,45.8,82.7
SR-9462,EVT-10473,AA:BB:CC:00:64,49.5,83.6
SR-9463,EVT-14576,AA:BB:CC:00:91,41.1,81.8
SR-9464,EVT-13758,AA:BB:CC:00:55,44.8,88.6
SR-9465,EVT-14873,AA:BB:CC:00:79,46.3,83.9
SR-9466,EVT-12240,AA:BB:CC:00:05,43.6,85.5
SR-9467,EVT-14414,AA:BB:CC:00:77,44.0,89.2
SR-9468,EVT-12485,AA:BB:CC:00:70,44.1,79.5
SR-9469,EVT-10637,AA:BB:CC:00:42,43.3,92.2
SR-9470,EVT-14181,AA:BB:CC:00:84,46.1,92.2
SR-9471,EVT-12296,AA:BB:CC:00:67,42.3,77.6
SR-9472,EVT-14872,AA:BB:CC:00:92,42.9,79.7
SR-9473,EVT-14118,AA:BB:CC:00:03,43.6,77.3
SR-9474,EVT-12977,AA:BB:CC:00:97,48.0,81.2
SR-9475,EVT-11551,AA:BB:CC:00:66,48.0,80.4
SR-9476,EVT-13318,AA:BB:CC:00:60,45.3,78.5
SR-9477,EVT-10701,AA:BB:CC:00:29,48.6,95.7
SR-9478,EVT-13071,AA:BB:CC:00:78,44.9,85.7
SR-9479,EVT-10726,AA:BB:CC:00:07,48.4,85.8
SR-9480,EVT-12624,AA:BB:CC:00:04,46.1,78.6
SR-9481,EVT-12672,AA:BB:CC:00:50,45.5,82.8
SR-9482,EVT-13109,AA:BB:CC:00:21,43.6,87.0
SR-9483,EVT-10889,AA:BB:CC:00:89,45.0,83.6
SR-9484,EVT-14007,AA:BB:CC:00:09,44.1,92.4
SR-9485,EVT-10775,AA:BB:CC:00:60,43.1,85.9
SR-9486,EVT-13871,AA:BB:CC:00:76,43.4,91.9
SR-9487,EVT-11575,AA:BB:CC:00:12,45.5,91.0
SR-9488,EVT-11729,AA:BB:CC:00:56,42.9,82.9
SR-9489,EVT-14527,AA:BB:CC:00:05,46.4,81.4
SR-9490,EVT-13340,AA:BB:CC:00:63,44.2,87.7 C
SR-9491,EVT-12170,AA:BB:CC:00:93,44.8,77.2
SR-9492,EVT-11709,AA:BB:CC:00:27,46.4,93.6
SR-9493,EVT-12630,AA:BB:CC:00:49,42.0,81.7
SR-9494,EVT-10002,AA:BB:CC:00:20,39.4,83.6
SR-9495,EVT-14948,AA:BB:CC:00:29,33.19 ft-lb,79.7
SR-9496,EVT-14032,AA:BB:CC:00:83,46.8,86.8
SR-9497,EVT-14240,AA:BB:CC:00:36,46.3,93.6
SR-9498,EVT-11308,AA:BB:CC:00:97,42.4,84.2
SR-9499,EVT-12119,AA:BB:CC:00:08,43.5,88.1
SR-9500,EVT-11957,AA:BB:CC:00:30,45.2,89.1
SR-9501,EVT-11223,AA:BB:CC:00:61,44.4,94.7
SR-9502,EVT-12823,AA:BB:CC:00:98,46.1,84.9
SR-9503,EVT-14504,AA:BB:CC:00:95,46.0,89.3
SR-9504,EVT-14457,AA:BB:CC:00:01,48.1,78.1
SR-9505,EVT-12358,AA:BB:CC:00:35,47.2,77.9
SR-9506,EVT-12220,AA:BB:CC:00:83,45.4,85.6
SR-9507,EVT-12522,AA:BB:CC:00:46,45.3,86.3
SR-9508,EVT-11077,AA:BB:CC:00:18,47.0,88.9
SR-9509,EVT-11125,AA:BB:CC:00:55,48.9,90.3
SR-9510,EVT-14631,AA:BB:CC:00:81,42.7,76.9
SR-9511,EVT-11824,AA:BB:CC:00:31, 44.6 ,85.8
SR-9512,EVT-14903,AA:BB:CC:00:64,43.0,90.4
SR-9513,EVT-14252,AA:BB:CC:00:20,47.4,94.1
SR-9514,EVT-11295,AA:BB:CC:00:29,46.5,79.9
SR-9515,EVT-11914,AA:BB:CC:00:43,43.4,88.2
SR-9516,EVT-14512,AA:BB:CC:00:85,46.1,75.0
SR-9517,EVT-11278,AA:BB:CC:00:55,43.4,77.7
SR-9518,EVT-11180,AA:BB:CC:00:73,45.4,83.1
SR-9519,EVT-13180,AA:BB:CC:00:30,48.0,84.7
SR-9520,EVT-12753,AA:BB:CC:00:33,46.2,78.5
SR-9521,EVT-12052,AA:BB:CC:00:18,47.8,87.5
SR-9522,EVT-11460,AA:BB:CC:00:49,47.9,78.2
SR-9523,EVT-11579,AA:BB:CC:00:53,43.1,84.6
SR-9524,EVT-12559,AA:BB:CC:00:51,48.6,89.3
SR-9525,EVT-14677,AA:BB:CC:00:10,43.0,92.5
SR-9526,EVT-12638,AA:BB:CC:00:65,40.8,93.8
SR-9527,EVT-13682,AA:BB:CC:00:28,44.5,81.2
SR-9528,EVT-10565,AA:BB:CC:00:97,42.1,87.1
SR-9529,EVT-11224,AA:BB:CC:00:18,44.4,90.6
SR-9530,EVT-13257,AA:BB:CC:00:61,46.1,95.4
SR-9531,EVT-13728,AA:BB:CC:00:09,48.8,88.7
SR-9532,EVT-11622,AA:BB:CC:00:92,43.2,80.0
SR-9533,EVT-11325,AA:BB:CC:00:60,43.2,82.0
SR-9534,EVT-11500,AA:BB:CC:00:87,45.8,88.3
SR-9535,EVT-13686,AA:BB:CC:00:26,33.19 ft-lb,85.1
SR-9536,EVT-13500,AA:BB:CC:00:43,45.8,82.5
SR-9537,EVT-14461,AA:BB:CC:00:33,49.8,92.4
SR-9538,EVT-13133,AA:BB:CC:00:20,41.2,74.8 C
SR-9539,EVT-14917,AA:BB:CC:00:16,45.8,81.5
SR-9540,EVT-12172,AA:BB:CC:00:83,42.6,91.6
SR-9541,EVT-14748,AA:BB:CC:00:32,43.6,81.7
SR-9542,EVT-11537,AA:BB:CC:00:11,45.2,79.6
SR-9543,EVT-13082,AA:BB:CC:00:62,45.0,95.3
SR-9544,EVT-14464,AA:BB:CC:00:26,45.2,85.0 C
SR-9545,EVT-13661,AA:BB:CC:00:01,45.9,87.4
SR-9546,EVT-10212,AA:BB:CC:00:12,43.7,96.1
SR-9547,EVT-12156,AA:BB:CC:00:57,48.2,87.0
SR-9548,EVT-10176,AA:BB:CC:00:73,43.0,77.0
SR-9549,EVT-12084,AA:BB:CC:00:50,45.3,88.3
SR-9550,EVT-13032,AA:BB:CC:00:72,47.2,86.6
SR-9551,EVT-14665,AA:BB:CC:00:95,43.2,78.7
SR-9552,EVT-10961,AA:BB:CC:00:84,44.2,87.7
SR-9553,EVT-10986,AA:BB:CC:00:19, 44.7 ,93.1
SR-9554,EVT-14256,AA:BB:CC:00:96,44.4,87.0
SR-9555,EVT-14094,AA:BB:CC:00:05,44.0,87.4
SR-9556,EVT-12961,AA:BB:CC:00:31,46.0,90.0
SR-9557,EVT-11967,AA:BB:CC:00:22,45.1,89.9
SR-9558,EVT-14170,AA:BB:CC:00:84,44.5,83.6
SR-9559,EVT-11222,AA:BB:CC:00:76,42.7,88.4
SR-9560,EVT-13989,AA:BB:CC:00:83,40.8,80.2
SR-9561,EVT-12485,AA:BB:CC:00:66,47.3,91.5
SR-9562,EVT-14805,AA:BB:CC:00:04,44.6,88.8
SR-9563,EVT-11396,AA:BB:CC:00:30,42.7,79.6
SR-9564,EVT-11844,AA:BB:CC:00:23,47.0,95.2
SR-9565,EVT-13893,AA:BB:CC:00:58,40.4,78.5
SR-9566,EVT-13973,AA:BB:CC:00:21,50.5,80.5
SR-9567,EVT-12879,AA:BB:CC:00:54,46.7,81.7
SR-9568,EVT-14789,AA:BB:CC:00:59,42.1,88.5
SR-9569,EVT-12021,AA:BB:CC:00:69,43.4,87.1
SR-9570,EVT-12217,AA:BB:CC:00:07,45.6,88.0
SR-9571,EVT-14095,AA:BB:CC:00:76,44.8,93.7
SR-9572,EVT-14188,AA:BB:CC:00:75,46.8,79.3
SR-9573,EVT-13658,AA:BB:CC:00:46,47.3,93.2
SR-9574,EVT-14919,AA:BB:CC:00:78,43.2,81.1
SR-9575,EVT-14110,AA:BB:CC:00:63,44.6,82.7
SR-9576,EVT-12333,AA:BB:CC:00:39,44.8,79.3
SR-9577,EVT-13094,AA:BB:CC:00:67,41.0,84.2
SR-9578,EVT-14875,AA:BB:CC:00:87,45.4,92.0
SR-9579,EVT-12550,AA:BB:CC:00:67,41.2,91.9
SR-9580,EVT-10603,AA:BB:CC:00:100,46.8,86.1
SR-9581,EVT-10862,AA:BB:CC:00:88,43.5,77.2
SR-9582,EVT-13741,AA:BB:CC:00:41,44.7,81.7
SR-9583,EVT-10122,AA:BB:CC:00:97,44.6,81.5
SR-9584,EVT-11295,AA:BB:CC:00:32, 43.0 ,78.3
SR-9585,EVT-11181,AA:BB:CC:00:94,44.3,81.3
SR-9586,EVT-12627,AA:BB:CC:00:36,44.2,87.8
SR-9587,EVT-14536,AA:BB:CC:00:03,45.8,83.3
SR-9588,EVT-10864,AA:BB:CC:00:70,40.5,85.3
SR-9589,EVT-11742,AA:BB:CC:00:96,44.0,84.3
SR-9590,EVT-14621,AA:BB:CC:00:70,33.19 ft-lb,84.0
SR-9591,EVT-11729,AA:BB:CC:00:56,45.7,92.8
SR-9592,EVT-12063,AA:BB:CC:00:68,44.5,86.1
SR-9593,EVT-12340,AA:BB:CC:00:68,45.7,86.1
SR-9594,EVT-14874,AA:BB:CC:00:13,43.8,79.8
SR-9595,EVT-14256,AA:BB:CC:00:49,47.8,88.7
SR-9596,EVT-13329,AA:BB:CC:00:67,46.0,87.4
SR-9597,EVT-13134,AA:BB:CC:00:99,42.3,82.2
SR-9598,EVT-10339,AA:BB:CC:00:47,45.3,83.0
SR-9599,EVT-12336,AA:BB:CC:00:80,44.8,77.4
SR-9600,EVT-11008,AA:BB:CC:00:24,47.0,91.7
SR-9601,EVT-10801,AA:BB:CC:00:40,42.3,78.2
SR-9602,EVT-13149,AA:BB:CC:00:24,44.2,88.3
SR-9603,EVT-14956,AA:BB:CC:00:57,43.4,88.8
SR-9604,EVT-10961,AA:BB:CC:00:24,42.3,81.2
SR-9605,EVT-10241,AA:BB:CC:00:69,42.6,91.0
SR-9606,EVT-13015,AA:BB:CC:00:63,44.1,88.0
SR-9607,EVT-11946,AA:BB:CC:00:19,48.3,83.0
SR-9608,EVT-11479,AA:BB:CC:00:62,45.0,83.9
SR-9609,EVT-14934,AA:BB:CC:00:71,46.0,85.8
SR-9610,EVT-12419,AA:BB:CC:00:30,44.2,90.3
SR-9611,EVT-10605,AA:BB:CC:00:89,42.9,76.5
SR-9612,EVT-11326,AA:BB:CC:00:65,44.5,80.8
SR-9613,EVT-11940,AA:BB:CC:00:02,44.8,86.8
SR-9614,EVT-13270,AA:BB:CC:00:72,47.9,89.6
SR-9615,EVT-11235,AA:BB:CC:00:68,46.5,87.6
SR-9616,EVT-13388,AA:BB:CC:00:96,45.4,83.1
SR-9617,EVT-13826,AA:BB:CC:00:06,41.8,83.6
SR-9618,EVT-11933,AA:BB:CC:00:64,46.0,88.2
SR-9619,EVT-11540,AA:BB:CC:00:97,46.8,88.5
SR-9620,EVT-14254,AA:BB:CC:00:10,44.2,89.6
SR-9621,EVT-14663,AA:BB:CC:00:24,46.2,81.8
SR-9622,EVT-10193,AA:BB:CC:00:100,46.5,81.3
SR-9623,EVT-12585,AA:BB:CC:00:03,44.5,95.6
SR-9624,EVT-11505,AA:BB:CC:00:47,44.4,83.6
SR-9625,EVT-12753,AA:BB:CC:00:91,42.9,85.4
SR-9626,EVT-11644,AA:BB:CC:00:88,46.9,82.5
SR-9627,EVT-13406,AA:BB:CC:00:80,47.0,83.4
SR-9628,EVT-10751,AA:BB:CC:00:47,47.2,77.8
SR-9629,EVT-14365,AA:BB:CC:00:96,45.3,85.0
SR-9630,EVT-12979,AA:BB:CC:00:56,45.1,83.0
SR-9631,EVT-13952,AA:BB:CC:00:53,46.4,86.8
SR-9632,EVT-10820,AA:BB:CC:00:80,45.9,82.9
SR-9633,EVT-11013,AA:BB:CC:00:73,45.1,78.4
SR-9634,EVT-12494,AA:BB:CC:00:80,47.2,81.2
SR-9635,EVT-12781,AA:BB:CC:00:50,48.4,90.8
SR-9636,EVT-14075,AA:BB:CC:00:16,49.5,80.7
SR-9637,EVT-14537,AA:BB:CC:00:04,42.8,91.8
SR-9638,EVT-10513,AA:BB:CC:00:11,45.7,86.8
SR-9639,EVT-13350,AA:BB:CC:00:24,46.0,85.3
SR-9640,EVT-10317,AA:BB:CC:00:31,45.6,89.7
SR-9641,EVT-13183,AA:BB:CC:00:50,48.3,85.3
SR-9642,EVT-14423,AA:BB:CC:00:88,45.8,91.2
SR-9643,EVT-12106,AA:BB:CC:00:88,50.4,85.7
SR-9644,EVT-11995,AA:BB:CC:00:88,46.9,88.6
SR-9645,EVT-13931,AA:BB:CC:00:100,41.9,84.9
SR-9646,EVT-10936,AA:BB:CC:00:32,46.0,89.3
SR-9647,EVT-12976,AA:BB:CC:00:79,44.1,96.5
SR-9648,EVT-14320,AA:BB:CC:00:86,47.9,78.0
SR-9649,EVT-14477,AA:BB:CC:00:59,45.0,86.4
SR-9650,EVT-12382,AA:BB:CC:00:98,43.6,85.0
SR-9651,EVT-13913,AA:BB:CC:00:12,45.5,79.2
SR-9652,EVT-11328,AA:BB:CC:00:17,44.4,85.1
SR-9653,EVT-14865,AA:BB:CC:00:02,42.7,75.1
SR-9654,EVT-14226,AA:BB:CC:00:39,42.7,80.1
SR-9655,EVT-13734,AA:BB:CC:00:50,46.7,96.5
SR-9656,EVT-10786,AA:BB:CC:00:70,44.4,78.0
SR-9657,EVT-14840,AA:BB:CC:00:51,47.2,86.8
SR-9658,EVT-10273,AA:BB:CC:00:31,41.0,78.6
SR-9659,EVT-10674,AA:BB:CC:00:25,44.6,83.2 C
SR-9660,EVT-11256,AA:BB:CC:00:57,47.8,78.2
SR-9661,EVT-14021,AA:BB:CC:00:28,33.19 ft-lb,87.2
SR-9662,EVT-11018,AA:BB:CC:00:45,46.3,85.1
SR-9663,EVT-14744,AA:BB:CC:00:26,46.1,87.7
SR-9664,EVT-11246,AA:BB:CC:00:68,42.5,76.2
SR-9665,EVT-13300,AA:BB:CC:00:29,46.0,88.4
SR-9666,EVT-10945,AA:BB:CC:00:79,47.2,72.2
SR-9667,EVT-13600,AA:BB:CC:00:55,43.1,87.9
SR-9668,EVT-10218,AA:BB:CC:00:98,42.8,87.5
SR-9669,EVT-10852,AA:BB:CC:00:97,46.6,88.1
SR-9670,EVT-14400,AA:BB:CC:00:80,45.4,80.6
SR-9671,EVT-13829,AA:BB:CC:00:40,43.2,84.3
SR-9672,EVT-14341,AA:BB:CC:00:05,48.7,93.3
SR-9673,EVT-13981,AA:BB:CC:00:58,44.2,86.5
SR-9674,EVT-10182,AA:BB:CC:00:98,46.5,87.3
SR-9675,EVT-14584,AA:BB:CC:00:61,41.1,77.7
SR-9676,EVT-14610,AA:BB:CC:00:22,45.5,75.8
SR-9677,EVT-14031,AA:BB:CC:00:37,43.7,85.6
SR-9678,EVT-14311,AA:BB:CC:00:74,46.2,73.3
SR-9679,EVT-11247,AA:BB:CC:00:31,47.6,80.5
SR-9680,EVT-10887,AA:BB:CC:00:14,47.5,90.7
SR-9681,EVT-11607,AA:BB:CC:00:34,44.8,82.3
SR-9682,EVT-10662,AA:BB:CC:00:53,46.5,90.9
SR-9683,EVT-11743,AA:BB:CC:00:83,50.1,82.7
SR-9684,EVT-11736,AA:BB:CC:00:21,44.8,86.5
SR-9685,EVT-14921,AA:BB:CC:00:37,44.7,73.1
SR-9686,EVT-14625,AA:BB:CC:00:24,42.9,88.7
SR-9687,EVT-10624,AA:BB:CC:00:96,45.8,89.0
SR-9688,EVT-10485,AA:BB:CC:00:64,44.0,84.8
SR-9689,EVT-12367,AA:BB:CC:00:94,43.6,84.4
SR-9690,EVT-13881,AA:BB:CC:00:17,41.2,81.6
SR-9691,EVT-12915,AA:BB:CC:00:46,43.0,87.0
SR-9692,EVT-10205,AA:BB:CC:00:100,43.3,90.6
SR-9693,EVT-11367,AA:BB:CC:00:31,47.5,83.8
SR-9694,EVT-10352,AA:BB:CC:00:50,44.6,81.1
SR-9695,EVT-12930,AA:BB:CC:00:50,43.2,84.4
SR-9696,EVT-10881,AA:BB:CC:00:43,48.4,74.7
SR-9697,EVT-11564,AA:BB:CC:00:17,46.5,78.1
SR-9698,EVT-10372,AA:BB:CC:00:78,43.2,88.4
SR-9699,EVT-12193,AA:BB:CC:00:70,45.7,78.1
SR-9700,EVT-13924,AA:BB:CC:00:94,47.5,88.8
SR-9701,EVT-12611,AA:BB:CC:00:19,43.9,85.2
SR-9702,EVT-11065,AA:BB:CC:00:50,33.19 ft-lb,79.7
SR-9703,EVT-13491,AA:BB:CC:00:62,41.5,72.2
SR-9704,EVT-13975,AA:BB:CC:00:27,46.1,83.4
SR-9705,EVT-11749,AA:BB:CC:00:40,49.0,85.0
SR-9706,EVT-13198,AA:BB:CC:00:37,47.6,101.6
SR-9707,EVT-12049,AA:BB:CC:00:95,44.8,87.2
SR-9708,EVT-10562,AA:BB:CC:00:16,43.5,85.4
SR-9709,EVT-10910,AA:BB:CC:00:77,45.7,88.6
SR-9710,EVT-11383,AA:BB:CC:00:79,48.2,87.1
SR-9711,EVT-11676,AA:BB:CC:00:26,44.5,94.8
SR-9712,EVT-12229,AA:BB:CC:00:59,45.1,84.9
SR-9713,EVT-10383,AA:BB:CC:00:93,43.0,90.8
SR-9714,EVT-13785,AA:BB:CC:00:65,43.7,85.7
SR-9715,EVT-14682,AA:BB:CC:00:33,44.4,86.8
SR-9716,EVT-11952,AA:BB:CC:00:34,44.3,86.1
SR-9717,EVT-10589,AA:BB:CC:00:60,43.5,77.2
SR-9718,EVT-11633,AA:BB:CC:00:51,43.6,90.2
SR-9719,EVT-13499,AA:BB:CC:00:98,47.4,81.0
SR-9720,EVT-10643,AA:BB:CC:00:64,46.1,89.9
SR-9721,EVT-14459,AA:BB:CC:00:98,46.9,81.2 C
SR-9722,EVT-11177,AA:BB:CC:00:21,46.6,82.3
SR-9723,EVT-14097,AA:BB:CC:00:07,47.0,80.9
SR-9724,EVT-11564,AA:BB:CC:00:65,46.6,77.0
SR-9725,EVT-12968,AA:BB:CC:00:65,48.3,87.9
SR-9726,EVT-13542,AA:BB:CC:00:64,49.4,83.8
SR-9727,EVT-14476,AA:BB:CC:00:18,45.8,83.0
SR-9728,EVT-10989,AA:BB:CC:00:96,47.3,86.9
SR-9729,EVT-14923,AA:BB:CC:00:95,41.7 Nm,85.2
SR-9730,EVT-10780,AA:BB:CC:00:61,44.8,83.8
SR-9731,EVT-13751,AA:BB:CC:00:82,33.19 ft-lb,79.2
SR-9732,EVT-13874,AA:BB:CC:00:16,41.1,88.4
SR-9733,EVT-14605,AA:BB:CC:00:65,48.0,92.0
SR-9734,EVT-12598,AA:BB:CC:00:61,41.6,80.7
SR-9735,EVT-12601,AA:BB:CC:00:75,48.5,76.6
SR-9736,EVT-13306,AA:BB:CC:00:64,49.1,84.0
SR-9737,EVT-11816,AA:BB:CC:00:30,41.3,85.3
SR-9738,EVT-14086,AA:BB:CC:00:92,46.3,88.0
SR-9739,EVT-14717,AA:BB:CC:00:90,45.2,91.2
SR-9740,EVT-14693,AA:BB:CC:00:87,47.3,80.8
SR-9741,EVT-11238,AA:BB:CC:00:10,44.9,92.4
SR-9742,EVT-13840,AA:BB:CC:00:75,44.8,89.4
SR-9743,EVT-10508,AA:BB:CC:00:70,46.9,83.3
SR-9744,EVT-10422,AA:BB:CC:00:29,47.5,86.7
SR-9745,EVT-13869,AA:BB:CC:00:22,33.19 ft-lb,84.7
SR-9746,EVT-11757,AA:BB:CC:00:14,47.2,81.4
SR-9747,EVT-10454,AA:BB:CC:00:06,46.5,87.5
SR-9748,EVT-12300,AA:BB:CC:00:44,44.6,81.9
SR-9749,EVT-13788,AA:BB:CC:00:63,41.9,82.8
SR-9750,EVT-10158,AA:BB:CC:00:50,44.2,86.7
SR-9751,EVT-13206,AA:BB:CC:00:61,45.8,90.6
SR-9752,EVT-13198,AA:BB:CC:00:20,40.8,79.9
SR-9753,EVT-10757,AA:BB:CC:00:75,46.8,82.1
SR-9754,EVT-10284,AA:BB:CC:00:66,44.6,79.3
SR-9755,EVT-11074,AA:BB:CC:00:89,49.0,81.8
SR-9756,EVT-10716,AA:BB:CC:00:15,45.6,84.0
SR-9757,EVT-13311,AA:BB:CC:00:38,42.5,82.0
SR-9758,EVT-11908,AA:BB:CC:00:05,46.7,81.8
SR-9759,EVT-11016,AA:BB:CC:00:15,45.4,80.4
SR-9760,EVT-12126,AA:BB:CC:00:90,44.9,90.0
SR-9761,EVT-11885,AA:BB:CC:00:11,48.8,85.6
SR-9762,EVT-10966,AA:BB:CC:00:51,43.1,93.5
SR-9763,EVT-14932,AA:BB:CC:00:33,47.3,82.3
SR-9764,EVT-10093,AA:BB:CC:00:36,45.0,88.9
SR-9765,EVT-12391,AA:BB:CC:00:41,45.9,91.7
SR-9766,EVT-13178,AA:BB:CC:00:75,47.0,80.3
SR-9767,EVT-12804,AA:BB:CC:00:35,41.9,96.3
SR-9768,EVT-14460,AA:BB:CC:00:57,45.4,80.1
SR-9769,EVT-10093,AA:BB:CC:00:64,45.4,89.0
SR-9770,EVT-13173,AA:BB:CC:00:73,44.4,78.8
SR-9771,EVT-11557,AA:BB:CC:00:75, 43.3 ,85.7
SR-9772,EVT-14481,AA:BB:CC:00:33,45.5,87.0
SR-9773,EVT-10918,AA:BB:CC:00:33,46.8,85.4
SR-9774,EVT-11641,AA:BB:CC:00:91,48.2,95.3
SR-9775,EVT-13286,AA:BB:CC:00:18,47.1,82.1
SR-9776,EVT-12517,AA:BB:CC:00:11,44.5,85.2
SR-9777,EVT-12237,AA:BB:CC:00:62,47.1,85.6
SR-9778,EVT-14250,AA:BB:CC:00:47,44.0,80.9
SR-9779,EVT-14828,AA:BB:CC:00:94,41.6,88.3
SR-9780,EVT-10036,AA:BB:CC:00:61,47.9,100.8
SR-9781,EVT-12373,AA:BB:CC:00:80,42.5,83.6
SR-9782,EVT-12575,AA:BB:CC:00:56,43.4,87.8
SR-9783,EVT-13195,AA:BB:CC:00:24,45.1,76.7
SR-9784,EVT-12889,AA:BB:CC:00:65,44.7,77.9
SR-9785,EVT-10941,AA:BB:CC:00:75,41.0,81.5
SR-9786,EVT-13300,AA:BB:CC:00:06,43.9,79.4
SR-9787,EVT-11771,AA:BB:CC:00:76,46.7,85.1
SR-9788,EVT-13480,AA:BB:CC:00:26,45.8,85.5
SR-9789,EVT-11695,AA:BB:CC:00:83,46.2,86.4
SR-9790,EVT-12704,AA:BB:CC:00:65,40.8,87.4
SR-9791,EVT-10463,AA:BB:CC:00:98,42.1,83.4
SR-9792,EVT-12441,AA:BB:CC:00:54,46.1,89.4
SR-9793,EVT-12945,AA:BB:CC:00:62,49.2,78.4
SR-9794,EVT-13100,AA:BB:CC:00:84,44.7,92.3
SR-9795,EVT-12285,AA:BB:CC:00:12,33.19 ft-lb,87.8
SR-9796,EVT-11914,AA:BB:CC:00:24,45.5,88.3
SR-9797,EVT-14739,AA:BB:CC:00:96,46.8,81.8
SR-9798,EVT-13357,AA:BB:CC:00:97,43.1,88.0
SR-9799,EVT-11212,AA:BB:CC:00:39,49.1,84.7
SR-9800,EVT-13001,AA:BB:CC:00:74,47.9,91.4
SR-9801,EVT-12251,AA:BB:CC:00:22,46.6,81.3
SR-9802,EVT-10161,AA:BB:CC:00:48,44.1,83.0
SR-9803,EVT-11357,AA:BB:CC:00:78,46.1,77.2
SR-9804,EVT-11175,AA:BB:CC:00:04,46.0,82.0
SR-9805,EVT-10855,AA:BB:CC:00:29,43.5,81.9
SR-9806,EVT-14440,AA:BB:CC:00:06,42.9,84.5
SR-9807,EVT-10104,AA:BB:CC:00:47,45.9,89.6
SR-9808,EVT-13803,AA:BB:CC:00:55,44.6,87.6
SR-9809,EVT-14253,AA:BB:CC:00:55,47.2,87.5
SR-9810,EVT-10950,AA:BB:CC:00:49,42.4,89.9
SR-9811,EVT-14696,AA:BB:CC:00:25,45.6,91.2
SR-9812,EVT-10919,AA:BB:CC:00:45,47.6,87.9
SR-9813,EVT-12279,AA:BB:CC:00:08,46.1,84.0
SR-9814,EVT-10422,AA:BB:CC:00:11,47.7,81.6
SR-9815,EVT-14300,AA:BB:CC:00:01,47.3,87.7
SR-9816,EVT-10769,AA:BB:CC:00:70,44.9,89.3
SR-9817,EVT-12575,AA:BB:CC:00:28,44.2,78.9
SR-9818,EVT-12199,AA:BB:CC:00:96,47.4,76.3
SR-9819,EVT-14572,AA:BB:CC:00:09,46.0,90.5
SR-9820,EVT-14454,AA:BB:CC:00:98,45.8,92.0
SR-9821,EVT-11232,AA:BB:CC:00:49,46.8,93.3
SR-9822,EVT-14619,AA:BB:CC:00:66,44.9 Nm,84.6
SR-9823,EVT-13148,AA:BB:CC:00:22,43.6,81.7
SR-9824,EVT-11524,AA:BB:CC:00:39,48.5,80.1
SR-9825,EVT-10059,AA:BB:CC:00:23,33.19 ft-lb,85.6
SR-9826,EVT-14993,AA:BB:CC:00:61,42.9,81.5
SR-9827,EVT-12817,AA:BB:CC:00:67,46.1,85.8
SR-9828,EVT-10887,AA:BB:CC:00:43,45.6,93.0
SR-9829,EVT-14047,AA:BB:CC:00:45,44.3,79.1
SR-9830,EVT-10674,AA:BB:CC:00:80,46.0,82.4
SR-9831,EVT-11976,AA:BB:CC:00:41,44.9,79.5
SR-9832,EVT-10161,AA:BB:CC:00:94,43.4,85.9
SR-9833,EVT-14477,AA:BB:CC:00:19,43.1,78.3
SR-9834,EVT-14905,AA:BB:CC:00:44,42.7,85.9
SR-9835,EVT-11898,AA:BB:CC:00:26,47.4,85.3
SR-9836,EVT-12064,AA:BB:CC:00:16,46.6,85.7
SR-9837,EVT-12082,AA:BB:CC:00:22,46.6,86.2
SR-9838,EVT-11227,AA:BB:CC:00:06,46.2,78.6
SR-9839,EVT-14452,AA:BB:CC:00:37,42.6,88.4
SR-9840,EVT-14357,AA:BB:CC:00:69,42.1,92.9
SR-9841,EVT-11459,AA:BB:CC:00:78,42.5,76.0
SR-9842,EVT-12121,AA:BB:CC:00:24,46.2,80.8
SR-9843,EVT-14502,AA:BB:CC:00:78,42.7,83.3
SR-9844,EVT-13794,AA:BB:CC:00:73,46.7,90.1
SR-9845,EVT-11194,AA:BB:CC:00:40,46.8,87.0
SR-9846,EVT-13655,AA:BB:CC:00:75,46.1,84.7
SR-9847,EVT-11608,AA:BB:CC:00:10,44.6,86.9
SR-9848,EVT-11217,AA:BB:CC:00:31,46.7,89.2
SR-9849,EVT-14513,AA:BB:CC:00:51,44.7,79.9
SR-9850,EVT-11489,AA:BB:CC:00:54,47.8,77.9
SR-9851,EVT-11690,AA:BB:CC:00:89,46.6,83.8
SR-9852,EVT-13568,AA:BB:CC:00:53,43.2,87.6
SR-9853,EVT-14843,AA:BB:CC:00:20,43.3,86.3
SR-9854,EVT-13738,AA:BB:CC:00:31,43.9,95.6
SR-9855,EVT-14069,AA:BB:CC:00:16,44.5,71.7
SR-9856,EVT-10447,AA:BB:CC:00:70,43.1,82.0
SR-9857,EVT-11211,AA:BB:CC:00:43,46.5,81.8
SR-9858,EVT-14304,AA:BB:CC:00:11,46.2,76.5
SR-9859,EVT-11096,AA:BB:CC:00:48,44.5,90.5
SR-9860,EVT-10095,AA:BB:CC:00:40,47.4,87.2
SR-9861,EVT-12893,AA:BB:CC:00:19,45.0,80.5
SR-9862,EVT-14146,AA:BB:CC:00:65,42.2,85.5
SR-9863,EVT-14658,AA:BB:CC:00:58,43.1,89.0
SR-9864,EVT-11583,AA:BB:CC:00:27,45.6,84.6
SR-9865,EVT-13875,AA:BB:CC:00:85,47.8,85.5
SR-9866,EVT-13352,AA:BB:CC:00:41,45.7,84.1
SR-9867,EVT-14228,AA:BB:CC:00:14,43.1,79.8
SR-9868,EVT-10841,AA:BB:CC:00:84,43.8,90.9
SR-9869,EVT-11361,AA:BB:CC:00:35,45.8,86.9
SR-9870,EVT-14982,AA:BB:CC:00:95,43.1,89.3
SR-9871,EVT-14581,AA:BB:CC:00:02,48.6,88.0
SR-9872,EVT-13763,AA:BB:CC:00:82,47.3,78.9
SR-9873,EVT-10086,AA:BB:CC:00:85,45.2,85.2
SR-9874,EVT-11071,AA:BB:CC:00:89,46.8,85.2
SR-9875,EVT-11890,AA:BB:CC:00:13,45.3,83.4
SR-9876,EVT-14768,AA:BB:CC:00:36,44.3,83.4
SR-9877,EVT-13877,AA:BB:CC:00:81,45.3,88.9
SR-9878,EVT-12496,AA:BB:CC:00:76,40.6,79.5
SR-9879,EVT-14613,AA:BB:CC:00:42,46.1,80.1
SR-9880,EVT-11684,AA:BB:CC:00:86,44.2,83.9
SR-9881,EVT-13098,AA:BB:CC:00:24,48.0,83.3
SR-9882,EVT-14570,AA:BB:CC:00:15,46.1,89.0
SR-9883,EVT-14587,AA:BB:CC:00:07,45.4,72.5
SR-9884,EVT-10645,AA:BB:CC:00:03,42.7,81.3
SR-9885,EVT-10807,AA:BB:CC:00:20,44.2,95.4
SR-9886,EVT-14248,AA:BB:CC:00:43,45.4,84.2
SR-9887,EVT-12546,AA:BB:CC:00:26,47.2,81.8
SR-9888,EVT-12884,AA:BB:CC:00:45,45.9,85.3
SR-9889,EVT-14797,AA:BB:CC:00:28,45.3,87.4
SR-9890,EVT-10078,AA:BB:CC:00:99,45.1,87.5
SR-9891,EVT-13117,AA:BB:CC:00:45,47.9,91.3
SR-9892,EVT-11455,AA:BB:CC:00:60,47.3,74.6
SR-9893,EVT-12469,AA:BB:CC:00:40,46.4,81.3
SR-9894,EVT-13664,AA:BB:CC:00:09,46.2,88.0
SR-9895,EVT-14625,AA:BB:CC:00:71,45.7,88.1
SR-9896,EVT-11922,AA:BB:CC:00:40,46.0,90.6
SR-9897,EVT-11890,AA:BB:CC:00:14,41.7 Nm,89.0
SR-9898,EVT-14972,AA:BB:CC:00:82,44.5,86.2
SR-9899,EVT-10874,AA:BB:CC:00:10,46.5,87.8
SR-9900,EVT-11663,AA:BB:CC:00:99,44.6,79.2
SR-9901,EVT-12404,AA:BB:CC:00:48,44.3 Nm,85.5
SR-9902,EVT-12789,AA:BB:CC:00:15,46.9,80.9
SR-9903,EVT-11208,AA:BB:CC:00:45,33.19 ft-lb,78.1
SR-9904,EVT-12816,AA:BB:CC:00:68,43.7,82.2
SR-9905,EVT-10310,AA:BB:CC:00:58,42.0,81.2
SR-9906,EVT-13685,AA:BB:CC:00:19,47.6,88.3
SR-9907,EVT-12416,AA:BB:CC:00:48,44.8,86.3
SR-9908,EVT-14426,AA:BB:CC:00:28,47.8,86.4
SR-9909,EVT-12863,AA:BB:CC:00:44,44.4,80.9
SR-9910,EVT-13475,AA:BB:CC:00:87,42.1,79.0
SR-9911,EVT-14452,AA:BB:CC:00:22,44.3,81.7 C
SR-9912,EVT-13974,AA:BB:CC:00:86,48.4,96.2
SR-9913,EVT-12689,AA:BB:CC:00:98,46.6,96.1
SR-9914,EVT-14346,AA:BB:CC:00:40, 45.3 ,82.4
SR-9915,EVT-10295,AA:BB:CC:00:75,45.3,89.0
SR-9916,EVT-12669,AA:BB:CC:00:44,44.6,79.5
SR-9917,EVT-11032,AA:BB:CC:00:31,43.9,85.2
SR-9918,EVT-14729,AA:BB:CC:00:91,45.6,84.3
SR-9919,EVT-12346,AA:BB:CC:00:05,42.0 Nm,94.6
SR-9920,EVT-11888,AA:BB:CC:00:29,45.1,85.9
SR-9921,EVT-14820,AA:BB:CC:00:69,44.5,77.8
SR-9922,EVT-10973,AA:BB:CC:00:82,44.6,88.3
SR-9923,EVT-14657,AA:BB:CC:00:93,43.2,95.3
SR-9924,EVT-14698,AA:BB:CC:00:66,45.6,87.4
SR-9925,EVT-11033,AA:BB:CC:00:14,48.0,77.9
SR-9926,EVT-11233,AA:BB:CC:00:87,43.9,81.1
SR-9927,EVT-12754,AA:BB:CC:00:59,45.7,89.6
SR-9928,EVT-13459,AA:BB:CC:00:53,45.7,88.4
SR-9929,EVT-11492,AA:BB:CC:00:29,48.1,94.1
SR-9930,EVT-12197,AA:BB:CC:00:72,42.3,77.9
SR-9931,EVT-14808,AA:BB:CC:00:04,45.5,89.5
SR-9932,EVT-14459,AA:BB:CC:00:32,46.9,79.8
SR-9933,EVT-10296,AA:BB:CC:00:49,46.7 Nm,79.3
SR-9934,EVT-11512,AA:BB:CC:00:38,43.7,85.0
SR-9935,EVT-13727,AA:BB:CC:00:93,43.3,78.9
SR-9936,EVT-10580,AA:BB:CC:00:29,45.2,77.7
SR-9937,EVT-10653,AA:BB:CC:00:01,46.8,87.6
SR-9938,EVT-13507,AA:BB:CC:00:03,41.1,87.0
SR-9939,EVT-11037,AA:BB:CC:00:42,42.8,90.6
SR-9940,EVT-10686,AA:BB:CC:00:83, 45.8 ,85.4
SR-9941,EVT-12831,AA:BB:CC:00:78,45.3,87.0
SR-9942,EVT-11603,AA:BB:CC:00:32,47.4,185 F
SR-9943,EVT-12814,AA:BB:CC:00:23,50.2,91.9
SR-9944,EVT-10086,AA:BB:CC:00:26,48.2,91.3
SR-9945,EVT-10840,AA:BB:CC:00:82,44.9,84.8
SR-9946,EVT-13681,AA:BB:CC:00:79,43.3,84.7
SR-9947,EVT-14226,AA:BB:CC:00:89,42.3,80.7
SR-9948,EVT-11390,AA:BB:CC:00:100,45.8,89.0
SR-9949,EVT-13245,AA:BB:CC:00:38,41.3,88.1
SR-9950,EVT-14962,AA:BB:CC:00:22,44.7,89.2
SR-9951,EVT-13598,AA:BB:CC:00:82,45.6,82.5
SR-9952,EVT-10810,AA:BB:CC:00:12,48.7,92.8
SR-9953,EVT-11288,AA:BB:CC:00:63,45.4,75.9
SR-9954,EVT-12908,AA:BB:CC:00:91,43.4,95.1
SR-9955,EVT-13110,AA:BB:CC:00:84,46.2,82.2
SR-9956,EVT-10230,AA:BB:CC:00:16,45.4,86.8
SR-9957,EVT-12534,AA:BB:CC:00:58,47.0,92.2
SR-9958,EVT-14152,AA:BB:CC:00:15, 48.1 ,83.9
SR-9959,EVT-12101,AA:BB:CC:00:74,44.4,83.4
SR-9960,EVT-12468,AA:BB:CC:00:05,46.3,77.7
SR-9961,EVT-14041,AA:BB:CC:00:99,49.2,82.8
SR-9962,EVT-12001,AA:BB:CC:00:81,48.4,76.1
SR-9963,EVT-13483,AA:BB:CC:00:51,43.5,84.8
SR-9964,EVT-14154,AA:BB:CC:00:41,42.4,81.8
SR-9965,EVT-12477,AA:BB:CC:00:94,47.0,88.3
SR-9966,EVT-12494,AA:BB:CC:00:04,44.1,84.3
SR-9967,EVT-11442,AA:BB:CC:00:47,47.9,80.7
SR-9968,EVT-14962,AA:BB:CC:00:22,42.1,80.6
SR-9969,EVT-11906,AA:BB:CC:00:31,43.6,82.7
SR-9970,EVT-13284,AA:BB:CC:00:29,44.6,81.8
SR-9971,EVT-13641,AA:BB:CC:00:41,43.1,85.8
SR-9972,EVT-12700,AA:BB:CC:00:61,43.0,87.7
SR-9973,EVT-13973,AA:BB:CC:00:53,43.7,84.1
SR-9974,EVT-12860,AA:BB:CC:00:16,46.8,84.9
SR-9975,EVT-10132,AA:BB:CC:00:55,44.4,85.1
SR-9976,EVT-12072,AA:BB:CC:00:89,46.0,84.4
SR-9977,EVT-14807,AA:BB:CC:00:17,49.8,98.6
SR-9978,EVT-13916,AA:BB:CC:00:18,47.6,81.7
SR-9979,EVT-10047,AA:BB:CC:00:37,46.0,92.5
SR-9980,EVT-12107,AA:BB:CC:00:60,42.1,87.8
SR-9981,EVT-10790,AA:BB:CC:00:29,44.2,86.2
SR-9982,EVT-11877,AA:BB:CC:00:91,46.7,84.8
SR-9983,EVT-13861,AA:BB:CC:00:95,44.4,79.6
SR-9984,EVT-12111,AA:BB:CC:00:87,43.3,85.0
SR-9985,EVT-10628,AA:BB:CC:00:89,48.6,85.7
SR-9986,EVT-13609,AA:BB:CC:00:22,42.5,93.3
SR-9987,EVT-14707,AA:BB:CC:00:54,44.7,86.0
SR-9988,EVT-11742,AA:BB:CC:00:77,44.0,95.9
SR-9989,EVT-14069,AA:BB:CC:00:81,42.9,81.8
SR-9990,EVT-13489,AA:BB:CC:00:45,48.5,95.2
SR-9991,EVT-14667,AA:BB:CC:00:52,42.9,78.9
SR-9992,EVT-11688,AA:BB:CC:00:58,43.3,82.9
SR-9993,EVT-12613,AA:BB:CC:00:03,47.3,83.8
SR-9994,EVT-12458,AA:BB:CC:00:01,45.5,84.6
SR-9995,EVT-10020,AA:BB:CC:00:55,33.19 ft-lb,71.0
SR-9996,EVT-14642,AA:BB:CC:00:45,44.9,84.2
SR-9997,EVT-13763,AA:BB:CC:00:57,43.2,85.8
SR-9998,EVT-14549,AA:BB:CC:00:17,44.8,80.1
SR-9999,EVT-11177,AA:BB:CC:00:29,44.5,85.1
SR-10000,EVT-13726,AA:BB:CC:00:18,42.5,89.9
SR-10001,EVT-12720,AA:BB:CC:00:09,45.7,84.5
SR-10002,EVT-12968,AA:BB:CC:00:90,43.5,82.1
SR-10003,EVT-13792,AA:BB:CC:00:88,9000,83.8
SR-10004,EVT-12731,AA:BB:CC:00:97,46.1 Nm,90.8
SR-10005,EVT-14883,AA:BB:CC:00:76,45.1,77.6
SR-10006,EVT-14841,AA:BB:CC:00:15,42.5,80.8
SR-10007,EVT-10311,AA:BB:CC:00:78,46.3,89.8
SR-10008,EVT-11345,AA:BB:CC:00:09,46.5,87.7
SR-10009,EVT-12678,AA:BB:CC:00:31,45.0,84.7
SR-10010,EVT-10519,AA:BB:CC:00:98,46.0,82.5
SR-10011,EVT-14159,AA:BB:CC:00:02,42.4,91.1
SR-10012,EVT-11692,AA:BB:CC:00:54,46.4,83.8
SR-10013,EVT-13503,AA:BB:CC:00:48,45.0,85.1
SR-10014,EVT-12696,AA:BB:CC:00:01,48.1,185 F
SR-10015,EVT-12631,AA:BB:CC:00:63,41.2,88.8
SR-10016,EVT-10014,AA:BB:CC:00:34,33.19 ft-lb,91.7
SR-10017,EVT-13553,AA:BB:CC:00:87,42.9,83.1
SR-10018,EVT-11342,AA:BB:CC:00:65,43.7,79.2
SR-10019,EVT-12138,AA:BB:CC:00:97,44.8,82.5
SR-10020,EVT-12981,AA:BB:CC:00:11,44.0,92.7
SR-10021,EVT-13340,AA:BB:CC:00:09,43.3,78.0
SR-10022,EVT-11503,AA:BB:CC:00:07,43.3,83.1
SR-10023,EVT-13170,AA:BB:CC:00:46,48.2,87.3
SR-10024,EVT-12035,AA:BB:CC:00:37, 45.4 ,80.0
SR-10025,EVT-11325,AA:BB:CC:00:88,41.5,83.6
SR-10026,EVT-12851,AA:BB:CC:00:49,43.2,78.6
SR-10027,EVT-13606,AA:BB:CC:00:08,45.9,84.6
SR-10028,EVT-14011,AA:BB:CC:00:61,44.5,79.3
SR-10029,EVT-14228,AA:BB:CC:00:36,45.2,185 F
SR-10030,EVT-10515,AA:BB:CC:00:02,46.3,82.0
SR-10031,EVT-10413,AA:BB:CC:00:45,41.5,90.3
SR-10032,EVT-13176,AA:BB:CC:00:06,46.1,84.2
SR-10033,EVT-14320,AA:BB:CC:00:37,47.2,82.3
SR-10034,EVT-11263,AA:BB:CC:00:57,41.8,78.1
SR-10035,EVT-10004,AA:BB:CC:00:76,45.4,85.0
SR-10036,EVT-14511,AA:BB:CC:00:19,40.2,84.8
SR-10037,EVT-14512,AA:BB:CC:00:52,45.5,85.4
SR-10038,EVT-13981,AA:BB:CC:00:93, 45.6 ,88.1
SR-10039,EVT-11639,AA:BB:CC:00:83,42.9,79.9
SR-10040,EVT-13849,AA:BB:CC:00:31,44.1,71.8
SR-10041,EVT-11640,AA:BB:CC:00:47,44.6,81.0
SR-10042,EVT-11978,AA:BB:CC:00:39,45.0,75.3
SR-10043,EVT-13571,AA:BB:CC:00:93,44.0,87.8
SR-10044,EVT-11830,AA:BB:CC:00:51,47.2,85.0
SR-10045,EVT-10402,AA:BB:CC:00:55,45.7,92.3
SR-10046,EVT-12023,AA:BB:CC:00:21,43.7,82.1
SR-10047,EVT-12025,AA:BB:CC:00:99,47.1,81.0
SR-10048,EVT-14202,AA:BB:CC:00:33,46.0,98.0
SR-10049,EVT-11026,AA:BB:CC:00:21,42.6,88.2
SR-10050,EVT-13831,AA:BB:CC:00:10,45.1,96.4
SR-10051,EVT-10646,AA:BB:CC:00:04,46.1,87.0
SR-10052,EVT-10326,AA:BB:CC:00:48,46.8,86.4
SR-10053,EVT-12804,AA:BB:CC:00:57,48.6,80.6
SR-10054,EVT-13635,AA:BB:CC:00:12,47.3,85.4
SR-10055,EVT-14533,AA:BB:CC:00:10,44.4,83.8
SR-10056,EVT-14670,AA:BB:CC:00:67,41.1,83.3
SR-10057,EVT-12879,AA:BB:CC:00:08,46.3,86.2
SR-10058,EVT-14090,AA:BB:CC:00:69,44.5,90.4
SR-10059,EVT-10005,AA:BB:CC:00:100,46.9,77.6
SR-10060,EVT-13785,AA:BB:CC:00:22,45.1,78.3
SR-10061,EVT-10639,AA:BB:CC:00:35,42.8,84.4
SR-10062,EVT-10307,AA:BB:CC:00:87,44.0,83.8
SR-10063,EVT-11443,AA:BB:CC:00:04,45.6,81.5 C
SR-10064,EVT-10932,AA:BB:CC:00:16,45.1,83.8
SR-10065,EVT-11343,AA:BB:CC:00:37, 43.9 ,76.0
SR-10066,EVT-13318,AA:BB:CC:00:22,45.3,78.2
SR-10067,EVT-13866,AA:BB:CC:00:85,44.9,84.8
SR-10068,EVT-11920,AA:BB:CC:00:62,44.0,88.2
SR-10069,EVT-10431,AA:BB:CC:00:50,46.6,89.1
SR-10070,EVT-14260,AA:BB:CC:00:60,46.6,86.7
SR-10071,EVT-11371,AA:BB:CC:00:27,45.7,86.4
SR-10072,EVT-13382,AA:BB:CC:00:52,44.4,89.5
SR-10073,EVT-11217,AA:BB:CC:00:40,46.1,75.0
SR-10074,EVT-13841,AA:BB:CC:00:72,43.7,86.2
SR-10075,EVT-11639,AA:BB:CC:00:71,47.1,81.1
SR-10076,EVT-10273,AA:BB:CC:00:98,45.6,84.6
SR-10077,EVT-12728,AA:BB:CC:00:30,45.7,83.0
SR-10078,EVT-10865,AA:BB:CC:00:52,47.3,79.6
SR-10079,EVT-13194,AA:BB:CC:00:89,9000,90.4
SR-10080,EVT-14835,AA:BB:CC:00:38,45.8,86.4
SR-10081,EVT-12550,AA:BB:CC:00:15,44.0,85.4
SR-10082,EVT-11190,AA:BB:CC:00:28,42.9,89.6
SR-10083,EVT-11482,AA:BB:CC:00:59,46.4,89.7
SR-10084,EVT-12663,AA:BB:CC:00:40, 44.1 ,83.3
SR-10085,EVT-11538,AA:BB:CC:00:73,43.7,85.5
SR-10086,EVT-14784,AA:BB:CC:00:05,44.2,98.6
SR-10087,EVT-14067,AA:BB:CC:00:86,47.2,81.2
SR-10088,EVT-12191,AA:BB:CC:00:39,43.8,85.3
SR-10089,EVT-14578,AA:BB:CC:00:56,48.3,79.8
SR-10090,EVT-11146,AA:BB:CC:00:79,42.1,83.3
SR-10091,EVT-12383,AA:BB:CC:00:35,46.3,84.3
SR-10092,EVT-13680,AA:BB:CC:00:91,43.9 Nm,90.3
SR-10093,EVT-10332,AA:BB:CC:00:17,43.9,82.7
SR-10094,EVT-13307,AA:BB:CC:00:19,45.5,87.7
SR-10095,EVT-10063,AA:BB:CC:00:18,43.6,86.7
SR-10096,EVT-13265,AA:BB:CC:00:74,43.6,87.3
SR-10097,EVT-11193,AA:BB:CC:00:02,46.9,89.6
SR-10098,EVT-12011,AA:BB:CC:00:66,42.5,83.5
SR-10099,EVT-11643,AA:BB:CC:00:49,40.9,77.4 C
SR-10100,EVT-11823,AA:BB:CC:00:91,45.3,86.5
SR-10101,EVT-13064,AA:BB:CC:00:80,43.8,88.4
SR-10102,EVT-13781,AA:BB:CC:00:32,44.0,96.8
SR-10103,EVT-10196,AA:BB:CC:00:38,43.1,79.6
SR-10104,EVT-10023,AA:BB:CC:00:26,41.9,89.2
SR-10105,EVT-13326,AA:BB:CC:00:96,46.3,91.9
SR-10106,EVT-10576,AA:BB:CC:00:98,42.6,76.2
SR-10107,EVT-14886,AA:BB:CC:00:53,45.9,90.1
SR-10108,EVT-10591,AA:BB:CC:00:50,46.3,83.7
SR-10109,EVT-12055,AA:BB:CC:00:72,44.3,77.9
SR-10110,EVT-14652,AA:BB:CC:00:100,44.4,83.2
SR-10111,EVT-12520,AA:BB:CC:00:94,44.8,91.0
SR-10112,EVT-10365,AA:BB:CC:00:69,46.6,95.2
SR-10113,EVT-14076,AA:BB:CC:00:32,45.7,90.0
SR-10114,EVT-13143,AA:BB:CC:00:72,46.8,88.5
SR-10115,EVT-12953,AA:BB:CC:00:22,43.3,83.8
SR-10116,EVT-14158,AA:BB:CC:00:47,46.2,87.9
SR-10117,EVT-12597,AA:BB:CC:00:01,44.1,77.2
SR-10118,EVT-13348,AA:BB:CC:00:75,47.6,91.4
SR-10119,EVT-11586,AA:BB:CC:00:38,47.7,88.1
SR-10120,EVT-10009,AA:BB:CC:00:55,41.9,88.0
SR-10121,EVT-13577,AA:BB:CC:00:06,43.1,92.9
SR-10122,EVT-10665,AA:BB:CC:00:84,43.1,84.6
SR-10123,EVT-10792,AA:BB:CC:00:20,44.6,92.9
SR-10124,EVT-13281,AA:BB:CC:00:62,43.5,80.2
SR-10125,EVT-12511,AA:BB:CC:00:18,42.1,81.2
SR-10126,EVT-12292,AA:BB:CC:00:82,46.4,83.1
SR-10127,EVT-12476,AA:BB:CC:00:71,45.2,88.0
SR-10128,EVT-12026,AA:BB:CC:00:32,42.7,84.9
SR-10129,EVT-10047,AA:BB:CC:00:90,43.3,85.7
SR-10130,EVT-12061,AA:BB:CC:00:24,41.9,80.8
SR-10131,EVT-12438,AA:BB:CC:00:54,41.4,78.2
SR-10132,EVT-12725,AA:BB:CC:00:51,40.8,83.6
SR-10133,EVT-13184,AA:BB:CC:00:12,42.0,79.9
SR-10134,EVT-11110,AA:BB:CC:00:90,42.4,90.2
SR-10135,EVT-10494,AA:BB:CC:00:94,44.6,81.9
SR-10136,EVT-14344,AA:BB:CC:00:82,43.6,92.3
SR-10137,EVT-11648,AA:BB:CC:00:68,45.0,84.6
SR-10138,EVT-13297,AA:BB:CC:00:34,45.6,82.2
SR-10139,EVT-13254,AA:BB:CC:00:87,47.6,80.8
SR-10140,EVT-14176,AA:BB:CC:00:93,43.7,86.7
SR-10141,EVT-11964,AA:BB:CC:00:61,45.6,86.9
SR-10142,EVT-13858,AA:BB:CC:00:63,46.5,90.9
SR-10143,EVT-13164,AA:BB:CC:00:73,42.6,84.6
SR-10144,EVT-11729,AA:BB:CC:00:39,41.6,87.4
SR-10145,EVT-14582,AA:BB:CC:00:76,43.2,89.6
SR-10146,EVT-13683,AA:BB:CC:00:37,44.6,82.8
SR-10147,EVT-10695,AA:BB:CC:00:12,42.3,79.1
SR-10148,EVT-13808,AA:BB:CC:00:16,45.3,92.0
SR-10149,EVT-14670,AA:BB:CC:00:19,47.3,83.6
SR-10150,EVT-14481,AA:BB:CC:00:76,46.5,87.3
SR-10151,EVT-13454,AA:BB:CC:00:01,41.8,76.1
SR-10152,EVT-12702,AA:BB:CC:00:65,46.3,79.5
SR-10153,EVT-12493,AA:BB:CC:00:19,44.0,84.8
SR-10154,EVT-11291,AA:BB:CC:00:52,46.1,90.2
SR-10155,EVT-14354,AA:BB:CC:00:44,44.1,88.4
SR-10156,EVT-10253,AA:BB:CC:00:44,44.3,91.2
SR-10157,EVT-11288,AA:BB:CC:00:02,45.5,77.3
SR-10158,EVT-10429,AA:BB:CC:00:77,48.2,90.2
SR-10159,EVT-11577,AA:BB:CC:00:04,9000,78.6
SR-10160,EVT-14809,AA:BB:CC:00:19,43.2,81.7
SR-10161,EVT-11188,AA:BB:CC:00:45,44.7,78.7
SR-10162,EVT-14874,AA:BB:CC:00:33,47.3,86.8
SR-10163,EVT-13772,AA:BB:CC:00:17,45.9,87.7
SR-10164,EVT-14378,AA:BB:CC:00:57,41.7,84.1
SR-10165,EVT-10069,AA:BB:CC:00:17,45.5,83.2
SR-10166,EVT-13165,AA:BB:CC:00:04,46.8,80.4
SR-10167,EVT-12346,AA:BB:CC:00:08,49.0,86.5
SR-10168,EVT-12018,AA:BB:CC:00:94,42.3,85.2
SR-10169,EVT-12860,AA:BB:CC:00:37,43.3,80.0
SR-10170,EVT-11937,AA:BB:CC:00:96,46.9,82.1
SR-10171,EVT-14913,AA:BB:CC:00:02,44.4,82.8
SR-10172,EVT-13333,AA:BB:CC:00:89,44.3,96.5
SR-10173,EVT-12046,AA:BB:CC:00:26,43.9,89.4
SR-10174,EVT-12188,AA:BB:CC:00:41,45.7,80.4
SR-10175,EVT-11253,AA:BB:CC:00:13,46.9,88.7
SR-10176,EVT-14875,AA:BB:CC:00:83,44.0,89.4
SR-10177,EVT-11736,AA:BB:CC:00:24,42.2,87.5
SR-10178,EVT-10302,AA:BB:CC:00:73,46.2,89.6
SR-10179,EVT-13334,AA:BB:CC:00:99,42.9,82.1
SR-10180,EVT-10550,AA:BB:CC:00:62,46.1,94.4
SR-10181,EVT-11719,AA:BB:CC:00:96,45.0,93.8
SR-10182,EVT-14308,AA:BB:CC:00:65,44.5,88.8
SR-10183,EVT-10402,AA:BB:CC:00:31,43.4,94.8
SR-10184,EVT-13354,AA:BB:CC:00:18,44.4,86.1
SR-10185,EVT-13649,AA:BB:CC:00:15,44.8,84.1
SR-10186,EVT-10819,AA:BB:CC:00:24,44.4,89.9
SR-10187,EVT-10005,AA:BB:CC:00:65,47.8,92.4
SR-10188,EVT-10356,AA:BB:CC:00:15,45.1,83.4 C
SR-10189,EVT-10107,AA:BB:CC:00:87,42.5,82.4
SR-10190,EVT-13412,AA:BB:CC:00:51,42.8,83.9
SR-10191,EVT-10605,AA:BB:CC:00:20,45.4,86.4
SR-10192,EVT-11857,AA:BB:CC:00:94,41.4,73.1
SR-10193,EVT-13036,AA:BB:CC:00:52,47.5,89.7
SR-10194,EVT-12271,AA:BB:CC:00:77,47.7,79.0
SR-10195,EVT-10715,AA:BB:CC:00:05,42.2,75.7
SR-10196,EVT-12806,AA:BB:CC:00:54,45.5,86.7
SR-10197,EVT-11914,AA:BB:CC:00:37,45.8,87.7
SR-10198,EVT-11478,AA:BB:CC:00:62,48.1,81.2
SR-10199,EVT-10961,AA:BB:CC:00:11,47.4,81.3
SR-10200,EVT-14967,AA:BB:CC:00:42,42.8,83.2
SR-10201,EVT-13858,AA:BB:CC:00:06,44.2,84.6
SR-10202,EVT-14786,AA:BB:CC:00:89,43.0,86.1
SR-10203,EVT-13921,AA:BB:CC:00:45,43.9,84.3 C
SR-10204,EVT-11217,AA:BB:CC:00:57,42.7,90.9
SR-10205,EVT-10556,AA:BB:CC:00:39,41.6,93.9
SR-10206,EVT-10383,AA:BB:CC:00:93,49.5,92.7
SR-10207,EVT-14519,AA:BB:CC:00:37,41.5,88.4
SR-10208,EVT-14485,AA:BB:CC:00:40,46.3,85.5
SR-10209,EVT-13752,AA:BB:CC:00:58,42.8,85.5
SR-10210,EVT-12990,AA:BB:CC:00:97,41.3,85.1
SR-10211,EVT-10918,AA:BB:CC:00:07,43.1,91.0
SR-10212,EVT-13912,AA:BB:CC:00:82,47.1,77.4
SR-10213,EVT-14516,AA:BB:CC:00:40,46.6,85.8
SR-10214,EVT-14793,AA:BB:CC:00:35,48.1,87.0
SR-10215,EVT-12964,AA:BB:CC:00:74,45.4 Nm,88.4
SR-10216,EVT-12970,AA:BB:CC:00:87,41.5 Nm,82.5
SR-10217,EVT-10002,AA:BB:CC:00:14,44.1,93.8
SR-10218,EVT-13622,AA:BB:CC:00:83,46.1,86.0
SR-10219,EVT-11757,AA:BB:CC:00:94,45.0,84.6
SR-10220,EVT-13099,AA:BB:CC:00:09,43.5,83.3
SR-10221,EVT-10851,AA:BB:CC:00:69,43.1,92.0
SR-10222,EVT-12222,AA:BB:CC:00:39,45.6,90.5
SR-10223,EVT-10558,AA:BB:CC:00:45,46.1,82.2
SR-10224,EVT-14581,AA:BB:CC:00:61,45.4,85.2
SR-10225,EVT-13459,AA:BB:CC:00:50,47.2,87.6
SR-10226,EVT-13260,AA:BB:CC:00:96,41.1,91.0
SR-10227,EVT-13579,AA:BB:CC:00:40,44.4,90.2
SR-10228,EVT-12652,AA:BB:CC:00:28,44.8 Nm,86.9
SR-10229,EVT-13674,AA:BB:CC:00:36,46.2,87.5
SR-10230,EVT-12560,AA:BB:CC:00:10,47.8,89.4
SR-10231,EVT-12082,AA:BB:CC:00:61,46.2,89.8
SR-10232,EVT-12039,AA:BB:CC:00:68,45.4,81.3
SR-10233,EVT-10099,AA:BB:CC:00:37,44.2,79.1
SR-10234,EVT-11668,AA:BB:CC:00:92,46.4,78.6
SR-10235,EVT-13307,AA:BB:CC:00:24,45.2,88.3
SR-10236,EVT-14767,AA:BB:CC:00:34,44.1,86.4
SR-10237,EVT-11958,AA:BB:CC:00:91,47.0,95.2
SR-10238,EVT-14844,AA:BB:CC:00:01,44.5,76.2
SR-10239,EVT-12654,AA:BB:CC:00:21,45.4,88.5
SR-10240,EVT-12087,AA:BB:CC:00:71,43.3,79.4
SR-10241,EVT-11259,AA:BB:CC:00:44,45.8,88.4
SR-10242,EVT-14905,AA:BB:CC:00:40,45.7,83.3
SR-10243,EVT-10073,AA:BB:CC:00:79,43.7,85.0
SR-10244,EVT-12951,AA:BB:CC:00:78,46.6,84.5
SR-10245,EVT-14954,AA:BB:CC:00:94,46.0,82.4
SR-10246,EVT-12076,AA:BB:CC:00:52,44.5,89.2
SR-10247,EVT-13094,AA:BB:CC:00:01,44.4,80.1
SR-10248,EVT-14611,AA:BB:CC:00:53,45.2,84.8
SR-10249,EVT-12291,AA:BB:CC:00:67,48.0,86.5
SR-10250,EVT-14641,AA:BB:CC:00:33,43.9,80.7
SR-10251,EVT-10616,AA:BB:CC:00:11,43.6,83.3
SR-10252,EVT-13749,AA:BB:CC:00:87,48.1,77.9
SR-10253,EVT-11852,AA:BB:CC:00:41,49.3,87.9
SR-10254,EVT-14122,AA:BB:CC:00:89,43.3,91.9
SR-10255,EVT-11106,AA:BB:CC:00:68,45.1,76.6
SR-10256,EVT-14254,AA:BB:CC:00:49,42.4,81.8
SR-10257,EVT-13970,AA:BB:CC:00:60,43.8,79.2
SR-10258,EVT-11500,AA:BB:CC:00:96,44.5,75.6
SR-10259,EVT-11868,AA:BB:CC:00:46,45.0,83.1
SR-10260,EVT-10666,AA:BB:CC:00:84,42.1,75.6
SR-10261,EVT-13003,AA:BB:CC:00:16,44.7,73.4
SR-10262,EVT-14728,AA:BB:CC:00:84,45.5,86.1
SR-10263,EVT-12242,AA:BB:CC:00:34, 44.0 ,85.9
SR-10264,EVT-10645,AA:BB:CC:00:24,47.0,86.8
SR-10265,EVT-11018,AA:BB:CC:00:08,45.4,88.4
SR-10266,EVT-14556,AA:BB:CC:00:68,46.4,93.7
SR-10267,EVT-10002,AA:BB:CC:00:30,43.4,75.0
SR-10268,EVT-12074,AA:BB:CC:00:53,44.1,93.5
SR-10269,EVT-12292,AA:BB:CC:00:53,43.5,88.4
SR-10270,EVT-10129,AA:BB:CC:00:65,45.5,84.5
SR-10271,EVT-11343,AA:BB:CC:00:27,45.0,76.8
SR-10272,EVT-13303,AA:BB:CC:00:95,42.7,93.5
SR-10273,EVT-11195,AA:BB:CC:00:13,44.2,88.9
SR-10274,EVT-11611,AA:BB:CC:00:86,48.8,84.9
SR-10275,EVT-12614,AA:BB:CC:00:07,40.8,91.4
SR-10276,EVT-13310,AA:BB:CC:00:80,42.9,82.5
SR-10277,EVT-13704,AA:BB:CC:00:27,47.1,84.3
SR-10278,EVT-13478,AA:BB:CC:00:36,45.0,81.5
SR-10279,EVT-11727,AA:BB:CC:00:67,47.2,82.7 C
SR-10280,EVT-11976,AA:BB:CC:00:56,46.4,81.2
SR-10281,EVT-12569,AA:BB:CC:00:82,48.5,91.5
SR-10282,EVT-11012,AA:BB:CC:00:14,41.2,74.7
SR-10283,EVT-12338,AA:BB:CC:00:01,45.0,84.1
SR-10284,EVT-12693,AA:BB:CC:00:39,47.2,79.5
SR-10285,EVT-13038,AA:BB:CC:00:19,47.9,85.1
SR-10286,EVT-14862,AA:BB:CC:00:67,44.3,88.8
SR-10287,EVT-14829,AA:BB:CC:00:86,48.7,81.9
SR-10288,EVT-11403,AA:BB:CC:00:47, 43.3 ,89.8
SR-10289,EVT-13790,AA:BB:CC:00:51,44.7,82.7
SR-10290,EVT-14177,AA:BB:CC:00:65,46.8,89.1
SR-10291,EVT-14084,AA:BB:CC:00:07,45.9,95.3
SR-10292,EVT-10631,AA:BB:CC:00:93,45.2 Nm,92.1
SR-10293,EVT-13895,AA:BB:CC:00:47,45.2,91.3
SR-10294,EVT-14155,AA:BB:CC:00:07,45.4,89.0
SR-10295,EVT-10781,AA:BB:CC:00:73,50.6,88.3
SR-10296,EVT-13757,AA:BB:CC:00:96,45.2,88.1
SR-10297,EVT-10783,AA:BB:CC:00:58,45.6,81.5
SR-10298,EVT-10420,AA:BB:CC:00:96,46.2,80.6
SR-10299,EVT-13132,AA:BB:CC:00:56,43.6,78.4
SR-10300,EVT-13957,AA:BB:CC:00:80,43.8,87.3
SR-10301,EVT-13475,AA:BB:CC:00:69,45.7,79.0
SR-10302,EVT-14888,AA:BB:CC:00:34,42.7,86.9
SR-10303,EVT-10589,AA:BB:CC:00:48,43.7,92.2
SR-10304,EVT-12468,AA:BB:CC:00:96,45.4,86.4
SR-10305,EVT-11828,AA:BB:CC:00:38,45.7,84.7
SR-10306,EVT-11353,AA:BB:CC:00:40,48.2,87.1
SR-10307,EVT-11288,AA:BB:CC:00:83,45.2,90.8
SR-10308,EVT-13917,AA:BB:CC:00:97,44.9,82.3
SR-10309,EVT-11431,AA:BB:CC:00:29,38.2,83.2
SR-10310,EVT-11093,AA:BB:CC:00:85,43.3,76.6
SR-10311,EVT-10537,AA:BB:CC:00:37,48.8,87.8
SR-10312,EVT-14267,AA:BB:CC:00:07,41.3,81.9
SR-10313,EVT-11518,AA:BB:CC:00:80,48.1,94.1
SR-10314,EVT-12479,AA:BB:CC:00:77,44.6,77.9
SR-10315,EVT-13119,AA:BB:CC:00:39,33.19 ft-lb,84.1
SR-10316,EVT-13623,AA:BB:CC:00:18,45.1,85.8
SR-10317,EVT-10173,AA:BB:CC:00:10,48.9,88.5
SR-10318,EVT-12399,AA:BB:CC:00:56,41.1,87.8
SR-10319,EVT-10397,AA:BB:CC:00:23,46.5,95.9
SR-10320,EVT-10764,AA:BB:CC:00:87,48.7,92.4
SR-10321,EVT-12307,AA:BB:CC:00:56,44.4,81.5
SR-10322,EVT-11790,AA:BB:CC:00:100,46.2,88.9
SR-10323,EVT-14747,AA:BB:CC:00:33,45.5,87.8
SR-10324,EVT-13042,AA:BB:CC:00:45,43.9,81.3
SR-10325,EVT-13582,AA:BB:CC:00:76,43.9,90.1
SR-10326,EVT-10373,AA:BB:CC:00:84,45.5,84.9
SR-10327,EVT-11786,AA:BB:CC:00:34,41.9,83.8
SR-10328,EVT-11942,AA:BB:CC:00:06,33.19 ft-lb,78.3
SR-10329,EVT-11026,AA:BB:CC:00:10,42.2,78.4
SR-10330,EVT-10636,AA:BB:CC:00:74,43.9,185 F
SR-10331,EVT-10297,AA:BB:CC:00:67,48.6,84.0
SR-10332,EVT-12511,AA:BB:CC:00:38,42.9,91.1
SR-10333,EVT-10972,AA:BB:CC:00:92,44.1,83.6
SR-10334,EVT-13218,AA:BB:CC:00:79,44.0,82.9
SR-10335,EVT-12203,AA:BB:CC:00:44,46.4,93.3
SR-10336,EVT-14212,AA:BB:CC:00:09,45.5,89.3
SR-10337,EVT-13720,AA:BB:CC:00:68,45.4,80.7
SR-10338,EVT-13767,AA:BB:CC:00:30,47.3,87.5
SR-10339,EVT-12157,AA:BB:CC:00:62,43.1,83.4
SR-10340,EVT-10912,AA:BB:CC:00:33,43.3,86.0
SR-10341,EVT-12660,AA:BB:CC:00:12,48.3,80.1
SR-10342,EVT-14811,AA:BB:CC:00:99,49.0,88.5
SR-10343,EVT-10053,AA:BB:CC:00:64,40.9,88.0
SR-10344,EVT-12587,AA:BB:CC:00:76,46.8,82.6
SR-10345,EVT-13521,AA:BB:CC:00:35,43.6,86.0
SR-10346,EVT-14335,AA:BB:CC:00:62,48.3,85.3
SR-10347,EVT-12303,AA:BB:CC:00:17,45.2,86.4
SR-10348,EVT-14120,AA:BB:CC:00:97,40.6,82.3
SR-10349,EVT-12146,AA:BB:CC:00:34,45.6,84.7
SR-10350,EVT-10718,AA:BB:CC:00:83,46.2,90.9
SR-10351,EVT-12736,AA:BB:CC:00:61,45.3,85.9
SR-10352,EVT-12427,AA:BB:CC:00:84,47.7,82.5
SR-10353,EVT-12990,AA:BB:CC:00:90,47.2,87.8
SR-10354,EVT-14669,AA:BB:CC:00:62,45.3,85.8
SR-10355,EVT-10416,AA:BB:CC:00:95,40.9,85.9
SR-10356,EVT-14587,AA:BB:CC:00:10,45.5,91.4
SR-10357,EVT-10169,AA:BB:CC:00:50,44.6,84.7
SR-10358,EVT-10598,AA:BB:CC:00:72,44.8,89.6
SR-10359,EVT-12277,AA:BB:CC:00:52,43.8,91.8
SR-10360,EVT-12055,AA:BB:CC:00:07,41.6,89.5
SR-10361,EVT-14467,AA:BB:CC:00:42,42.9,90.5
SR-10362,EVT-12981,AA:BB:CC:00:57,46.9,85.8
SR-10363,EVT-13075,AA:BB:CC:00:33,47.1,81.2
SR-10364,EVT-11199,AA:BB:CC:00:54,48.3,88.8
SR-10365,EVT-12500,AA:BB:CC:00:86,44.5,86.6
SR-10366,EVT-13983,AA:BB:CC:00:99,44.9,80.7
SR-10367,EVT-13900,AA:BB:CC:00:55,43.2,95.0
SR-10368,EVT-11644,AA:BB:CC:00:09,45.4,80.6
SR-10369,EVT-10785,AA:BB:CC:00:45,44.9,84.4
SR-10370,EVT-14999,AA:BB:CC:00:38,42.2,89.0
SR-10371,EVT-13100,AA:BB:CC:00:19,46.0,83.9
SR-10372,EVT-11626,AA:BB:CC:00:96,33.19 ft-lb,79.4
SR-10373,EVT-13265,AA:BB:CC:00:98,42.7,83.4
SR-10374,EVT-14931,AA:BB:CC:00:44,45.6,86.1
SR-10375,EVT-12991,AA:BB:CC:00:62,43.0,82.0
SR-10376,EVT-14811,AA:BB:CC:00:13,43.8,80.9
SR-10377,EVT-11103,AA:BB:CC:00:86,44.9,89.2
SR-10378,EVT-13160,AA:BB:CC:00:35,46.6,84.6
SR-10379,EVT-10784,AA:BB:CC:00:49,47.7,88.1
SR-10380,EVT-14604,AA:BB:CC:00:41,43.4,91.6
SR-10381,EVT-12227,AA:BB:CC:00:55,46.8,86.0
SR-10382,EVT-14649,AA:BB:CC:00:79,44.3,85.8
SR-10383,EVT-13634,AA:BB:CC:00:15,44.4,93.3
SR-10384,EVT-11773,AA:BB:CC:00:100,45.2,83.7
SR-10385,EVT-13256,AA:BB:CC:00:96,47.6,85.3
SR-10386,EVT-12838,AA:BB:CC:00:14,45.5,89.0
SR-10387,EVT-12747,AA:BB:CC:00:94,44.7,95.1
SR-10388,EVT-11722,AA:BB:CC:00:59,45.7,83.4
SR-10389,EVT-12490,AA:BB:CC:00:46,45.8,93.7
SR-10390,EVT-12249,AA:BB:CC:00:78,41.4,82.8
SR-10391,EVT-13690,AA:BB:CC:00:28,46.0,80.2
SR-10392,EVT-11096,AA:BB:CC:00:59,45.8,83.6
SR-10393,EVT-12268,AA:BB:CC:00:99,46.5,86.7
SR-10394,EVT-11625,AA:BB:CC:00:38,44.6,88.1
SR-10395,EVT-12679,AA:BB:CC:00:40,45.2,84.0
SR-10396,EVT-14923,AA:BB:CC:00:51,44.8,92.7
SR-10397,EVT-13804,AA:BB:CC:00:98,45.2,83.1
SR-10398,EVT-10387,AA:BB:CC:00:69,45.8,91.2
SR-10399,EVT-11632,AA:BB:CC:00:88,46.5,80.8
SR-10400,EVT-13958,AA:BB:CC:00:09,46.0,88.2
SR-10401,EVT-13939,AA:BB:CC:00:11,45.4,86.0
SR-10402,EVT-12435,AA:BB:CC:00:20,42.3,82.3
SR-10403,EVT-10160,AA:BB:CC:00:34,44.6,78.0
SR-10404,EVT-12701,AA:BB:CC:00:69,46.1,82.8
SR-10405,EVT-10495,AA:BB:CC:00:33,41.6,90.2
SR-10406,EVT-12952,AA:BB:CC:00:28,51.4,82.6
SR-10407,EVT-13159,AA:BB:CC:00:53,44.4,84.2
SR-10408,EVT-12879,AA:BB:CC:00:36,43.1,78.6
SR-10409,EVT-12237,AA:BB:CC:00:41,44.1,77.5
SR-10410,EVT-10088,AA:BB:CC:00:30,43.6,83.3
SR-10411,EVT-11158,AA:BB:CC:00:27,47.4,84.9
SR-10412,EVT-14589,AA:BB:CC:00:50, 47.2 ,77.9
SR-10413,EVT-10260,AA:BB:CC:00:11,48.2,92.3
SR-10414,EVT-14973,AA:BB:CC:00:17,43.8,83.8
SR-10415,EVT-10249,AA:BB:CC:00:50,46.8,74.7
SR-10416,EVT-10595,AA:BB:CC:00:32,44.7,83.4
SR-10417,EVT-13700,AA:BB:CC:00:23,46.8,89.2
SR-10418,EVT-10090,AA:BB:CC:00:45,41.8,84.8
SR-10419,EVT-12441,AA:BB:CC:00:18,45.0,90.2
SR-10420,EVT-12469,AA:BB:CC:00:22,43.1,91.2
SR-10421,EVT-10185,AA:BB:CC:00:28,42.2,75.2
SR-10422,EVT-13558,AA:BB:CC:00:49,43.6,80.3
SR-10423,EVT-11236,AA:BB:CC:00:42,42.7,88.2
SR-10424,EVT-10975,AA:BB:CC:00:15,42.7,92.2
SR-10425,EVT-12707,AA:BB:CC:00:20,47.4,91.0
SR-10426,EVT-13889,AA:BB:CC:00:32,44.9,92.7
SR-10427,EVT-13893,AA:BB:CC:00:87,42.1,85.1
SR-10428,EVT-14013,AA:BB:CC:00:56,44.9,81.5
SR-10429,EVT-10039,AA:BB:CC:00:72,44.6,90.8
SR-10430,EVT-12199,AA:BB:CC:00:53,43.9,82.3
SR-10431,EVT-14088,AA:BB:CC:00:43,45.6,77.8
SR-10432,EVT-11620,AA:BB:CC:00:82,44.4,95.0
SR-10433,EVT-10313,AA:BB:CC:00:100,43.6,82.4
SR-10434,EVT-13578,AA:BB:CC:00:87,44.6,92.8
SR-10435,EVT-10629,AA:BB:CC:00:22,47.0,78.8
SR-10436,EVT-14273,AA:BB:CC:00:98,47.5,84.9
SR-10437,EVT-14114,AA:BB:CC:00:20,46.1,86.3
SR-10438,EVT-10271,AA:BB:CC:00:99,46.6,97.0
SR-10439,EVT-11107,AA:BB:CC:00:80,46.9,90.2
SR-10440,EVT-10837,AA:BB:CC:00:01,47.2,74.7
SR-10441,EVT-12668,AA:BB:CC:00:51,49.0,96.8
SR-10442,EVT-11760,AA:BB:CC:00:57,42.8,95.1
SR-10443,EVT-10488,AA:BB:CC:00:42,46.5,81.5
SR-10444,EVT-10402,AA:BB:CC:00:52,49.5 Nm,79.3
SR-10445,EVT-14612,AA:BB:CC:00:77,41.9 Nm,91.0
SR-10446,EVT-12630,AA:BB:CC:00:95,48.2,87.0
SR-10447,EVT-12446,AA:BB:CC:00:26,42.8,87.4
SR-10448,EVT-12044,AA:BB:CC:00:88,46.4,93.4
SR-10449,EVT-10629,AA:BB:CC:00:92,45.2,70.6
SR-10450,EVT-11505,AA:BB:CC:00:63,45.2,88.7
SR-10451,EVT-14533,AA:BB:CC:00:97,37.6,78.0
SR-10452,EVT-14412,AA:BB:CC:00:61,40.3,86.2
SR-10453,EVT-13984,AA:BB:CC:00:88,44.0,90.3
SR-10454,EVT-14989,AA:BB:CC:00:62,44.8,74.1
SR-10455,EVT-10075,AA:BB:CC:00:67,45.9,89.3
SR-10456,EVT-11306,AA:BB:CC:00:61,43.5,88.5
SR-10457,EVT-13567,AA:BB:CC:00:46,44.5,83.1
SR-10458,EVT-10792,AA:BB:CC:00:49,42.8,89.6
SR-10459,EVT-10346,AA:BB:CC:00:24,42.6,89.9
SR-10460,EVT-12177,AA:BB:CC:00:46,43.8,96.8
SR-10461,EVT-10661,AA:BB:CC:00:57,40.6,76.6
SR-10462,EVT-11375,AA:BB:CC:00:72,45.9,80.0 C
SR-10463,EVT-13893,AA:BB:CC:00:14,46.4,82.9
SR-10464,EVT-11168,AA:BB:CC:00:02,47.6,81.2
SR-10465,EVT-11015,AA:BB:CC:00:06,50.3,78.2
SR-10466,EVT-10484,AA:BB:CC:00:76,43.6,80.7
SR-10467,EVT-13316,AA:BB:CC:00:61,47.9,82.0
SR-10468,EVT-11267,AA:BB:CC:00:36,44.3 Nm,87.9
SR-10469,EVT-11142,AA:BB:CC:00:90,45.7,85.1
SR-10470,EVT-10665,AA:BB:CC:00:93,45.9,76.4
SR-10471,EVT-12599,AA:BB:CC:00:68,47.2,87.8
SR-10472,EVT-11194,AA:BB:CC:00:30,44.4,83.5
SR-10473,EVT-10299,AA:BB:CC:00:48,40.9,77.1
SR-10474,EVT-11213,AA:BB:CC:00:16,44.3,90.5
SR-10475,EVT-10951,AA:BB:CC:00:64,48.9,73.9
SR-10476,EVT-10004,AA:BB:CC:00:08,45.5,78.1
SR-10477,EVT-11830,AA:BB:CC:00:96,48.0,86.0
SR-10478,EVT-11661,AA:BB:CC:00:35,47.9,89.6
SR-10479,EVT-14875,AA:BB:CC:00:24,45.6,84.6
SR-10480,EVT-10532,AA:BB:CC:00:31,44.0,73.3
SR-10481,EVT-12134,AA:BB:CC:00:34, 43.7 ,91.3
SR-10482,EVT-14876,AA:BB:CC:00:05,45.7,81.8
SR-10483,EVT-14653,AA:BB:CC:00:14,46.2,85.0
SR-10484,EVT-14719,AA:BB:CC:00:37,47.9,83.0
SR-10485,EVT-11523,AA:BB:CC:00:100,42.7,81.0
SR-10486,EVT-11213,AA:BB:CC:00:81,43.1,81.2
SR-10487,EVT-11591,AA:BB:CC:00:20,45.6,85.0
SR-10488,EVT-11152,AA:BB:CC:00:65,43.0,78.2
SR-10489,EVT-12488,AA:BB:CC:00:16,46.4,85.2
SR-10490,EVT-13181,AA:BB:CC:00:87,45.2,80.1
SR-10491,EVT-11877,AA:BB:CC:00:11,43.4,89.3
SR-10492,EVT-11691,AA:BB:CC:00:68,49.3,86.1
SR-10493,EVT-10131,AA:BB:CC:00:44,45.5,88.5
SR-10494,EVT-13270,AA:BB:CC:00:87,46.7,91.1
SR-10495,EVT-12983,AA:BB:CC:00:95,46.7,82.3
SR-10496,EVT-10052,AA:BB:CC:00:61,47.9,90.6
SR-10497,EVT-11505,AA:BB:CC:00:31,46.5,80.7
SR-10498,EVT-14433,AA:BB:CC:00:69,45.4,85.3
SR-10499,EVT-12098,AA:BB:CC:00:91,44.2,73.1
SR-10500,EVT-12933,AA:BB:CC:00:93,47.0,87.4
SR-10501,EVT-13865,AA:BB:CC:00:77,48.0,83.7
SR-10502,EVT-12162,AA:BB:CC:00:99,48.1,87.7
SR-10503,EVT-13937,AA:BB:CC:00:61,48.3,90.7
SR-10504,EVT-13822,AA:BB:CC:00:09,45.5 Nm,90.6
SR-10505,EVT-12880,AA:BB:CC:00:50,44.1,89.9
SR-10506,EVT-14352,AA:BB:CC:00:18,44.1,90.8
SR-10507,EVT-13384,AA:BB:CC:00:15,44.9,86.2
SR-10508,EVT-14618,AA:BB:CC:00:24,47.7,89.7
SR-10509,EVT-10822,AA:BB:CC:00:95,48.9,87.1
SR-10510,EVT-13112,AA:BB:CC:00:47,47.1,89.4
SR-10511,EVT-10616,AA:BB:CC:00:71,42.9,86.8
SR-10512,EVT-14026,AA:BB:CC:00:73,42.9,87.9
SR-10513,EVT-13613,AA:BB:CC:00:80,45.5,76.4
SR-10514,EVT-12328,AA:BB:CC:00:34,42.4,83.4
SR-10515,EVT-14351,AA:BB:CC:00:96,44.1,86.8
SR-10516,EVT-11343,AA:BB:CC:00:23,44.0,89.4
SR-10517,EVT-10216,AA:BB:CC:00:20,9000,88.8
SR-10518,EVT-10449,AA:BB:CC:00:45,46.8,96.5
SR-10519,EVT-11721,AA:BB:CC:00:36,43.1,89.0
SR-10520,EVT-11279,AA:BB:CC:00:46,45.6,77.3
SR-10521,EVT-11109,AA:BB:CC:00:09,44.8,72.8
SR-10522,EVT-13765,AA:BB:CC:00:14,44.8,82.1
SR-10523,EVT-13318,AA:BB:CC:00:43, 46.2 ,81.7
SR-10524,EVT-10657,AA:BB:CC:00:84,44.3,86.1
SR-10525,EVT-10783,AA:BB:CC:00:77,45.7,84.8
SR-10526,EVT-11182,AA:BB:CC:00:61,46.5,82.0
SR-10527,EVT-14598,AA:BB:CC:00:81,44.6,81.1
SR-10528,EVT-11583,AA:BB:CC:00:22,45.5,84.6
SR-10529,EVT-13707,AA:BB:CC:00:05,45.9,79.0
SR-10530,EVT-11868,AA:BB:CC:00:100,43.9,84.9
SR-10531,EVT-14769,AA:BB:CC:00:59,44.1,90.0
SR-10532,EVT-13305,AA:BB:CC:00:32,41.9,87.1
SR-10533,EVT-10375,AA:BB:CC:00:93,43.4,92.4
SR-10534,EVT-10059,AA:BB:CC:00:76,42.4,85.0
SR-10535,EVT-14647,AA:BB:CC:00:35,45.2,84.3
SR-10536,EVT-10656,AA:BB:CC:00:04,46.6,87.7
SR-10537,EVT-13240,AA:BB:CC:00:81,46.3,84.5
SR-10538,EVT-10823,AA:BB:CC:00:85,46.9,91.3
SR-10539,EVT-13143,AA:BB:CC:00:82,44.9,89.6
SR-10540,EVT-13984,AA:BB:CC:00:47,45.0,86.3
SR-10541,EVT-13210,AA:BB:CC:00:73,47.7,86.7
SR-10542,EVT-13763,AA:BB:CC:00:78,42.2,87.7
SR-10543,EVT-13435,AA:BB:CC:00:54,41.8,82.2
SR-10544,EVT-11650,AA:BB:CC:00:60,44.9,83.7
SR-10545,EVT-13202,AA:BB:CC:00:51,46.4,85.2
SR-10546,EVT-10249,AA:BB:CC:00:88,42.9,86.3
SR-10547,EVT-11160,AA:BB:CC:00:13,45.1,87.7
SR-10548,EVT-13582,AA:BB:CC:00:35,44.5,84.7
SR-10549,EVT-10073,AA:BB:CC:00:16,43.0,88.7 C
SR-10550,EVT-14615,AA:BB:CC:00:68,45.2,83.8
SR-10551,EVT-10783,AA:BB:CC:00:03,41.6,84.5
SR-10552,EVT-14874,AA:BB:CC:00:98,46.0,90.8
SR-10553,EVT-12326,AA:BB:CC:00:62,46.7,90.5
SR-10554,EVT-10951,AA:BB:CC:00:79,43.8,80.7
SR-10555,EVT-13065,AA:BB:CC:00:31,46.7,83.1
SR-10556,EVT-11685,AA:BB:CC:00:01,46.1,77.7
SR-10557,EVT-13943,AA:BB:CC:00:62,43.1,81.6
SR-10558,EVT-11425,AA:BB:CC:00:01,44.6,80.7
SR-10559,EVT-14902,AA:BB:CC:00:33,9000,73.1
SR-10560,EVT-12695,AA:BB:CC:00:90,45.7,86.5
SR-10561,EVT-12692,AA:BB:CC:00:42,42.2,87.3
SR-10562,EVT-14868,AA:BB:CC:00:65,45.9,78.2
SR-10563,EVT-14626,AA:BB:CC:00:16,42.7,79.5
SR-10564,EVT-12000,AA:BB:CC:00:37,41.8,80.1
SR-10565,EVT-10380,AA:BB:CC:00:52,45.8,88.3
SR-10566,EVT-14156,AA:BB:CC:00:35,44.7,85.3
SR-10567,EVT-11980,AA:BB:CC:00:72,45.2,76.8
SR-10568,EVT-12235,AA:BB:CC:00:47,47.5,82.0
SR-10569,EVT-12433,AA:BB:CC:00:99,44.5,80.9
SR-10570,EVT-12550,AA:BB:CC:00:02,43.4,79.6
SR-10571,EVT-14273,AA:BB:CC:00:44,42.1,90.3
SR-10572,EVT-13248,AA:BB:CC:00:53,47.0,84.2
SR-10573,EVT-10113,AA:BB:CC:00:82,45.6,79.3
SR-10574,EVT-10207,AA:BB:CC:00:74,45.6,80.4
SR-10575,EVT-12038,AA:BB:CC:00:10,46.3,94.3
SR-10576,EVT-10454,AA:BB:CC:00:45,47.8,92.6
SR-10577,EVT-10601,AA:BB:CC:00:76,43.2,78.3
SR-10578,EVT-11756,AA:BB:CC:00:58,43.1,83.8
SR-10579,EVT-11581,AA:BB:CC:00:24,44.6,85.5
SR-10580,EVT-11126,AA:BB:CC:00:22,43.1,78.1
SR-10581,EVT-10903,AA:BB:CC:00:41,45.3,81.2
SR-10582,EVT-10653,AA:BB:CC:00:05,44.2,82.6
SR-10583,EVT-11907,AA:BB:CC:00:86,46.0,83.5
SR-10584,EVT-10077,AA:BB:CC:00:04,44.3,86.5
SR-10585,EVT-14130,AA:BB:CC:00:82,45.6,85.2
SR-10586,EVT-10587,AA:BB:CC:00:94,43.8,88.9
SR-10587,EVT-10426,AA:BB:CC:00:97,45.8,92.0
SR-10588,EVT-12178,AA:BB:CC:00:59,46.4,82.4
SR-10589,EVT-12504,AA:BB:CC:00:22,44.6,79.8
SR-10590,EVT-13178,AA:BB:CC:00:60,46.1,86.4
SR-10591,EVT-13004,AA:BB:CC:00:70,44.3,185 F
SR-10592,EVT-12326,AA:BB:CC:00:11,43.2,78.4 C
SR-10593,EVT-13791,AA:BB:CC:00:46,46.2,92.4
SR-10594,EVT-10607,AA:BB:CC:00:41,45.3,85.0
SR-10595,EVT-14032,AA:BB:CC:00:07,47.1,87.2
SR-10596,EVT-11027,AA:BB:CC:00:24,42.7,89.6
SR-10597,EVT-12265,AA:BB:CC:00:08,44.4,84.5
SR-10598,EVT-11658,AA:BB:CC:00:12,44.0,83.4
SR-10599,EVT-11895,AA:BB:CC:00:10,44.8,78.7
SR-10600,EVT-10285,AA:BB:CC:00:11,42.5,82.0
SR-10601,EVT-13429,AA:BB:CC:00:20,47.2,78.5
SR-10602,EVT-11184,AA:BB:CC:00:44,44.6,83.5
SR-10603,EVT-11440,AA:BB:CC:00:23,41.1 Nm,88.3
SR-10604,EVT-13603,AA:BB:CC:00:22,42.1,87.5
SR-10605,EVT-12014,AA:BB:CC:00:45,44.2,77.8
SR-10606,EVT-12113,AA:BB:CC:00:22,42.4,86.0
SR-10607,EVT-14325,AA:BB:CC:00:39,45.4,81.1
SR-10608,EVT-13286,AA:BB:CC:00:41,47.3,85.3
SR-10609,EVT-12803,AA:BB:CC:00:56,43.5,81.1
SR-10610,EVT-10011,AA:BB:CC:00:67,46.0,90.0
SR-10611,EVT-12660,AA:BB:CC:00:35,47.7,91.9
SR-10612,EVT-10685,AA:BB:CC:00:16,38.8,86.5
SR-10613,EVT-11252,AA:BB:CC:00:18,44.4,85.7
SR-10614,EVT-10241,AA:BB:CC:00:13,43.7,84.9
SR-10615,EVT-13887,AA:BB:CC:00:22,43.5,83.3
SR-10616,EVT-10212,AA:BB:CC:00:09,46.1,91.6
SR-10617,EVT-12921,AA:BB:CC:00:70,43.7,90.1
SR-10618,EVT-14436,AA:BB:CC:00:09,45.4,91.1
SR-10619,EVT-13108,AA:BB:CC:00:18,45.4,84.4
SR-10620,EVT-12492,AA:BB:CC:00:64,44.0,82.8
SR-10621,EVT-14014,AA:BB:CC:00:97,48.0,72.4
SR-10622,EVT-14570,AA:BB:CC:00:38,47.9,88.8
SR-10623,EVT-13703,AA:BB:CC:00:51,40.3,87.6
SR-10624,EVT-12576,AA:BB:CC:00:58,46.2,79.8
SR-10625,EVT-11823,AA:BB:CC:00:22,45.4,80.8
SR-10626,EVT-10905,AA:BB:CC:00:97,42.8,76.1
SR-10627,EVT-11201,AA:BB:CC:00:56,45.0,91.8
SR-10628,EVT-10970,AA:BB:CC:00:29,9000,88.5
SR-10629,EVT-10785,AA:BB:CC:00:55,44.3,88.7
SR-10630,EVT-10705,AA:BB:CC:00:80,43.7,91.5
SR-10631,EVT-14514,AA:BB:CC:00:04,44.9,81.2
SR-10632,EVT-13589,AA:BB:CC:00:36,45.3,82.2
SR-10633,EVT-14806,AA:BB:CC:00:74,45.1,95.3
SR-10634,EVT-13310,AA:BB:CC:00:32,45.6,84.7
SR-10635,EVT-12636,AA:BB:CC:00:96,43.1,88.8
SR-10636,EVT-10613,AA:BB:CC:00:14,46.4,80.3
SR-10637,EVT-10577,AA:BB:CC:00:84,45.9,84.8
SR-10638,EVT-14807,AA:BB:CC:00:18,46.6,75.1
SR-10639,EVT-11096,AA:BB:CC:00:67,42.4,82.9
SR-10640,EVT-10166,AA:BB:CC:00:70,47.2,89.4
SR-10641,EVT-13888,AA:BB:CC:00:82,45.9,88.1
SR-10642,EVT-12892,AA:BB:CC:00:96,42.7,82.7
SR-10643,EVT-11762,AA:BB:CC:00:09,44.6,79.5
SR-10644,EVT-13243,AA:BB:CC:00:26,45.6,90.2
SR-10645,EVT-12292,AA:BB:CC:00:48,48.0,87.9
SR-10646,EVT-12351,AA:BB:CC:00:19,43.2,86.4
SR-10647,EVT-10381,AA:BB:CC:00:70,51.4,86.3
SR-10648,EVT-13228,AA:BB:CC:00:02,44.3,86.5
SR-10649,EVT-13723,AA:BB:CC:00:28,42.1,80.8
SR-10650,EVT-10166,AA:BB:CC:00:84,45.8,90.1
SR-10651,EVT-13051,AA:BB:CC:00:78,43.9,79.6
SR-10652,EVT-11898,AA:BB:CC:00:97,41.0,88.0
SR-10653,EVT-13371,AA:BB:CC:00:68,47.3,185 F
SR-10654,EVT-10861,AA:BB:CC:00:53,45.5,86.4
SR-10655,EVT-14190,AA:BB:CC:00:92,48.1,95.0
SR-10656,EVT-13540,AA:BB:CC:00:42,44.6,97.1
SR-10657,EVT-14553,AA:BB:CC:00:30,43.0,93.5
SR-10658,EVT-13587,AA:BB:CC:00:18,42.7,95.9
SR-10659,EVT-10529,AA:BB:CC:00:09,42.5,86.9
SR-10660,EVT-13515,AA:BB:CC:00:07,46.1,81.4
SR-10661,EVT-12668,AA:BB:CC:00:100,45.8,87.6
SR-10662,EVT-10895,AA:BB:CC:00:53,43.1,86.8
SR-10663,EVT-11661,AA:BB:CC:00:79,43.8,82.2
SR-10664,EVT-10319,AA:BB:CC:00:91,47.7,86.7
SR-10665,EVT-11636,AA:BB:CC:00:05,45.8,93.0
SR-10666,EVT-13475,AA:BB:CC:00:43,47.2,91.1
SR-10667,EVT-10691,AA:BB:CC:00:69,45.8,82.9
SR-10668,EVT-12351,AA:BB:CC:00:86,46.5,80.3
SR-10669,EVT-13935,AA:BB:CC:00:87,45.3,90.3
SR-10670,EVT-11268,AA:BB:CC:00:13,40.4,79.9
SR-10671,EVT-10243,AA:BB:CC:00:70,47.1,79.2
SR-10672,EVT-14954,AA:BB:CC:00:47,44.5,94.4
SR-10673,EVT-12472,AA:BB:CC:00:45,9000,87.6
SR-10674,EVT-14828,AA:BB:CC:00:98,44.1,81.4
SR-10675,EVT-13892,AA:BB:CC:00:02,44.9,85.6
SR-10676,EVT-12135,AA:BB:CC:00:09,43.3,88.3
SR-10677,EVT-12460,AA:BB:CC:00:22,48.4,84.3
SR-10678,EVT-12598,AA:BB:CC:00:90,45.2,87.0
SR-10679,EVT-10593,AA:BB:CC:00:20,43.6,78.6
SR-10680,EVT-14105,AA:BB:CC:00:74,43.5,88.1
SR-10681,EVT-12030,AA:BB:CC:00:85,44.2,82.7
SR-10682,EVT-13336,AA:BB:CC:00:60,46.0,84.0
SR-10683,EVT-11713,AA:BB:CC:00:11, 48.7 ,89.4
SR-10684,EVT-11994,AA:BB:CC:00:21,44.0,74.9
SR-10685,EVT-10267,AA:BB:CC:00:82,46.7,81.6
SR-10686,EVT-10385,AA:BB:CC:00:66,45.1,88.3
SR-10687,EVT-11497,AA:BB:CC:00:53,42.1,85.6
SR-10688,EVT-13088,AA:BB:CC:00:100,45.1,83.5
SR-10689,EVT-12082,AA:BB:CC:00:93,46.0,83.8
SR-10690,EVT-12757,AA:BB:CC:00:22,46.2,83.2
SR-10691,EVT-12850,AA:BB:CC:00:80,46.3,88.7
SR-10692,EVT-14295,AA:BB:CC:00:24, 43.6 ,82.5
SR-10693,EVT-14063,AA:BB:CC:00:66,46.4,78.3
SR-10694,EVT-14385,AA:BB:CC:00:95,41.3,96.1
SR-10695,EVT-13082,AA:BB:CC:00:26,45.7,85.0
SR-10696,EVT-13970,AA:BB:CC:00:71,42.7,82.7
SR-10697,EVT-13153,AA:BB:CC:00:36,47.2 Nm,99.0
SR-10698,EVT-11361,AA:BB:CC:00:37,45.7,80.8
SR-10699,EVT-12933,AA:BB:CC:00:18,42.3,89.9
SR-10700,EVT-10178,AA:BB:CC:00:27,45.4,82.2
SR-10701,EVT-13666,AA:BB:CC:00:94,45.4,74.0
SR-10702,EVT-13816,AA:BB:CC:00:74,44.5,88.6
SR-10703,EVT-11112,AA:BB:CC:00:95,45.5,82.1
SR-10704,EVT-14715,AA:BB:CC:00:80,45.7,88.0
SR-10705,EVT-10513,AA:BB:CC:00:19,43.7,85.8
SR-10706,EVT-14865,AA:BB:CC:00:58,42.6,90.2
SR-10707,EVT-14228,AA:BB:CC:00:36,9000,88.4
SR-10708,EVT-12976,AA:BB:CC:00:33,44.6,91.0
SR-10709,EVT-11691,AA:BB:CC:00:61,46.7,84.7
SR-10710,EVT-14657,AA:BB:CC:00:06,43.1,84.4
SR-10711,EVT-10168,AA:BB:CC:00:80,43.8,80.3
SR-10712,EVT-13017,AA:BB:CC:00:04,46.1,84.1
SR-10713,EVT-13395,AA:BB:CC:00:09,44.9,83.1
SR-10714,EVT-10816,AA:BB:CC:00:25,40.9,84.5
SR-10715,EVT-12193,AA:BB:CC:00:23,45.5,94.4
SR-10716,EVT-12896,AA:BB:CC:00:68,44.6,87.4
SR-10717,EVT-12456,AA:BB:CC:00:57,42.9,77.2
SR-10718,EVT-13467,AA:BB:CC:00:69,43.4,97.0
SR-10719,EVT-12862,AA:BB:CC:00:26,45.6,82.1
SR-10720,EVT-13028,AA:BB:CC:00:91,46.4,87.8
SR-10721,EVT-13667,AA:BB:CC:00:04,43.0,92.0
SR-10722,EVT-12652,AA:BB:CC:00:21,45.1,83.2
SR-10723,EVT-12114,AA:BB:CC:00:25,44.2,84.1
SR-10724,EVT-14806,AA:BB:CC:00:75,44.0,88.8
SR-10725,EVT-11595,AA:BB:CC:00:31,45.7,94.1
SR-10726,EVT-11888,AA:BB:CC:00:81,44.5,83.5
SR-10727,EVT-13283,AA:BB:CC:00:07,44.8,86.2
SR-10728,EVT-10938,AA:BB:CC:00:91,46.3,83.8
SR-10729,EVT-12468,AA:BB:CC:00:13,43.7,82.1
SR-10730,EVT-13554,AA:BB:CC:00:55,43.3,77.0
SR-10731,EVT-10340,AA:BB:CC:00:95,48.0,76.8
SR-10732,EVT-12227,AA:BB:CC:00:68,47.1,82.6
SR-10733,EVT-11277,AA:BB:CC:00:09,44.8,94.9
SR-10734,EVT-11019,AA:BB:CC:00:58,43.3,85.5
SR-10735,EVT-10839,AA:BB:CC:00:43,47.4,78.6
SR-10736,EVT-12290,AA:BB:CC:00:30,44.5,81.6
SR-10737,EVT-11955,AA:BB:CC:00:88,44.2,91.8 C
SR-10738,EVT-14233,AA:BB:CC:00:68,47.8,88.7
SR-10739,EVT-13419,AA:BB:CC:00:61,44.2,85.5 C
SR-10740,EVT-10125,AA:BB:CC:00:67,45.5,91.8
SR-10741,EVT-13473,AA:BB:CC:00:54,43.6,79.6
SR-10742,EVT-13931,AA:BB:CC:00:39,43.9,80.1
SR-10743,EVT-13838,AA:BB:CC:00:29,46.2,90.1
SR-10744,EVT-10257,AA:BB:CC:00:21,45.7,80.9
SR-10745,EVT-10553,AA:BB:CC:00:12,48.1,83.3
SR-10746,EVT-14702,AA:BB:CC:00:82,47.2,85.7
SR-10747,EVT-11745,AA:BB:CC:00:69,48.3,83.5
SR-10748,EVT-13599,AA:BB:CC:00:23,48.3,92.0
SR-10749,EVT-11001,AA:BB:CC:00:17,43.8,92.1
SR-10750,EVT-14644,AA:BB:CC:00:61,43.0,90.3
SR-10751,EVT-14806,AA:BB:CC:00:31,48.1,90.8
SR-10752,EVT-12181,AA:BB:CC:00:12,43.6,77.4
SR-10753,EVT-13477,AA:BB:CC:00:48,45.1 Nm,80.1
SR-10754,EVT-10369,AA:BB:CC:00:22,44.5,89.4
SR-10755,EVT-10862,AA:BB:CC:00:52,43.2,81.8
SR-10756,EVT-13820,AA:BB:CC:00:05,43.9,83.7
SR-10757,EVT-14269,AA:BB:CC:00:84,43.3,88.1
SR-10758,EVT-11333,AA:BB:CC:00:80,42.2,91.5
SR-10759,EVT-10419,AA:BB:CC:00:74,44.1,88.3
SR-10760,EVT-10296,AA:BB:CC:00:63,46.3,73.5
SR-10761,EVT-14086,AA:BB:CC:00:76,48.4,80.1
SR-10762,EVT-12882,AA:BB:CC:00:06,45.4,87.8
SR-10763,EVT-10790,AA:BB:CC:00:87,43.6,90.3
SR-10764,EVT-10316,AA:BB:CC:00:64,46.6,92.4
SR-10765,EVT-13344,AA:BB:CC:00:58,44.6,78.2
SR-10766,EVT-12780,AA:BB:CC:00:25,45.4,90.7
SR-10767,EVT-10143,AA:BB:CC:00:85, 47.4 ,83.3
SR-10768,EVT-10829,AA:BB:CC:00:83,46.7,79.7
SR-10769,EVT-12674,AA:BB:CC:00:53,40.7,88.9
SR-10770,EVT-13464,AA:BB:CC:00:98,45.6,85.5
SR-10771,EVT-12806,AA:BB:CC:00:20,44.2,86.0
SR-10772,EVT-13649,AA:BB:CC:00:03,45.1,77.4
SR-10773,EVT-13394,AA:BB:CC:00:64,42.8,85.7
SR-10774,EVT-11294,AA:BB:CC:00:07,44.8,78.9
SR-10775,EVT-10530,AA:BB:CC:00:03,42.5,88.6
SR-10776,EVT-10525,AA:BB:CC:00:43,46.5,87.9 C
SR-10777,EVT-11166,AA:BB:CC:00:45, 47.5 ,80.2
SR-10778,EVT-13670,AA:BB:CC:00:04,43.6,88.2
SR-10779,EVT-13338,AA:BB:CC:00:34,48.1,91.6
SR-10780,EVT-12110,AA:BB:CC:00:70,46.4,84.0
SR-10781,EVT-14290,AA:BB:CC:00:85,46.3,89.1
SR-10782,EVT-12730,AA:BB:CC:00:44,45.7,88.2
SR-10783,EVT-11664,AA:BB:CC:00:42,46.4,86.3
SR-10784,EVT-14090,AA:BB:CC:00:58,46.7,82.6
SR-10785,EVT-10852,AA:BB:CC:00:52,41.0,74.9
SR-10786,EVT-13096,AA:BB:CC:00:68,46.0,81.0
SR-10787,EVT-14169,AA:BB:CC:00:49,48.5,82.6
SR-10788,EVT-14305,AA:BB:CC:00:12,45.2,81.9
SR-10789,EVT-10224,AA:BB:CC:00:51,33.19 ft-lb,93.0
SR-10790,EVT-13636,AA:BB:CC:00:85,44.2,89.0
SR-10791,EVT-10418,AA:BB:CC:00:98,41.3,87.6
SR-10792,EVT-10408,AA:BB:CC:00:07,43.5,85.2
SR-10793,EVT-10130,AA:BB:CC:00:62,50.2,86.5
SR-10794,EVT-12994,AA:BB:CC:00:59,50.1,78.5
SR-10795,EVT-13544,AA:BB:CC:00:40,44.4,80.7
SR-10796,EVT-12998,AA:BB:CC:00:50,45.7,89.0
SR-10797,EVT-12193,AA:BB:CC:00:40,47.7,84.9
SR-10798,EVT-12994,AA:BB:CC:00:85,45.2,84.0
SR-10799,EVT-11053,AA:BB:CC:00:25,46.3,83.5
SR-10800,EVT-12087,AA:BB:CC:00:06,48.9,88.3
SR-10801,EVT-13693,AA:BB:CC:00:91,45.9,91.1
SR-10802,EVT-11053,AA:BB:CC:00:64,46.1,86.6
SR-10803,EVT-11367,AA:BB:CC:00:99,44.8,89.5
SR-10804,EVT-10601,AA:BB:CC:00:44,43.6,79.9
SR-10805,EVT-12880,AA:BB:CC:00:01,46.9,86.6
SR-10806,EVT-11376,AA:BB:CC:00:81,47.8,88.3
SR-10807,EVT-11095,AA:BB:CC:00:05,43.5,81.5
SR-10808,EVT-13463,AA:BB:CC:00:44,41.1,86.6
SR-10809,EVT-11994,AA:BB:CC:00:58,39.5,86.4
SR-10810,EVT-11297,AA:BB:CC:00:96,45.6,79.3
SR-10811,EVT-11127,AA:BB:CC:00:18,44.9,84.3
SR-10812,EVT-13648,AA:BB:CC:00:45,48.4,78.2
SR-10813,EVT-12441,AA:BB:CC:00:58,44.6,79.4
SR-10814,EVT-13108,AA:BB:CC:00:41,47.8,83.6 C
SR-10815,EVT-14380,AA:BB:CC:00:35,43.5,84.7
SR-10816,EVT-11709,AA:BB:CC:00:36,46.1,89.3
SR-10817,EVT-10727,AA:BB:CC:00:42,44.0,84.2
SR-10818,EVT-11553,AA:BB:CC:00:74,44.6,89.5
SR-10819,EVT-12638,AA:BB:CC:00:02,39.4,85.6
SR-10820,EVT-11951,AA:BB:CC:00:18,42.5,82.1
SR-10821,EVT-12021,AA:BB:CC:00:35,44.1,81.7
SR-10822,EVT-13306,AA:BB:CC:00:22,44.1,83.6
SR-10823,EVT-11555,AA:BB:CC:00:55,46.6,84.7
SR-10824,EVT-12849,AA:BB:CC:00:69,43.0,82.6
SR-10825,EVT-10584,AA:BB:CC:00:47,46.7,82.8
SR-10826,EVT-13496,AA:BB:CC:00:24,41.4,84.3
SR-10827,EVT-11377,AA:BB:CC:00:32,46.1,84.9
SR-10828,EVT-14258,AA:BB:CC:00:98,44.2,81.4
SR-10829,EVT-13256,AA:BB:CC:00:11,42.9,80.4
SR-10830,EVT-11399,AA:BB:CC:00:10,47.0,83.1
SR-10831,EVT-12842,AA:BB:CC:00:87,48.4,79.1
SR-10832,EVT-12321,AA:BB:CC:00:74,47.2,87.9
SR-10833,EVT-14762,AA:BB:CC:00:43,45.1,90.7
SR-10834,EVT-14830,AA:BB:CC:00:07,48.3,78.7
SR-10835,EVT-11947,AA:BB:CC:00:48,46.1,83.8
SR-10836,EVT-11166,AA:BB:CC:00:77,44.7,81.5
SR-10837,EVT-13630,AA:BB:CC:00:23,42.5,85.4
SR-10838,EVT-11827,AA:BB:CC:00:75,43.0,83.2
SR-10839,EVT-10735,AA:BB:CC:00:99,46.9,90.6
SR-10840,EVT-11068,AA:BB:CC:00:08,43.9,87.6
SR-10841,EVT-13702,AA:BB:CC:00:87,42.7,82.8
SR-10842,EVT-11180,AA:BB:CC:00:100,46.0,83.8
SR-10843,EVT-13553,AA:BB:CC:00:07,44.6,78.1
SR-10844,EVT-11173,AA:BB:CC:00:10,44.7,85.2
SR-10845,EVT-12375,AA:BB:CC:00:12,43.5,88.3
SR-10846,EVT-13382,AA:BB:CC:00:95,39.9,80.8
SR-10847,EVT-13979,AA:BB:CC:00:75,42.7,78.5
SR-10848,EVT-13553,AA:BB:CC:00:37,41.7,90.1
SR-10849,EVT-12703,AA:BB:CC:00:26,46.9,86.1
SR-10850,EVT-12862,AA:BB:CC:00:05,49.4,185 F
SR-10851,EVT-11531,AA:BB:CC:00:51,44.7 Nm,86.0
SR-10852,EVT-14168,AA:BB:CC:00:47, 39.2 ,79.2
SR-10853,EVT-13866,AA:BB:CC:00:07,45.2,83.8
SR-10854,EVT-12043,AA:BB:CC:00:36,47.9,93.7
SR-10855,EVT-14490,AA:BB:CC:00:07,45.1,80.7
SR-10856,EVT-10862,AA:BB:CC:00:39,46.1,82.2
SR-10857,EVT-13726,AA:BB:CC:00:42,45.8,89.7
SR-10858,EVT-14954,AA:BB:CC:00:100,44.7,90.5
SR-10859,EVT-13616,AA:BB:CC:00:54,45.7,79.2
SR-10860,EVT-14294,AA:BB:CC:00:06,43.3,85.3
SR-10861,EVT-12774,AA:BB:CC:00:85, 45.0 ,91.5
SR-10862,EVT-14451,AA:BB:CC:00:65,45.1,84.7
SR-10863,EVT-13093,AA:BB:CC:00:02,40.7,83.6
SR-10864,EVT-11856,AA:BB:CC:00:67,44.7,84.9
SR-10865,EVT-10569,AA:BB:CC:00:98,43.1,91.7
SR-10866,EVT-11818,AA:BB:CC:00:14,40.5,85.2
SR-10867,EVT-13530,AA:BB:CC:00:89,44.9,78.2
SR-10868,EVT-11010,AA:BB:CC:00:80,42.3,86.6
SR-10869,EVT-13723,AA:BB:CC:00:79,44.3,92.0
SR-10870,EVT-13515,AA:BB:CC:00:24,45.1,81.2
SR-10871,EVT-12375,AA:BB:CC:00:41,45.8,79.2
SR-10872,EVT-11484,AA:BB:CC:00:72,48.2,83.6
SR-10873,EVT-11568,AA:BB:CC:00:54,39.5,88.1
SR-10874,EVT-14721,AA:BB:CC:00:02,44.8,80.6
SR-10875,EVT-11484,AA:BB:CC:00:90,47.6,84.4
SR-10876,EVT-11305,AA:BB:CC:00:18,43.9,86.1
SR-10877,EVT-14662,AA:BB:CC:00:18,45.5,88.8 C
SR-10878,EVT-12414,AA:BB:CC:00:19,44.1,73.4
SR-10879,EVT-14275,AA:BB:CC:00:37,42.9,84.4
SR-10880,EVT-10392,AA:BB:CC:00:97,48.8,84.6
SR-10881,EVT-13022,AA:BB:CC:00:96,45.1,80.5
SR-10882,EVT-11336,AA:BB:CC:00:89,46.2,90.1
SR-10883,EVT-14280,AA:BB:CC:00:91,47.9,92.8
SR-10884,EVT-10118,AA:BB:CC:00:21,46.0,86.4
SR-10885,EVT-13374,AA:BB:CC:00:87,47.1,85.2
SR-10886,EVT-10879,AA:BB:CC:00:62,45.8,80.1
SR-10887,EVT-10083,AA:BB:CC:00:75,46.4,82.8
SR-10888,EVT-11006,AA:BB:CC:00:21,43.7,90.2
SR-10889,EVT-10437,AA:BB:CC:00:43,45.4,88.5
SR-10890,EVT-10662,AA:BB:CC:00:95,44.1,85.3
SR-10891,EVT-12371,AA:BB:CC:00:58,45.2,81.8
SR-10892,EVT-14285,AA:BB:CC:00:35,40.9,185 F
SR-10893,EVT-10978,AA:BB:CC:00:99,45.0,82.8
SR-10894,EVT-10571,AA:BB:CC:00:16,45.5,81.5
SR-10895,EVT-10420,AA:BB:CC:00:52,43.8,78.8
SR-10896,EVT-12849,AA:BB:CC:00:31,46.1,86.0
SR-10897,EVT-11758,AA:BB:CC:00:77,44.3,91.8
SR-10898,EVT-11451,AA:BB:CC:00:83,45.7,78.6
SR-10899,EVT-10802,AA:BB:CC:00:10,48.0,89.2
SR-10900,EVT-12708,AA:BB:CC:00:48,43.2,79.4
SR-10901,EVT-11223,AA:BB:CC:00:69,43.3,87.4
SR-10902,EVT-13409,AA:BB:CC:00:64,9000,79.8
SR-10903,EVT-12600,AA:BB:CC:00:49,43.4,79.8
SR-10904,EVT-14350,AA:BB:CC:00:04,45.4,84.5
SR-10905,EVT-12524,AA:BB:CC:00:40,44.5,83.5
SR-10906,EVT-10463,AA:BB:CC:00:76,40.0,76.3
SR-10907,EVT-10504,AA:BB:CC:00:60,44.7,81.2
SR-10908,EVT-10533,AA:BB:CC:00:41,43.2,76.4
SR-10909,EVT-11153,AA:BB:CC:00:90,45.4,86.6
SR-10910,EVT-12219,AA:BB:CC:00:47,46.6,85.8
SR-10911,EVT-14326,AA:BB:CC:00:43,43.1,84.1
SR-10912,EVT-10594,AA:BB:CC:00:64,43.8,91.9
SR-10913,EVT-14105,AA:BB:CC:00:15,41.8,87.3
SR-10914,EVT-12131,AA:BB:CC:00:96,45.2,88.8
SR-10915,EVT-11925,AA:BB:CC:00:29,44.7,76.1
SR-10916,EVT-14474,AA:BB:CC:00:30,45.8,82.4
SR-10917,EVT-12549,AA:BB:CC:00:29,45.5,76.7
SR-10918,EVT-11894,AA:BB:CC:00:91,45.4,79.8
SR-10919,EVT-14711,AA:BB:CC:00:79,43.9,75.5
SR-10920,EVT-12087,AA:BB:CC:00:100,46.8,72.3
SR-10921,EVT-13471,AA:BB:CC:00:92,46.1,94.2
SR-10922,EVT-11639,AA:BB:CC:00:80,45.8,89.4
SR-10923,EVT-13967,AA:BB:CC:00:74,44.7,82.7
SR-10924,EVT-13431,AA:BB:CC:00:34,47.4,82.2
SR-10925,EVT-10709,AA:BB:CC:00:63,45.8,76.5
SR-10926,EVT-13468,AA:BB:CC:00:12,45.4,83.4
SR-10927,EVT-11987,AA:BB:CC:00:25,42.0,84.5
SR-10928,EVT-14657,AA:BB:CC:00:08,47.1 Nm,92.2
SR-10929,EVT-13001,AA:BB:CC:00:96,49.9,97.1
SR-10930,EVT-11670,AA:BB:CC:00:88,44.1,92.0
SR-10931,EVT-12820,AA:BB:CC:00:05,44.1,89.7
SR-10932,EVT-12563,AA:BB:CC:00:19,44.0,90.2
SR-10933,EVT-14614,AA:BB:CC:00:75,44.3,82.3
SR-10934,EVT-14682,AA:BB:CC:00:81,43.5,86.2
SR-10935,EVT-12234,AA:BB:CC:00:28,48.5,88.9
SR-10936,EVT-11585,AA:BB:CC:00:24,46.5,88.4
SR-10937,EVT-12884,AA:BB:CC:00:38,45.4,89.9
SR-10938,EVT-13228,AA:BB:CC:00:76,46.6,87.0
SR-10939,EVT-13510,AA:BB:CC:00:31,46.5,82.5
SR-10940,EVT-12934,AA:BB:CC:00:71,43.2,83.9
SR-10941,EVT-12648,AA:BB:CC:00:48,44.6,90.5
SR-10942,EVT-13266,AA:BB:CC:00:03,45.5,80.2
SR-10943,EVT-14125,AA:BB:CC:00:76,46.3,87.9
SR-10944,EVT-10989,AA:BB:CC:00:90,33.19 ft-lb,91.6
SR-10945,EVT-14668,AA:BB:CC:00:03,45.0,87.6
SR-10946,EVT-11323,AA:BB:CC:00:47,41.1,81.3
SR-10947,EVT-11591,AA:BB:CC:00:38,42.0,83.9
SR-10948,EVT-10078,AA:BB:CC:00:29,44.0,83.2
SR-10949,EVT-14941,AA:BB:CC:00:45,47.1,93.3
SR-10950,EVT-12865,AA:BB:CC:00:21,45.1,73.6
SR-10951,EVT-13209,AA:BB:CC:00:49,44.8,93.9
SR-10952,EVT-13856,AA:BB:CC:00:49,43.7,85.6
SR-10953,EVT-11716,AA:BB:CC:00:93,44.6,86.4
SR-10954,EVT-11992,AA:BB:CC:00:93,46.7,80.1
SR-10955,EVT-12768,AA:BB:CC:00:90,44.9,95.0
SR-10956,EVT-13192,AA:BB:CC:00:80,45.3,83.4
SR-10957,EVT-13097,AA:BB:CC:00:75,40.4,84.7
SR-10958,EVT-12853,AA:BB:CC:00:26,42.6,86.2
SR-10959,EVT-12940,AA:BB:CC:00:30,46.6,87.9
SR-10960,EVT-10859,AA:BB:CC:00:87,45.2,82.9
SR-10961,EVT-11309,AA:BB:CC:00:73,44.5,88.7
SR-10962,EVT-14842,AA:BB:CC:00:28,43.2,82.9
SR-10963,EVT-13126,AA:BB:CC:00:22,43.5,77.8
SR-10964,EVT-14744,AA:BB:CC:00:28,44.5,89.2
SR-10965,EVT-13067,AA:BB:CC:00:76,44.0,83.9
SR-10966,EVT-13095,AA:BB:CC:00:64,45.7,84.8
SR-10967,EVT-14309,AA:BB:CC:00:83,47.1,83.3
SR-10968,EVT-14883,AA:BB:CC:00:19,33.19 ft-lb,85.1
SR-10969,EVT-12099,AA:BB:CC:00:47,42.6,87.1
SR-10970,EVT-13123,AA:BB:CC:00:84,45.6,89.3
SR-10971,EVT-14394,AA:BB:CC:00:47,48.0,95.0
SR-10972,EVT-14703,AA:BB:CC:00:84,45.4,80.6
SR-10973,EVT-14745,AA:BB:CC:00:48,46.9,78.8
SR-10974,EVT-14417,AA:BB:CC:00:02,47.7,84.5
SR-10975,EVT-14708,AA:BB:CC:00:23,45.5,89.2
SR-10976,EVT-14110,AA:BB:CC:00:82,43.7,85.4
SR-10977,EVT-11329,AA:BB:CC:00:85,45.7,90.6
SR-10978,EVT-14155,AA:BB:CC:00:95, 42.2 ,87.3
SR-10979,EVT-12336,AA:BB:CC:00:05,45.5,82.4
SR-10980,EVT-11701,AA:BB:CC:00:72,45.9,185 F
SR-10981,EVT-14563,AA:BB:CC:00:43,40.7,89.7
SR-10982,EVT-14287,AA:BB:CC:00:79,41.0,80.9
SR-10983,EVT-12399,AA:BB:CC:00:14,46.6,90.0
SR-10984,EVT-14707,AA:BB:CC:00:28,41.6,94.6
SR-10985,EVT-14030,AA:BB:CC:00:74,42.7,86.3
SR-10986,EVT-14410,AA:BB:CC:00:06,45.7,87.6
SR-10987,EVT-14312,AA:BB:CC:00:20,43.0,87.9
SR-10988,EVT-14104,AA:BB:CC:00:68,44.9,88.8
SR-10989,EVT-11468,AA:BB:CC:00:67, 46.4 ,83.4
SR-10990,EVT-12128,AA:BB:CC:00:31,46.3,90.5
SR-10991,EVT-13688,AA:BB:CC:00:50,46.6,81.3
SR-10992,EVT-10428,AA:BB:CC:00:84,45.7,88.1
SR-10993,EVT-13138,AA:BB:CC:00:43,47.2,78.8
SR-10994,EVT-10369,AA:BB:CC:00:89,43.8,88.6
SR-10995,EVT-10360,AA:BB:CC:00:89,44.7,76.4
SR-10996,EVT-13151,AA:BB:CC:00:12,44.8,82.4
SR-10997,EVT-11553,AA:BB:CC:00:48,40.4,86.7
SR-10998,EVT-14749,AA:BB:CC:00:84,45.0,84.8
SR-10999,EVT-14745,AA:BB:CC:00:28,47.1,89.3
SR-11000,EVT-12437,AA:BB:CC:00:95,45.6,87.0
SR-11001,EVT-10770,AA:BB:CC:00:73,46.4,83.2
SR-11002,EVT-13669,AA:BB:CC:00:73,44.6,84.9
SR-11003,EVT-14481,AA:BB:CC:00:39,46.7,89.7
SR-11004,EVT-12891,AA:BB:CC:00:09,43.5,78.6
SR-11005,EVT-12995,AA:BB:CC:00:33,45.5,92.3
SR-11006,EVT-10140,AA:BB:CC:00:100,49.5,73.4
SR-11007,EVT-10543,AA:BB:CC:00:86,46.7,92.8
SR-11008,EVT-10016,AA:BB:CC:00:43,44.8,86.4
SR-11009,EVT-11445,AA:BB:CC:00:01, 42.4 ,89.1
SR-11010,EVT-13460,AA:BB:CC:00:78,47.8,83.3
SR-11011,EVT-10913,AA:BB:CC:00:81,48.9,85.5
SR-11012,EVT-10137,AA:BB:CC:00:88,49.0,85.2
SR-11013,EVT-11746,AA:BB:CC:00:73,46.0,96.8
SR-11014,EVT-14746,AA:BB:CC:00:10,39.3,83.3
SR-11015,EVT-14693,AA:BB:CC:00:18,43.9,89.7
SR-11016,EVT-12205,AA:BB:CC:00:09,48.0,75.1
SR-11017,EVT-13767,AA:BB:CC:00:13,45.1,78.6
SR-11018,EVT-12105,AA:BB:CC:00:43,45.5,96.2
SR-11019,EVT-10998,AA:BB:CC:00:98,44.8,86.9
SR-11020,EVT-10891,AA:BB:CC:00:04,45.2,91.8
SR-11021,EVT-10956,AA:BB:CC:00:43,43.0,81.6
SR-11022,EVT-14925,AA:BB:CC:00:95,42.2,79.0
SR-11023,EVT-10981,AA:BB:CC:00:31,41.1,81.2
SR-11024,EVT-11242,AA:BB:CC:00:91,44.4,84.5
SR-11025,EVT-12978,AA:BB:CC:00:25,41.7,77.2
SR-11026,EVT-13117,AA:BB:CC:00:88,48.2,83.9
SR-11027,EVT-14898,AA:BB:CC:00:76,44.9,76.5
SR-11028,EVT-12403,AA:BB:CC:00:85,43.8,81.3
SR-11029,EVT-13172,AA:BB:CC:00:17,46.1,80.7
SR-11030,EVT-11659,AA:BB:CC:00:66,43.8,85.3
SR-11031,EVT-10726,AA:BB:CC:00:28,48.6,92.4
SR-11032,EVT-11468,AA:BB:CC:00:14,45.3,89.8
SR-11033,EVT-14196,AA:BB:CC:00:73,46.1,88.9
SR-11034,EVT-14258,AA:BB:CC:00:68, 46.4 ,83.9
SR-11035,EVT-11027,AA:BB:CC:00:69,42.8,86.1
SR-11036,EVT-11539,AA:BB:CC:00:13,40.5,81.4
SR-11037,EVT-13634,AA:BB:CC:00:85,47.5,89.2
SR-11038,EVT-13088,AA:BB:CC:00:14,46.6,88.5
SR-11039,EVT-12389,AA:BB:CC:00:18,47.5,76.5
SR-11040,EVT-12744,AA:BB:CC:00:09,43.8,83.2
SR-11041,EVT-12694,AA:BB:CC:00:90,47.7,78.9
SR-11042,EVT-12907,AA:BB:CC:00:44,49.0,84.0
SR-11043,EVT-14333,AA:BB:CC:00:27,43.9,79.9
SR-11044,EVT-14940,AA:BB:CC:00:41,45.1,98.4
SR-11045,EVT-12026,AA:BB:CC:00:85,47.0,88.6
SR-11046,EVT-13559,AA:BB:CC:00:56,47.1,89.2
SR-11047,EVT-10844,AA:BB:CC:00:94,49.4,82.4
SR-11048,EVT-13267,AA:BB:CC:00:44,46.6,83.5
SR-11049,EVT-11151,AA:BB:CC:00:10,44.6,94.0
SR-11050,EVT-10439,AA:BB:CC:00:32,46.3,88.8
SR-11051,EVT-11304,AA:BB:CC:00:70,41.7,95.4
SR-11052,EVT-13155,AA:BB:CC:00:26,47.9,85.5
SR-11053,EVT-12210,AA:BB:CC:00:88,44.7,83.2
SR-11054,EVT-11352,AA:BB:CC:00:41,43.7,92.9
SR-11055,EVT-14490,AA:BB:CC:00:46,43.3,96.4
SR-11056,EVT-13188,AA:BB:CC:00:14,44.3,85.2
SR-11057,EVT-13861,AA:BB:CC:00:45,42.1,83.5
SR-11058,EVT-11313,AA:BB:CC:00:26,44.5,96.9
SR-11059,EVT-12176,AA:BB:CC:00:100,44.4,89.2
SR-11060,EVT-11272,AA:BB:CC:00:07,43.7,79.4
SR-11061,EVT-11923,AA:BB:CC:00:37,44.6,80.8
SR-11062,EVT-13526,AA:BB:CC:00:100,45.1,73.8
SR-11063,EVT-11355,AA:BB:CC:00:50,43.4,72.5
SR-11064,EVT-12965,AA:BB:CC:00:66,45.9,94.8
SR-11065,EVT-11264,AA:BB:CC:00:29,43.8,85.9
SR-11066,EVT-10930,AA:BB:CC:00:84,43.7,95.6
SR-11067,EVT-10412,AA:BB:CC:00:55,47.1,85.2
SR-11068,EVT-14208,AA:BB:CC:00:09,46.1,84.9
SR-11069,EVT-12960,AA:BB:CC:00:31,48.3,88.7
SR-11070,EVT-12203,AA:BB:CC:00:85,45.4,86.7
SR-11071,EVT-14073,AA:BB:CC:00:99,45.5,83.5
SR-11072,EVT-14520,AA:BB:CC:00:93,46.8,89.0
SR-11073,EVT-12064,AA:BB:CC:00:18,43.3,86.9
SR-11074,EVT-13575,AA:BB:CC:00:52,44.1,90.7
SR-11075,EVT-14741,AA:BB:CC:00:30,47.3,91.6
SR-11076,EVT-11963,AA:BB:CC:00:77,45.6,83.4
SR-11077,EVT-13062,AA:BB:CC:00:11,42.9,90.9
SR-11078,EVT-10872,AA:BB:CC:00:25,47.9,84.4
SR-11079,EVT-13870,AA:BB:CC:00:26,43.0,87.1
SR-11080,EVT-11288,AA:BB:CC:00:84,46.1,83.6
SR-11081,EVT-13793,AA:BB:CC:00:89,45.0,76.4
SR-11082,EVT-10820,AA:BB:CC:00:10,42.3,86.7
SR-11083,EVT-10635,AA:BB:CC:00:77,44.7,81.5
SR-11084,EVT-10001,AA:BB:CC:00:32,46.1,85.8
SR-11085,EVT-13285,AA:BB:CC:00:99,45.3,87.3
SR-11086,EVT-14499,AA:BB:CC:00:54,44.5,74.1
SR-11087,EVT-10887,AA:BB:CC:00:25,44.6,96.7
SR-11088,EVT-10873,AA:BB:CC:00:88,46.3,87.7
SR-11089,EVT-13843,AA:BB:CC:00:29,46.2,86.9
SR-11090,EVT-13301,AA:BB:CC:00:35,44.9,85.2
SR-11091,EVT-13184,AA:BB:CC:00:52,46.6,87.7
SR-11092,EVT-14019,AA:BB:CC:00:85,47.4,81.9
SR-11093,EVT-12702,AA:BB:CC:00:12,45.4,90.9
SR-11094,EVT-14295,AA:BB:CC:00:48,43.0,86.5
SR-11095,EVT-11955,AA:BB:CC:00:07,45.9,84.3
SR-11096,EVT-10346,AA:BB:CC:00:71,46.4,82.5
SR-11097,EVT-10221,AA:BB:CC:00:85,33.19 ft-lb,78.6
SR-11098,EVT-14517,AA:BB:CC:00:53,43.5,89.8
SR-11099,EVT-10979,AA:BB:CC:00:81,44.1,85.7
SR-11100,EVT-14285,AA:BB:CC:00:68,33.19 ft-lb,86.1
SR-11101,EVT-11748,AA:BB:CC:00:45,46.6,79.9
SR-11102,EVT-11233,AA:BB:CC:00:33,47.0,83.1
SR-11103,EVT-12935,AA:BB:CC:00:72,47.4,91.1
SR-11104,EVT-12654,AA:BB:CC:00:57,43.3,89.7
SR-11105,EVT-12071,AA:BB:CC:00:18,42.2,82.8
SR-11106,EVT-13845,AA:BB:CC:00:16,47.1,83.8
SR-11107,EVT-13453,AA:BB:CC:00:95,40.5,91.1
SR-11108,EVT-11360,AA:BB:CC:00:48,48.8,82.5
SR-11109,EVT-12030,AA:BB:CC:00:41,45.3,92.0
SR-11110,EVT-10641,AA:BB:CC:00:81,9000,82.3
SR-11111,EVT-14633,AA:BB:CC:00:63,44.2,82.7
SR-11112,EVT-13584,AA:BB:CC:00:29,43.9,89.7
SR-11113,EVT-12689,AA:BB:CC:00:17,45.9,94.5
SR-11114,EVT-10778,AA:BB:CC:00:26,44.8,88.6
SR-11115,EVT-10413,AA:BB:CC:00:74,46.6,86.3
SR-11116,EVT-13617,AA:BB:CC:00:79,47.3,85.4
SR-11117,EVT-12876,AA:BB:CC:00:31,44.4,92.3
SR-11118,EVT-14442,AA:BB:CC:00:40,46.0,84.9
SR-11119,EVT-14001,AA:BB:CC:00:49,45.6,185 F
SR-11120,EVT-11222,AA:BB:CC:00:08,44.4,81.1
SR-11121,EVT-13814,AA:BB:CC:00:49,43.1,87.4
SR-11122,EVT-13329,AA:BB:CC:00:64,43.4,80.6
SR-11123,EVT-14701,AA:BB:CC:00:45,47.3,84.5
SR-11124,EVT-14482,AA:BB:CC:00:40,44.5,86.3
SR-11125,EVT-12430,AA:BB:CC:00:02,45.6,82.0
SR-11126,EVT-14253,AA:BB:CC:00:53,47.8,76.0
SR-11127,EVT-12148,AA:BB:CC:00:79,43.8,86.3
SR-11128,EVT-10476,AA:BB:CC:00:55,33.19 ft-lb,83.0
SR-11129,EVT-13746,AA:BB:CC:00:24,45.8,89.5
SR-11130,EVT-13301,AA:BB:CC:00:28,44.2,83.3
SR-11131,EVT-10228,AA:BB:CC:00:06,45.1,87.3
SR-11132,EVT-14689,AA:BB:CC:00:40,49.6,80.7
SR-11133,EVT-11511,AA:BB:CC:00:67,44.3,88.1
SR-11134,EVT-12613,AA:BB:CC:00:80,44.2,80.8
SR-11135,EVT-13184,AA:BB:CC:00:66,43.5,87.0
SR-11136,EVT-14645,AA:BB:CC:00:10,44.8 Nm,85.7
SR-11137,EVT-12433,AA:BB:CC:00:03,45.6,76.4
SR-11138,EVT-14115,AA:BB:CC:00:11,47.9,96.0
SR-11139,EVT-12511,AA:BB:CC:00:25,45.4,97.5
SR-11140,EVT-12764,AA:BB:CC:00:66,46.3,87.2
SR-11141,EVT-14301,AA:BB:CC:00:09,43.1,86.3
SR-11142,EVT-10397,AA:BB:CC:00:61,41.3,98.2
SR-11143,EVT-14601,AA:BB:CC:00:83,46.9,87.1
SR-11144,EVT-14361,AA:BB:CC:00:59,43.7,88.0
SR-11145,EVT-12013,AA:BB:CC:00:94,40.3,74.9
SR-11146,EVT-11222,AA:BB:CC:00:01,48.5,85.0
SR-11147,EVT-11336,AA:BB:CC:00:23,47.7,91.7
SR-11148,EVT-12618,AA:BB:CC:00:01,44.6,78.5
SR-11149,EVT-11403,AA:BB:CC:00:11,43.5,83.9
SR-11150,EVT-11143,AA:BB:CC:00:80,42.8,83.2
SR-11151,EVT-10537,AA:BB:CC:00:29,44.7,78.7
SR-11152,EVT-10450,AA:BB:CC:00:07,33.19 ft-lb,90.0
SR-11153,EVT-11418,AA:BB:CC:00:38,45.0,88.4
SR-11154,EVT-12933,AA:BB:CC:00:04, 45.1 ,89.2
SR-11155,EVT-12489,AA:BB:CC:00:100, 48.7 ,92.4
SR-11156,EVT-13201,AA:BB:CC:00:10,42.0,85.1
SR-11157,EVT-11258,AA:BB:CC:00:54, 46.0 ,86.9
SR-11158,EVT-13523,AA:BB:CC:00:88,46.5,83.0
SR-11159,EVT-13120,AA:BB:CC:00:30,44.7,88.2
SR-11160,EVT-10404,AA:BB:CC:00:10,47.9,80.0
SR-11161,EVT-11522,AA:BB:CC:00:54,47.0,89.4
SR-11162,EVT-12946,AA:BB:CC:00:41,46.0 Nm,92.8
SR-11163,EVT-11139,AA:BB:CC:00:07,44.1,90.1
SR-11164,EVT-14446,AA:BB:CC:00:56,43.0,85.6
SR-11165,EVT-10670,AA:BB:CC:00:97,41.8,79.1
SR-11166,EVT-11661,AA:BB:CC:00:20,47.8,91.8
SR-11167,EVT-10384,AA:BB:CC:00:06,49.3,81.7
SR-11168,EVT-11622,AA:BB:CC:00:86,46.3,88.3
SR-11169,EVT-14943,AA:BB:CC:00:16,45.4,90.8
SR-11170,EVT-14298,AA:BB:CC:00:16,45.3,81.7
SR-11171,EVT-14131,AA:BB:CC:00:98,45.6,89.2
SR-11172,EVT-13919,AA:BB:CC:00:23,47.1,82.7
SR-11173,EVT-10698,AA:BB:CC:00:03,41.7,73.9
SR-11174,EVT-14668,AA:BB:CC:00:86,45.1,93.2
SR-11175,EVT-12379,AA:BB:CC:00:28,44.1,94.5
SR-11176,EVT-11757,AA:BB:CC:00:19,45.4,85.6
SR-11177,EVT-10118,AA:BB:CC:00:58,41.4,81.4
SR-11178,EVT-13813,AA:BB:CC:00:61,43.0,84.8
SR-11179,EVT-11223,AA:BB:CC:00:40,42.3,84.8
SR-11180,EVT-10039,AA:BB:CC:00:85,46.0,82.0
SR-11181,EVT-12894,AA:BB:CC:00:97,44.5,91.8
SR-11182,EVT-11613,AA:BB:CC:00:03,44.5,83.7
SR-11183,EVT-11481,AA:BB:CC:00:33,46.6,87.1
SR-11184,EVT-13802,AA:BB:CC:00:08,44.2,77.9
SR-11185,EVT-13239,AA:BB:CC:00:39,46.8,79.3
SR-11186,EVT-14340,AA:BB:CC:00:75,44.5,87.2
SR-11187,EVT-10169,AA:BB:CC:00:42,46.7,87.9
SR-11188,EVT-11895,AA:BB:CC:00:92,47.0,81.0
SR-11189,EVT-12941,AA:BB:CC:00:28,45.0,81.3
SR-11190,EVT-10482,AA:BB:CC:00:29,48.2,81.0
SR-11191,EVT-14515,AA:BB:CC:00:20,43.4,89.1
SR-11192,EVT-14746,AA:BB:CC:00:95,43.9,79.4
SR-11193,EVT-14130,AA:BB:CC:00:52,40.3,86.7
SR-11194,EVT-10292,AA:BB:CC:00:81,44.9,85.6
SR-11195,EVT-10139,AA:BB:CC:00:78,42.5,77.6
SR-11196,EVT-11457,AA:BB:CC:00:36,47.6,84.2
SR-11197,EVT-13992,AA:BB:CC:00:97,44.7,89.0
SR-11198,EVT-13035,AA:BB:CC:00:21,43.9,72.0
SR-11199,EVT-10830,AA:BB:CC:00:37,45.7,88.0
SR-11200,EVT-12422,AA:BB:CC:00:98,46.3,81.6
SR-11201,EVT-13691,AA:BB:CC:00:18,42.4,90.5
SR-11202,EVT-10503,AA:BB:CC:00:73,44.0,89.7
SR-11203,EVT-12513,AA:BB:CC:00:18,46.4,79.8
SR-11204,EVT-13337,AA:BB:CC:00:69,45.2,82.0
SR-11205,EVT-10102,AA:BB:CC:00:76,46.9,82.0
SR-11206,EVT-14804,AA:BB:CC:00:56,45.4,87.3
SR-11207,EVT-11846,AA:BB:CC:00:66,43.7,91.3
SR-11208,EVT-11931,AA:BB:CC:00:02,45.7,75.2
SR-11209,EVT-14396,AA:BB:CC:00:21,46.6,74.3
SR-11210,EVT-13752,AA:BB:CC:00:16,48.1,92.7
SR-11211,EVT-13423,AA:BB:CC:00:36,45.9,94.8
SR-11212,EVT-14573,AA:BB:CC:00:99,44.7,88.1
SR-11213,EVT-14574,AA:BB:CC:00:84,43.8,82.0
SR-11214,EVT-13225,AA:BB:CC:00:34,44.5,77.9
SR-11215,EVT-12095,AA:BB:CC:00:98,44.2,81.2
SR-11216,EVT-11848,AA:BB:CC:00:20,41.9,86.9
SR-11217,EVT-11092,AA:BB:CC:00:76,43.7,83.9
SR-11218,EVT-11197,AA:BB:CC:00:23,46.7,84.6
SR-11219,EVT-12600,AA:BB:CC:00:33,41.7,82.9
SR-11220,EVT-10106,AA:BB:CC:00:07,47.8,78.3
SR-11221,EVT-12827,AA:BB:CC:00:51,45.1,89.3
SR-11222,EVT-12318,AA:BB:CC:00:45,41.5,81.5
SR-11223,EVT-10212,AA:BB:CC:00:68,42.3,76.5
SR-11224,EVT-10356,AA:BB:CC:00:48,41.8,80.8
SR-11225,EVT-14816,AA:BB:CC:00:79,44.7,85.8
SR-11226,EVT-12038,AA:BB:CC:00:75,44.7,87.6
SR-11227,EVT-10925,AA:BB:CC:00:69,46.1,88.6
SR-11228,EVT-11179,AA:BB:CC:00:64,41.9,87.0
SR-11229,EVT-14904,AA:BB:CC:00:14,46.5,87.5
SR-11230,EVT-11920,AA:BB:CC:00:50,43.6,75.8
SR-11231,EVT-11086,AA:BB:CC:00:09,44.2,76.9
SR-11232,EVT-13490,AA:BB:CC:00:44,45.8,81.7
SR-11233,EVT-13503,AA:BB:CC:00:96,44.8,83.4
SR-11234,EVT-12538,AA:BB:CC:00:21,43.5,86.4
SR-11235,EVT-10147,AA:BB:CC:00:89,46.1,83.7
SR-11236,EVT-11868,AA:BB:CC:00:64,43.8,87.3
SR-11237,EVT-12526,AA:BB:CC:00:56,44.9 Nm,90.5
SR-11238,EVT-12213,AA:BB:CC:00:82,43.0,84.4
SR-11239,EVT-12070,AA:BB:CC:00:11,46.9,79.0
SR-11240,EVT-10907,AA:BB:CC:00:95,41.9,81.6
SR-11241,EVT-13333,AA:BB:CC:00:57,42.1,89.6
SR-11242,EVT-14614,AA:BB:CC:00:95,43.4,83.9
SR-11243,EVT-12317,AA:BB:CC:00:82,48.1,90.0
SR-11244,EVT-14111,AA:BB:CC:00:86,45.5,84.2
SR-11245,EVT-13821,AA:BB:CC:00:81,44.9,84.3
SR-11246,EVT-13345,AA:BB:CC:00:87,42.8,80.3
SR-11247,EVT-10220,AA:BB:CC:00:38,45.6,87.2
SR-11248,EVT-13352,AA:BB:CC:00:28,44.2,84.7
SR-11249,EVT-12610,AA:BB:CC:00:07,43.7,80.2
SR-11250,EVT-14913,AA:BB:CC:00:34,47.2,84.9
SR-11251,EVT-13732,AA:BB:CC:00:02,46.9,91.6
SR-11252,EVT-10574,AA:BB:CC:00:44,41.7,83.0
SR-11253,EVT-12586,AA:BB:CC:00:66,46.8,84.2
SR-11254,EVT-14249,AA:BB:CC:00:22,44.0,81.5
SR-11255,EVT-11298,AA:BB:CC:00:58,45.2,90.4
SR-11256,EVT-13296,AA:BB:CC:00:01,41.0,85.2
SR-11257,EVT-10057,AA:BB:CC:00:98,46.3,84.0
SR-11258,EVT-14858,AA:BB:CC:00:37,45.8,80.7
SR-11259,EVT-12287,AA:BB:CC:00:57,43.6,95.4
SR-11260,EVT-11523,AA:BB:CC:00:11,45.2,85.8
SR-11261,EVT-12446,AA:BB:CC:00:61,41.0 Nm,83.5
SR-11262,EVT-14076,AA:BB:CC:00:91,43.1,82.2
SR-11263,EVT-14545,AA:BB:CC:00:14,42.1,77.0
SR-11264,EVT-13280,AA:BB:CC:00:72,45.2,84.9
SR-11265,EVT-12478,AA:BB:CC:00:81,44.1,92.4
SR-11266,EVT-12093,AA:BB:CC:00:77,44.9,84.5
SR-11267,EVT-12031,AA:BB:CC:00:07,42.7,92.2
SR-11268,EVT-11738,AA:BB:CC:00:79,41.1,81.1
SR-11269,EVT-11094,AA:BB:CC:00:41,47.6,86.1
SR-11270,EVT-14663,AA:BB:CC:00:15,42.0,92.8
SR-11271,EVT-12179,AA:BB:CC:00:100,40.8,89.3
SR-11272,EVT-10857,AA:BB:CC:00:78,46.9,81.7
SR-11273,EVT-14980,AA:BB:CC:00:94,45.0,91.5
SR-11274,EVT-12895,AA:BB:CC:00:62,47.3,76.2
SR-11275,EVT-11605,AA:BB:CC:00:58,47.5,96.7
SR-11276,EVT-11568,AA:BB:CC:00:47,41.1,84.3
SR-11277,EVT-13854,AA:BB:CC:00:36,44.8,83.0
SR-11278,EVT-12835,AA:BB:CC:00:78, 45.5 ,89.8
SR-11279,EVT-13531,AA:BB:CC:00:04,9000,86.6
SR-11280,EVT-12942,AA:BB:CC:00:73,44.6,84.1
SR-11281,EVT-14183,AA:BB:CC:00:97,48.8,84.7
SR-11282,EVT-14192,AA:BB:CC:00:58,45.4,81.4
SR-11283,EVT-14845,AA:BB:CC:00:60,33.19 ft-lb,89.1
SR-11284,EVT-10523,AA:BB:CC:00:72,43.7,81.6
SR-11285,EVT-12318,AA:BB:CC:00:79,41.4,82.6
SR-11286,EVT-14795,AA:BB:CC:00:29,46.6,80.6
SR-11287,EVT-14679,AA:BB:CC:00:65,44.7,85.5
SR-11288,EVT-14122,AA:BB:CC:00:27,47.4,77.8
SR-11289,EVT-13172,AA:BB:CC:00:78,42.5,80.3
SR-11290,EVT-10692,AA:BB:CC:00:72,44.3,93.8
SR-11291,EVT-13066,AA:BB:CC:00:07,43.3,85.3
SR-11292,EVT-10550,AA:BB:CC:00:88,43.1,88.2
SR-11293,EVT-12322,AA:BB:CC:00:80,45.0,95.0
SR-11294,EVT-14724,AA:BB:CC:00:65,39.8,79.8
SR-11295,EVT-10013,AA:BB:CC:00:76,45.0,82.2 C
SR-11296,EVT-13398,AA:BB:CC:00:41,45.5,88.8
SR-11297,EVT-11953,AA:BB:CC:00:74,49.3,83.8
SR-11298,EVT-12775,AA:BB:CC:00:42,44.0,87.7
SR-11299,EVT-11660,AA:BB:CC:00:35,46.6,92.0
SR-11300,EVT-14888,AA:BB:CC:00:34,44.2,89.3
SR-11301,EVT-11448,AA:BB:CC:00:09,46.3,86.2
SR-11302,EVT-13889,AA:BB:CC:00:49,47.6,88.9
SR-11303,EVT-14206,AA:BB:CC:00:22,40.4,85.7
SR-11304,EVT-13662,AA:BB:CC:00:37,45.3,86.4
SR-11305,EVT-10322,AA:BB:CC:00:60,47.8,88.2
SR-11306,EVT-10867,AA:BB:CC:00:12,47.5,185 F
SR-11307,EVT-10870,AA:BB:CC:00:36,45.2,89.5
SR-11308,EVT-10216,AA:BB:CC:00:42,46.5,86.2
SR-11309,EVT-10512,AA:BB:CC:00:96,44.3,79.4
SR-11310,EVT-11963,AA:BB:CC:00:81,46.5,81.8
SR-11311,EVT-11647,AA:BB:CC:00:02,44.8,85.5
SR-11312,EVT-10610,AA:BB:CC:00:31,43.9,78.7
SR-11313,EVT-11678,AA:BB:CC:00:20,46.2,85.7
SR-11314,EVT-14837,AA:BB:CC:00:38,43.7,88.8
SR-11315,EVT-10899,AA:BB:CC:00:05,46.2,92.1
SR-11316,EVT-12987,AA:BB:CC:00:72,46.3,86.1
SR-11317,EVT-12633,AA:BB:CC:00:16,46.9,90.5
SR-11318,EVT-13016,AA:BB:CC:00:60,44.8,85.4
SR-11319,EVT-11211,AA:BB:CC:00:96,49.3,78.5
SR-11320,EVT-13629,AA:BB:CC:00:03,42.7,86.9
SR-11321,EVT-10794,AA:BB:CC:00:73,48.3,81.7
SR-11322,EVT-11898,AA:BB:CC:00:100,47.2,78.8
SR-11323,EVT-12075,AA:BB:CC:00:33,46.5,85.4
SR-11324,EVT-10106,AA:BB:CC:00:70,47.0,86.6
SR-11325,EVT-14703,AA:BB:CC:00:96,44.1,73.6
SR-11326,EVT-14022,AA:BB:CC:00:18,39.4,83.6
SR-11327,EVT-13640,AA:BB:CC:00:04,43.9,83.2
SR-11328,EVT-10635,AA:BB:CC:00:44,45.9,88.5
SR-11329,EVT-10762,AA:BB:CC:00:92,46.7,79.4
SR-11330,EVT-14634,AA:BB:CC:00:35,47.9,84.6
SR-11331,EVT-10713,AA:BB:CC:00:98,44.4,89.6
SR-11332,EVT-10122,AA:BB:CC:00:34,42.0,83.5
SR-11333,EVT-14667,AA:BB:CC:00:37,44.3,94.4
SR-11334,EVT-11354,AA:BB:CC:00:97,45.5,81.3
SR-11335,EVT-10071,AA:BB:CC:00:16,9000,84.8
SR-11336,EVT-11940,AA:BB:CC:00:60,48.7,82.3
SR-11337,EVT-14551,AA:BB:CC:00:81,45.9,85.5
SR-11338,EVT-10292,AA:BB:CC:00:23,44.4,83.6
SR-11339,EVT-13991,AA:BB:CC:00:11,45.6,87.9
SR-11340,EVT-10621,AA:BB:CC:00:34,45.0,86.5
SR-11341,EVT-12316,AA:BB:CC:00:58,42.1,77.6
SR-11342,EVT-11909,AA:BB:CC:00:89,47.3,85.4
SR-11343,EVT-14410,AA:BB:CC:00:48,47.1,86.2
SR-11344,EVT-12948,AA:BB:CC:00:83,42.8,90.1
SR-11345,EVT-11559,AA:BB:CC:00:72,46.9,83.9
SR-11346,EVT-10842,AA:BB:CC:00:68,41.3,185 F
SR-11347,EVT-11495,AA:BB:CC:00:06,44.4,84.1
SR-11348,EVT-10986,AA:BB:CC:00:88,45.1,98.8
SR-11349,EVT-13241,AA:BB:CC:00:84,46.2,87.3
SR-11350,EVT-10646,AA:BB:CC:00:03,48.6,85.1
SR-11351,EVT-12419,AA:BB:CC:00:58,48.1,92.2
SR-11352,EVT-12199,AA:BB:CC:00:23,44.9,86.7
SR-11353,EVT-11508,AA:BB:CC:00:57,41.3,81.5
SR-11354,EVT-12686,AA:BB:CC:00:83,44.4,82.2
SR-11355,EVT-10364,AA:BB:CC:00:01,45.5,92.8
SR-11356,EVT-12607,AA:BB:CC:00:03,46.6,81.0
SR-11357,EVT-11941,AA:BB:CC:00:23,48.6,88.0
SR-11358,EVT-12983,AA:BB:CC:00:01,43.3,78.9
SR-11359,EVT-11327,AA:BB:CC:00:05,45.1,79.8
SR-11360,EVT-13356,AA:BB:CC:00:28,46.1,84.7
SR-11361,EVT-12064,AA:BB:CC:00:69,42.5,76.6
SR-11362,EVT-11769,AA:BB:CC:00:83,45.8,82.2
SR-11363,EVT-14614,AA:BB:CC:00:44,45.2,94.2 C
SR-11364,EVT-11314,AA:BB:CC:00:13,48.0,87.9
SR-11365,EVT-11228,AA:BB:CC:00:94,42.4,85.7
SR-11366,EVT-14229,AA:BB:CC:00:72,44.9,87.0
SR-11367,EVT-12939,AA:BB:CC:00:81,46.3,86.0
SR-11368,EVT-13433,AA:BB:CC:00:25,44.8,80.7
SR-11369,EVT-11506,AA:BB:CC:00:76,42.3,83.6
SR-11370,EVT-12589,AA:BB:CC:00:29,43.9,93.0
SR-11371,EVT-14872,AA:BB:CC:00:01,45.4,77.3
SR-11372,EVT-13933,AA:BB:CC:00:66,50.1,93.5
SR-11373,EVT-13197,AA:BB:CC:00:34,42.5,82.9
SR-11374,EVT-11735,AA:BB:CC:00:59, 44.8 ,82.2
SR-11375,EVT-13398,AA:BB:CC:00:97,45.4,94.0
SR-11376,EVT-12793,AA:BB:CC:00:65,46.6,85.5
SR-11377,EVT-14826,AA:BB:CC:00:74,43.2,96.4
SR-11378,EVT-11176,AA:BB:CC:00:82,45.6,93.2
SR-11379,EVT-14449,AA:BB:CC:00:22,49.6,78.1
SR-11380,EVT-11395,AA:BB:CC:00:53,42.6,83.0
SR-11381,EVT-12684,AA:BB:CC:00:31,45.3,79.7
SR-11382,EVT-10974,AA:BB:CC:00:66,46.5,82.6
SR-11383,EVT-12713,AA:BB:CC:00:87,45.1,90.8
SR-11384,EVT-14599,AA:BB:CC:00:03,45.3,91.5
SR-11385,EVT-14022,AA:BB:CC:00:46,46.3,82.0
SR-11386,EVT-13290,AA:BB:CC:00:44,45.1,86.6
SR-11387,EVT-11680,AA:BB:CC:00:88,46.5,92.0
SR-11388,EVT-10694,AA:BB:CC:00:89,44.3,80.8
SR-11389,EVT-12235,AA:BB:CC:00:41,45.9,88.2
SR-11390,EVT-14269,AA:BB:CC:00:13,43.7,90.6
SR-11391,EVT-10431,AA:BB:CC:00:10,44.6,92.8
SR-11392,EVT-13133,AA:BB:CC:00:62,44.9,84.9
SR-11393,EVT-11167,AA:BB:CC:00:06,43.5,75.3
SR-11394,EVT-12427,AA:BB:CC:00:69,41.8,87.9
SR-11395,EVT-10234,AA:BB:CC:00:50,42.5,91.4
SR-11396,EVT-13520,AA:BB:CC:00:39,44.5,84.8
SR-11397,EVT-10815,AA:BB:CC:00:80,47.1,86.3
SR-11398,EVT-11998,AA:BB:CC:00:43,45.7,77.9
SR-11399,EVT-10160,AA:BB:CC:00:85,47.0,91.1
SR-11400,EVT-12246,AA:BB:CC:00:42,46.3,94.0
SR-11401,EVT-13399,AA:BB:CC:00:40,47.0,79.3
SR-11402,EVT-10937,AA:BB:CC:00:05,44.1,83.2
SR-11403,EVT-14614,AA:BB:CC:00:97,45.1,83.5
SR-11404,EVT-12983,AA:BB:CC:00:67,44.6,76.6
SR-11405,EVT-13564,AA:BB:CC:00:61,44.9,88.3
SR-11406,EVT-12189,AA:BB:CC:00:15,42.1,80.7
SR-11407,EVT-12882,AA:BB:CC:00:10,46.0,80.7
SR-11408,EVT-13499,AA:BB:CC:00:01,44.8,81.8
SR-11409,EVT-10825,AA:BB:CC:00:63,47.3,78.9
SR-11410,EVT-13233,AA:BB:CC:00:74,42.5,81.8
SR-11411,EVT-13583,AA:BB:CC:00:16,40.3,89.7
SR-11412,EVT-14701,AA:BB:CC:00:95,45.7,88.2
SR-11413,EVT-11464,AA:BB:CC:00:28,43.2,94.0
SR-11414,EVT-14764,AA:BB:CC:00:37,45.8,80.5
SR-11415,EVT-13819,AA:BB:CC:00:91,46.2,82.1
SR-11416,EVT-10344,AA:BB:CC:00:54,48.1,79.6
SR-11417,EVT-12115,AA:BB:CC:00:11,46.5,82.9
SR-11418,EVT-12298,AA:BB:CC:00:85,46.6,82.5
SR-11419,EVT-11024,AA:BB:CC:00:37,39.9,95.8
SR-11420,EVT-13700,AA:BB:CC:00:38,43.5,83.0
SR-11421,EVT-13507,AA:BB:CC:00:34,46.4,85.5
SR-11422,EVT-10321,AA:BB:CC:00:22,44.7,79.2
SR-11423,EVT-14087,AA:BB:CC:00:74,47.8,83.6
SR-11424,EVT-13048,AA:BB:CC:00:55,44.7,84.9
SR-11425,EVT-13891,AA:BB:CC:00:04,44.1,86.1
SR-11426,EVT-14630,AA:BB:CC:00:44,43.8,90.1
SR-11427,EVT-14244,AA:BB:CC:00:05,42.9,88.0
SR-11428,EVT-11721,AA:BB:CC:00:87,9000,77.5
SR-11429,EVT-13336,AA:BB:CC:00:80,45.4,85.7
SR-11430,EVT-10198,AA:BB:CC:00:56,40.8,87.0
SR-11431,EVT-13153,AA:BB:CC:00:19,44.0,73.5
SR-11432,EVT-14174,AA:BB:CC:00:15,45.8,89.3
SR-11433,EVT-11977,AA:BB:CC:00:51,45.1,93.3
SR-11434,EVT-10175,AA:BB:CC:00:25,45.0,74.5
SR-11435,EVT-12383,AA:BB:CC:00:76,43.7,85.1
SR-11436,EVT-14028,AA:BB:CC:00:97,43.6,86.4
SR-11437,EVT-10723,AA:BB:CC:00:72,44.1,89.6
SR-11438,EVT-12540,AA:BB:CC:00:53,45.7,92.1
SR-11439,EVT-12162,AA:BB:CC:00:67,40.1,84.8
SR-11440,EVT-12496,AA:BB:CC:00:44,43.3,90.3
SR-11441,EVT-11321,AA:BB:CC:00:38,51.1,82.3
SR-11442,EVT-13387,AA:BB:CC:00:61,33.19 ft-lb,81.7
SR-11443,EVT-12380,AA:BB:CC:00:69,47.6,79.4
SR-11444,EVT-14090,AA:BB:CC:00:46,45.5,82.4
SR-11445,EVT-12922,AA:BB:CC:00:60, 42.2 ,82.3
SR-11446,EVT-14732,AA:BB:CC:00:32,44.3,91.1
SR-11447,EVT-14074,AA:BB:CC:00:23,44.3,85.0
SR-11448,EVT-10945,AA:BB:CC:00:19,43.8,73.0
SR-11449,EVT-13693,AA:BB:CC:00:27,43.4,81.6
SR-11450,EVT-12762,AA:BB:CC:00:85,44.7,83.1
SR-11451,EVT-11804,AA:BB:CC:00:34,42.8,88.0
SR-11452,EVT-12026,AA:BB:CC:00:66,43.3,92.7
SR-11453,EVT-12334,AA:BB:CC:00:53,44.0,95.1
SR-11454,EVT-10486,AA:BB:CC:00:09,44.5,87.3
SR-11455,EVT-12345,AA:BB:CC:00:31,45.8,82.2
SR-11456,EVT-11605,AA:BB:CC:00:56,42.9,78.1
SR-11457,EVT-13045,AA:BB:CC:00:96,44.1,85.1
SR-11458,EVT-12929,AA:BB:CC:00:74,43.9,90.2
SR-11459,EVT-12713,AA:BB:CC:00:36,46.3,85.7
SR-11460,EVT-12062,AA:BB:CC:00:25,45.1,90.6
SR-11461,EVT-13479,AA:BB:CC:00:01,39.7,91.8
SR-11462,EVT-11361,AA:BB:CC:00:86,42.3,94.1
SR-11463,EVT-13527,AA:BB:CC:00:05,45.4,88.7
SR-11464,EVT-14200,AA:BB:CC:00:51,42.8,92.7
SR-11465,EVT-11954,AA:BB:CC:00:33,40.9,90.1
SR-11466,EVT-12843,AA:BB:CC:00:53,44.1,76.1
SR-11467,EVT-12716,AA:BB:CC:00:81,43.2,93.4
SR-11468,EVT-14334,AA:BB:CC:00:86,47.1,86.6
SR-11469,EVT-14717,AA:BB:CC:00:83,46.8,94.1
SR-11470,EVT-14285,AA:BB:CC:00:61,44.9,89.5
SR-11471,EVT-12305,AA:BB:CC:00:35,33.19 ft-lb,79.0
SR-11472,EVT-11105,AA:BB:CC:00:35,47.2 Nm,85.8
SR-11473,EVT-10192,AA:BB:CC:00:83,44.0,83.5
SR-11474,EVT-13436,AA:BB:CC:00:27,46.1,90.3
SR-11475,EVT-10397,AA:BB:CC:00:11,45.2,88.1
SR-11476,EVT-10795,AA:BB:CC:00:28,45.4,86.1
SR-11477,EVT-12936,AA:BB:CC:00:10,47.0,88.7
SR-11478,EVT-13515,AA:BB:CC:00:35,42.7,78.7
SR-11479,EVT-12515,AA:BB:CC:00:18,47.2,82.2
SR-11480,EVT-14385,AA:BB:CC:00:05,44.6,84.6
SR-11481,EVT-10166,AA:BB:CC:00:06,45.0,74.4
SR-11482,EVT-10259,AA:BB:CC:00:86,44.6,83.3 C
SR-11483,EVT-10746,AA:BB:CC:00:30,43.1,86.0
SR-11484,EVT-12752,AA:BB:CC:00:82,48.3,83.4
SR-11485,EVT-14268,AA:BB:CC:00:65,41.8,82.5
SR-11486,EVT-14935,AA:BB:CC:00:68,44.7,85.3
SR-11487,EVT-14411,AA:BB:CC:00:62,46.5,86.9
SR-11488,EVT-12447,AA:BB:CC:00:48,44.7,86.0
SR-11489,EVT-14207,AA:BB:CC:00:24,49.5,91.3
SR-11490,EVT-14652,AA:BB:CC:00:81,43.7,86.1
SR-11491,EVT-11822,AA:BB:CC:00:43,42.3,69.6
SR-11492,EVT-10646,AA:BB:CC:00:85,42.7,95.3
SR-11493,EVT-14086,AA:BB:CC:00:72,45.8,87.9
SR-11494,EVT-11330,AA:BB:CC:00:18,48.5,81.9
SR-11495,EVT-11412,AA:BB:CC:00:33,46.0,78.2
SR-11496,EVT-10808,AA:BB:CC:00:94,42.3 Nm,85.2
SR-11497,EVT-11603,AA:BB:CC:00:09,43.5,78.7
SR-11498,EVT-12825,AA:BB:CC:00:52,47.5,72.2
SR-11499,EVT-12880,AA:BB:CC:00:11,43.4,85.2
SR-11500,EVT-10998,AA:BB:CC:00:68,43.3,83.2
SR-11501,EVT-11450,AA:BB:CC:00:02,48.9,83.0
SR-11502,EVT-12988,AA:BB:CC:00:27,42.5,85.6
SR-11503,EVT-11104,AA:BB:CC:00:18,46.1,90.6
SR-11504,EVT-11321,AA:BB:CC:00:34,44.1,81.4
SR-11505,EVT-10839,AA:BB:CC:00:54,46.3,84.9
SR-11506,EVT-14316,AA:BB:CC:00:11,47.9,79.2
SR-11507,EVT-14466,AA:BB:CC:00:66,46.5,83.3
SR-11508,EVT-11778,AA:BB:CC:00:31,40.9 Nm,77.5
SR-11509,EVT-10023,AA:BB:CC:00:44,47.2,94.2
SR-11510,EVT-13411,AA:BB:CC:00:56,47.5,77.8
SR-11511,EVT-13346,AA:BB:CC:00:89,45.0,83.8
SR-11512,EVT-10260,AA:BB:CC:00:19,45.7,74.8
SR-11513,EVT-14003,AA:BB:CC:00:32,43.6,74.8
SR-11514,EVT-12775,AA:BB:CC:00:36,44.3,83.0
SR-11515,EVT-14596,AA:BB:CC:00:71,42.4,88.4
SR-11516,EVT-10563,AA:BB:CC:00:14,46.1,79.7
SR-11517,EVT-11390,AA:BB:CC:00:45,44.7,78.1
SR-11518,EVT-11159,AA:BB:CC:00:01,45.3,88.7
SR-11519,EVT-13309,AA:BB:CC:00:52,45.7,88.3
SR-11520,EVT-11771,AA:BB:CC:00:33,42.8,82.5
SR-11521,EVT-12040,AA:BB:CC:00:34,45.2,89.3
SR-11522,EVT-12759,AA:BB:CC:00:16,42.3,88.9
SR-11523,EVT-12120,AA:BB:CC:00:95,40.6,75.5
SR-11524,EVT-12543,AA:BB:CC:00:02,46.8,82.8
SR-11525,EVT-14190,AA:BB:CC:00:62,40.2,97.9
SR-11526,EVT-14155,AA:BB:CC:00:76,41.5,84.7
SR-11527,EVT-11458,AA:BB:CC:00:19,41.6,83.4
SR-11528,EVT-13879,AA:BB:CC:00:15,44.4,93.8
SR-11529,EVT-11478,AA:BB:CC:00:80,44.2,86.0
SR-11530,EVT-10024,AA:BB:CC:00:16,42.7,94.6
SR-11531,EVT-12756,AA:BB:CC:00:28,46.2,77.8
SR-11532,EVT-12876,AA:BB:CC:00:75,44.9,97.0
SR-11533,EVT-10913,AA:BB:CC:00:06,46.2,90.7
SR-11534,EVT-12886,AA:BB:CC:00:27,45.8,75.2
SR-11535,EVT-13647,AA:BB:CC:00:81,47.5,79.9
SR-11536,EVT-14457,AA:BB:CC:00:39,41.1,88.8
SR-11537,EVT-13406,AA:BB:CC:00:11,43.5,77.6
SR-11538,EVT-14087,AA:BB:CC:00:13,46.2,86.2
SR-11539,EVT-14908,AA:BB:CC:00:77,40.8,89.0
SR-11540,EVT-11075,AA:BB:CC:00:72,43.9,95.2
SR-11541,EVT-13102,AA:BB:CC:00:25,41.4,89.3
SR-11542,EVT-10183,AA:BB:CC:00:41,45.8,87.5
SR-11543,EVT-13144,AA:BB:CC:00:37,47.1,88.6
SR-11544,EVT-13218,AA:BB:CC:00:14,44.1,83.4
SR-11545,EVT-10123,AA:BB:CC:00:21,44.1,86.0
SR-11546,EVT-13909,AA:BB:CC:00:43,47.8,81.7
SR-11547,EVT-11717,AA:BB:CC:00:44,44.4,90.4
SR-11548,EVT-10991,AA:BB:CC:00:84,43.9,80.8
SR-11549,EVT-11466,AA:BB:CC:00:84,46.8,84.7
SR-11550,EVT-10829,AA:BB:CC:00:42,46.6,91.4
SR-11551,EVT-10677,AA:BB:CC:00:27,45.9,84.3
SR-11552,EVT-13629,AA:BB:CC:00:33,44.7,88.6
SR-11553,EVT-14887,AA:BB:CC:00:31,47.1,81.9
SR-11554,EVT-10609,AA:BB:CC:00:16,45.0,84.3
SR-11555,EVT-12674,AA:BB:CC:00:07,44.4,83.7
SR-11556,EVT-13034,AA:BB:CC:00:16,45.0,78.3
SR-11557,EVT-10718,AA:BB:CC:00:46,46.4,79.2
SR-11558,EVT-10090,AA:BB:CC:00:04,45.9,90.5
SR-11559,EVT-12686,AA:BB:CC:00:03,47.3,87.8
SR-11560,EVT-10236,AA:BB:CC:00:94,45.2,82.9
SR-11561,EVT-13243,AA:BB:CC:00:19,43.4,84.1
SR-11562,EVT-13728,AA:BB:CC:00:91,44.5,87.6
SR-11563,EVT-10482,AA:BB:CC:00:29,43.9,83.0
SR-11564,EVT-11689,AA:BB:CC:00:81,44.3,82.9
SR-11565,EVT-12269,AA:BB:CC:00:65,9000,90.3
SR-11566,EVT-11513,AA:BB:CC:00:21,45.9,87.4
SR-11567,EVT-13291,AA:BB:CC:00:97,44.7,77.5
SR-11568,EVT-11255,AA:BB:CC:00:55,45.2,83.6
SR-11569,EVT-14751,AA:BB:CC:00:89,44.8,80.0
SR-11570,EVT-12376,AA:BB:CC:00:11,45.1,81.9
SR-11571,EVT-13262,AA:BB:CC:00:99,45.3,86.3
SR-11572,EVT-11343,AA:BB:CC:00:36,46.0,78.3
SR-11573,EVT-10666,AA:BB:CC:00:39,47.4,95.1
SR-11574,EVT-13208,AA:BB:CC:00:50,47.3,86.5
SR-11575,EVT-13027,AA:BB:CC:00:28,44.1,90.0
SR-11576,EVT-13930,AA:BB:CC:00:20,41.6,85.9
SR-11577,EVT-14262,AA:BB:CC:00:39,41.0,80.3
SR-11578,EVT-14258,AA:BB:CC:00:25,45.6,185 F
SR-11579,EVT-13468,AA:BB:CC:00:46,44.5,78.0
SR-11580,EVT-10845,AA:BB:CC:00:72,48.1,83.1
SR-11581,EVT-13508,AA:BB:CC:00:32,33.19 ft-lb,87.3
SR-11582,EVT-11024,AA:BB:CC:00:63,41.5,80.9
SR-11583,EVT-12225,AA:BB:CC:00:84,45.3,78.6
SR-11584,EVT-14014,AA:BB:CC:00:44,43.1 Nm,81.1
SR-11585,EVT-13552,AA:BB:CC:00:41,45.7,82.7
SR-11586,EVT-13061,AA:BB:CC:00:84,47.1,77.9
SR-11587,EVT-10870,AA:BB:CC:00:09,41.0,89.5
SR-11588,EVT-12291,AA:BB:CC:00:77,45.9,88.0
SR-11589,EVT-10691,AA:BB:CC:00:38,49.7,89.2
SR-11590,EVT-13873,AA:BB:CC:00:86,44.1,84.4
SR-11591,EVT-11371,AA:BB:CC:00:94,33.19 ft-lb,80.4
SR-11592,EVT-14102,AA:BB:CC:00:37,43.7,185 F
SR-11593,EVT-11139,AA:BB:CC:00:42,44.1,86.7
SR-11594,EVT-14567,AA:BB:CC:00:23,44.4,86.2
SR-11595,EVT-11614,AA:BB:CC:00:75,44.4,79.3
SR-11596,EVT-14631,AA:BB:CC:00:78,43.7,93.5
SR-11597,EVT-12650,AA:BB:CC:00:16,46.5,77.6
SR-11598,EVT-12242,AA:BB:CC:00:39,41.4,80.2
SR-11599,EVT-13913,AA:BB:CC:00:92,48.3,79.3
SR-11600,EVT-14299,AA:BB:CC:00:54,44.5,90.2
SR-11601,EVT-13017,AA:BB:CC:00:27,46.0,85.0
SR-11602,EVT-12832,AA:BB:CC:00:46,43.5,74.3
SR-11603,EVT-10904,AA:BB:CC:00:74,33.19 ft-lb,81.9
SR-11604,EVT-10489,AA:BB:CC:00:46,47.6,84.6
SR-11605,EVT-12553,AA:BB:CC:00:20,48.9,82.8
SR-11606,EVT-13854,AA:BB:CC:00:91,47.2,71.2
SR-11607,EVT-14099,AA:BB:CC:00:86,45.9,90.3
SR-11608,EVT-13654,AA:BB:CC:00:45,45.8,85.8
SR-11609,EVT-10903,AA:BB:CC:00:32,43.1,91.6
SR-11610,EVT-14653,AA:BB:CC:00:32,41.4,80.0
SR-11611,EVT-12771,AA:BB:CC:00:49,43.9,93.9
SR-11612,EVT-14488,AA:BB:CC:00:47,46.2,87.4
SR-11613,EVT-13021,AA:BB:CC:00:40,46.3,78.2
SR-11614,EVT-12147,AA:BB:CC:00:05,39.3,86.4
SR-11615,EVT-12099,AA:BB:CC:00:62,42.0,185 F
SR-11616,EVT-11026,AA:BB:CC:00:09,44.3,72.9
SR-11617,EVT-12668,AA:BB:CC:00:71,43.4,84.3
SR-11618,EVT-13415,AA:BB:CC:00:18,42.9,91.9
SR-11619,EVT-13134,AA:BB:CC:00:46,46.8,87.3
SR-11620,EVT-13223,AA:BB:CC:00:01,44.6,80.6
SR-11621,EVT-14195,AA:BB:CC:00:06,46.8,89.5
SR-11622,EVT-13874,AA:BB:CC:00:78,41.0,86.5
SR-11623,EVT-11560,AA:BB:CC:00:88,44.6,79.4
SR-11624,EVT-14279,AA:BB:CC:00:81,43.5,81.0
SR-11625,EVT-12406,AA:BB:CC:00:81,45.2,89.9
SR-11626,EVT-14750,AA:BB:CC:00:21,39.4,84.0
SR-11627,EVT-11033,AA:BB:CC:00:35,49.1,82.1
SR-11628,EVT-12225,AA:BB:CC:00:58,44.0,86.1
SR-11629,EVT-10718,AA:BB:CC:00:49,45.8,88.4
SR-11630,EVT-12556,AA:BB:CC:00:98,47.0,96.8
SR-11631,EVT-13197,AA:BB:CC:00:77,47.7,84.5
SR-11632,EVT-13596,AA:BB:CC:00:14,43.9,96.6
SR-11633,EVT-11067,AA:BB:CC:00:68,47.3,87.4
SR-11634,EVT-13819,AA:BB:CC:00:88,47.2,87.1
SR-11635,EVT-10967,AA:BB:CC:00:06,44.4,80.6
SR-11636,EVT-11314,AA:BB:CC:00:20,45.4,85.6
SR-11637,EVT-13122,AA:BB:CC:00:96,42.9,80.4
SR-11638,EVT-11979,AA:BB:CC:00:23,44.1,85.0
SR-11639,EVT-12893,AA:BB:CC:00:14,45.7,84.7
SR-11640,EVT-12475,AA:BB:CC:00:86,48.0,83.1
SR-11641,EVT-12991,AA:BB:CC:00:81,44.6,185 F
SR-11642,EVT-11898,AA:BB:CC:00:51,44.2,84.5
SR-11643,EVT-14445,AA:BB:CC:00:02,44.9 Nm,84.1
SR-11644,EVT-12338,AA:BB:CC:00:49,41.9,82.6
SR-11645,EVT-14606,AA:BB:CC:00:07,42.5,93.7
SR-11646,EVT-12398,AA:BB:CC:00:99,43.9,88.9
SR-11647,EVT-11547,AA:BB:CC:00:100,42.9,91.1
SR-11648,EVT-13687,AA:BB:CC:00:50,41.1,85.1
SR-11649,EVT-14321,AA:BB:CC:00:14,45.1,87.5
SR-11650,EVT-10678,AA:BB:CC:00:20,49.2,85.9
SR-11651,EVT-13711,AA:BB:CC:00:92,45.0,80.6
SR-11652,EVT-13423,AA:BB:CC:00:13,40.2,89.0
SR-11653,EVT-12763,AA:BB:CC:00:57,46.6,74.2
SR-11654,EVT-12476,AA:BB:CC:00:49,46.1,185 F
SR-11655,EVT-10795,AA:BB:CC:00:71,46.3,79.1
SR-11656,EVT-10722,AA:BB:CC:00:67,42.7,70.1
SR-11657,EVT-10469,AA:BB:CC:00:05,46.1,86.6
SR-11658,EVT-10522,AA:BB:CC:00:53,46.5,86.1
SR-11659,EVT-13355,AA:BB:CC:00:52,45.6,84.6
SR-11660,EVT-10743,AA:BB:CC:00:97,45.3,93.4
SR-11661,EVT-10019,AA:BB:CC:00:46,44.9,83.7
SR-11662,EVT-14903,AA:BB:CC:00:59,48.4,84.4
SR-11663,EVT-13048,AA:BB:CC:00:09,44.6,85.0
SR-11664,EVT-12123,AA:BB:CC:00:53,47.1,87.5
SR-11665,EVT-12594,AA:BB:CC:00:91,46.0,86.7
SR-11666,EVT-12666,AA:BB:CC:00:15,47.4,81.1
SR-11667,EVT-11685,AA:BB:CC:00:98,47.9,91.9
SR-11668,EVT-13345,AA:BB:CC:00:82,46.3,84.7
SR-11669,EVT-10594,AA:BB:CC:00:04,45.6,83.1
SR-11670,EVT-11480,AA:BB:CC:00:34,48.8,87.3
SR-11671,EVT-14425,AA:BB:CC:00:62,45.7,94.2
SR-11672,EVT-11563,AA:BB:CC:00:85,46.2,77.9
SR-11673,EVT-10221,AA:BB:CC:00:82,48.4,85.9
SR-11674,EVT-11459,AA:BB:CC:00:52,46.3,85.1
SR-11675,EVT-11023,AA:BB:CC:00:36,41.0,89.7
SR-11676,EVT-14242,AA:BB:CC:00:99,40.1,83.4
SR-11677,EVT-11242,AA:BB:CC:00:58,41.8,83.8
SR-11678,EVT-13939,AA:BB:CC:00:71,43.1,84.9
SR-11679,EVT-14163,AA:BB:CC:00:98,44.7,86.5
SR-11680,EVT-12352,AA:BB:CC:00:46,45.7,88.6
SR-11681,EVT-14121,AA:BB:CC:00:37,42.7,88.7
SR-11682,EVT-11836,AA:BB:CC:00:66,45.9,92.4
SR-11683,EVT-10322,AA:BB:CC:00:41,43.1,80.0
SR-11684,EVT-12676,AA:BB:CC:00:80,46.9,78.6
SR-11685,EVT-14588,AA:BB:CC:00:28,47.3 Nm,81.6
SR-11686,EVT-14089,AA:BB:CC:00:54,47.0,90.6
SR-11687,EVT-13779,AA:BB:CC:00:30,44.3,94.2
SR-11688,EVT-13037,AA:BB:CC:00:31,50.4,86.8
SR-11689,EVT-12076,AA:BB:CC:00:08,42.6,88.5
SR-11690,EVT-11930,AA:BB:CC:00:99,43.7,87.0
SR-11691,EVT-11150,AA:BB:CC:00:71,46.6,87.9
SR-11692,EVT-13895,AA:BB:CC:00:82,44.9,89.7
SR-11693,EVT-11259,AA:BB:CC:00:48,48.1,87.5
SR-11694,EVT-11925,AA:BB:CC:00:100,40.5,82.8
SR-11695,EVT-13340,AA:BB:CC:00:58,45.2,83.7
SR-11696,EVT-11248,AA:BB:CC:00:85,42.6,83.1
SR-11697,EVT-12094,AA:BB:CC:00:04,44.4,88.7
SR-11698,EVT-11479,AA:BB:CC:00:96,33.19 ft-lb,75.5
SR-11699,EVT-11866,AA:BB:CC:00:80,44.6,185 F
SR-11700,EVT-13424,AA:BB:CC:00:18,43.1,88.2
SR-11701,EVT-13559,AA:BB:CC:00:98,45.4,90.0
SR-11702,EVT-12650,AA:BB:CC:00:22,47.7,93.9
SR-11703,EVT-14589,AA:BB:CC:00:27,44.1,83.8
SR-11704,EVT-13942,AA:BB:CC:00:76,48.8,82.4
SR-11705,EVT-13729,AA:BB:CC:00:32,46.5,93.2
SR-11706,EVT-11141,AA:BB:CC:00:71,44.5,76.3
SR-11707,EVT-12220,AA:BB:CC:00:40,44.1,87.0
SR-11708,EVT-13308,AA:BB:CC:00:61,46.0,92.8
SR-11709,EVT-12071,AA:BB:CC:00:74, 43.8 ,94.1
SR-11710,EVT-11109,AA:BB:CC:00:36,46.5,82.5
SR-11711,EVT-10570,AA:BB:CC:00:10,44.0,86.0
SR-11712,EVT-13138,AA:BB:CC:00:71,43.5,97.2
SR-11713,EVT-13085,AA:BB:CC:00:03,44.8,76.6
SR-11714,EVT-10456,AA:BB:CC:00:76,48.2,93.0
SR-11715,EVT-13855,AA:BB:CC:00:96,42.6,70.4
SR-11716,EVT-13780,AA:BB:CC:00:63,9000,88.6
SR-11717,EVT-13770,AA:BB:CC:00:94,43.7,79.0
SR-11718,EVT-12398,AA:BB:CC:00:10,42.3,88.7
SR-11719,EVT-13220,AA:BB:CC:00:21,46.0,79.2
SR-11720,EVT-14519,AA:BB:CC:00:38,44.7,82.6
SR-11721,EVT-11033,AA:BB:CC:00:20,45.6,80.8 C
SR-11722,EVT-14587,AA:BB:CC:00:15,45.7,89.9
SR-11723,EVT-12315,AA:BB:CC:00:21,44.0,89.2
SR-11724,EVT-10211,AA:BB:CC:00:95,43.3,94.5
SR-11725,EVT-14543,AA:BB:CC:00:19,48.1,75.6
SR-11726,EVT-10383,AA:BB:CC:00:08,45.6,80.8
SR-11727,EVT-14350,AA:BB:CC:00:42,41.3,86.8
SR-11728,EVT-13494,AA:BB:CC:00:22,44.9,94.3
SR-11729,EVT-14448,AA:BB:CC:00:76,43.0,82.6
SR-11730,EVT-10013,AA:BB:CC:00:17,45.8,92.5
SR-11731,EVT-13756,AA:BB:CC:00:12,47.0,92.6
SR-11732,EVT-10880,AA:BB:CC:00:95,43.6,87.2
SR-11733,EVT-12896,AA:BB:CC:00:63,46.5,86.3
SR-11734,EVT-13440,AA:BB:CC:00:72,47.4,82.0
SR-11735,EVT-14942,AA:BB:CC:00:59,45.5,77.0
SR-11736,EVT-10004,AA:BB:CC:00:48,43.6,85.0
SR-11737,EVT-12466,AA:BB:CC:00:82,48.0,81.3
SR-11738,EVT-14094,AA:BB:CC:00:27,48.1,84.9
SR-11739,EVT-13863,AA:BB:CC:00:64,44.9,80.8
SR-11740,EVT-10981,AA:BB:CC:00:63,45.1,86.8
SR-11741,EVT-12137,AA:BB:CC:00:43,45.6,80.1
SR-11742,EVT-11744,AA:BB:CC:00:70,33.19 ft-lb,89.1
SR-11743,EVT-13961,AA:BB:CC:00:28,44.6,81.9
SR-11744,EVT-14545,AA:BB:CC:00:29,43.7,85.2
SR-11745,EVT-11470,AA:BB:CC:00:18,47.4,81.9
SR-11746,EVT-11817,AA:BB:CC:00:46,41.7,86.7
SR-11747,EVT-13294,AA:BB:CC:00:87,44.0,79.1
SR-11748,EVT-13713,AA:BB:CC:00:57,47.0,85.8
SR-11749,EVT-14994,AA:BB:CC:00:100, 45.0 ,88.4
SR-11750,EVT-10672,AA:BB:CC:00:10,42.8,90.6
SR-11751,EVT-14102,AA:BB:CC:00:52,44.0,85.5
SR-11752,EVT-10600,AA:BB:CC:00:27,47.9,88.2
SR-11753,EVT-10336,AA:BB:CC:00:18,47.4,92.9
SR-11754,EVT-10352,AA:BB:CC:00:41,44.7,80.7
SR-11755,EVT-10358,AA:BB:CC:00:53,42.8,77.0
SR-11756,EVT-14872,AA:BB:CC:00:13,46.9,93.3
SR-11757,EVT-10175,AA:BB:CC:00:23,43.9,79.4
SR-11758,EVT-11186,AA:BB:CC:00:51,49.3,83.7
SR-11759,EVT-13901,AA:BB:CC:00:40,43.5,79.0
SR-11760,EVT-13909,AA:BB:CC:00:87,45.9,84.6
SR-11761,EVT-11746,AA:BB:CC:00:40,47.7,83.4
SR-11762,EVT-14685,AA:BB:CC:00:50,45.8,83.4
SR-11763,EVT-11282,AA:BB:CC:00:29,45.4,75.6
SR-11764,EVT-13589,AA:BB:CC:00:74,42.4,70.1
SR-11765,EVT-12868,AA:BB:CC:00:94,45.8,85.9
SR-11766,EVT-14227,AA:BB:CC:00:22,45.7,82.3
SR-11767,EVT-11545,AA:BB:CC:00:58,45.0,84.3
SR-11768,EVT-14831,AA:BB:CC:00:95,43.5,78.8
SR-11769,EVT-12096,AA:BB:CC:00:42,33.19 ft-lb,82.1
SR-11770,EVT-12986,AA:BB:CC:00:23,46.4,85.7
SR-11771,EVT-12041,AA:BB:CC:00:68,44.8,89.1
SR-11772,EVT-13754,AA:BB:CC:00:02,46.1,85.6
SR-11773,EVT-12805,AA:BB:CC:00:78,45.6,85.8
SR-11774,EVT-14453,AA:BB:CC:00:40,44.1,91.7
SR-11775,EVT-10810,AA:BB:CC:00:26,45.3,86.9
SR-11776,EVT-14914,AA:BB:CC:00:22,43.9,81.8
SR-11777,EVT-13365,AA:BB:CC:00:46,43.5,91.7
SR-11778,EVT-12710,AA:BB:CC:00:82,46.4,91.0
SR-11779,EVT-11457,AA:BB:CC:00:72,45.7 Nm,84.8
SR-11780,EVT-13245,AA:BB:CC:00:100,44.8,79.5
SR-11781,EVT-11832,AA:BB:CC:00:75,46.4,82.7
SR-11782,EVT-13273,AA:BB:CC:00:60,43.8,95.5
SR-11783,EVT-13662,AA:BB:CC:00:80,43.6,92.1
SR-11784,EVT-14977,AA:BB:CC:00:15,42.1,95.0
SR-11785,EVT-11459,AA:BB:CC:00:47,42.9,79.3
SR-11786,EVT-14431,AA:BB:CC:00:83,44.7,83.8
SR-11787,EVT-13558,AA:BB:CC:00:60,48.9,87.5
SR-11788,EVT-11949,AA:BB:CC:00:72,42.5,90.6
SR-11789,EVT-13180,AA:BB:CC:00:17,41.0,82.6
SR-11790,EVT-13961,AA:BB:CC:00:18,44.4,85.8
SR-11791,EVT-12603,AA:BB:CC:00:66,45.2,81.1
SR-11792,EVT-13831,AA:BB:CC:00:37,43.2,88.5
SR-11793,EVT-12283,AA:BB:CC:00:24,47.3,90.7
SR-11794,EVT-11225,AA:BB:CC:00:81,43.3,90.8
SR-11795,EVT-11895,AA:BB:CC:00:15,44.5,85.4
SR-11796,EVT-13629,AA:BB:CC:00:51,45.1,80.6
SR-11797,EVT-11594,AA:BB:CC:00:24,47.8,89.8
SR-11798,EVT-11197,AA:BB:CC:00:23,46.7,88.6
SR-11799,EVT-14639,AA:BB:CC:00:91,45.7,83.2 C
SR-11800,EVT-11308,AA:BB:CC:00:86,45.5,84.7
SR-11801,EVT-13704,AA:BB:CC:00:47,46.4,79.8
SR-11802,EVT-12601,AA:BB:CC:00:62,48.9,90.7
SR-11803,EVT-14060,AA:BB:CC:00:77,41.5,88.6 C
SR-11804,EVT-10766,AA:BB:CC:00:63,43.0,81.8
SR-11805,EVT-11525,AA:BB:CC:00:12,43.1,84.2
SR-11806,EVT-14785,AA:BB:CC:00:99,48.6,73.2
SR-11807,EVT-14693,AA:BB:CC:00:92,41.8,88.9
SR-11808,EVT-14603,AA:BB:CC:00:10,42.3,83.9
SR-11809,EVT-14333,AA:BB:CC:00:74,44.9,75.5
SR-11810,EVT-13716,AA:BB:CC:00:55,47.6,79.4
SR-11811,EVT-10934,AA:BB:CC:00:45,47.0,83.6
SR-11812,EVT-10720,AA:BB:CC:00:88,44.4,77.8
SR-11813,EVT-11889,AA:BB:CC:00:92,43.6,95.6
SR-11814,EVT-12136,AA:BB:CC:00:37,45.6,84.8
SR-11815,EVT-14330,AA:BB:CC:00:09,42.2,80.5
SR-11816,EVT-10038,AA:BB:CC:00:100,49.4,88.9
SR-11817,EVT-12091,AA:BB:CC:00:99,45.7,85.8
SR-11818,EVT-14455,AA:BB:CC:00:56,49.1,87.7
SR-11819,EVT-11087,AA:BB:CC:00:49,44.3,86.2
SR-11820,EVT-14059,AA:BB:CC:00:66,44.5,83.2
SR-11821,EVT-11621,AA:BB:CC:00:58,45.7,90.3 C
SR-11822,EVT-10908,AA:BB:CC:00:53,44.7,90.5
SR-11823,EVT-13971,AA:BB:CC:00:23,44.6,88.0
SR-11824,EVT-12331,AA:BB:CC:00:12,42.1,91.1
SR-11825,EVT-11618,AA:BB:CC:00:85,44.7,86.1
SR-11826,EVT-11789,AA:BB:CC:00:29,41.7,92.0
SR-11827,EVT-10794,AA:BB:CC:00:100,43.4,87.7
SR-11828,EVT-13639,AA:BB:CC:00:27,44.1,80.0
SR-11829,EVT-10842,AA:BB:CC:00:70,43.1,84.7
SR-11830,EVT-13703,AA:BB:CC:00:20,44.6,81.9
SR-11831,EVT-13528,AA:BB:CC:00:54,44.6,86.9
SR-11832,EVT-13358,AA:BB:CC:00:48,50.3,84.9
SR-11833,EVT-10832,AA:BB:CC:00:56,46.7,85.8
SR-11834,EVT-10070,AA:BB:CC:00:22,45.4,78.4
SR-11835,EVT-11086,AA:BB:CC:00:23,42.5,86.4
SR-11836,EVT-10588,AA:BB:CC:00:34,43.3,87.9
SR-11837,EVT-12842,AA:BB:CC:00:04,33.19 ft-lb,92.4
SR-11838,EVT-14625,AA:BB:CC:00:96,45.9,91.5
SR-11839,EVT-12959,AA:BB:CC:00:16,43.6,95.1
SR-11840,EVT-11923,AA:BB:CC:00:68,46.0,76.8
SR-11841,EVT-13037,AA:BB:CC:00:28,46.3,185 F
SR-11842,EVT-11701,AA:BB:CC:00:92,44.2,83.5
SR-11843,EVT-12984,AA:BB:CC:00:22,43.9,87.1
SR-11844,EVT-11209,AA:BB:CC:00:08,44.8,91.8
SR-11845,EVT-13611,AA:BB:CC:00:90,43.4,79.5
SR-11846,EVT-14928,AA:BB:CC:00:94,42.9,83.2
SR-11847,EVT-10648,AA:BB:CC:00:53,41.6,85.3
SR-11848,EVT-10112,AA:BB:CC:00:09,42.0,86.2
SR-11849,EVT-10756,AA:BB:CC:00:90,45.1,88.6
SR-11850,EVT-11984,AA:BB:CC:00:42,45.8,82.9
SR-11851,EVT-13689,AA:BB:CC:00:54,44.8,84.3
SR-11852,EVT-11032,AA:BB:CC:00:75,43.4,84.0 C
SR-11853,EVT-13797,AA:BB:CC:00:25,46.7,88.3
SR-11854,EVT-11992,AA:BB:CC:00:98,48.8,83.6
SR-11855,EVT-11141,AA:BB:CC:00:91,45.1,82.4
SR-11856,EVT-12253,AA:BB:CC:00:10,44.4 Nm,77.3
SR-11857,EVT-11739,AA:BB:CC:00:79,45.7,91.6
SR-11858,EVT-11231,AA:BB:CC:00:69,41.0,87.8
SR-11859,EVT-10584,AA:BB:CC:00:12,46.4,91.3
SR-11860,EVT-13890,AA:BB:CC:00:08,43.1,90.6
SR-11861,EVT-13871,AA:BB:CC:00:70,47.3,87.8
SR-11862,EVT-10015,AA:BB:CC:00:88,42.2,92.7
SR-11863,EVT-11396,AA:BB:CC:00:01,43.9,91.4
SR-11864,EVT-13513,AA:BB:CC:00:25,42.0,85.2
SR-11865,EVT-12451,AA:BB:CC:00:45,47.7,84.0
SR-11866,EVT-10851,AA:BB:CC:00:47,41.6,94.1
SR-11867,EVT-14603,AA:BB:CC:00:11,44.4 Nm,83.5
SR-11868,EVT-13700,AA:BB:CC:00:62,43.5,86.6
SR-11869,EVT-12290,AA:BB:CC:00:87,44.5,80.9
SR-11870,EVT-13443,AA:BB:CC:00:36,46.9,80.5
SR-11871,EVT-12767,AA:BB:CC:00:40,45.7,84.2
SR-11872,EVT-10658,AA:BB:CC:00:71,44.6,83.2
SR-11873,EVT-11867,AA:BB:CC:00:91,41.6,88.2
SR-11874,EVT-12344,AA:BB:CC:00:85,48.4,77.1
SR-11875,EVT-14475,AA:BB:CC:00:05,45.3,90.5
SR-11876,EVT-14569,AA:BB:CC:00:97,45.7,96.0
SR-11877,EVT-13873,AA:BB:CC:00:57,42.6,82.9
SR-11878,EVT-10020,AA:BB:CC:00:16,47.4,85.6
SR-11879,EVT-13176,AA:BB:CC:00:11,42.4,86.2
SR-11880,EVT-11123,AA:BB:CC:00:54,50.1,85.6
SR-11881,EVT-13820,AA:BB:CC:00:32,46.1,78.0
SR-11882,EVT-10082,AA:BB:CC:00:50,47.6,89.2
SR-11883,EVT-10532,AA:BB:CC:00:88,43.5,90.3
SR-11884,EVT-10470,AA:BB:CC:00:73,44.7,81.2
SR-11885,EVT-12734,AA:BB:CC:00:62,42.0,83.6
SR-11886,EVT-11691,AA:BB:CC:00:100,46.4,80.7
SR-11887,EVT-13007,AA:BB:CC:00:07,46.2 Nm,82.3
SR-11888,EVT-13595,AA:BB:CC:00:92,45.2,82.2
SR-11889,EVT-13969,AA:BB:CC:00:60,45.6,80.2
SR-11890,EVT-12845,AA:BB:CC:00:87,43.7,77.2
SR-11891,EVT-11766,AA:BB:CC:00:39,42.6,82.0
SR-11892,EVT-12214,AA:BB:CC:00:77,48.1,82.5
SR-11893,EVT-13961,AA:BB:CC:00:51,45.2,86.8
SR-11894,EVT-12429,AA:BB:CC:00:07,44.6,80.8
SR-11895,EVT-10791,AA:BB:CC:00:85,45.6,84.1 C
SR-11896,EVT-14747,AA:BB:CC:00:39,43.4,84.6
SR-11897,EVT-11361,AA:BB:CC:00:77,49.2 Nm,76.8
SR-11898,EVT-12693,AA:BB:CC:00:36,47.5,87.2
SR-11899,EVT-14152,AA:BB:CC:00:12,43.5,89.4
SR-11900,EVT-13214,AA:BB:CC:00:72,45.6,76.6
SR-11901,EVT-14404,AA:BB:CC:00:100,42.8,81.7
SR-11902,EVT-10920,AA:BB:CC:00:53,44.7,86.7
SR-11903,EVT-10223,AA:BB:CC:00:61,41.2,86.0
SR-11904,EVT-12699,AA:BB:CC:00:23,48.5,185 F
SR-11905,EVT-11135,AA:BB:CC:00:98,47.2,86.6
SR-11906,EVT-13608,AA:BB:CC:00:23,43.7,92.5
SR-11907,EVT-10809,AA:BB:CC:00:29,44.4,86.6
SR-11908,EVT-12294,AA:BB:CC:00:50,45.0,81.5
SR-11909,EVT-10523,AA:BB:CC:00:24,47.2 Nm,83.9
SR-11910,EVT-10419,AA:BB:CC:00:22,45.4,82.6
SR-11911,EVT-10131,AA:BB:CC:00:12,43.6,95.0
SR-11912,EVT-14578,AA:BB:CC:00:80,45.3,87.1
SR-11913,EVT-10055,AA:BB:CC:00:65,48.0,81.2
SR-11914,EVT-14465,AA:BB:CC:00:30,46.1,82.2
SR-11915,EVT-13335,AA:BB:CC:00:36,45.6,82.1
SR-11916,EVT-14796,AA:BB:CC:00:42,48.4,92.6
SR-11917,EVT-14615,AA:BB:CC:00:24,44.0,87.1
SR-11918,EVT-14742,AA:BB:CC:00:39,45.7,78.4
SR-11919,EVT-13943,AA:BB:CC:00:38,43.3,93.0
SR-11920,EVT-10943,AA:BB:CC:00:32,43.5,77.9
SR-11921,EVT-14130,AA:BB:CC:00:58,47.5,78.3
SR-11922,EVT-14362,AA:BB:CC:00:54,42.2,78.5
SR-11923,EVT-12646,AA:BB:CC:00:32,39.0,79.8
SR-11924,EVT-14705,AA:BB:CC:00:76,47.5,185 F
SR-11925,EVT-14562,AA:BB:CC:00:10,41.0,94.6
SR-11926,EVT-12565,AA:BB:CC:00:57,47.6,81.5
SR-11927,EVT-14328,AA:BB:CC:00:76,45.8,90.3
SR-11928,EVT-12376,AA:BB:CC:00:77,44.2,86.4
SR-11929,EVT-13612,AA:BB:CC:00:79,45.3,81.5
SR-11930,EVT-11215,AA:BB:CC:00:30,43.4,87.1
SR-11931,EVT-12793,AA:BB:CC:00:53,42.8,82.5
SR-11932,EVT-14673,AA:BB:CC:00:77,46.7,89.1
SR-11933,EVT-11902,AA:BB:CC:00:48,43.9,90.6
SR-11934,EVT-12277,AA:BB:CC:00:43,49.1,80.3
SR-11935,EVT-12188,AA:BB:CC:00:01,44.9,84.7
SR-11936,EVT-11094,AA:BB:CC:00:82,45.2,86.6
SR-11937,EVT-14920,AA:BB:CC:00:39,43.4,87.6
SR-11938,EVT-11023,AA:BB:CC:00:12,45.8,83.2
SR-11939,EVT-12000,AA:BB:CC:00:50,45.3,85.8
SR-11940,EVT-11714,AA:BB:CC:00:09,43.9,91.1
SR-11941,EVT-12772,AA:BB:CC:00:49,45.6,80.5
SR-11942,EVT-13933,AA:BB:CC:00:04,44.6,79.5
SR-11943,EVT-12172,AA:BB:CC:00:91,44.5 Nm,86.9
SR-11944,EVT-13412,AA:BB:CC:00:92,47.3,85.0
SR-11945,EVT-10880,AA:BB:CC:00:24,42.5,83.5
SR-11946,EVT-10863,AA:BB:CC:00:68,47.0,80.8
SR-11947,EVT-12391,AA:BB:CC:00:60,42.4,85.6
SR-11948,EVT-11186,AA:BB:CC:00:28,44.7,82.1
SR-11949,EVT-13597,AA:BB:CC:00:52,45.7,85.5
SR-11950,EVT-10183,AA:BB:CC:00:20,44.5,97.5
SR-11951,EVT-11085,AA:BB:CC:00:63,46.6,84.5
SR-11952,EVT-10907,AA:BB:CC:00:93,46.0 Nm,83.8
SR-11953,EVT-11878,AA:BB:CC:00:97,43.0,82.1
SR-11954,EVT-13580,AA:BB:CC:00:30,44.5,70.8
SR-11955,EVT-14237,AA:BB:CC:00:67,45.4,185 F
SR-11956,EVT-10629,AA:BB:CC:00:19,47.3,81.8
SR-11957,EVT-13800,AA:BB:CC:00:21,46.9,91.6
SR-11958,EVT-14629,AA:BB:CC:00:40,45.0,87.5
SR-11959,EVT-12540,AA:BB:CC:00:21,48.3,96.4
SR-11960,EVT-10624,AA:BB:CC:00:84,41.6,87.5
SR-11961,EVT-12746,AA:BB:CC:00:55,43.5,78.7
SR-11962,EVT-12901,AA:BB:CC:00:33,33.19 ft-lb,73.8
SR-11963,EVT-14622,AA:BB:CC:00:38,45.7,85.6
SR-11964,EVT-10110,AA:BB:CC:00:09,46.2,83.2
SR-11965,EVT-13916,AA:BB:CC:00:50,42.5,83.7
SR-11966,EVT-10112,AA:BB:CC:00:95,44.7,81.0
SR-11967,EVT-12513,AA:BB:CC:00:32,46.0,93.7
SR-11968,EVT-10828,AA:BB:CC:00:41,43.0,84.0
SR-11969,EVT-10046,AA:BB:CC:00:23,44.8,88.6
SR-11970,EVT-12841,AA:BB:CC:00:87,46.4,89.4
SR-11971,EVT-10580,AA:BB:CC:00:42,48.7,85.3
SR-11972,EVT-10455,AA:BB:CC:00:16,43.9,86.3
SR-11973,EVT-12979,AA:BB:CC:00:21,45.7,81.2
SR-11974,EVT-12230,AA:BB:CC:00:63,45.8,83.0
SR-11975,EVT-11607,AA:BB:CC:00:76, 43.0 ,86.3
SR-11976,EVT-13013,AA:BB:CC:00:70,46.8,81.2
SR-11977,EVT-12810,AA:BB:CC:00:14,44.9,90.1
SR-11978,EVT-10702,AA:BB:CC:00:86,45.9,82.7
SR-11979,EVT-12685,AA:BB:CC:00:95,44.4,87.7
SR-11980,EVT-13249,AA:BB:CC:00:47,44.5,91.6
SR-11981,EVT-11264,AA:BB:CC:00:42,44.1,80.2
SR-11982,EVT-10632,AA:BB:CC:00:28,43.2,84.6
SR-11983,EVT-11870,AA:BB:CC:00:69,41.0,78.0
SR-11984,EVT-12342,AA:BB:CC:00:26,45.2,85.3
SR-11985,EVT-10057,AA:BB:CC:00:52,43.9,82.3
SR-11986,EVT-13608,AA:BB:CC:00:91,43.3,84.7
SR-11987,EVT-14370,AA:BB:CC:00:93,46.1,94.9
SR-11988,EVT-11358,AA:BB:CC:00:80,45.3,82.2
SR-11989,EVT-12541,AA:BB:CC:00:56,42.7,185 F
SR-11990,EVT-14261,AA:BB:CC:00:90,44.9,82.3
SR-11991,EVT-10116,AA:BB:CC:00:08,44.1,91.4
SR-11992,EVT-12822,AA:BB:CC:00:75,45.6,83.8
SR-11993,EVT-12390,AA:BB:CC:00:03,47.3,89.3
SR-11994,EVT-11601,AA:BB:CC:00:66,43.4,81.2
SR-11995,EVT-13955,AA:BB:CC:00:01,44.3,87.1
SR-11996,EVT-10288,AA:BB:CC:00:01,46.0,86.8
SR-11997,EVT-10337,AA:BB:CC:00:84,43.8,87.7 C
SR-11998,EVT-10875,AA:BB:CC:00:42,45.3,88.0
SR-11999,EVT-14410,AA:BB:CC:00:95,44.2,81.5
SR-12000,EVT-14599,AA:BB:CC:00:50,46.9,86.7
SR-12001,EVT-11290,AA:BB:CC:00:80,45.9,78.3
SR-12002,EVT-14235,AA:BB:CC:00:51,44.2,81.6
SR-12003,EVT-12036,AA:BB:CC:00:48,44.7,89.1
SR-12004,EVT-14352,AA:BB:CC:00:67,42.5,185 F
SR-12005,EVT-10794,AA:BB:CC:00:39,44.8,81.3
SR-12006,EVT-10246,AA:BB:CC:00:70,43.2,86.0
SR-12007,EVT-10584,AA:BB:CC:00:37,45.4,89.0
SR-12008,EVT-14544,AA:BB:CC:00:36,46.0,82.7
SR-12009,EVT-12767,AA:BB:CC:00:76,44.9,82.5
SR-12010,EVT-11976,AA:BB:CC:00:74,45.6,86.9
SR-12011,EVT-14264,AA:BB:CC:00:35,45.5,86.4
SR-12012,EVT-13663,AA:BB:CC:00:66,46.7,80.4
SR-12013,EVT-11327,AA:BB:CC:00:31,40.5,75.3
SR-12014,EVT-10681,AA:BB:CC:00:40,46.4,89.8
SR-12015,EVT-12503,AA:BB:CC:00:79,48.1,84.0
SR-12016,EVT-12799,AA:BB:CC:00:33,46.1,84.3
SR-12017,EVT-13845,AA:BB:CC:00:66, 43.0 ,86.8
SR-12018,EVT-11374,AA:BB:CC:00:27,47.1,82.1
SR-12019,EVT-12320,AA:BB:CC:00:50,44.4,85.7
SR-12020,EVT-10686,AA:BB:CC:00:88,44.4,89.5
SR-12021,EVT-10755,AA:BB:CC:00:91,45.9,85.9
SR-12022,EVT-12056,AA:BB:CC:00:95,45.6,85.3
SR-12023,EVT-14886,AA:BB:CC:00:71,46.9,80.6
SR-12024,EVT-13116,AA:BB:CC:00:26,42.0,84.7
SR-12025,EVT-11163,AA:BB:CC:00:22,44.3,81.6
SR-12026,EVT-12733,AA:BB:CC:00:66,42.7,77.8
SR-12027,EVT-14768,AA:BB:CC:00:16,40.6,81.4
SR-12028,EVT-13417,AA:BB:CC:00:25,43.7,87.0
SR-12029,EVT-13288,AA:BB:CC:00:16,45.6,82.2
SR-12030,EVT-13566,AA:BB:CC:00:87,47.5,85.6
SR-12031,EVT-11674,AA:BB:CC:00:36,48.0,80.4
SR-12032,EVT-12555,AA:BB:CC:00:14,45.0,84.4
SR-12033,EVT-12806,AA:BB:CC:00:40,9000,71.7
SR-12034,EVT-10002,AA:BB:CC:00:09,45.6,84.7
SR-12035,EVT-12197,AA:BB:CC:00:40,47.9,90.9
SR-12036,EVT-13037,AA:BB:CC:00:95,45.2,82.7
SR-12037,EVT-13334,AA:BB:CC:00:71,47.8,76.2
SR-12038,EVT-12961,AA:BB:CC:00:45,46.8,85.6
SR-12039,EVT-13781,AA:BB:CC:00:01,46.5,85.5
SR-12040,EVT-12221,AA:BB:CC:00:85,45.3,91.8
SR-12041,EVT-10244,AA:BB:CC:00:29,50.6,85.0
SR-12042,EVT-10341,AA:BB:CC:00:08,46.3,87.2
SR-12043,EVT-10008,AA:BB:CC:00:73,45.6,77.7
SR-12044,EVT-14574,AA:BB:CC:00:58,46.8,97.9
SR-12045,EVT-12069,AA:BB:CC:00:19,41.8,82.8
SR-12046,EVT-10276,AA:BB:CC:00:47,44.2,86.5
SR-12047,EVT-12814,AA:BB:CC:00:99,43.7,85.9
SR-12048,EVT-13156,AA:BB:CC:00:27,43.6,90.9
SR-12049,EVT-14148,AA:BB:CC:00:85,46.0,81.9
SR-12050,EVT-13132,AA:BB:CC:00:87,49.3,90.1
SR-12051,EVT-14770,AA:BB:CC:00:78,43.8,88.1
SR-12052,EVT-14950,AA:BB:CC:00:76,44.1,88.6
SR-12053,EVT-14519,AA:BB:CC:00:54,44.4,80.6
SR-12054,EVT-12006,AA:BB:CC:00:69,45.3,88.2
SR-12055,EVT-14666,AA:BB:CC:00:98,43.6,83.5
SR-12056,EVT-10854,AA:BB:CC:00:57,43.0,79.5
SR-12057,EVT-10768,AA:BB:CC:00:55,45.6,83.3
SR-12058,EVT-11522,AA:BB:CC:00:71,42.5 Nm,91.2
SR-12059,EVT-13243,AA:BB:CC:00:05,43.6,85.9
SR-12060,EVT-13283,AA:BB:CC:00:99,48.2,91.3
SR-12061,EVT-12229,AA:BB:CC:00:89,44.3,94.1
SR-12062,EVT-13791,AA:BB:CC:00:94,42.7,83.9
SR-12063,EVT-10408,AA:BB:CC:00:42,47.1,88.0
SR-12064,EVT-14581,AA:BB:CC:00:75,44.8,82.6
SR-12065,EVT-14102,AA:BB:CC:00:72,43.6,82.4
SR-12066,EVT-10429,AA:BB:CC:00:28,45.1,85.0
SR-12067,EVT-11359,AA:BB:CC:00:12,40.8,85.6
SR-12068,EVT-12677,AA:BB:CC:00:45,45.7,87.2
SR-12069,EVT-13618,AA:BB:CC:00:34,43.1,89.2
SR-12070,EVT-14028,AA:BB:CC:00:95,46.2,83.9
SR-12071,EVT-13072,AA:BB:CC:00:85,50.4,87.0
SR-12072,EVT-13475,AA:BB:CC:00:80,49.8,76.9
SR-12073,EVT-13802,AA:BB:CC:00:88,47.0,82.1
SR-12074,EVT-11648,AA:BB:CC:00:86,48.6,88.9
SR-12075,EVT-13978,AA:BB:CC:00:58,45.8,88.5
SR-12076,EVT-13612,AA:BB:CC:00:13,43.5,76.9
SR-12077,EVT-11909,AA:BB:CC:00:09,42.3,85.3
SR-12078,EVT-10457,AA:BB:CC:00:72,44.7,84.5
SR-12079,EVT-11943,AA:BB:CC:00:87,41.6,85.9
SR-12080,EVT-12890,AA:BB:CC:00:49,42.4,84.6
SR-12081,EVT-11207,AA:BB:CC:00:10,46.9,86.3
SR-12082,EVT-13603,AA:BB:CC:00:81,44.7,84.4
SR-12083,EVT-14417,AA:BB:CC:00:29,43.4,83.8
SR-12084,EVT-11525,AA:BB:CC:00:49,45.0,80.4
SR-12085,EVT-13884,AA:BB:CC:00:51,43.0,78.6
SR-12086,EVT-10684,AA:BB:CC:00:51,47.2,89.0
SR-12087,EVT-10720,AA:BB:CC:00:66,43.9,85.7
SR-12088,EVT-11803,AA:BB:CC:00:11,44.0,82.1
SR-12089,EVT-14814,AA:BB:CC:00:72,44.9,83.5
SR-12090,EVT-12359,AA:BB:CC:00:21,44.2,85.0
SR-12091,EVT-14418,AA:BB:CC:00:97,48.0,88.5
SR-12092,EVT-11762,AA:BB:CC:00:50,48.4,88.5
SR-12093,EVT-12923,AA:BB:CC:00:71,45.2,88.4
SR-12094,EVT-12090,AA:BB:CC:00:89,48.8,80.5
SR-12095,EVT-13674,AA:BB:CC:00:09, 46.1 ,83.3
SR-12096,EVT-14485,AA:BB:CC:00:43,45.1,87.6
SR-12097,EVT-10002,AA:BB:CC:00:38,47.1,81.3
SR-12098,EVT-12275,AA:BB:CC:00:91,45.4,70.6
SR-12099,EVT-10222,AA:BB:CC:00:44,45.2,76.3
SR-12100,EVT-12223,AA:BB:CC:00:53,44.8,80.7
SR-12101,EVT-13292,AA:BB:CC:00:60,43.7,85.2
SR-12102,EVT-14517,AA:BB:CC:00:74,43.7,86.1
SR-12103,EVT-11328,AA:BB:CC:00:26,41.8,82.1
SR-12104,EVT-12923,AA:BB:CC:00:91,42.0,86.6
SR-12105,EVT-11841,AA:BB:CC:00:56,43.3,89.8
SR-12106,EVT-10524,AA:BB:CC:00:86,41.1,85.1
SR-12107,EVT-14307,AA:BB:CC:00:56,44.1,80.0
SR-12108,EVT-11861,AA:BB:CC:00:46,42.9,89.9
SR-12109,EVT-10301,AA:BB:CC:00:20,45.8,83.4
SR-12110,EVT-12696,AA:BB:CC:00:90,46.2,92.5
SR-12111,EVT-13884,AA:BB:CC:00:37,43.5,86.9
SR-12112,EVT-11696,AA:BB:CC:00:36,48.1,83.7
SR-12113,EVT-11701,AA:BB:CC:00:93,43.9,80.4
SR-12114,EVT-11856,AA:BB:CC:00:77,46.7,87.9
SR-12115,EVT-13373,AA:BB:CC:00:71,43.8,93.2
SR-12116,EVT-12520,AA:BB:CC:00:75,46.0,81.8
SR-12117,EVT-11920,AA:BB:CC:00:43,45.3,87.4
SR-12118,EVT-14767,AA:BB:CC:00:53,44.1,87.1
SR-12119,EVT-14457,AA:BB:CC:00:56,47.3,84.9
SR-12120,EVT-13248,AA:BB:CC:00:44,44.6,79.4
SR-12121,EVT-10530,AA:BB:CC:00:67,44.6,88.6
SR-12122,EVT-10509,AA:BB:CC:00:35,46.6,90.5
SR-12123,EVT-13261,AA:BB:CC:00:01,42.1,88.2
SR-12124,EVT-14648,AA:BB:CC:00:42,46.6,78.3
SR-12125,EVT-14939,AA:BB:CC:00:65,46.3,84.6
SR-12126,EVT-13742,AA:BB:CC:00:97,44.2,86.9
SR-12127,EVT-10609,AA:BB:CC:00:26,44.6,82.2
SR-12128,EVT-12134,AA:BB:CC:00:67,42.7,86.1
SR-12129,EVT-14715,AA:BB:CC:00:88,49.5 Nm,91.5
SR-12130,EVT-14091,AA:BB:CC:00:99,42.5,86.7
SR-12131,EVT-10311,AA:BB:CC:00:61,43.0,92.0
SR-12132,EVT-12322,AA:BB:CC:00:45,48.9,80.2
SR-12133,EVT-13184,AA:BB:CC:00:80,49.1,91.7
SR-12134,EVT-11857,AA:BB:CC:00:99,43.0,84.5
SR-12135,EVT-10293,AA:BB:CC:00:78,46.9,86.0
SR-12136,EVT-10550,AA:BB:CC:00:33,46.3,80.5
SR-12137,EVT-14043,AA:BB:CC:00:58,44.0,80.5
SR-12138,EVT-12570,AA:BB:CC:00:09,44.3,80.3
SR-12139,EVT-10880,AA:BB:CC:00:19,44.8,90.9
SR-12140,EVT-11116,AA:BB:CC:00:30,47.7,88.2
SR-12141,EVT-12716,AA:BB:CC:00:74,47.8,81.1
SR-12142,EVT-10604,AA:BB:CC:00:63, 43.7 ,95.3
SR-12143,EVT-13069,AA:BB:CC:00:53,45.4,85.8
SR-12144,EVT-13047,AA:BB:CC:00:11,44.1,84.6
SR-12145,EVT-14649,AA:BB:CC:00:26,39.8,87.7
SR-12146,EVT-12049,AA:BB:CC:00:26,46.5,81.7
SR-12147,EVT-14135,AA:BB:CC:00:14,44.6,83.7
SR-12148,EVT-10318,AA:BB:CC:00:16,43.3,79.2
SR-12149,EVT-14768,AA:BB:CC:00:39,44.9,79.6
SR-12150,EVT-12924,AA:BB:CC:00:30,43.2,185 F
SR-12151,EVT-10777,AA:BB:CC:00:73,48.4,89.5
SR-12152,EVT-14584,AA:BB:CC:00:13,47.3,82.3
SR-12153,EVT-13087,AA:BB:CC:00:65,46.5,81.3
SR-12154,EVT-10263,AA:BB:CC:00:02,43.5,81.4
SR-12155,EVT-13118,AA:BB:CC:00:23,44.6,91.0
SR-12156,EVT-12932,AA:BB:CC:00:34,42.8,78.3
SR-12157,EVT-10685,AA:BB:CC:00:65,45.0,74.5
SR-12158,EVT-11283,AA:BB:CC:00:42,43.9,92.6
SR-12159,EVT-12475,AA:BB:CC:00:42,45.0,84.7
SR-12160,EVT-10603,AA:BB:CC:00:69,46.8,84.6
SR-12161,EVT-13600,AA:BB:CC:00:39,45.5,91.5
SR-12162,EVT-14433,AA:BB:CC:00:96,44.3,87.4
SR-12163,EVT-12292,AA:BB:CC:00:74,43.2,86.8
SR-12164,EVT-14167,AA:BB:CC:00:22,39.6,86.1
SR-12165,EVT-10125,AA:BB:CC:00:88,47.3,85.7
SR-12166,EVT-13252,AA:BB:CC:00:35,45.8,85.1
SR-12167,EVT-12564,AA:BB:CC:00:95,48.0,80.9
SR-12168,EVT-13106,AA:BB:CC:00:44,43.9,85.4
SR-12169,EVT-14118,AA:BB:CC:00:48,40.3,86.0
SR-12170,EVT-10661,AA:BB:CC:00:50,46.1,85.8
SR-12171,EVT-13439,AA:BB:CC:00:85,42.8,79.2
SR-12172,EVT-10116,AA:BB:CC:00:59,48.0,84.1
SR-12173,EVT-11978,AA:BB:CC:00:74,42.8,81.3
SR-12174,EVT-12881,AA:BB:CC:00:91,44.8,82.3
SR-12175,EVT-10675,AA:BB:CC:00:33,46.0,84.3
SR-12176,EVT-14552,AA:BB:CC:00:16,45.7,84.0
SR-12177,EVT-14502,AA:BB:CC:00:05,44.8,86.6
SR-12178,EVT-13724,AA:BB:CC:00:88,44.5,91.1
SR-12179,EVT-11517,AA:BB:CC:00:44,47.2,89.7
SR-12180,EVT-14296,AA:BB:CC:00:91,44.5,84.8
SR-12181,EVT-14327,AA:BB:CC:00:14,45.5,82.8
SR-12182,EVT-14893,AA:BB:CC:00:74,47.8,74.6
SR-12183,EVT-11975,AA:BB:CC:00:80,45.4,80.5
SR-12184,EVT-13680,AA:BB:CC:00:93,42.4,87.6
SR-12185,EVT-10012,AA:BB:CC:00:79,46.8,90.8
SR-12186,EVT-10879,AA:BB:CC:00:86,44.7,85.9
SR-12187,EVT-13916,AA:BB:CC:00:57,46.7,80.6
SR-12188,EVT-14137,AA:BB:CC:00:70,43.7,82.3
SR-12189,EVT-13944,AA:BB:CC:00:47,44.0,84.2
SR-12190,EVT-11739,AA:BB:CC:00:91,45.1,85.9
SR-12191,EVT-10759,AA:BB:CC:00:93,43.9,185 F
SR-12192,EVT-14035,AA:BB:CC:00:92,44.2,87.4
SR-12193,EVT-13400,AA:BB:CC:00:19,47.9,80.9
SR-12194,EVT-11118,AA:BB:CC:00:97, 44.7 ,80.7
SR-12195,EVT-11462,AA:BB:CC:00:62, 41.5 ,88.1
SR-12196,EVT-13018,AA:BB:CC:00:10,46.7,91.9
SR-12197,EVT-12844,AA:BB:CC:00:56,46.5,83.1
SR-12198,EVT-11544,AA:BB:CC:00:11,47.9,90.8
SR-12199,EVT-12493,AA:BB:CC:00:94,44.4,86.9
SR-12200,EVT-13108,AA:BB:CC:00:78,43.7,93.5
SR-12201,EVT-11916,AA:BB:CC:00:80,46.4,96.5
SR-12202,EVT-13317,AA:BB:CC:00:07,45.3,86.7
SR-12203,EVT-13570,AA:BB:CC:00:53,47.5 Nm,86.1
SR-12204,EVT-14610,AA:BB:CC:00:68,47.0,88.7
SR-12205,EVT-10594,AA:BB:CC:00:16,45.5,86.6
SR-12206,EVT-13952,AA:BB:CC:00:60,42.9,85.2
SR-12207,EVT-10770,AA:BB:CC:00:51,46.6,83.2
SR-12208,EVT-10339,AA:BB:CC:00:99,46.3,77.4
SR-12209,EVT-14709,AA:BB:CC:00:09,46.4,88.0
SR-12210,EVT-14493,AA:BB:CC:00:49,43.2,84.6
SR-12211,EVT-10003,AA:BB:CC:00:36,46.2,79.2
SR-12212,EVT-11927,AA:BB:CC:00:09,41.2,93.8
SR-12213,EVT-10674,AA:BB:CC:00:32,43.4,78.5
SR-12214,EVT-14419,AA:BB:CC:00:57,45.0,83.3
SR-12215,EVT-13619,AA:BB:CC:00:90,46.0,91.3
SR-12216,EVT-13149,AA:BB:CC:00:57,46.4,84.2
SR-12217,EVT-14779,AA:BB:CC:00:44,42.7,83.5
SR-12218,EVT-13778,AA:BB:CC:00:19,47.6,85.7
SR-12219,EVT-13911,AA:BB:CC:00:43,43.5,84.1
SR-12220,EVT-13325,AA:BB:CC:00:68,44.2,77.4
SR-12221,EVT-13256,AA:BB:CC:00:64,44.4,85.6
SR-12222,EVT-13839,AA:BB:CC:00:95,41.9,87.3
SR-12223,EVT-14877,AA:BB:CC:00:13,43.4,84.3
SR-12224,EVT-10339,AA:BB:CC:00:10,45.5,82.4
SR-12225,EVT-11074,AA:BB:CC:00:48,47.8,85.1
SR-12226,EVT-11894,AA:BB:CC:00:20,45.8,89.5
SR-12227,EVT-14153,AA:BB:CC:00:06,46.9,86.0
SR-12228,EVT-11400,AA:BB:CC:00:44,42.7,80.8
SR-12229,EVT-13190,AA:BB:CC:00:48,45.6,90.7
SR-12230,EVT-11914,AA:BB:CC:00:72,45.3,89.0
SR-12231,EVT-13848,AA:BB:CC:00:99,44.5,91.3
SR-12232,EVT-12902,AA:BB:CC:00:64,44.7,79.9 C
SR-12233,EVT-14559,AA:BB:CC:00:79,41.8,86.1
SR-12234,EVT-12607,AA:BB:CC:00:29,45.8,75.0
SR-12235,EVT-14807,AA:BB:CC:00:72,45.2,92.4
SR-12236,EVT-10019,AA:BB:CC:00:09,44.9,80.6
SR-12237,EVT-12721,AA:BB:CC:00:93,46.8,83.0
SR-12238,EVT-14609,AA:BB:CC:00:23,47.4,87.7
SR-12239,EVT-14169,AA:BB:CC:00:55,44.2,81.1
SR-12240,EVT-11328,AA:BB:CC:00:76,50.2,81.3
SR-12241,EVT-12855,AA:BB:CC:00:28,46.5,83.5
SR-12242,EVT-10250,AA:BB:CC:00:47,41.6,83.2
SR-12243,EVT-13079,AA:BB:CC:00:15,33.19 ft-lb,89.2
SR-12244,EVT-12114,AA:BB:CC:00:99,47.7,88.8
SR-12245,EVT-14509,AA:BB:CC:00:93,45.5,92.8
SR-12246,EVT-12854,AA:BB:CC:00:58,42.5,96.1
SR-12247,EVT-10492,AA:BB:CC:00:18,44.2,86.5
SR-12248,EVT-11022,AA:BB:CC:00:40,44.3,92.5
SR-12249,EVT-13301,AA:BB:CC:00:18,43.1,84.7
SR-12250,EVT-13446,AA:BB:CC:00:74,45.2,79.4
SR-12251,EVT-14737,AA:BB:CC:00:07,48.0,78.1
SR-12252,EVT-11533,AA:BB:CC:00:02,42.5,77.9
SR-12253,EVT-10961,AA:BB:CC:00:82,44.0,82.2
SR-12254,EVT-11486,AA:BB:CC:00:51,50.2,84.3
SR-12255,EVT-13002,AA:BB:CC:00:35,43.4,75.4
SR-12256,EVT-13417,AA:BB:CC:00:10,42.9,90.5
SR-12257,EVT-12125,AA:BB:CC:00:20,45.3,82.1
SR-12258,EVT-10132,AA:BB:CC:00:57,42.0,78.7
SR-12259,EVT-13476,AA:BB:CC:00:74,43.7,85.5
SR-12260,EVT-14799,AA:BB:CC:00:13,46.8,91.6
SR-12261,EVT-11386,AA:BB:CC:00:24,40.3,87.1
SR-12262,EVT-13845,AA:BB:CC:00:42,43.7,75.9
SR-12263,EVT-13673,AA:BB:CC:00:63,39.8,79.2
SR-12264,EVT-14291,AA:BB:CC:00:46,47.5,85.8
SR-12265,EVT-13897,AA:BB:CC:00:61,43.5,90.7
SR-12266,EVT-12739,AA:BB:CC:00:75,44.9,88.3
SR-12267,EVT-13000,AA:BB:CC:00:63,44.0,74.0
SR-12268,EVT-11882,AA:BB:CC:00:20,42.6,90.2
SR-12269,EVT-13243,AA:BB:CC:00:16,45.9,87.9
SR-12270,EVT-12666,AA:BB:CC:00:35,44.3,95.8
SR-12271,EVT-11383,AA:BB:CC:00:77,45.6,83.9
SR-12272,EVT-13722,AA:BB:CC:00:09,46.2,81.4
SR-12273,EVT-14138,AA:BB:CC:00:95,45.8,88.6
SR-12274,EVT-14733,AA:BB:CC:00:36,45.3,82.8
SR-12275,EVT-13466,AA:BB:CC:00:14,44.5,80.2
SR-12276,EVT-11525,AA:BB:CC:00:43,42.1,92.5
SR-12277,EVT-11212,AA:BB:CC:00:76,45.8,90.0
SR-12278,EVT-13460,AA:BB:CC:00:23,44.5,78.6
SR-12279,EVT-12788,AA:BB:CC:00:49,47.8,82.8
SR-12280,EVT-13186,AA:BB:CC:00:96,47.2,88.6
SR-12281,EVT-14452,AA:BB:CC:00:01,47.6,83.5 C
SR-12282,EVT-14249,AA:BB:CC:00:80,45.9,78.3
SR-12283,EVT-10352,AA:BB:CC:00:50,47.2,92.9
SR-12284,EVT-10672,AA:BB:CC:00:58,45.1,87.8
SR-12285,EVT-13001,AA:BB:CC:00:75,49.2,91.2
SR-12286,EVT-10904,AA:BB:CC:00:29,41.3,85.6
SR-12287,EVT-11295,AA:BB:CC:00:02,47.1,86.4
SR-12288,EVT-11963,AA:BB:CC:00:16,43.2,82.5
SR-12289,EVT-12794,AA:BB:CC:00:80,44.6,81.7
SR-12290,EVT-10539,AA:BB:CC:00:27,44.1,91.3
SR-12291,EVT-11675,AA:BB:CC:00:36,42.7,86.2
SR-12292,EVT-12601,AA:BB:CC:00:97,43.3,81.7 C
SR-12293,EVT-11032,AA:BB:CC:00:26,41.8,88.6
SR-12294,EVT-12105,AA:BB:CC:00:75,42.3,76.5
SR-12295,EVT-11388,AA:BB:CC:00:07,39.5,80.3
SR-12296,EVT-12379,AA:BB:CC:00:38,44.0,85.9
SR-12297,EVT-13730,AA:BB:CC:00:38,42.9,93.5
SR-12298,EVT-11699,AA:BB:CC:00:25,43.2,83.0
SR-12299,EVT-11592,AA:BB:CC:00:52,48.2,75.7
SR-12300,EVT-14715,AA:BB:CC:00:56,43.3,88.7
SR-12301,EVT-14376,AA:BB:CC:00:50,41.2,90.5
SR-12302,EVT-10140,AA:BB:CC:00:72,49.5,79.1
SR-12303,EVT-11804,AA:BB:CC:00:58,47.7,91.1
SR-12304,EVT-11504,AA:BB:CC:00:92,47.1,93.7
SR-12305,EVT-14762,AA:BB:CC:00:06,44.3,79.5
SR-12306,EVT-13812,AA:BB:CC:00:29,42.2,80.9
SR-12307,EVT-10179,AA:BB:CC:00:67,39.8,83.8
SR-12308,EVT-13728,AA:BB:CC:00:36,40.7,80.6
SR-12309,EVT-10178,AA:BB:CC:00:06,45.6,86.4
SR-12310,EVT-12561,AA:BB:CC:00:01,42.4,87.4
SR-12311,EVT-12784,AA:BB:CC:00:79,45.2,93.0
SR-12312,EVT-13033,AA:BB:CC:00:29,45.2,88.9
SR-12313,EVT-10920,AA:BB:CC:00:79,42.7,75.0
SR-12314,EVT-11243,AA:BB:CC:00:12,44.0,86.1
SR-12315,EVT-12270,AA:BB:CC:00:56,42.9,73.1
SR-12316,EVT-11003,AA:BB:CC:00:06,45.0,84.7
SR-12317,EVT-10922,AA:BB:CC:00:59,44.7,81.9
SR-12318,EVT-11522,AA:BB:CC:00:52, 47.3 ,87.5
SR-12319,EVT-13840,AA:BB:CC:00:37,44.1,80.2
SR-12320,EVT-14448,AA:BB:CC:00:71,46.4,84.4
SR-12321,EVT-14104,AA:BB:CC:00:42,45.2,87.3
SR-12322,EVT-14651,AA:BB:CC:00:39,47.5,82.3
SR-12323,EVT-12788,AA:BB:CC:00:39,44.4,87.4
SR-12324,EVT-13246,AA:BB:CC:00:55,42.3,80.3
SR-12325,EVT-13022,AA:BB:CC:00:46,42.9,73.7
SR-12326,EVT-10718,AA:BB:CC:00:68,43.4,85.2
SR-12327,EVT-14692,AA:BB:CC:00:53,48.0,84.4
SR-12328,EVT-10785,AA:BB:CC:00:61,47.1,81.7
SR-12329,EVT-12298,AA:BB:CC:00:10,45.6,80.1
SR-12330,EVT-14086,AA:BB:CC:00:77,43.9,85.9
SR-12331,EVT-11000,AA:BB:CC:00:07,50.7,87.4
SR-12332,EVT-12746,AA:BB:CC:00:35,41.8,87.8
SR-12333,EVT-11460,AA:BB:CC:00:69,44.1,75.4
SR-12334,EVT-12824,AA:BB:CC:00:82,48.2,82.9
SR-12335,EVT-14673,AA:BB:CC:00:07,45.7,80.2
SR-12336,EVT-13796,AA:BB:CC:00:38,50.1,87.9
SR-12337,EVT-14373,AA:BB:CC:00:08,44.6,84.6
SR-12338,EVT-12594,AA:BB:CC:00:43,43.0,84.4
SR-12339,EVT-10424,AA:BB:CC:00:42,44.7,90.0
SR-12340,EVT-10670,AA:BB:CC:00:26,45.7,80.2
SR-12341,EVT-13774,AA:BB:CC:00:06,41.9,86.5
SR-12342,EVT-12697,AA:BB:CC:00:82,44.4,75.3
SR-12343,EVT-11895,AA:BB:CC:00:58,44.8 Nm,81.1
SR-12344,EVT-13284,AA:BB:CC:00:10,44.8,91.0
SR-12345,EVT-10953,AA:BB:CC:00:73,43.2,78.8
SR-12346,EVT-13630,AA:BB:CC:00:12,40.6,81.9
SR-12347,EVT-13485,AA:BB:CC:00:29,43.0,84.3
SR-12348,EVT-10406,AA:BB:CC:00:21,43.3,81.7
SR-12349,EVT-13955,AA:BB:CC:00:21,47.3,78.7
SR-12350,EVT-13534,AA:BB:CC:00:91,45.8,78.2
SR-12351,EVT-10123,AA:BB:CC:00:42,48.7,95.5
SR-12352,EVT-11770,AA:BB:CC:00:76,45.1 Nm,86.6
SR-12353,EVT-14825,AA:BB:CC:00:29,45.9,93.0
SR-12354,EVT-14495,AA:BB:CC:00:90,45.5,84.7
SR-12355,EVT-11801,AA:BB:CC:00:90,43.2,86.2
SR-12356,EVT-11187,AA:BB:CC:00:92,46.9,89.7
SR-12357,EVT-13355,AA:BB:CC:00:14,46.2,83.6
SR-12358,EVT-10169,AA:BB:CC:00:25,47.6,75.1
SR-12359,EVT-12704,AA:BB:CC:00:39,45.3,91.6
SR-12360,EVT-11327,AA:BB:CC:00:59,45.7,87.1
SR-12361,EVT-14795,AA:BB:CC:00:72,9000,81.9
SR-12362,EVT-13378,AA:BB:CC:00:62,45.7,90.8
SR-12363,EVT-14228,AA:BB:CC:00:79,43.6,92.5
SR-12364,EVT-12409,AA:BB:CC:00:27,46.9 Nm,83.1
SR-12365,EVT-12678,AA:BB:CC:00:99,49.3,94.6
SR-12366,EVT-10063,AA:BB:CC:00:05,45.0,79.9
SR-12367,EVT-11443,AA:BB:CC:00:04,46.3,82.8
SR-12368,EVT-10934,AA:BB:CC:00:52,42.5,78.1
SR-12369,EVT-10369,AA:BB:CC:00:85,43.2,96.2
SR-12370,EVT-13338,AA:BB:CC:00:84,46.8,90.2
SR-12371,EVT-12772,AA:BB:CC:00:06,44.5,87.4
SR-12372,EVT-14513,AA:BB:CC:00:29,44.8,83.8 C
SR-12373,EVT-14636,AA:BB:CC:00:55,46.0,84.5
SR-12374,EVT-11730,AA:BB:CC:00:67,43.6,88.8
SR-12375,EVT-12017,AA:BB:CC:00:36,46.9,78.5
SR-12376,EVT-13649,AA:BB:CC:00:17,33.19 ft-lb,83.7
SR-12377,EVT-14702,AA:BB:CC:00:37,47.2,84.1
SR-12378,EVT-11511,AA:BB:CC:00:49,48.2,83.6
SR-12379,EVT-13826,AA:BB:CC:00:89,46.1,83.8
SR-12380,EVT-10860,AA:BB:CC:00:99,45.6,89.8
SR-12381,EVT-11596,AA:BB:CC:00:64,43.9,85.9
SR-12382,EVT-14084,AA:BB:CC:00:57,45.6,88.7
SR-12383,EVT-11226,AA:BB:CC:00:21,45.0,86.9
SR-12384,EVT-11450,AA:BB:CC:00:66,44.7,82.2
SR-12385,EVT-12932,AA:BB:CC:00:11,45.2,79.5
SR-12386,EVT-12136,AA:BB:CC:00:17,45.8,88.6
SR-12387,EVT-11234,AA:BB:CC:00:61,43.9,85.6
SR-12388,EVT-14938,AA:BB:CC:00:95, 45.0 ,84.5
SR-12389,EVT-11604,AA:BB:CC:00:83,45.6,89.7
SR-12390,EVT-11246,AA:BB:CC:00:29,47.8,75.0
SR-12391,EVT-12699,AA:BB:CC:00:77,46.0,86.8
SR-12392,EVT-14931,AA:BB:CC:00:21,45.6,82.8
SR-12393,EVT-13231,AA:BB:CC:00:69,46.3,78.2
SR-12394,EVT-13185,AA:BB:CC:00:51,49.3,83.0
SR-12395,EVT-12289,AA:BB:CC:00:28,46.0,85.3
SR-12396,EVT-14119,AA:BB:CC:00:15,45.8,89.3
SR-12397,EVT-14402,AA:BB:CC:00:91,47.8,80.9
SR-12398,EVT-11763,AA:BB:CC:00:04,46.5,79.3
SR-12399,EVT-13688,AA:BB:CC:00:38,41.6,74.8
SR-12400,EVT-14503,AA:BB:CC:00:67,42.8,91.7
SR-12401,EVT-12680,AA:BB:CC:00:29,46.0,85.4
SR-12402,EVT-11707,AA:BB:CC:00:11,42.6,82.4
SR-12403,EVT-14396,AA:BB:CC:00:51,46.1,81.5
SR-12404,EVT-10184,AA:BB:CC:00:36,47.1,72.7
SR-12405,EVT-14729,AA:BB:CC:00:91,45.2,76.7
SR-12406,EVT-11297,AA:BB:CC:00:99,45.0,82.2
SR-12407,EVT-10796,AA:BB:CC:00:57,44.8,92.8
SR-12408,EVT-11099,AA:BB:CC:00:05,45.7,75.9
SR-12409,EVT-11185,AA:BB:CC:00:16,42.3,86.5
SR-12410,EVT-13651,AA:BB:CC:00:85,46.3,80.3
SR-12411,EVT-10772,AA:BB:CC:00:25,47.1,81.3
SR-12412,EVT-13573,AA:BB:CC:00:30,47.7,85.8
SR-12413,EVT-14425,AA:BB:CC:00:51,42.0,82.7
SR-12414,EVT-13989,AA:BB:CC:00:03,47.8,87.1
SR-12415,EVT-12680,AA:BB:CC:00:37,45.3,83.2
SR-12416,EVT-10384,AA:BB:CC:00:71,45.8,79.1
SR-12417,EVT-14212,AA:BB:CC:00:03,45.5,86.0
SR-12418,EVT-13275,AA:BB:CC:00:58,44.2,84.6
SR-12419,EVT-11796,AA:BB:CC:00:72, 42.7 ,91.6
SR-12420,EVT-10072,AA:BB:CC:00:21,42.6,82.5
SR-12421,EVT-13378,AA:BB:CC:00:18,46.3,91.4
SR-12422,EVT-10848,AA:BB:CC:00:58,42.6,88.1
SR-12423,EVT-11692,AA:BB:CC:00:10,45.2,76.5
SR-12424,EVT-11961,AA:BB:CC:00:20,46.5,77.9
SR-12425,EVT-13664,AA:BB:CC:00:40,43.7,81.2
SR-12426,EVT-14941,AA:BB:CC:00:29,48.7,89.9
SR-12427,EVT-14206,AA:BB:CC:00:94,44.6,85.7
SR-12428,EVT-12491,AA:BB:CC:00:36,45.5,87.8
SR-12429,EVT-13186,AA:BB:CC:00:32,44.5,89.4
SR-12430,EVT-11263,AA:BB:CC:00:70,43.5,90.5
SR-12431,EVT-10211,AA:BB:CC:00:19,47.2,96.7
SR-12432,EVT-13336,AA:BB:CC:00:95,43.8,89.3
SR-12433,EVT-13961,AA:BB:CC:00:97,43.9,80.0
SR-12434,EVT-10692,AA:BB:CC:00:68, 42.2 ,85.5
SR-12435,EVT-12800,AA:BB:CC:00:75,44.4,85.1
SR-12436,EVT-12386,AA:BB:CC:00:70,43.7,80.9
SR-12437,EVT-14659,AA:BB:CC:00:12,48.5,82.6
SR-12438,EVT-12699,AA:BB:CC:00:37,46.5,79.6
SR-12439,EVT-12881,AA:BB:CC:00:46,43.6,82.6
SR-12440,EVT-14618,AA:BB:CC:00:31,45.5,75.4
SR-12441,EVT-10283,AA:BB:CC:00:17,43.9,79.6
SR-12442,EVT-10459,AA:BB:CC:00:04,43.6,185 F
SR-12443,EVT-13332,AA:BB:CC:00:15,41.6,84.5
SR-12444,EVT-12417,AA:BB:CC:00:45,43.3,80.6
SR-12445,EVT-11470,AA:BB:CC:00:12,46.8,82.6
SR-12446,EVT-13920,AA:BB:CC:00:74,45.1,98.9
SR-12447,EVT-10000,AA:BB:CC:00:06,44.8,83.7
SR-12448,EVT-10509,AA:BB:CC:00:22,44.1,95.0
SR-12449,EVT-13243,AA:BB:CC:00:62,44.2,86.5
SR-12450,EVT-11375,AA:BB:CC:00:41,47.4,90.1
SR-12451,EVT-14011,AA:BB:CC:00:95,45.5,87.2
SR-12452,EVT-10773,AA:BB:CC:00:16,46.4,83.4
SR-12453,EVT-10007,AA:BB:CC:00:72,45.6,83.3
SR-12454,EVT-12505,AA:BB:CC:00:46,46.6,89.9
SR-12455,EVT-13587,AA:BB:CC:00:62,46.7,87.8
SR-12456,EVT-13135,AA:BB:CC:00:58,44.0,81.8
SR-12457,EVT-10102,AA:BB:CC:00:36,46.0,84.5
SR-12458,EVT-12201,AA:BB:CC:00:03,33.19 ft-lb,81.7
SR-12459,EVT-12717,AA:BB:CC:00:29,44.2,95.9
SR-12460,EVT-14993,AA:BB:CC:00:03,44.5,81.6
SR-12461,EVT-13949,AA:BB:CC:00:51,48.1,80.8
SR-12462,EVT-13694,AA:BB:CC:00:10,47.4,78.4
SR-12463,EVT-11016,AA:BB:CC:00:46,44.8,86.9
SR-12464,EVT-10659,AA:BB:CC:00:96,45.8,84.5
SR-12465,EVT-14878,AA:BB:CC:00:85,46.2,84.2
SR-12466,EVT-14763,AA:BB:CC:00:06,45.7,83.1
SR-12467,EVT-11983,AA:BB:CC:00:32,44.2,88.8
SR-12468,EVT-12370,AA:BB:CC:00:92,47.6,92.9
SR-12469,EVT-11154,AA:BB:CC:00:68,43.8,92.8
SR-12470,EVT-14150,AA:BB:CC:00:94,47.8,85.7
SR-12471,EVT-14799,AA:BB:CC:00:61,45.8,94.1
SR-12472,EVT-13107,AA:BB:CC:00:81,45.0,81.7
SR-12473,EVT-12722,AA:BB:CC:00:64,45.0,96.2
SR-12474,EVT-11405,AA:BB:CC:00:64,45.8,87.4
SR-12475,EVT-13159,AA:BB:CC:00:92,47.0,93.0
SR-12476,EVT-13543,AA:BB:CC:00:39,47.0,84.9
SR-12477,EVT-10375,AA:BB:CC:00:74,46.8,90.0
SR-12478,EVT-14504,AA:BB:CC:00:01,39.5,74.5
SR-12479,EVT-14096,AA:BB:CC:00:51,41.0,92.5
SR-12480,EVT-13848,AA:BB:CC:00:95,41.5,185 F
SR-12481,EVT-11148,AA:BB:CC:00:96,45.9,88.6
SR-12482,EVT-12679,AA:BB:CC:00:54,46.7,83.9
SR-12483,EVT-10540,AA:BB:CC:00:20,46.8,92.6
SR-12484,EVT-14909,AA:BB:CC:00:93,46.8,86.9
SR-12485,EVT-10158,AA:BB:CC:00:37,45.4,84.5
SR-12486,EVT-12265,AA:BB:CC:00:58,46.5,82.8
SR-12487,EVT-13278,AA:BB:CC:00:89,48.1,93.8
SR-12488,EVT-14982,AA:BB:CC:00:01,44.5,80.4
SR-12489,EVT-14764,AA:BB:CC:00:54,46.3,93.7
SR-12490,EVT-14254,AA:BB:CC:00:79,43.8,85.8
SR-12491,EVT-10911,AA:BB:CC:00:98,47.5,79.2
SR-12492,EVT-11278,AA:BB:CC:00:87,42.2,76.3
SR-12493,EVT-13715,AA:BB:CC:00:93,43.1,76.5
SR-12494,EVT-11671,AA:BB:CC:00:13,44.7,80.4
SR-12495,EVT-14455,AA:BB:CC:00:02,45.4,84.6
SR-12496,EVT-14554,AA:BB:CC:00:40,43.1,81.0
SR-12497,EVT-12084,AA:BB:CC:00:56,50.1 Nm,83.9
SR-12498,EVT-13670,AA:BB:CC:00:69,48.6,90.3
SR-12499,EVT-14509,AA:BB:CC:00:22,44.0,82.8
SR-12500,EVT-11943,AA:BB:CC:00:59,44.5,81.0
SR-12501,EVT-13528,AA:BB:CC:00:55,43.8,81.0
SR-12502,EVT-11102,AA:BB:CC:00:15,46.3,89.2
SR-12503,EVT-11212,AA:BB:CC:00:77,42.4,89.2
SR-12504,EVT-10109,AA:BB:CC:00:30,47.8,86.1
SR-12505,EVT-14505,AA:BB:CC:00:25,47.6,81.8
SR-12506,EVT-11151,AA:BB:CC:00:85,46.3,79.1
SR-12507,EVT-13044,AA:BB:CC:00:81,44.8,80.1
SR-12508,EVT-11047,AA:BB:CC:00:100,42.3,84.6
SR-12509,EVT-14309,AA:BB:CC:00:39,42.1,88.9
SR-12510,EVT-14680,AA:BB:CC:00:34,43.0,77.1
SR-12511,EVT-14235,AA:BB:CC:00:98,46.8,84.9
SR-12512,EVT-12704,AA:BB:CC:00:49,46.9,83.5
SR-12513,EVT-10728,AA:BB:CC:00:53,43.7,78.6
SR-12514,EVT-12522,AA:BB:CC:00:38,47.3,90.1
SR-12515,EVT-11289,AA:BB:CC:00:50,46.4,83.0
SR-12516,EVT-12421,AA:BB:CC:00:59,40.8,88.3
SR-12517,EVT-13532,AA:BB:CC:00:62,43.7,78.6
SR-12518,EVT-12950,AA:BB:CC:00:26,44.0,86.2
SR-12519,EVT-11147,AA:BB:CC:00:66,47.0,83.0
SR-12520,EVT-11635,AA:BB:CC:00:98,45.8,79.6 C
SR-12521,EVT-12421,AA:BB:CC:00:62,47.6,86.3
SR-12522,EVT-13091,AA:BB:CC:00:100,47.9,82.2
SR-12523,EVT-12038,AA:BB:CC:00:52,47.0,84.4
SR-12524,EVT-11459,AA:BB:CC:00:62,44.9,87.9
SR-12525,EVT-11446,AA:BB:CC:00:98,45.2,83.1
SR-12526,EVT-14474,AA:BB:CC:00:68,45.9,89.1
SR-12527,EVT-14287,AA:BB:CC:00:75,44.5,81.1
SR-12528,EVT-14624,AA:BB:CC:00:42, 39.6 ,79.1
SR-12529,EVT-10536,AA:BB:CC:00:13,46.4,81.7
SR-12530,EVT-12121,AA:BB:CC:00:36,45.8,81.4
SR-12531,EVT-11485,AA:BB:CC:00:69,47.5,88.9
SR-12532,EVT-10018,AA:BB:CC:00:75,42.8,87.0
SR-12533,EVT-13955,AA:BB:CC:00:27,43.1,91.7
SR-12534,EVT-14361,AA:BB:CC:00:03,48.7,76.3
SR-12535,EVT-14334,AA:BB:CC:00:45,41.7,87.4
SR-12536,EVT-13809,AA:BB:CC:00:92,42.8,81.8
SR-12537,EVT-12674,AA:BB:CC:00:35,46.0,80.2
SR-12538,EVT-12548,AA:BB:CC:00:37,41.5,84.0
SR-12539,EVT-10604,AA:BB:CC:00:14,42.6,84.9
SR-12540,EVT-12261,AA:BB:CC:00:29,45.8,89.8
SR-12541,EVT-14429,AA:BB:CC:00:62,43.7,81.4
SR-12542,EVT-14353,AA:BB:CC:00:81,44.3,82.9
SR-12543,EVT-12315,AA:BB:CC:00:14,45.5,87.7
SR-12544,EVT-13648,AA:BB:CC:00:31,46.4,81.2
SR-12545,EVT-13825,AA:BB:CC:00:48,46.6,86.6
SR-12546,EVT-14683,AA:BB:CC:00:38,45.2,89.2
SR-12547,EVT-11355,AA:BB:CC:00:55,45.4,78.4
SR-12548,EVT-12681,AA:BB:CC:00:05,33.19 ft-lb,81.1
SR-12549,EVT-11408,AA:BB:CC:00:18,46.5,75.4
SR-12550,EVT-10563,AA:BB:CC:00:82,33.19 ft-lb,84.4
SR-12551,EVT-10993,AA:BB:CC:00:15,45.4,83.5
SR-12552,EVT-12282,AA:BB:CC:00:51,46.3,85.0
SR-12553,EVT-10953,AA:BB:CC:00:68,46.5,86.1
SR-12554,EVT-12502,AA:BB:CC:00:53,43.2,89.8
SR-12555,EVT-14413,AA:BB:CC:00:09,44.9,69.3
SR-12556,EVT-10837,AA:BB:CC:00:19,42.1,77.0
SR-12557,EVT-10607,AA:BB:CC:00:25,47.3,86.4
SR-12558,EVT-11380,AA:BB:CC:00:49,40.9,92.8
SR-12559,EVT-12908,AA:BB:CC:00:84,45.9,90.8
SR-12560,EVT-13178,AA:BB:CC:00:78,47.1,87.8
SR-12561,EVT-14117,AA:BB:CC:00:59,42.2,85.8
SR-12562,EVT-13036,AA:BB:CC:00:08,42.6,90.7
SR-12563,EVT-14993,AA:BB:CC:00:73,45.2,93.6
SR-12564,EVT-14553,AA:BB:CC:00:21,42.1,88.9
SR-12565,EVT-14086,AA:BB:CC:00:98,45.1,89.6
SR-12566,EVT-14029,AA:BB:CC:00:40,48.7,84.7
SR-12567,EVT-11059,AA:BB:CC:00:57,45.1,89.0
SR-12568,EVT-11458,AA:BB:CC:00:59,47.3,85.4
SR-12569,EVT-14619,AA:BB:CC:00:77,45.7,82.4
SR-12570,EVT-13384,AA:BB:CC:00:26,46.1,90.8
SR-12571,EVT-10429,AA:BB:CC:00:42,41.2,91.2
SR-12572,EVT-11240,AA:BB:CC:00:59,44.7,89.7
SR-12573,EVT-13960,AA:BB:CC:00:30,46.4,94.2
SR-12574,EVT-13574,AA:BB:CC:00:47,47.1,83.6
SR-12575,EVT-10019,AA:BB:CC:00:61,48.2,81.0
SR-12576,EVT-12671,AA:BB:CC:00:84,43.7,80.1
SR-12577,EVT-10714,AA:BB:CC:00:07,44.3,83.7
SR-12578,EVT-14243,AA:BB:CC:00:54, 44.0 ,96.1
SR-12579,EVT-10608,AA:BB:CC:00:20,43.7,81.8
SR-12580,EVT-13288,AA:BB:CC:00:16,45.8,84.1
SR-12581,EVT-11047,AA:BB:CC:00:02,45.4,91.2
SR-12582,EVT-12856,AA:BB:CC:00:10,46.6,87.6
SR-12583,EVT-10416,AA:BB:CC:00:99,41.5,98.5
SR-12584,EVT-14513,AA:BB:CC:00:43,43.9,86.4
SR-12585,EVT-11742,AA:BB:CC:00:28,48.3,96.0
SR-12586,EVT-12903,AA:BB:CC:00:10,45.4,87.5
SR-12587,EVT-13918,AA:BB:CC:00:77,44.5,75.9
SR-12588,EVT-12820,AA:BB:CC:00:22,46.2,79.7
SR-12589,EVT-13358,AA:BB:CC:00:34,42.9,78.9
SR-12590,EVT-10662,AA:BB:CC:00:16,47.6,84.0
SR-12591,EVT-11790,AA:BB:CC:00:72,44.3,87.6
SR-12592,EVT-14618,AA:BB:CC:00:84,41.3,88.1
SR-12593,EVT-11909,AA:BB:CC:00:74,47.7,88.1
SR-12594,EVT-10994,AA:BB:CC:00:55,47.2,87.0
SR-12595,EVT-10538,AA:BB:CC:00:64,44.2,86.0
SR-12596,EVT-11024,AA:BB:CC:00:93,47.3,86.3
SR-12597,EVT-10446,AA:BB:CC:00:53,46.7,82.0
SR-12598,EVT-11668,AA:BB:CC:00:42,48.0,85.1
SR-12599,EVT-14431,AA:BB:CC:00:30,44.8,85.1
SR-12600,EVT-13549,AA:BB:CC:00:60,45.4,92.7
SR-12601,EVT-11920,AA:BB:CC:00:88,48.3,85.1
SR-12602,EVT-11342,AA:BB:CC:00:02,40.0,86.6
SR-12603,EVT-13075,AA:BB:CC:00:34,44.5,97.7
SR-12604,EVT-10562,AA:BB:CC:00:42,47.3,88.6
SR-12605,EVT-13171,AA:BB:CC:00:21, 42.8 ,83.9
SR-12606,EVT-13453,AA:BB:CC:00:34,45.3,84.0
SR-12607,EVT-10081,AA:BB:CC:00:32,44.1,95.9
SR-12608,EVT-11746,AA:BB:CC:00:30,42.5,87.0
SR-12609,EVT-10355,AA:BB:CC:00:64,44.2,84.6
SR-12610,EVT-11864,AA:BB:CC:00:78,45.4,82.3
SR-12611,EVT-12329,AA:BB:CC:00:19,46.8,79.6
SR-12612,EVT-12689,AA:BB:CC:00:30,49.0,84.6
SR-12613,EVT-13291,AA:BB:CC:00:58,43.9,85.7
SR-12614,EVT-14140,AA:BB:CC:00:41,46.1,80.7
SR-12615,EVT-12770,AA:BB:CC:00:27,47.6,85.4
SR-12616,EVT-14200,AA:BB:CC:00:16,45.7,83.5
SR-12617,EVT-12536,AA:BB:CC:00:25,43.1,80.8
SR-12618,EVT-10873,AA:BB:CC:00:89,47.3,83.5
SR-12619,EVT-10247,AA:BB:CC:00:88,47.9,85.7
SR-12620,EVT-13340,AA:BB:CC:00:61,46.5,90.5
SR-12621,EVT-10567,AA:BB:CC:00:67,44.2,90.5
SR-12622,EVT-14280,AA:BB:CC:00:88,44.8,88.3
SR-12623,EVT-11351,AA:BB:CC:00:11,41.0,76.9
SR-12624,EVT-11691,AA:BB:CC:00:32,45.5,86.7
SR-12625,EVT-13937,AA:BB:CC:00:87,47.1,89.6
SR-12626,EVT-14193,AA:BB:CC:00:76,42.7,82.3
SR-12627,EVT-11304,AA:BB:CC:00:85,45.1,92.6
SR-12628,EVT-11915,AA:BB:CC:00:37,43.8,87.4
SR-12629,EVT-12880,AA:BB:CC:00:52,47.8,86.2
SR-12630,EVT-14842,AA:BB:CC:00:34,46.6,80.9
SR-12631,EVT-14251,AA:BB:CC:00:85,47.1,77.5
SR-12632,EVT-14432,AA:BB:CC:00:90,45.1,84.1
SR-12633,EVT-12159,AA:BB:CC:00:100,46.0,78.0
SR-12634,EVT-13712,AA:BB:CC:00:50,42.7,89.8
SR-12635,EVT-14059,AA:BB:CC:00:34,45.1,83.8
SR-12636,EVT-12449,AA:BB:CC:00:09,43.4,78.1
SR-12637,EVT-14481,AA:BB:CC:00:82,9000,78.4
SR-12638,EVT-14422,AA:BB:CC:00:42,42.8,94.9
SR-12639,EVT-11772,AA:BB:CC:00:39,42.4,78.8
SR-12640,EVT-14154,AA:BB:CC:00:30,43.7,82.2
SR-12641,EVT-12993,AA:BB:CC:00:03,45.7,84.1
SR-12642,EVT-10273,AA:BB:CC:00:02,44.9,89.4
SR-12643,EVT-11286,AA:BB:CC:00:67,48.6,85.8
SR-12644,EVT-12236,AA:BB:CC:00:79,47.4,84.7
SR-12645,EVT-14477,AA:BB:CC:00:67,46.3,90.4
SR-12646,EVT-11731,AA:BB:CC:00:98,45.8,84.9
SR-12647,EVT-13728,AA:BB:CC:00:17,44.1,95.8
SR-12648,EVT-14804,AA:BB:CC:00:63,47.2,83.5
SR-12649,EVT-13430,AA:BB:CC:00:03,44.1,72.2
SR-12650,EVT-12060,AA:BB:CC:00:71,46.0,74.7
SR-12651,EVT-11124,AA:BB:CC:00:95,48.4,82.4
SR-12652,EVT-11475,AA:BB:CC:00:10,43.1,75.1
SR-12653,EVT-14824,AA:BB:CC:00:99,43.6,87.5
SR-12654,EVT-14574,AA:BB:CC:00:92,42.5,88.2
SR-12655,EVT-14238,AA:BB:CC:00:55,41.8,88.8
SR-12656,EVT-14123,AA:BB:CC:00:20,45.2,80.3
SR-12657,EVT-11226,AA:BB:CC:00:01,46.6,81.0
SR-12658,EVT-10220,AA:BB:CC:00:42,46.8,87.0
SR-12659,EVT-10122,AA:BB:CC:00:13,43.9,79.5
SR-12660,EVT-12877,AA:BB:CC:00:08,46.5,87.6
SR-12661,EVT-12217,AA:BB:CC:00:24,47.6,88.1
SR-12662,EVT-13091,AA:BB:CC:00:22,47.4,86.8
SR-12663,EVT-11959,AA:BB:CC:00:91,42.5,82.4
SR-12664,EVT-10018,AA:BB:CC:00:47,44.0,80.0
SR-12665,EVT-10012,AA:BB:CC:00:33,45.2,87.7
SR-12666,EVT-11299,AA:BB:CC:00:60,33.19 ft-lb,88.3
SR-12667,EVT-11823,AA:BB:CC:00:26,43.2,77.2
SR-12668,EVT-11717,AA:BB:CC:00:44,47.9,92.5
SR-12669,EVT-11977,AA:BB:CC:00:03,44.1,77.3
SR-12670,EVT-10111,AA:BB:CC:00:60,44.2,75.3
SR-12671,EVT-14973,AA:BB:CC:00:94,46.6,85.2
SR-12672,EVT-13206,AA:BB:CC:00:10,43.7,89.0
SR-12673,EVT-12169,AA:BB:CC:00:06,44.6,73.6
SR-12674,EVT-13336,AA:BB:CC:00:17,42.7,85.9
SR-12675,EVT-14385,AA:BB:CC:00:59,46.9,89.0
SR-12676,EVT-13638,AA:BB:CC:00:07,45.8,95.3
SR-12677,EVT-14966,AA:BB:CC:00:14,49.0,87.4
SR-12678,EVT-10627,AA:BB:CC:00:98,45.3,85.9
SR-12679,EVT-13662,AA:BB:CC:00:70,48.3,91.4
SR-12680,EVT-12416,AA:BB:CC:00:33,45.1,92.6
SR-12681,EVT-12551,AA:BB:CC:00:82,46.3,91.6
SR-12682,EVT-12105,AA:BB:CC:00:70,46.3,83.5
SR-12683,EVT-13576,AA:BB:CC:00:18,46.6,77.4
SR-12684,EVT-12044,AA:BB:CC:00:94,46.2,78.0
SR-12685,EVT-10442,AA:BB:CC:00:68,45.7,78.9
SR-12686,EVT-12627,AA:BB:CC:00:25,45.6,91.4
SR-12687,EVT-14541,AA:BB:CC:00:67,47.0,80.4
SR-12688,EVT-14029,AA:BB:CC:00:46,44.8,72.0
SR-12689,EVT-13813,AA:BB:CC:00:69,44.6,76.1
SR-12690,EVT-10404,AA:BB:CC:00:40,43.8,81.8
SR-12691,EVT-13280,AA:BB:CC:00:58,44.7,88.0
SR-12692,EVT-12722,AA:BB:CC:00:05,46.5,87.9
SR-12693,EVT-13472,AA:BB:CC:00:74,45.3,91.9
SR-12694,EVT-10976,AA:BB:CC:00:45,47.2,85.4
SR-12695,EVT-13020,AA:BB:CC:00:54,44.1,73.5
SR-12696,EVT-12199,AA:BB:CC:00:84,44.5,87.7
SR-12697,EVT-14436,AA:BB:CC:00:64,43.0,185 F
SR-12698,EVT-13323,AA:BB:CC:00:77,46.4,92.2 C
SR-12699,EVT-10587,AA:BB:CC:00:52,41.2,85.1
SR-12700,EVT-14621,AA:BB:CC:00:01,47.7,79.4
SR-12701,EVT-11389,AA:BB:CC:00:94,47.2,75.9
SR-12702,EVT-13163,AA:BB:CC:00:100,48.0,83.0
SR-12703,EVT-13288,AA:BB:CC:00:45,45.7,82.7
SR-12704,EVT-12139,AA:BB:CC:00:72,49.9,81.1
SR-12705,EVT-13358,AA:BB:CC:00:73,47.2 Nm,90.3
SR-12706,EVT-11469,AA:BB:CC:00:62,33.19 ft-lb,86.5
SR-12707,EVT-13253,AA:BB:CC:00:46,45.9,88.8
SR-12708,EVT-11532,AA:BB:CC:00:33,42.3,92.3
SR-12709,EVT-14956,AA:BB:CC:00:37,45.0,86.3
SR-12710,EVT-13225,AA:BB:CC:00:60,9000,75.6
SR-12711,EVT-13866,AA:BB:CC:00:49,44.7,81.4
SR-12712,EVT-14916,AA:BB:CC:00:70,44.9,82.7
SR-12713,EVT-13364,AA:BB:CC:00:17,46.5,93.9
SR-12714,EVT-14866,AA:BB:CC:00:23,45.2,83.5
SR-12715,EVT-13827,AA:BB:CC:00:37,42.8,97.1
SR-12716,EVT-14169,AA:BB:CC:00:66,42.1,80.9
SR-12717,EVT-12399,AA:BB:CC:00:82,46.4,76.1
SR-12718,EVT-12116,AA:BB:CC:00:92,43.3,88.1
SR-12719,EVT-14514,AA:BB:CC:00:14,41.4,85.9
SR-12720,EVT-13919,AA:BB:CC:00:86,45.1,86.7
SR-12721,EVT-11484,AA:BB:CC:00:01,46.1,85.3
SR-12722,EVT-12781,AA:BB:CC:00:42,45.1,94.0
SR-12723,EVT-13210,AA:BB:CC:00:41,43.8,83.5
SR-12724,EVT-13997,AA:BB:CC:00:39,48.5,78.4
SR-12725,EVT-10916,AA:BB:CC:00:44,42.7,81.8
SR-12726,EVT-11283,AA:BB:CC:00:72,45.9,82.1
SR-12727,EVT-11526,AA:BB:CC:00:91,46.1,83.6
SR-12728,EVT-14027,AA:BB:CC:00:74,45.5,82.6
SR-12729,EVT-14211,AA:BB:CC:00:34,33.19 ft-lb,90.5
SR-12730,EVT-12598,AA:BB:CC:00:54,47.0,88.5
SR-12731,EVT-12677,AA:BB:CC:00:46,43.8,85.0
SR-12732,EVT-10041,AA:BB:CC:00:33,46.0 Nm,88.7
SR-12733,EVT-14913,AA:BB:CC:00:59,44.7,87.3
SR-12734,EVT-14634,AA:BB:CC:00:37,43.4,85.8
SR-12735,EVT-13969,AA:BB:CC:00:08,42.9,91.0
SR-12736,EVT-13392,AA:BB:CC:00:30,44.4,89.9
SR-12737,EVT-14365,AA:BB:CC:00:20,45.8,81.5
SR-12738,EVT-14203,AA:BB:CC:00:65,44.6,88.9
SR-12739,EVT-10946,AA:BB:CC:00:49,46.1,86.8
SR-12740,EVT-12709,AA:BB:CC:00:71,46.3,86.2
SR-12741,EVT-13920,AA:BB:CC:00:58,44.6,88.9
SR-12742,EVT-10945,AA:BB:CC:00:75,46.0,82.9
SR-12743,EVT-12728,AA:BB:CC:00:62,49.7,90.4
SR-12744,EVT-10799,AA:BB:CC:00:07,47.1,81.4
SR-12745,EVT-12208,AA:BB:CC:00:36,41.6,88.9
SR-12746,EVT-10082,AA:BB:CC:00:84,48.7,83.5
SR-12747,EVT-10058,AA:BB:CC:00:97,46.4,89.5
SR-12748,EVT-13146,AA:BB:CC:00:59,43.3,85.2
SR-12749,EVT-13312,AA:BB:CC:00:34,44.1,90.5
SR-12750,EVT-11014,AA:BB:CC:00:87,47.4,85.3
SR-12751,EVT-10803,AA:BB:CC:00:63,33.19 ft-lb,70.9
SR-12752,EVT-13734,AA:BB:CC:00:24,33.19 ft-lb,86.9
SR-12753,EVT-10002,AA:BB:CC:00:61,43.2,81.5
SR-12754,EVT-14857,AA:BB:CC:00:09,44.6,91.4
SR-12755,EVT-13356,AA:BB:CC:00:23,44.1,83.1
SR-12756,EVT-10316,AA:BB:CC:00:48,46.6,93.2
SR-12757,EVT-14102,AA:BB:CC:00:81,45.1,80.8
SR-12758,EVT-14184,AA:BB:CC:00:56,45.2,78.3
SR-12759,EVT-10719,AA:BB:CC:00:39,45.3,92.1 C
SR-12760,EVT-10890,AA:BB:CC:00:98,44.4,85.6
SR-12761,EVT-10829,AA:BB:CC:00:06,42.6,77.1
SR-12762,EVT-12326,AA:BB:CC:00:03,46.5,83.7
SR-12763,EVT-12868,AA:BB:CC:00:38,33.19 ft-lb,90.3
SR-12764,EVT-13936,AA:BB:CC:00:08,44.9,88.5
SR-12765,EVT-14167,AA:BB:CC:00:40,45.0,85.8
SR-12766,EVT-13555,AA:BB:CC:00:09,44.3,91.9
SR-12767,EVT-13578,AA:BB:CC:00:79, 47.1 ,79.6
SR-12768,EVT-14977,AA:BB:CC:00:64,45.5,91.5
SR-12769,EVT-10216,AA:BB:CC:00:94,43.8,84.5
SR-12770,EVT-13618,AA:BB:CC:00:49,45.6,84.4
SR-12771,EVT-11932,AA:BB:CC:00:68,43.2,88.4
SR-12772,EVT-10109,AA:BB:CC:00:93,44.4,86.3
SR-12773,EVT-10828,AA:BB:CC:00:33,45.4,88.2
SR-12774,EVT-12545,AA:BB:CC:00:06,45.9,88.6
SR-12775,EVT-14675,AA:BB:CC:00:29,43.8,84.3
SR-12776,EVT-14844,AA:BB:CC:00:19,44.2,86.1
SR-12777,EVT-12431,AA:BB:CC:00:27,45.1,84.4
SR-12778,EVT-11912,AA:BB:CC:00:75,42.9,81.7
SR-12779,EVT-14362,AA:BB:CC:00:09,43.1,91.7
SR-12780,EVT-14695,AA:BB:CC:00:80,44.5,76.6
SR-12781,EVT-13789,AA:BB:CC:00:18,42.7,93.3
SR-12782,EVT-11086,AA:BB:CC:00:13,44.7,84.4
SR-12783,EVT-11991,AA:BB:CC:00:71,45.3,185 F
SR-12784,EVT-14470,AA:BB:CC:00:81,42.8,91.8
SR-12785,EVT-10477,AA:BB:CC:00:73,45.2,86.7
SR-12786,EVT-12334,AA:BB:CC:00:32,41.8,83.7
SR-12787,EVT-13968,AA:BB:CC:00:26,44.9,89.4
SR-12788,EVT-13583,AA:BB:CC:00:52,44.9,81.1
SR-12789,EVT-14023,AA:BB:CC:00:22,44.7,99.6
SR-12790,EVT-12181,AA:BB:CC:00:28,47.8,87.1
SR-12791,EVT-13918,AA:BB:CC:00:55,47.5,86.2
SR-12792,EVT-10849,AA:BB:CC:00:80,42.4,79.1
SR-12793,EVT-10878,AA:BB:CC:00:100,45.6,83.9
SR-12794,EVT-14959,AA:BB:CC:00:89,43.8,91.1
SR-12795,EVT-14042,AA:BB:CC:00:28,46.6,79.1
SR-12796,EVT-10065,AA:BB:CC:00:29,44.1,80.5
SR-12797,EVT-12219,AA:BB:CC:00:65,46.2,76.8
SR-12798,EVT-11877,AA:BB:CC:00:31,45.7,84.1
SR-12799,EVT-14628,AA:BB:CC:00:94,44.3,84.3 C
SR-12800,EVT-12635,AA:BB:CC:00:25,44.4,70.5
SR-12801,EVT-10733,AA:BB:CC:00:63,45.9,86.3
SR-12802,EVT-14936,AA:BB:CC:00:53,45.4,83.8
SR-12803,EVT-11542,AA:BB:CC:00:18,42.5,89.2
SR-12804,EVT-10239,AA:BB:CC:00:37, 48.8 ,87.9
SR-12805,EVT-10789,AA:BB:CC:00:61,46.3,85.1
SR-12806,EVT-10154,AA:BB:CC:00:51,45.4,90.7
SR-12807,EVT-12299,AA:BB:CC:00:73,46.5,86.2
SR-12808,EVT-11573,AA:BB:CC:00:79,42.8,89.7
SR-12809,EVT-10269,AA:BB:CC:00:93,42.6,84.6
SR-12810,EVT-11703,AA:BB:CC:00:05,42.1,87.6
SR-12811,EVT-11740,AA:BB:CC:00:55,41.2,81.8
SR-12812,EVT-14708,AA:BB:CC:00:44,45.3,91.0
SR-12813,EVT-14145,AA:BB:CC:00:73,44.3,88.5
SR-12814,EVT-14554,AA:BB:CC:00:10,45.4 Nm,93.5
SR-12815,EVT-12079,AA:BB:CC:00:25,44.8,78.5
SR-12816,EVT-13265,AA:BB:CC:00:61,47.3,96.4
SR-12817,EVT-11110,AA:BB:CC:00:55,44.9,80.7
SR-12818,EVT-12308,AA:BB:CC:00:10,41.9,75.7
SR-12819,EVT-12681,AA:BB:CC:00:20,43.8,89.6
SR-12820,EVT-10807,AA:BB:CC:00:42,49.8,88.8
SR-12821,EVT-13015,AA:BB:CC:00:63,9000,79.2
SR-12822,EVT-12522,AA:BB:CC:00:73,46.1,85.5
SR-12823,EVT-10765,AA:BB:CC:00:03,47.2,90.6
SR-12824,EVT-11281,AA:BB:CC:00:43,45.6,82.4
SR-12825,EVT-10807,AA:BB:CC:00:75,42.2,83.7
SR-12826,EVT-10504,AA:BB:CC:00:04,44.8,87.7 C
SR-12827,EVT-10582,AA:BB:CC:00:28,41.9,84.7
SR-12828,EVT-10433,AA:BB:CC:00:41,46.7,84.3
SR-12829,EVT-10405,AA:BB:CC:00:38,45.0,83.1
SR-12830,EVT-10902,AA:BB:CC:00:11,48.7,91.0
SR-12831,EVT-11916,AA:BB:CC:00:32,46.2,87.0
SR-12832,EVT-10364,AA:BB:CC:00:82,40.2,81.1
SR-12833,EVT-13490,AA:BB:CC:00:40,44.3,87.2
SR-12834,EVT-12211,AA:BB:CC:00:54,41.2,90.4
SR-12835,EVT-12257,AA:BB:CC:00:83,48.0,87.6
SR-12836,EVT-10921,AA:BB:CC:00:80,42.5,87.1
SR-12837,EVT-13534,AA:BB:CC:00:03,46.9,89.7
SR-12838,EVT-12359,AA:BB:CC:00:13,46.5,79.5
SR-12839,EVT-11877,AA:BB:CC:00:56,43.8,87.9
SR-12840,EVT-12648,AA:BB:CC:00:51,47.4,89.5
SR-12841,EVT-14082,AA:BB:CC:00:37,9000,84.6
SR-12842,EVT-13672,AA:BB:CC:00:94,49.8,85.0
SR-12843,EVT-13672,AA:BB:CC:00:14,42.3,83.7
SR-12844,EVT-14005,AA:BB:CC:00:36,47.6,81.4
SR-12845,EVT-12520,AA:BB:CC:00:70,46.2,82.8
SR-12846,EVT-11831,AA:BB:CC:00:32,43.3,82.8
SR-12847,EVT-11899,AA:BB:CC:00:41,47.8,84.1
SR-12848,EVT-13666,AA:BB:CC:00:40,43.5,80.2
SR-12849,EVT-11173,AA:BB:CC:00:32,47.9,83.0
SR-12850,EVT-14397,AA:BB:CC:00:12,42.9,95.1
SR-12851,EVT-14118,AA:BB:CC:00:89,45.8,90.2
SR-12852,EVT-13411,AA:BB:CC:00:89,45.3,91.8
SR-12853,EVT-12977,AA:BB:CC:00:54,49.2,81.1
SR-12854,EVT-14490,AA:BB:CC:00:57,45.0,93.7
SR-12855,EVT-10810,AA:BB:CC:00:08,41.7,89.8
SR-12856,EVT-14126,AA:BB:CC:00:42,44.4,83.4
SR-12857,EVT-14836,AA:BB:CC:00:99, 42.5 ,82.6
SR-12858,EVT-12505,AA:BB:CC:00:70,49.0,80.8
SR-12859,EVT-13040,AA:BB:CC:00:68,44.8,88.7
SR-12860,EVT-11507,AA:BB:CC:00:44,43.2,84.1
SR-12861,EVT-12233,AA:BB:CC:00:99,44.2,86.3
SR-12862,EVT-12323,AA:BB:CC:00:90,48.8,88.3
SR-12863,EVT-11870,AA:BB:CC:00:31,48.4,98.6
SR-12864,EVT-12639,AA:BB:CC:00:85,46.2,84.8
SR-12865,EVT-11890,AA:BB:CC:00:88,43.1,85.0
SR-12866,EVT-11213,AA:BB:CC:00:74,45.0,96.1
SR-12867,EVT-12004,AA:BB:CC:00:07,43.1,92.0
SR-12868,EVT-11845,AA:BB:CC:00:26,33.19 ft-lb,85.7
SR-12869,EVT-12850,AA:BB:CC:00:28,43.0,85.4
SR-12870,EVT-11639,AA:BB:CC:00:02,47.2,91.2
SR-12871,EVT-11391,AA:BB:CC:00:44,43.5,78.9
SR-12872,EVT-13873,AA:BB:CC:00:78,45.1,86.5
SR-12873,EVT-13712,AA:BB:CC:00:71,45.8,88.7
SR-12874,EVT-10008,AA:BB:CC:00:17,44.6,74.1
SR-12875,EVT-13176,AA:BB:CC:00:15,46.8,92.5
SR-12876,EVT-14189,AA:BB:CC:00:86,45.1,83.3
SR-12877,EVT-13604,AA:BB:CC:00:32,44.8,81.6
SR-12878,EVT-14117,AA:BB:CC:00:90,45.4,81.4
SR-12879,EVT-14441,AA:BB:CC:00:23,45.5,89.0
SR-12880,EVT-13787,AA:BB:CC:00:26,33.19 ft-lb,80.7
SR-12881,EVT-11950,AA:BB:CC:00:64,40.5,79.8
SR-12882,EVT-12596,AA:BB:CC:00:56,47.1,85.4
SR-12883,EVT-12302,AA:BB:CC:00:88,43.8,79.0
SR-12884,EVT-12794,AA:BB:CC:00:86,42.1,88.1
SR-12885,EVT-13043,AA:BB:CC:00:91,42.5,82.0
SR-12886,EVT-11455,AA:BB:CC:00:21,47.8,80.7
SR-12887,EVT-10129,AA:BB:CC:00:37,46.2,88.9
SR-12888,EVT-14836,AA:BB:CC:00:43,40.8,83.8
SR-12889,EVT-12353,AA:BB:CC:00:08,45.2,78.5
SR-12890,EVT-10380,AA:BB:CC:00:14,33.19 ft-lb,85.2
SR-12891,EVT-13862,AA:BB:CC:00:66,44.9,84.6
SR-12892,EVT-10517,AA:BB:CC:00:71,41.3,86.8
SR-12893,EVT-13772,AA:BB:CC:00:27,45.9,84.2
SR-12894,EVT-13875,AA:BB:CC:00:08,46.1,87.8
SR-12895,EVT-10002,AA:BB:CC:00:68,44.7,86.2
SR-12896,EVT-12529,AA:BB:CC:00:59,44.8,81.5
SR-12897,EVT-10076,AA:BB:CC:00:10,43.2,85.8
SR-12898,EVT-12732,AA:BB:CC:00:47,33.19 ft-lb,86.7
SR-12899,EVT-12359,AA:BB:CC:00:10,47.5,84.7
SR-12900,EVT-11707,AA:BB:CC:00:16,44.5,85.0
SR-12901,EVT-11885,AA:BB:CC:00:03,47.0,92.0
SR-12902,EVT-13287,AA:BB:CC:00:23,43.9,85.8
SR-12903,EVT-14324,AA:BB:CC:00:02,45.4,85.1
SR-12904,EVT-13867,AA:BB:CC:00:65,45.4,86.5
SR-12905,EVT-14611,AA:BB:CC:00:75,44.4,80.6
SR-12906,EVT-13459,AA:BB:CC:00:63,48.0,87.3
SR-12907,EVT-14429,AA:BB:CC:00:58,45.9,86.6
SR-12908,EVT-12134,AA:BB:CC:00:37,46.9,80.8
SR-12909,EVT-10493,AA:BB:CC:00:61,43.3,87.4
SR-12910,EVT-12158,AA:BB:CC:00:20,48.4,81.9
SR-12911,EVT-11577,AA:BB:CC:00:60,44.4,80.2
SR-12912,EVT-13839,AA:BB:CC:00:21,46.8,92.3
SR-12913,EVT-12243,AA:BB:CC:00:94,44.1,79.4
SR-12914,EVT-11472,AA:BB:CC:00:25,43.3,92.4
SR-12915,EVT-10551,AA:BB:CC:00:47,47.9,92.7
SR-12916,EVT-14349,AA:BB:CC:00:81,43.9,90.7
SR-12917,EVT-10073,AA:BB:CC:00:40,45.5,86.1
SR-12918,EVT-10902,AA:BB:CC:00:51,43.7,94.2
SR-12919,EVT-10726,AA:BB:CC:00:87,41.0,91.9
SR-12920,EVT-11313,AA:BB:CC:00:83,45.3,77.4
SR-12921,EVT-13957,AA:BB:CC:00:21,48.2,81.5
SR-12922,EVT-10779,AA:BB:CC:00:07,43.3,84.8
SR-12923,EVT-13855,AA:BB:CC:00:06,43.6,73.5
SR-12924,EVT-13207,AA:BB:CC:00:66,33.19 ft-lb,84.1
SR-12925,EVT-11705,AA:BB:CC:00:03,45.6,91.4
SR-12926,EVT-13589,AA:BB:CC:00:41,43.8,86.4
SR-12927,EVT-13534,AA:BB:CC:00:11,42.4,81.8
SR-12928,EVT-12186,AA:BB:CC:00:60,45.9,84.8
SR-12929,EVT-14082,AA:BB:CC:00:22,43.8,87.3
SR-12930,EVT-11622,AA:BB:CC:00:50,46.7,89.7
SR-12931,EVT-14625,AA:BB:CC:00:48,43.2,85.7
SR-12932,EVT-13656,AA:BB:CC:00:53,44.2,85.5
SR-12933,EVT-10625,AA:BB:CC:00:42,43.2 Nm,89.0
SR-12934,EVT-12181,AA:BB:CC:00:09,45.0,84.7
SR-12935,EVT-13151,AA:BB:CC:00:84,43.4,83.3
SR-12936,EVT-13713,AA:BB:CC:00:02,46.2,83.7
SR-12937,EVT-12512,AA:BB:CC:00:63,44.7,76.6
SR-12938,EVT-13993,AA:BB:CC:00:80,45.5,84.0
SR-12939,EVT-11800,AA:BB:CC:00:90,45.4,90.3
SR-12940,EVT-10603,AA:BB:CC:00:23,43.0,87.6
SR-12941,EVT-10349,AA:BB:CC:00:78,48.4,93.1
SR-12942,EVT-12877,AA:BB:CC:00:85,47.5,90.5
SR-12943,EVT-14654,AA:BB:CC:00:87,43.4,93.7
SR-12944,EVT-10294,AA:BB:CC:00:76,42.2,88.6
SR-12945,EVT-11151,AA:BB:CC:00:04,44.7,85.8
SR-12946,EVT-10826,AA:BB:CC:00:81,43.2,83.1
SR-12947,EVT-13538,AA:BB:CC:00:95,44.2,75.8
SR-12948,EVT-11731,AA:BB:CC:00:92,44.3,85.4
SR-12949,EVT-13442,AA:BB:CC:00:52,41.9,78.4
SR-12950,EVT-14791,AA:BB:CC:00:53,42.7,83.8
SR-12951,EVT-11269,AA:BB:CC:00:54,42.4,70.5
SR-12952,EVT-11871,AA:BB:CC:00:52,46.3,86.9
SR-12953,EVT-13765,AA:BB:CC:00:39,44.1,82.6
SR-12954,EVT-14254,AA:BB:CC:00:36,46.6,77.4
SR-12955,EVT-11220,AA:BB:CC:00:78,42.0 Nm,84.6
SR-12956,EVT-12704,AA:BB:CC:00:31,45.5,87.1
SR-12957,EVT-12263,AA:BB:CC:00:33,45.7,92.1
SR-12958,EVT-13077,AA:BB:CC:00:09,45.3,87.8
SR-12959,EVT-14982,AA:BB:CC:00:22, 46.3 ,82.8
SR-12960,EVT-14938,AA:BB:CC:00:36,43.5,86.0
SR-12961,EVT-10407,AA:BB:CC:00:94,46.5,84.0
SR-12962,EVT-11811,AA:BB:CC:00:52,43.4,82.8
SR-12963,EVT-10012,AA:BB:CC:00:09,44.0,80.8
SR-12964,EVT-14918,AA:BB:CC:00:73,46.1,89.2
SR-12965,EVT-10603,AA:BB:CC:00:64,47.6,85.7
SR-12966,EVT-11758,AA:BB:CC:00:12,41.7,90.9
SR-12967,EVT-10356,AA:BB:CC:00:92,42.8,86.4
SR-12968,EVT-13346,AA:BB:CC:00:16,45.4,91.3
SR-12969,EVT-10302,AA:BB:CC:00:70,47.2,77.4
SR-12970,EVT-12299,AA:BB:CC:00:09,40.1,84.2 C
SR-12971,EVT-10582,AA:BB:CC:00:34,41.1,82.8
SR-12972,EVT-12882,AA:BB:CC:00:95,48.4,79.7
SR-12973,EVT-12141,AA:BB:CC:00:07,50.0,82.5
SR-12974,EVT-10030,AA:BB:CC:00:32,45.4,81.8
SR-12975,EVT-10300,AA:BB:CC:00:49,44.0,84.6
SR-12976,EVT-13567,AA:BB:CC:00:54,44.7,83.9
SR-12977,EVT-14405,AA:BB:CC:00:88,41.6,83.1
SR-12978,EVT-10328,AA:BB:CC:00:94,9000,83.0
SR-12979,EVT-11121,AA:BB:CC:00:42,41.5,86.2
SR-12980,EVT-13541,AA:BB:CC:00:90,43.2,79.0
SR-12981,EVT-10410,AA:BB:CC:00:97,44.5,86.5
SR-12982,EVT-10051,AA:BB:CC:00:90,45.5,83.8
SR-12983,EVT-12614,AA:BB:CC:00:83,47.1,85.2
SR-12984,EVT-11050,AA:BB:CC:00:01,41.8,88.6
SR-12985,EVT-12912,AA:BB:CC:00:20,50.6,71.6
SR-12986,EVT-10684,AA:BB:CC:00:38,45.0,75.4
SR-12987,EVT-12474,AA:BB:CC:00:12,42.1,85.2
SR-12988,EVT-14649,AA:BB:CC:00:59,47.0,93.9
SR-12989,EVT-13827,AA:BB:CC:00:86,46.0,81.9
SR-12990,EVT-12821,AA:BB:CC:00:50,42.8,87.3
SR-12991,EVT-12351,AA:BB:CC:00:07,43.0,80.5
SR-12992,EVT-13610,AA:BB:CC:00:86,46.6,81.7
SR-12993,EVT-13231,AA:BB:CC:00:27,43.7,83.8 C
SR-12994,EVT-14437,AA:BB:CC:00:78,43.1,88.2
SR-12995,EVT-11523,AA:BB:CC:00:13,45.2,84.2
SR-12996,EVT-12740,AA:BB:CC:00:20,42.4,87.6
SR-12997,EVT-11306,AA:BB:CC:00:72,48.4,77.7
SR-12998,EVT-13819,AA:BB:CC:00:18,45.5,79.4
SR-12999,EVT-10295,AA:BB:CC:00:58,45.5,82.8
SR-13000,EVT-10093,AA:BB:CC:00:68,42.3,87.6
SR-13001,EVT-13532,AA:BB:CC:00:87,43.6,82.4
SR-13002,EVT-13005,AA:BB:CC:00:23,47.2,86.2
SR-13003,EVT-13305,AA:BB:CC:00:68,43.7,85.0
SR-13004,EVT-12202,AA:BB:CC:00:02,43.1,85.8
SR-13005,EVT-10277,AA:BB:CC:00:44,43.1,84.4
SR-13006,EVT-12552,AA:BB:CC:00:86,43.1,79.7
SR-13007,EVT-12026,AA:BB:CC:00:50,45.0,86.2
SR-13008,EVT-11815,AA:BB:CC:00:59,43.5,82.3
SR-13009,EVT-10150,AA:BB:CC:00:44,44.3 Nm,79.7
SR-13010,EVT-12228,AA:BB:CC:00:65,46.8,84.9
SR-13011,EVT-13590,AA:BB:CC:00:74,45.0,77.3
SR-13012,EVT-14118,AA:BB:CC:00:34,48.1,89.0
SR-13013,EVT-13078,AA:BB:CC:00:31,43.5,185 F
SR-13014,EVT-14407,AA:BB:CC:00:14,42.4,87.4
SR-13015,EVT-12709,AA:BB:CC:00:52,47.3 Nm,79.8
SR-13016,EVT-10604,AA:BB:CC:00:19,45.5,83.6
SR-13017,EVT-12821,AA:BB:CC:00:29,44.9,83.7
SR-13018,EVT-11640,AA:BB:CC:00:55,44.5,94.5
SR-13019,EVT-12504,AA:BB:CC:00:100,43.2,88.8
SR-13020,EVT-14440,AA:BB:CC:00:30,40.2,91.3
SR-13021,EVT-12687,AA:BB:CC:00:75,46.8,92.1
SR-13022,EVT-14137,AA:BB:CC:00:94,46.8,88.7
SR-13023,EVT-14709,AA:BB:CC:00:59,43.0,86.4
SR-13024,EVT-11548,AA:BB:CC:00:86,42.1,84.6
SR-13025,EVT-10922,AA:BB:CC:00:53,43.7,85.7
SR-13026,EVT-10850,AA:BB:CC:00:66,42.1,86.4
SR-13027,EVT-10591,AA:BB:CC:00:39,47.5,85.8
SR-13028,EVT-12094,AA:BB:CC:00:25,42.5,84.1
SR-13029,EVT-13512,AA:BB:CC:00:45,46.7,80.9
SR-13030,EVT-13821,AA:BB:CC:00:08,43.2,83.0
SR-13031,EVT-12453,AA:BB:CC:00:96,46.6,90.6
SR-13032,EVT-13812,AA:BB:CC:00:71,46.0,88.5
SR-13033,EVT-11152,AA:BB:CC:00:59,48.2,85.5
SR-13034,EVT-11202,AA:BB:CC:00:86,42.6,84.6
SR-13035,EVT-14209,AA:BB:CC:00:93,42.5,87.3
SR-13036,EVT-14670,AA:BB:CC:00:02,43.7,78.1
SR-13037,EVT-11626,AA:BB:CC:00:15,49.6,83.5
SR-13038,EVT-11185,AA:BB:CC:00:20,43.5,83.7
SR-13039,EVT-12076,AA:BB:CC:00:90,44.9,81.1
SR-13040,EVT-14806,AA:BB:CC:00:11,45.4,81.3
SR-13041,EVT-14920,AA:BB:CC:00:87,44.3,84.0
SR-13042,EVT-14555,AA:BB:CC:00:41,47.2,82.6
SR-13043,EVT-12413,AA:BB:CC:00:68,44.9,90.5
SR-13044,EVT-11495,AA:BB:CC:00:04,47.2,81.6
SR-13045,EVT-13173,AA:BB:CC:00:48,48.2,83.6 C
SR-13046,EVT-10118,AA:BB:CC:00:01,45.4,86.3
SR-13047,EVT-13489,AA:BB:CC:00:87,44.3,81.6
SR-13048,EVT-10103,AA:BB:CC:00:88,46.1,89.2
SR-13049,EVT-10049,AA:BB:CC:00:61,47.4,80.7
SR-13050,EVT-14949,AA:BB:CC:00:27,43.8,85.0
SR-13051,EVT-10474,AA:BB:CC:00:71,46.5,82.1
SR-13052,EVT-14814,AA:BB:CC:00:34,45.3,84.3
SR-13053,EVT-13662,AA:BB:CC:00:68,45.1,82.0
SR-13054,EVT-14950,AA:BB:CC:00:02,38.5,88.1
SR-13055,EVT-10112,AA:BB:CC:00:23,46.7,81.6
SR-13056,EVT-13639,AA:BB:CC:00:36,33.19 ft-lb,83.0
SR-13057,EVT-10753,AA:BB:CC:00:86,45.0,86.3
SR-13058,EVT-12279,AA:BB:CC:00:10,43.6,79.4
SR-13059,EVT-12670,AA:BB:CC:00:99,42.0,93.1
SR-13060,EVT-14972,AA:BB:CC:00:91,43.1,94.8
SR-13061,EVT-10924,AA:BB:CC:00:63,43.1,85.2
SR-13062,EVT-13476,AA:BB:CC:00:88,47.5,84.6
SR-13063,EVT-11536,AA:BB:CC:00:71,43.3,81.8
SR-13064,EVT-11600,AA:BB:CC:00:51,43.9,90.1
SR-13065,EVT-12224,AA:BB:CC:00:21,46.1,84.8
SR-13066,EVT-11126,AA:BB:CC:00:72,47.8,78.0
SR-13067,EVT-13195,AA:BB:CC:00:100,45.8,85.6
SR-13068,EVT-13896,AA:BB:CC:00:69,9000,92.2
SR-13069,EVT-10482,AA:BB:CC:00:80,47.3,79.7
SR-13070,EVT-10265,AA:BB:CC:00:18,47.0,80.6
SR-13071,EVT-13162,AA:BB:CC:00:23,46.5,72.5
SR-13072,EVT-14358,AA:BB:CC:00:56,46.4,83.1
SR-13073,EVT-14493,AA:BB:CC:00:44,43.1,82.9
SR-13074,EVT-13810,AA:BB:CC:00:52,43.4,96.3
SR-13075,EVT-12446,AA:BB:CC:00:21,45.1,81.8
SR-13076,EVT-13378,AA:BB:CC:00:22,48.6,89.5
SR-13077,EVT-14790,AA:BB:CC:00:13,43.5,74.4
SR-13078,EVT-14459,AA:BB:CC:00:62,44.2,81.4 C
SR-13079,EVT-13999,AA:BB:CC:00:100,33.19 ft-lb,82.9
SR-13080,EVT-12234,AA:BB:CC:00:75, 45.3 ,87.8
SR-13081,EVT-14424,AA:BB:CC:00:70,45.8,87.5
SR-13082,EVT-14640,AA:BB:CC:00:62,43.9,93.1
SR-13083,EVT-14831,AA:BB:CC:00:73,9000,78.4
SR-13084,EVT-12628,AA:BB:CC:00:20,45.7,83.5
SR-13085,EVT-10938,AA:BB:CC:00:61,43.3,85.1
SR-13086,EVT-12733,AA:BB:CC:00:24,47.8,83.5
SR-13087,EVT-11405,AA:BB:CC:00:76,45.4,77.9
SR-13088,EVT-12503,AA:BB:CC:00:42,50.0,87.8
SR-13089,EVT-10730,AA:BB:CC:00:35,47.6,80.8
SR-13090,EVT-13127,AA:BB:CC:00:39, 45.2 ,87.2
SR-13091,EVT-11832,AA:BB:CC:00:89,44.5,85.2
SR-13092,EVT-12410,AA:BB:CC:00:91,48.2,81.1
SR-13093,EVT-13370,AA:BB:CC:00:42,43.7,82.9
SR-13094,EVT-11587,AA:BB:CC:00:65,42.3,77.5
SR-13095,EVT-14399,AA:BB:CC:00:12,44.7,83.4
SR-13096,EVT-13851,AA:BB:CC:00:01,41.0,81.9
SR-13097,EVT-12146,AA:BB:CC:00:77,45.5,83.2
SR-13098,EVT-14651,AA:BB:CC:00:39,45.2,84.0
SR-13099,EVT-12194,AA:BB:CC:00:40,42.7,87.1
SR-13100,EVT-12275,AA:BB:CC:00:06,46.5,89.4
SR-13101,EVT-11418,AA:BB:CC:00:29,46.7,85.8
SR-13102,EVT-12915,AA:BB:CC:00:47,41.9,90.8
SR-13103,EVT-14699,AA:BB:CC:00:50,47.0,82.8
SR-13104,EVT-11004,AA:BB:CC:00:68,46.7,83.7
SR-13105,EVT-14987,AA:BB:CC:00:23,45.3,95.3
SR-13106,EVT-13699,AA:BB:CC:00:08,43.5,88.3
SR-13107,EVT-13158,AA:BB:CC:00:02,44.1,75.3
SR-13108,EVT-14514,AA:BB:CC:00:04,46.0,81.9
SR-13109,EVT-13131,AA:BB:CC:00:51,43.6,87.0
SR-13110,EVT-10506,AA:BB:CC:00:87,33.19 ft-lb,90.0
SR-13111,EVT-10337,AA:BB:CC:00:21,46.5,79.7
SR-13112,EVT-13572,AA:BB:CC:00:53,48.9,85.0
SR-13113,EVT-10061,AA:BB:CC:00:26,43.9,84.0
SR-13114,EVT-14118,AA:BB:CC:00:30,44.0,80.4
SR-13115,EVT-14393,AA:BB:CC:00:33,43.2,93.9
SR-13116,EVT-11189,AA:BB:CC:00:22,46.2,76.6
SR-13117,EVT-13057,AA:BB:CC:00:76,46.9,85.7
SR-13118,EVT-14153,AA:BB:CC:00:06,44.6,73.8
SR-13119,EVT-10446,AA:BB:CC:00:84,43.5,90.1
SR-13120,EVT-12490,AA:BB:CC:00:71,44.1,86.5
SR-13121,EVT-11534,AA:BB:CC:00:30,49.2,83.8
SR-13122,EVT-13604,AA:BB:CC:00:57,45.9,82.5
SR-13123,EVT-13042,AA:BB:CC:00:08,51.1,86.2
SR-13124,EVT-11585,AA:BB:CC:00:17,44.5,79.9
SR-13125,EVT-12945,AA:BB:CC:00:92,43.8,89.9
SR-13126,EVT-14850,AA:BB:CC:00:32,43.2,90.1
SR-13127,EVT-14364,AA:BB:CC:00:48,47.2,96.1
SR-13128,EVT-14315,AA:BB:CC:00:09,46.1,80.4
SR-13129,EVT-13088,AA:BB:CC:00:44,47.8,89.7
SR-13130,EVT-13884,AA:BB:CC:00:68,43.2,79.0
SR-13131,EVT-13380,AA:BB:CC:00:03,43.7,91.3
SR-13132,EVT-13052,AA:BB:CC:00:44,43.1,82.2
SR-13133,EVT-12529,AA:BB:CC:00:50,44.5,81.0
SR-13134,EVT-11060,AA:BB:CC:00:100,45.3,81.8
SR-13135,EVT-12701,AA:BB:CC:00:48,45.4,85.7
SR-13136,EVT-13184,AA:BB:CC:00:07, 43.7 ,89.3
SR-13137,EVT-12984,AA:BB:CC:00:10,48.1,82.4
SR-13138,EVT-13255,AA:BB:CC:00:97,45.0,82.4
SR-13139,EVT-12899,AA:BB:CC:00:78,47.3,87.8
SR-13140,EVT-12454,AA:BB:CC:00:18,40.9,87.8
SR-13141,EVT-10415,AA:BB:CC:00:33,44.0,84.7
SR-13142,EVT-14838,AA:BB:CC:00:90,49.9,85.7
SR-13143,EVT-13414,AA:BB:CC:00:64,45.1,91.1
SR-13144,EVT-12430,AA:BB:CC:00:39,43.7,97.0
SR-13145,EVT-14179,AA:BB:CC:00:56,46.5,85.3
SR-13146,EVT-14586,AA:BB:CC:00:50,44.9,80.2
SR-13147,EVT-12861,AA:BB:CC:00:81,48.4,185 F
SR-13148,EVT-12598,AA:BB:CC:00:28,42.3,81.2
SR-13149,EVT-10618,AA:BB:CC:00:66,42.1,82.2
SR-13150,EVT-11486,AA:BB:CC:00:96,42.3,89.5
SR-13151,EVT-10596,AA:BB:CC:00:91,46.4,95.5
SR-13152,EVT-13328,AA:BB:CC:00:31,44.2,88.0
SR-13153,EVT-11189,AA:BB:CC:00:68,45.2,88.4
SR-13154,EVT-13937,AA:BB:CC:00:99,45.1,88.7
SR-13155,EVT-10924,AA:BB:CC:00:96,47.2,88.9
SR-13156,EVT-11729,AA:BB:CC:00:11,48.2,78.5
SR-13157,EVT-10011,AA:BB:CC:00:23,47.8,83.1
SR-13158,EVT-11259,AA:BB:CC:00:47,44.8,83.2
SR-13159,EVT-10882,AA:BB:CC:00:64,45.4,82.2
SR-13160,EVT-10844,AA:BB:CC:00:60,48.6,82.0
SR-13161,EVT-12106,AA:BB:CC:00:23,47.9,82.8
SR-13162,EVT-12799,AA:BB:CC:00:35,44.5 Nm,80.4
SR-13163,EVT-11418,AA:BB:CC:00:81,47.2,89.7
SR-13164,EVT-12390,AA:BB:CC:00:52,9000,88.5
SR-13165,EVT-12595,AA:BB:CC:00:49,41.6,91.4
SR-13166,EVT-14379,AA:BB:CC:00:84,41.8,80.7
SR-13167,EVT-10080,AA:BB:CC:00:32,43.6,82.2 C
SR-13168,EVT-12631,AA:BB:CC:00:38,44.8,91.7
SR-13169,EVT-10435,AA:BB:CC:00:46,46.7,85.1
SR-13170,EVT-10770,AA:BB:CC:00:69,47.9,85.7
SR-13171,EVT-11292,AA:BB:CC:00:79,42.2,82.0
SR-13172,EVT-11888,AA:BB:CC:00:62,45.3,86.5
SR-13173,EVT-12326,AA:BB:CC:00:32,47.1,93.2 C
SR-13174,EVT-10726,AA:BB:CC:00:98,46.4,87.3
SR-13175,EVT-11689,AA:BB:CC:00:26,42.1,91.0
SR-13176,EVT-13844,AA:BB:CC:00:15,44.8,85.5
SR-13177,EVT-11927,AA:BB:CC:00:73,43.0,79.8
SR-13178,EVT-12940,AA:BB:CC:00:69,45.6,83.7
SR-13179,EVT-14566,AA:BB:CC:00:98,47.8,87.4
SR-13180,EVT-14534,AA:BB:CC:00:97,41.9,78.4
SR-13181,EVT-11563,AA:BB:CC:00:21,45.3,91.5
SR-13182,EVT-12017,AA:BB:CC:00:67,45.9,86.9
SR-13183,EVT-13847,AA:BB:CC:00:30,47.8,87.3
SR-13184,EVT-11770,AA:BB:CC:00:05,46.7,85.2
SR-13185,EVT-12939,AA:BB:CC:00:88,46.1,95.1
SR-13186,EVT-11298,AA:BB:CC:00:52,43.5,86.8
SR-13187,EVT-12188,AA:BB:CC:00:16,46.6,86.3
SR-13188,EVT-13993,AA:BB:CC:00:06,33.19 ft-lb,87.5
SR-13189,EVT-13378,AA:BB:CC:00:40,45.1,84.4
SR-13190,EVT-12316,AA:BB:CC:00:99,47.0,85.3
SR-13191,EVT-13568,AA:BB:CC:00:26,45.0,83.9
SR-13192,EVT-12099,AA:BB:CC:00:56,44.9,82.9
SR-13193,EVT-12552,AA:BB:CC:00:01,46.3,89.9
SR-13194,EVT-14342,AA:BB:CC:00:58,41.0,85.8
SR-13195,EVT-12902,AA:BB:CC:00:84,48.6,79.4
SR-13196,EVT-12083,AA:BB:CC:00:54,43.2,85.4
SR-13197,EVT-13961,AA:BB:CC:00:75,43.0,89.6
SR-13198,EVT-14202,AA:BB:CC:00:20,42.0,84.6
SR-13199,EVT-13984,AA:BB:CC:00:39,46.5,185 F
SR-13200,EVT-12034,AA:BB:CC:00:04,42.3,89.2
SR-13201,EVT-13212,AA:BB:CC:00:38,46.2,93.8
SR-13202,EVT-10091,AA:BB:CC:00:46,43.7,80.8
SR-13203,EVT-11206,AA:BB:CC:00:42,45.4,78.1
SR-13204,EVT-14301,AA:BB:CC:00:30,44.8,79.6
SR-13205,EVT-12927,AA:BB:CC:00:36,42.4,91.1
SR-13206,EVT-13684,AA:BB:CC:00:22,45.2,87.1
SR-13207,EVT-12088,AA:BB:CC:00:40,43.4,93.2
SR-13208,EVT-10702,AA:BB:CC:00:18,46.0,78.6
SR-13209,EVT-13409,AA:BB:CC:00:05,44.7,87.5
SR-13210,EVT-12568,AA:BB:CC:00:44,45.8,87.8
SR-13211,EVT-12789,AA:BB:CC:00:94,43.4,89.8
SR-13212,EVT-14755,AA:BB:CC:00:05,44.3,79.8
SR-13213,EVT-10613,AA:BB:CC:00:39,46.2,92.0
SR-13214,EVT-13608,AA:BB:CC:00:78,47.8,90.1
SR-13215,EVT-11770,AA:BB:CC:00:75,44.1,83.3
SR-13216,EVT-14033,AA:BB:CC:00:21,45.8,84.7
SR-13217,EVT-12333,AA:BB:CC:00:60,42.5,91.2
SR-13218,EVT-10583,AA:BB:CC:00:75,43.9,80.8
SR-13219,EVT-13608,AA:BB:CC:00:32,42.4,87.3
SR-13220,EVT-10093,AA:BB:CC:00:93,44.7,86.7
SR-13221,EVT-10669,AA:BB:CC:00:67,46.0,88.4
SR-13222,EVT-11484,AA:BB:CC:00:13,46.1,78.9 C
SR-13223,EVT-14126,AA:BB:CC:00:06,47.8,82.5
SR-13224,EVT-10607,AA:BB:CC:00:48,43.3,82.7
SR-13225,EVT-11315,AA:BB:CC:00:92,41.6,80.6
SR-13226,EVT-14668,AA:BB:CC:00:95,43.8 Nm,87.7
SR-13227,EVT-10924,AA:BB:CC:00:23,44.8,85.5
SR-13228,EVT-12031,AA:BB:CC:00:70,41.4,83.0
SR-13229,EVT-12820,AA:BB:CC:00:22,43.0,85.2
SR-13230,EVT-12707,AA:BB:CC:00:45,44.4,82.4
SR-13231,EVT-11258,AA:BB:CC:00:58,47.6,82.3
SR-13232,EVT-14380,AA:BB:CC:00:40,46.4,86.1
SR-13233,EVT-14610,AA:BB:CC:00:49,48.2,89.7
SR-13234,EVT-14435,AA:BB:CC:00:34,42.6,86.6
SR-13235,EVT-14632,AA:BB:CC:00:71, 45.8 ,75.3
SR-13236,EVT-10232,AA:BB:CC:00:01,45.1,79.4
SR-13237,EVT-14420,AA:BB:CC:00:96,41.1,87.2
SR-13238,EVT-14732,AA:BB:CC:00:22,43.4,90.6
SR-13239,EVT-11320,AA:BB:CC:00:67,44.6,95.6
SR-13240,EVT-10129,AA:BB:CC:00:68,46.8,80.9
SR-13241,EVT-10227,AA:BB:CC:00:81,43.0,87.7
SR-13242,EVT-14282,AA:BB:CC:00:99,45.7,83.7
SR-13243,EVT-13930,AA:BB:CC:00:87,43.2,82.9
SR-13244,EVT-11388,AA:BB:CC:00:93,47.6,87.4
SR-13245,EVT-13172,AA:BB:CC:00:57,44.1,86.8
SR-13246,EVT-12619,AA:BB:CC:00:66,44.3,77.4
SR-13247,EVT-11581,AA:BB:CC:00:70,45.1,83.7
SR-13248,EVT-14370,AA:BB:CC:00:50,41.6,85.5
SR-13249,EVT-10734,AA:BB:CC:00:24,44.4,86.3
SR-13250,EVT-14113,AA:BB:CC:00:66,46.0,91.2
SR-13251,EVT-13952,AA:BB:CC:00:12,44.2,85.3
SR-13252,EVT-14511,AA:BB:CC:00:05,44.3,81.9
SR-13253,EVT-12274,AA:BB:CC:00:79,41.7,84.1
SR-13254,EVT-11247,AA:BB:CC:00:77,44.5,84.1
SR-13255,EVT-12362,AA:BB:CC:00:10,46.3,93.8
SR-13256,EVT-12112,AA:BB:CC:00:22,47.8,87.6
SR-13257,EVT-10992,AA:BB:CC:00:93,42.9,87.5
SR-13258,EVT-10779,AA:BB:CC:00:07,48.0 Nm,83.7
SR-13259,EVT-12220,AA:BB:CC:00:86,49.1,75.7
SR-13260,EVT-14533,AA:BB:CC:00:04,45.0,79.5
SR-13261,EVT-13843,AA:BB:CC:00:66,43.4,92.0 C
SR-13262,EVT-13150,AA:BB:CC:00:86,45.1,86.9
SR-13263,EVT-13351,AA:BB:CC:00:57,9000,102.8
SR-13264,EVT-12070,AA:BB:CC:00:88,44.8,84.5
SR-13265,EVT-14440,AA:BB:CC:00:26,39.8,86.1
SR-13266,EVT-14825,AA:BB:CC:00:22,45.1,91.2
SR-13267,EVT-11733,AA:BB:CC:00:69,45.6,91.3
SR-13268,EVT-12681,AA:BB:CC:00:74,46.5,84.0
SR-13269,EVT-12156,AA:BB:CC:00:62,48.8,85.2
SR-13270,EVT-13814,AA:BB:CC:00:19,42.1,85.3
SR-13271,EVT-12762,AA:BB:CC:00:41,47.1,81.8
SR-13272,EVT-11828,AA:BB:CC:00:22,43.8,88.4
SR-13273,EVT-12333,AA:BB:CC:00:27,43.2,83.5
SR-13274,EVT-13358,AA:BB:CC:00:02, 46.4 ,85.1
SR-13275,EVT-13360,AA:BB:CC:00:21,47.3,92.1
SR-13276,EVT-14972,AA:BB:CC:00:89,45.5,79.8
SR-13277,EVT-14171,AA:BB:CC:00:22,44.3,81.5
SR-13278,EVT-12297,AA:BB:CC:00:09,44.3,85.3
SR-13279,EVT-12814,AA:BB:CC:00:31,49.4,90.3
SR-13280,EVT-14980,AA:BB:CC:00:45,44.3,81.1
SR-13281,EVT-12944,AA:BB:CC:00:01,46.5,80.3
SR-13282,EVT-13180,AA:BB:CC:00:15,44.7,76.9
SR-13283,EVT-11904,AA:BB:CC:00:30,45.1,82.2
SR-13284,EVT-14935,AA:BB:CC:00:13,47.5,87.1
SR-13285,EVT-13399,AA:BB:CC:00:78,48.7,82.4
SR-13286,EVT-11255,AA:BB:CC:00:34,43.9,185 F
SR-13287,EVT-12585,AA:BB:CC:00:25,43.8,87.7
SR-13288,EVT-10427,AA:BB:CC:00:57,45.5,82.7 C
SR-13289,EVT-12602,AA:BB:CC:00:33,44.1,84.1
SR-13290,EVT-10048,AA:BB:CC:00:85,41.6,86.9
SR-13291,EVT-10179,AA:BB:CC:00:96,42.3,86.1
SR-13292,EVT-14422,AA:BB:CC:00:16,45.5,83.6
SR-13293,EVT-14767,AA:BB:CC:00:69,45.1,85.1
SR-13294,EVT-11641,AA:BB:CC:00:27,41.0,92.8
SR-13295,EVT-14208,AA:BB:CC:00:26,44.5,92.2
SR-13296,EVT-10529,AA:BB:CC:00:62,46.7,76.0
SR-13297,EVT-13194,AA:BB:CC:00:19,46.6,84.2
SR-13298,EVT-14026,AA:BB:CC:00:22,44.1,77.0
SR-13299,EVT-14277,AA:BB:CC:00:57,46.1,93.1
SR-13300,EVT-14592,AA:BB:CC:00:74,42.2,85.1
SR-13301,EVT-12643,AA:BB:CC:00:79,46.7,94.0
SR-13302,EVT-12730,AA:BB:CC:00:98,44.6,95.0
SR-13303,EVT-10680,AA:BB:CC:00:94,46.4,90.1
SR-13304,EVT-14999,AA:BB:CC:00:35,33.19 ft-lb,84.2
SR-13305,EVT-13043,AA:BB:CC:00:14,46.5,86.5
SR-13306,EVT-12994,AA:BB:CC:00:87,9000,90.5
SR-13307,EVT-14231,AA:BB:CC:00:07,9000,84.8
SR-13308,EVT-13661,AA:BB:CC:00:90,42.3,83.8
SR-13309,EVT-14640,AA:BB:CC:00:93,44.3,81.3
SR-13310,EVT-10313,AA:BB:CC:00:10,47.8,82.3
SR-13311,EVT-13293,AA:BB:CC:00:48,43.3,74.0
SR-13312,EVT-10349,AA:BB:CC:00:94,49.1,87.9
SR-13313,EVT-14178,AA:BB:CC:00:46,45.3,80.7
SR-13314,EVT-14969,AA:BB:CC:00:87,43.2,89.1
SR-13315,EVT-12698,AA:BB:CC:00:74,45.3,86.3
SR-13316,EVT-14580,AA:BB:CC:00:26,43.7,99.7
SR-13317,EVT-10329,AA:BB:CC:00:18,44.5,90.2
SR-13318,EVT-12927,AA:BB:CC:00:65,45.5,83.7
SR-13319,EVT-11952,AA:BB:CC:00:03,43.8,91.9
SR-13320,EVT-10444,AA:BB:CC:00:74,45.3,87.7
SR-13321,EVT-11111,AA:BB:CC:00:29,43.8,83.1
SR-13322,EVT-13342,AA:BB:CC:00:05,44.2,86.7
SR-13323,EVT-11564,AA:BB:CC:00:69,42.8,74.0
SR-13324,EVT-11766,AA:BB:CC:00:15,44.4,80.6
SR-13325,EVT-12061,AA:BB:CC:00:90,46.5,84.5
SR-13326,EVT-10508,AA:BB:CC:00:26,45.5,88.0
SR-13327,EVT-10548,AA:BB:CC:00:36,47.6,83.9
SR-13328,EVT-11239,AA:BB:CC:00:04,45.0,83.8
SR-13329,EVT-11072,AA:BB:CC:00:90,46.0,89.6
SR-13330,EVT-14003,AA:BB:CC:00:29,46.3,82.9
SR-13331,EVT-12809,AA:BB:CC:00:39,44.5,90.3
SR-13332,EVT-12012,AA:BB:CC:00:22,41.5,88.7
SR-13333,EVT-10516,AA:BB:CC:00:62,42.8,85.1 C
SR-13334,EVT-13052,AA:BB:CC:00:65,49.1,75.0
SR-13335,EVT-11836,AA:BB:CC:00:92,46.3,86.5
SR-13336,EVT-14992,AA:BB:CC:00:46,43.5,88.4
SR-13337,EVT-14385,AA:BB:CC:00:83,49.0,81.1
SR-13338,EVT-10999,AA:BB:CC:00:76,43.3,87.2
SR-13339,EVT-13064,AA:BB:CC:00:54,41.1,91.6
SR-13340,EVT-14231,AA:BB:CC:00:06,45.7,92.1
SR-13341,EVT-14055,AA:BB:CC:00:99,45.3,88.6
SR-13342,EVT-10237,AA:BB:CC:00:11,43.2,90.8
SR-13343,EVT-13637,AA:BB:CC:00:01,45.1,89.6
SR-13344,EVT-10086,AA:BB:CC:00:65,44.0,88.1 C
SR-13345,EVT-12275,AA:BB:CC:00:07,45.2,89.0
SR-13346,EVT-12852,AA:BB:CC:00:43,44.5,90.5
SR-13347,EVT-14525,AA:BB:CC:00:42,48.2,80.0
SR-13348,EVT-13345,AA:BB:CC:00:93,46.4,83.9
SR-13349,EVT-14858,AA:BB:CC:00:34,48.2,90.8
SR-13350,EVT-11603,AA:BB:CC:00:07,45.9,79.7
SR-13351,EVT-10597,AA:BB:CC:00:31,42.1,84.8 C
SR-13352,EVT-12538,AA:BB:CC:00:56,42.8,79.0
SR-13353,EVT-13479,AA:BB:CC:00:01,50.1,83.7
SR-13354,EVT-12084,AA:BB:CC:00:26,38.5,86.4
SR-13355,EVT-14295,AA:BB:CC:00:29,44.9,96.4
SR-13356,EVT-11491,AA:BB:CC:00:35,40.7,90.6
SR-13357,EVT-12090,AA:BB:CC:00:37,46.2,86.4
SR-13358,EVT-11304,AA:BB:CC:00:10,42.7,74.4
SR-13359,EVT-12801,AA:BB:CC:00:69,45.2,88.6
SR-13360,EVT-12705,AA:BB:CC:00:94,45.7,84.1
SR-13361,EVT-14859,AA:BB:CC:00:04,46.8,85.4
SR-13362,EVT-14397,AA:BB:CC:00:71,44.9,81.0
SR-13363,EVT-12762,AA:BB:CC:00:61,42.4,77.6
SR-13364,EVT-10333,AA:BB:CC:00:84,47.0,74.1
SR-13365,EVT-11277,AA:BB:CC:00:92,47.8,79.0
SR-13366,EVT-10853,AA:BB:CC:00:07, 46.4 ,90.6
SR-13367,EVT-14332,AA:BB:CC:00:75,46.4,82.5
SR-13368,EVT-12382,AA:BB:CC:00:49,46.3,87.8
SR-13369,EVT-12820,AA:BB:CC:00:61,45.6,86.7
SR-13370,EVT-10112,AA:BB:CC:00:14,44.4,83.1
SR-13371,EVT-10388,AA:BB:CC:00:72,46.7,78.0
SR-13372,EVT-14984,AA:BB:CC:00:24,48.0,81.5
SR-13373,EVT-14785,AA:BB:CC:00:51,43.5,83.7
SR-13374,EVT-11426,AA:BB:CC:00:31,46.7,82.7
SR-13375,EVT-12721,AA:BB:CC:00:02,33.19 ft-lb,80.5
SR-13376,EVT-14047,AA:BB:CC:00:72,39.4,79.7
SR-13377,EVT-11044,AA:BB:CC:00:91,44.6,80.2
SR-13378,EVT-11972,AA:BB:CC:00:43,43.3,75.6
SR-13379,EVT-13602,AA:BB:CC:00:88,46.1,89.4
SR-13380,EVT-12850,AA:BB:CC:00:51,44.3,76.1
SR-13381,EVT-11873,AA:BB:CC:00:70,42.5,82.5
SR-13382,EVT-10013,AA:BB:CC:00:11,45.6,85.6
SR-13383,EVT-10614,AA:BB:CC:00:49,43.8,90.2
SR-13384,EVT-12269,AA:BB:CC:00:16,45.0,85.9
SR-13385,EVT-14784,AA:BB:CC:00:93,46.8,82.7
SR-13386,EVT-13549,AA:BB:CC:00:41,44.8,80.4
SR-13387,EVT-13074,AA:BB:CC:00:30,42.0,93.0
SR-13388,EVT-12151,AA:BB:CC:00:45,45.2,91.9
SR-13389,EVT-13738,AA:BB:CC:00:71,43.4,84.3
SR-13390,EVT-10731,AA:BB:CC:00:16,43.9,81.2
SR-13391,EVT-14084,AA:BB:CC:00:100,45.3,81.7
SR-13392,EVT-14760,AA:BB:CC:00:31,44.6,86.5
SR-13393,EVT-14978,AA:BB:CC:00:11,46.9,81.4
SR-13394,EVT-12799,AA:BB:CC:00:83,46.5,86.4
SR-13395,EVT-13854,AA:BB:CC:00:78,47.2,85.3
SR-13396,EVT-12205,AA:BB:CC:00:79,40.7,87.0
SR-13397,EVT-12746,AA:BB:CC:00:08,44.1,82.6
SR-13398,EVT-11964,AA:BB:CC:00:12,39.8,84.0
SR-13399,EVT-11204,AA:BB:CC:00:88,42.2,80.5
SR-13400,EVT-12637,AA:BB:CC:00:61,45.6,84.8
SR-13401,EVT-14396,AA:BB:CC:00:38,44.0,81.4
SR-13402,EVT-13931,AA:BB:CC:00:55,46.4,85.4
SR-13403,EVT-13271,AA:BB:CC:00:13,45.6,89.0
SR-13404,EVT-14362,AA:BB:CC:00:82,41.1,84.1
SR-13405,EVT-14173,AA:BB:CC:00:35,45.2,83.6
SR-13406,EVT-12670,AA:BB:CC:00:93,46.5,83.4
SR-13407,EVT-11749,AA:BB:CC:00:62,44.6,91.8
SR-13408,EVT-14323,AA:BB:CC:00:20,48.0,83.7
SR-13409,EVT-13494,AA:BB:CC:00:54,40.5,83.9
SR-13410,EVT-12592,AA:BB:CC:00:98,44.0,79.1
SR-13411,EVT-12453,AA:BB:CC:00:67,43.6,82.1
SR-13412,EVT-13082,AA:BB:CC:00:63,45.0,88.8
SR-13413,EVT-11088,AA:BB:CC:00:99,45.9,96.4
SR-13414,EVT-13433,AA:BB:CC:00:95,46.7,82.3
SR-13415,EVT-11456,AA:BB:CC:00:71,43.9,85.9
SR-13416,EVT-11089,AA:BB:CC:00:09,9000,94.0
SR-13417,EVT-12692,AA:BB:CC:00:61,45.1,89.7
SR-13418,EVT-10678,AA:BB:CC:00:50,44.9,89.2
SR-13419,EVT-10078,AA:BB:CC:00:59,45.5,88.0
SR-13420,EVT-14828,AA:BB:CC:00:48,46.7,86.5
SR-13421,EVT-11458,AA:BB:CC:00:17,44.3,79.2
SR-13422,EVT-12452,AA:BB:CC:00:52,42.9,83.3
SR-13423,EVT-13237,AA:BB:CC:00:71,44.4,88.9
SR-13424,EVT-13853,AA:BB:CC:00:51,42.9,83.3
SR-13425,EVT-12464,AA:BB:CC:00:69,48.7,86.6
SR-13426,EVT-14167,AA:BB:CC:00:88, 44.5 ,80.6
SR-13427,EVT-10165,AA:BB:CC:00:79,43.9,84.8
SR-13428,EVT-13886,AA:BB:CC:00:66,44.1,77.2
SR-13429,EVT-12478,AA:BB:CC:00:57,46.9,90.1
SR-13430,EVT-10768,AA:BB:CC:00:15,47.1,83.6
SR-13431,EVT-12857,AA:BB:CC:00:85,45.5,91.5
SR-13432,EVT-14419,AA:BB:CC:00:78,44.5,85.8
SR-13433,EVT-11997,AA:BB:CC:00:02,44.2,93.8
SR-13434,EVT-11560,AA:BB:CC:00:89,40.8,80.3
SR-13435,EVT-14463,AA:BB:CC:00:27,46.8,95.1
SR-13436,EVT-10184,AA:BB:CC:00:52,48.2,89.6
SR-13437,EVT-12227,AA:BB:CC:00:51,43.5,89.7
SR-13438,EVT-14998,AA:BB:CC:00:38,45.7,95.7
SR-13439,EVT-10750,AA:BB:CC:00:19,46.8,88.9
SR-13440,EVT-13513,AA:BB:CC:00:30,43.8,86.6
SR-13441,EVT-14213,AA:BB:CC:00:74,44.7,77.3
SR-13442,EVT-10649,AA:BB:CC:00:95,46.4,88.6
SR-13443,EVT-14971,AA:BB:CC:00:77,45.9,83.0
SR-13444,EVT-10675,AA:BB:CC:00:13,46.3,86.0
SR-13445,EVT-13958,AA:BB:CC:00:27,42.1,86.8
SR-13446,EVT-10642,AA:BB:CC:00:46,45.3,81.0
SR-13447,EVT-12380,AA:BB:CC:00:19,43.6,89.7
SR-13448,EVT-14492,AA:BB:CC:00:19,44.0,85.6
SR-13449,EVT-13033,AA:BB:CC:00:41,46.3,89.1
SR-13450,EVT-12690,AA:BB:CC:00:15,42.0,87.7
SR-13451,EVT-11598,AA:BB:CC:00:28,46.6,85.5
SR-13452,EVT-13086,AA:BB:CC:00:100,43.9,92.8
SR-13453,EVT-12032,AA:BB:CC:00:28,47.5,81.2
SR-13454,EVT-11665,AA:BB:CC:00:50,44.6,77.3 C
SR-13455,EVT-11978,AA:BB:CC:00:33,49.3,84.1
SR-13456,EVT-10778,AA:BB:CC:00:44,41.1,85.0
SR-13457,EVT-12882,AA:BB:CC:00:55,41.1,85.5
SR-13458,EVT-13862,AA:BB:CC:00:86,47.4,80.6
SR-13459,EVT-10607,AA:BB:CC:00:09,47.4,82.6
SR-13460,EVT-10750,AA:BB:CC:00:36,42.1,91.2
SR-13461,EVT-10540,AA:BB:CC:00:70,43.4,80.6
SR-13462,EVT-10144,AA:BB:CC:00:02,44.4,86.9
SR-13463,EVT-10990,AA:BB:CC:00:43,33.19 ft-lb,77.6
SR-13464,EVT-12722,AA:BB:CC:00:26,47.1,83.3 C
SR-13465,EVT-11711,AA:BB:CC:00:69,44.8,82.8
SR-13466,EVT-13412,AA:BB:CC:00:23,47.6,95.1
SR-13467,EVT-13068,AA:BB:CC:00:60,46.3,87.5
SR-13468,EVT-11110,AA:BB:CC:00:06,45.4,76.0
SR-13469,EVT-14062,AA:BB:CC:00:61,43.5,84.1
SR-13470,EVT-11016,AA:BB:CC:00:65,47.5,89.2
SR-13471,EVT-13892,AA:BB:CC:00:99,42.6,81.9
SR-13472,EVT-11280,AA:BB:CC:00:41,43.2,85.7
SR-13473,EVT-13304,AA:BB:CC:00:97,46.7,87.8
SR-13474,EVT-14469,AA:BB:CC:00:26,44.9,90.1
SR-13475,EVT-11619,AA:BB:CC:00:89,47.2,76.2
SR-13476,EVT-11904,AA:BB:CC:00:13,43.9,76.5
SR-13477,EVT-11605,AA:BB:CC:00:81,48.4,89.0
SR-13478,EVT-10610,AA:BB:CC:00:16,44.0,96.7
SR-13479,EVT-14261,AA:BB:CC:00:44,44.8,86.9
SR-13480,EVT-14594,AA:BB:CC:00:30,47.5,81.2
SR-13481,EVT-14405,AA:BB:CC:00:02,44.5,89.3
SR-13482,EVT-12014,AA:BB:CC:00:68,45.3,81.4
SR-13483,EVT-11935,AA:BB:CC:00:77,42.9,84.3
SR-13484,EVT-13687,AA:BB:CC:00:38,42.6,84.2
SR-13485,EVT-11295,AA:BB:CC:00:81,49.3,87.7
SR-13486,EVT-12330,AA:BB:CC:00:23,44.3,78.7
SR-13487,EVT-12659,AA:BB:CC:00:29,47.4,88.0
SR-13488,EVT-11813,AA:BB:CC:00:57,44.8,86.2
SR-13489,EVT-11069,AA:BB:CC:00:57,43.8,86.1
SR-13490,EVT-14597,AA:BB:CC:00:73,44.2,82.5
SR-13491,EVT-13683,AA:BB:CC:00:15,42.3,85.0
SR-13492,EVT-14408,AA:BB:CC:00:66,43.7,83.4
SR-13493,EVT-14421,AA:BB:CC:00:93,47.9,82.0
SR-13494,EVT-11731,AA:BB:CC:00:98,48.9,84.7
SR-13495,EVT-14611,AA:BB:CC:00:81,46.7,87.6
SR-13496,EVT-10774,AA:BB:CC:00:78, 46.4 ,82.3
SR-13497,EVT-10986,AA:BB:CC:00:79,44.2,84.1
SR-13498,EVT-12360,AA:BB:CC:00:90,43.2,75.4
SR-13499,EVT-12949,AA:BB:CC:00:98,45.5,78.9
SR-13500,EVT-14515,AA:BB:CC:00:67,43.9,83.0
SR-13501,EVT-13444,AA:BB:CC:00:18,45.2,74.8
SR-13502,EVT-13400,AA:BB:CC:00:100,45.9,82.7
SR-13503,EVT-14039,AA:BB:CC:00:61,43.4,91.0
SR-13504,EVT-13772,AA:BB:CC:00:39,46.3,91.8
SR-13505,EVT-11033,AA:BB:CC:00:07,41.5,85.0
SR-13506,EVT-10449,AA:BB:CC:00:87,46.7,94.7
SR-13507,EVT-10663,AA:BB:CC:00:26,45.0,85.0
SR-13508,EVT-12977,AA:BB:CC:00:79,43.0,80.0
SR-13509,EVT-12481,AA:BB:CC:00:24,43.6,83.2
SR-13510,EVT-13402,AA:BB:CC:00:84, 44.7 ,88.9
SR-13511,EVT-13699,AA:BB:CC:00:37,46.3,185 F
SR-13512,EVT-13588,AA:BB:CC:00:88,9000,88.3
SR-13513,EVT-14506,AA:BB:CC:00:78,46.6,84.9
SR-13514,EVT-12054,AA:BB:CC:00:96,43.7,88.3
SR-13515,EVT-13172,AA:BB:CC:00:99,44.7,83.2
SR-13516,EVT-14595,AA:BB:CC:00:23,46.1,84.1
SR-13517,EVT-10229,AA:BB:CC:00:33,47.2,80.3
SR-13518,EVT-11792,AA:BB:CC:00:02,42.8,85.8
SR-13519,EVT-10656,AA:BB:CC:00:77,40.4,90.1
SR-13520,EVT-10273,AA:BB:CC:00:30,44.0,76.0
SR-13521,EVT-13632,AA:BB:CC:00:61,43.6,85.8
SR-13522,EVT-10921,AA:BB:CC:00:98,46.5,86.5
SR-13523,EVT-11347,AA:BB:CC:00:75,43.1,82.4
SR-13524,EVT-13716,AA:BB:CC:00:12,48.1,84.5
SR-13525,EVT-11597,AA:BB:CC:00:82, 45.4 ,78.3
SR-13526,EVT-10072,AA:BB:CC:00:84,44.8,92.0
SR-13527,EVT-12265,AA:BB:CC:00:49,43.7,85.2
SR-13528,EVT-13661,AA:BB:CC:00:77,42.2,88.7
SR-13529,EVT-12293,AA:BB:CC:00:06,43.8,83.8
SR-13530,EVT-12737,AA:BB:CC:00:10,45.3,80.3
SR-13531,EVT-14008,AA:BB:CC:00:61,45.5,73.7
SR-13532,EVT-14589,AA:BB:CC:00:97, 43.4 ,89.4
SR-13533,EVT-12879,AA:BB:CC:00:50,48.4,88.7
SR-13534,EVT-10563,AA:BB:CC:00:63,48.0,87.5
SR-13535,EVT-14644,AA:BB:CC:00:04,47.3,88.0
SR-13536,EVT-14161,AA:BB:CC:00:04,45.6,87.6
SR-13537,EVT-14071,AA:BB:CC:00:37,43.0,84.5
SR-13538,EVT-11115,AA:BB:CC:00:76,44.0,90.5
SR-13539,EVT-11207,AA:BB:CC:00:69,45.3,89.9
SR-13540,EVT-13862,AA:BB:CC:00:55,46.8,93.7
SR-13541,EVT-12246,AA:BB:CC:00:89,43.8,83.2
SR-13542,EVT-14839,AA:BB:CC:00:89,46.1,82.5
SR-13543,EVT-10371,AA:BB:CC:00:33,42.9,87.4
SR-13544,EVT-12359,AA:BB:CC:00:52,44.8,79.8
SR-13545,EVT-13447,AA:BB:CC:00:63,33.19 ft-lb,87.0
SR-13546,EVT-10419,AA:BB:CC:00:79,43.2,87.8
SR-13547,EVT-10896,AA:BB:CC:00:84,46.4,92.6
SR-13548,EVT-13331,AA:BB:CC:00:76,45.3,79.1
SR-13549,EVT-12146,AA:BB:CC:00:78,44.7,77.1
SR-13550,EVT-14254,AA:BB:CC:00:22,44.0,81.8
SR-13551,EVT-11020,AA:BB:CC:00:88,43.2,84.2
SR-13552,EVT-10426,AA:BB:CC:00:76,47.1,86.0
SR-13553,EVT-13306,AA:BB:CC:00:84,42.0,91.6
SR-13554,EVT-10394,AA:BB:CC:00:92,46.1,88.6
SR-13555,EVT-11055,AA:BB:CC:00:56,41.7,80.4
SR-13556,EVT-13438,AA:BB:CC:00:75,46.6,86.4
SR-13557,EVT-13845,AA:BB:CC:00:86,45.9,81.5
SR-13558,EVT-12651,AA:BB:CC:00:97,43.9,87.9
SR-13559,EVT-10881,AA:BB:CC:00:58,46.8,84.0
SR-13560,EVT-10282,AA:BB:CC:00:78,45.9,86.1
SR-13561,EVT-11099,AA:BB:CC:00:77,44.3,80.1
SR-13562,EVT-13084,AA:BB:CC:00:25,46.8,83.2
SR-13563,EVT-10350,AA:BB:CC:00:80,44.9,97.0
SR-13564,EVT-10546,AA:BB:CC:00:94,43.0,89.2
SR-13565,EVT-14061,AA:BB:CC:00:01,47.6,82.6
SR-13566,EVT-10803,AA:BB:CC:00:28,42.2,77.9
SR-13567,EVT-10660,AA:BB:CC:00:95,45.7,86.2
SR-13568,EVT-13183,AA:BB:CC:00:100,47.2,83.3
SR-13569,EVT-12358,AA:BB:CC:00:48,44.2,81.5
SR-13570,EVT-13226,AA:BB:CC:00:66,43.4,89.1
SR-13571,EVT-11419,AA:BB:CC:00:55,45.0,88.4
SR-13572,EVT-11225,AA:BB:CC:00:02,41.8,77.7
SR-13573,EVT-12585,AA:BB:CC:00:33,48.3,92.4
SR-13574,EVT-14060,AA:BB:CC:00:49,44.2,88.4
SR-13575,EVT-11196,AA:BB:CC:00:36,44.4,86.4
SR-13576,EVT-13973,AA:BB:CC:00:30,46.9,81.7
SR-13577,EVT-11543,AA:BB:CC:00:98,47.2,80.5
SR-13578,EVT-13276,AA:BB:CC:00:18,45.3,89.8
SR-13579,EVT-11704,AA:BB:CC:00:36,42.5,89.1
SR-13580,EVT-11422,AA:BB:CC:00:24,45.8,78.9
SR-13581,EVT-12642,AA:BB:CC:00:01,45.9,85.5
SR-13582,EVT-14169,AA:BB:CC:00:46,45.2,79.9
SR-13583,EVT-10795,AA:BB:CC:00:24, 46.2 ,95.3
SR-13584,EVT-10484,AA:BB:CC:00:21,45.7,85.1
SR-13585,EVT-13224,AA:BB:CC:00:29,41.5,91.1
SR-13586,EVT-13406,AA:BB:CC:00:77,43.0,87.0
SR-13587,EVT-14770,AA:BB:CC:00:64,9000,85.9
SR-13588,EVT-13919,AA:BB:CC:00:10,44.7,82.4
SR-13589,EVT-11060,AA:BB:CC:00:13,44.9,89.5
SR-13590,EVT-14762,AA:BB:CC:00:11,44.5,88.4
SR-13591,EVT-12820,AA:BB:CC:00:58,44.6,77.8 C
SR-13592,EVT-14026,AA:BB:CC:00:06,43.6,80.5
SR-13593,EVT-12753,AA:BB:CC:00:51,44.2,86.0
SR-13594,EVT-11895,AA:BB:CC:00:10,45.7,95.5
SR-13595,EVT-14976,AA:BB:CC:00:64,42.4,91.9
SR-13596,EVT-10756,AA:BB:CC:00:77,43.5,81.5
SR-13597,EVT-11662,AA:BB:CC:00:35, 44.3 ,70.9
SR-13598,EVT-13067,AA:BB:CC:00:86,44.9,78.7
SR-13599,EVT-13578,AA:BB:CC:00:17,45.6,82.7
SR-13600,EVT-12933,AA:BB:CC:00:03,49.0,84.3
SR-13601,EVT-11503,AA:BB:CC:00:30,44.1,82.6
SR-13602,EVT-10827,AA:BB:CC:00:98,47.2,90.0
SR-13603,EVT-13519,AA:BB:CC:00:27,42.1,80.0
SR-13604,EVT-11567,AA:BB:CC:00:45,51.2,84.2
SR-13605,EVT-12447,AA:BB:CC:00:04,46.2,92.1
SR-13606,EVT-13948,AA:BB:CC:00:33,41.6,93.5
SR-13607,EVT-11238,AA:BB:CC:00:43,43.9,80.0
SR-13608,EVT-12169,AA:BB:CC:00:31,44.0,78.1
SR-13609,EVT-13908,AA:BB:CC:00:19,41.9,86.1
SR-13610,EVT-12374,AA:BB:CC:00:11,45.8,93.2
SR-13611,EVT-10673,AA:BB:CC:00:37,44.8,87.0
SR-13612,EVT-12289,AA:BB:CC:00:79,45.8,77.1
SR-13613,EVT-10969,AA:BB:CC:00:84,45.1,84.4
SR-13614,EVT-10631,AA:BB:CC:00:61,43.0,80.7
SR-13615,EVT-11621,AA:BB:CC:00:72,9000,88.3
SR-13616,EVT-14372,AA:BB:CC:00:02,42.8,84.6
SR-13617,EVT-12962,AA:BB:CC:00:50,43.0 Nm,84.5
SR-13618,EVT-14009,AA:BB:CC:00:27,47.6,89.1
SR-13619,EVT-13884,AA:BB:CC:00:50,44.4,89.1
SR-13620,EVT-11368,AA:BB:CC:00:78,42.6,78.4
SR-13621,EVT-10004,AA:BB:CC:00:24,38.5,83.8
SR-13622,EVT-14778,AA:BB:CC:00:99,45.9,83.5
SR-13623,EVT-13922,AA:BB:CC:00:28,42.4,86.9
SR-13624,EVT-10373,AA:BB:CC:00:56,43.0,86.8
SR-13625,EVT-11502,AA:BB:CC:00:34,45.8,86.2
SR-13626,EVT-11217,AA:BB:CC:00:81,42.2,87.0
SR-13627,EVT-11131,AA:BB:CC:00:33,42.0,82.4
SR-13628,EVT-11667,AA:BB:CC:00:23,48.9,80.8 C
SR-13629,EVT-10755,AA:BB:CC:00:08,44.6,75.2
SR-13630,EVT-13182,AA:BB:CC:00:33,45.2,83.0
SR-13631,EVT-11919,AA:BB:CC:00:64,43.7,80.5
SR-13632,EVT-11329,AA:BB:CC:00:19,46.6,85.4
SR-13633,EVT-10342,AA:BB:CC:00:12,48.3,185 F
SR-13634,EVT-13374,AA:BB:CC:00:04,44.6,84.8
SR-13635,EVT-10016,AA:BB:CC:00:95,45.5,83.2
SR-13636,EVT-13925,AA:BB:CC:00:63,33.19 ft-lb,80.2
SR-13637,EVT-12615,AA:BB:CC:00:44,42.7,76.3
SR-13638,EVT-11723,AA:BB:CC:00:21,44.3,89.9
SR-13639,EVT-13254,AA:BB:CC:00:12,45.8,86.8
SR-13640,EVT-14358,AA:BB:CC:00:71,46.2,89.2
SR-13641,EVT-14376,AA:BB:CC:00:18,46.4,91.1
SR-13642,EVT-10498,AA:BB:CC:00:39,42.7,86.3
SR-13643,EVT-11372,AA:BB:CC:00:75,42.7,85.7
SR-13644,EVT-13374,AA:BB:CC:00:33,45.3,84.3
SR-13645,EVT-14268,AA:BB:CC:00:86,45.4,81.1
SR-13646,EVT-12460,AA:BB:CC:00:72,43.8,92.5
SR-13647,EVT-12530,AA:BB:CC:00:39,40.7,87.8
SR-13648,EVT-12182,AA:BB:CC:00:31,44.9,90.4
SR-13649,EVT-10158,AA:BB:CC:00:27,46.8,86.8
SR-13650,EVT-10620,AA:BB:CC:00:92,46.3,76.5
SR-13651,EVT-10241,AA:BB:CC:00:87,47.2,83.0
SR-13652,EVT-13259,AA:BB:CC:00:41,46.7,88.5
SR-13653,EVT-13255,AA:BB:CC:00:27,43.2,86.6
SR-13654,EVT-12653,AA:BB:CC:00:10,46.1,77.4
SR-13655,EVT-12236,AA:BB:CC:00:23,45.9,91.7
SR-13656,EVT-13659,AA:BB:CC:00:33,47.3,79.8
SR-13657,EVT-14543,AA:BB:CC:00:26,48.2,89.4
SR-13658,EVT-10265,AA:BB:CC:00:77,42.9,78.1
SR-13659,EVT-11433,AA:BB:CC:00:31,43.4,83.5
SR-13660,EVT-11092,AA:BB:CC:00:27,9000,76.4
SR-13661,EVT-14694,AA:BB:CC:00:13,46.0,81.7
SR-13662,EVT-13400,AA:BB:CC:00:48,42.3,76.7
SR-13663,EVT-12301,AA:BB:CC:00:55,42.6,92.1
SR-13664,EVT-12852,AA:BB:CC:00:58,51.9,89.6
SR-13665,EVT-10925,AA:BB:CC:00:47,44.1,86.7
SR-13666,EVT-13585,AA:BB:CC:00:98,44.6,83.8
SR-13667,EVT-12243,AA:BB:CC:00:47,47.1,82.8
SR-13668,EVT-11885,AA:BB:CC:00:71,42.8,84.1
SR-13669,EVT-14745,AA:BB:CC:00:44,42.1,85.0
SR-13670,EVT-13614,AA:BB:CC:00:76,46.6,85.4
SR-13671,EVT-13589,AA:BB:CC:00:05,46.6,83.2 C
SR-13672,EVT-13785,AA:BB:CC:00:06,43.6,85.2
SR-13673,EVT-10897,AA:BB:CC:00:90,45.4,82.8
SR-13674,EVT-13575,AA:BB:CC:00:19,47.9,84.4
SR-13675,EVT-11416,AA:BB:CC:00:79,44.8,94.0
SR-13676,EVT-14688,AA:BB:CC:00:09,44.0,83.4
SR-13677,EVT-11871,AA:BB:CC:00:77,41.5,86.8
SR-13678,EVT-12383,AA:BB:CC:00:35,48.9,89.0
SR-13679,EVT-13642,AA:BB:CC:00:34,42.9 Nm,80.5
SR-13680,EVT-14827,AA:BB:CC:00:63,46.5,88.6
SR-13681,EVT-14748,AA:BB:CC:00:98,43.2,86.6
SR-13682,EVT-10261,AA:BB:CC:00:93,43.4,84.2
SR-13683,EVT-11470,AA:BB:CC:00:27,46.9,87.0
SR-13684,EVT-11210,AA:BB:CC:00:46,45.1,87.3
SR-13685,EVT-14838,AA:BB:CC:00:45,43.6,82.6
SR-13686,EVT-13673,AA:BB:CC:00:12,44.5,90.9
SR-13687,EVT-10941,AA:BB:CC:00:39,47.8,82.1
SR-13688,EVT-12293,AA:BB:CC:00:02,45.1,90.8
SR-13689,EVT-10006,AA:BB:CC:00:47,46.5,91.0
SR-13690,EVT-14752,AA:BB:CC:00:100,45.2,82.3
SR-13691,EVT-14478,AA:BB:CC:00:53,43.4,91.1
SR-13692,EVT-14005,AA:BB:CC:00:82,47.3,82.8
SR-13693,EVT-11757,AA:BB:CC:00:06,47.0,85.9
SR-13694,EVT-12624,AA:BB:CC:00:94,49.0,88.0
SR-13695,EVT-13432,AA:BB:CC:00:85,44.7,97.3
SR-13696,EVT-10847,AA:BB:CC:00:56,46.6,80.1
SR-13697,EVT-13288,AA:BB:CC:00:22,45.5,79.9
SR-13698,EVT-14719,AA:BB:CC:00:11,44.9,83.7
SR-13699,EVT-11005,AA:BB:CC:00:40,47.8,86.4
SR-13700,EVT-12809,AA:BB:CC:00:42,46.4,87.2
SR-13701,EVT-11110,AA:BB:CC:00:07,45.2,89.2
SR-13702,EVT-10289,AA:BB:CC:00:71,45.5,87.4
SR-13703,EVT-10911,AA:BB:CC:00:31,42.5,85.5
SR-13704,EVT-11380,AA:BB:CC:00:56,45.8,93.4
SR-13705,EVT-11647,AA:BB:CC:00:70,46.3,85.0
SR-13706,EVT-14036,AA:BB:CC:00:90,44.3,82.5
SR-13707,EVT-13824,AA:BB:CC:00:36,47.3,82.5
SR-13708,EVT-14009,AA:BB:CC:00:73,45.0,81.3
SR-13709,EVT-11291,AA:BB:CC:00:36,45.0,86.3
SR-13710,EVT-13012,AA:BB:CC:00:03,44.3,89.7
SR-13711,EVT-11622,AA:BB:CC:00:57,42.7,94.8
SR-13712,EVT-14679,AA:BB:CC:00:31,43.1,81.4
SR-13713,EVT-14074,AA:BB:CC:00:64,45.3,90.1
SR-13714,EVT-11762,AA:BB:CC:00:30,45.3,93.7
SR-13715,EVT-13199,AA:BB:CC:00:95,44.7,79.4
SR-13716,EVT-12127,AA:BB:CC:00:43,46.8,85.7
SR-13717,EVT-14179,AA:BB:CC:00:40,44.9,83.7
SR-13718,EVT-11437,AA:BB:CC:00:94,45.4,83.0
SR-13719,EVT-13889,AA:BB:CC:00:73,46.5,88.6
SR-13720,EVT-12550,AA:BB:CC:00:06,45.6,85.6
SR-13721,EVT-12570,AA:BB:CC:00:25,42.7,90.2
SR-13722,EVT-10356,AA:BB:CC:00:94,48.7,83.5
SR-13723,EVT-10160,AA:BB:CC:00:26,43.1,92.7
SR-13724,EVT-13066,AA:BB:CC:00:67,44.3,68.5 C
SR-13725,EVT-11922,AA:BB:CC:00:22,47.9,84.4
SR-13726,EVT-11520,AA:BB:CC:00:42,44.8,89.0
SR-13727,EVT-13315,AA:BB:CC:00:45,42.8,86.4
SR-13728,EVT-10563,AA:BB:CC:00:73,44.7,88.2
SR-13729,EVT-13260,AA:BB:CC:00:99,45.6,83.7
SR-13730,EVT-13991,AA:BB:CC:00:07,43.5,84.4
SR-13731,EVT-10009,AA:BB:CC:00:37,47.0,83.6
SR-13732,EVT-10681,AA:BB:CC:00:73,50.8,88.3
SR-13733,EVT-10526,AA:BB:CC:00:91,45.7,94.4
SR-13734,EVT-10676,AA:BB:CC:00:28,47.6,86.6
SR-13735,EVT-10192,AA:BB:CC:00:97,46.8,79.5
SR-13736,EVT-14922,AA:BB:CC:00:63,41.4,87.2
SR-13737,EVT-13127,AA:BB:CC:00:61,43.0,86.4
SR-13738,EVT-10487,AA:BB:CC:00:50,45.9,76.7
SR-13739,EVT-10285,AA:BB:CC:00:06,44.4,84.2
SR-13740,EVT-11267,AA:BB:CC:00:81,42.8,77.4
SR-13741,EVT-10834,AA:BB:CC:00:64,46.4,81.2
SR-13742,EVT-11299,AA:BB:CC:00:87,47.5,88.8
SR-13743,EVT-11122,AA:BB:CC:00:89,44.6,91.9
SR-13744,EVT-13581,AA:BB:CC:00:83,42.7,85.5
SR-13745,EVT-13211,AA:BB:CC:00:29,43.5,81.6
SR-13746,EVT-12156,AA:BB:CC:00:31,42.6,83.1
SR-13747,EVT-12290,AA:BB:CC:00:06,33.19 ft-lb,82.7
SR-13748,EVT-11064,AA:BB:CC:00:63,45.6,82.0
SR-13749,EVT-13791,AA:BB:CC:00:34,45.7,82.2
SR-13750,EVT-12098,AA:BB:CC:00:24,40.3,76.9
SR-13751,EVT-11376,AA:BB:CC:00:58,40.7,81.1
SR-13752,EVT-12127,AA:BB:CC:00:74,43.9,87.0
SR-13753,EVT-10346,AA:BB:CC:00:59,49.1,83.9
SR-13754,EVT-11758,AA:BB:CC:00:75,44.5,84.1
SR-13755,EVT-11338,AA:BB:CC:00:24,47.6,94.2
SR-13756,EVT-14695,AA:BB:CC:00:62,48.8,84.3
SR-13757,EVT-14991,AA:BB:CC:00:02,43.8,93.1
SR-13758,EVT-12696,AA:BB:CC:00:50,41.4,83.1
SR-13759,EVT-14067,AA:BB:CC:00:93,46.5,75.9
SR-13760,EVT-10453,AA:BB:CC:00:80,45.8,88.4
SR-13761,EVT-11309,AA:BB:CC:00:87,45.2,91.3
SR-13762,EVT-10089,AA:BB:CC:00:35,44.8,85.9
SR-13763,EVT-11319,AA:BB:CC:00:43,46.3,86.2
SR-13764,EVT-11542,AA:BB:CC:00:86,46.6,78.7
SR-13765,EVT-12503,AA:BB:CC:00:35,49.8,88.3
SR-13766,EVT-13002,AA:BB:CC:00:06,42.3,86.4
SR-13767,EVT-11162,AA:BB:CC:00:56,48.2,82.5
SR-13768,EVT-11923,AA:BB:CC:00:87,38.8,85.6
SR-13769,EVT-11788,AA:BB:CC:00:23,44.7,78.1
SR-13770,EVT-14769,AA:BB:CC:00:30, 49.8 ,86.6
SR-13771,EVT-10444,AA:BB:CC:00:42,48.9,97.1
SR-13772,EVT-12480,AA:BB:CC:00:20,46.4,78.5
SR-13773,EVT-14140,AA:BB:CC:00:11,46.9,82.1
SR-13774,EVT-13892,AA:BB:CC:00:88,43.0,86.1
SR-13775,EVT-11994,AA:BB:CC:00:57,44.7,89.1
SR-13776,EVT-12750,AA:BB:CC:00:82,46.6,93.0
SR-13777,EVT-14428,AA:BB:CC:00:27,9000,92.5
SR-13778,EVT-11356,AA:BB:CC:00:53,46.6,89.5
SR-13779,EVT-14063,AA:BB:CC:00:07,45.9,81.6
SR-13780,EVT-14294,AA:BB:CC:00:48,48.5,77.2
SR-13781,EVT-13455,AA:BB:CC:00:85,33.19 ft-lb,77.4
SR-13782,EVT-10510,AA:BB:CC:00:79,47.1,84.0
SR-13783,EVT-14223,AA:BB:CC:00:72,44.8,84.4
SR-13784,EVT-11065,AA:BB:CC:00:92,45.3,84.0
SR-13785,EVT-12560,AA:BB:CC:00:85,44.9,87.7
SR-13786,EVT-12631,AA:BB:CC:00:72,48.0,91.8
SR-13787,EVT-13598,AA:BB:CC:00:92,43.9,85.9
SR-13788,EVT-12884,AA:BB:CC:00:98,45.0,93.5
SR-13789,EVT-12453,AA:BB:CC:00:79,40.3,88.4
SR-13790,EVT-13475,AA:BB:CC:00:37,44.4,80.0
SR-13791,EVT-10505,AA:BB:CC:00:91,42.1,77.7
SR-13792,EVT-13884,AA:BB:CC:00:41,45.2,86.2
SR-13793,EVT-13160,AA:BB:CC:00:26,41.2,83.2
SR-13794,EVT-13663,AA:BB:CC:00:76,46.8,83.2
SR-13795,EVT-13674,AA:BB:CC:00:63,43.7,86.9
SR-13796,EVT-10574,AA:BB:CC:00:98,43.7,98.4
SR-13797,EVT-13979,AA:BB:CC:00:95,45.8,86.7
SR-13798,EVT-14311,AA:BB:CC:00:03,42.6,185 F
SR-13799,EVT-12537,AA:BB:CC:00:90,44.5,80.0
SR-13800,EVT-12912,AA:BB:CC:00:57,46.8,81.9
SR-13801,EVT-13882,AA:BB:CC:00:54,43.9,90.8
SR-13802,EVT-11733,AA:BB:CC:00:70,46.2,87.0
SR-13803,EVT-14785,AA:BB:CC:00:58,45.4,91.6
SR-13804,EVT-14981,AA:BB:CC:00:20,48.4,80.2
SR-13805,EVT-10589,AA:BB:CC:00:51,47.1,79.7
SR-13806,EVT-13976,AA:BB:CC:00:40,48.8,87.9
SR-13807,EVT-12865,AA:BB:CC:00:17,43.4,74.9
SR-13808,EVT-13167,AA:BB:CC:00:41,45.7,93.6
SR-13809,EVT-12492,AA:BB:CC:00:65,46.2,91.1
SR-13810,EVT-14126,AA:BB:CC:00:13,42.9,84.0
SR-13811,EVT-14656,AA:BB:CC:00:82,44.4,88.8
SR-13812,EVT-10682,AA:BB:CC:00:64,49.7,86.8
SR-13813,EVT-12348,AA:BB:CC:00:85,46.5,85.1
SR-13814,EVT-12259,AA:BB:CC:00:52,47.1,86.0
SR-13815,EVT-11225,AA:BB:CC:00:12,45.3,81.9
SR-13816,EVT-14741,AA:BB:CC:00:64,33.19 ft-lb,83.8
SR-13817,EVT-11240,AA:BB:CC:00:44,43.8 Nm,91.4
SR-13818,EVT-13889,AA:BB:CC:00:12,40.3,88.0
SR-13819,EVT-10453,AA:BB:CC:00:26,40.8,77.7
SR-13820,EVT-12683,AA:BB:CC:00:42,45.6,85.0
SR-13821,EVT-11168,AA:BB:CC:00:28,49.1,92.8
SR-13822,EVT-14438,AA:BB:CC:00:44,41.5,79.2
SR-13823,EVT-10703,AA:BB:CC:00:89,45.2,83.4
SR-13824,EVT-12658,AA:BB:CC:00:85,43.7,86.1
SR-13825,EVT-10631,AA:BB:CC:00:48,46.8,87.4
SR-13826,EVT-11948,AA:BB:CC:00:50,41.2,88.6
SR-13827,EVT-13334,AA:BB:CC:00:11,42.4,89.2
SR-13828,EVT-10382,AA:BB:CC:00:73,44.5,85.2
SR-13829,EVT-10516,AA:BB:CC:00:99,48.2,84.8
SR-13830,EVT-12437,AA:BB:CC:00:36,42.1,92.5
SR-13831,EVT-12019,AA:BB:CC:00:29,44.7,89.4
SR-13832,EVT-12730,AA:BB:CC:00:40,43.4,86.4
SR-13833,EVT-10954,AA:BB:CC:00:17,42.5,82.6
SR-13834,EVT-11896,AA:BB:CC:00:37,45.4,86.3
SR-13835,EVT-13260,AA:BB:CC:00:49,44.9,86.8
SR-13836,EVT-11169,AA:BB:CC:00:72,39.8,87.6
SR-13837,EVT-12189,AA:BB:CC:00:53,42.7,80.6
SR-13838,EVT-11940,AA:BB:CC:00:69,42.1,82.9
SR-13839,EVT-12982,AA:BB:CC:00:23,43.0,81.7
SR-13840,EVT-14001,AA:BB:CC:00:54,42.9,85.7
SR-13841,EVT-11182,AA:BB:CC:00:10,48.5,79.8
SR-13842,EVT-10080,AA:BB:CC:00:47,43.8,88.3
SR-13843,EVT-11158,AA:BB:CC:00:79,43.2,91.4
SR-13844,EVT-11094,AA:BB:CC:00:80,48.4,85.3
SR-13845,EVT-13712,AA:BB:CC:00:27,43.7,82.4
SR-13846,EVT-12389,AA:BB:CC:00:32,45.4,92.0
SR-13847,EVT-13158,AA:BB:CC:00:56,44.3,82.6
SR-13848,EVT-10091,AA:BB:CC:00:51,48.0,89.3
SR-13849,EVT-10190,AA:BB:CC:00:46,44.5,89.1
SR-13850,EVT-11255,AA:BB:CC:00:35,43.5,80.9
SR-13851,EVT-13629,AA:BB:CC:00:88,43.6,88.3
SR-13852,EVT-14664,AA:BB:CC:00:31,45.7,85.0
SR-13853,EVT-12220,AA:BB:CC:00:35,46.2,86.1
SR-13854,EVT-13785,AA:BB:CC:00:80,46.8,76.3
SR-13855,EVT-11004,AA:BB:CC:00:62,43.8,84.0
SR-13856,EVT-10463,AA:BB:CC:00:36,42.7,79.6
SR-13857,EVT-11548,AA:BB:CC:00:76,44.5,80.3
SR-13858,EVT-11518,AA:BB:CC:00:60,45.9,79.0
SR-13859,EVT-11629,AA:BB:CC:00:80,47.6,83.5
SR-13860,EVT-13033,AA:BB:CC:00:49,44.5,88.6
SR-13861,EVT-11165,AA:BB:CC:00:69,46.9,84.4
SR-13862,EVT-14388,AA:BB:CC:00:69,42.5,89.1
SR-13863,EVT-10346,AA:BB:CC:00:20,44.9,80.9
SR-13864,EVT-10449,AA:BB:CC:00:48,42.0,84.3
SR-13865,EVT-10705,AA:BB:CC:00:38,44.4,78.7
SR-13866,EVT-14768,AA:BB:CC:00:100,47.2,86.6
SR-13867,EVT-12945,AA:BB:CC:00:55,46.6,82.4
SR-13868,EVT-13041,AA:BB:CC:00:96,43.2,85.6
SR-13869,EVT-13327,AA:BB:CC:00:11,43.8,83.3
SR-13870,EVT-11530,AA:BB:CC:00:75,42.5,81.6
SR-13871,EVT-12220,AA:BB:CC:00:49,44.3,92.8
SR-13872,EVT-13251,AA:BB:CC:00:92,46.7,91.2
SR-13873,EVT-12901,AA:BB:CC:00:12,41.6,85.8
SR-13874,EVT-14734,AA:BB:CC:00:46,46.7,96.0
SR-13875,EVT-13758,AA:BB:CC:00:31,39.8,89.1
SR-13876,EVT-14742,AA:BB:CC:00:40,41.2,83.2
SR-13877,EVT-11164,AA:BB:CC:00:94,40.5,92.4
SR-13878,EVT-13954,AA:BB:CC:00:84,44.2,83.7
SR-13879,EVT-12715,AA:BB:CC:00:27,43.2,90.7
SR-13880,EVT-14524,AA:BB:CC:00:25,47.5,84.5
SR-13881,EVT-13767,AA:BB:CC:00:50,45.6,88.5
SR-13882,EVT-13547,AA:BB:CC:00:98,42.9,90.1
SR-13883,EVT-14606,AA:BB:CC:00:35,45.0,85.9
SR-13884,EVT-14977,AA:BB:CC:00:43,43.8,89.1
SR-13885,EVT-13970,AA:BB:CC:00:52,44.5,85.9
SR-13886,EVT-10277,AA:BB:CC:00:05,44.8,88.4
SR-13887,EVT-14605,AA:BB:CC:00:39,47.2,84.1
SR-13888,EVT-13284,AA:BB:CC:00:63,48.7,89.7
SR-13889,EVT-14580,AA:BB:CC:00:72,46.9,85.6
SR-13890,EVT-14375,AA:BB:CC:00:19,43.4,75.5
SR-13891,EVT-13893,AA:BB:CC:00:18,44.7,85.4
SR-13892,EVT-10912,AA:BB:CC:00:80,44.1,87.5
SR-13893,EVT-13769,AA:BB:CC:00:83,33.19 ft-lb,85.8
SR-13894,EVT-13404,AA:BB:CC:00:79,45.1,82.0
SR-13895,EVT-10190,AA:BB:CC:00:93,46.4,84.6
SR-13896,EVT-11387,AA:BB:CC:00:79,41.4,87.9
SR-13897,EVT-11394,AA:BB:CC:00:29,43.4,89.0
SR-13898,EVT-13495,AA:BB:CC:00:17,43.1,76.9
SR-13899,EVT-13146,AA:BB:CC:00:15,45.6,80.6
SR-13900,EVT-14324,AA:BB:CC:00:40,46.0,93.3
SR-13901,EVT-10347,AA:BB:CC:00:75,48.8,84.0
SR-13902,EVT-13701,AA:BB:CC:00:03,45.1,81.6
SR-13903,EVT-14558,AA:BB:CC:00:77,46.7,99.6
SR-13904,EVT-11175,AA:BB:CC:00:38,44.8,75.3
SR-13905,EVT-10839,AA:BB:CC:00:09,44.2,86.3
SR-13906,EVT-14805,AA:BB:CC:00:84,44.2,89.6
SR-13907,EVT-13039,AA:BB:CC:00:48,46.0,78.8
SR-13908,EVT-10434,AA:BB:CC:00:90,44.3,85.5
SR-13909,EVT-10987,AA:BB:CC:00:57,42.1,85.8
SR-13910,EVT-11913,AA:BB:CC:00:76,45.1,79.9
SR-13911,EVT-13325,AA:BB:CC:00:49,45.5,89.8
SR-13912,EVT-13008,AA:BB:CC:00:95,44.7,89.0
SR-13913,EVT-10285,AA:BB:CC:00:02,44.8,75.5
SR-13914,EVT-14039,AA:BB:CC:00:33,45.6,89.7
SR-13915,EVT-11575,AA:BB:CC:00:16,44.1,86.0
SR-13916,EVT-10628,AA:BB:CC:00:05,45.8,79.5
SR-13917,EVT-13597,AA:BB:CC:00:53,33.19 ft-lb,90.2
SR-13918,EVT-14651,AA:BB:CC:00:81,45.5,82.2
SR-13919,EVT-14827,AA:BB:CC:00:63,47.0,77.3
SR-13920,EVT-14769,AA:BB:CC:00:56,45.9,85.2
SR-13921,EVT-10166,AA:BB:CC:00:32,41.2,86.1
SR-13922,EVT-12691,AA:BB:CC:00:15,46.4,78.4
SR-13923,EVT-11434,AA:BB:CC:00:61,47.5,89.7
SR-13924,EVT-14393,AA:BB:CC:00:12,47.5,97.3
SR-13925,EVT-13210,AA:BB:CC:00:17,47.8,85.5
SR-13926,EVT-12933,AA:BB:CC:00:10,45.8,84.6
SR-13927,EVT-14950,AA:BB:CC:00:90,45.3,75.9
SR-13928,EVT-13377,AA:BB:CC:00:44,44.0,96.5
SR-13929,EVT-10564,AA:BB:CC:00:92,42.2,87.5
SR-13930,EVT-11667,AA:BB:CC:00:28,45.8,85.8
SR-13931,EVT-11350,AA:BB:CC:00:87,44.9,75.7
SR-13932,EVT-10589,AA:BB:CC:00:20,43.3,83.8
SR-13933,EVT-12940,AA:BB:CC:00:81,46.7,90.9
SR-13934,EVT-12892,AA:BB:CC:00:52,43.5,89.9
SR-13935,EVT-10453,AA:BB:CC:00:08,46.1,85.9
SR-13936,EVT-13706,AA:BB:CC:00:79,45.0,83.9
SR-13937,EVT-13592,AA:BB:CC:00:87,47.6,86.2
SR-13938,EVT-12237,AA:BB:CC:00:78,48.4,82.5
SR-13939,EVT-10994,AA:BB:CC:00:27,46.4,82.3
SR-13940,EVT-10882,AA:BB:CC:00:77,43.2,92.3
SR-13941,EVT-10559,AA:BB:CC:00:39,44.5,80.6
SR-13942,EVT-14441,AA:BB:CC:00:89,46.1,88.3
SR-13943,EVT-10579,AA:BB:CC:00:90,44.4,85.6
SR-13944,EVT-10859,AA:BB:CC:00:63,47.3,84.4
SR-13945,EVT-11434,AA:BB:CC:00:75,44.8,89.7
SR-13946,EVT-12930,AA:BB:CC:00:38,46.0,80.2
SR-13947,EVT-12374,AA:BB:CC:00:73,46.3,86.7
SR-13948,EVT-11336,AA:BB:CC:00:97,46.2,86.6
SR-13949,EVT-14449,AA:BB:CC:00:51,43.3,78.5
SR-13950,EVT-11014,AA:BB:CC:00:80,48.0,80.2
SR-13951,EVT-10695,AA:BB:CC:00:84,45.4,93.9
SR-13952,EVT-14617,AA:BB:CC:00:07,44.5,81.0
SR-13953,EVT-13015,AA:BB:CC:00:33,42.0,82.5
SR-13954,EVT-14351,AA:BB:CC:00:77,42.1,85.2
SR-13955,EVT-13750,AA:BB:CC:00:47,43.8,83.1
SR-13956,EVT-13814,AA:BB:CC:00:35,43.7,86.4
SR-13957,EVT-14880,AA:BB:CC:00:68,42.5,85.5
SR-13958,EVT-14177,AA:BB:CC:00:63,43.9,89.2
SR-13959,EVT-11249,AA:BB:CC:00:95,47.0,78.3
SR-13960,EVT-10994,AA:BB:CC:00:94,45.8,92.2
SR-13961,EVT-11346,AA:BB:CC:00:03,42.6,78.7
SR-13962,EVT-10843,AA:BB:CC:00:41,47.1,88.9
SR-13963,EVT-10675,AA:BB:CC:00:91,47.0,82.2
SR-13964,EVT-10162,AA:BB:CC:00:32,41.9,90.0
SR-13965,EVT-14213,AA:BB:CC:00:47,47.8,91.9
SR-13966,EVT-12671,AA:BB:CC:00:38,46.3,89.2
SR-13967,EVT-10858,AA:BB:CC:00:06,47.0,90.3
SR-13968,EVT-10411,AA:BB:CC:00:62,43.1,78.0
SR-13969,EVT-11849,AA:BB:CC:00:08,44.3,88.7
SR-13970,EVT-12514,AA:BB:CC:00:54,44.0,74.1
SR-13971,EVT-10570,AA:BB:CC:00:88,43.6,88.5
SR-13972,EVT-13108,AA:BB:CC:00:79,43.7,89.3
SR-13973,EVT-13175,AA:BB:CC:00:25,43.2,88.9
SR-13974,EVT-13819,AA:BB:CC:00:27,46.2,80.0
SR-13975,EVT-13621,AA:BB:CC:00:13,45.4,83.2
SR-13976,EVT-10993,AA:BB:CC:00:84,47.2,86.5
SR-13977,EVT-14110,AA:BB:CC:00:05,40.2,84.7
SR-13978,EVT-11167,AA:BB:CC:00:71,45.8,82.2
SR-13979,EVT-10822,AA:BB:CC:00:58,43.8,83.1
SR-13980,EVT-14345,AA:BB:CC:00:69,44.1,83.8
SR-13981,EVT-10387,AA:BB:CC:00:28,44.4,90.7
SR-13982,EVT-12798,AA:BB:CC:00:37,49.7 Nm,81.5
SR-13983,EVT-13366,AA:BB:CC:00:93,43.5,82.0
SR-13984,EVT-10046,AA:BB:CC:00:37,46.2,96.3
SR-13985,EVT-10603,AA:BB:CC:00:07,48.6,84.1
SR-13986,EVT-13760,AA:BB:CC:00:46,42.6,81.0
SR-13987,EVT-11061,AA:BB:CC:00:90,44.9,90.5
SR-13988,EVT-11085,AA:BB:CC:00:58,42.4,79.7
SR-13989,EVT-14668,AA:BB:CC:00:83,43.5,91.2
SR-13990,EVT-10480,AA:BB:CC:00:74,45.9,97.9
SR-13991,EVT-11031,AA:BB:CC:00:56,44.9,81.3
SR-13992,EVT-13877,AA:BB:CC:00:84,41.7,88.4
SR-13993,EVT-11129,AA:BB:CC:00:95,46.1,79.1
SR-13994,EVT-14387,AA:BB:CC:00:100,48.6,87.3
SR-13995,EVT-12004,AA:BB:CC:00:06,46.1,94.2
SR-13996,EVT-12615,AA:BB:CC:00:79,44.0,84.9
SR-13997,EVT-13628,AA:BB:CC:00:88,43.0,82.9
SR-13998,EVT-10531,AA:BB:CC:00:30,45.1,94.2
SR-13999,EVT-14030,AA:BB:CC:00:09,42.9,92.2
SR-14000,EVT-11898,AA:BB:CC:00:65,47.5,76.6
SR-14001,EVT-10203,AA:BB:CC:00:50,44.6,89.5
SR-14002,EVT-11736,AA:BB:CC:00:15,41.8,82.0
SR-14003,EVT-10334,AA:BB:CC:00:58,44.1,83.7
SR-14004,EVT-13073,AA:BB:CC:00:06,43.8,90.8
SR-14005,EVT-11235,AA:BB:CC:00:79,46.6,78.5
SR-14006,EVT-13981,AA:BB:CC:00:71,45.9,84.1
SR-14007,EVT-14238,AA:BB:CC:00:46,45.3,82.7
SR-14008,EVT-12140,AA:BB:CC:00:91,43.7,185 F
SR-14009,EVT-14217,AA:BB:CC:00:10,41.6,87.0
SR-14010,EVT-10724,AA:BB:CC:00:96,47.7,84.6
SR-14011,EVT-10393,AA:BB:CC:00:85,45.0,79.2
SR-14012,EVT-11463,AA:BB:CC:00:44,48.0,94.4
SR-14013,EVT-14980,AA:BB:CC:00:37,45.7,88.4
SR-14014,EVT-11972,AA:BB:CC:00:54,43.0,81.6
SR-14015,EVT-12297,AA:BB:CC:00:100,46.0,79.2
SR-14016,EVT-12873,AA:BB:CC:00:78,42.3,93.7
SR-14017,EVT-13301,AA:BB:CC:00:39,41.4,91.6
SR-14018,EVT-14564,AA:BB:CC:00:60,46.5,94.4
SR-14019,EVT-11890,AA:BB:CC:00:41,43.7,81.4
SR-14020,EVT-14587,AA:BB:CC:00:48,47.6,85.7
SR-14021,EVT-14560,AA:BB:CC:00:78,42.8,86.1
SR-14022,EVT-11785,AA:BB:CC:00:02,48.3,81.6
SR-14023,EVT-12155,AA:BB:CC:00:24,47.1,93.5
SR-14024,EVT-11085,AA:BB:CC:00:10,46.4,84.9
SR-14025,EVT-12104,AA:BB:CC:00:42,44.6,86.5
SR-14026,EVT-10958,AA:BB:CC:00:06,45.4,84.7
SR-14027,EVT-12179,AA:BB:CC:00:03,47.0,80.1
SR-14028,EVT-11101,AA:BB:CC:00:62,45.6,81.7
SR-14029,EVT-14967,AA:BB:CC:00:34,46.8,83.8
SR-14030,EVT-13962,AA:BB:CC:00:90,45.6,75.1
SR-14031,EVT-10995,AA:BB:CC:00:74,44.0,86.7
SR-14032,EVT-11185,AA:BB:CC:00:38,48.5,81.8
SR-14033,EVT-11831,AA:BB:CC:00:54,48.7,79.4
SR-14034,EVT-10526,AA:BB:CC:00:85,47.5,86.2
SR-14035,EVT-12866,AA:BB:CC:00:25,45.5,90.6
SR-14036,EVT-11043,AA:BB:CC:00:66,44.9,91.9
SR-14037,EVT-11684,AA:BB:CC:00:36,47.1,83.8
SR-14038,EVT-11239,AA:BB:CC:00:65,44.8,86.6
SR-14039,EVT-12057,AA:BB:CC:00:44,42.6,89.8
SR-14040,EVT-10099,AA:BB:CC:00:36,44.6,86.4
SR-14041,EVT-11416,AA:BB:CC:00:44,46.7,80.7
SR-14042,EVT-12773,AA:BB:CC:00:88,45.5,81.2
SR-14043,EVT-11961,AA:BB:CC:00:74,45.0,89.6
SR-14044,EVT-10100,AA:BB:CC:00:35,43.5,81.1
SR-14045,EVT-13075,AA:BB:CC:00:60,42.3,81.2
SR-14046,EVT-14246,AA:BB:CC:00:86,44.1,83.1
SR-14047,EVT-12089,AA:BB:CC:00:47,45.7,86.7
SR-14048,EVT-14053,AA:BB:CC:00:98,43.8,83.1
SR-14049,EVT-10961,AA:BB:CC:00:96,45.2,84.6
SR-14050,EVT-13700,AA:BB:CC:00:16,46.2,87.4
SR-14051,EVT-12963,AA:BB:CC:00:94,46.5,84.6
SR-14052,EVT-13945,AA:BB:CC:00:36,45.5,86.6 C
SR-14053,EVT-13607,AA:BB:CC:00:59,42.2,80.6
SR-14054,EVT-13307,AA:BB:CC:00:61,45.7,91.8
SR-14055,EVT-14219,AA:BB:CC:00:95,44.7,89.2
SR-14056,EVT-12560,AA:BB:CC:00:94,40.5,76.4
SR-14057,EVT-11418,AA:BB:CC:00:69,44.4,86.3
SR-14058,EVT-12718,AA:BB:CC:00:88,48.7,90.1
SR-14059,EVT-10015,AA:BB:CC:00:46,45.3,85.9
SR-14060,EVT-14625,AA:BB:CC:00:100,46.2,99.0
SR-14061,EVT-10185,AA:BB:CC:00:91,48.0,91.0
SR-14062,EVT-14598,AA:BB:CC:00:14,45.5,83.3
SR-14063,EVT-12832,AA:BB:CC:00:77,45.1,84.2
SR-14064,EVT-14207,AA:BB:CC:00:20,42.1,80.3
SR-14065,EVT-13083,AA:BB:CC:00:28,44.9,84.1
SR-14066,EVT-13409,AA:BB:CC:00:06,44.3,86.9
SR-14067,EVT-12027,AA:BB:CC:00:73,45.8,85.0
SR-14068,EVT-12451,AA:BB:CC:00:22,44.1,88.3
SR-14069,EVT-12565,AA:BB:CC:00:87,43.8,84.9
SR-14070,EVT-10351,AA:BB:CC:00:08,40.5,88.6
SR-14071,EVT-11993,AA:BB:CC:00:01,46.8,93.1
SR-14072,EVT-11147,AA:BB:CC:00:71,42.9,84.0
SR-14073,EVT-14972,AA:BB:CC:00:61,46.2,86.5
SR-14074,EVT-12920,AA:BB:CC:00:61,47.4,84.0
SR-14075,EVT-12574,AA:BB:CC:00:76,43.4,81.2
SR-14076,EVT-12910,AA:BB:CC:00:39,48.2,83.6
SR-14077,EVT-13479,AA:BB:CC:00:81,45.2,80.1
SR-14078,EVT-14380,AA:BB:CC:00:50,45.8,82.2
SR-14079,EVT-11873,AA:BB:CC:00:80,44.2,85.5
SR-14080,EVT-11491,AA:BB:CC:00:68,43.9,90.8
SR-14081,EVT-14188,AA:BB:CC:00:09,41.5,88.8
SR-14082,EVT-14644,AA:BB:CC:00:09,48.9,85.6
SR-14083,EVT-11727,AA:BB:CC:00:91,40.7,83.0
SR-14084,EVT-12142,AA:BB:CC:00:76,41.9,91.5
SR-14085,EVT-14498,AA:BB:CC:00:34,44.7,82.4
SR-14086,EVT-10758,AA:BB:CC:00:23,44.8,84.3
SR-14087,EVT-10354,AA:BB:CC:00:99,41.7,90.1
SR-14088,EVT-10566,AA:BB:CC:00:09,44.1,76.8
SR-14089,EVT-14902,AA:BB:CC:00:77,43.7,90.0
SR-14090,EVT-10097,AA:BB:CC:00:50,44.4,81.6
SR-14091,EVT-13154,AA:BB:CC:00:58,46.9,82.3
SR-14092,EVT-10321,AA:BB:CC:00:43,47.9,85.0
SR-14093,EVT-12945,AA:BB:CC:00:02,48.3,75.5
SR-14094,EVT-12445,AA:BB:CC:00:66,46.1,94.2
SR-14095,EVT-10689,AA:BB:CC:00:29,42.0,84.4
SR-14096,EVT-13617,AA:BB:CC:00:45,46.0,80.6
SR-14097,EVT-13318,AA:BB:CC:00:57,45.9,84.1
SR-14098,EVT-14005,AA:BB:CC:00:22,45.8,85.7
SR-14099,EVT-14315,AA:BB:CC:00:43,46.7,91.0
SR-14100,EVT-12709,AA:BB:CC:00:85,43.6,83.4
SR-14101,EVT-14905,AA:BB:CC:00:59,42.4,77.1
SR-14102,EVT-11504,AA:BB:CC:00:06,42.6,85.1
SR-14103,EVT-10741,AA:BB:CC:00:57,43.6,86.0
SR-14104,EVT-11267,AA:BB:CC:00:28,44.3,83.3
SR-14105,EVT-13038,AA:BB:CC:00:80,45.6,87.0
SR-14106,EVT-10440,AA:BB:CC:00:01, 43.7 ,84.9
SR-14107,EVT-12765,AA:BB:CC:00:23,47.8,79.7
SR-14108,EVT-11288,AA:BB:CC:00:08,45.1,87.6
SR-14109,EVT-11790,AA:BB:CC:00:61,43.7,77.9
SR-14110,EVT-14951,AA:BB:CC:00:72,47.3,79.2
SR-14111,EVT-12076,AA:BB:CC:00:01,44.2 Nm,91.3
SR-14112,EVT-10964,AA:BB:CC:00:11,43.7,85.3
SR-14113,EVT-10425,AA:BB:CC:00:08,47.8,86.7
SR-14114,EVT-10827,AA:BB:CC:00:51,45.4,88.6
SR-14115,EVT-12470,AA:BB:CC:00:31,49.3,88.3
SR-14116,EVT-12503,AA:BB:CC:00:36,42.5,86.0
SR-14117,EVT-13709,AA:BB:CC:00:72,42.1,83.9
SR-14118,EVT-11867,AA:BB:CC:00:88,45.5,80.8
SR-14119,EVT-14201,AA:BB:CC:00:91,48.8,82.7
SR-14120,EVT-14244,AA:BB:CC:00:29,43.6,83.2
SR-14121,EVT-11326,AA:BB:CC:00:82,45.2,79.8 C
SR-14122,EVT-14872,AA:BB:CC:00:73,43.9,87.9
SR-14123,EVT-14992,AA:BB:CC:00:36,33.19 ft-lb,85.2
SR-14124,EVT-12870,AA:BB:CC:00:38,46.0,87.8
SR-14125,EVT-10090,AA:BB:CC:00:78,43.1,74.1
SR-14126,EVT-10394,AA:BB:CC:00:13,41.7,185 F
SR-14127,EVT-14539,AA:BB:CC:00:40,45.7,87.2
SR-14128,EVT-12078,AA:BB:CC:00:52,44.4,83.8
SR-14129,EVT-10983,AA:BB:CC:00:24,46.8,78.2
SR-14130,EVT-13901,AA:BB:CC:00:61,47.0,88.0
SR-14131,EVT-10898,AA:BB:CC:00:78,42.9,79.5
SR-14132,EVT-10953,AA:BB:CC:00:72,44.6,88.8
SR-14133,EVT-13139,AA:BB:CC:00:12,46.1,86.5
SR-14134,EVT-11090,AA:BB:CC:00:52,46.7,92.6
SR-14135,EVT-13651,AA:BB:CC:00:95,47.9,94.9
SR-14136,EVT-10185,AA:BB:CC:00:98,46.3,81.3
SR-14137,EVT-12573,AA:BB:CC:00:100,46.6,83.7
SR-14138,EVT-10137,AA:BB:CC:00:85,46.7,90.0
SR-14139,EVT-11485,AA:BB:CC:00:04,48.5,79.9
SR-14140,EVT-12000,AA:BB:CC:00:11,40.3,92.1
SR-14141,EVT-10702,AA:BB:CC:00:56,48.9,90.2
SR-14142,EVT-10572,AA:BB:CC:00:07,45.3,82.9
SR-14143,EVT-10173,AA:BB:CC:00:55,39.7,73.9
SR-14144,EVT-10292,AA:BB:CC:00:76,45.5,90.6
SR-14145,EVT-10788,AA:BB:CC:00:63,44.0,87.9
SR-14146,EVT-14056,AA:BB:CC:00:05,45.8,82.0
SR-14147,EVT-13458,AA:BB:CC:00:03,49.2,92.0
SR-14148,EVT-11426,AA:BB:CC:00:96,42.3,89.2
SR-14149,EVT-10206,AA:BB:CC:00:64,46.3,76.0
SR-14150,EVT-12301,AA:BB:CC:00:99,45.7,82.0
SR-14151,EVT-12839,AA:BB:CC:00:100,44.4,82.8
SR-14152,EVT-14519,AA:BB:CC:00:12,42.7,86.2
SR-14153,EVT-11158,AA:BB:CC:00:94,45.5,87.9
SR-14154,EVT-12605,AA:BB:CC:00:33,42.0,89.0
SR-14155,EVT-12417,AA:BB:CC:00:40,43.7,83.4
SR-14156,EVT-10125,AA:BB:CC:00:41,43.5,84.8
SR-14157,EVT-11422,AA:BB:CC:00:03,45.3,94.9
SR-14158,EVT-13563,AA:BB:CC:00:26,43.0,84.9
SR-14159,EVT-10724,AA:BB:CC:00:38,44.4,94.2
SR-14160,EVT-13145,AA:BB:CC:00:34,45.5,87.9
SR-14161,EVT-10086,AA:BB:CC:00:67,50.3,81.4
SR-14162,EVT-13588,AA:BB:CC:00:78,41.6,89.3
SR-14163,EVT-13770,AA:BB:CC:00:14,46.6,76.9
SR-14164,EVT-12757,AA:BB:CC:00:81,46.6,97.8
SR-14165,EVT-14123,AA:BB:CC:00:79,45.3,80.8
SR-14166,EVT-14114,AA:BB:CC:00:12,43.1,75.1
SR-14167,EVT-13247,AA:BB:CC:00:39,9000,87.3
SR-14168,EVT-14302,AA:BB:CC:00:94,45.0,98.8
SR-14169,EVT-10927,AA:BB:CC:00:62,45.7,85.0
SR-14170,EVT-10661,AA:BB:CC:00:49,43.2,81.6
SR-14171,EVT-14397,AA:BB:CC:00:59,45.3,95.7
SR-14172,EVT-12770,AA:BB:CC:00:51,46.9,82.6
SR-14173,EVT-12558,AA:BB:CC:00:71,46.1,82.5
SR-14174,EVT-10652,AA:BB:CC:00:35,44.3,83.7
SR-14175,EVT-12325,AA:BB:CC:00:51,46.6,83.7
SR-14176,EVT-14077,AA:BB:CC:00:31,45.8,91.8
SR-14177,EVT-10365,AA:BB:CC:00:40,43.5,85.9
SR-14178,EVT-12552,AA:BB:CC:00:37,42.2,91.9
SR-14179,EVT-14541,AA:BB:CC:00:14,47.9,80.9
SR-14180,EVT-11095,AA:BB:CC:00:58,46.2,77.2
SR-14181,EVT-10455,AA:BB:CC:00:28,49.3,84.6
SR-14182,EVT-12160,AA:BB:CC:00:12,48.8,86.1
SR-14183,EVT-13766,AA:BB:CC:00:70,44.6,84.1
SR-14184,EVT-14528,AA:BB:CC:00:68,45.6,77.6
SR-14185,EVT-14326,AA:BB:CC:00:97,44.9,77.5
SR-14186,EVT-12609,AA:BB:CC:00:56,42.5,89.0
SR-14187,EVT-12281,AA:BB:CC:00:05,48.3,87.6
SR-14188,EVT-12617,AA:BB:CC:00:09,46.0,91.8
SR-14189,EVT-13680,AA:BB:CC:00:62,46.9,83.9
SR-14190,EVT-13759,AA:BB:CC:00:82,42.6,87.5
SR-14191,EVT-11887,AA:BB:CC:00:96,44.9,88.9 C
SR-14192,EVT-10071,AA:BB:CC:00:95,41.7,86.6
SR-14193,EVT-12911,AA:BB:CC:00:34,44.8,85.0
SR-14194,EVT-12955,AA:BB:CC:00:40,44.4,84.1
SR-14195,EVT-10025,AA:BB:CC:00:91,43.1,87.1
SR-14196,EVT-10873,AA:BB:CC:00:39,44.0,99.7
SR-14197,EVT-12017,AA:BB:CC:00:13,47.7,82.4
SR-14198,EVT-13642,AA:BB:CC:00:04,46.4,83.7
SR-14199,EVT-12899,AA:BB:CC:00:09,45.1,85.2
SR-14200,EVT-12419,AA:BB:CC:00:72,43.0,90.6
SR-14201,EVT-10916,AA:BB:CC:00:06,45.8,84.2
SR-14202,EVT-13512,AA:BB:CC:00:33,41.8,81.4
SR-14203,EVT-13554,AA:BB:CC:00:70,42.3,82.2
SR-14204,EVT-13317,AA:BB:CC:00:48,48.0,80.3
SR-14205,EVT-11577,AA:BB:CC:00:81,48.2,85.4
SR-14206,EVT-12365,AA:BB:CC:00:37,40.6,91.7
SR-14207,EVT-14842,AA:BB:CC:00:77,45.5,88.4
SR-14208,EVT-14125,AA:BB:CC:00:22,49.1,82.1
SR-14209,EVT-10060,AA:BB:CC:00:50,44.0,82.0
SR-14210,EVT-11827,AA:BB:CC:00:19,45.6,80.0
SR-14211,EVT-10566,AA:BB:CC:00:28,43.8,79.0
SR-14212,EVT-12307,AA:BB:CC:00:64,46.1,83.5
SR-14213,EVT-12830,AA:BB:CC:00:58,42.9,80.1
SR-14214,EVT-11222,AA:BB:CC:00:25,45.7,85.1
SR-14215,EVT-14191,AA:BB:CC:00:72,49.0,185 F
SR-14216,EVT-13680,AA:BB:CC:00:58,45.4,86.3
SR-14217,EVT-11848,AA:BB:CC:00:32,44.1,83.1
SR-14218,EVT-10844,AA:BB:CC:00:47,42.6,83.8
SR-14219,EVT-13239,AA:BB:CC:00:75,45.4,96.9
SR-14220,EVT-12789,AA:BB:CC:00:38,43.1,80.3
SR-14221,EVT-10069,AA:BB:CC:00:18,42.5,80.0
SR-14222,EVT-12554,AA:BB:CC:00:27,42.3,79.0
SR-14223,EVT-11073,AA:BB:CC:00:37,41.7,85.8
SR-14224,EVT-12805,AA:BB:CC:00:42,44.5,85.2
SR-14225,EVT-11494,AA:BB:CC:00:36,48.1,77.3
SR-14226,EVT-11431,AA:BB:CC:00:34,47.1,74.6
SR-14227,EVT-14615,AA:BB:CC:00:15,46.6,83.6
SR-14228,EVT-14536,AA:BB:CC:00:61,43.5,89.9
SR-14229,EVT-14037,AA:BB:CC:00:77,45.3,83.0
SR-14230,EVT-11953,AA:BB:CC:00:27,44.4,75.0
SR-14231,EVT-13089,AA:BB:CC:00:19,49.0,85.5
SR-14232,EVT-11096,AA:BB:CC:00:100,42.9,80.7
SR-14233,EVT-12016,AA:BB:CC:00:77,41.7,79.7
SR-14234,EVT-13597,AA:BB:CC:00:07,42.3,82.7
SR-14235,EVT-11126,AA:BB:CC:00:61,45.9,82.1
SR-14236,EVT-12265,AA:BB:CC:00:01,43.5,85.3
SR-14237,EVT-11827,AA:BB:CC:00:21,43.8,86.1
SR-14238,EVT-11059,AA:BB:CC:00:16,41.5,75.4
SR-14239,EVT-11226,AA:BB:CC:00:49,43.4,85.1
SR-14240,EVT-10657,AA:BB:CC:00:29,46.5,87.0
SR-14241,EVT-12062,AA:BB:CC:00:88,41.2,87.6
SR-14242,EVT-10767,AA:BB:CC:00:83,44.0,75.7
SR-14243,EVT-13037,AA:BB:CC:00:91,45.0,85.3
SR-14244,EVT-14367,AA:BB:CC:00:47,46.3,83.2 C
SR-14245,EVT-12123,AA:BB:CC:00:01,43.9,82.3
SR-14246,EVT-10013,AA:BB:CC:00:91,44.3,88.0
SR-14247,EVT-11717,AA:BB:CC:00:14,47.2,90.9
SR-14248,EVT-10057,AA:BB:CC:00:75,44.3,84.0
SR-14249,EVT-11021,AA:BB:CC:00:87,47.2,84.9
SR-14250,EVT-14579,AA:BB:CC:00:47,50.8,83.2
SR-14251,EVT-13373,AA:BB:CC:00:60,45.5,88.6
SR-14252,EVT-13599,AA:BB:CC:00:84,42.8,84.7
SR-14253,EVT-13200,AA:BB:CC:00:26,46.1,79.3
SR-14254,EVT-12728,AA:BB:CC:00:18,47.3,81.9
SR-14255,EVT-11756,AA:BB:CC:00:36,43.5,79.1
SR-14256,EVT-10794,AA:BB:CC:00:94,46.3,79.9
SR-14257,EVT-12109,AA:BB:CC:00:53,41.0,87.8
SR-14258,EVT-10054,AA:BB:CC:00:68,46.9,89.8
SR-14259,EVT-10306,AA:BB:CC:00:83,43.3,90.6
SR-14260,EVT-10628,AA:BB:CC:00:62,41.3,84.0
SR-14261,EVT-11879,AA:BB:CC:00:69,43.9,80.1
SR-14262,EVT-14296,AA:BB:CC:00:66,47.5,86.2
SR-14263,EVT-14192,AA:BB:CC:00:10,33.19 ft-lb,79.2
SR-14264,EVT-12465,AA:BB:CC:00:58,44.6,89.4
SR-14265,EVT-14845,AA:BB:CC:00:49,46.7,85.8
SR-14266,EVT-10410,AA:BB:CC:00:55,45.8,94.9
SR-14267,EVT-10612,AA:BB:CC:00:43,43.8,84.5
SR-14268,EVT-10608,AA:BB:CC:00:75,44.9,93.3
SR-14269,EVT-12341,AA:BB:CC:00:51,48.9,83.5
SR-14270,EVT-14898,AA:BB:CC:00:22,45.1,89.3
SR-14271,EVT-11299,AA:BB:CC:00:43,45.3,80.1
SR-14272,EVT-12328,AA:BB:CC:00:08,49.3,81.4
SR-14273,EVT-14700,AA:BB:CC:00:03,41.9,75.9
SR-14274,EVT-11970,AA:BB:CC:00:41,46.4,86.8
SR-14275,EVT-10193,AA:BB:CC:00:53,45.6,80.2
SR-14276,EVT-10006,AA:BB:CC:00:40,44.5,89.1
SR-14277,EVT-12604,AA:BB:CC:00:58,47.0,96.8
SR-14278,EVT-11797,AA:BB:CC:00:18,42.8,86.5
SR-14279,EVT-10697,AA:BB:CC:00:50,44.4,82.0
SR-14280,EVT-13912,AA:BB:CC:00:86,42.4,84.9
SR-14281,EVT-14138,AA:BB:CC:00:11,44.1,89.7
SR-14282,EVT-11807,AA:BB:CC:00:66,43.5 Nm,82.7
SR-14283,EVT-10013,AA:BB:CC:00:22,46.8,86.9
SR-14284,EVT-14114,AA:BB:CC:00:63,45.6,84.1
SR-14285,EVT-14146,AA:BB:CC:00:79,43.0,81.2
SR-14286,EVT-13463,AA:BB:CC:00:08,45.2,84.4
SR-14287,EVT-12351,AA:BB:CC:00:83,37.6,79.2
SR-14288,EVT-14386,AA:BB:CC:00:73,45.8,82.2
SR-14289,EVT-11221,AA:BB:CC:00:69,40.9,80.2
SR-14290,EVT-14450,AA:BB:CC:00:72,46.3,78.8
SR-14291,EVT-14362,AA:BB:CC:00:97,44.2,88.7
SR-14292,EVT-10923,AA:BB:CC:00:15,49.0 Nm,76.9
SR-14293,EVT-11607,AA:BB:CC:00:15,41.5,86.2
SR-14294,EVT-14184,AA:BB:CC:00:07,33.19 ft-lb,81.0
SR-14295,EVT-11977,AA:BB:CC:00:85,48.5,90.7
SR-14296,EVT-11561,AA:BB:CC:00:26,44.0,79.5
SR-14297,EVT-14011,AA:BB:CC:00:65,45.2,85.5
SR-14298,EVT-11806,AA:BB:CC:00:51,44.7,90.9
SR-14299,EVT-11848,AA:BB:CC:00:90,45.8,96.8
SR-14300,EVT-11996,AA:BB:CC:00:26,44.9,73.7
SR-14301,EVT-12538,AA:BB:CC:00:92,43.6,92.3
SR-14302,EVT-11664,AA:BB:CC:00:09,45.1,83.6
SR-14303,EVT-10138,AA:BB:CC:00:26,51.2,79.9
SR-14304,EVT-14371,AA:BB:CC:00:77,47.4,86.7
SR-14305,EVT-11566,AA:BB:CC:00:05,43.1,82.8
SR-14306,EVT-13819,AA:BB:CC:00:18,46.0,79.5
SR-14307,EVT-10610,AA:BB:CC:00:53,40.3,81.5
SR-14308,EVT-13238,AA:BB:CC:00:23,44.0,83.9
SR-14309,EVT-14542,AA:BB:CC:00:92,44.5,79.9
SR-14310,EVT-14450,AA:BB:CC:00:69,46.0,88.5
SR-14311,EVT-12843,AA:BB:CC:00:61,45.0,77.8
SR-14312,EVT-10946,AA:BB:CC:00:91,44.2,82.7
SR-14313,EVT-11139,AA:BB:CC:00:84,45.2 Nm,88.4
SR-14314,EVT-11000,AA:BB:CC:00:100,45.7,78.8
SR-14315,EVT-13136,AA:BB:CC:00:34,47.3,89.6
SR-14316,EVT-11231,AA:BB:CC:00:78,45.7,82.8
SR-14317,EVT-10108,AA:BB:CC:00:47,44.2,76.5
SR-14318,EVT-11803,AA:BB:CC:00:70,43.0,86.0
SR-14319,EVT-12203,AA:BB:CC:00:27,44.0,85.4
SR-14320,EVT-13839,AA:BB:CC:00:02,42.5,82.8
SR-14321,EVT-11012,AA:BB:CC:00:09,44.8,85.1
SR-14322,EVT-10583,AA:BB:CC:00:75,43.8,88.7
SR-14323,EVT-11758,AA:BB:CC:00:54,45.7,76.4
SR-14324,EVT-12808,AA:BB:CC:00:05,42.9,86.6
SR-14325,EVT-11133,AA:BB:CC:00:75,49.1,85.5
SR-14326,EVT-14125,AA:BB:CC:00:03,44.5,95.8
SR-14327,EVT-13062,AA:BB:CC:00:90,49.1,81.8
SR-14328,EVT-11442,AA:BB:CC:00:14,43.1,86.8
SR-14329,EVT-14453,AA:BB:CC:00:09,45.3,88.2
SR-14330,EVT-14692,AA:BB:CC:00:83,43.9,82.4
SR-14331,EVT-11404,AA:BB:CC:00:81,47.0,81.2
SR-14332,EVT-10775,AA:BB:CC:00:49,45.4,84.5
SR-14333,EVT-10730,AA:BB:CC:00:58,42.2,86.1
SR-14334,EVT-10288,AA:BB:CC:00:88,45.8,86.3
SR-14335,EVT-11099,AA:BB:CC:00:78,46.4,84.5
SR-14336,EVT-10298,AA:BB:CC:00:10,43.3,87.5
SR-14337,EVT-11580,AA:BB:CC:00:07,44.9,80.7
SR-14338,EVT-10745,AA:BB:CC:00:13,47.5,87.4
SR-14339,EVT-14021,AA:BB:CC:00:35,44.1,86.2
SR-14340,EVT-13558,AA:BB:CC:00:61,45.8,87.5
SR-14341,EVT-14210,AA:BB:CC:00:95,41.4,89.7
SR-14342,EVT-13974,AA:BB:CC:00:38,50.3,91.0
SR-14343,EVT-10163,AA:BB:CC:00:37,45.4,81.3
SR-14344,EVT-12840,AA:BB:CC:00:93,43.1,87.4
SR-14345,EVT-12260,AA:BB:CC:00:70,43.6,80.1
SR-14346,EVT-10292,AA:BB:CC:00:08,39.9,93.0
SR-14347,EVT-10395,AA:BB:CC:00:89,46.0,78.9
SR-14348,EVT-11968,AA:BB:CC:00:69,46.9,80.9
SR-14349,EVT-12469,AA:BB:CC:00:74,50.7,87.0
SR-14350,EVT-11591,AA:BB:CC:00:23,45.7,88.1
SR-14351,EVT-13151,AA:BB:CC:00:01,45.4,81.8
SR-14352,EVT-11984,AA:BB:CC:00:13,45.4,83.4
SR-14353,EVT-11404,AA:BB:CC:00:26,43.4,94.5
SR-14354,EVT-10005,AA:BB:CC:00:83,44.4,78.9
SR-14355,EVT-10439,AA:BB:CC:00:90,9000,85.1
SR-14356,EVT-14392,AA:BB:CC:00:60,43.2,83.6
SR-14357,EVT-11474,AA:BB:CC:00:50,45.3,79.6
SR-14358,EVT-14596,AA:BB:CC:00:51,46.8,92.6
SR-14359,EVT-10523,AA:BB:CC:00:57,41.7,82.2
SR-14360,EVT-10096,AA:BB:CC:00:66,45.0,78.4
SR-14361,EVT-12992,AA:BB:CC:00:63,46.5,88.4
SR-14362,EVT-12033,AA:BB:CC:00:41,45.7,82.3
SR-14363,EVT-11644,AA:BB:CC:00:83,46.0,80.7
SR-14364,EVT-12706,AA:BB:CC:00:76,46.2,82.8
SR-14365,EVT-11729,AA:BB:CC:00:35,45.9,80.6
SR-14366,EVT-10441,AA:BB:CC:00:96,42.0,84.1
SR-14367,EVT-14438,AA:BB:CC:00:53,9000,79.4
SR-14368,EVT-13308,AA:BB:CC:00:77,43.8,86.7
SR-14369,EVT-12631,AA:BB:CC:00:100,44.6,77.4
SR-14370,EVT-14221,AA:BB:CC:00:65,45.9,86.8
SR-14371,EVT-11283,AA:BB:CC:00:33,44.9,83.2
SR-14372,EVT-14999,AA:BB:CC:00:53,33.19 ft-lb,84.9
SR-14373,EVT-14634,AA:BB:CC:00:04,46.9,87.1
SR-14374,EVT-11561,AA:BB:CC:00:02,43.1,90.6
SR-14375,EVT-12400,AA:BB:CC:00:08,44.3,83.0
SR-14376,EVT-12924,AA:BB:CC:00:80,46.8,88.8
SR-14377,EVT-12031,AA:BB:CC:00:22,43.2,88.1
SR-14378,EVT-12087,AA:BB:CC:00:74,48.3,82.0
SR-14379,EVT-12760,AA:BB:CC:00:73,43.4,83.1
SR-14380,EVT-14297,AA:BB:CC:00:71,43.9,72.6
SR-14381,EVT-12588,AA:BB:CC:00:81,45.4,87.7
SR-14382,EVT-13412,AA:BB:CC:00:30,41.9,86.4
SR-14383,EVT-11270,AA:BB:CC:00:75,42.1,80.8
SR-14384,EVT-12429,AA:BB:CC:00:43,49.0,92.9
SR-14385,EVT-11961,AA:BB:CC:00:55,45.3,85.3
SR-14386,EVT-10241,AA:BB:CC:00:15,46.8,87.6
SR-14387,EVT-13408,AA:BB:CC:00:71,46.6,77.7
SR-14388,EVT-14085,AA:BB:CC:00:61,45.3,85.3
SR-14389,EVT-13732,AA:BB:CC:00:67,44.8,79.4
SR-14390,EVT-11434,AA:BB:CC:00:23,43.2,82.8
SR-14391,EVT-10095,AA:BB:CC:00:27,47.7,83.4
SR-14392,EVT-10105,AA:BB:CC:00:94,33.19 ft-lb,76.2
SR-14393,EVT-14316,AA:BB:CC:00:48,33.19 ft-lb,82.7
SR-14394,EVT-12952,AA:BB:CC:00:61,39.7,79.2
SR-14395,EVT-11402,AA:BB:CC:00:16,47.9,88.8
SR-14396,EVT-10395,AA:BB:CC:00:14,44.7,85.9
SR-14397,EVT-10527,AA:BB:CC:00:52,43.5,79.4
SR-14398,EVT-13127,AA:BB:CC:00:86,48.6,85.5
SR-14399,EVT-12610,AA:BB:CC:00:20,41.0,86.4
SR-14400,EVT-14582,AA:BB:CC:00:10,42.5,83.4
SR-14401,EVT-13354,AA:BB:CC:00:58,42.3,86.1
SR-14402,EVT-13528,AA:BB:CC:00:29,45.9,92.0
SR-14403,EVT-12113,AA:BB:CC:00:04,33.19 ft-lb,90.6
SR-14404,EVT-10070,AA:BB:CC:00:95,45.4,86.7
SR-14405,EVT-12951,AA:BB:CC:00:78,47.0,90.4
SR-14406,EVT-13749,AA:BB:CC:00:05,45.3,85.2
SR-14407,EVT-11810,AA:BB:CC:00:38,45.2,88.7
SR-14408,EVT-11975,AA:BB:CC:00:68,40.9,84.1
SR-14409,EVT-13227,AA:BB:CC:00:75,45.6,86.4
SR-14410,EVT-12013,AA:BB:CC:00:89,42.9,89.2
SR-14411,EVT-14058,AA:BB:CC:00:12,45.5,85.4
SR-14412,EVT-14958,AA:BB:CC:00:52,45.9,89.7
SR-14413,EVT-12752,AA:BB:CC:00:95,46.5,86.4
SR-14414,EVT-12225,AA:BB:CC:00:75,50.3,82.7
SR-14415,EVT-12463,AA:BB:CC:00:96,48.3,91.9
SR-14416,EVT-12191,AA:BB:CC:00:75,47.6,90.5
SR-14417,EVT-14545,AA:BB:CC:00:71,43.6,95.1
SR-14418,EVT-12877,AA:BB:CC:00:66,49.6,83.1
SR-14419,EVT-14841,AA:BB:CC:00:65,45.8,85.7
SR-14420,EVT-12369,AA:BB:CC:00:89,49.6,90.7
SR-14421,EVT-13730,AA:BB:CC:00:73,46.5,88.5
SR-14422,EVT-10771,AA:BB:CC:00:46,39.8,87.3
SR-14423,EVT-13025,AA:BB:CC:00:100,46.9,92.7
SR-14424,EVT-12221,AA:BB:CC:00:93,45.7,83.3
SR-14425,EVT-13948,AA:BB:CC:00:10,44.1,84.1
SR-14426,EVT-14909,AA:BB:CC:00:91,46.0,93.3
SR-14427,EVT-11638,AA:BB:CC:00:19,44.9,81.4
SR-14428,EVT-13229,AA:BB:CC:00:83,45.9,84.2
SR-14429,EVT-11576,AA:BB:CC:00:20,44.2,81.2
SR-14430,EVT-14496,AA:BB:CC:00:29,44.9,85.1
SR-14431,EVT-12122,AA:BB:CC:00:67,44.0,83.8
SR-14432,EVT-14069,AA:BB:CC:00:22,44.0,86.5
SR-14433,EVT-13967,AA:BB:CC:00:56,45.2,85.4
SR-14434,EVT-10461,AA:BB:CC:00:86,46.3,82.4
SR-14435,EVT-11573,AA:BB:CC:00:93,42.6,83.6
SR-14436,EVT-11721,AA:BB:CC:00:23,44.4,83.8
SR-14437,EVT-13853,AA:BB:CC:00:40,44.6,185 F
SR-14438,EVT-14620,AA:BB:CC:00:90,47.1,85.4
SR-14439,EVT-10016,AA:BB:CC:00:47,45.5,81.8
SR-14440,EVT-12743,AA:BB:CC:00:63,42.6,84.7
SR-14441,EVT-10067,AA:BB:CC:00:86,45.6,78.6
SR-14442,EVT-14794,AA:BB:CC:00:38,45.9,84.4
SR-14443,EVT-12810,AA:BB:CC:00:09,46.6,82.1
SR-14444,EVT-13760,AA:BB:CC:00:85,43.8,85.9 C
SR-14445,EVT-10976,AA:BB:CC:00:100,45.7,81.2
SR-14446,EVT-13274,AA:BB:CC:00:50,45.3,85.7
SR-14447,EVT-10002,AA:BB:CC:00:61,45.4,77.2
SR-14448,EVT-13278,AA:BB:CC:00:100,45.1,84.8
SR-14449,EVT-10568,AA:BB:CC:00:96,49.3,78.4
SR-14450,EVT-11348,AA:BB:CC:00:96,49.8,79.3
SR-14451,EVT-13847,AA:BB:CC:00:98,47.1,78.6
SR-14452,EVT-13593,AA:BB:CC:00:61,44.6,87.0
SR-14453,EVT-10002,AA:BB:CC:00:23,46.4,91.2
SR-14454,EVT-12665,AA:BB:CC:00:26,44.6,87.6
SR-14455,EVT-13421,AA:BB:CC:00:80,44.8,83.7
SR-14456,EVT-10786,AA:BB:CC:00:03,44.2,82.5
SR-14457,EVT-10916,AA:BB:CC:00:66,41.8,71.7
SR-14458,EVT-11232,AA:BB:CC:00:36,40.1,75.1
SR-14459,EVT-13174,AA:BB:CC:00:73,44.0,88.6
SR-14460,EVT-11778,AA:BB:CC:00:92,43.6,84.9
SR-14461,EVT-10330,AA:BB:CC:00:88,43.5,91.1
SR-14462,EVT-10540,AA:BB:CC:00:45,47.5,83.0
SR-14463,EVT-14358,AA:BB:CC:00:92,43.3,71.8
SR-14464,EVT-12096,AA:BB:CC:00:71,42.5,80.2
SR-14465,EVT-10488,AA:BB:CC:00:90,47.2,84.3
SR-14466,EVT-14493,AA:BB:CC:00:46,44.6,86.5
SR-14467,EVT-13682,AA:BB:CC:00:65,43.7,89.1
SR-14468,EVT-11679,AA:BB:CC:00:35,44.6,82.6
SR-14469,EVT-11876,AA:BB:CC:00:82,46.8,95.7
SR-14470,EVT-10004,AA:BB:CC:00:86,44.8,79.8
SR-14471,EVT-10468,AA:BB:CC:00:77,44.9,85.2
SR-14472,EVT-10840,AA:BB:CC:00:16,44.9,81.2
SR-14473,EVT-13449,AA:BB:CC:00:47,45.5,95.8
SR-14474,EVT-14156,AA:BB:CC:00:93,43.7,88.8
SR-14475,EVT-10932,AA:BB:CC:00:21,41.6,76.5
SR-14476,EVT-12832,AA:BB:CC:00:09,45.4,81.7
SR-14477,EVT-13070,AA:BB:CC:00:93,43.4,91.5
SR-14478,EVT-13642,AA:BB:CC:00:76,45.6,96.5
SR-14479,EVT-11623,AA:BB:CC:00:08,42.5,82.1
SR-14480,EVT-13950,AA:BB:CC:00:74,46.6,80.3
SR-14481,EVT-10799,AA:BB:CC:00:98,43.5,80.0
SR-14482,EVT-13473,AA:BB:CC:00:47,44.4,88.3
SR-14483,EVT-10885,AA:BB:CC:00:84,43.1,90.4
SR-14484,EVT-13311,AA:BB:CC:00:80,47.0,84.6
SR-14485,EVT-13080,AA:BB:CC:00:42,45.8,87.1
SR-14486,EVT-14733,AA:BB:CC:00:11,42.8,88.4
SR-14487,EVT-13044,AA:BB:CC:00:57,49.5,80.7 C
SR-14488,EVT-12630,AA:BB:CC:00:78,43.2,96.6
SR-14489,EVT-13481,AA:BB:CC:00:95,43.2,90.3
SR-14490,EVT-10908,AA:BB:CC:00:40,45.8,87.9
SR-14491,EVT-11697,AA:BB:CC:00:34,47.5,86.3
SR-14492,EVT-10298,AA:BB:CC:00:04,45.2,84.2
SR-14493,EVT-13744,AA:BB:CC:00:50, 45.6 ,87.7
SR-14494,EVT-14420,AA:BB:CC:00:48,45.4,86.2
SR-14495,EVT-11699,AA:BB:CC:00:07,44.0,83.7
SR-14496,EVT-13704,AA:BB:CC:00:42,45.3,86.5
SR-14497,EVT-13273,AA:BB:CC:00:65,47.2,78.7
SR-14498,EVT-11859,AA:BB:CC:00:50,48.2,88.9
SR-14499,EVT-10998,AA:BB:CC:00:46,46.3,90.2
SR-14500,EVT-10357,AA:BB:CC:00:88,47.2,73.0
SR-14501,EVT-11751,AA:BB:CC:00:42,46.3,97.6
SR-14502,EVT-12387,AA:BB:CC:00:92,9000,89.3
SR-14503,EVT-10943,AA:BB:CC:00:24,46.8,81.2
SR-14504,EVT-10040,AA:BB:CC:00:77,42.5,82.0
SR-14505,EVT-10933,AA:BB:CC:00:10,44.6,87.4
SR-14506,EVT-14072,AA:BB:CC:00:26,48.7,93.5
SR-14507,EVT-11226,AA:BB:CC:00:02,44.4,83.2
SR-14508,EVT-11290,AA:BB:CC:00:97,45.2,86.2
SR-14509,EVT-13688,AA:BB:CC:00:92,43.5,82.0
SR-14510,EVT-14160,AA:BB:CC:00:91,42.9,88.9
SR-14511,EVT-11504,AA:BB:CC:00:70,45.5,87.1
SR-14512,EVT-14806,AA:BB:CC:00:61,45.3,86.9
SR-14513,EVT-10838,AA:BB:CC:00:58,47.7,81.0
SR-14514,EVT-10512,AA:BB:CC:00:51,42.0,84.4
SR-14515,EVT-12502,AA:BB:CC:00:81,46.1,94.0
SR-14516,EVT-13075,AA:BB:CC:00:97,45.9,95.1
SR-14517,EVT-14340,AA:BB:CC:00:79,44.0,89.1
SR-14518,EVT-12596,AA:BB:CC:00:46,46.6,87.4
SR-14519,EVT-11421,AA:BB:CC:00:03,42.0,75.3
SR-14520,EVT-11870,AA:BB:CC:00:74,42.3,86.4
SR-14521,EVT-11816,AA:BB:CC:00:93,41.3,81.0
SR-14522,EVT-11873,AA:BB:CC:00:71,44.1,79.5
SR-14523,EVT-14033,AA:BB:CC:00:50,45.6,86.6
SR-14524,EVT-13242,AA:BB:CC:00:36,45.5,88.1
SR-14525,EVT-12073,AA:BB:CC:00:52,43.8,82.3
SR-14526,EVT-13283,AA:BB:CC:00:44,48.4,86.0
SR-14527,EVT-14750,AA:BB:CC:00:86,45.3,90.1
SR-14528,EVT-13973,AA:BB:CC:00:95,41.2,86.6
SR-14529,EVT-12212,AA:BB:CC:00:14,49.0,82.0
SR-14530,EVT-13852,AA:BB:CC:00:66,48.5,81.1
SR-14531,EVT-12703,AA:BB:CC:00:49,46.8,85.2
SR-14532,EVT-10553,AA:BB:CC:00:70,45.7,87.1
SR-14533,EVT-11728,AA:BB:CC:00:83,45.3,80.1
SR-14534,EVT-12692,AA:BB:CC:00:27,42.9,91.3
SR-14535,EVT-14702,AA:BB:CC:00:70,45.2,87.8
SR-14536,EVT-13498,AA:BB:CC:00:02,45.1,79.1
SR-14537,EVT-13522,AA:BB:CC:00:77,45.5,80.7
SR-14538,EVT-12345,AA:BB:CC:00:47,44.0,82.7
SR-14539,EVT-10381,AA:BB:CC:00:60,9000,73.0
SR-14540,EVT-12564,AA:BB:CC:00:10,46.9,83.4
SR-14541,EVT-13554,AA:BB:CC:00:61,44.7,84.6
SR-14542,EVT-10607,AA:BB:CC:00:40,44.3,78.0
SR-14543,EVT-11302,AA:BB:CC:00:05,45.9,84.1
SR-14544,EVT-12277,AA:BB:CC:00:14,47.2,88.7
SR-14545,EVT-13583,AA:BB:CC:00:95,43.5,88.8
SR-14546,EVT-13433,AA:BB:CC:00:89, 46.2 ,80.2
SR-14547,EVT-12439,AA:BB:CC:00:70,46.1,88.9
SR-14548,EVT-11349,AA:BB:CC:00:76,46.0,88.1
SR-14549,EVT-14826,AA:BB:CC:00:67,45.8,82.4
SR-14550,EVT-13177,AA:BB:CC:00:23,46.2,82.9
SR-14551,EVT-12908,AA:BB:CC:00:65,45.0,90.9
SR-14552,EVT-11829,AA:BB:CC:00:79,46.6,79.3
SR-14553,EVT-12987,AA:BB:CC:00:77,45.1,85.7
SR-14554,EVT-14485,AA:BB:CC:00:38,48.2,86.9
SR-14555,EVT-12306,AA:BB:CC:00:14,47.7,85.2
SR-14556,EVT-14063,AA:BB:CC:00:19,47.6,85.8
SR-14557,EVT-11519,AA:BB:CC:00:09,40.9,91.4
SR-14558,EVT-13663,AA:BB:CC:00:92,43.7,79.4
SR-14559,EVT-13837,AA:BB:CC:00:33,48.9,83.4
SR-14560,EVT-12464,AA:BB:CC:00:33,41.9,78.9
SR-14561,EVT-13839,AA:BB:CC:00:45, 49.4 ,90.6
SR-14562,EVT-10577,AA:BB:CC:00:39,45.8,82.1
SR-14563,EVT-12042,AA:BB:CC:00:33,44.9,87.1
SR-14564,EVT-12922,AA:BB:CC:00:04,43.8,87.9
SR-14565,EVT-13481,AA:BB:CC:00:82,45.1,82.7
SR-14566,EVT-10610,AA:BB:CC:00:26,44.9,87.8
SR-14567,EVT-13355,AA:BB:CC:00:25,43.3,84.5
SR-14568,EVT-10170,AA:BB:CC:00:99,42.5,93.0
SR-14569,EVT-12775,AA:BB:CC:00:82,42.4,88.9
SR-14570,EVT-10527,AA:BB:CC:00:33,47.6,81.6
SR-14571,EVT-11112,AA:BB:CC:00:18,46.3,71.6
SR-14572,EVT-14886,AA:BB:CC:00:29,45.8,87.4
SR-14573,EVT-14454,AA:BB:CC:00:08,43.0,89.9
SR-14574,EVT-12338,AA:BB:CC:00:49,45.8,85.8
SR-14575,EVT-11240,AA:BB:CC:00:66,48.4,80.1
SR-14576,EVT-13708,AA:BB:CC:00:68,44.3,80.8
SR-14577,EVT-14468,AA:BB:CC:00:79,44.7,82.6
SR-14578,EVT-10486,AA:BB:CC:00:72,45.9,93.2
SR-14579,EVT-10405,AA:BB:CC:00:94,42.0,66.6
SR-14580,EVT-13657,AA:BB:CC:00:47,48.1,80.0
SR-14581,EVT-13456,AA:BB:CC:00:39,46.7 Nm,82.0
SR-14582,EVT-12041,AA:BB:CC:00:88,46.3,185 F
SR-14583,EVT-13941,AA:BB:CC:00:64,45.2,83.4
SR-14584,EVT-14373,AA:BB:CC:00:12, 42.5 ,75.3
SR-14585,EVT-13359,AA:BB:CC:00:36,46.2,83.5
SR-14586,EVT-10726,AA:BB:CC:00:14,44.6,82.7
SR-14587,EVT-12134,AA:BB:CC:00:96,47.0,85.8
SR-14588,EVT-14089,AA:BB:CC:00:51,44.6,92.2
SR-14589,EVT-12059,AA:BB:CC:00:55,49.6,77.2
SR-14590,EVT-10338,AA:BB:CC:00:78,43.6,90.5
SR-14591,EVT-14550,AA:BB:CC:00:28,43.8,76.6
SR-14592,EVT-12458,AA:BB:CC:00:43,43.4,91.0
SR-14593,EVT-10921,AA:BB:CC:00:20,49.8,80.8
SR-14594,EVT-14241,AA:BB:CC:00:13,43.0,78.3
SR-14595,EVT-14187,AA:BB:CC:00:46,48.0,85.7
SR-14596,EVT-11866,AA:BB:CC:00:45,33.19 ft-lb,88.7
SR-14597,EVT-10685,AA:BB:CC:00:81,44.9,92.2
SR-14598,EVT-11564,AA:BB:CC:00:30,43.3,83.3
SR-14599,EVT-13825,AA:BB:CC:00:48,45.5,85.7
SR-14600,EVT-12702,AA:BB:CC:00:17,48.0,80.3
SR-14601,EVT-13771,AA:BB:CC:00:96,43.4,80.0
SR-14602,EVT-12257,AA:BB:CC:00:44,44.9,78.3
SR-14603,EVT-11838,AA:BB:CC:00:83,45.1,93.8
SR-14604,EVT-11323,AA:BB:CC:00:73,45.8,86.8
SR-14605,EVT-14503,AA:BB:CC:00:43,43.4,79.2
SR-14606,EVT-12681,AA:BB:CC:00:64,44.8,78.9
SR-14607,EVT-13873,AA:BB:CC:00:90,43.2,84.9
SR-14608,EVT-14970,AA:BB:CC:00:01, 46.9 ,85.7
SR-14609,EVT-14954,AA:BB:CC:00:49,45.4,94.3
SR-14610,EVT-10019,AA:BB:CC:00:19,44.2,185 F
SR-14611,EVT-14328,AA:BB:CC:00:12,43.6,86.1
SR-14612,EVT-10792,AA:BB:CC:00:28,44.9,91.7
SR-14613,EVT-14336,AA:BB:CC:00:31,44.6,82.6
SR-14614,EVT-13289,AA:BB:CC:00:60,47.3,83.5
SR-14615,EVT-12474,AA:BB:CC:00:77,44.2,84.4
SR-14616,EVT-11972,AA:BB:CC:00:53,43.2,85.4
SR-14617,EVT-14820,AA:BB:CC:00:53,44.7,82.3
SR-14618,EVT-11713,AA:BB:CC:00:11,41.8,82.1
SR-14619,EVT-14150,AA:BB:CC:00:12,46.7,82.0
SR-14620,EVT-10908,AA:BB:CC:00:87,47.8,89.1
SR-14621,EVT-11200,AA:BB:CC:00:58,48.4,82.3
SR-14622,EVT-13552,AA:BB:CC:00:47,40.7,91.3
SR-14623,EVT-12907,AA:BB:CC:00:93,44.2,85.2
SR-14624,EVT-12314,AA:BB:CC:00:63,46.6,80.7
SR-14625,EVT-13449,AA:BB:CC:00:09,45.5,82.5
SR-14626,EVT-12678,AA:BB:CC:00:14,43.3,83.5
SR-14627,EVT-14301,AA:BB:CC:00:96,45.5,80.9
SR-14628,EVT-12643,AA:BB:CC:00:67,46.1,80.5
SR-14629,EVT-14115,AA:BB:CC:00:07, 44.6 ,95.4
SR-14630,EVT-12119,AA:BB:CC:00:06,43.7,90.6
SR-14631,EVT-13147,AA:BB:CC:00:35,43.1,87.1
SR-14632,EVT-10008,AA:BB:CC:00:91,46.6,82.4
SR-14633,EVT-13360,AA:BB:CC:00:55,47.1,80.5
SR-14634,EVT-10242,AA:BB:CC:00:28, 48.6 ,89.9
SR-14635,EVT-10429,AA:BB:CC:00:23,45.5,94.1
SR-14636,EVT-14709,AA:BB:CC:00:10,44.1,85.6
SR-14637,EVT-12994,AA:BB:CC:00:81,42.6,81.5
SR-14638,EVT-14215,AA:BB:CC:00:54,44.6,80.4
SR-14639,EVT-10247,AA:BB:CC:00:62,45.2,81.4
SR-14640,EVT-14882,AA:BB:CC:00:15,45.4,94.9
SR-14641,EVT-10317,AA:BB:CC:00:14,44.2,85.3
SR-14642,EVT-10716,AA:BB:CC:00:11,48.4,81.3
SR-14643,EVT-14416,AA:BB:CC:00:55,47.7,83.1
SR-14644,EVT-13338,AA:BB:CC:00:93,47.7,89.4
SR-14645,EVT-10282,AA:BB:CC:00:18,44.4,83.5
SR-14646,EVT-14580,AA:BB:CC:00:26,45.5,84.4
SR-14647,EVT-14665,AA:BB:CC:00:47,44.0,74.5
SR-14648,EVT-11216,AA:BB:CC:00:89,44.6,89.7
SR-14649,EVT-12574,AA:BB:CC:00:40,47.5 Nm,93.0
SR-14650,EVT-13921,AA:BB:CC:00:43,43.3,83.9
SR-14651,EVT-13416,AA:BB:CC:00:65,45.0,87.4
SR-14652,EVT-13328,AA:BB:CC:00:03,44.7,80.4
SR-14653,EVT-13775,AA:BB:CC:00:19,44.2,81.4
SR-14654,EVT-11825,AA:BB:CC:00:11,46.6,84.2
SR-14655,EVT-13647,AA:BB:CC:00:92,44.8,75.5
SR-14656,EVT-14939,AA:BB:CC:00:82,45.1,88.2
SR-14657,EVT-14092,AA:BB:CC:00:53,47.1,77.6
SR-14658,EVT-11089,AA:BB:CC:00:14,45.3,97.3
SR-14659,EVT-10287,AA:BB:CC:00:77,48.5,80.6
SR-14660,EVT-11074,AA:BB:CC:00:83,42.4,77.7
SR-14661,EVT-12131,AA:BB:CC:00:44,47.7,85.6
SR-14662,EVT-12230,AA:BB:CC:00:51,46.6,85.5
SR-14663,EVT-11797,AA:BB:CC:00:32,46.5,89.8
SR-14664,EVT-14598,AA:BB:CC:00:43,43.4,77.5
SR-14665,EVT-12566,AA:BB:CC:00:33,46.1,86.9
SR-14666,EVT-14033,AA:BB:CC:00:06,42.1,87.3
SR-14667,EVT-12384,AA:BB:CC:00:30,46.0,80.7
SR-14668,EVT-13225,AA:BB:CC:00:74,43.6,83.0
SR-14669,EVT-14213,AA:BB:CC:00:30,46.9,81.8
SR-14670,EVT-14446,AA:BB:CC:00:73,42.4,85.9
SR-14671,EVT-14726,AA:BB:CC:00:06,44.1,84.2
SR-14672,EVT-13425,AA:BB:CC:00:70,43.8,91.6
SR-14673,EVT-10209,AA:BB:CC:00:84,45.4,80.9
SR-14674,EVT-14219,AA:BB:CC:00:81,44.5,87.8
SR-14675,EVT-10589,AA:BB:CC:00:02,45.8,82.7
SR-14676,EVT-10132,AA:BB:CC:00:02,43.3,82.4
SR-14677,EVT-14310,AA:BB:CC:00:10,48.1,81.3
SR-14678,EVT-13839,AA:BB:CC:00:61,46.3,89.5
SR-14679,EVT-10339,AA:BB:CC:00:01,43.0,90.9
SR-14680,EVT-13306,AA:BB:CC:00:34,47.8,87.8
SR-14681,EVT-12684,AA:BB:CC:00:36,45.0,83.9
SR-14682,EVT-11636,AA:BB:CC:00:40,46.3,85.1
SR-14683,EVT-11801,AA:BB:CC:00:20,44.8,85.9
SR-14684,EVT-13318,AA:BB:CC:00:96,45.6,88.2
SR-14685,EVT-14273,AA:BB:CC:00:56,50.0,75.4
SR-14686,EVT-14932,AA:BB:CC:00:17,46.6,80.4
SR-14687,EVT-11465,AA:BB:CC:00:60,48.8,84.6
SR-14688,EVT-12627,AA:BB:CC:00:39,46.5,92.8
SR-14689,EVT-14887,AA:BB:CC:00:86,44.4,80.7
SR-14690,EVT-13695,AA:BB:CC:00:05,44.7,82.7
SR-14691,EVT-10474,AA:BB:CC:00:65,45.5,89.0
SR-14692,EVT-12359,AA:BB:CC:00:95,42.3,84.7
SR-14693,EVT-13449,AA:BB:CC:00:18,33.19 ft-lb,81.1
SR-14694,EVT-12275,AA:BB:CC:00:69,47.3,85.3
SR-14695,EVT-11827,AA:BB:CC:00:62,47.3,89.4
SR-14696,EVT-12000,AA:BB:CC:00:89,43.2,89.7
SR-14697,EVT-10779,AA:BB:CC:00:71,47.4,85.5
SR-14698,EVT-12443,AA:BB:CC:00:14,44.2,82.9
SR-14699,EVT-12119,AA:BB:CC:00:07,39.7,81.8
SR-14700,EVT-13529,AA:BB:CC:00:94,43.7,81.8
SR-14701,EVT-11085,AA:BB:CC:00:17,46.7,83.8
SR-14702,EVT-11471,AA:BB:CC:00:13,43.7,88.3
SR-14703,EVT-11010,AA:BB:CC:00:24,45.5,89.9
SR-14704,EVT-12563,AA:BB:CC:00:100,44.1,83.7
SR-14705,EVT-14953,AA:BB:CC:00:63,44.4,78.4
SR-14706,EVT-12511,AA:BB:CC:00:12,46.7,93.0
SR-14707,EVT-14844,AA:BB:CC:00:18,49.3,79.3
SR-14708,EVT-12920,AA:BB:CC:00:23,44.1 Nm,79.9
SR-14709,EVT-12969,AA:BB:CC:00:22,43.4,81.7
SR-14710,EVT-10107,AA:BB:CC:00:25,45.9,94.8
SR-14711,EVT-11381,AA:BB:CC:00:44,45.2,79.3
SR-14712,EVT-13421,AA:BB:CC:00:25,46.5,91.2
SR-14713,EVT-12789,AA:BB:CC:00:100,48.4,89.4
SR-14714,EVT-13043,AA:BB:CC:00:21,47.4,85.0
SR-14715,EVT-11690,AA:BB:CC:00:29,44.2,82.4 C
SR-14716,EVT-14839,AA:BB:CC:00:60,45.9,86.1
SR-14717,EVT-12528,AA:BB:CC:00:08,45.1,83.0
SR-14718,EVT-13488,AA:BB:CC:00:05,45.2,87.7
SR-14719,EVT-13922,AA:BB:CC:00:66,46.3,75.4
SR-14720,EVT-12640,AA:BB:CC:00:52,43.8,85.6
SR-14721,EVT-12080,AA:BB:CC:00:23,50.5,88.0
SR-14722,EVT-11575,AA:BB:CC:00:02,45.3,84.4
SR-14723,EVT-11273,AA:BB:CC:00:86,45.2,82.9
SR-14724,EVT-10558,AA:BB:CC:00:85,45.5,81.9
SR-14725,EVT-13966,AA:BB:CC:00:49,47.6,91.1
SR-14726,EVT-12732,AA:BB:CC:00:81,43.3,78.8
SR-14727,EVT-12330,AA:BB:CC:00:40,45.1,86.2
SR-14728,EVT-12182,AA:BB:CC:00:61,42.1,92.8
SR-14729,EVT-10525,AA:BB:CC:00:31,43.9,81.0
SR-14730,EVT-14995,AA:BB:CC:00:89,46.1,97.0
SR-14731,EVT-11649,AA:BB:CC:00:07,43.9,88.4
SR-14732,EVT-13793,AA:BB:CC:00:25,45.1 Nm,76.6
SR-14733,EVT-13440,AA:BB:CC:00:82,44.1,81.8
SR-14734,EVT-11871,AA:BB:CC:00:96,47.0,75.6
SR-14735,EVT-14517,AA:BB:CC:00:58,42.7,81.6
SR-14736,EVT-11939,AA:BB:CC:00:61,43.3,76.7
SR-14737,EVT-13071,AA:BB:CC:00:72,43.4,92.3
SR-14738,EVT-10146,AA:BB:CC:00:14,46.1,74.7
SR-14739,EVT-13712,AA:BB:CC:00:06,44.2,87.5
SR-14740,EVT-12493,AA:BB:CC:00:23,45.3,80.8
SR-14741,EVT-13695,AA:BB:CC:00:79,47.6,87.6
SR-14742,EVT-13355,AA:BB:CC:00:86,44.4,87.4
SR-14743,EVT-11875,AA:BB:CC:00:36,48.1,84.4
SR-14744,EVT-11871,AA:BB:CC:00:67,40.7,85.1
SR-14745,EVT-13790,AA:BB:CC:00:45,42.5,78.8
SR-14746,EVT-10527,AA:BB:CC:00:44,44.4,90.1
SR-14747,EVT-10126,AA:BB:CC:00:09,42.1,84.2
SR-14748,EVT-13992,AA:BB:CC:00:69,46.5,87.6
SR-14749,EVT-13620,AA:BB:CC:00:12,46.0,95.8
SR-14750,EVT-12204,AA:BB:CC:00:93,46.1,82.4
SR-14751,EVT-10164,AA:BB:CC:00:65,42.3,89.8
SR-14752,EVT-12366,AA:BB:CC:00:97,44.6,83.8
SR-14753,EVT-12554,AA:BB:CC:00:56,44.9,74.0
SR-14754,EVT-13697,AA:BB:CC:00:21,43.7,80.3
SR-14755,EVT-12752,AA:BB:CC:00:62,44.2,82.2
SR-14756,EVT-10685,AA:BB:CC:00:21,43.9,94.9
SR-14757,EVT-12769,AA:BB:CC:00:91,44.2,83.5
SR-14758,EVT-12772,AA:BB:CC:00:02,48.0,75.0
SR-14759,EVT-11085,AA:BB:CC:00:08,42.3,81.1
SR-14760,EVT-11970,AA:BB:CC:00:12,42.2,90.7
SR-14761,EVT-13628,AA:BB:CC:00:22,49.7,80.5
SR-14762,EVT-11224,AA:BB:CC:00:49,49.0,81.3
SR-14763,EVT-13784,AA:BB:CC:00:09,47.4,83.3
SR-14764,EVT-11639,AA:BB:CC:00:44,42.8,84.6
SR-14765,EVT-11836,AA:BB:CC:00:38,43.1,86.0
SR-14766,EVT-13558,AA:BB:CC:00:93,43.4,86.5
SR-14767,EVT-10697,AA:BB:CC:00:03,45.1,79.6
SR-14768,EVT-13166,AA:BB:CC:00:86,45.9,90.3
SR-14769,EVT-13777,AA:BB:CC:00:68,42.4,84.3
SR-14770,EVT-11266,AA:BB:CC:00:93,44.3,80.2
SR-14771,EVT-14340,AA:BB:CC:00:77,44.3,85.7
SR-14772,EVT-10224,AA:BB:CC:00:88,44.4,91.0
SR-14773,EVT-13766,AA:BB:CC:00:02,45.1,87.2
SR-14774,EVT-12160,AA:BB:CC:00:03,45.3,86.1
SR-14775,EVT-12738,AA:BB:CC:00:15,49.3,82.6
SR-14776,EVT-10199,AA:BB:CC:00:88,43.4,86.0
SR-14777,EVT-11838,AA:BB:CC:00:50,45.6,78.2
SR-14778,EVT-11319,AA:BB:CC:00:26,43.7,80.4
SR-14779,EVT-12690,AA:BB:CC:00:08,49.2,83.8
SR-14780,EVT-11117,AA:BB:CC:00:53,44.5,80.6
SR-14781,EVT-12250,AA:BB:CC:00:05,43.3,82.7
SR-14782,EVT-11839,AA:BB:CC:00:72,43.3,78.9
SR-14783,EVT-10121,AA:BB:CC:00:46,44.5,84.4
SR-14784,EVT-12668,AA:BB:CC:00:39,46.9 Nm,84.9
SR-14785,EVT-13319,AA:BB:CC:00:32,44.0,80.3
SR-14786,EVT-14499,AA:BB:CC:00:95,45.7,92.3
SR-14787,EVT-11842,AA:BB:CC:00:60,46.0,83.2
SR-14788,EVT-11489,AA:BB:CC:00:72,45.9,86.3
SR-14789,EVT-13297,AA:BB:CC:00:17,42.5,79.9
SR-14790,EVT-11735,AA:BB:CC:00:23,45.9,80.4
SR-14791,EVT-12217,AA:BB:CC:00:77,44.8,84.9
SR-14792,EVT-14729,AA:BB:CC:00:57,47.7,83.6
SR-14793,EVT-14047,AA:BB:CC:00:44,45.4,185 F
SR-14794,EVT-13298,AA:BB:CC:00:79,45.1,86.7
SR-14795,EVT-10123,AA:BB:CC:00:45,46.8,81.7
SR-14796,EVT-14315,AA:BB:CC:00:92,44.1,89.6
SR-14797,EVT-14798,AA:BB:CC:00:48,50.1,82.5
SR-14798,EVT-14924,AA:BB:CC:00:94,43.4,82.1
SR-14799,EVT-13561,AA:BB:CC:00:15,44.5,81.3
SR-14800,EVT-14941,AA:BB:CC:00:38,42.8,83.5
SR-14801,EVT-12948,AA:BB:CC:00:08,41.5,185 F
SR-14802,EVT-10130,AA:BB:CC:00:46,44.3,81.2
SR-14803,EVT-13094,AA:BB:CC:00:79,44.5,89.4
SR-14804,EVT-14901,AA:BB:CC:00:39,43.6,86.4
SR-14805,EVT-13511,AA:BB:CC:00:51,41.9,83.3
SR-14806,EVT-12309,AA:BB:CC:00:34,47.7,89.3
SR-14807,EVT-13397,AA:BB:CC:00:36,43.6,83.2
SR-14808,EVT-11703,AA:BB:CC:00:20,43.8,84.6
SR-14809,EVT-11058,AA:BB:CC:00:13,45.8,78.3
SR-14810,EVT-14492,AA:BB:CC:00:44,44.8,89.5
SR-14811,EVT-14045,AA:BB:CC:00:45,43.4,88.1
SR-14812,EVT-13394,AA:BB:CC:00:47,45.5,82.0
SR-14813,EVT-12627,AA:BB:CC:00:21,45.5,86.1
SR-14814,EVT-10866,AA:BB:CC:00:23,42.9,81.5
SR-14815,EVT-11966,AA:BB:CC:00:46,46.4,79.2
SR-14816,EVT-10682,AA:BB:CC:00:03,44.0,81.3
SR-14817,EVT-12561,AA:BB:CC:00:86,47.9,81.5
SR-14818,EVT-11068,AA:BB:CC:00:93,47.5,76.8
SR-14819,EVT-11085,AA:BB:CC:00:40,46.4,76.0
SR-14820,EVT-10933,AA:BB:CC:00:94,45.8,78.0
SR-14821,EVT-13630,AA:BB:CC:00:64,43.7,82.7
SR-14822,EVT-12747,AA:BB:CC:00:88,42.1,80.0
SR-14823,EVT-11774,AA:BB:CC:00:89,41.9,87.5
SR-14824,EVT-11099,AA:BB:CC:00:76,42.5,89.2
SR-14825,EVT-10996,AA:BB:CC:00:50,47.2,80.4
SR-14826,EVT-14907,AA:BB:CC:00:20,46.3,80.0
SR-14827,EVT-13816,AA:BB:CC:00:97,45.0,91.6
SR-14828,EVT-11312,AA:BB:CC:00:39,45.1,89.7
SR-14829,EVT-11249,AA:BB:CC:00:22,45.3,79.2
SR-14830,EVT-13295,AA:BB:CC:00:46,44.7,86.5
SR-14831,EVT-11882,AA:BB:CC:00:83,46.7,89.8
SR-14832,EVT-14455,AA:BB:CC:00:32,46.5,82.9
SR-14833,EVT-13051,AA:BB:CC:00:26,46.0,85.1
SR-14834,EVT-11577,AA:BB:CC:00:44,9000,78.5
SR-14835,EVT-13826,AA:BB:CC:00:71,43.9,83.6
SR-14836,EVT-11067,AA:BB:CC:00:08,45.2,89.6
SR-14837,EVT-14035,AA:BB:CC:00:61,43.1,78.8
SR-14838,EVT-12488,AA:BB:CC:00:11,43.6,88.0
SR-14839,EVT-14131,AA:BB:CC:00:59,43.2,81.0
SR-14840,EVT-14730,AA:BB:CC:00:16,43.7,89.0
SR-14841,EVT-11719,AA:BB:CC:00:73,42.3,87.3
SR-14842,EVT-14467,AA:BB:CC:00:68,44.0,84.7
SR-14843,EVT-12562,AA:BB:CC:00:75,44.6,77.1
SR-14844,EVT-12417,AA:BB:CC:00:10,44.9,85.2
SR-14845,EVT-13511,AA:BB:CC:00:59, 43.3 ,87.8
SR-14846,EVT-14032,AA:BB:CC:00:53,9000,87.5
SR-14847,EVT-13878,AA:BB:CC:00:93,46.5,76.8
SR-14848,EVT-12970,AA:BB:CC:00:41,44.1,90.9
SR-14849,EVT-10619,AA:BB:CC:00:05,46.2,93.4
SR-14850,EVT-12114,AA:BB:CC:00:03,45.8,80.7
SR-14851,EVT-12653,AA:BB:CC:00:77,45.8,89.2
SR-14852,EVT-11344,AA:BB:CC:00:80,46.2,78.4
SR-14853,EVT-14041,AA:BB:CC:00:72,44.8,79.8
SR-14854,EVT-13586,AA:BB:CC:00:28,44.7,82.9
SR-14855,EVT-11406,AA:BB:CC:00:24,41.5,78.5
SR-14856,EVT-12789,AA:BB:CC:00:38,46.5,95.6
SR-14857,EVT-14132,AA:BB:CC:00:66,46.1,89.7
SR-14858,EVT-11011,AA:BB:CC:00:62,47.3,90.1
SR-14859,EVT-13937,AA:BB:CC:00:06,42.4,85.8
SR-14860,EVT-12035,AA:BB:CC:00:19,47.7,86.9
SR-14861,EVT-11418,AA:BB:CC:00:18,48.0,81.3
SR-14862,EVT-10850,AA:BB:CC:00:62,46.3,87.1
SR-14863,EVT-11754,AA:BB:CC:00:38,45.7,87.3
SR-14864,EVT-10064,AA:BB:CC:00:88,45.1,81.9
SR-14865,EVT-10338,AA:BB:CC:00:39,43.4,80.1
SR-14866,EVT-13401,AA:BB:CC:00:20,45.3,88.7
SR-14867,EVT-14075,AA:BB:CC:00:88,45.8,82.1
SR-14868,EVT-11183,AA:BB:CC:00:56,9000,82.2
SR-14869,EVT-14022,AA:BB:CC:00:55,48.0,83.7
SR-14870,EVT-14591,AA:BB:CC:00:02,45.2,94.6
SR-14871,EVT-13684,AA:BB:CC:00:100,45.6,85.3
SR-14872,EVT-12625,AA:BB:CC:00:16,45.2,81.6
SR-14873,EVT-12468,AA:BB:CC:00:99,48.6,85.7
SR-14874,EVT-13853,AA:BB:CC:00:07,44.4,82.8
SR-14875,EVT-13511,AA:BB:CC:00:60,41.5,90.4
SR-14876,EVT-11852,AA:BB:CC:00:30,44.4,89.2
SR-14877,EVT-14477,AA:BB:CC:00:35,46.7,94.4
SR-14878,EVT-12941,AA:BB:CC:00:39,41.6,85.5
SR-14879,EVT-14405,AA:BB:CC:00:43,45.0,89.3
SR-14880,EVT-14364,AA:BB:CC:00:16,42.3,87.5
SR-14881,EVT-11048,AA:BB:CC:00:16,45.7,84.1
SR-14882,EVT-11367,AA:BB:CC:00:24,48.8,85.4
SR-14883,EVT-12031,AA:BB:CC:00:14,42.2,81.8
SR-14884,EVT-13171,AA:BB:CC:00:16,45.6,79.0
SR-14885,EVT-12454,AA:BB:CC:00:32,33.19 ft-lb,87.9
SR-14886,EVT-12607,AA:BB:CC:00:52,48.4,81.3
SR-14887,EVT-11699,AA:BB:CC:00:71,48.8,86.0
SR-14888,EVT-14485,AA:BB:CC:00:89,45.6,76.1
SR-14889,EVT-10719,AA:BB:CC:00:87,47.1,90.4
SR-14890,EVT-13145,AA:BB:CC:00:02,47.2 Nm,79.1
SR-14891,EVT-10090,AA:BB:CC:00:73,45.5,90.7
SR-14892,EVT-10193,AA:BB:CC:00:32,42.9,86.9
SR-14893,EVT-13567,AA:BB:CC:00:43,46.7,85.4
SR-14894,EVT-14295,AA:BB:CC:00:86,48.1,83.0
SR-14895,EVT-11868,AA:BB:CC:00:18,42.3,87.0
SR-14896,EVT-12631,AA:BB:CC:00:42,46.0,78.8
SR-14897,EVT-11818,AA:BB:CC:00:63,44.3,88.1
SR-14898,EVT-10045,AA:BB:CC:00:87,45.7,84.1
SR-14899,EVT-14926,AA:BB:CC:00:09,44.1,85.1
SR-14900,EVT-11961,AA:BB:CC:00:91,45.9,78.0
SR-14901,EVT-11236,AA:BB:CC:00:98,46.7,76.2
SR-14902,EVT-12465,AA:BB:CC:00:09,43.9,83.7
SR-14903,EVT-14253,AA:BB:CC:00:85,44.4,82.3
SR-14904,EVT-13755,AA:BB:CC:00:17,44.3,84.3
SR-14905,EVT-11280,AA:BB:CC:00:05,47.6,81.2
SR-14906,EVT-11756,AA:BB:CC:00:14,48.1,86.5
SR-14907,EVT-12281,AA:BB:CC:00:82,33.19 ft-lb,83.1
SR-14908,EVT-10014,AA:BB:CC:00:24,45.5,72.1
SR-14909,EVT-10926,AA:BB:CC:00:73,44.9 Nm,82.6
SR-14910,EVT-10696,AA:BB:CC:00:31,43.9,84.8
SR-14911,EVT-11232,AA:BB:CC:00:85,46.4,86.0
SR-14912,EVT-12043,AA:BB:CC:00:99,45.0,84.7
SR-14913,EVT-14130,AA:BB:CC:00:63,48.1,75.4
SR-14914,EVT-11262,AA:BB:CC:00:26, 45.8 ,90.1
SR-14915,EVT-10180,AA:BB:CC:00:17,43.4,79.6
SR-14916,EVT-14126,AA:BB:CC:00:04,44.8,90.9
SR-14917,EVT-11931,AA:BB:CC:00:07,43.7,83.3
SR-14918,EVT-10180,AA:BB:CC:00:03,48.2,92.5
SR-14919,EVT-11719,AA:BB:CC:00:41,45.7,88.5
SR-14920,EVT-11469,AA:BB:CC:00:95,46.9,88.6
SR-14921,EVT-13129,AA:BB:CC:00:21,42.4,79.3
SR-14922,EVT-10652,AA:BB:CC:00:60,44.7,77.7
SR-14923,EVT-11340,AA:BB:CC:00:78,43.9,97.5
SR-14924,EVT-13250,AA:BB:CC:00:44,42.9,82.9
SR-14925,EVT-12028,AA:BB:CC:00:91,44.9,85.5
SR-14926,EVT-12991,AA:BB:CC:00:38,44.7,86.3
SR-14927,EVT-12119,AA:BB:CC:00:23,43.3,90.6
SR-14928,EVT-13959,AA:BB:CC:00:74,45.3,79.3
SR-14929,EVT-11842,AA:BB:CC:00:61,46.4 Nm,85.4
SR-14930,EVT-13239,AA:BB:CC:00:21,47.1,78.4 C
SR-14931,EVT-10668,AA:BB:CC:00:03,43.9,79.4
SR-14932,EVT-12376,AA:BB:CC:00:48,45.3,85.1
SR-14933,EVT-12704,AA:BB:CC:00:11,42.9,94.1
SR-14934,EVT-10095,AA:BB:CC:00:13,33.19 ft-lb,85.6
SR-14935,EVT-13283,AA:BB:CC:00:09,44.5,72.3
SR-14936,EVT-10755,AA:BB:CC:00:79,43.7,84.2
SR-14937,EVT-12715,AA:BB:CC:00:51,41.3,84.4
SR-14938,EVT-11513,AA:BB:CC:00:66,46.4,95.6
SR-14939,EVT-12132,AA:BB:CC:00:88,44.6,81.7
SR-14940,EVT-12699,AA:BB:CC:00:77,45.7,75.2
SR-14941,EVT-14695,AA:BB:CC:00:88,46.1,90.8
SR-14942,EVT-12546,AA:BB:CC:00:23,49.2,77.3
SR-14943,EVT-10998,AA:BB:CC:00:34,45.7,78.4
SR-14944,EVT-13314,AA:BB:CC:00:67,44.8,86.2
SR-14945,EVT-14602,AA:BB:CC:00:78,44.3,86.5
SR-14946,EVT-11632,AA:BB:CC:00:26,45.8,84.5
SR-14947,EVT-12063,AA:BB:CC:00:61,42.4,82.1
SR-14948,EVT-12202,AA:BB:CC:00:65,42.2,92.7
SR-14949,EVT-10859,AA:BB:CC:00:93,45.7,86.0
SR-14950,EVT-12211,AA:BB:CC:00:12,44.7,89.5
SR-14951,EVT-10289,AA:BB:CC:00:05,45.1,85.4
SR-14952,EVT-12880,AA:BB:CC:00:60,43.0,91.0
SR-14953,EVT-10515,AA:BB:CC:00:51,48.0,86.2 C
SR-14954,EVT-13189,AA:BB:CC:00:52,41.2,82.3
SR-14955,EVT-11049,AA:BB:CC:00:55,45.6,79.2
SR-14956,EVT-10147,AA:BB:CC:00:71,43.4,84.1
SR-14957,EVT-12934,AA:BB:CC:00:99,43.1,84.8
SR-14958,EVT-10434,AA:BB:CC:00:71,50.4,92.1
SR-14959,EVT-14812,AA:BB:CC:00:47,44.0,81.9
SR-14960,EVT-11122,AA:BB:CC:00:89,45.1,79.8
SR-14961,EVT-12697,AA:BB:CC:00:96,46.6,86.9
SR-14962,EVT-10775,AA:BB:CC:00:28,47.1,79.4
SR-14963,EVT-13140,AA:BB:CC:00:43,47.8,78.0
SR-14964,EVT-10285,AA:BB:CC:00:90,43.8,89.6
SR-14965,EVT-13678,AA:BB:CC:00:57,48.0,82.1
SR-14966,EVT-10060,AA:BB:CC:00:74,43.6,83.4
SR-14967,EVT-13443,AA:BB:CC:00:97,45.1 Nm,78.8
SR-14968,EVT-11616,AA:BB:CC:00:73,45.0,87.0
SR-14969,EVT-12292,AA:BB:CC:00:35,45.5,89.6
SR-14970,EVT-11249,AA:BB:CC:00:70,43.2,91.3
SR-14971,EVT-14714,AA:BB:CC:00:18,45.3,79.1
SR-14972,EVT-14046,AA:BB:CC:00:68,46.1,88.4
SR-14973,EVT-13260,AA:BB:CC:00:83,43.9,85.3
SR-14974,EVT-14554,AA:BB:CC:00:70,43.8,83.8
SR-14975,EVT-14878,AA:BB:CC:00:97,44.8,82.3
SR-14976,EVT-10291,AA:BB:CC:00:68, 44.5 ,80.3
SR-14977,EVT-13193,AA:BB:CC:00:97,47.6,81.2
SR-14978,EVT-13748,AA:BB:CC:00:49,45.7,81.6
SR-14979,EVT-10573,AA:BB:CC:00:04,46.6,81.7
SR-14980,EVT-10831,AA:BB:CC:00:85,45.3,86.5
SR-14981,EVT-14006,AA:BB:CC:00:28,46.0,78.3
SR-14982,EVT-14313,AA:BB:CC:00:64,48.7,72.9
SR-14983,EVT-10353,AA:BB:CC:00:07,46.2,84.4
SR-14984,EVT-12762,AA:BB:CC:00:72,43.7,82.6
SR-14985,EVT-10779,AA:BB:CC:00:99,42.9,88.3
SR-14986,EVT-14095,AA:BB:CC:00:12,42.7,77.0
SR-14987,EVT-14423,AA:BB:CC:00:83,42.9,95.6
SR-14988,EVT-10808,AA:BB:CC:00:42,44.8,80.4
SR-14989,EVT-14164,AA:BB:CC:00:38,46.9,78.7
SR-14990,EVT-13180,AA:BB:CC:00:18,44.1,85.2
SR-14991,EVT-14650,AA:BB:CC:00:28,47.2,76.6
SR-14992,EVT-12468,AA:BB:CC:00:64,41.9,79.7 C
SR-14993,EVT-13512,AA:BB:CC:00:38,44.8,86.2
SR-14994,EVT-13352,AA:BB:CC:00:96,45.2,86.3
SR-14995,EVT-12563,AA:BB:CC:00:59,45.2,86.2
SR-14996,EVT-13620,AA:BB:CC:00:94,46.3,83.8
SR-14997,EVT-14573,AA:BB:CC:00:32,46.3,77.9
SR-14998,EVT-10451,AA:BB:CC:00:86,45.9,88.1
SR-14999,EVT-12831,AA:BB:CC:00:50,43.6,84.1
SR-15000,EVT-12552,AA:BB:CC:00:69,46.5 Nm,88.1
