Supplier_Code,Supplier_Name,Part_Number,VIN,Claim_ID,Failure_Code,Warranty_Cost,Claim_Status
SUP-029,Auto Supplier 29,ENG-1352,MA1A**********000,,,,
SUP-157,Auto Supplier 157,ENG-1363,MA1A**********000,,,,
SUP-079,Auto Supplier 79,ENG-1104,MA1A**********000,,,,
SUP-059,Auto Supplier 59,ENG-1204,MA1A**********000,,,,
SUP-007,Auto Supplier 7,ENG-1401,MA1A**********001,,,,
SUP-103,Auto Supplier 103,ENG-1012,MA1A**********001,,,,
SUP-081,Auto Supplier 81,ENG-1032,MA1A**********001,,,,
SUP-011,Auto Supplier 11,ENG-1151,MA1A**********001,,,,
SUP-140,Auto Supplier 140,ENG-1379,MA1A**********001,,,,
SUP-060,Auto Supplier 60,ENG-1111,MA1A**********002,,,,
SUP-165,Auto Supplier 165,ENG-1311,MA1A**********002,,,,
SUP-019,Auto Supplier 19,ENG-1291,MA1A**********002,,,,
SUP-005,Auto Supplier 5,ENG-1136,MA1A**********002,,,,
SUP-139,Auto Supplier 139,ENG-1023,MA1A**********002,,,,
SUP-138,Auto Supplier 138,ENG-1042,MA1A**********003,,,,
SUP-058,Auto Supplier 58,ENG-1178,MA1A**********003,,,,
SUP-073,Auto Supplier 73,ENG-1429,MA1A**********003,,,,
SUP-069,Auto Supplier 69,ENG-1368,MA1A**********003,,,,
SUP-180,Auto Supplier 180,ENG-1332,MA1A**********003,,,,
SUP-082,Auto Supplier 82,ENG-1251,MA1A**********004,,,,
SUP-118,Auto Supplier 118,ENG-1399,MA1A**********004,,,,
SUP-002,Auto Supplier 2,ENG-1445,MA1A**********004,,,,
SUP-146,Auto Supplier 146,ENG-1008,MA1A**********004,,,,
SUP-138,Auto Supplier 138,ENG-1212,MA1A**********004,,,,
SUP-196,Auto Supplier 196,ENG-1110,MA1A**********005,,,,
SUP-066,Auto Supplier 66,ENG-1460,MA1A**********005,,,,
SUP-110,Auto Supplier 110,ENG-1437,MA1A**********005,,,,
SUP-116,Auto Supplier 116,ENG-1164,MA1A**********005,,,,
SUP-195,Auto Supplier 195,ENG-1038,MA1A**********005,,,,
SUP-089,Auto Supplier 89,ENG-1433,MA1A**********006,,,,
SUP-079,Auto Supplier 79,ENG-1179,MA1A**********006,,,,
SUP-073,Auto Supplier 73,ENG-1354,MA1A**********006,,,,
SUP-192,Auto Supplier 192,ENG-1252,MA1A**********006,,,,
SUP-001,Auto Supplier 1,ENG-1411,MA1A**********006,,,,
SUP-004,Auto Supplier 4,ENG-1341,MA1A**********007,,,,
SUP-037,Auto Supplier 37,ENG-1482,MA1A**********007,,,,
SUP-086,Auto Supplier 86,ENG-1058,MA1A**********007,,,,
SUP-142,Auto Supplier 142,ENG-1040,MA1A**********007,,,,
SUP-114,Auto Supplier 114,ENG-1212,MA1A**********007,,,,
SUP-180,Auto Supplier 180,ENG-1381,MA1A**********008,,,,
SUP-151,Auto Supplier 151,ENG-1427,MA1A**********008,,,,
SUP-012,Auto Supplier 12,ENG-1035,MA1A**********008,,,,
SUP-073,Auto Supplier 73,ENG-1206,MA1A**********008,,,,
SUP-023,Auto Supplier 23,ENG-1338,MA1A**********008,,,,
SUP-098,Auto Supplier 98,ENG-1051,MA1A**********009,,,,
SUP-086,Auto Supplier 86,ENG-1268,MA1A**********009,,,,
SUP-111,Auto Supplier 111,ENG-1366,MA1A**********009,,,,
SUP-008,Auto Supplier 8,ENG-1004,MA1A**********009,,,,
SUP-078,Auto Supplier 78,ENG-1337,MA1A**********009,,,,
SUP-172,Auto Supplier 172,ENG-1107,MA1A**********010,,,,
SUP-034,Auto Supplier 34,ENG-1460,MA1A**********010,,,,
SUP-070,Auto Supplier 70,ENG-1327,MA1A**********010,,,,
SUP-134,Auto Supplier 134,ENG-1488,MA1A**********010,,,,
SUP-184,Auto Supplier 184,ENG-1292,MA1A**********010,,,,
SUP-098,Auto Supplier 98,ENG-1095,MA1A**********011,,,,
SUP-124,Auto Supplier 124,ENG-1457,MA1A**********011,,,,
SUP-063,Auto Supplier 63,ENG-1373,MA1A**********011,,,,
SUP-009,Auto Supplier 9,ENG-1377,MA1A**********011,,,,
SUP-143,Auto Supplier 143,ENG-1233,MA1A**********011,,,,
SUP-163,Auto Supplier 163,ENG-1073,MA1A**********012,,,,
SUP-078,Auto Supplier 78,ENG-1299,MA1A**********012,,,,
SUP-023,Auto Supplier 23,ENG-1251,MA1A**********012,,,,
SUP-197,Auto Supplier 197,ENG-1166,MA1A**********012,,,,
SUP-173,Auto Supplier 173,ENG-1199,MA1A**********012,,,,
SUP-124,Auto Supplier 124,ENG-1292,MA1A**********013,,,,
SUP-055,Auto Supplier 55,ENG-1033,MA1A**********013,,,,
SUP-040,Auto Supplier 40,ENG-1001,MA1A**********013,,,,
SUP-024,Auto Supplier 24,ENG-1291,MA1A**********013,,,,
SUP-108,Auto Supplier 108,ENG-1278,MA1A**********013,,,,
SUP-155,Auto Supplier 155,ENG-1059,MA1A**********014,,,,
SUP-165,Auto Supplier 165,ENG-1452,MA1A**********014,,,,
SUP-126,Auto Supplier 126,ENG-1091,MA1A**********014,,,,
SUP-117,Auto Supplier 117,ENG-1109,MA1A**********014,,,,
SUP-073,Auto Supplier 73,ENG-1198,MA1A**********014,,,,
SUP-154,Auto Supplier 154,ENG-1001,MA1A**********015,,,,
SUP-132,Auto Supplier 132,ENG-1015,MA1A**********015,,,,
SUP-036,Auto Supplier 36,ENG-1354,MA1A**********015,,,,
SUP-138,Auto Supplier 138,ENG-1287,MA1A**********015,,,,
SUP-132,Auto Supplier 132,ENG-1393,MA1A**********015,,,,
SUP-012,Auto Supplier 12,ENG-1074,MA1A**********016,,,,
SUP-036,Auto Supplier 36,ENG-1112,MA1A**********016,,,,
SUP-161,Auto Supplier 161,ENG-1132,MA1A**********016,,,,
SUP-125,Auto Supplier 125,ENG-1446,MA1A**********016,,,,
SUP-138,Auto Supplier 138,ENG-1201,MA1A**********016,,,,
SUP-041,Auto Supplier 41,ENG-1321,MA1A**********017,,,,
SUP-042,Auto Supplier 42,ENG-1132,MA1A**********017,,,,
SUP-068,Auto Supplier 68,ENG-1265,MA1A**********017,,,,
SUP-125,Auto Supplier 125,ENG-1178,MA1A**********017,,,,
SUP-075,Auto Supplier 75,ENG-1065,MA1A**********017,,,,
SUP-101,Auto Supplier 101,ENG-1279,MA1A**********018,,,,
SUP-073,Auto Supplier 73,ENG-1471,MA1A**********018,,,,
SUP-136,Auto Supplier 136,ENG-1239,MA1A**********018,,,,
SUP-092,Auto Supplier 92,ENG-1069,MA1A**********018,,,,
SUP-025,Auto Supplier 25,ENG-1064,MA1A**********018,,,,
SUP-089,Auto Supplier 89,ENG-1447,MA1A**********019,,,,
SUP-082,Auto Supplier 82,ENG-1008,MA1A**********019,,,,
SUP-144,Auto Supplier 144,ENG-1495,MA1A**********019,,,,
SUP-138,Auto Supplier 138,ENG-1453,MA1A**********019,,,,
SUP-092,Auto Supplier 92,ENG-1466,MA1A**********019,,,,
SUP-130,Auto Supplier 130,ENG-1497,MA1A**********020,,,,
SUP-037,Auto Supplier 37,ENG-1106,MA1A**********020,,,,
SUP-117,Auto Supplier 117,ENG-1080,MA1A**********020,,,,
SUP-077,Auto Supplier 77,ENG-1205,MA1A**********020,,,,
SUP-197,Auto Supplier 197,ENG-1099,MA1A**********020,,,,
SUP-051,Auto Supplier 51,ENG-1008,MA1A**********021,,,,
SUP-052,Auto Supplier 52,ENG-1417,MA1A**********021,,,,
SUP-028,Auto Supplier 28,ENG-1467,MA1A**********021,,,,
SUP-081,Auto Supplier 81,ENG-1165,MA1A**********021,,,,
SUP-166,Auto Supplier 166,ENG-1029,MA1A**********021,,,,
SUP-139,Auto Supplier 139,ENG-1082,MA1A**********022,,,,
SUP-004,Auto Supplier 4,ENG-1073,MA1A**********022,,,,
SUP-093,Auto Supplier 93,ENG-1272,MA1A**********022,,,,
SUP-085,Auto Supplier 85,ENG-1439,MA1A**********022,,,,
SUP-183,Auto Supplier 183,ENG-1306,MA1A**********022,,,,
SUP-093,Auto Supplier 93,ENG-1475,MA1A**********023,,,,
SUP-043,Auto Supplier 43,ENG-1348,MA1A**********023,,,,
SUP-057,Auto Supplier 57,ENG-1357,MA1A**********023,,,,
SUP-042,Auto Supplier 42,ENG-1174,MA1A**********023,,,,
SUP-151,Auto Supplier 151,ENG-1019,MA1A**********023,,,,
SUP-125,Auto Supplier 125,ENG-1374,MA1A**********024,,,,
SUP-144,Auto Supplier 144,ENG-1096,MA1A**********024,,,,
SUP-072,Auto Supplier 72,ENG-1103,MA1A**********024,,,,
SUP-110,Auto Supplier 110,ENG-1289,MA1A**********024,,,,
SUP-187,Auto Supplier 187,ENG-1058,MA1A**********024,,,,
SUP-034,Auto Supplier 34,ENG-1059,MA1A**********025,,,,
SUP-072,Auto Supplier 72,ENG-1357,MA1A**********025,,,,
SUP-083,Auto Supplier 83,ENG-1239,MA1A**********025,,,,
SUP-068,Auto Supplier 68,ENG-1084,MA1A**********025,,,,
SUP-167,Auto Supplier 167,ENG-1289,MA1A**********025,,,,
SUP-114,Auto Supplier 114,ENG-1418,MA1A**********026,,,,
SUP-178,Auto Supplier 178,ENG-1025,MA1A**********026,,,,
SUP-143,Auto Supplier 143,ENG-1362,MA1A**********026,,,,
SUP-103,Auto Supplier 103,ENG-1159,MA1A**********026,,,,
SUP-059,Auto Supplier 59,ENG-1378,MA1A**********026,,,,
SUP-031,Auto Supplier 31,ENG-1381,MA1A**********027,,,,
SUP-087,Auto Supplier 87,ENG-1032,MA1A**********027,,,,
SUP-124,Auto Supplier 124,ENG-1073,MA1A**********027,,,,
SUP-090,Auto Supplier 90,ENG-1188,MA1A**********027,,,,
SUP-023,Auto Supplier 23,ENG-1217,MA1A**********027,,,,
SUP-182,Auto Supplier 182,ENG-1036,MA1A**********028,,,,
SUP-054,Auto Supplier 54,ENG-1064,MA1A**********028,,,,
SUP-101,Auto Supplier 101,ENG-1214,MA1A**********028,,,,
SUP-110,Auto Supplier 110,ENG-1105,MA1A**********028,,,,
SUP-165,Auto Supplier 165,ENG-1469,MA1A**********028,,,,
SUP-061,Auto Supplier 61,ENG-1263,MA1A**********029,,,,
SUP-199,Auto Supplier 199,ENG-1009,MA1A**********029,,,,
SUP-103,Auto Supplier 103,ENG-1071,MA1A**********029,,,,
SUP-144,Auto Supplier 144,ENG-1317,MA1A**********029,,,,
SUP-110,Auto Supplier 110,ENG-1325,MA1A**********029,,,,
SUP-169,Auto Supplier 169,ENG-1016,MA1A**********030,,,,
SUP-173,Auto Supplier 173,ENG-1001,MA1A**********030,,,,
SUP-073,Auto Supplier 73,ENG-1472,MA1A**********030,,,,
SUP-179,Auto Supplier 179,ENG-1234,MA1A**********030,,,,
SUP-147,Auto Supplier 147,ENG-1478,MA1A**********030,,,,
SUP-025,Auto Supplier 25,ENG-1048,MA1A**********031,,,,
SUP-017,Auto Supplier 17,ENG-1022,MA1A**********031,,,,
SUP-068,Auto Supplier 68,ENG-1385,MA1A**********031,,,,
SUP-135,Auto Supplier 135,ENG-1159,MA1A**********031,,,,
SUP-019,Auto Supplier 19,ENG-1112,MA1A**********031,,,,
SUP-014,Auto Supplier 14,ENG-1373,MA1A**********032,,,,
SUP-032,Auto Supplier 32,ENG-1420,MA1A**********032,,,,
SUP-079,Auto Supplier 79,ENG-1037,MA1A**********032,,,,
SUP-151,Auto Supplier 151,ENG-1105,MA1A**********032,,,,
SUP-190,Auto Supplier 190,ENG-1399,MA1A**********032,,,,
SUP-192,Auto Supplier 192,ENG-1433,MA1A**********033,,,,
SUP-028,Auto Supplier 28,ENG-1441,MA1A**********033,,,,
SUP-185,Auto Supplier 185,ENG-1466,MA1A**********033,,,,
SUP-067,Auto Supplier 67,ENG-1361,MA1A**********033,,,,
SUP-159,Auto Supplier 159,ENG-1229,MA1A**********033,,,,
SUP-120,Auto Supplier 120,ENG-1320,MA1A**********034,,,,
SUP-047,Auto Supplier 47,ENG-1216,MA1A**********034,,,,
SUP-200,Auto Supplier 200,ENG-1256,MA1A**********034,,,,
SUP-070,Auto Supplier 70,ENG-1451,MA1A**********034,,,,
SUP-036,Auto Supplier 36,ENG-1157,MA1A**********034,,,,
SUP-013,Auto Supplier 13,ENG-1114,MA1A**********035,,,,
SUP-141,Auto Supplier 141,ENG-1441,MA1A**********035,,,,
SUP-058,Auto Supplier 58,ENG-1149,MA1A**********035,,,,
SUP-184,Auto Supplier 184,ENG-1111,MA1A**********035,,,,
SUP-092,Auto Supplier 92,ENG-1442,MA1A**********035,,,,
SUP-125,Auto Supplier 125,ENG-1208,MA1A**********036,,,,
SUP-171,Auto Supplier 171,ENG-1445,MA1A**********036,,,,
SUP-177,Auto Supplier 177,ENG-1245,MA1A**********036,,,,
SUP-055,Auto Supplier 55,ENG-1050,MA1A**********036,,,,
SUP-056,Auto Supplier 56,ENG-1478,MA1A**********036,,,,
SUP-003,Auto Supplier 3,ENG-1053,MA1A**********037,,,,
SUP-033,Auto Supplier 33,ENG-1459,MA1A**********037,,,,
SUP-100,Auto Supplier 100,ENG-1001,MA1A**********037,,,,
SUP-028,Auto Supplier 28,ENG-1344,MA1A**********037,,,,
SUP-198,Auto Supplier 198,ENG-1053,MA1A**********037,,,,
SUP-123,Auto Supplier 123,ENG-1440,MA1A**********038,,,,
SUP-065,Auto Supplier 65,ENG-1341,MA1A**********038,,,,
SUP-135,Auto Supplier 135,ENG-1278,MA1A**********038,,,,
SUP-188,Auto Supplier 188,ENG-1490,MA1A**********038,,,,
SUP-105,Auto Supplier 105,ENG-1116,MA1A**********038,,,,
SUP-035,Auto Supplier 35,ENG-1266,MA1A**********039,,,,
SUP-127,Auto Supplier 127,ENG-1299,MA1A**********039,,,,
SUP-162,Auto Supplier 162,ENG-1146,MA1A**********039,,,,
SUP-015,Auto Supplier 15,ENG-1111,MA1A**********039,,,,
SUP-164,Auto Supplier 164,ENG-1400,MA1A**********039,,,,
SUP-150,Auto Supplier 150,ENG-1025,MA1A**********040,,,,
SUP-182,Auto Supplier 182,ENG-1399,MA1A**********040,,,,
SUP-111,Auto Supplier 111,ENG-1217,MA1A**********040,,,,
SUP-033,Auto Supplier 33,ENG-1398,MA1A**********040,,,,
SUP-011,Auto Supplier 11,ENG-1369,MA1A**********040,,,,
SUP-028,Auto Supplier 28,ENG-1308,MA1A**********041,,,,
SUP-018,Auto Supplier 18,ENG-1095,MA1A**********041,,,,
SUP-154,Auto Supplier 154,ENG-1233,MA1A**********041,,,,
SUP-111,Auto Supplier 111,ENG-1290,MA1A**********041,,,,
SUP-102,Auto Supplier 102,ENG-1329,MA1A**********041,,,,
SUP-110,Auto Supplier 110,ENG-1437,MA1A**********042,,,,
SUP-173,Auto Supplier 173,ENG-1297,MA1A**********042,,,,
SUP-149,Auto Supplier 149,ENG-1126,MA1A**********042,,,,
SUP-008,Auto Supplier 8,ENG-1027,MA1A**********042,,,,
SUP-165,Auto Supplier 165,ENG-1469,MA1A**********042,,,,
SUP-173,Auto Supplier 173,ENG-1006,MA1A**********043,,,,
SUP-172,Auto Supplier 172,ENG-1104,MA1A**********043,,,,
SUP-147,Auto Supplier 147,ENG-1235,MA1A**********043,,,,
SUP-053,Auto Supplier 53,ENG-1058,MA1A**********043,,,,
SUP-062,Auto Supplier 62,ENG-1298,MA1A**********043,,,,
SUP-150,Auto Supplier 150,ENG-1169,MA1A**********044,,,,
SUP-123,Auto Supplier 123,ENG-1318,MA1A**********044,,,,
SUP-077,Auto Supplier 77,ENG-1330,MA1A**********044,,,,
SUP-174,Auto Supplier 174,ENG-1337,MA1A**********044,,,,
SUP-007,Auto Supplier 7,ENG-1464,MA1A**********044,,,,
SUP-106,Auto Supplier 106,ENG-1149,MA1A**********045,,,,
SUP-021,Auto Supplier 21,ENG-1001,MA1A**********045,,,,
SUP-026,Auto Supplier 26,ENG-1288,MA1A**********045,,,,
SUP-027,Auto Supplier 27,ENG-1302,MA1A**********045,,,,
SUP-127,Auto Supplier 127,ENG-1428,MA1A**********045,,,,
SUP-090,Auto Supplier 90,ENG-1477,MA1A**********046,,,,
SUP-104,Auto Supplier 104,ENG-1304,MA1A**********046,,,,
SUP-089,Auto Supplier 89,ENG-1349,MA1A**********046,,,,
SUP-142,Auto Supplier 142,ENG-1184,MA1A**********046,,,,
SUP-190,Auto Supplier 190,ENG-1189,MA1A**********046,,,,
SUP-183,Auto Supplier 183,ENG-1391,MA1A**********047,,,,
SUP-179,Auto Supplier 179,ENG-1234,MA1A**********047,,,,
SUP-140,Auto Supplier 140,ENG-1426,MA1A**********047,,,,
SUP-057,Auto Supplier 57,ENG-1198,MA1A**********047,,,,
SUP-075,Auto Supplier 75,ENG-1481,MA1A**********047,,,,
SUP-053,Auto Supplier 53,ENG-1453,MA1A**********048,,,,
SUP-171,Auto Supplier 171,ENG-1243,MA1A**********048,,,,
SUP-142,Auto Supplier 142,ENG-1247,MA1A**********048,,,,
SUP-035,Auto Supplier 35,ENG-1053,MA1A**********048,,,,
SUP-193,Auto Supplier 193,ENG-1205,MA1A**********048,,,,
SUP-065,Auto Supplier 65,ENG-1062,MA1A**********049,,,,
SUP-155,Auto Supplier 155,ENG-1144,MA1A**********049,,,,
SUP-158,Auto Supplier 158,ENG-1180,MA1A**********049,,,,
SUP-090,Auto Supplier 90,ENG-1202,MA1A**********049,,,,
SUP-035,Auto Supplier 35,ENG-1379,MA1A**********049,,,,
SUP-189,Auto Supplier 189,ENG-1050,MA1A**********050,,,,
SUP-185,Auto Supplier 185,ENG-1468,MA1A**********050,,,,
SUP-068,Auto Supplier 68,ENG-1093,MA1A**********050,,,,
SUP-135,Auto Supplier 135,ENG-1157,MA1A**********050,,,,
SUP-065,Auto Supplier 65,ENG-1250,MA1A**********050,,,,
SUP-198,Auto Supplier 198,ENG-1170,MA1A**********051,,,,
SUP-155,Auto Supplier 155,ENG-1195,MA1A**********051,,,,
SUP-116,Auto Supplier 116,ENG-1339,MA1A**********051,,,,
SUP-002,Auto Supplier 2,ENG-1022,MA1A**********051,,,,
SUP-194,Auto Supplier 194,ENG-1095,MA1A**********051,,,,
SUP-167,Auto Supplier 167,ENG-1282,MA1A**********052,,,,
SUP-170,Auto Supplier 170,ENG-1039,MA1A**********052,,,,
SUP-113,Auto Supplier 113,ENG-1172,MA1A**********052,,,,
SUP-110,Auto Supplier 110,ENG-1361,MA1A**********052,,,,
SUP-115,Auto Supplier 115,ENG-1485,MA1A**********052,,,,
SUP-049,Auto Supplier 49,ENG-1057,MA1A**********053,,,,
SUP-060,Auto Supplier 60,ENG-1320,MA1A**********053,,,,
SUP-128,Auto Supplier 128,ENG-1338,MA1A**********053,,,,
SUP-150,Auto Supplier 150,ENG-1385,MA1A**********053,,,,
SUP-095,Auto Supplier 95,ENG-1018,MA1A**********053,,,,
SUP-094,Auto Supplier 94,ENG-1157,MA1A**********054,,,,
SUP-027,Auto Supplier 27,ENG-1063,MA1A**********054,,,,
SUP-139,Auto Supplier 139,ENG-1440,MA1A**********054,,,,
SUP-179,Auto Supplier 179,ENG-1316,MA1A**********054,,,,
SUP-074,Auto Supplier 74,ENG-1455,MA1A**********054,,,,
SUP-038,Auto Supplier 38,ENG-1134,MA1A**********055,,,,
SUP-082,Auto Supplier 82,ENG-1106,MA1A**********055,,,,
SUP-010,Auto Supplier 10,ENG-1320,MA1A**********055,,,,
SUP-081,Auto Supplier 81,ENG-1230,MA1A**********055,,,,
SUP-091,Auto Supplier 91,ENG-1052,MA1A**********055,,,,
SUP-042,Auto Supplier 42,ENG-1083,MA1A**********056,,,,
SUP-169,Auto Supplier 169,ENG-1285,MA1A**********056,,,,
SUP-046,Auto Supplier 46,ENG-1415,MA1A**********056,,,,
SUP-189,Auto Supplier 189,ENG-1053,MA1A**********056,,,,
SUP-165,Auto Supplier 165,ENG-1338,MA1A**********056,,,,
SUP-184,Auto Supplier 184,ENG-1159,MA1A**********057,,,,
SUP-106,Auto Supplier 106,ENG-1476,MA1A**********057,,,,
SUP-115,Auto Supplier 115,ENG-1092,MA1A**********057,,,,
SUP-105,Auto Supplier 105,ENG-1096,MA1A**********057,,,,
SUP-011,Auto Supplier 11,ENG-1422,MA1A**********057,,,,
SUP-058,Auto Supplier 58,ENG-1253,MA1A**********058,,,,
SUP-128,Auto Supplier 128,ENG-1006,MA1A**********058,,,,
SUP-040,Auto Supplier 40,ENG-1266,MA1A**********058,,,,
SUP-010,Auto Supplier 10,ENG-1446,MA1A**********058,,,,
SUP-176,Auto Supplier 176,ENG-1283,MA1A**********058,,,,
SUP-076,Auto Supplier 76,ENG-1006,MA1A**********059,,,,
SUP-059,Auto Supplier 59,ENG-1420,MA1A**********059,,,,
SUP-147,Auto Supplier 147,ENG-1205,MA1A**********059,,,,
SUP-182,Auto Supplier 182,ENG-1333,MA1A**********059,,,,
SUP-101,Auto Supplier 101,ENG-1028,MA1A**********059,,,,
SUP-051,Auto Supplier 51,ENG-1112,MA1A**********060,,,,
SUP-018,Auto Supplier 18,ENG-1442,MA1A**********060,,,,
SUP-083,Auto Supplier 83,ENG-1145,MA1A**********060,,,,
SUP-062,Auto Supplier 62,ENG-1001,MA1A**********060,,,,
SUP-146,Auto Supplier 146,ENG-1282,MA1A**********060,,,,
SUP-067,Auto Supplier 67,ENG-1059,MA1A**********061,,,,
SUP-190,Auto Supplier 190,ENG-1414,MA1A**********061,,,,
SUP-177,Auto Supplier 177,ENG-1452,MA1A**********061,,,,
SUP-100,Auto Supplier 100,ENG-1294,MA1A**********061,,,,
SUP-032,Auto Supplier 32,ENG-1354,MA1A**********061,,,,
SUP-061,Auto Supplier 61,ENG-1186,MA1A**********062,,,,
SUP-092,Auto Supplier 92,ENG-1176,MA1A**********062,,,,
SUP-110,Auto Supplier 110,ENG-1438,MA1A**********062,,,,
SUP-089,Auto Supplier 89,ENG-1222,MA1A**********062,,,,
SUP-153,Auto Supplier 153,ENG-1492,MA1A**********062,,,,
SUP-166,Auto Supplier 166,ENG-1120,MA1A**********063,,,,
SUP-182,Auto Supplier 182,ENG-1022,MA1A**********063,,,,
SUP-180,Auto Supplier 180,ENG-1440,MA1A**********063,,,,
SUP-081,Auto Supplier 81,ENG-1416,MA1A**********063,,,,
SUP-139,Auto Supplier 139,ENG-1194,MA1A**********063,,,,
SUP-171,Auto Supplier 171,ENG-1485,MA1A**********064,,,,
SUP-030,Auto Supplier 30,ENG-1156,MA1A**********064,,,,
SUP-096,Auto Supplier 96,ENG-1481,MA1A**********064,,,,
SUP-027,Auto Supplier 27,ENG-1160,MA1A**********064,,,,
SUP-054,Auto Supplier 54,ENG-1189,MA1A**********064,,,,
SUP-169,Auto Supplier 169,ENG-1235,MA1A**********065,,,,
SUP-044,Auto Supplier 44,ENG-1249,MA1A**********065,,,,
SUP-168,Auto Supplier 168,ENG-1194,MA1A**********065,,,,
SUP-148,Auto Supplier 148,ENG-1137,MA1A**********065,,,,
SUP-077,Auto Supplier 77,ENG-1460,MA1A**********065,,,,
SUP-044,Auto Supplier 44,ENG-1488,MA1A**********066,,,,
SUP-139,Auto Supplier 139,ENG-1065,MA1A**********066,,,,
SUP-142,Auto Supplier 142,ENG-1151,MA1A**********066,,,,
SUP-151,Auto Supplier 151,ENG-1240,MA1A**********066,,,,
SUP-069,Auto Supplier 69,ENG-1382,MA1A**********066,,,,
SUP-184,Auto Supplier 184,ENG-1232,MA1A**********067,,,,
SUP-026,Auto Supplier 26,ENG-1293,MA1A**********067,,,,
SUP-181,Auto Supplier 181,ENG-1244,MA1A**********067,,,,
SUP-045,Auto Supplier 45,ENG-1383,MA1A**********067,,,,
SUP-091,Auto Supplier 91,ENG-1481,MA1A**********067,,,,
SUP-101,Auto Supplier 101,ENG-1222,MA1A**********068,,,,
SUP-054,Auto Supplier 54,ENG-1146,MA1A**********068,,,,
SUP-113,Auto Supplier 113,ENG-1029,MA1A**********068,,,,
SUP-196,Auto Supplier 196,ENG-1415,MA1A**********068,,,,
SUP-187,Auto Supplier 187,ENG-1129,MA1A**********068,,,,
SUP-170,Auto Supplier 170,ENG-1440,MA1A**********069,,,,
SUP-163,Auto Supplier 163,ENG-1254,MA1A**********069,,,,
SUP-122,Auto Supplier 122,ENG-1469,MA1A**********069,,,,
SUP-055,Auto Supplier 55,ENG-1345,MA1A**********069,,,,
SUP-170,Auto Supplier 170,ENG-1110,MA1A**********069,,,,
SUP-147,Auto Supplier 147,ENG-1152,MA1A**********070,,,,
SUP-131,Auto Supplier 131,ENG-1473,MA1A**********070,,,,
SUP-170,Auto Supplier 170,ENG-1263,MA1A**********070,,,,
SUP-131,Auto Supplier 131,ENG-1408,MA1A**********070,,,,
SUP-154,Auto Supplier 154,ENG-1402,MA1A**********070,,,,
SUP-051,Auto Supplier 51,ENG-1412,MA1A**********071,,,,
SUP-157,Auto Supplier 157,ENG-1411,MA1A**********071,,,,
SUP-070,Auto Supplier 70,ENG-1172,MA1A**********071,,,,
SUP-092,Auto Supplier 92,ENG-1386,MA1A**********071,,,,
SUP-059,Auto Supplier 59,ENG-1277,MA1A**********071,,,,
SUP-020,Auto Supplier 20,ENG-1407,MA1A**********072,,,,
SUP-187,Auto Supplier 187,ENG-1499,MA1A**********072,,,,
SUP-197,Auto Supplier 197,ENG-1435,MA1A**********072,,,,
SUP-187,Auto Supplier 187,ENG-1211,MA1A**********072,,,,
SUP-087,Auto Supplier 87,ENG-1075,MA1A**********072,,,,
SUP-103,Auto Supplier 103,ENG-1212,MA1A**********073,,,,
SUP-008,Auto Supplier 8,ENG-1092,MA1A**********073,,,,
SUP-196,Auto Supplier 196,ENG-1012,MA1A**********073,,,,
SUP-099,Auto Supplier 99,ENG-1356,MA1A**********073,,,,
SUP-150,Auto Supplier 150,ENG-1020,MA1A**********073,,,,
SUP-181,Auto Supplier 181,ENG-1321,MA1A**********074,,,,
SUP-104,Auto Supplier 104,ENG-1484,MA1A**********074,,,,
SUP-198,Auto Supplier 198,ENG-1440,MA1A**********074,,,,
SUP-130,Auto Supplier 130,ENG-1130,MA1A**********074,,,,
SUP-137,Auto Supplier 137,ENG-1089,MA1A**********074,,,,
SUP-051,Auto Supplier 51,ENG-1234,MA1A**********075,,,,
SUP-179,Auto Supplier 179,ENG-1490,MA1A**********075,,,,
SUP-164,Auto Supplier 164,ENG-1479,MA1A**********075,,,,
SUP-197,Auto Supplier 197,ENG-1293,MA1A**********075,,,,
SUP-036,Auto Supplier 36,ENG-1242,MA1A**********075,,,,
SUP-031,Auto Supplier 31,ENG-1024,MA1A**********076,,,,
SUP-111,Auto Supplier 111,ENG-1362,MA1A**********076,,,,
SUP-117,Auto Supplier 117,ENG-1062,MA1A**********076,,,,
SUP-094,Auto Supplier 94,ENG-1102,MA1A**********076,,,,
SUP-115,Auto Supplier 115,ENG-1239,MA1A**********076,,,,
SUP-141,Auto Supplier 141,ENG-1464,MA1A**********077,,,,
SUP-106,Auto Supplier 106,ENG-1222,MA1A**********077,,,,
SUP-089,Auto Supplier 89,ENG-1325,MA1A**********077,,,,
SUP-059,Auto Supplier 59,ENG-1102,MA1A**********077,,,,
SUP-107,Auto Supplier 107,ENG-1283,MA1A**********077,,,,
SUP-144,Auto Supplier 144,ENG-1171,MA1A**********078,,,,
SUP-164,Auto Supplier 164,ENG-1126,MA1A**********078,,,,
SUP-166,Auto Supplier 166,ENG-1146,MA1A**********078,,,,
SUP-135,Auto Supplier 135,ENG-1048,MA1A**********078,,,,
SUP-125,Auto Supplier 125,ENG-1422,MA1A**********078,,,,
SUP-050,Auto Supplier 50,ENG-1076,MA1A**********079,,,,
SUP-020,Auto Supplier 20,ENG-1225,MA1A**********079,,,,
SUP-025,Auto Supplier 25,ENG-1191,MA1A**********079,,,,
SUP-091,Auto Supplier 91,ENG-1077,MA1A**********079,,,,
SUP-163,Auto Supplier 163,ENG-1356,MA1A**********079,,,,
SUP-082,Auto Supplier 82,ENG-1306,MA1A**********080,,,,
SUP-008,Auto Supplier 8,ENG-1156,MA1A**********080,,,,
SUP-036,Auto Supplier 36,ENG-1041,MA1A**********080,,,,
SUP-109,Auto Supplier 109,ENG-1223,MA1A**********080,,,,
SUP-080,Auto Supplier 80,ENG-1048,MA1A**********080,,,,
SUP-072,Auto Supplier 72,ENG-1132,MA1A**********081,,,,
SUP-159,Auto Supplier 159,ENG-1325,MA1A**********081,,,,
SUP-127,Auto Supplier 127,ENG-1463,MA1A**********081,,,,
SUP-068,Auto Supplier 68,ENG-1305,MA1A**********081,,,,
SUP-017,Auto Supplier 17,ENG-1109,MA1A**********081,,,,
SUP-185,Auto Supplier 185,ENG-1040,MA1A**********082,,,,
SUP-015,Auto Supplier 15,ENG-1010,MA1A**********082,,,,
SUP-040,Auto Supplier 40,ENG-1349,MA1A**********082,,,,
SUP-053,Auto Supplier 53,ENG-1031,MA1A**********082,,,,
SUP-047,Auto Supplier 47,ENG-1232,MA1A**********082,,,,
SUP-097,Auto Supplier 97,ENG-1057,MA1A**********083,,,,
SUP-169,Auto Supplier 169,ENG-1343,MA1A**********083,,,,
SUP-091,Auto Supplier 91,ENG-1003,MA1A**********083,,,,
SUP-114,Auto Supplier 114,ENG-1076,MA1A**********083,,,,
SUP-071,Auto Supplier 71,ENG-1014,MA1A**********083,,,,
SUP-080,Auto Supplier 80,ENG-1478,MA1A**********084,,,,
SUP-039,Auto Supplier 39,ENG-1135,MA1A**********084,,,,
SUP-070,Auto Supplier 70,ENG-1112,MA1A**********084,,,,
SUP-129,Auto Supplier 129,ENG-1376,MA1A**********084,,,,
SUP-166,Auto Supplier 166,ENG-1450,MA1A**********084,,,,
SUP-014,Auto Supplier 14,ENG-1354,MA1A**********085,,,,
SUP-032,Auto Supplier 32,ENG-1307,MA1A**********085,,,,
SUP-104,Auto Supplier 104,ENG-1347,MA1A**********085,,,,
SUP-043,Auto Supplier 43,ENG-1265,MA1A**********085,,,,
SUP-051,Auto Supplier 51,ENG-1276,MA1A**********085,,,,
SUP-079,Auto Supplier 79,ENG-1009,MA1A**********086,,,,
SUP-145,Auto Supplier 145,ENG-1303,MA1A**********086,,,,
SUP-037,Auto Supplier 37,ENG-1111,MA1A**********086,,,,
SUP-087,Auto Supplier 87,ENG-1471,MA1A**********086,,,,
SUP-174,Auto Supplier 174,ENG-1366,MA1A**********086,,,,
SUP-119,Auto Supplier 119,ENG-1138,MA1A**********087,,,,
SUP-067,Auto Supplier 67,ENG-1025,MA1A**********087,,,,
SUP-194,Auto Supplier 194,ENG-1323,MA1A**********087,,,,
SUP-151,Auto Supplier 151,ENG-1130,MA1A**********087,,,,
SUP-017,Auto Supplier 17,ENG-1283,MA1A**********087,,,,
SUP-098,Auto Supplier 98,ENG-1389,MA1A**********088,,,,
SUP-109,Auto Supplier 109,ENG-1279,MA1A**********088,,,,
SUP-049,Auto Supplier 49,ENG-1251,MA1A**********088,,,,
SUP-176,Auto Supplier 176,ENG-1259,MA1A**********088,,,,
SUP-021,Auto Supplier 21,ENG-1048,MA1A**********088,,,,
SUP-184,Auto Supplier 184,ENG-1243,MA1A**********089,,,,
SUP-169,Auto Supplier 169,ENG-1431,MA1A**********089,,,,
SUP-176,Auto Supplier 176,ENG-1386,MA1A**********089,,,,
SUP-192,Auto Supplier 192,ENG-1009,MA1A**********089,,,,
SUP-160,Auto Supplier 160,ENG-1131,MA1A**********089,,,,
SUP-154,Auto Supplier 154,ENG-1485,MA1A**********090,,,,
SUP-167,Auto Supplier 167,ENG-1490,MA1A**********090,,,,
SUP-170,Auto Supplier 170,ENG-1378,MA1A**********090,,,,
SUP-035,Auto Supplier 35,ENG-1213,MA1A**********090,,,,
SUP-148,Auto Supplier 148,ENG-1288,MA1A**********090,,,,
SUP-114,Auto Supplier 114,ENG-1126,MA1A**********091,,,,
SUP-160,Auto Supplier 160,ENG-1010,MA1A**********091,,,,
SUP-180,Auto Supplier 180,ENG-1327,MA1A**********091,,,,
SUP-035,Auto Supplier 35,ENG-1164,MA1A**********091,,,,
SUP-128,Auto Supplier 128,ENG-1471,MA1A**********091,,,,
SUP-100,Auto Supplier 100,ENG-1226,MA1A**********092,,,,
SUP-097,Auto Supplier 97,ENG-1222,MA1A**********092,,,,
SUP-056,Auto Supplier 56,ENG-1485,MA1A**********092,,,,
SUP-005,Auto Supplier 5,ENG-1078,MA1A**********092,,,,
SUP-122,Auto Supplier 122,ENG-1162,MA1A**********092,,,,
SUP-193,Auto Supplier 193,ENG-1088,MA1A**********093,,,,
SUP-155,Auto Supplier 155,ENG-1414,MA1A**********093,,,,
SUP-061,Auto Supplier 61,ENG-1387,MA1A**********093,,,,
SUP-124,Auto Supplier 124,ENG-1287,MA1A**********093,,,,
SUP-192,Auto Supplier 192,ENG-1310,MA1A**********093,,,,
SUP-074,Auto Supplier 74,ENG-1303,MA1A**********094,,,,
SUP-165,Auto Supplier 165,ENG-1392,MA1A**********094,,,,
SUP-080,Auto Supplier 80,ENG-1013,MA1A**********094,,,,
SUP-011,Auto Supplier 11,ENG-1425,MA1A**********094,,,,
SUP-168,Auto Supplier 168,ENG-1499,MA1A**********094,,,,
SUP-177,Auto Supplier 177,ENG-1303,MA1A**********095,,,,
SUP-152,Auto Supplier 152,ENG-1077,MA1A**********095,,,,
SUP-106,Auto Supplier 106,ENG-1377,MA1A**********095,,,,
SUP-060,Auto Supplier 60,ENG-1292,MA1A**********095,,,,
SUP-190,Auto Supplier 190,ENG-1160,MA1A**********095,,,,
SUP-172,Auto Supplier 172,ENG-1237,MA1A**********096,,,,
SUP-011,Auto Supplier 11,ENG-1289,MA1A**********096,,,,
SUP-061,Auto Supplier 61,ENG-1432,MA1A**********096,,,,
SUP-091,Auto Supplier 91,ENG-1096,MA1A**********096,,,,
SUP-130,Auto Supplier 130,ENG-1133,MA1A**********096,,,,
SUP-166,Auto Supplier 166,ENG-1259,MA1A**********097,,,,
SUP-086,Auto Supplier 86,ENG-1159,MA1A**********097,,,,
SUP-008,Auto Supplier 8,ENG-1355,MA1A**********097,,,,
SUP-175,Auto Supplier 175,ENG-1189,MA1A**********097,,,,
SUP-047,Auto Supplier 47,ENG-1391,MA1A**********097,,,,
SUP-082,Auto Supplier 82,ENG-1364,MA1A**********098,,,,
SUP-035,Auto Supplier 35,ENG-1328,MA1A**********098,,,,
SUP-174,Auto Supplier 174,ENG-1064,MA1A**********098,,,,
SUP-093,Auto Supplier 93,ENG-1491,MA1A**********098,,,,
SUP-160,Auto Supplier 160,ENG-1132,MA1A**********098,,,,
SUP-028,Auto Supplier 28,ENG-1370,MA1A**********099,,,,
SUP-195,Auto Supplier 195,ENG-1487,MA1A**********099,,,,
SUP-022,Auto Supplier 22,ENG-1294,MA1A**********099,,,,
SUP-167,Auto Supplier 167,ENG-1267,MA1A**********099,,,,
SUP-157,Auto Supplier 157,ENG-1327,MA1A**********099,,,,
SUP-152,Auto Supplier 152,ENG-1374,MA1A**********100,,,,
SUP-176,Auto Supplier 176,ENG-1304,MA1A**********100,,,,
SUP-062,Auto Supplier 62,ENG-1002,MA1A**********100,,,,
SUP-089,Auto Supplier 89,ENG-1257,MA1A**********100,,,,
SUP-058,Auto Supplier 58,ENG-1273,MA1A**********100,,,,
SUP-045,Auto Supplier 45,ENG-1486,MA1A**********101,,,,
SUP-095,Auto Supplier 95,ENG-1074,MA1A**********101,,,,
SUP-176,Auto Supplier 176,ENG-1088,MA1A**********101,,,,
SUP-012,Auto Supplier 12,ENG-1205,MA1A**********101,,,,
SUP-193,Auto Supplier 193,ENG-1124,MA1A**********101,,,,
SUP-101,Auto Supplier 101,ENG-1093,MA1A**********102,,,,
SUP-038,Auto Supplier 38,ENG-1347,MA1A**********102,,,,
SUP-084,Auto Supplier 84,ENG-1435,MA1A**********102,,,,
SUP-147,Auto Supplier 147,ENG-1348,MA1A**********102,,,,
SUP-138,Auto Supplier 138,ENG-1190,MA1A**********102,,,,
SUP-153,Auto Supplier 153,ENG-1143,MA1A**********103,,,,
SUP-121,Auto Supplier 121,ENG-1067,MA1A**********103,,,,
SUP-106,Auto Supplier 106,ENG-1421,MA1A**********103,,,,
SUP-003,Auto Supplier 3,ENG-1152,MA1A**********103,,,,
SUP-157,Auto Supplier 157,ENG-1331,MA1A**********103,,,,
SUP-185,Auto Supplier 185,ENG-1123,MA1A**********104,,,,
SUP-138,Auto Supplier 138,ENG-1284,MA1A**********104,,,,
SUP-156,Auto Supplier 156,ENG-1094,MA1A**********104,,,,
SUP-044,Auto Supplier 44,ENG-1436,MA1A**********104,,,,
SUP-161,Auto Supplier 161,ENG-1005,MA1A**********104,,,,
SUP-030,Auto Supplier 30,ENG-1326,MA1A**********105,,,,
SUP-095,Auto Supplier 95,ENG-1045,MA1A**********105,,,,
SUP-173,Auto Supplier 173,ENG-1428,MA1A**********105,,,,
SUP-126,Auto Supplier 126,ENG-1364,MA1A**********105,,,,
SUP-161,Auto Supplier 161,ENG-1146,MA1A**********105,,,,
SUP-117,Auto Supplier 117,ENG-1471,MA1A**********106,,,,
SUP-063,Auto Supplier 63,ENG-1354,MA1A**********106,,,,
SUP-135,Auto Supplier 135,ENG-1326,MA1A**********106,,,,
SUP-043,Auto Supplier 43,ENG-1167,MA1A**********106,,,,
SUP-064,Auto Supplier 64,ENG-1153,MA1A**********106,,,,
SUP-168,Auto Supplier 168,ENG-1351,MA1A**********107,,,,
SUP-069,Auto Supplier 69,ENG-1484,MA1A**********107,,,,
SUP-146,Auto Supplier 146,ENG-1438,MA1A**********107,,,,
SUP-100,Auto Supplier 100,ENG-1377,MA1A**********107,,,,
SUP-141,Auto Supplier 141,ENG-1381,MA1A**********107,,,,
SUP-128,Auto Supplier 128,ENG-1284,MA1A**********108,,,,
SUP-031,Auto Supplier 31,ENG-1118,MA1A**********108,,,,
NAN,,ENG-1381,MA1A**********108,,,,
SUP-053,Auto Supplier 53,ENG-1438,MA1A**********108,,,,
SUP-028,Auto Supplier 28,ENG-1328,MA1A**********108,,,,
SUP-059,Auto Supplier 59,ENG-1057,MA1A**********109,,,,
SUP-190,Auto Supplier 190,ENG-1110,MA1A**********109,,,,
SUP-169,Auto Supplier 169,ENG-1151,MA1A**********109,,,,
SUP-038,Auto Supplier 38,ENG-1405,MA1A**********109,,,,
SUP-120,Auto Supplier 120,ENG-1479,MA1A**********109,,,,
NAN,,ENG-1189,MA1A**********110,,,,
SUP-158,Auto Supplier 158,ENG-1223,MA1A**********110,,,,
SUP-042,Auto Supplier 42,ENG-1438,MA1A**********110,,,,
SUP-093,Auto Supplier 93,ENG-1116,MA1A**********110,,,,
SUP-046,Auto Supplier 46,ENG-1074,MA1A**********110,,,,
SUP-014,Auto Supplier 14,ENG-1023,MA1A**********111,,,,
SUP-083,Auto Supplier 83,ENG-1068,MA1A**********111,,,,
SUP-129,Auto Supplier 129,ENG-1478,MA1A**********111,,,,
SUP-012,Auto Supplier 12,ENG-1032,MA1A**********111,,,,
SUP-188,Auto Supplier 188,ENG-1027,MA1A**********111,,,,
SUP-004,Auto Supplier 4,ENG-1446,MA1A**********112,,,,
SUP-004,Auto Supplier 4,ENG-1291,MA1A**********112,,,,
SUP-152,Auto Supplier 152,ENG-1050,MA1A**********112,,,,
SUP-029,Auto Supplier 29,ENG-1497,MA1A**********112,,,,
SUP-189,Auto Supplier 189,ENG-1216,MA1A**********112,,,,
SUP-061,Auto Supplier 61,ENG-1170,MA1A**********113,,,,
SUP-158,Auto Supplier 158,ENG-1241,MA1A**********113,,,,
SUP-014,Auto Supplier 14,ENG-1094,MA1A**********113,,,,
SUP-114,Auto Supplier 114,ENG-1164,MA1A**********113,,,,
SUP-165,Auto Supplier 165,ENG-1102,MA1A**********113,,,,
SUP-007,Auto Supplier 7,ENG-1395,MA1A**********114,,,,
SUP-148,Auto Supplier 148,ENG-1037,MA1A**********114,,,,
SUP-098,Auto Supplier 98,ENG-1317,MA1A**********114,,,,
SUP-058,Auto Supplier 58,ENG-1032,MA1A**********114,,,,
SUP-135,Auto Supplier 135,ENG-1353,MA1A**********114,,,,
SUP-031,Auto Supplier 31,ENG-1127,MA1A**********115,,,,
SUP-113,Auto Supplier 113,ENG-1446,MA1A**********115,,,,
SUP-141,Auto Supplier 141,ENG-1376,MA1A**********115,,,,
SUP-075,Auto Supplier 75,ENG-1329,MA1A**********115,,,,
SUP-067,Auto Supplier 67,ENG-1091,MA1A**********115,,,,
SUP-071,Auto Supplier 71,ENG-1130,MA1A**********116,,,,
SUP-082,Auto Supplier 82,ENG-1045,MA1A**********116,,,,
SUP-082,Auto Supplier 82,ENG-1280,MA1A**********116,,,,
SUP-098,Auto Supplier 98,ENG-1267,MA1A**********116,,,,
SUP-189,Auto Supplier 189,ENG-1010,MA1A**********116,,,,
SUP-166,Auto Supplier 166,ENG-1397,MA1A**********117,,,,
SUP-159,Auto Supplier 159,ENG-1291,MA1A**********117,,,,
SUP-033,Auto Supplier 33,ENG-1022,MA1A**********117,,,,
SUP-051,Auto Supplier 51,ENG-1479,MA1A**********117,,,,
SUP-044,Auto Supplier 44,ENG-1368,MA1A**********117,,,,
SUP-025,Auto Supplier 25,ENG-1446,MA1A**********118,,,,
SUP-021,Auto Supplier 21,ENG-1338,MA1A**********118,,,,
SUP-195,Auto Supplier 195,ENG-1313,MA1A**********118,,,,
SUP-002,Auto Supplier 2,ENG-1119,MA1A**********118,,,,
SUP-009,Auto Supplier 9,ENG-1313,MA1A**********118,,,,
SUP-153,Auto Supplier 153,ENG-1087,MA1A**********119,,,,
SUP-105,Auto Supplier 105,ENG-1001,MA1A**********119,,,,
SUP-126,Auto Supplier 126,ENG-1377,MA1A**********119,,,,
SUP-196,Auto Supplier 196,ENG-1114,MA1A**********119,,,,
SUP-136,Auto Supplier 136,ENG-1125,MA1A**********119,,,,
SUP-167,Auto Supplier 167,ENG-1121,MA1A**********120,,,,
SUP-181,Auto Supplier 181,ENG-1147,MA1A**********120,,,,
SUP-059,Auto Supplier 59,ENG-1027,MA1A**********120,,,,
SUP-158,Auto Supplier 158,ENG-1431,MA1A**********120,,,,
SUP-099,Auto Supplier 99,ENG-1330,MA1A**********120,,,,
SUP-161,Auto Supplier 161,ENG-1403,MA1A**********121,,,,
SUP-176,Auto Supplier 176,ENG-1208,MA1A**********121,,,,
SUP-179,Auto Supplier 179,ENG-1273,MA1A**********121,,,,
SUP-112,Auto Supplier 112,ENG-1239,MA1A**********121,,,,
SUP-157,Auto Supplier 157,ENG-1251,MA1A**********121,,,,
SUP-046,Auto Supplier 46,ENG-1116,MA1A**********122,,,,
SUP-093,Auto Supplier 93,ENG-1274,MA1A**********122,,,,
SUP-069,Auto Supplier 69,ENG-1076,MA1A**********122,,,,
SUP-125,Auto Supplier 125,ENG-1287,MA1A**********122,,,,
SUP-186,Auto Supplier 186,ENG-1364,MA1A**********122,,,,
SUP-024,Auto Supplier 24,ENG-1178,MA1A**********123,,,,
SUP-063,Auto Supplier 63,ENG-1038,MA1A**********123,,,,
SUP-124,Auto Supplier 124,ENG-1417,MA1A**********123,,,,
SUP-042,Auto Supplier 42,ENG-1131,MA1A**********123,,,,
SUP-146,Auto Supplier 146,ENG-1383,MA1A**********123,,,,
SUP-193,Auto Supplier 193,ENG-1024,MA1A**********124,,,,
SUP-118,Auto Supplier 118,ENG-1021,MA1A**********124,,,,
SUP-070,Auto Supplier 70,ENG-1206,MA1A**********124,,,,
SUP-170,Auto Supplier 170,ENG-1456,MA1A**********124,,,,
SUP-162,Auto Supplier 162,ENG-1058,MA1A**********124,,,,
SUP-091,Auto Supplier 91,ENG-1320,MA1A**********125,,,,
SUP-020,Auto Supplier 20,ENG-1471,MA1A**********125,,,,
SUP-064,Auto Supplier 64,ENG-1053,MA1A**********125,,,,
SUP-026,Auto Supplier 26,ENG-1030,MA1A**********125,,,,
SUP-111,Auto Supplier 111,ENG-1020,MA1A**********125,,,,
SUP-040,Auto Supplier 40,ENG-1097,MA1A**********126,,,,
SUP-138,Auto Supplier 138,ENG-1120,MA1A**********126,,,,
SUP-173,Auto Supplier 173,ENG-1492,MA1A**********126,,,,
SUP-073,Auto Supplier 73,ENG-1013,MA1A**********126,,,,
SUP-114,Auto Supplier 114,ENG-1231,MA1A**********126,,,,
SUP-139,Auto Supplier 139,ENG-1344,MA1A**********127,,,,
SUP-141,Auto Supplier 141,ENG-1394,MA1A**********127,,,,
SUP-040,Auto Supplier 40,ENG-1165,MA1A**********127,,,,
SUP-196,Auto Supplier 196,ENG-1020,MA1A**********127,,,,
SUP-035,Auto Supplier 35,ENG-1204,MA1A**********127,,,,
SUP-069,Auto Supplier 69,ENG-1321,MA1A**********128,,,,
SUP-154,Auto Supplier 154,ENG-1377,MA1A**********128,,,,
SUP-163,Auto Supplier 163,ENG-1223,MA1A**********128,,,,
SUP-187,Auto Supplier 187,ENG-1099,MA1A**********128,,,,
SUP-186,Auto Supplier 186,ENG-1062,MA1A**********128,,,,
SUP-037,Auto Supplier 37,ENG-1201,MA1A**********129,,,,
SUP-172,Auto Supplier 172,ENG-1164,MA1A**********129,,,,
SUP-188,Auto Supplier 188,ENG-1485,MA1A**********129,,,,
SUP-124,Auto Supplier 124,ENG-1487,MA1A**********129,,,,
SUP-174,Auto Supplier 174,ENG-1289,MA1A**********129,,,,
SUP-056,Auto Supplier 56,ENG-1102,MA1A**********130,,,,
SUP-103,Auto Supplier 103,ENG-1339,MA1A**********130,,,,
SUP-015,Auto Supplier 15,ENG-1408,MA1A**********130,,,,
SUP-162,Auto Supplier 162,ENG-1386,MA1A**********130,,,,
SUP-120,Auto Supplier 120,ENG-1006,MA1A**********130,,,,
SUP-030,Auto Supplier 30,ENG-1165,MA1A**********131,,,,
SUP-062,Auto Supplier 62,ENG-1091,MA1A**********131,,,,
SUP-069,Auto Supplier 69,ENG-1334,MA1A**********131,,,,
SUP-048,Auto Supplier 48,ENG-1246,MA1A**********131,,,,
SUP-047,Auto Supplier 47,ENG-1221,MA1A**********131,,,,
SUP-179,Auto Supplier 179,ENG-1131,MA1A**********132,,,,
SUP-175,Auto Supplier 175,ENG-1381,MA1A**********132,,,,
SUP-049,Auto Supplier 49,ENG-1027,MA1A**********132,,,,
SUP-104,Auto Supplier 104,ENG-1399,MA1A**********132,,,,
SUP-114,Auto Supplier 114,ENG-1310,MA1A**********132,,,,
SUP-053,Auto Supplier 53,ENG-1026,MA1A**********133,,,,
SUP-152,Auto Supplier 152,ENG-1496,MA1A**********133,,,,
SUP-111,Auto Supplier 111,ENG-1410,MA1A**********133,,,,
SUP-112,Auto Supplier 112,ENG-1058,MA1A**********133,,,,
SUP-051,Auto Supplier 51,ENG-1400,MA1A**********133,,,,
SUP-056,Auto Supplier 56,ENG-1092,MA1A**********134,,,,
SUP-132,Auto Supplier 132,ENG-1188,MA1A**********134,,,,
SUP-034,Auto Supplier 34,ENG-1378,MA1A**********134,,,,
SUP-128,Auto Supplier 128,ENG-1338,MA1A**********134,,,,
SUP-032,Auto Supplier 32,ENG-1248,MA1A**********134,,,,
SUP-004,Auto Supplier 4,ENG-1282,MA1A**********135,,,,
SUP-154,Auto Supplier 154,ENG-1288,MA1A**********135,,,,
SUP-022,Auto Supplier 22,ENG-1033,MA1A**********135,,,,
SUP-193,Auto Supplier 193,ENG-1299,MA1A**********135,,,,
SUP-097,Auto Supplier 97,ENG-1200,MA1A**********135,,,,
SUP-092,Auto Supplier 92,ENG-1476,MA1A**********136,,,,
SUP-157,Auto Supplier 157,ENG-1087,MA1A**********136,,,,
SUP-094,Auto Supplier 94,ENG-1132,MA1A**********136,,,,
SUP-031,Auto Supplier 31,ENG-1484,MA1A**********136,,,,
SUP-110,Auto Supplier 110,ENG-1322,MA1A**********136,,,,
SUP-093,Auto Supplier 93,ENG-1033,MA1A**********137,,,,
SUP-100,Auto Supplier 100,ENG-1173,MA1A**********137,,,,
SUP-124,Auto Supplier 124,ENG-1427,MA1A**********137,,,,
SUP-079,Auto Supplier 79,ENG-1104,MA1A**********137,,,,
SUP-183,Auto Supplier 183,ENG-1351,MA1A**********137,,,,
SUP-070,Auto Supplier 70,ENG-1308,MA1A**********138,,,,
SUP-154,Auto Supplier 154,ENG-1097,MA1A**********138,,,,
SUP-123,Auto Supplier 123,ENG-1040,MA1A**********138,,,,
SUP-061,Auto Supplier 61,ENG-1040,MA1A**********138,,,,
SUP-075,Auto Supplier 75,ENG-1089,MA1A**********138,,,,
SUP-156,Auto Supplier 156,ENG-1296,MA1A**********139,,,,
SUP-107,Auto Supplier 107,ENG-1404,MA1A**********139,,,,
SUP-134,Auto Supplier 134,ENG-1127,MA1A**********139,,,,
SUP-109,Auto Supplier 109,ENG-1072,MA1A**********139,,,,
SUP-137,Auto Supplier 137,ENG-1060,MA1A**********139,,,,
SUP-028,Auto Supplier 28,ENG-1262,MA1A**********140,,,,
SUP-159,Auto Supplier 159,ENG-1391,MA1A**********140,,,,
SUP-103,Auto Supplier 103,ENG-1379,MA1A**********140,,,,
SUP-151,Auto Supplier 151,ENG-1152,MA1A**********140,,,,
SUP-064,Auto Supplier 64,ENG-1434,MA1A**********140,,,,
SUP-094,Auto Supplier 94,ENG-1190,MA1A**********141,,,,
SUP-035,Auto Supplier 35,ENG-1020,MA1A**********141,,,,
SUP-089,Auto Supplier 89,ENG-1247,MA1A**********141,,,,
SUP-146,Auto Supplier 146,ENG-1368,MA1A**********141,,,,
SUP-102,Auto Supplier 102,ENG-1316,MA1A**********141,,,,
SUP-179,Auto Supplier 179,ENG-1096,MA1A**********142,,,,
SUP-005,Auto Supplier 5,ENG-1257,MA1A**********142,,,,
SUP-151,Auto Supplier 151,ENG-1010,MA1A**********142,,,,
SUP-175,Auto Supplier 175,ENG-1351,MA1A**********142,,,,
SUP-135,Auto Supplier 135,ENG-1433,MA1A**********142,,,,
SUP-191,Auto Supplier 191,ENG-1162,MA1A**********143,,,,
SUP-012,Auto Supplier 12,ENG-1201,MA1A**********143,,,,
SUP-172,Auto Supplier 172,ENG-1484,MA1A**********143,,,,
SUP-020,Auto Supplier 20,ENG-1141,MA1A**********143,,,,
SUP-056,Auto Supplier 56,ENG-1071,MA1A**********143,,,,
SUP-035,Auto Supplier 35,ENG-1090,MA1A**********144,,,,
SUP-116,Auto Supplier 116,ENG-1343,MA1A**********144,,,,
SUP-101,Auto Supplier 101,ENG-1403,MA1A**********144,,,,
SUP-010,Auto Supplier 10,ENG-1493,MA1A**********144,,,,
SUP-074,Auto Supplier 74,ENG-1124,MA1A**********144,,,,
SUP-135,Auto Supplier 135,ENG-1001,MA1A**********145,,,,
SUP-155,Auto Supplier 155,ENG-1382,MA1A**********145,,,,
SUP-172,Auto Supplier 172,ENG-1491,MA1A**********145,,,,
SUP-138,Auto Supplier 138,ENG-1297,MA1A**********145,,,,
SUP-001,Auto Supplier 1,ENG-1111,MA1A**********145,,,,
SUP-068,Auto Supplier 68,ENG-1240,MA1A**********146,,,,
SUP-030,Auto Supplier 30,ENG-1202,MA1A**********146,,,,
SUP-127,Auto Supplier 127,ENG-1308,MA1A**********146,,,,
SUP-081,Auto Supplier 81,ENG-1148,MA1A**********146,,,,
SUP-025,Auto Supplier 25,ENG-1398,MA1A**********146,,,,
SUP-044,Auto Supplier 44,ENG-1167,MA1A**********147,,,,
SUP-173,Auto Supplier 173,ENG-1168,MA1A**********147,,,,
SUP-191,Auto Supplier 191,ENG-1336,MA1A**********147,,,,
SUP-050,Auto Supplier 50,ENG-1129,MA1A**********147,,,,
SUP-059,Auto Supplier 59,ENG-1261,MA1A**********147,,,,
SUP-167,Auto Supplier 167,ENG-1026,MA1A**********148,,,,
SUP-107,Auto Supplier 107,ENG-1454,MA1A**********148,,,,
SUP-010,Auto Supplier 10,ENG-1277,MA1A**********148,,,,
SUP-023,Auto Supplier 23,ENG-1154,MA1A**********148,,,,
SUP-102,Auto Supplier 102,ENG-1020,MA1A**********148,,,,
SUP-179,Auto Supplier 179,ENG-1008,MA1A**********149,,,,
SUP-065,Auto Supplier 65,ENG-1273,MA1A**********149,,,,
SUP-138,Auto Supplier 138,ENG-1193,MA1A**********149,,,,
SUP-195,Auto Supplier 195,ENG-1050,MA1A**********149,,,,
SUP-011,Auto Supplier 11,ENG-1172,MA1A**********149,,,,
SUP-084,Auto Supplier 84,ENG-1023,MA1A**********150,,,,
SUP-009,Auto Supplier 9,ENG-1282,MA1A**********150,,,,
SUP-144,Auto Supplier 144,ENG-1282,MA1A**********150,,,,
SUP-112,Auto Supplier 112,ENG-1123,MA1A**********150,,,,
SUP-139,Auto Supplier 139,ENG-1449,MA1A**********150,,,,
SUP-136,Auto Supplier 136,ENG-1125,MA1A**********151,,,,
SUP-109,Auto Supplier 109,ENG-1242,MA1A**********151,,,,
SUP-052,Auto Supplier 52,ENG-1194,MA1A**********151,,,,
SUP-079,Auto Supplier 79,ENG-1247,MA1A**********151,,,,
SUP-155,Auto Supplier 155,ENG-1349,MA1A**********151,,,,
SUP-098,Auto Supplier 98,ENG-1312,MA1A**********152,,,,
SUP-191,Auto Supplier 191,ENG-1426,MA1A**********152,,,,
SUP-148,Auto Supplier 148,ENG-1176,MA1A**********152,,,,
SUP-006,Auto Supplier 6,ENG-1241,MA1A**********152,,,,
SUP-086,Auto Supplier 86,ENG-1192,MA1A**********152,,,,
SUP-115,Auto Supplier 115,ENG-1076,MA1A**********153,,,,
SUP-089,Auto Supplier 89,ENG-1482,MA1A**********153,,,,
SUP-118,Auto Supplier 118,ENG-1130,MA1A**********153,,,,
SUP-101,Auto Supplier 101,ENG-1424,MA1A**********153,,,,
SUP-043,Auto Supplier 43,ENG-1329,MA1A**********153,,,,
SUP-089,Auto Supplier 89,ENG-1347,MA1A**********154,,,,
SUP-116,Auto Supplier 116,ENG-1042,MA1A**********154,,,,
SUP-012,Auto Supplier 12,ENG-1032,MA1A**********154,,,,
SUP-127,Auto Supplier 127,ENG-1434,MA1A**********154,,,,
SUP-041,Auto Supplier 41,ENG-1279,MA1A**********154,,,,
SUP-033,Auto Supplier 33,ENG-1415,MA1A**********155,,,,
SUP-132,Auto Supplier 132,ENG-1248,MA1A**********155,,,,
SUP-109,Auto Supplier 109,ENG-1492,MA1A**********155,,,,
SUP-005,Auto Supplier 5,ENG-1104,MA1A**********155,,,,
SUP-021,Auto Supplier 21,ENG-1048,MA1A**********155,,,,
SUP-147,Auto Supplier 147,ENG-1078,MA1A**********156,,,,
SUP-028,Auto Supplier 28,ENG-1247,MA1A**********156,,,,
SUP-050,Auto Supplier 50,ENG-1289,MA1A**********156,,,,
SUP-032,Auto Supplier 32,ENG-1245,MA1A**********156,,,,
SUP-081,Auto Supplier 81,ENG-1295,MA1A**********156,,,,
SUP-127,Auto Supplier 127,ENG-1059,MA1A**********157,,,,
SUP-150,Auto Supplier 150,ENG-1356,MA1A**********157,,,,
SUP-006,Auto Supplier 6,ENG-1151,MA1A**********157,,,,
SUP-189,Auto Supplier 189,ENG-1006,MA1A**********157,,,,
SUP-129,Auto Supplier 129,ENG-1026,MA1A**********157,,,,
SUP-050,Auto Supplier 50,ENG-1371,MA1A**********158,,,,
SUP-128,Auto Supplier 128,ENG-1381,MA1A**********158,,,,
SUP-085,Auto Supplier 85,ENG-1447,MA1A**********158,,,,
SUP-042,Auto Supplier 42,ENG-1241,MA1A**********158,,,,
SUP-135,Auto Supplier 135,ENG-1229,MA1A**********158,,,,
SUP-049,Auto Supplier 49,ENG-1325,MA1A**********159,,,,
SUP-191,Auto Supplier 191,ENG-1470,MA1A**********159,,,,
SUP-158,Auto Supplier 158,ENG-1297,MA1A**********159,,,,
SUP-176,Auto Supplier 176,ENG-1465,MA1A**********159,,,,
SUP-053,Auto Supplier 53,ENG-1384,MA1A**********159,,,,
SUP-176,Auto Supplier 176,ENG-1221,MA1A**********160,,,,
SUP-076,Auto Supplier 76,ENG-1470,MA1A**********160,,,,
SUP-028,Auto Supplier 28,ENG-1069,MA1A**********160,,,,
SUP-011,Auto Supplier 11,ENG-1330,MA1A**********160,,,,
SUP-183,Auto Supplier 183,ENG-1001,MA1A**********160,,,,
SUP-107,Auto Supplier 107,ENG-1171,MA1A**********161,,,,
SUP-161,Auto Supplier 161,ENG-1164,MA1A**********161,,,,
SUP-071,Auto Supplier 71,ENG-1247,MA1A**********161,,,,
SUP-024,Auto Supplier 24,ENG-1067,MA1A**********161,,,,
SUP-073,Auto Supplier 73,ENG-1106,MA1A**********161,,,,
SUP-020,Auto Supplier 20,ENG-1221,MA1A**********162,,,,
SUP-139,Auto Supplier 139,ENG-1402,MA1A**********162,,,,
SUP-156,Auto Supplier 156,ENG-1080,MA1A**********162,,,,
SUP-010,Auto Supplier 10,ENG-1481,MA1A**********162,,,,
SUP-048,Auto Supplier 48,ENG-1361,MA1A**********162,,,,
SUP-052,Auto Supplier 52,ENG-1208,MA1A**********163,,,,
SUP-143,Auto Supplier 143,ENG-1107,MA1A**********163,,,,
SUP-124,Auto Supplier 124,ENG-1483,MA1A**********163,,,,
SUP-153,Auto Supplier 153,ENG-1312,MA1A**********163,,,,
SUP-021,Auto Supplier 21,ENG-1003,MA1A**********163,,,,
SUP-194,Auto Supplier 194,ENG-1072,MA1A**********164,,,,
SUP-048,Auto Supplier 48,ENG-1091,MA1A**********164,,,,
SUP-046,Auto Supplier 46,ENG-1418,MA1A**********164,,,,
SUP-045,Auto Supplier 45,ENG-1081,MA1A**********164,,,,
SUP-180,Auto Supplier 180,ENG-1063,MA1A**********164,,,,
SUP-102,Auto Supplier 102,ENG-1404,MA1A**********165,,,,
SUP-059,Auto Supplier 59,ENG-1316,MA1A**********165,,,,
SUP-163,Auto Supplier 163,ENG-1202,MA1A**********165,,,,
SUP-163,Auto Supplier 163,ENG-1477,MA1A**********165,,,,
SUP-056,Auto Supplier 56,ENG-1210,MA1A**********165,,,,
SUP-065,Auto Supplier 65,ENG-1218,MA1A**********166,,,,
SUP-091,Auto Supplier 91,ENG-1401,MA1A**********166,,,,
SUP-100,Auto Supplier 100,ENG-1245,MA1A**********166,,,,
SUP-173,Auto Supplier 173,ENG-1383,MA1A**********166,,,,
SUP-177,Auto Supplier 177,ENG-1436,MA1A**********166,,,,
SUP-060,Auto Supplier 60,ENG-1345,MA1A**********167,,,,
SUP-058,Auto Supplier 58,ENG-1305,MA1A**********167,,,,
SUP-113,Auto Supplier 113,ENG-1025,MA1A**********167,,,,
SUP-175,Auto Supplier 175,ENG-1455,MA1A**********167,,,,
SUP-030,Auto Supplier 30,ENG-1024,MA1A**********167,,,,
SUP-089,Auto Supplier 89,ENG-1252,MA1A**********168,,,,
SUP-011,Auto Supplier 11,ENG-1287,MA1A**********168,,,,
SUP-090,Auto Supplier 90,ENG-1252,MA1A**********168,,,,
SUP-163,Auto Supplier 163,ENG-1032,MA1A**********168,,,,
SUP-081,Auto Supplier 81,ENG-1115,MA1A**********168,,,,
SUP-012,Auto Supplier 12,ENG-1071,MA1A**********169,,,,
SUP-173,Auto Supplier 173,ENG-1381,MA1A**********169,,,,
SUP-177,Auto Supplier 177,ENG-1410,MA1A**********169,,,,
SUP-093,Auto Supplier 93,ENG-1105,MA1A**********169,,,,
SUP-090,Auto Supplier 90,ENG-1373,MA1A**********169,,,,
SUP-064,Auto Supplier 64,ENG-1379,MA1A**********170,,,,
SUP-138,Auto Supplier 138,ENG-1454,MA1A**********170,,,,
SUP-128,Auto Supplier 128,ENG-1259,MA1A**********170,,,,
SUP-135,Auto Supplier 135,ENG-1314,MA1A**********170,,,,
SUP-187,Auto Supplier 187,ENG-1134,MA1A**********170,,,,
SUP-052,Auto Supplier 52,ENG-1434,MA1A**********171,,,,
SUP-077,Auto Supplier 77,ENG-1255,MA1A**********171,,,,
SUP-187,Auto Supplier 187,ENG-1380,MA1A**********171,,,,
SUP-121,Auto Supplier 121,ENG-1398,MA1A**********171,,,,
SUP-015,Auto Supplier 15,ENG-1308,MA1A**********171,,,,
SUP-091,Auto Supplier 91,ENG-1353,MA1A**********172,,,,
SUP-177,Auto Supplier 177,ENG-1016,MA1A**********172,,,,
SUP-130,Auto Supplier 130,ENG-1146,MA1A**********172,,,,
SUP-109,Auto Supplier 109,ENG-1080,MA1A**********172,,,,
SUP-096,Auto Supplier 96,ENG-1151,MA1A**********172,,,,
SUP-026,Auto Supplier 26,ENG-1185,MA1A**********173,,,,
SUP-171,Auto Supplier 171,ENG-1322,MA1A**********173,,,,
SUP-108,Auto Supplier 108,ENG-1355,MA1A**********173,,,,
SUP-119,Auto Supplier 119,ENG-1444,MA1A**********173,,,,
SUP-183,Auto Supplier 183,ENG-1164,MA1A**********173,,,,
SUP-032,Auto Supplier 32,ENG-1097,MA1A**********174,,,,
SUP-106,Auto Supplier 106,ENG-1219,MA1A**********174,,,,
SUP-188,Auto Supplier 188,ENG-1142,MA1A**********174,,,,
SUP-007,Auto Supplier 7,ENG-1486,MA1A**********174,,,,
SUP-079,Auto Supplier 79,ENG-1342,MA1A**********174,,,,
SUP-086,Auto Supplier 86,ENG-1402,MA1A**********175,,,,
SUP-030,Auto Supplier 30,ENG-1207,MA1A**********175,,,,
SUP-003,Auto Supplier 3,ENG-1394,MA1A**********175,,,,
SUP-088,Auto Supplier 88,ENG-1492,MA1A**********175,,,,
SUP-094,Auto Supplier 94,ENG-1001,MA1A**********175,,,,
SUP-005,Auto Supplier 5,ENG-1048,MA1A**********176,,,,
SUP-018,Auto Supplier 18,ENG-1285,MA1A**********176,,,,
SUP-043,Auto Supplier 43,ENG-1395,MA1A**********176,,,,
SUP-015,Auto Supplier 15,ENG-1034,MA1A**********176,,,,
SUP-060,Auto Supplier 60,ENG-1110,MA1A**********176,,,,
SUP-128,Auto Supplier 128,ENG-1011,MA1A**********177,,,,
SUP-038,Auto Supplier 38,ENG-1439,MA1A**********177,,,,
SUP-047,Auto Supplier 47,ENG-1360,MA1A**********177,,,,
SUP-162,Auto Supplier 162,ENG-1029,MA1A**********177,,,,
SUP-067,Auto Supplier 67,ENG-1047,MA1A**********177,,,,
SUP-125,Auto Supplier 125,ENG-1097,MA1A**********178,,,,
SUP-094,Auto Supplier 94,ENG-1391,MA1A**********178,,,,
SUP-154,Auto Supplier 154,ENG-1292,MA1A**********178,,,,
SUP-007,Auto Supplier 7,ENG-1443,MA1A**********178,,,,
SUP-081,Auto Supplier 81,ENG-1380,MA1A**********178,,,,
SUP-068,Auto Supplier 68,ENG-1089,MA1A**********179,,,,
SUP-188,Auto Supplier 188,ENG-1270,MA1A**********179,,,,
SUP-115,Auto Supplier 115,ENG-1206,MA1A**********179,,,,
SUP-091,Auto Supplier 91,ENG-1030,MA1A**********179,,,,
SUP-143,Auto Supplier 143,ENG-1395,MA1A**********179,,,,
SUP-167,Auto Supplier 167,ENG-1400,MA1A**********180,,,,
SUP-199,Auto Supplier 199,ENG-1111,MA1A**********180,,,,
SUP-122,Auto Supplier 122,ENG-1032,MA1A**********180,,,,
SUP-037,Auto Supplier 37,ENG-1148,MA1A**********180,,,,
SUP-180,Auto Supplier 180,ENG-1153,MA1A**********180,,,,
SUP-086,Auto Supplier 86,ENG-1275,MA1A**********181,,,,
SUP-155,Auto Supplier 155,ENG-1461,MA1A**********181,,,,
SUP-057,Auto Supplier 57,ENG-1257,MA1A**********181,,,,
SUP-079,Auto Supplier 79,ENG-1006,MA1A**********181,,,,
SUP-134,Auto Supplier 134,ENG-1204,MA1A**********181,,,,
SUP-103,Auto Supplier 103,ENG-1245,MA1A**********182,,,,
SUP-131,Auto Supplier 131,ENG-1047,MA1A**********182,,,,
SUP-154,Auto Supplier 154,ENG-1062,MA1A**********182,,,,
SUP-008,Auto Supplier 8,ENG-1273,MA1A**********182,,,,
SUP-079,Auto Supplier 79,ENG-1338,MA1A**********182,,,,
SUP-021,Auto Supplier 21,ENG-1460,MA1A**********183,,,,
SUP-139,Auto Supplier 139,ENG-1014,MA1A**********183,,,,
SUP-033,Auto Supplier 33,ENG-1352,MA1A**********183,,,,
SUP-018,Auto Supplier 18,ENG-1042,MA1A**********183,,,,
SUP-144,Auto Supplier 144,ENG-1016,MA1A**********183,,,,
SUP-163,Auto Supplier 163,ENG-1319,MA1A**********184,,,,
SUP-107,Auto Supplier 107,ENG-1189,MA1A**********184,,,,
SUP-188,Auto Supplier 188,ENG-1056,MA1A**********184,,,,
SUP-130,Auto Supplier 130,ENG-1242,MA1A**********184,,,,
SUP-049,Auto Supplier 49,ENG-1397,MA1A**********184,,,,
SUP-194,Auto Supplier 194,ENG-1024,MA1A**********185,,,,
SUP-081,Auto Supplier 81,ENG-1462,MA1A**********185,,,,
SUP-155,Auto Supplier 155,ENG-1258,MA1A**********185,,,,
SUP-122,Auto Supplier 122,ENG-1278,MA1A**********185,,,,
SUP-018,Auto Supplier 18,ENG-1032,MA1A**********185,,,,
SUP-176,Auto Supplier 176,ENG-1161,MA1A**********186,,,,
SUP-059,Auto Supplier 59,ENG-1231,MA1A**********186,,,,
SUP-061,Auto Supplier 61,ENG-1173,MA1A**********186,,,,
SUP-123,Auto Supplier 123,ENG-1014,MA1A**********186,,,,
SUP-085,Auto Supplier 85,ENG-1406,MA1A**********186,,,,
SUP-184,Auto Supplier 184,ENG-1341,MA1A**********187,,,,
SUP-081,Auto Supplier 81,ENG-1048,MA1A**********187,,,,
SUP-157,Auto Supplier 157,ENG-1303,MA1A**********187,,,,
SUP-105,Auto Supplier 105,ENG-1156,MA1A**********187,,,,
SUP-003,Auto Supplier 3,ENG-1150,MA1A**********187,,,,
SUP-131,Auto Supplier 131,ENG-1160,MA1A**********188,,,,
SUP-132,Auto Supplier 132,ENG-1415,MA1A**********188,,,,
SUP-122,Auto Supplier 122,ENG-1472,MA1A**********188,,,,
SUP-064,Auto Supplier 64,ENG-1377,MA1A**********188,,,,
SUP-189,Auto Supplier 189,ENG-1087,MA1A**********188,,,,
SUP-190,Auto Supplier 190,ENG-1381,MA1A**********189,,,,
SUP-183,Auto Supplier 183,ENG-1075,MA1A**********189,,,,
SUP-126,Auto Supplier 126,ENG-1270,MA1A**********189,,,,
SUP-049,Auto Supplier 49,ENG-1244,MA1A**********189,,,,
SUP-063,Auto Supplier 63,ENG-1467,MA1A**********189,,,,
SUP-004,Auto Supplier 4,ENG-1461,MA1A**********190,,,,
SUP-034,Auto Supplier 34,ENG-1454,MA1A**********190,,,,
SUP-050,Auto Supplier 50,ENG-1398,MA1A**********190,,,,
SUP-106,Auto Supplier 106,ENG-1062,MA1A**********190,,,,
SUP-123,Auto Supplier 123,ENG-1001,MA1A**********190,,,,
SUP-080,Auto Supplier 80,ENG-1307,MA1A**********191,,,,
SUP-044,Auto Supplier 44,ENG-1137,MA1A**********191,,,,
SUP-058,Auto Supplier 58,ENG-1126,MA1A**********191,,,,
SUP-104,Auto Supplier 104,ENG-1269,MA1A**********191,,,,
SUP-017,Auto Supplier 17,ENG-1477,MA1A**********191,,,,
SUP-028,Auto Supplier 28,ENG-1433,MA1A**********192,,,,
SUP-072,Auto Supplier 72,ENG-1354,MA1A**********192,,,,
SUP-113,Auto Supplier 113,ENG-1216,MA1A**********192,,,,
SUP-070,Auto Supplier 70,ENG-1074,MA1A**********192,,,,
SUP-148,Auto Supplier 148,ENG-1309,MA1A**********192,,,,
SUP-151,Auto Supplier 151,ENG-1312,MA1A**********193,,,,
SUP-166,Auto Supplier 166,ENG-1415,MA1A**********193,,,,
SUP-090,Auto Supplier 90,ENG-1210,MA1A**********193,,,,
SUP-110,Auto Supplier 110,ENG-1115,MA1A**********193,,,,
SUP-125,Auto Supplier 125,ENG-1065,MA1A**********193,,,,
SUP-070,Auto Supplier 70,ENG-1092,MA1A**********194,,,,
SUP-137,Auto Supplier 137,ENG-1024,MA1A**********194,,,,
SUP-071,Auto Supplier 71,ENG-1213,MA1A**********194,,,,
SUP-009,Auto Supplier 9,ENG-1242,MA1A**********194,,,,
SUP-050,Auto Supplier 50,ENG-1453,MA1A**********194,,,,
SUP-095,Auto Supplier 95,ENG-1061,MA1A**********195,,,,
SUP-145,Auto Supplier 145,ENG-1073,MA1A**********195,,,,
SUP-003,Auto Supplier 3,ENG-1358,MA1A**********195,,,,
SUP-050,Auto Supplier 50,ENG-1179,MA1A**********195,,,,
SUP-060,Auto Supplier 60,ENG-1463,MA1A**********195,,,,
SUP-136,Auto Supplier 136,ENG-1382,MA1A**********196,,,,
SUP-079,Auto Supplier 79,ENG-1190,MA1A**********196,,,,
SUP-167,Auto Supplier 167,ENG-1014,MA1A**********196,,,,
SUP-080,Auto Supplier 80,ENG-1163,MA1A**********196,,,,
SUP-105,Auto Supplier 105,ENG-1304,MA1A**********196,,,,
SUP-080,Auto Supplier 80,ENG-1189,MA1A**********197,,,,
SUP-037,Auto Supplier 37,ENG-1073,MA1A**********197,,,,
SUP-098,Auto Supplier 98,ENG-1320,MA1A**********197,,,,
SUP-189,Auto Supplier 189,ENG-1141,MA1A**********197,,,,
SUP-046,Auto Supplier 46,ENG-1465,MA1A**********197,,,,
SUP-159,Auto Supplier 159,ENG-1386,MA1A**********198,,,,
SUP-190,Auto Supplier 190,ENG-1419,MA1A**********198,,,,
SUP-071,Auto Supplier 71,ENG-1233,MA1A**********198,,,,
SUP-082,Auto Supplier 82,ENG-1196,MA1A**********198,,,,
SUP-113,Auto Supplier 113,ENG-1189,MA1A**********198,,,,
SUP-012,Auto Supplier 12,ENG-1445,MA1A**********199,,,,
SUP-098,Auto Supplier 98,ENG-1245,MA1A**********199,,,,
SUP-125,Auto Supplier 125,ENG-1217,MA1A**********199,,,,
SUP-083,Auto Supplier 83,ENG-1065,MA1A**********199,,,,
SUP-147,Auto Supplier 147,ENG-1363,MA1A**********199,,,,
SUP-029,Auto Supplier 29,ENG-1220,MA1A**********200,,,,
SUP-097,Auto Supplier 97,ENG-1400,MA1A**********200,,,,
SUP-081,Auto Supplier 81,ENG-1072,MA1A**********200,,,,
SUP-014,Auto Supplier 14,ENG-1303,MA1A**********200,,,,
SUP-146,Auto Supplier 146,ENG-1085,MA1A**********200,,,,
SUP-102,Auto Supplier 102,ENG-1112,MA1A**********201,,,,
SUP-065,Auto Supplier 65,ENG-1291,MA1A**********201,,,,
SUP-171,Auto Supplier 171,ENG-1230,MA1A**********201,,,,
SUP-102,Auto Supplier 102,ENG-1165,MA1A**********201,,,,
SUP-156,Auto Supplier 156,ENG-1275,MA1A**********201,,,,
SUP-196,Auto Supplier 196,ENG-1070,MA1A**********202,,,,
SUP-194,Auto Supplier 194,ENG-1289,MA1A**********202,,,,
SUP-060,Auto Supplier 60,ENG-1318,MA1A**********202,,,,
SUP-102,Auto Supplier 102,ENG-1119,MA1A**********202,,,,
SUP-116,Auto Supplier 116,ENG-1311,MA1A**********202,,,,
SUP-085,Auto Supplier 85,ENG-1473,MA1A**********203,,,,
SUP-097,Auto Supplier 97,ENG-1001,MA1A**********203,,,,
SUP-111,Auto Supplier 111,ENG-1382,MA1A**********203,,,,
SUP-018,Auto Supplier 18,ENG-1032,MA1A**********203,,,,
SUP-166,Auto Supplier 166,ENG-1142,MA1A**********203,,,,
SUP-041,Auto Supplier 41,ENG-1447,MA1A**********204,,,,
SUP-049,Auto Supplier 49,ENG-1209,MA1A**********204,,,,
SUP-172,Auto Supplier 172,ENG-1286,MA1A**********204,,,,
SUP-032,Auto Supplier 32,ENG-1330,MA1A**********204,,,,
SUP-024,Auto Supplier 24,ENG-1120,MA1A**********204,,,,
SUP-121,Auto Supplier 121,ENG-1001,MA1A**********205,,,,
SUP-018,Auto Supplier 18,ENG-1384,MA1A**********205,,,,
SUP-118,Auto Supplier 118,ENG-1009,MA1A**********205,,,,
SUP-049,Auto Supplier 49,ENG-1267,MA1A**********205,,,,
SUP-164,Auto Supplier 164,ENG-1111,MA1A**********205,,,,
SUP-053,Auto Supplier 53,ENG-1140,MA1A**********206,,,,
SUP-148,Auto Supplier 148,ENG-1041,MA1A**********206,,,,
SUP-107,Auto Supplier 107,ENG-1327,MA1A**********206,,,,
SUP-102,Auto Supplier 102,ENG-1404,MA1A**********206,,,,
SUP-130,Auto Supplier 130,ENG-1019,MA1A**********206,,,,
SUP-159,Auto Supplier 159,ENG-1410,MA1A**********207,,,,
SUP-196,Auto Supplier 196,ENG-1059,MA1A**********207,,,,
SUP-087,Auto Supplier 87,ENG-1483,MA1A**********207,,,,
SUP-187,Auto Supplier 187,ENG-1127,MA1A**********207,,,,
SUP-012,Auto Supplier 12,ENG-1301,MA1A**********207,,,,
SUP-179,Auto Supplier 179,ENG-1329,MA1A**********208,,,,
SUP-063,Auto Supplier 63,ENG-1054,MA1A**********208,,,,
SUP-114,Auto Supplier 114,ENG-1053,MA1A**********208,,,,
SUP-136,Auto Supplier 136,ENG-1012,MA1A**********208,,,,
SUP-088,Auto Supplier 88,ENG-1168,MA1A**********208,,,,
SUP-044,Auto Supplier 44,ENG-1277,MA1A**********209,,,,
SUP-109,Auto Supplier 109,ENG-1286,MA1A**********209,,,,
SUP-040,Auto Supplier 40,ENG-1119,MA1A**********209,,,,
SUP-006,Auto Supplier 6,ENG-1426,MA1A**********209,,,,
SUP-080,Auto Supplier 80,ENG-1445,MA1A**********209,,,,
SUP-169,Auto Supplier 169,ENG-1321,MA1A**********210,,,,
SUP-105,Auto Supplier 105,ENG-1157,MA1A**********210,,,,
SUP-172,Auto Supplier 172,ENG-1324,MA1A**********210,,,,
SUP-030,Auto Supplier 30,ENG-1324,MA1A**********210,,,,
SUP-123,Auto Supplier 123,ENG-1139,MA1A**********210,,,,
SUP-054,Auto Supplier 54,ENG-1167,MA1A**********211,,,,
SUP-166,Auto Supplier 166,ENG-1490,MA1A**********211,,,,
SUP-077,Auto Supplier 77,ENG-1029,MA1A**********211,,,,
SUP-179,Auto Supplier 179,ENG-1365,MA1A**********211,,,,
SUP-197,Auto Supplier 197,ENG-1006,MA1A**********211,,,,
SUP-191,Auto Supplier 191,ENG-1382,MA1A**********212,,,,
SUP-155,Auto Supplier 155,ENG-1088,MA1A**********212,,,,
SUP-097,Auto Supplier 97,ENG-1132,MA1A**********212,,,,
SUP-067,Auto Supplier 67,ENG-1022,MA1A**********212,,,,
SUP-054,Auto Supplier 54,ENG-1018,MA1A**********212,,,,
SUP-137,Auto Supplier 137,ENG-1127,MA1A**********213,,,,
SUP-151,Auto Supplier 151,ENG-1303,MA1A**********213,,,,
SUP-145,Auto Supplier 145,ENG-1386,MA1A**********213,,,,
SUP-193,Auto Supplier 193,ENG-1260,MA1A**********213,,,,
SUP-149,Auto Supplier 149,ENG-1041,MA1A**********213,,,,
SUP-018,Auto Supplier 18,ENG-1225,MA1A**********214,,,,
SUP-002,Auto Supplier 2,ENG-1274,MA1A**********214,,,,
SUP-071,Auto Supplier 71,ENG-1478,MA1A**********214,,,,
SUP-142,Auto Supplier 142,ENG-1237,MA1A**********214,,,,
SUP-081,Auto Supplier 81,ENG-1443,MA1A**********214,,,,
SUP-016,Auto Supplier 16,ENG-1293,MA1A**********215,,,,
SUP-052,Auto Supplier 52,ENG-1427,MA1A**********215,,,,
SUP-019,Auto Supplier 19,ENG-1259,MA1A**********215,,,,
SUP-005,Auto Supplier 5,ENG-1119,MA1A**********215,,,,
SUP-112,Auto Supplier 112,ENG-1492,MA1A**********215,,,,
SUP-084,Auto Supplier 84,ENG-1145,MA1A**********216,,,,
SUP-074,Auto Supplier 74,ENG-1425,MA1A**********216,,,,
SUP-105,Auto Supplier 105,ENG-1290,MA1A**********216,,,,
SUP-167,Auto Supplier 167,ENG-1061,MA1A**********216,,,,
SUP-028,Auto Supplier 28,ENG-1358,MA1A**********216,,,,
SUP-067,Auto Supplier 67,ENG-1433,MA1A**********217,,,,
SUP-029,Auto Supplier 29,ENG-1094,MA1A**********217,,,,
SUP-018,Auto Supplier 18,ENG-1205,MA1A**********217,,,,
SUP-142,Auto Supplier 142,ENG-1297,MA1A**********217,,,,
SUP-063,Auto Supplier 63,ENG-1086,MA1A**********217,,,,
SUP-146,Auto Supplier 146,ENG-1388,MA1A**********218,,,,
SUP-159,Auto Supplier 159,ENG-1237,MA1A**********218,,,,
SUP-036,Auto Supplier 36,ENG-1205,MA1A**********218,,,,
NAN,,ENG-1268,MA1A**********218,,,,
SUP-016,Auto Supplier 16,ENG-1077,MA1A**********218,,,,
SUP-014,Auto Supplier 14,ENG-1237,MA1A**********219,,,,
SUP-154,Auto Supplier 154,ENG-1139,MA1A**********219,,,,
SUP-092,Auto Supplier 92,ENG-1245,MA1A**********219,,,,
SUP-045,Auto Supplier 45,ENG-1330,MA1A**********219,,,,
SUP-154,Auto Supplier 154,ENG-1368,MA1A**********219,,,,
SUP-187,Auto Supplier 187,ENG-1277,MA1A**********220,,,,
SUP-159,Auto Supplier 159,ENG-1408,MA1A**********220,,,,
SUP-073,Auto Supplier 73,ENG-1190,MA1A**********220,,,,
NAN,,ENG-1006,MA1A**********220,,,,
SUP-131,Auto Supplier 131,ENG-1430,MA1A**********220,,,,
SUP-166,Auto Supplier 166,ENG-1323,MA1A**********221,,,,
SUP-102,Auto Supplier 102,ENG-1045,MA1A**********221,,,,
SUP-170,Auto Supplier 170,ENG-1251,MA1A**********221,,,,
SUP-185,Auto Supplier 185,ENG-1198,MA1A**********221,,,,
SUP-193,Auto Supplier 193,ENG-1164,MA1A**********221,,,,
NAN,,ENG-1129,MA1A**********222,,,,
SUP-144,Auto Supplier 144,ENG-1245,MA1A**********222,,,,
SUP-064,Auto Supplier 64,ENG-1340,MA1A**********222,,,,
SUP-082,Auto Supplier 82,ENG-1258,MA1A**********222,,,,
SUP-095,Auto Supplier 95,ENG-1106,MA1A**********222,,,,
SUP-008,Auto Supplier 8,ENG-1436,MA1A**********223,,,,
SUP-125,Auto Supplier 125,ENG-1299,MA1A**********223,,,,
SUP-168,Auto Supplier 168,ENG-1158,MA1A**********223,,,,
SUP-170,Auto Supplier 170,ENG-1125,MA1A**********223,,,,
SUP-005,Auto Supplier 5,ENG-1388,MA1A**********223,,,,
SUP-178,Auto Supplier 178,ENG-1467,MA1A**********224,,,,
SUP-075,Auto Supplier 75,ENG-1194,MA1A**********224,,,,
SUP-187,Auto Supplier 187,ENG-1195,MA1A**********224,,,,
SUP-080,Auto Supplier 80,ENG-1175,MA1A**********224,,,,
SUP-085,Auto Supplier 85,ENG-1405,MA1A**********224,,,,
SUP-003,Auto Supplier 3,ENG-1461,MA1A**********225,,,,
SUP-180,Auto Supplier 180,ENG-1241,MA1A**********225,,,,
SUP-049,Auto Supplier 49,ENG-1330,MA1A**********225,,,,
SUP-062,Auto Supplier 62,ENG-1260,MA1A**********225,,,,
SUP-005,Auto Supplier 5,ENG-1185,MA1A**********225,,,,
SUP-009,Auto Supplier 9,ENG-1153,MA1A**********226,,,,
SUP-050,Auto Supplier 50,ENG-1248,MA1A**********226,,,,
SUP-167,Auto Supplier 167,ENG-1448,MA1A**********226,,,,
SUP-140,Auto Supplier 140,ENG-1081,MA1A**********226,,,,
SUP-006,Auto Supplier 6,ENG-1334,MA1A**********226,,,,
SUP-117,Auto Supplier 117,ENG-1134,MA1A**********227,,,,
SUP-026,Auto Supplier 26,ENG-1403,MA1A**********227,,,,
SUP-064,Auto Supplier 64,ENG-1468,MA1A**********227,,,,
SUP-091,Auto Supplier 91,ENG-1063,MA1A**********227,,,,
SUP-181,Auto Supplier 181,ENG-1165,MA1A**********227,,,,
SUP-023,Auto Supplier 23,ENG-1057,MA1A**********228,,,,
SUP-034,Auto Supplier 34,ENG-1316,MA1A**********228,,,,
SUP-179,Auto Supplier 179,ENG-1393,MA1A**********228,,,,
SUP-181,Auto Supplier 181,ENG-1035,MA1A**********228,,,,
SUP-019,Auto Supplier 19,ENG-1404,MA1A**********228,,,,
SUP-053,Auto Supplier 53,ENG-1324,MA1A**********229,,,,
SUP-057,Auto Supplier 57,ENG-1004,MA1A**********229,,,,
SUP-012,Auto Supplier 12,ENG-1224,MA1A**********229,,,,
SUP-123,Auto Supplier 123,ENG-1288,MA1A**********229,,,,
SUP-195,Auto Supplier 195,ENG-1125,MA1A**********229,,,,
SUP-096,Auto Supplier 96,ENG-1499,MA1A**********230,,,,
SUP-158,Auto Supplier 158,ENG-1046,MA1A**********230,,,,
SUP-132,Auto Supplier 132,ENG-1165,MA1A**********230,,,,
SUP-115,Auto Supplier 115,ENG-1383,MA1A**********230,,,,
SUP-097,Auto Supplier 97,ENG-1347,MA1A**********230,,,,
SUP-021,Auto Supplier 21,ENG-1394,MA1A**********231,,,,
SUP-055,Auto Supplier 55,ENG-1251,MA1A**********231,,,,
SUP-095,Auto Supplier 95,ENG-1099,MA1A**********231,,,,
SUP-072,Auto Supplier 72,ENG-1018,MA1A**********231,,,,
SUP-004,Auto Supplier 4,ENG-1089,MA1A**********231,,,,
SUP-157,Auto Supplier 157,ENG-1495,MA1A**********232,,,,
SUP-035,Auto Supplier 35,ENG-1216,MA1A**********232,,,,
SUP-102,Auto Supplier 102,ENG-1326,MA1A**********232,,,,
SUP-108,Auto Supplier 108,ENG-1270,MA1A**********232,,,,
SUP-052,Auto Supplier 52,ENG-1245,MA1A**********232,,,,
SUP-182,Auto Supplier 182,ENG-1464,MA1A**********233,,,,
SUP-096,Auto Supplier 96,ENG-1246,MA1A**********233,,,,
SUP-145,Auto Supplier 145,ENG-1378,MA1A**********233,,,,
SUP-001,Auto Supplier 1,ENG-1229,MA1A**********233,,,,
SUP-117,Auto Supplier 117,ENG-1138,MA1A**********233,,,,
SUP-070,Auto Supplier 70,ENG-1082,MA1A**********234,,,,
SUP-184,Auto Supplier 184,ENG-1118,MA1A**********234,,,,
SUP-006,Auto Supplier 6,ENG-1108,MA1A**********234,,,,
SUP-013,Auto Supplier 13,ENG-1243,MA1A**********234,,,,
SUP-033,Auto Supplier 33,ENG-1033,MA1A**********234,,,,
SUP-050,Auto Supplier 50,ENG-1484,MA1A**********235,,,,
SUP-116,Auto Supplier 116,ENG-1418,MA1A**********235,,,,
SUP-174,Auto Supplier 174,ENG-1434,MA1A**********235,,,,
SUP-121,Auto Supplier 121,ENG-1420,MA1A**********235,,,,
SUP-178,Auto Supplier 178,ENG-1133,MA1A**********235,,,,
SUP-110,Auto Supplier 110,ENG-1480,MA1A**********236,,,,
SUP-153,Auto Supplier 153,ENG-1321,MA1A**********236,,,,
SUP-061,Auto Supplier 61,ENG-1191,MA1A**********236,,,,
SUP-139,Auto Supplier 139,ENG-1282,MA1A**********236,,,,
SUP-117,Auto Supplier 117,ENG-1260,MA1A**********236,,,,
SUP-133,Auto Supplier 133,ENG-1348,MA1A**********237,,,,
SUP-138,Auto Supplier 138,ENG-1053,MA1A**********237,,,,
SUP-026,Auto Supplier 26,ENG-1476,MA1A**********237,,,,
SUP-197,Auto Supplier 197,ENG-1425,MA1A**********237,,,,
SUP-096,Auto Supplier 96,ENG-1205,MA1A**********237,,,,
SUP-069,Auto Supplier 69,ENG-1232,MA1A**********238,,,,
SUP-179,Auto Supplier 179,ENG-1241,MA1A**********238,,,,
SUP-174,Auto Supplier 174,ENG-1225,MA1A**********238,,,,
SUP-013,Auto Supplier 13,ENG-1114,MA1A**********238,,,,
SUP-105,Auto Supplier 105,ENG-1277,MA1A**********238,,,,
SUP-066,Auto Supplier 66,ENG-1009,MA1A**********239,,,,
SUP-092,Auto Supplier 92,ENG-1170,MA1A**********239,,,,
SUP-194,Auto Supplier 194,ENG-1054,MA1A**********239,,,,
SUP-086,Auto Supplier 86,ENG-1099,MA1A**********239,,,,
SUP-057,Auto Supplier 57,ENG-1451,MA1A**********239,,,,
SUP-032,Auto Supplier 32,ENG-1154,MA1A**********240,,,,
SUP-129,Auto Supplier 129,ENG-1302,MA1A**********240,,,,
SUP-110,Auto Supplier 110,ENG-1236,MA1A**********240,,,,
SUP-020,Auto Supplier 20,ENG-1216,MA1A**********240,,,,
SUP-161,Auto Supplier 161,ENG-1470,MA1A**********240,,,,
SUP-128,Auto Supplier 128,ENG-1056,MA1A**********241,,,,
SUP-161,Auto Supplier 161,ENG-1320,MA1A**********241,,,,
SUP-101,Auto Supplier 101,ENG-1482,MA1A**********241,,,,
SUP-147,Auto Supplier 147,ENG-1408,MA1A**********241,,,,
SUP-192,Auto Supplier 192,ENG-1333,MA1A**********241,,,,
SUP-140,Auto Supplier 140,ENG-1256,MA1A**********242,,,,
SUP-073,Auto Supplier 73,ENG-1207,MA1A**********242,,,,
SUP-001,Auto Supplier 1,ENG-1219,MA1A**********242,,,,
SUP-161,Auto Supplier 161,ENG-1408,MA1A**********242,,,,
SUP-142,Auto Supplier 142,ENG-1314,MA1A**********242,,,,
SUP-088,Auto Supplier 88,ENG-1490,MA1A**********243,,,,
SUP-003,Auto Supplier 3,ENG-1367,MA1A**********243,,,,
SUP-141,Auto Supplier 141,ENG-1478,MA1A**********243,,,,
SUP-093,Auto Supplier 93,ENG-1499,MA1A**********243,,,,
SUP-176,Auto Supplier 176,ENG-1139,MA1A**********243,,,,
SUP-100,Auto Supplier 100,ENG-1325,MA1A**********244,,,,
SUP-091,Auto Supplier 91,ENG-1300,MA1A**********244,,,,
SUP-161,Auto Supplier 161,ENG-1048,MA1A**********244,,,,
SUP-084,Auto Supplier 84,ENG-1059,MA1A**********244,,,,
SUP-164,Auto Supplier 164,ENG-1422,MA1A**********244,,,,
SUP-081,Auto Supplier 81,ENG-1193,MA1A**********245,,,,
SUP-090,Auto Supplier 90,ENG-1295,MA1A**********245,,,,
SUP-188,Auto Supplier 188,ENG-1123,MA1A**********245,,,,
SUP-062,Auto Supplier 62,ENG-1401,MA1A**********245,,,,
SUP-090,Auto Supplier 90,ENG-1068,MA1A**********245,,,,
SUP-157,Auto Supplier 157,ENG-1154,MA1A**********246,,,,
SUP-044,Auto Supplier 44,ENG-1335,MA1A**********246,,,,
SUP-178,Auto Supplier 178,ENG-1427,MA1A**********246,,,,
SUP-087,Auto Supplier 87,ENG-1279,MA1A**********246,,,,
SUP-068,Auto Supplier 68,ENG-1012,MA1A**********246,,,,
SUP-079,Auto Supplier 79,ENG-1041,MA1A**********247,,,,
SUP-019,Auto Supplier 19,ENG-1073,MA1A**********247,,,,
SUP-035,Auto Supplier 35,ENG-1236,MA1A**********247,,,,
SUP-035,Auto Supplier 35,ENG-1093,MA1A**********247,,,,
SUP-076,Auto Supplier 76,ENG-1026,MA1A**********247,,,,
SUP-177,Auto Supplier 177,ENG-1362,MA1A**********248,,,,
SUP-194,Auto Supplier 194,ENG-1162,MA1A**********248,,,,
SUP-052,Auto Supplier 52,ENG-1022,MA1A**********248,,,,
SUP-154,Auto Supplier 154,ENG-1442,MA1A**********248,,,,
SUP-025,Auto Supplier 25,ENG-1326,MA1A**********248,,,,
SUP-048,Auto Supplier 48,ENG-1106,MA1A**********249,,,,
SUP-151,Auto Supplier 151,ENG-1318,MA1A**********249,,,,
SUP-096,Auto Supplier 96,ENG-1138,MA1A**********249,,,,
SUP-122,Auto Supplier 122,ENG-1278,MA1A**********249,,,,
SUP-026,Auto Supplier 26,ENG-1317,MA1A**********249,,,,
SUP-013,Auto Supplier 13,ENG-1399,MA1A**********250,,,,
SUP-092,Auto Supplier 92,ENG-1483,MA1A**********250,,,,
SUP-028,Auto Supplier 28,ENG-1098,MA1A**********250,,,,
SUP-080,Auto Supplier 80,ENG-1315,MA1A**********250,,,,
SUP-072,Auto Supplier 72,ENG-1435,MA1A**********250,,,,
SUP-078,Auto Supplier 78,ENG-1106,MA1A**********251,,,,
SUP-113,Auto Supplier 113,ENG-1380,MA1A**********251,,,,
SUP-164,Auto Supplier 164,ENG-1064,MA1A**********251,,,,
SUP-120,Auto Supplier 120,ENG-1487,MA1A**********251,,,,
SUP-039,Auto Supplier 39,ENG-1259,MA1A**********251,,,,
SUP-133,Auto Supplier 133,ENG-1473,MA1A**********252,,,,
SUP-148,Auto Supplier 148,ENG-1443,MA1A**********252,,,,
SUP-135,Auto Supplier 135,ENG-1125,MA1A**********252,,,,
SUP-114,Auto Supplier 114,ENG-1317,MA1A**********252,,,,
SUP-009,Auto Supplier 9,ENG-1251,MA1A**********252,,,,
SUP-077,Auto Supplier 77,ENG-1253,MA1A**********253,,,,
SUP-150,Auto Supplier 150,ENG-1159,MA1A**********253,,,,
SUP-047,Auto Supplier 47,ENG-1488,MA1A**********253,,,,
SUP-047,Auto Supplier 47,ENG-1421,MA1A**********253,,,,
SUP-099,Auto Supplier 99,ENG-1242,MA1A**********253,,,,
SUP-175,Auto Supplier 175,ENG-1323,MA1A**********254,,,,
SUP-080,Auto Supplier 80,ENG-1240,MA1A**********254,,,,
SUP-076,Auto Supplier 76,ENG-1338,MA1A**********254,,,,
SUP-178,Auto Supplier 178,ENG-1455,MA1A**********254,,,,
SUP-007,Auto Supplier 7,ENG-1251,MA1A**********254,,,,
SUP-130,Auto Supplier 130,ENG-1121,MA1A**********255,,,,
SUP-011,Auto Supplier 11,ENG-1228,MA1A**********255,,,,
SUP-024,Auto Supplier 24,ENG-1278,MA1A**********255,,,,
SUP-189,Auto Supplier 189,ENG-1292,MA1A**********255,,,,
SUP-160,Auto Supplier 160,ENG-1424,MA1A**********255,,,,
SUP-164,Auto Supplier 164,ENG-1343,MA1A**********256,,,,
SUP-052,Auto Supplier 52,ENG-1327,MA1A**********256,,,,
SUP-150,Auto Supplier 150,ENG-1157,MA1A**********256,,,,
SUP-062,Auto Supplier 62,ENG-1172,MA1A**********256,,,,
SUP-026,Auto Supplier 26,ENG-1220,MA1A**********256,,,,
SUP-106,Auto Supplier 106,ENG-1314,MA1A**********257,,,,
SUP-103,Auto Supplier 103,ENG-1279,MA1A**********257,,,,
SUP-174,Auto Supplier 174,ENG-1311,MA1A**********257,,,,
SUP-021,Auto Supplier 21,ENG-1160,MA1A**********257,,,,
SUP-120,Auto Supplier 120,ENG-1354,MA1A**********257,,,,
SUP-094,Auto Supplier 94,ENG-1330,MA1A**********258,,,,
SUP-009,Auto Supplier 9,ENG-1017,MA1A**********258,,,,
SUP-042,Auto Supplier 42,ENG-1168,MA1A**********258,,,,
SUP-018,Auto Supplier 18,ENG-1227,MA1A**********258,,,,
SUP-192,Auto Supplier 192,ENG-1110,MA1A**********258,,,,
SUP-058,Auto Supplier 58,ENG-1327,MA1A**********259,,,,
SUP-187,Auto Supplier 187,ENG-1159,MA1A**********259,,,,
SUP-138,Auto Supplier 138,ENG-1473,MA1A**********259,,,,
SUP-095,Auto Supplier 95,ENG-1230,MA1A**********259,,,,
SUP-018,Auto Supplier 18,ENG-1069,MA1A**********259,,,,
SUP-120,Auto Supplier 120,ENG-1173,MA1A**********260,,,,
SUP-116,Auto Supplier 116,ENG-1461,MA1A**********260,,,,
SUP-102,Auto Supplier 102,ENG-1187,MA1A**********260,,,,
SUP-085,Auto Supplier 85,ENG-1393,MA1A**********260,,,,
SUP-196,Auto Supplier 196,ENG-1329,MA1A**********260,,,,
SUP-048,Auto Supplier 48,ENG-1376,MA1A**********261,,,,
SUP-063,Auto Supplier 63,ENG-1253,MA1A**********261,,,,
SUP-019,Auto Supplier 19,ENG-1005,MA1A**********261,,,,
SUP-119,Auto Supplier 119,ENG-1368,MA1A**********261,,,,
SUP-176,Auto Supplier 176,ENG-1056,MA1A**********261,,,,
SUP-100,Auto Supplier 100,ENG-1002,MA1A**********262,,,,
SUP-119,Auto Supplier 119,ENG-1315,MA1A**********262,,,,
SUP-067,Auto Supplier 67,ENG-1396,MA1A**********262,,,,
SUP-162,Auto Supplier 162,ENG-1099,MA1A**********262,,,,
SUP-038,Auto Supplier 38,ENG-1453,MA1A**********262,,,,
SUP-035,Auto Supplier 35,ENG-1062,MA1A**********263,,,,
SUP-073,Auto Supplier 73,ENG-1101,MA1A**********263,,,,
SUP-088,Auto Supplier 88,ENG-1114,MA1A**********263,,,,
SUP-024,Auto Supplier 24,ENG-1082,MA1A**********263,,,,
SUP-088,Auto Supplier 88,ENG-1206,MA1A**********263,,,,
SUP-175,Auto Supplier 175,ENG-1414,MA1A**********264,,,,
SUP-142,Auto Supplier 142,ENG-1433,MA1A**********264,,,,
SUP-030,Auto Supplier 30,ENG-1358,MA1A**********264,,,,
SUP-121,Auto Supplier 121,ENG-1260,MA1A**********264,,,,
SUP-178,Auto Supplier 178,ENG-1119,MA1A**********264,,,,
SUP-007,Auto Supplier 7,ENG-1061,MA1A**********265,,,,
SUP-026,Auto Supplier 26,ENG-1134,MA1A**********265,,,,
SUP-094,Auto Supplier 94,ENG-1254,MA1A**********265,,,,
SUP-074,Auto Supplier 74,ENG-1216,MA1A**********265,,,,
SUP-075,Auto Supplier 75,ENG-1277,MA1A**********265,,,,
SUP-036,Auto Supplier 36,ENG-1102,MA1A**********266,,,,
SUP-054,Auto Supplier 54,ENG-1479,MA1A**********266,,,,
SUP-127,Auto Supplier 127,ENG-1057,MA1A**********266,,,,
SUP-009,Auto Supplier 9,ENG-1242,MA1A**********266,,,,
SUP-109,Auto Supplier 109,ENG-1273,MA1A**********266,,,,
SUP-171,Auto Supplier 171,ENG-1134,MA1A**********267,,,,
SUP-056,Auto Supplier 56,ENG-1034,MA1A**********267,,,,
SUP-142,Auto Supplier 142,ENG-1411,MA1A**********267,,,,
SUP-002,Auto Supplier 2,ENG-1427,MA1A**********267,,,,
SUP-135,Auto Supplier 135,ENG-1087,MA1A**********267,,,,
SUP-058,Auto Supplier 58,ENG-1074,MA1A**********268,,,,
SUP-049,Auto Supplier 49,ENG-1406,MA1A**********268,,,,
SUP-007,Auto Supplier 7,ENG-1061,MA1A**********268,,,,
SUP-079,Auto Supplier 79,ENG-1248,MA1A**********268,,,,
SUP-185,Auto Supplier 185,ENG-1367,MA1A**********268,,,,
SUP-082,Auto Supplier 82,ENG-1497,MA1A**********269,,,,
SUP-166,Auto Supplier 166,ENG-1047,MA1A**********269,,,,
SUP-110,Auto Supplier 110,ENG-1306,MA1A**********269,,,,
SUP-188,Auto Supplier 188,ENG-1232,MA1A**********269,,,,
SUP-140,Auto Supplier 140,ENG-1337,MA1A**********269,,,,
SUP-200,Auto Supplier 200,ENG-1449,MA1A**********270,,,,
SUP-151,Auto Supplier 151,ENG-1466,MA1A**********270,,,,
SUP-084,Auto Supplier 84,ENG-1076,MA1A**********270,,,,
SUP-048,Auto Supplier 48,ENG-1336,MA1A**********270,,,,
SUP-078,Auto Supplier 78,ENG-1442,MA1A**********270,,,,
SUP-021,Auto Supplier 21,ENG-1372,MA1A**********271,,,,
SUP-038,Auto Supplier 38,ENG-1103,MA1A**********271,,,,
SUP-005,Auto Supplier 5,ENG-1052,MA1A**********271,,,,
SUP-015,Auto Supplier 15,ENG-1466,MA1A**********271,,,,
SUP-079,Auto Supplier 79,ENG-1139,MA1A**********271,,,,
SUP-004,Auto Supplier 4,ENG-1261,MA1A**********272,,,,
SUP-182,Auto Supplier 182,ENG-1165,MA1A**********272,,,,
SUP-047,Auto Supplier 47,ENG-1345,MA1A**********272,,,,
SUP-166,Auto Supplier 166,ENG-1451,MA1A**********272,,,,
SUP-092,Auto Supplier 92,ENG-1115,MA1A**********272,,,,
SUP-142,Auto Supplier 142,ENG-1325,MA1A**********273,,,,
SUP-183,Auto Supplier 183,ENG-1164,MA1A**********273,,,,
SUP-034,Auto Supplier 34,ENG-1472,MA1A**********273,,,,
SUP-036,Auto Supplier 36,ENG-1450,MA1A**********273,,,,
SUP-128,Auto Supplier 128,ENG-1442,MA1A**********273,,,,
SUP-094,Auto Supplier 94,ENG-1470,MA1A**********274,,,,
SUP-149,Auto Supplier 149,ENG-1137,MA1A**********274,,,,
SUP-044,Auto Supplier 44,ENG-1328,MA1A**********274,,,,
SUP-123,Auto Supplier 123,ENG-1243,MA1A**********274,,,,
SUP-077,Auto Supplier 77,ENG-1418,MA1A**********274,,,,
SUP-061,Auto Supplier 61,ENG-1231,MA1A**********275,,,,
SUP-145,Auto Supplier 145,ENG-1473,MA1A**********275,,,,
SUP-092,Auto Supplier 92,ENG-1354,MA1A**********275,,,,
SUP-096,Auto Supplier 96,ENG-1263,MA1A**********275,,,,
SUP-161,Auto Supplier 161,ENG-1324,MA1A**********275,,,,
SUP-028,Auto Supplier 28,ENG-1067,MA1A**********276,,,,
SUP-038,Auto Supplier 38,ENG-1261,MA1A**********276,,,,
SUP-160,Auto Supplier 160,ENG-1107,MA1A**********276,,,,
SUP-197,Auto Supplier 197,ENG-1107,MA1A**********276,,,,
SUP-096,Auto Supplier 96,ENG-1080,MA1A**********276,,,,
SUP-193,Auto Supplier 193,ENG-1320,MA1A**********277,,,,
SUP-111,Auto Supplier 111,ENG-1412,MA1A**********277,,,,
SUP-133,Auto Supplier 133,ENG-1227,MA1A**********277,,,,
SUP-078,Auto Supplier 78,ENG-1489,MA1A**********277,,,,
SUP-126,Auto Supplier 126,ENG-1060,MA1A**********277,,,,
SUP-016,Auto Supplier 16,ENG-1352,MA1A**********278,,,,
SUP-143,Auto Supplier 143,ENG-1245,MA1A**********278,,,,
SUP-134,Auto Supplier 134,ENG-1295,MA1A**********278,,,,
SUP-120,Auto Supplier 120,ENG-1230,MA1A**********278,,,,
SUP-193,Auto Supplier 193,ENG-1030,MA1A**********278,,,,
SUP-156,Auto Supplier 156,ENG-1174,MA1A**********279,,,,
SUP-186,Auto Supplier 186,ENG-1343,MA1A**********279,,,,
SUP-007,Auto Supplier 7,ENG-1195,MA1A**********279,,,,
SUP-133,Auto Supplier 133,ENG-1184,MA1A**********279,,,,
SUP-016,Auto Supplier 16,ENG-1194,MA1A**********279,,,,
SUP-053,Auto Supplier 53,ENG-1275,MA1A**********280,,,,
SUP-022,Auto Supplier 22,ENG-1461,MA1A**********280,,,,
SUP-131,Auto Supplier 131,ENG-1012,MA1A**********280,,,,
SUP-195,Auto Supplier 195,ENG-1066,MA1A**********280,,,,
SUP-033,Auto Supplier 33,ENG-1464,MA1A**********280,,,,
SUP-019,Auto Supplier 19,ENG-1060,MA1A**********281,,,,
SUP-134,Auto Supplier 134,ENG-1306,MA1A**********281,,,,
SUP-069,Auto Supplier 69,ENG-1062,MA1A**********281,,,,
SUP-126,Auto Supplier 126,ENG-1016,MA1A**********281,,,,
SUP-184,Auto Supplier 184,ENG-1456,MA1A**********281,,,,
SUP-099,Auto Supplier 99,ENG-1484,MA1A**********282,,,,
SUP-013,Auto Supplier 13,ENG-1022,MA1A**********282,,,,
SUP-099,Auto Supplier 99,ENG-1132,MA1A**********282,,,,
SUP-144,Auto Supplier 144,ENG-1033,MA1A**********282,,,,
SUP-065,Auto Supplier 65,ENG-1168,MA1A**********282,,,,
SUP-041,Auto Supplier 41,ENG-1390,MA1A**********283,,,,
SUP-184,Auto Supplier 184,ENG-1385,MA1A**********283,,,,
SUP-101,Auto Supplier 101,ENG-1142,MA1A**********283,,,,
SUP-084,Auto Supplier 84,ENG-1101,MA1A**********283,,,,
SUP-041,Auto Supplier 41,ENG-1468,MA1A**********283,,,,
SUP-104,Auto Supplier 104,ENG-1177,MA1A**********284,,,,
SUP-121,Auto Supplier 121,ENG-1437,MA1A**********284,,,,
SUP-011,Auto Supplier 11,ENG-1229,MA1A**********284,,,,
SUP-024,Auto Supplier 24,ENG-1011,MA1A**********284,,,,
SUP-062,Auto Supplier 62,ENG-1430,MA1A**********284,,,,
SUP-059,Auto Supplier 59,ENG-1203,MA1A**********285,,,,
SUP-111,Auto Supplier 111,ENG-1140,MA1A**********285,,,,
SUP-024,Auto Supplier 24,ENG-1172,MA1A**********285,,,,
SUP-013,Auto Supplier 13,ENG-1180,MA1A**********285,,,,
SUP-040,Auto Supplier 40,ENG-1160,MA1A**********285,,,,
SUP-191,Auto Supplier 191,ENG-1102,MA1A**********286,,,,
SUP-003,Auto Supplier 3,ENG-1274,MA1A**********286,,,,
SUP-074,Auto Supplier 74,ENG-1447,MA1A**********286,,,,
SUP-103,Auto Supplier 103,ENG-1370,MA1A**********286,,,,
SUP-142,Auto Supplier 142,ENG-1300,MA1A**********286,,,,
SUP-094,Auto Supplier 94,ENG-1206,MA1A**********287,,,,
SUP-049,Auto Supplier 49,ENG-1433,MA1A**********287,,,,
SUP-054,Auto Supplier 54,ENG-1000,MA1A**********287,,,,
SUP-090,Auto Supplier 90,ENG-1097,MA1A**********287,,,,
SUP-093,Auto Supplier 93,ENG-1182,MA1A**********287,,,,
SUP-016,Auto Supplier 16,ENG-1097,MA1A**********288,,,,
SUP-074,Auto Supplier 74,ENG-1283,MA1A**********288,,,,
SUP-154,Auto Supplier 154,ENG-1135,MA1A**********288,,,,
SUP-143,Auto Supplier 143,ENG-1436,MA1A**********288,,,,
SUP-097,Auto Supplier 97,ENG-1265,MA1A**********288,,,,
SUP-175,Auto Supplier 175,ENG-1319,MA1A**********289,,,,
SUP-189,Auto Supplier 189,ENG-1482,MA1A**********289,,,,
SUP-177,Auto Supplier 177,ENG-1394,MA1A**********289,,,,
SUP-157,Auto Supplier 157,ENG-1056,MA1A**********289,,,,
SUP-172,Auto Supplier 172,ENG-1045,MA1A**********289,,,,
SUP-001,Auto Supplier 1,ENG-1207,MA1A**********290,,,,
SUP-119,Auto Supplier 119,ENG-1408,MA1A**********290,,,,
SUP-087,Auto Supplier 87,ENG-1001,MA1A**********290,,,,
SUP-176,Auto Supplier 176,ENG-1217,MA1A**********290,,,,
SUP-081,Auto Supplier 81,ENG-1393,MA1A**********290,,,,
SUP-079,Auto Supplier 79,ENG-1383,MA1A**********291,,,,
SUP-036,Auto Supplier 36,ENG-1120,MA1A**********291,,,,
SUP-012,Auto Supplier 12,ENG-1020,MA1A**********291,,,,
SUP-009,Auto Supplier 9,ENG-1402,MA1A**********291,,,,
SUP-053,Auto Supplier 53,ENG-1126,MA1A**********291,,,,
SUP-132,Auto Supplier 132,ENG-1310,MA1A**********292,,,,
SUP-101,Auto Supplier 101,ENG-1104,MA1A**********292,,,,
SUP-184,Auto Supplier 184,ENG-1247,MA1A**********292,,,,
SUP-159,Auto Supplier 159,ENG-1366,MA1A**********292,,,,
SUP-026,Auto Supplier 26,ENG-1302,MA1A**********292,,,,
SUP-146,Auto Supplier 146,ENG-1168,MA1A**********293,,,,
SUP-079,Auto Supplier 79,ENG-1213,MA1A**********293,,,,
SUP-156,Auto Supplier 156,ENG-1130,MA1A**********293,,,,
SUP-022,Auto Supplier 22,ENG-1278,MA1A**********293,,,,
SUP-077,Auto Supplier 77,ENG-1378,MA1A**********293,,,,
SUP-142,Auto Supplier 142,ENG-1345,MA1A**********294,,,,
SUP-049,Auto Supplier 49,ENG-1034,MA1A**********294,,,,
SUP-178,Auto Supplier 178,ENG-1469,MA1A**********294,,,,
SUP-013,Auto Supplier 13,ENG-1020,MA1A**********294,,,,
SUP-005,Auto Supplier 5,ENG-1417,MA1A**********294,,,,
SUP-193,Auto Supplier 193,ENG-1030,MA1A**********295,,,,
SUP-099,Auto Supplier 99,ENG-1035,MA1A**********295,,,,
SUP-031,Auto Supplier 31,ENG-1222,MA1A**********295,,,,
SUP-186,Auto Supplier 186,ENG-1460,MA1A**********295,,,,
SUP-108,Auto Supplier 108,ENG-1290,MA1A**********295,,,,
SUP-022,Auto Supplier 22,ENG-1267,MA1A**********296,,,,
SUP-190,Auto Supplier 190,ENG-1409,MA1A**********296,,,,
SUP-095,Auto Supplier 95,ENG-1029,MA1A**********296,,,,
SUP-150,Auto Supplier 150,ENG-1026,MA1A**********296,,,,
SUP-122,Auto Supplier 122,ENG-1055,MA1A**********296,,,,
SUP-180,Auto Supplier 180,ENG-1293,MA1A**********297,,,,
SUP-093,Auto Supplier 93,ENG-1062,MA1A**********297,,,,
SUP-022,Auto Supplier 22,ENG-1351,MA1A**********297,,,,
SUP-037,Auto Supplier 37,ENG-1256,MA1A**********297,,,,
SUP-029,Auto Supplier 29,ENG-1080,MA1A**********297,,,,
SUP-146,Auto Supplier 146,ENG-1316,MA1A**********298,,,,
SUP-106,Auto Supplier 106,ENG-1077,MA1A**********298,,,,
SUP-053,Auto Supplier 53,ENG-1489,MA1A**********298,,,,
SUP-069,Auto Supplier 69,ENG-1274,MA1A**********298,,,,
SUP-171,Auto Supplier 171,ENG-1133,MA1A**********298,,,,
SUP-148,Auto Supplier 148,ENG-1309,MA1A**********299,,,,
SUP-170,Auto Supplier 170,ENG-1020,MA1A**********299,,,,
SUP-072,Auto Supplier 72,ENG-1122,MA1A**********299,,,,
SUP-133,Auto Supplier 133,ENG-1070,MA1A**********299,,,,
SUP-128,Auto Supplier 128,ENG-1138,MA1A**********299,,,,
SUP-146,Auto Supplier 146,ENG-1176,MA1A**********300,,,,
SUP-002,Auto Supplier 2,ENG-1103,MA1A**********300,,,,
SUP-148,Auto Supplier 148,ENG-1483,MA1A**********300,,,,
SUP-081,Auto Supplier 81,ENG-1192,MA1A**********300,,,,
SUP-071,Auto Supplier 71,ENG-1368,MA1A**********300,,,,
SUP-142,Auto Supplier 142,ENG-1067,MA1A**********301,,,,
SUP-184,Auto Supplier 184,ENG-1075,MA1A**********301,,,,
SUP-185,Auto Supplier 185,ENG-1395,MA1A**********301,,,,
SUP-146,Auto Supplier 146,ENG-1168,MA1A**********301,,,,
SUP-147,Auto Supplier 147,ENG-1309,MA1A**********301,,,,
SUP-150,Auto Supplier 150,ENG-1283,MA1A**********302,,,,
SUP-166,Auto Supplier 166,ENG-1023,MA1A**********302,,,,
SUP-077,Auto Supplier 77,ENG-1285,MA1A**********302,,,,
SUP-165,Auto Supplier 165,ENG-1451,MA1A**********302,,,,
SUP-074,Auto Supplier 74,ENG-1046,MA1A**********302,,,,
SUP-158,Auto Supplier 158,ENG-1277,MA1A**********303,,,,
SUP-057,Auto Supplier 57,ENG-1334,MA1A**********303,,,,
SUP-046,Auto Supplier 46,ENG-1127,MA1A**********303,,,,
SUP-126,Auto Supplier 126,ENG-1360,MA1A**********303,,,,
SUP-066,Auto Supplier 66,ENG-1065,MA1A**********303,,,,
SUP-147,Auto Supplier 147,ENG-1062,MA1A**********304,,,,
SUP-032,Auto Supplier 32,ENG-1248,MA1A**********304,,,,
SUP-009,Auto Supplier 9,ENG-1072,MA1A**********304,,,,
SUP-025,Auto Supplier 25,ENG-1291,MA1A**********304,,,,
SUP-023,Auto Supplier 23,ENG-1179,MA1A**********304,,,,
SUP-074,Auto Supplier 74,ENG-1021,MA1A**********305,,,,
SUP-161,Auto Supplier 161,ENG-1001,MA1A**********305,,,,
SUP-132,Auto Supplier 132,ENG-1346,MA1A**********305,,,,
SUP-043,Auto Supplier 43,ENG-1312,MA1A**********305,,,,
SUP-035,Auto Supplier 35,ENG-1166,MA1A**********305,,,,
SUP-098,Auto Supplier 98,ENG-1412,MA1A**********306,,,,
SUP-079,Auto Supplier 79,ENG-1343,MA1A**********306,,,,
SUP-196,Auto Supplier 196,ENG-1210,MA1A**********306,,,,
SUP-041,Auto Supplier 41,ENG-1159,MA1A**********306,,,,
SUP-055,Auto Supplier 55,ENG-1245,MA1A**********306,,,,
SUP-158,Auto Supplier 158,ENG-1055,MA1A**********307,,,,
SUP-021,Auto Supplier 21,ENG-1051,MA1A**********307,,,,
SUP-041,Auto Supplier 41,ENG-1044,MA1A**********307,,,,
SUP-108,Auto Supplier 108,ENG-1006,MA1A**********307,,,,
SUP-200,Auto Supplier 200,ENG-1392,MA1A**********307,,,,
SUP-030,Auto Supplier 30,ENG-1281,MA1A**********308,,,,
SUP-012,Auto Supplier 12,ENG-1259,MA1A**********308,,,,
SUP-178,Auto Supplier 178,ENG-1204,MA1A**********308,,,,
SUP-014,Auto Supplier 14,ENG-1119,MA1A**********308,,,,
SUP-099,Auto Supplier 99,ENG-1454,MA1A**********308,,,,
SUP-198,Auto Supplier 198,ENG-1348,MA1A**********309,,,,
SUP-005,Auto Supplier 5,ENG-1289,MA1A**********309,,,,
SUP-191,Auto Supplier 191,ENG-1175,MA1A**********309,,,,
SUP-135,Auto Supplier 135,ENG-1404,MA1A**********309,,,,
SUP-187,Auto Supplier 187,ENG-1257,MA1A**********309,,,,
SUP-155,Auto Supplier 155,ENG-1237,MA1A**********310,,,,
SUP-182,Auto Supplier 182,ENG-1058,MA1A**********310,,,,
SUP-156,Auto Supplier 156,ENG-1226,MA1A**********310,,,,
SUP-052,Auto Supplier 52,ENG-1333,MA1A**********310,,,,
SUP-053,Auto Supplier 53,ENG-1132,MA1A**********310,,,,
SUP-141,Auto Supplier 141,ENG-1042,MA1A**********311,,,,
SUP-167,Auto Supplier 167,ENG-1045,MA1A**********311,,,,
SUP-014,Auto Supplier 14,ENG-1012,MA1A**********311,,,,
SUP-035,Auto Supplier 35,ENG-1412,MA1A**********311,,,,
SUP-179,Auto Supplier 179,ENG-1428,MA1A**********311,,,,
SUP-010,Auto Supplier 10,ENG-1090,MA1A**********312,,,,
SUP-042,Auto Supplier 42,ENG-1142,MA1A**********312,,,,
SUP-104,Auto Supplier 104,ENG-1180,MA1A**********312,,,,
SUP-008,Auto Supplier 8,ENG-1044,MA1A**********312,,,,
SUP-098,Auto Supplier 98,ENG-1450,MA1A**********312,,,,
SUP-077,Auto Supplier 77,ENG-1004,MA1A**********313,,,,
SUP-190,Auto Supplier 190,ENG-1273,MA1A**********313,,,,
SUP-014,Auto Supplier 14,ENG-1337,MA1A**********313,,,,
SUP-121,Auto Supplier 121,ENG-1449,MA1A**********313,,,,
SUP-161,Auto Supplier 161,ENG-1376,MA1A**********313,,,,
SUP-068,Auto Supplier 68,ENG-1335,MA1A**********314,,,,
SUP-187,Auto Supplier 187,ENG-1050,MA1A**********314,,,,
SUP-140,Auto Supplier 140,ENG-1328,MA1A**********314,,,,
SUP-006,Auto Supplier 6,ENG-1365,MA1A**********314,,,,
SUP-040,Auto Supplier 40,ENG-1139,MA1A**********314,,,,
SUP-112,Auto Supplier 112,ENG-1251,MA1A**********315,,,,
SUP-029,Auto Supplier 29,ENG-1098,MA1A**********315,,,,
SUP-151,Auto Supplier 151,ENG-1425,MA1A**********315,,,,
SUP-056,Auto Supplier 56,ENG-1272,MA1A**********315,,,,
SUP-112,Auto Supplier 112,ENG-1219,MA1A**********315,,,,
SUP-005,Auto Supplier 5,ENG-1260,MA1A**********316,,,,
SUP-069,Auto Supplier 69,ENG-1117,MA1A**********316,,,,
SUP-079,Auto Supplier 79,ENG-1353,MA1A**********316,,,,
SUP-004,Auto Supplier 4,ENG-1095,MA1A**********316,,,,
SUP-079,Auto Supplier 79,ENG-1023,MA1A**********316,,,,
SUP-150,Auto Supplier 150,ENG-1437,MA1A**********317,,,,
SUP-132,Auto Supplier 132,ENG-1218,MA1A**********317,,,,
SUP-064,Auto Supplier 64,ENG-1103,MA1A**********317,,,,
SUP-077,Auto Supplier 77,ENG-1324,MA1A**********317,,,,
SUP-151,Auto Supplier 151,ENG-1266,MA1A**********317,,,,
SUP-123,Auto Supplier 123,ENG-1071,MA1A**********318,,,,
SUP-195,Auto Supplier 195,ENG-1024,MA1A**********318,,,,
SUP-002,Auto Supplier 2,ENG-1121,MA1A**********318,,,,
SUP-004,Auto Supplier 4,ENG-1014,MA1A**********318,,,,
SUP-075,Auto Supplier 75,ENG-1291,MA1A**********318,,,,
SUP-193,Auto Supplier 193,ENG-1228,MA1A**********319,,,,
SUP-171,Auto Supplier 171,ENG-1427,MA1A**********319,,,,
SUP-135,Auto Supplier 135,ENG-1040,MA1A**********319,,,,
SUP-188,Auto Supplier 188,ENG-1288,MA1A**********319,,,,
SUP-039,Auto Supplier 39,ENG-1432,MA1A**********319,,,,
SUP-105,Auto Supplier 105,ENG-1251,MA1A**********320,,,,
SUP-062,Auto Supplier 62,ENG-1287,MA1A**********320,,,,
SUP-093,Auto Supplier 93,ENG-1334,MA1A**********320,,,,
SUP-112,Auto Supplier 112,ENG-1001,MA1A**********320,,,,
SUP-084,Auto Supplier 84,ENG-1055,MA1A**********320,,,,
SUP-176,Auto Supplier 176,ENG-1207,MA1A**********321,,,,
SUP-018,Auto Supplier 18,ENG-1266,MA1A**********321,,,,
SUP-110,Auto Supplier 110,ENG-1202,MA1A**********321,,,,
SUP-033,Auto Supplier 33,ENG-1347,MA1A**********321,,,,
SUP-145,Auto Supplier 145,ENG-1028,MA1A**********321,,,,
SUP-101,Auto Supplier 101,ENG-1260,MA1A**********322,,,,
SUP-004,Auto Supplier 4,ENG-1088,MA1A**********322,,,,
SUP-121,Auto Supplier 121,ENG-1280,MA1A**********322,,,,
SUP-143,Auto Supplier 143,ENG-1004,MA1A**********322,,,,
SUP-076,Auto Supplier 76,ENG-1469,MA1A**********322,,,,
SUP-057,Auto Supplier 57,ENG-1234,MA1A**********323,,,,
SUP-034,Auto Supplier 34,ENG-1438,MA1A**********323,,,,
SUP-085,Auto Supplier 85,ENG-1409,MA1A**********323,,,,
SUP-117,Auto Supplier 117,ENG-1078,MA1A**********323,,,,
SUP-020,Auto Supplier 20,ENG-1364,MA1A**********323,,,,
SUP-056,Auto Supplier 56,ENG-1034,MA1A**********324,,,,
SUP-175,Auto Supplier 175,ENG-1126,MA1A**********324,,,,
SUP-170,Auto Supplier 170,ENG-1396,MA1A**********324,,,,
SUP-200,Auto Supplier 200,ENG-1063,MA1A**********324,,,,
SUP-070,Auto Supplier 70,ENG-1438,MA1A**********324,,,,
SUP-145,Auto Supplier 145,ENG-1469,MA1A**********325,,,,
SUP-048,Auto Supplier 48,ENG-1273,MA1A**********325,,,,
SUP-025,Auto Supplier 25,ENG-1491,MA1A**********325,,,,
SUP-164,Auto Supplier 164,ENG-1030,MA1A**********325,,,,
SUP-001,Auto Supplier 1,ENG-1274,MA1A**********325,,,,
SUP-131,Auto Supplier 131,ENG-1412,MA1A**********326,,,,
SUP-134,Auto Supplier 134,ENG-1167,MA1A**********326,,,,
SUP-163,Auto Supplier 163,ENG-1089,MA1A**********326,,,,
SUP-132,Auto Supplier 132,ENG-1139,MA1A**********326,,,,
SUP-011,Auto Supplier 11,ENG-1107,MA1A**********326,,,,
SUP-131,Auto Supplier 131,ENG-1460,MA1A**********327,,,,
SUP-150,Auto Supplier 150,ENG-1311,MA1A**********327,,,,
SUP-121,Auto Supplier 121,ENG-1024,MA1A**********327,,,,
SUP-081,Auto Supplier 81,ENG-1120,MA1A**********327,,,,
SUP-109,Auto Supplier 109,ENG-1482,MA1A**********327,,,,
SUP-158,Auto Supplier 158,ENG-1010,MA1A**********328,,,,
SUP-015,Auto Supplier 15,ENG-1288,MA1A**********328,,,,
SUP-072,Auto Supplier 72,ENG-1400,MA1A**********328,,,,
SUP-190,Auto Supplier 190,ENG-1214,MA1A**********328,,,,
SUP-103,Auto Supplier 103,ENG-1485,MA1A**********328,,,,
SUP-164,Auto Supplier 164,ENG-1172,MA1A**********329,,,,
SUP-159,Auto Supplier 159,ENG-1124,MA1A**********329,,,,
SUP-001,Auto Supplier 1,ENG-1130,MA1A**********329,,,,
SUP-042,Auto Supplier 42,ENG-1127,MA1A**********329,,,,
SUP-092,Auto Supplier 92,ENG-1118,MA1A**********330,,,,
SUP-017,Auto Supplier 17,ENG-1358,MA1A**********330,,,,
SUP-039,Auto Supplier 39,ENG-1103,MA1A**********330,,,,
SUP-136,Auto Supplier 136,ENG-1235,MA1A**********330,,,,
SUP-047,Auto Supplier 47,ENG-1209,MA1A**********331,,,,
SUP-165,Auto Supplier 165,ENG-1144,MA1A**********331,,,,
SUP-085,Auto Supplier 85,ENG-1449,MA1A**********331,,,,
SUP-182,Auto Supplier 182,ENG-1403,MA1A**********331,,,,
SUP-128,Auto Supplier 128,ENG-1257,MA1A**********332,,,,
SUP-140,Auto Supplier 140,ENG-1100,MA1A**********332,,,,
SUP-182,Auto Supplier 182,ENG-1275,MA1A**********332,,,,
SUP-097,Auto Supplier 97,ENG-1445,MA1A**********332,,,,
SUP-172,Auto Supplier 172,ENG-1438,MA1A**********333,,,,
SUP-085,Auto Supplier 85,ENG-1375,MA1A**********333,,,,
SUP-030,Auto Supplier 30,ENG-1152,MA1A**********333,,,,
SUP-075,Auto Supplier 75,ENG-1325,MA1A**********333,,,,
SUP-125,Auto Supplier 125,ENG-1161,MA1A**********334,,,,
SUP-194,Auto Supplier 194,ENG-1001,MA1A**********334,,,,
SUP-031,Auto Supplier 31,ENG-1389,MA1A**********334,,,,
SUP-176,Auto Supplier 176,ENG-1127,MA1A**********334,,,,
SUP-074,Auto Supplier 74,ENG-1300,MA1A**********334,,,,
SUP-162,Auto Supplier 162,ENG-1226,MA1A**********335,,,,
SUP-193,Auto Supplier 193,ENG-1326,MA1A**********335,,,,
SUP-069,Auto Supplier 69,ENG-1114,MA1A**********335,,,,
SUP-059,Auto Supplier 59,ENG-1194,MA1A**********335,,,,
SUP-133,Auto Supplier 133,ENG-1001,MA1A**********335,,,,
SUP-037,Auto Supplier 37,ENG-1324,MA1A**********336,,,,
SUP-186,Auto Supplier 186,ENG-1479,MA1A**********336,,,,
SUP-112,Auto Supplier 112,ENG-1328,MA1A**********336,,,,
SUP-037,Auto Supplier 37,ENG-1125,MA1A**********336,,,,
SUP-067,Auto Supplier 67,ENG-1207,MA1A**********336,,,,
SUP-018,Auto Supplier 18,ENG-1105,MA1A**********337,,,,
SUP-021,Auto Supplier 21,ENG-1259,MA1A**********337,,,,
SUP-042,Auto Supplier 42,ENG-1046,MA1A**********337,,,,
SUP-185,Auto Supplier 185,ENG-1478,MA1A**********337,,,,
SUP-183,Auto Supplier 183,ENG-1238,MA1A**********337,,,,
SUP-186,Auto Supplier 186,ENG-1410,MA1A**********338,,,,
SUP-029,Auto Supplier 29,ENG-1427,MA1A**********338,,,,
SUP-012,Auto Supplier 12,ENG-1379,MA1A**********338,,,,
SUP-014,Auto Supplier 14,ENG-1491,MA1A**********338,,,,
SUP-063,Auto Supplier 63,ENG-1101,MA1A**********338,,,,
SUP-120,Auto Supplier 120,ENG-1179,MA1A**********339,,,,
SUP-157,Auto Supplier 157,ENG-1159,MA1A**********339,,,,
SUP-199,Auto Supplier 199,ENG-1442,MA1A**********339,,,,
SUP-084,Auto Supplier 84,ENG-1377,MA1A**********339,,,,
SUP-163,Auto Supplier 163,ENG-1229,MA1A**********339,,,,
SUP-183,Auto Supplier 183,ENG-1051,MA1A**********340,,,,
SUP-135,Auto Supplier 135,ENG-1064,MA1A**********340,,,,
SUP-132,Auto Supplier 132,ENG-1420,MA1A**********340,,,,
SUP-043,Auto Supplier 43,ENG-1193,MA1A**********340,,,,
SUP-198,Auto Supplier 198,ENG-1306,MA1A**********340,,,,
SUP-179,Auto Supplier 179,ENG-1031,MA1A**********341,,,,
SUP-124,Auto Supplier 124,ENG-1079,MA1A**********341,,,,
SUP-050,Auto Supplier 50,ENG-1169,MA1A**********341,,,,
SUP-071,Auto Supplier 71,ENG-1153,MA1A**********341,,,,
SUP-106,Auto Supplier 106,ENG-1195,MA1A**********341,,,,
SUP-071,Auto Supplier 71,ENG-1045,MA1A**********342,,,,
SUP-163,Auto Supplier 163,ENG-1411,MA1A**********342,,,,
SUP-183,Auto Supplier 183,ENG-1381,MA1A**********342,,,,
SUP-077,Auto Supplier 77,ENG-1464,MA1A**********342,,,,
SUP-013,Auto Supplier 13,ENG-1253,MA1A**********342,,,,
SUP-077,Auto Supplier 77,ENG-1465,MA1A**********343,,,,
SUP-062,Auto Supplier 62,ENG-1059,MA1A**********343,,,,
SUP-117,Auto Supplier 117,ENG-1156,MA1A**********343,,,,
SUP-105,Auto Supplier 105,ENG-1213,MA1A**********343,,,,
SUP-096,Auto Supplier 96,ENG-1266,MA1A**********343,,,,
SUP-058,Auto Supplier 58,ENG-1434,MA1A**********344,,,,
SUP-121,Auto Supplier 121,ENG-1366,MA1A**********344,,,,
SUP-084,Auto Supplier 84,ENG-1318,MA1A**********344,,,,
SUP-062,Auto Supplier 62,ENG-1382,MA1A**********344,,,,
SUP-120,Auto Supplier 120,ENG-1421,MA1A**********344,,,,
SUP-089,Auto Supplier 89,ENG-1475,MA1A**********345,,,,
SUP-187,Auto Supplier 187,ENG-1256,MA1A**********345,,,,
SUP-125,Auto Supplier 125,ENG-1388,MA1A**********345,,,,
SUP-107,Auto Supplier 107,ENG-1211,MA1A**********345,,,,
SUP-100,Auto Supplier 100,ENG-1387,MA1A**********345,,,,
SUP-097,Auto Supplier 97,ENG-1477,MA1A**********346,,,,
SUP-085,Auto Supplier 85,ENG-1104,MA1A**********346,,,,
SUP-150,Auto Supplier 150,ENG-1125,MA1A**********346,,,,
SUP-099,Auto Supplier 99,ENG-1191,MA1A**********346,,,,
SUP-067,Auto Supplier 67,ENG-1259,MA1A**********346,,,,
SUP-097,Auto Supplier 97,ENG-1137,MA1A**********347,,,,
SUP-145,Auto Supplier 145,ENG-1197,MA1A**********347,,,,
SUP-196,Auto Supplier 196,ENG-1072,MA1A**********347,,,,
SUP-085,Auto Supplier 85,ENG-1268,MA1A**********347,,,,
SUP-069,Auto Supplier 69,ENG-1438,MA1A**********347,,,,
SUP-086,Auto Supplier 86,ENG-1322,MA1A**********348,,,,
SUP-012,Auto Supplier 12,ENG-1021,MA1A**********348,,,,
SUP-086,Auto Supplier 86,ENG-1106,MA1A**********348,,,,
SUP-058,Auto Supplier 58,ENG-1174,MA1A**********348,,,,
SUP-126,Auto Supplier 126,ENG-1363,MA1A**********348,,,,
SUP-043,Auto Supplier 43,ENG-1241,MA1A**********349,,,,
SUP-177,Auto Supplier 177,ENG-1306,MA1A**********349,,,,
SUP-064,Auto Supplier 64,ENG-1376,MA1A**********349,,,,
SUP-123,Auto Supplier 123,ENG-1386,MA1A**********349,,,,
SUP-107,Auto Supplier 107,ENG-1099,MA1A**********349,,,,
SUP-010,Auto Supplier 10,ENG-1083,MA1A**********350,,,,
SUP-200,Auto Supplier 200,ENG-1070,MA1A**********350,,,,
SUP-199,Auto Supplier 199,ENG-1164,MA1A**********350,,,,
SUP-166,Auto Supplier 166,ENG-1340,MA1A**********350,,,,
SUP-161,Auto Supplier 161,ENG-1001,MA1A**********350,,,,
SUP-092,Auto Supplier 92,ENG-1043,MA1A**********351,,,,
SUP-093,Auto Supplier 93,ENG-1133,MA1A**********351,,,,
SUP-155,Auto Supplier 155,ENG-1126,MA1A**********351,,,,
SUP-043,Auto Supplier 43,ENG-1468,MA1A**********351,,,,
SUP-107,Auto Supplier 107,ENG-1057,MA1A**********351,,,,
SUP-082,Auto Supplier 82,ENG-1429,MA1A**********352,,,,
SUP-165,Auto Supplier 165,ENG-1047,MA1A**********352,,,,
SUP-088,Auto Supplier 88,ENG-1460,MA1A**********352,,,,
SUP-121,Auto Supplier 121,ENG-1315,MA1A**********352,,,,
SUP-173,Auto Supplier 173,ENG-1010,MA1A**********352,,,,
SUP-041,Auto Supplier 41,ENG-1468,MA1A**********353,,,,
SUP-126,Auto Supplier 126,ENG-1246,MA1A**********353,,,,
SUP-110,Auto Supplier 110,ENG-1084,MA1A**********353,,,,
SUP-057,Auto Supplier 57,ENG-1442,MA1A**********353,,,,
SUP-084,Auto Supplier 84,ENG-1340,MA1A**********353,,,,
SUP-006,Auto Supplier 6,ENG-1417,MA1A**********354,,,,
SUP-051,Auto Supplier 51,ENG-1078,MA1A**********354,,,,
SUP-011,Auto Supplier 11,ENG-1116,MA1A**********354,,,,
SUP-188,Auto Supplier 188,ENG-1157,MA1A**********354,,,,
SUP-102,Auto Supplier 102,ENG-1189,MA1A**********354,,,,
SUP-144,Auto Supplier 144,ENG-1228,MA1A**********355,,,,
SUP-069,Auto Supplier 69,ENG-1073,MA1A**********355,,,,
SUP-141,Auto Supplier 141,ENG-1146,MA1A**********355,,,,
SUP-168,Auto Supplier 168,ENG-1281,MA1A**********355,,,,
SUP-186,Auto Supplier 186,ENG-1498,MA1A**********355,,,,
SUP-126,Auto Supplier 126,ENG-1086,MA1A**********356,,,,
SUP-143,Auto Supplier 143,ENG-1075,MA1A**********356,,,,
SUP-129,Auto Supplier 129,ENG-1496,MA1A**********356,,,,
SUP-188,Auto Supplier 188,ENG-1086,MA1A**********356,,,,
SUP-017,Auto Supplier 17,ENG-1258,MA1A**********356,,,,
SUP-139,Auto Supplier 139,ENG-1469,MA1A**********357,,,,
SUP-026,Auto Supplier 26,ENG-1474,MA1A**********357,,,,
SUP-174,Auto Supplier 174,ENG-1293,MA1A**********357,,,,
SUP-168,Auto Supplier 168,ENG-1213,MA1A**********357,,,,
SUP-076,Auto Supplier 76,ENG-1444,MA1A**********357,,,,
SUP-032,Auto Supplier 32,ENG-1083,MA1A**********358,,,,
SUP-106,Auto Supplier 106,ENG-1003,MA1A**********358,,,,
SUP-181,Auto Supplier 181,ENG-1095,MA1A**********358,,,,
SUP-173,Auto Supplier 173,ENG-1105,MA1A**********358,,,,
SUP-085,Auto Supplier 85,ENG-1290,MA1A**********358,,,,
SUP-130,Auto Supplier 130,ENG-1111,MA1A**********359,,,,
SUP-055,Auto Supplier 55,ENG-1290,MA1A**********359,,,,
SUP-199,Auto Supplier 199,ENG-1033,MA1A**********359,,,,
SUP-117,Auto Supplier 117,ENG-1180,MA1A**********359,,,,
SUP-173,Auto Supplier 173,ENG-1388,MA1A**********359,,,,
SUP-122,Auto Supplier 122,ENG-1212,MA1A**********360,,,,
SUP-050,Auto Supplier 50,ENG-1388,MA1A**********360,,,,
SUP-175,Auto Supplier 175,ENG-1226,MA1A**********360,,,,
SUP-114,Auto Supplier 114,ENG-1225,MA1A**********360,,,,
SUP-005,Auto Supplier 5,ENG-1249,MA1A**********360,,,,
SUP-126,Auto Supplier 126,ENG-1249,MA1A**********361,,,,
SUP-094,Auto Supplier 94,ENG-1295,MA1A**********361,,,,
SUP-043,Auto Supplier 43,ENG-1325,MA1A**********361,,,,
SUP-093,Auto Supplier 93,ENG-1009,MA1A**********361,,,,
SUP-071,Auto Supplier 71,ENG-1369,MA1A**********361,,,,
SUP-046,Auto Supplier 46,ENG-1481,MA1A**********362,,,,
SUP-088,Auto Supplier 88,ENG-1032,MA1A**********362,,,,
SUP-074,Auto Supplier 74,ENG-1120,MA1A**********362,,,,
SUP-077,Auto Supplier 77,ENG-1208,MA1A**********362,,,,
SUP-079,Auto Supplier 79,ENG-1427,MA1A**********362,,,,
SUP-051,Auto Supplier 51,ENG-1111,MA1A**********363,,,,
SUP-065,Auto Supplier 65,ENG-1269,MA1A**********363,,,,
SUP-026,Auto Supplier 26,ENG-1389,MA1A**********363,,,,
SUP-152,Auto Supplier 152,ENG-1167,MA1A**********363,,,,
SUP-027,Auto Supplier 27,ENG-1252,MA1A**********363,,,,
SUP-134,Auto Supplier 134,ENG-1108,MA1A**********364,,,,
SUP-003,Auto Supplier 3,ENG-1377,MA1A**********364,,,,
SUP-180,Auto Supplier 180,ENG-1108,MA1A**********364,,,,
SUP-069,Auto Supplier 69,ENG-1298,MA1A**********364,,,,
SUP-145,Auto Supplier 145,ENG-1235,MA1A**********364,,,,
SUP-155,Auto Supplier 155,ENG-1172,MA1A**********365,,,,
SUP-179,Auto Supplier 179,ENG-1413,MA1A**********365,,,,
SUP-075,Auto Supplier 75,ENG-1277,MA1A**********365,,,,
SUP-029,Auto Supplier 29,ENG-1442,MA1A**********365,,,,
SUP-167,Auto Supplier 167,ENG-1439,MA1A**********365,,,,
SUP-075,Auto Supplier 75,ENG-1068,MA1A**********366,,,,
SUP-062,Auto Supplier 62,ENG-1418,MA1A**********366,,,,
SUP-028,Auto Supplier 28,ENG-1467,MA1A**********366,,,,
SUP-014,Auto Supplier 14,ENG-1063,MA1A**********366,,,,
SUP-015,Auto Supplier 15,ENG-1243,MA1A**********366,,,,
SUP-080,Auto Supplier 80,ENG-1084,MA1A**********367,,,,
SUP-166,Auto Supplier 166,ENG-1222,MA1A**********367,,,,
SUP-085,Auto Supplier 85,ENG-1447,MA1A**********367,,,,
SUP-012,Auto Supplier 12,ENG-1117,MA1A**********367,,,,
SUP-059,Auto Supplier 59,ENG-1232,MA1A**********367,,,,
SUP-001,Auto Supplier 1,ENG-1314,MA1A**********368,,,,
SUP-178,Auto Supplier 178,ENG-1108,MA1A**********368,,,,
SUP-169,Auto Supplier 169,ENG-1457,MA1A**********368,,,,
SUP-094,Auto Supplier 94,ENG-1368,MA1A**********368,,,,
SUP-036,Auto Supplier 36,ENG-1427,MA1A**********368,,,,
SUP-158,Auto Supplier 158,ENG-1341,MA1A**********369,,,,
SUP-075,Auto Supplier 75,ENG-1303,MA1A**********369,,,,
SUP-094,Auto Supplier 94,ENG-1482,MA1A**********369,,,,
SUP-072,Auto Supplier 72,ENG-1473,MA1A**********369,,,,
SUP-064,Auto Supplier 64,ENG-1384,MA1A**********369,,,,
SUP-054,Auto Supplier 54,ENG-1492,MA1A**********370,,,,
SUP-084,Auto Supplier 84,ENG-1001,MA1A**********370,,,,
SUP-088,Auto Supplier 88,ENG-1114,MA1A**********370,,,,
SUP-067,Auto Supplier 67,ENG-1310,MA1A**********370,,,,
SUP-001,Auto Supplier 1,ENG-1096,MA1A**********370,,,,
SUP-062,Auto Supplier 62,ENG-1288,MA1A**********371,,,,
SUP-040,Auto Supplier 40,ENG-1393,MA1A**********371,,,,
SUP-085,Auto Supplier 85,ENG-1273,MA1A**********371,,,,
SUP-060,Auto Supplier 60,ENG-1227,MA1A**********371,,,,
SUP-009,Auto Supplier 9,ENG-1145,MA1A**********371,,,,
SUP-038,Auto Supplier 38,ENG-1121,MA1A**********372,,,,
SUP-186,Auto Supplier 186,ENG-1352,MA1A**********372,,,,
SUP-092,Auto Supplier 92,ENG-1231,MA1A**********372,,,,
SUP-180,Auto Supplier 180,ENG-1337,MA1A**********372,,,,
SUP-142,Auto Supplier 142,ENG-1126,MA1A**********372,,,,
SUP-173,Auto Supplier 173,ENG-1396,MA1A**********373,,,,
SUP-020,Auto Supplier 20,ENG-1118,MA1A**********373,,,,
SUP-061,Auto Supplier 61,ENG-1413,MA1A**********373,,,,
SUP-127,Auto Supplier 127,ENG-1464,MA1A**********373,,,,
SUP-134,Auto Supplier 134,ENG-1073,MA1A**********373,,,,
SUP-078,Auto Supplier 78,ENG-1044,MA1A**********374,,,,
SUP-128,Auto Supplier 128,ENG-1288,MA1A**********374,,,,
SUP-093,Auto Supplier 93,ENG-1249,MA1A**********374,,,,
SUP-181,Auto Supplier 181,ENG-1076,MA1A**********374,,,,
SUP-116,Auto Supplier 116,ENG-1139,MA1A**********374,,,,
SUP-115,Auto Supplier 115,ENG-1055,MA1A**********375,,,,
SUP-164,Auto Supplier 164,ENG-1192,MA1A**********375,,,,
SUP-136,Auto Supplier 136,ENG-1403,MA1A**********375,,,,
SUP-175,Auto Supplier 175,ENG-1095,MA1A**********375,,,,
SUP-139,Auto Supplier 139,ENG-1339,MA1A**********375,,,,
SUP-184,Auto Supplier 184,ENG-1222,MA1A**********376,,,,
SUP-055,Auto Supplier 55,ENG-1122,MA1A**********376,,,,
SUP-183,Auto Supplier 183,ENG-1126,MA1A**********376,,,,
SUP-149,Auto Supplier 149,ENG-1163,MA1A**********376,,,,
SUP-005,Auto Supplier 5,ENG-1196,MA1A**********376,,,,
SUP-165,Auto Supplier 165,ENG-1476,MA1A**********377,,,,
SUP-066,Auto Supplier 66,ENG-1368,MA1A**********377,,,,
SUP-109,Auto Supplier 109,ENG-1143,MA1A**********377,,,,
SUP-065,Auto Supplier 65,ENG-1052,MA1A**********377,,,,
SUP-163,Auto Supplier 163,ENG-1401,MA1A**********377,,,,
SUP-002,Auto Supplier 2,ENG-1046,MA1A**********378,,,,
SUP-027,Auto Supplier 27,ENG-1226,MA1A**********378,,,,
SUP-127,Auto Supplier 127,ENG-1373,MA1A**********378,,,,
SUP-009,Auto Supplier 9,ENG-1335,MA1A**********378,,,,
SUP-186,Auto Supplier 186,ENG-1324,MA1A**********378,,,,
SUP-009,Auto Supplier 9,ENG-1025,MA1A**********379,,,,
SUP-099,Auto Supplier 99,ENG-1185,MA1A**********379,,,,
SUP-048,Auto Supplier 48,ENG-1044,MA1A**********379,,,,
SUP-097,Auto Supplier 97,ENG-1175,MA1A**********379,,,,
SUP-183,Auto Supplier 183,ENG-1178,MA1A**********379,,,,
SUP-142,Auto Supplier 142,ENG-1181,MA1A**********380,,,,
SUP-075,Auto Supplier 75,ENG-1059,MA1A**********380,,,,
SUP-186,Auto Supplier 186,ENG-1340,MA1A**********380,,,,
SUP-073,Auto Supplier 73,ENG-1480,MA1A**********380,,,,
SUP-102,Auto Supplier 102,ENG-1494,MA1A**********380,,,,
SUP-100,Auto Supplier 100,ENG-1211,MA1A**********381,,,,
SUP-136,Auto Supplier 136,ENG-1116,MA1A**********381,,,,
SUP-049,Auto Supplier 49,ENG-1013,MA1A**********381,,,,
SUP-030,Auto Supplier 30,ENG-1482,MA1A**********381,,,,
SUP-193,Auto Supplier 193,ENG-1161,MA1A**********381,,,,
SUP-024,Auto Supplier 24,ENG-1212,MA1A**********382,,,,
SUP-078,Auto Supplier 78,ENG-1037,MA1A**********382,,,,
SUP-174,Auto Supplier 174,ENG-1315,MA1A**********382,,,,
SUP-044,Auto Supplier 44,ENG-1194,MA1A**********382,,,,
SUP-001,Auto Supplier 1,ENG-1377,MA1A**********382,,,,
SUP-043,Auto Supplier 43,ENG-1032,MA1A**********383,,,,
SUP-155,Auto Supplier 155,ENG-1262,MA1A**********383,,,,
SUP-094,Auto Supplier 94,ENG-1394,MA1A**********383,,,,
SUP-042,Auto Supplier 42,ENG-1025,MA1A**********383,,,,
SUP-099,Auto Supplier 99,ENG-1018,MA1A**********383,,,,
SUP-118,Auto Supplier 118,ENG-1275,MA1A**********384,,,,
SUP-093,Auto Supplier 93,ENG-1039,MA1A**********384,,,,
SUP-198,Auto Supplier 198,ENG-1019,MA1A**********384,,,,
SUP-111,Auto Supplier 111,ENG-1278,MA1A**********384,,,,
SUP-104,Auto Supplier 104,ENG-1270,MA1A**********384,,,,
SUP-107,Auto Supplier 107,ENG-1229,MA1A**********385,,,,
SUP-096,Auto Supplier 96,ENG-1314,MA1A**********385,,,,
SUP-035,Auto Supplier 35,ENG-1054,MA1A**********385,,,,
SUP-181,Auto Supplier 181,ENG-1462,MA1A**********385,,,,
SUP-038,Auto Supplier 38,ENG-1233,MA1A**********385,,,,
SUP-086,Auto Supplier 86,ENG-1075,MA1A**********386,,,,
SUP-085,Auto Supplier 85,ENG-1441,MA1A**********386,,,,
SUP-177,Auto Supplier 177,ENG-1257,MA1A**********386,,,,
SUP-097,Auto Supplier 97,ENG-1456,MA1A**********386,,,,
SUP-198,Auto Supplier 198,ENG-1281,MA1A**********386,,,,
SUP-155,Auto Supplier 155,ENG-1164,MA1A**********387,,,,
SUP-187,Auto Supplier 187,ENG-1106,MA1A**********387,,,,
SUP-110,Auto Supplier 110,ENG-1101,MA1A**********387,,,,
SUP-181,Auto Supplier 181,ENG-1149,MA1A**********387,,,,
SUP-188,Auto Supplier 188,ENG-1394,MA1A**********387,,,,
SUP-086,Auto Supplier 86,ENG-1145,MA1A**********388,,,,
SUP-189,Auto Supplier 189,ENG-1149,MA1A**********388,,,,
SUP-058,Auto Supplier 58,ENG-1375,MA1A**********388,,,,
SUP-033,Auto Supplier 33,ENG-1309,MA1A**********388,,,,
SUP-153,Auto Supplier 153,ENG-1269,MA1A**********388,,,,
SUP-137,Auto Supplier 137,ENG-1068,MA1A**********389,,,,
SUP-101,Auto Supplier 101,ENG-1418,MA1A**********389,,,,
SUP-169,Auto Supplier 169,ENG-1417,MA1A**********389,,,,
SUP-156,Auto Supplier 156,ENG-1468,MA1A**********389,,,,
SUP-105,Auto Supplier 105,ENG-1026,MA1A**********389,,,,
SUP-178,Auto Supplier 178,ENG-1029,MA1A**********390,,,,
SUP-089,Auto Supplier 89,ENG-1410,MA1A**********390,,,,
SUP-077,Auto Supplier 77,ENG-1135,MA1A**********390,,,,
SUP-141,Auto Supplier 141,ENG-1393,MA1A**********390,,,,
SUP-090,Auto Supplier 90,ENG-1242,MA1A**********390,,,,
SUP-059,Auto Supplier 59,ENG-1271,MA1A**********391,,,,
SUP-007,Auto Supplier 7,ENG-1177,MA1A**********391,,,,
SUP-049,Auto Supplier 49,ENG-1139,MA1A**********391,,,,
SUP-050,Auto Supplier 50,ENG-1356,MA1A**********391,,,,
SUP-075,Auto Supplier 75,ENG-1408,MA1A**********391,,,,
SUP-013,Auto Supplier 13,ENG-1220,MA1A**********392,,,,
SUP-169,Auto Supplier 169,ENG-1129,MA1A**********392,,,,
SUP-149,Auto Supplier 149,ENG-1405,MA1A**********392,,,,
SUP-080,Auto Supplier 80,ENG-1325,MA1A**********392,,,,
SUP-191,Auto Supplier 191,ENG-1214,MA1A**********392,,,,
SUP-170,Auto Supplier 170,ENG-1307,MA1A**********393,,,,
SUP-081,Auto Supplier 81,ENG-1004,MA1A**********393,,,,
SUP-183,Auto Supplier 183,ENG-1245,MA1A**********393,,,,
SUP-123,Auto Supplier 123,ENG-1306,MA1A**********393,,,,
SUP-114,Auto Supplier 114,ENG-1070,MA1A**********393,,,,
SUP-122,Auto Supplier 122,ENG-1377,MA1A**********394,,,,
SUP-093,Auto Supplier 93,ENG-1495,MA1A**********394,,,,
SUP-051,Auto Supplier 51,ENG-1383,MA1A**********394,,,,
SUP-061,Auto Supplier 61,ENG-1059,MA1A**********394,,,,
SUP-006,Auto Supplier 6,ENG-1493,MA1A**********394,,,,
SUP-110,Auto Supplier 110,ENG-1350,MA1A**********395,,,,
SUP-041,Auto Supplier 41,ENG-1130,MA1A**********395,,,,
SUP-110,Auto Supplier 110,ENG-1486,MA1A**********395,,,,
SUP-185,Auto Supplier 185,ENG-1344,MA1A**********395,,,,
SUP-091,Auto Supplier 91,ENG-1340,MA1A**********395,,,,
SUP-192,Auto Supplier 192,ENG-1066,MA1A**********396,,,,
SUP-014,Auto Supplier 14,ENG-1483,MA1A**********396,,,,
SUP-047,Auto Supplier 47,ENG-1432,MA1A**********396,,,,
SUP-111,Auto Supplier 111,ENG-1169,MA1A**********396,,,,
SUP-007,Auto Supplier 7,ENG-1422,MA1A**********396,,,,
SUP-185,Auto Supplier 185,ENG-1321,MA1A**********397,,,,
SUP-187,Auto Supplier 187,ENG-1459,MA1A**********397,,,,
SUP-110,Auto Supplier 110,ENG-1082,MA1A**********397,,,,
SUP-053,Auto Supplier 53,ENG-1373,MA1A**********397,,,,
SUP-133,Auto Supplier 133,ENG-1382,MA1A**********397,,,,
SUP-130,Auto Supplier 130,ENG-1453,MA1A**********398,,,,
SUP-074,Auto Supplier 74,ENG-1477,MA1A**********398,,,,
SUP-198,Auto Supplier 198,ENG-1237,MA1A**********398,,,,
SUP-078,Auto Supplier 78,ENG-1250,MA1A**********398,,,,
SUP-028,Auto Supplier 28,ENG-1052,MA1A**********398,,,,
SUP-107,Auto Supplier 107,ENG-1151,MA1A**********399,,,,
SUP-033,Auto Supplier 33,ENG-1414,MA1A**********399,,,,
SUP-167,Auto Supplier 167,ENG-1237,MA1A**********399,,,,
SUP-001,Auto Supplier 1,ENG-1062,MA1A**********399,,,,
SUP-031,Auto Supplier 31,ENG-1310,MA1A**********399,,,,
SUP-022,Auto Supplier 22,ENG-1059,MA1A**********400,,,,
SUP-053,Auto Supplier 53,ENG-1233,MA1A**********400,,,,
SUP-087,Auto Supplier 87,ENG-1231,MA1A**********400,,,,
SUP-041,Auto Supplier 41,ENG-1150,MA1A**********400,,,,
SUP-043,Auto Supplier 43,ENG-1336,MA1A**********400,,,,
SUP-191,Auto Supplier 191,ENG-1355,MA1A**********401,,,,
SUP-104,Auto Supplier 104,ENG-1282,MA1A**********401,,,,
SUP-179,Auto Supplier 179,ENG-1369,MA1A**********401,,,,
SUP-158,Auto Supplier 158,ENG-1342,MA1A**********401,,,,
SUP-165,Auto Supplier 165,ENG-1250,MA1A**********401,,,,
SUP-027,Auto Supplier 27,ENG-1481,MA1A**********402,,,,
SUP-030,Auto Supplier 30,ENG-1363,MA1A**********402,,,,
SUP-100,Auto Supplier 100,ENG-1090,MA1A**********402,,,,
SUP-195,Auto Supplier 195,ENG-1388,MA1A**********402,,,,
SUP-112,Auto Supplier 112,ENG-1359,MA1A**********402,,,,
SUP-138,Auto Supplier 138,ENG-1365,MA1A**********403,,,,
SUP-047,Auto Supplier 47,ENG-1015,MA1A**********403,,,,
SUP-096,Auto Supplier 96,ENG-1468,MA1A**********403,,,,
SUP-133,Auto Supplier 133,ENG-1124,MA1A**********403,,,,
SUP-197,Auto Supplier 197,ENG-1411,MA1A**********403,,,,
SUP-150,Auto Supplier 150,ENG-1265,MA1A**********404,,,,
SUP-177,Auto Supplier 177,ENG-1267,MA1A**********404,,,,
SUP-102,Auto Supplier 102,ENG-1347,MA1A**********404,,,,
SUP-020,Auto Supplier 20,ENG-1146,MA1A**********404,,,,
SUP-104,Auto Supplier 104,ENG-1118,MA1A**********404,,,,
SUP-100,Auto Supplier 100,ENG-1174,MA1A**********405,,,,
SUP-098,Auto Supplier 98,ENG-1109,MA1A**********405,,,,
SUP-154,Auto Supplier 154,ENG-1441,MA1A**********405,,,,
SUP-051,Auto Supplier 51,ENG-1314,MA1A**********405,,,,
SUP-019,Auto Supplier 19,ENG-1012,MA1A**********405,,,,
SUP-148,Auto Supplier 148,ENG-1065,MA1A**********406,,,,
SUP-164,Auto Supplier 164,ENG-1317,MA1A**********406,,,,
SUP-053,Auto Supplier 53,ENG-1029,MA1A**********406,,,,
SUP-050,Auto Supplier 50,ENG-1473,MA1A**********406,,,,
SUP-053,Auto Supplier 53,ENG-1109,MA1A**********406,,,,
SUP-150,Auto Supplier 150,ENG-1149,MA1A**********407,,,,
SUP-138,Auto Supplier 138,ENG-1446,MA1A**********407,,,,
SUP-009,Auto Supplier 9,ENG-1385,MA1A**********407,,,,
SUP-200,Auto Supplier 200,ENG-1336,MA1A**********407,,,,
SUP-185,Auto Supplier 185,ENG-1428,MA1A**********407,,,,
SUP-172,Auto Supplier 172,ENG-1134,MA1A**********408,,,,
SUP-072,Auto Supplier 72,ENG-1129,MA1A**********408,,,,
SUP-021,Auto Supplier 21,ENG-1254,MA1A**********408,,,,
SUP-169,Auto Supplier 169,ENG-1483,MA1A**********408,,,,
SUP-051,Auto Supplier 51,ENG-1188,MA1A**********408,,,,
SUP-170,Auto Supplier 170,ENG-1133,MA1A**********409,,,,
SUP-072,Auto Supplier 72,ENG-1288,MA1A**********409,,,,
SUP-151,Auto Supplier 151,ENG-1200,MA1A**********409,,,,
SUP-114,Auto Supplier 114,ENG-1273,MA1A**********409,,,,
SUP-005,Auto Supplier 5,ENG-1181,MA1A**********409,,,,
SUP-181,Auto Supplier 181,ENG-1344,MA1A**********410,,,,
SUP-119,Auto Supplier 119,ENG-1441,MA1A**********410,,,,
SUP-016,Auto Supplier 16,ENG-1499,MA1A**********410,,,,
SUP-091,Auto Supplier 91,ENG-1466,MA1A**********410,,,,
SUP-145,Auto Supplier 145,ENG-1113,MA1A**********410,,,,
SUP-090,Auto Supplier 90,ENG-1080,MA1A**********411,,,,
SUP-062,Auto Supplier 62,ENG-1060,MA1A**********411,,,,
SUP-012,Auto Supplier 12,ENG-1419,MA1A**********411,,,,
SUP-122,Auto Supplier 122,ENG-1069,MA1A**********411,,,,
SUP-100,Auto Supplier 100,ENG-1106,MA1A**********411,,,,
SUP-056,Auto Supplier 56,ENG-1426,MA1A**********412,,,,
SUP-164,Auto Supplier 164,ENG-1427,MA1A**********412,,,,
SUP-075,Auto Supplier 75,ENG-1202,MA1A**********412,,,,
SUP-108,Auto Supplier 108,ENG-1198,MA1A**********412,,,,
SUP-058,Auto Supplier 58,ENG-1309,MA1A**********412,,,,
SUP-187,Auto Supplier 187,ENG-1065,MA1A**********413,,,,
SUP-028,Auto Supplier 28,ENG-1019,MA1A**********413,,,,
SUP-138,Auto Supplier 138,ENG-1325,MA1A**********413,,,,
SUP-171,Auto Supplier 171,ENG-1338,MA1A**********413,,,,
SUP-023,Auto Supplier 23,ENG-1440,MA1A**********413,,,,
SUP-081,Auto Supplier 81,ENG-1095,MA1A**********414,,,,
SUP-040,Auto Supplier 40,ENG-1194,MA1A**********414,,,,
SUP-013,Auto Supplier 13,ENG-1333,MA1A**********414,,,,
SUP-097,Auto Supplier 97,ENG-1238,MA1A**********414,,,,
SUP-042,Auto Supplier 42,ENG-1462,MA1A**********414,,,,
SUP-079,Auto Supplier 79,ENG-1255,MA1A**********415,,,,
SUP-184,Auto Supplier 184,ENG-1220,MA1A**********415,,,,
SUP-050,Auto Supplier 50,ENG-1069,MA1A**********415,,,,
SUP-124,Auto Supplier 124,ENG-1334,MA1A**********415,,,,
SUP-138,Auto Supplier 138,ENG-1073,MA1A**********415,,,,
SUP-183,Auto Supplier 183,ENG-1094,MA1A**********416,,,,
SUP-117,Auto Supplier 117,ENG-1087,MA1A**********416,,,,
SUP-114,Auto Supplier 114,ENG-1363,MA1A**********416,,,,
SUP-011,Auto Supplier 11,ENG-1075,MA1A**********416,,,,
SUP-145,Auto Supplier 145,ENG-1190,MA1A**********416,,,,
SUP-068,Auto Supplier 68,ENG-1499,MA1A**********417,,,,
SUP-057,Auto Supplier 57,ENG-1389,MA1A**********417,,,,
SUP-112,Auto Supplier 112,ENG-1403,MA1A**********417,,,,
SUP-068,Auto Supplier 68,ENG-1250,MA1A**********417,,,,
SUP-027,Auto Supplier 27,ENG-1153,MA1A**********417,,,,
SUP-029,Auto Supplier 29,ENG-1272,MA1A**********418,,,,
SUP-118,Auto Supplier 118,ENG-1399,MA1A**********418,,,,
SUP-042,Auto Supplier 42,ENG-1343,MA1A**********418,,,,
SUP-021,Auto Supplier 21,ENG-1409,MA1A**********418,,,,
SUP-140,Auto Supplier 140,ENG-1439,MA1A**********418,,,,
SUP-086,Auto Supplier 86,ENG-1465,MA1A**********419,,,,
SUP-141,Auto Supplier 141,ENG-1364,MA1A**********419,,,,
SUP-106,Auto Supplier 106,ENG-1385,MA1A**********419,,,,
SUP-069,Auto Supplier 69,ENG-1058,MA1A**********419,,,,
SUP-120,Auto Supplier 120,ENG-1219,MA1A**********419,,,,
SUP-057,Auto Supplier 57,ENG-1193,MA1A**********420,,,,
SUP-104,Auto Supplier 104,ENG-1458,MA1A**********420,,,,
SUP-176,Auto Supplier 176,ENG-1367,MA1A**********420,,,,
SUP-109,Auto Supplier 109,ENG-1111,MA1A**********420,,,,
SUP-027,Auto Supplier 27,ENG-1366,MA1A**********420,,,,
SUP-014,Auto Supplier 14,ENG-1379,MA1A**********421,,,,
SUP-096,Auto Supplier 96,ENG-1039,MA1A**********421,,,,
SUP-146,Auto Supplier 146,ENG-1408,MA1A**********421,,,,
SUP-090,Auto Supplier 90,ENG-1134,MA1A**********421,,,,
SUP-126,Auto Supplier 126,ENG-1420,MA1A**********421,,,,
SUP-123,Auto Supplier 123,ENG-1456,MA1A**********422,,,,
SUP-034,Auto Supplier 34,ENG-1152,MA1A**********422,,,,
SUP-151,Auto Supplier 151,ENG-1377,MA1A**********422,,,,
SUP-156,Auto Supplier 156,ENG-1138,MA1A**********422,,,,
SUP-009,Auto Supplier 9,ENG-1293,MA1A**********422,,,,
SUP-190,Auto Supplier 190,ENG-1176,MA1A**********423,,,,
SUP-053,Auto Supplier 53,ENG-1126,MA1A**********423,,,,
SUP-053,Auto Supplier 53,ENG-1105,MA1A**********423,,,,
SUP-152,Auto Supplier 152,ENG-1081,MA1A**********423,,,,
SUP-032,Auto Supplier 32,ENG-1027,MA1A**********423,,,,
SUP-040,Auto Supplier 40,ENG-1020,MA1A**********424,,,,
SUP-146,Auto Supplier 146,ENG-1332,MA1A**********424,,,,
SUP-140,Auto Supplier 140,ENG-1203,MA1A**********424,,,,
SUP-176,Auto Supplier 176,ENG-1004,MA1A**********424,,,,
SUP-044,Auto Supplier 44,ENG-1275,MA1A**********424,,,,
SUP-187,Auto Supplier 187,ENG-1316,MA1A**********425,,,,
SUP-146,Auto Supplier 146,ENG-1193,MA1A**********425,,,,
SUP-174,Auto Supplier 174,ENG-1263,MA1A**********425,,,,
SUP-045,Auto Supplier 45,ENG-1141,MA1A**********425,,,,
SUP-033,Auto Supplier 33,ENG-1362,MA1A**********425,,,,
SUP-104,Auto Supplier 104,ENG-1437,MA1A**********426,,,,
SUP-033,Auto Supplier 33,ENG-1335,MA1A**********426,,,,
SUP-108,Auto Supplier 108,ENG-1311,MA1A**********426,,,,
SUP-070,Auto Supplier 70,ENG-1267,MA1A**********426,,,,
SUP-102,Auto Supplier 102,ENG-1461,MA1A**********426,,,,
SUP-055,Auto Supplier 55,ENG-1220,MA1A**********427,,,,
SUP-195,Auto Supplier 195,ENG-1126,MA1A**********427,,,,
SUP-036,Auto Supplier 36,ENG-1001,MA1A**********427,,,,
SUP-071,Auto Supplier 71,ENG-1146,MA1A**********427,,,,
SUP-194,Auto Supplier 194,ENG-1099,MA1A**********427,,,,
SUP-198,Auto Supplier 198,ENG-1208,MA1A**********428,,,,
SUP-152,Auto Supplier 152,ENG-1498,MA1A**********428,,,,
SUP-042,Auto Supplier 42,ENG-1470,MA1A**********428,,,,
SUP-097,Auto Supplier 97,ENG-1212,MA1A**********428,,,,
SUP-131,Auto Supplier 131,ENG-1362,MA1A**********428,,,,
SUP-148,Auto Supplier 148,ENG-1084,MA1A**********429,,,,
SUP-155,Auto Supplier 155,ENG-1442,MA1A**********429,,,,
SUP-192,Auto Supplier 192,ENG-1288,MA1A**********429,,,,
SUP-095,Auto Supplier 95,ENG-1479,MA1A**********429,,,,
SUP-032,Auto Supplier 32,ENG-1438,MA1A**********429,,,,
SUP-188,Auto Supplier 188,ENG-1396,MA1A**********430,,,,
SUP-003,Auto Supplier 3,ENG-1447,MA1A**********430,,,,
SUP-069,Auto Supplier 69,ENG-1494,MA1A**********430,,,,
SUP-077,Auto Supplier 77,ENG-1257,MA1A**********430,,,,
SUP-049,Auto Supplier 49,ENG-1302,MA1A**********430,,,,
SUP-137,Auto Supplier 137,ENG-1032,MA1A**********431,,,,
SUP-149,Auto Supplier 149,ENG-1328,MA1A**********431,,,,
SUP-062,Auto Supplier 62,ENG-1229,MA1A**********431,,,,
SUP-086,Auto Supplier 86,ENG-1399,MA1A**********431,,,,
SUP-174,Auto Supplier 174,ENG-1350,MA1A**********431,,,,
SUP-191,Auto Supplier 191,ENG-1127,MA1A**********432,,,,
SUP-128,Auto Supplier 128,ENG-1124,MA1A**********432,,,,
SUP-073,Auto Supplier 73,ENG-1165,MA1A**********432,,,,
SUP-147,Auto Supplier 147,ENG-1193,MA1A**********432,,,,
SUP-191,Auto Supplier 191,ENG-1097,MA1A**********432,,,,
SUP-170,Auto Supplier 170,ENG-1378,MA1A**********433,,,,
SUP-056,Auto Supplier 56,ENG-1494,MA1A**********433,,,,
SUP-021,Auto Supplier 21,ENG-1376,MA1A**********433,,,,
SUP-175,Auto Supplier 175,ENG-1175,MA1A**********433,,,,
SUP-096,Auto Supplier 96,ENG-1301,MA1A**********433,,,,
SUP-041,Auto Supplier 41,ENG-1063,MA1A**********434,,,,
SUP-196,Auto Supplier 196,ENG-1345,MA1A**********434,,,,
SUP-199,Auto Supplier 199,ENG-1304,MA1A**********434,,,,
SUP-147,Auto Supplier 147,ENG-1044,MA1A**********434,,,,
SUP-179,Auto Supplier 179,ENG-1056,MA1A**********434,,,,
SUP-195,Auto Supplier 195,ENG-1173,MA1A**********435,,,,
SUP-132,Auto Supplier 132,ENG-1068,MA1A**********435,,,,
SUP-038,Auto Supplier 38,ENG-1073,MA1A**********435,,,,
SUP-160,Auto Supplier 160,ENG-1175,MA1A**********435,,,,
SUP-034,Auto Supplier 34,ENG-1001,MA1A**********435,,,,
SUP-029,Auto Supplier 29,ENG-1191,MA1A**********436,,,,
SUP-096,Auto Supplier 96,ENG-1042,MA1A**********436,,,,
SUP-180,Auto Supplier 180,ENG-1248,MA1A**********436,,,,
SUP-180,Auto Supplier 180,ENG-1038,MA1A**********436,,,,
SUP-175,Auto Supplier 175,ENG-1265,MA1A**********436,,,,
SUP-091,Auto Supplier 91,ENG-1199,MA1A**********437,,,,
SUP-124,Auto Supplier 124,ENG-1153,MA1A**********437,,,,
SUP-194,Auto Supplier 194,ENG-1358,MA1A**********437,,,,
SUP-033,Auto Supplier 33,ENG-1205,MA1A**********437,,,,
SUP-015,Auto Supplier 15,ENG-1231,MA1A**********437,,,,
SUP-123,Auto Supplier 123,ENG-1109,MA1A**********438,,,,
SUP-079,Auto Supplier 79,ENG-1472,MA1A**********438,,,,
SUP-013,Auto Supplier 13,ENG-1223,MA1A**********438,,,,
SUP-131,Auto Supplier 131,ENG-1436,MA1A**********438,,,,
SUP-002,Auto Supplier 2,ENG-1195,MA1A**********438,,,,
SUP-179,Auto Supplier 179,ENG-1004,MA1A**********439,,,,
SUP-002,Auto Supplier 2,ENG-1182,MA1A**********439,,,,
SUP-016,Auto Supplier 16,ENG-1400,MA1A**********439,,,,
SUP-162,Auto Supplier 162,ENG-1324,MA1A**********439,,,,
SUP-159,Auto Supplier 159,ENG-1013,MA1A**********439,,,,
SUP-185,Auto Supplier 185,ENG-1179,MA1A**********440,,,,
SUP-074,Auto Supplier 74,ENG-1451,MA1A**********440,,,,
SUP-152,Auto Supplier 152,ENG-1292,MA1A**********440,,,,
SUP-059,Auto Supplier 59,ENG-1036,MA1A**********440,,,,
NAN,,ENG-1197,MA1A**********440,,,,
SUP-077,Auto Supplier 77,ENG-1451,MA1A**********441,,,,
SUP-122,Auto Supplier 122,ENG-1007,MA1A**********441,,,,
SUP-049,Auto Supplier 49,ENG-1031,MA1A**********441,,,,
SUP-104,Auto Supplier 104,ENG-1426,MA1A**********441,,,,
SUP-051,Auto Supplier 51,ENG-1251,MA1A**********441,,,,
SUP-145,Auto Supplier 145,ENG-1271,MA1A**********442,,,,
SUP-040,Auto Supplier 40,ENG-1003,MA1A**********442,,,,
SUP-058,Auto Supplier 58,ENG-1143,MA1A**********442,,,,
NAN,,ENG-1114,MA1A**********442,,,,
SUP-085,Auto Supplier 85,ENG-1117,MA1A**********442,,,,
SUP-198,Auto Supplier 198,ENG-1368,MA1A**********443,,,,
SUP-110,Auto Supplier 110,ENG-1186,MA1A**********443,,,,
SUP-123,Auto Supplier 123,ENG-1082,MA1A**********443,,,,
SUP-164,Auto Supplier 164,ENG-1040,MA1A**********443,,,,
SUP-161,Auto Supplier 161,ENG-1109,MA1A**********443,,,,
NAN,,ENG-1071,MA1A**********444,,,,
SUP-068,Auto Supplier 68,ENG-1090,MA1A**********444,,,,
SUP-113,Auto Supplier 113,ENG-1429,MA1A**********444,,,,
SUP-099,Auto Supplier 99,ENG-1248,MA1A**********444,,,,
SUP-013,Auto Supplier 13,ENG-1430,MA1A**********444,,,,
SUP-182,Auto Supplier 182,ENG-1183,MA1A**********445,,,,
SUP-036,Auto Supplier 36,ENG-1405,MA1A**********445,,,,
SUP-088,Auto Supplier 88,ENG-1444,MA1A**********445,,,,
SUP-134,Auto Supplier 134,ENG-1189,MA1A**********445,,,,
SUP-067,Auto Supplier 67,ENG-1071,MA1A**********445,,,,
SUP-108,Auto Supplier 108,ENG-1202,MA1A**********446,,,,
SUP-177,Auto Supplier 177,ENG-1481,MA1A**********446,,,,
SUP-040,Auto Supplier 40,ENG-1067,MA1A**********446,,,,
SUP-006,Auto Supplier 6,ENG-1206,MA1A**********446,,,,
SUP-012,Auto Supplier 12,ENG-1439,MA1A**********446,,,,
SUP-063,Auto Supplier 63,ENG-1414,MA1A**********447,,,,
SUP-139,Auto Supplier 139,ENG-1059,MA1A**********447,,,,
SUP-171,Auto Supplier 171,ENG-1491,MA1A**********447,,,,
SUP-076,Auto Supplier 76,ENG-1200,MA1A**********447,,,,
SUP-173,Auto Supplier 173,ENG-1408,MA1A**********447,,,,
SUP-128,Auto Supplier 128,ENG-1123,MA1A**********448,,,,
SUP-183,Auto Supplier 183,ENG-1349,MA1A**********448,,,,
SUP-042,Auto Supplier 42,ENG-1148,MA1A**********448,,,,
SUP-039,Auto Supplier 39,ENG-1001,MA1A**********448,,,,
SUP-002,Auto Supplier 2,ENG-1474,MA1A**********448,,,,
SUP-050,Auto Supplier 50,ENG-1246,MA1A**********449,,,,
SUP-146,Auto Supplier 146,ENG-1198,MA1A**********449,,,,
SUP-028,Auto Supplier 28,ENG-1056,MA1A**********449,,,,
SUP-184,Auto Supplier 184,ENG-1296,MA1A**********449,,,,
SUP-163,Auto Supplier 163,ENG-1252,MA1A**********449,,,,
SUP-018,Auto Supplier 18,ENG-1300,MA1A**********450,,,,
SUP-124,Auto Supplier 124,ENG-1026,MA1A**********450,,,,
SUP-176,Auto Supplier 176,ENG-1001,MA1A**********450,,,,
SUP-070,Auto Supplier 70,ENG-1356,MA1A**********450,,,,
SUP-151,Auto Supplier 151,ENG-1087,MA1A**********450,,,,
SUP-121,Auto Supplier 121,ENG-1194,MA1A**********451,,,,
SUP-130,Auto Supplier 130,ENG-1203,MA1A**********451,,,,
SUP-015,Auto Supplier 15,ENG-1316,MA1A**********451,,,,
SUP-173,Auto Supplier 173,ENG-1148,MA1A**********451,,,,
SUP-075,Auto Supplier 75,ENG-1245,MA1A**********451,,,,
SUP-138,Auto Supplier 138,ENG-1327,MA1A**********452,,,,
SUP-195,Auto Supplier 195,ENG-1241,MA1A**********452,,,,
SUP-015,Auto Supplier 15,ENG-1140,MA1A**********452,,,,
SUP-187,Auto Supplier 187,ENG-1078,MA1A**********452,,,,
SUP-117,Auto Supplier 117,ENG-1289,MA1A**********452,,,,
SUP-131,Auto Supplier 131,ENG-1040,MA1A**********453,,,,
SUP-180,Auto Supplier 180,ENG-1134,MA1A**********453,,,,
SUP-139,Auto Supplier 139,ENG-1378,MA1A**********453,,,,
SUP-087,Auto Supplier 87,ENG-1259,MA1A**********453,,,,
SUP-144,Auto Supplier 144,ENG-1490,MA1A**********453,,,,
SUP-012,Auto Supplier 12,ENG-1210,MA1A**********454,,,,
SUP-112,Auto Supplier 112,ENG-1357,MA1A**********454,,,,
SUP-027,Auto Supplier 27,ENG-1400,MA1A**********454,,,,
SUP-123,Auto Supplier 123,ENG-1406,MA1A**********454,,,,
SUP-067,Auto Supplier 67,ENG-1259,MA1A**********454,,,,
SUP-157,Auto Supplier 157,ENG-1232,MA1A**********455,,,,
SUP-141,Auto Supplier 141,ENG-1348,MA1A**********455,,,,
SUP-112,Auto Supplier 112,ENG-1431,MA1A**********455,,,,
SUP-034,Auto Supplier 34,ENG-1061,MA1A**********455,,,,
SUP-033,Auto Supplier 33,ENG-1246,MA1A**********455,,,,
SUP-133,Auto Supplier 133,ENG-1111,MA1A**********456,,,,
SUP-025,Auto Supplier 25,ENG-1189,MA1A**********456,,,,
SUP-200,Auto Supplier 200,ENG-1441,MA1A**********456,,,,
SUP-158,Auto Supplier 158,ENG-1009,MA1A**********456,,,,
SUP-180,Auto Supplier 180,ENG-1070,MA1A**********456,,,,
SUP-165,Auto Supplier 165,ENG-1143,MA1A**********457,,,,
SUP-033,Auto Supplier 33,ENG-1190,MA1A**********457,,,,
SUP-041,Auto Supplier 41,ENG-1284,MA1A**********457,,,,
SUP-117,Auto Supplier 117,ENG-1455,MA1A**********457,,,,
SUP-180,Auto Supplier 180,ENG-1156,MA1A**********457,,,,
SUP-110,Auto Supplier 110,ENG-1261,MA1A**********458,,,,
SUP-070,Auto Supplier 70,ENG-1219,MA1A**********458,,,,
SUP-053,Auto Supplier 53,ENG-1334,MA1A**********458,,,,
SUP-024,Auto Supplier 24,ENG-1060,MA1A**********458,,,,
SUP-091,Auto Supplier 91,ENG-1093,MA1A**********458,,,,
SUP-120,Auto Supplier 120,ENG-1254,MA1A**********459,,,,
SUP-090,Auto Supplier 90,ENG-1482,MA1A**********459,,,,
SUP-131,Auto Supplier 131,ENG-1233,MA1A**********459,,,,
SUP-139,Auto Supplier 139,ENG-1141,MA1A**********459,,,,
SUP-049,Auto Supplier 49,ENG-1210,MA1A**********459,,,,
SUP-014,Auto Supplier 14,ENG-1000,MA1A**********460,,,,
SUP-113,Auto Supplier 113,ENG-1484,MA1A**********460,,,,
SUP-066,Auto Supplier 66,ENG-1080,MA1A**********460,,,,
SUP-085,Auto Supplier 85,ENG-1210,MA1A**********460,,,,
SUP-063,Auto Supplier 63,ENG-1083,MA1A**********460,,,,
SUP-004,Auto Supplier 4,ENG-1439,MA1A**********461,,,,
SUP-179,Auto Supplier 179,ENG-1218,MA1A**********461,,,,
SUP-170,Auto Supplier 170,ENG-1095,MA1A**********461,,,,
SUP-111,Auto Supplier 111,ENG-1051,MA1A**********461,,,,
SUP-004,Auto Supplier 4,ENG-1005,MA1A**********461,,,,
SUP-025,Auto Supplier 25,ENG-1378,MA1A**********462,,,,
SUP-105,Auto Supplier 105,ENG-1068,MA1A**********462,,,,
SUP-010,Auto Supplier 10,ENG-1091,MA1A**********462,,,,
SUP-050,Auto Supplier 50,ENG-1118,MA1A**********462,,,,
SUP-025,Auto Supplier 25,ENG-1057,MA1A**********462,,,,
SUP-185,Auto Supplier 185,ENG-1213,MA1A**********463,,,,
SUP-060,Auto Supplier 60,ENG-1080,MA1A**********463,,,,
SUP-098,Auto Supplier 98,ENG-1143,MA1A**********463,,,,
SUP-093,Auto Supplier 93,ENG-1414,MA1A**********463,,,,
SUP-111,Auto Supplier 111,ENG-1184,MA1A**********463,,,,
SUP-173,Auto Supplier 173,ENG-1257,MA1A**********464,,,,
SUP-099,Auto Supplier 99,ENG-1299,MA1A**********464,,,,
SUP-076,Auto Supplier 76,ENG-1067,MA1A**********464,,,,
SUP-097,Auto Supplier 97,ENG-1434,MA1A**********464,,,,
SUP-005,Auto Supplier 5,ENG-1020,MA1A**********464,,,,
SUP-168,Auto Supplier 168,ENG-1300,MA1A**********465,,,,
SUP-031,Auto Supplier 31,ENG-1001,MA1A**********465,,,,
SUP-120,Auto Supplier 120,ENG-1035,MA1A**********465,,,,
SUP-089,Auto Supplier 89,ENG-1313,MA1A**********465,,,,
SUP-063,Auto Supplier 63,ENG-1112,MA1A**********465,,,,
SUP-017,Auto Supplier 17,ENG-1352,MA1A**********466,,,,
SUP-077,Auto Supplier 77,ENG-1082,MA1A**********466,,,,
SUP-036,Auto Supplier 36,ENG-1398,MA1A**********466,,,,
SUP-003,Auto Supplier 3,ENG-1233,MA1A**********466,,,,
SUP-088,Auto Supplier 88,ENG-1316,MA1A**********466,,,,
SUP-050,Auto Supplier 50,ENG-1065,MA1A**********467,,,,
SUP-184,Auto Supplier 184,ENG-1246,MA1A**********467,,,,
SUP-137,Auto Supplier 137,ENG-1017,MA1A**********467,,,,
SUP-002,Auto Supplier 2,ENG-1436,MA1A**********467,,,,
SUP-063,Auto Supplier 63,ENG-1318,MA1A**********467,,,,
SUP-105,Auto Supplier 105,ENG-1003,MA1A**********468,,,,
SUP-162,Auto Supplier 162,ENG-1229,MA1A**********468,,,,
SUP-055,Auto Supplier 55,ENG-1080,MA1A**********468,,,,
SUP-169,Auto Supplier 169,ENG-1248,MA1A**********468,,,,
SUP-143,Auto Supplier 143,ENG-1453,MA1A**********468,,,,
SUP-176,Auto Supplier 176,ENG-1472,MA1A**********469,,,,
SUP-149,Auto Supplier 149,ENG-1059,MA1A**********469,,,,
SUP-043,Auto Supplier 43,ENG-1358,MA1A**********469,,,,
SUP-195,Auto Supplier 195,ENG-1000,MA1A**********469,,,,
SUP-129,Auto Supplier 129,ENG-1476,MA1A**********469,,,,
SUP-145,Auto Supplier 145,ENG-1023,MA1A**********470,,,,
SUP-137,Auto Supplier 137,ENG-1304,MA1A**********470,,,,
SUP-080,Auto Supplier 80,ENG-1179,MA1A**********470,,,,
SUP-056,Auto Supplier 56,ENG-1144,MA1A**********470,,,,
SUP-108,Auto Supplier 108,ENG-1121,MA1A**********470,,,,
SUP-060,Auto Supplier 60,ENG-1022,MA1A**********471,,,,
SUP-137,Auto Supplier 137,ENG-1350,MA1A**********471,,,,
SUP-195,Auto Supplier 195,ENG-1210,MA1A**********471,,,,
SUP-114,Auto Supplier 114,ENG-1428,MA1A**********471,,,,
SUP-059,Auto Supplier 59,ENG-1166,MA1A**********471,,,,
SUP-109,Auto Supplier 109,ENG-1227,MA1A**********472,,,,
SUP-109,Auto Supplier 109,ENG-1285,MA1A**********472,,,,
SUP-130,Auto Supplier 130,ENG-1048,MA1A**********472,,,,
SUP-100,Auto Supplier 100,ENG-1399,MA1A**********472,,,,
SUP-198,Auto Supplier 198,ENG-1408,MA1A**********472,,,,
SUP-147,Auto Supplier 147,ENG-1081,MA1A**********473,,,,
SUP-047,Auto Supplier 47,ENG-1347,MA1A**********473,,,,
SUP-120,Auto Supplier 120,ENG-1274,MA1A**********473,,,,
SUP-030,Auto Supplier 30,ENG-1210,MA1A**********473,,,,
SUP-034,Auto Supplier 34,ENG-1339,MA1A**********473,,,,
SUP-189,Auto Supplier 189,ENG-1117,MA1A**********474,,,,
SUP-020,Auto Supplier 20,ENG-1454,MA1A**********474,,,,
SUP-036,Auto Supplier 36,ENG-1153,MA1A**********474,,,,
SUP-189,Auto Supplier 189,ENG-1425,MA1A**********474,,,,
SUP-185,Auto Supplier 185,ENG-1362,MA1A**********474,,,,
SUP-052,Auto Supplier 52,ENG-1483,MA1A**********475,,,,
SUP-047,Auto Supplier 47,ENG-1265,MA1A**********475,,,,
SUP-074,Auto Supplier 74,ENG-1460,MA1A**********475,,,,
SUP-142,Auto Supplier 142,ENG-1137,MA1A**********475,,,,
SUP-107,Auto Supplier 107,ENG-1205,MA1A**********475,,,,
SUP-120,Auto Supplier 120,ENG-1230,MA1A**********476,,,,
SUP-164,Auto Supplier 164,ENG-1020,MA1A**********476,,,,
SUP-169,Auto Supplier 169,ENG-1240,MA1A**********476,,,,
SUP-156,Auto Supplier 156,ENG-1439,MA1A**********476,,,,
SUP-199,Auto Supplier 199,ENG-1268,MA1A**********476,,,,
SUP-116,Auto Supplier 116,ENG-1106,MA1A**********477,,,,
SUP-138,Auto Supplier 138,ENG-1268,MA1A**********477,,,,
SUP-109,Auto Supplier 109,ENG-1016,MA1A**********477,,,,
SUP-041,Auto Supplier 41,ENG-1410,MA1A**********477,,,,
SUP-054,Auto Supplier 54,ENG-1127,MA1A**********477,,,,
SUP-176,Auto Supplier 176,ENG-1413,MA1A**********478,,,,
SUP-012,Auto Supplier 12,ENG-1091,MA1A**********478,,,,
SUP-110,Auto Supplier 110,ENG-1142,MA1A**********478,,,,
SUP-095,Auto Supplier 95,ENG-1309,MA1A**********478,,,,
SUP-029,Auto Supplier 29,ENG-1418,MA1A**********478,,,,
SUP-003,Auto Supplier 3,ENG-1218,MA1A**********479,,,,
SUP-183,Auto Supplier 183,ENG-1046,MA1A**********479,,,,
SUP-157,Auto Supplier 157,ENG-1459,MA1A**********479,,,,
SUP-023,Auto Supplier 23,ENG-1325,MA1A**********479,,,,
SUP-113,Auto Supplier 113,ENG-1281,MA1A**********479,,,,
SUP-077,Auto Supplier 77,ENG-1001,MA1A**********480,,,,
SUP-057,Auto Supplier 57,ENG-1182,MA1A**********480,,,,
SUP-005,Auto Supplier 5,ENG-1002,MA1A**********480,,,,
SUP-067,Auto Supplier 67,ENG-1153,MA1A**********480,,,,
SUP-140,Auto Supplier 140,ENG-1324,MA1A**********480,,,,
SUP-027,Auto Supplier 27,ENG-1236,MA1A**********481,,,,
SUP-176,Auto Supplier 176,ENG-1173,MA1A**********481,,,,
SUP-069,Auto Supplier 69,ENG-1157,MA1A**********481,,,,
SUP-177,Auto Supplier 177,ENG-1381,MA1A**********481,,,,
SUP-087,Auto Supplier 87,ENG-1141,MA1A**********481,,,,
SUP-103,Auto Supplier 103,ENG-1101,MA1A**********482,,,,
SUP-057,Auto Supplier 57,ENG-1226,MA1A**********482,,,,
SUP-186,Auto Supplier 186,ENG-1414,MA1A**********482,,,,
SUP-110,Auto Supplier 110,ENG-1176,MA1A**********482,,,,
SUP-168,Auto Supplier 168,ENG-1360,MA1A**********482,,,,
SUP-049,Auto Supplier 49,ENG-1352,MA1A**********483,,,,
SUP-060,Auto Supplier 60,ENG-1228,MA1A**********483,,,,
SUP-006,Auto Supplier 6,ENG-1038,MA1A**********483,,,,
SUP-070,Auto Supplier 70,ENG-1484,MA1A**********483,,,,
SUP-195,Auto Supplier 195,ENG-1291,MA1A**********483,,,,
SUP-162,Auto Supplier 162,ENG-1403,MA1A**********484,,,,
SUP-085,Auto Supplier 85,ENG-1424,MA1A**********484,,,,
SUP-118,Auto Supplier 118,ENG-1092,MA1A**********484,,,,
SUP-097,Auto Supplier 97,ENG-1115,MA1A**********484,,,,
SUP-169,Auto Supplier 169,ENG-1070,MA1A**********484,,,,
SUP-133,Auto Supplier 133,ENG-1101,MA1A**********485,,,,
SUP-120,Auto Supplier 120,ENG-1447,MA1A**********485,,,,
SUP-030,Auto Supplier 30,ENG-1344,MA1A**********485,,,,
SUP-186,Auto Supplier 186,ENG-1221,MA1A**********485,,,,
SUP-166,Auto Supplier 166,ENG-1092,MA1A**********485,,,,
SUP-087,Auto Supplier 87,ENG-1304,MA1A**********486,,,,
SUP-055,Auto Supplier 55,ENG-1181,MA1A**********486,,,,
SUP-140,Auto Supplier 140,ENG-1043,MA1A**********486,,,,
SUP-175,Auto Supplier 175,ENG-1207,MA1A**********486,,,,
SUP-176,Auto Supplier 176,ENG-1201,MA1A**********486,,,,
SUP-159,Auto Supplier 159,ENG-1314,MA1A**********487,,,,
SUP-166,Auto Supplier 166,ENG-1232,MA1A**********487,,,,
SUP-059,Auto Supplier 59,ENG-1026,MA1A**********487,,,,
SUP-069,Auto Supplier 69,ENG-1379,MA1A**********487,,,,
SUP-197,Auto Supplier 197,ENG-1466,MA1A**********487,,,,
SUP-200,Auto Supplier 200,ENG-1164,MA1A**********488,,,,
SUP-121,Auto Supplier 121,ENG-1194,MA1A**********488,,,,
SUP-139,Auto Supplier 139,ENG-1376,MA1A**********488,,,,
SUP-016,Auto Supplier 16,ENG-1245,MA1A**********488,,,,
SUP-097,Auto Supplier 97,ENG-1051,MA1A**********488,,,,
SUP-013,Auto Supplier 13,ENG-1306,MA1A**********489,,,,
SUP-135,Auto Supplier 135,ENG-1329,MA1A**********489,,,,
SUP-198,Auto Supplier 198,ENG-1127,MA1A**********489,,,,
SUP-110,Auto Supplier 110,ENG-1344,MA1A**********489,,,,
SUP-127,Auto Supplier 127,ENG-1487,MA1A**********489,,,,
SUP-003,Auto Supplier 3,ENG-1494,MA1A**********490,,,,
SUP-088,Auto Supplier 88,ENG-1325,MA1A**********490,,,,
SUP-125,Auto Supplier 125,ENG-1278,MA1A**********490,,,,
SUP-023,Auto Supplier 23,ENG-1025,MA1A**********490,,,,
SUP-076,Auto Supplier 76,ENG-1048,MA1A**********490,,,,
SUP-082,Auto Supplier 82,ENG-1013,MA1A**********491,,,,
SUP-123,Auto Supplier 123,ENG-1071,MA1A**********491,,,,
SUP-103,Auto Supplier 103,ENG-1068,MA1A**********491,,,,
SUP-145,Auto Supplier 145,ENG-1193,MA1A**********491,,,,
SUP-102,Auto Supplier 102,ENG-1026,MA1A**********491,,,,
SUP-063,Auto Supplier 63,ENG-1079,MA1A**********492,,,,
SUP-107,Auto Supplier 107,ENG-1131,MA1A**********492,,,,
SUP-197,Auto Supplier 197,ENG-1183,MA1A**********492,,,,
SUP-083,Auto Supplier 83,ENG-1116,MA1A**********492,,,,
SUP-026,Auto Supplier 26,ENG-1360,MA1A**********492,,,,
SUP-012,Auto Supplier 12,ENG-1422,MA1A**********493,,,,
SUP-148,Auto Supplier 148,ENG-1087,MA1A**********493,,,,
SUP-069,Auto Supplier 69,ENG-1123,MA1A**********493,,,,
SUP-018,Auto Supplier 18,ENG-1473,MA1A**********493,,,,
SUP-145,Auto Supplier 145,ENG-1054,MA1A**********493,,,,
SUP-034,Auto Supplier 34,ENG-1316,MA1A**********494,,,,
SUP-058,Auto Supplier 58,ENG-1000,MA1A**********494,,,,
SUP-045,Auto Supplier 45,ENG-1478,MA1A**********494,,,,
SUP-014,Auto Supplier 14,ENG-1240,MA1A**********494,,,,
SUP-133,Auto Supplier 133,ENG-1190,MA1A**********494,,,,
SUP-074,Auto Supplier 74,ENG-1335,MA1A**********495,,,,
SUP-144,Auto Supplier 144,ENG-1001,MA1A**********495,,,,
SUP-179,Auto Supplier 179,ENG-1473,MA1A**********495,,,,
SUP-181,Auto Supplier 181,ENG-1014,MA1A**********495,,,,
SUP-005,Auto Supplier 5,ENG-1181,MA1A**********495,,,,
SUP-039,Auto Supplier 39,ENG-1360,MA1A**********496,,,,
SUP-127,Auto Supplier 127,ENG-1414,MA1A**********496,,,,
SUP-013,Auto Supplier 13,ENG-1410,MA1A**********496,,,,
SUP-179,Auto Supplier 179,ENG-1020,MA1A**********496,,,,
SUP-029,Auto Supplier 29,ENG-1086,MA1A**********496,,,,
SUP-060,Auto Supplier 60,ENG-1028,MA1A**********497,,,,
SUP-106,Auto Supplier 106,ENG-1186,MA1A**********497,,,,
SUP-150,Auto Supplier 150,ENG-1244,MA1A**********497,,,,
SUP-031,Auto Supplier 31,ENG-1170,MA1A**********497,,,,
SUP-136,Auto Supplier 136,ENG-1468,MA1A**********497,,,,
SUP-136,Auto Supplier 136,ENG-1219,MA1A**********498,,,,
SUP-162,Auto Supplier 162,ENG-1274,MA1A**********498,,,,
SUP-034,Auto Supplier 34,ENG-1103,MA1A**********498,,,,
SUP-122,Auto Supplier 122,ENG-1485,MA1A**********498,,,,
SUP-114,Auto Supplier 114,ENG-1126,MA1A**********498,,,,
SUP-151,Auto Supplier 151,ENG-1075,MA1A**********499,,,,
SUP-171,Auto Supplier 171,ENG-1457,MA1A**********499,,,,
SUP-155,Auto Supplier 155,ENG-1108,MA1A**********499,,,,
SUP-166,Auto Supplier 166,ENG-1247,MA1A**********499,,,,
SUP-017,Auto Supplier 17,ENG-1331,MA1A**********499,,,,
SUP-181,Auto Supplier 181,ENG-1191,MA1A**********500,,,,
SUP-120,Auto Supplier 120,ENG-1462,MA1A**********500,,,,
SUP-103,Auto Supplier 103,ENG-1356,MA1A**********500,,,,
SUP-128,Auto Supplier 128,ENG-1469,MA1A**********500,,,,
SUP-031,Auto Supplier 31,ENG-1358,MA1A**********500,,,,
SUP-041,Auto Supplier 41,ENG-1069,MA1A**********501,,,,
SUP-038,Auto Supplier 38,ENG-1335,MA1A**********501,,,,
SUP-080,Auto Supplier 80,ENG-1493,MA1A**********501,,,,
SUP-041,Auto Supplier 41,ENG-1152,MA1A**********501,,,,
SUP-122,Auto Supplier 122,ENG-1210,MA1A**********501,,,,
SUP-144,Auto Supplier 144,ENG-1362,MA1A**********502,,,,
SUP-034,Auto Supplier 34,ENG-1197,MA1A**********502,,,,
SUP-029,Auto Supplier 29,ENG-1034,MA1A**********502,,,,
SUP-186,Auto Supplier 186,ENG-1369,MA1A**********502,,,,
SUP-116,Auto Supplier 116,ENG-1262,MA1A**********502,,,,
SUP-047,Auto Supplier 47,ENG-1065,MA1A**********503,,,,
SUP-022,Auto Supplier 22,ENG-1128,MA1A**********503,,,,
SUP-076,Auto Supplier 76,ENG-1352,MA1A**********503,,,,
SUP-085,Auto Supplier 85,ENG-1389,MA1A**********503,,,,
SUP-046,Auto Supplier 46,ENG-1035,MA1A**********503,,,,
SUP-193,Auto Supplier 193,ENG-1181,MA1A**********504,,,,
SUP-175,Auto Supplier 175,ENG-1155,MA1A**********504,,,,
SUP-166,Auto Supplier 166,ENG-1388,MA1A**********504,,,,
SUP-146,Auto Supplier 146,ENG-1394,MA1A**********504,,,,
SUP-106,Auto Supplier 106,ENG-1355,MA1A**********504,,,,
SUP-077,Auto Supplier 77,ENG-1132,MA1A**********505,,,,
SUP-059,Auto Supplier 59,ENG-1403,MA1A**********505,,,,
SUP-027,Auto Supplier 27,ENG-1289,MA1A**********505,,,,
SUP-138,Auto Supplier 138,ENG-1254,MA1A**********505,,,,
SUP-081,Auto Supplier 81,ENG-1432,MA1A**********505,,,,
SUP-082,Auto Supplier 82,ENG-1177,MA1A**********506,,,,
SUP-031,Auto Supplier 31,ENG-1424,MA1A**********506,,,,
SUP-187,Auto Supplier 187,ENG-1466,MA1A**********506,,,,
SUP-160,Auto Supplier 160,ENG-1155,MA1A**********506,,,,
SUP-108,Auto Supplier 108,ENG-1366,MA1A**********506,,,,
SUP-001,Auto Supplier 1,ENG-1185,MA1A**********507,,,,
SUP-072,Auto Supplier 72,ENG-1210,MA1A**********507,,,,
SUP-196,Auto Supplier 196,ENG-1358,MA1A**********507,,,,
SUP-029,Auto Supplier 29,ENG-1243,MA1A**********507,,,,
SUP-068,Auto Supplier 68,ENG-1005,MA1A**********507,,,,
SUP-101,Auto Supplier 101,ENG-1208,MA1A**********508,,,,
SUP-029,Auto Supplier 29,ENG-1471,MA1A**********508,,,,
SUP-185,Auto Supplier 185,ENG-1055,MA1A**********508,,,,
SUP-143,Auto Supplier 143,ENG-1123,MA1A**********508,,,,
SUP-158,Auto Supplier 158,ENG-1080,MA1A**********508,,,,
SUP-106,Auto Supplier 106,ENG-1452,MA1A**********509,,,,
SUP-148,Auto Supplier 148,ENG-1083,MA1A**********509,,,,
SUP-142,Auto Supplier 142,ENG-1073,MA1A**********509,,,,
SUP-035,Auto Supplier 35,ENG-1497,MA1A**********509,,,,
SUP-033,Auto Supplier 33,ENG-1151,MA1A**********509,,,,
SUP-123,Auto Supplier 123,ENG-1424,MA1A**********510,,,,
SUP-176,Auto Supplier 176,ENG-1148,MA1A**********510,,,,
SUP-131,Auto Supplier 131,ENG-1428,MA1A**********510,,,,
SUP-031,Auto Supplier 31,ENG-1070,MA1A**********510,,,,
SUP-146,Auto Supplier 146,ENG-1025,MA1A**********510,,,,
SUP-009,Auto Supplier 9,ENG-1409,MA1A**********511,,,,
SUP-196,Auto Supplier 196,ENG-1496,MA1A**********511,,,,
SUP-180,Auto Supplier 180,ENG-1027,MA1A**********511,,,,
SUP-123,Auto Supplier 123,ENG-1116,MA1A**********511,,,,
SUP-108,Auto Supplier 108,ENG-1078,MA1A**********511,,,,
SUP-044,Auto Supplier 44,ENG-1175,MA1A**********512,,,,
SUP-094,Auto Supplier 94,ENG-1075,MA1A**********512,,,,
SUP-189,Auto Supplier 189,ENG-1234,MA1A**********512,,,,
SUP-200,Auto Supplier 200,ENG-1355,MA1A**********512,,,,
SUP-102,Auto Supplier 102,ENG-1062,MA1A**********512,,,,
SUP-106,Auto Supplier 106,ENG-1113,MA1A**********513,,,,
SUP-151,Auto Supplier 151,ENG-1207,MA1A**********513,,,,
SUP-158,Auto Supplier 158,ENG-1304,MA1A**********513,,,,
SUP-107,Auto Supplier 107,ENG-1425,MA1A**********513,,,,
SUP-117,Auto Supplier 117,ENG-1307,MA1A**********513,,,,
SUP-198,Auto Supplier 198,ENG-1345,MA1A**********514,,,,
SUP-016,Auto Supplier 16,ENG-1322,MA1A**********514,,,,
SUP-112,Auto Supplier 112,ENG-1455,MA1A**********514,,,,
SUP-179,Auto Supplier 179,ENG-1270,MA1A**********514,,,,
SUP-051,Auto Supplier 51,ENG-1499,MA1A**********514,,,,
SUP-092,Auto Supplier 92,ENG-1144,MA1A**********515,,,,
SUP-179,Auto Supplier 179,ENG-1209,MA1A**********515,,,,
SUP-182,Auto Supplier 182,ENG-1055,MA1A**********515,,,,
SUP-166,Auto Supplier 166,ENG-1400,MA1A**********515,,,,
SUP-035,Auto Supplier 35,ENG-1110,MA1A**********515,,,,
SUP-025,Auto Supplier 25,ENG-1121,MA1A**********516,,,,
SUP-009,Auto Supplier 9,ENG-1437,MA1A**********516,,,,
SUP-046,Auto Supplier 46,ENG-1306,MA1A**********516,,,,
SUP-017,Auto Supplier 17,ENG-1159,MA1A**********516,,,,
SUP-155,Auto Supplier 155,ENG-1016,MA1A**********516,,,,
SUP-129,Auto Supplier 129,ENG-1236,MA1A**********517,,,,
SUP-017,Auto Supplier 17,ENG-1324,MA1A**********517,,,,
SUP-095,Auto Supplier 95,ENG-1001,MA1A**********517,,,,
SUP-110,Auto Supplier 110,ENG-1001,MA1A**********517,,,,
SUP-175,Auto Supplier 175,ENG-1216,MA1A**********517,,,,
SUP-044,Auto Supplier 44,ENG-1105,MA1A**********518,,,,
SUP-007,Auto Supplier 7,ENG-1420,MA1A**********518,,,,
SUP-157,Auto Supplier 157,ENG-1168,MA1A**********518,,,,
SUP-109,Auto Supplier 109,ENG-1116,MA1A**********518,,,,
SUP-132,Auto Supplier 132,ENG-1467,MA1A**********518,,,,
SUP-033,Auto Supplier 33,ENG-1281,MA1A**********519,,,,
SUP-055,Auto Supplier 55,ENG-1380,MA1A**********519,,,,
SUP-148,Auto Supplier 148,ENG-1080,MA1A**********519,,,,
SUP-121,Auto Supplier 121,ENG-1203,MA1A**********519,,,,
SUP-178,Auto Supplier 178,ENG-1446,MA1A**********519,,,,
SUP-098,Auto Supplier 98,ENG-1189,MA1A**********520,,,,
SUP-191,Auto Supplier 191,ENG-1421,MA1A**********520,,,,
SUP-164,Auto Supplier 164,ENG-1241,MA1A**********520,,,,
SUP-002,Auto Supplier 2,ENG-1440,MA1A**********520,,,,
SUP-176,Auto Supplier 176,ENG-1213,MA1A**********520,,,,
SUP-153,Auto Supplier 153,ENG-1127,MA1A**********521,,,,
SUP-068,Auto Supplier 68,ENG-1238,MA1A**********521,,,,
SUP-168,Auto Supplier 168,ENG-1160,MA1A**********521,,,,
SUP-107,Auto Supplier 107,ENG-1464,MA1A**********521,,,,
SUP-174,Auto Supplier 174,ENG-1113,MA1A**********521,,,,
SUP-089,Auto Supplier 89,ENG-1342,MA1A**********522,,,,
SUP-050,Auto Supplier 50,ENG-1217,MA1A**********522,,,,
SUP-089,Auto Supplier 89,ENG-1405,MA1A**********522,,,,
SUP-065,Auto Supplier 65,ENG-1435,MA1A**********522,,,,
SUP-120,Auto Supplier 120,ENG-1154,MA1A**********522,,,,
SUP-134,Auto Supplier 134,ENG-1198,MA1A**********523,,,,
SUP-135,Auto Supplier 135,ENG-1063,MA1A**********523,,,,
SUP-052,Auto Supplier 52,ENG-1000,MA1A**********523,,,,
SUP-086,Auto Supplier 86,ENG-1398,MA1A**********523,,,,
SUP-037,Auto Supplier 37,ENG-1103,MA1A**********523,,,,
SUP-153,Auto Supplier 153,ENG-1108,MA1A**********524,,,,
SUP-154,Auto Supplier 154,ENG-1479,MA1A**********524,,,,
SUP-102,Auto Supplier 102,ENG-1118,MA1A**********524,,,,
SUP-021,Auto Supplier 21,ENG-1153,MA1A**********524,,,,
SUP-117,Auto Supplier 117,ENG-1153,MA1A**********524,,,,
SUP-194,Auto Supplier 194,ENG-1486,MA1A**********525,,,,
SUP-008,Auto Supplier 8,ENG-1104,MA1A**********525,,,,
SUP-050,Auto Supplier 50,ENG-1208,MA1A**********525,,,,
SUP-126,Auto Supplier 126,ENG-1257,MA1A**********525,,,,
SUP-009,Auto Supplier 9,ENG-1475,MA1A**********525,,,,
SUP-116,Auto Supplier 116,ENG-1122,MA1A**********526,,,,
SUP-109,Auto Supplier 109,ENG-1021,MA1A**********526,,,,
SUP-103,Auto Supplier 103,ENG-1081,MA1A**********526,,,,
SUP-124,Auto Supplier 124,ENG-1404,MA1A**********526,,,,
SUP-014,Auto Supplier 14,ENG-1480,MA1A**********526,,,,
SUP-193,Auto Supplier 193,ENG-1182,MA1A**********527,,,,
SUP-010,Auto Supplier 10,ENG-1130,MA1A**********527,,,,
SUP-067,Auto Supplier 67,ENG-1304,MA1A**********527,,,,
SUP-167,Auto Supplier 167,ENG-1089,MA1A**********527,,,,
SUP-154,Auto Supplier 154,ENG-1252,MA1A**********527,,,,
SUP-162,Auto Supplier 162,ENG-1187,MA1A**********528,,,,
SUP-133,Auto Supplier 133,ENG-1075,MA1A**********528,,,,
SUP-094,Auto Supplier 94,ENG-1486,MA1A**********528,,,,
SUP-142,Auto Supplier 142,ENG-1203,MA1A**********528,,,,
SUP-034,Auto Supplier 34,ENG-1182,MA1A**********528,,,,
SUP-039,Auto Supplier 39,ENG-1212,MA1A**********529,,,,
SUP-060,Auto Supplier 60,ENG-1489,MA1A**********529,,,,
SUP-112,Auto Supplier 112,ENG-1219,MA1A**********529,,,,
SUP-199,Auto Supplier 199,ENG-1413,MA1A**********529,,,,
SUP-120,Auto Supplier 120,ENG-1331,MA1A**********529,,,,
SUP-138,Auto Supplier 138,ENG-1146,MA1A**********530,,,,
SUP-039,Auto Supplier 39,ENG-1082,MA1A**********530,,,,
SUP-190,Auto Supplier 190,ENG-1108,MA1A**********530,,,,
SUP-005,Auto Supplier 5,ENG-1399,MA1A**********530,,,,
SUP-152,Auto Supplier 152,ENG-1479,MA1A**********530,,,,
SUP-175,Auto Supplier 175,ENG-1413,MA1A**********531,,,,
SUP-102,Auto Supplier 102,ENG-1199,MA1A**********531,,,,
SUP-104,Auto Supplier 104,ENG-1241,MA1A**********531,,,,
SUP-122,Auto Supplier 122,ENG-1311,MA1A**********531,,,,
SUP-057,Auto Supplier 57,ENG-1355,MA1A**********531,,,,
SUP-006,Auto Supplier 6,ENG-1126,MA1A**********532,,,,
SUP-034,Auto Supplier 34,ENG-1402,MA1A**********532,,,,
SUP-175,Auto Supplier 175,ENG-1311,MA1A**********532,,,,
SUP-019,Auto Supplier 19,ENG-1233,MA1A**********532,,,,
SUP-005,Auto Supplier 5,ENG-1068,MA1A**********532,,,,
SUP-122,Auto Supplier 122,ENG-1381,MA1A**********533,,,,
SUP-183,Auto Supplier 183,ENG-1456,MA1A**********533,,,,
SUP-066,Auto Supplier 66,ENG-1111,MA1A**********533,,,,
SUP-045,Auto Supplier 45,ENG-1387,MA1A**********533,,,,
SUP-174,Auto Supplier 174,ENG-1459,MA1A**********533,,,,
SUP-161,Auto Supplier 161,ENG-1290,MA1A**********534,,,,
SUP-153,Auto Supplier 153,ENG-1166,MA1A**********534,,,,
SUP-126,Auto Supplier 126,ENG-1143,MA1A**********534,,,,
SUP-046,Auto Supplier 46,ENG-1051,MA1A**********534,,,,
SUP-028,Auto Supplier 28,ENG-1292,MA1A**********534,,,,
SUP-083,Auto Supplier 83,ENG-1422,MA1A**********535,,,,
SUP-175,Auto Supplier 175,ENG-1267,MA1A**********535,,,,
SUP-023,Auto Supplier 23,ENG-1444,MA1A**********535,,,,
SUP-135,Auto Supplier 135,ENG-1107,MA1A**********535,,,,
SUP-138,Auto Supplier 138,ENG-1291,MA1A**********535,,,,
SUP-055,Auto Supplier 55,ENG-1226,MA1A**********536,,,,
SUP-089,Auto Supplier 89,ENG-1117,MA1A**********536,,,,
SUP-018,Auto Supplier 18,ENG-1082,MA1A**********536,,,,
SUP-142,Auto Supplier 142,ENG-1458,MA1A**********536,,,,
SUP-076,Auto Supplier 76,ENG-1382,MA1A**********536,,,,
SUP-182,Auto Supplier 182,ENG-1091,MA1A**********537,,,,
SUP-153,Auto Supplier 153,ENG-1208,MA1A**********537,,,,
SUP-034,Auto Supplier 34,ENG-1127,MA1A**********537,,,,
SUP-132,Auto Supplier 132,ENG-1028,MA1A**********537,,,,
SUP-123,Auto Supplier 123,ENG-1121,MA1A**********537,,,,
SUP-135,Auto Supplier 135,ENG-1399,MA1A**********538,,,,
SUP-166,Auto Supplier 166,ENG-1119,MA1A**********538,,,,
SUP-092,Auto Supplier 92,ENG-1484,MA1A**********538,,,,
SUP-064,Auto Supplier 64,ENG-1186,MA1A**********538,,,,
SUP-036,Auto Supplier 36,ENG-1473,MA1A**********538,,,,
SUP-064,Auto Supplier 64,ENG-1029,MA1A**********539,,,,
SUP-103,Auto Supplier 103,ENG-1146,MA1A**********539,,,,
SUP-181,Auto Supplier 181,ENG-1421,MA1A**********539,,,,
SUP-116,Auto Supplier 116,ENG-1189,MA1A**********539,,,,
SUP-014,Auto Supplier 14,ENG-1357,MA1A**********539,,,,
SUP-194,Auto Supplier 194,ENG-1067,MA1A**********540,,,,
SUP-119,Auto Supplier 119,ENG-1188,MA1A**********540,,,,
SUP-079,Auto Supplier 79,ENG-1201,MA1A**********540,,,,
SUP-160,Auto Supplier 160,ENG-1432,MA1A**********540,,,,
SUP-182,Auto Supplier 182,ENG-1297,MA1A**********540,,,,
SUP-116,Auto Supplier 116,ENG-1365,MA1A**********541,,,,
SUP-126,Auto Supplier 126,ENG-1190,MA1A**********541,,,,
SUP-177,Auto Supplier 177,ENG-1391,MA1A**********541,,,,
SUP-034,Auto Supplier 34,ENG-1044,MA1A**********541,,,,
SUP-068,Auto Supplier 68,ENG-1230,MA1A**********541,,,,
SUP-067,Auto Supplier 67,ENG-1083,MA1A**********542,,,,
SUP-147,Auto Supplier 147,ENG-1319,MA1A**********542,,,,
SUP-144,Auto Supplier 144,ENG-1420,MA1A**********542,,,,
SUP-109,Auto Supplier 109,ENG-1391,MA1A**********542,,,,
SUP-064,Auto Supplier 64,ENG-1046,MA1A**********542,,,,
SUP-134,Auto Supplier 134,ENG-1455,MA1A**********543,,,,
SUP-147,Auto Supplier 147,ENG-1437,MA1A**********543,,,,
SUP-103,Auto Supplier 103,ENG-1291,MA1A**********543,,,,
SUP-200,Auto Supplier 200,ENG-1188,MA1A**********543,,,,
SUP-080,Auto Supplier 80,ENG-1352,MA1A**********543,,,,
SUP-178,Auto Supplier 178,ENG-1170,MA1A**********544,,,,
SUP-105,Auto Supplier 105,ENG-1333,MA1A**********544,,,,
SUP-120,Auto Supplier 120,ENG-1238,MA1A**********544,,,,
SUP-070,Auto Supplier 70,ENG-1359,MA1A**********544,,,,
SUP-146,Auto Supplier 146,ENG-1487,MA1A**********544,,,,
SUP-101,Auto Supplier 101,ENG-1457,MA1A**********545,,,,
SUP-198,Auto Supplier 198,ENG-1010,MA1A**********545,,,,
SUP-146,Auto Supplier 146,ENG-1367,MA1A**********545,,,,
SUP-154,Auto Supplier 154,ENG-1088,MA1A**********545,,,,
SUP-102,Auto Supplier 102,ENG-1055,MA1A**********545,,,,
SUP-200,Auto Supplier 200,ENG-1094,MA1A**********546,,,,
SUP-155,Auto Supplier 155,ENG-1175,MA1A**********546,,,,
SUP-183,Auto Supplier 183,ENG-1480,MA1A**********546,,,,
SUP-063,Auto Supplier 63,ENG-1209,MA1A**********546,,,,
SUP-182,Auto Supplier 182,ENG-1495,MA1A**********546,,,,
SUP-010,Auto Supplier 10,ENG-1219,MA1A**********547,,,,
SUP-020,Auto Supplier 20,ENG-1432,MA1A**********547,,,,
SUP-120,Auto Supplier 120,ENG-1111,MA1A**********547,,,,
SUP-140,Auto Supplier 140,ENG-1019,MA1A**********547,,,,
SUP-015,Auto Supplier 15,ENG-1286,MA1A**********547,,,,
SUP-170,Auto Supplier 170,ENG-1261,MA1A**********548,,,,
SUP-164,Auto Supplier 164,ENG-1203,MA1A**********548,,,,
SUP-034,Auto Supplier 34,ENG-1161,MA1A**********548,,,,
SUP-009,Auto Supplier 9,ENG-1290,MA1A**********548,,,,
SUP-019,Auto Supplier 19,ENG-1299,MA1A**********548,,,,
SUP-011,Auto Supplier 11,ENG-1160,MA1A**********549,,,,
SUP-055,Auto Supplier 55,ENG-1027,MA1A**********549,,,,
SUP-056,Auto Supplier 56,ENG-1383,MA1A**********549,,,,
SUP-171,Auto Supplier 171,ENG-1454,MA1A**********549,,,,
SUP-087,Auto Supplier 87,ENG-1032,MA1A**********549,,,,
SUP-170,Auto Supplier 170,ENG-1343,MA1A**********550,,,,
SUP-167,Auto Supplier 167,ENG-1364,MA1A**********550,,,,
SUP-022,Auto Supplier 22,ENG-1090,MA1A**********550,,,,
SUP-100,Auto Supplier 100,ENG-1268,MA1A**********550,,,,
SUP-092,Auto Supplier 92,ENG-1414,MA1A**********550,,,,
SUP-154,Auto Supplier 154,ENG-1412,MA1A**********551,,,,
SUP-107,Auto Supplier 107,ENG-1196,MA1A**********551,,,,
SUP-183,Auto Supplier 183,ENG-1447,MA1A**********551,,,,
SUP-176,Auto Supplier 176,ENG-1097,MA1A**********551,,,,
SUP-144,Auto Supplier 144,ENG-1459,MA1A**********551,,,,
SUP-014,Auto Supplier 14,ENG-1425,MA1A**********552,,,,
NAN,,ENG-1096,MA1A**********552,,,,
SUP-168,Auto Supplier 168,ENG-1013,MA1A**********552,,,,
SUP-037,Auto Supplier 37,ENG-1060,MA1A**********552,,,,
SUP-152,Auto Supplier 152,ENG-1391,MA1A**********552,,,,
SUP-108,Auto Supplier 108,ENG-1178,MA1A**********553,,,,
SUP-193,Auto Supplier 193,ENG-1164,MA1A**********553,,,,
SUP-107,Auto Supplier 107,ENG-1386,MA1A**********553,,,,
SUP-010,Auto Supplier 10,ENG-1377,MA1A**********553,,,,
SUP-038,Auto Supplier 38,ENG-1411,MA1A**********553,,,,
NAN,,ENG-1467,MA1A**********554,,,,
SUP-069,Auto Supplier 69,ENG-1338,MA1A**********554,,,,
SUP-132,Auto Supplier 132,ENG-1425,MA1A**********554,,,,
SUP-164,Auto Supplier 164,ENG-1273,MA1A**********554,,,,
SUP-116,Auto Supplier 116,ENG-1253,MA1A**********554,,,,
SUP-171,Auto Supplier 171,ENG-1370,MA1A**********555,,,,
SUP-066,Auto Supplier 66,ENG-1126,MA1A**********555,,,,
SUP-101,Auto Supplier 101,ENG-1143,MA1A**********555,,,,
SUP-169,Auto Supplier 169,ENG-1087,MA1A**********555,,,,
SUP-162,Auto Supplier 162,ENG-1208,MA1A**********555,,,,
SUP-118,Auto Supplier 118,ENG-1077,MA1A**********556,,,,
SUP-067,Auto Supplier 67,ENG-1379,MA1A**********556,,,,
SUP-026,Auto Supplier 26,ENG-1218,MA1A**********556,,,,
SUP-131,Auto Supplier 131,ENG-1495,MA1A**********556,,,,
SUP-064,Auto Supplier 64,ENG-1416,MA1A**********556,,,,
SUP-185,Auto Supplier 185,ENG-1266,MA1A**********557,,,,
SUP-022,Auto Supplier 22,ENG-1306,MA1A**********557,,,,
SUP-153,Auto Supplier 153,ENG-1476,MA1A**********557,,,,
SUP-057,Auto Supplier 57,ENG-1045,MA1A**********557,,,,
SUP-193,Auto Supplier 193,ENG-1172,MA1A**********557,,,,
SUP-018,Auto Supplier 18,ENG-1459,MA1A**********558,,,,
SUP-150,Auto Supplier 150,ENG-1133,MA1A**********558,,,,
SUP-195,Auto Supplier 195,ENG-1204,MA1A**********558,,,,
SUP-149,Auto Supplier 149,ENG-1496,MA1A**********558,,,,
SUP-062,Auto Supplier 62,ENG-1076,MA1A**********558,,,,
SUP-009,Auto Supplier 9,ENG-1268,MA1A**********559,,,,
SUP-150,Auto Supplier 150,ENG-1324,MA1A**********559,,,,
SUP-043,Auto Supplier 43,ENG-1015,MA1A**********559,,,,
SUP-140,Auto Supplier 140,ENG-1356,MA1A**********559,,,,
SUP-158,Auto Supplier 158,ENG-1075,MA1A**********559,,,,
SUP-049,Auto Supplier 49,ENG-1487,MA1A**********560,,,,
SUP-001,Auto Supplier 1,ENG-1421,MA1A**********560,,,,
SUP-175,Auto Supplier 175,ENG-1061,MA1A**********560,,,,
SUP-132,Auto Supplier 132,ENG-1436,MA1A**********560,,,,
SUP-145,Auto Supplier 145,ENG-1479,MA1A**********560,,,,
SUP-196,Auto Supplier 196,ENG-1059,MA1A**********561,,,,
SUP-148,Auto Supplier 148,ENG-1264,MA1A**********561,,,,
SUP-039,Auto Supplier 39,ENG-1437,MA1A**********561,,,,
SUP-079,Auto Supplier 79,ENG-1459,MA1A**********561,,,,
SUP-118,Auto Supplier 118,ENG-1098,MA1A**********561,,,,
SUP-184,Auto Supplier 184,ENG-1161,MA1A**********562,,,,
SUP-152,Auto Supplier 152,ENG-1016,MA1A**********562,,,,
SUP-091,Auto Supplier 91,ENG-1210,MA1A**********562,,,,
SUP-058,Auto Supplier 58,ENG-1264,MA1A**********562,,,,
SUP-157,Auto Supplier 157,ENG-1098,MA1A**********562,,,,
SUP-046,Auto Supplier 46,ENG-1474,MA1A**********563,,,,
SUP-191,Auto Supplier 191,ENG-1081,MA1A**********563,,,,
SUP-081,Auto Supplier 81,ENG-1090,MA1A**********563,,,,
SUP-157,Auto Supplier 157,ENG-1028,MA1A**********563,,,,
SUP-134,Auto Supplier 134,ENG-1227,MA1A**********563,,,,
SUP-047,Auto Supplier 47,ENG-1265,MA1A**********564,,,,
SUP-044,Auto Supplier 44,ENG-1396,MA1A**********564,,,,
SUP-083,Auto Supplier 83,ENG-1377,MA1A**********564,,,,
SUP-156,Auto Supplier 156,ENG-1145,MA1A**********564,,,,
SUP-098,Auto Supplier 98,ENG-1223,MA1A**********564,,,,
SUP-112,Auto Supplier 112,ENG-1314,MA1A**********565,,,,
SUP-114,Auto Supplier 114,ENG-1298,MA1A**********565,,,,
SUP-124,Auto Supplier 124,ENG-1198,MA1A**********565,,,,
SUP-156,Auto Supplier 156,ENG-1219,MA1A**********565,,,,
SUP-026,Auto Supplier 26,ENG-1317,MA1A**********565,,,,
SUP-137,Auto Supplier 137,ENG-1019,MA1A**********566,,,,
SUP-072,Auto Supplier 72,ENG-1326,MA1A**********566,,,,
SUP-146,Auto Supplier 146,ENG-1468,MA1A**********566,,,,
SUP-106,Auto Supplier 106,ENG-1477,MA1A**********566,,,,
SUP-186,Auto Supplier 186,ENG-1263,MA1A**********566,,,,
SUP-122,Auto Supplier 122,ENG-1043,MA1A**********567,,,,
SUP-136,Auto Supplier 136,ENG-1426,MA1A**********567,,,,
SUP-026,Auto Supplier 26,ENG-1251,MA1A**********567,,,,
SUP-009,Auto Supplier 9,ENG-1297,MA1A**********567,,,,
SUP-101,Auto Supplier 101,ENG-1144,MA1A**********567,,,,
SUP-172,Auto Supplier 172,ENG-1179,MA1A**********568,,,,
SUP-089,Auto Supplier 89,ENG-1355,MA1A**********568,,,,
SUP-106,Auto Supplier 106,ENG-1441,MA1A**********568,,,,
SUP-135,Auto Supplier 135,ENG-1051,MA1A**********568,,,,
SUP-030,Auto Supplier 30,ENG-1195,MA1A**********568,,,,
SUP-012,Auto Supplier 12,ENG-1033,MA1A**********569,,,,
SUP-167,Auto Supplier 167,ENG-1391,MA1A**********569,,,,
SUP-129,Auto Supplier 129,ENG-1045,MA1A**********569,,,,
SUP-166,Auto Supplier 166,ENG-1464,MA1A**********569,,,,
SUP-024,Auto Supplier 24,ENG-1408,MA1A**********569,,,,
SUP-009,Auto Supplier 9,ENG-1368,MA1A**********570,,,,
SUP-180,Auto Supplier 180,ENG-1289,MA1A**********570,,,,
SUP-169,Auto Supplier 169,ENG-1450,MA1A**********570,,,,
SUP-176,Auto Supplier 176,ENG-1454,MA1A**********570,,,,
SUP-031,Auto Supplier 31,ENG-1131,MA1A**********570,,,,
SUP-107,Auto Supplier 107,ENG-1460,MA1A**********571,,,,
SUP-104,Auto Supplier 104,ENG-1485,MA1A**********571,,,,
SUP-055,Auto Supplier 55,ENG-1404,MA1A**********571,,,,
SUP-159,Auto Supplier 159,ENG-1338,MA1A**********571,,,,
SUP-137,Auto Supplier 137,ENG-1345,MA1A**********571,,,,
SUP-006,Auto Supplier 6,ENG-1375,MA1A**********572,,,,
SUP-133,Auto Supplier 133,ENG-1418,MA1A**********572,,,,
SUP-023,Auto Supplier 23,ENG-1118,MA1A**********572,,,,
SUP-127,Auto Supplier 127,ENG-1250,MA1A**********572,,,,
SUP-062,Auto Supplier 62,ENG-1406,MA1A**********572,,,,
SUP-101,Auto Supplier 101,ENG-1284,MA1A**********573,,,,
SUP-103,Auto Supplier 103,ENG-1176,MA1A**********573,,,,
SUP-058,Auto Supplier 58,ENG-1031,MA1A**********573,,,,
SUP-164,Auto Supplier 164,ENG-1448,MA1A**********573,,,,
SUP-143,Auto Supplier 143,ENG-1352,MA1A**********573,,,,
SUP-163,Auto Supplier 163,ENG-1480,MA1A**********574,,,,
SUP-043,Auto Supplier 43,ENG-1434,MA1A**********574,,,,
SUP-141,Auto Supplier 141,ENG-1144,MA1A**********574,,,,
SUP-168,Auto Supplier 168,ENG-1055,MA1A**********574,,,,
SUP-160,Auto Supplier 160,ENG-1170,MA1A**********574,,,,
SUP-193,Auto Supplier 193,ENG-1112,MA1A**********575,,,,
SUP-171,Auto Supplier 171,ENG-1134,MA1A**********575,,,,
SUP-141,Auto Supplier 141,ENG-1063,MA1A**********575,,,,
SUP-112,Auto Supplier 112,ENG-1081,MA1A**********575,,,,
SUP-050,Auto Supplier 50,ENG-1247,MA1A**********575,,,,
SUP-170,Auto Supplier 170,ENG-1215,MA1A**********576,,,,
SUP-169,Auto Supplier 169,ENG-1012,MA1A**********576,,,,
SUP-147,Auto Supplier 147,ENG-1279,MA1A**********576,,,,
SUP-101,Auto Supplier 101,ENG-1295,MA1A**********576,,,,
SUP-076,Auto Supplier 76,ENG-1094,MA1A**********576,,,,
SUP-007,Auto Supplier 7,ENG-1047,MA1A**********577,,,,
SUP-127,Auto Supplier 127,ENG-1138,MA1A**********577,,,,
SUP-027,Auto Supplier 27,ENG-1425,MA1A**********577,,,,
SUP-171,Auto Supplier 171,ENG-1038,MA1A**********577,,,,
SUP-185,Auto Supplier 185,ENG-1381,MA1A**********577,,,,
SUP-128,Auto Supplier 128,ENG-1054,MA1A**********578,,,,
SUP-199,Auto Supplier 199,ENG-1065,MA1A**********578,,,,
SUP-118,Auto Supplier 118,ENG-1323,MA1A**********578,,,,
SUP-007,Auto Supplier 7,ENG-1195,MA1A**********578,,,,
SUP-044,Auto Supplier 44,ENG-1492,MA1A**********578,,,,
SUP-105,Auto Supplier 105,ENG-1360,MA1A**********579,,,,
SUP-012,Auto Supplier 12,ENG-1261,MA1A**********579,,,,
SUP-020,Auto Supplier 20,ENG-1164,MA1A**********579,,,,
SUP-101,Auto Supplier 101,ENG-1049,MA1A**********579,,,,
SUP-057,Auto Supplier 57,ENG-1459,MA1A**********579,,,,
SUP-177,Auto Supplier 177,ENG-1001,MA1A**********580,,,,
SUP-053,Auto Supplier 53,ENG-1231,MA1A**********580,,,,
SUP-169,Auto Supplier 169,ENG-1133,MA1A**********580,,,,
SUP-200,Auto Supplier 200,ENG-1285,MA1A**********580,,,,
SUP-198,Auto Supplier 198,ENG-1112,MA1A**********580,,,,
SUP-119,Auto Supplier 119,ENG-1463,MA1A**********581,,,,
SUP-081,Auto Supplier 81,ENG-1114,MA1A**********581,,,,
SUP-029,Auto Supplier 29,ENG-1045,MA1A**********581,,,,
SUP-027,Auto Supplier 27,ENG-1296,MA1A**********581,,,,
SUP-138,Auto Supplier 138,ENG-1085,MA1A**********581,,,,
SUP-042,Auto Supplier 42,ENG-1426,MA1A**********582,,,,
SUP-178,Auto Supplier 178,ENG-1251,MA1A**********582,,,,
SUP-066,Auto Supplier 66,ENG-1497,MA1A**********582,,,,
SUP-020,Auto Supplier 20,ENG-1261,MA1A**********582,,,,
SUP-047,Auto Supplier 47,ENG-1134,MA1A**********582,,,,
SUP-013,Auto Supplier 13,ENG-1237,MA1A**********583,,,,
SUP-108,Auto Supplier 108,ENG-1265,MA1A**********583,,,,
SUP-106,Auto Supplier 106,ENG-1138,MA1A**********583,,,,
SUP-126,Auto Supplier 126,ENG-1051,MA1A**********583,,,,
SUP-089,Auto Supplier 89,ENG-1000,MA1A**********583,,,,
SUP-108,Auto Supplier 108,ENG-1351,MA1A**********584,,,,
SUP-081,Auto Supplier 81,ENG-1346,MA1A**********584,,,,
SUP-176,Auto Supplier 176,ENG-1374,MA1A**********584,,,,
SUP-116,Auto Supplier 116,ENG-1458,MA1A**********584,,,,
SUP-134,Auto Supplier 134,ENG-1051,MA1A**********584,,,,
SUP-036,Auto Supplier 36,ENG-1436,MA1A**********585,,,,
SUP-132,Auto Supplier 132,ENG-1434,MA1A**********585,,,,
SUP-171,Auto Supplier 171,ENG-1308,MA1A**********585,,,,
SUP-046,Auto Supplier 46,ENG-1005,MA1A**********585,,,,
SUP-084,Auto Supplier 84,ENG-1398,MA1A**********585,,,,
SUP-034,Auto Supplier 34,ENG-1019,MA1A**********586,,,,
SUP-158,Auto Supplier 158,ENG-1247,MA1A**********586,,,,
SUP-147,Auto Supplier 147,ENG-1117,MA1A**********586,,,,
SUP-001,Auto Supplier 1,ENG-1242,MA1A**********586,,,,
SUP-096,Auto Supplier 96,ENG-1047,MA1A**********586,,,,
SUP-156,Auto Supplier 156,ENG-1098,MA1A**********587,,,,
SUP-004,Auto Supplier 4,ENG-1410,MA1A**********587,,,,
SUP-099,Auto Supplier 99,ENG-1139,MA1A**********587,,,,
SUP-031,Auto Supplier 31,ENG-1348,MA1A**********587,,,,
SUP-116,Auto Supplier 116,ENG-1239,MA1A**********587,,,,
SUP-064,Auto Supplier 64,ENG-1389,MA1A**********588,,,,
SUP-094,Auto Supplier 94,ENG-1443,MA1A**********588,,,,
SUP-104,Auto Supplier 104,ENG-1460,MA1A**********588,,,,
SUP-016,Auto Supplier 16,ENG-1371,MA1A**********588,,,,
SUP-189,Auto Supplier 189,ENG-1288,MA1A**********588,,,,
SUP-187,Auto Supplier 187,ENG-1042,MA1A**********589,,,,
SUP-174,Auto Supplier 174,ENG-1291,MA1A**********589,,,,
SUP-097,Auto Supplier 97,ENG-1001,MA1A**********589,,,,
SUP-130,Auto Supplier 130,ENG-1441,MA1A**********589,,,,
SUP-151,Auto Supplier 151,ENG-1107,MA1A**********589,,,,
SUP-182,Auto Supplier 182,ENG-1178,MA1A**********590,,,,
SUP-162,Auto Supplier 162,ENG-1114,MA1A**********590,,,,
SUP-096,Auto Supplier 96,ENG-1263,MA1A**********590,,,,
SUP-187,Auto Supplier 187,ENG-1350,MA1A**********590,,,,
SUP-182,Auto Supplier 182,ENG-1022,MA1A**********590,,,,
SUP-017,Auto Supplier 17,ENG-1023,MA1A**********591,,,,
SUP-103,Auto Supplier 103,ENG-1262,MA1A**********591,,,,
SUP-142,Auto Supplier 142,ENG-1269,MA1A**********591,,,,
SUP-169,Auto Supplier 169,ENG-1447,MA1A**********591,,,,
SUP-178,Auto Supplier 178,ENG-1497,MA1A**********591,,,,
SUP-068,Auto Supplier 68,ENG-1351,MA1A**********592,,,,
SUP-083,Auto Supplier 83,ENG-1200,MA1A**********592,,,,
SUP-150,Auto Supplier 150,ENG-1052,MA1A**********592,,,,
SUP-087,Auto Supplier 87,ENG-1447,MA1A**********592,,,,
SUP-098,Auto Supplier 98,ENG-1285,MA1A**********592,,,,
SUP-112,Auto Supplier 112,ENG-1354,MA1A**********593,,,,
SUP-170,Auto Supplier 170,ENG-1177,MA1A**********593,,,,
SUP-115,Auto Supplier 115,ENG-1452,MA1A**********593,,,,
SUP-157,Auto Supplier 157,ENG-1200,MA1A**********593,,,,
SUP-198,Auto Supplier 198,ENG-1333,MA1A**********593,,,,
SUP-015,Auto Supplier 15,ENG-1102,MA1A**********594,,,,
SUP-038,Auto Supplier 38,ENG-1007,MA1A**********594,,,,
SUP-153,Auto Supplier 153,ENG-1386,MA1A**********594,,,,
SUP-121,Auto Supplier 121,ENG-1434,MA1A**********594,,,,
SUP-110,Auto Supplier 110,ENG-1196,MA1A**********594,,,,
SUP-072,Auto Supplier 72,ENG-1169,MA1A**********595,,,,
SUP-019,Auto Supplier 19,ENG-1370,MA1A**********595,,,,
SUP-129,Auto Supplier 129,ENG-1010,MA1A**********595,,,,
SUP-043,Auto Supplier 43,ENG-1001,MA1A**********595,,,,
SUP-139,Auto Supplier 139,ENG-1311,MA1A**********595,,,,
SUP-085,Auto Supplier 85,ENG-1435,MA1A**********596,,,,
SUP-166,Auto Supplier 166,ENG-1309,MA1A**********596,,,,
SUP-011,Auto Supplier 11,ENG-1187,MA1A**********596,,,,
SUP-061,Auto Supplier 61,ENG-1418,MA1A**********596,,,,
SUP-155,Auto Supplier 155,ENG-1368,MA1A**********596,,,,
SUP-128,Auto Supplier 128,ENG-1438,MA1A**********597,,,,
SUP-184,Auto Supplier 184,ENG-1347,MA1A**********597,,,,
SUP-083,Auto Supplier 83,ENG-1414,MA1A**********597,,,,
SUP-184,Auto Supplier 184,ENG-1306,MA1A**********597,,,,
SUP-098,Auto Supplier 98,ENG-1078,MA1A**********597,,,,
SUP-106,Auto Supplier 106,ENG-1206,MA1A**********598,,,,
SUP-096,Auto Supplier 96,ENG-1336,MA1A**********598,,,,
SUP-156,Auto Supplier 156,ENG-1451,MA1A**********598,,,,
SUP-021,Auto Supplier 21,ENG-1113,MA1A**********598,,,,
SUP-064,Auto Supplier 64,ENG-1390,MA1A**********598,,,,
SUP-086,Auto Supplier 86,ENG-1049,MA1A**********599,,,,
SUP-117,Auto Supplier 117,ENG-1135,MA1A**********599,,,,
SUP-003,Auto Supplier 3,ENG-1352,MA1A**********599,,,,
SUP-116,Auto Supplier 116,ENG-1177,MA1A**********599,,,,
SUP-053,Auto Supplier 53,ENG-1287,MA1A**********599,,,,
SUP-046,Auto Supplier 46,ENG-1182,MA1A**********600,,,,
SUP-017,Auto Supplier 17,ENG-1287,MA1A**********600,,,,
SUP-085,Auto Supplier 85,ENG-1232,MA1A**********600,,,,
SUP-103,Auto Supplier 103,ENG-1083,MA1A**********600,,,,
SUP-097,Auto Supplier 97,ENG-1161,MA1A**********600,,,,
SUP-072,Auto Supplier 72,ENG-1287,MA1A**********601,,,,
SUP-117,Auto Supplier 117,ENG-1151,MA1A**********601,,,,
SUP-012,Auto Supplier 12,ENG-1032,MA1A**********601,,,,
SUP-139,Auto Supplier 139,ENG-1100,MA1A**********601,,,,
SUP-030,Auto Supplier 30,ENG-1231,MA1A**********601,,,,
SUP-018,Auto Supplier 18,ENG-1386,MA1A**********602,,,,
SUP-163,Auto Supplier 163,ENG-1424,MA1A**********602,,,,
SUP-082,Auto Supplier 82,ENG-1416,MA1A**********602,,,,
SUP-158,Auto Supplier 158,ENG-1039,MA1A**********602,,,,
SUP-121,Auto Supplier 121,ENG-1463,MA1A**********602,,,,
SUP-043,Auto Supplier 43,ENG-1459,MA1A**********603,,,,
SUP-108,Auto Supplier 108,ENG-1140,MA1A**********603,,,,
SUP-088,Auto Supplier 88,ENG-1004,MA1A**********603,,,,
SUP-039,Auto Supplier 39,ENG-1277,MA1A**********603,,,,
SUP-076,Auto Supplier 76,ENG-1142,MA1A**********603,,,,
SUP-034,Auto Supplier 34,ENG-1427,MA1A**********604,,,,
SUP-049,Auto Supplier 49,ENG-1100,MA1A**********604,,,,
SUP-061,Auto Supplier 61,ENG-1196,MA1A**********604,,,,
SUP-051,Auto Supplier 51,ENG-1458,MA1A**********604,,,,
SUP-114,Auto Supplier 114,ENG-1059,MA1A**********604,,,,
SUP-137,Auto Supplier 137,ENG-1329,MA1A**********605,,,,
SUP-034,Auto Supplier 34,ENG-1145,MA1A**********605,,,,
SUP-028,Auto Supplier 28,ENG-1173,MA1A**********605,,,,
SUP-159,Auto Supplier 159,ENG-1037,MA1A**********605,,,,
SUP-107,Auto Supplier 107,ENG-1184,MA1A**********605,,,,
SUP-025,Auto Supplier 25,ENG-1240,MA1A**********606,,,,
SUP-125,Auto Supplier 125,ENG-1448,MA1A**********606,,,,
SUP-076,Auto Supplier 76,ENG-1051,MA1A**********606,,,,
SUP-130,Auto Supplier 130,ENG-1301,MA1A**********606,,,,
SUP-061,Auto Supplier 61,ENG-1320,MA1A**********606,,,,
SUP-180,Auto Supplier 180,ENG-1167,MA1A**********607,,,,
SUP-068,Auto Supplier 68,ENG-1053,MA1A**********607,,,,
SUP-103,Auto Supplier 103,ENG-1177,MA1A**********607,,,,
SUP-098,Auto Supplier 98,ENG-1199,MA1A**********607,,,,
SUP-111,Auto Supplier 111,ENG-1478,MA1A**********607,,,,
SUP-032,Auto Supplier 32,ENG-1344,MA1A**********608,,,,
SUP-192,Auto Supplier 192,ENG-1070,MA1A**********608,,,,
SUP-179,Auto Supplier 179,ENG-1152,MA1A**********608,,,,
SUP-196,Auto Supplier 196,ENG-1064,MA1A**********608,,,,
SUP-033,Auto Supplier 33,ENG-1417,MA1A**********608,,,,
SUP-013,Auto Supplier 13,ENG-1114,MA1A**********609,,,,
SUP-069,Auto Supplier 69,ENG-1191,MA1A**********609,,,,
SUP-143,Auto Supplier 143,ENG-1248,MA1A**********609,,,,
SUP-178,Auto Supplier 178,ENG-1311,MA1A**********609,,,,
SUP-014,Auto Supplier 14,ENG-1137,MA1A**********609,,,,
SUP-014,Auto Supplier 14,ENG-1169,MA1A**********610,,,,
SUP-023,Auto Supplier 23,ENG-1087,MA1A**********610,,,,
SUP-036,Auto Supplier 36,ENG-1001,MA1A**********610,,,,
SUP-116,Auto Supplier 116,ENG-1439,MA1A**********610,,,,
SUP-035,Auto Supplier 35,ENG-1412,MA1A**********610,,,,
SUP-003,Auto Supplier 3,ENG-1222,MA1A**********611,,,,
SUP-028,Auto Supplier 28,ENG-1311,MA1A**********611,,,,
SUP-142,Auto Supplier 142,ENG-1377,MA1A**********611,,,,
SUP-014,Auto Supplier 14,ENG-1444,MA1A**********611,,,,
SUP-035,Auto Supplier 35,ENG-1487,MA1A**********611,,,,
SUP-068,Auto Supplier 68,ENG-1038,MA1A**********612,,,,
SUP-050,Auto Supplier 50,ENG-1481,MA1A**********612,,,,
SUP-104,Auto Supplier 104,ENG-1322,MA1A**********612,,,,
SUP-173,Auto Supplier 173,ENG-1176,MA1A**********612,,,,
SUP-110,Auto Supplier 110,ENG-1324,MA1A**********612,,,,
SUP-118,Auto Supplier 118,ENG-1298,MA1A**********613,,,,
SUP-021,Auto Supplier 21,ENG-1133,MA1A**********613,,,,
SUP-110,Auto Supplier 110,ENG-1085,MA1A**********613,,,,
SUP-195,Auto Supplier 195,ENG-1059,MA1A**********613,,,,
SUP-152,Auto Supplier 152,ENG-1022,MA1A**********613,,,,
SUP-088,Auto Supplier 88,ENG-1467,MA1A**********614,,,,
SUP-102,Auto Supplier 102,ENG-1250,MA1A**********614,,,,
SUP-137,Auto Supplier 137,ENG-1382,MA1A**********614,,,,
SUP-172,Auto Supplier 172,ENG-1228,MA1A**********614,,,,
SUP-037,Auto Supplier 37,ENG-1014,MA1A**********614,,,,
SUP-038,Auto Supplier 38,ENG-1195,MA1A**********615,,,,
SUP-057,Auto Supplier 57,ENG-1355,MA1A**********615,,,,
SUP-177,Auto Supplier 177,ENG-1080,MA1A**********615,,,,
SUP-072,Auto Supplier 72,ENG-1250,MA1A**********615,,,,
SUP-104,Auto Supplier 104,ENG-1308,MA1A**********615,,,,
SUP-042,Auto Supplier 42,ENG-1402,MA1A**********616,,,,
SUP-076,Auto Supplier 76,ENG-1392,MA1A**********616,,,,
SUP-130,Auto Supplier 130,ENG-1481,MA1A**********616,,,,
SUP-102,Auto Supplier 102,ENG-1115,MA1A**********616,,,,
SUP-094,Auto Supplier 94,ENG-1305,MA1A**********616,,,,
SUP-166,Auto Supplier 166,ENG-1487,MA1A**********617,,,,
SUP-184,Auto Supplier 184,ENG-1319,MA1A**********617,,,,
SUP-075,Auto Supplier 75,ENG-1225,MA1A**********617,,,,
SUP-076,Auto Supplier 76,ENG-1401,MA1A**********617,,,,
SUP-020,Auto Supplier 20,ENG-1039,MA1A**********617,,,,
SUP-173,Auto Supplier 173,ENG-1315,MA1A**********618,,,,
SUP-083,Auto Supplier 83,ENG-1312,MA1A**********618,,,,
SUP-127,Auto Supplier 127,ENG-1469,MA1A**********618,,,,
SUP-099,Auto Supplier 99,ENG-1419,MA1A**********618,,,,
SUP-199,Auto Supplier 199,ENG-1193,MA1A**********618,,,,
SUP-079,Auto Supplier 79,ENG-1099,MA1A**********619,,,,
SUP-195,Auto Supplier 195,ENG-1302,MA1A**********619,,,,
SUP-013,Auto Supplier 13,ENG-1340,MA1A**********619,,,,
SUP-036,Auto Supplier 36,ENG-1302,MA1A**********619,,,,
SUP-120,Auto Supplier 120,ENG-1035,MA1A**********619,,,,
SUP-117,Auto Supplier 117,ENG-1027,MA1A**********620,,,,
SUP-004,Auto Supplier 4,ENG-1027,MA1A**********620,,,,
SUP-130,Auto Supplier 130,ENG-1078,MA1A**********620,,,,
SUP-043,Auto Supplier 43,ENG-1247,MA1A**********620,,,,
SUP-085,Auto Supplier 85,ENG-1146,MA1A**********620,,,,
SUP-140,Auto Supplier 140,ENG-1301,MA1A**********621,,,,
SUP-010,Auto Supplier 10,ENG-1406,MA1A**********621,,,,
SUP-057,Auto Supplier 57,ENG-1441,MA1A**********621,,,,
SUP-159,Auto Supplier 159,ENG-1444,MA1A**********621,,,,
SUP-031,Auto Supplier 31,ENG-1287,MA1A**********621,,,,
SUP-076,Auto Supplier 76,ENG-1166,MA1A**********622,,,,
SUP-020,Auto Supplier 20,ENG-1349,MA1A**********622,,,,
SUP-043,Auto Supplier 43,ENG-1216,MA1A**********622,,,,
SUP-010,Auto Supplier 10,ENG-1103,MA1A**********622,,,,
SUP-073,Auto Supplier 73,ENG-1108,MA1A**********622,,,,
SUP-029,Auto Supplier 29,ENG-1381,MA1A**********623,,,,
SUP-187,Auto Supplier 187,ENG-1110,MA1A**********623,,,,
SUP-043,Auto Supplier 43,ENG-1443,MA1A**********623,,,,
SUP-143,Auto Supplier 143,ENG-1142,MA1A**********623,,,,
SUP-147,Auto Supplier 147,ENG-1054,MA1A**********623,,,,
SUP-120,Auto Supplier 120,ENG-1169,MA1A**********624,,,,
SUP-170,Auto Supplier 170,ENG-1243,MA1A**********624,,,,
SUP-180,Auto Supplier 180,ENG-1161,MA1A**********624,,,,
SUP-024,Auto Supplier 24,ENG-1472,MA1A**********624,,,,
SUP-135,Auto Supplier 135,ENG-1433,MA1A**********624,,,,
SUP-159,Auto Supplier 159,ENG-1008,MA1A**********625,,,,
SUP-108,Auto Supplier 108,ENG-1001,MA1A**********625,,,,
SUP-161,Auto Supplier 161,ENG-1477,MA1A**********625,,,,
SUP-152,Auto Supplier 152,ENG-1434,MA1A**********625,,,,
SUP-091,Auto Supplier 91,ENG-1043,MA1A**********625,,,,
SUP-091,Auto Supplier 91,ENG-1397,MA1A**********626,,,,
SUP-115,Auto Supplier 115,ENG-1151,MA1A**********626,,,,
SUP-170,Auto Supplier 170,ENG-1340,MA1A**********626,,,,
SUP-048,Auto Supplier 48,ENG-1112,MA1A**********626,,,,
SUP-014,Auto Supplier 14,ENG-1170,MA1A**********626,,,,
SUP-057,Auto Supplier 57,ENG-1178,MA1A**********627,,,,
SUP-091,Auto Supplier 91,ENG-1100,MA1A**********627,,,,
SUP-042,Auto Supplier 42,ENG-1481,MA1A**********627,,,,
SUP-188,Auto Supplier 188,ENG-1195,MA1A**********627,,,,
SUP-135,Auto Supplier 135,ENG-1302,MA1A**********627,,,,
SUP-071,Auto Supplier 71,ENG-1304,MA1A**********628,,,,
SUP-193,Auto Supplier 193,ENG-1111,MA1A**********628,,,,
SUP-002,Auto Supplier 2,ENG-1244,MA1A**********628,,,,
SUP-051,Auto Supplier 51,ENG-1488,MA1A**********628,,,,
SUP-187,Auto Supplier 187,ENG-1108,MA1A**********628,,,,
SUP-013,Auto Supplier 13,ENG-1348,MA1A**********629,,,,
SUP-178,Auto Supplier 178,ENG-1316,MA1A**********629,,,,
SUP-165,Auto Supplier 165,ENG-1123,MA1A**********629,,,,
SUP-036,Auto Supplier 36,ENG-1083,MA1A**********629,,,,
SUP-025,Auto Supplier 25,ENG-1254,MA1A**********629,,,,
SUP-069,Auto Supplier 69,ENG-1294,MA1A**********630,,,,
SUP-198,Auto Supplier 198,ENG-1442,MA1A**********630,,,,
SUP-185,Auto Supplier 185,ENG-1109,MA1A**********630,,,,
SUP-139,Auto Supplier 139,ENG-1131,MA1A**********630,,,,
SUP-096,Auto Supplier 96,ENG-1031,MA1A**********630,,,,
SUP-152,Auto Supplier 152,ENG-1125,MA1A**********631,,,,
SUP-043,Auto Supplier 43,ENG-1152,MA1A**********631,,,,
SUP-076,Auto Supplier 76,ENG-1022,MA1A**********631,,,,
SUP-184,Auto Supplier 184,ENG-1358,MA1A**********631,,,,
SUP-117,Auto Supplier 117,ENG-1425,MA1A**********631,,,,
SUP-097,Auto Supplier 97,ENG-1363,MA1A**********632,,,,
SUP-137,Auto Supplier 137,ENG-1275,MA1A**********632,,,,
SUP-178,Auto Supplier 178,ENG-1218,MA1A**********632,,,,
SUP-178,Auto Supplier 178,ENG-1421,MA1A**********632,,,,
SUP-172,Auto Supplier 172,ENG-1457,MA1A**********632,,,,
SUP-192,Auto Supplier 192,ENG-1405,MA1A**********633,,,,
SUP-109,Auto Supplier 109,ENG-1350,MA1A**********633,,,,
SUP-074,Auto Supplier 74,ENG-1326,MA1A**********633,,,,
SUP-082,Auto Supplier 82,ENG-1407,MA1A**********633,,,,
SUP-082,Auto Supplier 82,ENG-1415,MA1A**********633,,,,
SUP-178,Auto Supplier 178,ENG-1415,MA1A**********634,,,,
SUP-189,Auto Supplier 189,ENG-1293,MA1A**********634,,,,
SUP-040,Auto Supplier 40,ENG-1318,MA1A**********634,,,,
SUP-040,Auto Supplier 40,ENG-1351,MA1A**********634,,,,
SUP-180,Auto Supplier 180,ENG-1464,MA1A**********634,,,,
SUP-046,Auto Supplier 46,ENG-1027,MA1A**********635,,,,
SUP-040,Auto Supplier 40,ENG-1021,MA1A**********635,,,,
SUP-175,Auto Supplier 175,ENG-1161,MA1A**********635,,,,
SUP-104,Auto Supplier 104,ENG-1367,MA1A**********635,,,,
SUP-067,Auto Supplier 67,ENG-1047,MA1A**********635,,,,
SUP-061,Auto Supplier 61,ENG-1490,MA1A**********636,,,,
SUP-061,Auto Supplier 61,ENG-1283,MA1A**********636,,,,
SUP-004,Auto Supplier 4,ENG-1492,MA1A**********636,,,,
SUP-100,Auto Supplier 100,ENG-1208,MA1A**********636,,,,
SUP-196,Auto Supplier 196,ENG-1063,MA1A**********636,,,,
SUP-173,Auto Supplier 173,ENG-1199,MA1A**********637,,,,
SUP-002,Auto Supplier 2,ENG-1106,MA1A**********637,,,,
SUP-020,Auto Supplier 20,ENG-1451,MA1A**********637,,,,
SUP-002,Auto Supplier 2,ENG-1280,MA1A**********637,,,,
SUP-094,Auto Supplier 94,ENG-1003,MA1A**********637,,,,
SUP-178,Auto Supplier 178,ENG-1381,MA1A**********638,,,,
SUP-150,Auto Supplier 150,ENG-1381,MA1A**********638,,,,
SUP-119,Auto Supplier 119,ENG-1163,MA1A**********638,,,,
SUP-001,Auto Supplier 1,ENG-1298,MA1A**********638,,,,
SUP-109,Auto Supplier 109,ENG-1324,MA1A**********638,,,,
SUP-002,Auto Supplier 2,ENG-1438,MA1A**********639,,,,
SUP-176,Auto Supplier 176,ENG-1402,MA1A**********639,,,,
SUP-146,Auto Supplier 146,ENG-1008,MA1A**********639,,,,
SUP-073,Auto Supplier 73,ENG-1155,MA1A**********639,,,,
SUP-101,Auto Supplier 101,ENG-1012,MA1A**********639,,,,
SUP-189,Auto Supplier 189,ENG-1155,MA1A**********640,,,,
SUP-177,Auto Supplier 177,ENG-1255,MA1A**********640,,,,
SUP-170,Auto Supplier 170,ENG-1202,MA1A**********640,,,,
SUP-078,Auto Supplier 78,ENG-1001,MA1A**********640,,,,
SUP-111,Auto Supplier 111,ENG-1184,MA1A**********640,,,,
SUP-101,Auto Supplier 101,ENG-1382,MA1A**********641,,,,
SUP-161,Auto Supplier 161,ENG-1339,MA1A**********641,,,,
SUP-170,Auto Supplier 170,ENG-1131,MA1A**********641,,,,
SUP-075,Auto Supplier 75,ENG-1486,MA1A**********641,,,,
SUP-155,Auto Supplier 155,ENG-1361,MA1A**********641,,,,
SUP-143,Auto Supplier 143,ENG-1283,MA1A**********642,,,,
SUP-078,Auto Supplier 78,ENG-1180,MA1A**********642,,,,
SUP-190,Auto Supplier 190,ENG-1263,MA1A**********642,,,,
SUP-011,Auto Supplier 11,ENG-1132,MA1A**********642,,,,
SUP-061,Auto Supplier 61,ENG-1367,MA1A**********642,,,,
SUP-102,Auto Supplier 102,ENG-1083,MA1A**********643,,,,
SUP-022,Auto Supplier 22,ENG-1280,MA1A**********643,,,,
SUP-187,Auto Supplier 187,ENG-1265,MA1A**********643,,,,
SUP-045,Auto Supplier 45,ENG-1111,MA1A**********643,,,,
SUP-102,Auto Supplier 102,ENG-1276,MA1A**********643,,,,
SUP-156,Auto Supplier 156,ENG-1102,MA1A**********644,,,,
SUP-167,Auto Supplier 167,ENG-1309,MA1A**********644,,,,
SUP-008,Auto Supplier 8,ENG-1254,MA1A**********644,,,,
SUP-061,Auto Supplier 61,ENG-1242,MA1A**********644,,,,
SUP-132,Auto Supplier 132,ENG-1435,MA1A**********644,,,,
SUP-062,Auto Supplier 62,ENG-1069,MA1A**********645,,,,
SUP-047,Auto Supplier 47,ENG-1058,MA1A**********645,,,,
SUP-002,Auto Supplier 2,ENG-1027,MA1A**********645,,,,
SUP-050,Auto Supplier 50,ENG-1045,MA1A**********645,,,,
SUP-016,Auto Supplier 16,ENG-1047,MA1A**********645,,,,
SUP-158,Auto Supplier 158,ENG-1216,MA1A**********646,,,,
SUP-084,Auto Supplier 84,ENG-1418,MA1A**********646,,,,
SUP-018,Auto Supplier 18,ENG-1343,MA1A**********646,,,,
SUP-126,Auto Supplier 126,ENG-1134,MA1A**********646,,,,
SUP-068,Auto Supplier 68,ENG-1089,MA1A**********646,,,,
SUP-067,Auto Supplier 67,ENG-1287,MA1A**********647,,,,
SUP-033,Auto Supplier 33,ENG-1182,MA1A**********647,,,,
SUP-049,Auto Supplier 49,ENG-1158,MA1A**********647,,,,
SUP-055,Auto Supplier 55,ENG-1070,MA1A**********647,,,,
SUP-197,Auto Supplier 197,ENG-1084,MA1A**********647,,,,
SUP-125,Auto Supplier 125,ENG-1162,MA1A**********648,,,,
SUP-047,Auto Supplier 47,ENG-1402,MA1A**********648,,,,
SUP-001,Auto Supplier 1,ENG-1118,MA1A**********648,,,,
SUP-117,Auto Supplier 117,ENG-1407,MA1A**********648,,,,
SUP-173,Auto Supplier 173,ENG-1004,MA1A**********648,,,,
SUP-177,Auto Supplier 177,ENG-1137,MA1A**********649,,,,
SUP-176,Auto Supplier 176,ENG-1474,MA1A**********649,,,,
SUP-094,Auto Supplier 94,ENG-1290,MA1A**********649,,,,
SUP-093,Auto Supplier 93,ENG-1498,MA1A**********649,,,,
SUP-078,Auto Supplier 78,ENG-1437,MA1A**********649,,,,
SUP-057,Auto Supplier 57,ENG-1402,MA1A**********650,,,,
SUP-146,Auto Supplier 146,ENG-1223,MA1A**********650,,,,
SUP-147,Auto Supplier 147,ENG-1079,MA1A**********650,,,,
SUP-051,Auto Supplier 51,ENG-1065,MA1A**********650,,,,
SUP-171,Auto Supplier 171,ENG-1285,MA1A**********650,,,,
SUP-101,Auto Supplier 101,ENG-1366,MA1A**********651,,,,
SUP-004,Auto Supplier 4,ENG-1150,MA1A**********651,,,,
SUP-115,Auto Supplier 115,ENG-1236,MA1A**********651,,,,
SUP-199,Auto Supplier 199,ENG-1418,MA1A**********651,,,,
SUP-127,Auto Supplier 127,ENG-1063,MA1A**********651,,,,
SUP-079,Auto Supplier 79,ENG-1250,MA1A**********652,,,,
SUP-156,Auto Supplier 156,ENG-1330,MA1A**********652,,,,
SUP-195,Auto Supplier 195,ENG-1396,MA1A**********652,,,,
SUP-093,Auto Supplier 93,ENG-1461,MA1A**********652,,,,
SUP-141,Auto Supplier 141,ENG-1027,MA1A**********652,,,,
SUP-036,Auto Supplier 36,ENG-1128,MA1A**********653,,,,
SUP-118,Auto Supplier 118,ENG-1032,MA1A**********653,,,,
SUP-198,Auto Supplier 198,ENG-1036,MA1A**********653,,,,
SUP-161,Auto Supplier 161,ENG-1375,MA1A**********653,,,,
SUP-120,Auto Supplier 120,ENG-1239,MA1A**********653,,,,
SUP-051,Auto Supplier 51,ENG-1375,MA1A**********654,,,,
SUP-149,Auto Supplier 149,ENG-1297,MA1A**********654,,,,
SUP-077,Auto Supplier 77,ENG-1205,MA1A**********654,,,,
SUP-193,Auto Supplier 193,ENG-1109,MA1A**********654,,,,
SUP-150,Auto Supplier 150,ENG-1335,MA1A**********654,,,,
SUP-091,Auto Supplier 91,ENG-1242,MA1A**********655,,,,
SUP-146,Auto Supplier 146,ENG-1295,MA1A**********655,,,,
SUP-017,Auto Supplier 17,ENG-1196,MA1A**********655,,,,
SUP-139,Auto Supplier 139,ENG-1457,MA1A**********655,,,,
SUP-014,Auto Supplier 14,ENG-1185,MA1A**********655,,,,
SUP-067,Auto Supplier 67,ENG-1457,MA1A**********656,,,,
SUP-198,Auto Supplier 198,ENG-1456,MA1A**********656,,,,
SUP-129,Auto Supplier 129,ENG-1319,MA1A**********656,,,,
SUP-030,Auto Supplier 30,ENG-1391,MA1A**********656,,,,
SUP-084,Auto Supplier 84,ENG-1218,MA1A**********656,,,,
SUP-043,Auto Supplier 43,ENG-1459,MA1A**********657,,,,
SUP-161,Auto Supplier 161,ENG-1467,MA1A**********657,,,,
SUP-129,Auto Supplier 129,ENG-1186,MA1A**********657,,,,
SUP-083,Auto Supplier 83,ENG-1448,MA1A**********657,,,,
SUP-182,Auto Supplier 182,ENG-1242,MA1A**********657,,,,
SUP-063,Auto Supplier 63,ENG-1428,MA1A**********658,,,,
SUP-036,Auto Supplier 36,ENG-1263,MA1A**********658,,,,
SUP-139,Auto Supplier 139,ENG-1295,MA1A**********658,,,,
SUP-173,Auto Supplier 173,ENG-1009,MA1A**********658,,,,
SUP-052,Auto Supplier 52,ENG-1283,MA1A**********658,,,,
SUP-186,Auto Supplier 186,ENG-1250,MA1A**********659,,,,
SUP-108,Auto Supplier 108,ENG-1232,MA1A**********659,,,,
SUP-124,Auto Supplier 124,ENG-1374,MA1A**********659,,,,
SUP-097,Auto Supplier 97,ENG-1093,MA1A**********659,,,,
SUP-088,Auto Supplier 88,ENG-1091,MA1A**********659,,,,
SUP-095,Auto Supplier 95,ENG-1135,MA1A**********660,,,,
SUP-011,Auto Supplier 11,ENG-1431,MA1A**********660,,,,
SUP-075,Auto Supplier 75,ENG-1201,MA1A**********660,,,,
SUP-027,Auto Supplier 27,ENG-1232,MA1A**********660,,,,
SUP-129,Auto Supplier 129,ENG-1160,MA1A**********660,,,,
SUP-117,Auto Supplier 117,ENG-1240,MA1A**********661,,,,
SUP-106,Auto Supplier 106,ENG-1492,MA1A**********661,,,,
SUP-199,Auto Supplier 199,ENG-1415,MA1A**********661,,,,
SUP-104,Auto Supplier 104,ENG-1433,MA1A**********661,,,,
SUP-160,Auto Supplier 160,ENG-1433,MA1A**********661,,,,
SUP-068,Auto Supplier 68,ENG-1379,MA1A**********662,,,,
SUP-158,Auto Supplier 158,ENG-1071,MA1A**********662,,,,
SUP-153,Auto Supplier 153,ENG-1161,MA1A**********662,,,,
SUP-150,Auto Supplier 150,ENG-1422,MA1A**********662,,,,
SUP-140,Auto Supplier 140,ENG-1317,MA1A**********663,,,,
SUP-168,Auto Supplier 168,ENG-1300,MA1A**********663,,,,
SUP-042,Auto Supplier 42,ENG-1035,MA1A**********663,,,,
SUP-072,Auto Supplier 72,ENG-1266,MA1A**********663,,,,
SUP-020,Auto Supplier 20,ENG-1306,MA1A**********664,,,,
SUP-002,Auto Supplier 2,ENG-1343,MA1A**********664,,,,
SUP-091,Auto Supplier 91,ENG-1207,MA1A**********664,,,,
SUP-030,Auto Supplier 30,ENG-1057,MA1A**********664,,,,
SUP-004,Auto Supplier 4,ENG-1160,MA1A**********665,,,,
SUP-007,Auto Supplier 7,ENG-1131,MA1A**********665,,,,
SUP-036,Auto Supplier 36,ENG-1451,MA1A**********665,,,,
SUP-084,Auto Supplier 84,ENG-1458,MA1A**********665,,,,
SUP-173,Auto Supplier 173,ENG-1415,MA1A**********666,,,,
SUP-112,Auto Supplier 112,ENG-1446,MA1A**********666,,,,
SUP-086,Auto Supplier 86,ENG-1043,MA1A**********666,,,,
SUP-016,Auto Supplier 16,ENG-1169,MA1A**********666,,,,
SUP-100,Auto Supplier 100,ENG-1327,MA1A**********667,,,,
SUP-107,Auto Supplier 107,ENG-1117,MA1A**********667,,,,
SUP-144,Auto Supplier 144,ENG-1073,MA1A**********667,,,,
SUP-045,Auto Supplier 45,ENG-1096,MA1A**********667,,,,
SUP-098,Auto Supplier 98,ENG-1131,MA1A**********667,,,,
SUP-080,Auto Supplier 80,ENG-1321,MA1A**********668,,,,
SUP-152,Auto Supplier 152,ENG-1107,MA1A**********668,,,,
SUP-176,Auto Supplier 176,ENG-1415,MA1A**********668,,,,
SUP-027,Auto Supplier 27,ENG-1443,MA1A**********668,,,,
SUP-044,Auto Supplier 44,ENG-1026,MA1A**********668,,,,
SUP-147,Auto Supplier 147,ENG-1065,MA1A**********669,,,,
SUP-155,Auto Supplier 155,ENG-1078,MA1A**********669,,,,
SUP-187,Auto Supplier 187,ENG-1365,MA1A**********669,,,,
SUP-005,Auto Supplier 5,ENG-1128,MA1A**********669,,,,
SUP-185,Auto Supplier 185,ENG-1378,MA1A**********669,,,,
SUP-067,Auto Supplier 67,ENG-1085,MA1A**********670,,,,
SUP-007,Auto Supplier 7,ENG-1242,MA1A**********670,,,,
SUP-046,Auto Supplier 46,ENG-1211,MA1A**********670,,,,
SUP-179,Auto Supplier 179,ENG-1379,MA1A**********670,,,,
SUP-101,Auto Supplier 101,ENG-1273,MA1A**********670,,,,
SUP-131,Auto Supplier 131,ENG-1165,MA1A**********671,,,,
SUP-124,Auto Supplier 124,ENG-1207,MA1A**********671,,,,
SUP-061,Auto Supplier 61,ENG-1154,MA1A**********671,,,,
SUP-045,Auto Supplier 45,ENG-1153,MA1A**********671,,,,
SUP-170,Auto Supplier 170,ENG-1372,MA1A**********671,,,,
SUP-018,Auto Supplier 18,ENG-1235,MA1A**********672,,,,
SUP-044,Auto Supplier 44,ENG-1246,MA1A**********672,,,,
SUP-158,Auto Supplier 158,ENG-1336,MA1A**********672,,,,
SUP-159,Auto Supplier 159,ENG-1336,MA1A**********672,,,,
SUP-179,Auto Supplier 179,ENG-1258,MA1A**********672,,,,
SUP-039,Auto Supplier 39,ENG-1398,MA1A**********673,,,,
SUP-191,Auto Supplier 191,ENG-1072,MA1A**********673,,,,
SUP-051,Auto Supplier 51,ENG-1292,MA1A**********673,,,,
SUP-165,Auto Supplier 165,ENG-1269,MA1A**********673,,,,
SUP-131,Auto Supplier 131,ENG-1337,MA1A**********673,,,,
SUP-051,Auto Supplier 51,ENG-1155,MA1A**********674,,,,
SUP-099,Auto Supplier 99,ENG-1193,MA1A**********674,,,,
SUP-171,Auto Supplier 171,ENG-1148,MA1A**********674,,,,
SUP-075,Auto Supplier 75,ENG-1279,MA1A**********674,,,,
SUP-165,Auto Supplier 165,ENG-1492,MA1A**********674,,,,
SUP-107,Auto Supplier 107,ENG-1295,MA1A**********675,,,,
SUP-123,Auto Supplier 123,ENG-1032,MA1A**********675,,,,
SUP-156,Auto Supplier 156,ENG-1076,MA1A**********675,,,,
SUP-179,Auto Supplier 179,ENG-1197,MA1A**********675,,,,
SUP-179,Auto Supplier 179,ENG-1102,MA1A**********675,,,,
SUP-118,Auto Supplier 118,ENG-1145,MA1A**********676,,,,
SUP-030,Auto Supplier 30,ENG-1311,MA1A**********676,,,,
SUP-129,Auto Supplier 129,ENG-1272,MA1A**********676,,,,
SUP-148,Auto Supplier 148,ENG-1382,MA1A**********676,,,,
SUP-109,Auto Supplier 109,ENG-1270,MA1A**********676,,,,
SUP-167,Auto Supplier 167,ENG-1330,MA1A**********677,,,,
SUP-027,Auto Supplier 27,ENG-1220,MA1A**********677,,,,
SUP-001,Auto Supplier 1,ENG-1276,MA1A**********677,,,,
SUP-030,Auto Supplier 30,ENG-1077,MA1A**********677,,,,
SUP-176,Auto Supplier 176,ENG-1219,MA1A**********677,,,,
SUP-174,Auto Supplier 174,ENG-1452,MA1A**********678,,,,
SUP-193,Auto Supplier 193,ENG-1238,MA1A**********678,,,,
SUP-110,Auto Supplier 110,ENG-1271,MA1A**********678,,,,
SUP-071,Auto Supplier 71,ENG-1234,MA1A**********678,,,,
SUP-042,Auto Supplier 42,ENG-1435,MA1A**********678,,,,
SUP-098,Auto Supplier 98,ENG-1057,MA1A**********679,,,,
SUP-102,Auto Supplier 102,ENG-1103,MA1A**********679,,,,
SUP-181,Auto Supplier 181,ENG-1462,MA1A**********679,,,,
SUP-064,Auto Supplier 64,ENG-1203,MA1A**********679,,,,
SUP-066,Auto Supplier 66,ENG-1068,MA1A**********679,,,,
SUP-185,Auto Supplier 185,ENG-1316,MA1A**********680,,,,
SUP-185,Auto Supplier 185,ENG-1335,MA1A**********680,,,,
SUP-099,Auto Supplier 99,ENG-1042,MA1A**********680,,,,
SUP-140,Auto Supplier 140,ENG-1448,MA1A**********680,,,,
SUP-164,Auto Supplier 164,ENG-1129,MA1A**********680,,,,
SUP-196,Auto Supplier 196,ENG-1401,MA1A**********681,,,,
SUP-082,Auto Supplier 82,ENG-1182,MA1A**********681,,,,
SUP-011,Auto Supplier 11,ENG-1056,MA1A**********681,,,,
SUP-031,Auto Supplier 31,ENG-1267,MA1A**********681,,,,
SUP-136,Auto Supplier 136,ENG-1380,MA1A**********681,,,,
SUP-147,Auto Supplier 147,ENG-1150,MA1A**********682,,,,
SUP-121,Auto Supplier 121,ENG-1492,MA1A**********682,,,,
SUP-134,Auto Supplier 134,ENG-1340,MA1A**********682,,,,
SUP-081,Auto Supplier 81,ENG-1411,MA1A**********682,,,,
SUP-059,Auto Supplier 59,ENG-1225,MA1A**********682,,,,
SUP-001,Auto Supplier 1,ENG-1094,MA1A**********683,,,,
SUP-045,Auto Supplier 45,ENG-1051,MA1A**********683,,,,
SUP-065,Auto Supplier 65,ENG-1299,MA1A**********683,,,,
SUP-149,Auto Supplier 149,ENG-1489,MA1A**********683,,,,
SUP-170,Auto Supplier 170,ENG-1006,MA1A**********683,,,,
SUP-188,Auto Supplier 188,ENG-1436,MA1A**********684,,,,
SUP-099,Auto Supplier 99,ENG-1026,MA1A**********684,,,,
SUP-073,Auto Supplier 73,ENG-1391,MA1A**********684,,,,
SUP-141,Auto Supplier 141,ENG-1011,MA1A**********684,,,,
SUP-175,Auto Supplier 175,ENG-1141,MA1A**********684,,,,
SUP-144,Auto Supplier 144,ENG-1189,MA1A**********685,,,,
SUP-175,Auto Supplier 175,ENG-1285,MA1A**********685,,,,
SUP-034,Auto Supplier 34,ENG-1271,MA1A**********685,,,,
SUP-174,Auto Supplier 174,ENG-1478,MA1A**********685,,,,
SUP-184,Auto Supplier 184,ENG-1349,MA1A**********685,,,,
SUP-045,Auto Supplier 45,ENG-1460,MA1A**********686,,,,
SUP-102,Auto Supplier 102,ENG-1361,MA1A**********686,,,,
SUP-041,Auto Supplier 41,ENG-1033,MA1A**********686,,,,
SUP-091,Auto Supplier 91,ENG-1195,MA1A**********686,,,,
SUP-084,Auto Supplier 84,ENG-1340,MA1A**********686,,,,
SUP-152,Auto Supplier 152,ENG-1430,MA1A**********687,,,,
SUP-094,Auto Supplier 94,ENG-1489,MA1A**********687,,,,
SUP-078,Auto Supplier 78,ENG-1441,MA1A**********687,,,,
SUP-180,Auto Supplier 180,ENG-1400,MA1A**********687,,,,
SUP-030,Auto Supplier 30,ENG-1128,MA1A**********687,,,,
SUP-052,Auto Supplier 52,ENG-1410,MA1A**********688,,,,
SUP-141,Auto Supplier 141,ENG-1173,MA1A**********688,,,,
SUP-017,Auto Supplier 17,ENG-1404,MA1A**********688,,,,
SUP-008,Auto Supplier 8,ENG-1323,MA1A**********688,,,,
SUP-197,Auto Supplier 197,ENG-1275,MA1A**********688,,,,
SUP-199,Auto Supplier 199,ENG-1262,MA1A**********689,,,,
SUP-177,Auto Supplier 177,ENG-1106,MA1A**********689,,,,
SUP-038,Auto Supplier 38,ENG-1046,MA1A**********689,,,,
SUP-199,Auto Supplier 199,ENG-1008,MA1A**********689,,,,
SUP-164,Auto Supplier 164,ENG-1068,MA1A**********689,,,,
SUP-095,Auto Supplier 95,ENG-1113,MA1A**********690,,,,
SUP-109,Auto Supplier 109,ENG-1097,MA1A**********690,,,,
SUP-174,Auto Supplier 174,ENG-1224,MA1A**********690,,,,
SUP-063,Auto Supplier 63,ENG-1010,MA1A**********690,,,,
SUP-034,Auto Supplier 34,ENG-1068,MA1A**********690,,,,
SUP-049,Auto Supplier 49,ENG-1361,MA1A**********691,,,,
SUP-069,Auto Supplier 69,ENG-1479,MA1A**********691,,,,
SUP-168,Auto Supplier 168,ENG-1314,MA1A**********691,,,,
SUP-136,Auto Supplier 136,ENG-1416,MA1A**********691,,,,
SUP-196,Auto Supplier 196,ENG-1157,MA1A**********691,,,,
SUP-178,Auto Supplier 178,ENG-1408,MA1A**********692,,,,
SUP-036,Auto Supplier 36,ENG-1017,MA1A**********692,,,,
SUP-085,Auto Supplier 85,ENG-1233,MA1A**********692,,,,
SUP-052,Auto Supplier 52,ENG-1005,MA1A**********692,,,,
SUP-040,Auto Supplier 40,ENG-1398,MA1A**********692,,,,
SUP-158,Auto Supplier 158,ENG-1185,MA1A**********693,,,,
SUP-199,Auto Supplier 199,ENG-1311,MA1A**********693,,,,
SUP-175,Auto Supplier 175,ENG-1094,MA1A**********693,,,,
SUP-144,Auto Supplier 144,ENG-1489,MA1A**********693,,,,
SUP-173,Auto Supplier 173,ENG-1086,MA1A**********693,,,,
SUP-071,Auto Supplier 71,ENG-1044,MA1A**********694,,,,
SUP-109,Auto Supplier 109,ENG-1063,MA1A**********694,,,,
SUP-043,Auto Supplier 43,ENG-1030,MA1A**********694,,,,
SUP-092,Auto Supplier 92,ENG-1180,MA1A**********694,,,,
SUP-004,Auto Supplier 4,ENG-1296,MA1A**********694,,,,
SUP-006,Auto Supplier 6,ENG-1302,MA1A**********695,,,,
SUP-122,Auto Supplier 122,ENG-1310,MA1A**********695,,,,
SUP-189,Auto Supplier 189,ENG-1007,MA1A**********695,,,,
SUP-019,Auto Supplier 19,ENG-1192,MA1A**********695,,,,
SUP-079,Auto Supplier 79,ENG-1346,MA1A**********695,,,,
SUP-128,Auto Supplier 128,ENG-1060,MA1A**********696,,,,
SUP-071,Auto Supplier 71,ENG-1493,MA1A**********696,,,,
SUP-143,Auto Supplier 143,ENG-1078,MA1A**********696,,,,
SUP-065,Auto Supplier 65,ENG-1142,MA1A**********696,,,,
SUP-028,Auto Supplier 28,ENG-1332,MA1A**********696,,,,
SUP-182,Auto Supplier 182,ENG-1359,MA1A**********697,,,,
SUP-075,Auto Supplier 75,ENG-1481,MA1A**********697,,,,
SUP-149,Auto Supplier 149,ENG-1135,MA1A**********697,,,,
SUP-067,Auto Supplier 67,ENG-1002,MA1A**********697,,,,
SUP-135,Auto Supplier 135,ENG-1138,MA1A**********697,,,,
SUP-093,Auto Supplier 93,ENG-1315,MA1A**********698,,,,
SUP-193,Auto Supplier 193,ENG-1181,MA1A**********698,,,,
SUP-137,Auto Supplier 137,ENG-1038,MA1A**********698,,,,
SUP-189,Auto Supplier 189,ENG-1403,MA1A**********698,,,,
SUP-088,Auto Supplier 88,ENG-1150,MA1A**********698,,,,
SUP-160,Auto Supplier 160,ENG-1157,MA1A**********699,,,,
SUP-097,Auto Supplier 97,ENG-1226,MA1A**********699,,,,
SUP-029,Auto Supplier 29,ENG-1357,MA1A**********699,,,,
SUP-128,Auto Supplier 128,ENG-1164,MA1A**********699,,,,
SUP-025,Auto Supplier 25,ENG-1335,MA1A**********699,,,,
SUP-108,Auto Supplier 108,ENG-1173,MA1A**********700,,,,
SUP-109,Auto Supplier 109,ENG-1145,MA1A**********700,,,,
SUP-161,Auto Supplier 161,ENG-1299,MA1A**********700,,,,
SUP-044,Auto Supplier 44,ENG-1354,MA1A**********700,,,,
SUP-151,Auto Supplier 151,ENG-1235,MA1A**********700,,,,
SUP-184,Auto Supplier 184,ENG-1086,MA1A**********701,,,,
SUP-002,Auto Supplier 2,ENG-1183,MA1A**********701,,,,
SUP-188,Auto Supplier 188,ENG-1280,MA1A**********701,,,,
SUP-065,Auto Supplier 65,ENG-1428,MA1A**********701,,,,
SUP-057,Auto Supplier 57,ENG-1324,MA1A**********701,,,,
SUP-145,Auto Supplier 145,ENG-1412,MA1A**********702,,,,
SUP-185,Auto Supplier 185,ENG-1374,MA1A**********702,,,,
SUP-024,Auto Supplier 24,ENG-1119,MA1A**********702,,,,
SUP-068,Auto Supplier 68,ENG-1426,MA1A**********702,,,,
SUP-197,Auto Supplier 197,ENG-1030,MA1A**********702,,,,
SUP-046,Auto Supplier 46,ENG-1283,MA1A**********703,,,,
SUP-189,Auto Supplier 189,ENG-1412,MA1A**********703,,,,
SUP-179,Auto Supplier 179,ENG-1081,MA1A**********703,,,,
SUP-034,Auto Supplier 34,ENG-1245,MA1A**********703,,,,
SUP-005,Auto Supplier 5,ENG-1430,MA1A**********703,,,,
SUP-192,Auto Supplier 192,ENG-1484,MA1A**********704,,,,
SUP-145,Auto Supplier 145,ENG-1049,MA1A**********704,,,,
SUP-141,Auto Supplier 141,ENG-1257,MA1A**********704,,,,
SUP-058,Auto Supplier 58,ENG-1259,MA1A**********704,,,,
SUP-196,Auto Supplier 196,ENG-1141,MA1A**********704,,,,
SUP-015,Auto Supplier 15,ENG-1476,MA1A**********705,,,,
SUP-070,Auto Supplier 70,ENG-1179,MA1A**********705,,,,
SUP-053,Auto Supplier 53,ENG-1135,MA1A**********705,,,,
SUP-133,Auto Supplier 133,ENG-1006,MA1A**********705,,,,
SUP-118,Auto Supplier 118,ENG-1223,MA1A**********705,,,,
SUP-109,Auto Supplier 109,ENG-1262,MA1A**********706,,,,
SUP-028,Auto Supplier 28,ENG-1398,MA1A**********706,,,,
SUP-008,Auto Supplier 8,ENG-1303,MA1A**********706,,,,
SUP-088,Auto Supplier 88,ENG-1480,MA1A**********706,,,,
SUP-189,Auto Supplier 189,ENG-1350,MA1A**********706,,,,
SUP-085,Auto Supplier 85,ENG-1059,MA1A**********707,,,,
SUP-011,Auto Supplier 11,ENG-1260,MA1A**********707,,,,
SUP-139,Auto Supplier 139,ENG-1438,MA1A**********707,,,,
SUP-179,Auto Supplier 179,ENG-1193,MA1A**********707,,,,
SUP-194,Auto Supplier 194,ENG-1267,MA1A**********707,,,,
SUP-031,Auto Supplier 31,ENG-1224,MA1A**********708,,,,
SUP-119,Auto Supplier 119,ENG-1092,MA1A**********708,,,,
SUP-148,Auto Supplier 148,ENG-1459,MA1A**********708,,,,
SUP-059,Auto Supplier 59,ENG-1364,MA1A**********708,,,,
SUP-071,Auto Supplier 71,ENG-1263,MA1A**********708,,,,
SUP-060,Auto Supplier 60,ENG-1121,MA1A**********709,,,,
SUP-114,Auto Supplier 114,ENG-1042,MA1A**********709,,,,
SUP-193,Auto Supplier 193,ENG-1113,MA1A**********709,,,,
SUP-071,Auto Supplier 71,ENG-1488,MA1A**********709,,,,
SUP-057,Auto Supplier 57,ENG-1392,MA1A**********709,,,,
SUP-051,Auto Supplier 51,ENG-1360,MA1A**********710,,,,
SUP-092,Auto Supplier 92,ENG-1465,MA1A**********710,,,,
SUP-139,Auto Supplier 139,ENG-1481,MA1A**********710,,,,
SUP-138,Auto Supplier 138,ENG-1385,MA1A**********710,,,,
SUP-097,Auto Supplier 97,ENG-1280,MA1A**********710,,,,
SUP-140,Auto Supplier 140,ENG-1428,MA1A**********711,,,,
SUP-020,Auto Supplier 20,ENG-1029,MA1A**********711,,,,
SUP-133,Auto Supplier 133,ENG-1475,MA1A**********711,,,,
SUP-031,Auto Supplier 31,ENG-1499,MA1A**********711,,,,
SUP-136,Auto Supplier 136,ENG-1440,MA1A**********711,,,,
SUP-054,Auto Supplier 54,ENG-1345,MA1A**********712,,,,
SUP-090,Auto Supplier 90,ENG-1160,MA1A**********712,,,,
SUP-047,Auto Supplier 47,ENG-1206,MA1A**********712,,,,
SUP-128,Auto Supplier 128,ENG-1129,MA1A**********712,,,,
SUP-057,Auto Supplier 57,ENG-1457,MA1A**********712,,,,
SUP-172,Auto Supplier 172,ENG-1101,MA1A**********713,,,,
SUP-196,Auto Supplier 196,ENG-1271,MA1A**********713,,,,
SUP-032,Auto Supplier 32,ENG-1336,MA1A**********713,,,,
SUP-067,Auto Supplier 67,ENG-1441,MA1A**********713,,,,
SUP-094,Auto Supplier 94,ENG-1374,MA1A**********713,,,,
SUP-112,Auto Supplier 112,ENG-1429,MA1A**********714,,,,
SUP-157,Auto Supplier 157,ENG-1490,MA1A**********714,,,,
SUP-189,Auto Supplier 189,ENG-1361,MA1A**********714,,,,
SUP-093,Auto Supplier 93,ENG-1421,MA1A**********714,,,,
SUP-114,Auto Supplier 114,ENG-1208,MA1A**********714,,,,
SUP-049,Auto Supplier 49,ENG-1348,MA1A**********715,,,,
SUP-180,Auto Supplier 180,ENG-1214,MA1A**********715,,,,
SUP-142,Auto Supplier 142,ENG-1399,MA1A**********715,,,,
SUP-040,Auto Supplier 40,ENG-1475,MA1A**********715,,,,
SUP-135,Auto Supplier 135,ENG-1032,MA1A**********715,,,,
SUP-104,Auto Supplier 104,ENG-1136,MA1A**********716,,,,
SUP-034,Auto Supplier 34,ENG-1292,MA1A**********716,,,,
SUP-122,Auto Supplier 122,ENG-1334,MA1A**********716,,,,
SUP-139,Auto Supplier 139,ENG-1357,MA1A**********716,,,,
SUP-120,Auto Supplier 120,ENG-1169,MA1A**********716,,,,
SUP-174,Auto Supplier 174,ENG-1241,MA1A**********717,,,,
SUP-143,Auto Supplier 143,ENG-1120,MA1A**********717,,,,
SUP-175,Auto Supplier 175,ENG-1444,MA1A**********717,,,,
SUP-160,Auto Supplier 160,ENG-1486,MA1A**********717,,,,
SUP-007,Auto Supplier 7,ENG-1301,MA1A**********717,,,,
SUP-134,Auto Supplier 134,ENG-1499,MA1A**********718,,,,
SUP-070,Auto Supplier 70,ENG-1421,MA1A**********718,,,,
SUP-003,Auto Supplier 3,ENG-1412,MA1A**********718,,,,
SUP-032,Auto Supplier 32,ENG-1239,MA1A**********718,,,,
SUP-119,Auto Supplier 119,ENG-1292,MA1A**********718,,,,
SUP-199,Auto Supplier 199,ENG-1059,MA1A**********719,,,,
SUP-077,Auto Supplier 77,ENG-1249,MA1A**********719,,,,
SUP-115,Auto Supplier 115,ENG-1238,MA1A**********719,,,,
SUP-037,Auto Supplier 37,ENG-1417,MA1A**********719,,,,
SUP-140,Auto Supplier 140,ENG-1120,MA1A**********719,,,,
SUP-128,Auto Supplier 128,ENG-1010,MA1A**********720,,,,
SUP-132,Auto Supplier 132,ENG-1003,MA1A**********720,,,,
SUP-171,Auto Supplier 171,ENG-1127,MA1A**********720,,,,
SUP-081,Auto Supplier 81,ENG-1254,MA1A**********720,,,,
SUP-016,Auto Supplier 16,ENG-1083,MA1A**********720,,,,
SUP-130,Auto Supplier 130,ENG-1343,MA1A**********721,,,,
SUP-022,Auto Supplier 22,ENG-1423,MA1A**********721,,,,
SUP-192,Auto Supplier 192,ENG-1231,MA1A**********721,,,,
SUP-086,Auto Supplier 86,ENG-1381,MA1A**********721,,,,
SUP-129,Auto Supplier 129,ENG-1311,MA1A**********721,,,,
SUP-106,Auto Supplier 106,ENG-1010,MA1A**********722,,,,
SUP-099,Auto Supplier 99,ENG-1195,MA1A**********722,,,,
SUP-155,Auto Supplier 155,ENG-1252,MA1A**********722,,,,
SUP-028,Auto Supplier 28,ENG-1199,MA1A**********722,,,,
SUP-156,Auto Supplier 156,ENG-1401,MA1A**********722,,,,
SUP-111,Auto Supplier 111,ENG-1337,MA1A**********723,,,,
SUP-152,Auto Supplier 152,ENG-1237,MA1A**********723,,,,
SUP-141,Auto Supplier 141,ENG-1207,MA1A**********723,,,,
SUP-091,Auto Supplier 91,ENG-1145,MA1A**********723,,,,
SUP-153,Auto Supplier 153,ENG-1452,MA1A**********723,,,,
SUP-158,Auto Supplier 158,ENG-1195,MA1A**********724,,,,
SUP-156,Auto Supplier 156,ENG-1465,MA1A**********724,,,,
SUP-135,Auto Supplier 135,ENG-1105,MA1A**********724,,,,
SUP-192,Auto Supplier 192,ENG-1284,MA1A**********724,,,,
SUP-013,Auto Supplier 13,ENG-1201,MA1A**********724,,,,
SUP-125,Auto Supplier 125,ENG-1110,MA1A**********725,,,,
SUP-132,Auto Supplier 132,ENG-1074,MA1A**********725,,,,
SUP-162,Auto Supplier 162,ENG-1001,MA1A**********725,,,,
SUP-039,Auto Supplier 39,ENG-1040,MA1A**********725,,,,
SUP-160,Auto Supplier 160,ENG-1424,MA1A**********725,,,,
SUP-045,Auto Supplier 45,ENG-1119,MA1A**********726,,,,
SUP-162,Auto Supplier 162,ENG-1058,MA1A**********726,,,,
SUP-081,Auto Supplier 81,ENG-1116,MA1A**********726,,,,
SUP-174,Auto Supplier 174,ENG-1477,MA1A**********726,,,,
SUP-197,Auto Supplier 197,ENG-1395,MA1A**********726,,,,
SUP-098,Auto Supplier 98,ENG-1491,MA1A**********727,,,,
SUP-063,Auto Supplier 63,ENG-1356,MA1A**********727,,,,
SUP-102,Auto Supplier 102,ENG-1330,MA1A**********727,,,,
SUP-030,Auto Supplier 30,ENG-1291,MA1A**********727,,,,
SUP-140,Auto Supplier 140,ENG-1449,MA1A**********727,,,,
SUP-111,Auto Supplier 111,ENG-1452,MA1A**********728,,,,
SUP-175,Auto Supplier 175,ENG-1409,MA1A**********728,,,,
SUP-048,Auto Supplier 48,ENG-1085,MA1A**********728,,,,
SUP-128,Auto Supplier 128,ENG-1121,MA1A**********728,,,,
SUP-035,Auto Supplier 35,ENG-1392,MA1A**********728,,,,
SUP-102,Auto Supplier 102,ENG-1292,MA1A**********729,,,,
SUP-195,Auto Supplier 195,ENG-1366,MA1A**********729,,,,
SUP-165,Auto Supplier 165,ENG-1350,MA1A**********729,,,,
SUP-192,Auto Supplier 192,ENG-1358,MA1A**********729,,,,
SUP-139,Auto Supplier 139,ENG-1235,MA1A**********729,,,,
SUP-122,Auto Supplier 122,ENG-1032,MA1A**********730,,,,
SUP-200,Auto Supplier 200,ENG-1246,MA1A**********730,,,,
SUP-170,Auto Supplier 170,ENG-1081,MA1A**********730,,,,
SUP-149,Auto Supplier 149,ENG-1206,MA1A**********730,,,,
SUP-168,Auto Supplier 168,ENG-1128,MA1A**********730,,,,
SUP-159,Auto Supplier 159,ENG-1134,MA1A**********731,,,,
SUP-176,Auto Supplier 176,ENG-1189,MA1A**********731,,,,
SUP-181,Auto Supplier 181,ENG-1140,MA1A**********731,,,,
SUP-046,Auto Supplier 46,ENG-1135,MA1A**********731,,,,
SUP-088,Auto Supplier 88,ENG-1394,MA1A**********731,,,,
SUP-114,Auto Supplier 114,ENG-1499,MA1A**********732,,,,
SUP-073,Auto Supplier 73,ENG-1377,MA1A**********732,,,,
SUP-146,Auto Supplier 146,ENG-1181,MA1A**********732,,,,
SUP-092,Auto Supplier 92,ENG-1018,MA1A**********732,,,,
SUP-117,Auto Supplier 117,ENG-1461,MA1A**********732,,,,
SUP-170,Auto Supplier 170,ENG-1017,MA1A**********733,,,,
SUP-149,Auto Supplier 149,ENG-1174,MA1A**********733,,,,
SUP-019,Auto Supplier 19,ENG-1420,MA1A**********733,,,,
SUP-118,Auto Supplier 118,ENG-1167,MA1A**********733,,,,
SUP-021,Auto Supplier 21,ENG-1480,MA1A**********733,,,,
SUP-197,Auto Supplier 197,ENG-1132,MA1A**********734,,,,
SUP-031,Auto Supplier 31,ENG-1388,MA1A**********734,,,,
SUP-091,Auto Supplier 91,ENG-1173,MA1A**********734,,,,
SUP-156,Auto Supplier 156,ENG-1415,MA1A**********734,,,,
SUP-035,Auto Supplier 35,ENG-1227,MA1A**********734,,,,
SUP-194,Auto Supplier 194,ENG-1259,MA1A**********735,,,,
SUP-164,Auto Supplier 164,ENG-1327,MA1A**********735,,,,
SUP-038,Auto Supplier 38,ENG-1089,MA1A**********735,,,,
SUP-113,Auto Supplier 113,ENG-1191,MA1A**********735,,,,
SUP-197,Auto Supplier 197,ENG-1051,MA1A**********735,,,,
SUP-130,Auto Supplier 130,ENG-1350,MA1A**********736,,,,
SUP-114,Auto Supplier 114,ENG-1045,MA1A**********736,,,,
SUP-012,Auto Supplier 12,ENG-1276,MA1A**********736,,,,
SUP-162,Auto Supplier 162,ENG-1174,MA1A**********736,,,,
SUP-142,Auto Supplier 142,ENG-1408,MA1A**********736,,,,
SUP-183,Auto Supplier 183,ENG-1487,MA1A**********737,,,,
SUP-001,Auto Supplier 1,ENG-1005,MA1A**********737,,,,
SUP-047,Auto Supplier 47,ENG-1431,MA1A**********737,,,,
SUP-165,Auto Supplier 165,ENG-1065,MA1A**********737,,,,
SUP-079,Auto Supplier 79,ENG-1111,MA1A**********737,,,,
SUP-166,Auto Supplier 166,ENG-1391,MA1A**********738,,,,
SUP-003,Auto Supplier 3,ENG-1273,MA1A**********738,,,,
SUP-012,Auto Supplier 12,ENG-1367,MA1A**********738,,,,
SUP-182,Auto Supplier 182,ENG-1140,MA1A**********738,,,,
SUP-026,Auto Supplier 26,ENG-1343,MA1A**********738,,,,
SUP-020,Auto Supplier 20,ENG-1261,MA1A**********739,,,,
SUP-075,Auto Supplier 75,ENG-1220,MA1A**********739,,,,
SUP-154,Auto Supplier 154,ENG-1084,MA1A**********739,,,,
SUP-007,Auto Supplier 7,ENG-1336,MA1A**********739,,,,
SUP-054,Auto Supplier 54,ENG-1275,MA1A**********739,,,,
SUP-051,Auto Supplier 51,ENG-1097,MA1A**********740,,,,
SUP-175,Auto Supplier 175,ENG-1001,MA1A**********740,,,,
SUP-014,Auto Supplier 14,ENG-1486,MA1A**********740,,,,
SUP-102,Auto Supplier 102,ENG-1223,MA1A**********740,,,,
SUP-172,Auto Supplier 172,ENG-1482,MA1A**********740,,,,
SUP-156,Auto Supplier 156,ENG-1167,MA1A**********741,,,,
SUP-149,Auto Supplier 149,ENG-1209,MA1A**********741,,,,
SUP-109,Auto Supplier 109,ENG-1040,MA1A**********741,,,,
SUP-051,Auto Supplier 51,ENG-1025,MA1A**********741,,,,
SUP-059,Auto Supplier 59,ENG-1181,MA1A**********741,,,,
SUP-110,Auto Supplier 110,ENG-1181,MA1A**********742,,,,
SUP-018,Auto Supplier 18,ENG-1096,MA1A**********742,,,,
SUP-076,Auto Supplier 76,ENG-1482,MA1A**********742,,,,
SUP-101,Auto Supplier 101,ENG-1384,MA1A**********742,,,,
SUP-058,Auto Supplier 58,ENG-1095,MA1A**********742,,,,
SUP-152,Auto Supplier 152,ENG-1466,MA1A**********743,,,,
SUP-177,Auto Supplier 177,ENG-1345,MA1A**********743,,,,
SUP-041,Auto Supplier 41,ENG-1100,MA1A**********743,,,,
SUP-070,Auto Supplier 70,ENG-1231,MA1A**********743,,,,
SUP-113,Auto Supplier 113,ENG-1327,MA1A**********743,,,,
SUP-137,Auto Supplier 137,ENG-1496,MA1A**********744,,,,
SUP-150,Auto Supplier 150,ENG-1193,MA1A**********744,,,,
SUP-200,Auto Supplier 200,ENG-1054,MA1A**********744,,,,
SUP-037,Auto Supplier 37,ENG-1451,MA1A**********744,,,,
SUP-073,Auto Supplier 73,ENG-1060,MA1A**********744,,,,
SUP-058,Auto Supplier 58,ENG-1490,MA1A**********745,,,,
SUP-113,Auto Supplier 113,ENG-1366,MA1A**********745,,,,
SUP-033,Auto Supplier 33,ENG-1071,MA1A**********745,,,,
SUP-132,Auto Supplier 132,ENG-1218,MA1A**********745,,,,
SUP-155,Auto Supplier 155,ENG-1023,MA1A**********745,,,,
SUP-195,Auto Supplier 195,ENG-1468,MA1A**********746,,,,
SUP-136,Auto Supplier 136,ENG-1449,MA1A**********746,,,,
SUP-157,Auto Supplier 157,ENG-1217,MA1A**********746,,,,
SUP-088,Auto Supplier 88,ENG-1111,MA1A**********746,,,,
SUP-064,Auto Supplier 64,ENG-1279,MA1A**********746,,,,
SUP-050,Auto Supplier 50,ENG-1137,MA1A**********747,,,,
SUP-006,Auto Supplier 6,ENG-1416,MA1A**********747,,,,
SUP-089,Auto Supplier 89,ENG-1188,MA1A**********747,,,,
SUP-080,Auto Supplier 80,ENG-1261,MA1A**********747,,,,
SUP-009,Auto Supplier 9,ENG-1405,MA1A**********747,,,,
SUP-019,Auto Supplier 19,ENG-1200,MA1A**********748,,,,
SUP-093,Auto Supplier 93,ENG-1393,MA1A**********748,,,,
SUP-195,Auto Supplier 195,ENG-1111,MA1A**********748,,,,
SUP-121,Auto Supplier 121,ENG-1058,MA1A**********748,,,,
SUP-027,Auto Supplier 27,ENG-1173,MA1A**********748,,,,
SUP-004,Auto Supplier 4,ENG-1195,MA1A**********749,,,,
SUP-105,Auto Supplier 105,ENG-1322,MA1A**********749,,,,
SUP-093,Auto Supplier 93,ENG-1479,MA1A**********749,,,,
SUP-114,Auto Supplier 114,ENG-1123,MA1A**********749,,,,
SUP-128,Auto Supplier 128,ENG-1483,MA1A**********749,,,,
SUP-009,Auto Supplier 9,ENG-1377,MA1A**********750,,,,
SUP-124,Auto Supplier 124,ENG-1334,MA1A**********750,,,,
SUP-103,Auto Supplier 103,ENG-1273,MA1A**********750,,,,
SUP-028,Auto Supplier 28,ENG-1081,MA1A**********750,,,,
SUP-060,Auto Supplier 60,ENG-1224,MA1A**********750,,,,
SUP-175,Auto Supplier 175,ENG-1199,MA1A**********751,,,,
SUP-067,Auto Supplier 67,ENG-1070,MA1A**********751,,,,
SUP-199,Auto Supplier 199,ENG-1125,MA1A**********751,,,,
SUP-035,Auto Supplier 35,ENG-1019,MA1A**********751,,,,
SUP-123,Auto Supplier 123,ENG-1075,MA1A**********751,,,,
SUP-088,Auto Supplier 88,ENG-1146,MA1A**********752,,,,
SUP-141,Auto Supplier 141,ENG-1479,MA1A**********752,,,,
SUP-018,Auto Supplier 18,ENG-1294,MA1A**********752,,,,
SUP-078,Auto Supplier 78,ENG-1338,MA1A**********752,,,,
SUP-027,Auto Supplier 27,ENG-1207,MA1A**********752,,,,
SUP-029,Auto Supplier 29,ENG-1109,MA1A**********753,,,,
SUP-189,Auto Supplier 189,ENG-1192,MA1A**********753,,,,
SUP-014,Auto Supplier 14,ENG-1184,MA1A**********753,,,,
SUP-148,Auto Supplier 148,ENG-1075,MA1A**********753,,,,
SUP-162,Auto Supplier 162,ENG-1363,MA1A**********753,,,,
SUP-031,Auto Supplier 31,ENG-1085,MA1A**********754,,,,
SUP-055,Auto Supplier 55,ENG-1119,MA1A**********754,,,,
SUP-043,Auto Supplier 43,ENG-1007,MA1A**********754,,,,
SUP-178,Auto Supplier 178,ENG-1285,MA1A**********754,,,,
SUP-150,Auto Supplier 150,ENG-1126,MA1A**********754,,,,
SUP-011,Auto Supplier 11,ENG-1496,MA1A**********755,,,,
SUP-009,Auto Supplier 9,ENG-1445,MA1A**********755,,,,
SUP-064,Auto Supplier 64,ENG-1001,MA1A**********755,,,,
SUP-099,Auto Supplier 99,ENG-1149,MA1A**********755,,,,
SUP-088,Auto Supplier 88,ENG-1165,MA1A**********755,,,,
SUP-086,Auto Supplier 86,ENG-1361,MA1A**********756,,,,
SUP-023,Auto Supplier 23,ENG-1394,MA1A**********756,,,,
SUP-200,Auto Supplier 200,ENG-1170,MA1A**********756,,,,
SUP-136,Auto Supplier 136,ENG-1443,MA1A**********756,,,,
SUP-089,Auto Supplier 89,ENG-1062,MA1A**********756,,,,
SUP-016,Auto Supplier 16,ENG-1320,MA1A**********757,,,,
SUP-156,Auto Supplier 156,ENG-1275,MA1A**********757,,,,
SUP-068,Auto Supplier 68,ENG-1074,MA1A**********757,,,,
SUP-062,Auto Supplier 62,ENG-1285,MA1A**********757,,,,
SUP-069,Auto Supplier 69,ENG-1249,MA1A**********757,,,,
SUP-060,Auto Supplier 60,ENG-1249,MA1A**********758,,,,
SUP-042,Auto Supplier 42,ENG-1006,MA1A**********758,,,,
SUP-050,Auto Supplier 50,ENG-1209,MA1A**********758,,,,
SUP-019,Auto Supplier 19,ENG-1023,MA1A**********758,,,,
SUP-050,Auto Supplier 50,ENG-1016,MA1A**********758,,,,
SUP-097,Auto Supplier 97,ENG-1352,MA1A**********759,,,,
SUP-134,Auto Supplier 134,ENG-1014,MA1A**********759,,,,
SUP-017,Auto Supplier 17,ENG-1432,MA1A**********759,,,,
SUP-112,Auto Supplier 112,ENG-1427,MA1A**********759,,,,
SUP-074,Auto Supplier 74,ENG-1427,MA1A**********759,,,,
SUP-033,Auto Supplier 33,ENG-1264,MA1A**********760,,,,
SUP-113,Auto Supplier 113,ENG-1361,MA1A**********760,,,,
SUP-015,Auto Supplier 15,ENG-1357,MA1A**********760,,,,
SUP-186,Auto Supplier 186,ENG-1093,MA1A**********760,,,,
SUP-037,Auto Supplier 37,ENG-1338,MA1A**********760,,,,
SUP-145,Auto Supplier 145,ENG-1031,MA1A**********761,,,,
SUP-119,Auto Supplier 119,ENG-1205,MA1A**********761,,,,
SUP-074,Auto Supplier 74,ENG-1230,MA1A**********761,,,,
SUP-083,Auto Supplier 83,ENG-1178,MA1A**********761,,,,
SUP-117,Auto Supplier 117,ENG-1332,MA1A**********761,,,,
SUP-060,Auto Supplier 60,ENG-1049,MA1A**********762,,,,
SUP-068,Auto Supplier 68,ENG-1151,MA1A**********762,,,,
SUP-106,Auto Supplier 106,ENG-1138,MA1A**********762,,,,
SUP-118,Auto Supplier 118,ENG-1053,MA1A**********762,,,,
SUP-074,Auto Supplier 74,ENG-1207,MA1A**********762,,,,
SUP-099,Auto Supplier 99,ENG-1165,MA1A**********763,,,,
SUP-090,Auto Supplier 90,ENG-1324,MA1A**********763,,,,
SUP-028,Auto Supplier 28,ENG-1347,MA1A**********763,,,,
SUP-097,Auto Supplier 97,ENG-1320,MA1A**********763,,,,
SUP-005,Auto Supplier 5,ENG-1094,MA1A**********763,,,,
SUP-049,Auto Supplier 49,ENG-1285,MA1A**********764,,,,
SUP-189,Auto Supplier 189,ENG-1483,MA1A**********764,,,,
SUP-157,Auto Supplier 157,ENG-1158,MA1A**********764,,,,
SUP-138,Auto Supplier 138,ENG-1495,MA1A**********764,,,,
SUP-149,Auto Supplier 149,ENG-1499,MA1A**********764,,,,
SUP-073,Auto Supplier 73,ENG-1177,MA1A**********765,,,,
SUP-030,Auto Supplier 30,ENG-1467,MA1A**********765,,,,
SUP-083,Auto Supplier 83,ENG-1144,MA1A**********765,,,,
SUP-177,Auto Supplier 177,ENG-1159,MA1A**********765,,,,
SUP-097,Auto Supplier 97,ENG-1382,MA1A**********765,,,,
SUP-192,Auto Supplier 192,ENG-1160,MA1A**********766,,,,
SUP-169,Auto Supplier 169,ENG-1411,MA1A**********766,,,,
SUP-044,Auto Supplier 44,ENG-1114,MA1A**********766,,,,
SUP-018,Auto Supplier 18,ENG-1337,MA1A**********766,,,,
SUP-194,Auto Supplier 194,ENG-1121,MA1A**********766,,,,
SUP-050,Auto Supplier 50,ENG-1248,MA1A**********767,,,,
SUP-053,Auto Supplier 53,ENG-1049,MA1A**********767,,,,
SUP-033,Auto Supplier 33,ENG-1406,MA1A**********767,,,,
SUP-174,Auto Supplier 174,ENG-1306,MA1A**********767,,,,
SUP-097,Auto Supplier 97,ENG-1470,MA1A**********767,,,,
SUP-054,Auto Supplier 54,ENG-1460,MA1A**********768,,,,
SUP-022,Auto Supplier 22,ENG-1245,MA1A**********768,,,,
SUP-180,Auto Supplier 180,ENG-1319,MA1A**********768,,,,
SUP-050,Auto Supplier 50,ENG-1275,MA1A**********768,,,,
SUP-098,Auto Supplier 98,ENG-1475,MA1A**********768,,,,
SUP-054,Auto Supplier 54,ENG-1476,MA1A**********769,,,,
SUP-175,Auto Supplier 175,ENG-1216,MA1A**********769,,,,
SUP-147,Auto Supplier 147,ENG-1482,MA1A**********769,,,,
SUP-190,Auto Supplier 190,ENG-1316,MA1A**********769,,,,
SUP-038,Auto Supplier 38,ENG-1064,MA1A**********769,,,,
SUP-200,Auto Supplier 200,ENG-1232,MA1A**********770,,,,
SUP-191,Auto Supplier 191,ENG-1285,MA1A**********770,,,,
SUP-076,Auto Supplier 76,ENG-1232,MA1A**********770,,,,
SUP-106,Auto Supplier 106,ENG-1127,MA1A**********770,,,,
SUP-039,Auto Supplier 39,ENG-1001,MA1A**********770,,,,
SUP-158,Auto Supplier 158,ENG-1013,MA1A**********771,,,,
SUP-023,Auto Supplier 23,ENG-1134,MA1A**********771,,,,
SUP-139,Auto Supplier 139,ENG-1376,MA1A**********771,,,,
SUP-188,Auto Supplier 188,ENG-1020,MA1A**********771,,,,
SUP-098,Auto Supplier 98,ENG-1028,MA1A**********771,,,,
SUP-060,Auto Supplier 60,ENG-1371,MA1A**********772,,,,
SUP-050,Auto Supplier 50,ENG-1204,MA1A**********772,,,,
SUP-077,Auto Supplier 77,ENG-1069,MA1A**********772,,,,
SUP-102,Auto Supplier 102,ENG-1155,MA1A**********772,,,,
SUP-057,Auto Supplier 57,ENG-1406,MA1A**********772,,,,
SUP-162,Auto Supplier 162,ENG-1232,MA1A**********773,,,,
SUP-097,Auto Supplier 97,ENG-1471,MA1A**********773,,,,
SUP-029,Auto Supplier 29,ENG-1026,MA1A**********773,,,,
SUP-148,Auto Supplier 148,ENG-1499,MA1A**********773,,,,
SUP-046,Auto Supplier 46,ENG-1320,MA1A**********773,,,,
SUP-026,Auto Supplier 26,ENG-1221,MA1A**********774,,,,
SUP-148,Auto Supplier 148,ENG-1326,MA1A**********774,,,,
SUP-106,Auto Supplier 106,ENG-1254,MA1A**********774,,,,
NAN,,ENG-1111,MA1A**********774,,,,
SUP-094,Auto Supplier 94,ENG-1214,MA1A**********774,,,,
SUP-047,Auto Supplier 47,ENG-1085,MA1A**********775,,,,
SUP-080,Auto Supplier 80,ENG-1419,MA1A**********775,,,,
SUP-004,Auto Supplier 4,ENG-1209,MA1A**********775,,,,
SUP-003,Auto Supplier 3,ENG-1321,MA1A**********775,,,,
SUP-086,Auto Supplier 86,ENG-1324,MA1A**********775,,,,
NAN,,ENG-1240,MA1A**********776,,,,
SUP-008,Auto Supplier 8,ENG-1275,MA1A**********776,,,,
SUP-068,Auto Supplier 68,ENG-1486,MA1A**********776,,,,
SUP-113,Auto Supplier 113,ENG-1350,MA1A**********776,,,,
SUP-114,Auto Supplier 114,ENG-1307,MA1A**********776,,,,
SUP-141,Auto Supplier 141,ENG-1110,MA1A**********777,,,,
SUP-130,Auto Supplier 130,ENG-1400,MA1A**********777,,,,
SUP-111,Auto Supplier 111,ENG-1324,MA1A**********777,,,,
SUP-051,Auto Supplier 51,ENG-1067,MA1A**********777,,,,
SUP-056,Auto Supplier 56,ENG-1236,MA1A**********777,,,,
SUP-143,Auto Supplier 143,ENG-1251,MA1A**********778,,,,
SUP-104,Auto Supplier 104,ENG-1409,MA1A**********778,,,,
SUP-187,Auto Supplier 187,ENG-1032,MA1A**********778,,,,
SUP-141,Auto Supplier 141,ENG-1392,MA1A**********778,,,,
SUP-141,Auto Supplier 141,ENG-1253,MA1A**********778,,,,
SUP-009,Auto Supplier 9,ENG-1371,MA1A**********779,,,,
SUP-087,Auto Supplier 87,ENG-1214,MA1A**********779,,,,
SUP-179,Auto Supplier 179,ENG-1356,MA1A**********779,,,,
SUP-158,Auto Supplier 158,ENG-1134,MA1A**********779,,,,
SUP-124,Auto Supplier 124,ENG-1204,MA1A**********779,,,,
SUP-077,Auto Supplier 77,ENG-1003,MA1A**********780,,,,
SUP-194,Auto Supplier 194,ENG-1240,MA1A**********780,,,,
SUP-169,Auto Supplier 169,ENG-1271,MA1A**********780,,,,
SUP-014,Auto Supplier 14,ENG-1397,MA1A**********780,,,,
SUP-089,Auto Supplier 89,ENG-1311,MA1A**********780,,,,
SUP-048,Auto Supplier 48,ENG-1438,MA1A**********781,,,,
SUP-079,Auto Supplier 79,ENG-1279,MA1A**********781,,,,
SUP-188,Auto Supplier 188,ENG-1193,MA1A**********781,,,,
SUP-162,Auto Supplier 162,ENG-1407,MA1A**********781,,,,
SUP-143,Auto Supplier 143,ENG-1261,MA1A**********781,,,,
SUP-024,Auto Supplier 24,ENG-1183,MA1A**********782,,,,
SUP-057,Auto Supplier 57,ENG-1049,MA1A**********782,,,,
SUP-116,Auto Supplier 116,ENG-1408,MA1A**********782,,,,
SUP-040,Auto Supplier 40,ENG-1182,MA1A**********782,,,,
SUP-038,Auto Supplier 38,ENG-1407,MA1A**********782,,,,
SUP-077,Auto Supplier 77,ENG-1131,MA1A**********783,,,,
SUP-081,Auto Supplier 81,ENG-1391,MA1A**********783,,,,
SUP-170,Auto Supplier 170,ENG-1126,MA1A**********783,,,,
SUP-113,Auto Supplier 113,ENG-1061,MA1A**********783,,,,
SUP-082,Auto Supplier 82,ENG-1421,MA1A**********783,,,,
SUP-133,Auto Supplier 133,ENG-1330,MA1A**********784,,,,
SUP-182,Auto Supplier 182,ENG-1143,MA1A**********784,,,,
SUP-150,Auto Supplier 150,ENG-1007,MA1A**********784,,,,
SUP-186,Auto Supplier 186,ENG-1039,MA1A**********784,,,,
SUP-089,Auto Supplier 89,ENG-1058,MA1A**********784,,,,
SUP-077,Auto Supplier 77,ENG-1328,MA1A**********785,,,,
SUP-176,Auto Supplier 176,ENG-1210,MA1A**********785,,,,
SUP-133,Auto Supplier 133,ENG-1408,MA1A**********785,,,,
SUP-109,Auto Supplier 109,ENG-1222,MA1A**********785,,,,
SUP-132,Auto Supplier 132,ENG-1001,MA1A**********785,,,,
SUP-151,Auto Supplier 151,ENG-1242,MA1A**********786,,,,
SUP-090,Auto Supplier 90,ENG-1171,MA1A**********786,,,,
SUP-105,Auto Supplier 105,ENG-1400,MA1A**********786,,,,
SUP-121,Auto Supplier 121,ENG-1156,MA1A**********786,,,,
SUP-016,Auto Supplier 16,ENG-1026,MA1A**********786,,,,
SUP-150,Auto Supplier 150,ENG-1105,MA1A**********787,,,,
SUP-114,Auto Supplier 114,ENG-1200,MA1A**********787,,,,
SUP-162,Auto Supplier 162,ENG-1398,MA1A**********787,,,,
SUP-051,Auto Supplier 51,ENG-1065,MA1A**********787,,,,
SUP-049,Auto Supplier 49,ENG-1268,MA1A**********787,,,,
SUP-124,Auto Supplier 124,ENG-1221,MA1A**********788,,,,
SUP-173,Auto Supplier 173,ENG-1191,MA1A**********788,,,,
SUP-145,Auto Supplier 145,ENG-1276,MA1A**********788,,,,
SUP-115,Auto Supplier 115,ENG-1139,MA1A**********788,,,,
SUP-057,Auto Supplier 57,ENG-1372,MA1A**********788,,,,
SUP-125,Auto Supplier 125,ENG-1007,MA1A**********789,,,,
SUP-147,Auto Supplier 147,ENG-1113,MA1A**********789,,,,
SUP-101,Auto Supplier 101,ENG-1374,MA1A**********789,,,,
SUP-109,Auto Supplier 109,ENG-1415,MA1A**********789,,,,
SUP-022,Auto Supplier 22,ENG-1309,MA1A**********789,,,,
SUP-065,Auto Supplier 65,ENG-1270,MA1A**********790,,,,
SUP-101,Auto Supplier 101,ENG-1402,MA1A**********790,,,,
SUP-085,Auto Supplier 85,ENG-1312,MA1A**********790,,,,
SUP-104,Auto Supplier 104,ENG-1343,MA1A**********790,,,,
SUP-001,Auto Supplier 1,ENG-1225,MA1A**********790,,,,
SUP-024,Auto Supplier 24,ENG-1194,MA1A**********791,,,,
SUP-117,Auto Supplier 117,ENG-1389,MA1A**********791,,,,
SUP-179,Auto Supplier 179,ENG-1177,MA1A**********791,,,,
SUP-027,Auto Supplier 27,ENG-1446,MA1A**********791,,,,
SUP-013,Auto Supplier 13,ENG-1381,MA1A**********791,,,,
SUP-044,Auto Supplier 44,ENG-1325,MA1A**********792,,,,
SUP-169,Auto Supplier 169,ENG-1296,MA1A**********792,,,,
SUP-199,Auto Supplier 199,ENG-1222,MA1A**********792,,,,
SUP-093,Auto Supplier 93,ENG-1107,MA1A**********792,,,,
SUP-186,Auto Supplier 186,ENG-1052,MA1A**********792,,,,
SUP-143,Auto Supplier 143,ENG-1343,MA1A**********793,,,,
SUP-191,Auto Supplier 191,ENG-1361,MA1A**********793,,,,
SUP-109,Auto Supplier 109,ENG-1115,MA1A**********793,,,,
SUP-059,Auto Supplier 59,ENG-1367,MA1A**********793,,,,
SUP-167,Auto Supplier 167,ENG-1202,MA1A**********793,,,,
SUP-188,Auto Supplier 188,ENG-1283,MA1A**********794,,,,
SUP-014,Auto Supplier 14,ENG-1099,MA1A**********794,,,,
SUP-111,Auto Supplier 111,ENG-1397,MA1A**********794,,,,
SUP-069,Auto Supplier 69,ENG-1385,MA1A**********794,,,,
SUP-116,Auto Supplier 116,ENG-1194,MA1A**********794,,,,
SUP-090,Auto Supplier 90,ENG-1187,MA1A**********795,,,,
SUP-125,Auto Supplier 125,ENG-1203,MA1A**********795,,,,
SUP-074,Auto Supplier 74,ENG-1188,MA1A**********795,,,,
SUP-173,Auto Supplier 173,ENG-1009,MA1A**********795,,,,
SUP-084,Auto Supplier 84,ENG-1027,MA1A**********795,,,,
SUP-050,Auto Supplier 50,ENG-1071,MA1A**********796,,,,
SUP-040,Auto Supplier 40,ENG-1148,MA1A**********796,,,,
SUP-121,Auto Supplier 121,ENG-1346,MA1A**********796,,,,
SUP-198,Auto Supplier 198,ENG-1323,MA1A**********796,,,,
SUP-044,Auto Supplier 44,ENG-1156,MA1A**********796,,,,
SUP-020,Auto Supplier 20,ENG-1161,MA1A**********797,,,,
SUP-046,Auto Supplier 46,ENG-1371,MA1A**********797,,,,
SUP-097,Auto Supplier 97,ENG-1401,MA1A**********797,,,,
SUP-060,Auto Supplier 60,ENG-1022,MA1A**********797,,,,
SUP-159,Auto Supplier 159,ENG-1481,MA1A**********797,,,,
SUP-014,Auto Supplier 14,ENG-1378,MA1A**********798,,,,
SUP-185,Auto Supplier 185,ENG-1258,MA1A**********798,,,,
SUP-076,Auto Supplier 76,ENG-1340,MA1A**********798,,,,
SUP-109,Auto Supplier 109,ENG-1205,MA1A**********798,,,,
SUP-145,Auto Supplier 145,ENG-1147,MA1A**********798,,,,
SUP-151,Auto Supplier 151,ENG-1376,MA1A**********799,,,,
SUP-004,Auto Supplier 4,ENG-1041,MA1A**********799,,,,
SUP-029,Auto Supplier 29,ENG-1355,MA1A**********799,,,,
SUP-143,Auto Supplier 143,ENG-1426,MA1A**********799,,,,
SUP-072,Auto Supplier 72,ENG-1069,MA1A**********799,,,,
SUP-138,Auto Supplier 138,ENG-1378,MA1A**********800,,,,
SUP-046,Auto Supplier 46,ENG-1340,MA1A**********800,,,,
SUP-004,Auto Supplier 4,ENG-1365,MA1A**********800,,,,
SUP-118,Auto Supplier 118,ENG-1331,MA1A**********800,,,,
SUP-006,Auto Supplier 6,ENG-1380,MA1A**********800,,,,
SUP-170,Auto Supplier 170,ENG-1491,MA1A**********801,,,,
SUP-011,Auto Supplier 11,ENG-1423,MA1A**********801,,,,
SUP-168,Auto Supplier 168,ENG-1496,MA1A**********801,,,,
SUP-192,Auto Supplier 192,ENG-1304,MA1A**********801,,,,
SUP-037,Auto Supplier 37,ENG-1373,MA1A**********801,,,,
SUP-052,Auto Supplier 52,ENG-1145,MA1A**********802,,,,
SUP-105,Auto Supplier 105,ENG-1113,MA1A**********802,,,,
SUP-099,Auto Supplier 99,ENG-1077,MA1A**********802,,,,
SUP-059,Auto Supplier 59,ENG-1405,MA1A**********802,,,,
SUP-054,Auto Supplier 54,ENG-1157,MA1A**********802,,,,
SUP-170,Auto Supplier 170,ENG-1198,MA1A**********803,,,,
SUP-073,Auto Supplier 73,ENG-1207,MA1A**********803,,,,
SUP-059,Auto Supplier 59,ENG-1434,MA1A**********803,,,,
SUP-128,Auto Supplier 128,ENG-1008,MA1A**********803,,,,
SUP-094,Auto Supplier 94,ENG-1089,MA1A**********803,,,,
SUP-175,Auto Supplier 175,ENG-1481,MA1A**********804,,,,
SUP-188,Auto Supplier 188,ENG-1124,MA1A**********804,,,,
SUP-167,Auto Supplier 167,ENG-1444,MA1A**********804,,,,
SUP-007,Auto Supplier 7,ENG-1499,MA1A**********804,,,,
SUP-184,Auto Supplier 184,ENG-1035,MA1A**********804,,,,
SUP-153,Auto Supplier 153,ENG-1248,MA1A**********805,,,,
SUP-056,Auto Supplier 56,ENG-1064,MA1A**********805,,,,
SUP-197,Auto Supplier 197,ENG-1313,MA1A**********805,,,,
SUP-028,Auto Supplier 28,ENG-1288,MA1A**********805,,,,
SUP-018,Auto Supplier 18,ENG-1463,MA1A**********805,,,,
SUP-044,Auto Supplier 44,ENG-1287,MA1A**********806,,,,
SUP-172,Auto Supplier 172,ENG-1469,MA1A**********806,,,,
SUP-030,Auto Supplier 30,ENG-1273,MA1A**********806,,,,
SUP-183,Auto Supplier 183,ENG-1474,MA1A**********806,,,,
SUP-110,Auto Supplier 110,ENG-1226,MA1A**********806,,,,
SUP-101,Auto Supplier 101,ENG-1250,MA1A**********807,,,,
SUP-054,Auto Supplier 54,ENG-1272,MA1A**********807,,,,
SUP-197,Auto Supplier 197,ENG-1254,MA1A**********807,,,,
SUP-122,Auto Supplier 122,ENG-1315,MA1A**********807,,,,
SUP-069,Auto Supplier 69,ENG-1098,MA1A**********807,,,,
SUP-193,Auto Supplier 193,ENG-1223,MA1A**********808,,,,
SUP-078,Auto Supplier 78,ENG-1320,MA1A**********808,,,,
SUP-080,Auto Supplier 80,ENG-1210,MA1A**********808,,,,
SUP-134,Auto Supplier 134,ENG-1185,MA1A**********808,,,,
SUP-142,Auto Supplier 142,ENG-1360,MA1A**********808,,,,
SUP-117,Auto Supplier 117,ENG-1274,MA1A**********809,,,,
SUP-069,Auto Supplier 69,ENG-1002,MA1A**********809,,,,
SUP-147,Auto Supplier 147,ENG-1338,MA1A**********809,,,,
SUP-151,Auto Supplier 151,ENG-1139,MA1A**********809,,,,
SUP-008,Auto Supplier 8,ENG-1455,MA1A**********809,,,,
SUP-167,Auto Supplier 167,ENG-1491,MA1A**********810,,,,
SUP-146,Auto Supplier 146,ENG-1318,MA1A**********810,,,,
SUP-092,Auto Supplier 92,ENG-1118,MA1A**********810,,,,
SUP-036,Auto Supplier 36,ENG-1336,MA1A**********810,,,,
SUP-044,Auto Supplier 44,ENG-1205,MA1A**********810,,,,
SUP-124,Auto Supplier 124,ENG-1161,MA1A**********811,,,,
SUP-147,Auto Supplier 147,ENG-1123,MA1A**********811,,,,
SUP-104,Auto Supplier 104,ENG-1491,MA1A**********811,,,,
SUP-068,Auto Supplier 68,ENG-1130,MA1A**********811,,,,
SUP-190,Auto Supplier 190,ENG-1284,MA1A**********811,,,,
SUP-116,Auto Supplier 116,ENG-1429,MA1A**********812,,,,
SUP-100,Auto Supplier 100,ENG-1459,MA1A**********812,,,,
SUP-196,Auto Supplier 196,ENG-1191,MA1A**********812,,,,
SUP-034,Auto Supplier 34,ENG-1277,MA1A**********812,,,,
SUP-194,Auto Supplier 194,ENG-1065,MA1A**********812,,,,
SUP-030,Auto Supplier 30,ENG-1461,MA1A**********813,,,,
SUP-080,Auto Supplier 80,ENG-1070,MA1A**********813,,,,
SUP-187,Auto Supplier 187,ENG-1045,MA1A**********813,,,,
SUP-030,Auto Supplier 30,ENG-1445,MA1A**********813,,,,
SUP-107,Auto Supplier 107,ENG-1469,MA1A**********813,,,,
SUP-141,Auto Supplier 141,ENG-1383,MA1A**********814,,,,
SUP-034,Auto Supplier 34,ENG-1137,MA1A**********814,,,,
SUP-143,Auto Supplier 143,ENG-1034,MA1A**********814,,,,
SUP-057,Auto Supplier 57,ENG-1189,MA1A**********814,,,,
SUP-019,Auto Supplier 19,ENG-1354,MA1A**********814,,,,
SUP-061,Auto Supplier 61,ENG-1266,MA1A**********815,,,,
SUP-038,Auto Supplier 38,ENG-1450,MA1A**********815,,,,
SUP-185,Auto Supplier 185,ENG-1150,MA1A**********815,,,,
SUP-070,Auto Supplier 70,ENG-1398,MA1A**********815,,,,
SUP-142,Auto Supplier 142,ENG-1312,MA1A**********815,,,,
SUP-148,Auto Supplier 148,ENG-1182,MA1A**********816,,,,
SUP-191,Auto Supplier 191,ENG-1226,MA1A**********816,,,,
SUP-144,Auto Supplier 144,ENG-1106,MA1A**********816,,,,
SUP-043,Auto Supplier 43,ENG-1332,MA1A**********816,,,,
SUP-141,Auto Supplier 141,ENG-1337,MA1A**********816,,,,
SUP-196,Auto Supplier 196,ENG-1013,MA1A**********817,,,,
SUP-132,Auto Supplier 132,ENG-1264,MA1A**********817,,,,
SUP-065,Auto Supplier 65,ENG-1309,MA1A**********817,,,,
SUP-040,Auto Supplier 40,ENG-1127,MA1A**********817,,,,
SUP-051,Auto Supplier 51,ENG-1355,MA1A**********817,,,,
SUP-030,Auto Supplier 30,ENG-1022,MA1A**********818,,,,
SUP-007,Auto Supplier 7,ENG-1351,MA1A**********818,,,,
SUP-184,Auto Supplier 184,ENG-1268,MA1A**********818,,,,
SUP-108,Auto Supplier 108,ENG-1336,MA1A**********818,,,,
SUP-087,Auto Supplier 87,ENG-1052,MA1A**********818,,,,
SUP-178,Auto Supplier 178,ENG-1032,MA1A**********819,,,,
SUP-018,Auto Supplier 18,ENG-1240,MA1A**********819,,,,
SUP-179,Auto Supplier 179,ENG-1330,MA1A**********819,,,,
SUP-096,Auto Supplier 96,ENG-1332,MA1A**********819,,,,
SUP-035,Auto Supplier 35,ENG-1477,MA1A**********819,,,,
SUP-008,Auto Supplier 8,ENG-1023,MA1A**********820,,,,
SUP-058,Auto Supplier 58,ENG-1098,MA1A**********820,,,,
SUP-169,Auto Supplier 169,ENG-1481,MA1A**********820,,,,
SUP-133,Auto Supplier 133,ENG-1294,MA1A**********820,,,,
SUP-085,Auto Supplier 85,ENG-1234,MA1A**********820,,,,
SUP-163,Auto Supplier 163,ENG-1179,MA1A**********821,,,,
SUP-141,Auto Supplier 141,ENG-1005,MA1A**********821,,,,
SUP-195,Auto Supplier 195,ENG-1437,MA1A**********821,,,,
SUP-172,Auto Supplier 172,ENG-1380,MA1A**********821,,,,
SUP-148,Auto Supplier 148,ENG-1342,MA1A**********821,,,,
SUP-073,Auto Supplier 73,ENG-1140,MA1A**********822,,,,
SUP-074,Auto Supplier 74,ENG-1047,MA1A**********822,,,,
SUP-121,Auto Supplier 121,ENG-1289,MA1A**********822,,,,
SUP-158,Auto Supplier 158,ENG-1443,MA1A**********822,,,,
SUP-099,Auto Supplier 99,ENG-1156,MA1A**********822,,,,
SUP-139,Auto Supplier 139,ENG-1287,MA1A**********823,,,,
SUP-063,Auto Supplier 63,ENG-1332,MA1A**********823,,,,
SUP-058,Auto Supplier 58,ENG-1440,MA1A**********823,,,,
SUP-199,Auto Supplier 199,ENG-1207,MA1A**********823,,,,
SUP-027,Auto Supplier 27,ENG-1490,MA1A**********823,,,,
SUP-068,Auto Supplier 68,ENG-1091,MA1A**********824,,,,
SUP-047,Auto Supplier 47,ENG-1450,MA1A**********824,,,,
SUP-191,Auto Supplier 191,ENG-1313,MA1A**********824,,,,
SUP-193,Auto Supplier 193,ENG-1400,MA1A**********824,,,,
SUP-023,Auto Supplier 23,ENG-1236,MA1A**********824,,,,
SUP-087,Auto Supplier 87,ENG-1255,MA1A**********825,,,,
SUP-198,Auto Supplier 198,ENG-1294,MA1A**********825,,,,
SUP-151,Auto Supplier 151,ENG-1209,MA1A**********825,,,,
SUP-011,Auto Supplier 11,ENG-1233,MA1A**********825,,,,
SUP-098,Auto Supplier 98,ENG-1066,MA1A**********825,,,,
SUP-060,Auto Supplier 60,ENG-1401,MA1A**********826,,,,
SUP-198,Auto Supplier 198,ENG-1375,MA1A**********826,,,,
SUP-158,Auto Supplier 158,ENG-1274,MA1A**********826,,,,
SUP-133,Auto Supplier 133,ENG-1198,MA1A**********826,,,,
SUP-047,Auto Supplier 47,ENG-1426,MA1A**********826,,,,
SUP-074,Auto Supplier 74,ENG-1396,MA1A**********827,,,,
SUP-072,Auto Supplier 72,ENG-1418,MA1A**********827,,,,
SUP-001,Auto Supplier 1,ENG-1447,MA1A**********827,,,,
SUP-071,Auto Supplier 71,ENG-1374,MA1A**********827,,,,
SUP-135,Auto Supplier 135,ENG-1277,MA1A**********827,,,,
SUP-177,Auto Supplier 177,ENG-1010,MA1A**********828,,,,
SUP-051,Auto Supplier 51,ENG-1203,MA1A**********828,,,,
SUP-067,Auto Supplier 67,ENG-1262,MA1A**********828,,,,
SUP-121,Auto Supplier 121,ENG-1340,MA1A**********828,,,,
SUP-037,Auto Supplier 37,ENG-1264,MA1A**********828,,,,
SUP-150,Auto Supplier 150,ENG-1398,MA1A**********829,,,,
SUP-072,Auto Supplier 72,ENG-1328,MA1A**********829,,,,
SUP-030,Auto Supplier 30,ENG-1002,MA1A**********829,,,,
SUP-099,Auto Supplier 99,ENG-1396,MA1A**********829,,,,
SUP-024,Auto Supplier 24,ENG-1137,MA1A**********829,,,,
SUP-182,Auto Supplier 182,ENG-1044,MA1A**********830,,,,
SUP-104,Auto Supplier 104,ENG-1384,MA1A**********830,,,,
SUP-046,Auto Supplier 46,ENG-1012,MA1A**********830,,,,
SUP-155,Auto Supplier 155,ENG-1040,MA1A**********830,,,,
SUP-155,Auto Supplier 155,ENG-1168,MA1A**********830,,,,
SUP-178,Auto Supplier 178,ENG-1165,MA1A**********831,,,,
SUP-144,Auto Supplier 144,ENG-1223,MA1A**********831,,,,
SUP-139,Auto Supplier 139,ENG-1228,MA1A**********831,,,,
SUP-150,Auto Supplier 150,ENG-1476,MA1A**********831,,,,
SUP-054,Auto Supplier 54,ENG-1297,MA1A**********831,,,,
SUP-072,Auto Supplier 72,ENG-1078,MA1A**********832,,,,
SUP-121,Auto Supplier 121,ENG-1316,MA1A**********832,,,,
SUP-163,Auto Supplier 163,ENG-1230,MA1A**********832,,,,
SUP-112,Auto Supplier 112,ENG-1460,MA1A**********832,,,,
SUP-171,Auto Supplier 171,ENG-1433,MA1A**********832,,,,
SUP-089,Auto Supplier 89,ENG-1343,MA1A**********833,,,,
SUP-098,Auto Supplier 98,ENG-1281,MA1A**********833,,,,
SUP-141,Auto Supplier 141,ENG-1214,MA1A**********833,,,,
SUP-172,Auto Supplier 172,ENG-1368,MA1A**********833,,,,
SUP-099,Auto Supplier 99,ENG-1466,MA1A**********833,,,,
SUP-038,Auto Supplier 38,ENG-1444,MA1A**********834,,,,
SUP-192,Auto Supplier 192,ENG-1477,MA1A**********834,,,,
SUP-156,Auto Supplier 156,ENG-1198,MA1A**********834,,,,
SUP-007,Auto Supplier 7,ENG-1344,MA1A**********834,,,,
SUP-103,Auto Supplier 103,ENG-1283,MA1A**********834,,,,
SUP-080,Auto Supplier 80,ENG-1300,MA1A**********835,,,,
SUP-029,Auto Supplier 29,ENG-1307,MA1A**********835,,,,
SUP-197,Auto Supplier 197,ENG-1373,MA1A**********835,,,,
SUP-016,Auto Supplier 16,ENG-1458,MA1A**********835,,,,
SUP-143,Auto Supplier 143,ENG-1221,MA1A**********835,,,,
SUP-160,Auto Supplier 160,ENG-1001,MA1A**********836,,,,
SUP-019,Auto Supplier 19,ENG-1314,MA1A**********836,,,,
SUP-198,Auto Supplier 198,ENG-1402,MA1A**********836,,,,
SUP-009,Auto Supplier 9,ENG-1139,MA1A**********836,,,,
SUP-081,Auto Supplier 81,ENG-1015,MA1A**********836,,,,
SUP-117,Auto Supplier 117,ENG-1185,MA1A**********837,,,,
SUP-002,Auto Supplier 2,ENG-1413,MA1A**********837,,,,
SUP-065,Auto Supplier 65,ENG-1360,MA1A**********837,,,,
SUP-070,Auto Supplier 70,ENG-1308,MA1A**********837,,,,
SUP-116,Auto Supplier 116,ENG-1066,MA1A**********837,,,,
SUP-070,Auto Supplier 70,ENG-1139,MA1A**********838,,,,
SUP-121,Auto Supplier 121,ENG-1367,MA1A**********838,,,,
SUP-173,Auto Supplier 173,ENG-1225,MA1A**********838,,,,
SUP-114,Auto Supplier 114,ENG-1209,MA1A**********838,,,,
SUP-061,Auto Supplier 61,ENG-1304,MA1A**********838,,,,
SUP-008,Auto Supplier 8,ENG-1189,MA1A**********839,,,,
SUP-143,Auto Supplier 143,ENG-1321,MA1A**********839,,,,
SUP-092,Auto Supplier 92,ENG-1391,MA1A**********839,,,,
SUP-137,Auto Supplier 137,ENG-1140,MA1A**********839,,,,
SUP-042,Auto Supplier 42,ENG-1332,MA1A**********839,,,,
SUP-016,Auto Supplier 16,ENG-1372,MA1A**********840,,,,
SUP-017,Auto Supplier 17,ENG-1441,MA1A**********840,,,,
SUP-142,Auto Supplier 142,ENG-1040,MA1A**********840,,,,
SUP-031,Auto Supplier 31,ENG-1427,MA1A**********840,,,,
SUP-010,Auto Supplier 10,ENG-1178,MA1A**********840,,,,
SUP-107,Auto Supplier 107,ENG-1055,MA1A**********841,,,,
SUP-065,Auto Supplier 65,ENG-1037,MA1A**********841,,,,
SUP-072,Auto Supplier 72,ENG-1278,MA1A**********841,,,,
SUP-093,Auto Supplier 93,ENG-1236,MA1A**********841,,,,
SUP-048,Auto Supplier 48,ENG-1278,MA1A**********841,,,,
SUP-179,Auto Supplier 179,ENG-1163,MA1A**********842,,,,
SUP-168,Auto Supplier 168,ENG-1296,MA1A**********842,,,,
SUP-149,Auto Supplier 149,ENG-1383,MA1A**********842,,,,
SUP-075,Auto Supplier 75,ENG-1233,MA1A**********842,,,,
SUP-151,Auto Supplier 151,ENG-1086,MA1A**********842,,,,
SUP-098,Auto Supplier 98,ENG-1459,MA1A**********843,,,,
SUP-171,Auto Supplier 171,ENG-1428,MA1A**********843,,,,
SUP-048,Auto Supplier 48,ENG-1308,MA1A**********843,,,,
SUP-091,Auto Supplier 91,ENG-1118,MA1A**********843,,,,
SUP-042,Auto Supplier 42,ENG-1460,MA1A**********843,,,,
SUP-142,Auto Supplier 142,ENG-1321,MA1A**********844,,,,
SUP-035,Auto Supplier 35,ENG-1241,MA1A**********844,,,,
SUP-140,Auto Supplier 140,ENG-1468,MA1A**********844,,,,
SUP-022,Auto Supplier 22,ENG-1136,MA1A**********844,,,,
SUP-152,Auto Supplier 152,ENG-1364,MA1A**********844,,,,
SUP-155,Auto Supplier 155,ENG-1072,MA1A**********845,,,,
SUP-037,Auto Supplier 37,ENG-1149,MA1A**********845,,,,
SUP-170,Auto Supplier 170,ENG-1468,MA1A**********845,,,,
SUP-179,Auto Supplier 179,ENG-1107,MA1A**********845,,,,
SUP-105,Auto Supplier 105,ENG-1258,MA1A**********845,,,,
SUP-068,Auto Supplier 68,ENG-1362,MA1A**********846,,,,
SUP-067,Auto Supplier 67,ENG-1283,MA1A**********846,,,,
SUP-158,Auto Supplier 158,ENG-1427,MA1A**********846,,,,
SUP-177,Auto Supplier 177,ENG-1370,MA1A**********846,,,,
SUP-031,Auto Supplier 31,ENG-1179,MA1A**********846,,,,
SUP-024,Auto Supplier 24,ENG-1059,MA1A**********847,,,,
SUP-016,Auto Supplier 16,ENG-1217,MA1A**********847,,,,
SUP-145,Auto Supplier 145,ENG-1314,MA1A**********847,,,,
SUP-096,Auto Supplier 96,ENG-1150,MA1A**********847,,,,
SUP-137,Auto Supplier 137,ENG-1430,MA1A**********847,,,,
SUP-148,Auto Supplier 148,ENG-1432,MA1A**********848,,,,
SUP-021,Auto Supplier 21,ENG-1124,MA1A**********848,,,,
SUP-140,Auto Supplier 140,ENG-1471,MA1A**********848,,,,
SUP-182,Auto Supplier 182,ENG-1119,MA1A**********848,,,,
SUP-006,Auto Supplier 6,ENG-1320,MA1A**********848,,,,
SUP-180,Auto Supplier 180,ENG-1437,MA1A**********849,,,,
SUP-188,Auto Supplier 188,ENG-1405,MA1A**********849,,,,
SUP-031,Auto Supplier 31,ENG-1320,MA1A**********849,,,,
SUP-186,Auto Supplier 186,ENG-1041,MA1A**********849,,,,
SUP-005,Auto Supplier 5,ENG-1294,MA1A**********849,,,,
SUP-144,Auto Supplier 144,ENG-1179,MA1A**********850,,,,
SUP-098,Auto Supplier 98,ENG-1027,MA1A**********850,,,,
SUP-026,Auto Supplier 26,ENG-1361,MA1A**********850,,,,
SUP-098,Auto Supplier 98,ENG-1221,MA1A**********850,,,,
SUP-014,Auto Supplier 14,ENG-1140,MA1A**********850,,,,
SUP-018,Auto Supplier 18,ENG-1404,MA1A**********851,,,,
SUP-121,Auto Supplier 121,ENG-1442,MA1A**********851,,,,
SUP-119,Auto Supplier 119,ENG-1463,MA1A**********851,,,,
SUP-124,Auto Supplier 124,ENG-1383,MA1A**********851,,,,
SUP-049,Auto Supplier 49,ENG-1115,MA1A**********851,,,,
SUP-137,Auto Supplier 137,ENG-1067,MA1A**********852,,,,
SUP-037,Auto Supplier 37,ENG-1241,MA1A**********852,,,,
SUP-088,Auto Supplier 88,ENG-1170,MA1A**********852,,,,
SUP-068,Auto Supplier 68,ENG-1225,MA1A**********852,,,,
SUP-072,Auto Supplier 72,ENG-1453,MA1A**********852,,,,
SUP-068,Auto Supplier 68,ENG-1352,MA1A**********853,,,,
SUP-130,Auto Supplier 130,ENG-1003,MA1A**********853,,,,
SUP-087,Auto Supplier 87,ENG-1426,MA1A**********853,,,,
SUP-165,Auto Supplier 165,ENG-1395,MA1A**********853,,,,
SUP-179,Auto Supplier 179,ENG-1478,MA1A**********853,,,,
SUP-139,Auto Supplier 139,ENG-1199,MA1A**********854,,,,
SUP-191,Auto Supplier 191,ENG-1489,MA1A**********854,,,,
SUP-146,Auto Supplier 146,ENG-1275,MA1A**********854,,,,
SUP-095,Auto Supplier 95,ENG-1261,MA1A**********854,,,,
SUP-161,Auto Supplier 161,ENG-1079,MA1A**********854,,,,
SUP-180,Auto Supplier 180,ENG-1175,MA1A**********855,,,,
SUP-144,Auto Supplier 144,ENG-1179,MA1A**********855,,,,
SUP-069,Auto Supplier 69,ENG-1113,MA1A**********855,,,,
SUP-134,Auto Supplier 134,ENG-1028,MA1A**********855,,,,
SUP-062,Auto Supplier 62,ENG-1036,MA1A**********855,,,,
SUP-046,Auto Supplier 46,ENG-1312,MA1A**********856,,,,
SUP-176,Auto Supplier 176,ENG-1295,MA1A**********856,,,,
SUP-120,Auto Supplier 120,ENG-1111,MA1A**********856,,,,
SUP-029,Auto Supplier 29,ENG-1314,MA1A**********856,,,,
SUP-109,Auto Supplier 109,ENG-1456,MA1A**********856,,,,
SUP-087,Auto Supplier 87,ENG-1015,MA1A**********857,,,,
SUP-120,Auto Supplier 120,ENG-1071,MA1A**********857,,,,
SUP-192,Auto Supplier 192,ENG-1041,MA1A**********857,,,,
SUP-031,Auto Supplier 31,ENG-1077,MA1A**********857,,,,
SUP-197,Auto Supplier 197,ENG-1365,MA1A**********857,,,,
SUP-146,Auto Supplier 146,ENG-1420,MA1A**********858,,,,
SUP-086,Auto Supplier 86,ENG-1471,MA1A**********858,,,,
SUP-030,Auto Supplier 30,ENG-1304,MA1A**********858,,,,
SUP-027,Auto Supplier 27,ENG-1359,MA1A**********858,,,,
SUP-092,Auto Supplier 92,ENG-1271,MA1A**********858,,,,
SUP-111,Auto Supplier 111,ENG-1414,MA1A**********859,,,,
SUP-023,Auto Supplier 23,ENG-1211,MA1A**********859,,,,
SUP-166,Auto Supplier 166,ENG-1172,MA1A**********859,,,,
SUP-057,Auto Supplier 57,ENG-1236,MA1A**********859,,,,
SUP-100,Auto Supplier 100,ENG-1094,MA1A**********859,,,,
SUP-078,Auto Supplier 78,ENG-1268,MA1A**********860,,,,
SUP-045,Auto Supplier 45,ENG-1165,MA1A**********860,,,,
SUP-180,Auto Supplier 180,ENG-1463,MA1A**********860,,,,
SUP-042,Auto Supplier 42,ENG-1363,MA1A**********860,,,,
SUP-048,Auto Supplier 48,ENG-1279,MA1A**********860,,,,
SUP-130,Auto Supplier 130,ENG-1227,MA1A**********861,,,,
SUP-094,Auto Supplier 94,ENG-1324,MA1A**********861,,,,
SUP-106,Auto Supplier 106,ENG-1148,MA1A**********861,,,,
SUP-122,Auto Supplier 122,ENG-1204,MA1A**********861,,,,
SUP-059,Auto Supplier 59,ENG-1150,MA1A**********861,,,,
SUP-106,Auto Supplier 106,ENG-1439,MA1A**********862,,,,
SUP-135,Auto Supplier 135,ENG-1375,MA1A**********862,,,,
SUP-103,Auto Supplier 103,ENG-1347,MA1A**********862,,,,
SUP-010,Auto Supplier 10,ENG-1332,MA1A**********862,,,,
SUP-153,Auto Supplier 153,ENG-1277,MA1A**********862,,,,
SUP-133,Auto Supplier 133,ENG-1480,MA1A**********863,,,,
SUP-106,Auto Supplier 106,ENG-1059,MA1A**********863,,,,
SUP-199,Auto Supplier 199,ENG-1218,MA1A**********863,,,,
SUP-130,Auto Supplier 130,ENG-1144,MA1A**********863,,,,
SUP-018,Auto Supplier 18,ENG-1275,MA1A**********863,,,,
SUP-043,Auto Supplier 43,ENG-1262,MA1A**********864,,,,
SUP-138,Auto Supplier 138,ENG-1159,MA1A**********864,,,,
SUP-152,Auto Supplier 152,ENG-1054,MA1A**********864,,,,
SUP-166,Auto Supplier 166,ENG-1445,MA1A**********864,,,,
SUP-134,Auto Supplier 134,ENG-1442,MA1A**********864,,,,
SUP-086,Auto Supplier 86,ENG-1339,MA1A**********865,,,,
SUP-094,Auto Supplier 94,ENG-1187,MA1A**********865,,,,
SUP-012,Auto Supplier 12,ENG-1239,MA1A**********865,,,,
SUP-040,Auto Supplier 40,ENG-1023,MA1A**********865,,,,
SUP-077,Auto Supplier 77,ENG-1005,MA1A**********865,,,,
SUP-076,Auto Supplier 76,ENG-1239,MA1A**********866,,,,
SUP-043,Auto Supplier 43,ENG-1202,MA1A**********866,,,,
SUP-059,Auto Supplier 59,ENG-1382,MA1A**********866,,,,
SUP-054,Auto Supplier 54,ENG-1456,MA1A**********866,,,,
SUP-023,Auto Supplier 23,ENG-1370,MA1A**********866,,,,
SUP-021,Auto Supplier 21,ENG-1157,MA1A**********867,,,,
SUP-093,Auto Supplier 93,ENG-1334,MA1A**********867,,,,
SUP-198,Auto Supplier 198,ENG-1163,MA1A**********867,,,,
SUP-062,Auto Supplier 62,ENG-1391,MA1A**********867,,,,
SUP-073,Auto Supplier 73,ENG-1083,MA1A**********867,,,,
SUP-030,Auto Supplier 30,ENG-1140,MA1A**********868,,,,
SUP-122,Auto Supplier 122,ENG-1004,MA1A**********868,,,,
SUP-070,Auto Supplier 70,ENG-1441,MA1A**********868,,,,
SUP-040,Auto Supplier 40,ENG-1125,MA1A**********868,,,,
SUP-008,Auto Supplier 8,ENG-1224,MA1A**********868,,,,
SUP-026,Auto Supplier 26,ENG-1176,MA1A**********869,,,,
SUP-071,Auto Supplier 71,ENG-1334,MA1A**********869,,,,
SUP-151,Auto Supplier 151,ENG-1099,MA1A**********869,,,,
SUP-070,Auto Supplier 70,ENG-1163,MA1A**********869,,,,
SUP-068,Auto Supplier 68,ENG-1314,MA1A**********869,,,,
SUP-019,Auto Supplier 19,ENG-1001,MA1A**********870,,,,
SUP-067,Auto Supplier 67,ENG-1092,MA1A**********870,,,,
SUP-125,Auto Supplier 125,ENG-1016,MA1A**********870,,,,
SUP-097,Auto Supplier 97,ENG-1342,MA1A**********870,,,,
SUP-046,Auto Supplier 46,ENG-1155,MA1A**********870,,,,
SUP-008,Auto Supplier 8,ENG-1066,MA1A**********871,,,,
SUP-164,Auto Supplier 164,ENG-1495,MA1A**********871,,,,
SUP-184,Auto Supplier 184,ENG-1065,MA1A**********871,,,,
SUP-196,Auto Supplier 196,ENG-1162,MA1A**********871,,,,
SUP-036,Auto Supplier 36,ENG-1468,MA1A**********871,,,,
SUP-110,Auto Supplier 110,ENG-1044,MA1A**********872,,,,
SUP-026,Auto Supplier 26,ENG-1388,MA1A**********872,,,,
SUP-114,Auto Supplier 114,ENG-1417,MA1A**********872,,,,
SUP-137,Auto Supplier 137,ENG-1201,MA1A**********872,,,,
SUP-062,Auto Supplier 62,ENG-1060,MA1A**********872,,,,
SUP-156,Auto Supplier 156,ENG-1453,MA1A**********873,,,,
SUP-051,Auto Supplier 51,ENG-1170,MA1A**********873,,,,
SUP-086,Auto Supplier 86,ENG-1317,MA1A**********873,,,,
SUP-050,Auto Supplier 50,ENG-1086,MA1A**********873,,,,
SUP-064,Auto Supplier 64,ENG-1114,MA1A**********873,,,,
SUP-179,Auto Supplier 179,ENG-1416,MA1A**********874,,,,
SUP-173,Auto Supplier 173,ENG-1276,MA1A**********874,,,,
SUP-047,Auto Supplier 47,ENG-1289,MA1A**********874,,,,
SUP-001,Auto Supplier 1,ENG-1256,MA1A**********874,,,,
SUP-169,Auto Supplier 169,ENG-1405,MA1A**********874,,,,
SUP-055,Auto Supplier 55,ENG-1022,MA1A**********875,,,,
SUP-143,Auto Supplier 143,ENG-1089,MA1A**********875,,,,
SUP-028,Auto Supplier 28,ENG-1166,MA1A**********875,,,,
SUP-058,Auto Supplier 58,ENG-1118,MA1A**********875,,,,
SUP-051,Auto Supplier 51,ENG-1143,MA1A**********875,,,,
SUP-171,Auto Supplier 171,ENG-1358,MA1A**********876,,,,
SUP-040,Auto Supplier 40,ENG-1167,MA1A**********876,,,,
SUP-109,Auto Supplier 109,ENG-1092,MA1A**********876,,,,
SUP-027,Auto Supplier 27,ENG-1307,MA1A**********876,,,,
SUP-116,Auto Supplier 116,ENG-1335,MA1A**********876,,,,
SUP-122,Auto Supplier 122,ENG-1033,MA1A**********877,,,,
SUP-108,Auto Supplier 108,ENG-1133,MA1A**********877,,,,
SUP-070,Auto Supplier 70,ENG-1000,MA1A**********877,,,,
SUP-100,Auto Supplier 100,ENG-1259,MA1A**********877,,,,
SUP-156,Auto Supplier 156,ENG-1187,MA1A**********877,,,,
SUP-027,Auto Supplier 27,ENG-1190,MA1A**********878,,,,
SUP-090,Auto Supplier 90,ENG-1393,MA1A**********878,,,,
SUP-181,Auto Supplier 181,ENG-1151,MA1A**********878,,,,
SUP-127,Auto Supplier 127,ENG-1491,MA1A**********878,,,,
SUP-022,Auto Supplier 22,ENG-1412,MA1A**********878,,,,
SUP-007,Auto Supplier 7,ENG-1324,MA1A**********879,,,,
SUP-167,Auto Supplier 167,ENG-1284,MA1A**********879,,,,
SUP-004,Auto Supplier 4,ENG-1413,MA1A**********879,,,,
SUP-199,Auto Supplier 199,ENG-1436,MA1A**********879,,,,
SUP-088,Auto Supplier 88,ENG-1013,MA1A**********879,,,,
SUP-063,Auto Supplier 63,ENG-1317,MA1A**********880,,,,
SUP-165,Auto Supplier 165,ENG-1392,MA1A**********880,,,,
SUP-182,Auto Supplier 182,ENG-1288,MA1A**********880,,,,
SUP-069,Auto Supplier 69,ENG-1470,MA1A**********880,,,,
SUP-003,Auto Supplier 3,ENG-1232,MA1A**********880,,,,
SUP-178,Auto Supplier 178,ENG-1106,MA1A**********881,,,,
SUP-067,Auto Supplier 67,ENG-1217,MA1A**********881,,,,
SUP-164,Auto Supplier 164,ENG-1060,MA1A**********881,,,,
SUP-020,Auto Supplier 20,ENG-1146,MA1A**********881,,,,
SUP-047,Auto Supplier 47,ENG-1069,MA1A**********881,,,,
SUP-107,Auto Supplier 107,ENG-1440,MA1A**********882,,,,
SUP-170,Auto Supplier 170,ENG-1378,MA1A**********882,,,,
SUP-183,Auto Supplier 183,ENG-1242,MA1A**********882,,,,
SUP-061,Auto Supplier 61,ENG-1355,MA1A**********882,,,,
SUP-008,Auto Supplier 8,ENG-1123,MA1A**********882,,,,
SUP-153,Auto Supplier 153,ENG-1303,MA1A**********883,,,,
SUP-185,Auto Supplier 185,ENG-1441,MA1A**********883,,,,
SUP-160,Auto Supplier 160,ENG-1052,MA1A**********883,,,,
SUP-020,Auto Supplier 20,ENG-1388,MA1A**********883,,,,
SUP-195,Auto Supplier 195,ENG-1272,MA1A**********883,,,,
SUP-073,Auto Supplier 73,ENG-1224,MA1A**********884,,,,
SUP-086,Auto Supplier 86,ENG-1313,MA1A**********884,,,,
SUP-104,Auto Supplier 104,ENG-1489,MA1A**********884,,,,
SUP-182,Auto Supplier 182,ENG-1485,MA1A**********884,,,,
NAN,,ENG-1322,MA1A**********884,,,,
SUP-166,Auto Supplier 166,ENG-1253,MA1A**********885,,,,
SUP-119,Auto Supplier 119,ENG-1066,MA1A**********885,,,,
SUP-143,Auto Supplier 143,ENG-1240,MA1A**********885,,,,
SUP-076,Auto Supplier 76,ENG-1363,MA1A**********885,,,,
SUP-073,Auto Supplier 73,ENG-1001,MA1A**********885,,,,
SUP-154,Auto Supplier 154,ENG-1455,MA1A**********886,,,,
SUP-170,Auto Supplier 170,ENG-1075,MA1A**********886,,,,
SUP-171,Auto Supplier 171,ENG-1413,MA1A**********886,,,,
NAN,,ENG-1014,MA1A**********886,,,,
SUP-045,Auto Supplier 45,ENG-1018,MA1A**********886,,,,
SUP-175,Auto Supplier 175,ENG-1105,MA1A**********887,,,,
SUP-089,Auto Supplier 89,ENG-1387,MA1A**********887,,,,
SUP-007,Auto Supplier 7,ENG-1419,MA1A**********887,,,,
SUP-174,Auto Supplier 174,ENG-1147,MA1A**********887,,,,
SUP-007,Auto Supplier 7,ENG-1103,MA1A**********887,,,,
NAN,,ENG-1298,MA1A**********888,,,,
SUP-090,Auto Supplier 90,ENG-1142,MA1A**********888,,,,
SUP-187,Auto Supplier 187,ENG-1421,MA1A**********888,,,,
SUP-115,Auto Supplier 115,ENG-1008,MA1A**********888,,,,
SUP-150,Auto Supplier 150,ENG-1285,MA1A**********888,,,,
SUP-141,Auto Supplier 141,ENG-1189,MA1A**********889,,,,
SUP-010,Auto Supplier 10,ENG-1374,MA1A**********889,,,,
SUP-159,Auto Supplier 159,ENG-1338,MA1A**********889,,,,
SUP-189,Auto Supplier 189,ENG-1086,MA1A**********889,,,,
SUP-179,Auto Supplier 179,ENG-1313,MA1A**********889,,,,
SUP-025,Auto Supplier 25,ENG-1273,MA1A**********890,,,,
SUP-061,Auto Supplier 61,ENG-1015,MA1A**********890,,,,
SUP-025,Auto Supplier 25,ENG-1314,MA1A**********890,,,,
SUP-004,Auto Supplier 4,ENG-1294,MA1A**********890,,,,
SUP-198,Auto Supplier 198,ENG-1102,MA1A**********890,,,,
SUP-152,Auto Supplier 152,ENG-1190,MA1A**********891,,,,
SUP-071,Auto Supplier 71,ENG-1457,MA1A**********891,,,,
SUP-104,Auto Supplier 104,ENG-1195,MA1A**********891,,,,
SUP-089,Auto Supplier 89,ENG-1183,MA1A**********891,,,,
SUP-024,Auto Supplier 24,ENG-1128,MA1A**********891,,,,
SUP-084,Auto Supplier 84,ENG-1039,MA1A**********892,,,,
SUP-189,Auto Supplier 189,ENG-1294,MA1A**********892,,,,
SUP-019,Auto Supplier 19,ENG-1198,MA1A**********892,,,,
SUP-169,Auto Supplier 169,ENG-1367,MA1A**********892,,,,
SUP-049,Auto Supplier 49,ENG-1071,MA1A**********892,,,,
SUP-172,Auto Supplier 172,ENG-1446,MA1A**********893,,,,
SUP-186,Auto Supplier 186,ENG-1262,MA1A**********893,,,,
SUP-102,Auto Supplier 102,ENG-1009,MA1A**********893,,,,
SUP-092,Auto Supplier 92,ENG-1152,MA1A**********893,,,,
SUP-016,Auto Supplier 16,ENG-1290,MA1A**********893,,,,
SUP-192,Auto Supplier 192,ENG-1094,MA1A**********894,,,,
SUP-013,Auto Supplier 13,ENG-1372,MA1A**********894,,,,
SUP-168,Auto Supplier 168,ENG-1069,MA1A**********894,,,,
SUP-125,Auto Supplier 125,ENG-1369,MA1A**********894,,,,
SUP-123,Auto Supplier 123,ENG-1224,MA1A**********894,,,,
SUP-142,Auto Supplier 142,ENG-1044,MA1A**********895,,,,
SUP-194,Auto Supplier 194,ENG-1231,MA1A**********895,,,,
SUP-179,Auto Supplier 179,ENG-1233,MA1A**********895,,,,
SUP-147,Auto Supplier 147,ENG-1098,MA1A**********895,,,,
SUP-033,Auto Supplier 33,ENG-1348,MA1A**********895,,,,
SUP-122,Auto Supplier 122,ENG-1293,MA1A**********896,,,,
SUP-179,Auto Supplier 179,ENG-1297,MA1A**********896,,,,
SUP-037,Auto Supplier 37,ENG-1162,MA1A**********896,,,,
SUP-116,Auto Supplier 116,ENG-1419,MA1A**********896,,,,
SUP-187,Auto Supplier 187,ENG-1493,MA1A**********896,,,,
SUP-154,Auto Supplier 154,ENG-1109,MA1A**********897,,,,
SUP-172,Auto Supplier 172,ENG-1256,MA1A**********897,,,,
SUP-097,Auto Supplier 97,ENG-1234,MA1A**********897,,,,
SUP-148,Auto Supplier 148,ENG-1003,MA1A**********897,,,,
SUP-018,Auto Supplier 18,ENG-1286,MA1A**********897,,,,
SUP-090,Auto Supplier 90,ENG-1324,MA1A**********898,,,,
SUP-006,Auto Supplier 6,ENG-1325,MA1A**********898,,,,
SUP-105,Auto Supplier 105,ENG-1002,MA1A**********898,,,,
SUP-140,Auto Supplier 140,ENG-1474,MA1A**********898,,,,
SUP-023,Auto Supplier 23,ENG-1212,MA1A**********898,,,,
SUP-030,Auto Supplier 30,ENG-1393,MA1A**********899,,,,
SUP-119,Auto Supplier 119,ENG-1136,MA1A**********899,,,,
SUP-034,Auto Supplier 34,ENG-1130,MA1A**********899,,,,
SUP-029,Auto Supplier 29,ENG-1188,MA1A**********899,,,,
SUP-042,Auto Supplier 42,ENG-1314,MA1A**********899,,,,
SUP-128,Auto Supplier 128,ENG-1428,MA1A**********900,,,,
SUP-021,Auto Supplier 21,ENG-1264,MA1A**********900,,,,
SUP-057,Auto Supplier 57,ENG-1166,MA1A**********900,,,,
SUP-066,Auto Supplier 66,ENG-1001,MA1A**********900,,,,
SUP-053,Auto Supplier 53,ENG-1362,MA1A**********900,,,,
SUP-079,Auto Supplier 79,ENG-1303,MA1A**********901,,,,
SUP-170,Auto Supplier 170,ENG-1379,MA1A**********901,,,,
SUP-163,Auto Supplier 163,ENG-1215,MA1A**********901,,,,
SUP-147,Auto Supplier 147,ENG-1484,MA1A**********901,,,,
SUP-062,Auto Supplier 62,ENG-1094,MA1A**********901,,,,
SUP-200,Auto Supplier 200,ENG-1273,MA1A**********902,,,,
SUP-082,Auto Supplier 82,ENG-1174,MA1A**********902,,,,
SUP-018,Auto Supplier 18,ENG-1048,MA1A**********902,,,,
SUP-197,Auto Supplier 197,ENG-1002,MA1A**********902,,,,
SUP-166,Auto Supplier 166,ENG-1279,MA1A**********902,,,,
SUP-179,Auto Supplier 179,ENG-1272,MA1A**********903,,,,
SUP-185,Auto Supplier 185,ENG-1056,MA1A**********903,,,,
SUP-085,Auto Supplier 85,ENG-1375,MA1A**********903,,,,
SUP-108,Auto Supplier 108,ENG-1458,MA1A**********903,,,,
SUP-078,Auto Supplier 78,ENG-1211,MA1A**********903,,,,
SUP-153,Auto Supplier 153,ENG-1355,MA1A**********904,,,,
SUP-147,Auto Supplier 147,ENG-1338,MA1A**********904,,,,
SUP-087,Auto Supplier 87,ENG-1273,MA1A**********904,,,,
SUP-063,Auto Supplier 63,ENG-1129,MA1A**********904,,,,
SUP-152,Auto Supplier 152,ENG-1294,MA1A**********904,,,,
SUP-192,Auto Supplier 192,ENG-1106,MA1A**********905,,,,
SUP-101,Auto Supplier 101,ENG-1164,MA1A**********905,,,,
SUP-057,Auto Supplier 57,ENG-1227,MA1A**********905,,,,
SUP-128,Auto Supplier 128,ENG-1089,MA1A**********905,,,,
SUP-147,Auto Supplier 147,ENG-1086,MA1A**********905,,,,
SUP-116,Auto Supplier 116,ENG-1188,MA1A**********906,,,,
SUP-195,Auto Supplier 195,ENG-1119,MA1A**********906,,,,
SUP-022,Auto Supplier 22,ENG-1248,MA1A**********906,,,,
SUP-120,Auto Supplier 120,ENG-1345,MA1A**********906,,,,
SUP-194,Auto Supplier 194,ENG-1171,MA1A**********906,,,,
SUP-152,Auto Supplier 152,ENG-1087,MA1A**********907,,,,
SUP-072,Auto Supplier 72,ENG-1315,MA1A**********907,,,,
SUP-183,Auto Supplier 183,ENG-1498,MA1A**********907,,,,
SUP-107,Auto Supplier 107,ENG-1220,MA1A**********907,,,,
SUP-087,Auto Supplier 87,ENG-1406,MA1A**********907,,,,
SUP-138,Auto Supplier 138,ENG-1192,MA1A**********908,,,,
SUP-062,Auto Supplier 62,ENG-1488,MA1A**********908,,,,
SUP-138,Auto Supplier 138,ENG-1327,MA1A**********908,,,,
SUP-152,Auto Supplier 152,ENG-1089,MA1A**********908,,,,
SUP-145,Auto Supplier 145,ENG-1280,MA1A**********908,,,,
SUP-029,Auto Supplier 29,ENG-1108,MA1A**********909,,,,
SUP-180,Auto Supplier 180,ENG-1400,MA1A**********909,,,,
SUP-036,Auto Supplier 36,ENG-1010,MA1A**********909,,,,
SUP-083,Auto Supplier 83,ENG-1018,MA1A**********909,,,,
SUP-091,Auto Supplier 91,ENG-1189,MA1A**********909,,,,
SUP-038,Auto Supplier 38,ENG-1043,MA1A**********910,,,,
SUP-006,Auto Supplier 6,ENG-1081,MA1A**********910,,,,
SUP-007,Auto Supplier 7,ENG-1455,MA1A**********910,,,,
SUP-026,Auto Supplier 26,ENG-1080,MA1A**********910,,,,
SUP-091,Auto Supplier 91,ENG-1209,MA1A**********910,,,,
SUP-042,Auto Supplier 42,ENG-1176,MA1A**********911,,,,
SUP-007,Auto Supplier 7,ENG-1067,MA1A**********911,,,,
SUP-127,Auto Supplier 127,ENG-1014,MA1A**********911,,,,
SUP-186,Auto Supplier 186,ENG-1225,MA1A**********911,,,,
SUP-171,Auto Supplier 171,ENG-1054,MA1A**********911,,,,
SUP-176,Auto Supplier 176,ENG-1183,MA1A**********912,,,,
SUP-184,Auto Supplier 184,ENG-1423,MA1A**********912,,,,
SUP-030,Auto Supplier 30,ENG-1419,MA1A**********912,,,,
SUP-119,Auto Supplier 119,ENG-1387,MA1A**********912,,,,
SUP-044,Auto Supplier 44,ENG-1358,MA1A**********912,,,,
SUP-192,Auto Supplier 192,ENG-1243,MA1A**********913,,,,
SUP-137,Auto Supplier 137,ENG-1001,MA1A**********913,,,,
SUP-168,Auto Supplier 168,ENG-1362,MA1A**********913,,,,
SUP-032,Auto Supplier 32,ENG-1402,MA1A**********913,,,,
SUP-122,Auto Supplier 122,ENG-1107,MA1A**********913,,,,
SUP-056,Auto Supplier 56,ENG-1016,MA1A**********914,,,,
SUP-054,Auto Supplier 54,ENG-1382,MA1A**********914,,,,
SUP-038,Auto Supplier 38,ENG-1134,MA1A**********914,,,,
SUP-026,Auto Supplier 26,ENG-1464,MA1A**********914,,,,
SUP-145,Auto Supplier 145,ENG-1187,MA1A**********914,,,,
SUP-008,Auto Supplier 8,ENG-1325,MA1A**********915,,,,
SUP-096,Auto Supplier 96,ENG-1274,MA1A**********915,,,,
SUP-137,Auto Supplier 137,ENG-1001,MA1A**********915,,,,
SUP-081,Auto Supplier 81,ENG-1347,MA1A**********915,,,,
SUP-187,Auto Supplier 187,ENG-1257,MA1A**********915,,,,
SUP-157,Auto Supplier 157,ENG-1166,MA1A**********916,,,,
SUP-157,Auto Supplier 157,ENG-1221,MA1A**********916,,,,
SUP-008,Auto Supplier 8,ENG-1497,MA1A**********916,,,,
SUP-172,Auto Supplier 172,ENG-1048,MA1A**********916,,,,
SUP-119,Auto Supplier 119,ENG-1383,MA1A**********916,,,,
SUP-150,Auto Supplier 150,ENG-1335,MA1A**********917,,,,
SUP-191,Auto Supplier 191,ENG-1011,MA1A**********917,,,,
SUP-119,Auto Supplier 119,ENG-1204,MA1A**********917,,,,
SUP-193,Auto Supplier 193,ENG-1025,MA1A**********917,,,,
SUP-055,Auto Supplier 55,ENG-1124,MA1A**********917,,,,
SUP-097,Auto Supplier 97,ENG-1280,MA1A**********918,,,,
SUP-016,Auto Supplier 16,ENG-1309,MA1A**********918,,,,
SUP-062,Auto Supplier 62,ENG-1370,MA1A**********918,,,,
SUP-153,Auto Supplier 153,ENG-1467,MA1A**********918,,,,
SUP-174,Auto Supplier 174,ENG-1172,MA1A**********918,,,,
SUP-004,Auto Supplier 4,ENG-1034,MA1A**********919,,,,
SUP-008,Auto Supplier 8,ENG-1033,MA1A**********919,,,,
SUP-080,Auto Supplier 80,ENG-1492,MA1A**********919,,,,
SUP-056,Auto Supplier 56,ENG-1126,MA1A**********919,,,,
SUP-097,Auto Supplier 97,ENG-1050,MA1A**********919,,,,
SUP-194,Auto Supplier 194,ENG-1369,MA1A**********920,,,,
SUP-186,Auto Supplier 186,ENG-1112,MA1A**********920,,,,
SUP-114,Auto Supplier 114,ENG-1308,MA1A**********920,,,,
SUP-017,Auto Supplier 17,ENG-1252,MA1A**********920,,,,
SUP-082,Auto Supplier 82,ENG-1348,MA1A**********920,,,,
SUP-116,Auto Supplier 116,ENG-1372,MA1A**********921,,,,
SUP-085,Auto Supplier 85,ENG-1309,MA1A**********921,,,,
SUP-017,Auto Supplier 17,ENG-1467,MA1A**********921,,,,
SUP-015,Auto Supplier 15,ENG-1047,MA1A**********921,,,,
SUP-158,Auto Supplier 158,ENG-1109,MA1A**********921,,,,
SUP-155,Auto Supplier 155,ENG-1438,MA1A**********922,,,,
SUP-009,Auto Supplier 9,ENG-1383,MA1A**********922,,,,
SUP-040,Auto Supplier 40,ENG-1339,MA1A**********922,,,,
SUP-047,Auto Supplier 47,ENG-1127,MA1A**********922,,,,
SUP-200,Auto Supplier 200,ENG-1406,MA1A**********922,,,,
SUP-099,Auto Supplier 99,ENG-1492,MA1A**********923,,,,
SUP-120,Auto Supplier 120,ENG-1150,MA1A**********923,,,,
SUP-067,Auto Supplier 67,ENG-1213,MA1A**********923,,,,
SUP-137,Auto Supplier 137,ENG-1455,MA1A**********923,,,,
SUP-168,Auto Supplier 168,ENG-1142,MA1A**********923,,,,
SUP-093,Auto Supplier 93,ENG-1215,MA1A**********924,,,,
SUP-016,Auto Supplier 16,ENG-1371,MA1A**********924,,,,
SUP-113,Auto Supplier 113,ENG-1148,MA1A**********924,,,,
SUP-171,Auto Supplier 171,ENG-1462,MA1A**********924,,,,
SUP-167,Auto Supplier 167,ENG-1448,MA1A**********924,,,,
SUP-098,Auto Supplier 98,ENG-1031,MA1A**********925,,,,
SUP-127,Auto Supplier 127,ENG-1295,MA1A**********925,,,,
SUP-131,Auto Supplier 131,ENG-1474,MA1A**********925,,,,
SUP-189,Auto Supplier 189,ENG-1064,MA1A**********925,,,,
SUP-194,Auto Supplier 194,ENG-1151,MA1A**********925,,,,
SUP-183,Auto Supplier 183,ENG-1141,MA1A**********926,,,,
SUP-018,Auto Supplier 18,ENG-1225,MA1A**********926,,,,
SUP-195,Auto Supplier 195,ENG-1134,MA1A**********926,,,,
SUP-108,Auto Supplier 108,ENG-1219,MA1A**********926,,,,
SUP-141,Auto Supplier 141,ENG-1191,MA1A**********926,,,,
SUP-139,Auto Supplier 139,ENG-1073,MA1A**********927,,,,
SUP-169,Auto Supplier 169,ENG-1211,MA1A**********927,,,,
SUP-055,Auto Supplier 55,ENG-1057,MA1A**********927,,,,
SUP-033,Auto Supplier 33,ENG-1183,MA1A**********927,,,,
SUP-166,Auto Supplier 166,ENG-1241,MA1A**********927,,,,
SUP-019,Auto Supplier 19,ENG-1017,MA1A**********928,,,,
SUP-199,Auto Supplier 199,ENG-1460,MA1A**********928,,,,
SUP-085,Auto Supplier 85,ENG-1049,MA1A**********928,,,,
SUP-043,Auto Supplier 43,ENG-1265,MA1A**********928,,,,
SUP-180,Auto Supplier 180,ENG-1044,MA1A**********928,,,,
SUP-065,Auto Supplier 65,ENG-1208,MA1A**********929,,,,
SUP-177,Auto Supplier 177,ENG-1151,MA1A**********929,,,,
SUP-160,Auto Supplier 160,ENG-1369,MA1A**********929,,,,
SUP-168,Auto Supplier 168,ENG-1076,MA1A**********929,,,,
SUP-126,Auto Supplier 126,ENG-1363,MA1A**********929,,,,
SUP-153,Auto Supplier 153,ENG-1366,MA1A**********930,,,,
SUP-101,Auto Supplier 101,ENG-1168,MA1A**********930,,,,
SUP-153,Auto Supplier 153,ENG-1140,MA1A**********930,,,,
SUP-101,Auto Supplier 101,ENG-1058,MA1A**********930,,,,
SUP-005,Auto Supplier 5,ENG-1001,MA1A**********930,,,,
SUP-095,Auto Supplier 95,ENG-1113,MA1A**********931,,,,
SUP-187,Auto Supplier 187,ENG-1432,MA1A**********931,,,,
SUP-150,Auto Supplier 150,ENG-1462,MA1A**********931,,,,
SUP-133,Auto Supplier 133,ENG-1186,MA1A**********931,,,,
SUP-123,Auto Supplier 123,ENG-1422,MA1A**********931,,,,
SUP-176,Auto Supplier 176,ENG-1101,MA1A**********932,,,,
SUP-200,Auto Supplier 200,ENG-1418,MA1A**********932,,,,
SUP-079,Auto Supplier 79,ENG-1324,MA1A**********932,,,,
SUP-167,Auto Supplier 167,ENG-1011,MA1A**********932,,,,
SUP-183,Auto Supplier 183,ENG-1245,MA1A**********932,,,,
SUP-036,Auto Supplier 36,ENG-1444,MA1A**********933,,,,
SUP-178,Auto Supplier 178,ENG-1380,MA1A**********933,,,,
SUP-034,Auto Supplier 34,ENG-1045,MA1A**********933,,,,
SUP-162,Auto Supplier 162,ENG-1028,MA1A**********933,,,,
SUP-097,Auto Supplier 97,ENG-1152,MA1A**********933,,,,
SUP-075,Auto Supplier 75,ENG-1392,MA1A**********934,,,,
SUP-190,Auto Supplier 190,ENG-1126,MA1A**********934,,,,
SUP-044,Auto Supplier 44,ENG-1176,MA1A**********934,,,,
SUP-128,Auto Supplier 128,ENG-1112,MA1A**********934,,,,
SUP-008,Auto Supplier 8,ENG-1116,MA1A**********934,,,,
SUP-092,Auto Supplier 92,ENG-1133,MA1A**********935,,,,
SUP-011,Auto Supplier 11,ENG-1011,MA1A**********935,,,,
SUP-100,Auto Supplier 100,ENG-1356,MA1A**********935,,,,
SUP-185,Auto Supplier 185,ENG-1186,MA1A**********935,,,,
SUP-039,Auto Supplier 39,ENG-1083,MA1A**********935,,,,
SUP-199,Auto Supplier 199,ENG-1383,MA1A**********936,,,,
SUP-040,Auto Supplier 40,ENG-1329,MA1A**********936,,,,
SUP-063,Auto Supplier 63,ENG-1465,MA1A**********936,,,,
SUP-129,Auto Supplier 129,ENG-1007,MA1A**********936,,,,
SUP-189,Auto Supplier 189,ENG-1224,MA1A**********936,,,,
SUP-067,Auto Supplier 67,ENG-1073,MA1A**********937,,,,
SUP-029,Auto Supplier 29,ENG-1278,MA1A**********937,,,,
SUP-101,Auto Supplier 101,ENG-1213,MA1A**********937,,,,
SUP-062,Auto Supplier 62,ENG-1303,MA1A**********937,,,,
SUP-135,Auto Supplier 135,ENG-1086,MA1A**********937,,,,
SUP-107,Auto Supplier 107,ENG-1037,MA1A**********938,,,,
SUP-123,Auto Supplier 123,ENG-1497,MA1A**********938,,,,
SUP-116,Auto Supplier 116,ENG-1273,MA1A**********938,,,,
SUP-017,Auto Supplier 17,ENG-1484,MA1A**********938,,,,
SUP-040,Auto Supplier 40,ENG-1201,MA1A**********938,,,,
SUP-149,Auto Supplier 149,ENG-1155,MA1A**********939,,,,
SUP-156,Auto Supplier 156,ENG-1142,MA1A**********939,,,,
SUP-011,Auto Supplier 11,ENG-1369,MA1A**********939,,,,
SUP-008,Auto Supplier 8,ENG-1469,MA1A**********939,,,,
SUP-052,Auto Supplier 52,ENG-1283,MA1A**********939,,,,
SUP-054,Auto Supplier 54,ENG-1458,MA1A**********940,,,,
SUP-164,Auto Supplier 164,ENG-1291,MA1A**********940,,,,
SUP-111,Auto Supplier 111,ENG-1494,MA1A**********940,,,,
SUP-192,Auto Supplier 192,ENG-1383,MA1A**********940,,,,
SUP-138,Auto Supplier 138,ENG-1445,MA1A**********940,,,,
SUP-009,Auto Supplier 9,ENG-1340,MA1A**********941,,,,
SUP-171,Auto Supplier 171,ENG-1140,MA1A**********941,,,,
SUP-126,Auto Supplier 126,ENG-1072,MA1A**********941,,,,
SUP-146,Auto Supplier 146,ENG-1115,MA1A**********941,,,,
SUP-070,Auto Supplier 70,ENG-1322,MA1A**********941,,,,
SUP-162,Auto Supplier 162,ENG-1088,MA1A**********942,,,,
SUP-049,Auto Supplier 49,ENG-1232,MA1A**********942,,,,
SUP-137,Auto Supplier 137,ENG-1283,MA1A**********942,,,,
SUP-048,Auto Supplier 48,ENG-1149,MA1A**********942,,,,
SUP-064,Auto Supplier 64,ENG-1496,MA1A**********942,,,,
SUP-190,Auto Supplier 190,ENG-1131,MA1A**********943,,,,
SUP-017,Auto Supplier 17,ENG-1302,MA1A**********943,,,,
SUP-023,Auto Supplier 23,ENG-1060,MA1A**********943,,,,
SUP-125,Auto Supplier 125,ENG-1073,MA1A**********943,,,,
SUP-069,Auto Supplier 69,ENG-1045,MA1A**********943,,,,
SUP-052,Auto Supplier 52,ENG-1411,MA1A**********944,,,,
SUP-156,Auto Supplier 156,ENG-1020,MA1A**********944,,,,
SUP-064,Auto Supplier 64,ENG-1465,MA1A**********944,,,,
SUP-190,Auto Supplier 190,ENG-1070,MA1A**********944,,,,
SUP-081,Auto Supplier 81,ENG-1351,MA1A**********944,,,,
SUP-132,Auto Supplier 132,ENG-1347,MA1A**********945,,,,
SUP-008,Auto Supplier 8,ENG-1217,MA1A**********945,,,,
SUP-140,Auto Supplier 140,ENG-1294,MA1A**********945,,,,
SUP-017,Auto Supplier 17,ENG-1425,MA1A**********945,,,,
SUP-106,Auto Supplier 106,ENG-1240,MA1A**********945,,,,
SUP-150,Auto Supplier 150,ENG-1124,MA1A**********946,,,,
SUP-031,Auto Supplier 31,ENG-1032,MA1A**********946,,,,
SUP-176,Auto Supplier 176,ENG-1486,MA1A**********946,,,,
SUP-041,Auto Supplier 41,ENG-1218,MA1A**********946,,,,
SUP-106,Auto Supplier 106,ENG-1489,MA1A**********946,,,,
SUP-163,Auto Supplier 163,ENG-1404,MA1A**********947,,,,
SUP-006,Auto Supplier 6,ENG-1061,MA1A**********947,,,,
SUP-113,Auto Supplier 113,ENG-1084,MA1A**********947,,,,
SUP-183,Auto Supplier 183,ENG-1159,MA1A**********947,,,,
SUP-151,Auto Supplier 151,ENG-1192,MA1A**********947,,,,
SUP-051,Auto Supplier 51,ENG-1243,MA1A**********948,,,,
SUP-087,Auto Supplier 87,ENG-1286,MA1A**********948,,,,
SUP-162,Auto Supplier 162,ENG-1433,MA1A**********948,,,,
SUP-034,Auto Supplier 34,ENG-1296,MA1A**********948,,,,
SUP-187,Auto Supplier 187,ENG-1438,MA1A**********948,,,,
SUP-002,Auto Supplier 2,ENG-1003,MA1A**********949,,,,
SUP-003,Auto Supplier 3,ENG-1291,MA1A**********949,,,,
SUP-015,Auto Supplier 15,ENG-1341,MA1A**********949,,,,
SUP-037,Auto Supplier 37,ENG-1056,MA1A**********949,,,,
SUP-169,Auto Supplier 169,ENG-1188,MA1A**********949,,,,
SUP-150,Auto Supplier 150,ENG-1404,MA1A**********950,,,,
SUP-050,Auto Supplier 50,ENG-1329,MA1A**********950,,,,
SUP-052,Auto Supplier 52,ENG-1486,MA1A**********950,,,,
SUP-053,Auto Supplier 53,ENG-1064,MA1A**********950,,,,
SUP-046,Auto Supplier 46,ENG-1252,MA1A**********950,,,,
SUP-045,Auto Supplier 45,ENG-1122,MA1A**********951,,,,
SUP-046,Auto Supplier 46,ENG-1323,MA1A**********951,,,,
SUP-093,Auto Supplier 93,ENG-1349,MA1A**********951,,,,
SUP-094,Auto Supplier 94,ENG-1427,MA1A**********951,,,,
SUP-150,Auto Supplier 150,ENG-1225,MA1A**********951,,,,
SUP-029,Auto Supplier 29,ENG-1294,MA1A**********952,,,,
SUP-178,Auto Supplier 178,ENG-1411,MA1A**********952,,,,
SUP-023,Auto Supplier 23,ENG-1486,MA1A**********952,,,,
SUP-068,Auto Supplier 68,ENG-1153,MA1A**********952,,,,
SUP-095,Auto Supplier 95,ENG-1136,MA1A**********952,,,,
SUP-136,Auto Supplier 136,ENG-1060,MA1A**********953,,,,
SUP-051,Auto Supplier 51,ENG-1403,MA1A**********953,,,,
SUP-161,Auto Supplier 161,ENG-1270,MA1A**********953,,,,
SUP-117,Auto Supplier 117,ENG-1169,MA1A**********953,,,,
SUP-029,Auto Supplier 29,ENG-1225,MA1A**********953,,,,
SUP-062,Auto Supplier 62,ENG-1184,MA1A**********954,,,,
SUP-089,Auto Supplier 89,ENG-1466,MA1A**********954,,,,
SUP-009,Auto Supplier 9,ENG-1237,MA1A**********954,,,,
SUP-161,Auto Supplier 161,ENG-1394,MA1A**********954,,,,
SUP-046,Auto Supplier 46,ENG-1083,MA1A**********954,,,,
SUP-114,Auto Supplier 114,ENG-1473,MA1A**********955,,,,
SUP-134,Auto Supplier 134,ENG-1442,MA1A**********955,,,,
SUP-176,Auto Supplier 176,ENG-1076,MA1A**********955,,,,
SUP-187,Auto Supplier 187,ENG-1476,MA1A**********955,,,,
SUP-183,Auto Supplier 183,ENG-1169,MA1A**********955,,,,
SUP-094,Auto Supplier 94,ENG-1330,MA1A**********956,,,,
SUP-167,Auto Supplier 167,ENG-1117,MA1A**********956,,,,
SUP-055,Auto Supplier 55,ENG-1118,MA1A**********956,,,,
SUP-021,Auto Supplier 21,ENG-1064,MA1A**********956,,,,
SUP-091,Auto Supplier 91,ENG-1488,MA1A**********956,,,,
SUP-077,Auto Supplier 77,ENG-1350,MA1A**********957,,,,
SUP-022,Auto Supplier 22,ENG-1070,MA1A**********957,,,,
SUP-195,Auto Supplier 195,ENG-1412,MA1A**********957,,,,
SUP-003,Auto Supplier 3,ENG-1357,MA1A**********957,,,,
SUP-037,Auto Supplier 37,ENG-1348,MA1A**********957,,,,
SUP-102,Auto Supplier 102,ENG-1392,MA1A**********958,,,,
SUP-048,Auto Supplier 48,ENG-1174,MA1A**********958,,,,
SUP-044,Auto Supplier 44,ENG-1175,MA1A**********958,,,,
SUP-041,Auto Supplier 41,ENG-1090,MA1A**********958,,,,
SUP-146,Auto Supplier 146,ENG-1028,MA1A**********958,,,,
SUP-197,Auto Supplier 197,ENG-1204,MA1A**********959,,,,
SUP-152,Auto Supplier 152,ENG-1227,MA1A**********959,,,,
SUP-107,Auto Supplier 107,ENG-1304,MA1A**********959,,,,
SUP-102,Auto Supplier 102,ENG-1195,MA1A**********959,,,,
SUP-184,Auto Supplier 184,ENG-1455,MA1A**********959,,,,
SUP-071,Auto Supplier 71,ENG-1232,MA1A**********960,,,,
SUP-029,Auto Supplier 29,ENG-1398,MA1A**********960,,,,
SUP-079,Auto Supplier 79,ENG-1074,MA1A**********960,,,,
SUP-149,Auto Supplier 149,ENG-1236,MA1A**********960,,,,
SUP-172,Auto Supplier 172,ENG-1112,MA1A**********960,,,,
SUP-036,Auto Supplier 36,ENG-1034,MA1A**********961,,,,
SUP-173,Auto Supplier 173,ENG-1160,MA1A**********961,,,,
SUP-097,Auto Supplier 97,ENG-1102,MA1A**********961,,,,
SUP-099,Auto Supplier 99,ENG-1092,MA1A**********961,,,,
SUP-109,Auto Supplier 109,ENG-1157,MA1A**********961,,,,
SUP-112,Auto Supplier 112,ENG-1455,MA1A**********962,,,,
SUP-105,Auto Supplier 105,ENG-1495,MA1A**********962,,,,
SUP-109,Auto Supplier 109,ENG-1083,MA1A**********962,,,,
SUP-150,Auto Supplier 150,ENG-1278,MA1A**********962,,,,
SUP-069,Auto Supplier 69,ENG-1470,MA1A**********962,,,,
SUP-181,Auto Supplier 181,ENG-1419,MA1A**********963,,,,
SUP-055,Auto Supplier 55,ENG-1385,MA1A**********963,,,,
SUP-118,Auto Supplier 118,ENG-1069,MA1A**********963,,,,
SUP-082,Auto Supplier 82,ENG-1397,MA1A**********963,,,,
SUP-175,Auto Supplier 175,ENG-1489,MA1A**********963,,,,
SUP-110,Auto Supplier 110,ENG-1164,MA1A**********964,,,,
SUP-198,Auto Supplier 198,ENG-1336,MA1A**********964,,,,
SUP-009,Auto Supplier 9,ENG-1065,MA1A**********964,,,,
SUP-027,Auto Supplier 27,ENG-1284,MA1A**********964,,,,
SUP-155,Auto Supplier 155,ENG-1276,MA1A**********964,,,,
SUP-166,Auto Supplier 166,ENG-1273,MA1A**********965,,,,
SUP-118,Auto Supplier 118,ENG-1238,MA1A**********965,,,,
SUP-028,Auto Supplier 28,ENG-1140,MA1A**********965,,,,
SUP-086,Auto Supplier 86,ENG-1004,MA1A**********965,,,,
SUP-020,Auto Supplier 20,ENG-1207,MA1A**********965,,,,
SUP-095,Auto Supplier 95,ENG-1040,MA1A**********966,,,,
SUP-095,Auto Supplier 95,ENG-1287,MA1A**********966,,,,
SUP-164,Auto Supplier 164,ENG-1080,MA1A**********966,,,,
SUP-121,Auto Supplier 121,ENG-1303,MA1A**********966,,,,
SUP-024,Auto Supplier 24,ENG-1144,MA1A**********966,,,,
SUP-156,Auto Supplier 156,ENG-1143,MA1A**********967,,,,
SUP-160,Auto Supplier 160,ENG-1133,MA1A**********967,,,,
SUP-126,Auto Supplier 126,ENG-1267,MA1A**********967,,,,
SUP-054,Auto Supplier 54,ENG-1080,MA1A**********967,,,,
SUP-139,Auto Supplier 139,ENG-1076,MA1A**********967,,,,
SUP-110,Auto Supplier 110,ENG-1373,MA1A**********968,,,,
SUP-095,Auto Supplier 95,ENG-1275,MA1A**********968,,,,
SUP-168,Auto Supplier 168,ENG-1025,MA1A**********968,,,,
SUP-130,Auto Supplier 130,ENG-1455,MA1A**********968,,,,
SUP-121,Auto Supplier 121,ENG-1273,MA1A**********968,,,,
SUP-128,Auto Supplier 128,ENG-1057,MA1A**********969,,,,
SUP-122,Auto Supplier 122,ENG-1056,MA1A**********969,,,,
SUP-039,Auto Supplier 39,ENG-1484,MA1A**********969,,,,
SUP-084,Auto Supplier 84,ENG-1037,MA1A**********969,,,,
SUP-013,Auto Supplier 13,ENG-1106,MA1A**********969,,,,
SUP-135,Auto Supplier 135,ENG-1487,MA1A**********970,,,,
SUP-197,Auto Supplier 197,ENG-1375,MA1A**********970,,,,
SUP-144,Auto Supplier 144,ENG-1102,MA1A**********970,,,,
SUP-106,Auto Supplier 106,ENG-1270,MA1A**********970,,,,
SUP-183,Auto Supplier 183,ENG-1233,MA1A**********970,,,,
SUP-179,Auto Supplier 179,ENG-1414,MA1A**********971,,,,
SUP-034,Auto Supplier 34,ENG-1231,MA1A**********971,,,,
SUP-075,Auto Supplier 75,ENG-1271,MA1A**********971,,,,
SUP-016,Auto Supplier 16,ENG-1034,MA1A**********971,,,,
SUP-017,Auto Supplier 17,ENG-1373,MA1A**********971,,,,
SUP-185,Auto Supplier 185,ENG-1477,MA1A**********972,,,,
SUP-198,Auto Supplier 198,ENG-1184,MA1A**********972,,,,
SUP-099,Auto Supplier 99,ENG-1207,MA1A**********972,,,,
SUP-050,Auto Supplier 50,ENG-1096,MA1A**********972,,,,
SUP-004,Auto Supplier 4,ENG-1385,MA1A**********972,,,,
SUP-077,Auto Supplier 77,ENG-1038,MA1A**********973,,,,
SUP-024,Auto Supplier 24,ENG-1331,MA1A**********973,,,,
SUP-049,Auto Supplier 49,ENG-1169,MA1A**********973,,,,
SUP-118,Auto Supplier 118,ENG-1116,MA1A**********973,,,,
SUP-012,Auto Supplier 12,ENG-1423,MA1A**********973,,,,
SUP-095,Auto Supplier 95,ENG-1474,MA1A**********974,,,,
SUP-130,Auto Supplier 130,ENG-1298,MA1A**********974,,,,
SUP-192,Auto Supplier 192,ENG-1292,MA1A**********974,,,,
SUP-192,Auto Supplier 192,ENG-1309,MA1A**********974,,,,
SUP-118,Auto Supplier 118,ENG-1158,MA1A**********974,,,,
SUP-175,Auto Supplier 175,ENG-1247,MA1A**********975,,,,
SUP-197,Auto Supplier 197,ENG-1374,MA1A**********975,,,,
SUP-104,Auto Supplier 104,ENG-1360,MA1A**********975,,,,
SUP-125,Auto Supplier 125,ENG-1202,MA1A**********975,,,,
SUP-004,Auto Supplier 4,ENG-1327,MA1A**********975,,,,
SUP-112,Auto Supplier 112,ENG-1289,MA1A**********976,,,,
SUP-119,Auto Supplier 119,ENG-1163,MA1A**********976,,,,
SUP-019,Auto Supplier 19,ENG-1321,MA1A**********976,,,,
SUP-125,Auto Supplier 125,ENG-1056,MA1A**********976,,,,
SUP-062,Auto Supplier 62,ENG-1094,MA1A**********976,,,,
SUP-147,Auto Supplier 147,ENG-1495,MA1A**********977,,,,
SUP-193,Auto Supplier 193,ENG-1218,MA1A**********977,,,,
SUP-086,Auto Supplier 86,ENG-1294,MA1A**********977,,,,
SUP-015,Auto Supplier 15,ENG-1002,MA1A**********977,,,,
SUP-040,Auto Supplier 40,ENG-1019,MA1A**********977,,,,
SUP-045,Auto Supplier 45,ENG-1124,MA1A**********978,,,,
SUP-009,Auto Supplier 9,ENG-1084,MA1A**********978,,,,
SUP-027,Auto Supplier 27,ENG-1359,MA1A**********978,,,,
SUP-086,Auto Supplier 86,ENG-1450,MA1A**********978,,,,
SUP-029,Auto Supplier 29,ENG-1399,MA1A**********978,,,,
SUP-040,Auto Supplier 40,ENG-1363,MA1A**********979,,,,
SUP-120,Auto Supplier 120,ENG-1187,MA1A**********979,,,,
SUP-133,Auto Supplier 133,ENG-1409,MA1A**********979,,,,
SUP-049,Auto Supplier 49,ENG-1332,MA1A**********979,,,,
SUP-042,Auto Supplier 42,ENG-1496,MA1A**********979,,,,
SUP-099,Auto Supplier 99,ENG-1425,MA1A**********980,,,,
SUP-190,Auto Supplier 190,ENG-1455,MA1A**********980,,,,
SUP-199,Auto Supplier 199,ENG-1363,MA1A**********980,,,,
SUP-048,Auto Supplier 48,ENG-1330,MA1A**********980,,,,
SUP-171,Auto Supplier 171,ENG-1209,MA1A**********980,,,,
SUP-096,Auto Supplier 96,ENG-1368,MA1A**********981,,,,
SUP-017,Auto Supplier 17,ENG-1211,MA1A**********981,,,,
SUP-185,Auto Supplier 185,ENG-1466,MA1A**********981,,,,
SUP-189,Auto Supplier 189,ENG-1244,MA1A**********981,,,,
SUP-087,Auto Supplier 87,ENG-1294,MA1A**********981,,,,
SUP-164,Auto Supplier 164,ENG-1077,MA1A**********982,,,,
SUP-069,Auto Supplier 69,ENG-1180,MA1A**********982,,,,
SUP-105,Auto Supplier 105,ENG-1032,MA1A**********982,,,,
SUP-002,Auto Supplier 2,ENG-1150,MA1A**********982,,,,
SUP-096,Auto Supplier 96,ENG-1106,MA1A**********982,,,,
SUP-089,Auto Supplier 89,ENG-1190,MA1A**********983,,,,
SUP-094,Auto Supplier 94,ENG-1147,MA1A**********983,,,,
SUP-049,Auto Supplier 49,ENG-1007,MA1A**********983,,,,
SUP-067,Auto Supplier 67,ENG-1077,MA1A**********983,,,,
SUP-109,Auto Supplier 109,ENG-1178,MA1A**********983,,,,
SUP-109,Auto Supplier 109,ENG-1116,MA1A**********984,,,,
SUP-062,Auto Supplier 62,ENG-1186,MA1A**********984,,,,
SUP-125,Auto Supplier 125,ENG-1125,MA1A**********984,,,,
SUP-095,Auto Supplier 95,ENG-1317,MA1A**********984,,,,
SUP-052,Auto Supplier 52,ENG-1340,MA1A**********984,,,,
SUP-047,Auto Supplier 47,ENG-1157,MA1A**********985,,,,
SUP-046,Auto Supplier 46,ENG-1459,MA1A**********985,,,,
SUP-013,Auto Supplier 13,ENG-1046,MA1A**********985,,,,
SUP-169,Auto Supplier 169,ENG-1204,MA1A**********985,,,,
SUP-196,Auto Supplier 196,ENG-1360,MA1A**********985,,,,
SUP-038,Auto Supplier 38,ENG-1356,MA1A**********986,,,,
SUP-081,Auto Supplier 81,ENG-1167,MA1A**********986,,,,
SUP-012,Auto Supplier 12,ENG-1286,MA1A**********986,,,,
SUP-128,Auto Supplier 128,ENG-1310,MA1A**********986,,,,
SUP-193,Auto Supplier 193,ENG-1409,MA1A**********986,,,,
SUP-004,Auto Supplier 4,ENG-1050,MA1A**********987,,,,
SUP-070,Auto Supplier 70,ENG-1217,MA1A**********987,,,,
SUP-175,Auto Supplier 175,ENG-1213,MA1A**********987,,,,
SUP-141,Auto Supplier 141,ENG-1219,MA1A**********987,,,,
SUP-173,Auto Supplier 173,ENG-1079,MA1A**********987,,,,
SUP-132,Auto Supplier 132,ENG-1077,MA1A**********988,,,,
SUP-142,Auto Supplier 142,ENG-1330,MA1A**********988,,,,
SUP-176,Auto Supplier 176,ENG-1209,MA1A**********988,,,,
SUP-166,Auto Supplier 166,ENG-1377,MA1A**********988,,,,
SUP-097,Auto Supplier 97,ENG-1063,MA1A**********988,,,,
SUP-060,Auto Supplier 60,ENG-1410,MA1A**********989,,,,
SUP-171,Auto Supplier 171,ENG-1252,MA1A**********989,,,,
SUP-074,Auto Supplier 74,ENG-1243,MA1A**********989,,,,
SUP-103,Auto Supplier 103,ENG-1224,MA1A**********989,,,,
SUP-099,Auto Supplier 99,ENG-1386,MA1A**********989,,,,
SUP-045,Auto Supplier 45,ENG-1496,MA1A**********990,,,,
SUP-095,Auto Supplier 95,ENG-1326,MA1A**********990,,,,
SUP-121,Auto Supplier 121,ENG-1218,MA1A**********990,,,,
SUP-123,Auto Supplier 123,ENG-1206,MA1A**********990,,,,
SUP-084,Auto Supplier 84,ENG-1330,MA1A**********990,,,,
SUP-126,Auto Supplier 126,ENG-1481,MA1A**********991,,,,
SUP-056,Auto Supplier 56,ENG-1107,MA1A**********991,,,,
SUP-028,Auto Supplier 28,ENG-1218,MA1A**********991,,,,
SUP-079,Auto Supplier 79,ENG-1067,MA1A**********991,,,,
SUP-115,Auto Supplier 115,ENG-1052,MA1A**********991,,,,
SUP-011,Auto Supplier 11,ENG-1439,MA1A**********992,,,,
SUP-130,Auto Supplier 130,ENG-1046,MA1A**********992,,,,
SUP-013,Auto Supplier 13,ENG-1394,MA1A**********992,,,,
SUP-194,Auto Supplier 194,ENG-1054,MA1A**********992,,,,
SUP-145,Auto Supplier 145,ENG-1469,MA1A**********992,,,,
SUP-112,Auto Supplier 112,ENG-1095,MA1A**********993,,,,
SUP-058,Auto Supplier 58,ENG-1424,MA1A**********993,,,,
SUP-002,Auto Supplier 2,ENG-1008,MA1A**********993,,,,
SUP-042,Auto Supplier 42,ENG-1473,MA1A**********993,,,,
SUP-171,Auto Supplier 171,ENG-1417,MA1A**********993,,,,
SUP-030,Auto Supplier 30,ENG-1121,MA1A**********994,,,,
SUP-191,Auto Supplier 191,ENG-1432,MA1A**********994,,,,
SUP-080,Auto Supplier 80,ENG-1484,MA1A**********994,,,,
SUP-159,Auto Supplier 159,ENG-1093,MA1A**********994,,,,
SUP-192,Auto Supplier 192,ENG-1233,MA1A**********994,,,,
SUP-188,Auto Supplier 188,ENG-1354,MA1A**********995,,,,
SUP-053,Auto Supplier 53,ENG-1094,MA1A**********995,,,,
SUP-163,Auto Supplier 163,ENG-1124,MA1A**********995,,,,
SUP-100,Auto Supplier 100,ENG-1329,MA1A**********995,,,,
SUP-064,Auto Supplier 64,ENG-1072,MA1A**********996,,,,
SUP-096,Auto Supplier 96,ENG-1075,MA1A**********996,,,,
SUP-199,Auto Supplier 199,ENG-1385,MA1A**********996,,,,
SUP-070,Auto Supplier 70,ENG-1028,MA1A**********996,,,,
SUP-007,Auto Supplier 7,ENG-1471,MA1A**********997,,,,
SUP-037,Auto Supplier 37,ENG-1024,MA1A**********997,,,,
SUP-121,Auto Supplier 121,ENG-1355,MA1A**********997,,,,
SUP-023,Auto Supplier 23,ENG-1171,MA1A**********997,,,,
SUP-190,Auto Supplier 190,ENG-1002,MA1A**********998,,,,
SUP-168,Auto Supplier 168,ENG-1062,MA1A**********998,,,,
SUP-103,Auto Supplier 103,ENG-1238,MA1A**********998,,,,
SUP-174,Auto Supplier 174,ENG-1110,MA1A**********998,,,,
SUP-099,Auto Supplier 99,ENG-1396,MA1A**********999,,,,
SUP-194,Auto Supplier 194,ENG-1048,MA1A**********999,,,,
SUP-039,Auto Supplier 39,ENG-1494,MA1A**********999,,,,
SUP-052,Auto Supplier 52,ENG-1285,MA1A**********999,,,,
NAN,,ENG-1001,XX1 **3 4,,,,
SUP-138,Auto Supplier 138,ENG-1091,XX1 **3 4,,,,
SUP-167,Auto Supplier 167,ENG-1138,XX1 **3 4,,,,
NAN,,ENG-1076,XX1 **3 4,,,,
NAN,,ENG-1464,XX1 **3 4,,,,
NAN,,ENG-1316,XX1 **3 4,,,,
NAN,,ENG-1269,XX1 **3 4,,,,
SUP-002,Auto Supplier 2,ENG-1120,XX1 **3 4,,,,
NAN,,ENG-1294,XX1 **3 4,,,,
NAN,,ENG-1308,XX1 **3 4,,,,
SUP-114,Auto Supplier 114,ENG-1487,XX1 **3 4,,,,
SUP-075,Auto Supplier 75,ENG-1458,XX1 **3 4,,,,
NAN,,ENG-1405,XX1 **3 4,,,,
SUP-166,Auto Supplier 166,ENG-1238,XX1 **3 4,,,,
SUP-198,Auto Supplier 198,ENG-1357,XX1 **3 4,,,,
SUP-148,Auto Supplier 148,ENG-1143,XX1 **3 4,,,,
,,,,,,,
,,,,,,,
,,,,,,,
,,,,,,,
,,,,,,,
,,,,,,,
,,,,,,,
,,,,,,,
,,,,,,,
,,,,,,,
,,,,,,,
,,,,,,,
,,,,,,,
,,,,,,,
,,,,,,,
,,,,,,,
,,,,,,,
,,,,,,,
,,,,,,,
,,,,,,,
,,,,,,,
,,,,,,,
,,,,,,,
,,,,,,,
,,,,,,,
,,,,,,,
,,,,,,,
,,,,,,,
,,,,,,,
,,,,,,,
,,,,,,,
,,,,,,,
,,,,,,,
,,,,,,,
,,,,,,,
,,,,,,,
,,,,,,,
,,,,,,,
,,,,,,,
,,,,,,,
,,,,,,,
,,,,,,,
,,,,,,,
,,,,,,,
,,,,,,,
,,,,,,,
,,,,,,,
,,,,,,,
,,,,,,,
,,,,,,,
